Frequency,Asset,Model,Value,What
1h,BTCUSDT_1h,MLPClassifier,0.5160061269593933,F1 VALIDATION
1h,BTCUSDT_1h,MLPClassifier,"{1: 0.5317460317460317, 0: 0.46825396825396826}",DESBALANCEO REAL VAL
1h,BTCUSDT_1h,MLPClassifier,"{1: 0.5634920634920635, 0: 0.4365079365079365}",DESBALANCEO PREDICCIÓN VAL
1h,BTCUSDT_1h,MLPClassifier,0.3874864905763302,F1 VALIDATION
1h,BTCUSDT_1h,MLPClassifier,"{1: 0.5317460317460317, 0: 0.46825396825396826}",DESBALANCEO REAL VAL
1h,BTCUSDT_1h,MLPClassifier,"{1: 0.7063492063492064, 0: 0.29365079365079366}",DESBALANCEO PREDICCIÓN VAL
1h,BTCUSDT_1h,MLPClassifier,0.4396803804686501,F1 VALIDATION
1h,BTCUSDT_1h,MLPClassifier,"{1: 0.5317460317460317, 0: 0.46825396825396826}",DESBALANCEO REAL VAL
1h,BTCUSDT_1h,MLPClassifier,{1: 1.0},DESBALANCEO PREDICCIÓN VAL
1h,BTCUSDT_1h,MLPClassifier,0.5003894279455678,F1 VALIDATION
1h,BTCUSDT_1h,MLPClassifier,"{1: 0.5317460317460317, 0: 0.46825396825396826}",DESBALANCEO REAL VAL
1h,BTCUSDT_1h,MLPClassifier,"{1: 0.6031746031746031, 0: 0.3968253968253968}",DESBALANCEO PREDICCIÓN VAL
1h,BTCUSDT_1h,MLPClassifier,0.4798743617060463,F1 VALIDATION
1h,BTCUSDT_1h,MLPClassifier,"{1: 0.5317460317460317, 0: 0.46825396825396826}",DESBALANCEO REAL VAL
1h,BTCUSDT_1h,MLPClassifier,"{0: 0.746031746031746, 1: 0.25396825396825395}",DESBALANCEO PREDICCIÓN VAL
1h,BTCUSDT_1h,MLPClassifier,0.4113245020526177,F1 VALIDATION
1h,BTCUSDT_1h,MLPClassifier,"{1: 0.5317460317460317, 0: 0.46825396825396826}",DESBALANCEO REAL VAL
1h,BTCUSDT_1h,MLPClassifier,"{1: 0.8650793650793651, 0: 0.1349206349206349}",DESBALANCEO PREDICCIÓN VAL
1h,BTCUSDT_1h,MLPClassifier,0.4435338935155605,F1 VALIDATION
1h,BTCUSDT_1h,MLPClassifier,"{1: 0.5317460317460317, 0: 0.46825396825396826}",DESBALANCEO REAL VAL
1h,BTCUSDT_1h,MLPClassifier,"{1: 0.7698412698412699, 0: 0.23015873015873015}",DESBALANCEO PREDICCIÓN VAL
1h,BTCUSDT_1h,MLPClassifier,0.477762871253821,F1 VALIDATION
1h,BTCUSDT_1h,MLPClassifier,"{1: 0.5317460317460317, 0: 0.46825396825396826}",DESBALANCEO REAL VAL
1h,BTCUSDT_1h,MLPClassifier,"{0: 0.6111111111111112, 1: 0.3888888888888889}",DESBALANCEO PREDICCIÓN VAL
1h,BTCUSDT_1h,MLPClassifier,0.460432770828061,F1 VALIDATION
1h,BTCUSDT_1h,MLPClassifier,"{1: 0.5317460317460317, 0: 0.46825396825396826}",DESBALANCEO REAL VAL
1h,BTCUSDT_1h,MLPClassifier,"{0: 0.6825396825396826, 1: 0.31746031746031744}",DESBALANCEO PREDICCIÓN VAL
1h,BTCUSDT_1h,MLPClassifier,0.36227791488078653,F1 VALIDATION
1h,BTCUSDT_1h,MLPClassifier,"{1: 0.5317460317460317, 0: 0.46825396825396826}",DESBALANCEO REAL VAL
1h,BTCUSDT_1h,MLPClassifier,{1: 1.0},DESBALANCEO PREDICCIÓN VAL
1h,BTCUSDT_1h,MLPClassifier,0.5144389909827646,FINAL TEST
1h,BTCUSDT_1h,MLPClassifier,0.4890481490003854,F1 FINAL TEST
1h,BTCUSDT_1h,MLPClassifier,"{1: 0.5111288665677434, 0: 0.4888711334322566}",DESBALANCEO REAL
1h,BTCUSDT_1h,MLPClassifier,"{1: 0.7117908914507476, 0: 0.28820910854925236}",DESBALANCEO PREDICCIÓN
1h,ETHUSDT_1h,MLPClassifier,0.4609354768204314,F1 VALIDATION
1h,ETHUSDT_1h,MLPClassifier,"{1: 0.5317460317460317, 0: 0.46825396825396826}",DESBALANCEO REAL VAL
1h,ETHUSDT_1h,MLPClassifier,"{1: 0.8412698412698413, 0: 0.15873015873015872}",DESBALANCEO PREDICCIÓN VAL
1h,ETHUSDT_1h,MLPClassifier,0.42247078913812947,F1 VALIDATION
1h,ETHUSDT_1h,MLPClassifier,"{1: 0.5317460317460317, 0: 0.46825396825396826}",DESBALANCEO REAL VAL
1h,ETHUSDT_1h,MLPClassifier,{1: 1.0},DESBALANCEO PREDICCIÓN VAL
1h,ETHUSDT_1h,MLPClassifier,0.4919846045985099,F1 VALIDATION
1h,ETHUSDT_1h,MLPClassifier,"{1: 0.5317460317460317, 0: 0.46825396825396826}",DESBALANCEO REAL VAL
1h,ETHUSDT_1h,MLPClassifier,"{0: 0.5, 1: 0.5}",DESBALANCEO PREDICCIÓN VAL
1h,ETHUSDT_1h,MLPClassifier,0.5406206420952766,F1 VALIDATION
1h,ETHUSDT_1h,MLPClassifier,"{1: 0.5317460317460317, 0: 0.46825396825396826}",DESBALANCEO REAL VAL
1h,ETHUSDT_1h,MLPClassifier,"{1: 0.5238095238095238, 0: 0.47619047619047616}",DESBALANCEO PREDICCIÓN VAL
1h,ETHUSDT_1h,MLPClassifier,0.44369359586025137,F1 VALIDATION
1h,ETHUSDT_1h,MLPClassifier,"{1: 0.5317460317460317, 0: 0.46825396825396826}",DESBALANCEO REAL VAL
1h,ETHUSDT_1h,MLPClassifier,"{0: 0.746031746031746, 1: 0.25396825396825395}",DESBALANCEO PREDICCIÓN VAL
1h,ETHUSDT_1h,MLPClassifier,0.4940472671394224,F1 VALIDATION
1h,ETHUSDT_1h,MLPClassifier,"{1: 0.5317460317460317, 0: 0.46825396825396826}",DESBALANCEO REAL VAL
1h,ETHUSDT_1h,MLPClassifier,"{0: 0.6031746031746031, 1: 0.3968253968253968}",DESBALANCEO PREDICCIÓN VAL
1h,ETHUSDT_1h,MLPClassifier,0.40449929587924255,F1 VALIDATION
1h,ETHUSDT_1h,MLPClassifier,"{1: 0.5317460317460317, 0: 0.46825396825396826}",DESBALANCEO REAL VAL
1h,ETHUSDT_1h,MLPClassifier,"{1: 0.7698412698412699, 0: 0.23015873015873015}",DESBALANCEO PREDICCIÓN VAL
1h,ETHUSDT_1h,MLPClassifier,0.4137467257437379,F1 VALIDATION
1h,ETHUSDT_1h,MLPClassifier,"{1: 0.5317460317460317, 0: 0.46825396825396826}",DESBALANCEO REAL VAL
1h,ETHUSDT_1h,MLPClassifier,"{1: 0.7619047619047619, 0: 0.23809523809523808}",DESBALANCEO PREDICCIÓN VAL
1h,ETHUSDT_1h,MLPClassifier,0.34368569507617747,F1 VALIDATION
1h,ETHUSDT_1h,MLPClassifier,"{1: 0.5317460317460317, 0: 0.46825396825396826}",DESBALANCEO REAL VAL
1h,ETHUSDT_1h,MLPClassifier,{1: 1.0},DESBALANCEO PREDICCIÓN VAL
1h,ETHUSDT_1h,MLPClassifier,0.4186611536428039,F1 VALIDATION
1h,ETHUSDT_1h,MLPClassifier,"{1: 0.5317460317460317, 0: 0.46825396825396826}",DESBALANCEO REAL VAL
1h,ETHUSDT_1h,MLPClassifier,"{0: 0.873015873015873, 1: 0.12698412698412698}",DESBALANCEO PREDICCIÓN VAL
1h,ETHUSDT_1h,MLPClassifier,0.5096450176920443,FINAL TEST
1h,ETHUSDT_1h,MLPClassifier,0.47304203482208407,F1 FINAL TEST
1h,ETHUSDT_1h,MLPClassifier,"{1: 0.5079328843739299, 0: 0.4920671156260701}",DESBALANCEO REAL
1h,ETHUSDT_1h,MLPClassifier,"{0: 0.7714872731423353, 1: 0.22851272685766466}",DESBALANCEO PREDICCIÓN
1h,XRPUSDT_1h,MLPClassifier,0.4886320462383688,F1 VALIDATION
1h,XRPUSDT_1h,MLPClassifier,"{1: 0.5476190476190477, 0: 0.4523809523809524}",DESBALANCEO REAL VAL
1h,XRPUSDT_1h,MLPClassifier,"{1: 0.7063492063492064, 0: 0.29365079365079366}",DESBALANCEO PREDICCIÓN VAL
1h,XRPUSDT_1h,MLPClassifier,0.5300075519972085,F1 VALIDATION
1h,XRPUSDT_1h,MLPClassifier,"{1: 0.5476190476190477, 0: 0.4523809523809524}",DESBALANCEO REAL VAL
1h,XRPUSDT_1h,MLPClassifier,"{0: 0.5714285714285714, 1: 0.42857142857142855}",DESBALANCEO PREDICCIÓN VAL
1h,XRPUSDT_1h,MLPClassifier,0.5486897212040601,F1 VALIDATION
1h,XRPUSDT_1h,MLPClassifier,"{1: 0.5476190476190477, 0: 0.4523809523809524}",DESBALANCEO REAL VAL
1h,XRPUSDT_1h,MLPClassifier,"{1: 0.5555555555555556, 0: 0.4444444444444444}",DESBALANCEO PREDICCIÓN VAL
1h,XRPUSDT_1h,MLPClassifier,0.5425445967558715,F1 VALIDATION
1h,XRPUSDT_1h,MLPClassifier,"{1: 0.5476190476190477, 0: 0.4523809523809524}",DESBALANCEO REAL VAL
1h,XRPUSDT_1h,MLPClassifier,"{1: 0.6507936507936508, 0: 0.3492063492063492}",DESBALANCEO PREDICCIÓN VAL
1h,XRPUSDT_1h,MLPClassifier,0.5405316963624476,F1 VALIDATION
1h,XRPUSDT_1h,MLPClassifier,"{1: 0.5476190476190477, 0: 0.4523809523809524}",DESBALANCEO REAL VAL
1h,XRPUSDT_1h,MLPClassifier,"{1: 0.5317460317460317, 0: 0.46825396825396826}",DESBALANCEO PREDICCIÓN VAL
1h,XRPUSDT_1h,MLPClassifier,0.5382276412915461,F1 VALIDATION
1h,XRPUSDT_1h,MLPClassifier,"{1: 0.5476190476190477, 0: 0.4523809523809524}",DESBALANCEO REAL VAL
1h,XRPUSDT_1h,MLPClassifier,"{1: 0.5317460317460317, 0: 0.46825396825396826}",DESBALANCEO PREDICCIÓN VAL
1h,XRPUSDT_1h,MLPClassifier,0.49017636971319584,F1 VALIDATION
1h,XRPUSDT_1h,MLPClassifier,"{1: 0.5476190476190477, 0: 0.4523809523809524}",DESBALANCEO REAL VAL
1h,XRPUSDT_1h,MLPClassifier,"{0: 0.5714285714285714, 1: 0.42857142857142855}",DESBALANCEO PREDICCIÓN VAL
1h,XRPUSDT_1h,MLPClassifier,0.47015422023711706,F1 VALIDATION
1h,XRPUSDT_1h,MLPClassifier,"{1: 0.5476190476190477, 0: 0.4523809523809524}",DESBALANCEO REAL VAL
1h,XRPUSDT_1h,MLPClassifier,"{1: 0.9047619047619048, 0: 0.09523809523809523}",DESBALANCEO PREDICCIÓN VAL
1h,XRPUSDT_1h,MLPClassifier,0.5140346098687311,F1 VALIDATION
1h,XRPUSDT_1h,MLPClassifier,"{1: 0.5476190476190477, 0: 0.4523809523809524}",DESBALANCEO REAL VAL
1h,XRPUSDT_1h,MLPClassifier,"{1: 0.6507936507936508, 0: 0.3492063492063492}",DESBALANCEO PREDICCIÓN VAL
1h,XRPUSDT_1h,MLPClassifier,0.4210455781170017,F1 VALIDATION
1h,XRPUSDT_1h,MLPClassifier,"{1: 0.5476190476190477, 0: 0.4523809523809524}",DESBALANCEO REAL VAL
1h,XRPUSDT_1h,MLPClassifier,"{1: 0.7301587301587301, 0: 0.2698412698412698}",DESBALANCEO PREDICCIÓN VAL
1h,XRPUSDT_1h,MLPClassifier,0.5199178176007305,FINAL TEST
1h,XRPUSDT_1h,MLPClassifier,0.517869821277451,F1 FINAL TEST
1h,XRPUSDT_1h,MLPClassifier,"{1: 0.502454057755964, 0: 0.4975459422440361}",DESBALANCEO REAL
1h,XRPUSDT_1h,MLPClassifier,"{0: 0.5676292660655177, 1: 0.4323707339344824}",DESBALANCEO PREDICCIÓN
1h,BNBUSDT_1h,MLPClassifier,0.33200745201019793,F1 VALIDATION
1h,BNBUSDT_1h,MLPClassifier,"{1: 0.5158730158730159, 0: 0.48412698412698413}",DESBALANCEO REAL VAL
1h,BNBUSDT_1h,MLPClassifier,{0: 1.0},DESBALANCEO PREDICCIÓN VAL
1h,BNBUSDT_1h,MLPClassifier,0.42514837266445227,F1 VALIDATION
1h,BNBUSDT_1h,MLPClassifier,"{1: 0.5158730158730159, 0: 0.48412698412698413}",DESBALANCEO REAL VAL
1h,BNBUSDT_1h,MLPClassifier,"{0: 0.8492063492063492, 1: 0.15079365079365079}",DESBALANCEO PREDICCIÓN VAL
1h,BNBUSDT_1h,MLPClassifier,0.3464920706686329,F1 VALIDATION
1h,BNBUSDT_1h,MLPClassifier,"{1: 0.5158730158730159, 0: 0.48412698412698413}",DESBALANCEO REAL VAL
1h,BNBUSDT_1h,MLPClassifier,{1: 1.0},DESBALANCEO PREDICCIÓN VAL
1h,BNBUSDT_1h,MLPClassifier,0.4392846189651881,F1 VALIDATION
1h,BNBUSDT_1h,MLPClassifier,"{1: 0.5158730158730159, 0: 0.48412698412698413}",DESBALANCEO REAL VAL
1h,BNBUSDT_1h,MLPClassifier,"{0: 0.8015873015873016, 1: 0.1984126984126984}",DESBALANCEO PREDICCIÓN VAL
1h,BNBUSDT_1h,MLPClassifier,0.43418883463637153,F1 VALIDATION
1h,BNBUSDT_1h,MLPClassifier,"{1: 0.5158730158730159, 0: 0.48412698412698413}",DESBALANCEO REAL VAL
1h,BNBUSDT_1h,MLPClassifier,"{0: 0.6904761904761905, 1: 0.30952380952380953}",DESBALANCEO PREDICCIÓN VAL
1h,BNBUSDT_1h,MLPClassifier,0.46855595155648383,F1 VALIDATION
1h,BNBUSDT_1h,MLPClassifier,"{1: 0.5158730158730159, 0: 0.48412698412698413}",DESBALANCEO REAL VAL
1h,BNBUSDT_1h,MLPClassifier,"{0: 0.5555555555555556, 1: 0.4444444444444444}",DESBALANCEO PREDICCIÓN VAL
1h,BNBUSDT_1h,MLPClassifier,0.514132980888941,F1 VALIDATION
1h,BNBUSDT_1h,MLPClassifier,"{1: 0.5158730158730159, 0: 0.48412698412698413}",DESBALANCEO REAL VAL
1h,BNBUSDT_1h,MLPClassifier,"{0: 0.5555555555555556, 1: 0.4444444444444444}",DESBALANCEO PREDICCIÓN VAL
1h,BNBUSDT_1h,MLPClassifier,0.4977375645287512,F1 VALIDATION
1h,BNBUSDT_1h,MLPClassifier,"{1: 0.5158730158730159, 0: 0.48412698412698413}",DESBALANCEO REAL VAL
1h,BNBUSDT_1h,MLPClassifier,"{1: 0.7936507936507936, 0: 0.20634920634920634}",DESBALANCEO PREDICCIÓN VAL
1h,BNBUSDT_1h,MLPClassifier,0.4693982245520842,F1 VALIDATION
1h,BNBUSDT_1h,MLPClassifier,"{1: 0.5158730158730159, 0: 0.48412698412698413}",DESBALANCEO REAL VAL
1h,BNBUSDT_1h,MLPClassifier,"{0: 0.9126984126984127, 1: 0.0873015873015873}",DESBALANCEO PREDICCIÓN VAL
1h,BNBUSDT_1h,MLPClassifier,0.49891907465904667,F1 VALIDATION
1h,BNBUSDT_1h,MLPClassifier,"{1: 0.5158730158730159, 0: 0.48412698412698413}",DESBALANCEO REAL VAL
1h,BNBUSDT_1h,MLPClassifier,"{1: 0.7619047619047619, 0: 0.23809523809523808}",DESBALANCEO PREDICCIÓN VAL
1h,BNBUSDT_1h,MLPClassifier,0.48727314233534985,FINAL TEST
1h,BNBUSDT_1h,MLPClassifier,0.3585210219167897,F1 FINAL TEST
1h,BNBUSDT_1h,MLPClassifier,"{1: 0.5145531332039721, 0: 0.48544686679602783}",DESBALANCEO REAL
1h,BNBUSDT_1h,MLPClassifier,"{0: 0.9625613514438991, 1: 0.0374386485561009}",DESBALANCEO PREDICCIÓN
1h,SOLUSDT_1h,MLPClassifier,0.3213781587782002,F1 VALIDATION
1h,SOLUSDT_1h,MLPClassifier,"{1: 0.5476190476190477, 0: 0.4523809523809524}",DESBALANCEO REAL VAL
1h,SOLUSDT_1h,MLPClassifier,{0: 1.0},DESBALANCEO PREDICCIÓN VAL
1h,SOLUSDT_1h,MLPClassifier,0.39023364072008027,F1 VALIDATION
1h,SOLUSDT_1h,MLPClassifier,"{1: 0.5476190476190477, 0: 0.4523809523809524}",DESBALANCEO REAL VAL
1h,SOLUSDT_1h,MLPClassifier,"{0: 0.5317460317460317, 1: 0.46825396825396826}",DESBALANCEO PREDICCIÓN VAL
1h,SOLUSDT_1h,MLPClassifier,0.48882097138761826,F1 VALIDATION
1h,SOLUSDT_1h,MLPClassifier,"{1: 0.5476190476190477, 0: 0.4523809523809524}",DESBALANCEO REAL VAL
1h,SOLUSDT_1h,MLPClassifier,"{0: 0.6587301587301587, 1: 0.3412698412698413}",DESBALANCEO PREDICCIÓN VAL
1h,SOLUSDT_1h,MLPClassifier,0.4197063357578947,F1 VALIDATION
1h,SOLUSDT_1h,MLPClassifier,"{1: 0.5476190476190477, 0: 0.4523809523809524}",DESBALANCEO REAL VAL
1h,SOLUSDT_1h,MLPClassifier,{1: 1.0},DESBALANCEO PREDICCIÓN VAL
1h,SOLUSDT_1h,MLPClassifier,0.48980383864383004,F1 VALIDATION
1h,SOLUSDT_1h,MLPClassifier,"{1: 0.5476190476190477, 0: 0.4523809523809524}",DESBALANCEO REAL VAL
1h,SOLUSDT_1h,MLPClassifier,"{1: 0.8095238095238095, 0: 0.19047619047619047}",DESBALANCEO PREDICCIÓN VAL
1h,SOLUSDT_1h,MLPClassifier,0.5034096818322195,F1 VALIDATION
1h,SOLUSDT_1h,MLPClassifier,"{1: 0.5476190476190477, 0: 0.4523809523809524}",DESBALANCEO REAL VAL
1h,SOLUSDT_1h,MLPClassifier,"{0: 0.5714285714285714, 1: 0.42857142857142855}",DESBALANCEO PREDICCIÓN VAL
1h,SOLUSDT_1h,MLPClassifier,0.4867285630118836,F1 VALIDATION
1h,SOLUSDT_1h,MLPClassifier,"{1: 0.5476190476190477, 0: 0.4523809523809524}",DESBALANCEO REAL VAL
1h,SOLUSDT_1h,MLPClassifier,"{1: 0.5079365079365079, 0: 0.49206349206349204}",DESBALANCEO PREDICCIÓN VAL
1h,SOLUSDT_1h,MLPClassifier,0.531058537130356,F1 VALIDATION
1h,SOLUSDT_1h,MLPClassifier,"{1: 0.5476190476190477, 0: 0.4523809523809524}",DESBALANCEO REAL VAL
1h,SOLUSDT_1h,MLPClassifier,"{1: 0.6111111111111112, 0: 0.3888888888888889}",DESBALANCEO PREDICCIÓN VAL
1h,SOLUSDT_1h,MLPClassifier,0.438233752176851,F1 VALIDATION
1h,SOLUSDT_1h,MLPClassifier,"{1: 0.5476190476190477, 0: 0.4523809523809524}",DESBALANCEO REAL VAL
1h,SOLUSDT_1h,MLPClassifier,{1: 1.0},DESBALANCEO PREDICCIÓN VAL
1h,SOLUSDT_1h,MLPClassifier,0.3213781587782002,F1 VALIDATION
1h,SOLUSDT_1h,MLPClassifier,"{1: 0.5476190476190477, 0: 0.4523809523809524}",DESBALANCEO REAL VAL
1h,SOLUSDT_1h,MLPClassifier,{0: 1.0},DESBALANCEO PREDICCIÓN VAL
1h,SOLUSDT_1h,MLPClassifier,0.5162652665220865,FINAL TEST
1h,SOLUSDT_1h,MLPClassifier,0.4873407860537917,F1 FINAL TEST
1h,SOLUSDT_1h,MLPClassifier,"{1: 0.5053076132861546, 0: 0.49469238671384547}",DESBALANCEO REAL
1h,SOLUSDT_1h,MLPClassifier,"{0: 0.7428375756192216, 1: 0.25716242438077846}",DESBALANCEO PREDICCIÓN
1h,ADAUSDT_1h,MLPClassifier,0.3631295456438368,F1 VALIDATION
1h,ADAUSDT_1h,MLPClassifier,"{1: 0.5238095238095238, 0: 0.47619047619047616}",DESBALANCEO REAL VAL
1h,ADAUSDT_1h,MLPClassifier,{0: 1.0},DESBALANCEO PREDICCIÓN VAL
1h,ADAUSDT_1h,MLPClassifier,0.458850846051542,F1 VALIDATION
1h,ADAUSDT_1h,MLPClassifier,"{1: 0.5238095238095238, 0: 0.47619047619047616}",DESBALANCEO REAL VAL
1h,ADAUSDT_1h,MLPClassifier,"{0: 0.9523809523809523, 1: 0.047619047619047616}",DESBALANCEO PREDICCIÓN VAL
1h,ADAUSDT_1h,MLPClassifier,0.3364084087824411,F1 VALIDATION
1h,ADAUSDT_1h,MLPClassifier,"{1: 0.5238095238095238, 0: 0.47619047619047616}",DESBALANCEO REAL VAL
1h,ADAUSDT_1h,MLPClassifier,{0: 1.0},DESBALANCEO PREDICCIÓN VAL
1h,ADAUSDT_1h,MLPClassifier,0.5033894020214265,F1 VALIDATION
1h,ADAUSDT_1h,MLPClassifier,"{1: 0.5238095238095238, 0: 0.47619047619047616}",DESBALANCEO REAL VAL
1h,ADAUSDT_1h,MLPClassifier,"{0: 0.6349206349206349, 1: 0.36507936507936506}",DESBALANCEO PREDICCIÓN VAL
1h,ADAUSDT_1h,MLPClassifier,0.4803887031107821,F1 VALIDATION
1h,ADAUSDT_1h,MLPClassifier,"{1: 0.5238095238095238, 0: 0.47619047619047616}",DESBALANCEO REAL VAL
1h,ADAUSDT_1h,MLPClassifier,"{0: 0.746031746031746, 1: 0.25396825396825395}",DESBALANCEO PREDICCIÓN VAL
1h,ADAUSDT_1h,MLPClassifier,0.38000254276987877,F1 VALIDATION
1h,ADAUSDT_1h,MLPClassifier,"{1: 0.5238095238095238, 0: 0.47619047619047616}",DESBALANCEO REAL VAL
1h,ADAUSDT_1h,MLPClassifier,"{0: 0.9920634920634921, 1: 0.007936507936507936}",DESBALANCEO PREDICCIÓN VAL
1h,ADAUSDT_1h,MLPClassifier,0.43362490839084433,F1 VALIDATION
1h,ADAUSDT_1h,MLPClassifier,"{1: 0.5238095238095238, 0: 0.47619047619047616}",DESBALANCEO REAL VAL
1h,ADAUSDT_1h,MLPClassifier,"{0: 0.7619047619047619, 1: 0.23809523809523808}",DESBALANCEO PREDICCIÓN VAL
1h,ADAUSDT_1h,MLPClassifier,0.4729135118152151,F1 VALIDATION
1h,ADAUSDT_1h,MLPClassifier,"{1: 0.5238095238095238, 0: 0.47619047619047616}",DESBALANCEO REAL VAL
1h,ADAUSDT_1h,MLPClassifier,"{0: 0.7380952380952381, 1: 0.2619047619047619}",DESBALANCEO PREDICCIÓN VAL
1h,ADAUSDT_1h,MLPClassifier,0.4336356567588563,F1 VALIDATION
1h,ADAUSDT_1h,MLPClassifier,"{1: 0.5238095238095238, 0: 0.47619047619047616}",DESBALANCEO REAL VAL
1h,ADAUSDT_1h,MLPClassifier,"{0: 0.5396825396825397, 1: 0.4603174603174603}",DESBALANCEO PREDICCIÓN VAL
1h,ADAUSDT_1h,MLPClassifier,0.4315069210549158,F1 VALIDATION
1h,ADAUSDT_1h,MLPClassifier,"{1: 0.5238095238095238, 0: 0.47619047619047616}",DESBALANCEO REAL VAL
1h,ADAUSDT_1h,MLPClassifier,"{1: 0.6111111111111112, 0: 0.3888888888888889}",DESBALANCEO PREDICCIÓN VAL
1h,ADAUSDT_1h,MLPClassifier,0.5214016664764296,FINAL TEST
1h,ADAUSDT_1h,MLPClassifier,0.5170037298064688,F1 FINAL TEST
1h,ADAUSDT_1h,MLPClassifier,"{0: 0.5064490354982308, 1: 0.4935509645017692}",DESBALANCEO REAL
1h,ADAUSDT_1h,MLPClassifier,"{0: 0.5889738614313434, 1: 0.41102613856865655}",DESBALANCEO PREDICCIÓN
1h,TRXUSDT_1h,MLPClassifier,0.3652074182480402,F1 VALIDATION
1h,TRXUSDT_1h,MLPClassifier,"{1: 0.5952380952380952, 0: 0.40476190476190477}",DESBALANCEO REAL VAL
1h,TRXUSDT_1h,MLPClassifier,"{1: 0.9841269841269841, 0: 0.015873015873015872}",DESBALANCEO PREDICCIÓN VAL
1h,TRXUSDT_1h,MLPClassifier,0.45042165409754975,F1 VALIDATION
1h,TRXUSDT_1h,MLPClassifier,"{1: 0.5952380952380952, 0: 0.40476190476190477}",DESBALANCEO REAL VAL
1h,TRXUSDT_1h,MLPClassifier,"{1: 0.9444444444444444, 0: 0.05555555555555555}",DESBALANCEO PREDICCIÓN VAL
1h,TRXUSDT_1h,MLPClassifier,0.4824380250751064,F1 VALIDATION
1h,TRXUSDT_1h,MLPClassifier,"{1: 0.5952380952380952, 0: 0.40476190476190477}",DESBALANCEO REAL VAL
1h,TRXUSDT_1h,MLPClassifier,"{1: 0.5476190476190477, 0: 0.4523809523809524}",DESBALANCEO PREDICCIÓN VAL
1h,TRXUSDT_1h,MLPClassifier,0.5082988213990687,F1 VALIDATION
1h,TRXUSDT_1h,MLPClassifier,"{1: 0.5952380952380952, 0: 0.40476190476190477}",DESBALANCEO REAL VAL
1h,TRXUSDT_1h,MLPClassifier,"{1: 0.5079365079365079, 0: 0.49206349206349204}",DESBALANCEO PREDICCIÓN VAL
1h,TRXUSDT_1h,MLPClassifier,0.4045310203074755,F1 VALIDATION
1h,TRXUSDT_1h,MLPClassifier,"{1: 0.5952380952380952, 0: 0.40476190476190477}",DESBALANCEO REAL VAL
1h,TRXUSDT_1h,MLPClassifier,"{1: 0.9761904761904762, 0: 0.023809523809523808}",DESBALANCEO PREDICCIÓN VAL
1h,TRXUSDT_1h,MLPClassifier,0.4853141092669665,F1 VALIDATION
1h,TRXUSDT_1h,MLPClassifier,"{1: 0.5952380952380952, 0: 0.40476190476190477}",DESBALANCEO REAL VAL
1h,TRXUSDT_1h,MLPClassifier,"{1: 0.5238095238095238, 0: 0.47619047619047616}",DESBALANCEO PREDICCIÓN VAL
1h,TRXUSDT_1h,MLPClassifier,0.49473735925871376,F1 VALIDATION
1h,TRXUSDT_1h,MLPClassifier,"{1: 0.5952380952380952, 0: 0.40476190476190477}",DESBALANCEO REAL VAL
1h,TRXUSDT_1h,MLPClassifier,"{1: 0.6984126984126984, 0: 0.30158730158730157}",DESBALANCEO PREDICCIÓN VAL
1h,TRXUSDT_1h,MLPClassifier,0.349515792962219,F1 VALIDATION
1h,TRXUSDT_1h,MLPClassifier,"{1: 0.5952380952380952, 0: 0.40476190476190477}",DESBALANCEO REAL VAL
1h,TRXUSDT_1h,MLPClassifier,{1: 1.0},DESBALANCEO PREDICCIÓN VAL
1h,TRXUSDT_1h,MLPClassifier,0.349515792962219,F1 VALIDATION
1h,TRXUSDT_1h,MLPClassifier,"{1: 0.5952380952380952, 0: 0.40476190476190477}",DESBALANCEO REAL VAL
1h,TRXUSDT_1h,MLPClassifier,{1: 1.0},DESBALANCEO PREDICCIÓN VAL
1h,TRXUSDT_1h,MLPClassifier,0.3523300047316547,F1 VALIDATION
1h,TRXUSDT_1h,MLPClassifier,"{1: 0.5952380952380952, 0: 0.40476190476190477}",DESBALANCEO REAL VAL
1h,TRXUSDT_1h,MLPClassifier,"{1: 0.9761904761904762, 0: 0.023809523809523808}",DESBALANCEO PREDICCIÓN VAL
1h,TRXUSDT_1h,MLPClassifier,0.5175208309553704,FINAL TEST
1h,TRXUSDT_1h,MLPClassifier,0.3433558149756857,F1 FINAL TEST
1h,TRXUSDT_1h,MLPClassifier,"{1: 0.5171784042917476, 0: 0.4828215957082525}",DESBALANCEO REAL
1h,TRXUSDT_1h,MLPClassifier,"{1: 0.9978312977970552, 0: 0.0021687022029448695}",DESBALANCEO PREDICCIÓN
1h,LINKUSDT_1h,MLPClassifier,0.46142574415863036,F1 VALIDATION
1h,LINKUSDT_1h,MLPClassifier,"{1: 0.5317460317460317, 0: 0.46825396825396826}",DESBALANCEO REAL VAL
1h,LINKUSDT_1h,MLPClassifier,{1: 1.0},DESBALANCEO PREDICCIÓN VAL
1h,LINKUSDT_1h,MLPClassifier,0.46782666692835084,F1 VALIDATION
1h,LINKUSDT_1h,MLPClassifier,"{1: 0.5317460317460317, 0: 0.46825396825396826}",DESBALANCEO REAL VAL
1h,LINKUSDT_1h,MLPClassifier,"{1: 0.6587301587301587, 0: 0.3412698412698413}",DESBALANCEO PREDICCIÓN VAL
1h,LINKUSDT_1h,MLPClassifier,0.40867184892516306,F1 VALIDATION
1h,LINKUSDT_1h,MLPClassifier,"{1: 0.5317460317460317, 0: 0.46825396825396826}",DESBALANCEO REAL VAL
1h,LINKUSDT_1h,MLPClassifier,"{1: 0.7936507936507936, 0: 0.20634920634920634}",DESBALANCEO PREDICCIÓN VAL
1h,LINKUSDT_1h,MLPClassifier,0.49375646661474626,F1 VALIDATION
1h,LINKUSDT_1h,MLPClassifier,"{1: 0.5317460317460317, 0: 0.46825396825396826}",DESBALANCEO REAL VAL
1h,LINKUSDT_1h,MLPClassifier,"{1: 0.5158730158730159, 0: 0.48412698412698413}",DESBALANCEO PREDICCIÓN VAL
1h,LINKUSDT_1h,MLPClassifier,0.4893146296130929,F1 VALIDATION
1h,LINKUSDT_1h,MLPClassifier,"{1: 0.5317460317460317, 0: 0.46825396825396826}",DESBALANCEO REAL VAL
1h,LINKUSDT_1h,MLPClassifier,"{0: 0.5555555555555556, 1: 0.4444444444444444}",DESBALANCEO PREDICCIÓN VAL
1h,LINKUSDT_1h,MLPClassifier,0.46734086149267373,F1 VALIDATION
1h,LINKUSDT_1h,MLPClassifier,"{1: 0.5317460317460317, 0: 0.46825396825396826}",DESBALANCEO REAL VAL
1h,LINKUSDT_1h,MLPClassifier,"{0: 0.6587301587301587, 1: 0.3412698412698413}",DESBALANCEO PREDICCIÓN VAL
1h,LINKUSDT_1h,MLPClassifier,0.436363137255916,F1 VALIDATION
1h,LINKUSDT_1h,MLPClassifier,"{1: 0.5317460317460317, 0: 0.46825396825396826}",DESBALANCEO REAL VAL
1h,LINKUSDT_1h,MLPClassifier,"{0: 0.7857142857142857, 1: 0.21428571428571427}",DESBALANCEO PREDICCIÓN VAL
1h,LINKUSDT_1h,MLPClassifier,0.43013645894143837,F1 VALIDATION
1h,LINKUSDT_1h,MLPClassifier,"{1: 0.5317460317460317, 0: 0.46825396825396826}",DESBALANCEO REAL VAL
1h,LINKUSDT_1h,MLPClassifier,"{0: 0.9206349206349206, 1: 0.07936507936507936}",DESBALANCEO PREDICCIÓN VAL
1h,LINKUSDT_1h,MLPClassifier,0.4908650127676032,F1 VALIDATION
1h,LINKUSDT_1h,MLPClassifier,"{1: 0.5317460317460317, 0: 0.46825396825396826}",DESBALANCEO REAL VAL
1h,LINKUSDT_1h,MLPClassifier,"{0: 0.8412698412698413, 1: 0.15873015873015872}",DESBALANCEO PREDICCIÓN VAL
1h,LINKUSDT_1h,MLPClassifier,0.483943588976463,F1 VALIDATION
1h,LINKUSDT_1h,MLPClassifier,"{1: 0.5317460317460317, 0: 0.46825396825396826}",DESBALANCEO REAL VAL
1h,LINKUSDT_1h,MLPClassifier,"{0: 0.5476190476190477, 1: 0.4523809523809524}",DESBALANCEO PREDICCIÓN VAL
1h,LINKUSDT_1h,MLPClassifier,0.5121561465586121,FINAL TEST
1h,LINKUSDT_1h,MLPClassifier,0.36413575885391947,F1 FINAL TEST
1h,LINKUSDT_1h,MLPClassifier,"{0: 0.5116995776737815, 1: 0.48830042232621845}",DESBALANCEO REAL
1h,LINKUSDT_1h,MLPClassifier,"{0: 0.9707795913708481, 1: 0.029220408629151925}",DESBALANCEO PREDICCIÓN
1h,AVAXUSDT_1h,MLPClassifier,0.4485280724475893,F1 VALIDATION
1h,AVAXUSDT_1h,MLPClassifier,"{0: 0.5079365079365079, 1: 0.49206349206349204}",DESBALANCEO REAL VAL
1h,AVAXUSDT_1h,MLPClassifier,"{0: 0.6984126984126984, 1: 0.30158730158730157}",DESBALANCEO PREDICCIÓN VAL
1h,AVAXUSDT_1h,MLPClassifier,0.3322178590594597,F1 VALIDATION
1h,AVAXUSDT_1h,MLPClassifier,"{0: 0.5079365079365079, 1: 0.49206349206349204}",DESBALANCEO REAL VAL
1h,AVAXUSDT_1h,MLPClassifier,{0: 1.0},DESBALANCEO PREDICCIÓN VAL
1h,AVAXUSDT_1h,MLPClassifier,0.38571821421512376,F1 VALIDATION
1h,AVAXUSDT_1h,MLPClassifier,"{0: 0.5079365079365079, 1: 0.49206349206349204}",DESBALANCEO REAL VAL
1h,AVAXUSDT_1h,MLPClassifier,"{1: 0.9761904761904762, 0: 0.023809523809523808}",DESBALANCEO PREDICCIÓN VAL
1h,AVAXUSDT_1h,MLPClassifier,0.40849534128060166,F1 VALIDATION
1h,AVAXUSDT_1h,MLPClassifier,"{0: 0.5079365079365079, 1: 0.49206349206349204}",DESBALANCEO REAL VAL
1h,AVAXUSDT_1h,MLPClassifier,"{0: 0.8571428571428571, 1: 0.14285714285714285}",DESBALANCEO PREDICCIÓN VAL
1h,AVAXUSDT_1h,MLPClassifier,0.3322178590594597,F1 VALIDATION
1h,AVAXUSDT_1h,MLPClassifier,"{0: 0.5079365079365079, 1: 0.49206349206349204}",DESBALANCEO REAL VAL
1h,AVAXUSDT_1h,MLPClassifier,{0: 1.0},DESBALANCEO PREDICCIÓN VAL
1h,AVAXUSDT_1h,MLPClassifier,0.3322178590594597,F1 VALIDATION
1h,AVAXUSDT_1h,MLPClassifier,"{0: 0.5079365079365079, 1: 0.49206349206349204}",DESBALANCEO REAL VAL
1h,AVAXUSDT_1h,MLPClassifier,{0: 1.0},DESBALANCEO PREDICCIÓN VAL
1h,AVAXUSDT_1h,MLPClassifier,0.41260207004077776,F1 VALIDATION
1h,AVAXUSDT_1h,MLPClassifier,"{0: 0.5079365079365079, 1: 0.49206349206349204}",DESBALANCEO REAL VAL
1h,AVAXUSDT_1h,MLPClassifier,"{0: 0.6507936507936508, 1: 0.3492063492063492}",DESBALANCEO PREDICCIÓN VAL
1h,AVAXUSDT_1h,MLPClassifier,0.50288889148181,F1 VALIDATION
1h,AVAXUSDT_1h,MLPClassifier,"{0: 0.5079365079365079, 1: 0.49206349206349204}",DESBALANCEO REAL VAL
1h,AVAXUSDT_1h,MLPClassifier,"{0: 0.7222222222222222, 1: 0.2777777777777778}",DESBALANCEO PREDICCIÓN VAL
1h,AVAXUSDT_1h,MLPClassifier,0.4928774157408454,F1 VALIDATION
1h,AVAXUSDT_1h,MLPClassifier,"{0: 0.5079365079365079, 1: 0.49206349206349204}",DESBALANCEO REAL VAL
1h,AVAXUSDT_1h,MLPClassifier,"{0: 0.7063492063492064, 1: 0.29365079365079366}",DESBALANCEO PREDICCIÓN VAL
1h,AVAXUSDT_1h,MLPClassifier,0.4182417326677685,F1 VALIDATION
1h,AVAXUSDT_1h,MLPClassifier,"{0: 0.5079365079365079, 1: 0.49206349206349204}",DESBALANCEO REAL VAL
1h,AVAXUSDT_1h,MLPClassifier,"{0: 0.8412698412698413, 1: 0.15873015873015872}",DESBALANCEO PREDICCIÓN VAL
1h,AVAXUSDT_1h,MLPClassifier,0.48955598675950235,FINAL TEST
1h,AVAXUSDT_1h,MLPClassifier,0.37809266388183577,F1 FINAL TEST
1h,AVAXUSDT_1h,MLPClassifier,"{0: 0.5135258532131035, 1: 0.4864741467868965}",DESBALANCEO REAL
1h,AVAXUSDT_1h,MLPClassifier,"{1: 0.9368793516721835, 0: 0.06312064832781646}",DESBALANCEO PREDICCIÓN
1h,BTCUSDT_1h,RandomForestClassifier,0.52403939897524,F1 VALIDATION
1h,BTCUSDT_1h,RandomForestClassifier,"{1: 0.5317460317460317, 0: 0.46825396825396826}",DESBALANCEO REAL VAL
1h,BTCUSDT_1h,RandomForestClassifier,"{0: 0.5238095238095238, 1: 0.47619047619047616}",DESBALANCEO PREDICCIÓN VAL
1h,BTCUSDT_1h,RandomForestClassifier,0.5326771947897763,F1 VALIDATION
1h,BTCUSDT_1h,RandomForestClassifier,"{1: 0.5317460317460317, 0: 0.46825396825396826}",DESBALANCEO REAL VAL
1h,BTCUSDT_1h,RandomForestClassifier,"{1: 0.5317460317460317, 0: 0.46825396825396826}",DESBALANCEO PREDICCIÓN VAL
1h,BTCUSDT_1h,RandomForestClassifier,0.4856326674868289,F1 VALIDATION
1h,BTCUSDT_1h,RandomForestClassifier,"{1: 0.5317460317460317, 0: 0.46825396825396826}",DESBALANCEO REAL VAL
1h,BTCUSDT_1h,RandomForestClassifier,"{1: 0.6190476190476191, 0: 0.38095238095238093}",DESBALANCEO PREDICCIÓN VAL
1h,BTCUSDT_1h,RandomForestClassifier,0.5546626103817619,F1 VALIDATION
1h,BTCUSDT_1h,RandomForestClassifier,"{1: 0.5317460317460317, 0: 0.46825396825396826}",DESBALANCEO REAL VAL
1h,BTCUSDT_1h,RandomForestClassifier,"{1: 0.5079365079365079, 0: 0.49206349206349204}",DESBALANCEO PREDICCIÓN VAL
1h,BTCUSDT_1h,RandomForestClassifier,0.5463692452068235,F1 VALIDATION
1h,BTCUSDT_1h,RandomForestClassifier,"{1: 0.5317460317460317, 0: 0.46825396825396826}",DESBALANCEO REAL VAL
1h,BTCUSDT_1h,RandomForestClassifier,"{1: 0.5317460317460317, 0: 0.46825396825396826}",DESBALANCEO PREDICCIÓN VAL
1h,BTCUSDT_1h,RandomForestClassifier,0.531034107454617,F1 VALIDATION
1h,BTCUSDT_1h,RandomForestClassifier,"{1: 0.5317460317460317, 0: 0.46825396825396826}",DESBALANCEO REAL VAL
1h,BTCUSDT_1h,RandomForestClassifier,"{0: 0.5079365079365079, 1: 0.49206349206349204}",DESBALANCEO PREDICCIÓN VAL
1h,BTCUSDT_1h,RandomForestClassifier,0.5501960044657233,F1 VALIDATION
1h,BTCUSDT_1h,RandomForestClassifier,"{1: 0.5317460317460317, 0: 0.46825396825396826}",DESBALANCEO REAL VAL
1h,BTCUSDT_1h,RandomForestClassifier,"{1: 0.5238095238095238, 0: 0.47619047619047616}",DESBALANCEO PREDICCIÓN VAL
1h,BTCUSDT_1h,RandomForestClassifier,0.5344064828093866,F1 VALIDATION
1h,BTCUSDT_1h,RandomForestClassifier,"{1: 0.5317460317460317, 0: 0.46825396825396826}",DESBALANCEO REAL VAL
1h,BTCUSDT_1h,RandomForestClassifier,"{1: 0.5793650793650794, 0: 0.42063492063492064}",DESBALANCEO PREDICCIÓN VAL
1h,BTCUSDT_1h,RandomForestClassifier,0.5126731257589329,F1 VALIDATION
1h,BTCUSDT_1h,RandomForestClassifier,"{1: 0.5317460317460317, 0: 0.46825396825396826}",DESBALANCEO REAL VAL
1h,BTCUSDT_1h,RandomForestClassifier,"{0: 0.5555555555555556, 1: 0.4444444444444444}",DESBALANCEO PREDICCIÓN VAL
1h,BTCUSDT_1h,RandomForestClassifier,0.5159929901632383,F1 VALIDATION
1h,BTCUSDT_1h,RandomForestClassifier,"{1: 0.5317460317460317, 0: 0.46825396825396826}",DESBALANCEO REAL VAL
1h,BTCUSDT_1h,RandomForestClassifier,"{0: 0.5714285714285714, 1: 0.42857142857142855}",DESBALANCEO PREDICCIÓN VAL
1h,BTCUSDT_1h,RandomForestClassifier,0.5178632576189932,FINAL TEST
1h,BTCUSDT_1h,RandomForestClassifier,0.5176143758133948,F1 FINAL TEST
1h,BTCUSDT_1h,RandomForestClassifier,"{1: 0.5111288665677434, 0: 0.4888711334322566}",DESBALANCEO REAL
1h,BTCUSDT_1h,RandomForestClassifier,"{0: 0.5338431685880607, 1: 0.46615683141193925}",DESBALANCEO PREDICCIÓN
1h,ETHUSDT_1h,RandomForestClassifier,0.5247890307394711,F1 VALIDATION
1h,ETHUSDT_1h,RandomForestClassifier,"{1: 0.5317460317460317, 0: 0.46825396825396826}",DESBALANCEO REAL VAL
1h,ETHUSDT_1h,RandomForestClassifier,"{1: 0.5793650793650794, 0: 0.42063492063492064}",DESBALANCEO PREDICCIÓN VAL
1h,ETHUSDT_1h,RandomForestClassifier,0.5138232523850931,F1 VALIDATION
1h,ETHUSDT_1h,RandomForestClassifier,"{1: 0.5317460317460317, 0: 0.46825396825396826}",DESBALANCEO REAL VAL
1h,ETHUSDT_1h,RandomForestClassifier,"{1: 0.6190476190476191, 0: 0.38095238095238093}",DESBALANCEO PREDICCIÓN VAL
1h,ETHUSDT_1h,RandomForestClassifier,0.5021528390713169,F1 VALIDATION
1h,ETHUSDT_1h,RandomForestClassifier,"{1: 0.5317460317460317, 0: 0.46825396825396826}",DESBALANCEO REAL VAL
1h,ETHUSDT_1h,RandomForestClassifier,"{1: 0.5476190476190477, 0: 0.4523809523809524}",DESBALANCEO PREDICCIÓN VAL
1h,ETHUSDT_1h,RandomForestClassifier,0.509634143382043,F1 VALIDATION
1h,ETHUSDT_1h,RandomForestClassifier,"{1: 0.5317460317460317, 0: 0.46825396825396826}",DESBALANCEO REAL VAL
1h,ETHUSDT_1h,RandomForestClassifier,"{0: 0.5952380952380952, 1: 0.40476190476190477}",DESBALANCEO PREDICCIÓN VAL
1h,ETHUSDT_1h,RandomForestClassifier,0.4920882023497075,F1 VALIDATION
1h,ETHUSDT_1h,RandomForestClassifier,"{1: 0.5317460317460317, 0: 0.46825396825396826}",DESBALANCEO REAL VAL
1h,ETHUSDT_1h,RandomForestClassifier,"{1: 0.5396825396825397, 0: 0.4603174603174603}",DESBALANCEO PREDICCIÓN VAL
1h,ETHUSDT_1h,RandomForestClassifier,0.5173432327057463,F1 VALIDATION
1h,ETHUSDT_1h,RandomForestClassifier,"{1: 0.5317460317460317, 0: 0.46825396825396826}",DESBALANCEO REAL VAL
1h,ETHUSDT_1h,RandomForestClassifier,"{0: 0.5873015873015873, 1: 0.4126984126984127}",DESBALANCEO PREDICCIÓN VAL
1h,ETHUSDT_1h,RandomForestClassifier,0.5127457513936081,F1 VALIDATION
1h,ETHUSDT_1h,RandomForestClassifier,"{1: 0.5317460317460317, 0: 0.46825396825396826}",DESBALANCEO REAL VAL
1h,ETHUSDT_1h,RandomForestClassifier,"{0: 0.5238095238095238, 1: 0.47619047619047616}",DESBALANCEO PREDICCIÓN VAL
1h,ETHUSDT_1h,RandomForestClassifier,0.5122489786395171,F1 VALIDATION
1h,ETHUSDT_1h,RandomForestClassifier,"{1: 0.5317460317460317, 0: 0.46825396825396826}",DESBALANCEO REAL VAL
1h,ETHUSDT_1h,RandomForestClassifier,"{1: 0.5238095238095238, 0: 0.47619047619047616}",DESBALANCEO PREDICCIÓN VAL
1h,ETHUSDT_1h,RandomForestClassifier,0.5022226845328017,F1 VALIDATION
1h,ETHUSDT_1h,RandomForestClassifier,"{1: 0.5317460317460317, 0: 0.46825396825396826}",DESBALANCEO REAL VAL
1h,ETHUSDT_1h,RandomForestClassifier,"{1: 0.5952380952380952, 0: 0.40476190476190477}",DESBALANCEO PREDICCIÓN VAL
1h,ETHUSDT_1h,RandomForestClassifier,0.5076149288310117,F1 VALIDATION
1h,ETHUSDT_1h,RandomForestClassifier,"{1: 0.5317460317460317, 0: 0.46825396825396826}",DESBALANCEO REAL VAL
1h,ETHUSDT_1h,RandomForestClassifier,"{1: 0.5714285714285714, 0: 0.42857142857142855}",DESBALANCEO PREDICCIÓN VAL
1h,ETHUSDT_1h,RandomForestClassifier,0.5102157287980824,FINAL TEST
1h,ETHUSDT_1h,RandomForestClassifier,0.5101911985125668,F1 FINAL TEST
1h,ETHUSDT_1h,RandomForestClassifier,"{1: 0.5079328843739299, 0: 0.4920671156260701}",DESBALANCEO REAL
1h,ETHUSDT_1h,RandomForestClassifier,"{0: 0.5150097020888027, 1: 0.48499029791119735}",DESBALANCEO PREDICCIÓN
1h,XRPUSDT_1h,RandomForestClassifier,0.5350880779722924,F1 VALIDATION
1h,XRPUSDT_1h,RandomForestClassifier,"{1: 0.5476190476190477, 0: 0.4523809523809524}",DESBALANCEO REAL VAL
1h,XRPUSDT_1h,RandomForestClassifier,"{1: 0.5396825396825397, 0: 0.4603174603174603}",DESBALANCEO PREDICCIÓN VAL
1h,XRPUSDT_1h,RandomForestClassifier,0.5164646016809963,F1 VALIDATION
1h,XRPUSDT_1h,RandomForestClassifier,"{1: 0.5476190476190477, 0: 0.4523809523809524}",DESBALANCEO REAL VAL
1h,XRPUSDT_1h,RandomForestClassifier,"{1: 0.5238095238095238, 0: 0.47619047619047616}",DESBALANCEO PREDICCIÓN VAL
1h,XRPUSDT_1h,RandomForestClassifier,0.5488160359426051,F1 VALIDATION
1h,XRPUSDT_1h,RandomForestClassifier,"{1: 0.5476190476190477, 0: 0.4523809523809524}",DESBALANCEO REAL VAL
1h,XRPUSDT_1h,RandomForestClassifier,"{1: 0.5714285714285714, 0: 0.42857142857142855}",DESBALANCEO PREDICCIÓN VAL
1h,XRPUSDT_1h,RandomForestClassifier,0.5294346261590881,F1 VALIDATION
1h,XRPUSDT_1h,RandomForestClassifier,"{1: 0.5476190476190477, 0: 0.4523809523809524}",DESBALANCEO REAL VAL
1h,XRPUSDT_1h,RandomForestClassifier,"{1: 0.5476190476190477, 0: 0.4523809523809524}",DESBALANCEO PREDICCIÓN VAL
1h,XRPUSDT_1h,RandomForestClassifier,0.540222071095647,F1 VALIDATION
1h,XRPUSDT_1h,RandomForestClassifier,"{1: 0.5476190476190477, 0: 0.4523809523809524}",DESBALANCEO REAL VAL
1h,XRPUSDT_1h,RandomForestClassifier,"{1: 0.5793650793650794, 0: 0.42063492063492064}",DESBALANCEO PREDICCIÓN VAL
1h,XRPUSDT_1h,RandomForestClassifier,0.5229857213559633,F1 VALIDATION
1h,XRPUSDT_1h,RandomForestClassifier,"{1: 0.5476190476190477, 0: 0.4523809523809524}",DESBALANCEO REAL VAL
1h,XRPUSDT_1h,RandomForestClassifier,"{1: 0.5873015873015873, 0: 0.4126984126984127}",DESBALANCEO PREDICCIÓN VAL
1h,XRPUSDT_1h,RandomForestClassifier,0.5177097989491742,F1 VALIDATION
1h,XRPUSDT_1h,RandomForestClassifier,"{1: 0.5476190476190477, 0: 0.4523809523809524}",DESBALANCEO REAL VAL
1h,XRPUSDT_1h,RandomForestClassifier,"{1: 0.5317460317460317, 0: 0.46825396825396826}",DESBALANCEO PREDICCIÓN VAL
1h,XRPUSDT_1h,RandomForestClassifier,0.5295135631302421,F1 VALIDATION
1h,XRPUSDT_1h,RandomForestClassifier,"{1: 0.5476190476190477, 0: 0.4523809523809524}",DESBALANCEO REAL VAL
1h,XRPUSDT_1h,RandomForestClassifier,"{1: 0.5158730158730159, 0: 0.48412698412698413}",DESBALANCEO PREDICCIÓN VAL
1h,XRPUSDT_1h,RandomForestClassifier,0.5122461948221593,F1 VALIDATION
1h,XRPUSDT_1h,RandomForestClassifier,"{1: 0.5476190476190477, 0: 0.4523809523809524}",DESBALANCEO REAL VAL
1h,XRPUSDT_1h,RandomForestClassifier,"{1: 0.5079365079365079, 0: 0.49206349206349204}",DESBALANCEO PREDICCIÓN VAL
1h,XRPUSDT_1h,RandomForestClassifier,0.5175834185208913,F1 VALIDATION
1h,XRPUSDT_1h,RandomForestClassifier,"{1: 0.5476190476190477, 0: 0.4523809523809524}",DESBALANCEO REAL VAL
1h,XRPUSDT_1h,RandomForestClassifier,"{0: 0.5793650793650794, 1: 0.42063492063492064}",DESBALANCEO PREDICCIÓN VAL
1h,XRPUSDT_1h,RandomForestClassifier,0.5325876041547769,FINAL TEST
1h,XRPUSDT_1h,RandomForestClassifier,0.5324073782631198,F1 FINAL TEST
1h,XRPUSDT_1h,RandomForestClassifier,"{1: 0.502454057755964, 0: 0.4975459422440361}",DESBALANCEO REAL
1h,XRPUSDT_1h,RandomForestClassifier,"{0: 0.5220865198036754, 1: 0.4779134801963246}",DESBALANCEO PREDICCIÓN
1h,BNBUSDT_1h,RandomForestClassifier,0.5327029814810385,F1 VALIDATION
1h,BNBUSDT_1h,RandomForestClassifier,"{1: 0.5158730158730159, 0: 0.48412698412698413}",DESBALANCEO REAL VAL
1h,BNBUSDT_1h,RandomForestClassifier,"{1: 0.6031746031746031, 0: 0.3968253968253968}",DESBALANCEO PREDICCIÓN VAL
1h,BNBUSDT_1h,RandomForestClassifier,0.5360413019137285,F1 VALIDATION
1h,BNBUSDT_1h,RandomForestClassifier,"{1: 0.5158730158730159, 0: 0.48412698412698413}",DESBALANCEO REAL VAL
1h,BNBUSDT_1h,RandomForestClassifier,"{1: 0.6428571428571429, 0: 0.35714285714285715}",DESBALANCEO PREDICCIÓN VAL
1h,BNBUSDT_1h,RandomForestClassifier,0.5218025918922186,F1 VALIDATION
1h,BNBUSDT_1h,RandomForestClassifier,"{1: 0.5158730158730159, 0: 0.48412698412698413}",DESBALANCEO REAL VAL
1h,BNBUSDT_1h,RandomForestClassifier,"{1: 0.7063492063492064, 0: 0.29365079365079366}",DESBALANCEO PREDICCIÓN VAL
1h,BNBUSDT_1h,RandomForestClassifier,0.5341157960324792,F1 VALIDATION
1h,BNBUSDT_1h,RandomForestClassifier,"{1: 0.5158730158730159, 0: 0.48412698412698413}",DESBALANCEO REAL VAL
1h,BNBUSDT_1h,RandomForestClassifier,"{1: 0.7063492063492064, 0: 0.29365079365079366}",DESBALANCEO PREDICCIÓN VAL
1h,BNBUSDT_1h,RandomForestClassifier,0.5434127619675928,F1 VALIDATION
1h,BNBUSDT_1h,RandomForestClassifier,"{1: 0.5158730158730159, 0: 0.48412698412698413}",DESBALANCEO REAL VAL
1h,BNBUSDT_1h,RandomForestClassifier,"{1: 0.6746031746031746, 0: 0.3253968253968254}",DESBALANCEO PREDICCIÓN VAL
1h,BNBUSDT_1h,RandomForestClassifier,0.5196682839635269,F1 VALIDATION
1h,BNBUSDT_1h,RandomForestClassifier,"{1: 0.5158730158730159, 0: 0.48412698412698413}",DESBALANCEO REAL VAL
1h,BNBUSDT_1h,RandomForestClassifier,"{1: 0.6111111111111112, 0: 0.3888888888888889}",DESBALANCEO PREDICCIÓN VAL
1h,BNBUSDT_1h,RandomForestClassifier,0.5145212438715239,F1 VALIDATION
1h,BNBUSDT_1h,RandomForestClassifier,"{1: 0.5158730158730159, 0: 0.48412698412698413}",DESBALANCEO REAL VAL
1h,BNBUSDT_1h,RandomForestClassifier,"{1: 0.746031746031746, 0: 0.25396825396825395}",DESBALANCEO PREDICCIÓN VAL
1h,BNBUSDT_1h,RandomForestClassifier,0.5261104679622612,F1 VALIDATION
1h,BNBUSDT_1h,RandomForestClassifier,"{1: 0.5158730158730159, 0: 0.48412698412698413}",DESBALANCEO REAL VAL
1h,BNBUSDT_1h,RandomForestClassifier,"{1: 0.6984126984126984, 0: 0.30158730158730157}",DESBALANCEO PREDICCIÓN VAL
1h,BNBUSDT_1h,RandomForestClassifier,0.5111651033844256,F1 VALIDATION
1h,BNBUSDT_1h,RandomForestClassifier,"{1: 0.5158730158730159, 0: 0.48412698412698413}",DESBALANCEO REAL VAL
1h,BNBUSDT_1h,RandomForestClassifier,"{1: 0.5952380952380952, 0: 0.40476190476190477}",DESBALANCEO PREDICCIÓN VAL
1h,BNBUSDT_1h,RandomForestClassifier,0.5234927681736063,F1 VALIDATION
1h,BNBUSDT_1h,RandomForestClassifier,"{1: 0.5158730158730159, 0: 0.48412698412698413}",DESBALANCEO REAL VAL
1h,BNBUSDT_1h,RandomForestClassifier,"{1: 0.626984126984127, 0: 0.373015873015873}",DESBALANCEO PREDICCIÓN VAL
1h,BNBUSDT_1h,RandomForestClassifier,0.5143248487615569,FINAL TEST
1h,BNBUSDT_1h,RandomForestClassifier,0.5143050046197502,F1 FINAL TEST
1h,BNBUSDT_1h,RandomForestClassifier,"{1: 0.5145531332039721, 0: 0.48544686679602783}",DESBALANCEO REAL
1h,BNBUSDT_1h,RandomForestClassifier,"{0: 0.5209450975915991, 1: 0.4790549024084009}",DESBALANCEO PREDICCIÓN
1h,SOLUSDT_1h,RandomForestClassifier,0.5168520692051095,F1 VALIDATION
1h,SOLUSDT_1h,RandomForestClassifier,"{1: 0.5476190476190477, 0: 0.4523809523809524}",DESBALANCEO REAL VAL
1h,SOLUSDT_1h,RandomForestClassifier,"{0: 0.6349206349206349, 1: 0.36507936507936506}",DESBALANCEO PREDICCIÓN VAL
1h,SOLUSDT_1h,RandomForestClassifier,0.4970611680315993,F1 VALIDATION
1h,SOLUSDT_1h,RandomForestClassifier,"{1: 0.5476190476190477, 0: 0.4523809523809524}",DESBALANCEO REAL VAL
1h,SOLUSDT_1h,RandomForestClassifier,"{0: 0.6031746031746031, 1: 0.3968253968253968}",DESBALANCEO PREDICCIÓN VAL
1h,SOLUSDT_1h,RandomForestClassifier,0.49931271128218774,F1 VALIDATION
1h,SOLUSDT_1h,RandomForestClassifier,"{1: 0.5476190476190477, 0: 0.4523809523809524}",DESBALANCEO REAL VAL
1h,SOLUSDT_1h,RandomForestClassifier,"{0: 0.6190476190476191, 1: 0.38095238095238093}",DESBALANCEO PREDICCIÓN VAL
1h,SOLUSDT_1h,RandomForestClassifier,0.510502101215587,F1 VALIDATION
1h,SOLUSDT_1h,RandomForestClassifier,"{1: 0.5476190476190477, 0: 0.4523809523809524}",DESBALANCEO REAL VAL
1h,SOLUSDT_1h,RandomForestClassifier,"{0: 0.5476190476190477, 1: 0.4523809523809524}",DESBALANCEO PREDICCIÓN VAL
1h,SOLUSDT_1h,RandomForestClassifier,0.49489494548798796,F1 VALIDATION
1h,SOLUSDT_1h,RandomForestClassifier,"{1: 0.5476190476190477, 0: 0.4523809523809524}",DESBALANCEO REAL VAL
1h,SOLUSDT_1h,RandomForestClassifier,"{0: 0.6111111111111112, 1: 0.3888888888888889}",DESBALANCEO PREDICCIÓN VAL
1h,SOLUSDT_1h,RandomForestClassifier,0.5059840555141539,F1 VALIDATION
1h,SOLUSDT_1h,RandomForestClassifier,"{1: 0.5476190476190477, 0: 0.4523809523809524}",DESBALANCEO REAL VAL
1h,SOLUSDT_1h,RandomForestClassifier,"{0: 0.6190476190476191, 1: 0.38095238095238093}",DESBALANCEO PREDICCIÓN VAL
1h,SOLUSDT_1h,RandomForestClassifier,0.5114879855361656,F1 VALIDATION
1h,SOLUSDT_1h,RandomForestClassifier,"{1: 0.5476190476190477, 0: 0.4523809523809524}",DESBALANCEO REAL VAL
1h,SOLUSDT_1h,RandomForestClassifier,"{0: 0.6031746031746031, 1: 0.3968253968253968}",DESBALANCEO PREDICCIÓN VAL
1h,SOLUSDT_1h,RandomForestClassifier,0.5049373818509242,F1 VALIDATION
1h,SOLUSDT_1h,RandomForestClassifier,"{1: 0.5476190476190477, 0: 0.4523809523809524}",DESBALANCEO REAL VAL
1h,SOLUSDT_1h,RandomForestClassifier,"{0: 0.5555555555555556, 1: 0.4444444444444444}",DESBALANCEO PREDICCIÓN VAL
1h,SOLUSDT_1h,RandomForestClassifier,0.518547308776078,F1 VALIDATION
1h,SOLUSDT_1h,RandomForestClassifier,"{1: 0.5476190476190477, 0: 0.4523809523809524}",DESBALANCEO REAL VAL
1h,SOLUSDT_1h,RandomForestClassifier,"{0: 0.6349206349206349, 1: 0.36507936507936506}",DESBALANCEO PREDICCIÓN VAL
1h,SOLUSDT_1h,RandomForestClassifier,0.5006388866444934,F1 VALIDATION
1h,SOLUSDT_1h,RandomForestClassifier,"{1: 0.5476190476190477, 0: 0.4523809523809524}",DESBALANCEO REAL VAL
1h,SOLUSDT_1h,RandomForestClassifier,"{0: 0.6031746031746031, 1: 0.3968253968253968}",DESBALANCEO PREDICCIÓN VAL
1h,SOLUSDT_1h,RandomForestClassifier,0.5179773998402009,FINAL TEST
1h,SOLUSDT_1h,RandomForestClassifier,0.5134620200982907,F1 FINAL TEST
1h,SOLUSDT_1h,RandomForestClassifier,"{1: 0.5053076132861546, 0: 0.49469238671384547}",DESBALANCEO REAL
1h,SOLUSDT_1h,RandomForestClassifier,"{0: 0.6016436479853898, 1: 0.3983563520146102}",DESBALANCEO PREDICCIÓN
1h,ADAUSDT_1h,RandomForestClassifier,0.5176140195280188,F1 VALIDATION
1h,ADAUSDT_1h,RandomForestClassifier,"{1: 0.5238095238095238, 0: 0.47619047619047616}",DESBALANCEO REAL VAL
1h,ADAUSDT_1h,RandomForestClassifier,"{0: 0.6507936507936508, 1: 0.3492063492063492}",DESBALANCEO PREDICCIÓN VAL
1h,ADAUSDT_1h,RandomForestClassifier,0.5328827009634552,F1 VALIDATION
1h,ADAUSDT_1h,RandomForestClassifier,"{1: 0.5238095238095238, 0: 0.47619047619047616}",DESBALANCEO REAL VAL
1h,ADAUSDT_1h,RandomForestClassifier,"{0: 0.6666666666666666, 1: 0.3333333333333333}",DESBALANCEO PREDICCIÓN VAL
1h,ADAUSDT_1h,RandomForestClassifier,0.5108857884660436,F1 VALIDATION
1h,ADAUSDT_1h,RandomForestClassifier,"{1: 0.5238095238095238, 0: 0.47619047619047616}",DESBALANCEO REAL VAL
1h,ADAUSDT_1h,RandomForestClassifier,"{0: 0.6746031746031746, 1: 0.3253968253968254}",DESBALANCEO PREDICCIÓN VAL
1h,ADAUSDT_1h,RandomForestClassifier,0.48353405481624456,F1 VALIDATION
1h,ADAUSDT_1h,RandomForestClassifier,"{1: 0.5238095238095238, 0: 0.47619047619047616}",DESBALANCEO REAL VAL
1h,ADAUSDT_1h,RandomForestClassifier,"{0: 0.7222222222222222, 1: 0.2777777777777778}",DESBALANCEO PREDICCIÓN VAL
1h,ADAUSDT_1h,RandomForestClassifier,0.5307993510635207,F1 VALIDATION
1h,ADAUSDT_1h,RandomForestClassifier,"{1: 0.5238095238095238, 0: 0.47619047619047616}",DESBALANCEO REAL VAL
1h,ADAUSDT_1h,RandomForestClassifier,"{0: 0.7063492063492064, 1: 0.29365079365079366}",DESBALANCEO PREDICCIÓN VAL
1h,ADAUSDT_1h,RandomForestClassifier,0.5148256008979201,F1 VALIDATION
1h,ADAUSDT_1h,RandomForestClassifier,"{1: 0.5238095238095238, 0: 0.47619047619047616}",DESBALANCEO REAL VAL
1h,ADAUSDT_1h,RandomForestClassifier,"{0: 0.6031746031746031, 1: 0.3968253968253968}",DESBALANCEO PREDICCIÓN VAL
1h,ADAUSDT_1h,RandomForestClassifier,0.5074195029198565,F1 VALIDATION
1h,ADAUSDT_1h,RandomForestClassifier,"{1: 0.5238095238095238, 0: 0.47619047619047616}",DESBALANCEO REAL VAL
1h,ADAUSDT_1h,RandomForestClassifier,"{0: 0.7142857142857143, 1: 0.2857142857142857}",DESBALANCEO PREDICCIÓN VAL
1h,ADAUSDT_1h,RandomForestClassifier,0.510583131946429,F1 VALIDATION
1h,ADAUSDT_1h,RandomForestClassifier,"{1: 0.5238095238095238, 0: 0.47619047619047616}",DESBALANCEO REAL VAL
1h,ADAUSDT_1h,RandomForestClassifier,"{0: 0.6825396825396826, 1: 0.31746031746031744}",DESBALANCEO PREDICCIÓN VAL
1h,ADAUSDT_1h,RandomForestClassifier,0.5205652164439046,F1 VALIDATION
1h,ADAUSDT_1h,RandomForestClassifier,"{1: 0.5238095238095238, 0: 0.47619047619047616}",DESBALANCEO REAL VAL
1h,ADAUSDT_1h,RandomForestClassifier,"{0: 0.6587301587301587, 1: 0.3412698412698413}",DESBALANCEO PREDICCIÓN VAL
1h,ADAUSDT_1h,RandomForestClassifier,0.507118512867946,F1 VALIDATION
1h,ADAUSDT_1h,RandomForestClassifier,"{1: 0.5238095238095238, 0: 0.47619047619047616}",DESBALANCEO REAL VAL
1h,ADAUSDT_1h,RandomForestClassifier,"{0: 0.7142857142857143, 1: 0.2857142857142857}",DESBALANCEO PREDICCIÓN VAL
1h,ADAUSDT_1h,RandomForestClassifier,0.5081611688163452,FINAL TEST
1h,ADAUSDT_1h,RandomForestClassifier,0.5078620201825184,F1 FINAL TEST
1h,ADAUSDT_1h,RandomForestClassifier,"{0: 0.5064490354982308, 1: 0.4935509645017692}",DESBALANCEO REAL
1h,ADAUSDT_1h,RandomForestClassifier,"{0: 0.5182056842826162, 1: 0.48179431571738385}",DESBALANCEO PREDICCIÓN
1h,TRXUSDT_1h,RandomForestClassifier,0.49088721024774423,F1 VALIDATION
1h,TRXUSDT_1h,RandomForestClassifier,"{1: 0.5952380952380952, 0: 0.40476190476190477}",DESBALANCEO REAL VAL
1h,TRXUSDT_1h,RandomForestClassifier,"{0: 0.6587301587301587, 1: 0.3412698412698413}",DESBALANCEO PREDICCIÓN VAL
1h,TRXUSDT_1h,RandomForestClassifier,0.5002401628693324,F1 VALIDATION
1h,TRXUSDT_1h,RandomForestClassifier,"{1: 0.5952380952380952, 0: 0.40476190476190477}",DESBALANCEO REAL VAL
1h,TRXUSDT_1h,RandomForestClassifier,"{0: 0.5793650793650794, 1: 0.42063492063492064}",DESBALANCEO PREDICCIÓN VAL
1h,TRXUSDT_1h,RandomForestClassifier,0.5006421609606452,F1 VALIDATION
1h,TRXUSDT_1h,RandomForestClassifier,"{1: 0.5952380952380952, 0: 0.40476190476190477}",DESBALANCEO REAL VAL
1h,TRXUSDT_1h,RandomForestClassifier,"{0: 0.7142857142857143, 1: 0.2857142857142857}",DESBALANCEO PREDICCIÓN VAL
1h,TRXUSDT_1h,RandomForestClassifier,0.4936108873963114,F1 VALIDATION
1h,TRXUSDT_1h,RandomForestClassifier,"{1: 0.5952380952380952, 0: 0.40476190476190477}",DESBALANCEO REAL VAL
1h,TRXUSDT_1h,RandomForestClassifier,"{0: 0.6587301587301587, 1: 0.3412698412698413}",DESBALANCEO PREDICCIÓN VAL
1h,TRXUSDT_1h,RandomForestClassifier,0.49617269887276566,F1 VALIDATION
1h,TRXUSDT_1h,RandomForestClassifier,"{1: 0.5952380952380952, 0: 0.40476190476190477}",DESBALANCEO REAL VAL
1h,TRXUSDT_1h,RandomForestClassifier,"{0: 0.6984126984126984, 1: 0.30158730158730157}",DESBALANCEO PREDICCIÓN VAL
1h,TRXUSDT_1h,RandomForestClassifier,0.49940561533869793,F1 VALIDATION
1h,TRXUSDT_1h,RandomForestClassifier,"{1: 0.5952380952380952, 0: 0.40476190476190477}",DESBALANCEO REAL VAL
1h,TRXUSDT_1h,RandomForestClassifier,"{0: 0.6507936507936508, 1: 0.3492063492063492}",DESBALANCEO PREDICCIÓN VAL
1h,TRXUSDT_1h,RandomForestClassifier,0.49874388747119436,F1 VALIDATION
1h,TRXUSDT_1h,RandomForestClassifier,"{1: 0.5952380952380952, 0: 0.40476190476190477}",DESBALANCEO REAL VAL
1h,TRXUSDT_1h,RandomForestClassifier,"{0: 0.6111111111111112, 1: 0.3888888888888889}",DESBALANCEO PREDICCIÓN VAL
1h,TRXUSDT_1h,RandomForestClassifier,0.5064917243427652,F1 VALIDATION
1h,TRXUSDT_1h,RandomForestClassifier,"{1: 0.5952380952380952, 0: 0.40476190476190477}",DESBALANCEO REAL VAL
1h,TRXUSDT_1h,RandomForestClassifier,"{0: 0.6746031746031746, 1: 0.3253968253968254}",DESBALANCEO PREDICCIÓN VAL
1h,TRXUSDT_1h,RandomForestClassifier,0.4890246383549227,F1 VALIDATION
1h,TRXUSDT_1h,RandomForestClassifier,"{1: 0.5952380952380952, 0: 0.40476190476190477}",DESBALANCEO REAL VAL
1h,TRXUSDT_1h,RandomForestClassifier,"{0: 0.5873015873015873, 1: 0.4126984126984127}",DESBALANCEO PREDICCIÓN VAL
1h,TRXUSDT_1h,RandomForestClassifier,0.4935173721436839,F1 VALIDATION
1h,TRXUSDT_1h,RandomForestClassifier,"{1: 0.5952380952380952, 0: 0.40476190476190477}",DESBALANCEO REAL VAL
1h,TRXUSDT_1h,RandomForestClassifier,"{0: 0.6746031746031746, 1: 0.3253968253968254}",DESBALANCEO PREDICCIÓN VAL
1h,TRXUSDT_1h,RandomForestClassifier,0.48407716014153634,FINAL TEST
1h,TRXUSDT_1h,RandomForestClassifier,0.4827306039847372,F1 FINAL TEST
1h,TRXUSDT_1h,RandomForestClassifier,"{1: 0.5171784042917476, 0: 0.4828215957082525}",DESBALANCEO REAL
1h,TRXUSDT_1h,RandomForestClassifier,"{0: 0.5681999771715558, 1: 0.43180002282844426}",DESBALANCEO PREDICCIÓN
1h,LINKUSDT_1h,RandomForestClassifier,0.5203675465605341,F1 VALIDATION
1h,LINKUSDT_1h,RandomForestClassifier,"{1: 0.5317460317460317, 0: 0.46825396825396826}",DESBALANCEO REAL VAL
1h,LINKUSDT_1h,RandomForestClassifier,"{0: 0.5555555555555556, 1: 0.4444444444444444}",DESBALANCEO PREDICCIÓN VAL
1h,LINKUSDT_1h,RandomForestClassifier,0.5256806019859531,F1 VALIDATION
1h,LINKUSDT_1h,RandomForestClassifier,"{1: 0.5317460317460317, 0: 0.46825396825396826}",DESBALANCEO REAL VAL
1h,LINKUSDT_1h,RandomForestClassifier,"{0: 0.6031746031746031, 1: 0.3968253968253968}",DESBALANCEO PREDICCIÓN VAL
1h,LINKUSDT_1h,RandomForestClassifier,0.506857289869851,F1 VALIDATION
1h,LINKUSDT_1h,RandomForestClassifier,"{1: 0.5317460317460317, 0: 0.46825396825396826}",DESBALANCEO REAL VAL
1h,LINKUSDT_1h,RandomForestClassifier,"{0: 0.5873015873015873, 1: 0.4126984126984127}",DESBALANCEO PREDICCIÓN VAL
1h,LINKUSDT_1h,RandomForestClassifier,0.49024684219739,F1 VALIDATION
1h,LINKUSDT_1h,RandomForestClassifier,"{1: 0.5317460317460317, 0: 0.46825396825396826}",DESBALANCEO REAL VAL
1h,LINKUSDT_1h,RandomForestClassifier,"{0: 0.7063492063492064, 1: 0.29365079365079366}",DESBALANCEO PREDICCIÓN VAL
1h,LINKUSDT_1h,RandomForestClassifier,0.5057416728746655,F1 VALIDATION
1h,LINKUSDT_1h,RandomForestClassifier,"{1: 0.5317460317460317, 0: 0.46825396825396826}",DESBALANCEO REAL VAL
1h,LINKUSDT_1h,RandomForestClassifier,"{0: 0.6111111111111112, 1: 0.3888888888888889}",DESBALANCEO PREDICCIÓN VAL
1h,LINKUSDT_1h,RandomForestClassifier,0.4866885501696025,F1 VALIDATION
1h,LINKUSDT_1h,RandomForestClassifier,"{1: 0.5317460317460317, 0: 0.46825396825396826}",DESBALANCEO REAL VAL
1h,LINKUSDT_1h,RandomForestClassifier,"{0: 0.7142857142857143, 1: 0.2857142857142857}",DESBALANCEO PREDICCIÓN VAL
1h,LINKUSDT_1h,RandomForestClassifier,0.518087728858325,F1 VALIDATION
1h,LINKUSDT_1h,RandomForestClassifier,"{1: 0.5317460317460317, 0: 0.46825396825396826}",DESBALANCEO REAL VAL
1h,LINKUSDT_1h,RandomForestClassifier,"{0: 0.5714285714285714, 1: 0.42857142857142855}",DESBALANCEO PREDICCIÓN VAL
1h,LINKUSDT_1h,RandomForestClassifier,0.5189586095092497,F1 VALIDATION
1h,LINKUSDT_1h,RandomForestClassifier,"{1: 0.5317460317460317, 0: 0.46825396825396826}",DESBALANCEO REAL VAL
1h,LINKUSDT_1h,RandomForestClassifier,"{0: 0.5634920634920635, 1: 0.4365079365079365}",DESBALANCEO PREDICCIÓN VAL
1h,LINKUSDT_1h,RandomForestClassifier,0.5112012273930685,F1 VALIDATION
1h,LINKUSDT_1h,RandomForestClassifier,"{1: 0.5317460317460317, 0: 0.46825396825396826}",DESBALANCEO REAL VAL
1h,LINKUSDT_1h,RandomForestClassifier,"{0: 0.6031746031746031, 1: 0.3968253968253968}",DESBALANCEO PREDICCIÓN VAL
1h,LINKUSDT_1h,RandomForestClassifier,0.5225271702459409,F1 VALIDATION
1h,LINKUSDT_1h,RandomForestClassifier,"{1: 0.5317460317460317, 0: 0.46825396825396826}",DESBALANCEO REAL VAL
1h,LINKUSDT_1h,RandomForestClassifier,"{0: 0.6031746031746031, 1: 0.3968253968253968}",DESBALANCEO PREDICCIÓN VAL
1h,LINKUSDT_1h,RandomForestClassifier,0.5057641821709851,FINAL TEST
1h,LINKUSDT_1h,RandomForestClassifier,0.5054718727287764,F1 FINAL TEST
1h,LINKUSDT_1h,RandomForestClassifier,"{0: 0.5116995776737815, 1: 0.48830042232621845}",DESBALANCEO REAL
1h,LINKUSDT_1h,RandomForestClassifier,"{0: 0.5126127154434426, 1: 0.48738728455655744}",DESBALANCEO PREDICCIÓN
1h,AVAXUSDT_1h,RandomForestClassifier,0.5407661814979334,F1 VALIDATION
1h,AVAXUSDT_1h,RandomForestClassifier,"{0: 0.5079365079365079, 1: 0.49206349206349204}",DESBALANCEO REAL VAL
1h,AVAXUSDT_1h,RandomForestClassifier,"{0: 0.6031746031746031, 1: 0.3968253968253968}",DESBALANCEO PREDICCIÓN VAL
1h,AVAXUSDT_1h,RandomForestClassifier,0.5370791876226833,F1 VALIDATION
1h,AVAXUSDT_1h,RandomForestClassifier,"{0: 0.5079365079365079, 1: 0.49206349206349204}",DESBALANCEO REAL VAL
1h,AVAXUSDT_1h,RandomForestClassifier,"{0: 0.6031746031746031, 1: 0.3968253968253968}",DESBALANCEO PREDICCIÓN VAL
1h,AVAXUSDT_1h,RandomForestClassifier,0.5260417950152634,F1 VALIDATION
1h,AVAXUSDT_1h,RandomForestClassifier,"{0: 0.5079365079365079, 1: 0.49206349206349204}",DESBALANCEO REAL VAL
1h,AVAXUSDT_1h,RandomForestClassifier,"{0: 0.5793650793650794, 1: 0.42063492063492064}",DESBALANCEO PREDICCIÓN VAL
1h,AVAXUSDT_1h,RandomForestClassifier,0.5276557514167832,F1 VALIDATION
1h,AVAXUSDT_1h,RandomForestClassifier,"{0: 0.5079365079365079, 1: 0.49206349206349204}",DESBALANCEO REAL VAL
1h,AVAXUSDT_1h,RandomForestClassifier,"{0: 0.5714285714285714, 1: 0.42857142857142855}",DESBALANCEO PREDICCIÓN VAL
1h,AVAXUSDT_1h,RandomForestClassifier,0.5320332678211999,F1 VALIDATION
1h,AVAXUSDT_1h,RandomForestClassifier,"{0: 0.5079365079365079, 1: 0.49206349206349204}",DESBALANCEO REAL VAL
1h,AVAXUSDT_1h,RandomForestClassifier,"{0: 0.6111111111111112, 1: 0.3888888888888889}",DESBALANCEO PREDICCIÓN VAL
1h,AVAXUSDT_1h,RandomForestClassifier,0.5180602473102429,F1 VALIDATION
1h,AVAXUSDT_1h,RandomForestClassifier,"{0: 0.5079365079365079, 1: 0.49206349206349204}",DESBALANCEO REAL VAL
1h,AVAXUSDT_1h,RandomForestClassifier,"{0: 0.5317460317460317, 1: 0.46825396825396826}",DESBALANCEO PREDICCIÓN VAL
1h,AVAXUSDT_1h,RandomForestClassifier,0.5205315406771696,F1 VALIDATION
1h,AVAXUSDT_1h,RandomForestClassifier,"{0: 0.5079365079365079, 1: 0.49206349206349204}",DESBALANCEO REAL VAL
1h,AVAXUSDT_1h,RandomForestClassifier,"{0: 0.6111111111111112, 1: 0.3888888888888889}",DESBALANCEO PREDICCIÓN VAL
1h,AVAXUSDT_1h,RandomForestClassifier,0.5212116053503907,F1 VALIDATION
1h,AVAXUSDT_1h,RandomForestClassifier,"{0: 0.5079365079365079, 1: 0.49206349206349204}",DESBALANCEO REAL VAL
1h,AVAXUSDT_1h,RandomForestClassifier,"{0: 0.5714285714285714, 1: 0.42857142857142855}",DESBALANCEO PREDICCIÓN VAL
1h,AVAXUSDT_1h,RandomForestClassifier,0.5404320947973089,F1 VALIDATION
1h,AVAXUSDT_1h,RandomForestClassifier,"{0: 0.5079365079365079, 1: 0.49206349206349204}",DESBALANCEO REAL VAL
1h,AVAXUSDT_1h,RandomForestClassifier,"{0: 0.6190476190476191, 1: 0.38095238095238093}",DESBALANCEO PREDICCIÓN VAL
1h,AVAXUSDT_1h,RandomForestClassifier,0.49476526218293204,F1 VALIDATION
1h,AVAXUSDT_1h,RandomForestClassifier,"{0: 0.5079365079365079, 1: 0.49206349206349204}",DESBALANCEO REAL VAL
1h,AVAXUSDT_1h,RandomForestClassifier,"{0: 0.5476190476190477, 1: 0.4523809523809524}",DESBALANCEO PREDICCIÓN VAL
1h,AVAXUSDT_1h,RandomForestClassifier,0.5049651866225316,FINAL TEST
1h,AVAXUSDT_1h,RandomForestClassifier,0.503499550396522,F1 FINAL TEST
1h,AVAXUSDT_1h,RandomForestClassifier,"{0: 0.5135258532131035, 1: 0.4864741467868965}",DESBALANCEO REAL
1h,AVAXUSDT_1h,RandomForestClassifier,"{0: 0.5408058440817258, 1: 0.45919415591827417}",DESBALANCEO PREDICCIÓN
1h,BTCUSDT_1h,GradientBoostingClassifier,0.5182898853222271,F1 VALIDATION
1h,BTCUSDT_1h,GradientBoostingClassifier,"{1: 0.5317460317460317, 0: 0.46825396825396826}",DESBALANCEO REAL VAL
1h,BTCUSDT_1h,GradientBoostingClassifier,"{0: 0.5158730158730159, 1: 0.48412698412698413}",DESBALANCEO PREDICCIÓN VAL
1h,BTCUSDT_1h,GradientBoostingClassifier,0.5142152576792477,F1 VALIDATION
1h,BTCUSDT_1h,GradientBoostingClassifier,"{1: 0.5317460317460317, 0: 0.46825396825396826}",DESBALANCEO REAL VAL
1h,BTCUSDT_1h,GradientBoostingClassifier,"{1: 0.5714285714285714, 0: 0.42857142857142855}",DESBALANCEO PREDICCIÓN VAL
1h,BTCUSDT_1h,GradientBoostingClassifier,0.5159362850480795,F1 VALIDATION
1h,BTCUSDT_1h,GradientBoostingClassifier,"{1: 0.5317460317460317, 0: 0.46825396825396826}",DESBALANCEO REAL VAL
1h,BTCUSDT_1h,GradientBoostingClassifier,"{1: 0.5158730158730159, 0: 0.48412698412698413}",DESBALANCEO PREDICCIÓN VAL
1h,BTCUSDT_1h,GradientBoostingClassifier,0.5166748925758219,F1 VALIDATION
1h,BTCUSDT_1h,GradientBoostingClassifier,"{1: 0.5317460317460317, 0: 0.46825396825396826}",DESBALANCEO REAL VAL
1h,BTCUSDT_1h,GradientBoostingClassifier,"{0: 0.5158730158730159, 1: 0.48412698412698413}",DESBALANCEO PREDICCIÓN VAL
1h,BTCUSDT_1h,GradientBoostingClassifier,0.49790663561610743,F1 VALIDATION
1h,BTCUSDT_1h,GradientBoostingClassifier,"{1: 0.5317460317460317, 0: 0.46825396825396826}",DESBALANCEO REAL VAL
1h,BTCUSDT_1h,GradientBoostingClassifier,"{1: 0.5634920634920635, 0: 0.4365079365079365}",DESBALANCEO PREDICCIÓN VAL
1h,BTCUSDT_1h,GradientBoostingClassifier,0.5244708588931932,F1 VALIDATION
1h,BTCUSDT_1h,GradientBoostingClassifier,"{1: 0.5317460317460317, 0: 0.46825396825396826}",DESBALANCEO REAL VAL
1h,BTCUSDT_1h,GradientBoostingClassifier,"{1: 0.5634920634920635, 0: 0.4365079365079365}",DESBALANCEO PREDICCIÓN VAL
1h,BTCUSDT_1h,GradientBoostingClassifier,0.5065402842166048,F1 VALIDATION
1h,BTCUSDT_1h,GradientBoostingClassifier,"{1: 0.5317460317460317, 0: 0.46825396825396826}",DESBALANCEO REAL VAL
1h,BTCUSDT_1h,GradientBoostingClassifier,"{1: 0.6031746031746031, 0: 0.3968253968253968}",DESBALANCEO PREDICCIÓN VAL
1h,BTCUSDT_1h,GradientBoostingClassifier,0.5025150564023025,F1 VALIDATION
1h,BTCUSDT_1h,GradientBoostingClassifier,"{1: 0.5317460317460317, 0: 0.46825396825396826}",DESBALANCEO REAL VAL
1h,BTCUSDT_1h,GradientBoostingClassifier,"{1: 0.5079365079365079, 0: 0.49206349206349204}",DESBALANCEO PREDICCIÓN VAL
1h,BTCUSDT_1h,GradientBoostingClassifier,0.509822357322081,F1 VALIDATION
1h,BTCUSDT_1h,GradientBoostingClassifier,"{1: 0.5317460317460317, 0: 0.46825396825396826}",DESBALANCEO REAL VAL
1h,BTCUSDT_1h,GradientBoostingClassifier,"{0: 0.5, 1: 0.5}",DESBALANCEO PREDICCIÓN VAL
1h,BTCUSDT_1h,GradientBoostingClassifier,0.5352791630388863,F1 VALIDATION
1h,BTCUSDT_1h,GradientBoostingClassifier,"{1: 0.5317460317460317, 0: 0.46825396825396826}",DESBALANCEO REAL VAL
1h,BTCUSDT_1h,GradientBoostingClassifier,"{1: 0.5476190476190477, 0: 0.4523809523809524}",DESBALANCEO PREDICCIÓN VAL
1h,BTCUSDT_1h,GradientBoostingClassifier,0.5062207510558155,FINAL TEST
1h,BTCUSDT_1h,GradientBoostingClassifier,0.5059607074105203,F1 FINAL TEST
1h,BTCUSDT_1h,GradientBoostingClassifier,"{1: 0.5111288665677434, 0: 0.4888711334322566}",DESBALANCEO REAL
1h,BTCUSDT_1h,GradientBoostingClassifier,"{1: 0.5118137198949891, 0: 0.48818628010501086}",DESBALANCEO PREDICCIÓN
1h,ETHUSDT_1h,GradientBoostingClassifier,0.525532733841209,F1 VALIDATION
1h,ETHUSDT_1h,GradientBoostingClassifier,"{1: 0.5317460317460317, 0: 0.46825396825396826}",DESBALANCEO REAL VAL
1h,ETHUSDT_1h,GradientBoostingClassifier,"{0: 0.5714285714285714, 1: 0.42857142857142855}",DESBALANCEO PREDICCIÓN VAL
1h,ETHUSDT_1h,GradientBoostingClassifier,0.49373624419205964,F1 VALIDATION
1h,ETHUSDT_1h,GradientBoostingClassifier,"{1: 0.5317460317460317, 0: 0.46825396825396826}",DESBALANCEO REAL VAL
1h,ETHUSDT_1h,GradientBoostingClassifier,"{1: 0.5396825396825397, 0: 0.4603174603174603}",DESBALANCEO PREDICCIÓN VAL
1h,ETHUSDT_1h,GradientBoostingClassifier,0.5220792578955926,F1 VALIDATION
1h,ETHUSDT_1h,GradientBoostingClassifier,"{1: 0.5317460317460317, 0: 0.46825396825396826}",DESBALANCEO REAL VAL
1h,ETHUSDT_1h,GradientBoostingClassifier,"{0: 0.5396825396825397, 1: 0.4603174603174603}",DESBALANCEO PREDICCIÓN VAL
1h,ETHUSDT_1h,GradientBoostingClassifier,0.48771355235432595,F1 VALIDATION
1h,ETHUSDT_1h,GradientBoostingClassifier,"{1: 0.5317460317460317, 0: 0.46825396825396826}",DESBALANCEO REAL VAL
1h,ETHUSDT_1h,GradientBoostingClassifier,"{0: 0.5158730158730159, 1: 0.48412698412698413}",DESBALANCEO PREDICCIÓN VAL
1h,ETHUSDT_1h,GradientBoostingClassifier,0.5151507933959071,F1 VALIDATION
1h,ETHUSDT_1h,GradientBoostingClassifier,"{1: 0.5317460317460317, 0: 0.46825396825396826}",DESBALANCEO REAL VAL
1h,ETHUSDT_1h,GradientBoostingClassifier,"{0: 0.5396825396825397, 1: 0.4603174603174603}",DESBALANCEO PREDICCIÓN VAL
1h,ETHUSDT_1h,GradientBoostingClassifier,0.501907127039261,F1 VALIDATION
1h,ETHUSDT_1h,GradientBoostingClassifier,"{1: 0.5317460317460317, 0: 0.46825396825396826}",DESBALANCEO REAL VAL
1h,ETHUSDT_1h,GradientBoostingClassifier,"{0: 0.6349206349206349, 1: 0.36507936507936506}",DESBALANCEO PREDICCIÓN VAL
1h,ETHUSDT_1h,GradientBoostingClassifier,0.5308291193109647,F1 VALIDATION
1h,ETHUSDT_1h,GradientBoostingClassifier,"{1: 0.5317460317460317, 0: 0.46825396825396826}",DESBALANCEO REAL VAL
1h,ETHUSDT_1h,GradientBoostingClassifier,"{0: 0.5238095238095238, 1: 0.47619047619047616}",DESBALANCEO PREDICCIÓN VAL
1h,ETHUSDT_1h,GradientBoostingClassifier,0.5278617064054165,F1 VALIDATION
1h,ETHUSDT_1h,GradientBoostingClassifier,"{1: 0.5317460317460317, 0: 0.46825396825396826}",DESBALANCEO REAL VAL
1h,ETHUSDT_1h,GradientBoostingClassifier,"{0: 0.5396825396825397, 1: 0.4603174603174603}",DESBALANCEO PREDICCIÓN VAL
1h,ETHUSDT_1h,GradientBoostingClassifier,0.5148587178318642,F1 VALIDATION
1h,ETHUSDT_1h,GradientBoostingClassifier,"{1: 0.5317460317460317, 0: 0.46825396825396826}",DESBALANCEO REAL VAL
1h,ETHUSDT_1h,GradientBoostingClassifier,"{0: 0.5476190476190477, 1: 0.4523809523809524}",DESBALANCEO PREDICCIÓN VAL
1h,ETHUSDT_1h,GradientBoostingClassifier,0.5102819348220858,F1 VALIDATION
1h,ETHUSDT_1h,GradientBoostingClassifier,"{1: 0.5317460317460317, 0: 0.46825396825396826}",DESBALANCEO REAL VAL
1h,ETHUSDT_1h,GradientBoostingClassifier,"{1: 0.5317460317460317, 0: 0.46825396825396826}",DESBALANCEO PREDICCIÓN VAL
1h,ETHUSDT_1h,GradientBoostingClassifier,0.5129551421070654,FINAL TEST
1h,ETHUSDT_1h,GradientBoostingClassifier,0.512140525167925,F1 FINAL TEST
1h,ETHUSDT_1h,GradientBoostingClassifier,"{1: 0.5079328843739299, 0: 0.4920671156260701}",DESBALANCEO REAL
1h,ETHUSDT_1h,GradientBoostingClassifier,"{0: 0.5487957995662596, 1: 0.45120420043374043}",DESBALANCEO PREDICCIÓN
1h,XRPUSDT_1h,GradientBoostingClassifier,0.5561577232083307,F1 VALIDATION
1h,XRPUSDT_1h,GradientBoostingClassifier,"{1: 0.5476190476190477, 0: 0.4523809523809524}",DESBALANCEO REAL VAL
1h,XRPUSDT_1h,GradientBoostingClassifier,"{1: 0.5555555555555556, 0: 0.4444444444444444}",DESBALANCEO PREDICCIÓN VAL
1h,XRPUSDT_1h,GradientBoostingClassifier,0.49771807925090705,F1 VALIDATION
1h,XRPUSDT_1h,GradientBoostingClassifier,"{1: 0.5476190476190477, 0: 0.4523809523809524}",DESBALANCEO REAL VAL
1h,XRPUSDT_1h,GradientBoostingClassifier,"{0: 0.5317460317460317, 1: 0.46825396825396826}",DESBALANCEO PREDICCIÓN VAL
1h,XRPUSDT_1h,GradientBoostingClassifier,0.5177343690183652,F1 VALIDATION
1h,XRPUSDT_1h,GradientBoostingClassifier,"{1: 0.5476190476190477, 0: 0.4523809523809524}",DESBALANCEO REAL VAL
1h,XRPUSDT_1h,GradientBoostingClassifier,"{0: 0.5, 1: 0.5}",DESBALANCEO PREDICCIÓN VAL
1h,XRPUSDT_1h,GradientBoostingClassifier,0.5079870725696333,F1 VALIDATION
1h,XRPUSDT_1h,GradientBoostingClassifier,"{1: 0.5476190476190477, 0: 0.4523809523809524}",DESBALANCEO REAL VAL
1h,XRPUSDT_1h,GradientBoostingClassifier,"{0: 0.5476190476190477, 1: 0.4523809523809524}",DESBALANCEO PREDICCIÓN VAL
1h,XRPUSDT_1h,GradientBoostingClassifier,0.5213226699783783,F1 VALIDATION
1h,XRPUSDT_1h,GradientBoostingClassifier,"{1: 0.5476190476190477, 0: 0.4523809523809524}",DESBALANCEO REAL VAL
1h,XRPUSDT_1h,GradientBoostingClassifier,"{0: 0.5, 1: 0.5}",DESBALANCEO PREDICCIÓN VAL
1h,XRPUSDT_1h,GradientBoostingClassifier,0.518175409197911,F1 VALIDATION
1h,XRPUSDT_1h,GradientBoostingClassifier,"{1: 0.5476190476190477, 0: 0.4523809523809524}",DESBALANCEO REAL VAL
1h,XRPUSDT_1h,GradientBoostingClassifier,"{1: 0.5158730158730159, 0: 0.48412698412698413}",DESBALANCEO PREDICCIÓN VAL
1h,XRPUSDT_1h,GradientBoostingClassifier,0.5459918401393006,F1 VALIDATION
1h,XRPUSDT_1h,GradientBoostingClassifier,"{1: 0.5476190476190477, 0: 0.4523809523809524}",DESBALANCEO REAL VAL
1h,XRPUSDT_1h,GradientBoostingClassifier,"{1: 0.5555555555555556, 0: 0.4444444444444444}",DESBALANCEO PREDICCIÓN VAL
1h,XRPUSDT_1h,GradientBoostingClassifier,0.4948669752152993,F1 VALIDATION
1h,XRPUSDT_1h,GradientBoostingClassifier,"{1: 0.5476190476190477, 0: 0.4523809523809524}",DESBALANCEO REAL VAL
1h,XRPUSDT_1h,GradientBoostingClassifier,"{0: 0.5476190476190477, 1: 0.4523809523809524}",DESBALANCEO PREDICCIÓN VAL
1h,XRPUSDT_1h,GradientBoostingClassifier,0.520365429511276,F1 VALIDATION
1h,XRPUSDT_1h,GradientBoostingClassifier,"{1: 0.5476190476190477, 0: 0.4523809523809524}",DESBALANCEO REAL VAL
1h,XRPUSDT_1h,GradientBoostingClassifier,"{1: 0.5317460317460317, 0: 0.46825396825396826}",DESBALANCEO PREDICCIÓN VAL
1h,XRPUSDT_1h,GradientBoostingClassifier,0.5439688937819487,F1 VALIDATION
1h,XRPUSDT_1h,GradientBoostingClassifier,"{1: 0.5476190476190477, 0: 0.4523809523809524}",DESBALANCEO REAL VAL
1h,XRPUSDT_1h,GradientBoostingClassifier,"{1: 0.5476190476190477, 0: 0.4523809523809524}",DESBALANCEO PREDICCIÓN VAL
1h,XRPUSDT_1h,GradientBoostingClassifier,0.5138682798767265,FINAL TEST
1h,XRPUSDT_1h,GradientBoostingClassifier,0.5137997666406647,F1 FINAL TEST
1h,XRPUSDT_1h,GradientBoostingClassifier,"{1: 0.502454057755964, 0: 0.4975459422440361}",DESBALANCEO REAL
1h,XRPUSDT_1h,GradientBoostingClassifier,"{0: 0.5143248487615569, 1: 0.4856751512384431}",DESBALANCEO PREDICCIÓN
1h,BNBUSDT_1h,GradientBoostingClassifier,0.5369666901850809,F1 VALIDATION
1h,BNBUSDT_1h,GradientBoostingClassifier,"{1: 0.5158730158730159, 0: 0.48412698412698413}",DESBALANCEO REAL VAL
1h,BNBUSDT_1h,GradientBoostingClassifier,"{1: 0.626984126984127, 0: 0.373015873015873}",DESBALANCEO PREDICCIÓN VAL
1h,BNBUSDT_1h,GradientBoostingClassifier,0.5306118897795409,F1 VALIDATION
1h,BNBUSDT_1h,GradientBoostingClassifier,"{1: 0.5158730158730159, 0: 0.48412698412698413}",DESBALANCEO REAL VAL
1h,BNBUSDT_1h,GradientBoostingClassifier,"{1: 0.5317460317460317, 0: 0.46825396825396826}",DESBALANCEO PREDICCIÓN VAL
1h,BNBUSDT_1h,GradientBoostingClassifier,0.5194784478359029,F1 VALIDATION
1h,BNBUSDT_1h,GradientBoostingClassifier,"{1: 0.5158730158730159, 0: 0.48412698412698413}",DESBALANCEO REAL VAL
1h,BNBUSDT_1h,GradientBoostingClassifier,"{1: 0.6428571428571429, 0: 0.35714285714285715}",DESBALANCEO PREDICCIÓN VAL
1h,BNBUSDT_1h,GradientBoostingClassifier,0.5391632138805408,F1 VALIDATION
1h,BNBUSDT_1h,GradientBoostingClassifier,"{1: 0.5158730158730159, 0: 0.48412698412698413}",DESBALANCEO REAL VAL
1h,BNBUSDT_1h,GradientBoostingClassifier,"{1: 0.6031746031746031, 0: 0.3968253968253968}",DESBALANCEO PREDICCIÓN VAL
1h,BNBUSDT_1h,GradientBoostingClassifier,0.5298503452212064,F1 VALIDATION
1h,BNBUSDT_1h,GradientBoostingClassifier,"{1: 0.5158730158730159, 0: 0.48412698412698413}",DESBALANCEO REAL VAL
1h,BNBUSDT_1h,GradientBoostingClassifier,"{1: 0.626984126984127, 0: 0.373015873015873}",DESBALANCEO PREDICCIÓN VAL
1h,BNBUSDT_1h,GradientBoostingClassifier,0.538328991368905,F1 VALIDATION
1h,BNBUSDT_1h,GradientBoostingClassifier,"{1: 0.5158730158730159, 0: 0.48412698412698413}",DESBALANCEO REAL VAL
1h,BNBUSDT_1h,GradientBoostingClassifier,"{1: 0.5793650793650794, 0: 0.42063492063492064}",DESBALANCEO PREDICCIÓN VAL
1h,BNBUSDT_1h,GradientBoostingClassifier,0.5487224415038235,F1 VALIDATION
1h,BNBUSDT_1h,GradientBoostingClassifier,"{1: 0.5158730158730159, 0: 0.48412698412698413}",DESBALANCEO REAL VAL
1h,BNBUSDT_1h,GradientBoostingClassifier,"{1: 0.6190476190476191, 0: 0.38095238095238093}",DESBALANCEO PREDICCIÓN VAL
1h,BNBUSDT_1h,GradientBoostingClassifier,0.5070046419569165,F1 VALIDATION
1h,BNBUSDT_1h,GradientBoostingClassifier,"{1: 0.5158730158730159, 0: 0.48412698412698413}",DESBALANCEO REAL VAL
1h,BNBUSDT_1h,GradientBoostingClassifier,"{1: 0.5793650793650794, 0: 0.42063492063492064}",DESBALANCEO PREDICCIÓN VAL
1h,BNBUSDT_1h,GradientBoostingClassifier,0.5497896523555196,F1 VALIDATION
1h,BNBUSDT_1h,GradientBoostingClassifier,"{1: 0.5158730158730159, 0: 0.48412698412698413}",DESBALANCEO REAL VAL
1h,BNBUSDT_1h,GradientBoostingClassifier,"{1: 0.6666666666666666, 0: 0.3333333333333333}",DESBALANCEO PREDICCIÓN VAL
1h,BNBUSDT_1h,GradientBoostingClassifier,0.5384049818606564,F1 VALIDATION
1h,BNBUSDT_1h,GradientBoostingClassifier,"{1: 0.5158730158730159, 0: 0.48412698412698413}",DESBALANCEO REAL VAL
1h,BNBUSDT_1h,GradientBoostingClassifier,"{1: 0.5714285714285714, 0: 0.42857142857142855}",DESBALANCEO PREDICCIÓN VAL
1h,BNBUSDT_1h,GradientBoostingClassifier,0.513982422097934,FINAL TEST
1h,BNBUSDT_1h,GradientBoostingClassifier,0.5138669930042519,F1 FINAL TEST
1h,BNBUSDT_1h,GradientBoostingClassifier,"{1: 0.5145531332039721, 0: 0.48544686679602783}",DESBALANCEO REAL
1h,BNBUSDT_1h,GradientBoostingClassifier,"{0: 0.5299623330670015, 1: 0.47003766693299853}",DESBALANCEO PREDICCIÓN
1h,SOLUSDT_1h,GradientBoostingClassifier,0.5017123271466273,F1 VALIDATION
1h,SOLUSDT_1h,GradientBoostingClassifier,"{1: 0.5476190476190477, 0: 0.4523809523809524}",DESBALANCEO REAL VAL
1h,SOLUSDT_1h,GradientBoostingClassifier,"{0: 0.5634920634920635, 1: 0.4365079365079365}",DESBALANCEO PREDICCIÓN VAL
1h,SOLUSDT_1h,GradientBoostingClassifier,0.5202541567252019,F1 VALIDATION
1h,SOLUSDT_1h,GradientBoostingClassifier,"{1: 0.5476190476190477, 0: 0.4523809523809524}",DESBALANCEO REAL VAL
1h,SOLUSDT_1h,GradientBoostingClassifier,"{0: 0.6666666666666666, 1: 0.3333333333333333}",DESBALANCEO PREDICCIÓN VAL
1h,SOLUSDT_1h,GradientBoostingClassifier,0.5075239202199169,F1 VALIDATION
1h,SOLUSDT_1h,GradientBoostingClassifier,"{1: 0.5476190476190477, 0: 0.4523809523809524}",DESBALANCEO REAL VAL
1h,SOLUSDT_1h,GradientBoostingClassifier,"{0: 0.5555555555555556, 1: 0.4444444444444444}",DESBALANCEO PREDICCIÓN VAL
1h,SOLUSDT_1h,GradientBoostingClassifier,0.5325362703926786,F1 VALIDATION
1h,SOLUSDT_1h,GradientBoostingClassifier,"{1: 0.5476190476190477, 0: 0.4523809523809524}",DESBALANCEO REAL VAL
1h,SOLUSDT_1h,GradientBoostingClassifier,"{0: 0.6428571428571429, 1: 0.35714285714285715}",DESBALANCEO PREDICCIÓN VAL
1h,SOLUSDT_1h,GradientBoostingClassifier,0.5005198684308072,F1 VALIDATION
1h,SOLUSDT_1h,GradientBoostingClassifier,"{1: 0.5476190476190477, 0: 0.4523809523809524}",DESBALANCEO REAL VAL
1h,SOLUSDT_1h,GradientBoostingClassifier,"{1: 0.5, 0: 0.5}",DESBALANCEO PREDICCIÓN VAL
1h,SOLUSDT_1h,GradientBoostingClassifier,0.5254118570391073,F1 VALIDATION
1h,SOLUSDT_1h,GradientBoostingClassifier,"{1: 0.5476190476190477, 0: 0.4523809523809524}",DESBALANCEO REAL VAL
1h,SOLUSDT_1h,GradientBoostingClassifier,"{0: 0.5952380952380952, 1: 0.40476190476190477}",DESBALANCEO PREDICCIÓN VAL
1h,SOLUSDT_1h,GradientBoostingClassifier,0.5040199544554798,F1 VALIDATION
1h,SOLUSDT_1h,GradientBoostingClassifier,"{1: 0.5476190476190477, 0: 0.4523809523809524}",DESBALANCEO REAL VAL
1h,SOLUSDT_1h,GradientBoostingClassifier,"{0: 0.6111111111111112, 1: 0.3888888888888889}",DESBALANCEO PREDICCIÓN VAL
1h,SOLUSDT_1h,GradientBoostingClassifier,0.529926404754748,F1 VALIDATION
1h,SOLUSDT_1h,GradientBoostingClassifier,"{1: 0.5476190476190477, 0: 0.4523809523809524}",DESBALANCEO REAL VAL
1h,SOLUSDT_1h,GradientBoostingClassifier,"{0: 0.5238095238095238, 1: 0.47619047619047616}",DESBALANCEO PREDICCIÓN VAL
1h,SOLUSDT_1h,GradientBoostingClassifier,0.5190721547892603,F1 VALIDATION
1h,SOLUSDT_1h,GradientBoostingClassifier,"{1: 0.5476190476190477, 0: 0.4523809523809524}",DESBALANCEO REAL VAL
1h,SOLUSDT_1h,GradientBoostingClassifier,"{0: 0.5873015873015873, 1: 0.4126984126984127}",DESBALANCEO PREDICCIÓN VAL
1h,SOLUSDT_1h,GradientBoostingClassifier,0.5274950085845969,F1 VALIDATION
1h,SOLUSDT_1h,GradientBoostingClassifier,"{1: 0.5476190476190477, 0: 0.4523809523809524}",DESBALANCEO REAL VAL
1h,SOLUSDT_1h,GradientBoostingClassifier,"{0: 0.6031746031746031, 1: 0.3968253968253968}",DESBALANCEO PREDICCIÓN VAL
1h,SOLUSDT_1h,GradientBoostingClassifier,0.5177491153977857,FINAL TEST
1h,SOLUSDT_1h,GradientBoostingClassifier,0.5038570307347409,F1 FINAL TEST
1h,SOLUSDT_1h,GradientBoostingClassifier,"{1: 0.5053076132861546, 0: 0.49469238671384547}",DESBALANCEO REAL
1h,SOLUSDT_1h,GradientBoostingClassifier,"{0: 0.6726401095765323, 1: 0.32735989042346764}",DESBALANCEO PREDICCIÓN
1h,ADAUSDT_1h,GradientBoostingClassifier,0.5654303440532743,F1 VALIDATION
1h,ADAUSDT_1h,GradientBoostingClassifier,"{1: 0.5238095238095238, 0: 0.47619047619047616}",DESBALANCEO REAL VAL
1h,ADAUSDT_1h,GradientBoostingClassifier,"{0: 0.5714285714285714, 1: 0.42857142857142855}",DESBALANCEO PREDICCIÓN VAL
1h,ADAUSDT_1h,GradientBoostingClassifier,0.5067842127437225,F1 VALIDATION
1h,ADAUSDT_1h,GradientBoostingClassifier,"{1: 0.5238095238095238, 0: 0.47619047619047616}",DESBALANCEO REAL VAL
1h,ADAUSDT_1h,GradientBoostingClassifier,"{0: 0.6587301587301587, 1: 0.3412698412698413}",DESBALANCEO PREDICCIÓN VAL
1h,ADAUSDT_1h,GradientBoostingClassifier,0.5030628903222971,F1 VALIDATION
1h,ADAUSDT_1h,GradientBoostingClassifier,"{1: 0.5238095238095238, 0: 0.47619047619047616}",DESBALANCEO REAL VAL
1h,ADAUSDT_1h,GradientBoostingClassifier,"{0: 0.6507936507936508, 1: 0.3492063492063492}",DESBALANCEO PREDICCIÓN VAL
1h,ADAUSDT_1h,GradientBoostingClassifier,0.49496887404386136,F1 VALIDATION
1h,ADAUSDT_1h,GradientBoostingClassifier,"{1: 0.5238095238095238, 0: 0.47619047619047616}",DESBALANCEO REAL VAL
1h,ADAUSDT_1h,GradientBoostingClassifier,"{0: 0.6111111111111112, 1: 0.3888888888888889}",DESBALANCEO PREDICCIÓN VAL
1h,ADAUSDT_1h,GradientBoostingClassifier,0.5006937900828774,F1 VALIDATION
1h,ADAUSDT_1h,GradientBoostingClassifier,"{1: 0.5238095238095238, 0: 0.47619047619047616}",DESBALANCEO REAL VAL
1h,ADAUSDT_1h,GradientBoostingClassifier,"{0: 0.626984126984127, 1: 0.373015873015873}",DESBALANCEO PREDICCIÓN VAL
1h,ADAUSDT_1h,GradientBoostingClassifier,0.5150517189548556,F1 VALIDATION
1h,ADAUSDT_1h,GradientBoostingClassifier,"{1: 0.5238095238095238, 0: 0.47619047619047616}",DESBALANCEO REAL VAL
1h,ADAUSDT_1h,GradientBoostingClassifier,"{0: 0.6190476190476191, 1: 0.38095238095238093}",DESBALANCEO PREDICCIÓN VAL
1h,ADAUSDT_1h,GradientBoostingClassifier,0.5131508297550603,F1 VALIDATION
1h,ADAUSDT_1h,GradientBoostingClassifier,"{1: 0.5238095238095238, 0: 0.47619047619047616}",DESBALANCEO REAL VAL
1h,ADAUSDT_1h,GradientBoostingClassifier,"{0: 0.6746031746031746, 1: 0.3253968253968254}",DESBALANCEO PREDICCIÓN VAL
1h,ADAUSDT_1h,GradientBoostingClassifier,0.5179967098338993,F1 VALIDATION
1h,ADAUSDT_1h,GradientBoostingClassifier,"{1: 0.5238095238095238, 0: 0.47619047619047616}",DESBALANCEO REAL VAL
1h,ADAUSDT_1h,GradientBoostingClassifier,"{0: 0.6904761904761905, 1: 0.30952380952380953}",DESBALANCEO PREDICCIÓN VAL
1h,ADAUSDT_1h,GradientBoostingClassifier,0.5177101860983953,F1 VALIDATION
1h,ADAUSDT_1h,GradientBoostingClassifier,"{1: 0.5238095238095238, 0: 0.47619047619047616}",DESBALANCEO REAL VAL
1h,ADAUSDT_1h,GradientBoostingClassifier,"{0: 0.5873015873015873, 1: 0.4126984126984127}",DESBALANCEO PREDICCIÓN VAL
1h,ADAUSDT_1h,GradientBoostingClassifier,0.5165123520929876,F1 VALIDATION
1h,ADAUSDT_1h,GradientBoostingClassifier,"{1: 0.5238095238095238, 0: 0.47619047619047616}",DESBALANCEO REAL VAL
1h,ADAUSDT_1h,GradientBoostingClassifier,"{0: 0.5873015873015873, 1: 0.4126984126984127}",DESBALANCEO PREDICCIÓN VAL
1h,ADAUSDT_1h,GradientBoostingClassifier,0.5074763154890994,FINAL TEST
1h,ADAUSDT_1h,GradientBoostingClassifier,0.5074042055598306,F1 FINAL TEST
1h,ADAUSDT_1h,GradientBoostingClassifier,"{0: 0.5064490354982308, 1: 0.4935509645017692}",DESBALANCEO REAL
1h,ADAUSDT_1h,GradientBoostingClassifier,"{0: 0.5056500399497774, 1: 0.4943499600502226}",DESBALANCEO PREDICCIÓN
1h,TRXUSDT_1h,GradientBoostingClassifier,0.4840403653319104,F1 VALIDATION
1h,TRXUSDT_1h,GradientBoostingClassifier,"{1: 0.5952380952380952, 0: 0.40476190476190477}",DESBALANCEO REAL VAL
1h,TRXUSDT_1h,GradientBoostingClassifier,"{0: 0.6031746031746031, 1: 0.3968253968253968}",DESBALANCEO PREDICCIÓN VAL
1h,TRXUSDT_1h,GradientBoostingClassifier,0.48505184821498676,F1 VALIDATION
1h,TRXUSDT_1h,GradientBoostingClassifier,"{1: 0.5952380952380952, 0: 0.40476190476190477}",DESBALANCEO REAL VAL
1h,TRXUSDT_1h,GradientBoostingClassifier,"{0: 0.6666666666666666, 1: 0.3333333333333333}",DESBALANCEO PREDICCIÓN VAL
1h,TRXUSDT_1h,GradientBoostingClassifier,0.48311493801754307,F1 VALIDATION
1h,TRXUSDT_1h,GradientBoostingClassifier,"{1: 0.5952380952380952, 0: 0.40476190476190477}",DESBALANCEO REAL VAL
1h,TRXUSDT_1h,GradientBoostingClassifier,"{0: 0.6904761904761905, 1: 0.30952380952380953}",DESBALANCEO PREDICCIÓN VAL
1h,TRXUSDT_1h,GradientBoostingClassifier,0.46999853194706986,F1 VALIDATION
1h,TRXUSDT_1h,GradientBoostingClassifier,"{1: 0.5952380952380952, 0: 0.40476190476190477}",DESBALANCEO REAL VAL
1h,TRXUSDT_1h,GradientBoostingClassifier,"{1: 0.5079365079365079, 0: 0.49206349206349204}",DESBALANCEO PREDICCIÓN VAL
1h,TRXUSDT_1h,GradientBoostingClassifier,0.47838039553639566,F1 VALIDATION
1h,TRXUSDT_1h,GradientBoostingClassifier,"{1: 0.5952380952380952, 0: 0.40476190476190477}",DESBALANCEO REAL VAL
1h,TRXUSDT_1h,GradientBoostingClassifier,"{0: 0.6428571428571429, 1: 0.35714285714285715}",DESBALANCEO PREDICCIÓN VAL
1h,TRXUSDT_1h,GradientBoostingClassifier,0.4706327262048128,F1 VALIDATION
1h,TRXUSDT_1h,GradientBoostingClassifier,"{1: 0.5952380952380952, 0: 0.40476190476190477}",DESBALANCEO REAL VAL
1h,TRXUSDT_1h,GradientBoostingClassifier,"{0: 0.6587301587301587, 1: 0.3412698412698413}",DESBALANCEO PREDICCIÓN VAL
1h,TRXUSDT_1h,GradientBoostingClassifier,0.4971180179133238,F1 VALIDATION
1h,TRXUSDT_1h,GradientBoostingClassifier,"{1: 0.5952380952380952, 0: 0.40476190476190477}",DESBALANCEO REAL VAL
1h,TRXUSDT_1h,GradientBoostingClassifier,"{0: 0.746031746031746, 1: 0.25396825396825395}",DESBALANCEO PREDICCIÓN VAL
1h,TRXUSDT_1h,GradientBoostingClassifier,0.4881572877281428,F1 VALIDATION
1h,TRXUSDT_1h,GradientBoostingClassifier,"{1: 0.5952380952380952, 0: 0.40476190476190477}",DESBALANCEO REAL VAL
1h,TRXUSDT_1h,GradientBoostingClassifier,"{0: 0.6904761904761905, 1: 0.30952380952380953}",DESBALANCEO PREDICCIÓN VAL
1h,TRXUSDT_1h,GradientBoostingClassifier,0.4920759799005932,F1 VALIDATION
1h,TRXUSDT_1h,GradientBoostingClassifier,"{1: 0.5952380952380952, 0: 0.40476190476190477}",DESBALANCEO REAL VAL
1h,TRXUSDT_1h,GradientBoostingClassifier,"{0: 0.5476190476190477, 1: 0.4523809523809524}",DESBALANCEO PREDICCIÓN VAL
1h,TRXUSDT_1h,GradientBoostingClassifier,0.4999871300940811,F1 VALIDATION
1h,TRXUSDT_1h,GradientBoostingClassifier,"{1: 0.5952380952380952, 0: 0.40476190476190477}",DESBALANCEO REAL VAL
1h,TRXUSDT_1h,GradientBoostingClassifier,"{0: 0.5952380952380952, 1: 0.40476190476190477}",DESBALANCEO PREDICCIÓN VAL
1h,TRXUSDT_1h,GradientBoostingClassifier,0.5098733021344596,FINAL TEST
1h,TRXUSDT_1h,GradientBoostingClassifier,0.5098625677233489,F1 FINAL TEST
1h,TRXUSDT_1h,GradientBoostingClassifier,"{1: 0.5171784042917476, 0: 0.4828215957082525}",DESBALANCEO REAL
1h,TRXUSDT_1h,GradientBoostingClassifier,"{0: 0.5124985732222349, 1: 0.4875014267777651}",DESBALANCEO PREDICCIÓN
1h,LINKUSDT_1h,GradientBoostingClassifier,0.501251631801409,F1 VALIDATION
1h,LINKUSDT_1h,GradientBoostingClassifier,"{1: 0.5317460317460317, 0: 0.46825396825396826}",DESBALANCEO REAL VAL
1h,LINKUSDT_1h,GradientBoostingClassifier,"{0: 0.5317460317460317, 1: 0.46825396825396826}",DESBALANCEO PREDICCIÓN VAL
1h,LINKUSDT_1h,GradientBoostingClassifier,0.524863935216701,F1 VALIDATION
1h,LINKUSDT_1h,GradientBoostingClassifier,"{1: 0.5317460317460317, 0: 0.46825396825396826}",DESBALANCEO REAL VAL
1h,LINKUSDT_1h,GradientBoostingClassifier,"{0: 0.5952380952380952, 1: 0.40476190476190477}",DESBALANCEO PREDICCIÓN VAL
1h,LINKUSDT_1h,GradientBoostingClassifier,0.49916004290676524,F1 VALIDATION
1h,LINKUSDT_1h,GradientBoostingClassifier,"{1: 0.5317460317460317, 0: 0.46825396825396826}",DESBALANCEO REAL VAL
1h,LINKUSDT_1h,GradientBoostingClassifier,"{0: 0.5555555555555556, 1: 0.4444444444444444}",DESBALANCEO PREDICCIÓN VAL
1h,LINKUSDT_1h,GradientBoostingClassifier,0.48302905530810075,F1 VALIDATION
1h,LINKUSDT_1h,GradientBoostingClassifier,"{1: 0.5317460317460317, 0: 0.46825396825396826}",DESBALANCEO REAL VAL
1h,LINKUSDT_1h,GradientBoostingClassifier,"{0: 0.5873015873015873, 1: 0.4126984126984127}",DESBALANCEO PREDICCIÓN VAL
1h,LINKUSDT_1h,GradientBoostingClassifier,0.531515519302818,F1 VALIDATION
1h,LINKUSDT_1h,GradientBoostingClassifier,"{1: 0.5317460317460317, 0: 0.46825396825396826}",DESBALANCEO REAL VAL
1h,LINKUSDT_1h,GradientBoostingClassifier,"{0: 0.5634920634920635, 1: 0.4365079365079365}",DESBALANCEO PREDICCIÓN VAL
1h,LINKUSDT_1h,GradientBoostingClassifier,0.4864392826550394,F1 VALIDATION
1h,LINKUSDT_1h,GradientBoostingClassifier,"{1: 0.5317460317460317, 0: 0.46825396825396826}",DESBALANCEO REAL VAL
1h,LINKUSDT_1h,GradientBoostingClassifier,"{0: 0.6031746031746031, 1: 0.3968253968253968}",DESBALANCEO PREDICCIÓN VAL
1h,LINKUSDT_1h,GradientBoostingClassifier,0.5009342871525273,F1 VALIDATION
1h,LINKUSDT_1h,GradientBoostingClassifier,"{1: 0.5317460317460317, 0: 0.46825396825396826}",DESBALANCEO REAL VAL
1h,LINKUSDT_1h,GradientBoostingClassifier,"{0: 0.5714285714285714, 1: 0.42857142857142855}",DESBALANCEO PREDICCIÓN VAL
1h,LINKUSDT_1h,GradientBoostingClassifier,0.4792695730465894,F1 VALIDATION
1h,LINKUSDT_1h,GradientBoostingClassifier,"{1: 0.5317460317460317, 0: 0.46825396825396826}",DESBALANCEO REAL VAL
1h,LINKUSDT_1h,GradientBoostingClassifier,"{0: 0.5952380952380952, 1: 0.40476190476190477}",DESBALANCEO PREDICCIÓN VAL
1h,LINKUSDT_1h,GradientBoostingClassifier,0.5083261709835185,F1 VALIDATION
1h,LINKUSDT_1h,GradientBoostingClassifier,"{1: 0.5317460317460317, 0: 0.46825396825396826}",DESBALANCEO REAL VAL
1h,LINKUSDT_1h,GradientBoostingClassifier,"{0: 0.5634920634920635, 1: 0.4365079365079365}",DESBALANCEO PREDICCIÓN VAL
1h,LINKUSDT_1h,GradientBoostingClassifier,0.5132713566910214,F1 VALIDATION
1h,LINKUSDT_1h,GradientBoostingClassifier,"{1: 0.5317460317460317, 0: 0.46825396825396826}",DESBALANCEO REAL VAL
1h,LINKUSDT_1h,GradientBoostingClassifier,"{0: 0.5793650793650794, 1: 0.42063492063492064}",DESBALANCEO PREDICCIÓN VAL
1h,LINKUSDT_1h,GradientBoostingClassifier,0.49674694669558267,FINAL TEST
1h,LINKUSDT_1h,GradientBoostingClassifier,0.496217560826802,F1 FINAL TEST
1h,LINKUSDT_1h,GradientBoostingClassifier,"{0: 0.5116995776737815, 1: 0.48830042232621845}",DESBALANCEO REAL
1h,LINKUSDT_1h,GradientBoostingClassifier,"{0: 0.5207168131491838, 1: 0.4792831868508161}",DESBALANCEO PREDICCIÓN
1h,AVAXUSDT_1h,GradientBoostingClassifier,0.5243072972475435,F1 VALIDATION
1h,AVAXUSDT_1h,GradientBoostingClassifier,"{0: 0.5079365079365079, 1: 0.49206349206349204}",DESBALANCEO REAL VAL
1h,AVAXUSDT_1h,GradientBoostingClassifier,"{0: 0.5873015873015873, 1: 0.4126984126984127}",DESBALANCEO PREDICCIÓN VAL
1h,AVAXUSDT_1h,GradientBoostingClassifier,0.5025874012953186,F1 VALIDATION
1h,AVAXUSDT_1h,GradientBoostingClassifier,"{0: 0.5079365079365079, 1: 0.49206349206349204}",DESBALANCEO REAL VAL
1h,AVAXUSDT_1h,GradientBoostingClassifier,"{0: 0.5634920634920635, 1: 0.4365079365079365}",DESBALANCEO PREDICCIÓN VAL
1h,AVAXUSDT_1h,GradientBoostingClassifier,0.5216958683930093,F1 VALIDATION
1h,AVAXUSDT_1h,GradientBoostingClassifier,"{0: 0.5079365079365079, 1: 0.49206349206349204}",DESBALANCEO REAL VAL
1h,AVAXUSDT_1h,GradientBoostingClassifier,"{0: 0.5317460317460317, 1: 0.46825396825396826}",DESBALANCEO PREDICCIÓN VAL
1h,AVAXUSDT_1h,GradientBoostingClassifier,0.52243007985935,F1 VALIDATION
1h,AVAXUSDT_1h,GradientBoostingClassifier,"{0: 0.5079365079365079, 1: 0.49206349206349204}",DESBALANCEO REAL VAL
1h,AVAXUSDT_1h,GradientBoostingClassifier,"{1: 0.5158730158730159, 0: 0.48412698412698413}",DESBALANCEO PREDICCIÓN VAL
1h,AVAXUSDT_1h,GradientBoostingClassifier,0.5212796497144815,F1 VALIDATION
1h,AVAXUSDT_1h,GradientBoostingClassifier,"{0: 0.5079365079365079, 1: 0.49206349206349204}",DESBALANCEO REAL VAL
1h,AVAXUSDT_1h,GradientBoostingClassifier,"{0: 0.5793650793650794, 1: 0.42063492063492064}",DESBALANCEO PREDICCIÓN VAL
1h,AVAXUSDT_1h,GradientBoostingClassifier,0.5288675516132649,F1 VALIDATION
1h,AVAXUSDT_1h,GradientBoostingClassifier,"{0: 0.5079365079365079, 1: 0.49206349206349204}",DESBALANCEO REAL VAL
1h,AVAXUSDT_1h,GradientBoostingClassifier,"{0: 0.5317460317460317, 1: 0.46825396825396826}",DESBALANCEO PREDICCIÓN VAL
1h,AVAXUSDT_1h,GradientBoostingClassifier,0.5266606041329684,F1 VALIDATION
1h,AVAXUSDT_1h,GradientBoostingClassifier,"{0: 0.5079365079365079, 1: 0.49206349206349204}",DESBALANCEO REAL VAL
1h,AVAXUSDT_1h,GradientBoostingClassifier,"{0: 0.5793650793650794, 1: 0.42063492063492064}",DESBALANCEO PREDICCIÓN VAL
1h,AVAXUSDT_1h,GradientBoostingClassifier,0.5088159774839458,F1 VALIDATION
1h,AVAXUSDT_1h,GradientBoostingClassifier,"{0: 0.5079365079365079, 1: 0.49206349206349204}",DESBALANCEO REAL VAL
1h,AVAXUSDT_1h,GradientBoostingClassifier,"{0: 0.5317460317460317, 1: 0.46825396825396826}",DESBALANCEO PREDICCIÓN VAL
1h,AVAXUSDT_1h,GradientBoostingClassifier,0.5448260838205361,F1 VALIDATION
1h,AVAXUSDT_1h,GradientBoostingClassifier,"{0: 0.5079365079365079, 1: 0.49206349206349204}",DESBALANCEO REAL VAL
1h,AVAXUSDT_1h,GradientBoostingClassifier,"{0: 0.5238095238095238, 1: 0.47619047619047616}",DESBALANCEO PREDICCIÓN VAL
1h,AVAXUSDT_1h,GradientBoostingClassifier,0.5090772257886718,F1 VALIDATION
1h,AVAXUSDT_1h,GradientBoostingClassifier,"{0: 0.5079365079365079, 1: 0.49206349206349204}",DESBALANCEO REAL VAL
1h,AVAXUSDT_1h,GradientBoostingClassifier,"{0: 0.5873015873015873, 1: 0.4126984126984127}",DESBALANCEO PREDICCIÓN VAL
1h,AVAXUSDT_1h,GradientBoostingClassifier,0.5037096221892478,FINAL TEST
1h,AVAXUSDT_1h,GradientBoostingClassifier,0.5014869217886991,F1 FINAL TEST
1h,AVAXUSDT_1h,GradientBoostingClassifier,"{0: 0.5135258532131035, 1: 0.4864741467868965}",DESBALANCEO REAL
1h,AVAXUSDT_1h,GradientBoostingClassifier,"{0: 0.5532473461933569, 1: 0.4467526538066431}",DESBALANCEO PREDICCIÓN
4h,BTCUSDT_4h,MLPClassifier,0.3387417256305197,F1 VALIDATION
4h,BTCUSDT_4h,MLPClassifier,"{0: 0.544, 1: 0.456}",DESBALANCEO REAL VAL
4h,BTCUSDT_4h,MLPClassifier,{1: 1.0},DESBALANCEO PREDICCIÓN VAL
4h,BTCUSDT_4h,MLPClassifier,0.3417497470208941,F1 VALIDATION
4h,BTCUSDT_4h,MLPClassifier,"{0: 0.544, 1: 0.456}",DESBALANCEO REAL VAL
4h,BTCUSDT_4h,MLPClassifier,{1: 1.0},DESBALANCEO PREDICCIÓN VAL
4h,BTCUSDT_4h,MLPClassifier,0.3319702403879105,F1 VALIDATION
4h,BTCUSDT_4h,MLPClassifier,"{0: 0.544, 1: 0.456}",DESBALANCEO REAL VAL
4h,BTCUSDT_4h,MLPClassifier,{1: 1.0},DESBALANCEO PREDICCIÓN VAL
4h,BTCUSDT_4h,MLPClassifier,0.3690736889839603,F1 VALIDATION
4h,BTCUSDT_4h,MLPClassifier,"{0: 0.544, 1: 0.456}",DESBALANCEO REAL VAL
4h,BTCUSDT_4h,MLPClassifier,{1: 1.0},DESBALANCEO PREDICCIÓN VAL
4h,BTCUSDT_4h,MLPClassifier,0.46712828434716885,F1 VALIDATION
4h,BTCUSDT_4h,MLPClassifier,"{0: 0.544, 1: 0.456}",DESBALANCEO REAL VAL
4h,BTCUSDT_4h,MLPClassifier,"{1: 0.632, 0: 0.368}",DESBALANCEO PREDICCIÓN VAL
4h,BTCUSDT_4h,MLPClassifier,0.3366997841027475,F1 VALIDATION
4h,BTCUSDT_4h,MLPClassifier,"{0: 0.544, 1: 0.456}",DESBALANCEO REAL VAL
4h,BTCUSDT_4h,MLPClassifier,{1: 1.0},DESBALANCEO PREDICCIÓN VAL
4h,BTCUSDT_4h,MLPClassifier,0.4702956150477872,F1 VALIDATION
4h,BTCUSDT_4h,MLPClassifier,"{0: 0.544, 1: 0.456}",DESBALANCEO REAL VAL
4h,BTCUSDT_4h,MLPClassifier,"{1: 0.504, 0: 0.496}",DESBALANCEO PREDICCIÓN VAL
4h,BTCUSDT_4h,MLPClassifier,0.3730852007749402,F1 VALIDATION
4h,BTCUSDT_4h,MLPClassifier,"{0: 0.544, 1: 0.456}",DESBALANCEO REAL VAL
4h,BTCUSDT_4h,MLPClassifier,"{1: 0.696, 0: 0.304}",DESBALANCEO PREDICCIÓN VAL
4h,BTCUSDT_4h,MLPClassifier,0.3366997841027475,F1 VALIDATION
4h,BTCUSDT_4h,MLPClassifier,"{0: 0.544, 1: 0.456}",DESBALANCEO REAL VAL
4h,BTCUSDT_4h,MLPClassifier,{1: 1.0},DESBALANCEO PREDICCIÓN VAL
4h,BTCUSDT_4h,MLPClassifier,0.37995043929566236,F1 VALIDATION
4h,BTCUSDT_4h,MLPClassifier,"{0: 0.544, 1: 0.456}",DESBALANCEO REAL VAL
4h,BTCUSDT_4h,MLPClassifier,"{1: 0.992, 0: 0.008}",DESBALANCEO PREDICCIÓN VAL
4h,BTCUSDT_4h,MLPClassifier,0.5166590597900502,FINAL TEST
4h,BTCUSDT_4h,MLPClassifier,0.4024109920965139,F1 FINAL TEST
4h,BTCUSDT_4h,MLPClassifier,"{1: 0.5221360109539023, 0: 0.47786398904609767}",DESBALANCEO REAL
4h,BTCUSDT_4h,MLPClassifier,"{1: 0.9151072569602922, 0: 0.0848927430397079}",DESBALANCEO PREDICCIÓN
4h,ETHUSDT_4h,MLPClassifier,0.33309565389691415,F1 VALIDATION
4h,ETHUSDT_4h,MLPClassifier,"{1: 0.512, 0: 0.488}",DESBALANCEO REAL VAL
4h,ETHUSDT_4h,MLPClassifier,{1: 1.0},DESBALANCEO PREDICCIÓN VAL
4h,ETHUSDT_4h,MLPClassifier,0.34184134511607234,F1 VALIDATION
4h,ETHUSDT_4h,MLPClassifier,"{1: 0.512, 0: 0.488}",DESBALANCEO REAL VAL
4h,ETHUSDT_4h,MLPClassifier,{1: 1.0},DESBALANCEO PREDICCIÓN VAL
4h,ETHUSDT_4h,MLPClassifier,0.3511053943173808,F1 VALIDATION
4h,ETHUSDT_4h,MLPClassifier,"{1: 0.512, 0: 0.488}",DESBALANCEO REAL VAL
4h,ETHUSDT_4h,MLPClassifier,{1: 1.0},DESBALANCEO PREDICCIÓN VAL
4h,ETHUSDT_4h,MLPClassifier,0.35220926998399255,F1 VALIDATION
4h,ETHUSDT_4h,MLPClassifier,"{1: 0.512, 0: 0.488}",DESBALANCEO REAL VAL
4h,ETHUSDT_4h,MLPClassifier,{1: 1.0},DESBALANCEO PREDICCIÓN VAL
4h,ETHUSDT_4h,MLPClassifier,0.434106560662516,F1 VALIDATION
4h,ETHUSDT_4h,MLPClassifier,"{1: 0.512, 0: 0.488}",DESBALANCEO REAL VAL
4h,ETHUSDT_4h,MLPClassifier,"{1: 0.96, 0: 0.04}",DESBALANCEO PREDICCIÓN VAL
4h,ETHUSDT_4h,MLPClassifier,0.3538300981933715,F1 VALIDATION
4h,ETHUSDT_4h,MLPClassifier,"{1: 0.512, 0: 0.488}",DESBALANCEO REAL VAL
4h,ETHUSDT_4h,MLPClassifier,{1: 1.0},DESBALANCEO PREDICCIÓN VAL
4h,ETHUSDT_4h,MLPClassifier,0.43550087745286364,F1 VALIDATION
4h,ETHUSDT_4h,MLPClassifier,"{1: 0.512, 0: 0.488}",DESBALANCEO REAL VAL
4h,ETHUSDT_4h,MLPClassifier,"{1: 0.84, 0: 0.16}",DESBALANCEO PREDICCIÓN VAL
4h,ETHUSDT_4h,MLPClassifier,0.4467888437909391,F1 VALIDATION
4h,ETHUSDT_4h,MLPClassifier,"{1: 0.512, 0: 0.488}",DESBALANCEO REAL VAL
4h,ETHUSDT_4h,MLPClassifier,"{0: 0.512, 1: 0.488}",DESBALANCEO PREDICCIÓN VAL
4h,ETHUSDT_4h,MLPClassifier,0.37072677291675793,F1 VALIDATION
4h,ETHUSDT_4h,MLPClassifier,"{1: 0.512, 0: 0.488}",DESBALANCEO REAL VAL
4h,ETHUSDT_4h,MLPClassifier,"{1: 0.968, 0: 0.032}",DESBALANCEO PREDICCIÓN VAL
4h,ETHUSDT_4h,MLPClassifier,0.3364174161073844,F1 VALIDATION
4h,ETHUSDT_4h,MLPClassifier,"{1: 0.512, 0: 0.488}",DESBALANCEO REAL VAL
4h,ETHUSDT_4h,MLPClassifier,{1: 1.0},DESBALANCEO PREDICCIÓN VAL
4h,ETHUSDT_4h,MLPClassifier,0.49383842994066635,FINAL TEST
4h,ETHUSDT_4h,MLPClassifier,0.3345326331985593,F1 FINAL TEST
4h,ETHUSDT_4h,MLPClassifier,"{1: 0.5061615700593336, 0: 0.49383842994066635}",DESBALANCEO REAL
4h,ETHUSDT_4h,MLPClassifier,"{0: 0.9954358740301232, 1: 0.004564125969876769}",DESBALANCEO PREDICCIÓN
4h,XRPUSDT_4h,MLPClassifier,0.42680220285772313,F1 VALIDATION
4h,XRPUSDT_4h,MLPClassifier,"{0: 0.504, 1: 0.496}",DESBALANCEO REAL VAL
4h,XRPUSDT_4h,MLPClassifier,"{1: 0.968, 0: 0.032}",DESBALANCEO PREDICCIÓN VAL
4h,XRPUSDT_4h,MLPClassifier,0.328035560804702,F1 VALIDATION
4h,XRPUSDT_4h,MLPClassifier,"{0: 0.504, 1: 0.496}",DESBALANCEO REAL VAL
4h,XRPUSDT_4h,MLPClassifier,{1: 1.0},DESBALANCEO PREDICCIÓN VAL
4h,XRPUSDT_4h,MLPClassifier,0.47258354117712215,F1 VALIDATION
4h,XRPUSDT_4h,MLPClassifier,"{0: 0.504, 1: 0.496}",DESBALANCEO REAL VAL
4h,XRPUSDT_4h,MLPClassifier,"{0: 0.52, 1: 0.48}",DESBALANCEO PREDICCIÓN VAL
4h,XRPUSDT_4h,MLPClassifier,0.46666708940204293,F1 VALIDATION
4h,XRPUSDT_4h,MLPClassifier,"{0: 0.504, 1: 0.496}",DESBALANCEO REAL VAL
4h,XRPUSDT_4h,MLPClassifier,"{0: 0.512, 1: 0.488}",DESBALANCEO PREDICCIÓN VAL
4h,XRPUSDT_4h,MLPClassifier,0.418662529159486,F1 VALIDATION
4h,XRPUSDT_4h,MLPClassifier,"{0: 0.504, 1: 0.496}",DESBALANCEO REAL VAL
4h,XRPUSDT_4h,MLPClassifier,"{1: 0.776, 0: 0.224}",DESBALANCEO PREDICCIÓN VAL
4h,XRPUSDT_4h,MLPClassifier,0.32746640884112777,F1 VALIDATION
4h,XRPUSDT_4h,MLPClassifier,"{0: 0.504, 1: 0.496}",DESBALANCEO REAL VAL
4h,XRPUSDT_4h,MLPClassifier,{1: 1.0},DESBALANCEO PREDICCIÓN VAL
4h,XRPUSDT_4h,MLPClassifier,0.3640653566127305,F1 VALIDATION
4h,XRPUSDT_4h,MLPClassifier,"{0: 0.504, 1: 0.496}",DESBALANCEO REAL VAL
4h,XRPUSDT_4h,MLPClassifier,"{1: 0.976, 0: 0.024}",DESBALANCEO PREDICCIÓN VAL
4h,XRPUSDT_4h,MLPClassifier,0.3616456360823049,F1 VALIDATION
4h,XRPUSDT_4h,MLPClassifier,"{0: 0.504, 1: 0.496}",DESBALANCEO REAL VAL
4h,XRPUSDT_4h,MLPClassifier,"{0: 0.744, 1: 0.256}",DESBALANCEO PREDICCIÓN VAL
4h,XRPUSDT_4h,MLPClassifier,0.3880525017787653,F1 VALIDATION
4h,XRPUSDT_4h,MLPClassifier,"{0: 0.504, 1: 0.496}",DESBALANCEO REAL VAL
4h,XRPUSDT_4h,MLPClassifier,"{1: 0.992, 0: 0.008}",DESBALANCEO PREDICCIÓN VAL
4h,XRPUSDT_4h,MLPClassifier,0.40049599056126556,F1 VALIDATION
4h,XRPUSDT_4h,MLPClassifier,"{0: 0.504, 1: 0.496}",DESBALANCEO REAL VAL
4h,XRPUSDT_4h,MLPClassifier,"{1: 0.96, 0: 0.04}",DESBALANCEO PREDICCIÓN VAL
4h,XRPUSDT_4h,MLPClassifier,0.4952076677316294,FINAL TEST
4h,XRPUSDT_4h,MLPClassifier,0.4523381408778696,F1 FINAL TEST
4h,XRPUSDT_4h,MLPClassifier,"{1: 0.5047923322683706, 0: 0.4952076677316294}",DESBALANCEO REAL
4h,XRPUSDT_4h,MLPClassifier,"{1: 0.7749885896850753, 0: 0.2250114103149247}",DESBALANCEO PREDICCIÓN
4h,BNBUSDT_4h,MLPClassifier,0.5066494616656066,F1 VALIDATION
4h,BNBUSDT_4h,MLPClassifier,"{1: 0.552, 0: 0.448}",DESBALANCEO REAL VAL
4h,BNBUSDT_4h,MLPClassifier,"{1: 0.936, 0: 0.064}",DESBALANCEO PREDICCIÓN VAL
4h,BNBUSDT_4h,MLPClassifier,0.4566766802051309,F1 VALIDATION
4h,BNBUSDT_4h,MLPClassifier,"{1: 0.552, 0: 0.448}",DESBALANCEO REAL VAL
4h,BNBUSDT_4h,MLPClassifier,"{1: 0.848, 0: 0.152}",DESBALANCEO PREDICCIÓN VAL
4h,BNBUSDT_4h,MLPClassifier,0.4646650322337914,F1 VALIDATION
4h,BNBUSDT_4h,MLPClassifier,"{1: 0.552, 0: 0.448}",DESBALANCEO REAL VAL
4h,BNBUSDT_4h,MLPClassifier,"{1: 0.888, 0: 0.112}",DESBALANCEO PREDICCIÓN VAL
4h,BNBUSDT_4h,MLPClassifier,0.4870217964969042,F1 VALIDATION
4h,BNBUSDT_4h,MLPClassifier,"{1: 0.552, 0: 0.448}",DESBALANCEO REAL VAL
4h,BNBUSDT_4h,MLPClassifier,"{1: 0.616, 0: 0.384}",DESBALANCEO PREDICCIÓN VAL
4h,BNBUSDT_4h,MLPClassifier,0.3682680929764769,F1 VALIDATION
4h,BNBUSDT_4h,MLPClassifier,"{1: 0.552, 0: 0.448}",DESBALANCEO REAL VAL
4h,BNBUSDT_4h,MLPClassifier,{1: 1.0},DESBALANCEO PREDICCIÓN VAL
4h,BNBUSDT_4h,MLPClassifier,0.3387623890646685,F1 VALIDATION
4h,BNBUSDT_4h,MLPClassifier,"{1: 0.552, 0: 0.448}",DESBALANCEO REAL VAL
4h,BNBUSDT_4h,MLPClassifier,{1: 1.0},DESBALANCEO PREDICCIÓN VAL
4h,BNBUSDT_4h,MLPClassifier,0.33416337338322977,F1 VALIDATION
4h,BNBUSDT_4h,MLPClassifier,"{1: 0.552, 0: 0.448}",DESBALANCEO REAL VAL
4h,BNBUSDT_4h,MLPClassifier,{1: 1.0},DESBALANCEO PREDICCIÓN VAL
4h,BNBUSDT_4h,MLPClassifier,0.38918388142042193,F1 VALIDATION
4h,BNBUSDT_4h,MLPClassifier,"{1: 0.552, 0: 0.448}",DESBALANCEO REAL VAL
4h,BNBUSDT_4h,MLPClassifier,"{1: 0.968, 0: 0.032}",DESBALANCEO PREDICCIÓN VAL
4h,BNBUSDT_4h,MLPClassifier,0.4084742905998297,F1 VALIDATION
4h,BNBUSDT_4h,MLPClassifier,"{1: 0.552, 0: 0.448}",DESBALANCEO REAL VAL
4h,BNBUSDT_4h,MLPClassifier,{1: 1.0},DESBALANCEO PREDICCIÓN VAL
4h,BNBUSDT_4h,MLPClassifier,0.49527198306208076,F1 VALIDATION
4h,BNBUSDT_4h,MLPClassifier,"{1: 0.552, 0: 0.448}",DESBALANCEO REAL VAL
4h,BNBUSDT_4h,MLPClassifier,"{0: 0.56, 1: 0.44}",DESBALANCEO PREDICCIÓN VAL
4h,BNBUSDT_4h,MLPClassifier,0.5015974440894568,FINAL TEST
4h,BNBUSDT_4h,MLPClassifier,0.3766291830375288,F1 FINAL TEST
4h,BNBUSDT_4h,MLPClassifier,"{1: 0.5152898219990871, 0: 0.4847101780009128}",DESBALANCEO REAL
4h,BNBUSDT_4h,MLPClassifier,"{1: 0.9324509356458238, 0: 0.06754906435417618}",DESBALANCEO PREDICCIÓN
4h,SOLUSDT_4h,MLPClassifier,0.48365341298337994,F1 VALIDATION
4h,SOLUSDT_4h,MLPClassifier,"{1: 0.584, 0: 0.416}",DESBALANCEO REAL VAL
4h,SOLUSDT_4h,MLPClassifier,"{0: 0.576, 1: 0.424}",DESBALANCEO PREDICCIÓN VAL
4h,SOLUSDT_4h,MLPClassifier,0.4245810798309007,F1 VALIDATION
4h,SOLUSDT_4h,MLPClassifier,"{1: 0.584, 0: 0.416}",DESBALANCEO REAL VAL
4h,SOLUSDT_4h,MLPClassifier,"{1: 0.872, 0: 0.128}",DESBALANCEO PREDICCIÓN VAL
4h,SOLUSDT_4h,MLPClassifier,0.3413414503468932,F1 VALIDATION
4h,SOLUSDT_4h,MLPClassifier,"{1: 0.584, 0: 0.416}",DESBALANCEO REAL VAL
4h,SOLUSDT_4h,MLPClassifier,{1: 1.0},DESBALANCEO PREDICCIÓN VAL
4h,SOLUSDT_4h,MLPClassifier,0.49012188168054643,F1 VALIDATION
4h,SOLUSDT_4h,MLPClassifier,"{1: 0.584, 0: 0.416}",DESBALANCEO REAL VAL
4h,SOLUSDT_4h,MLPClassifier,"{0: 0.616, 1: 0.384}",DESBALANCEO PREDICCIÓN VAL
4h,SOLUSDT_4h,MLPClassifier,0.4112670203615682,F1 VALIDATION
4h,SOLUSDT_4h,MLPClassifier,"{1: 0.584, 0: 0.416}",DESBALANCEO REAL VAL
4h,SOLUSDT_4h,MLPClassifier,"{0: 0.88, 1: 0.12}",DESBALANCEO PREDICCIÓN VAL
4h,SOLUSDT_4h,MLPClassifier,0.37155742051482743,F1 VALIDATION
4h,SOLUSDT_4h,MLPClassifier,"{1: 0.584, 0: 0.416}",DESBALANCEO REAL VAL
4h,SOLUSDT_4h,MLPClassifier,"{0: 0.656, 1: 0.344}",DESBALANCEO PREDICCIÓN VAL
4h,SOLUSDT_4h,MLPClassifier,0.4851011888776312,F1 VALIDATION
4h,SOLUSDT_4h,MLPClassifier,"{1: 0.584, 0: 0.416}",DESBALANCEO REAL VAL
4h,SOLUSDT_4h,MLPClassifier,"{0: 0.528, 1: 0.472}",DESBALANCEO PREDICCIÓN VAL
4h,SOLUSDT_4h,MLPClassifier,0.4002278197716869,F1 VALIDATION
4h,SOLUSDT_4h,MLPClassifier,"{1: 0.584, 0: 0.416}",DESBALANCEO REAL VAL
4h,SOLUSDT_4h,MLPClassifier,"{0: 0.992, 1: 0.008}",DESBALANCEO PREDICCIÓN VAL
4h,SOLUSDT_4h,MLPClassifier,0.3233978099503867,F1 VALIDATION
4h,SOLUSDT_4h,MLPClassifier,"{1: 0.584, 0: 0.416}",DESBALANCEO REAL VAL
4h,SOLUSDT_4h,MLPClassifier,{0: 1.0},DESBALANCEO PREDICCIÓN VAL
4h,SOLUSDT_4h,MLPClassifier,0.3520799804930223,F1 VALIDATION
4h,SOLUSDT_4h,MLPClassifier,"{1: 0.584, 0: 0.416}",DESBALANCEO REAL VAL
4h,SOLUSDT_4h,MLPClassifier,{0: 1.0},DESBALANCEO PREDICCIÓN VAL
4h,SOLUSDT_4h,MLPClassifier,0.5102692834322228,FINAL TEST
4h,SOLUSDT_4h,MLPClassifier,0.49847458766081043,F1 FINAL TEST
4h,SOLUSDT_4h,MLPClassifier,"{1: 0.5134641716111364, 0: 0.48653582838886356}",DESBALANCEO REAL
4h,SOLUSDT_4h,MLPClassifier,"{0: 0.6668188041989959, 1: 0.3331811958010041}",DESBALANCEO PREDICCIÓN
4h,ADAUSDT_4h,MLPClassifier,0.5130502124808244,F1 VALIDATION
4h,ADAUSDT_4h,MLPClassifier,"{1: 0.504, 0: 0.496}",DESBALANCEO REAL VAL
4h,ADAUSDT_4h,MLPClassifier,"{1: 0.784, 0: 0.216}",DESBALANCEO PREDICCIÓN VAL
4h,ADAUSDT_4h,MLPClassifier,0.38097912911707066,F1 VALIDATION
4h,ADAUSDT_4h,MLPClassifier,"{1: 0.504, 0: 0.496}",DESBALANCEO REAL VAL
4h,ADAUSDT_4h,MLPClassifier,{0: 1.0},DESBALANCEO PREDICCIÓN VAL
4h,ADAUSDT_4h,MLPClassifier,0.5163702277150467,F1 VALIDATION
4h,ADAUSDT_4h,MLPClassifier,"{1: 0.504, 0: 0.496}",DESBALANCEO REAL VAL
4h,ADAUSDT_4h,MLPClassifier,"{0: 0.528, 1: 0.472}",DESBALANCEO PREDICCIÓN VAL
4h,ADAUSDT_4h,MLPClassifier,0.410613309931823,F1 VALIDATION
4h,ADAUSDT_4h,MLPClassifier,"{1: 0.504, 0: 0.496}",DESBALANCEO REAL VAL
4h,ADAUSDT_4h,MLPClassifier,"{1: 0.968, 0: 0.032}",DESBALANCEO PREDICCIÓN VAL
4h,ADAUSDT_4h,MLPClassifier,0.48182233504781075,F1 VALIDATION
4h,ADAUSDT_4h,MLPClassifier,"{1: 0.504, 0: 0.496}",DESBALANCEO REAL VAL
4h,ADAUSDT_4h,MLPClassifier,"{0: 0.728, 1: 0.272}",DESBALANCEO PREDICCIÓN VAL
4h,ADAUSDT_4h,MLPClassifier,0.40698247331820203,F1 VALIDATION
4h,ADAUSDT_4h,MLPClassifier,"{1: 0.504, 0: 0.496}",DESBALANCEO REAL VAL
4h,ADAUSDT_4h,MLPClassifier,"{0: 0.696, 1: 0.304}",DESBALANCEO PREDICCIÓN VAL
4h,ADAUSDT_4h,MLPClassifier,0.48572675535914644,F1 VALIDATION
4h,ADAUSDT_4h,MLPClassifier,"{1: 0.504, 0: 0.496}",DESBALANCEO REAL VAL
4h,ADAUSDT_4h,MLPClassifier,"{1: 0.768, 0: 0.232}",DESBALANCEO PREDICCIÓN VAL
4h,ADAUSDT_4h,MLPClassifier,0.4790620102761417,F1 VALIDATION
4h,ADAUSDT_4h,MLPClassifier,"{1: 0.504, 0: 0.496}",DESBALANCEO REAL VAL
4h,ADAUSDT_4h,MLPClassifier,"{0: 0.624, 1: 0.376}",DESBALANCEO PREDICCIÓN VAL
4h,ADAUSDT_4h,MLPClassifier,0.3839860956838141,F1 VALIDATION
4h,ADAUSDT_4h,MLPClassifier,"{1: 0.504, 0: 0.496}",DESBALANCEO REAL VAL
4h,ADAUSDT_4h,MLPClassifier,"{0: 0.824, 1: 0.176}",DESBALANCEO PREDICCIÓN VAL
4h,ADAUSDT_4h,MLPClassifier,0.37051704946530906,F1 VALIDATION
4h,ADAUSDT_4h,MLPClassifier,"{1: 0.504, 0: 0.496}",DESBALANCEO REAL VAL
4h,ADAUSDT_4h,MLPClassifier,{0: 1.0},DESBALANCEO PREDICCIÓN VAL
4h,ADAUSDT_4h,MLPClassifier,0.5052487448653583,FINAL TEST
4h,ADAUSDT_4h,MLPClassifier,0.4133944149267238,F1 FINAL TEST
4h,ADAUSDT_4h,MLPClassifier,"{1: 0.5020538566864445, 0: 0.49794614331355547}",DESBALANCEO REAL
4h,ADAUSDT_4h,MLPClassifier,"{1: 0.8936558649018713, 0: 0.1063441350981287}",DESBALANCEO PREDICCIÓN
4h,TRXUSDT_4h,MLPClassifier,0.44721195096911526,F1 VALIDATION
4h,TRXUSDT_4h,MLPClassifier,"{1: 0.568, 0: 0.432}",DESBALANCEO REAL VAL
4h,TRXUSDT_4h,MLPClassifier,{1: 1.0},DESBALANCEO PREDICCIÓN VAL
4h,TRXUSDT_4h,MLPClassifier,0.31073278895739265,F1 VALIDATION
4h,TRXUSDT_4h,MLPClassifier,"{1: 0.568, 0: 0.432}",DESBALANCEO REAL VAL
4h,TRXUSDT_4h,MLPClassifier,{0: 1.0},DESBALANCEO PREDICCIÓN VAL
4h,TRXUSDT_4h,MLPClassifier,0.3535933964955395,F1 VALIDATION
4h,TRXUSDT_4h,MLPClassifier,"{1: 0.568, 0: 0.432}",DESBALANCEO REAL VAL
4h,TRXUSDT_4h,MLPClassifier,{1: 1.0},DESBALANCEO PREDICCIÓN VAL
4h,TRXUSDT_4h,MLPClassifier,0.4953093370794998,F1 VALIDATION
4h,TRXUSDT_4h,MLPClassifier,"{1: 0.568, 0: 0.432}",DESBALANCEO REAL VAL
4h,TRXUSDT_4h,MLPClassifier,"{1: 0.712, 0: 0.288}",DESBALANCEO PREDICCIÓN VAL
4h,TRXUSDT_4h,MLPClassifier,0.3571996620756694,F1 VALIDATION
4h,TRXUSDT_4h,MLPClassifier,"{1: 0.568, 0: 0.432}",DESBALANCEO REAL VAL
4h,TRXUSDT_4h,MLPClassifier,{1: 1.0},DESBALANCEO PREDICCIÓN VAL
4h,TRXUSDT_4h,MLPClassifier,0.4041657640060129,F1 VALIDATION
4h,TRXUSDT_4h,MLPClassifier,"{1: 0.568, 0: 0.432}",DESBALANCEO REAL VAL
4h,TRXUSDT_4h,MLPClassifier,"{1: 0.992, 0: 0.008}",DESBALANCEO PREDICCIÓN VAL
4h,TRXUSDT_4h,MLPClassifier,0.3586875586924673,F1 VALIDATION
4h,TRXUSDT_4h,MLPClassifier,"{1: 0.568, 0: 0.432}",DESBALANCEO REAL VAL
4h,TRXUSDT_4h,MLPClassifier,{0: 1.0},DESBALANCEO PREDICCIÓN VAL
4h,TRXUSDT_4h,MLPClassifier,0.4061573356598814,F1 VALIDATION
4h,TRXUSDT_4h,MLPClassifier,"{1: 0.568, 0: 0.432}",DESBALANCEO REAL VAL
4h,TRXUSDT_4h,MLPClassifier,"{1: 0.992, 0: 0.008}",DESBALANCEO PREDICCIÓN VAL
4h,TRXUSDT_4h,MLPClassifier,0.4099699731527993,F1 VALIDATION
4h,TRXUSDT_4h,MLPClassifier,"{1: 0.568, 0: 0.432}",DESBALANCEO REAL VAL
4h,TRXUSDT_4h,MLPClassifier,"{1: 0.896, 0: 0.104}",DESBALANCEO PREDICCIÓN VAL
4h,TRXUSDT_4h,MLPClassifier,0.4398246939055749,F1 VALIDATION
4h,TRXUSDT_4h,MLPClassifier,"{1: 0.568, 0: 0.432}",DESBALANCEO REAL VAL
4h,TRXUSDT_4h,MLPClassifier,"{1: 0.784, 0: 0.216}",DESBALANCEO PREDICCIÓN VAL
4h,TRXUSDT_4h,MLPClassifier,0.4577818347786399,FINAL TEST
4h,TRXUSDT_4h,MLPClassifier,0.340176675650518,F1 FINAL TEST
4h,TRXUSDT_4h,MLPClassifier,"{1: 0.5385668644454586, 0: 0.4614331355545413}",DESBALANCEO REAL
4h,TRXUSDT_4h,MLPClassifier,"{0: 0.9607485166590598, 1: 0.03925148334094021}",DESBALANCEO PREDICCIÓN
4h,LINKUSDT_4h,MLPClassifier,0.325493284478343,F1 VALIDATION
4h,LINKUSDT_4h,MLPClassifier,"{0: 0.504, 1: 0.496}",DESBALANCEO REAL VAL
4h,LINKUSDT_4h,MLPClassifier,{1: 1.0},DESBALANCEO PREDICCIÓN VAL
4h,LINKUSDT_4h,MLPClassifier,0.32980583211465736,F1 VALIDATION
4h,LINKUSDT_4h,MLPClassifier,"{0: 0.504, 1: 0.496}",DESBALANCEO REAL VAL
4h,LINKUSDT_4h,MLPClassifier,"{0: 0.896, 1: 0.104}",DESBALANCEO PREDICCIÓN VAL
4h,LINKUSDT_4h,MLPClassifier,0.4578713541042669,F1 VALIDATION
4h,LINKUSDT_4h,MLPClassifier,"{0: 0.504, 1: 0.496}",DESBALANCEO REAL VAL
4h,LINKUSDT_4h,MLPClassifier,"{1: 0.912, 0: 0.088}",DESBALANCEO PREDICCIÓN VAL
4h,LINKUSDT_4h,MLPClassifier,0.4616147318816056,F1 VALIDATION
4h,LINKUSDT_4h,MLPClassifier,"{0: 0.504, 1: 0.496}",DESBALANCEO REAL VAL
4h,LINKUSDT_4h,MLPClassifier,"{1: 0.608, 0: 0.392}",DESBALANCEO PREDICCIÓN VAL
4h,LINKUSDT_4h,MLPClassifier,0.3750025459807921,F1 VALIDATION
4h,LINKUSDT_4h,MLPClassifier,"{0: 0.504, 1: 0.496}",DESBALANCEO REAL VAL
4h,LINKUSDT_4h,MLPClassifier,"{1: 0.928, 0: 0.072}",DESBALANCEO PREDICCIÓN VAL
4h,LINKUSDT_4h,MLPClassifier,0.48644667562525284,F1 VALIDATION
4h,LINKUSDT_4h,MLPClassifier,"{0: 0.504, 1: 0.496}",DESBALANCEO REAL VAL
4h,LINKUSDT_4h,MLPClassifier,"{0: 0.808, 1: 0.192}",DESBALANCEO PREDICCIÓN VAL
4h,LINKUSDT_4h,MLPClassifier,0.48349927457364894,F1 VALIDATION
4h,LINKUSDT_4h,MLPClassifier,"{0: 0.504, 1: 0.496}",DESBALANCEO REAL VAL
4h,LINKUSDT_4h,MLPClassifier,"{1: 0.768, 0: 0.232}",DESBALANCEO PREDICCIÓN VAL
4h,LINKUSDT_4h,MLPClassifier,0.4448272843253186,F1 VALIDATION
4h,LINKUSDT_4h,MLPClassifier,"{0: 0.504, 1: 0.496}",DESBALANCEO REAL VAL
4h,LINKUSDT_4h,MLPClassifier,"{1: 0.672, 0: 0.328}",DESBALANCEO PREDICCIÓN VAL
4h,LINKUSDT_4h,MLPClassifier,0.4794282694528437,F1 VALIDATION
4h,LINKUSDT_4h,MLPClassifier,"{0: 0.504, 1: 0.496}",DESBALANCEO REAL VAL
4h,LINKUSDT_4h,MLPClassifier,"{0: 0.52, 1: 0.48}",DESBALANCEO PREDICCIÓN VAL
4h,LINKUSDT_4h,MLPClassifier,0.48078303567051617,F1 VALIDATION
4h,LINKUSDT_4h,MLPClassifier,"{0: 0.504, 1: 0.496}",DESBALANCEO REAL VAL
4h,LINKUSDT_4h,MLPClassifier,{1: 1.0},DESBALANCEO PREDICCIÓN VAL
4h,LINKUSDT_4h,MLPClassifier,0.5006846188954815,FINAL TEST
4h,LINKUSDT_4h,MLPClassifier,0.39066481600113884,F1 FINAL TEST
4h,LINKUSDT_4h,MLPClassifier,"{1: 0.5029666818804199, 0: 0.4970333181195801}",DESBALANCEO REAL
4h,LINKUSDT_4h,MLPClassifier,"{1: 0.9219534459151073, 0: 0.07804655408489275}",DESBALANCEO PREDICCIÓN
4h,AVAXUSDT_4h,MLPClassifier,0.36990828284517413,F1 VALIDATION
4h,AVAXUSDT_4h,MLPClassifier,"{1: 0.504, 0: 0.496}",DESBALANCEO REAL VAL
4h,AVAXUSDT_4h,MLPClassifier,{0: 1.0},DESBALANCEO PREDICCIÓN VAL
4h,AVAXUSDT_4h,MLPClassifier,0.3349548918229765,F1 VALIDATION
4h,AVAXUSDT_4h,MLPClassifier,"{1: 0.504, 0: 0.496}",DESBALANCEO REAL VAL
4h,AVAXUSDT_4h,MLPClassifier,{0: 1.0},DESBALANCEO PREDICCIÓN VAL
4h,AVAXUSDT_4h,MLPClassifier,0.39766329508030895,F1 VALIDATION
4h,AVAXUSDT_4h,MLPClassifier,"{1: 0.504, 0: 0.496}",DESBALANCEO REAL VAL
4h,AVAXUSDT_4h,MLPClassifier,"{1: 0.76, 0: 0.24}",DESBALANCEO PREDICCIÓN VAL
4h,AVAXUSDT_4h,MLPClassifier,0.3810073802025769,F1 VALIDATION
4h,AVAXUSDT_4h,MLPClassifier,"{1: 0.504, 0: 0.496}",DESBALANCEO REAL VAL
4h,AVAXUSDT_4h,MLPClassifier,"{0: 0.672, 1: 0.328}",DESBALANCEO PREDICCIÓN VAL
4h,AVAXUSDT_4h,MLPClassifier,0.3543162334180946,F1 VALIDATION
4h,AVAXUSDT_4h,MLPClassifier,"{1: 0.504, 0: 0.496}",DESBALANCEO REAL VAL
4h,AVAXUSDT_4h,MLPClassifier,{0: 1.0},DESBALANCEO PREDICCIÓN VAL
4h,AVAXUSDT_4h,MLPClassifier,0.334459228873782,F1 VALIDATION
4h,AVAXUSDT_4h,MLPClassifier,"{1: 0.504, 0: 0.496}",DESBALANCEO REAL VAL
4h,AVAXUSDT_4h,MLPClassifier,{0: 1.0},DESBALANCEO PREDICCIÓN VAL
4h,AVAXUSDT_4h,MLPClassifier,0.45977857192141763,F1 VALIDATION
4h,AVAXUSDT_4h,MLPClassifier,"{1: 0.504, 0: 0.496}",DESBALANCEO REAL VAL
4h,AVAXUSDT_4h,MLPClassifier,"{1: 0.696, 0: 0.304}",DESBALANCEO PREDICCIÓN VAL
4h,AVAXUSDT_4h,MLPClassifier,0.4205006422774472,F1 VALIDATION
4h,AVAXUSDT_4h,MLPClassifier,"{1: 0.504, 0: 0.496}",DESBALANCEO REAL VAL
4h,AVAXUSDT_4h,MLPClassifier,{0: 1.0},DESBALANCEO PREDICCIÓN VAL
4h,AVAXUSDT_4h,MLPClassifier,0.45221707769019615,F1 VALIDATION
4h,AVAXUSDT_4h,MLPClassifier,"{1: 0.504, 0: 0.496}",DESBALANCEO REAL VAL
4h,AVAXUSDT_4h,MLPClassifier,"{0: 0.864, 1: 0.136}",DESBALANCEO PREDICCIÓN VAL
4h,AVAXUSDT_4h,MLPClassifier,0.4419615820266163,F1 VALIDATION
4h,AVAXUSDT_4h,MLPClassifier,"{1: 0.504, 0: 0.496}",DESBALANCEO REAL VAL
4h,AVAXUSDT_4h,MLPClassifier,"{0: 0.6, 1: 0.4}",DESBALANCEO PREDICCIÓN VAL
4h,AVAXUSDT_4h,MLPClassifier,0.5175718849840255,FINAL TEST
4h,AVAXUSDT_4h,MLPClassifier,0.48782791062735953,F1 FINAL TEST
4h,AVAXUSDT_4h,MLPClassifier,"{0: 0.5193975353719763, 1: 0.48060246462802375}",DESBALANCEO REAL
4h,AVAXUSDT_4h,MLPClassifier,"{0: 0.7215883158375171, 1: 0.2784116841624829}",DESBALANCEO PREDICCIÓN
4h,BTCUSDT_4h,RandomForestClassifier,0.4971702227562925,F1 VALIDATION
4h,BTCUSDT_4h,RandomForestClassifier,"{0: 0.544, 1: 0.456}",DESBALANCEO REAL VAL
4h,BTCUSDT_4h,RandomForestClassifier,"{0: 0.528, 1: 0.472}",DESBALANCEO PREDICCIÓN VAL
4h,BTCUSDT_4h,RandomForestClassifier,0.5061027858405703,F1 VALIDATION
4h,BTCUSDT_4h,RandomForestClassifier,"{0: 0.544, 1: 0.456}",DESBALANCEO REAL VAL
4h,BTCUSDT_4h,RandomForestClassifier,"{0: 0.592, 1: 0.408}",DESBALANCEO PREDICCIÓN VAL
4h,BTCUSDT_4h,RandomForestClassifier,0.5231006774652667,F1 VALIDATION
4h,BTCUSDT_4h,RandomForestClassifier,"{0: 0.544, 1: 0.456}",DESBALANCEO REAL VAL
4h,BTCUSDT_4h,RandomForestClassifier,"{0: 0.568, 1: 0.432}",DESBALANCEO PREDICCIÓN VAL
4h,BTCUSDT_4h,RandomForestClassifier,0.5033236233115737,F1 VALIDATION
4h,BTCUSDT_4h,RandomForestClassifier,"{0: 0.544, 1: 0.456}",DESBALANCEO REAL VAL
4h,BTCUSDT_4h,RandomForestClassifier,"{1: 0.528, 0: 0.472}",DESBALANCEO PREDICCIÓN VAL
4h,BTCUSDT_4h,RandomForestClassifier,0.4928597388498277,F1 VALIDATION
4h,BTCUSDT_4h,RandomForestClassifier,"{0: 0.544, 1: 0.456}",DESBALANCEO REAL VAL
4h,BTCUSDT_4h,RandomForestClassifier,"{1: 0.608, 0: 0.392}",DESBALANCEO PREDICCIÓN VAL
4h,BTCUSDT_4h,RandomForestClassifier,0.5037684124985164,F1 VALIDATION
4h,BTCUSDT_4h,RandomForestClassifier,"{0: 0.544, 1: 0.456}",DESBALANCEO REAL VAL
4h,BTCUSDT_4h,RandomForestClassifier,"{0: 0.512, 1: 0.488}",DESBALANCEO PREDICCIÓN VAL
4h,BTCUSDT_4h,RandomForestClassifier,0.5141250343236832,F1 VALIDATION
4h,BTCUSDT_4h,RandomForestClassifier,"{0: 0.544, 1: 0.456}",DESBALANCEO REAL VAL
4h,BTCUSDT_4h,RandomForestClassifier,"{0: 0.504, 1: 0.496}",DESBALANCEO PREDICCIÓN VAL
4h,BTCUSDT_4h,RandomForestClassifier,0.5075284498578675,F1 VALIDATION
4h,BTCUSDT_4h,RandomForestClassifier,"{0: 0.544, 1: 0.456}",DESBALANCEO REAL VAL
4h,BTCUSDT_4h,RandomForestClassifier,"{0: 0.52, 1: 0.48}",DESBALANCEO PREDICCIÓN VAL
4h,BTCUSDT_4h,RandomForestClassifier,0.5054947539448118,F1 VALIDATION
4h,BTCUSDT_4h,RandomForestClassifier,"{0: 0.544, 1: 0.456}",DESBALANCEO REAL VAL
4h,BTCUSDT_4h,RandomForestClassifier,"{1: 0.536, 0: 0.464}",DESBALANCEO PREDICCIÓN VAL
4h,BTCUSDT_4h,RandomForestClassifier,0.49870635204662933,F1 VALIDATION
4h,BTCUSDT_4h,RandomForestClassifier,"{0: 0.544, 1: 0.456}",DESBALANCEO REAL VAL
4h,BTCUSDT_4h,RandomForestClassifier,"{0: 0.512, 1: 0.488}",DESBALANCEO PREDICCIÓN VAL
4h,BTCUSDT_4h,RandomForestClassifier,0.5043359196713829,FINAL TEST
4h,BTCUSDT_4h,RandomForestClassifier,0.5038719831058934,F1 FINAL TEST
4h,BTCUSDT_4h,RandomForestClassifier,"{1: 0.5221360109539023, 0: 0.47786398904609767}",DESBALANCEO REAL
4h,BTCUSDT_4h,RandomForestClassifier,"{0: 0.5527156549520766, 1: 0.4472843450479233}",DESBALANCEO PREDICCIÓN
4h,ETHUSDT_4h,RandomForestClassifier,0.4912116395316529,F1 VALIDATION
4h,ETHUSDT_4h,RandomForestClassifier,"{1: 0.512, 0: 0.488}",DESBALANCEO REAL VAL
4h,ETHUSDT_4h,RandomForestClassifier,"{0: 0.504, 1: 0.496}",DESBALANCEO PREDICCIÓN VAL
4h,ETHUSDT_4h,RandomForestClassifier,0.4896691442454791,F1 VALIDATION
4h,ETHUSDT_4h,RandomForestClassifier,"{1: 0.512, 0: 0.488}",DESBALANCEO REAL VAL
4h,ETHUSDT_4h,RandomForestClassifier,"{0: 0.512, 1: 0.488}",DESBALANCEO PREDICCIÓN VAL
4h,ETHUSDT_4h,RandomForestClassifier,0.4893607060624383,F1 VALIDATION
4h,ETHUSDT_4h,RandomForestClassifier,"{1: 0.512, 0: 0.488}",DESBALANCEO REAL VAL
4h,ETHUSDT_4h,RandomForestClassifier,"{0: 0.512, 1: 0.488}",DESBALANCEO PREDICCIÓN VAL
4h,ETHUSDT_4h,RandomForestClassifier,0.5054335899264444,F1 VALIDATION
4h,ETHUSDT_4h,RandomForestClassifier,"{1: 0.512, 0: 0.488}",DESBALANCEO REAL VAL
4h,ETHUSDT_4h,RandomForestClassifier,"{0: 0.504, 1: 0.496}",DESBALANCEO PREDICCIÓN VAL
4h,ETHUSDT_4h,RandomForestClassifier,0.48170109078040363,F1 VALIDATION
4h,ETHUSDT_4h,RandomForestClassifier,"{1: 0.512, 0: 0.488}",DESBALANCEO REAL VAL
4h,ETHUSDT_4h,RandomForestClassifier,"{0: 0.536, 1: 0.464}",DESBALANCEO PREDICCIÓN VAL
4h,ETHUSDT_4h,RandomForestClassifier,0.5030049573166323,F1 VALIDATION
4h,ETHUSDT_4h,RandomForestClassifier,"{1: 0.512, 0: 0.488}",DESBALANCEO REAL VAL
4h,ETHUSDT_4h,RandomForestClassifier,"{0: 0.528, 1: 0.472}",DESBALANCEO PREDICCIÓN VAL
4h,ETHUSDT_4h,RandomForestClassifier,0.5017440999993272,F1 VALIDATION
4h,ETHUSDT_4h,RandomForestClassifier,"{1: 0.512, 0: 0.488}",DESBALANCEO REAL VAL
4h,ETHUSDT_4h,RandomForestClassifier,"{0: 0.528, 1: 0.472}",DESBALANCEO PREDICCIÓN VAL
4h,ETHUSDT_4h,RandomForestClassifier,0.48714058887687184,F1 VALIDATION
4h,ETHUSDT_4h,RandomForestClassifier,"{1: 0.512, 0: 0.488}",DESBALANCEO REAL VAL
4h,ETHUSDT_4h,RandomForestClassifier,"{0: 0.528, 1: 0.472}",DESBALANCEO PREDICCIÓN VAL
4h,ETHUSDT_4h,RandomForestClassifier,0.4772084786159666,F1 VALIDATION
4h,ETHUSDT_4h,RandomForestClassifier,"{1: 0.512, 0: 0.488}",DESBALANCEO REAL VAL
4h,ETHUSDT_4h,RandomForestClassifier,"{0: 0.552, 1: 0.448}",DESBALANCEO PREDICCIÓN VAL
4h,ETHUSDT_4h,RandomForestClassifier,0.464886069851031,F1 VALIDATION
4h,ETHUSDT_4h,RandomForestClassifier,"{1: 0.512, 0: 0.488}",DESBALANCEO REAL VAL
4h,ETHUSDT_4h,RandomForestClassifier,"{0: 0.576, 1: 0.424}",DESBALANCEO PREDICCIÓN VAL
4h,ETHUSDT_4h,RandomForestClassifier,0.5034230944774076,FINAL TEST
4h,ETHUSDT_4h,RandomForestClassifier,0.5030121888572362,F1 FINAL TEST
4h,ETHUSDT_4h,RandomForestClassifier,"{1: 0.5061615700593336, 0: 0.49383842994066635}",DESBALANCEO REAL
4h,ETHUSDT_4h,RandomForestClassifier,"{0: 0.5349155636695573, 1: 0.4650844363304427}",DESBALANCEO PREDICCIÓN
4h,XRPUSDT_4h,RandomForestClassifier,0.4891787520184204,F1 VALIDATION
4h,XRPUSDT_4h,RandomForestClassifier,"{0: 0.504, 1: 0.496}",DESBALANCEO REAL VAL
4h,XRPUSDT_4h,RandomForestClassifier,"{0: 0.6, 1: 0.4}",DESBALANCEO PREDICCIÓN VAL
4h,XRPUSDT_4h,RandomForestClassifier,0.47430098649656943,F1 VALIDATION
4h,XRPUSDT_4h,RandomForestClassifier,"{0: 0.504, 1: 0.496}",DESBALANCEO REAL VAL
4h,XRPUSDT_4h,RandomForestClassifier,"{0: 0.6, 1: 0.4}",DESBALANCEO PREDICCIÓN VAL
4h,XRPUSDT_4h,RandomForestClassifier,0.47235102181166333,F1 VALIDATION
4h,XRPUSDT_4h,RandomForestClassifier,"{0: 0.504, 1: 0.496}",DESBALANCEO REAL VAL
4h,XRPUSDT_4h,RandomForestClassifier,"{0: 0.624, 1: 0.376}",DESBALANCEO PREDICCIÓN VAL
4h,XRPUSDT_4h,RandomForestClassifier,0.516485299423852,F1 VALIDATION
4h,XRPUSDT_4h,RandomForestClassifier,"{0: 0.504, 1: 0.496}",DESBALANCEO REAL VAL
4h,XRPUSDT_4h,RandomForestClassifier,"{0: 0.568, 1: 0.432}",DESBALANCEO PREDICCIÓN VAL
4h,XRPUSDT_4h,RandomForestClassifier,0.4864262839148248,F1 VALIDATION
4h,XRPUSDT_4h,RandomForestClassifier,"{0: 0.504, 1: 0.496}",DESBALANCEO REAL VAL
4h,XRPUSDT_4h,RandomForestClassifier,"{0: 0.624, 1: 0.376}",DESBALANCEO PREDICCIÓN VAL
4h,XRPUSDT_4h,RandomForestClassifier,0.49038179307117347,F1 VALIDATION
4h,XRPUSDT_4h,RandomForestClassifier,"{0: 0.504, 1: 0.496}",DESBALANCEO REAL VAL
4h,XRPUSDT_4h,RandomForestClassifier,"{0: 0.632, 1: 0.368}",DESBALANCEO PREDICCIÓN VAL
4h,XRPUSDT_4h,RandomForestClassifier,0.5254517214629644,F1 VALIDATION
4h,XRPUSDT_4h,RandomForestClassifier,"{0: 0.504, 1: 0.496}",DESBALANCEO REAL VAL
4h,XRPUSDT_4h,RandomForestClassifier,"{1: 0.504, 0: 0.496}",DESBALANCEO PREDICCIÓN VAL
4h,XRPUSDT_4h,RandomForestClassifier,0.4769380663932406,F1 VALIDATION
4h,XRPUSDT_4h,RandomForestClassifier,"{0: 0.504, 1: 0.496}",DESBALANCEO REAL VAL
4h,XRPUSDT_4h,RandomForestClassifier,"{0: 0.64, 1: 0.36}",DESBALANCEO PREDICCIÓN VAL
4h,XRPUSDT_4h,RandomForestClassifier,0.4799863013374277,F1 VALIDATION
4h,XRPUSDT_4h,RandomForestClassifier,"{0: 0.504, 1: 0.496}",DESBALANCEO REAL VAL
4h,XRPUSDT_4h,RandomForestClassifier,"{0: 0.592, 1: 0.408}",DESBALANCEO PREDICCIÓN VAL
4h,XRPUSDT_4h,RandomForestClassifier,0.4773078181487274,F1 VALIDATION
4h,XRPUSDT_4h,RandomForestClassifier,"{0: 0.504, 1: 0.496}",DESBALANCEO REAL VAL
4h,XRPUSDT_4h,RandomForestClassifier,"{0: 0.608, 1: 0.392}",DESBALANCEO PREDICCIÓN VAL
4h,XRPUSDT_4h,RandomForestClassifier,0.4892743039707896,FINAL TEST
4h,XRPUSDT_4h,RandomForestClassifier,0.48540450480345715,F1 FINAL TEST
4h,XRPUSDT_4h,RandomForestClassifier,"{1: 0.5047923322683706, 0: 0.4952076677316294}",DESBALANCEO REAL
4h,XRPUSDT_4h,RandomForestClassifier,"{0: 0.5915107256960292, 1: 0.4084892743039708}",DESBALANCEO PREDICCIÓN
4h,BNBUSDT_4h,RandomForestClassifier,0.5103359619846387,F1 VALIDATION
4h,BNBUSDT_4h,RandomForestClassifier,"{1: 0.552, 0: 0.448}",DESBALANCEO REAL VAL
4h,BNBUSDT_4h,RandomForestClassifier,"{1: 0.592, 0: 0.408}",DESBALANCEO PREDICCIÓN VAL
4h,BNBUSDT_4h,RandomForestClassifier,0.5058411074831474,F1 VALIDATION
4h,BNBUSDT_4h,RandomForestClassifier,"{1: 0.552, 0: 0.448}",DESBALANCEO REAL VAL
4h,BNBUSDT_4h,RandomForestClassifier,"{1: 0.648, 0: 0.352}",DESBALANCEO PREDICCIÓN VAL
4h,BNBUSDT_4h,RandomForestClassifier,0.5034665338243072,F1 VALIDATION
4h,BNBUSDT_4h,RandomForestClassifier,"{1: 0.552, 0: 0.448}",DESBALANCEO REAL VAL
4h,BNBUSDT_4h,RandomForestClassifier,"{1: 0.6, 0: 0.4}",DESBALANCEO PREDICCIÓN VAL
4h,BNBUSDT_4h,RandomForestClassifier,0.5096027631363349,F1 VALIDATION
4h,BNBUSDT_4h,RandomForestClassifier,"{1: 0.552, 0: 0.448}",DESBALANCEO REAL VAL
4h,BNBUSDT_4h,RandomForestClassifier,"{1: 0.528, 0: 0.472}",DESBALANCEO PREDICCIÓN VAL
4h,BNBUSDT_4h,RandomForestClassifier,0.5037168968569004,F1 VALIDATION
4h,BNBUSDT_4h,RandomForestClassifier,"{1: 0.552, 0: 0.448}",DESBALANCEO REAL VAL
4h,BNBUSDT_4h,RandomForestClassifier,"{1: 0.624, 0: 0.376}",DESBALANCEO PREDICCIÓN VAL
4h,BNBUSDT_4h,RandomForestClassifier,0.4812691488571966,F1 VALIDATION
4h,BNBUSDT_4h,RandomForestClassifier,"{1: 0.552, 0: 0.448}",DESBALANCEO REAL VAL
4h,BNBUSDT_4h,RandomForestClassifier,"{1: 0.592, 0: 0.408}",DESBALANCEO PREDICCIÓN VAL
4h,BNBUSDT_4h,RandomForestClassifier,0.5052738658423056,F1 VALIDATION
4h,BNBUSDT_4h,RandomForestClassifier,"{1: 0.552, 0: 0.448}",DESBALANCEO REAL VAL
4h,BNBUSDT_4h,RandomForestClassifier,"{1: 0.632, 0: 0.368}",DESBALANCEO PREDICCIÓN VAL
4h,BNBUSDT_4h,RandomForestClassifier,0.49103082108371077,F1 VALIDATION
4h,BNBUSDT_4h,RandomForestClassifier,"{1: 0.552, 0: 0.448}",DESBALANCEO REAL VAL
4h,BNBUSDT_4h,RandomForestClassifier,"{1: 0.568, 0: 0.432}",DESBALANCEO PREDICCIÓN VAL
4h,BNBUSDT_4h,RandomForestClassifier,0.49831174132604783,F1 VALIDATION
4h,BNBUSDT_4h,RandomForestClassifier,"{1: 0.552, 0: 0.448}",DESBALANCEO REAL VAL
4h,BNBUSDT_4h,RandomForestClassifier,"{1: 0.624, 0: 0.376}",DESBALANCEO PREDICCIÓN VAL
4h,BNBUSDT_4h,RandomForestClassifier,0.4824947085362618,F1 VALIDATION
4h,BNBUSDT_4h,RandomForestClassifier,"{1: 0.552, 0: 0.448}",DESBALANCEO REAL VAL
4h,BNBUSDT_4h,RandomForestClassifier,"{0: 0.576, 1: 0.424}",DESBALANCEO PREDICCIÓN VAL
4h,BNBUSDT_4h,RandomForestClassifier,0.521223185759927,FINAL TEST
4h,BNBUSDT_4h,RandomForestClassifier,0.5210471882380228,F1 FINAL TEST
4h,BNBUSDT_4h,RandomForestClassifier,"{1: 0.5152898219990871, 0: 0.4847101780009128}",DESBALANCEO REAL
4h,BNBUSDT_4h,RandomForestClassifier,"{0: 0.5344591510725696, 1: 0.4655408489274304}",DESBALANCEO PREDICCIÓN
4h,SOLUSDT_4h,RandomForestClassifier,0.5004794425811001,F1 VALIDATION
4h,SOLUSDT_4h,RandomForestClassifier,"{1: 0.584, 0: 0.416}",DESBALANCEO REAL VAL
4h,SOLUSDT_4h,RandomForestClassifier,"{0: 0.608, 1: 0.392}",DESBALANCEO PREDICCIÓN VAL
4h,SOLUSDT_4h,RandomForestClassifier,0.5224785510151324,F1 VALIDATION
4h,SOLUSDT_4h,RandomForestClassifier,"{1: 0.584, 0: 0.416}",DESBALANCEO REAL VAL
4h,SOLUSDT_4h,RandomForestClassifier,"{0: 0.576, 1: 0.424}",DESBALANCEO PREDICCIÓN VAL
4h,SOLUSDT_4h,RandomForestClassifier,0.5073340692101957,F1 VALIDATION
4h,SOLUSDT_4h,RandomForestClassifier,"{1: 0.584, 0: 0.416}",DESBALANCEO REAL VAL
4h,SOLUSDT_4h,RandomForestClassifier,"{0: 0.608, 1: 0.392}",DESBALANCEO PREDICCIÓN VAL
4h,SOLUSDT_4h,RandomForestClassifier,0.4935545692198433,F1 VALIDATION
4h,SOLUSDT_4h,RandomForestClassifier,"{1: 0.584, 0: 0.416}",DESBALANCEO REAL VAL
4h,SOLUSDT_4h,RandomForestClassifier,"{0: 0.552, 1: 0.448}",DESBALANCEO PREDICCIÓN VAL
4h,SOLUSDT_4h,RandomForestClassifier,0.5190600470557223,F1 VALIDATION
4h,SOLUSDT_4h,RandomForestClassifier,"{1: 0.584, 0: 0.416}",DESBALANCEO REAL VAL
4h,SOLUSDT_4h,RandomForestClassifier,"{0: 0.536, 1: 0.464}",DESBALANCEO PREDICCIÓN VAL
4h,SOLUSDT_4h,RandomForestClassifier,0.500210993530426,F1 VALIDATION
4h,SOLUSDT_4h,RandomForestClassifier,"{1: 0.584, 0: 0.416}",DESBALANCEO REAL VAL
4h,SOLUSDT_4h,RandomForestClassifier,"{0: 0.592, 1: 0.408}",DESBALANCEO PREDICCIÓN VAL
4h,SOLUSDT_4h,RandomForestClassifier,0.516364120028959,F1 VALIDATION
4h,SOLUSDT_4h,RandomForestClassifier,"{1: 0.584, 0: 0.416}",DESBALANCEO REAL VAL
4h,SOLUSDT_4h,RandomForestClassifier,"{0: 0.536, 1: 0.464}",DESBALANCEO PREDICCIÓN VAL
4h,SOLUSDT_4h,RandomForestClassifier,0.5113367254183385,F1 VALIDATION
4h,SOLUSDT_4h,RandomForestClassifier,"{1: 0.584, 0: 0.416}",DESBALANCEO REAL VAL
4h,SOLUSDT_4h,RandomForestClassifier,"{0: 0.544, 1: 0.456}",DESBALANCEO PREDICCIÓN VAL
4h,SOLUSDT_4h,RandomForestClassifier,0.5000972165974285,F1 VALIDATION
4h,SOLUSDT_4h,RandomForestClassifier,"{1: 0.584, 0: 0.416}",DESBALANCEO REAL VAL
4h,SOLUSDT_4h,RandomForestClassifier,"{0: 0.544, 1: 0.456}",DESBALANCEO PREDICCIÓN VAL
4h,SOLUSDT_4h,RandomForestClassifier,0.49668442045352723,F1 VALIDATION
4h,SOLUSDT_4h,RandomForestClassifier,"{1: 0.584, 0: 0.416}",DESBALANCEO REAL VAL
4h,SOLUSDT_4h,RandomForestClassifier,"{0: 0.608, 1: 0.392}",DESBALANCEO PREDICCIÓN VAL
4h,SOLUSDT_4h,RandomForestClassifier,0.5002282062984938,FINAL TEST
4h,SOLUSDT_4h,RandomForestClassifier,0.49627900970953287,F1 FINAL TEST
4h,SOLUSDT_4h,RandomForestClassifier,"{1: 0.5134641716111364, 0: 0.48653582838886356}",DESBALANCEO REAL
4h,SOLUSDT_4h,RandomForestClassifier,"{0: 0.6020082154267458, 1: 0.39799178457325424}",DESBALANCEO PREDICCIÓN
4h,ADAUSDT_4h,RandomForestClassifier,0.44446811051749346,F1 VALIDATION
4h,ADAUSDT_4h,RandomForestClassifier,"{1: 0.504, 0: 0.496}",DESBALANCEO REAL VAL
4h,ADAUSDT_4h,RandomForestClassifier,"{0: 0.512, 1: 0.488}",DESBALANCEO PREDICCIÓN VAL
4h,ADAUSDT_4h,RandomForestClassifier,0.5005068376706319,F1 VALIDATION
4h,ADAUSDT_4h,RandomForestClassifier,"{1: 0.504, 0: 0.496}",DESBALANCEO REAL VAL
4h,ADAUSDT_4h,RandomForestClassifier,"{0: 0.568, 1: 0.432}",DESBALANCEO PREDICCIÓN VAL
4h,ADAUSDT_4h,RandomForestClassifier,0.5203946979915773,F1 VALIDATION
4h,ADAUSDT_4h,RandomForestClassifier,"{1: 0.504, 0: 0.496}",DESBALANCEO REAL VAL
4h,ADAUSDT_4h,RandomForestClassifier,"{0: 0.544, 1: 0.456}",DESBALANCEO PREDICCIÓN VAL
4h,ADAUSDT_4h,RandomForestClassifier,0.5321728129126049,F1 VALIDATION
4h,ADAUSDT_4h,RandomForestClassifier,"{1: 0.504, 0: 0.496}",DESBALANCEO REAL VAL
4h,ADAUSDT_4h,RandomForestClassifier,"{0: 0.56, 1: 0.44}",DESBALANCEO PREDICCIÓN VAL
4h,ADAUSDT_4h,RandomForestClassifier,0.5088204627941673,F1 VALIDATION
4h,ADAUSDT_4h,RandomForestClassifier,"{1: 0.504, 0: 0.496}",DESBALANCEO REAL VAL
4h,ADAUSDT_4h,RandomForestClassifier,"{0: 0.592, 1: 0.408}",DESBALANCEO PREDICCIÓN VAL
4h,ADAUSDT_4h,RandomForestClassifier,0.5145581859901298,F1 VALIDATION
4h,ADAUSDT_4h,RandomForestClassifier,"{1: 0.504, 0: 0.496}",DESBALANCEO REAL VAL
4h,ADAUSDT_4h,RandomForestClassifier,"{0: 0.592, 1: 0.408}",DESBALANCEO PREDICCIÓN VAL
4h,ADAUSDT_4h,RandomForestClassifier,0.5031075097503116,F1 VALIDATION
4h,ADAUSDT_4h,RandomForestClassifier,"{1: 0.504, 0: 0.496}",DESBALANCEO REAL VAL
4h,ADAUSDT_4h,RandomForestClassifier,"{0: 0.592, 1: 0.408}",DESBALANCEO PREDICCIÓN VAL
4h,ADAUSDT_4h,RandomForestClassifier,0.5096562731770296,F1 VALIDATION
4h,ADAUSDT_4h,RandomForestClassifier,"{1: 0.504, 0: 0.496}",DESBALANCEO REAL VAL
4h,ADAUSDT_4h,RandomForestClassifier,"{0: 0.584, 1: 0.416}",DESBALANCEO PREDICCIÓN VAL
4h,ADAUSDT_4h,RandomForestClassifier,0.49795118493462776,F1 VALIDATION
4h,ADAUSDT_4h,RandomForestClassifier,"{1: 0.504, 0: 0.496}",DESBALANCEO REAL VAL
4h,ADAUSDT_4h,RandomForestClassifier,"{0: 0.576, 1: 0.424}",DESBALANCEO PREDICCIÓN VAL
4h,ADAUSDT_4h,RandomForestClassifier,0.5017366007122233,F1 VALIDATION
4h,ADAUSDT_4h,RandomForestClassifier,"{1: 0.504, 0: 0.496}",DESBALANCEO REAL VAL
4h,ADAUSDT_4h,RandomForestClassifier,"{0: 0.624, 1: 0.376}",DESBALANCEO PREDICCIÓN VAL
4h,ADAUSDT_4h,RandomForestClassifier,0.4993153811045185,FINAL TEST
4h,ADAUSDT_4h,RandomForestClassifier,0.4989642737502546,F1 FINAL TEST
4h,ADAUSDT_4h,RandomForestClassifier,"{1: 0.5020538566864445, 0: 0.49794614331355547}",DESBALANCEO REAL
4h,ADAUSDT_4h,RandomForestClassifier,"{1: 0.5244180739388408, 0: 0.4755819260611593}",DESBALANCEO PREDICCIÓN
4h,TRXUSDT_4h,RandomForestClassifier,0.4921591876797449,F1 VALIDATION
4h,TRXUSDT_4h,RandomForestClassifier,"{1: 0.568, 0: 0.432}",DESBALANCEO REAL VAL
4h,TRXUSDT_4h,RandomForestClassifier,"{1: 0.56, 0: 0.44}",DESBALANCEO PREDICCIÓN VAL
4h,TRXUSDT_4h,RandomForestClassifier,0.4848466893261373,F1 VALIDATION
4h,TRXUSDT_4h,RandomForestClassifier,"{1: 0.568, 0: 0.432}",DESBALANCEO REAL VAL
4h,TRXUSDT_4h,RandomForestClassifier,"{1: 0.592, 0: 0.408}",DESBALANCEO PREDICCIÓN VAL
4h,TRXUSDT_4h,RandomForestClassifier,0.5102620256224689,F1 VALIDATION
4h,TRXUSDT_4h,RandomForestClassifier,"{1: 0.568, 0: 0.432}",DESBALANCEO REAL VAL
4h,TRXUSDT_4h,RandomForestClassifier,"{1: 0.568, 0: 0.432}",DESBALANCEO PREDICCIÓN VAL
4h,TRXUSDT_4h,RandomForestClassifier,0.48202495799982276,F1 VALIDATION
4h,TRXUSDT_4h,RandomForestClassifier,"{1: 0.568, 0: 0.432}",DESBALANCEO REAL VAL
4h,TRXUSDT_4h,RandomForestClassifier,"{0: 0.544, 1: 0.456}",DESBALANCEO PREDICCIÓN VAL
4h,TRXUSDT_4h,RandomForestClassifier,0.503525621801099,F1 VALIDATION
4h,TRXUSDT_4h,RandomForestClassifier,"{1: 0.568, 0: 0.432}",DESBALANCEO REAL VAL
4h,TRXUSDT_4h,RandomForestClassifier,"{1: 0.56, 0: 0.44}",DESBALANCEO PREDICCIÓN VAL
4h,TRXUSDT_4h,RandomForestClassifier,0.4653162152624947,F1 VALIDATION
4h,TRXUSDT_4h,RandomForestClassifier,"{1: 0.568, 0: 0.432}",DESBALANCEO REAL VAL
4h,TRXUSDT_4h,RandomForestClassifier,"{0: 0.552, 1: 0.448}",DESBALANCEO PREDICCIÓN VAL
4h,TRXUSDT_4h,RandomForestClassifier,0.5145378580427037,F1 VALIDATION
4h,TRXUSDT_4h,RandomForestClassifier,"{1: 0.568, 0: 0.432}",DESBALANCEO REAL VAL
4h,TRXUSDT_4h,RandomForestClassifier,"{1: 0.704, 0: 0.296}",DESBALANCEO PREDICCIÓN VAL
4h,TRXUSDT_4h,RandomForestClassifier,0.4815861673248863,F1 VALIDATION
4h,TRXUSDT_4h,RandomForestClassifier,"{1: 0.568, 0: 0.432}",DESBALANCEO REAL VAL
4h,TRXUSDT_4h,RandomForestClassifier,"{1: 0.536, 0: 0.464}",DESBALANCEO PREDICCIÓN VAL
4h,TRXUSDT_4h,RandomForestClassifier,0.5014478608279674,F1 VALIDATION
4h,TRXUSDT_4h,RandomForestClassifier,"{1: 0.568, 0: 0.432}",DESBALANCEO REAL VAL
4h,TRXUSDT_4h,RandomForestClassifier,"{1: 0.512, 0: 0.488}",DESBALANCEO PREDICCIÓN VAL
4h,TRXUSDT_4h,RandomForestClassifier,0.5157667793723121,F1 VALIDATION
4h,TRXUSDT_4h,RandomForestClassifier,"{1: 0.568, 0: 0.432}",DESBALANCEO REAL VAL
4h,TRXUSDT_4h,RandomForestClassifier,"{0: 0.552, 1: 0.448}",DESBALANCEO PREDICCIÓN VAL
4h,TRXUSDT_4h,RandomForestClassifier,0.5043359196713829,FINAL TEST
4h,TRXUSDT_4h,RandomForestClassifier,0.49304364796640154,F1 FINAL TEST
4h,TRXUSDT_4h,RandomForestClassifier,"{1: 0.5385668644454586, 0: 0.4614331355545413}",DESBALANCEO REAL
4h,TRXUSDT_4h,RandomForestClassifier,"{1: 0.6106800547695116, 0: 0.38931994523048835}",DESBALANCEO PREDICCIÓN
4h,LINKUSDT_4h,RandomForestClassifier,0.48114309216965134,F1 VALIDATION
4h,LINKUSDT_4h,RandomForestClassifier,"{0: 0.504, 1: 0.496}",DESBALANCEO REAL VAL
4h,LINKUSDT_4h,RandomForestClassifier,"{1: 0.616, 0: 0.384}",DESBALANCEO PREDICCIÓN VAL
4h,LINKUSDT_4h,RandomForestClassifier,0.4607349413599179,F1 VALIDATION
4h,LINKUSDT_4h,RandomForestClassifier,"{0: 0.504, 1: 0.496}",DESBALANCEO REAL VAL
4h,LINKUSDT_4h,RandomForestClassifier,"{1: 0.8, 0: 0.2}",DESBALANCEO PREDICCIÓN VAL
4h,LINKUSDT_4h,RandomForestClassifier,0.4479386404628575,F1 VALIDATION
4h,LINKUSDT_4h,RandomForestClassifier,"{0: 0.504, 1: 0.496}",DESBALANCEO REAL VAL
4h,LINKUSDT_4h,RandomForestClassifier,"{1: 0.6, 0: 0.4}",DESBALANCEO PREDICCIÓN VAL
4h,LINKUSDT_4h,RandomForestClassifier,0.41149980774778633,F1 VALIDATION
4h,LINKUSDT_4h,RandomForestClassifier,"{0: 0.504, 1: 0.496}",DESBALANCEO REAL VAL
4h,LINKUSDT_4h,RandomForestClassifier,"{1: 0.84, 0: 0.16}",DESBALANCEO PREDICCIÓN VAL
4h,LINKUSDT_4h,RandomForestClassifier,0.4673051279773338,F1 VALIDATION
4h,LINKUSDT_4h,RandomForestClassifier,"{0: 0.504, 1: 0.496}",DESBALANCEO REAL VAL
4h,LINKUSDT_4h,RandomForestClassifier,"{1: 0.64, 0: 0.36}",DESBALANCEO PREDICCIÓN VAL
4h,LINKUSDT_4h,RandomForestClassifier,0.45312665350124715,F1 VALIDATION
4h,LINKUSDT_4h,RandomForestClassifier,"{0: 0.504, 1: 0.496}",DESBALANCEO REAL VAL
4h,LINKUSDT_4h,RandomForestClassifier,"{1: 0.584, 0: 0.416}",DESBALANCEO PREDICCIÓN VAL
4h,LINKUSDT_4h,RandomForestClassifier,0.45275446961515725,F1 VALIDATION
4h,LINKUSDT_4h,RandomForestClassifier,"{0: 0.504, 1: 0.496}",DESBALANCEO REAL VAL
4h,LINKUSDT_4h,RandomForestClassifier,"{1: 0.728, 0: 0.272}",DESBALANCEO PREDICCIÓN VAL
4h,LINKUSDT_4h,RandomForestClassifier,0.4643953177065002,F1 VALIDATION
4h,LINKUSDT_4h,RandomForestClassifier,"{0: 0.504, 1: 0.496}",DESBALANCEO REAL VAL
4h,LINKUSDT_4h,RandomForestClassifier,"{1: 0.576, 0: 0.424}",DESBALANCEO PREDICCIÓN VAL
4h,LINKUSDT_4h,RandomForestClassifier,0.4539454347111572,F1 VALIDATION
4h,LINKUSDT_4h,RandomForestClassifier,"{0: 0.504, 1: 0.496}",DESBALANCEO REAL VAL
4h,LINKUSDT_4h,RandomForestClassifier,"{1: 0.56, 0: 0.44}",DESBALANCEO PREDICCIÓN VAL
4h,LINKUSDT_4h,RandomForestClassifier,0.45447483815586187,F1 VALIDATION
4h,LINKUSDT_4h,RandomForestClassifier,"{0: 0.504, 1: 0.496}",DESBALANCEO REAL VAL
4h,LINKUSDT_4h,RandomForestClassifier,"{0: 0.576, 1: 0.424}",DESBALANCEO PREDICCIÓN VAL
4h,LINKUSDT_4h,RandomForestClassifier,0.5034230944774076,FINAL TEST
4h,LINKUSDT_4h,RandomForestClassifier,0.5033360835395988,F1 FINAL TEST
4h,LINKUSDT_4h,RandomForestClassifier,"{1: 0.5029666818804199, 0: 0.4970333181195801}",DESBALANCEO REAL
4h,LINKUSDT_4h,RandomForestClassifier,"{1: 0.5102692834322228, 0: 0.4897307165677773}",DESBALANCEO PREDICCIÓN
4h,AVAXUSDT_4h,RandomForestClassifier,0.4645522031413841,F1 VALIDATION
4h,AVAXUSDT_4h,RandomForestClassifier,"{1: 0.504, 0: 0.496}",DESBALANCEO REAL VAL
4h,AVAXUSDT_4h,RandomForestClassifier,"{1: 0.712, 0: 0.288}",DESBALANCEO PREDICCIÓN VAL
4h,AVAXUSDT_4h,RandomForestClassifier,0.4981124688162907,F1 VALIDATION
4h,AVAXUSDT_4h,RandomForestClassifier,"{1: 0.504, 0: 0.496}",DESBALANCEO REAL VAL
4h,AVAXUSDT_4h,RandomForestClassifier,"{0: 0.536, 1: 0.464}",DESBALANCEO PREDICCIÓN VAL
4h,AVAXUSDT_4h,RandomForestClassifier,0.4769327152545957,F1 VALIDATION
4h,AVAXUSDT_4h,RandomForestClassifier,"{1: 0.504, 0: 0.496}",DESBALANCEO REAL VAL
4h,AVAXUSDT_4h,RandomForestClassifier,"{1: 0.544, 0: 0.456}",DESBALANCEO PREDICCIÓN VAL
4h,AVAXUSDT_4h,RandomForestClassifier,0.49533621005197137,F1 VALIDATION
4h,AVAXUSDT_4h,RandomForestClassifier,"{1: 0.504, 0: 0.496}",DESBALANCEO REAL VAL
4h,AVAXUSDT_4h,RandomForestClassifier,"{0: 0.52, 1: 0.48}",DESBALANCEO PREDICCIÓN VAL
4h,AVAXUSDT_4h,RandomForestClassifier,0.48678986052586193,F1 VALIDATION
4h,AVAXUSDT_4h,RandomForestClassifier,"{1: 0.504, 0: 0.496}",DESBALANCEO REAL VAL
4h,AVAXUSDT_4h,RandomForestClassifier,"{1: 0.512, 0: 0.488}",DESBALANCEO PREDICCIÓN VAL
4h,AVAXUSDT_4h,RandomForestClassifier,0.4965206853114908,F1 VALIDATION
4h,AVAXUSDT_4h,RandomForestClassifier,"{1: 0.504, 0: 0.496}",DESBALANCEO REAL VAL
4h,AVAXUSDT_4h,RandomForestClassifier,"{1: 0.528, 0: 0.472}",DESBALANCEO PREDICCIÓN VAL
4h,AVAXUSDT_4h,RandomForestClassifier,0.47494051330483256,F1 VALIDATION
4h,AVAXUSDT_4h,RandomForestClassifier,"{1: 0.504, 0: 0.496}",DESBALANCEO REAL VAL
4h,AVAXUSDT_4h,RandomForestClassifier,"{1: 0.528, 0: 0.472}",DESBALANCEO PREDICCIÓN VAL
4h,AVAXUSDT_4h,RandomForestClassifier,0.45765288805626747,F1 VALIDATION
4h,AVAXUSDT_4h,RandomForestClassifier,"{1: 0.504, 0: 0.496}",DESBALANCEO REAL VAL
4h,AVAXUSDT_4h,RandomForestClassifier,"{1: 0.712, 0: 0.288}",DESBALANCEO PREDICCIÓN VAL
4h,AVAXUSDT_4h,RandomForestClassifier,0.4973934860213262,F1 VALIDATION
4h,AVAXUSDT_4h,RandomForestClassifier,"{1: 0.504, 0: 0.496}",DESBALANCEO REAL VAL
4h,AVAXUSDT_4h,RandomForestClassifier,"{0: 0.52, 1: 0.48}",DESBALANCEO PREDICCIÓN VAL
4h,AVAXUSDT_4h,RandomForestClassifier,0.500209708914166,F1 VALIDATION
4h,AVAXUSDT_4h,RandomForestClassifier,"{1: 0.504, 0: 0.496}",DESBALANCEO REAL VAL
4h,AVAXUSDT_4h,RandomForestClassifier,"{0: 0.536, 1: 0.464}",DESBALANCEO PREDICCIÓN VAL
4h,AVAXUSDT_4h,RandomForestClassifier,0.5148334094020995,FINAL TEST
4h,AVAXUSDT_4h,RandomForestClassifier,0.5141192362454821,F1 FINAL TEST
4h,AVAXUSDT_4h,RandomForestClassifier,"{0: 0.5193975353719763, 1: 0.48060246462802375}",DESBALANCEO REAL
4h,AVAXUSDT_4h,RandomForestClassifier,"{0: 0.5189411227749886, 1: 0.4810588772250114}",DESBALANCEO PREDICCIÓN
4h,BTCUSDT_4h,GradientBoostingClassifier,0.530073906601441,F1 VALIDATION
4h,BTCUSDT_4h,GradientBoostingClassifier,"{0: 0.544, 1: 0.456}",DESBALANCEO REAL VAL
4h,BTCUSDT_4h,GradientBoostingClassifier,"{0: 0.512, 1: 0.488}",DESBALANCEO PREDICCIÓN VAL
4h,BTCUSDT_4h,GradientBoostingClassifier,0.5177952467497714,F1 VALIDATION
4h,BTCUSDT_4h,GradientBoostingClassifier,"{0: 0.544, 1: 0.456}",DESBALANCEO REAL VAL
4h,BTCUSDT_4h,GradientBoostingClassifier,"{0: 0.6, 1: 0.4}",DESBALANCEO PREDICCIÓN VAL
4h,BTCUSDT_4h,GradientBoostingClassifier,0.5072441785769662,F1 VALIDATION
4h,BTCUSDT_4h,GradientBoostingClassifier,"{0: 0.544, 1: 0.456}",DESBALANCEO REAL VAL
4h,BTCUSDT_4h,GradientBoostingClassifier,"{0: 0.528, 1: 0.472}",DESBALANCEO PREDICCIÓN VAL
4h,BTCUSDT_4h,GradientBoostingClassifier,0.5030030007235065,F1 VALIDATION
4h,BTCUSDT_4h,GradientBoostingClassifier,"{0: 0.544, 1: 0.456}",DESBALANCEO REAL VAL
4h,BTCUSDT_4h,GradientBoostingClassifier,"{0: 0.608, 1: 0.392}",DESBALANCEO PREDICCIÓN VAL
4h,BTCUSDT_4h,GradientBoostingClassifier,0.49827711242357003,F1 VALIDATION
4h,BTCUSDT_4h,GradientBoostingClassifier,"{0: 0.544, 1: 0.456}",DESBALANCEO REAL VAL
4h,BTCUSDT_4h,GradientBoostingClassifier,"{0: 0.544, 1: 0.456}",DESBALANCEO PREDICCIÓN VAL
4h,BTCUSDT_4h,GradientBoostingClassifier,0.5030500205012526,F1 VALIDATION
4h,BTCUSDT_4h,GradientBoostingClassifier,"{0: 0.544, 1: 0.456}",DESBALANCEO REAL VAL
4h,BTCUSDT_4h,GradientBoostingClassifier,"{1: 0.512, 0: 0.488}",DESBALANCEO PREDICCIÓN VAL
4h,BTCUSDT_4h,GradientBoostingClassifier,0.5048316445463595,F1 VALIDATION
4h,BTCUSDT_4h,GradientBoostingClassifier,"{0: 0.544, 1: 0.456}",DESBALANCEO REAL VAL
4h,BTCUSDT_4h,GradientBoostingClassifier,"{1: 0.544, 0: 0.456}",DESBALANCEO PREDICCIÓN VAL
4h,BTCUSDT_4h,GradientBoostingClassifier,0.5262145353670403,F1 VALIDATION
4h,BTCUSDT_4h,GradientBoostingClassifier,"{0: 0.544, 1: 0.456}",DESBALANCEO REAL VAL
4h,BTCUSDT_4h,GradientBoostingClassifier,"{0: 0.536, 1: 0.464}",DESBALANCEO PREDICCIÓN VAL
4h,BTCUSDT_4h,GradientBoostingClassifier,0.4981248454962858,F1 VALIDATION
4h,BTCUSDT_4h,GradientBoostingClassifier,"{0: 0.544, 1: 0.456}",DESBALANCEO REAL VAL
4h,BTCUSDT_4h,GradientBoostingClassifier,"{0: 0.552, 1: 0.448}",DESBALANCEO PREDICCIÓN VAL
4h,BTCUSDT_4h,GradientBoostingClassifier,0.4896585297427182,F1 VALIDATION
4h,BTCUSDT_4h,GradientBoostingClassifier,"{0: 0.544, 1: 0.456}",DESBALANCEO REAL VAL
4h,BTCUSDT_4h,GradientBoostingClassifier,"{0: 0.568, 1: 0.432}",DESBALANCEO PREDICCIÓN VAL
4h,BTCUSDT_4h,GradientBoostingClassifier,0.492925604746691,FINAL TEST
4h,BTCUSDT_4h,GradientBoostingClassifier,0.4927565405351789,F1 FINAL TEST
4h,BTCUSDT_4h,GradientBoostingClassifier,"{1: 0.5221360109539023, 0: 0.47786398904609767}",DESBALANCEO REAL
4h,BTCUSDT_4h,GradientBoostingClassifier,"{0: 0.5038795070743952, 1: 0.49612049292560473}",DESBALANCEO PREDICCIÓN
4h,ETHUSDT_4h,GradientBoostingClassifier,0.5054228110732242,F1 VALIDATION
4h,ETHUSDT_4h,GradientBoostingClassifier,"{1: 0.512, 0: 0.488}",DESBALANCEO REAL VAL
4h,ETHUSDT_4h,GradientBoostingClassifier,"{1: 0.504, 0: 0.496}",DESBALANCEO PREDICCIÓN VAL
4h,ETHUSDT_4h,GradientBoostingClassifier,0.4919958977517795,F1 VALIDATION
4h,ETHUSDT_4h,GradientBoostingClassifier,"{1: 0.512, 0: 0.488}",DESBALANCEO REAL VAL
4h,ETHUSDT_4h,GradientBoostingClassifier,"{0: 0.552, 1: 0.448}",DESBALANCEO PREDICCIÓN VAL
4h,ETHUSDT_4h,GradientBoostingClassifier,0.4720651729191559,F1 VALIDATION
4h,ETHUSDT_4h,GradientBoostingClassifier,"{1: 0.512, 0: 0.488}",DESBALANCEO REAL VAL
4h,ETHUSDT_4h,GradientBoostingClassifier,"{0: 0.56, 1: 0.44}",DESBALANCEO PREDICCIÓN VAL
4h,ETHUSDT_4h,GradientBoostingClassifier,0.4785824918272935,F1 VALIDATION
4h,ETHUSDT_4h,GradientBoostingClassifier,"{1: 0.512, 0: 0.488}",DESBALANCEO REAL VAL
4h,ETHUSDT_4h,GradientBoostingClassifier,"{1: 0.504, 0: 0.496}",DESBALANCEO PREDICCIÓN VAL
4h,ETHUSDT_4h,GradientBoostingClassifier,0.5015806671274232,F1 VALIDATION
4h,ETHUSDT_4h,GradientBoostingClassifier,"{1: 0.512, 0: 0.488}",DESBALANCEO REAL VAL
4h,ETHUSDT_4h,GradientBoostingClassifier,"{0: 0.52, 1: 0.48}",DESBALANCEO PREDICCIÓN VAL
4h,ETHUSDT_4h,GradientBoostingClassifier,0.4972250664039751,F1 VALIDATION
4h,ETHUSDT_4h,GradientBoostingClassifier,"{1: 0.512, 0: 0.488}",DESBALANCEO REAL VAL
4h,ETHUSDT_4h,GradientBoostingClassifier,"{0: 0.56, 1: 0.44}",DESBALANCEO PREDICCIÓN VAL
4h,ETHUSDT_4h,GradientBoostingClassifier,0.5021065936336934,F1 VALIDATION
4h,ETHUSDT_4h,GradientBoostingClassifier,"{1: 0.512, 0: 0.488}",DESBALANCEO REAL VAL
4h,ETHUSDT_4h,GradientBoostingClassifier,"{0: 0.552, 1: 0.448}",DESBALANCEO PREDICCIÓN VAL
4h,ETHUSDT_4h,GradientBoostingClassifier,0.4871399652192777,F1 VALIDATION
4h,ETHUSDT_4h,GradientBoostingClassifier,"{1: 0.512, 0: 0.488}",DESBALANCEO REAL VAL
4h,ETHUSDT_4h,GradientBoostingClassifier,"{0: 0.568, 1: 0.432}",DESBALANCEO PREDICCIÓN VAL
4h,ETHUSDT_4h,GradientBoostingClassifier,0.5002564493823222,F1 VALIDATION
4h,ETHUSDT_4h,GradientBoostingClassifier,"{1: 0.512, 0: 0.488}",DESBALANCEO REAL VAL
4h,ETHUSDT_4h,GradientBoostingClassifier,"{1: 0.512, 0: 0.488}",DESBALANCEO PREDICCIÓN VAL
4h,ETHUSDT_4h,GradientBoostingClassifier,0.4940149933983126,F1 VALIDATION
4h,ETHUSDT_4h,GradientBoostingClassifier,"{1: 0.512, 0: 0.488}",DESBALANCEO REAL VAL
4h,ETHUSDT_4h,GradientBoostingClassifier,"{0: 0.56, 1: 0.44}",DESBALANCEO PREDICCIÓN VAL
4h,ETHUSDT_4h,GradientBoostingClassifier,0.49155636695572796,FINAL TEST
4h,ETHUSDT_4h,GradientBoostingClassifier,0.4915003316699834,F1 FINAL TEST
4h,ETHUSDT_4h,GradientBoostingClassifier,"{1: 0.5061615700593336, 0: 0.49383842994066635}",DESBALANCEO REAL
4h,ETHUSDT_4h,GradientBoostingClassifier,"{1: 0.5043359196713829, 0: 0.4956640803286171}",DESBALANCEO PREDICCIÓN
4h,XRPUSDT_4h,GradientBoostingClassifier,0.48985674074002244,F1 VALIDATION
4h,XRPUSDT_4h,GradientBoostingClassifier,"{0: 0.504, 1: 0.496}",DESBALANCEO REAL VAL
4h,XRPUSDT_4h,GradientBoostingClassifier,"{0: 0.544, 1: 0.456}",DESBALANCEO PREDICCIÓN VAL
4h,XRPUSDT_4h,GradientBoostingClassifier,0.4774361166184623,F1 VALIDATION
4h,XRPUSDT_4h,GradientBoostingClassifier,"{0: 0.504, 1: 0.496}",DESBALANCEO REAL VAL
4h,XRPUSDT_4h,GradientBoostingClassifier,"{0: 0.512, 1: 0.488}",DESBALANCEO PREDICCIÓN VAL
4h,XRPUSDT_4h,GradientBoostingClassifier,0.5007372562632129,F1 VALIDATION
4h,XRPUSDT_4h,GradientBoostingClassifier,"{0: 0.504, 1: 0.496}",DESBALANCEO REAL VAL
4h,XRPUSDT_4h,GradientBoostingClassifier,"{0: 0.52, 1: 0.48}",DESBALANCEO PREDICCIÓN VAL
4h,XRPUSDT_4h,GradientBoostingClassifier,0.45775956531891404,F1 VALIDATION
4h,XRPUSDT_4h,GradientBoostingClassifier,"{0: 0.504, 1: 0.496}",DESBALANCEO REAL VAL
4h,XRPUSDT_4h,GradientBoostingClassifier,"{0: 0.536, 1: 0.464}",DESBALANCEO PREDICCIÓN VAL
4h,XRPUSDT_4h,GradientBoostingClassifier,0.49958852818042593,F1 VALIDATION
4h,XRPUSDT_4h,GradientBoostingClassifier,"{0: 0.504, 1: 0.496}",DESBALANCEO REAL VAL
4h,XRPUSDT_4h,GradientBoostingClassifier,"{0: 0.552, 1: 0.448}",DESBALANCEO PREDICCIÓN VAL
4h,XRPUSDT_4h,GradientBoostingClassifier,0.4951511149772436,F1 VALIDATION
4h,XRPUSDT_4h,GradientBoostingClassifier,"{0: 0.504, 1: 0.496}",DESBALANCEO REAL VAL
4h,XRPUSDT_4h,GradientBoostingClassifier,"{0: 0.56, 1: 0.44}",DESBALANCEO PREDICCIÓN VAL
4h,XRPUSDT_4h,GradientBoostingClassifier,0.46608938918717663,F1 VALIDATION
4h,XRPUSDT_4h,GradientBoostingClassifier,"{0: 0.504, 1: 0.496}",DESBALANCEO REAL VAL
4h,XRPUSDT_4h,GradientBoostingClassifier,"{0: 0.6, 1: 0.4}",DESBALANCEO PREDICCIÓN VAL
4h,XRPUSDT_4h,GradientBoostingClassifier,0.4850946015030958,F1 VALIDATION
4h,XRPUSDT_4h,GradientBoostingClassifier,"{0: 0.504, 1: 0.496}",DESBALANCEO REAL VAL
4h,XRPUSDT_4h,GradientBoostingClassifier,"{0: 0.568, 1: 0.432}",DESBALANCEO PREDICCIÓN VAL
4h,XRPUSDT_4h,GradientBoostingClassifier,0.4706965878312121,F1 VALIDATION
4h,XRPUSDT_4h,GradientBoostingClassifier,"{0: 0.504, 1: 0.496}",DESBALANCEO REAL VAL
4h,XRPUSDT_4h,GradientBoostingClassifier,"{0: 0.616, 1: 0.384}",DESBALANCEO PREDICCIÓN VAL
4h,XRPUSDT_4h,GradientBoostingClassifier,0.48354512286789547,F1 VALIDATION
4h,XRPUSDT_4h,GradientBoostingClassifier,"{0: 0.504, 1: 0.496}",DESBALANCEO REAL VAL
4h,XRPUSDT_4h,GradientBoostingClassifier,"{0: 0.624, 1: 0.376}",DESBALANCEO PREDICCIÓN VAL
4h,XRPUSDT_4h,GradientBoostingClassifier,0.5107256960292104,FINAL TEST
4h,XRPUSDT_4h,GradientBoostingClassifier,0.5107255941072559,F1 FINAL TEST
4h,XRPUSDT_4h,GradientBoostingClassifier,"{1: 0.5047923322683706, 0: 0.4952076677316294}",DESBALANCEO REAL
4h,XRPUSDT_4h,GradientBoostingClassifier,"{0: 0.5043359196713829, 1: 0.4956640803286171}",DESBALANCEO PREDICCIÓN
4h,BNBUSDT_4h,GradientBoostingClassifier,0.4943917694394216,F1 VALIDATION
4h,BNBUSDT_4h,GradientBoostingClassifier,"{1: 0.552, 0: 0.448}",DESBALANCEO REAL VAL
4h,BNBUSDT_4h,GradientBoostingClassifier,"{1: 0.536, 0: 0.464}",DESBALANCEO PREDICCIÓN VAL
4h,BNBUSDT_4h,GradientBoostingClassifier,0.5044232810991327,F1 VALIDATION
4h,BNBUSDT_4h,GradientBoostingClassifier,"{1: 0.552, 0: 0.448}",DESBALANCEO REAL VAL
4h,BNBUSDT_4h,GradientBoostingClassifier,"{1: 0.592, 0: 0.408}",DESBALANCEO PREDICCIÓN VAL
4h,BNBUSDT_4h,GradientBoostingClassifier,0.5237274662350832,F1 VALIDATION
4h,BNBUSDT_4h,GradientBoostingClassifier,"{1: 0.552, 0: 0.448}",DESBALANCEO REAL VAL
4h,BNBUSDT_4h,GradientBoostingClassifier,"{1: 0.616, 0: 0.384}",DESBALANCEO PREDICCIÓN VAL
4h,BNBUSDT_4h,GradientBoostingClassifier,0.5183946754638968,F1 VALIDATION
4h,BNBUSDT_4h,GradientBoostingClassifier,"{1: 0.552, 0: 0.448}",DESBALANCEO REAL VAL
4h,BNBUSDT_4h,GradientBoostingClassifier,"{1: 0.608, 0: 0.392}",DESBALANCEO PREDICCIÓN VAL
4h,BNBUSDT_4h,GradientBoostingClassifier,0.5030465849246353,F1 VALIDATION
4h,BNBUSDT_4h,GradientBoostingClassifier,"{1: 0.552, 0: 0.448}",DESBALANCEO REAL VAL
4h,BNBUSDT_4h,GradientBoostingClassifier,"{1: 0.56, 0: 0.44}",DESBALANCEO PREDICCIÓN VAL
4h,BNBUSDT_4h,GradientBoostingClassifier,0.5019008324701562,F1 VALIDATION
4h,BNBUSDT_4h,GradientBoostingClassifier,"{1: 0.552, 0: 0.448}",DESBALANCEO REAL VAL
4h,BNBUSDT_4h,GradientBoostingClassifier,"{1: 0.552, 0: 0.448}",DESBALANCEO PREDICCIÓN VAL
4h,BNBUSDT_4h,GradientBoostingClassifier,0.5150682358388371,F1 VALIDATION
4h,BNBUSDT_4h,GradientBoostingClassifier,"{1: 0.552, 0: 0.448}",DESBALANCEO REAL VAL
4h,BNBUSDT_4h,GradientBoostingClassifier,"{1: 0.584, 0: 0.416}",DESBALANCEO PREDICCIÓN VAL
4h,BNBUSDT_4h,GradientBoostingClassifier,0.49674155034677214,F1 VALIDATION
4h,BNBUSDT_4h,GradientBoostingClassifier,"{1: 0.552, 0: 0.448}",DESBALANCEO REAL VAL
4h,BNBUSDT_4h,GradientBoostingClassifier,"{0: 0.528, 1: 0.472}",DESBALANCEO PREDICCIÓN VAL
4h,BNBUSDT_4h,GradientBoostingClassifier,0.507378837333498,F1 VALIDATION
4h,BNBUSDT_4h,GradientBoostingClassifier,"{1: 0.552, 0: 0.448}",DESBALANCEO REAL VAL
4h,BNBUSDT_4h,GradientBoostingClassifier,"{1: 0.536, 0: 0.464}",DESBALANCEO PREDICCIÓN VAL
4h,BNBUSDT_4h,GradientBoostingClassifier,0.5230566250885513,F1 VALIDATION
4h,BNBUSDT_4h,GradientBoostingClassifier,"{1: 0.552, 0: 0.448}",DESBALANCEO REAL VAL
4h,BNBUSDT_4h,GradientBoostingClassifier,"{1: 0.616, 0: 0.384}",DESBALANCEO PREDICCIÓN VAL
4h,BNBUSDT_4h,GradientBoostingClassifier,0.5066179826563213,FINAL TEST
4h,BNBUSDT_4h,GradientBoostingClassifier,0.5058566664267377,F1 FINAL TEST
4h,BNBUSDT_4h,GradientBoostingClassifier,"{1: 0.5152898219990871, 0: 0.4847101780009128}",DESBALANCEO REAL
4h,BNBUSDT_4h,GradientBoostingClassifier,"{1: 0.5239616613418531, 0: 0.476038338658147}",DESBALANCEO PREDICCIÓN
4h,SOLUSDT_4h,GradientBoostingClassifier,0.49741208915293467,F1 VALIDATION
4h,SOLUSDT_4h,GradientBoostingClassifier,"{1: 0.584, 0: 0.416}",DESBALANCEO REAL VAL
4h,SOLUSDT_4h,GradientBoostingClassifier,"{0: 0.568, 1: 0.432}",DESBALANCEO PREDICCIÓN VAL
4h,SOLUSDT_4h,GradientBoostingClassifier,0.5203765548059007,F1 VALIDATION
4h,SOLUSDT_4h,GradientBoostingClassifier,"{1: 0.584, 0: 0.416}",DESBALANCEO REAL VAL
4h,SOLUSDT_4h,GradientBoostingClassifier,"{0: 0.576, 1: 0.424}",DESBALANCEO PREDICCIÓN VAL
4h,SOLUSDT_4h,GradientBoostingClassifier,0.4921080619268853,F1 VALIDATION
4h,SOLUSDT_4h,GradientBoostingClassifier,"{1: 0.584, 0: 0.416}",DESBALANCEO REAL VAL
4h,SOLUSDT_4h,GradientBoostingClassifier,"{0: 0.56, 1: 0.44}",DESBALANCEO PREDICCIÓN VAL
4h,SOLUSDT_4h,GradientBoostingClassifier,0.507195878160815,F1 VALIDATION
4h,SOLUSDT_4h,GradientBoostingClassifier,"{1: 0.584, 0: 0.416}",DESBALANCEO REAL VAL
4h,SOLUSDT_4h,GradientBoostingClassifier,"{0: 0.576, 1: 0.424}",DESBALANCEO PREDICCIÓN VAL
4h,SOLUSDT_4h,GradientBoostingClassifier,0.4877055917217369,F1 VALIDATION
4h,SOLUSDT_4h,GradientBoostingClassifier,"{1: 0.584, 0: 0.416}",DESBALANCEO REAL VAL
4h,SOLUSDT_4h,GradientBoostingClassifier,"{0: 0.544, 1: 0.456}",DESBALANCEO PREDICCIÓN VAL
4h,SOLUSDT_4h,GradientBoostingClassifier,0.4987573340204638,F1 VALIDATION
4h,SOLUSDT_4h,GradientBoostingClassifier,"{1: 0.584, 0: 0.416}",DESBALANCEO REAL VAL
4h,SOLUSDT_4h,GradientBoostingClassifier,"{0: 0.592, 1: 0.408}",DESBALANCEO PREDICCIÓN VAL
4h,SOLUSDT_4h,GradientBoostingClassifier,0.5248791121267329,F1 VALIDATION
4h,SOLUSDT_4h,GradientBoostingClassifier,"{1: 0.584, 0: 0.416}",DESBALANCEO REAL VAL
4h,SOLUSDT_4h,GradientBoostingClassifier,"{0: 0.592, 1: 0.408}",DESBALANCEO PREDICCIÓN VAL
4h,SOLUSDT_4h,GradientBoostingClassifier,0.5067494973693367,F1 VALIDATION
4h,SOLUSDT_4h,GradientBoostingClassifier,"{1: 0.584, 0: 0.416}",DESBALANCEO REAL VAL
4h,SOLUSDT_4h,GradientBoostingClassifier,"{0: 0.56, 1: 0.44}",DESBALANCEO PREDICCIÓN VAL
4h,SOLUSDT_4h,GradientBoostingClassifier,0.5229232931345874,F1 VALIDATION
4h,SOLUSDT_4h,GradientBoostingClassifier,"{1: 0.584, 0: 0.416}",DESBALANCEO REAL VAL
4h,SOLUSDT_4h,GradientBoostingClassifier,"{0: 0.584, 1: 0.416}",DESBALANCEO PREDICCIÓN VAL
4h,SOLUSDT_4h,GradientBoostingClassifier,0.5068796695097784,F1 VALIDATION
4h,SOLUSDT_4h,GradientBoostingClassifier,"{1: 0.584, 0: 0.416}",DESBALANCEO REAL VAL
4h,SOLUSDT_4h,GradientBoostingClassifier,"{0: 0.568, 1: 0.432}",DESBALANCEO PREDICCIÓN VAL
4h,SOLUSDT_4h,GradientBoostingClassifier,0.4984025559105431,FINAL TEST
4h,SOLUSDT_4h,GradientBoostingClassifier,0.4965193072696954,F1 FINAL TEST
4h,SOLUSDT_4h,GradientBoostingClassifier,"{1: 0.5134641716111364, 0: 0.48653582838886356}",DESBALANCEO REAL
4h,SOLUSDT_4h,GradientBoostingClassifier,"{0: 0.5746234596074852, 1: 0.4253765403925148}",DESBALANCEO PREDICCIÓN
4h,ADAUSDT_4h,GradientBoostingClassifier,0.47500908073540493,F1 VALIDATION
4h,ADAUSDT_4h,GradientBoostingClassifier,"{1: 0.504, 0: 0.496}",DESBALANCEO REAL VAL
4h,ADAUSDT_4h,GradientBoostingClassifier,"{0: 0.552, 1: 0.448}",DESBALANCEO PREDICCIÓN VAL
4h,ADAUSDT_4h,GradientBoostingClassifier,0.5163852215042357,F1 VALIDATION
4h,ADAUSDT_4h,GradientBoostingClassifier,"{1: 0.504, 0: 0.496}",DESBALANCEO REAL VAL
4h,ADAUSDT_4h,GradientBoostingClassifier,"{0: 0.592, 1: 0.408}",DESBALANCEO PREDICCIÓN VAL
4h,ADAUSDT_4h,GradientBoostingClassifier,0.49402715783800205,F1 VALIDATION
4h,ADAUSDT_4h,GradientBoostingClassifier,"{1: 0.504, 0: 0.496}",DESBALANCEO REAL VAL
4h,ADAUSDT_4h,GradientBoostingClassifier,"{0: 0.584, 1: 0.416}",DESBALANCEO PREDICCIÓN VAL
4h,ADAUSDT_4h,GradientBoostingClassifier,0.49995052378890537,F1 VALIDATION
4h,ADAUSDT_4h,GradientBoostingClassifier,"{1: 0.504, 0: 0.496}",DESBALANCEO REAL VAL
4h,ADAUSDT_4h,GradientBoostingClassifier,"{0: 0.552, 1: 0.448}",DESBALANCEO PREDICCIÓN VAL
4h,ADAUSDT_4h,GradientBoostingClassifier,0.52197449557646,F1 VALIDATION
4h,ADAUSDT_4h,GradientBoostingClassifier,"{1: 0.504, 0: 0.496}",DESBALANCEO REAL VAL
4h,ADAUSDT_4h,GradientBoostingClassifier,"{0: 0.568, 1: 0.432}",DESBALANCEO PREDICCIÓN VAL
4h,ADAUSDT_4h,GradientBoostingClassifier,0.523991204296219,F1 VALIDATION
4h,ADAUSDT_4h,GradientBoostingClassifier,"{1: 0.504, 0: 0.496}",DESBALANCEO REAL VAL
4h,ADAUSDT_4h,GradientBoostingClassifier,"{0: 0.576, 1: 0.424}",DESBALANCEO PREDICCIÓN VAL
4h,ADAUSDT_4h,GradientBoostingClassifier,0.5087048432320568,F1 VALIDATION
4h,ADAUSDT_4h,GradientBoostingClassifier,"{1: 0.504, 0: 0.496}",DESBALANCEO REAL VAL
4h,ADAUSDT_4h,GradientBoostingClassifier,"{0: 0.568, 1: 0.432}",DESBALANCEO PREDICCIÓN VAL
4h,ADAUSDT_4h,GradientBoostingClassifier,0.5165084783260561,F1 VALIDATION
4h,ADAUSDT_4h,GradientBoostingClassifier,"{1: 0.504, 0: 0.496}",DESBALANCEO REAL VAL
4h,ADAUSDT_4h,GradientBoostingClassifier,"{0: 0.584, 1: 0.416}",DESBALANCEO PREDICCIÓN VAL
4h,ADAUSDT_4h,GradientBoostingClassifier,0.47991285619484536,F1 VALIDATION
4h,ADAUSDT_4h,GradientBoostingClassifier,"{1: 0.504, 0: 0.496}",DESBALANCEO REAL VAL
4h,ADAUSDT_4h,GradientBoostingClassifier,"{0: 0.544, 1: 0.456}",DESBALANCEO PREDICCIÓN VAL
4h,ADAUSDT_4h,GradientBoostingClassifier,0.4995016372298592,F1 VALIDATION
4h,ADAUSDT_4h,GradientBoostingClassifier,"{1: 0.504, 0: 0.496}",DESBALANCEO REAL VAL
4h,ADAUSDT_4h,GradientBoostingClassifier,"{0: 0.512, 1: 0.488}",DESBALANCEO PREDICCIÓN VAL
4h,ADAUSDT_4h,GradientBoostingClassifier,0.5102692834322228,FINAL TEST
4h,ADAUSDT_4h,GradientBoostingClassifier,0.510089259274927,F1 FINAL TEST
4h,ADAUSDT_4h,GradientBoostingClassifier,"{1: 0.5020538566864445, 0: 0.49794614331355547}",DESBALANCEO REAL
4h,ADAUSDT_4h,GradientBoostingClassifier,"{1: 0.5171154723870379, 0: 0.48288452761296213}",DESBALANCEO PREDICCIÓN
4h,TRXUSDT_4h,GradientBoostingClassifier,0.4943368026011815,F1 VALIDATION
4h,TRXUSDT_4h,GradientBoostingClassifier,"{1: 0.568, 0: 0.432}",DESBALANCEO REAL VAL
4h,TRXUSDT_4h,GradientBoostingClassifier,"{1: 0.504, 0: 0.496}",DESBALANCEO PREDICCIÓN VAL
4h,TRXUSDT_4h,GradientBoostingClassifier,0.49309853082824306,F1 VALIDATION
4h,TRXUSDT_4h,GradientBoostingClassifier,"{1: 0.568, 0: 0.432}",DESBALANCEO REAL VAL
4h,TRXUSDT_4h,GradientBoostingClassifier,"{0: 0.512, 1: 0.488}",DESBALANCEO PREDICCIÓN VAL
4h,TRXUSDT_4h,GradientBoostingClassifier,0.48717435016739685,F1 VALIDATION
4h,TRXUSDT_4h,GradientBoostingClassifier,"{1: 0.568, 0: 0.432}",DESBALANCEO REAL VAL
4h,TRXUSDT_4h,GradientBoostingClassifier,"{1: 0.52, 0: 0.48}",DESBALANCEO PREDICCIÓN VAL
4h,TRXUSDT_4h,GradientBoostingClassifier,0.4887191517228917,F1 VALIDATION
4h,TRXUSDT_4h,GradientBoostingClassifier,"{1: 0.568, 0: 0.432}",DESBALANCEO REAL VAL
4h,TRXUSDT_4h,GradientBoostingClassifier,"{1: 0.576, 0: 0.424}",DESBALANCEO PREDICCIÓN VAL
4h,TRXUSDT_4h,GradientBoostingClassifier,0.49917037502158623,F1 VALIDATION
4h,TRXUSDT_4h,GradientBoostingClassifier,"{1: 0.568, 0: 0.432}",DESBALANCEO REAL VAL
4h,TRXUSDT_4h,GradientBoostingClassifier,"{1: 0.536, 0: 0.464}",DESBALANCEO PREDICCIÓN VAL
4h,TRXUSDT_4h,GradientBoostingClassifier,0.5016285511802463,F1 VALIDATION
4h,TRXUSDT_4h,GradientBoostingClassifier,"{1: 0.568, 0: 0.432}",DESBALANCEO REAL VAL
4h,TRXUSDT_4h,GradientBoostingClassifier,"{1: 0.512, 0: 0.488}",DESBALANCEO PREDICCIÓN VAL
4h,TRXUSDT_4h,GradientBoostingClassifier,0.49847080624148277,F1 VALIDATION
4h,TRXUSDT_4h,GradientBoostingClassifier,"{1: 0.568, 0: 0.432}",DESBALANCEO REAL VAL
4h,TRXUSDT_4h,GradientBoostingClassifier,"{1: 0.576, 0: 0.424}",DESBALANCEO PREDICCIÓN VAL
4h,TRXUSDT_4h,GradientBoostingClassifier,0.5085485942108935,F1 VALIDATION
4h,TRXUSDT_4h,GradientBoostingClassifier,"{1: 0.568, 0: 0.432}",DESBALANCEO REAL VAL
4h,TRXUSDT_4h,GradientBoostingClassifier,"{0: 0.512, 1: 0.488}",DESBALANCEO PREDICCIÓN VAL
4h,TRXUSDT_4h,GradientBoostingClassifier,0.48756044377356245,F1 VALIDATION
4h,TRXUSDT_4h,GradientBoostingClassifier,"{1: 0.568, 0: 0.432}",DESBALANCEO REAL VAL
4h,TRXUSDT_4h,GradientBoostingClassifier,"{0: 0.504, 1: 0.496}",DESBALANCEO PREDICCIÓN VAL
4h,TRXUSDT_4h,GradientBoostingClassifier,0.5005856832224121,F1 VALIDATION
4h,TRXUSDT_4h,GradientBoostingClassifier,"{1: 0.568, 0: 0.432}",DESBALANCEO REAL VAL
4h,TRXUSDT_4h,GradientBoostingClassifier,"{1: 0.536, 0: 0.464}",DESBALANCEO PREDICCIÓN VAL
4h,TRXUSDT_4h,GradientBoostingClassifier,0.5061615700593336,FINAL TEST
4h,TRXUSDT_4h,GradientBoostingClassifier,0.4966619107068545,F1 FINAL TEST
4h,TRXUSDT_4h,GradientBoostingClassifier,"{1: 0.5385668644454586, 0: 0.4614331355545413}",DESBALANCEO REAL
4h,TRXUSDT_4h,GradientBoostingClassifier,"{1: 0.5988133272478321, 0: 0.40118667275216796}",DESBALANCEO PREDICCIÓN
4h,LINKUSDT_4h,GradientBoostingClassifier,0.48159864973115196,F1 VALIDATION
4h,LINKUSDT_4h,GradientBoostingClassifier,"{0: 0.504, 1: 0.496}",DESBALANCEO REAL VAL
4h,LINKUSDT_4h,GradientBoostingClassifier,"{1: 0.736, 0: 0.264}",DESBALANCEO PREDICCIÓN VAL
4h,LINKUSDT_4h,GradientBoostingClassifier,0.4736746466453347,F1 VALIDATION
4h,LINKUSDT_4h,GradientBoostingClassifier,"{0: 0.504, 1: 0.496}",DESBALANCEO REAL VAL
4h,LINKUSDT_4h,GradientBoostingClassifier,"{1: 0.6, 0: 0.4}",DESBALANCEO PREDICCIÓN VAL
4h,LINKUSDT_4h,GradientBoostingClassifier,0.5302531764976802,F1 VALIDATION
4h,LINKUSDT_4h,GradientBoostingClassifier,"{0: 0.504, 1: 0.496}",DESBALANCEO REAL VAL
4h,LINKUSDT_4h,GradientBoostingClassifier,"{1: 0.656, 0: 0.344}",DESBALANCEO PREDICCIÓN VAL
4h,LINKUSDT_4h,GradientBoostingClassifier,0.5063233488469969,F1 VALIDATION
4h,LINKUSDT_4h,GradientBoostingClassifier,"{0: 0.504, 1: 0.496}",DESBALANCEO REAL VAL
4h,LINKUSDT_4h,GradientBoostingClassifier,"{1: 0.6, 0: 0.4}",DESBALANCEO PREDICCIÓN VAL
4h,LINKUSDT_4h,GradientBoostingClassifier,0.5100976389595022,F1 VALIDATION
4h,LINKUSDT_4h,GradientBoostingClassifier,"{0: 0.504, 1: 0.496}",DESBALANCEO REAL VAL
4h,LINKUSDT_4h,GradientBoostingClassifier,"{1: 0.552, 0: 0.448}",DESBALANCEO PREDICCIÓN VAL
4h,LINKUSDT_4h,GradientBoostingClassifier,0.49858771103035515,F1 VALIDATION
4h,LINKUSDT_4h,GradientBoostingClassifier,"{0: 0.504, 1: 0.496}",DESBALANCEO REAL VAL
4h,LINKUSDT_4h,GradientBoostingClassifier,"{1: 0.576, 0: 0.424}",DESBALANCEO PREDICCIÓN VAL
4h,LINKUSDT_4h,GradientBoostingClassifier,0.48557814557744605,F1 VALIDATION
4h,LINKUSDT_4h,GradientBoostingClassifier,"{0: 0.504, 1: 0.496}",DESBALANCEO REAL VAL
4h,LINKUSDT_4h,GradientBoostingClassifier,"{1: 0.712, 0: 0.288}",DESBALANCEO PREDICCIÓN VAL
4h,LINKUSDT_4h,GradientBoostingClassifier,0.5026226393341455,F1 VALIDATION
4h,LINKUSDT_4h,GradientBoostingClassifier,"{0: 0.504, 1: 0.496}",DESBALANCEO REAL VAL
4h,LINKUSDT_4h,GradientBoostingClassifier,"{1: 0.512, 0: 0.488}",DESBALANCEO PREDICCIÓN VAL
4h,LINKUSDT_4h,GradientBoostingClassifier,0.49977813077560995,F1 VALIDATION
4h,LINKUSDT_4h,GradientBoostingClassifier,"{0: 0.504, 1: 0.496}",DESBALANCEO REAL VAL
4h,LINKUSDT_4h,GradientBoostingClassifier,"{1: 0.512, 0: 0.488}",DESBALANCEO PREDICCIÓN VAL
4h,LINKUSDT_4h,GradientBoostingClassifier,0.48767637898979005,F1 VALIDATION
4h,LINKUSDT_4h,GradientBoostingClassifier,"{0: 0.504, 1: 0.496}",DESBALANCEO REAL VAL
4h,LINKUSDT_4h,GradientBoostingClassifier,"{1: 0.512, 0: 0.488}",DESBALANCEO PREDICCIÓN VAL
4h,LINKUSDT_4h,GradientBoostingClassifier,0.5111821086261981,FINAL TEST
4h,LINKUSDT_4h,GradientBoostingClassifier,0.5111491144977133,F1 FINAL TEST
4h,LINKUSDT_4h,GradientBoostingClassifier,"{1: 0.5029666818804199, 0: 0.4970333181195801}",DESBALANCEO REAL
4h,LINKUSDT_4h,GradientBoostingClassifier,"{1: 0.5052487448653583, 0: 0.49475125513464174}",DESBALANCEO PREDICCIÓN
4h,AVAXUSDT_4h,GradientBoostingClassifier,0.4975188775860058,F1 VALIDATION
4h,AVAXUSDT_4h,GradientBoostingClassifier,"{1: 0.504, 0: 0.496}",DESBALANCEO REAL VAL
4h,AVAXUSDT_4h,GradientBoostingClassifier,"{1: 0.512, 0: 0.488}",DESBALANCEO PREDICCIÓN VAL
4h,AVAXUSDT_4h,GradientBoostingClassifier,0.4813065269829771,F1 VALIDATION
4h,AVAXUSDT_4h,GradientBoostingClassifier,"{1: 0.504, 0: 0.496}",DESBALANCEO REAL VAL
4h,AVAXUSDT_4h,GradientBoostingClassifier,"{1: 0.608, 0: 0.392}",DESBALANCEO PREDICCIÓN VAL
4h,AVAXUSDT_4h,GradientBoostingClassifier,0.49226542541226526,F1 VALIDATION
4h,AVAXUSDT_4h,GradientBoostingClassifier,"{1: 0.504, 0: 0.496}",DESBALANCEO REAL VAL
4h,AVAXUSDT_4h,GradientBoostingClassifier,"{1: 0.592, 0: 0.408}",DESBALANCEO PREDICCIÓN VAL
4h,AVAXUSDT_4h,GradientBoostingClassifier,0.47681318771310527,F1 VALIDATION
4h,AVAXUSDT_4h,GradientBoostingClassifier,"{1: 0.504, 0: 0.496}",DESBALANCEO REAL VAL
4h,AVAXUSDT_4h,GradientBoostingClassifier,"{1: 0.512, 0: 0.488}",DESBALANCEO PREDICCIÓN VAL
4h,AVAXUSDT_4h,GradientBoostingClassifier,0.4752536247557207,F1 VALIDATION
4h,AVAXUSDT_4h,GradientBoostingClassifier,"{1: 0.504, 0: 0.496}",DESBALANCEO REAL VAL
4h,AVAXUSDT_4h,GradientBoostingClassifier,"{1: 0.528, 0: 0.472}",DESBALANCEO PREDICCIÓN VAL
4h,AVAXUSDT_4h,GradientBoostingClassifier,0.49863618139255356,F1 VALIDATION
4h,AVAXUSDT_4h,GradientBoostingClassifier,"{1: 0.504, 0: 0.496}",DESBALANCEO REAL VAL
4h,AVAXUSDT_4h,GradientBoostingClassifier,"{1: 0.512, 0: 0.488}",DESBALANCEO PREDICCIÓN VAL
4h,AVAXUSDT_4h,GradientBoostingClassifier,0.49514081104011004,F1 VALIDATION
4h,AVAXUSDT_4h,GradientBoostingClassifier,"{1: 0.504, 0: 0.496}",DESBALANCEO REAL VAL
4h,AVAXUSDT_4h,GradientBoostingClassifier,"{1: 0.544, 0: 0.456}",DESBALANCEO PREDICCIÓN VAL
4h,AVAXUSDT_4h,GradientBoostingClassifier,0.4770282189495297,F1 VALIDATION
4h,AVAXUSDT_4h,GradientBoostingClassifier,"{1: 0.504, 0: 0.496}",DESBALANCEO REAL VAL
4h,AVAXUSDT_4h,GradientBoostingClassifier,"{1: 0.536, 0: 0.464}",DESBALANCEO PREDICCIÓN VAL
4h,AVAXUSDT_4h,GradientBoostingClassifier,0.4728093665224396,F1 VALIDATION
4h,AVAXUSDT_4h,GradientBoostingClassifier,"{1: 0.504, 0: 0.496}",DESBALANCEO REAL VAL
4h,AVAXUSDT_4h,GradientBoostingClassifier,"{1: 0.504, 0: 0.496}",DESBALANCEO PREDICCIÓN VAL
4h,AVAXUSDT_4h,GradientBoostingClassifier,0.4843121378969711,F1 VALIDATION
4h,AVAXUSDT_4h,GradientBoostingClassifier,"{1: 0.504, 0: 0.496}",DESBALANCEO REAL VAL
4h,AVAXUSDT_4h,GradientBoostingClassifier,"{1: 0.536, 0: 0.464}",DESBALANCEO PREDICCIÓN VAL
4h,AVAXUSDT_4h,GradientBoostingClassifier,0.5111821086261981,FINAL TEST
4h,AVAXUSDT_4h,GradientBoostingClassifier,0.5110778156778986,F1 FINAL TEST
4h,AVAXUSDT_4h,GradientBoostingClassifier,"{0: 0.5193975353719763, 1: 0.48060246462802375}",DESBALANCEO REAL
4h,AVAXUSDT_4h,GradientBoostingClassifier,"{1: 0.5047923322683706, 0: 0.4952076677316294}",DESBALANCEO PREDICCIÓN
1d,BTCUSDT_1d,MLPClassifier,0.4220292254601231,F1 VALIDATION
1d,BTCUSDT_1d,MLPClassifier,"{1: 0.6049382716049383, 0: 0.3950617283950617}",DESBALANCEO REAL VAL
1d,BTCUSDT_1d,MLPClassifier,"{0: 0.8641975308641975, 1: 0.13580246913580246}",DESBALANCEO PREDICCIÓN VAL
1d,BTCUSDT_1d,MLPClassifier,0.4876514346831562,F1 VALIDATION
1d,BTCUSDT_1d,MLPClassifier,"{1: 0.6049382716049383, 0: 0.3950617283950617}",DESBALANCEO REAL VAL
1d,BTCUSDT_1d,MLPClassifier,"{1: 0.8395061728395061, 0: 0.16049382716049382}",DESBALANCEO PREDICCIÓN VAL
1d,BTCUSDT_1d,MLPClassifier,0.4908103628864575,F1 VALIDATION
1d,BTCUSDT_1d,MLPClassifier,"{1: 0.6049382716049383, 0: 0.3950617283950617}",DESBALANCEO REAL VAL
1d,BTCUSDT_1d,MLPClassifier,"{1: 0.5185185185185185, 0: 0.48148148148148145}",DESBALANCEO PREDICCIÓN VAL
1d,BTCUSDT_1d,MLPClassifier,0.34991088532625725,F1 VALIDATION
1d,BTCUSDT_1d,MLPClassifier,"{1: 0.6049382716049383, 0: 0.3950617283950617}",DESBALANCEO REAL VAL
1d,BTCUSDT_1d,MLPClassifier,{0: 1.0},DESBALANCEO PREDICCIÓN VAL
1d,BTCUSDT_1d,MLPClassifier,0.3297392626030686,F1 VALIDATION
1d,BTCUSDT_1d,MLPClassifier,"{1: 0.6049382716049383, 0: 0.3950617283950617}",DESBALANCEO REAL VAL
1d,BTCUSDT_1d,MLPClassifier,{1: 1.0},DESBALANCEO PREDICCIÓN VAL
1d,BTCUSDT_1d,MLPClassifier,0.33276052276718976,F1 VALIDATION
1d,BTCUSDT_1d,MLPClassifier,"{1: 0.6049382716049383, 0: 0.3950617283950617}",DESBALANCEO REAL VAL
1d,BTCUSDT_1d,MLPClassifier,{0: 1.0},DESBALANCEO PREDICCIÓN VAL
1d,BTCUSDT_1d,MLPClassifier,0.41379098973225004,F1 VALIDATION
1d,BTCUSDT_1d,MLPClassifier,"{1: 0.6049382716049383, 0: 0.3950617283950617}",DESBALANCEO REAL VAL
1d,BTCUSDT_1d,MLPClassifier,"{0: 0.8271604938271605, 1: 0.1728395061728395}",DESBALANCEO PREDICCIÓN VAL
1d,BTCUSDT_1d,MLPClassifier,0.39350359455405515,F1 VALIDATION
1d,BTCUSDT_1d,MLPClassifier,"{1: 0.6049382716049383, 0: 0.3950617283950617}",DESBALANCEO REAL VAL
1d,BTCUSDT_1d,MLPClassifier,{0: 1.0},DESBALANCEO PREDICCIÓN VAL
1d,BTCUSDT_1d,MLPClassifier,0.42174644273261863,F1 VALIDATION
1d,BTCUSDT_1d,MLPClassifier,"{1: 0.6049382716049383, 0: 0.3950617283950617}",DESBALANCEO REAL VAL
1d,BTCUSDT_1d,MLPClassifier,"{1: 0.6790123456790124, 0: 0.32098765432098764}",DESBALANCEO PREDICCIÓN VAL
1d,BTCUSDT_1d,MLPClassifier,0.3598417073819894,F1 VALIDATION
1d,BTCUSDT_1d,MLPClassifier,"{1: 0.6049382716049383, 0: 0.3950617283950617}",DESBALANCEO REAL VAL
1d,BTCUSDT_1d,MLPClassifier,"{0: 0.8148148148148148, 1: 0.18518518518518517}",DESBALANCEO PREDICCIÓN VAL
1d,BTCUSDT_1d,MLPClassifier,0.4808743169398907,FINAL TEST
1d,BTCUSDT_1d,MLPClassifier,0.4645002310180194,F1 FINAL TEST
1d,BTCUSDT_1d,MLPClassifier,"{1: 0.5218579234972678, 0: 0.4781420765027322}",DESBALANCEO REAL
1d,BTCUSDT_1d,MLPClassifier,"{0: 0.6967213114754098, 1: 0.30327868852459017}",DESBALANCEO PREDICCIÓN
1d,ETHUSDT_1d,MLPClassifier,0.4061933135323095,F1 VALIDATION
1d,ETHUSDT_1d,MLPClassifier,"{1: 0.6172839506172839, 0: 0.38271604938271603}",DESBALANCEO REAL VAL
1d,ETHUSDT_1d,MLPClassifier,"{1: 0.9629629629629629, 0: 0.037037037037037035}",DESBALANCEO PREDICCIÓN VAL
1d,ETHUSDT_1d,MLPClassifier,0.40547464221537466,F1 VALIDATION
1d,ETHUSDT_1d,MLPClassifier,"{1: 0.6172839506172839, 0: 0.38271604938271603}",DESBALANCEO REAL VAL
1d,ETHUSDT_1d,MLPClassifier,"{1: 0.5802469135802469, 0: 0.41975308641975306}",DESBALANCEO PREDICCIÓN VAL
1d,ETHUSDT_1d,MLPClassifier,0.4436912810122098,F1 VALIDATION
1d,ETHUSDT_1d,MLPClassifier,"{1: 0.6172839506172839, 0: 0.38271604938271603}",DESBALANCEO REAL VAL
1d,ETHUSDT_1d,MLPClassifier,"{0: 0.6172839506172839, 1: 0.38271604938271603}",DESBALANCEO PREDICCIÓN VAL
1d,ETHUSDT_1d,MLPClassifier,0.3793638792937845,F1 VALIDATION
1d,ETHUSDT_1d,MLPClassifier,"{1: 0.6172839506172839, 0: 0.38271604938271603}",DESBALANCEO REAL VAL
1d,ETHUSDT_1d,MLPClassifier,"{1: 0.9382716049382716, 0: 0.06172839506172839}",DESBALANCEO PREDICCIÓN VAL
1d,ETHUSDT_1d,MLPClassifier,0.3323672606674336,F1 VALIDATION
1d,ETHUSDT_1d,MLPClassifier,"{1: 0.6172839506172839, 0: 0.38271604938271603}",DESBALANCEO REAL VAL
1d,ETHUSDT_1d,MLPClassifier,{1: 1.0},DESBALANCEO PREDICCIÓN VAL
1d,ETHUSDT_1d,MLPClassifier,0.3323672606674336,F1 VALIDATION
1d,ETHUSDT_1d,MLPClassifier,"{1: 0.6172839506172839, 0: 0.38271604938271603}",DESBALANCEO REAL VAL
1d,ETHUSDT_1d,MLPClassifier,{1: 1.0},DESBALANCEO PREDICCIÓN VAL
1d,ETHUSDT_1d,MLPClassifier,0.4032081272641701,F1 VALIDATION
1d,ETHUSDT_1d,MLPClassifier,"{1: 0.6172839506172839, 0: 0.38271604938271603}",DESBALANCEO REAL VAL
1d,ETHUSDT_1d,MLPClassifier,{1: 1.0},DESBALANCEO PREDICCIÓN VAL
1d,ETHUSDT_1d,MLPClassifier,0.3323672606674336,F1 VALIDATION
1d,ETHUSDT_1d,MLPClassifier,"{1: 0.6172839506172839, 0: 0.38271604938271603}",DESBALANCEO REAL VAL
1d,ETHUSDT_1d,MLPClassifier,{1: 1.0},DESBALANCEO PREDICCIÓN VAL
1d,ETHUSDT_1d,MLPClassifier,0.41679819738193247,F1 VALIDATION
1d,ETHUSDT_1d,MLPClassifier,"{1: 0.6172839506172839, 0: 0.38271604938271603}",DESBALANCEO REAL VAL
1d,ETHUSDT_1d,MLPClassifier,{1: 1.0},DESBALANCEO PREDICCIÓN VAL
1d,ETHUSDT_1d,MLPClassifier,0.33364267903551525,F1 VALIDATION
1d,ETHUSDT_1d,MLPClassifier,"{1: 0.6172839506172839, 0: 0.38271604938271603}",DESBALANCEO REAL VAL
1d,ETHUSDT_1d,MLPClassifier,{1: 1.0},DESBALANCEO PREDICCIÓN VAL
1d,ETHUSDT_1d,MLPClassifier,0.5327868852459017,FINAL TEST
1d,ETHUSDT_1d,MLPClassifier,0.4710937962157,F1 FINAL TEST
1d,ETHUSDT_1d,MLPClassifier,"{1: 0.5191256830601093, 0: 0.4808743169398907}",DESBALANCEO REAL
1d,ETHUSDT_1d,MLPClassifier,"{1: 0.8224043715846995, 0: 0.17759562841530055}",DESBALANCEO PREDICCIÓN
1d,XRPUSDT_1d,MLPClassifier,0.33431147956094287,F1 VALIDATION
1d,XRPUSDT_1d,MLPClassifier,"{1: 0.6049382716049383, 0: 0.3950617283950617}",DESBALANCEO REAL VAL
1d,XRPUSDT_1d,MLPClassifier,{1: 1.0},DESBALANCEO PREDICCIÓN VAL
1d,XRPUSDT_1d,MLPClassifier,0.4966889566950936,F1 VALIDATION
1d,XRPUSDT_1d,MLPClassifier,"{1: 0.6049382716049383, 0: 0.3950617283950617}",DESBALANCEO REAL VAL
1d,XRPUSDT_1d,MLPClassifier,"{1: 0.9382716049382716, 0: 0.06172839506172839}",DESBALANCEO PREDICCIÓN VAL
1d,XRPUSDT_1d,MLPClassifier,0.33431147956094287,F1 VALIDATION
1d,XRPUSDT_1d,MLPClassifier,"{1: 0.6049382716049383, 0: 0.3950617283950617}",DESBALANCEO REAL VAL
1d,XRPUSDT_1d,MLPClassifier,{1: 1.0},DESBALANCEO PREDICCIÓN VAL
1d,XRPUSDT_1d,MLPClassifier,0.3387142138906845,F1 VALIDATION
1d,XRPUSDT_1d,MLPClassifier,"{1: 0.6049382716049383, 0: 0.3950617283950617}",DESBALANCEO REAL VAL
1d,XRPUSDT_1d,MLPClassifier,{1: 1.0},DESBALANCEO PREDICCIÓN VAL
1d,XRPUSDT_1d,MLPClassifier,0.40974228480933306,F1 VALIDATION
1d,XRPUSDT_1d,MLPClassifier,"{1: 0.6049382716049383, 0: 0.3950617283950617}",DESBALANCEO REAL VAL
1d,XRPUSDT_1d,MLPClassifier,"{1: 0.8395061728395061, 0: 0.16049382716049382}",DESBALANCEO PREDICCIÓN VAL
1d,XRPUSDT_1d,MLPClassifier,0.43842729475439757,F1 VALIDATION
1d,XRPUSDT_1d,MLPClassifier,"{1: 0.6049382716049383, 0: 0.3950617283950617}",DESBALANCEO REAL VAL
1d,XRPUSDT_1d,MLPClassifier,"{1: 0.7160493827160493, 0: 0.2839506172839506}",DESBALANCEO PREDICCIÓN VAL
1d,XRPUSDT_1d,MLPClassifier,0.46911220533586134,F1 VALIDATION
1d,XRPUSDT_1d,MLPClassifier,"{1: 0.6049382716049383, 0: 0.3950617283950617}",DESBALANCEO REAL VAL
1d,XRPUSDT_1d,MLPClassifier,"{1: 0.654320987654321, 0: 0.345679012345679}",DESBALANCEO PREDICCIÓN VAL
1d,XRPUSDT_1d,MLPClassifier,0.5069312536143267,F1 VALIDATION
1d,XRPUSDT_1d,MLPClassifier,"{1: 0.6049382716049383, 0: 0.3950617283950617}",DESBALANCEO REAL VAL
1d,XRPUSDT_1d,MLPClassifier,"{1: 0.6666666666666666, 0: 0.3333333333333333}",DESBALANCEO PREDICCIÓN VAL
1d,XRPUSDT_1d,MLPClassifier,0.3827435110796338,F1 VALIDATION
1d,XRPUSDT_1d,MLPClassifier,"{1: 0.6049382716049383, 0: 0.3950617283950617}",DESBALANCEO REAL VAL
1d,XRPUSDT_1d,MLPClassifier,"{0: 0.8271604938271605, 1: 0.1728395061728395}",DESBALANCEO PREDICCIÓN VAL
1d,XRPUSDT_1d,MLPClassifier,0.3523479168079064,F1 VALIDATION
1d,XRPUSDT_1d,MLPClassifier,"{1: 0.6049382716049383, 0: 0.3950617283950617}",DESBALANCEO REAL VAL
1d,XRPUSDT_1d,MLPClassifier,"{1: 0.8024691358024691, 0: 0.19753086419753085}",DESBALANCEO PREDICCIÓN VAL
1d,XRPUSDT_1d,MLPClassifier,0.5273224043715847,FINAL TEST
1d,XRPUSDT_1d,MLPClassifier,0.5265271328263454,F1 FINAL TEST
1d,XRPUSDT_1d,MLPClassifier,"{1: 0.5081967213114754, 0: 0.4918032786885246}",DESBALANCEO REAL
1d,XRPUSDT_1d,MLPClassifier,"{0: 0.5491803278688525, 1: 0.45081967213114754}",DESBALANCEO PREDICCIÓN
1d,BNBUSDT_1d,MLPClassifier,0.36774297597195055,F1 VALIDATION
1d,BNBUSDT_1d,MLPClassifier,"{1: 0.6049382716049383, 0: 0.3950617283950617}",DESBALANCEO REAL VAL
1d,BNBUSDT_1d,MLPClassifier,"{1: 0.9135802469135802, 0: 0.08641975308641975}",DESBALANCEO PREDICCIÓN VAL
1d,BNBUSDT_1d,MLPClassifier,0.42438018909139374,F1 VALIDATION
1d,BNBUSDT_1d,MLPClassifier,"{1: 0.6049382716049383, 0: 0.3950617283950617}",DESBALANCEO REAL VAL
1d,BNBUSDT_1d,MLPClassifier,"{1: 0.8148148148148148, 0: 0.18518518518518517}",DESBALANCEO PREDICCIÓN VAL
1d,BNBUSDT_1d,MLPClassifier,0.5075624039365078,F1 VALIDATION
1d,BNBUSDT_1d,MLPClassifier,"{1: 0.6049382716049383, 0: 0.3950617283950617}",DESBALANCEO REAL VAL
1d,BNBUSDT_1d,MLPClassifier,"{1: 0.5061728395061729, 0: 0.49382716049382713}",DESBALANCEO PREDICCIÓN VAL
1d,BNBUSDT_1d,MLPClassifier,0.34134978588312,F1 VALIDATION
1d,BNBUSDT_1d,MLPClassifier,"{1: 0.6049382716049383, 0: 0.3950617283950617}",DESBALANCEO REAL VAL
1d,BNBUSDT_1d,MLPClassifier,"{1: 0.9629629629629629, 0: 0.037037037037037035}",DESBALANCEO PREDICCIÓN VAL
1d,BNBUSDT_1d,MLPClassifier,0.47123841221848084,F1 VALIDATION
1d,BNBUSDT_1d,MLPClassifier,"{1: 0.6049382716049383, 0: 0.3950617283950617}",DESBALANCEO REAL VAL
1d,BNBUSDT_1d,MLPClassifier,"{1: 0.7654320987654321, 0: 0.2345679012345679}",DESBALANCEO PREDICCIÓN VAL
1d,BNBUSDT_1d,MLPClassifier,0.40098087007017486,F1 VALIDATION
1d,BNBUSDT_1d,MLPClassifier,"{1: 0.6049382716049383, 0: 0.3950617283950617}",DESBALANCEO REAL VAL
1d,BNBUSDT_1d,MLPClassifier,"{0: 0.7530864197530864, 1: 0.24691358024691357}",DESBALANCEO PREDICCIÓN VAL
1d,BNBUSDT_1d,MLPClassifier,0.3929904015056583,F1 VALIDATION
1d,BNBUSDT_1d,MLPClassifier,"{1: 0.6049382716049383, 0: 0.3950617283950617}",DESBALANCEO REAL VAL
1d,BNBUSDT_1d,MLPClassifier,"{0: 0.8888888888888888, 1: 0.1111111111111111}",DESBALANCEO PREDICCIÓN VAL
1d,BNBUSDT_1d,MLPClassifier,0.4069811293767832,F1 VALIDATION
1d,BNBUSDT_1d,MLPClassifier,"{1: 0.6049382716049383, 0: 0.3950617283950617}",DESBALANCEO REAL VAL
1d,BNBUSDT_1d,MLPClassifier,"{1: 0.8271604938271605, 0: 0.1728395061728395}",DESBALANCEO PREDICCIÓN VAL
1d,BNBUSDT_1d,MLPClassifier,0.3592691757484502,F1 VALIDATION
1d,BNBUSDT_1d,MLPClassifier,"{1: 0.6049382716049383, 0: 0.3950617283950617}",DESBALANCEO REAL VAL
1d,BNBUSDT_1d,MLPClassifier,"{1: 0.9012345679012346, 0: 0.09876543209876543}",DESBALANCEO PREDICCIÓN VAL
1d,BNBUSDT_1d,MLPClassifier,0.3954975798106233,F1 VALIDATION
1d,BNBUSDT_1d,MLPClassifier,"{1: 0.6049382716049383, 0: 0.3950617283950617}",DESBALANCEO REAL VAL
1d,BNBUSDT_1d,MLPClassifier,"{1: 0.5308641975308642, 0: 0.4691358024691358}",DESBALANCEO PREDICCIÓN VAL
1d,BNBUSDT_1d,MLPClassifier,0.546448087431694,FINAL TEST
1d,BNBUSDT_1d,MLPClassifier,0.514418158567775,F1 FINAL TEST
1d,BNBUSDT_1d,MLPClassifier,"{1: 0.5191256830601093, 0: 0.4808743169398907}",DESBALANCEO REAL
1d,BNBUSDT_1d,MLPClassifier,"{1: 0.7377049180327869, 0: 0.26229508196721313}",DESBALANCEO PREDICCIÓN
1d,SOLUSDT_1d,MLPClassifier,0.3725209638116156,F1 VALIDATION
1d,SOLUSDT_1d,MLPClassifier,"{1: 0.5802469135802469, 0: 0.41975308641975306}",DESBALANCEO REAL VAL
1d,SOLUSDT_1d,MLPClassifier,"{0: 0.8888888888888888, 1: 0.1111111111111111}",DESBALANCEO PREDICCIÓN VAL
1d,SOLUSDT_1d,MLPClassifier,0.45118543978764547,F1 VALIDATION
1d,SOLUSDT_1d,MLPClassifier,"{1: 0.5802469135802469, 0: 0.41975308641975306}",DESBALANCEO REAL VAL
1d,SOLUSDT_1d,MLPClassifier,"{1: 0.6419753086419753, 0: 0.35802469135802467}",DESBALANCEO PREDICCIÓN VAL
1d,SOLUSDT_1d,MLPClassifier,0.3564790065062796,F1 VALIDATION
1d,SOLUSDT_1d,MLPClassifier,"{1: 0.5802469135802469, 0: 0.41975308641975306}",DESBALANCEO REAL VAL
1d,SOLUSDT_1d,MLPClassifier,{0: 1.0},DESBALANCEO PREDICCIÓN VAL
1d,SOLUSDT_1d,MLPClassifier,0.3810291263949991,F1 VALIDATION
1d,SOLUSDT_1d,MLPClassifier,"{1: 0.5802469135802469, 0: 0.41975308641975306}",DESBALANCEO REAL VAL
1d,SOLUSDT_1d,MLPClassifier,{0: 1.0},DESBALANCEO PREDICCIÓN VAL
1d,SOLUSDT_1d,MLPClassifier,0.3733313074393637,F1 VALIDATION
1d,SOLUSDT_1d,MLPClassifier,"{1: 0.5802469135802469, 0: 0.41975308641975306}",DESBALANCEO REAL VAL
1d,SOLUSDT_1d,MLPClassifier,{0: 1.0},DESBALANCEO PREDICCIÓN VAL
1d,SOLUSDT_1d,MLPClassifier,0.4831879231880006,F1 VALIDATION
1d,SOLUSDT_1d,MLPClassifier,"{1: 0.5802469135802469, 0: 0.41975308641975306}",DESBALANCEO REAL VAL
1d,SOLUSDT_1d,MLPClassifier,"{1: 0.9012345679012346, 0: 0.09876543209876543}",DESBALANCEO PREDICCIÓN VAL
1d,SOLUSDT_1d,MLPClassifier,0.3624645485601202,F1 VALIDATION
1d,SOLUSDT_1d,MLPClassifier,"{1: 0.5802469135802469, 0: 0.41975308641975306}",DESBALANCEO REAL VAL
1d,SOLUSDT_1d,MLPClassifier,{0: 1.0},DESBALANCEO PREDICCIÓN VAL
1d,SOLUSDT_1d,MLPClassifier,0.3503650106919287,F1 VALIDATION
1d,SOLUSDT_1d,MLPClassifier,"{1: 0.5802469135802469, 0: 0.41975308641975306}",DESBALANCEO REAL VAL
1d,SOLUSDT_1d,MLPClassifier,"{1: 0.9259259259259259, 0: 0.07407407407407407}",DESBALANCEO PREDICCIÓN VAL
1d,SOLUSDT_1d,MLPClassifier,0.39334996208988143,F1 VALIDATION
1d,SOLUSDT_1d,MLPClassifier,"{1: 0.5802469135802469, 0: 0.41975308641975306}",DESBALANCEO REAL VAL
1d,SOLUSDT_1d,MLPClassifier,"{1: 0.8024691358024691, 0: 0.19753086419753085}",DESBALANCEO PREDICCIÓN VAL
1d,SOLUSDT_1d,MLPClassifier,0.3247960538981,F1 VALIDATION
1d,SOLUSDT_1d,MLPClassifier,"{1: 0.5802469135802469, 0: 0.41975308641975306}",DESBALANCEO REAL VAL
1d,SOLUSDT_1d,MLPClassifier,{1: 1.0},DESBALANCEO PREDICCIÓN VAL
1d,SOLUSDT_1d,MLPClassifier,0.48633879781420764,FINAL TEST
1d,SOLUSDT_1d,MLPClassifier,0.3272058823529412,F1 FINAL TEST
1d,SOLUSDT_1d,MLPClassifier,"{1: 0.5136612021857924, 0: 0.48633879781420764}",DESBALANCEO REAL
1d,SOLUSDT_1d,MLPClassifier,{0: 1.0},DESBALANCEO PREDICCIÓN
1d,ADAUSDT_1d,MLPClassifier,0.4204355264554948,F1 VALIDATION
1d,ADAUSDT_1d,MLPClassifier,"{1: 0.5925925925925926, 0: 0.4074074074074074}",DESBALANCEO REAL VAL
1d,ADAUSDT_1d,MLPClassifier,"{0: 0.5555555555555556, 1: 0.4444444444444444}",DESBALANCEO PREDICCIÓN VAL
1d,ADAUSDT_1d,MLPClassifier,0.4109500665889444,F1 VALIDATION
1d,ADAUSDT_1d,MLPClassifier,"{1: 0.5925925925925926, 0: 0.4074074074074074}",DESBALANCEO REAL VAL
1d,ADAUSDT_1d,MLPClassifier,"{0: 0.7777777777777778, 1: 0.2222222222222222}",DESBALANCEO PREDICCIÓN VAL
1d,ADAUSDT_1d,MLPClassifier,0.32707925005705496,F1 VALIDATION
1d,ADAUSDT_1d,MLPClassifier,"{1: 0.5925925925925926, 0: 0.4074074074074074}",DESBALANCEO REAL VAL
1d,ADAUSDT_1d,MLPClassifier,{0: 1.0},DESBALANCEO PREDICCIÓN VAL
1d,ADAUSDT_1d,MLPClassifier,0.3485195235702565,F1 VALIDATION
1d,ADAUSDT_1d,MLPClassifier,"{1: 0.5925925925925926, 0: 0.4074074074074074}",DESBALANCEO REAL VAL
1d,ADAUSDT_1d,MLPClassifier,{0: 1.0},DESBALANCEO PREDICCIÓN VAL
1d,ADAUSDT_1d,MLPClassifier,0.382706574199964,F1 VALIDATION
1d,ADAUSDT_1d,MLPClassifier,"{1: 0.5925925925925926, 0: 0.4074074074074074}",DESBALANCEO REAL VAL
1d,ADAUSDT_1d,MLPClassifier,{0: 1.0},DESBALANCEO PREDICCIÓN VAL
1d,ADAUSDT_1d,MLPClassifier,0.32752497186473595,F1 VALIDATION
1d,ADAUSDT_1d,MLPClassifier,"{1: 0.5925925925925926, 0: 0.4074074074074074}",DESBALANCEO REAL VAL
1d,ADAUSDT_1d,MLPClassifier,{0: 1.0},DESBALANCEO PREDICCIÓN VAL
1d,ADAUSDT_1d,MLPClassifier,0.49481050092510426,F1 VALIDATION
1d,ADAUSDT_1d,MLPClassifier,"{1: 0.5925925925925926, 0: 0.4074074074074074}",DESBALANCEO REAL VAL
1d,ADAUSDT_1d,MLPClassifier,"{0: 0.5679012345679012, 1: 0.43209876543209874}",DESBALANCEO PREDICCIÓN VAL
1d,ADAUSDT_1d,MLPClassifier,0.3317147487647026,F1 VALIDATION
1d,ADAUSDT_1d,MLPClassifier,"{1: 0.5925925925925926, 0: 0.4074074074074074}",DESBALANCEO REAL VAL
1d,ADAUSDT_1d,MLPClassifier,{1: 1.0},DESBALANCEO PREDICCIÓN VAL
1d,ADAUSDT_1d,MLPClassifier,0.34171127757339914,F1 VALIDATION
1d,ADAUSDT_1d,MLPClassifier,"{1: 0.5925925925925926, 0: 0.4074074074074074}",DESBALANCEO REAL VAL
1d,ADAUSDT_1d,MLPClassifier,{0: 1.0},DESBALANCEO PREDICCIÓN VAL
1d,ADAUSDT_1d,MLPClassifier,0.3251038330245703,F1 VALIDATION
1d,ADAUSDT_1d,MLPClassifier,"{1: 0.5925925925925926, 0: 0.4074074074074074}",DESBALANCEO REAL VAL
1d,ADAUSDT_1d,MLPClassifier,{0: 1.0},DESBALANCEO PREDICCIÓN VAL
1d,ADAUSDT_1d,MLPClassifier,0.4918032786885246,FINAL TEST
1d,ADAUSDT_1d,MLPClassifier,0.4868385345997286,F1 FINAL TEST
1d,ADAUSDT_1d,MLPClassifier,"{0: 0.5081967213114754, 1: 0.4918032786885246}",DESBALANCEO REAL
1d,ADAUSDT_1d,MLPClassifier,"{0: 0.5901639344262295, 1: 0.4098360655737705}",DESBALANCEO PREDICCIÓN
1d,TRXUSDT_1d,MLPClassifier,0.38459380730308135,F1 VALIDATION
1d,TRXUSDT_1d,MLPClassifier,"{1: 0.6419753086419753, 0: 0.35802469135802467}",DESBALANCEO REAL VAL
1d,TRXUSDT_1d,MLPClassifier,"{1: 0.8395061728395061, 0: 0.16049382716049382}",DESBALANCEO PREDICCIÓN VAL
1d,TRXUSDT_1d,MLPClassifier,0.39070232301223473,F1 VALIDATION
1d,TRXUSDT_1d,MLPClassifier,"{1: 0.6419753086419753, 0: 0.35802469135802467}",DESBALANCEO REAL VAL
1d,TRXUSDT_1d,MLPClassifier,"{0: 0.5679012345679012, 1: 0.43209876543209874}",DESBALANCEO PREDICCIÓN VAL
1d,TRXUSDT_1d,MLPClassifier,0.3592178674534573,F1 VALIDATION
1d,TRXUSDT_1d,MLPClassifier,"{1: 0.6419753086419753, 0: 0.35802469135802467}",DESBALANCEO REAL VAL
1d,TRXUSDT_1d,MLPClassifier,{1: 1.0},DESBALANCEO PREDICCIÓN VAL
1d,TRXUSDT_1d,MLPClassifier,0.3789825691236857,F1 VALIDATION
1d,TRXUSDT_1d,MLPClassifier,"{1: 0.6419753086419753, 0: 0.35802469135802467}",DESBALANCEO REAL VAL
1d,TRXUSDT_1d,MLPClassifier,{1: 1.0},DESBALANCEO PREDICCIÓN VAL
1d,TRXUSDT_1d,MLPClassifier,0.5096900750458457,F1 VALIDATION
1d,TRXUSDT_1d,MLPClassifier,"{1: 0.6419753086419753, 0: 0.35802469135802467}",DESBALANCEO REAL VAL
1d,TRXUSDT_1d,MLPClassifier,"{1: 0.7160493827160493, 0: 0.2839506172839506}",DESBALANCEO PREDICCIÓN VAL
1d,TRXUSDT_1d,MLPClassifier,0.472844296910233,F1 VALIDATION
1d,TRXUSDT_1d,MLPClassifier,"{1: 0.6419753086419753, 0: 0.35802469135802467}",DESBALANCEO REAL VAL
1d,TRXUSDT_1d,MLPClassifier,"{0: 0.5061728395061729, 1: 0.49382716049382713}",DESBALANCEO PREDICCIÓN VAL
1d,TRXUSDT_1d,MLPClassifier,0.3592178674534573,F1 VALIDATION
1d,TRXUSDT_1d,MLPClassifier,"{1: 0.6419753086419753, 0: 0.35802469135802467}",DESBALANCEO REAL VAL
1d,TRXUSDT_1d,MLPClassifier,{1: 1.0},DESBALANCEO PREDICCIÓN VAL
1d,TRXUSDT_1d,MLPClassifier,0.37034816721814623,F1 VALIDATION
1d,TRXUSDT_1d,MLPClassifier,"{1: 0.6419753086419753, 0: 0.35802469135802467}",DESBALANCEO REAL VAL
1d,TRXUSDT_1d,MLPClassifier,{1: 1.0},DESBALANCEO PREDICCIÓN VAL
1d,TRXUSDT_1d,MLPClassifier,0.3592178674534573,F1 VALIDATION
1d,TRXUSDT_1d,MLPClassifier,"{1: 0.6419753086419753, 0: 0.35802469135802467}",DESBALANCEO REAL VAL
1d,TRXUSDT_1d,MLPClassifier,{1: 1.0},DESBALANCEO PREDICCIÓN VAL
1d,TRXUSDT_1d,MLPClassifier,0.3592178674534573,F1 VALIDATION
1d,TRXUSDT_1d,MLPClassifier,"{1: 0.6419753086419753, 0: 0.35802469135802467}",DESBALANCEO REAL VAL
1d,TRXUSDT_1d,MLPClassifier,{1: 1.0},DESBALANCEO PREDICCIÓN VAL
1d,TRXUSDT_1d,MLPClassifier,0.5327868852459017,FINAL TEST
1d,TRXUSDT_1d,MLPClassifier,0.3770491803278688,F1 FINAL TEST
1d,TRXUSDT_1d,MLPClassifier,"{1: 0.5327868852459017, 0: 0.4672131147540984}",DESBALANCEO REAL
1d,TRXUSDT_1d,MLPClassifier,"{1: 0.9672131147540983, 0: 0.03278688524590164}",DESBALANCEO PREDICCIÓN
1d,LINKUSDT_1d,MLPClassifier,0.41515396623031914,F1 VALIDATION
1d,LINKUSDT_1d,MLPClassifier,"{1: 0.6049382716049383, 0: 0.3950617283950617}",DESBALANCEO REAL VAL
1d,LINKUSDT_1d,MLPClassifier,"{1: 0.9876543209876543, 0: 0.012345679012345678}",DESBALANCEO PREDICCIÓN VAL
1d,LINKUSDT_1d,MLPClassifier,0.4005879265437418,F1 VALIDATION
1d,LINKUSDT_1d,MLPClassifier,"{1: 0.6049382716049383, 0: 0.3950617283950617}",DESBALANCEO REAL VAL
1d,LINKUSDT_1d,MLPClassifier,"{1: 0.9259259259259259, 0: 0.07407407407407407}",DESBALANCEO PREDICCIÓN VAL
1d,LINKUSDT_1d,MLPClassifier,0.41431084248763117,F1 VALIDATION
1d,LINKUSDT_1d,MLPClassifier,"{1: 0.6049382716049383, 0: 0.3950617283950617}",DESBALANCEO REAL VAL
1d,LINKUSDT_1d,MLPClassifier,"{1: 0.5432098765432098, 0: 0.4567901234567901}",DESBALANCEO PREDICCIÓN VAL
1d,LINKUSDT_1d,MLPClassifier,0.45675527582052816,F1 VALIDATION
1d,LINKUSDT_1d,MLPClassifier,"{1: 0.6049382716049383, 0: 0.3950617283950617}",DESBALANCEO REAL VAL
1d,LINKUSDT_1d,MLPClassifier,"{1: 0.6172839506172839, 0: 0.38271604938271603}",DESBALANCEO PREDICCIÓN VAL
1d,LINKUSDT_1d,MLPClassifier,0.34490560455831687,F1 VALIDATION
1d,LINKUSDT_1d,MLPClassifier,"{1: 0.6049382716049383, 0: 0.3950617283950617}",DESBALANCEO REAL VAL
1d,LINKUSDT_1d,MLPClassifier,{1: 1.0},DESBALANCEO PREDICCIÓN VAL
1d,LINKUSDT_1d,MLPClassifier,0.34490560455831687,F1 VALIDATION
1d,LINKUSDT_1d,MLPClassifier,"{1: 0.6049382716049383, 0: 0.3950617283950617}",DESBALANCEO REAL VAL
1d,LINKUSDT_1d,MLPClassifier,{1: 1.0},DESBALANCEO PREDICCIÓN VAL
1d,LINKUSDT_1d,MLPClassifier,0.39798380995528976,F1 VALIDATION
1d,LINKUSDT_1d,MLPClassifier,"{1: 0.6049382716049383, 0: 0.3950617283950617}",DESBALANCEO REAL VAL
1d,LINKUSDT_1d,MLPClassifier,{1: 1.0},DESBALANCEO PREDICCIÓN VAL
1d,LINKUSDT_1d,MLPClassifier,0.4848048573600702,F1 VALIDATION
1d,LINKUSDT_1d,MLPClassifier,"{1: 0.6049382716049383, 0: 0.3950617283950617}",DESBALANCEO REAL VAL
1d,LINKUSDT_1d,MLPClassifier,"{0: 0.5061728395061729, 1: 0.49382716049382713}",DESBALANCEO PREDICCIÓN VAL
1d,LINKUSDT_1d,MLPClassifier,0.39084469858402626,F1 VALIDATION
1d,LINKUSDT_1d,MLPClassifier,"{1: 0.6049382716049383, 0: 0.3950617283950617}",DESBALANCEO REAL VAL
1d,LINKUSDT_1d,MLPClassifier,"{0: 0.7160493827160493, 1: 0.2839506172839506}",DESBALANCEO PREDICCIÓN VAL
1d,LINKUSDT_1d,MLPClassifier,0.3202299540461775,F1 VALIDATION
1d,LINKUSDT_1d,MLPClassifier,"{1: 0.6049382716049383, 0: 0.3950617283950617}",DESBALANCEO REAL VAL
1d,LINKUSDT_1d,MLPClassifier,{0: 1.0},DESBALANCEO PREDICCIÓN VAL
1d,LINKUSDT_1d,MLPClassifier,0.5163934426229508,FINAL TEST
1d,LINKUSDT_1d,MLPClassifier,0.49519601655095025,F1 FINAL TEST
1d,LINKUSDT_1d,MLPClassifier,"{0: 0.5109289617486339, 1: 0.4890710382513661}",DESBALANCEO REAL
1d,LINKUSDT_1d,MLPClassifier,"{1: 0.7158469945355191, 0: 0.28415300546448086}",DESBALANCEO PREDICCIÓN
1d,AVAXUSDT_1d,MLPClassifier,0.35331058491608536,F1 VALIDATION
1d,AVAXUSDT_1d,MLPClassifier,"{1: 0.6790123456790124, 0: 0.32098765432098764}",DESBALANCEO REAL VAL
1d,AVAXUSDT_1d,MLPClassifier,{1: 1.0},DESBALANCEO PREDICCIÓN VAL
1d,AVAXUSDT_1d,MLPClassifier,0.33733356954086763,F1 VALIDATION
1d,AVAXUSDT_1d,MLPClassifier,"{1: 0.6790123456790124, 0: 0.32098765432098764}",DESBALANCEO REAL VAL
1d,AVAXUSDT_1d,MLPClassifier,"{0: 0.9876543209876543, 1: 0.012345679012345678}",DESBALANCEO PREDICCIÓN VAL
1d,AVAXUSDT_1d,MLPClassifier,0.38116872488175807,F1 VALIDATION
1d,AVAXUSDT_1d,MLPClassifier,"{1: 0.6790123456790124, 0: 0.32098765432098764}",DESBALANCEO REAL VAL
1d,AVAXUSDT_1d,MLPClassifier,"{1: 0.9506172839506173, 0: 0.04938271604938271}",DESBALANCEO PREDICCIÓN VAL
1d,AVAXUSDT_1d,MLPClassifier,0.3583681374216897,F1 VALIDATION
1d,AVAXUSDT_1d,MLPClassifier,"{1: 0.6790123456790124, 0: 0.32098765432098764}",DESBALANCEO REAL VAL
1d,AVAXUSDT_1d,MLPClassifier,{0: 1.0},DESBALANCEO PREDICCIÓN VAL
1d,AVAXUSDT_1d,MLPClassifier,0.4237816200586658,F1 VALIDATION
1d,AVAXUSDT_1d,MLPClassifier,"{1: 0.6790123456790124, 0: 0.32098765432098764}",DESBALANCEO REAL VAL
1d,AVAXUSDT_1d,MLPClassifier,"{1: 0.9876543209876543, 0: 0.012345679012345678}",DESBALANCEO PREDICCIÓN VAL
1d,AVAXUSDT_1d,MLPClassifier,0.5049319609208179,F1 VALIDATION
1d,AVAXUSDT_1d,MLPClassifier,"{1: 0.6790123456790124, 0: 0.32098765432098764}",DESBALANCEO REAL VAL
1d,AVAXUSDT_1d,MLPClassifier,"{1: 0.6296296296296297, 0: 0.37037037037037035}",DESBALANCEO PREDICCIÓN VAL
1d,AVAXUSDT_1d,MLPClassifier,0.33825862567807957,F1 VALIDATION
1d,AVAXUSDT_1d,MLPClassifier,"{1: 0.6790123456790124, 0: 0.32098765432098764}",DESBALANCEO REAL VAL
1d,AVAXUSDT_1d,MLPClassifier,{1: 1.0},DESBALANCEO PREDICCIÓN VAL
1d,AVAXUSDT_1d,MLPClassifier,0.4889529166369361,F1 VALIDATION
1d,AVAXUSDT_1d,MLPClassifier,"{1: 0.6790123456790124, 0: 0.32098765432098764}",DESBALANCEO REAL VAL
1d,AVAXUSDT_1d,MLPClassifier,"{0: 0.7654320987654321, 1: 0.2345679012345679}",DESBALANCEO PREDICCIÓN VAL
1d,AVAXUSDT_1d,MLPClassifier,0.33828231101656214,F1 VALIDATION
1d,AVAXUSDT_1d,MLPClassifier,"{1: 0.6790123456790124, 0: 0.32098765432098764}",DESBALANCEO REAL VAL
1d,AVAXUSDT_1d,MLPClassifier,{0: 1.0},DESBALANCEO PREDICCIÓN VAL
1d,AVAXUSDT_1d,MLPClassifier,0.3706506522561527,F1 VALIDATION
1d,AVAXUSDT_1d,MLPClassifier,"{1: 0.6790123456790124, 0: 0.32098765432098764}",DESBALANCEO REAL VAL
1d,AVAXUSDT_1d,MLPClassifier,{1: 1.0},DESBALANCEO PREDICCIÓN VAL
1d,AVAXUSDT_1d,MLPClassifier,0.4808743169398907,FINAL TEST
1d,AVAXUSDT_1d,MLPClassifier,0.48031566675634474,F1 FINAL TEST
1d,AVAXUSDT_1d,MLPClassifier,"{0: 0.5382513661202186, 1: 0.46174863387978143}",DESBALANCEO REAL
1d,AVAXUSDT_1d,MLPClassifier,"{1: 0.505464480874317, 0: 0.49453551912568305}",DESBALANCEO PREDICCIÓN
1d,BTCUSDT_1d,RandomForestClassifier,0.428880329608558,F1 VALIDATION
1d,BTCUSDT_1d,RandomForestClassifier,"{1: 0.6049382716049383, 0: 0.3950617283950617}",DESBALANCEO REAL VAL
1d,BTCUSDT_1d,RandomForestClassifier,"{0: 0.7530864197530864, 1: 0.24691358024691357}",DESBALANCEO PREDICCIÓN VAL
1d,BTCUSDT_1d,RandomForestClassifier,0.4294922022777957,F1 VALIDATION
1d,BTCUSDT_1d,RandomForestClassifier,"{1: 0.6049382716049383, 0: 0.3950617283950617}",DESBALANCEO REAL VAL
1d,BTCUSDT_1d,RandomForestClassifier,"{0: 0.9506172839506173, 1: 0.04938271604938271}",DESBALANCEO PREDICCIÓN VAL
1d,BTCUSDT_1d,RandomForestClassifier,0.4061949636057083,F1 VALIDATION
1d,BTCUSDT_1d,RandomForestClassifier,"{1: 0.6049382716049383, 0: 0.3950617283950617}",DESBALANCEO REAL VAL
1d,BTCUSDT_1d,RandomForestClassifier,"{0: 0.7407407407407407, 1: 0.25925925925925924}",DESBALANCEO PREDICCIÓN VAL
1d,BTCUSDT_1d,RandomForestClassifier,0.4189471573553396,F1 VALIDATION
1d,BTCUSDT_1d,RandomForestClassifier,"{1: 0.6049382716049383, 0: 0.3950617283950617}",DESBALANCEO REAL VAL
1d,BTCUSDT_1d,RandomForestClassifier,"{0: 0.6666666666666666, 1: 0.3333333333333333}",DESBALANCEO PREDICCIÓN VAL
1d,BTCUSDT_1d,RandomForestClassifier,0.43278176550492986,F1 VALIDATION
1d,BTCUSDT_1d,RandomForestClassifier,"{1: 0.6049382716049383, 0: 0.3950617283950617}",DESBALANCEO REAL VAL
1d,BTCUSDT_1d,RandomForestClassifier,"{0: 0.7037037037037037, 1: 0.2962962962962963}",DESBALANCEO PREDICCIÓN VAL
1d,BTCUSDT_1d,RandomForestClassifier,0.4137124470311253,F1 VALIDATION
1d,BTCUSDT_1d,RandomForestClassifier,"{1: 0.6049382716049383, 0: 0.3950617283950617}",DESBALANCEO REAL VAL
1d,BTCUSDT_1d,RandomForestClassifier,"{0: 0.7777777777777778, 1: 0.2222222222222222}",DESBALANCEO PREDICCIÓN VAL
1d,BTCUSDT_1d,RandomForestClassifier,0.4108106007086067,F1 VALIDATION
1d,BTCUSDT_1d,RandomForestClassifier,"{1: 0.6049382716049383, 0: 0.3950617283950617}",DESBALANCEO REAL VAL
1d,BTCUSDT_1d,RandomForestClassifier,"{0: 0.654320987654321, 1: 0.345679012345679}",DESBALANCEO PREDICCIÓN VAL
1d,BTCUSDT_1d,RandomForestClassifier,0.43735000832822823,F1 VALIDATION
1d,BTCUSDT_1d,RandomForestClassifier,"{1: 0.6049382716049383, 0: 0.3950617283950617}",DESBALANCEO REAL VAL
1d,BTCUSDT_1d,RandomForestClassifier,"{0: 0.6666666666666666, 1: 0.3333333333333333}",DESBALANCEO PREDICCIÓN VAL
1d,BTCUSDT_1d,RandomForestClassifier,0.43748457362772414,F1 VALIDATION
1d,BTCUSDT_1d,RandomForestClassifier,"{1: 0.6049382716049383, 0: 0.3950617283950617}",DESBALANCEO REAL VAL
1d,BTCUSDT_1d,RandomForestClassifier,"{0: 0.7901234567901234, 1: 0.20987654320987653}",DESBALANCEO PREDICCIÓN VAL
1d,BTCUSDT_1d,RandomForestClassifier,0.42682090867241307,F1 VALIDATION
1d,BTCUSDT_1d,RandomForestClassifier,"{1: 0.6049382716049383, 0: 0.3950617283950617}",DESBALANCEO REAL VAL
1d,BTCUSDT_1d,RandomForestClassifier,"{0: 0.6790123456790124, 1: 0.32098765432098764}",DESBALANCEO PREDICCIÓN VAL
1d,BTCUSDT_1d,RandomForestClassifier,0.5136612021857924,FINAL TEST
1d,BTCUSDT_1d,RandomForestClassifier,0.5028388278388278,F1 FINAL TEST
1d,BTCUSDT_1d,RandomForestClassifier,"{1: 0.5218579234972678, 0: 0.4781420765027322}",DESBALANCEO REAL
1d,BTCUSDT_1d,RandomForestClassifier,"{0: 0.6693989071038251, 1: 0.33060109289617484}",DESBALANCEO PREDICCIÓN
1d,ETHUSDT_1d,RandomForestClassifier,0.436984971552397,F1 VALIDATION
1d,ETHUSDT_1d,RandomForestClassifier,"{1: 0.6172839506172839, 0: 0.38271604938271603}",DESBALANCEO REAL VAL
1d,ETHUSDT_1d,RandomForestClassifier,"{0: 0.8518518518518519, 1: 0.14814814814814814}",DESBALANCEO PREDICCIÓN VAL
1d,ETHUSDT_1d,RandomForestClassifier,0.44734724348258614,F1 VALIDATION
1d,ETHUSDT_1d,RandomForestClassifier,"{1: 0.6172839506172839, 0: 0.38271604938271603}",DESBALANCEO REAL VAL
1d,ETHUSDT_1d,RandomForestClassifier,"{0: 0.5185185185185185, 1: 0.48148148148148145}",DESBALANCEO PREDICCIÓN VAL
1d,ETHUSDT_1d,RandomForestClassifier,0.47291894356433845,F1 VALIDATION
1d,ETHUSDT_1d,RandomForestClassifier,"{1: 0.6172839506172839, 0: 0.38271604938271603}",DESBALANCEO REAL VAL
1d,ETHUSDT_1d,RandomForestClassifier,"{0: 0.5432098765432098, 1: 0.4567901234567901}",DESBALANCEO PREDICCIÓN VAL
1d,ETHUSDT_1d,RandomForestClassifier,0.42701104739007184,F1 VALIDATION
1d,ETHUSDT_1d,RandomForestClassifier,"{1: 0.6172839506172839, 0: 0.38271604938271603}",DESBALANCEO REAL VAL
1d,ETHUSDT_1d,RandomForestClassifier,"{0: 0.8641975308641975, 1: 0.13580246913580246}",DESBALANCEO PREDICCIÓN VAL
1d,ETHUSDT_1d,RandomForestClassifier,0.4444080438754313,F1 VALIDATION
1d,ETHUSDT_1d,RandomForestClassifier,"{1: 0.6172839506172839, 0: 0.38271604938271603}",DESBALANCEO REAL VAL
1d,ETHUSDT_1d,RandomForestClassifier,"{0: 0.8641975308641975, 1: 0.13580246913580246}",DESBALANCEO PREDICCIÓN VAL
1d,ETHUSDT_1d,RandomForestClassifier,0.4305695646988209,F1 VALIDATION
1d,ETHUSDT_1d,RandomForestClassifier,"{1: 0.6172839506172839, 0: 0.38271604938271603}",DESBALANCEO REAL VAL
1d,ETHUSDT_1d,RandomForestClassifier,"{0: 0.8641975308641975, 1: 0.13580246913580246}",DESBALANCEO PREDICCIÓN VAL
1d,ETHUSDT_1d,RandomForestClassifier,0.43511461572332727,F1 VALIDATION
1d,ETHUSDT_1d,RandomForestClassifier,"{1: 0.6172839506172839, 0: 0.38271604938271603}",DESBALANCEO REAL VAL
1d,ETHUSDT_1d,RandomForestClassifier,"{0: 0.8395061728395061, 1: 0.16049382716049382}",DESBALANCEO PREDICCIÓN VAL
1d,ETHUSDT_1d,RandomForestClassifier,0.44158502329550053,F1 VALIDATION
1d,ETHUSDT_1d,RandomForestClassifier,"{1: 0.6172839506172839, 0: 0.38271604938271603}",DESBALANCEO REAL VAL
1d,ETHUSDT_1d,RandomForestClassifier,"{0: 0.6419753086419753, 1: 0.35802469135802467}",DESBALANCEO PREDICCIÓN VAL
1d,ETHUSDT_1d,RandomForestClassifier,0.46266071332073383,F1 VALIDATION
1d,ETHUSDT_1d,RandomForestClassifier,"{1: 0.6172839506172839, 0: 0.38271604938271603}",DESBALANCEO REAL VAL
1d,ETHUSDT_1d,RandomForestClassifier,"{0: 0.7777777777777778, 1: 0.2222222222222222}",DESBALANCEO PREDICCIÓN VAL
1d,ETHUSDT_1d,RandomForestClassifier,0.4505268989950414,F1 VALIDATION
1d,ETHUSDT_1d,RandomForestClassifier,"{1: 0.6172839506172839, 0: 0.38271604938271603}",DESBALANCEO REAL VAL
1d,ETHUSDT_1d,RandomForestClassifier,"{0: 0.6172839506172839, 1: 0.38271604938271603}",DESBALANCEO PREDICCIÓN VAL
1d,ETHUSDT_1d,RandomForestClassifier,0.49453551912568305,FINAL TEST
1d,ETHUSDT_1d,RandomForestClassifier,0.4942296918767507,F1 FINAL TEST
1d,ETHUSDT_1d,RandomForestClassifier,"{1: 0.5191256830601093, 0: 0.4808743169398907}",DESBALANCEO REAL
1d,ETHUSDT_1d,RandomForestClassifier,"{1: 0.505464480874317, 0: 0.49453551912568305}",DESBALANCEO PREDICCIÓN
1d,XRPUSDT_1d,RandomForestClassifier,0.5222341548088649,F1 VALIDATION
1d,XRPUSDT_1d,RandomForestClassifier,"{1: 0.6049382716049383, 0: 0.3950617283950617}",DESBALANCEO REAL VAL
1d,XRPUSDT_1d,RandomForestClassifier,"{1: 0.6049382716049383, 0: 0.3950617283950617}",DESBALANCEO PREDICCIÓN VAL
1d,XRPUSDT_1d,RandomForestClassifier,0.5009272112244363,F1 VALIDATION
1d,XRPUSDT_1d,RandomForestClassifier,"{1: 0.6049382716049383, 0: 0.3950617283950617}",DESBALANCEO REAL VAL
1d,XRPUSDT_1d,RandomForestClassifier,"{1: 0.5185185185185185, 0: 0.48148148148148145}",DESBALANCEO PREDICCIÓN VAL
1d,XRPUSDT_1d,RandomForestClassifier,0.4937289475471463,F1 VALIDATION
1d,XRPUSDT_1d,RandomForestClassifier,"{1: 0.6049382716049383, 0: 0.3950617283950617}",DESBALANCEO REAL VAL
1d,XRPUSDT_1d,RandomForestClassifier,"{1: 0.6172839506172839, 0: 0.38271604938271603}",DESBALANCEO PREDICCIÓN VAL
1d,XRPUSDT_1d,RandomForestClassifier,0.4965249812064007,F1 VALIDATION
1d,XRPUSDT_1d,RandomForestClassifier,"{1: 0.6049382716049383, 0: 0.3950617283950617}",DESBALANCEO REAL VAL
1d,XRPUSDT_1d,RandomForestClassifier,"{1: 0.5308641975308642, 0: 0.4691358024691358}",DESBALANCEO PREDICCIÓN VAL
1d,XRPUSDT_1d,RandomForestClassifier,0.47692831002321034,F1 VALIDATION
1d,XRPUSDT_1d,RandomForestClassifier,"{1: 0.6049382716049383, 0: 0.3950617283950617}",DESBALANCEO REAL VAL
1d,XRPUSDT_1d,RandomForestClassifier,"{1: 0.5555555555555556, 0: 0.4444444444444444}",DESBALANCEO PREDICCIÓN VAL
1d,XRPUSDT_1d,RandomForestClassifier,0.47977843328829434,F1 VALIDATION
1d,XRPUSDT_1d,RandomForestClassifier,"{1: 0.6049382716049383, 0: 0.3950617283950617}",DESBALANCEO REAL VAL
1d,XRPUSDT_1d,RandomForestClassifier,"{1: 0.691358024691358, 0: 0.30864197530864196}",DESBALANCEO PREDICCIÓN VAL
1d,XRPUSDT_1d,RandomForestClassifier,0.47234605539352187,F1 VALIDATION
1d,XRPUSDT_1d,RandomForestClassifier,"{1: 0.6049382716049383, 0: 0.3950617283950617}",DESBALANCEO REAL VAL
1d,XRPUSDT_1d,RandomForestClassifier,"{1: 0.5925925925925926, 0: 0.4074074074074074}",DESBALANCEO PREDICCIÓN VAL
1d,XRPUSDT_1d,RandomForestClassifier,0.46878995710151716,F1 VALIDATION
1d,XRPUSDT_1d,RandomForestClassifier,"{1: 0.6049382716049383, 0: 0.3950617283950617}",DESBALANCEO REAL VAL
1d,XRPUSDT_1d,RandomForestClassifier,"{1: 0.5432098765432098, 0: 0.4567901234567901}",DESBALANCEO PREDICCIÓN VAL
1d,XRPUSDT_1d,RandomForestClassifier,0.4936645221396754,F1 VALIDATION
1d,XRPUSDT_1d,RandomForestClassifier,"{1: 0.6049382716049383, 0: 0.3950617283950617}",DESBALANCEO REAL VAL
1d,XRPUSDT_1d,RandomForestClassifier,"{1: 0.6049382716049383, 0: 0.3950617283950617}",DESBALANCEO PREDICCIÓN VAL
1d,XRPUSDT_1d,RandomForestClassifier,0.4851188412180739,F1 VALIDATION
1d,XRPUSDT_1d,RandomForestClassifier,"{1: 0.6049382716049383, 0: 0.3950617283950617}",DESBALANCEO REAL VAL
1d,XRPUSDT_1d,RandomForestClassifier,"{1: 0.5925925925925926, 0: 0.4074074074074074}",DESBALANCEO PREDICCIÓN VAL
1d,XRPUSDT_1d,RandomForestClassifier,0.5109289617486339,FINAL TEST
1d,XRPUSDT_1d,RandomForestClassifier,0.5086364011370199,F1 FINAL TEST
1d,XRPUSDT_1d,RandomForestClassifier,"{1: 0.5081967213114754, 0: 0.4918032786885246}",DESBALANCEO REAL
1d,XRPUSDT_1d,RandomForestClassifier,"{1: 0.5601092896174863, 0: 0.43989071038251365}",DESBALANCEO PREDICCIÓN
1d,BNBUSDT_1d,RandomForestClassifier,0.4493916338148634,F1 VALIDATION
1d,BNBUSDT_1d,RandomForestClassifier,"{1: 0.6049382716049383, 0: 0.3950617283950617}",DESBALANCEO REAL VAL
1d,BNBUSDT_1d,RandomForestClassifier,"{0: 0.691358024691358, 1: 0.30864197530864196}",DESBALANCEO PREDICCIÓN VAL
1d,BNBUSDT_1d,RandomForestClassifier,0.41743545131559384,F1 VALIDATION
1d,BNBUSDT_1d,RandomForestClassifier,"{1: 0.6049382716049383, 0: 0.3950617283950617}",DESBALANCEO REAL VAL
1d,BNBUSDT_1d,RandomForestClassifier,"{0: 0.8395061728395061, 1: 0.16049382716049382}",DESBALANCEO PREDICCIÓN VAL
1d,BNBUSDT_1d,RandomForestClassifier,0.4203564391408646,F1 VALIDATION
1d,BNBUSDT_1d,RandomForestClassifier,"{1: 0.6049382716049383, 0: 0.3950617283950617}",DESBALANCEO REAL VAL
1d,BNBUSDT_1d,RandomForestClassifier,"{0: 0.7654320987654321, 1: 0.2345679012345679}",DESBALANCEO PREDICCIÓN VAL
1d,BNBUSDT_1d,RandomForestClassifier,0.3901558491420182,F1 VALIDATION
1d,BNBUSDT_1d,RandomForestClassifier,"{1: 0.6049382716049383, 0: 0.3950617283950617}",DESBALANCEO REAL VAL
1d,BNBUSDT_1d,RandomForestClassifier,"{0: 0.8518518518518519, 1: 0.14814814814814814}",DESBALANCEO PREDICCIÓN VAL
1d,BNBUSDT_1d,RandomForestClassifier,0.3969537710847605,F1 VALIDATION
1d,BNBUSDT_1d,RandomForestClassifier,"{1: 0.6049382716049383, 0: 0.3950617283950617}",DESBALANCEO REAL VAL
1d,BNBUSDT_1d,RandomForestClassifier,"{0: 0.7777777777777778, 1: 0.2222222222222222}",DESBALANCEO PREDICCIÓN VAL
1d,BNBUSDT_1d,RandomForestClassifier,0.4625349166811089,F1 VALIDATION
1d,BNBUSDT_1d,RandomForestClassifier,"{1: 0.6049382716049383, 0: 0.3950617283950617}",DESBALANCEO REAL VAL
1d,BNBUSDT_1d,RandomForestClassifier,"{0: 0.654320987654321, 1: 0.345679012345679}",DESBALANCEO PREDICCIÓN VAL
1d,BNBUSDT_1d,RandomForestClassifier,0.42515879958151076,F1 VALIDATION
1d,BNBUSDT_1d,RandomForestClassifier,"{1: 0.6049382716049383, 0: 0.3950617283950617}",DESBALANCEO REAL VAL
1d,BNBUSDT_1d,RandomForestClassifier,"{0: 0.6666666666666666, 1: 0.3333333333333333}",DESBALANCEO PREDICCIÓN VAL
1d,BNBUSDT_1d,RandomForestClassifier,0.4033714258732191,F1 VALIDATION
1d,BNBUSDT_1d,RandomForestClassifier,"{1: 0.6049382716049383, 0: 0.3950617283950617}",DESBALANCEO REAL VAL
1d,BNBUSDT_1d,RandomForestClassifier,"{0: 0.8024691358024691, 1: 0.19753086419753085}",DESBALANCEO PREDICCIÓN VAL
1d,BNBUSDT_1d,RandomForestClassifier,0.42363161595366916,F1 VALIDATION
1d,BNBUSDT_1d,RandomForestClassifier,"{1: 0.6049382716049383, 0: 0.3950617283950617}",DESBALANCEO REAL VAL
1d,BNBUSDT_1d,RandomForestClassifier,"{0: 0.8024691358024691, 1: 0.19753086419753085}",DESBALANCEO PREDICCIÓN VAL
1d,BNBUSDT_1d,RandomForestClassifier,0.4255958454106857,F1 VALIDATION
1d,BNBUSDT_1d,RandomForestClassifier,"{1: 0.6049382716049383, 0: 0.3950617283950617}",DESBALANCEO REAL VAL
1d,BNBUSDT_1d,RandomForestClassifier,"{0: 0.8148148148148148, 1: 0.18518518518518517}",DESBALANCEO PREDICCIÓN VAL
1d,BNBUSDT_1d,RandomForestClassifier,0.453551912568306,FINAL TEST
1d,BNBUSDT_1d,RandomForestClassifier,0.4519153014465842,F1 FINAL TEST
1d,BNBUSDT_1d,RandomForestClassifier,"{1: 0.5191256830601093, 0: 0.4808743169398907}",DESBALANCEO REAL
1d,BNBUSDT_1d,RandomForestClassifier,"{1: 0.5355191256830601, 0: 0.4644808743169399}",DESBALANCEO PREDICCIÓN
1d,SOLUSDT_1d,RandomForestClassifier,0.4935794463373687,F1 VALIDATION
1d,SOLUSDT_1d,RandomForestClassifier,"{1: 0.5802469135802469, 0: 0.41975308641975306}",DESBALANCEO REAL VAL
1d,SOLUSDT_1d,RandomForestClassifier,"{0: 0.6296296296296297, 1: 0.37037037037037035}",DESBALANCEO PREDICCIÓN VAL
1d,SOLUSDT_1d,RandomForestClassifier,0.4969686228792936,F1 VALIDATION
1d,SOLUSDT_1d,RandomForestClassifier,"{1: 0.5802469135802469, 0: 0.41975308641975306}",DESBALANCEO REAL VAL
1d,SOLUSDT_1d,RandomForestClassifier,"{0: 0.5555555555555556, 1: 0.4444444444444444}",DESBALANCEO PREDICCIÓN VAL
1d,SOLUSDT_1d,RandomForestClassifier,0.47243975358747325,F1 VALIDATION
1d,SOLUSDT_1d,RandomForestClassifier,"{1: 0.5802469135802469, 0: 0.41975308641975306}",DESBALANCEO REAL VAL
1d,SOLUSDT_1d,RandomForestClassifier,"{0: 0.7037037037037037, 1: 0.2962962962962963}",DESBALANCEO PREDICCIÓN VAL
1d,SOLUSDT_1d,RandomForestClassifier,0.5015392806518889,F1 VALIDATION
1d,SOLUSDT_1d,RandomForestClassifier,"{1: 0.5802469135802469, 0: 0.41975308641975306}",DESBALANCEO REAL VAL
1d,SOLUSDT_1d,RandomForestClassifier,"{0: 0.7407407407407407, 1: 0.25925925925925924}",DESBALANCEO PREDICCIÓN VAL
1d,SOLUSDT_1d,RandomForestClassifier,0.48992749747148334,F1 VALIDATION
1d,SOLUSDT_1d,RandomForestClassifier,"{1: 0.5802469135802469, 0: 0.41975308641975306}",DESBALANCEO REAL VAL
1d,SOLUSDT_1d,RandomForestClassifier,"{0: 0.6790123456790124, 1: 0.32098765432098764}",DESBALANCEO PREDICCIÓN VAL
1d,SOLUSDT_1d,RandomForestClassifier,0.4922162854050887,F1 VALIDATION
1d,SOLUSDT_1d,RandomForestClassifier,"{1: 0.5802469135802469, 0: 0.41975308641975306}",DESBALANCEO REAL VAL
1d,SOLUSDT_1d,RandomForestClassifier,"{1: 0.6296296296296297, 0: 0.37037037037037035}",DESBALANCEO PREDICCIÓN VAL
1d,SOLUSDT_1d,RandomForestClassifier,0.4914664873444373,F1 VALIDATION
1d,SOLUSDT_1d,RandomForestClassifier,"{1: 0.5802469135802469, 0: 0.41975308641975306}",DESBALANCEO REAL VAL
1d,SOLUSDT_1d,RandomForestClassifier,"{0: 0.6419753086419753, 1: 0.35802469135802467}",DESBALANCEO PREDICCIÓN VAL
1d,SOLUSDT_1d,RandomForestClassifier,0.49385849784549424,F1 VALIDATION
1d,SOLUSDT_1d,RandomForestClassifier,"{1: 0.5802469135802469, 0: 0.41975308641975306}",DESBALANCEO REAL VAL
1d,SOLUSDT_1d,RandomForestClassifier,"{1: 0.5061728395061729, 0: 0.49382716049382713}",DESBALANCEO PREDICCIÓN VAL
1d,SOLUSDT_1d,RandomForestClassifier,0.5117516948135704,F1 VALIDATION
1d,SOLUSDT_1d,RandomForestClassifier,"{1: 0.5802469135802469, 0: 0.41975308641975306}",DESBALANCEO REAL VAL
1d,SOLUSDT_1d,RandomForestClassifier,"{1: 0.5308641975308642, 0: 0.4691358024691358}",DESBALANCEO PREDICCIÓN VAL
1d,SOLUSDT_1d,RandomForestClassifier,0.5111272758701568,F1 VALIDATION
1d,SOLUSDT_1d,RandomForestClassifier,"{1: 0.5802469135802469, 0: 0.41975308641975306}",DESBALANCEO REAL VAL
1d,SOLUSDT_1d,RandomForestClassifier,"{1: 0.6172839506172839, 0: 0.38271604938271603}",DESBALANCEO PREDICCIÓN VAL
1d,SOLUSDT_1d,RandomForestClassifier,0.5136612021857924,FINAL TEST
1d,SOLUSDT_1d,RandomForestClassifier,0.51342873360619,F1 FINAL TEST
1d,SOLUSDT_1d,RandomForestClassifier,"{1: 0.5136612021857924, 0: 0.48633879781420764}",DESBALANCEO REAL
1d,SOLUSDT_1d,RandomForestClassifier,"{1: 0.5081967213114754, 0: 0.4918032786885246}",DESBALANCEO PREDICCIÓN
1d,ADAUSDT_1d,RandomForestClassifier,0.465919885632501,F1 VALIDATION
1d,ADAUSDT_1d,RandomForestClassifier,"{1: 0.5925925925925926, 0: 0.4074074074074074}",DESBALANCEO REAL VAL
1d,ADAUSDT_1d,RandomForestClassifier,"{0: 0.5555555555555556, 1: 0.4444444444444444}",DESBALANCEO PREDICCIÓN VAL
1d,ADAUSDT_1d,RandomForestClassifier,0.4532620391202384,F1 VALIDATION
1d,ADAUSDT_1d,RandomForestClassifier,"{1: 0.5925925925925926, 0: 0.4074074074074074}",DESBALANCEO REAL VAL
1d,ADAUSDT_1d,RandomForestClassifier,"{1: 0.5061728395061729, 0: 0.49382716049382713}",DESBALANCEO PREDICCIÓN VAL
1d,ADAUSDT_1d,RandomForestClassifier,0.43672977081557124,F1 VALIDATION
1d,ADAUSDT_1d,RandomForestClassifier,"{1: 0.5925925925925926, 0: 0.4074074074074074}",DESBALANCEO REAL VAL
1d,ADAUSDT_1d,RandomForestClassifier,"{1: 0.8271604938271605, 0: 0.1728395061728395}",DESBALANCEO PREDICCIÓN VAL
1d,ADAUSDT_1d,RandomForestClassifier,0.4505360967403965,F1 VALIDATION
1d,ADAUSDT_1d,RandomForestClassifier,"{1: 0.5925925925925926, 0: 0.4074074074074074}",DESBALANCEO REAL VAL
1d,ADAUSDT_1d,RandomForestClassifier,"{1: 0.5802469135802469, 0: 0.41975308641975306}",DESBALANCEO PREDICCIÓN VAL
1d,ADAUSDT_1d,RandomForestClassifier,0.4407577001378923,F1 VALIDATION
1d,ADAUSDT_1d,RandomForestClassifier,"{1: 0.5925925925925926, 0: 0.4074074074074074}",DESBALANCEO REAL VAL
1d,ADAUSDT_1d,RandomForestClassifier,"{0: 0.6049382716049383, 1: 0.3950617283950617}",DESBALANCEO PREDICCIÓN VAL
1d,ADAUSDT_1d,RandomForestClassifier,0.4393015866818972,F1 VALIDATION
1d,ADAUSDT_1d,RandomForestClassifier,"{1: 0.5925925925925926, 0: 0.4074074074074074}",DESBALANCEO REAL VAL
1d,ADAUSDT_1d,RandomForestClassifier,"{0: 0.6790123456790124, 1: 0.32098765432098764}",DESBALANCEO PREDICCIÓN VAL
1d,ADAUSDT_1d,RandomForestClassifier,0.47651621780863207,F1 VALIDATION
1d,ADAUSDT_1d,RandomForestClassifier,"{1: 0.5925925925925926, 0: 0.4074074074074074}",DESBALANCEO REAL VAL
1d,ADAUSDT_1d,RandomForestClassifier,"{0: 0.5925925925925926, 1: 0.4074074074074074}",DESBALANCEO PREDICCIÓN VAL
1d,ADAUSDT_1d,RandomForestClassifier,0.47402273697522707,F1 VALIDATION
1d,ADAUSDT_1d,RandomForestClassifier,"{1: 0.5925925925925926, 0: 0.4074074074074074}",DESBALANCEO REAL VAL
1d,ADAUSDT_1d,RandomForestClassifier,"{0: 0.6172839506172839, 1: 0.38271604938271603}",DESBALANCEO PREDICCIÓN VAL
1d,ADAUSDT_1d,RandomForestClassifier,0.46128515113958013,F1 VALIDATION
1d,ADAUSDT_1d,RandomForestClassifier,"{1: 0.5925925925925926, 0: 0.4074074074074074}",DESBALANCEO REAL VAL
1d,ADAUSDT_1d,RandomForestClassifier,"{0: 0.5679012345679012, 1: 0.43209876543209874}",DESBALANCEO PREDICCIÓN VAL
1d,ADAUSDT_1d,RandomForestClassifier,0.4694445243843427,F1 VALIDATION
1d,ADAUSDT_1d,RandomForestClassifier,"{1: 0.5925925925925926, 0: 0.4074074074074074}",DESBALANCEO REAL VAL
1d,ADAUSDT_1d,RandomForestClassifier,"{1: 0.5061728395061729, 0: 0.49382716049382713}",DESBALANCEO PREDICCIÓN VAL
1d,ADAUSDT_1d,RandomForestClassifier,0.48633879781420764,FINAL TEST
1d,ADAUSDT_1d,RandomForestClassifier,0.48558612440191384,F1 FINAL TEST
1d,ADAUSDT_1d,RandomForestClassifier,"{0: 0.5081967213114754, 1: 0.4918032786885246}",DESBALANCEO REAL
1d,ADAUSDT_1d,RandomForestClassifier,"{1: 0.546448087431694, 0: 0.453551912568306}",DESBALANCEO PREDICCIÓN
1d,TRXUSDT_1d,RandomForestClassifier,0.5051661221613966,F1 VALIDATION
1d,TRXUSDT_1d,RandomForestClassifier,"{1: 0.6419753086419753, 0: 0.35802469135802467}",DESBALANCEO REAL VAL
1d,TRXUSDT_1d,RandomForestClassifier,"{0: 0.7037037037037037, 1: 0.2962962962962963}",DESBALANCEO PREDICCIÓN VAL
1d,TRXUSDT_1d,RandomForestClassifier,0.48324626235497803,F1 VALIDATION
1d,TRXUSDT_1d,RandomForestClassifier,"{1: 0.6419753086419753, 0: 0.35802469135802467}",DESBALANCEO REAL VAL
1d,TRXUSDT_1d,RandomForestClassifier,"{0: 0.7530864197530864, 1: 0.24691358024691357}",DESBALANCEO PREDICCIÓN VAL
1d,TRXUSDT_1d,RandomForestClassifier,0.5013002910488834,F1 VALIDATION
1d,TRXUSDT_1d,RandomForestClassifier,"{1: 0.6419753086419753, 0: 0.35802469135802467}",DESBALANCEO REAL VAL
1d,TRXUSDT_1d,RandomForestClassifier,"{0: 0.7407407407407407, 1: 0.25925925925925924}",DESBALANCEO PREDICCIÓN VAL
1d,TRXUSDT_1d,RandomForestClassifier,0.5185026803779424,F1 VALIDATION
1d,TRXUSDT_1d,RandomForestClassifier,"{1: 0.6419753086419753, 0: 0.35802469135802467}",DESBALANCEO REAL VAL
1d,TRXUSDT_1d,RandomForestClassifier,"{0: 0.7037037037037037, 1: 0.2962962962962963}",DESBALANCEO PREDICCIÓN VAL
1d,TRXUSDT_1d,RandomForestClassifier,0.5135258620689654,F1 VALIDATION
1d,TRXUSDT_1d,RandomForestClassifier,"{1: 0.6419753086419753, 0: 0.35802469135802467}",DESBALANCEO REAL VAL
1d,TRXUSDT_1d,RandomForestClassifier,"{0: 0.7160493827160493, 1: 0.2839506172839506}",DESBALANCEO PREDICCIÓN VAL
1d,TRXUSDT_1d,RandomForestClassifier,0.5035126015900977,F1 VALIDATION
1d,TRXUSDT_1d,RandomForestClassifier,"{1: 0.6419753086419753, 0: 0.35802469135802467}",DESBALANCEO REAL VAL
1d,TRXUSDT_1d,RandomForestClassifier,"{0: 0.691358024691358, 1: 0.30864197530864196}",DESBALANCEO PREDICCIÓN VAL
1d,TRXUSDT_1d,RandomForestClassifier,0.5196225371896481,F1 VALIDATION
1d,TRXUSDT_1d,RandomForestClassifier,"{1: 0.6419753086419753, 0: 0.35802469135802467}",DESBALANCEO REAL VAL
1d,TRXUSDT_1d,RandomForestClassifier,"{0: 0.691358024691358, 1: 0.30864197530864196}",DESBALANCEO PREDICCIÓN VAL
1d,TRXUSDT_1d,RandomForestClassifier,0.4616194272251441,F1 VALIDATION
1d,TRXUSDT_1d,RandomForestClassifier,"{1: 0.6419753086419753, 0: 0.35802469135802467}",DESBALANCEO REAL VAL
1d,TRXUSDT_1d,RandomForestClassifier,"{1: 0.7777777777777778, 0: 0.2222222222222222}",DESBALANCEO PREDICCIÓN VAL
1d,TRXUSDT_1d,RandomForestClassifier,0.514082964924867,F1 VALIDATION
1d,TRXUSDT_1d,RandomForestClassifier,"{1: 0.6419753086419753, 0: 0.35802469135802467}",DESBALANCEO REAL VAL
1d,TRXUSDT_1d,RandomForestClassifier,"{0: 0.7160493827160493, 1: 0.2839506172839506}",DESBALANCEO PREDICCIÓN VAL
1d,TRXUSDT_1d,RandomForestClassifier,0.521056230411168,F1 VALIDATION
1d,TRXUSDT_1d,RandomForestClassifier,"{1: 0.6419753086419753, 0: 0.35802469135802467}",DESBALANCEO REAL VAL
1d,TRXUSDT_1d,RandomForestClassifier,"{0: 0.7037037037037037, 1: 0.2962962962962963}",DESBALANCEO PREDICCIÓN VAL
1d,TRXUSDT_1d,RandomForestClassifier,0.4890710382513661,FINAL TEST
1d,TRXUSDT_1d,RandomForestClassifier,0.48537914959208994,F1 FINAL TEST
1d,TRXUSDT_1d,RandomForestClassifier,"{1: 0.5327868852459017, 0: 0.4672131147540984}",DESBALANCEO REAL
1d,TRXUSDT_1d,RandomForestClassifier,"{1: 0.5519125683060109, 0: 0.44808743169398907}",DESBALANCEO PREDICCIÓN
1d,LINKUSDT_1d,RandomForestClassifier,0.5226554160125588,F1 VALIDATION
1d,LINKUSDT_1d,RandomForestClassifier,"{1: 0.6049382716049383, 0: 0.3950617283950617}",DESBALANCEO REAL VAL
1d,LINKUSDT_1d,RandomForestClassifier,"{0: 0.5925925925925926, 1: 0.4074074074074074}",DESBALANCEO PREDICCIÓN VAL
1d,LINKUSDT_1d,RandomForestClassifier,0.4465340138214399,F1 VALIDATION
1d,LINKUSDT_1d,RandomForestClassifier,"{1: 0.6049382716049383, 0: 0.3950617283950617}",DESBALANCEO REAL VAL
1d,LINKUSDT_1d,RandomForestClassifier,"{0: 0.8148148148148148, 1: 0.18518518518518517}",DESBALANCEO PREDICCIÓN VAL
1d,LINKUSDT_1d,RandomForestClassifier,0.42712470536061653,F1 VALIDATION
1d,LINKUSDT_1d,RandomForestClassifier,"{1: 0.6049382716049383, 0: 0.3950617283950617}",DESBALANCEO REAL VAL
1d,LINKUSDT_1d,RandomForestClassifier,"{0: 0.9382716049382716, 1: 0.06172839506172839}",DESBALANCEO PREDICCIÓN VAL
1d,LINKUSDT_1d,RandomForestClassifier,0.41087404418303286,F1 VALIDATION
1d,LINKUSDT_1d,RandomForestClassifier,"{1: 0.6049382716049383, 0: 0.3950617283950617}",DESBALANCEO REAL VAL
1d,LINKUSDT_1d,RandomForestClassifier,"{0: 0.9629629629629629, 1: 0.037037037037037035}",DESBALANCEO PREDICCIÓN VAL
1d,LINKUSDT_1d,RandomForestClassifier,0.4628745253708977,F1 VALIDATION
1d,LINKUSDT_1d,RandomForestClassifier,"{1: 0.6049382716049383, 0: 0.3950617283950617}",DESBALANCEO REAL VAL
1d,LINKUSDT_1d,RandomForestClassifier,"{0: 0.7654320987654321, 1: 0.2345679012345679}",DESBALANCEO PREDICCIÓN VAL
1d,LINKUSDT_1d,RandomForestClassifier,0.5048757462926705,F1 VALIDATION
1d,LINKUSDT_1d,RandomForestClassifier,"{1: 0.6049382716049383, 0: 0.3950617283950617}",DESBALANCEO REAL VAL
1d,LINKUSDT_1d,RandomForestClassifier,"{0: 0.6666666666666666, 1: 0.3333333333333333}",DESBALANCEO PREDICCIÓN VAL
1d,LINKUSDT_1d,RandomForestClassifier,0.46033474138202746,F1 VALIDATION
1d,LINKUSDT_1d,RandomForestClassifier,"{1: 0.6049382716049383, 0: 0.3950617283950617}",DESBALANCEO REAL VAL
1d,LINKUSDT_1d,RandomForestClassifier,"{0: 0.8271604938271605, 1: 0.1728395061728395}",DESBALANCEO PREDICCIÓN VAL
1d,LINKUSDT_1d,RandomForestClassifier,0.4988311172568082,F1 VALIDATION
1d,LINKUSDT_1d,RandomForestClassifier,"{1: 0.6049382716049383, 0: 0.3950617283950617}",DESBALANCEO REAL VAL
1d,LINKUSDT_1d,RandomForestClassifier,"{0: 0.5802469135802469, 1: 0.41975308641975306}",DESBALANCEO PREDICCIÓN VAL
1d,LINKUSDT_1d,RandomForestClassifier,0.45862247704247583,F1 VALIDATION
1d,LINKUSDT_1d,RandomForestClassifier,"{1: 0.6049382716049383, 0: 0.3950617283950617}",DESBALANCEO REAL VAL
1d,LINKUSDT_1d,RandomForestClassifier,"{0: 0.8024691358024691, 1: 0.19753086419753085}",DESBALANCEO PREDICCIÓN VAL
1d,LINKUSDT_1d,RandomForestClassifier,0.47819814728701343,F1 VALIDATION
1d,LINKUSDT_1d,RandomForestClassifier,"{1: 0.6049382716049383, 0: 0.3950617283950617}",DESBALANCEO REAL VAL
1d,LINKUSDT_1d,RandomForestClassifier,"{0: 0.7160493827160493, 1: 0.2839506172839506}",DESBALANCEO PREDICCIÓN VAL
1d,LINKUSDT_1d,RandomForestClassifier,0.5327868852459017,FINAL TEST
1d,LINKUSDT_1d,RandomForestClassifier,0.5302303587110722,F1 FINAL TEST
1d,LINKUSDT_1d,RandomForestClassifier,"{0: 0.5109289617486339, 1: 0.4890710382513661}",DESBALANCEO REAL
1d,LINKUSDT_1d,RandomForestClassifier,"{0: 0.5628415300546448, 1: 0.4371584699453552}",DESBALANCEO PREDICCIÓN
1d,AVAXUSDT_1d,RandomForestClassifier,0.5037728772673753,F1 VALIDATION
1d,AVAXUSDT_1d,RandomForestClassifier,"{1: 0.6790123456790124, 0: 0.32098765432098764}",DESBALANCEO REAL VAL
1d,AVAXUSDT_1d,RandomForestClassifier,"{1: 0.5432098765432098, 0: 0.4567901234567901}",DESBALANCEO PREDICCIÓN VAL
1d,AVAXUSDT_1d,RandomForestClassifier,0.5022291879582539,F1 VALIDATION
1d,AVAXUSDT_1d,RandomForestClassifier,"{1: 0.6790123456790124, 0: 0.32098765432098764}",DESBALANCEO REAL VAL
1d,AVAXUSDT_1d,RandomForestClassifier,"{1: 0.5555555555555556, 0: 0.4444444444444444}",DESBALANCEO PREDICCIÓN VAL
1d,AVAXUSDT_1d,RandomForestClassifier,0.48621432480352356,F1 VALIDATION
1d,AVAXUSDT_1d,RandomForestClassifier,"{1: 0.6790123456790124, 0: 0.32098765432098764}",DESBALANCEO REAL VAL
1d,AVAXUSDT_1d,RandomForestClassifier,"{1: 0.5308641975308642, 0: 0.4691358024691358}",DESBALANCEO PREDICCIÓN VAL
1d,AVAXUSDT_1d,RandomForestClassifier,0.48789888948723464,F1 VALIDATION
1d,AVAXUSDT_1d,RandomForestClassifier,"{1: 0.6790123456790124, 0: 0.32098765432098764}",DESBALANCEO REAL VAL
1d,AVAXUSDT_1d,RandomForestClassifier,"{1: 0.5432098765432098, 0: 0.4567901234567901}",DESBALANCEO PREDICCIÓN VAL
1d,AVAXUSDT_1d,RandomForestClassifier,0.503999305375021,F1 VALIDATION
1d,AVAXUSDT_1d,RandomForestClassifier,"{1: 0.6790123456790124, 0: 0.32098765432098764}",DESBALANCEO REAL VAL
1d,AVAXUSDT_1d,RandomForestClassifier,"{1: 0.5555555555555556, 0: 0.4444444444444444}",DESBALANCEO PREDICCIÓN VAL
1d,AVAXUSDT_1d,RandomForestClassifier,0.523192066139973,F1 VALIDATION
1d,AVAXUSDT_1d,RandomForestClassifier,"{1: 0.6790123456790124, 0: 0.32098765432098764}",DESBALANCEO REAL VAL
1d,AVAXUSDT_1d,RandomForestClassifier,"{0: 0.5432098765432098, 1: 0.4567901234567901}",DESBALANCEO PREDICCIÓN VAL
1d,AVAXUSDT_1d,RandomForestClassifier,0.48756856189905734,F1 VALIDATION
1d,AVAXUSDT_1d,RandomForestClassifier,"{1: 0.6790123456790124, 0: 0.32098765432098764}",DESBALANCEO REAL VAL
1d,AVAXUSDT_1d,RandomForestClassifier,"{1: 0.5432098765432098, 0: 0.4567901234567901}",DESBALANCEO PREDICCIÓN VAL
1d,AVAXUSDT_1d,RandomForestClassifier,0.5071723598645853,F1 VALIDATION
1d,AVAXUSDT_1d,RandomForestClassifier,"{1: 0.6790123456790124, 0: 0.32098765432098764}",DESBALANCEO REAL VAL
1d,AVAXUSDT_1d,RandomForestClassifier,"{1: 0.5555555555555556, 0: 0.4444444444444444}",DESBALANCEO PREDICCIÓN VAL
1d,AVAXUSDT_1d,RandomForestClassifier,0.5076928011831113,F1 VALIDATION
1d,AVAXUSDT_1d,RandomForestClassifier,"{1: 0.6790123456790124, 0: 0.32098765432098764}",DESBALANCEO REAL VAL
1d,AVAXUSDT_1d,RandomForestClassifier,"{1: 0.5432098765432098, 0: 0.4567901234567901}",DESBALANCEO PREDICCIÓN VAL
1d,AVAXUSDT_1d,RandomForestClassifier,0.5084668905500906,F1 VALIDATION
1d,AVAXUSDT_1d,RandomForestClassifier,"{1: 0.6790123456790124, 0: 0.32098765432098764}",DESBALANCEO REAL VAL
1d,AVAXUSDT_1d,RandomForestClassifier,"{1: 0.8271604938271605, 0: 0.1728395061728395}",DESBALANCEO PREDICCIÓN VAL
1d,AVAXUSDT_1d,RandomForestClassifier,0.5,FINAL TEST
1d,AVAXUSDT_1d,RandomForestClassifier,0.4968410772640198,F1 FINAL TEST
1d,AVAXUSDT_1d,RandomForestClassifier,"{0: 0.5382513661202186, 1: 0.46174863387978143}",DESBALANCEO REAL
1d,AVAXUSDT_1d,RandomForestClassifier,"{0: 0.5409836065573771, 1: 0.45901639344262296}",DESBALANCEO PREDICCIÓN
1d,BTCUSDT_1d,GradientBoostingClassifier,0.435557318985765,F1 VALIDATION
1d,BTCUSDT_1d,GradientBoostingClassifier,"{1: 0.6049382716049383, 0: 0.3950617283950617}",DESBALANCEO REAL VAL
1d,BTCUSDT_1d,GradientBoostingClassifier,"{0: 0.7777777777777778, 1: 0.2222222222222222}",DESBALANCEO PREDICCIÓN VAL
1d,BTCUSDT_1d,GradientBoostingClassifier,0.38064845104425316,F1 VALIDATION
1d,BTCUSDT_1d,GradientBoostingClassifier,"{1: 0.6049382716049383, 0: 0.3950617283950617}",DESBALANCEO REAL VAL
1d,BTCUSDT_1d,GradientBoostingClassifier,"{0: 0.6790123456790124, 1: 0.32098765432098764}",DESBALANCEO PREDICCIÓN VAL
1d,BTCUSDT_1d,GradientBoostingClassifier,0.4384414566647939,F1 VALIDATION
1d,BTCUSDT_1d,GradientBoostingClassifier,"{1: 0.6049382716049383, 0: 0.3950617283950617}",DESBALANCEO REAL VAL
1d,BTCUSDT_1d,GradientBoostingClassifier,"{0: 0.6049382716049383, 1: 0.3950617283950617}",DESBALANCEO PREDICCIÓN VAL
1d,BTCUSDT_1d,GradientBoostingClassifier,0.4426928556302894,F1 VALIDATION
1d,BTCUSDT_1d,GradientBoostingClassifier,"{1: 0.6049382716049383, 0: 0.3950617283950617}",DESBALANCEO REAL VAL
1d,BTCUSDT_1d,GradientBoostingClassifier,"{0: 0.654320987654321, 1: 0.345679012345679}",DESBALANCEO PREDICCIÓN VAL
1d,BTCUSDT_1d,GradientBoostingClassifier,0.435176921832805,F1 VALIDATION
1d,BTCUSDT_1d,GradientBoostingClassifier,"{1: 0.6049382716049383, 0: 0.3950617283950617}",DESBALANCEO REAL VAL
1d,BTCUSDT_1d,GradientBoostingClassifier,"{0: 0.5061728395061729, 1: 0.49382716049382713}",DESBALANCEO PREDICCIÓN VAL
1d,BTCUSDT_1d,GradientBoostingClassifier,0.4185802482280428,F1 VALIDATION
1d,BTCUSDT_1d,GradientBoostingClassifier,"{1: 0.6049382716049383, 0: 0.3950617283950617}",DESBALANCEO REAL VAL
1d,BTCUSDT_1d,GradientBoostingClassifier,"{0: 0.6666666666666666, 1: 0.3333333333333333}",DESBALANCEO PREDICCIÓN VAL
1d,BTCUSDT_1d,GradientBoostingClassifier,0.43157576518123636,F1 VALIDATION
1d,BTCUSDT_1d,GradientBoostingClassifier,"{1: 0.6049382716049383, 0: 0.3950617283950617}",DESBALANCEO REAL VAL
1d,BTCUSDT_1d,GradientBoostingClassifier,"{0: 0.691358024691358, 1: 0.30864197530864196}",DESBALANCEO PREDICCIÓN VAL
1d,BTCUSDT_1d,GradientBoostingClassifier,0.4154419493332087,F1 VALIDATION
1d,BTCUSDT_1d,GradientBoostingClassifier,"{1: 0.6049382716049383, 0: 0.3950617283950617}",DESBALANCEO REAL VAL
1d,BTCUSDT_1d,GradientBoostingClassifier,"{0: 0.7654320987654321, 1: 0.2345679012345679}",DESBALANCEO PREDICCIÓN VAL
1d,BTCUSDT_1d,GradientBoostingClassifier,0.40374267136548614,F1 VALIDATION
1d,BTCUSDT_1d,GradientBoostingClassifier,"{1: 0.6049382716049383, 0: 0.3950617283950617}",DESBALANCEO REAL VAL
1d,BTCUSDT_1d,GradientBoostingClassifier,"{0: 0.6790123456790124, 1: 0.32098765432098764}",DESBALANCEO PREDICCIÓN VAL
1d,BTCUSDT_1d,GradientBoostingClassifier,0.4128418731384782,F1 VALIDATION
1d,BTCUSDT_1d,GradientBoostingClassifier,"{1: 0.6049382716049383, 0: 0.3950617283950617}",DESBALANCEO REAL VAL
1d,BTCUSDT_1d,GradientBoostingClassifier,"{0: 0.5185185185185185, 1: 0.48148148148148145}",DESBALANCEO PREDICCIÓN VAL
1d,BTCUSDT_1d,GradientBoostingClassifier,0.5409836065573771,FINAL TEST
1d,BTCUSDT_1d,GradientBoostingClassifier,0.5386554621848739,F1 FINAL TEST
1d,BTCUSDT_1d,GradientBoostingClassifier,"{1: 0.5218579234972678, 0: 0.4781420765027322}",DESBALANCEO REAL
1d,BTCUSDT_1d,GradientBoostingClassifier,"{0: 0.592896174863388, 1: 0.40710382513661203}",DESBALANCEO PREDICCIÓN
1d,ETHUSDT_1d,GradientBoostingClassifier,0.4547308553439652,F1 VALIDATION
1d,ETHUSDT_1d,GradientBoostingClassifier,"{1: 0.6172839506172839, 0: 0.38271604938271603}",DESBALANCEO REAL VAL
1d,ETHUSDT_1d,GradientBoostingClassifier,"{0: 0.7777777777777778, 1: 0.2222222222222222}",DESBALANCEO PREDICCIÓN VAL
1d,ETHUSDT_1d,GradientBoostingClassifier,0.44078611437071463,F1 VALIDATION
1d,ETHUSDT_1d,GradientBoostingClassifier,"{1: 0.6172839506172839, 0: 0.38271604938271603}",DESBALANCEO REAL VAL
1d,ETHUSDT_1d,GradientBoostingClassifier,"{0: 0.8148148148148148, 1: 0.18518518518518517}",DESBALANCEO PREDICCIÓN VAL
1d,ETHUSDT_1d,GradientBoostingClassifier,0.44583973033996205,F1 VALIDATION
1d,ETHUSDT_1d,GradientBoostingClassifier,"{1: 0.6172839506172839, 0: 0.38271604938271603}",DESBALANCEO REAL VAL
1d,ETHUSDT_1d,GradientBoostingClassifier,"{0: 0.7654320987654321, 1: 0.2345679012345679}",DESBALANCEO PREDICCIÓN VAL
1d,ETHUSDT_1d,GradientBoostingClassifier,0.47632726061551545,F1 VALIDATION
1d,ETHUSDT_1d,GradientBoostingClassifier,"{1: 0.6172839506172839, 0: 0.38271604938271603}",DESBALANCEO REAL VAL
1d,ETHUSDT_1d,GradientBoostingClassifier,"{0: 0.5185185185185185, 1: 0.48148148148148145}",DESBALANCEO PREDICCIÓN VAL
1d,ETHUSDT_1d,GradientBoostingClassifier,0.4602176975553543,F1 VALIDATION
1d,ETHUSDT_1d,GradientBoostingClassifier,"{1: 0.6172839506172839, 0: 0.38271604938271603}",DESBALANCEO REAL VAL
1d,ETHUSDT_1d,GradientBoostingClassifier,"{0: 0.5061728395061729, 1: 0.49382716049382713}",DESBALANCEO PREDICCIÓN VAL
1d,ETHUSDT_1d,GradientBoostingClassifier,0.41453874994544054,F1 VALIDATION
1d,ETHUSDT_1d,GradientBoostingClassifier,"{1: 0.6172839506172839, 0: 0.38271604938271603}",DESBALANCEO REAL VAL
1d,ETHUSDT_1d,GradientBoostingClassifier,"{0: 0.8024691358024691, 1: 0.19753086419753085}",DESBALANCEO PREDICCIÓN VAL
1d,ETHUSDT_1d,GradientBoostingClassifier,0.4804573136883626,F1 VALIDATION
1d,ETHUSDT_1d,GradientBoostingClassifier,"{1: 0.6172839506172839, 0: 0.38271604938271603}",DESBALANCEO REAL VAL
1d,ETHUSDT_1d,GradientBoostingClassifier,"{0: 0.6296296296296297, 1: 0.37037037037037035}",DESBALANCEO PREDICCIÓN VAL
1d,ETHUSDT_1d,GradientBoostingClassifier,0.4742868824450991,F1 VALIDATION
1d,ETHUSDT_1d,GradientBoostingClassifier,"{1: 0.6172839506172839, 0: 0.38271604938271603}",DESBALANCEO REAL VAL
1d,ETHUSDT_1d,GradientBoostingClassifier,"{0: 0.7407407407407407, 1: 0.25925925925925924}",DESBALANCEO PREDICCIÓN VAL
1d,ETHUSDT_1d,GradientBoostingClassifier,0.47205257057482986,F1 VALIDATION
1d,ETHUSDT_1d,GradientBoostingClassifier,"{1: 0.6172839506172839, 0: 0.38271604938271603}",DESBALANCEO REAL VAL
1d,ETHUSDT_1d,GradientBoostingClassifier,"{0: 0.7407407407407407, 1: 0.25925925925925924}",DESBALANCEO PREDICCIÓN VAL
1d,ETHUSDT_1d,GradientBoostingClassifier,0.44481660175545495,F1 VALIDATION
1d,ETHUSDT_1d,GradientBoostingClassifier,"{1: 0.6172839506172839, 0: 0.38271604938271603}",DESBALANCEO REAL VAL
1d,ETHUSDT_1d,GradientBoostingClassifier,"{0: 0.7407407407407407, 1: 0.25925925925925924}",DESBALANCEO PREDICCIÓN VAL
1d,ETHUSDT_1d,GradientBoostingClassifier,0.5027322404371585,FINAL TEST
1d,ETHUSDT_1d,GradientBoostingClassifier,0.5017801047120418,F1 FINAL TEST
1d,ETHUSDT_1d,GradientBoostingClassifier,"{1: 0.5191256830601093, 0: 0.4808743169398907}",DESBALANCEO REAL
1d,ETHUSDT_1d,GradientBoostingClassifier,"{0: 0.5628415300546448, 1: 0.4371584699453552}",DESBALANCEO PREDICCIÓN
1d,XRPUSDT_1d,GradientBoostingClassifier,0.5157978340903935,F1 VALIDATION
1d,XRPUSDT_1d,GradientBoostingClassifier,"{1: 0.6049382716049383, 0: 0.3950617283950617}",DESBALANCEO REAL VAL
1d,XRPUSDT_1d,GradientBoostingClassifier,"{1: 0.6049382716049383, 0: 0.3950617283950617}",DESBALANCEO PREDICCIÓN VAL
1d,XRPUSDT_1d,GradientBoostingClassifier,0.4436341517562619,F1 VALIDATION
1d,XRPUSDT_1d,GradientBoostingClassifier,"{1: 0.6049382716049383, 0: 0.3950617283950617}",DESBALANCEO REAL VAL
1d,XRPUSDT_1d,GradientBoostingClassifier,"{0: 0.5308641975308642, 1: 0.4691358024691358}",DESBALANCEO PREDICCIÓN VAL
1d,XRPUSDT_1d,GradientBoostingClassifier,0.491010387915163,F1 VALIDATION
1d,XRPUSDT_1d,GradientBoostingClassifier,"{1: 0.6049382716049383, 0: 0.3950617283950617}",DESBALANCEO REAL VAL
1d,XRPUSDT_1d,GradientBoostingClassifier,"{1: 0.6172839506172839, 0: 0.38271604938271603}",DESBALANCEO PREDICCIÓN VAL
1d,XRPUSDT_1d,GradientBoostingClassifier,0.4779028722029257,F1 VALIDATION
1d,XRPUSDT_1d,GradientBoostingClassifier,"{1: 0.6049382716049383, 0: 0.3950617283950617}",DESBALANCEO REAL VAL
1d,XRPUSDT_1d,GradientBoostingClassifier,"{1: 0.5061728395061729, 0: 0.49382716049382713}",DESBALANCEO PREDICCIÓN VAL
1d,XRPUSDT_1d,GradientBoostingClassifier,0.5002910617995775,F1 VALIDATION
1d,XRPUSDT_1d,GradientBoostingClassifier,"{1: 0.6049382716049383, 0: 0.3950617283950617}",DESBALANCEO REAL VAL
1d,XRPUSDT_1d,GradientBoostingClassifier,"{1: 0.5679012345679012, 0: 0.43209876543209874}",DESBALANCEO PREDICCIÓN VAL
1d,XRPUSDT_1d,GradientBoostingClassifier,0.5233536721194623,F1 VALIDATION
1d,XRPUSDT_1d,GradientBoostingClassifier,"{1: 0.6049382716049383, 0: 0.3950617283950617}",DESBALANCEO REAL VAL
1d,XRPUSDT_1d,GradientBoostingClassifier,"{1: 0.6172839506172839, 0: 0.38271604938271603}",DESBALANCEO PREDICCIÓN VAL
1d,XRPUSDT_1d,GradientBoostingClassifier,0.4873162650095221,F1 VALIDATION
1d,XRPUSDT_1d,GradientBoostingClassifier,"{1: 0.6049382716049383, 0: 0.3950617283950617}",DESBALANCEO REAL VAL
1d,XRPUSDT_1d,GradientBoostingClassifier,"{1: 0.5432098765432098, 0: 0.4567901234567901}",DESBALANCEO PREDICCIÓN VAL
1d,XRPUSDT_1d,GradientBoostingClassifier,0.5226280252340534,F1 VALIDATION
1d,XRPUSDT_1d,GradientBoostingClassifier,"{1: 0.6049382716049383, 0: 0.3950617283950617}",DESBALANCEO REAL VAL
1d,XRPUSDT_1d,GradientBoostingClassifier,"{1: 0.6172839506172839, 0: 0.38271604938271603}",DESBALANCEO PREDICCIÓN VAL
1d,XRPUSDT_1d,GradientBoostingClassifier,0.48857545430460425,F1 VALIDATION
1d,XRPUSDT_1d,GradientBoostingClassifier,"{1: 0.6049382716049383, 0: 0.3950617283950617}",DESBALANCEO REAL VAL
1d,XRPUSDT_1d,GradientBoostingClassifier,"{1: 0.6049382716049383, 0: 0.3950617283950617}",DESBALANCEO PREDICCIÓN VAL
1d,XRPUSDT_1d,GradientBoostingClassifier,0.47732552101778164,F1 VALIDATION
1d,XRPUSDT_1d,GradientBoostingClassifier,"{1: 0.6049382716049383, 0: 0.3950617283950617}",DESBALANCEO REAL VAL
1d,XRPUSDT_1d,GradientBoostingClassifier,"{1: 0.5061728395061729, 0: 0.49382716049382713}",DESBALANCEO PREDICCIÓN VAL
1d,XRPUSDT_1d,GradientBoostingClassifier,0.5136612021857924,FINAL TEST
1d,XRPUSDT_1d,GradientBoostingClassifier,0.5115609536662168,F1 FINAL TEST
1d,XRPUSDT_1d,GradientBoostingClassifier,"{1: 0.5081967213114754, 0: 0.4918032786885246}",DESBALANCEO REAL
1d,XRPUSDT_1d,GradientBoostingClassifier,"{1: 0.5573770491803278, 0: 0.4426229508196721}",DESBALANCEO PREDICCIÓN
1d,BNBUSDT_1d,GradientBoostingClassifier,0.43095043834199737,F1 VALIDATION
1d,BNBUSDT_1d,GradientBoostingClassifier,"{1: 0.6049382716049383, 0: 0.3950617283950617}",DESBALANCEO REAL VAL
1d,BNBUSDT_1d,GradientBoostingClassifier,"{0: 0.6049382716049383, 1: 0.3950617283950617}",DESBALANCEO PREDICCIÓN VAL
1d,BNBUSDT_1d,GradientBoostingClassifier,0.4471068998767137,F1 VALIDATION
1d,BNBUSDT_1d,GradientBoostingClassifier,"{1: 0.6049382716049383, 0: 0.3950617283950617}",DESBALANCEO REAL VAL
1d,BNBUSDT_1d,GradientBoostingClassifier,"{0: 0.6666666666666666, 1: 0.3333333333333333}",DESBALANCEO PREDICCIÓN VAL
1d,BNBUSDT_1d,GradientBoostingClassifier,0.43700305991327665,F1 VALIDATION
1d,BNBUSDT_1d,GradientBoostingClassifier,"{1: 0.6049382716049383, 0: 0.3950617283950617}",DESBALANCEO REAL VAL
1d,BNBUSDT_1d,GradientBoostingClassifier,"{0: 0.691358024691358, 1: 0.30864197530864196}",DESBALANCEO PREDICCIÓN VAL
1d,BNBUSDT_1d,GradientBoostingClassifier,0.44991606283575314,F1 VALIDATION
1d,BNBUSDT_1d,GradientBoostingClassifier,"{1: 0.6049382716049383, 0: 0.3950617283950617}",DESBALANCEO REAL VAL
1d,BNBUSDT_1d,GradientBoostingClassifier,"{0: 0.7160493827160493, 1: 0.2839506172839506}",DESBALANCEO PREDICCIÓN VAL
1d,BNBUSDT_1d,GradientBoostingClassifier,0.4373550524303639,F1 VALIDATION
1d,BNBUSDT_1d,GradientBoostingClassifier,"{1: 0.6049382716049383, 0: 0.3950617283950617}",DESBALANCEO REAL VAL
1d,BNBUSDT_1d,GradientBoostingClassifier,"{0: 0.6172839506172839, 1: 0.38271604938271603}",DESBALANCEO PREDICCIÓN VAL
1d,BNBUSDT_1d,GradientBoostingClassifier,0.43671565883747493,F1 VALIDATION
1d,BNBUSDT_1d,GradientBoostingClassifier,"{1: 0.6049382716049383, 0: 0.3950617283950617}",DESBALANCEO REAL VAL
1d,BNBUSDT_1d,GradientBoostingClassifier,"{0: 0.6790123456790124, 1: 0.32098765432098764}",DESBALANCEO PREDICCIÓN VAL
1d,BNBUSDT_1d,GradientBoostingClassifier,0.46986503036671945,F1 VALIDATION
1d,BNBUSDT_1d,GradientBoostingClassifier,"{1: 0.6049382716049383, 0: 0.3950617283950617}",DESBALANCEO REAL VAL
1d,BNBUSDT_1d,GradientBoostingClassifier,"{0: 0.6419753086419753, 1: 0.35802469135802467}",DESBALANCEO PREDICCIÓN VAL
1d,BNBUSDT_1d,GradientBoostingClassifier,0.41447419211359804,F1 VALIDATION
1d,BNBUSDT_1d,GradientBoostingClassifier,"{1: 0.6049382716049383, 0: 0.3950617283950617}",DESBALANCEO REAL VAL
1d,BNBUSDT_1d,GradientBoostingClassifier,"{0: 0.6419753086419753, 1: 0.35802469135802467}",DESBALANCEO PREDICCIÓN VAL
1d,BNBUSDT_1d,GradientBoostingClassifier,0.46231328201148203,F1 VALIDATION
1d,BNBUSDT_1d,GradientBoostingClassifier,"{1: 0.6049382716049383, 0: 0.3950617283950617}",DESBALANCEO REAL VAL
1d,BNBUSDT_1d,GradientBoostingClassifier,"{0: 0.6666666666666666, 1: 0.3333333333333333}",DESBALANCEO PREDICCIÓN VAL
1d,BNBUSDT_1d,GradientBoostingClassifier,0.44046800294858135,F1 VALIDATION
1d,BNBUSDT_1d,GradientBoostingClassifier,"{1: 0.6049382716049383, 0: 0.3950617283950617}",DESBALANCEO REAL VAL
1d,BNBUSDT_1d,GradientBoostingClassifier,"{0: 0.6419753086419753, 1: 0.35802469135802467}",DESBALANCEO PREDICCIÓN VAL
1d,BNBUSDT_1d,GradientBoostingClassifier,0.45081967213114754,FINAL TEST
1d,BNBUSDT_1d,GradientBoostingClassifier,0.44963229518130876,F1 FINAL TEST
1d,BNBUSDT_1d,GradientBoostingClassifier,"{1: 0.5191256830601093, 0: 0.4808743169398907}",DESBALANCEO REAL
1d,BNBUSDT_1d,GradientBoostingClassifier,"{1: 0.5273224043715847, 0: 0.4726775956284153}",DESBALANCEO PREDICCIÓN
1d,SOLUSDT_1d,GradientBoostingClassifier,0.49546286399267636,F1 VALIDATION
1d,SOLUSDT_1d,GradientBoostingClassifier,"{1: 0.5802469135802469, 0: 0.41975308641975306}",DESBALANCEO REAL VAL
1d,SOLUSDT_1d,GradientBoostingClassifier,"{0: 0.5925925925925926, 1: 0.4074074074074074}",DESBALANCEO PREDICCIÓN VAL
1d,SOLUSDT_1d,GradientBoostingClassifier,0.4919523767211203,F1 VALIDATION
1d,SOLUSDT_1d,GradientBoostingClassifier,"{1: 0.5802469135802469, 0: 0.41975308641975306}",DESBALANCEO REAL VAL
1d,SOLUSDT_1d,GradientBoostingClassifier,"{0: 0.6296296296296297, 1: 0.37037037037037035}",DESBALANCEO PREDICCIÓN VAL
1d,SOLUSDT_1d,GradientBoostingClassifier,0.4926296112332039,F1 VALIDATION
1d,SOLUSDT_1d,GradientBoostingClassifier,"{1: 0.5802469135802469, 0: 0.41975308641975306}",DESBALANCEO REAL VAL
1d,SOLUSDT_1d,GradientBoostingClassifier,"{0: 0.5802469135802469, 1: 0.41975308641975306}",DESBALANCEO PREDICCIÓN VAL
1d,SOLUSDT_1d,GradientBoostingClassifier,0.5191964213861615,F1 VALIDATION
1d,SOLUSDT_1d,GradientBoostingClassifier,"{1: 0.5802469135802469, 0: 0.41975308641975306}",DESBALANCEO REAL VAL
1d,SOLUSDT_1d,GradientBoostingClassifier,"{0: 0.6049382716049383, 1: 0.3950617283950617}",DESBALANCEO PREDICCIÓN VAL
1d,SOLUSDT_1d,GradientBoostingClassifier,0.5087877437454804,F1 VALIDATION
1d,SOLUSDT_1d,GradientBoostingClassifier,"{1: 0.5802469135802469, 0: 0.41975308641975306}",DESBALANCEO REAL VAL
1d,SOLUSDT_1d,GradientBoostingClassifier,"{0: 0.6296296296296297, 1: 0.37037037037037035}",DESBALANCEO PREDICCIÓN VAL
1d,SOLUSDT_1d,GradientBoostingClassifier,0.46276601653554383,F1 VALIDATION
1d,SOLUSDT_1d,GradientBoostingClassifier,"{1: 0.5802469135802469, 0: 0.41975308641975306}",DESBALANCEO REAL VAL
1d,SOLUSDT_1d,GradientBoostingClassifier,"{0: 0.5679012345679012, 1: 0.43209876543209874}",DESBALANCEO PREDICCIÓN VAL
1d,SOLUSDT_1d,GradientBoostingClassifier,0.5090505507800405,F1 VALIDATION
1d,SOLUSDT_1d,GradientBoostingClassifier,"{1: 0.5802469135802469, 0: 0.41975308641975306}",DESBALANCEO REAL VAL
1d,SOLUSDT_1d,GradientBoostingClassifier,"{0: 0.6049382716049383, 1: 0.3950617283950617}",DESBALANCEO PREDICCIÓN VAL
1d,SOLUSDT_1d,GradientBoostingClassifier,0.5101490167494542,F1 VALIDATION
1d,SOLUSDT_1d,GradientBoostingClassifier,"{1: 0.5802469135802469, 0: 0.41975308641975306}",DESBALANCEO REAL VAL
1d,SOLUSDT_1d,GradientBoostingClassifier,"{0: 0.6666666666666666, 1: 0.3333333333333333}",DESBALANCEO PREDICCIÓN VAL
1d,SOLUSDT_1d,GradientBoostingClassifier,0.4899259125689383,F1 VALIDATION
1d,SOLUSDT_1d,GradientBoostingClassifier,"{1: 0.5802469135802469, 0: 0.41975308641975306}",DESBALANCEO REAL VAL
1d,SOLUSDT_1d,GradientBoostingClassifier,"{0: 0.6172839506172839, 1: 0.38271604938271603}",DESBALANCEO PREDICCIÓN VAL
1d,SOLUSDT_1d,GradientBoostingClassifier,0.47710091219048956,F1 VALIDATION
1d,SOLUSDT_1d,GradientBoostingClassifier,"{1: 0.5802469135802469, 0: 0.41975308641975306}",DESBALANCEO REAL VAL
1d,SOLUSDT_1d,GradientBoostingClassifier,"{0: 0.6419753086419753, 1: 0.35802469135802467}",DESBALANCEO PREDICCIÓN VAL
1d,SOLUSDT_1d,GradientBoostingClassifier,0.47540983606557374,FINAL TEST
1d,SOLUSDT_1d,GradientBoostingClassifier,0.47136882014864745,F1 FINAL TEST
1d,SOLUSDT_1d,GradientBoostingClassifier,"{1: 0.5136612021857924, 0: 0.48633879781420764}",DESBALANCEO REAL
1d,SOLUSDT_1d,GradientBoostingClassifier,"{0: 0.6010928961748634, 1: 0.3989071038251366}",DESBALANCEO PREDICCIÓN
1d,ADAUSDT_1d,GradientBoostingClassifier,0.4809296503954871,F1 VALIDATION
1d,ADAUSDT_1d,GradientBoostingClassifier,"{1: 0.5925925925925926, 0: 0.4074074074074074}",DESBALANCEO REAL VAL
1d,ADAUSDT_1d,GradientBoostingClassifier,"{1: 0.5432098765432098, 0: 0.4567901234567901}",DESBALANCEO PREDICCIÓN VAL
1d,ADAUSDT_1d,GradientBoostingClassifier,0.46316401691158315,F1 VALIDATION
1d,ADAUSDT_1d,GradientBoostingClassifier,"{1: 0.5925925925925926, 0: 0.4074074074074074}",DESBALANCEO REAL VAL
1d,ADAUSDT_1d,GradientBoostingClassifier,"{0: 0.7530864197530864, 1: 0.24691358024691357}",DESBALANCEO PREDICCIÓN VAL
1d,ADAUSDT_1d,GradientBoostingClassifier,0.501788430620544,F1 VALIDATION
1d,ADAUSDT_1d,GradientBoostingClassifier,"{1: 0.5925925925925926, 0: 0.4074074074074074}",DESBALANCEO REAL VAL
1d,ADAUSDT_1d,GradientBoostingClassifier,"{0: 0.7160493827160493, 1: 0.2839506172839506}",DESBALANCEO PREDICCIÓN VAL
1d,ADAUSDT_1d,GradientBoostingClassifier,0.4770999683849981,F1 VALIDATION
1d,ADAUSDT_1d,GradientBoostingClassifier,"{1: 0.5925925925925926, 0: 0.4074074074074074}",DESBALANCEO REAL VAL
1d,ADAUSDT_1d,GradientBoostingClassifier,"{0: 0.6172839506172839, 1: 0.38271604938271603}",DESBALANCEO PREDICCIÓN VAL
1d,ADAUSDT_1d,GradientBoostingClassifier,0.4626317429725278,F1 VALIDATION
1d,ADAUSDT_1d,GradientBoostingClassifier,"{1: 0.5925925925925926, 0: 0.4074074074074074}",DESBALANCEO REAL VAL
1d,ADAUSDT_1d,GradientBoostingClassifier,"{0: 0.6172839506172839, 1: 0.38271604938271603}",DESBALANCEO PREDICCIÓN VAL
1d,ADAUSDT_1d,GradientBoostingClassifier,0.49038005367503235,F1 VALIDATION
1d,ADAUSDT_1d,GradientBoostingClassifier,"{1: 0.5925925925925926, 0: 0.4074074074074074}",DESBALANCEO REAL VAL
1d,ADAUSDT_1d,GradientBoostingClassifier,"{0: 0.5802469135802469, 1: 0.41975308641975306}",DESBALANCEO PREDICCIÓN VAL
1d,ADAUSDT_1d,GradientBoostingClassifier,0.4725260682481955,F1 VALIDATION
1d,ADAUSDT_1d,GradientBoostingClassifier,"{1: 0.5925925925925926, 0: 0.4074074074074074}",DESBALANCEO REAL VAL
1d,ADAUSDT_1d,GradientBoostingClassifier,"{0: 0.5802469135802469, 1: 0.41975308641975306}",DESBALANCEO PREDICCIÓN VAL
1d,ADAUSDT_1d,GradientBoostingClassifier,0.49047601467070046,F1 VALIDATION
1d,ADAUSDT_1d,GradientBoostingClassifier,"{1: 0.5925925925925926, 0: 0.4074074074074074}",DESBALANCEO REAL VAL
1d,ADAUSDT_1d,GradientBoostingClassifier,"{0: 0.7901234567901234, 1: 0.20987654320987653}",DESBALANCEO PREDICCIÓN VAL
1d,ADAUSDT_1d,GradientBoostingClassifier,0.5173879423895242,F1 VALIDATION
1d,ADAUSDT_1d,GradientBoostingClassifier,"{1: 0.5925925925925926, 0: 0.4074074074074074}",DESBALANCEO REAL VAL
1d,ADAUSDT_1d,GradientBoostingClassifier,"{1: 0.5555555555555556, 0: 0.4444444444444444}",DESBALANCEO PREDICCIÓN VAL
1d,ADAUSDT_1d,GradientBoostingClassifier,0.4870812693990879,F1 VALIDATION
1d,ADAUSDT_1d,GradientBoostingClassifier,"{1: 0.5925925925925926, 0: 0.4074074074074074}",DESBALANCEO REAL VAL
1d,ADAUSDT_1d,GradientBoostingClassifier,"{1: 0.5061728395061729, 0: 0.49382716049382713}",DESBALANCEO PREDICCIÓN VAL
1d,ADAUSDT_1d,GradientBoostingClassifier,0.4972677595628415,FINAL TEST
1d,ADAUSDT_1d,GradientBoostingClassifier,0.48846960167714887,F1 FINAL TEST
1d,ADAUSDT_1d,GradientBoostingClassifier,"{0: 0.5081967213114754, 1: 0.4918032786885246}",DESBALANCEO REAL
1d,ADAUSDT_1d,GradientBoostingClassifier,"{0: 0.6229508196721312, 1: 0.3770491803278688}",DESBALANCEO PREDICCIÓN
1d,TRXUSDT_1d,GradientBoostingClassifier,0.5342997474879937,F1 VALIDATION
1d,TRXUSDT_1d,GradientBoostingClassifier,"{1: 0.6419753086419753, 0: 0.35802469135802467}",DESBALANCEO REAL VAL
1d,TRXUSDT_1d,GradientBoostingClassifier,"{0: 0.691358024691358, 1: 0.30864197530864196}",DESBALANCEO PREDICCIÓN VAL
1d,TRXUSDT_1d,GradientBoostingClassifier,0.513254437718923,F1 VALIDATION
1d,TRXUSDT_1d,GradientBoostingClassifier,"{1: 0.6419753086419753, 0: 0.35802469135802467}",DESBALANCEO REAL VAL
1d,TRXUSDT_1d,GradientBoostingClassifier,"{0: 0.5679012345679012, 1: 0.43209876543209874}",DESBALANCEO PREDICCIÓN VAL
1d,TRXUSDT_1d,GradientBoostingClassifier,0.5258789996180374,F1 VALIDATION
1d,TRXUSDT_1d,GradientBoostingClassifier,"{1: 0.6419753086419753, 0: 0.35802469135802467}",DESBALANCEO REAL VAL
1d,TRXUSDT_1d,GradientBoostingClassifier,"{0: 0.654320987654321, 1: 0.345679012345679}",DESBALANCEO PREDICCIÓN VAL
1d,TRXUSDT_1d,GradientBoostingClassifier,0.45503247160092525,F1 VALIDATION
1d,TRXUSDT_1d,GradientBoostingClassifier,"{1: 0.6419753086419753, 0: 0.35802469135802467}",DESBALANCEO REAL VAL
1d,TRXUSDT_1d,GradientBoostingClassifier,"{0: 0.5308641975308642, 1: 0.4691358024691358}",DESBALANCEO PREDICCIÓN VAL
1d,TRXUSDT_1d,GradientBoostingClassifier,0.5160693837587031,F1 VALIDATION
1d,TRXUSDT_1d,GradientBoostingClassifier,"{1: 0.6419753086419753, 0: 0.35802469135802467}",DESBALANCEO REAL VAL
1d,TRXUSDT_1d,GradientBoostingClassifier,"{0: 0.5802469135802469, 1: 0.41975308641975306}",DESBALANCEO PREDICCIÓN VAL
1d,TRXUSDT_1d,GradientBoostingClassifier,0.4793810303056197,F1 VALIDATION
1d,TRXUSDT_1d,GradientBoostingClassifier,"{1: 0.6419753086419753, 0: 0.35802469135802467}",DESBALANCEO REAL VAL
1d,TRXUSDT_1d,GradientBoostingClassifier,"{0: 0.6049382716049383, 1: 0.3950617283950617}",DESBALANCEO PREDICCIÓN VAL
1d,TRXUSDT_1d,GradientBoostingClassifier,0.53075752251562,F1 VALIDATION
1d,TRXUSDT_1d,GradientBoostingClassifier,"{1: 0.6419753086419753, 0: 0.35802469135802467}",DESBALANCEO REAL VAL
1d,TRXUSDT_1d,GradientBoostingClassifier,"{0: 0.5432098765432098, 1: 0.4567901234567901}",DESBALANCEO PREDICCIÓN VAL
1d,TRXUSDT_1d,GradientBoostingClassifier,0.4927300674945988,F1 VALIDATION
1d,TRXUSDT_1d,GradientBoostingClassifier,"{1: 0.6419753086419753, 0: 0.35802469135802467}",DESBALANCEO REAL VAL
1d,TRXUSDT_1d,GradientBoostingClassifier,"{0: 0.5679012345679012, 1: 0.43209876543209874}",DESBALANCEO PREDICCIÓN VAL
1d,TRXUSDT_1d,GradientBoostingClassifier,0.4897727761109284,F1 VALIDATION
1d,TRXUSDT_1d,GradientBoostingClassifier,"{1: 0.6419753086419753, 0: 0.35802469135802467}",DESBALANCEO REAL VAL
1d,TRXUSDT_1d,GradientBoostingClassifier,"{0: 0.6666666666666666, 1: 0.3333333333333333}",DESBALANCEO PREDICCIÓN VAL
1d,TRXUSDT_1d,GradientBoostingClassifier,0.5349539073087681,F1 VALIDATION
1d,TRXUSDT_1d,GradientBoostingClassifier,"{1: 0.6419753086419753, 0: 0.35802469135802467}",DESBALANCEO REAL VAL
1d,TRXUSDT_1d,GradientBoostingClassifier,"{0: 0.5185185185185185, 1: 0.48148148148148145}",DESBALANCEO PREDICCIÓN VAL
1d,TRXUSDT_1d,GradientBoostingClassifier,0.4726775956284153,FINAL TEST
1d,TRXUSDT_1d,GradientBoostingClassifier,0.46979215924699946,F1 FINAL TEST
1d,TRXUSDT_1d,GradientBoostingClassifier,"{1: 0.5327868852459017, 0: 0.4672131147540984}",DESBALANCEO REAL
1d,TRXUSDT_1d,GradientBoostingClassifier,"{1: 0.5409836065573771, 0: 0.45901639344262296}",DESBALANCEO PREDICCIÓN
1d,LINKUSDT_1d,GradientBoostingClassifier,0.4785838634171967,F1 VALIDATION
1d,LINKUSDT_1d,GradientBoostingClassifier,"{1: 0.6049382716049383, 0: 0.3950617283950617}",DESBALANCEO REAL VAL
1d,LINKUSDT_1d,GradientBoostingClassifier,"{0: 0.691358024691358, 1: 0.30864197530864196}",DESBALANCEO PREDICCIÓN VAL
1d,LINKUSDT_1d,GradientBoostingClassifier,0.45861120005173833,F1 VALIDATION
1d,LINKUSDT_1d,GradientBoostingClassifier,"{1: 0.6049382716049383, 0: 0.3950617283950617}",DESBALANCEO REAL VAL
1d,LINKUSDT_1d,GradientBoostingClassifier,"{0: 0.7654320987654321, 1: 0.2345679012345679}",DESBALANCEO PREDICCIÓN VAL
1d,LINKUSDT_1d,GradientBoostingClassifier,0.4592096629535633,F1 VALIDATION
1d,LINKUSDT_1d,GradientBoostingClassifier,"{1: 0.6049382716049383, 0: 0.3950617283950617}",DESBALANCEO REAL VAL
1d,LINKUSDT_1d,GradientBoostingClassifier,"{0: 0.6666666666666666, 1: 0.3333333333333333}",DESBALANCEO PREDICCIÓN VAL
1d,LINKUSDT_1d,GradientBoostingClassifier,0.4729055512232702,F1 VALIDATION
1d,LINKUSDT_1d,GradientBoostingClassifier,"{1: 0.6049382716049383, 0: 0.3950617283950617}",DESBALANCEO REAL VAL
1d,LINKUSDT_1d,GradientBoostingClassifier,"{0: 0.6049382716049383, 1: 0.3950617283950617}",DESBALANCEO PREDICCIÓN VAL
1d,LINKUSDT_1d,GradientBoostingClassifier,0.47389853067701504,F1 VALIDATION
1d,LINKUSDT_1d,GradientBoostingClassifier,"{1: 0.6049382716049383, 0: 0.3950617283950617}",DESBALANCEO REAL VAL
1d,LINKUSDT_1d,GradientBoostingClassifier,"{0: 0.6172839506172839, 1: 0.38271604938271603}",DESBALANCEO PREDICCIÓN VAL
1d,LINKUSDT_1d,GradientBoostingClassifier,0.48066002673534014,F1 VALIDATION
1d,LINKUSDT_1d,GradientBoostingClassifier,"{1: 0.6049382716049383, 0: 0.3950617283950617}",DESBALANCEO REAL VAL
1d,LINKUSDT_1d,GradientBoostingClassifier,"{0: 0.7037037037037037, 1: 0.2962962962962963}",DESBALANCEO PREDICCIÓN VAL
1d,LINKUSDT_1d,GradientBoostingClassifier,0.456495628263829,F1 VALIDATION
1d,LINKUSDT_1d,GradientBoostingClassifier,"{1: 0.6049382716049383, 0: 0.3950617283950617}",DESBALANCEO REAL VAL
1d,LINKUSDT_1d,GradientBoostingClassifier,"{0: 0.7283950617283951, 1: 0.2716049382716049}",DESBALANCEO PREDICCIÓN VAL
1d,LINKUSDT_1d,GradientBoostingClassifier,0.5261713053090957,F1 VALIDATION
1d,LINKUSDT_1d,GradientBoostingClassifier,"{1: 0.6049382716049383, 0: 0.3950617283950617}",DESBALANCEO REAL VAL
1d,LINKUSDT_1d,GradientBoostingClassifier,"{0: 0.654320987654321, 1: 0.345679012345679}",DESBALANCEO PREDICCIÓN VAL
1d,LINKUSDT_1d,GradientBoostingClassifier,0.48924582653222615,F1 VALIDATION
1d,LINKUSDT_1d,GradientBoostingClassifier,"{1: 0.6049382716049383, 0: 0.3950617283950617}",DESBALANCEO REAL VAL
1d,LINKUSDT_1d,GradientBoostingClassifier,"{0: 0.5802469135802469, 1: 0.41975308641975306}",DESBALANCEO PREDICCIÓN VAL
1d,LINKUSDT_1d,GradientBoostingClassifier,0.48142641140405484,F1 VALIDATION
1d,LINKUSDT_1d,GradientBoostingClassifier,"{1: 0.6049382716049383, 0: 0.3950617283950617}",DESBALANCEO REAL VAL
1d,LINKUSDT_1d,GradientBoostingClassifier,"{0: 0.6172839506172839, 1: 0.38271604938271603}",DESBALANCEO PREDICCIÓN VAL
1d,LINKUSDT_1d,GradientBoostingClassifier,0.5409836065573771,FINAL TEST
1d,LINKUSDT_1d,GradientBoostingClassifier,0.531527138634078,F1 FINAL TEST
1d,LINKUSDT_1d,GradientBoostingClassifier,"{0: 0.5109289617486339, 1: 0.4890710382513661}",DESBALANCEO REAL
1d,LINKUSDT_1d,GradientBoostingClassifier,"{0: 0.6311475409836066, 1: 0.36885245901639346}",DESBALANCEO PREDICCIÓN
1d,AVAXUSDT_1d,GradientBoostingClassifier,0.49517279078661575,F1 VALIDATION
1d,AVAXUSDT_1d,GradientBoostingClassifier,"{1: 0.6790123456790124, 0: 0.32098765432098764}",DESBALANCEO REAL VAL
1d,AVAXUSDT_1d,GradientBoostingClassifier,"{1: 0.5308641975308642, 0: 0.4691358024691358}",DESBALANCEO PREDICCIÓN VAL
1d,AVAXUSDT_1d,GradientBoostingClassifier,0.4788252880030216,F1 VALIDATION
1d,AVAXUSDT_1d,GradientBoostingClassifier,"{1: 0.6790123456790124, 0: 0.32098765432098764}",DESBALANCEO REAL VAL
1d,AVAXUSDT_1d,GradientBoostingClassifier,"{1: 0.5802469135802469, 0: 0.41975308641975306}",DESBALANCEO PREDICCIÓN VAL
1d,AVAXUSDT_1d,GradientBoostingClassifier,0.5205134514630936,F1 VALIDATION
1d,AVAXUSDT_1d,GradientBoostingClassifier,"{1: 0.6790123456790124, 0: 0.32098765432098764}",DESBALANCEO REAL VAL
1d,AVAXUSDT_1d,GradientBoostingClassifier,"{0: 0.654320987654321, 1: 0.345679012345679}",DESBALANCEO PREDICCIÓN VAL
1d,AVAXUSDT_1d,GradientBoostingClassifier,0.5018708137896741,F1 VALIDATION
1d,AVAXUSDT_1d,GradientBoostingClassifier,"{1: 0.6790123456790124, 0: 0.32098765432098764}",DESBALANCEO REAL VAL
1d,AVAXUSDT_1d,GradientBoostingClassifier,"{0: 0.5555555555555556, 1: 0.4444444444444444}",DESBALANCEO PREDICCIÓN VAL
1d,AVAXUSDT_1d,GradientBoostingClassifier,0.49889500462204206,F1 VALIDATION
1d,AVAXUSDT_1d,GradientBoostingClassifier,"{1: 0.6790123456790124, 0: 0.32098765432098764}",DESBALANCEO REAL VAL
1d,AVAXUSDT_1d,GradientBoostingClassifier,"{1: 0.5925925925925926, 0: 0.4074074074074074}",DESBALANCEO PREDICCIÓN VAL
1d,AVAXUSDT_1d,GradientBoostingClassifier,0.505473452142558,F1 VALIDATION
1d,AVAXUSDT_1d,GradientBoostingClassifier,"{1: 0.6790123456790124, 0: 0.32098765432098764}",DESBALANCEO REAL VAL
1d,AVAXUSDT_1d,GradientBoostingClassifier,"{0: 0.5555555555555556, 1: 0.4444444444444444}",DESBALANCEO PREDICCIÓN VAL
1d,AVAXUSDT_1d,GradientBoostingClassifier,0.4642866174224968,F1 VALIDATION
1d,AVAXUSDT_1d,GradientBoostingClassifier,"{1: 0.6790123456790124, 0: 0.32098765432098764}",DESBALANCEO REAL VAL
1d,AVAXUSDT_1d,GradientBoostingClassifier,"{1: 0.5432098765432098, 0: 0.4567901234567901}",DESBALANCEO PREDICCIÓN VAL
1d,AVAXUSDT_1d,GradientBoostingClassifier,0.5023121115752742,F1 VALIDATION
1d,AVAXUSDT_1d,GradientBoostingClassifier,"{1: 0.6790123456790124, 0: 0.32098765432098764}",DESBALANCEO REAL VAL
1d,AVAXUSDT_1d,GradientBoostingClassifier,"{0: 0.5185185185185185, 1: 0.48148148148148145}",DESBALANCEO PREDICCIÓN VAL
1d,AVAXUSDT_1d,GradientBoostingClassifier,0.5021498043985873,F1 VALIDATION
1d,AVAXUSDT_1d,GradientBoostingClassifier,"{1: 0.6790123456790124, 0: 0.32098765432098764}",DESBALANCEO REAL VAL
1d,AVAXUSDT_1d,GradientBoostingClassifier,"{0: 0.5308641975308642, 1: 0.4691358024691358}",DESBALANCEO PREDICCIÓN VAL
1d,AVAXUSDT_1d,GradientBoostingClassifier,0.5244904503191566,F1 VALIDATION
1d,AVAXUSDT_1d,GradientBoostingClassifier,"{1: 0.6790123456790124, 0: 0.32098765432098764}",DESBALANCEO REAL VAL
1d,AVAXUSDT_1d,GradientBoostingClassifier,"{0: 0.5555555555555556, 1: 0.4444444444444444}",DESBALANCEO PREDICCIÓN VAL
1d,AVAXUSDT_1d,GradientBoostingClassifier,0.45901639344262296,FINAL TEST
1d,AVAXUSDT_1d,GradientBoostingClassifier,0.45895176944900706,F1 FINAL TEST
1d,AVAXUSDT_1d,GradientBoostingClassifier,"{0: 0.5382513661202186, 1: 0.46174863387978143}",DESBALANCEO REAL
1d,AVAXUSDT_1d,GradientBoostingClassifier,"{1: 0.5273224043715847, 0: 0.4726775956284153}",DESBALANCEO PREDICCIÓN
