timestamp,BTCUSDT_4h,LTCBTC_4h,BNBUSDT_4h,BNBBTC_4h,LTCUSDT_4h,ADABTC_4h,ADAUSDT_4h,SOLUSDT_4h,SOLBTC_4h
2020-08-11 04:00:00,11748.05,0.004925,22.2227,0.0018914,57.86,1.206e-05,0.14159,2.9224,0.00025023
2020-08-11 08:00:00,11741.48,0.004918,22.1141,0.0018836,57.74,1.209e-05,0.14181,3.0497,0.00025995
2020-08-11 12:00:00,11480.79,0.004791,21.4,0.0018623,55.0,1.195e-05,0.13719,3.19,0.00027709
2020-08-11 16:00:00,11387.05,0.004844,21.2399,0.0018664,55.2,1.21e-05,0.13784,3.1886,0.00028014
2020-08-11 20:00:00,11392.08,0.004751,21.2902,0.0018693,54.1,1.201e-05,0.13685,3.2985,0.00028856
2020-08-12 00:00:00,11380.89,0.004721,20.9812,0.0018437,53.72,1.166e-05,0.13274,3.2802,0.00028886
2020-08-12 04:00:00,11446.91,0.004735,21.5426,0.0018811,54.22,1.159e-05,0.13274,3.3661,0.0002941
2020-08-12 08:00:00,11460.44,0.004754,21.6972,0.001893,54.49,1.167e-05,0.13391,3.6842,0.00032186
2020-08-12 12:00:00,11581.45,0.004723,21.8424,0.0018859,54.7,1.174e-05,0.13588,3.7678,0.00032607
2020-08-12 16:00:00,11568.98,0.004704,21.6955,0.0018748,54.42,1.153e-05,0.13346,3.6788,0.00031759
2020-08-12 20:00:00,11564.33,0.004718,21.4919,0.00186,54.52,1.183e-05,0.1367,3.7558,0.0003245
2020-08-13 00:00:00,11567.21,0.004723,21.5258,0.00186,54.64,1.199e-05,0.13871,3.7593,0.00032439
2020-08-13 04:00:00,11513.43,0.00468,21.2298,0.0018439,53.89,1.198e-05,0.13785,4.0785,0.00035473
2020-08-13 08:00:00,11552.11,0.004718,21.2092,0.0018364,54.51,1.188e-05,0.13715,3.87,0.00033544
2020-08-13 12:00:00,11499.78,0.004735,21.1604,0.0018404,54.45,1.184e-05,0.13626,3.8065,0.00033117
2020-08-13 16:00:00,11506.17,0.004694,21.3588,0.001857,54.02,1.179e-05,0.13556,3.8566,0.00033306
2020-08-13 20:00:00,11780.0,0.00485,21.7667,0.0018488,57.14,1.184e-05,0.13944,3.73,0.00031625
2020-08-14 00:00:00,11723.23,0.004793,21.4864,0.0018325,56.19,1.179e-05,0.13827,3.625,0.0003094
2020-08-14 04:00:00,11696.98,0.004804,21.4194,0.0018321,56.18,1.185e-05,0.13864,3.55,0.00030302
2020-08-14 08:00:00,11760.81,0.004806,22.6291,0.0019247,56.48,1.184e-05,0.13917,3.7173,0.00031554
2020-08-14 12:00:00,11740.35,0.00485,22.9873,0.001959,56.94,1.18e-05,0.13852,3.5788,0.00030431
2020-08-14 16:00:00,11801.94,0.00487,23.0164,0.001951,57.48,1.176e-05,0.13878,3.3792,0.00028646
2020-08-14 20:00:00,11760.54,0.004828,23.1047,0.0019644,56.78,1.176e-05,0.13826,3.4099,0.0002904
2020-08-15 00:00:00,11888.67,0.004854,23.0714,0.0019408,57.66,1.157e-05,0.1376,3.3289,0.00028032
2020-08-15 04:00:00,11891.32,0.004814,23.3322,0.0019624,57.25,1.165e-05,0.13842,3.5215,0.00029592
2020-08-15 08:00:00,11843.02,0.004839,23.2616,0.0019648,57.32,1.168e-05,0.13822,3.45,0.00029121
2020-08-15 12:00:00,11851.99,0.005021,23.3967,0.0019747,59.49,1.184e-05,0.14037,3.4324,0.0002907
2020-08-15 16:00:00,11837.11,0.005086,23.213,0.0019598,60.19,1.171e-05,0.13862,3.3684,0.00028495
2020-08-15 20:00:00,11852.4,0.00505,23.0881,0.0019488,59.85,1.168e-05,0.13837,3.173,0.00026777
2020-08-16 00:00:00,11928.99,0.005146,22.9228,0.0019204,61.52,1.159e-05,0.13819,3.1955,0.00026829
2020-08-16 04:00:00,11858.89,0.005194,23.3169,0.0019657,61.59,1.17e-05,0.13888,3.4401,0.00029015
2020-08-16 08:00:00,11750.65,0.005127,22.8726,0.0019469,60.24,1.164e-05,0.13677,3.4193,0.00029148
2020-08-16 12:00:00,11859.91,0.005216,23.2243,0.0019571,61.88,1.158e-05,0.13733,3.3872,0.00028704
2020-08-16 16:00:00,11818.3,0.005212,23.6079,0.0019983,61.58,1.159e-05,0.13703,3.4071,0.00028864
2020-08-16 20:00:00,11911.0,0.005365,23.529,0.0019752,63.87,1.165e-05,0.13882,3.3885,0.00028365
2020-08-17 00:00:00,11844.71,0.005355,23.2203,0.0019617,63.43,1.172e-05,0.13871,3.3502,0.00028326
2020-08-17 04:00:00,11807.21,0.005381,23.1446,0.0019605,63.52,1.171e-05,0.13825,3.2001,0.00027111
2020-08-17 08:00:00,11908.65,0.005414,23.1546,0.0019445,64.47,1.198e-05,0.14255,3.2891,0.00027612
2020-08-17 12:00:00,12421.55,0.005199,23.3573,0.0018807,64.59,1.133e-05,0.14082,3.1264,0.00025226
2020-08-17 16:00:00,12328.53,0.005466,23.6942,0.0019215,67.37,1.149e-05,0.14174,3.1541,0.000255
2020-08-17 20:00:00,12281.13,0.005472,23.4961,0.0019125,67.22,1.143e-05,0.14039,3.11,0.00025311
2020-08-18 00:00:00,12299.43,0.005447,23.4093,0.0019035,66.99,1.152e-05,0.14161,3.0328,0.00024572
2020-08-18 04:00:00,12260.77,0.005421,23.4608,0.0019138,66.47,1.144e-05,0.14013,2.99,0.0002442
2020-08-18 08:00:00,12170.43,0.005311,23.1096,0.0019001,64.61,1.128e-05,0.13725,3.0672,0.00025111
2020-08-18 12:00:00,11934.41,0.005462,22.8001,0.00191,65.2,1.14e-05,0.13594,3.3621,0.00028203
2020-08-18 16:00:00,11982.0,0.005547,23.1073,0.0019297,66.44,1.142e-05,0.13693,3.5289,0.00029421
2020-08-18 20:00:00,11945.01,0.005477,22.9705,0.001924,65.4,1.147e-05,0.13691,3.3407,0.00028013
2020-08-19 00:00:00,11837.11,0.005292,22.5431,0.0019046,62.7,1.113e-05,0.13172,3.1075,0.00026247
2020-08-19 04:00:00,11823.34,0.00537,22.62,0.0019131,63.52,1.127e-05,0.13321,3.0375,0.00025684
2020-08-19 08:00:00,11842.48,0.005328,22.5953,0.0019081,63.1,1.12e-05,0.13258,3.01,0.00025382
2020-08-19 12:00:00,11726.5,0.005259,22.4745,0.001917,61.68,1.121e-05,0.13137,3.008,0.00025644
2020-08-19 16:00:00,11649.84,0.005119,22.0117,0.0018894,59.62,1.103e-05,0.12849,2.9404,0.00025235
2020-08-19 20:00:00,11754.59,0.005282,22.3761,0.0019034,62.12,1.103e-05,0.12966,2.8868,0.00024662
2020-08-20 00:00:00,11699.79,0.005306,22.1866,0.0018963,62.09,1.099e-05,0.12844,2.9291,0.00025098
2020-08-20 04:00:00,11703.88,0.005256,22.1819,0.0018952,61.47,1.088e-05,0.12739,2.998,0.00025671
2020-08-20 08:00:00,11817.13,0.005288,22.4391,0.0018985,62.48,1.102e-05,0.13032,3.1508,0.00026718
2020-08-20 12:00:00,11854.35,0.00536,23.2739,0.0019635,63.53,1.12e-05,0.13269,3.3254,0.00028141
2020-08-20 16:00:00,11843.09,0.005279,23.0962,0.0019503,62.54,1.106e-05,0.13102,3.3261,0.00028069
2020-08-20 20:00:00,11853.55,0.005297,23.0888,0.0019473,62.8,1.132e-05,0.13413,3.2038,0.00027059
2020-08-21 00:00:00,11866.58,0.005366,23.135,0.0019482,63.67,1.121e-05,0.13297,3.16,0.00026617
2020-08-21 04:00:00,11838.07,0.005296,22.9584,0.0019404,62.72,1.116e-05,0.13206,3.0718,0.0002593
2020-08-21 08:00:00,11715.61,0.005217,22.475,0.0019175,61.12,1.099e-05,0.1287,3.0918,0.00026413
2020-08-21 12:00:00,11720.0,0.005194,22.48,0.0019175,60.86,1.099e-05,0.12873,3.0127,0.00025802
2020-08-21 16:00:00,11670.83,0.005195,22.3974,0.0019192,60.64,1.084e-05,0.12651,3.0483,0.00026117
2020-08-21 20:00:00,11531.34,0.005127,22.0988,0.0019154,59.2,1.067e-05,0.12315,2.9317,0.00025399
2020-08-22 00:00:00,11474.02,0.005166,21.9502,0.0019132,59.28,1.063e-05,0.12197,2.814,0.00024589
2020-08-22 04:00:00,11579.61,0.005159,22.0332,0.0019025,59.7,1.07e-05,0.12372,2.805,0.00024197
2020-08-22 08:00:00,11560.99,0.005127,21.8973,0.0018951,59.28,1.063e-05,0.12286,2.8599,0.00024782
2020-08-22 12:00:00,11583.1,0.005141,22.0397,0.001902,59.54,1.072e-05,0.12414,3.061,0.00026357
2020-08-22 16:00:00,11590.26,0.005135,21.8725,0.0018871,59.51,1.073e-05,0.1243,3.0536,0.00026442
2020-08-22 20:00:00,11662.96,0.005163,22.2044,0.001904,60.21,1.073e-05,0.12515,3.0126,0.00025867
2020-08-23 00:00:00,11599.18,0.005069,22.0031,0.001898,58.86,1.066e-05,0.12374,3.1121,0.00026852
2020-08-23 04:00:00,11616.46,0.005098,22.0014,0.0018935,59.21,1.051e-05,0.12209,3.0723,0.00026378
2020-08-23 08:00:00,11526.53,0.005041,21.5583,0.0018713,58.1,1.037e-05,0.11947,3.034,0.00026351
2020-08-23 12:00:00,11653.25,0.005126,21.81,0.0018716,59.75,1.056e-05,0.12292,3.1301,0.00026835
2020-08-23 16:00:00,11684.97,0.005239,21.9136,0.0018756,61.22,1.048e-05,0.12247,3.3917,0.0002906
2020-08-23 20:00:00,11648.13,0.005199,21.8555,0.0018764,60.55,1.043e-05,0.12141,3.25,0.00027932
2020-08-24 00:00:00,11684.4,0.005266,22.2111,0.0019002,61.51,1.055e-05,0.12315,3.285,0.00028094
2020-08-24 04:00:00,11758.58,0.005273,22.5167,0.0019144,62.02,1.067e-05,0.12537,3.4479,0.00029305
2020-08-24 08:00:00,11793.05,0.005287,22.7556,0.0019301,62.34,1.071e-05,0.12622,3.4632,0.00029363
2020-08-24 12:00:00,11764.03,0.005305,22.5415,0.0019162,62.42,1.057e-05,0.1244,3.4696,0.000295
2020-08-24 16:00:00,11748.39,0.0053,22.4809,0.0019138,62.24,1.064e-05,0.12492,3.2812,0.00027937
2020-08-24 20:00:00,11748.2,0.005281,22.5953,0.0019234,62.02,1.052e-05,0.12361,3.3405,0.00028414
2020-08-25 00:00:00,11669.58,0.005227,22.2421,0.0019059,60.98,1.047e-05,0.12223,3.1503,0.00027014
2020-08-25 04:00:00,11586.41,0.00524,22.1355,0.0019102,60.68,1.049e-05,0.12154,3.1508,0.00027063
2020-08-25 08:00:00,11614.44,0.005245,22.4005,0.0019293,60.95,1.045e-05,0.12131,3.18,0.000273
2020-08-25 12:00:00,11419.41,0.005172,21.6949,0.0019001,59.05,1.02e-05,0.11643,3.11,0.00027234
2020-08-25 16:00:00,11294.0,0.005139,21.279,0.0018831,58.06,9.85e-06,0.11126,3.12,0.00027605
2020-08-25 20:00:00,11318.42,0.005154,21.3882,0.0018894,58.34,9.93e-06,0.11239,3.25,0.00028744
2020-08-26 00:00:00,11365.23,0.005103,21.9364,0.001931,58.01,9.97e-06,0.11321,3.378,0.00029704
2020-08-26 04:00:00,11348.06,0.005067,22.0317,0.001942,57.5,9.9e-06,0.11228,3.443,0.00030341
2020-08-26 08:00:00,11378.58,0.00509,22.222,0.0019517,57.89,9.96e-06,0.11336,3.605,0.00031673
2020-08-26 12:00:00,11475.92,0.005128,22.3001,0.0019433,58.86,1.01e-05,0.11579,3.6567,0.00031795
2020-08-26 16:00:00,11460.05,0.005096,22.3841,0.0019529,58.42,1.018e-05,0.11663,3.627,0.00031689
2020-08-26 20:00:00,11461.43,0.00507,22.1999,0.0019382,58.1,9.98e-06,0.11435,3.5684,0.00031025
2020-08-27 00:00:00,11384.6,0.005081,22.292,0.0019567,57.86,9.95e-06,0.11323,3.5037,0.00030659
2020-08-27 04:00:00,11406.17,0.00511,22.3545,0.0019599,58.26,9.86e-06,0.11246,3.697,0.00032464
2020-08-27 08:00:00,11310.01,0.005062,22.4429,0.0019843,57.25,9.42e-06,0.1065,3.4078,0.0003011
2020-08-27 12:00:00,11323.22,0.004982,22.5546,0.0019918,56.43,9.52e-06,0.10786,3.4623,0.00030592
2020-08-27 16:00:00,11244.09,0.004918,22.2215,0.0019754,55.26,9.44e-06,0.10607,3.3735,0.00029999
2020-08-27 20:00:00,11330.38,0.004951,23.1127,0.0020401,56.1,9.47e-06,0.10725,3.4501,0.00030451
2020-08-28 00:00:00,11380.08,0.004972,23.365,0.0020523,56.57,9.58e-06,0.109,3.7605,0.00033087
2020-08-28 04:00:00,11379.63,0.004974,22.9276,0.0020148,56.61,9.49e-06,0.10805,3.67,0.00032163
2020-08-28 08:00:00,11471.99,0.005027,22.813,0.0019888,57.67,9.57e-06,0.1098,3.9479,0.0003437
2020-08-28 12:00:00,11529.63,0.005039,22.9678,0.0019929,58.1,9.64e-06,0.11109,3.8769,0.00033597
2020-08-28 16:00:00,11498.13,0.004955,22.9166,0.001993,56.97,9.51e-06,0.10945,4.1871,0.000364
2020-08-28 20:00:00,11526.91,0.004979,23.0811,0.0020017,57.38,9.49e-06,0.10927,4.0063,0.00034775
2020-08-29 00:00:00,11501.61,0.005002,22.9773,0.0019976,57.48,9.5e-06,0.10932,3.9382,0.00034241
2020-08-29 04:00:00,11558.28,0.005022,23.3319,0.0020191,58.03,9.72e-06,0.11235,3.794,0.00032842
2020-08-29 08:00:00,11447.38,0.004997,23.1232,0.0020193,57.2,9.8e-06,0.11221,3.8989,0.00034099
2020-08-29 12:00:00,11500.99,0.005023,23.1848,0.0020159,57.76,9.88e-06,0.11363,4.0502,0.0003518
2020-08-29 16:00:00,11522.11,0.004996,23.2917,0.0020208,57.58,9.96e-06,0.11478,3.97,0.00034447
2020-08-29 20:00:00,11465.84,0.004967,22.9398,0.0020012,56.97,1.014e-05,0.11623,3.9535,0.00034504
2020-08-30 00:00:00,11612.72,0.005058,23.1196,0.0019913,58.77,1.013e-05,0.11767,4.0227,0.0003459
2020-08-30 04:00:00,11592.91,0.005028,23.0806,0.0019914,58.27,9.9e-06,0.11474,4.31,0.00037198
2020-08-30 08:00:00,11603.09,0.005037,23.1168,0.0019921,58.46,9.93e-06,0.11529,4.5585,0.00039255
2020-08-30 12:00:00,11616.2,0.005273,23.3384,0.0020093,61.26,9.89e-06,0.11497,4.4275,0.00038021
2020-08-30 16:00:00,11642.59,0.005338,23.7247,0.0020372,62.16,9.99e-06,0.11623,4.53,0.0003895
2020-08-30 20:00:00,11711.16,0.00537,23.6208,0.0020175,62.89,1.002e-05,0.11747,4.4309,0.0003774
2020-08-31 00:00:00,11679.09,0.005337,23.5343,0.0020152,62.3,9.96e-06,0.11643,4.339,0.00037186
2020-08-31 04:00:00,11618.65,0.005272,23.222,0.0019984,61.26,9.78e-06,0.11376,4.1058,0.00035302
2020-08-31 08:00:00,11680.58,0.005374,23.3503,0.0019995,62.76,9.89e-06,0.11559,4.2768,0.0003662
2020-08-31 12:00:00,11742.16,0.005242,23.1699,0.0019733,61.56,9.86e-06,0.11587,4.3641,0.00037176
2020-08-31 16:00:00,11725.0,0.005232,23.3289,0.0019892,61.33,1.074e-05,0.12589,4.7997,0.00040908
2020-08-31 20:00:00,11649.51,0.00523,23.1477,0.0019875,60.92,1.052e-05,0.12253,4.7435,0.00040702
2020-09-01 00:00:00,11691.49,0.005278,23.1598,0.0019811,61.71,1.056e-05,0.12338,4.7564,0.00040667
2020-09-01 04:00:00,11923.74,0.005284,23.3278,0.001958,63.01,1.052e-05,0.12532,4.69,0.00039288
2020-09-01 08:00:00,11868.99,0.005251,23.0576,0.0019432,62.32,1.028e-05,0.12198,4.5225,0.00038107
2020-09-01 12:00:00,12039.33,0.005277,23.5283,0.001954,63.53,1.01e-05,0.12164,4.4575,0.00036968
2020-09-01 16:00:00,11957.41,0.005293,24.85,0.0020788,63.29,1.038e-05,0.12413,4.5959,0.00038482
2020-09-01 20:00:00,11921.97,0.005259,24.7028,0.002073,62.69,1.044e-05,0.12445,4.3397,0.00036304
2020-09-02 00:00:00,11835.01,0.005267,25.1574,0.002126,62.36,1.04e-05,0.12306,4.3492,0.00036585
2020-09-02 04:00:00,11722.84,0.005269,24.9729,0.0021295,61.78,1.036e-05,0.12149,4.2366,0.00036145
2020-09-02 08:00:00,11406.02,0.005138,24.1624,0.0021188,58.59,1.009e-05,0.1151,4.0717,0.00035725
2020-09-02 12:00:00,11329.67,0.00509,24.6409,0.0021741,57.65,9.99e-06,0.11309,4.0811,0.00036131
2020-09-02 16:00:00,11389.21,0.005088,24.4912,0.00215,57.96,1.014e-05,0.11555,4.0782,0.00035881
2020-09-02 20:00:00,11388.54,0.005098,24.7652,0.0021701,58.06,1.009e-05,0.11489,4.17,0.000366
2020-09-03 00:00:00,11350.56,0.005062,25.1099,0.0022107,57.48,1.003e-05,0.1138,3.8978,0.00034274
2020-09-03 04:00:00,11400.84,0.005055,24.7942,0.0021746,57.61,9.97e-06,0.11373,4.3796,0.000384
2020-09-03 08:00:00,11208.02,0.005003,23.8654,0.0021289,56.05,9.86e-06,0.11045,4.1181,0.00036746
2020-09-03 12:00:00,10670.28,0.005006,22.301,0.0020904,53.38,9.74e-06,0.1039,3.8026,0.0003532
2020-09-03 16:00:00,10682.69,0.004991,22.2534,0.0020826,53.3,9.84e-06,0.10509,3.8521,0.00036101
2020-09-03 20:00:00,10140.85,0.004663,20.3592,0.0020095,47.28,9.32e-06,0.09446,3.5051,0.00034408
2020-09-04 00:00:00,10265.42,0.004692,20.5879,0.0020061,48.21,9.36e-06,0.09614,3.6169,0.00035345
2020-09-04 04:00:00,10295.59,0.004741,20.3055,0.0019721,48.83,9.4e-06,0.09685,3.5284,0.00034333
2020-09-04 08:00:00,10422.17,0.004904,21.3937,0.0020512,51.12,9.72e-06,0.10132,3.5727,0.00034243
2020-09-04 12:00:00,10424.67,0.004722,20.5237,0.0019722,49.2,9.43e-06,0.09833,3.3369,0.00032092
2020-09-04 16:00:00,10570.13,0.004786,21.2734,0.0020141,50.57,9.53e-06,0.10078,3.5249,0.00033358
2020-09-04 20:00:00,10446.25,0.004818,20.9712,0.0020118,50.32,9.73e-06,0.10156,3.5301,0.00033838
2020-09-05 00:00:00,10408.46,0.004805,20.9629,0.0020147,50.02,9.69e-06,0.1008,3.553,0.0003419
2020-09-05 04:00:00,10406.77,0.004768,20.617,0.0019814,49.63,9.57e-06,0.09959,3.3853,0.00032549
2020-09-05 08:00:00,10225.66,0.004757,19.5692,0.0019165,48.67,9.36e-06,0.09577,2.4784,0.00024251
2020-09-05 12:00:00,10273.89,0.0048,19.6593,0.0019139,49.33,9.33e-06,0.09583,2.65,0.00025821
2020-09-05 16:00:00,9956.66,0.00469,18.2686,0.0018345,46.72,8.84e-06,0.08789,2.3455,0.00023527
2020-09-05 20:00:00,10166.69,0.004705,19.4698,0.001917,47.83,8.85e-06,0.09,2.6052,0.00025711
2020-09-06 00:00:00,10163.72,0.004651,19.0662,0.0018759,47.26,8.6e-06,0.08737,2.3044,0.00022695
2020-09-06 04:00:00,10230.37,0.004725,19.9867,0.0019525,48.33,8.82e-06,0.09018,2.788,0.000273
2020-09-06 08:00:00,10266.32,0.004765,22.2782,0.0021704,48.92,9.13e-06,0.09382,2.9485,0.00028727
2020-09-06 12:00:00,10173.37,0.00469,22.5926,0.0022192,47.72,9.05e-06,0.09212,2.8906,0.00028425
2020-09-06 16:00:00,10258.3,0.004721,23.1791,0.0022594,48.42,9.15e-06,0.09385,2.9615,0.00028771
2020-09-06 20:00:00,10256.2,0.004673,23.142,0.0022592,47.92,9.04e-06,0.0926,3.0941,0.00030109
2020-09-07 00:00:00,10204.1,0.004682,22.3377,0.0021877,47.76,9e-06,0.09187,2.9213,0.00028715
2020-09-07 04:00:00,10113.56,0.00468,22.0203,0.0021785,47.32,8.86e-06,0.08956,2.8097,0.00027738
2020-09-07 08:00:00,10026.46,0.00461,21.4351,0.0021395,46.22,8.78e-06,0.08795,2.53,0.00025352
2020-09-07 12:00:00,10144.01,0.004752,21.8211,0.0021506,48.19,8.92e-06,0.09045,2.6955,0.0002649
2020-09-07 16:00:00,10148.47,0.004697,21.5738,0.0021251,47.68,8.91e-06,0.09038,2.7,0.00026659
2020-09-07 20:00:00,10373.44,0.004706,22.4426,0.0021641,48.84,9.02e-06,0.0936,2.9237,0.00028269
2020-09-08 00:00:00,10302.81,0.004715,22.4594,0.0021793,48.58,9.06e-06,0.09325,2.76,0.00026772
2020-09-08 04:00:00,10264.5,0.004729,22.5888,0.0022009,48.54,9.28e-06,0.0952,2.6606,0.00025983
2020-09-08 08:00:00,9982.99,0.004719,21.4936,0.0021534,47.12,9.06e-06,0.09038,2.4782,0.00024737
2020-09-08 12:00:00,10098.58,0.004701,23.1856,0.0022954,47.46,9.05e-06,0.09133,2.5109,0.00024892
2020-09-08 16:00:00,9991.21,0.004678,22.3192,0.0022343,46.73,8.97e-06,0.08958,2.447,0.00024529
2020-09-08 20:00:00,10126.65,0.004687,23.2837,0.0022978,47.47,9e-06,0.09101,2.468,0.00024351
2020-09-09 00:00:00,10026.68,0.004677,22.9686,0.0022898,46.92,8.99e-06,0.09017,2.4056,0.00024029
2020-09-09 04:00:00,10190.0,0.004687,23.9291,0.0023469,47.74,8.99e-06,0.09167,2.57,0.000252
2020-09-09 08:00:00,10221.37,0.00468,23.6386,0.002312,47.82,9.07e-06,0.09262,2.7006,0.00026503
2020-09-09 12:00:00,10246.11,0.00468,23.5698,0.0023,47.95,9.18e-06,0.09399,3.4599,0.00033723
2020-09-09 16:00:00,10276.77,0.004712,23.9729,0.0023324,48.41,9.18e-06,0.09447,3.4396,0.000334
2020-09-09 20:00:00,10219.2,0.004679,24.4716,0.0023971,47.82,9.13e-06,0.09331,3.6001,0.0003533
2020-09-10 00:00:00,10371.23,0.004731,24.3269,0.0023454,49.1,9.25e-06,0.09588,3.55,0.00034156
2020-09-10 04:00:00,10275.29,0.004709,24.2554,0.0023609,48.39,9.24e-06,0.09499,3.4001,0.00033079
2020-09-10 08:00:00,10292.62,0.004715,25.0772,0.0024372,48.5,9.34e-06,0.09621,3.5488,0.0003451
2020-09-10 12:00:00,10414.16,0.004691,25.1213,0.0024088,48.85,9.46e-06,0.0986,3.5358,0.00033895
2020-09-10 16:00:00,10270.01,0.004703,24.4417,0.0023805,48.3,9.53e-06,0.09784,3.3998,0.00033075
2020-09-10 20:00:00,10336.87,0.004708,24.5489,0.0023751,48.67,9.4e-06,0.09709,3.4761,0.00033644
2020-09-11 00:00:00,10220.76,0.004656,23.1324,0.0022631,47.57,9.24e-06,0.09442,3.0851,0.0003014
2020-09-11 04:00:00,10260.75,0.004689,23.7781,0.002318,48.1,9.28e-06,0.09541,3.181,0.00030999
2020-09-11 08:00:00,10252.6,0.004701,23.34,0.0022779,48.23,9.13e-06,0.09363,3.1152,0.00030377
2020-09-11 12:00:00,10318.76,0.004704,24.2628,0.0023515,48.55,9.27e-06,0.09566,3.2556,0.00031502
2020-09-11 16:00:00,10323.2,0.00471,24.7874,0.0024013,48.62,9.35e-06,0.09657,3.3082,0.00032101
2020-09-11 20:00:00,10387.89,0.004713,25.399,0.0024458,48.96,9.33e-06,0.09701,3.3965,0.00032731
2020-09-12 00:00:00,10342.33,0.00472,26.5972,0.0025725,48.84,9.45e-06,0.09774,3.3274,0.0003222
2020-09-12 04:00:00,10343.98,0.00472,26.6568,0.0025774,48.83,9.32e-06,0.09653,3.244,0.00031395
2020-09-12 08:00:00,10341.59,0.004717,27.6406,0.0026739,48.8,9.28e-06,0.09596,3.322,0.00032117
2020-09-12 12:00:00,10359.99,0.004712,27.5058,0.0026563,48.82,9.28e-06,0.09624,3.2672,0.0003153
2020-09-12 16:00:00,10461.39,0.004881,27.655,0.0026449,51.06,9.35e-06,0.09787,3.4579,0.00033045
2020-09-12 20:00:00,10440.92,0.004865,28.505,0.0027298,50.8,9.36e-06,0.09771,3.3316,0.00031948
2020-09-13 00:00:00,10556.26,0.004822,31.3748,0.0029717,50.88,9.36e-06,0.0988,3.2951,0.00031177
2020-09-13 04:00:00,10542.27,0.004811,31.243,0.0029636,50.72,9.39e-06,0.09898,3.3108,0.00031376
2020-09-13 08:00:00,10324.89,0.004767,29.1989,0.0028258,49.25,9.22e-06,0.09519,3.1669,0.00030652
2020-09-13 12:00:00,10280.14,0.004665,29.7802,0.0028988,47.97,9.11e-06,0.0936,3.08,0.00029875
2020-09-13 16:00:00,10309.05,0.004641,30.3749,0.0029461,47.85,9.16e-06,0.09446,3.1619,0.00030754
2020-09-13 20:00:00,10332.83,0.004662,31.1656,0.0030149,48.15,9.2e-06,0.09507,3.2603,0.00031576
2020-09-14 00:00:00,10348.14,0.004633,30.0174,0.0028995,47.95,9.18e-06,0.09504,3.1463,0.00030414
2020-09-14 04:00:00,10399.32,0.004616,30.271,0.0029106,48.01,9.19e-06,0.09559,3.3711,0.00032389
2020-09-14 08:00:00,10469.82,0.004608,32.7131,0.0031249,48.26,9.13e-06,0.09567,3.376,0.00032276
2020-09-14 12:00:00,10698.03,0.004632,33.2652,0.0031071,49.57,9.1e-06,0.09737,3.3839,0.00031578
2020-09-14 16:00:00,10665.0,0.004581,30.7904,0.0028884,48.86,8.98e-06,0.09588,3.2958,0.00030927
2020-09-14 20:00:00,10671.77,0.004598,31.2523,0.00293,49.08,9.05e-06,0.09663,3.2641,0.0003058
2020-09-15 00:00:00,10755.13,0.004611,29.1761,0.0027117,49.6,9.04e-06,0.0973,3.2528,0.00030237
2020-09-15 04:00:00,10741.37,0.004629,28.3928,0.0026446,49.72,8.93e-06,0.09583,3.1861,0.00029651
2020-09-15 08:00:00,10821.15,0.0046,29.0659,0.0026856,49.78,8.92e-06,0.09658,3.2435,0.00029906
2020-09-15 12:00:00,10784.46,0.004537,28.2396,0.0026191,48.94,8.75e-06,0.09449,3.0847,0.00028579
2020-09-15 16:00:00,10783.36,0.004524,27.6433,0.0025637,48.79,8.72e-06,0.09398,3.0442,0.00028269
2020-09-15 20:00:00,10785.31,0.004479,27.1181,0.002513,48.31,8.64e-06,0.09313,2.9295,0.00027199
2020-09-16 00:00:00,10779.41,0.004451,26.7135,0.002478,48.0,8.46e-06,0.09111,2.6918,0.00024878
2020-09-16 04:00:00,10915.49,0.004433,27.2833,0.0025009,48.39,8.5e-06,0.0928,2.744,0.00025102
2020-09-16 08:00:00,10898.99,0.004403,27.0304,0.0024805,48.0,8.32e-06,0.09077,2.5883,0.00023715
2020-09-16 12:00:00,11004.99,0.004409,27.9002,0.0025342,48.5,8.27e-06,0.09097,2.5405,0.00023055
2020-09-16 16:00:00,10982.2,0.004379,27.6587,0.002519,48.13,8.34e-06,0.09168,2.531,0.00023027
2020-09-16 20:00:00,10954.01,0.004358,27.8695,0.0025434,47.76,8.36e-06,0.09151,2.5327,0.00023145
2020-09-17 00:00:00,10872.09,0.004439,27.6697,0.0025439,48.26,8.44e-06,0.09177,2.4835,0.00022842
2020-09-17 04:00:00,10882.39,0.004433,26.9712,0.0024794,48.24,8.51e-06,0.09264,2.53,0.00023268
2020-09-17 08:00:00,10877.65,0.004467,26.8045,0.0024632,48.6,8.47e-06,0.09208,2.5449,0.00023357
2020-09-17 12:00:00,10838.31,0.004465,26.481,0.0024437,48.41,8.52e-06,0.09233,2.6053,0.00024022
2020-09-17 16:00:00,10916.63,0.004476,26.7607,0.00245,48.87,8.59e-06,0.0938,2.769,0.00025421
2020-09-17 20:00:00,10939.99,0.004466,27.095,0.002477,48.85,8.6e-06,0.09408,2.8829,0.0002635
2020-09-18 00:00:00,10924.36,0.004454,27.8256,0.0025471,48.64,8.54e-06,0.0933,2.8811,0.00026378
2020-09-18 04:00:00,10954.14,0.004427,27.6165,0.0025224,48.48,8.52e-06,0.09327,2.955,0.00026977
2020-09-18 08:00:00,10977.26,0.004444,28.1747,0.002567,48.79,8.44e-06,0.09262,3.0647,0.00027908
2020-09-18 12:00:00,10899.37,0.004423,27.506,0.0025241,48.2,8.4e-06,0.09157,2.9044,0.00026724
2020-09-18 16:00:00,10866.55,0.004414,27.3,0.0025131,47.98,8.36e-06,0.09081,3.1406,0.0002881
2020-09-18 20:00:00,10933.39,0.004437,27.629,0.0025292,48.54,8.32e-06,0.09093,3.1144,0.00028471
2020-09-19 00:00:00,10976.0,0.0044,27.3049,0.002488,48.29,8.32e-06,0.0912,3.116,0.00028387
2020-09-19 04:00:00,10900.29,0.004409,26.7583,0.0024547,48.06,8.33e-06,0.09086,3.0801,0.00028275
2020-09-19 08:00:00,11140.0,0.004386,27.4343,0.0024645,48.85,8.34e-06,0.0929,3.0454,0.00027297
2020-09-19 12:00:00,11090.56,0.004392,27.3494,0.0024656,48.75,8.32e-06,0.09238,3.0122,0.00027174
2020-09-19 16:00:00,11054.2,0.004376,27.1541,0.0024572,48.37,8.34e-06,0.0921,3.013,0.00027325
2020-09-19 20:00:00,11080.65,0.004378,27.2035,0.0024538,48.52,8.25e-06,0.09141,3.031,0.000273
2020-09-20 00:00:00,10948.81,0.004393,26.9581,0.0024627,48.12,8.33e-06,0.09131,2.9213,0.00026648
2020-09-20 04:00:00,10962.61,0.004389,27.1531,0.0024769,48.14,8.37e-06,0.09172,2.9578,0.00027041
2020-09-20 08:00:00,10951.17,0.00439,27.0778,0.0024726,48.07,8.38e-06,0.09177,2.9621,0.0002707
2020-09-20 12:00:00,10834.58,0.004309,26.2537,0.0024232,46.69,8.25e-06,0.08947,2.8115,0.00025983
2020-09-20 16:00:00,10871.03,0.004321,25.987,0.0023909,46.97,8.2e-06,0.08912,2.7875,0.00025681
2020-09-20 20:00:00,10920.28,0.004312,26.316,0.0024115,47.09,8.18e-06,0.08936,2.8628,0.00026233
2020-09-21 00:00:00,10962.76,0.004297,26.4888,0.0024171,47.12,8.17e-06,0.08962,2.9935,0.00027364
2020-09-21 04:00:00,10902.58,0.004309,25.8756,0.0023725,46.99,8.12e-06,0.08843,2.73,0.00025052
2020-09-21 08:00:00,10636.47,0.004229,24.0583,0.0022621,44.96,7.71e-06,0.08193,2.6194,0.00024613
2020-09-21 12:00:00,10418.76,0.00414,23.3144,0.0022379,43.13,7.62e-06,0.07942,2.6832,0.00025859
2020-09-21 16:00:00,10498.55,0.00414,23.5251,0.0022422,43.46,7.68e-06,0.08052,2.8336,0.00026986
2020-09-21 20:00:00,10417.22,0.004143,23.1232,0.0022193,43.16,7.66e-06,0.07983,2.7672,0.00026557
2020-09-22 00:00:00,10449.95,0.004162,23.4542,0.0022447,43.48,7.74e-06,0.08083,2.892,0.00027797
2020-09-22 04:00:00,10372.9,0.004152,22.9993,0.0022159,43.07,7.67e-06,0.07962,2.6728,0.00025751
2020-09-22 08:00:00,10452.26,0.004175,23.925,0.0022893,43.6,7.78e-06,0.08134,2.8184,0.00027
2020-09-22 12:00:00,10451.07,0.004207,23.9498,0.0022927,43.96,7.86e-06,0.08215,2.8983,0.0002767
2020-09-22 16:00:00,10491.97,0.004187,23.9883,0.0022857,43.93,7.82e-06,0.0821,2.9538,0.0002817
2020-09-22 20:00:00,10529.61,0.004222,24.0468,0.002284,44.47,7.73e-06,0.08146,2.9082,0.00027666
2020-09-23 00:00:00,10476.01,0.004225,24.115,0.0023026,44.25,7.79e-06,0.08166,2.8404,0.00027181
2020-09-23 04:00:00,10428.64,0.004244,23.5296,0.0022549,44.27,7.7e-06,0.08028,2.7678,0.00026587
2020-09-23 08:00:00,10474.45,0.004262,23.7895,0.0022725,44.64,7.72e-06,0.08086,2.9251,0.00027934
2020-09-23 12:00:00,10453.2,0.004247,23.773,0.0022737,44.4,7.73e-06,0.0808,2.9142,0.00027867
2020-09-23 16:00:00,10293.0,0.004207,23.1988,0.0022529,43.32,7.61e-06,0.07825,2.79,0.00027071
2020-09-23 20:00:00,10241.46,0.004198,22.8331,0.002229,42.96,7.48e-06,0.07663,2.8548,0.00027825
2020-09-24 00:00:00,10301.75,0.004226,23.1994,0.0022524,43.53,7.54e-06,0.0777,2.9561,0.00028688
2020-09-24 04:00:00,10341.68,0.004243,23.818,0.0023017,43.88,7.59e-06,0.07849,3.0402,0.00029377
2020-09-24 08:00:00,10410.01,0.00424,23.78,0.0022851,44.14,7.62e-06,0.07932,3.0101,0.00028872
2020-09-24 12:00:00,10545.36,0.004241,24.0299,0.0022778,44.71,7.66e-06,0.08087,3.0284,0.000287
2020-09-24 16:00:00,10653.82,0.004215,24.23,0.0022739,44.91,7.71e-06,0.08214,3.1641,0.00029727
2020-09-24 20:00:00,10736.32,0.004184,24.5745,0.0022895,44.92,7.69e-06,0.08254,3.1433,0.00029247
2020-09-25 00:00:00,10667.47,0.004166,24.5181,0.0022984,44.48,8.05e-06,0.08581,3.0102,0.00028217
2020-09-25 04:00:00,10686.94,0.004179,24.5694,0.002299,44.69,8.24e-06,0.08796,3.0077,0.00028049
2020-09-25 08:00:00,10630.0,0.00434,24.2299,0.0022802,46.13,8.81e-06,0.09365,3.03,0.00028487
2020-09-25 12:00:00,10647.61,0.004329,24.45,0.0022958,46.1,9.03e-06,0.09625,3.1337,0.00029381
2020-09-25 16:00:00,10718.31,0.004315,24.7083,0.0023063,46.29,9.08e-06,0.09728,3.2203,0.0003002
2020-09-25 20:00:00,10686.67,0.004305,24.6924,0.0023095,46.02,9.07e-06,0.09693,3.1937,0.00029859
2020-09-26 00:00:00,10704.86,0.004293,24.6198,0.0022994,45.96,8.9e-06,0.09531,3.1195,0.00029164
2020-09-26 04:00:00,10705.84,0.004247,24.7992,0.0023169,45.47,8.86e-06,0.09488,3.1318,0.00029266
2020-09-26 08:00:00,10709.94,0.004273,25.4805,0.002378,45.74,8.84e-06,0.0946,3.1494,0.00029356
2020-09-26 12:00:00,10721.0,0.004276,25.4468,0.0023729,45.81,8.77e-06,0.09409,3.137,0.00029228
2020-09-26 16:00:00,10718.55,0.004298,25.791,0.0024055,46.09,8.75e-06,0.09386,3.0621,0.00028566
2020-09-26 20:00:00,10728.6,0.004288,26.1998,0.002442,46.03,8.89e-06,0.09547,3.1287,0.0002919
2020-09-27 00:00:00,10781.2,0.004285,26.4877,0.0024575,46.2,9.1e-06,0.09815,3.135,0.00029069
2020-09-27 04:00:00,10671.28,0.004274,26.3441,0.0024682,45.62,9.05e-06,0.09655,3.0659,0.0002872
2020-09-27 08:00:00,10623.5,0.004248,26.0612,0.0024539,45.11,8.94e-06,0.09502,3.0632,0.00028759
2020-09-27 12:00:00,10754.82,0.004273,26.3,0.002447,45.97,9.2e-06,0.09907,3.1357,0.00029121
2020-09-27 16:00:00,10732.0,0.004284,26.0905,0.0024311,45.97,9.38e-06,0.10079,3.1222,0.00029089
2020-09-27 20:00:00,10774.25,0.004274,26.251,0.0024344,46.05,9.39e-06,0.1013,3.1578,0.00029335
2020-09-28 00:00:00,10885.14,0.00429,26.45,0.0024311,46.69,9.6e-06,0.10451,3.1055,0.00028516
2020-09-28 04:00:00,10854.0,0.004259,25.903,0.0023867,46.23,9.64e-06,0.10465,3.0642,0.0002824
2020-09-28 08:00:00,10877.91,0.004263,26.5492,0.0024429,46.35,9.5e-06,0.10332,3.0358,0.00027938
2020-09-28 12:00:00,10901.9,0.004265,27.277,0.0025024,46.5,9.51e-06,0.10375,3.072,0.00028253
2020-09-28 16:00:00,10869.0,0.004254,27.5077,0.0025307,46.24,9.54e-06,0.10365,3.0074,0.00027648
2020-09-28 20:00:00,10696.12,0.004228,26.9855,0.002524,45.23,9.38e-06,0.1003,2.9599,0.00027593
2020-09-29 00:00:00,10689.94,0.004254,27.0202,0.0025292,45.5,9.46e-06,0.10108,2.9412,0.00027511
2020-09-29 04:00:00,10726.99,0.004249,27.8008,0.0025918,45.55,9.6e-06,0.10299,2.9866,0.00027835
2020-09-29 08:00:00,10758.92,0.004232,28.65,0.002662,45.5,9.5e-06,0.10227,2.9909,0.00027788
2020-09-29 12:00:00,10725.94,0.004217,28.2303,0.0026303,45.24,9.35e-06,0.10019,2.984,0.00027853
2020-09-29 16:00:00,10737.49,0.004222,28.4521,0.0026492,45.36,9.22e-06,0.09896,2.8939,0.00026955
2020-09-29 20:00:00,10840.48,0.004217,28.8946,0.0026658,45.69,9.33e-06,0.1011,2.9505,0.00027199
2020-09-30 00:00:00,10742.08,0.004235,28.3816,0.0026414,45.5,9.15e-06,0.09836,2.9533,0.00027473
2020-09-30 04:00:00,10706.68,0.004285,28.4471,0.0026555,45.88,9.07e-06,0.09713,2.9172,0.00027275
2020-09-30 08:00:00,10681.0,0.004276,28.0517,0.0026255,45.69,9.13e-06,0.09752,2.8504,0.00026697
2020-09-30 12:00:00,10777.39,0.004288,29.1716,0.0027056,46.21,9.4e-06,0.10126,2.8923,0.00026826
2020-09-30 16:00:00,10706.48,0.004286,28.896,0.0026975,45.9,9.27e-06,0.09926,2.8498,0.00026533
2020-09-30 20:00:00,10776.59,0.004292,29.2656,0.0027166,46.24,9.4e-06,0.10136,2.8967,0.00026872
2020-10-01 00:00:00,10798.18,0.004305,28.929,0.0026793,46.49,9.53e-06,0.10288,2.9191,0.00027061
2020-10-01 04:00:00,10824.75,0.004308,28.9729,0.0026775,46.62,9.58e-06,0.10361,2.9679,0.0002743
2020-10-01 08:00:00,10903.16,0.004396,29.0598,0.0026665,47.92,9.42e-06,0.10267,2.9516,0.00027118
2020-10-01 12:00:00,10716.23,0.004421,27.752,0.0025881,47.38,9.25e-06,0.09914,2.85,0.00026611
2020-10-01 16:00:00,10617.74,0.004371,27.3906,0.0025808,46.41,9.25e-06,0.0982,2.7617,0.00026046
2020-10-01 20:00:00,10619.13,0.004356,27.4673,0.0025869,46.25,9.23e-06,0.09804,2.8669,0.00026971
2020-10-02 00:00:00,10649.06,0.004378,28.0018,0.0026303,46.59,9.4e-06,0.10015,2.8665,0.00026925
2020-10-02 04:00:00,10490.88,0.004321,27.0076,0.0025768,45.36,9.04e-06,0.09479,2.6666,0.00025412
2020-10-02 08:00:00,10436.63,0.004248,26.12,0.0025025,44.34,8.66e-06,0.09048,2.4724,0.00023717
2020-10-02 12:00:00,10512.74,0.004259,26.8893,0.0025575,44.79,8.79e-06,0.09245,2.6123,0.00024833
2020-10-02 16:00:00,10515.04,0.004254,26.9816,0.002565,44.73,8.82e-06,0.09277,2.6079,0.00024801
2020-10-02 20:00:00,10570.4,0.004248,27.3369,0.0025883,44.88,8.79e-06,0.09286,2.6232,0.00024833
2020-10-03 00:00:00,10552.24,0.004301,27.3423,0.002591,45.38,8.97e-06,0.09467,2.6338,0.00024951
2020-10-03 04:00:00,10527.75,0.004299,27.6679,0.0026278,45.26,8.88e-06,0.09359,2.6359,0.00025044
2020-10-03 08:00:00,10536.65,0.004316,27.5715,0.0026173,45.48,8.96e-06,0.09441,2.6633,0.00025264
2020-10-03 12:00:00,10541.98,0.004343,28.1429,0.002668,45.8,8.96e-06,0.09436,2.635,0.00024946
2020-10-03 16:00:00,10582.62,0.004336,28.0522,0.0026507,45.89,8.92e-06,0.09445,2.6566,0.00025084
2020-10-03 20:00:00,10542.06,0.004318,28.1867,0.0026748,45.51,8.85e-06,0.09328,2.5439,0.00024135
2020-10-04 00:00:00,10545.49,0.004311,28.2928,0.0026834,45.47,8.78e-06,0.09255,2.5,0.00023717
2020-10-04 04:00:00,10612.83,0.004334,28.5404,0.0026899,46.0,8.85e-06,0.09383,2.5539,0.00024043
2020-10-04 08:00:00,10600.75,0.00432,28.662,0.002703,45.83,8.88e-06,0.09408,2.5377,0.0002391
2020-10-04 12:00:00,10591.45,0.004331,28.937,0.00273,45.87,8.93e-06,0.09457,2.4551,0.00023233
2020-10-04 16:00:00,10673.26,0.004386,28.9378,0.0027127,46.81,9.14e-06,0.09759,2.4781,0.00023175
2020-10-04 20:00:00,10666.63,0.004379,28.9668,0.0027166,46.69,9.08e-06,0.09686,2.5202,0.00023626
2020-10-05 00:00:00,10665.88,0.004338,29.1962,0.0027369,46.25,9.21e-06,0.09824,2.5167,0.00023589
2020-10-05 04:00:00,10686.31,0.004341,28.8184,0.0026954,46.38,9.17e-06,0.09791,2.4901,0.00023307
2020-10-05 08:00:00,10666.53,0.004325,28.219,0.0026476,46.13,9.03e-06,0.09636,2.5282,0.0002371
2020-10-05 12:00:00,10726.02,0.004329,28.4999,0.0026574,46.42,9.1e-06,0.09759,2.6139,0.00024405
2020-10-05 16:00:00,10730.78,0.004273,28.4234,0.0026491,45.86,8.98e-06,0.09632,2.618,0.00024369
2020-10-05 20:00:00,10792.21,0.004294,28.6158,0.0026527,46.34,9.03e-06,0.09738,2.6522,0.00024558
2020-10-06 00:00:00,10765.29,0.004328,28.6614,0.0026623,46.6,9.11e-06,0.09798,2.59,0.00024065
2020-10-06 04:00:00,10711.15,0.004315,28.7605,0.0026873,46.24,9.03e-06,0.0967,2.5298,0.00023611
2020-10-06 08:00:00,10697.33,0.004291,28.1909,0.0026363,45.89,8.88e-06,0.09494,2.3974,0.0002243
2020-10-06 12:00:00,10735.01,0.00446,28.1457,0.0026199,47.87,8.91e-06,0.09562,2.4376,0.00022658
2020-10-06 16:00:00,10571.36,0.004375,27.58,0.0026102,46.25,8.8e-06,0.093,2.2676,0.00021493
2020-10-06 20:00:00,10599.66,0.004335,27.6812,0.0026135,45.99,8.76e-06,0.09289,2.174,0.0002051
2020-10-07 00:00:00,10575.51,0.004315,27.3374,0.0025849,45.61,8.6e-06,0.09091,2.1822,0.00020689
2020-10-07 04:00:00,10618.69,0.004329,27.3723,0.0025796,45.96,8.77e-06,0.09313,2.2604,0.00021293
2020-10-07 08:00:00,10600.41,0.004304,27.0296,0.0025494,45.64,8.75e-06,0.09264,2.2119,0.00020879
2020-10-07 12:00:00,10629.6,0.004342,27.5061,0.0025879,46.16,8.79e-06,0.09339,2.2598,0.00021292
2020-10-07 16:00:00,10650.34,0.004384,27.67,0.002597,46.67,8.8e-06,0.09377,2.3276,0.00021847
2020-10-07 20:00:00,10666.39,0.004366,27.6898,0.0025964,46.55,8.79e-06,0.09374,2.3005,0.00021568
2020-10-08 00:00:00,10639.8,0.00436,27.3851,0.0025743,46.38,8.74e-06,0.09293,2.2459,0.00021083
2020-10-08 04:00:00,10592.21,0.004333,26.7812,0.0025277,45.89,8.61e-06,0.09125,2.0839,0.00019673
2020-10-08 08:00:00,10606.17,0.004329,26.8442,0.0025306,45.91,8.64e-06,0.09154,2.1653,0.00020423
2020-10-08 12:00:00,10896.96,0.004327,27.4342,0.0025193,47.18,8.83e-06,0.09629,2.4251,0.00022198
2020-10-08 16:00:00,10878.83,0.004334,27.4491,0.0025237,47.13,8.81e-06,0.09583,2.32,0.000214
2020-10-08 20:00:00,10925.57,0.004323,27.7424,0.0025381,47.21,8.81e-06,0.09632,2.3638,0.00021648
2020-10-09 00:00:00,10887.19,0.004313,27.8551,0.0025592,46.94,8.79e-06,0.09575,2.3828,0.00021897
2020-10-09 04:00:00,10894.0,0.004303,28.19,0.0025866,46.88,8.78e-06,0.09567,2.409,0.00022074
2020-10-09 08:00:00,11050.43,0.0043,28.2983,0.0025624,47.5,8.81e-06,0.09743,2.5417,0.00023034
2020-10-09 12:00:00,11086.58,0.004343,28.4884,0.0025696,48.14,8.9e-06,0.09864,2.5926,0.00023387
2020-10-09 16:00:00,11034.28,0.004316,28.2509,0.0025602,47.63,8.99e-06,0.09921,2.4924,0.0002256
2020-10-09 20:00:00,11050.64,0.004322,28.4076,0.0025694,47.78,9.16e-06,0.10129,2.5314,0.00022927
2020-10-10 00:00:00,11412.96,0.004376,28.9911,0.0025409,49.92,9.36e-06,0.10685,2.5715,0.00022584
2020-10-10 04:00:00,11381.3,0.004369,28.8167,0.0025322,49.73,9.38e-06,0.1068,2.5316,0.0002223
2020-10-10 08:00:00,11317.46,0.004348,28.5001,0.0025171,49.21,9.46e-06,0.10709,2.5026,0.00022037
2020-10-10 12:00:00,11349.2,0.004364,28.4899,0.00251,49.5,9.55e-06,0.10829,2.5026,0.0002203
2020-10-10 16:00:00,11351.09,0.004333,28.3507,0.0024955,49.17,9.55e-06,0.10833,2.4472,0.00021491
2020-10-10 20:00:00,11293.22,0.004327,28.4414,0.0025135,48.88,9.3e-06,0.10493,2.3999,0.00021293
2020-10-11 00:00:00,11332.0,0.004335,27.9973,0.0024701,49.14,9.21e-06,0.10435,2.3469,0.00020707
2020-10-11 04:00:00,11350.01,0.004375,28.0742,0.0024733,49.67,9.33e-06,0.10583,2.3859,0.00020996
2020-10-11 08:00:00,11372.5,0.004418,28.3999,0.0024973,50.21,9.48e-06,0.1078,2.4562,0.00021614
2020-10-11 12:00:00,11405.47,0.004449,28.4681,0.0024968,50.72,9.46e-06,0.1079,2.4174,0.000212
2020-10-11 16:00:00,11334.02,0.004443,28.4576,0.0025105,50.35,9.41e-06,0.10669,2.4247,0.0002139
2020-10-11 20:00:00,11369.02,0.00444,28.5271,0.0025092,50.48,9.38e-06,0.10648,2.4227,0.00021302
2020-10-12 00:00:00,11385.0,0.004396,28.886,0.002538,50.04,9.39e-06,0.10692,2.4949,0.00021936
2020-10-12 04:00:00,11379.34,0.004433,29.6488,0.0026065,50.44,9.32e-06,0.10606,2.5719,0.0002261
2020-10-12 08:00:00,11244.41,0.004404,29.9378,0.0026639,49.54,9.18e-06,0.10302,2.4704,0.00021961
2020-10-12 12:00:00,11549.38,0.004415,30.7,0.0026594,50.98,9.43e-06,0.10888,2.5372,0.00021991
2020-10-12 16:00:00,11546.93,0.004422,30.8423,0.002671,51.07,9.48e-06,0.10943,2.6255,0.00022753
2020-10-12 20:00:00,11528.25,0.004386,30.6503,0.0026571,50.58,9.49e-06,0.10945,2.5836,0.00022423
2020-10-13 00:00:00,11458.24,0.004365,31.3243,0.0027342,50.0,9.63e-06,0.11037,2.4726,0.00021566
2020-10-13 04:00:00,11452.0,0.004367,31.0081,0.0027075,50.0,9.84e-06,0.1126,2.4882,0.00021696
2020-10-13 08:00:00,11486.36,0.004371,31.0569,0.0027042,50.22,9.74e-06,0.11184,2.5068,0.00021855
2020-10-13 12:00:00,11385.15,0.004368,30.8062,0.0027051,49.72,9.67e-06,0.11015,2.426,0.00021281
2020-10-13 16:00:00,11387.83,0.004358,30.8986,0.0027129,49.64,9.6e-06,0.10925,2.3632,0.00020767
2020-10-13 20:00:00,11420.56,0.00437,30.7256,0.0026902,49.89,9.57e-06,0.10925,2.4062,0.00021012
2020-10-14 00:00:00,11390.0,0.004385,30.7768,0.0027024,49.94,9.62e-06,0.10962,2.3847,0.00020919
2020-10-14 04:00:00,11415.04,0.004416,31.0784,0.0027235,50.38,9.61e-06,0.10966,2.3839,0.00020899
2020-10-14 08:00:00,11362.92,0.004413,30.4687,0.0026811,50.15,9.58e-06,0.10883,2.345,0.00020645
2020-10-14 12:00:00,11320.76,0.00437,30.5115,0.0026953,49.48,9.53e-06,0.10783,2.2667,0.00020026
2020-10-14 16:00:00,11342.25,0.004359,30.5135,0.0026904,49.43,9.39e-06,0.10641,2.2588,0.00019907
2020-10-14 20:00:00,11417.89,0.004362,30.838,0.0027001,49.79,9.37e-06,0.10703,2.3107,0.00020259
2020-10-15 00:00:00,11378.96,0.00436,30.8335,0.0027091,49.6,9.26e-06,0.1054,2.258,0.0001988
2020-10-15 04:00:00,11396.83,0.004402,30.8871,0.0027109,50.16,9.4e-06,0.10715,2.3232,0.00020347
2020-10-15 08:00:00,11315.37,0.004358,30.795,0.0027218,49.31,9.36e-06,0.10592,2.2439,0.00019835
2020-10-15 12:00:00,11398.22,0.004359,31.5144,0.0027645,49.68,9.32e-06,0.10629,2.2921,0.00020106
2020-10-15 16:00:00,11520.93,0.004303,31.3045,0.0027185,49.58,9.27e-06,0.10675,2.2958,0.00019961
2020-10-15 20:00:00,11505.12,0.004307,31.3256,0.002726,49.53,9.27e-06,0.10666,2.2682,0.00019737
2020-10-16 00:00:00,11507.97,0.004323,31.7578,0.0027609,49.74,9.26e-06,0.10663,2.2241,0.00019337
2020-10-16 04:00:00,11305.87,0.004164,30.3793,0.0026835,47.05,9.19e-06,0.10391,2.1344,0.00018874
2020-10-16 08:00:00,11369.34,0.004166,30.4887,0.0026831,47.37,9.11e-06,0.10356,2.1739,0.00019116
2020-10-16 12:00:00,11331.19,0.004159,30.3498,0.0026774,47.12,9.14e-06,0.10351,2.1957,0.00019391
2020-10-16 16:00:00,11308.11,0.004173,30.0478,0.0026565,47.18,9.14e-06,0.10337,2.1607,0.00019036
2020-10-16 20:00:00,11319.32,0.004205,30.0516,0.0026528,47.6,9.21e-06,0.10414,2.1398,0.00018922
2020-10-17 00:00:00,11363.01,0.004189,30.3512,0.0026714,47.62,9.32e-06,0.10595,2.2049,0.00019411
2020-10-17 04:00:00,11344.98,0.004171,30.2351,0.0026642,47.32,9.37e-06,0.10624,2.2212,0.00019568
2020-10-17 08:00:00,11343.13,0.004168,30.44,0.0026839,47.27,9.44e-06,0.10715,2.2145,0.00019508
2020-10-17 12:00:00,11337.54,0.004144,30.2619,0.002668,47.01,9.35e-06,0.10594,2.1737,0.00019177
2020-10-17 16:00:00,11342.21,0.004122,30.2155,0.0026638,46.74,9.33e-06,0.1058,2.1785,0.00019236
2020-10-17 20:00:00,11360.2,0.00413,30.2414,0.0026613,46.93,9.32e-06,0.10598,2.2053,0.00019404
2020-10-18 00:00:00,11368.02,0.00414,30.5272,0.002686,47.08,9.3e-06,0.10565,2.2107,0.0001941
2020-10-18 04:00:00,11455.4,0.004148,30.6947,0.0026782,47.49,9.28e-06,0.10627,2.2375,0.00019533
2020-10-18 08:00:00,11420.62,0.004151,30.7346,0.0026906,47.38,9.27e-06,0.10595,2.1989,0.00019265
2020-10-18 12:00:00,11446.68,0.004153,30.6993,0.0026825,47.54,9.29e-06,0.10624,2.232,0.00019517
2020-10-18 16:00:00,11432.24,0.004144,30.4973,0.0026658,47.39,9.31e-06,0.10638,2.2319,0.00019511
2020-10-18 20:00:00,11503.14,0.004133,30.6593,0.0026649,47.54,9.34e-06,0.10735,2.215,0.00019231
2020-10-19 00:00:00,11416.71,0.004108,29.8609,0.0026153,46.87,9.29e-06,0.1061,2.1132,0.00018495
2020-10-19 04:00:00,11462.39,0.004107,29.9921,0.0026175,47.08,9.3e-06,0.10651,2.1084,0.00018351
2020-10-19 08:00:00,11477.0,0.00412,30.161,0.0026275,47.29,9.38e-06,0.10765,2.0643,0.00017978
2020-10-19 12:00:00,11800.0,0.004087,30.3471,0.0025716,48.27,9.23e-06,0.10895,2.1039,0.0001785
2020-10-19 16:00:00,11689.99,0.004113,30.0616,0.0025722,48.08,9.4e-06,0.10982,2.0947,0.0001794
2020-10-19 20:00:00,11751.47,0.004084,29.9107,0.0025451,47.99,9.23e-06,0.10859,2.0592,0.00017518
2020-10-20 00:00:00,11741.0,0.004111,29.991,0.002554,48.29,9.24e-06,0.1084,2.0587,0.00017566
2020-10-20 04:00:00,11735.46,0.00405,29.6033,0.0025232,47.53,8.99e-06,0.1055,1.9789,0.00016883
2020-10-20 08:00:00,11778.86,0.003997,29.2194,0.0024808,47.08,8.69e-06,0.10232,1.8505,0.00015752
2020-10-20 12:00:00,11926.4,0.00396,28.8554,0.0024204,47.23,8.62e-06,0.10269,1.896,0.00015889
2020-10-20 16:00:00,11912.35,0.003912,28.648,0.0024039,46.61,8.56e-06,0.10209,1.8945,0.00015884
2020-10-20 20:00:00,11909.99,0.003935,28.8227,0.0024199,46.88,8.59e-06,0.10238,1.885,0.00015864
2020-10-21 00:00:00,12182.31,0.004031,29.3974,0.0024126,49.14,8.58e-06,0.10448,1.9773,0.00016205
2020-10-21 04:00:00,12198.15,0.003997,29.4969,0.002418,48.77,8.59e-06,0.10476,1.9287,0.00015839
2020-10-21 08:00:00,12335.0,0.003988,29.3544,0.0023783,49.15,8.43e-06,0.10394,1.9182,0.00015565
2020-10-21 12:00:00,12735.0,0.004143,30.1788,0.0023698,52.76,8.42e-06,0.1072,1.989,0.00015619
2020-10-21 16:00:00,12680.75,0.004125,29.8812,0.0023566,52.31,8.37e-06,0.10622,1.9122,0.00015072
2020-10-21 20:00:00,12780.96,0.004145,29.7329,0.0023253,52.98,8.28e-06,0.10589,1.8887,0.00014756
2020-10-22 00:00:00,12718.26,0.004309,29.9981,0.0023574,54.78,8.3e-06,0.10554,1.9433,0.00015292
2020-10-22 04:00:00,12751.55,0.004373,30.888,0.002421,55.78,8.43e-06,0.10756,1.978,0.00015505
2020-10-22 08:00:00,12967.01,0.004273,31.1004,0.0023986,55.41,8.41e-06,0.10908,2.0688,0.0001596
2020-10-22 12:00:00,12930.0,0.004235,30.9277,0.0023916,54.78,8.44e-06,0.10923,2.05,0.00015827
2020-10-22 16:00:00,13072.48,0.004192,30.5802,0.0023398,54.78,8.48e-06,0.11091,2.01,0.00015374
2020-10-22 20:00:00,12968.52,0.004191,30.6396,0.0023613,54.35,8.54e-06,0.11077,1.9582,0.00015095
2020-10-23 00:00:00,12960.01,0.004216,30.7743,0.0023743,54.65,8.56e-06,0.1109,1.95,0.00015032
2020-10-23 04:00:00,12883.62,0.004322,30.7324,0.002385,55.68,8.48e-06,0.10928,1.9216,0.0001493
2020-10-23 08:00:00,12968.96,0.004286,30.9619,0.0023876,55.6,8.49e-06,0.11003,1.9544,0.0001509
2020-10-23 12:00:00,12921.09,0.004242,30.7506,0.0023789,54.82,8.35e-06,0.10788,1.9229,0.00014885
2020-10-23 16:00:00,12918.99,0.004319,30.4043,0.002354,55.8,8.32e-06,0.10751,1.9335,0.00014965
2020-10-23 20:00:00,12923.07,0.004287,30.6377,0.0023707,55.42,8.36e-06,0.10805,1.959,0.00015171
2020-10-24 00:00:00,12967.74,0.004278,30.6561,0.0023639,55.47,8.39e-06,0.10884,1.9333,0.00014926
2020-10-24 04:00:00,12924.79,0.00435,30.5204,0.0023618,56.2,8.38e-06,0.10842,1.907,0.00014759
2020-10-24 08:00:00,12990.9,0.004456,30.6746,0.0023616,57.88,8.43e-06,0.10932,1.9278,0.00014828
2020-10-24 12:00:00,13100.0,0.004467,30.6949,0.0023419,58.53,8.31e-06,0.10883,1.9316,0.00014758
2020-10-24 16:00:00,13118.24,0.004514,30.6174,0.0023343,59.22,8.26e-06,0.10834,1.9377,0.00014755
2020-10-24 20:00:00,13111.73,0.004518,30.6639,0.0023373,59.23,8.23e-06,0.10797,1.9142,0.00014609
2020-10-25 00:00:00,13295.5,0.004401,30.7596,0.002314,58.51,8.15e-06,0.10836,1.9151,0.00014416
2020-10-25 04:00:00,13027.24,0.004406,30.5404,0.0023441,57.39,8.26e-06,0.10761,1.8817,0.0001442
2020-10-25 08:00:00,12951.73,0.004415,29.9635,0.0023143,57.2,8.24e-06,0.10671,1.8779,0.00014471
2020-10-25 12:00:00,12940.74,0.004579,29.962,0.002315,59.28,8.28e-06,0.10713,1.8439,0.00014244
2020-10-25 16:00:00,13042.16,0.004541,30.1955,0.0023161,59.22,8.22e-06,0.10707,1.826,0.00014006
2020-10-25 20:00:00,13028.83,0.004515,30.128,0.0023131,58.84,8.16e-06,0.10639,1.7926,0.00013766
2020-10-26 00:00:00,13094.53,0.004475,30.3632,0.0023174,58.62,8.17e-06,0.1069,1.8302,0.00013958
2020-10-26 04:00:00,13037.08,0.004415,30.6304,0.0023494,57.56,8.13e-06,0.10592,1.8377,0.00014084
2020-10-26 08:00:00,13145.0,0.004406,30.9053,0.0023514,57.91,8.01e-06,0.10528,1.8434,0.00014035
2020-10-26 12:00:00,12978.41,0.004331,30.5717,0.0023556,56.22,7.83e-06,0.10152,1.7812,0.00013743
2020-10-26 16:00:00,13004.5,0.004348,31.108,0.0023933,56.51,7.85e-06,0.10207,1.6632,0.00012809
2020-10-26 20:00:00,13052.19,0.004351,31.0467,0.0023781,56.82,7.89e-06,0.10306,1.6799,0.00012858
2020-10-27 00:00:00,13083.24,0.004336,31.43,0.0024011,56.72,7.88e-06,0.10315,1.6693,0.00012778
2020-10-27 04:00:00,13144.58,0.004406,31.6062,0.0024042,57.95,7.95e-06,0.10451,1.6558,0.00012599
2020-10-27 08:00:00,13449.8,0.004307,31.2754,0.0023257,57.93,7.78e-06,0.10455,1.6849,0.00012529
2020-10-27 12:00:00,13609.24,0.004274,32.047,0.0023537,58.18,7.65e-06,0.10414,1.7327,0.00012732
2020-10-27 16:00:00,13656.89,0.00423,31.8641,0.0023339,57.79,7.59e-06,0.10373,1.6962,0.00012399
2020-10-27 20:00:00,13636.17,0.004246,31.4826,0.0023081,57.91,7.52e-06,0.10256,1.711,0.00012519
2020-10-28 00:00:00,13779.99,0.004321,31.6375,0.0022961,59.54,7.44e-06,0.1024,1.5752,0.00011438
2020-10-28 04:00:00,13664.37,0.004254,31.1961,0.0022825,58.11,7.31e-06,0.09988,1.5472,0.00011333
2020-10-28 08:00:00,13318.33,0.004293,30.656,0.0023011,57.16,7.32e-06,0.09743,1.5563,0.00011677
2020-10-28 12:00:00,13221.26,0.004263,30.5,0.0023068,56.36,7.35e-06,0.09726,1.5514,0.00011727
2020-10-28 16:00:00,13165.31,0.004227,30.2,0.0022944,55.64,7.44e-06,0.09779,1.5,0.00011412
2020-10-28 20:00:00,13266.4,0.004202,30.3338,0.0022866,55.77,7.44e-06,0.09869,1.518,0.00011447
2020-10-29 00:00:00,13280.99,0.00424,30.2883,0.0022795,56.3,7.53e-06,0.10014,1.5724,0.00011839
2020-10-29 04:00:00,13138.87,0.004231,30.0332,0.0022852,55.6,7.55e-06,0.0992,1.5253,0.00011599
2020-10-29 08:00:00,13052.06,0.004171,29.8054,0.0022834,54.41,7.41e-06,0.09661,1.4971,0.00011465
2020-10-29 12:00:00,13436.95,0.00413,30.1447,0.0022432,55.48,7.3e-06,0.09803,1.4924,0.00011102
2020-10-29 16:00:00,13492.51,0.004082,29.8512,0.0022121,55.06,7.16e-06,0.09656,1.4724,0.00010923
2020-10-29 20:00:00,13455.7,0.004079,29.8702,0.0022177,54.87,7.08e-06,0.09531,1.4327,0.00010674
2020-10-30 00:00:00,13432.34,0.004043,28.9137,0.0021534,54.3,6.84e-06,0.09199,1.4,0.00010402
2020-10-30 04:00:00,13218.96,0.004056,28.09,0.0021241,53.64,7e-06,0.0926,1.3746,0.00010406
2020-10-30 08:00:00,13347.79,0.004016,28.1264,0.0021072,53.6,6.95e-06,0.09266,1.3791,0.00010331
2020-10-30 12:00:00,13549.98,0.003976,28.5081,0.0021045,53.87,6.85e-06,0.09288,1.4487,0.00010706
2020-10-30 16:00:00,13536.44,0.003987,28.5209,0.0021061,53.96,6.94e-06,0.09377,1.4623,0.00010813
2020-10-30 20:00:00,13560.1,0.003984,28.4909,0.0021018,54.01,6.89e-06,0.0933,1.4381,0.00010629
2020-10-31 00:00:00,13491.54,0.004029,28.4965,0.0021111,54.36,6.92e-06,0.09328,1.4864,0.00011005
2020-10-31 04:00:00,13576.14,0.003983,28.3366,0.0020871,54.07,6.84e-06,0.0929,1.5067,0.00011063
2020-10-31 08:00:00,13940.0,0.003999,28.6163,0.0020526,55.74,6.79e-06,0.09468,1.4788,0.00010591
2020-10-31 12:00:00,13852.02,0.004052,28.5986,0.0020637,56.16,6.8e-06,0.09422,1.5175,0.00010971
2020-10-31 16:00:00,13781.87,0.004038,28.3694,0.0020586,55.63,6.75e-06,0.09295,1.523,0.00011053
2020-10-31 20:00:00,13791.0,0.004041,28.5058,0.0020662,55.72,6.73e-06,0.093,1.5497,0.00011231
2020-11-01 00:00:00,13690.01,0.004021,28.38,0.0020726,55.0,6.82e-06,0.09348,1.5367,0.00011224
2020-11-01 04:00:00,13792.51,0.004019,28.39,0.0020583,55.45,6.8e-06,0.0939,1.5533,0.00011274
2020-11-01 08:00:00,13696.58,0.003968,28.1765,0.0020569,54.36,6.84e-06,0.09374,1.5384,0.00011223
2020-11-01 12:00:00,13800.01,0.003978,28.2248,0.002047,54.95,6.98e-06,0.09628,1.5699,0.00011373
2020-11-01 16:00:00,13789.88,0.004014,28.1537,0.0020416,55.36,6.97e-06,0.09622,1.5989,0.00011623
2020-11-01 20:00:00,13761.5,0.00404,28.5318,0.0020729,55.6,7.14e-06,0.09827,1.608,0.0001168
2020-11-02 00:00:00,13697.54,0.004068,28.6308,0.0020901,55.7,7.23e-06,0.09908,1.5931,0.00011629
2020-11-02 04:00:00,13740.99,0.004073,29.0,0.0021112,56.0,7.21e-06,0.09904,1.5986,0.00011629
2020-11-02 08:00:00,13402.18,0.004019,28.6964,0.0021414,53.86,7.08e-06,0.09492,1.4837,0.0001108
2020-11-02 12:00:00,13499.0,0.003993,28.2917,0.0020965,53.89,6.92e-06,0.09336,1.4871,0.0001101
2020-11-02 16:00:00,13553.65,0.004002,28.1449,0.0020768,54.21,6.89e-06,0.09334,1.4771,0.00010933
2020-11-02 20:00:00,13549.37,0.003969,27.7983,0.0020514,53.8,6.81e-06,0.09221,1.4738,0.00010893
2020-11-03 00:00:00,13391.96,0.003887,26.212,0.0019572,52.05,6.69e-06,0.08947,1.44,0.00010783
2020-11-03 04:00:00,13444.3,0.003918,26.7799,0.0019927,52.65,6.72e-06,0.09033,1.4492,0.00010775
2020-11-03 08:00:00,13532.14,0.0039,26.8481,0.0019843,52.78,6.79e-06,0.092,1.4481,0.00010704
2020-11-03 12:00:00,13710.38,0.003853,26.5632,0.0019378,52.82,6.7e-06,0.09191,1.4373,0.00010498
2020-11-03 16:00:00,13721.27,0.00389,26.6622,0.001942,53.36,6.77e-06,0.09288,1.4366,0.00010453
2020-11-03 20:00:00,14023.53,0.003848,26.8638,0.0019158,53.96,6.68e-06,0.09357,1.4118,0.00010063
2020-11-04 00:00:00,13897.51,0.003883,26.4328,0.0019025,54.0,6.71e-06,0.09321,1.35,9.722e-05
2020-11-04 04:00:00,13600.46,0.003879,26.2757,0.0019322,52.72,6.81e-06,0.09266,1.3526,9.937e-05
2020-11-04 08:00:00,13720.99,0.003855,26.2693,0.0019144,52.9,6.85e-06,0.09389,1.3586,9.908e-05
2020-11-04 12:00:00,13911.47,0.003767,26.061,0.0018745,52.39,6.64e-06,0.09244,1.2985,9.332e-05
2020-11-04 16:00:00,14102.26,0.00387,26.8979,0.001907,54.57,6.78e-06,0.09561,1.3903,9.868e-05
2020-11-04 20:00:00,14144.01,0.003865,26.96,0.0019058,54.67,6.75e-06,0.0955,1.3912,9.823e-05
2020-11-05 00:00:00,14311.29,0.00388,27.3344,0.0019106,55.53,6.65e-06,0.09505,1.4025,9.801e-05
2020-11-05 04:00:00,14475.87,0.003844,27.4386,0.0018961,55.63,6.53e-06,0.09456,1.4229,9.828e-05
2020-11-05 08:00:00,14717.6,0.003803,27.251,0.0018512,55.99,6.32e-06,0.09301,1.3443,9.121e-05
2020-11-05 12:00:00,15080.26,0.003929,27.6724,0.0018346,59.24,6.44e-06,0.09714,1.4324,9.49e-05
2020-11-05 16:00:00,15120.88,0.003888,27.5686,0.0018244,58.82,6.45e-06,0.09759,1.4199,9.403e-05
2020-11-05 20:00:00,15590.02,0.003781,27.6875,0.0017763,58.95,6.25e-06,0.09752,1.4007,8.984e-05
2020-11-06 00:00:00,15430.48,0.003927,28.0121,0.0018147,60.62,6.57e-06,0.10141,1.5359,9.969e-05
2020-11-06 04:00:00,15733.3,0.003924,28.8475,0.0018338,61.74,6.5e-06,0.10222,1.6397,0.00010412
2020-11-06 08:00:00,15572.36,0.004016,29.3228,0.0018824,62.54,6.81e-06,0.10612,1.7132,0.00011007
2020-11-06 12:00:00,15411.27,0.003936,28.6959,0.0018631,60.64,6.91e-06,0.10657,1.6899,0.00010998
2020-11-06 16:00:00,15435.99,0.00393,28.8144,0.0018669,60.7,7.03e-06,0.10844,1.7988,0.00011637
2020-11-06 20:00:00,15579.92,0.004055,29.0435,0.0018655,63.2,7.01e-06,0.1091,1.9,0.00012219
2020-11-07 00:00:00,15545.2,0.004071,28.9939,0.0018658,63.32,7.16e-06,0.11131,2.1397,0.0001374
2020-11-07 04:00:00,15444.41,0.004081,28.9087,0.0018721,63.02,7.17e-06,0.1109,2.2113,0.00014355
2020-11-07 08:00:00,15515.95,0.004121,29.4668,0.0018988,63.93,7.22e-06,0.11209,2.3994,0.00015482
2020-11-07 12:00:00,15337.91,0.00398,28.76,0.0018758,61.07,6.87e-06,0.1054,2.1707,0.00014149
2020-11-07 16:00:00,14643.52,0.003968,27.3906,0.0018694,58.09,6.88e-06,0.1007,1.8915,0.0001293
2020-11-07 20:00:00,14818.3,0.003976,27.7651,0.0018725,58.9,6.83e-06,0.10128,2.0215,0.00013645
2020-11-08 00:00:00,14957.41,0.003972,27.9903,0.0018712,59.39,6.83e-06,0.10214,2.0469,0.00013694
2020-11-08 04:00:00,14931.53,0.00394,27.8021,0.0018624,58.84,6.86e-06,0.1025,1.9891,0.00013341
2020-11-08 08:00:00,15171.0,0.003945,28.3768,0.0018702,59.85,7.02e-06,0.10647,2.1674,0.00014203
2020-11-08 12:00:00,15353.48,0.003989,28.5481,0.0018592,61.28,7.01e-06,0.10763,2.2442,0.00014588
2020-11-08 16:00:00,15339.47,0.003975,28.3238,0.0018457,60.97,6.92e-06,0.10619,2.1399,0.00013945
2020-11-08 20:00:00,15475.1,0.003941,28.4101,0.0018367,61.02,6.88e-06,0.10655,2.1558,0.00013938
2020-11-09 00:00:00,15434.08,0.003928,28.4179,0.0018417,60.66,6.78e-06,0.10463,2.1,0.000136
2020-11-09 04:00:00,15303.26,0.003893,28.0255,0.0018325,59.58,6.75e-06,0.10329,2.0506,0.00013398
2020-11-09 08:00:00,15802.39,0.00391,28.6,0.0018104,61.76,6.75e-06,0.10652,2.16,0.00013687
2020-11-09 12:00:00,15000.96,0.003866,27.6062,0.00184,57.99,6.84e-06,0.10252,1.9799,0.0001321
2020-11-09 16:00:00,15360.0,0.003855,28.0518,0.0018258,59.18,6.89e-06,0.10583,2.0544,0.00013371
2020-11-09 20:00:00,15328.41,0.003864,28.0941,0.0018321,59.23,6.89e-06,0.10561,2.0299,0.00013286
2020-11-10 00:00:00,15334.91,0.003851,27.9996,0.0018261,59.05,6.9e-06,0.1056,2.1367,0.00013923
2020-11-10 04:00:00,15274.74,0.003837,28.1105,0.0018403,58.63,6.98e-06,0.10664,2.1302,0.0001392
2020-11-10 08:00:00,15279.24,0.003842,28.2659,0.0018497,58.71,7.02e-06,0.10715,2.1404,0.0001399
2020-11-10 12:00:00,15167.49,0.003788,28.0006,0.0018459,57.45,6.9e-06,0.10456,2.1855,0.00014379
2020-11-10 16:00:00,15297.94,0.003792,28.1697,0.0018411,58.01,6.9e-06,0.10561,2.2478,0.00014677
2020-11-10 20:00:00,15297.21,0.003786,28.2188,0.0018437,57.93,6.92e-06,0.1059,2.2661,0.00014828
2020-11-11 00:00:00,15401.9,0.003875,28.3137,0.0018385,59.68,6.93e-06,0.1067,2.261,0.00014702
2020-11-11 04:00:00,15400.51,0.00386,28.1105,0.0018251,59.44,6.96e-06,0.10715,2.2167,0.000144
2020-11-11 08:00:00,15574.48,0.003815,28.0337,0.0017988,59.42,6.92e-06,0.10778,2.1039,0.00013493
2020-11-11 12:00:00,15667.27,0.003805,28.0513,0.0017904,59.61,6.9e-06,0.10813,2.1164,0.00013485
2020-11-11 16:00:00,15807.58,0.003787,28.1001,0.0017773,59.86,6.78e-06,0.10714,2.0331,0.00012891
2020-11-11 20:00:00,15684.24,0.003777,28.016,0.0017851,59.27,6.75e-06,0.10599,2.0,0.00012769
2020-11-12 00:00:00,15628.14,0.003736,27.8816,0.0017835,58.42,6.78e-06,0.10601,2.0075,0.00012834
2020-11-12 04:00:00,15862.75,0.003743,28.008,0.0017648,59.38,6.68e-06,0.10592,2.0413,0.00012891
2020-11-12 08:00:00,15762.55,0.003718,27.8056,0.001762,58.59,6.63e-06,0.10449,1.9701,0.00012487
2020-11-12 12:00:00,16125.01,0.003651,27.6428,0.001714,58.87,6.48e-06,0.10452,1.9054,0.00011825
2020-11-12 16:00:00,16063.81,0.003645,27.4927,0.0017111,58.55,6.43e-06,0.10327,1.8652,0.00011593
2020-11-12 20:00:00,16291.86,0.003725,27.6874,0.0016998,60.72,6.42e-06,0.1046,1.9089,0.00011715
2020-11-13 00:00:00,16432.99,0.003773,27.8348,0.0016936,61.97,6.43e-06,0.10574,1.9539,0.00011906
2020-11-13 04:00:00,16253.3,0.003833,27.8125,0.0017106,62.3,6.5e-06,0.10554,1.9517,0.00012014
2020-11-13 08:00:00,16225.0,0.00391,28.0494,0.001729,63.45,6.55e-06,0.10622,2.0018,0.00012356
2020-11-13 12:00:00,16100.17,0.004056,28.0376,0.0017415,65.29,6.6e-06,0.10633,2.0264,0.0001262
2020-11-13 16:00:00,16282.0,0.004007,27.9965,0.0017199,65.22,6.52e-06,0.10629,2.0156,0.00012345
2020-11-13 20:00:00,16320.7,0.004041,28.1974,0.0017279,65.96,6.52e-06,0.10629,2.0141,0.00012342
2020-11-14 00:00:00,16178.62,0.003976,27.8485,0.0017216,64.34,6.57e-06,0.10649,2.0231,0.00012514
2020-11-14 04:00:00,16089.0,0.003976,27.728,0.0017234,63.98,6.51e-06,0.10458,1.9576,0.00012195
2020-11-14 08:00:00,15925.44,0.003958,27.488,0.0017258,63.06,6.45e-06,0.10258,1.9046,0.00011981
2020-11-14 12:00:00,15951.92,0.003948,27.6532,0.0017332,63.0,6.45e-06,0.10292,1.9215,0.00012031
2020-11-14 16:00:00,15881.33,0.003958,27.77,0.0017487,62.85,6.52e-06,0.10362,1.9369,0.00012215
2020-11-14 20:00:00,16070.45,0.003972,27.9311,0.0017383,63.85,6.47e-06,0.10411,1.9182,0.00011946
2020-11-15 00:00:00,15929.47,0.003937,27.9337,0.0017538,62.7,6.51e-06,0.10373,1.9669,0.00012354
2020-11-15 04:00:00,16030.9,0.003955,28.0187,0.001748,63.41,6.55e-06,0.10508,2.0998,0.00013073
2020-11-15 08:00:00,15953.72,0.003891,27.8491,0.0017462,62.11,6.42e-06,0.10251,2.1223,0.0001331
2020-11-15 12:00:00,16027.19,0.003916,27.8867,0.0017403,62.78,6.42e-06,0.10289,2.1964,0.00013686
2020-11-15 16:00:00,15855.29,0.003887,27.5021,0.0017342,61.65,6.37e-06,0.10116,2.0293,0.00012839
2020-11-15 20:00:00,15957.0,0.003904,27.6786,0.0017347,62.28,6.29e-06,0.10046,2.0407,0.00012809
2020-11-16 00:00:00,16006.5,0.004125,27.6459,0.0017269,66.04,6.3e-06,0.10091,2.1554,0.00013468
2020-11-16 04:00:00,16235.71,0.004205,27.7385,0.0017078,68.29,6.31e-06,0.10247,2.1876,0.00013482
2020-11-16 08:00:00,16235.68,0.004137,27.7905,0.0017116,67.14,6.31e-06,0.10231,2.2748,0.00013996
2020-11-16 12:00:00,16450.0,0.004341,27.9584,0.0017001,71.4,6.35e-06,0.1046,2.2878,0.00013922
2020-11-16 16:00:00,16779.01,0.004247,28.0526,0.0016713,71.27,6.21e-06,0.10407,2.2422,0.0001337
2020-11-16 20:00:00,16713.57,0.00442,27.9451,0.0016731,73.84,6.22e-06,0.10387,2.2626,0.00013563
2020-11-17 00:00:00,16573.58,0.004427,28.2944,0.0017066,73.39,6.4e-06,0.106,2.2954,0.00013886
2020-11-17 04:00:00,16750.0,0.004408,28.5512,0.0017046,73.83,6.47e-06,0.1083,2.2467,0.00013413
2020-11-17 08:00:00,16995.06,0.004377,28.6591,0.0016867,74.39,6.54e-06,0.11106,2.2197,0.00013063
2020-11-17 12:00:00,17322.19,0.004205,28.5491,0.0016485,72.9,6.32e-06,0.10952,2.1658,0.00012492
2020-11-17 16:00:00,17685.22,0.004247,28.6503,0.0016203,75.07,6.28e-06,0.1109,2.2339,0.00012624
2020-11-17 20:00:00,17659.38,0.004322,28.5552,0.0016175,76.32,6.2e-06,0.10947,2.1998,0.00012446
2020-11-18 00:00:00,18030.71,0.00419,28.3936,0.0015745,75.53,6.16e-06,0.11111,2.1807,0.00012124
2020-11-18 04:00:00,18063.7,0.004068,28.2554,0.0015628,73.42,5.91e-06,0.10687,2.1289,0.00011766
2020-11-18 08:00:00,18249.99,0.003982,28.2031,0.0015452,72.76,5.85e-06,0.10676,2.08,0.000114
2020-11-18 12:00:00,17873.88,0.003986,27.9288,0.0015626,71.24,5.9e-06,0.10541,2.0678,0.00011549
2020-11-18 16:00:00,17659.9,0.004129,27.7246,0.00157,72.93,5.92e-06,0.10449,2.0989,0.00011882
2020-11-18 20:00:00,17776.12,0.004131,28.0931,0.0015805,73.42,5.99e-06,0.10658,2.1153,0.00011895
2020-11-19 00:00:00,17915.46,0.004137,28.0915,0.0015678,74.13,5.97e-06,0.10688,2.0637,0.00011521
2020-11-19 04:00:00,17649.94,0.004113,27.89,0.0015802,72.64,5.99e-06,0.10569,2.0642,0.00011722
2020-11-19 08:00:00,17765.33,0.004432,28.0781,0.0015806,78.78,5.96e-06,0.10597,2.0676,0.00011593
2020-11-19 12:00:00,18045.0,0.004461,28.2494,0.001565,80.49,5.95e-06,0.10733,2.1538,0.00011889
2020-11-19 16:00:00,17955.8,0.004604,28.1469,0.0015678,82.65,5.9e-06,0.10599,2.1066,0.00011725
2020-11-19 20:00:00,17802.82,0.004581,28.1387,0.0015796,81.53,5.95e-06,0.1059,2.085,0.000117
2020-11-20 00:00:00,17955.06,0.00453,28.3206,0.0015775,81.33,5.98e-06,0.10749,2.1062,0.00011735
2020-11-20 04:00:00,18212.0,0.004432,28.2348,0.001551,80.7,5.88e-06,0.1072,2.1724,0.0001189
2020-11-20 08:00:00,18263.5,0.004505,28.8502,0.0015791,82.29,6.03e-06,0.11004,2.1867,0.00011951
2020-11-20 12:00:00,18668.56,0.004386,28.9616,0.001551,81.93,5.9e-06,0.10999,2.1506,0.00011542
2020-11-20 16:00:00,18627.38,0.004476,28.9011,0.0015513,83.36,6.02e-06,0.11206,2.1447,0.00011506
2020-11-20 20:00:00,18655.67,0.004421,28.9715,0.0015526,82.53,6.34e-06,0.11828,2.1033,0.00011254
2020-11-21 00:00:00,18659.48,0.004398,28.53,0.0015292,82.01,6.37e-06,0.11893,2.0624,0.00011063
2020-11-21 04:00:00,18669.99,0.004444,28.8412,0.0015442,82.92,6.59e-06,0.12301,2.1687,0.00011629
2020-11-21 08:00:00,18531.06,0.004431,28.92,0.0015607,82.08,6.65e-06,0.1232,2.1652,0.00011684
2020-11-21 12:00:00,18790.01,0.004597,30.49,0.0016224,86.42,6.94e-06,0.13036,2.395,0.00012718
2020-11-21 16:00:00,18679.97,0.004578,30.295,0.0016221,85.47,6.9e-06,0.12882,2.4512,0.00013114
2020-11-21 20:00:00,18703.8,0.004658,30.5161,0.0016305,87.14,7.13e-06,0.13334,2.3822,0.00012739
2020-11-22 00:00:00,18559.91,0.004581,30.4797,0.001642,85.0,6.96e-06,0.12901,2.2195,0.00011947
2020-11-22 04:00:00,18498.31,0.004561,29.9443,0.0016189,84.38,6.83e-06,0.1262,2.2044,0.00011915
2020-11-22 08:00:00,17887.82,0.004521,29.3363,0.00164,80.87,7.21e-06,0.12905,2.1003,0.00011779
2020-11-22 12:00:00,18295.4,0.004516,29.7533,0.0016266,82.62,7.29e-06,0.13349,2.18,0.00011919
2020-11-22 16:00:00,18573.58,0.004557,30.604,0.0016481,84.59,7.82e-06,0.14507,2.273,0.00012249
2020-11-22 20:00:00,18414.43,0.004502,30.0226,0.0016306,82.87,7.92e-06,0.14599,2.1514,0.00011703
2020-11-23 00:00:00,18369.0,0.004556,30.4801,0.00166,83.7,8.16e-06,0.14988,2.231,0.00012153
2020-11-23 04:00:00,18458.13,0.004712,30.4674,0.0016506,86.95,8.38e-06,0.1546,2.2662,0.00012264
2020-11-23 08:00:00,18567.7,0.00469,30.6171,0.001649,87.14,8.23e-06,0.15279,2.2957,0.00012371
2020-11-23 12:00:00,18261.86,0.004705,30.0947,0.001648,85.95,8.17e-06,0.1494,2.2034,0.00012054
2020-11-23 16:00:00,18444.44,0.004727,30.3931,0.001649,87.25,8.08e-06,0.14887,2.2326,0.00012094
2020-11-23 20:00:00,18368.0,0.004849,30.995,0.0016882,89.03,8.41e-06,0.15445,2.2786,0.00012384
2020-11-24 00:00:00,18338.52,0.004892,32.8387,0.0017914,89.69,9.26e-06,0.16985,2.386,0.00013028
2020-11-24 04:00:00,18369.36,0.004836,33.0515,0.0018004,88.86,9.1e-06,0.16714,2.3666,0.0001286
2020-11-24 08:00:00,19064.99,0.004655,32.9937,0.0017314,88.74,8.66e-06,0.16514,2.2313,0.00011684
2020-11-24 12:00:00,19358.57,0.00467,33.0389,0.0017086,90.46,8.66e-06,0.16761,2.2312,0.00011552
2020-11-24 16:00:00,19160.01,0.004682,33.0257,0.0017235,89.68,8.88e-06,0.17024,2.2669,0.00011843
2020-11-24 20:00:00,19160.01,0.00466,33.9407,0.0017716,89.25,8.73e-06,0.16721,2.2823,0.00011899
2020-11-25 00:00:00,18808.03,0.00459,32.7048,0.0017368,86.39,8.56e-06,0.16122,2.1969,0.00011662
2020-11-25 04:00:00,18975.13,0.004642,33.1042,0.0017441,88.11,8.64e-06,0.16389,2.2475,0.00011811
2020-11-25 08:00:00,19281.55,0.004671,33.6723,0.0017464,90.05,8.99e-06,0.17344,2.2956,0.00011932
2020-11-25 12:00:00,19126.84,0.004594,32.8946,0.0017196,87.86,8.86e-06,0.16942,2.417,0.00012652
2020-11-25 16:00:00,18981.29,0.004511,32.4202,0.0017075,85.61,8.64e-06,0.16419,2.4167,0.00012712
2020-11-25 20:00:00,18719.11,0.004369,31.2953,0.0016711,81.75,8.28e-06,0.15473,2.2661,0.00012122
2020-11-26 00:00:00,17927.98,0.004289,29.9844,0.0016723,76.88,7.3e-06,0.1305,1.936,0.00010823
2020-11-26 04:00:00,17619.9,0.004323,29.2894,0.0016624,76.15,7.42e-06,0.1306,1.8298,0.00010423
2020-11-26 08:00:00,17100.0,0.004317,28.436,0.0016593,73.85,7.99e-06,0.13671,1.8408,0.00010749
2020-11-26 12:00:00,16905.18,0.004193,28.0621,0.0016614,70.85,7.84e-06,0.13236,1.8278,0.00010823
2020-11-26 16:00:00,16516.87,0.004035,26.9646,0.0016322,66.69,7.91e-06,0.13039,1.7963,0.0001087
2020-11-26 20:00:00,17149.47,0.004139,28.2356,0.0016465,71.0,8.07e-06,0.13843,1.9111,0.00011146
2020-11-27 00:00:00,17078.11,0.004147,28.42,0.0016638,70.83,8.04e-06,0.13731,1.95,0.00011411
2020-11-27 04:00:00,17094.18,0.004115,28.2242,0.001653,70.35,7.98e-06,0.13642,1.9149,0.00011208
2020-11-27 08:00:00,16789.37,0.004,27.62,0.0016449,67.16,7.98e-06,0.1341,1.8284,0.00010877
2020-11-27 12:00:00,16498.85,0.00401,27.3622,0.001658,66.17,8.02e-06,0.13224,1.78,0.00010802
2020-11-27 16:00:00,16803.14,0.00406,28.0289,0.0016681,68.21,8.08e-06,0.13576,1.8127,0.00010802
2020-11-27 20:00:00,17139.52,0.004036,28.4606,0.0016602,69.15,8.27e-06,0.14178,1.861,0.00010863
2020-11-28 00:00:00,16990.27,0.004075,28.1925,0.0016589,69.26,8.35e-06,0.1419,1.8427,0.00010843
2020-11-28 04:00:00,17014.72,0.004101,28.192,0.0016583,69.79,8.38e-06,0.14252,1.8351,0.000108
2020-11-28 08:00:00,17160.29,0.004114,28.6577,0.0016694,70.6,9.04e-06,0.155,1.8662,0.0001088
2020-11-28 12:00:00,17517.04,0.00415,29.5158,0.0016858,72.68,9.59e-06,0.16802,1.9254,0.00010995
2020-11-28 16:00:00,17814.5,0.004201,29.2901,0.0016447,74.82,9.28e-06,0.16517,1.9145,0.00010749
2020-11-28 20:00:00,17719.85,0.004102,29.1766,0.0016458,72.7,9.31e-06,0.16489,1.8868,0.0001064
2020-11-29 00:00:00,17867.48,0.004181,29.3855,0.0016449,74.76,9.11e-06,0.16268,1.8949,0.00010586
2020-11-29 04:00:00,17817.34,0.004186,29.1559,0.001637,74.6,9.3e-06,0.1659,1.8899,0.00010596
2020-11-29 08:00:00,18090.44,0.004165,29.5901,0.001635,75.3,8.99e-06,0.16274,1.9275,0.0001064
2020-11-29 12:00:00,18119.97,0.004162,29.8158,0.0016467,75.38,9.19e-06,0.16659,1.915,0.0001057
2020-11-29 16:00:00,18042.86,0.004323,29.7512,0.0016491,78.03,8.95e-06,0.1617,1.8721,0.00010386
2020-11-29 20:00:00,18184.99,0.004337,30.1045,0.0016554,78.91,9.16e-06,0.16663,1.9153,0.00010531
2020-11-30 00:00:00,18579.5,0.004295,30.2782,0.0016301,79.81,9.15e-06,0.16999,1.9662,0.00010587
2020-11-30 04:00:00,18623.0,0.004254,30.3118,0.0016285,79.24,9.07e-06,0.16893,1.9453,0.00010449
2020-11-30 08:00:00,18600.95,0.004247,30.3121,0.0016295,79.0,8.81e-06,0.16383,1.9607,0.00010524
2020-11-30 12:00:00,19291.88,0.004367,30.7409,0.0015932,84.25,8.71e-06,0.16787,1.9586,0.0001013
2020-11-30 16:00:00,19259.98,0.004446,31.1715,0.0016191,85.64,8.73e-06,0.16806,1.968,0.00010221
2020-11-30 20:00:00,19695.87,0.004451,31.4935,0.0015982,87.65,8.74e-06,0.17204,1.9665,9.987e-05
2020-12-01 00:00:00,19419.74,0.004544,31.2102,0.0016071,88.25,8.68e-06,0.16829,1.9705,0.00010149
2020-12-01 04:00:00,19515.63,0.004553,31.6811,0.001623,88.86,8.68e-06,0.1692,2.1249,0.00010898
2020-12-01 08:00:00,19425.0,0.004547,31.2767,0.0016112,88.29,8.61e-06,0.16716,2.067,0.00010653
2020-12-01 12:00:00,19263.37,0.004731,30.5841,0.001587,91.1,8.36e-06,0.16106,2.046,0.0001062
2020-12-01 16:00:00,19069.79,0.00466,30.4161,0.0015947,88.85,8.27e-06,0.15758,2.005,0.00010505
2020-12-01 20:00:00,18764.96,0.004535,30.1996,0.0016097,85.08,8.29e-06,0.15562,1.9738,0.00010506
2020-12-02 00:00:00,18618.25,0.004557,30.0812,0.0016155,84.76,8.3e-06,0.1546,2.0188,0.00010875
2020-12-02 04:00:00,19124.48,0.004698,30.4144,0.0015908,89.88,8.31e-06,0.15877,2.0601,0.00010779
2020-12-02 08:00:00,19127.31,0.004655,30.5697,0.0015986,89.04,8.3e-06,0.15888,2.0874,0.0001089
2020-12-02 12:00:00,18891.57,0.004578,30.1875,0.0015989,86.46,8.22e-06,0.15523,2.1172,0.00011198
2020-12-02 16:00:00,19101.1,0.004558,30.3138,0.001587,87.1,8.22e-06,0.1571,2.1356,0.00011163
2020-12-02 20:00:00,19204.09,0.004632,30.2875,0.0015767,88.9,8.26e-06,0.15845,2.1209,0.00011016
2020-12-03 00:00:00,19087.0,0.004611,30.2853,0.001586,87.97,8.26e-06,0.15774,2.1438,0.00011218
2020-12-03 04:00:00,19208.11,0.004587,30.206,0.0015725,88.11,8.25e-06,0.15844,2.1803,0.00011343
2020-12-03 08:00:00,19396.5,0.004629,30.7115,0.0015829,89.81,8.31e-06,0.16115,2.2072,0.00011404
2020-12-03 12:00:00,19535.0,0.004626,30.642,0.0015689,90.35,8.47e-06,0.16543,2.1074,0.00010794
2020-12-03 16:00:00,19414.29,0.004556,30.418,0.0015666,88.43,8.56e-06,0.16601,2.1138,0.00010887
2020-12-03 20:00:00,19421.9,0.004583,30.7065,0.001581,89.0,8.45e-06,0.16398,2.0967,0.00010806
2020-12-04 00:00:00,19162.62,0.004524,30.2819,0.0015801,86.74,8.24e-06,0.1579,2.0109,0.00010517
2020-12-04 04:00:00,19283.94,0.004504,30.2329,0.0015671,86.84,8.32e-06,0.16034,2.0404,0.00010581
2020-12-04 08:00:00,18833.25,0.004473,29.2931,0.0015567,84.19,8.18e-06,0.1542,1.9507,0.00010387
2020-12-04 12:00:00,18943.35,0.004454,29.3938,0.0015506,84.34,8.19e-06,0.15498,1.9659,0.00010378
2020-12-04 16:00:00,19038.73,0.004411,29.672,0.0015584,83.97,8.21e-06,0.15622,1.9449,0.00010236
2020-12-04 20:00:00,18650.52,0.004264,29.0231,0.0015571,79.52,7.93e-06,0.14781,1.8535,9.942e-05
2020-12-05 00:00:00,18818.85,0.004275,29.1022,0.0015466,80.49,8.03e-06,0.15096,1.864,9.907e-05
2020-12-05 04:00:00,18911.31,0.004328,29.144,0.0015408,81.86,8.22e-06,0.15536,1.8922,0.00010008
2020-12-05 08:00:00,19013.43,0.004359,29.6736,0.0015603,82.83,8.37e-06,0.15925,1.9119,0.00010047
2020-12-05 12:00:00,19110.78,0.004348,29.5034,0.0015437,83.09,8.31e-06,0.15893,1.935,0.00010138
2020-12-05 16:00:00,19119.19,0.00435,29.6001,0.0015481,83.19,8.33e-06,0.15927,1.9761,0.00010368
2020-12-05 20:00:00,19147.66,0.004343,29.728,0.0015525,83.14,8.34e-06,0.15993,1.9795,0.00010349
2020-12-06 00:00:00,19183.39,0.004359,29.6753,0.0015472,83.63,8.21e-06,0.15766,1.9223,9.996e-05
2020-12-06 04:00:00,19230.99,0.004358,29.6262,0.0015406,83.79,8.2e-06,0.15749,1.9381,0.00010066
2020-12-06 08:00:00,19089.16,0.004344,29.5403,0.0015474,82.93,8.17e-06,0.15594,1.8768,9.817e-05
2020-12-06 12:00:00,19125.83,0.004282,29.3296,0.0015346,81.89,8.15e-06,0.15583,1.8432,9.641e-05
2020-12-06 16:00:00,19132.62,0.004304,29.2296,0.0015278,82.34,8.24e-06,0.15764,1.8491,9.664e-05
2020-12-06 20:00:00,19359.4,0.004318,29.5026,0.0015238,83.55,8.19e-06,0.15873,1.8505,9.544e-05
2020-12-07 00:00:00,19282.68,0.00432,29.3071,0.0015198,83.31,8.12e-06,0.15655,1.8399,9.535e-05
2020-12-07 04:00:00,19371.3,0.004368,29.4455,0.0015191,84.67,8.1e-06,0.15709,1.8528,9.563e-05
2020-12-07 08:00:00,19103.58,0.004311,29.1682,0.0015275,82.36,8.07e-06,0.15407,1.827,9.559e-05
2020-12-07 12:00:00,19213.9,0.004402,29.4846,0.001534,84.53,8.09e-06,0.15544,1.8896,9.834e-05
2020-12-07 16:00:00,18967.01,0.004351,29.1244,0.0015354,82.49,8.02e-06,0.15207,1.8164,9.581e-05
2020-12-07 20:00:00,19166.9,0.00435,29.37,0.0015317,83.37,8.04e-06,0.15401,1.8272,9.557e-05
2020-12-08 00:00:00,19154.73,0.00434,29.2587,0.0015274,83.11,8.02e-06,0.1536,1.7916,9.331e-05
2020-12-08 04:00:00,19143.1,0.004303,29.1846,0.0015242,82.38,7.98e-06,0.15263,1.7942,9.361e-05
2020-12-08 08:00:00,18762.96,0.004286,28.3641,0.0015102,80.45,7.77e-06,0.14586,1.6792,8.935e-05
2020-12-08 12:00:00,18809.91,0.004238,28.1648,0.0014973,79.72,7.82e-06,0.14709,1.7081,9.066e-05
2020-12-08 16:00:00,18795.74,0.004183,28.0307,0.0014909,78.6,7.81e-06,0.14688,1.7361,9.222e-05
2020-12-08 20:00:00,18324.11,0.004189,27.6705,0.0015098,76.76,7.7e-06,0.1412,1.6631,9.07e-05
2020-12-09 00:00:00,18300.01,0.00419,27.8207,0.0015194,76.66,7.6e-06,0.13914,1.6569,9.031e-05
2020-12-09 04:00:00,17924.07,0.004153,27.3031,0.0015222,74.44,7.44e-06,0.13336,1.5516,8.651e-05
2020-12-09 08:00:00,18244.95,0.004194,27.9817,0.0015321,76.54,7.76e-06,0.14149,1.6313,8.922e-05
2020-12-09 12:00:00,18349.5,0.004153,28.0076,0.0015265,76.24,7.77e-06,0.14256,1.6461,8.972e-05
2020-12-09 16:00:00,18260.03,0.004144,28.0619,0.0015361,75.68,7.84e-06,0.14315,1.6131,8.826e-05
2020-12-09 20:00:00,18541.28,0.004175,28.1452,0.0015178,77.41,7.98e-06,0.14796,1.6592,8.943e-05
2020-12-10 00:00:00,18409.77,0.004165,28.0036,0.0015217,76.62,7.96e-06,0.14645,1.6179,8.787e-05
2020-12-10 04:00:00,18335.91,0.00413,27.8461,0.0015191,75.78,7.94e-06,0.14568,1.5922,8.677e-05
2020-12-10 08:00:00,18192.49,0.004122,27.6013,0.0015176,75.0,7.88e-06,0.14329,1.5737,8.628e-05
2020-12-10 12:00:00,18134.08,0.004109,27.7933,0.0015325,74.54,7.86e-06,0.14264,1.5661,8.634e-05
2020-12-10 16:00:00,18403.1,0.004071,27.7436,0.0015076,74.93,7.71e-06,0.14189,1.6123,8.757e-05
2020-12-10 20:00:00,18254.63,0.004093,27.6926,0.0015172,74.7,7.77e-06,0.14188,1.5683,8.597e-05
2020-12-11 00:00:00,17990.88,0.004006,27.2239,0.0015134,72.07,7.73e-06,0.13903,1.5146,8.42e-05
2020-12-11 04:00:00,17811.95,0.003996,27.0631,0.0015184,71.17,7.73e-06,0.13782,1.5035,8.436e-05
2020-12-11 08:00:00,17647.71,0.004004,26.8271,0.0015204,70.68,7.68e-06,0.13552,1.45,8.226e-05
2020-12-11 12:00:00,18104.74,0.004029,27.3596,0.001511,72.95,7.81e-06,0.14154,1.4934,8.242e-05
2020-12-11 16:00:00,17977.0,0.003984,27.2915,0.0015175,71.61,7.77e-06,0.1398,1.4739,8.189e-05
2020-12-11 20:00:00,18036.53,0.004005,27.3419,0.0015163,72.2,7.72e-06,0.13926,1.4389,7.973e-05
2020-12-12 00:00:00,18282.02,0.004089,27.741,0.0015165,74.75,7.93e-06,0.14499,1.4882,8.15e-05
2020-12-12 04:00:00,18380.85,0.00411,28.0138,0.0015241,75.54,7.98e-06,0.14664,1.5051,8.179e-05
2020-12-12 08:00:00,18506.1,0.004092,28.0036,0.0015133,75.74,7.88e-06,0.14582,1.5327,8.272e-05
2020-12-12 12:00:00,18399.01,0.00407,27.7784,0.0015098,74.9,7.79e-06,0.14342,1.4739,8.014e-05
2020-12-12 16:00:00,18805.29,0.004083,28.0265,0.0014918,76.77,7.73e-06,0.14534,1.512,8.029e-05
2020-12-12 20:00:00,18808.69,0.004077,28.1603,0.0014973,76.67,7.68e-06,0.14438,1.4912,7.925e-05
2020-12-13 00:00:00,18784.42,0.004035,28.2174,0.0015017,75.8,7.64e-06,0.14351,1.4711,7.834e-05
2020-12-13 04:00:00,19247.68,0.004064,28.7426,0.001494,78.23,7.79e-06,0.14994,1.5183,7.889e-05
2020-12-13 08:00:00,19316.81,0.00417,29.0615,0.001504,80.58,7.95e-06,0.15354,1.5592,8.044e-05
2020-12-13 12:00:00,19211.34,0.004207,29.0282,0.0015107,80.83,7.98e-06,0.15338,1.5848,8.25e-05
2020-12-13 16:00:00,19193.78,0.004281,29.1456,0.001519,82.12,8.04e-06,0.1543,1.5859,8.275e-05
2020-12-13 20:00:00,19174.99,0.004289,29.1571,0.0015197,82.28,8.03e-06,0.15406,1.5701,8.182e-05
2020-12-14 00:00:00,19260.68,0.004259,29.1399,0.0015133,82.01,7.91e-06,0.15248,1.5948,8.293e-05
2020-12-14 04:00:00,19155.8,0.00423,28.808,0.0015035,81.05,7.95e-06,0.15243,1.5873,8.285e-05
2020-12-14 08:00:00,19106.44,0.004177,28.8886,0.0015122,79.84,7.91e-06,0.15111,1.5467,8.094e-05
2020-12-14 12:00:00,19200.07,0.004265,29.8624,0.001555,81.86,8.02e-06,0.1539,1.563,8.167e-05
2020-12-14 16:00:00,19175.88,0.004252,29.865,0.0015572,81.54,8.11e-06,0.15537,1.5507,8.086e-05
2020-12-14 20:00:00,19273.14,0.004273,30.0338,0.0015575,82.35,8.24e-06,0.15877,1.5946,8.256e-05
2020-12-15 00:00:00,19479.7,0.00429,29.9372,0.0015363,83.6,8.15e-06,0.15889,1.7368,8.913e-05
2020-12-15 04:00:00,19197.6,0.004255,29.9271,0.0015589,81.68,8.11e-06,0.15554,1.7256,8.991e-05
2020-12-15 08:00:00,19293.54,0.004249,29.6379,0.0015366,81.99,7.99e-06,0.15406,1.7723,9.192e-05
2020-12-15 12:00:00,19403.31,0.004202,29.65,0.0015279,81.56,7.95e-06,0.1542,1.7294,8.906e-05
2020-12-15 16:00:00,19530.38,0.004205,29.5144,0.0015109,82.12,8e-06,0.15608,1.747,8.968e-05
2020-12-15 20:00:00,19426.43,0.004187,29.5053,0.0015183,81.32,7.92e-06,0.15381,1.7586,9.05e-05
2020-12-16 00:00:00,19346.52,0.004116,29.2137,0.0015095,79.71,7.76e-06,0.15032,1.6278,8.419e-05
2020-12-16 04:00:00,19423.96,0.004133,29.3033,0.0015087,80.28,7.82e-06,0.15172,1.6574,8.516e-05
2020-12-16 08:00:00,19739.78,0.004171,29.3741,0.0014873,82.34,7.75e-06,0.15299,1.6391,8.295e-05
2020-12-16 12:00:00,20661.37,0.004275,30.1596,0.0014595,88.31,7.84e-06,0.16196,1.7343,8.381e-05
2020-12-16 16:00:00,20736.87,0.004314,30.2752,0.0014605,89.44,7.89e-06,0.16376,1.6985,8.212e-05
2020-12-16 20:00:00,21335.52,0.004358,30.5577,0.0014322,92.94,7.88e-06,0.16814,1.7829,8.346e-05
2020-12-17 00:00:00,21753.26,0.004198,30.5246,0.0014025,91.31,7.62e-06,0.16578,1.7104,7.855e-05
2020-12-17 04:00:00,22478.76,0.004136,30.688,0.0013646,92.97,7.44e-06,0.16716,1.7371,7.738e-05
2020-12-17 08:00:00,22752.16,0.004412,31.3845,0.0013787,100.39,7.45e-06,0.16947,1.7367,7.626e-05
2020-12-17 12:00:00,23333.8,0.004556,31.0924,0.0013331,106.3,7.31e-06,0.17047,1.7375,7.455e-05
2020-12-17 16:00:00,22899.08,0.004441,30.3356,0.0013255,101.69,7.23e-06,0.1656,1.6724,7.303e-05
2020-12-17 20:00:00,22797.16,0.00443,30.2255,0.0013252,101.01,7.16e-06,0.16336,1.68,7.358e-05
2020-12-18 00:00:00,22811.59,0.004722,30.2501,0.0013253,107.73,7.25e-06,0.16542,1.6729,7.297e-05
2020-12-18 04:00:00,23055.98,0.004746,30.6203,0.0013283,109.42,7.24e-06,0.16695,1.6802,7.293e-05
2020-12-18 08:00:00,22886.17,0.00474,30.823,0.0013469,108.47,7.28e-06,0.16641,1.6757,7.335e-05
2020-12-18 12:00:00,22549.0,0.004659,30.4456,0.00135,105.1,7.12e-06,0.16051,1.6444,7.287e-05
2020-12-18 16:00:00,22762.28,0.004653,30.6299,0.0013462,105.91,7.14e-06,0.16242,1.6675,7.331e-05
2020-12-18 20:00:00,23107.39,0.004732,30.9882,0.0013408,109.34,7.14e-06,0.16502,1.7014,7.35e-05
2020-12-19 00:00:00,23098.04,0.00467,31.7773,0.0013754,107.85,7.17e-06,0.16551,1.748,7.559e-05
2020-12-19 04:00:00,22853.75,0.004653,31.9767,0.0013997,106.36,7.27e-06,0.16599,1.7155,7.5e-05
2020-12-19 08:00:00,22888.54,0.004711,32.2799,0.0014097,107.83,7.32e-06,0.1674,1.7493,7.643e-05
2020-12-19 12:00:00,23552.01,0.004991,33.8736,0.0014372,117.57,7.17e-06,0.16873,1.7,7.23e-05
2020-12-19 16:00:00,23791.91,0.004996,33.6968,0.0014159,118.82,7.01e-06,0.16702,1.6856,7.075e-05
2020-12-19 20:00:00,23821.61,0.005031,33.3167,0.0013979,119.85,6.9e-06,0.16433,1.6707,6.99e-05
2020-12-20 00:00:00,23346.48,0.005022,32.9586,0.0014124,117.21,6.96e-06,0.1626,1.6417,7.052e-05
2020-12-20 04:00:00,23628.88,0.005131,33.678,0.0014256,121.2,7.03e-06,0.16637,1.6681,7.074e-05
2020-12-20 08:00:00,23553.02,0.005018,34.8288,0.001478,118.2,6.99e-06,0.16464,1.6615,7.06e-05
2020-12-20 12:00:00,23868.09,0.004987,35.0129,0.0014666,119.03,6.98e-06,0.16649,1.6447,6.894e-05
2020-12-20 16:00:00,23930.0,0.004867,34.6695,0.0014481,116.44,6.89e-06,0.16509,1.5633,6.527e-05
2020-12-20 20:00:00,23455.52,0.004884,34.3148,0.0014615,114.58,6.91e-06,0.16201,1.5635,6.644e-05
2020-12-21 00:00:00,23945.29,0.004828,35.4845,0.0014814,115.63,6.77e-06,0.16217,1.6162,6.744e-05
2020-12-21 04:00:00,23980.0,0.00485,34.5848,0.0014415,116.34,6.8e-06,0.16322,1.6002,6.668e-05
2020-12-21 08:00:00,22645.85,0.004647,32.3255,0.0014265,105.2,6.67e-06,0.15102,1.5133,6.677e-05
2020-12-21 12:00:00,22681.32,0.004707,32.3582,0.0014289,107.05,6.69e-06,0.15177,1.5186,6.696e-05
2020-12-21 16:00:00,22816.62,0.004546,32.2826,0.0014149,103.66,6.68e-06,0.15256,1.5326,6.729e-05
2020-12-21 20:00:00,22719.71,0.004596,32.05,0.0014112,104.45,6.73e-06,0.15278,1.5331,6.766e-05
2020-12-22 00:00:00,22851.2,0.004539,32.4199,0.0014181,103.73,6.86e-06,0.15683,1.549,6.769e-05
2020-12-22 04:00:00,22655.83,0.004461,31.3237,0.0013824,101.01,6.73e-06,0.15264,1.5133,6.67e-05
2020-12-22 08:00:00,23119.48,0.004588,32.324,0.0013983,106.07,6.85e-06,0.15814,1.5173,6.559e-05
2020-12-22 12:00:00,23342.58,0.004773,33.3305,0.0014286,111.41,6.8e-06,0.1589,1.5506,6.649e-05
2020-12-22 16:00:00,23404.27,0.004729,33.0397,0.0014116,110.7,6.74e-06,0.15762,1.5353,6.562e-05
2020-12-22 20:00:00,23810.79,0.004802,33.5151,0.0014073,114.32,6.57e-06,0.15646,1.49,6.264e-05
2020-12-23 00:00:00,23706.72,0.004819,33.845,0.0014272,114.23,6.52e-06,0.15463,1.4667,6.17e-05
2020-12-23 04:00:00,23555.73,0.004691,33.6033,0.0014262,110.45,6.45e-06,0.15193,1.3972,5.923e-05
2020-12-23 08:00:00,23064.01,0.004564,31.9001,0.0013833,105.26,6.25e-06,0.144,1.3197,5.711e-05
2020-12-23 12:00:00,23449.66,0.004496,31.8504,0.0013581,105.36,6.17e-06,0.14461,1.295,5.523e-05
2020-12-23 16:00:00,23556.91,0.004491,32.4145,0.0013762,105.81,6.26e-06,0.14737,1.2993,5.513e-05
2020-12-23 20:00:00,23232.76,0.00441,31.1843,0.0013421,102.45,5.88e-06,0.13635,1.198,5.16e-05
2020-12-24 00:00:00,22894.28,0.004478,31.0711,0.0013557,102.65,5.91e-06,0.13539,1.2547,5.488e-05
2020-12-24 04:00:00,23173.38,0.004474,31.3984,0.0013548,103.66,5.96e-06,0.13823,1.2719,5.495e-05
2020-12-24 08:00:00,23218.68,0.004493,31.8399,0.001371,104.26,6.31e-06,0.14657,1.2857,5.54e-05
2020-12-24 12:00:00,23232.12,0.004643,32.0204,0.0013784,107.81,6.44e-06,0.14958,1.3151,5.664e-05
2020-12-24 16:00:00,23287.15,0.00456,32.0715,0.001377,106.24,6.43e-06,0.1498,1.326,5.699e-05
2020-12-24 20:00:00,23729.2,0.004685,32.4895,0.0013696,111.13,6.44e-06,0.15304,1.3612,5.733e-05
2020-12-25 00:00:00,23481.21,0.004636,32.2033,0.0013716,108.83,6.52e-06,0.15313,1.4257,6.066e-05
2020-12-25 04:00:00,23649.82,0.004705,32.7248,0.0013834,111.34,6.44e-06,0.15232,1.418,6.006e-05
2020-12-25 08:00:00,24574.4,0.004965,33.2257,0.0013525,122.02,6.78e-06,0.16665,1.4087,5.737e-05
2020-12-25 12:00:00,24025.13,0.004948,32.422,0.0013497,118.89,6.56e-06,0.15763,1.3811,5.749e-05
2020-12-25 16:00:00,24449.66,0.005019,32.49,0.0013283,122.73,6.49e-06,0.15861,1.4283,5.835e-05
2020-12-25 20:00:00,24712.47,0.00517,33.1996,0.0013434,127.78,6.37e-06,0.15761,1.4464,5.865e-05
2020-12-26 00:00:00,24909.79,0.005276,33.5948,0.0013486,131.44,6.21e-06,0.15478,1.4248,5.74e-05
2020-12-26 04:00:00,24784.48,0.005179,33.3079,0.0013438,128.36,6.09e-06,0.1509,1.3776,5.554e-05
2020-12-26 08:00:00,24834.36,0.005205,32.9423,0.0013257,129.23,6.18e-06,0.1534,1.3789,5.559e-05
2020-12-26 12:00:00,25629.99,0.00509,33.2149,0.0012959,130.44,6.03e-06,0.1545,1.3604,5.311e-05
2020-12-26 16:00:00,25931.02,0.005076,33.4755,0.0012908,131.61,6.05e-06,0.15689,1.3517,5.207e-05
2020-12-26 20:00:00,26493.39,0.004894,33.6361,0.0012701,129.61,5.98e-06,0.15839,1.3258,5.01e-05
2020-12-27 00:00:00,26568.08,0.005035,34.0102,0.0012795,133.75,6.03e-06,0.16021,1.3188,4.95e-05
2020-12-27 04:00:00,27639.38,0.00488,33.7321,0.0012202,134.84,5.76e-06,0.15928,1.3066,4.721e-05
2020-12-27 08:00:00,27646.48,0.004683,32.7105,0.0011835,129.49,5.53e-06,0.15287,1.2974,4.694e-05
2020-12-27 12:00:00,27359.62,0.004964,34.7306,0.0012691,135.82,5.99e-06,0.16394,1.4014,5.125e-05
2020-12-27 16:00:00,27081.67,0.004887,34.4719,0.0012722,132.38,5.96e-06,0.16134,1.3547,4.999e-05
2020-12-27 20:00:00,26281.66,0.004864,33.674,0.0012801,127.88,5.89e-06,0.15467,1.3037,4.96e-05
2020-12-28 00:00:00,27275.65,0.004746,34.6574,0.0012707,129.46,5.85e-06,0.15955,1.3306,4.888e-05
2020-12-28 04:00:00,27001.31,0.00487,35.2055,0.0013041,131.48,6.06e-06,0.16373,1.3537,5.018e-05
2020-12-28 08:00:00,26859.07,0.00505,35.4736,0.0013207,135.66,6.27e-06,0.16823,1.3842,5.142e-05
2020-12-28 12:00:00,26916.32,0.004863,35.0864,0.0013031,130.91,6.12e-06,0.16464,1.3943,5.18e-05
2020-12-28 16:00:00,26996.74,0.004886,35.7701,0.0013249,131.93,6.38e-06,0.17229,1.426,5.279e-05
2020-12-28 20:00:00,27079.41,0.004795,35.951,0.0013265,129.83,6.52e-06,0.17627,1.5172,5.609e-05
2020-12-29 00:00:00,26444.6,0.004751,39.497,0.0014954,125.69,6.71e-06,0.17747,1.4471,5.481e-05
2020-12-29 04:00:00,26435.63,0.004809,37.9356,0.0014352,127.0,6.93e-06,0.18299,1.5461,5.858e-05
2020-12-29 08:00:00,26876.4,0.004787,38.452,0.0014319,128.64,6.92e-06,0.18579,1.5767,5.869e-05
2020-12-29 12:00:00,26614.97,0.004684,37.5508,0.0014118,124.68,6.98e-06,0.18587,1.5584,5.85e-05
2020-12-29 16:00:00,26931.62,0.004686,38.0539,0.0014131,126.15,6.97e-06,0.1875,1.6515,6.128e-05
2020-12-29 20:00:00,27385.0,0.004703,39.0667,0.0014256,128.8,6.97e-06,0.19067,1.6704,6.099e-05
2020-12-30 00:00:00,28065.54,0.004646,37.779,0.0013453,130.4,6.57e-06,0.18428,1.6374,5.835e-05
2020-12-30 04:00:00,28386.62,0.004509,37.8074,0.0013317,128.01,6.38e-06,0.18094,1.578,5.564e-05
2020-12-30 08:00:00,27838.82,0.004504,37.2999,0.0013399,125.29,6.44e-06,0.17944,1.5787,5.686e-05
2020-12-30 12:00:00,28153.76,0.004476,37.5646,0.0013349,126.06,6.44e-06,0.18132,1.5766,5.612e-05
2020-12-30 16:00:00,28776.46,0.00447,37.85,0.0013162,128.58,6.31e-06,0.18155,1.5712,5.47e-05
2020-12-30 20:00:00,28875.54,0.004503,38.1558,0.0013202,130.05,6.36e-06,0.18389,1.535,5.309e-05
2020-12-31 00:00:00,29024.0,0.004374,37.337,0.0012866,127.0,6.18e-06,0.17928,1.4945,5.153e-05
2020-12-31 04:00:00,29155.25,0.004383,37.681,0.001292,127.83,6.31e-06,0.18368,1.5248,5.226e-05
2020-12-31 08:00:00,28910.3,0.004377,37.7921,0.0013071,126.62,6.32e-06,0.18294,1.4912,5.164e-05
2020-12-31 12:00:00,28770.0,0.004337,37.0847,0.0012883,124.83,6.19e-06,0.17793,1.4581,5.07e-05
2020-12-31 16:00:00,28897.83,0.004299,37.1399,0.0012855,124.23,6.28e-06,0.18152,1.5495,5.356e-05
2020-12-31 20:00:00,28923.63,0.004294,37.3588,0.0012917,124.21,6.27e-06,0.18134,1.5073,5.216e-05
2021-01-01 00:00:00,29278.4,0.004497,37.925,0.0012949,131.66,6.25e-06,0.18292,1.6029,5.462e-05
2021-01-01 04:00:00,29092.83,0.004447,37.6812,0.0012955,129.41,6.17e-06,0.17955,1.6196,5.568e-05
2021-01-01 08:00:00,29313.49,0.004354,38.3904,0.0013093,127.62,6.13e-06,0.1795,1.6272,5.55e-05
2021-01-01 12:00:00,29188.67,0.004328,38.1318,0.0013064,126.34,6.18e-06,0.18055,1.6463,5.637e-05
2021-01-01 16:00:00,29029.04,0.004315,37.4,0.0012886,125.26,6.01e-06,0.17432,1.7256,5.956e-05
2021-01-01 20:00:00,29331.69,0.004303,37.7762,0.0012871,126.24,5.97e-06,0.17509,1.8421,6.285e-05
2021-01-02 00:00:00,29351.95,0.004262,37.5567,0.0012795,125.1,5.94e-06,0.17501,1.8614,6.353e-05
2021-01-02 04:00:00,29750.0,0.004215,37.3312,0.0012542,125.4,5.8e-06,0.17242,1.7523,5.865e-05
2021-01-02 08:00:00,29755.0,0.004211,37.3176,0.0012537,125.35,5.78e-06,0.17204,1.7655,5.935e-05
2021-01-02 12:00:00,31691.29,0.004135,38.0947,0.0012018,131.13,5.64e-06,0.17886,1.7793,5.61e-05
2021-01-02 16:00:00,33027.2,0.004188,38.0417,0.0011515,138.38,5.54e-06,0.18322,1.9176,5.802e-05
2021-01-02 20:00:00,32178.33,0.004255,38.2331,0.0011885,136.96,5.52e-06,0.17742,1.7999,5.6e-05
2021-01-03 00:00:00,32573.87,0.004166,37.9622,0.0011649,135.77,5.35e-06,0.17446,1.9462,5.952e-05
2021-01-03 04:00:00,34452.34,0.00404,38.0392,0.0011029,139.16,5.07e-06,0.17436,2.0709,6.025e-05
2021-01-03 08:00:00,34413.53,0.004413,39.8444,0.0011576,151.82,5.48e-06,0.18882,2.2657,6.594e-05
2021-01-03 12:00:00,33506.62,0.004503,40.3033,0.0012031,150.83,5.85e-06,0.19611,2.0742,6.195e-05
2021-01-03 16:00:00,32772.21,0.004616,40.3199,0.0012304,151.3,5.96e-06,0.19516,1.9638,6e-05
2021-01-03 20:00:00,33000.05,0.004885,41.2575,0.0012489,161.24,6.25e-06,0.20615,2.1779,6.62e-05
2021-01-04 00:00:00,33505.16,0.00489,41.2306,0.0012307,163.9,6.65e-06,0.22316,2.3094,6.895e-05
2021-01-04 04:00:00,32068.84,0.004998,40.7716,0.0012719,160.36,6.76e-06,0.21657,2.1168,6.606e-05
2021-01-04 08:00:00,30743.06,0.004966,39.0528,0.0012715,152.6,6.9e-06,0.21194,2.0429,6.673e-05
2021-01-04 12:00:00,31745.72,0.004812,39.8515,0.0012558,152.78,6.82e-06,0.21612,2.2786,7.179e-05
2021-01-04 16:00:00,31665.51,0.00483,39.9192,0.0012604,152.9,6.85e-06,0.21658,2.4397,7.7e-05
2021-01-04 20:00:00,31988.71,0.004855,41.1333,0.0012841,155.34,7.04e-06,0.22528,2.4909,7.8e-05
2021-01-05 00:00:00,31200.0,0.004792,39.7881,0.0012752,149.5,6.83e-06,0.21297,2.1927,7.041e-05
2021-01-05 04:00:00,30817.77,0.004887,39.6593,0.0012876,150.65,7.11e-06,0.21898,2.1864,7.086e-05
2021-01-05 08:00:00,31776.66,0.004875,40.6367,0.0012785,154.84,7.25e-06,0.23047,2.384,7.515e-05
2021-01-05 12:00:00,32099.98,0.004807,40.1791,0.0012521,154.27,7.65e-06,0.24577,2.1948,6.843e-05
2021-01-05 16:00:00,33697.75,0.004657,40.336,0.0011966,157.0,7.41e-06,0.24988,2.2341,6.629e-05
2021-01-05 20:00:00,33949.53,0.004669,41.8219,0.0012319,158.43,7.62e-06,0.25873,2.1636,6.353e-05
2021-01-06 00:00:00,34117.59,0.004598,40.8396,0.0011963,156.92,7.77e-06,0.2654,1.9893,5.814e-05
2021-01-06 04:00:00,34676.4,0.004642,40.8945,0.0011797,160.87,8.07e-06,0.27971,2.0192,5.807e-05
2021-01-06 08:00:00,34918.53,0.004709,41.5103,0.0011884,164.44,8.46e-06,0.29534,2.08,5.959e-05
2021-01-06 12:00:00,34566.19,0.004759,41.357,0.0011969,164.53,8.92e-06,0.30854,2.0813,6.018e-05
2021-01-06 16:00:00,34816.72,0.004706,41.0201,0.0011796,163.8,8.39e-06,0.29133,1.981,5.691e-05
2021-01-06 20:00:00,36769.36,0.004596,42.2417,0.0011489,168.92,9.06e-06,0.33309,1.9414,5.273e-05
2021-01-07 00:00:00,37454.48,0.004533,42.0946,0.001124,169.78,9.04e-06,0.33827,2.1755,5.812e-05
2021-01-07 04:00:00,36859.85,0.004481,43.1382,0.0011703,165.22,8.91e-06,0.32848,2.1264,5.771e-05
2021-01-07 08:00:00,37822.09,0.004423,43.8946,0.0011606,167.23,8.26e-06,0.31198,2.2037,5.809e-05
2021-01-07 12:00:00,38970.42,0.004385,44.3588,0.0011384,170.82,8.17e-06,0.3185,2.3834,6.126e-05
2021-01-07 16:00:00,39062.0,0.004397,43.2541,0.0011069,171.75,7.97e-06,0.31126,2.3626,6.057e-05
2021-01-07 20:00:00,39432.28,0.004295,43.5728,0.0011052,169.35,7.58e-06,0.29928,2.3635,5.999e-05
2021-01-08 00:00:00,38347.1,0.004121,41.5021,0.0010828,157.98,7.36e-06,0.28236,2.2619,5.894e-05
2021-01-08 04:00:00,38930.55,0.00421,42.5213,0.0010928,163.9,8.08e-06,0.31471,2.4095,6.216e-05
2021-01-08 08:00:00,41286.67,0.004162,43.0854,0.0010435,171.84,7.47e-06,0.30857,3.1519,7.639e-05
2021-01-08 12:00:00,40829.08,0.004228,42.4099,0.0010385,172.6,7.33e-06,0.29931,3.2992,8.111e-05
2021-01-08 16:00:00,40365.09,0.004197,41.7794,0.0010356,169.36,7.22e-06,0.29171,3.2105,7.964e-05
2021-01-08 20:00:00,40582.81,0.004243,42.356,0.0010436,172.19,7.49e-06,0.30389,3.2214,7.945e-05
2021-01-09 00:00:00,40211.59,0.004262,42.8707,0.001066,171.36,7.65e-06,0.30778,3.1638,7.855e-05
2021-01-09 04:00:00,39638.61,0.004215,41.9039,0.0010566,167.11,7.66e-06,0.30369,3.0834,7.78e-05
2021-01-09 08:00:00,40565.77,0.004211,42.7402,0.0010543,170.78,7.63e-06,0.30977,3.1358,7.722e-05
2021-01-09 12:00:00,40525.15,0.004202,42.8703,0.0010575,170.32,7.98e-06,0.32326,3.1066,7.657e-05
2021-01-09 16:00:00,40665.91,0.004239,43.7581,0.001076,172.43,8.3e-06,0.33736,3.6238,8.903e-05
2021-01-09 20:00:00,40088.22,0.004424,43.8479,0.0010938,177.26,8.25e-06,0.33062,3.3829,8.431e-05
2021-01-10 00:00:00,40316.64,0.004428,43.88,0.0010883,178.55,8.09e-06,0.32621,3.5265,8.773e-05
2021-01-10 04:00:00,40978.57,0.004502,44.5502,0.0010876,184.5,8.22e-06,0.33697,3.733,9.113e-05
2021-01-10 08:00:00,39181.76,0.00436,42.5545,0.001086,170.86,7.85e-06,0.30743,3.2501,8.301e-05
2021-01-10 12:00:00,39671.81,0.004371,43.5423,0.0010967,173.39,7.96e-06,0.31566,3.4137,8.612e-05
2021-01-10 16:00:00,37456.77,0.00451,42.033,0.0011243,168.7,8.01e-06,0.29966,3.3251,8.876e-05
2021-01-10 20:00:00,38150.02,0.004458,42.4031,0.0011122,170.07,7.9e-06,0.30153,3.449,9.033e-05
2021-01-11 00:00:00,35438.23,0.004058,39.4274,0.0011133,143.6,7.82e-06,0.2774,3.1376,8.877e-05
2021-01-11 04:00:00,34375.34,0.004122,39.242,0.0011424,141.68,7.97e-06,0.27392,2.9946,8.712e-05
2021-01-11 08:00:00,34198.56,0.004143,38.4773,0.0011267,141.6,7.8e-06,0.26629,2.8589,8.361e-05
2021-01-11 12:00:00,31580.0,0.003954,36.4131,0.0011541,124.87,7.93e-06,0.25052,2.7598,8.744e-05
2021-01-11 16:00:00,32254.62,0.003857,36.5114,0.0011313,124.4,7.81e-06,0.25189,2.8578,8.87e-05
2021-01-11 20:00:00,35404.47,0.003922,38.1674,0.0010777,138.87,7.77e-06,0.2757,3.1016,8.754e-05
2021-01-12 00:00:00,34984.96,0.004032,38.5775,0.0011029,140.98,8.2e-06,0.28654,3.2708,9.354e-05
2021-01-12 04:00:00,36413.6,0.003979,39.6865,0.001089,144.82,8.44e-06,0.30729,3.3824,9.296e-05
2021-01-12 08:00:00,35410.99,0.003974,39.0348,0.0011031,140.63,8.13e-06,0.28779,3.4185,9.677e-05
2021-01-12 12:00:00,33829.4,0.004028,38.3082,0.0011326,136.21,8.43e-06,0.28498,3.3039,9.774e-05
2021-01-12 16:00:00,34685.11,0.003947,38.6792,0.001116,136.92,8.3e-06,0.28817,3.6777,0.00010604
2021-01-12 20:00:00,34051.24,0.003918,38.2541,0.001124,133.42,8.49e-06,0.28888,3.6354,0.00010662
2021-01-13 00:00:00,33818.5,0.003974,38.1012,0.0011275,134.36,8.4e-06,0.28371,3.5128,0.00010398
2021-01-13 04:00:00,34986.9,0.003944,38.3043,0.0010949,137.93,8.36e-06,0.29234,3.4868,9.977e-05
2021-01-13 08:00:00,34385.48,0.004011,38.2279,0.0011118,137.95,8.46e-06,0.2908,3.3708,9.799e-05
2021-01-13 12:00:00,34673.9,0.004002,38.829,0.0011192,138.67,8.39e-06,0.2907,3.5398,0.00010218
2021-01-13 16:00:00,36002.25,0.003904,39.4463,0.0010962,140.56,8.32e-06,0.29937,3.4831,9.694e-05
2021-01-13 20:00:00,37371.38,0.003943,40.1114,0.001073,147.38,8.35e-06,0.3123,3.5242,9.448e-05
2021-01-14 00:00:00,37045.13,0.003915,39.8781,0.0010758,145.03,8.22e-06,0.30444,3.3844,9.1e-05
2021-01-14 04:00:00,38198.34,0.003874,40.6983,0.0010647,148.0,8.1e-06,0.30993,3.404,8.903e-05
2021-01-14 08:00:00,38365.86,0.003842,41.1588,0.001073,147.46,8.13e-06,0.31221,3.4219,8.911e-05
2021-01-14 12:00:00,39546.01,0.003868,41.6267,0.001053,152.95,8.02e-06,0.31725,3.4899,8.818e-05
2021-01-14 16:00:00,39876.98,0.003875,41.5145,0.0010414,154.51,7.93e-06,0.31672,3.2886,8.252e-05
2021-01-14 20:00:00,39144.5,0.003894,41.8723,0.0010692,152.5,7.97e-06,0.31201,3.2921,8.386e-05
2021-01-15 00:00:00,38700.0,0.00388,41.4165,0.0010705,150.19,8.21e-06,0.31759,3.3278,8.593e-05
2021-01-15 04:00:00,38473.08,0.003912,41.7744,0.0010857,150.51,8.44e-06,0.3246,3.3711,8.78e-05
2021-01-15 08:00:00,38108.88,0.003911,41.2019,0.0010816,149.12,8.37e-06,0.31881,3.3747,8.858e-05
2021-01-15 12:00:00,35610.72,0.00387,39.8714,0.0011202,137.82,8.32e-06,0.29614,3.1006,8.669e-05
2021-01-15 16:00:00,35217.26,0.003942,40.1211,0.0011399,138.85,8.52e-06,0.3,3.1615,8.969e-05
2021-01-15 20:00:00,36742.22,0.00391,40.8668,0.0011136,143.65,8.22e-06,0.30188,3.2475,8.825e-05
2021-01-16 00:00:00,36532.92,0.003932,41.6577,0.0011398,143.63,8.46e-06,0.30858,3.453,9.426e-05
2021-01-16 04:00:00,36574.86,0.003911,41.5745,0.0011355,143.09,8.62e-06,0.31555,3.4574,9.468e-05
2021-01-16 08:00:00,37680.0,0.003959,43.0831,0.0011435,149.19,9.38e-06,0.35379,3.4122,9.064e-05
2021-01-16 12:00:00,37461.99,0.004,43.8116,0.0011705,149.95,9.53e-06,0.35689,3.4024,9.083e-05
2021-01-16 16:00:00,36376.39,0.004007,42.8516,0.0011778,145.83,9.71e-06,0.35289,3.5853,9.858e-05
2021-01-16 20:00:00,35994.98,0.003988,43.142,0.001197,143.52,9.74e-06,0.35071,3.4247,9.521e-05
2021-01-17 00:00:00,36177.0,0.003979,43.2444,0.0011958,143.92,1.038e-05,0.37574,3.7127,0.0001024
2021-01-17 04:00:00,34760.9,0.003999,41.4867,0.0011945,139.02,1.022e-05,0.35515,3.3926,9.767e-05
2021-01-17 08:00:00,35267.17,0.00403,42.1941,0.0011963,142.17,1.067e-05,0.37639,3.6009,0.00010208
2021-01-17 12:00:00,35728.47,0.00398,43.4691,0.0012161,142.31,1.076e-05,0.38478,3.5505,9.93e-05
2021-01-17 16:00:00,35633.91,0.003978,45.5602,0.0012794,141.78,1.043e-05,0.37185,3.7862,0.00010642
2021-01-17 20:00:00,35828.61,0.003985,45.8675,0.0012798,142.8,1.063e-05,0.38081,3.8268,0.00010659
2021-01-18 00:00:00,35106.25,0.003975,45.1923,0.001288,139.49,1.06e-05,0.37203,3.7607,0.00010711
2021-01-18 04:00:00,36104.61,0.003952,46.0786,0.0012768,142.67,1.06e-05,0.38185,4.0138,0.00011114
2021-01-18 08:00:00,36442.08,0.003895,44.7458,0.001228,141.95,1.022e-05,0.37208,3.9122,0.00010742
2021-01-18 12:00:00,36405.98,0.004155,44.7466,0.0012289,151.28,1.033e-05,0.37573,3.9574,0.00010878
2021-01-18 16:00:00,35956.14,0.004118,44.7421,0.0012435,148.08,1.025e-05,0.36817,3.9021,0.00010836
2021-01-18 20:00:00,36631.27,0.004151,45.3412,0.0012377,151.96,1.014e-05,0.37123,3.7868,0.00010348
2021-01-19 00:00:00,36465.3,0.004347,44.7507,0.0012275,158.55,9.97e-06,0.36349,3.961,0.00010867
2021-01-19 04:00:00,37168.82,0.004416,45.7968,0.001232,164.27,9.94e-06,0.36962,3.8123,0.00010265
2021-01-19 08:00:00,37266.49,0.004408,45.9701,0.0012338,164.27,1.014e-05,0.37792,3.9,0.00010467
2021-01-19 12:00:00,37329.4,0.004333,44.257,0.0011859,161.74,9.98e-06,0.37286,3.8336,0.00010264
2021-01-19 16:00:00,36279.82,0.00432,42.5286,0.0011726,156.76,1.013e-05,0.36787,3.6295,0.00010006
2021-01-19 20:00:00,35891.49,0.004231,42.5241,0.0011854,151.86,1.023e-05,0.3672,3.6287,0.00010125
2021-01-20 00:00:00,35062.49,0.00423,41.3421,0.0011787,148.3,1.014e-05,0.35554,3.5447,0.00010106
2021-01-20 04:00:00,35677.14,0.004244,42.2612,0.0011844,151.4,1.016e-05,0.36186,3.6119,0.00010114
2021-01-20 08:00:00,34426.17,0.004145,40.7705,0.0011841,142.7,9.81e-06,0.33778,3.4125,9.936e-05
2021-01-20 12:00:00,34192.17,0.004131,40.9663,0.0011977,141.23,1.002e-05,0.3425,3.5158,0.00010292
2021-01-20 16:00:00,35197.12,0.004217,42.2286,0.0011995,148.42,1.037e-05,0.36509,3.674,0.00010417
2021-01-20 20:00:00,35468.23,0.00422,42.6069,0.0012003,149.69,1.058e-05,0.37532,3.7166,0.0001048
2021-01-21 00:00:00,34571.09,0.004179,41.6551,0.0012046,144.51,1.068e-05,0.36911,3.53,0.00010211
2021-01-21 04:00:00,34624.27,0.004138,41.5676,0.0011997,143.25,1.041e-05,0.36012,3.551,0.00010258
2021-01-21 08:00:00,32208.62,0.00416,39.7211,0.0012334,133.92,1.07e-05,0.34416,3.4842,0.00010832
2021-01-21 12:00:00,31384.09,0.004178,39.7195,0.0012648,131.21,1.072e-05,0.33655,3.3077,0.00010521
2021-01-21 16:00:00,32468.66,0.004151,40.5939,0.0012496,134.77,1.048e-05,0.3402,3.3156,0.00010217
2021-01-21 20:00:00,30850.13,0.004207,38.6343,0.0012521,129.72,9.98e-06,0.30785,2.9899,9.685e-05
2021-01-22 00:00:00,30943.4,0.004359,39.3144,0.0012701,134.9,1.045e-05,0.32363,3.1587,0.00010248
2021-01-22 04:00:00,30842.45,0.004381,39.3072,0.0012742,135.14,1.025e-05,0.31605,3.0813,0.0001003
2021-01-22 08:00:00,31710.88,0.004398,40.4455,0.0012754,139.47,1.043e-05,0.33106,3.2165,0.00010149
2021-01-22 12:00:00,32458.42,0.004321,40.6716,0.0012528,140.27,1.082e-05,0.35117,3.3916,0.00010459
2021-01-22 16:00:00,33589.52,0.004181,41.1107,0.0012244,140.43,1.05e-05,0.35256,3.4243,0.00010217
2021-01-22 20:00:00,32945.17,0.004178,40.8936,0.00124,137.66,1.059e-05,0.34867,3.3352,0.00010102
2021-01-23 00:00:00,32365.01,0.004235,40.7379,0.0012578,137.09,1.081e-05,0.34989,3.4226,0.0001055
2021-01-23 04:00:00,32931.18,0.004282,41.1652,0.0012506,141.01,1.08e-05,0.35597,3.5515,0.00010801
2021-01-23 08:00:00,31645.49,0.004324,39.8363,0.0012598,136.86,1.066e-05,0.33739,3.457,0.00010946
2021-01-23 12:00:00,31877.1,0.004354,40.4418,0.0012685,138.79,1.075e-05,0.34281,3.4722,0.00010897
2021-01-23 16:00:00,32348.79,0.004317,40.9519,0.0012657,139.65,1.077e-05,0.34836,3.514,0.00010843
2021-01-23 20:00:00,32078.0,0.004291,40.9109,0.0012749,137.67,1.078e-05,0.34583,3.5079,0.00010916
2021-01-24 00:00:00,32480.05,0.004331,41.4228,0.0012759,140.68,1.073e-05,0.3485,3.5555,0.00010962
2021-01-24 04:00:00,32801.15,0.004315,41.8885,0.0012773,141.52,1.073e-05,0.35207,3.725,0.00011356
2021-01-24 08:00:00,32833.37,0.004312,42.0642,0.0012818,141.56,1.113e-05,0.36571,3.7419,0.00011408
2021-01-24 12:00:00,31957.05,0.004317,41.137,0.001287,138.01,1.109e-05,0.35445,3.5936,0.00011246
2021-01-24 16:00:00,31306.29,0.004342,40.757,0.0013024,135.92,1.093e-05,0.34248,3.55,0.0001132
2021-01-24 20:00:00,32259.9,0.004373,41.8263,0.001297,141.01,1.096e-05,0.35345,3.6278,0.00011261
2021-01-25 00:00:00,33568.18,0.004378,42.6653,0.0012703,146.98,1.072e-05,0.36001,3.5469,0.00010564
2021-01-25 04:00:00,33346.95,0.00432,42.2111,0.0012657,144.17,1.063e-05,0.35448,3.5177,0.0001054
2021-01-25 08:00:00,33185.26,0.004282,42.5213,0.0012825,142.08,1.074e-05,0.35668,3.5729,0.00010787
2021-01-25 12:00:00,34458.31,0.004225,43.0271,0.0012488,145.52,1.051e-05,0.36173,3.7116,0.00010769
2021-01-25 16:00:00,33411.54,0.004227,41.9423,0.0012544,141.24,1.054e-05,0.35229,3.893,0.0001165
2021-01-25 20:00:00,32254.2,0.004249,41.8347,0.0012958,137.07,1.064e-05,0.34308,3.7038,0.00011471
2021-01-26 00:00:00,31518.66,0.004268,40.9595,0.0012987,134.48,1.07e-05,0.33726,3.7328,0.0001184
2021-01-26 04:00:00,31643.61,0.004269,40.8651,0.0012918,135.04,1.08e-05,0.34151,3.7513,0.00011825
2021-01-26 08:00:00,31796.95,0.004246,40.5284,0.0012746,134.95,1.068e-05,0.33933,4.017,0.00012602
2021-01-26 12:00:00,31750.23,0.004129,40.6566,0.00128,131.0,1.053e-05,0.3342,3.7882,0.00011937
2021-01-26 16:00:00,32208.33,0.004168,41.1794,0.0012785,134.23,1.063e-05,0.34222,4.0224,0.00012508
2021-01-26 20:00:00,32467.77,0.004148,41.8396,0.0012883,134.67,1.057e-05,0.3433,4.041,0.00012447
2021-01-27 00:00:00,31800.86,0.004137,41.2879,0.0012979,131.54,1.044e-05,0.33207,3.8438,0.0001211
2021-01-27 04:00:00,31743.33,0.004113,41.6733,0.0013128,130.51,1.045e-05,0.33202,3.7858,0.00011902
2021-01-27 08:00:00,30639.05,0.004048,40.7067,0.0013275,124.04,1.043e-05,0.31989,3.6313,0.0001186
2021-01-27 12:00:00,30322.61,0.004122,40.5194,0.0013355,124.96,1.052e-05,0.31923,3.7253,0.00012269
2021-01-27 16:00:00,30740.33,0.004003,40.6598,0.0013236,123.07,1.027e-05,0.31578,3.7011,0.00012066
2021-01-27 20:00:00,30366.15,0.004034,40.8826,0.0013468,122.44,1.026e-05,0.31144,3.675,0.00012117
2021-01-28 00:00:00,31404.25,0.004043,41.8823,0.001333,126.92,1.036e-05,0.32549,3.7319,0.00011868
2021-01-28 04:00:00,31170.53,0.00412,41.9088,0.0013462,128.45,1.059e-05,0.3302,3.7604,0.00012066
2021-01-28 08:00:00,31437.37,0.004121,42.2564,0.0013438,129.54,1.07e-05,0.3365,3.8235,0.00012152
2021-01-28 12:00:00,31926.49,0.004101,42.237,0.0013229,130.92,1.072e-05,0.34181,3.8884,0.00012195
2021-01-28 16:00:00,32564.71,0.003999,42.449,0.0013035,130.22,1.046e-05,0.34037,3.8542,0.00011831
2021-01-28 20:00:00,33364.86,0.003994,42.5254,0.0012746,133.27,1.032e-05,0.34409,3.81,0.00011422
2021-01-29 00:00:00,33733.58,0.003995,42.3822,0.0012569,134.72,1.004e-05,0.33837,3.7875,0.00011242
2021-01-29 04:00:00,32266.35,0.004118,42.5866,0.0013191,132.87,1.069e-05,0.34492,3.6664,0.00011343
2021-01-29 08:00:00,37025.32,0.003826,43.7787,0.0011819,141.68,9.89e-06,0.36652,3.728,0.00010055
2021-01-29 12:00:00,37129.4,0.003846,43.5231,0.0011734,142.77,9.64e-06,0.35815,3.813,0.0001027
2021-01-29 16:00:00,34318.57,0.003948,42.295,0.0012325,135.42,1.01e-05,0.34646,3.7388,0.00010902
2021-01-29 20:00:00,34252.2,0.00393,42.8618,0.0012513,134.65,1.015e-05,0.34752,3.8293,0.00011183
2021-01-30 00:00:00,33273.36,0.003913,43.0113,0.0012929,130.21,1.025e-05,0.34089,3.8286,0.00011489
2021-01-30 04:00:00,34046.8,0.003861,43.4392,0.0012763,131.43,1.006e-05,0.34253,3.8328,0.00011262
2021-01-30 08:00:00,33660.4,0.003873,43.8565,0.0013045,130.29,1.02e-05,0.34324,3.881,0.00011565
2021-01-30 12:00:00,34210.2,0.003885,44.8897,0.0013115,132.98,1.031e-05,0.35268,4.0426,0.00011827
2021-01-30 16:00:00,34286.5,0.003895,44.7951,0.0013064,133.61,1.046e-05,0.35867,4.02,0.0001173
2021-01-30 20:00:00,34262.88,0.003891,44.7849,0.0013066,133.36,1.063e-05,0.364,4.228,0.00012349
2021-01-31 00:00:00,33930.21,0.003882,44.6641,0.0013168,131.77,1.061e-05,0.35981,4.324,0.00012771
2021-01-31 04:00:00,33607.98,0.003894,44.2735,0.001318,130.84,1.06e-05,0.35605,4.4867,0.00013368
2021-01-31 08:00:00,33563.23,0.003912,45.1564,0.0013453,131.3,1.058e-05,0.35536,4.55,0.00013561
2021-01-31 12:00:00,32862.66,0.003862,43.6242,0.001327,126.91,1.046e-05,0.34416,4.2266,0.00012837
2021-01-31 16:00:00,32808.8,0.003904,44.0478,0.0013429,128.1,1.047e-05,0.34355,4.2924,0.00013111
2021-01-31 20:00:00,33092.98,0.003909,44.3292,0.0013397,129.36,1.041e-05,0.34475,4.2525,0.00012835
2021-02-01 00:00:00,33573.97,0.003883,44.5779,0.0013273,130.36,1.03e-05,0.34577,4.2186,0.00012579
2021-02-01 04:00:00,33803.97,0.003869,45.6943,0.0013515,130.78,1.028e-05,0.34724,4.1719,0.00012341
2021-02-01 08:00:00,34183.33,0.003945,48.8208,0.0014274,134.72,1.029e-05,0.35178,4.3697,0.00012793
2021-02-01 12:00:00,33160.17,0.003874,48.3088,0.0014559,128.44,1.058e-05,0.35088,4.2058,0.00012704
2021-02-01 16:00:00,33838.13,0.003881,49.65,0.0014677,131.31,1.077e-05,0.3642,4.495,0.00013278
2021-02-01 20:00:00,33526.37,0.003939,51.4781,0.0015347,132.0,1.219e-05,0.40876,4.6148,0.00013753
2021-02-02 00:00:00,33550.32,0.003972,50.1837,0.0014957,133.26,1.219e-05,0.40843,4.8068,0.0001432
2021-02-02 04:00:00,34223.38,0.004008,50.1285,0.0014635,137.27,1.243e-05,0.425,4.956,0.0001449
2021-02-02 08:00:00,34720.15,0.004008,52.0506,0.0015,139.1,1.205e-05,0.41836,5.22,0.00015016
2021-02-02 12:00:00,34708.47,0.004188,50.2635,0.0014486,145.3,1.275e-05,0.44242,5.0612,0.00014589
2021-02-02 16:00:00,35762.03,0.004073,50.3456,0.0014082,145.49,1.174e-05,0.41947,5.1654,0.00014437
2021-02-02 20:00:00,35466.24,0.004,51.0071,0.0014374,141.98,1.198e-05,0.42498,5.2331,0.0001475
2021-02-03 00:00:00,36403.47,0.004213,50.9741,0.0014001,153.45,1.193e-05,0.43451,5.1036,0.00013993
2021-02-03 04:00:00,36297.57,0.004195,50.2593,0.0013841,152.28,1.181e-05,0.4286,5.1877,0.00014265
2021-02-03 08:00:00,35969.41,0.004182,51.0812,0.0014197,150.4,1.162e-05,0.41767,5.2239,0.0001453
2021-02-03 12:00:00,36850.0,0.004159,51.1711,0.0013887,153.2,1.164e-05,0.42936,5.6068,0.00015212
2021-02-03 16:00:00,36788.89,0.004156,51.3897,0.0013966,152.82,1.192e-05,0.43866,5.4554,0.00014822
2021-02-03 20:00:00,37618.87,0.004146,52.12,0.0013863,155.93,1.174e-05,0.44189,5.7311,0.00015284
2021-02-04 00:00:00,37498.78,0.003996,52.2609,0.0013946,149.89,1.15e-05,0.43123,5.911,0.00015748
2021-02-04 04:00:00,37843.4,0.003997,52.9564,0.0013999,151.28,1.132e-05,0.42808,5.8314,0.0001541
2021-02-04 08:00:00,37321.75,0.003926,52.7756,0.001413,146.63,1.152e-05,0.43029,5.7631,0.00015462
2021-02-04 12:00:00,36564.23,0.003935,53.1529,0.0014546,143.79,1.159e-05,0.4239,5.7092,0.00015606
2021-02-04 16:00:00,37467.18,0.003935,56.1284,0.0014975,147.44,1.159e-05,0.43401,5.886,0.00015741
2021-02-04 20:00:00,36936.66,0.003927,55.9599,0.0015158,145.07,1.188e-05,0.43934,6.4085,0.00017371
2021-02-05 00:00:00,37366.02,0.003963,56.7984,0.0015193,148.05,1.292e-05,0.483,6.8451,0.00018324
2021-02-05 04:00:00,37653.98,0.004039,57.7949,0.0015352,152.04,1.338e-05,0.50386,6.7668,0.00017954
2021-02-05 08:00:00,37691.32,0.004072,59.5417,0.0015805,153.45,1.355e-05,0.5109,6.6629,0.00017707
2021-02-05 12:00:00,37960.76,0.004093,60.7597,0.0016021,155.42,1.338e-05,0.50786,6.9316,0.00018275
2021-02-05 16:00:00,37608.92,0.004026,62.5894,0.0016636,151.43,1.422e-05,0.53475,6.716,0.00017846
2021-02-05 20:00:00,38290.24,0.004049,67.7005,0.0017671,155.05,1.401e-05,0.53917,6.7005,0.00017463
2021-02-06 00:00:00,39384.74,0.004107,65.3251,0.0016581,161.73,1.351e-05,0.53176,6.1457,0.00015608
2021-02-06 04:00:00,39359.12,0.00405,70.4045,0.0017884,159.36,1.387e-05,0.54543,5.9809,0.00015197
2021-02-06 08:00:00,40199.99,0.003995,73.9493,0.00184,160.64,1.333e-05,0.53577,6.0033,0.0001495
2021-02-06 12:00:00,40864.73,0.003961,71.2627,0.0017439,161.89,1.328e-05,0.54238,5.7933,0.00014167
2021-02-06 16:00:00,40179.42,0.003945,71.3596,0.0017757,158.49,1.534e-05,0.6161,6.085,0.00015151
2021-02-06 20:00:00,39186.94,0.003968,72.8356,0.0018587,155.57,1.617e-05,0.63444,6.1225,0.00015616
2021-02-07 00:00:00,38841.46,0.003919,69.8848,0.0018013,152.16,1.656e-05,0.64252,5.9017,0.00015222
2021-02-07 04:00:00,39030.0,0.003924,71.3149,0.0018282,153.12,1.699e-05,0.66315,5.9079,0.00015151
2021-02-07 08:00:00,39046.6,0.003885,70.2114,0.0017981,151.72,1.732e-05,0.67709,6.6591,0.00017042
2021-02-07 12:00:00,37921.11,0.003914,66.7443,0.0017612,148.4,1.612e-05,0.61149,6.4551,0.00017031
2021-02-07 16:00:00,38050.0,0.00393,67.5553,0.0017765,149.57,1.613e-05,0.61413,6.5442,0.00017218
2021-02-07 20:00:00,38795.69,0.003886,68.3542,0.0017635,150.76,1.705e-05,0.66109,6.6976,0.00017251
2021-02-08 00:00:00,38076.06,0.003895,69.6164,0.0018276,148.29,1.69e-05,0.64341,6.6459,0.0001745
2021-02-08 04:00:00,39269.95,0.003867,73.3846,0.0018694,151.9,1.69e-05,0.66378,7.5587,0.00019242
2021-02-08 08:00:00,39423.08,0.003878,72.4484,0.0018379,152.87,1.744e-05,0.688,7.4868,0.00018988
2021-02-08 12:00:00,43716.32,0.003756,73.692,0.0016871,164.08,1.566e-05,0.68373,7.7551,0.0001775
2021-02-08 16:00:00,43051.95,0.003773,75.8353,0.0017625,162.4,1.647e-05,0.70989,8.0344,0.00018661
2021-02-08 20:00:00,46374.87,0.003609,79.8374,0.0017226,167.28,1.461e-05,0.67638,7.855,0.00016923
2021-02-09 00:00:00,46599.51,0.003697,80.871,0.0017345,172.25,1.468e-05,0.68395,8.328,0.00017872
2021-02-09 04:00:00,47505.4,0.003584,92.4722,0.0019461,170.23,1.431e-05,0.68026,8.0645,0.0001698
2021-02-09 08:00:00,46380.92,0.003625,94.5877,0.0020388,168.1,1.469e-05,0.6814,7.7596,0.00016697
2021-02-09 12:00:00,46773.63,0.003599,105.1638,0.0022484,168.37,1.454e-05,0.6805,7.695,0.00016427
2021-02-09 16:00:00,47060.18,0.003727,107.7465,0.00229,175.42,1.478e-05,0.69587,7.9164,0.00016819
2021-02-09 20:00:00,46420.42,0.003911,107.3469,0.0023132,181.49,1.52e-05,0.70562,7.8005,0.00016785
2021-02-10 00:00:00,46221.07,0.004082,117.2152,0.0025344,188.65,1.674e-05,0.77363,8.3096,0.00017968
2021-02-10 04:00:00,46563.69,0.004114,142.6897,0.0030575,191.62,1.735e-05,0.80769,8.1681,0.00017562
2021-02-10 08:00:00,46586.56,0.00407,133.0049,0.0028551,189.53,1.866e-05,0.86974,8.2456,0.00017668
2021-02-10 12:00:00,44353.04,0.003967,121.5614,0.0027428,176.11,1.847e-05,0.81804,7.7806,0.00017519
2021-02-10 16:00:00,45190.05,0.003973,127.7061,0.0028263,179.5,1.873e-05,0.84588,8.3573,0.00018507
2021-02-10 20:00:00,44807.58,0.004054,128.9711,0.0028728,181.56,2.098e-05,0.93966,9.09,0.00020269
2021-02-11 00:00:00,44582.07,0.00403,126.2606,0.0028322,179.75,1.981e-05,0.88301,8.9489,0.00020068
2021-02-11 04:00:00,44700.01,0.004053,122.5909,0.002743,181.19,2.055e-05,0.9181,9.4559,0.00021115
2021-02-11 08:00:00,46061.49,0.004028,118.5257,0.0025735,185.56,1.964e-05,0.90484,9.159,0.00019883
2021-02-11 12:00:00,47960.85,0.003915,126.9252,0.0026452,187.8,1.953e-05,0.93661,9.2748,0.000193
2021-02-11 16:00:00,47754.03,0.003957,121.894,0.0025529,188.95,2.001e-05,0.95548,9.1219,0.00019118
2021-02-11 20:00:00,47969.51,0.003827,124.085,0.0025873,183.62,1.933e-05,0.92796,9.2004,0.000192
2021-02-12 00:00:00,47587.31,0.003829,123.7199,0.0026012,182.21,1.868e-05,0.88859,9.4242,0.00019794
2021-02-12 04:00:00,47318.81,0.003857,123.8875,0.0026168,182.54,1.914e-05,0.90573,9.3377,0.00019704
2021-02-12 08:00:00,47562.42,0.003913,131.1461,0.0027594,186.09,1.915e-05,0.91068,9.7662,0.00020521
2021-02-12 12:00:00,47021.05,0.003915,133.9003,0.0028446,184.07,1.958e-05,0.92039,9.5419,0.00020297
2021-02-12 16:00:00,47272.95,0.004017,135.4352,0.002867,189.9,1.938e-05,0.91647,9.4421,0.0002
2021-02-12 20:00:00,47287.6,0.004157,136.6139,0.00289,196.69,1.953e-05,0.92426,9.2,0.00019459
2021-02-13 00:00:00,47829.22,0.004315,133.3435,0.0027886,206.15,1.955e-05,0.93479,9.3941,0.00019688
2021-02-13 04:00:00,46995.72,0.004242,130.4115,0.0027784,199.14,1.919e-05,0.90184,9.1451,0.00019448
2021-02-13 08:00:00,46589.2,0.004216,127.6092,0.0027392,196.42,1.861e-05,0.86736,8.8609,0.00019003
2021-02-13 12:00:00,47076.01,0.004565,130.7032,0.0027756,214.96,1.905e-05,0.897,9.067,0.00019235
2021-02-13 16:00:00,46870.15,0.004739,133.0106,0.0028375,222.02,1.896e-05,0.8882,8.8884,0.00018976
2021-02-13 20:00:00,47153.69,0.00479,133.3496,0.0028252,225.76,1.935e-05,0.91299,8.7441,0.00018538
2021-02-14 00:00:00,47267.21,0.004558,129.0316,0.0027272,215.37,1.845e-05,0.87239,8.9088,0.00018846
2021-02-14 04:00:00,48725.18,0.004696,130.157,0.0026702,228.82,1.797e-05,0.8761,8.7083,0.00017883
2021-02-14 08:00:00,49055.16,0.004529,135.9808,0.0027734,222.21,1.78e-05,0.87266,8.5699,0.00017458
2021-02-14 12:00:00,48541.18,0.004375,131.4893,0.0027103,212.5,1.714e-05,0.83298,8.6773,0.00017869
2021-02-14 16:00:00,48693.39,0.004369,133.6132,0.0027443,212.71,1.735e-05,0.84526,8.8517,0.00018174
2021-02-14 20:00:00,48577.79,0.004394,135.8623,0.0027956,213.49,1.735e-05,0.84364,8.7158,0.00017924
2021-02-15 00:00:00,47120.3,0.004227,126.8539,0.002692,199.13,1.708e-05,0.80493,8.1148,0.0001722
2021-02-15 04:00:00,47267.06,0.004275,129.7877,0.0027463,201.97,1.728e-05,0.81643,8.2892,0.00017527
2021-02-15 08:00:00,47802.66,0.004357,132.0,0.002762,208.27,1.766e-05,0.84408,8.6276,0.00018065
2021-02-15 12:00:00,47938.83,0.004414,131.4019,0.00274,211.6,1.823e-05,0.87429,8.9132,0.00018616
2021-02-15 16:00:00,48657.31,0.004501,132.4512,0.002722,218.9,1.804e-05,0.87807,9.1943,0.00018889
2021-02-15 20:00:00,47911.1,0.004339,130.303,0.002713,207.83,1.796e-05,0.86143,8.8516,0.00018466
2021-02-16 00:00:00,49624.03,0.004388,130.8032,0.0026358,217.57,1.774e-05,0.87982,8.9037,0.00017939
2021-02-16 04:00:00,49163.46,0.004367,130.52,0.0026544,214.67,1.776e-05,0.87379,8.7211,0.00017741
2021-02-16 08:00:00,48915.48,0.00436,130.3764,0.0026659,213.27,1.813e-05,0.88626,8.575,0.00017542
2021-02-16 12:00:00,48956.91,0.004288,130.3837,0.0026623,209.93,1.794e-05,0.87848,8.3899,0.00017122
2021-02-16 16:00:00,48537.39,0.004259,128.9824,0.0026574,206.64,1.777e-05,0.86264,8.1417,0.00016798
2021-02-16 20:00:00,49133.45,0.004278,130.183,0.0026462,210.26,1.771e-05,0.87,8.3002,0.00016871
2021-02-17 00:00:00,49657.38,0.004208,128.8292,0.0025952,208.91,1.7e-05,0.84459,7.7125,0.00015534
2021-02-17 04:00:00,51112.39,0.004282,130.8661,0.0025607,218.88,1.692e-05,0.86497,7.9487,0.00015559
2021-02-17 08:00:00,51273.46,0.004373,140.0453,0.00273,224.24,1.688e-05,0.86563,8.1048,0.00015803
2021-02-17 12:00:00,51169.97,0.00449,147.1069,0.0028782,229.72,1.697e-05,0.86803,8.2319,0.00016077
2021-02-17 16:00:00,52142.35,0.004431,168.9361,0.0032387,231.07,1.705e-05,0.88912,8.4013,0.00016096
2021-02-17 20:00:00,52119.71,0.004556,165.3233,0.0031723,237.49,1.712e-05,0.89206,8.2357,0.00015809
2021-02-18 00:00:00,52032.64,0.004466,165.782,0.0031864,232.35,1.746e-05,0.90837,8.4599,0.00016278
2021-02-18 04:00:00,51901.96,0.004432,180.0239,0.0034704,230.02,1.821e-05,0.94498,8.5484,0.00016435
2021-02-18 08:00:00,51374.07,0.004385,186.8627,0.0036383,225.16,1.794e-05,0.92141,8.5178,0.00016596
2021-02-18 12:00:00,51585.29,0.004365,195.0473,0.0037839,225.14,1.789e-05,0.92303,9.241,0.00017913
2021-02-18 16:00:00,51760.01,0.004334,193.7059,0.0037432,224.3,1.752e-05,0.90714,9.033,0.00017479
2021-02-18 20:00:00,51552.6,0.004396,195.6,0.0037934,226.59,1.774e-05,0.91442,8.9771,0.00017427
2021-02-19 00:00:00,51245.0,0.004392,232.0488,0.004534,225.05,1.752e-05,0.8973,8.6818,0.0001692
2021-02-19 04:00:00,51727.08,0.004484,261.2643,0.0050531,231.99,1.768e-05,0.91428,9.4914,0.00018376
2021-02-19 08:00:00,52710.0,0.004421,265.2304,0.0050337,232.9,1.789e-05,0.94244,9.8492,0.00018696
2021-02-19 12:00:00,53863.19,0.004298,311.7742,0.005791,231.59,1.698e-05,0.91434,10.9513,0.0002029
2021-02-19 16:00:00,54990.01,0.004294,325.1517,0.005907,236.08,1.685e-05,0.92628,11.4696,0.00020826
2021-02-19 20:00:00,55906.0,0.00423,333.111,0.0059603,236.5,1.656e-05,0.92581,11.4912,0.00020549
2021-02-20 00:00:00,55706.07,0.004366,286.6937,0.0051495,243.2,1.857e-05,1.03422,11.1003,0.0001993
2021-02-20 04:00:00,55207.92,0.004298,292.2177,0.0052934,237.25,1.853e-05,1.02335,10.9037,0.00019745
2021-02-20 08:00:00,56355.91,0.004277,303.8145,0.0053925,240.93,1.878e-05,1.05897,10.7923,0.00019115
2021-02-20 12:00:00,56145.97,0.004148,274.0573,0.004881,232.85,1.938e-05,1.08783,10.2533,0.00018291
2021-02-20 16:00:00,56975.12,0.004118,272.3951,0.0047787,234.6,2.018e-05,1.14935,10.4481,0.00018373
2021-02-20 20:00:00,55841.19,0.004059,253.0,0.0045382,226.65,1.996e-05,1.11568,9.9869,0.00017861
2021-02-21 00:00:00,56505.22,0.004024,268.6747,0.0047518,227.3,1.957e-05,1.10501,10.2116,0.00018074
2021-02-21 04:00:00,56091.76,0.003943,256.8666,0.0045791,221.15,1.968e-05,1.10373,10.0302,0.00017871
2021-02-21 08:00:00,57284.79,0.003989,284.4568,0.0049691,228.51,1.983e-05,1.13573,10.7298,0.00018744
2021-02-21 12:00:00,57313.99,0.004015,301.5967,0.0052645,230.05,1.933e-05,1.10726,10.599,0.00018486
2021-02-21 16:00:00,58072.62,0.003975,298.7849,0.0051479,230.87,1.919e-05,1.11435,11.3097,0.00019481
2021-02-21 20:00:00,57408.57,0.003958,295.2597,0.0051368,227.13,1.915e-05,1.09894,11.0753,0.00019289
2021-02-22 00:00:00,55860.12,0.00392,274.2568,0.0049103,218.94,1.872e-05,1.04575,10.5136,0.00018829
2021-02-22 04:00:00,56422.92,0.003949,277.9394,0.0049213,222.9,1.897e-05,1.07057,10.6552,0.00018881
2021-02-22 08:00:00,54524.94,0.003821,258.8153,0.0047501,208.36,1.842e-05,1.00381,9.9162,0.00018191
2021-02-22 12:00:00,53236.69,0.003743,262.7587,0.0049275,199.16,1.86e-05,0.99017,10.2709,0.00019283
2021-02-22 16:00:00,53581.69,0.003781,259.3954,0.0048406,202.59,1.931e-05,1.03434,13.32,0.00024898
2021-02-22 20:00:00,54087.67,0.003846,267.5147,0.0049418,208.32,2.027e-05,1.09703,14.4191,0.00026658
2021-02-23 00:00:00,51906.36,0.003771,246.9865,0.0047623,195.82,1.992e-05,1.03373,13.993,0.00026964
2021-02-23 04:00:00,49640.33,0.003813,231.5579,0.0046671,189.42,1.992e-05,0.98857,13.1238,0.00026398
2021-02-23 08:00:00,46369.29,0.003638,205.0271,0.0044246,168.52,1.957e-05,0.90715,14.0057,0.00030175
2021-02-23 12:00:00,48602.03,0.003649,230.4275,0.0047418,177.42,1.999e-05,0.97236,15.3902,0.00031693
2021-02-23 16:00:00,45523.0,0.003566,205.8686,0.0045221,162.36,1.962e-05,0.89361,14.2602,0.00031348
2021-02-23 20:00:00,48891.0,0.00363,231.3646,0.0047359,177.34,1.966e-05,0.96197,15.2244,0.00031111
2021-02-24 00:00:00,50874.99,0.003617,247.3942,0.0048617,183.89,1.976e-05,1.00462,15.9986,0.00031451
2021-02-24 04:00:00,50090.57,0.003606,253.7977,0.0050657,180.67,2e-05,1.00107,15.5833,0.000312
2021-02-24 08:00:00,50360.02,0.003688,265.6326,0.0052761,185.73,2.07e-05,1.04231,15.8097,0.00031377
2021-02-24 12:00:00,49819.5,0.00367,257.3518,0.0051656,182.93,2.06e-05,1.02669,16.676,0.00033521
2021-02-24 16:00:00,48959.93,0.003639,243.9021,0.0049793,178.09,2.098e-05,1.02698,17.43,0.00035624
2021-02-24 20:00:00,49676.2,0.003652,254.5056,0.0051203,181.43,2.11e-05,1.04902,17.1691,0.00034605
2021-02-25 00:00:00,50206.97,0.003612,251.6547,0.0050121,181.33,2.062e-05,1.03456,16.35,0.00032542
2021-02-25 04:00:00,50395.99,0.003626,247.7506,0.0049161,182.67,2.07e-05,1.04317,16.3119,0.00032386
2021-02-25 08:00:00,50294.8,0.00387,247.8856,0.0049282,194.89,2.08e-05,1.04652,16.1646,0.00032209
2021-02-25 12:00:00,50849.99,0.004,254.7066,0.0050067,203.42,2.203e-05,1.12,16.0851,0.00031679
2021-02-25 16:00:00,49443.86,0.003889,246.8081,0.0049928,192.31,2.289e-05,1.13238,15.2692,0.00030857
2021-02-25 20:00:00,47073.73,0.003808,234.9146,0.0049873,179.36,2.285e-05,1.07691,13.8442,0.00029494
2021-02-26 00:00:00,47330.24,0.003728,228.3794,0.0048261,176.51,2.285e-05,1.08109,14.63,0.00030915
2021-02-26 04:00:00,44973.68,0.003707,215.1438,0.0047797,166.75,2.266e-05,1.01886,13.3386,0.00029792
2021-02-26 08:00:00,46427.65,0.003691,224.7786,0.0048419,171.36,2.388e-05,1.1082,13.8127,0.00029781
2021-02-26 12:00:00,47594.65,0.003708,231.4852,0.004863,176.37,2.441e-05,1.162,14.4498,0.00030383
2021-02-26 16:00:00,46959.17,0.003714,225.4438,0.0048068,174.45,2.693e-05,1.26464,14.72,0.00031354
2021-02-26 20:00:00,46276.87,0.003677,221.717,0.0047917,170.25,2.686e-05,1.24303,13.5962,0.00029354
2021-02-27 00:00:00,47423.08,0.003709,228.1664,0.004809,175.89,2.668e-05,1.26544,14.2348,0.00030034
2021-02-27 04:00:00,47158.53,0.003715,231.8111,0.0049147,175.17,2.874e-05,1.35454,13.8783,0.00029415
2021-02-27 08:00:00,47299.99,0.003696,229.152,0.0048458,174.84,3.086e-05,1.45959,13.9314,0.00029442
2021-02-27 12:00:00,46528.64,0.003695,223.447,0.004802,171.92,2.924e-05,1.36099,13.3875,0.00028728
2021-02-27 16:00:00,47405.39,0.003722,229.4371,0.004838,176.62,2.958e-05,1.4028,13.8249,0.00029163
2021-02-27 20:00:00,46106.43,0.003725,225.3853,0.0048864,171.76,2.85e-05,1.31402,13.1916,0.00028636
2021-02-28 00:00:00,44629.17,0.003547,211.5016,0.0047415,158.22,2.626e-05,1.17107,12.07,0.00027078
2021-02-28 04:00:00,44400.83,0.003569,209.4993,0.0047241,158.45,2.695e-05,1.19622,12.1365,0.00027364
2021-02-28 08:00:00,45284.86,0.00361,216.5005,0.0047828,163.48,2.814e-05,1.2745,12.3806,0.00027308
2021-02-28 12:00:00,43391.14,0.003593,198.3037,0.0045721,155.87,2.775e-05,1.204,11.5213,0.00026536
2021-02-28 16:00:00,44405.32,0.003656,205.0549,0.0046176,162.42,2.871e-05,1.27503,13.2421,0.00029826
2021-02-28 20:00:00,45135.66,0.00366,210.2138,0.0046568,165.22,2.909e-05,1.31203,13.0887,0.00029005
2021-03-01 00:00:00,46336.37,0.003571,224.6222,0.0048442,165.5,2.747e-05,1.27322,13.9287,0.00030064
2021-03-01 04:00:00,46288.18,0.003576,222.7395,0.0048146,165.49,2.758e-05,1.27699,14.5117,0.00031347
2021-03-01 08:00:00,47722.78,0.003579,251.5928,0.0052711,170.86,2.662e-05,1.27078,14.8363,0.00031062
2021-03-01 12:00:00,49188.0,0.003556,256.4053,0.0052146,174.88,2.599e-05,1.27895,15.4556,0.00031394
2021-03-01 16:00:00,48262.83,0.003537,244.2498,0.0050637,170.69,2.649e-05,1.27881,14.8047,0.00030716
2021-03-01 20:00:00,49587.03,0.003547,254.9637,0.0051393,175.89,2.615e-05,1.29627,14.9855,0.00030275
2021-03-02 00:00:00,48974.75,0.003538,248.6628,0.0050794,173.22,2.485e-05,1.21651,14.3406,0.0002923
2021-03-02 04:00:00,48331.61,0.003565,246.3771,0.0050964,172.3,2.509e-05,1.21238,14.3024,0.00029556
2021-03-02 08:00:00,48844.13,0.003706,250.0123,0.0051219,181.0,2.526e-05,1.23323,14.5527,0.00029864
2021-03-02 12:00:00,48676.08,0.003681,247.1861,0.0050754,179.13,2.552e-05,1.24244,14.6411,0.00030121
2021-03-02 16:00:00,47467.43,0.003627,230.3445,0.0048564,172.13,2.52e-05,1.19572,13.6704,0.00028818
2021-03-02 20:00:00,48440.65,0.003696,239.6841,0.0049484,179.08,2.524e-05,1.2228,13.9438,0.00028727
2021-03-03 00:00:00,48704.75,0.003799,238.1485,0.0048872,185.0,2.502e-05,1.21828,14.0388,0.00028803
2021-03-03 04:00:00,49752.97,0.003892,249.105,0.0050059,193.65,2.495e-05,1.24136,14.1994,0.00028534
2021-03-03 08:00:00,51666.33,0.00372,249.4578,0.0048295,192.2,2.406e-05,1.24347,14.5343,0.00028134
2021-03-03 12:00:00,50767.36,0.00382,245.2871,0.0048296,193.91,2.429e-05,1.23287,14.1652,0.00027912
2021-03-03 16:00:00,50857.17,0.003738,245.5,0.0048252,190.03,2.436e-05,1.23925,14.3112,0.00028136
2021-03-03 20:00:00,50349.37,0.003728,240.5701,0.0047779,187.64,2.408e-05,1.21311,14.0742,0.00027959
2021-03-04 00:00:00,49574.89,0.003739,240.3169,0.0048479,185.26,2.412e-05,1.19549,13.7726,0.00027778
2021-03-04 04:00:00,49696.49,0.003783,243.3161,0.0048946,188.04,2.422e-05,1.20311,13.7258,0.00027636
2021-03-04 08:00:00,49323.32,0.003746,238.1396,0.0048306,184.86,2.36e-05,1.1646,13.4454,0.00027257
2021-03-04 12:00:00,49412.6,0.003749,238.9153,0.004833,185.19,2.327e-05,1.1502,13.4535,0.00027251
2021-03-04 16:00:00,48000.36,0.003727,228.5964,0.0047652,178.92,2.322e-05,1.115,12.9061,0.00026967
2021-03-04 20:00:00,48374.09,0.003735,229.6369,0.0047488,180.67,2.3e-05,1.11239,13.0508,0.00026998
2021-03-05 00:00:00,47289.81,0.003658,221.348,0.0046784,172.97,2.275e-05,1.07561,12.5591,0.00026517
2021-03-05 04:00:00,47380.0,0.003676,224.2488,0.0047328,174.1,2.405e-05,1.13947,12.5038,0.00026376
2021-03-05 08:00:00,47478.87,0.003683,223.9468,0.0047163,174.86,2.365e-05,1.12387,12.5116,0.00026319
2021-03-05 12:00:00,47867.45,0.003674,223.5839,0.0046691,175.9,2.439e-05,1.16702,12.7174,0.00026601
2021-03-05 16:00:00,49295.47,0.003651,227.7528,0.0046197,179.97,2.389e-05,1.17734,12.5438,0.00025459
2021-03-05 20:00:00,48751.71,0.003696,225.4714,0.0046243,180.23,2.378e-05,1.15908,12.5382,0.00025711
2021-03-06 00:00:00,48657.72,0.003694,225.0253,0.0046248,179.66,2.346e-05,1.14157,12.3716,0.00025407
2021-03-06 04:00:00,48820.12,0.003763,228.7537,0.0046863,183.73,2.352e-05,1.14788,12.2893,0.00025174
2021-03-06 08:00:00,48171.01,0.003766,225.2663,0.0046769,181.41,2.325e-05,1.11999,12.0848,0.00025095
2021-03-06 12:00:00,47267.88,0.003748,221.7053,0.0046877,177.14,2.343e-05,1.10661,12.2773,0.00025953
2021-03-06 16:00:00,48341.01,0.003743,224.2851,0.004639,180.99,2.285e-05,1.10479,12.895,0.00026674
2021-03-06 20:00:00,48882.2,0.003741,226.3814,0.0046307,182.85,2.31e-05,1.129,13.0421,0.00026697
2021-03-07 00:00:00,49551.44,0.003722,227.7976,0.0045981,184.44,2.276e-05,1.12775,12.927,0.00026089
2021-03-07 04:00:00,50052.68,0.003717,230.1375,0.0045957,186.01,2.258e-05,1.13,12.7577,0.00025493
2021-03-07 08:00:00,50705.52,0.003706,240.8,0.0047497,187.94,2.246e-05,1.13816,13.6253,0.00026874
2021-03-07 12:00:00,50585.23,0.003674,235.3391,0.0046517,185.82,2.229e-05,1.12709,13.53,0.00026771
2021-03-07 16:00:00,50381.68,0.00371,233.1683,0.0046284,186.91,2.224e-05,1.1198,13.7359,0.00027244
2021-03-07 20:00:00,50971.75,0.003742,240.11,0.0047078,190.75,2.217e-05,1.13042,13.8174,0.00027147
2021-03-08 00:00:00,50598.49,0.00373,236.7142,0.0046797,188.7,2.26e-05,1.14326,13.4425,0.00026576
2021-03-08 04:00:00,49755.24,0.003717,232.4405,0.0046706,184.95,2.253e-05,1.12025,13.3156,0.00026715
2021-03-08 08:00:00,50496.82,0.00365,234.3227,0.0046436,184.29,2.223e-05,1.12243,13.2749,0.00026287
2021-03-08 12:00:00,51054.99,0.003648,235.5177,0.0046136,186.22,2.196e-05,1.12105,13.6171,0.00026687
2021-03-08 16:00:00,51310.82,0.003658,235.7236,0.0045945,187.68,2.176e-05,1.11682,13.7031,0.00026702
2021-03-08 20:00:00,52375.17,0.003663,240.5509,0.0045924,191.85,2.135e-05,1.11848,13.6028,0.0002598
2021-03-09 00:00:00,53840.62,0.00369,244.7914,0.0045452,198.71,2.119e-05,1.14111,13.9197,0.00025823
2021-03-09 04:00:00,53546.9,0.003671,242.5678,0.0045276,196.69,2.103e-05,1.12619,13.8773,0.00025908
2021-03-09 08:00:00,54233.32,0.003681,267.8,0.0049379,199.62,2.197e-05,1.19116,14.2898,0.0002638
2021-03-09 12:00:00,54097.02,0.003696,276.4444,0.0051092,199.99,2.171e-05,1.17385,14.668,0.00027145
2021-03-09 16:00:00,54108.79,0.003663,277.0801,0.0051201,198.18,2.185e-05,1.18226,14.8288,0.00027378
2021-03-09 20:00:00,54884.5,0.003714,293.2052,0.0053456,203.81,2.181e-05,1.1972,14.839,0.00027079
2021-03-10 00:00:00,53467.8,0.003618,273.2428,0.0051096,193.39,2.142e-05,1.14496,14.217,0.00026644
2021-03-10 04:00:00,54173.38,0.00365,286.2001,0.0052821,197.71,2.149e-05,1.16338,14.5201,0.00026811
2021-03-10 08:00:00,54858.47,0.003596,279.5609,0.0050967,197.26,2.121e-05,1.16375,14.7167,0.00026816
2021-03-10 12:00:00,56328.81,0.003603,284.9998,0.0050587,202.97,2.066e-05,1.16404,14.7809,0.00026238
2021-03-10 16:00:00,56739.4,0.003599,285.5827,0.0050341,204.14,2.055e-05,1.16581,14.651,0.00025808
2021-03-10 20:00:00,55851.59,0.003585,278.4499,0.004985,200.29,2.028e-05,1.13261,14.2048,0.00025457
2021-03-11 00:00:00,55992.6,0.003566,285.325,0.0050939,199.64,2.022e-05,1.1321,14.0916,0.00025205
2021-03-11 04:00:00,55034.2,0.003536,278.5182,0.0050618,194.51,2.039e-05,1.12158,13.9091,0.00025255
2021-03-11 08:00:00,56227.34,0.003513,282.1999,0.0050193,197.48,2.002e-05,1.12501,14.0894,0.00025033
2021-03-11 12:00:00,56347.19,0.003515,291.6397,0.0051735,197.92,1.987e-05,1.11911,14.2325,0.00025278
2021-03-11 16:00:00,56827.84,0.003487,287.3216,0.0050572,198.15,1.954e-05,1.10993,15.7413,0.00027703
2021-03-11 20:00:00,57773.16,0.003484,290.0301,0.0050191,201.36,1.947e-05,1.1243,16.031,0.00027842
2021-03-12 00:00:00,57104.17,0.003676,282.4,0.004946,209.93,1.953e-05,1.11499,16.1219,0.00028222
2021-03-12 04:00:00,56670.9,0.003687,279.1689,0.004926,209.0,1.916e-05,1.08657,16.0566,0.00028292
2021-03-12 08:00:00,56500.0,0.003705,279.2959,0.004945,209.35,1.907e-05,1.077,15.5535,0.0002753
2021-03-12 12:00:00,56956.95,0.003694,272.7356,0.0047867,210.2,1.888e-05,1.07476,15.511,0.00027249
2021-03-12 16:00:00,56942.41,0.003695,261.396,0.0045886,210.32,1.83e-05,1.04296,14.6862,0.00025763
2021-03-12 20:00:00,57221.72,0.003858,263.2201,0.0045966,220.84,1.805e-05,1.03207,14.5597,0.00025424
2021-03-13 00:00:00,56694.32,0.003825,260.4215,0.0045924,216.84,1.853e-05,1.05009,14.1373,0.00024944
2021-03-13 04:00:00,57343.7,0.00385,270.4951,0.0047154,220.77,1.839e-05,1.05421,14.3796,0.00025052
2021-03-13 08:00:00,59849.74,0.003757,281.1481,0.0046973,224.83,1.908e-05,1.14158,14.6216,0.0002444
2021-03-13 12:00:00,59692.99,0.003822,276.1557,0.004625,228.18,1.873e-05,1.11829,14.8807,0.00024978
2021-03-13 16:00:00,60773.56,0.003724,277.9652,0.0045733,226.32,1.82e-05,1.10571,15.0,0.000247
2021-03-13 20:00:00,61188.39,0.003695,276.2822,0.0045137,226.06,1.799e-05,1.1,15.3033,0.00024987
2021-03-14 00:00:00,61356.31,0.003654,274.6147,0.0044762,224.23,1.773e-05,1.08749,15.0326,0.00024507
2021-03-14 04:00:00,60494.8,0.00362,268.676,0.0044412,218.83,1.785e-05,1.0797,14.5596,0.00024044
2021-03-14 08:00:00,60308.31,0.003645,270.4771,0.0044856,219.81,1.791e-05,1.07971,14.5241,0.00024065
2021-03-14 12:00:00,59681.26,0.003639,266.6539,0.0044663,217.04,1.796e-05,1.07258,14.4799,0.00024218
2021-03-14 16:00:00,59931.7,0.003664,268.7486,0.0044825,219.59,1.806e-05,1.08275,14.8585,0.00024776
2021-03-14 20:00:00,58968.31,0.003628,263.238,0.0044645,213.94,1.786e-05,1.05243,14.4605,0.00024544
2021-03-15 00:00:00,60379.99,0.003642,266.4001,0.004413,220.0,1.758e-05,1.06141,14.7663,0.00024432
2021-03-15 04:00:00,57789.76,0.003608,255.2105,0.0044176,208.46,1.797e-05,1.03767,13.9359,0.00024089
2021-03-15 08:00:00,56150.79,0.003652,254.9935,0.0045396,205.14,1.827e-05,1.02588,14.2587,0.000254
2021-03-15 12:00:00,56224.13,0.00359,254.7831,0.0045331,201.79,1.833e-05,1.02969,14.0865,0.00025038
2021-03-15 16:00:00,56570.36,0.003588,257.6178,0.0045516,203.0,1.844e-05,1.04301,14.2725,0.00025256
2021-03-15 20:00:00,55605.2,0.003608,254.5144,0.0045716,200.59,1.853e-05,1.03103,14.1577,0.00025435
2021-03-16 00:00:00,54272.86,0.003615,246.5517,0.0045439,196.19,1.884e-05,1.02222,13.5015,0.00024879
2021-03-16 04:00:00,55239.81,0.003683,253.262,0.0045818,203.44,1.889e-05,1.04354,13.5509,0.00024536
2021-03-16 08:00:00,55471.21,0.003614,254.3215,0.004584,200.44,1.868e-05,1.03592,13.6306,0.0002462
2021-03-16 12:00:00,55844.92,0.003652,257.9245,0.0046215,203.9,1.956e-05,1.09154,13.765,0.00024655
2021-03-16 16:00:00,55731.36,0.003563,253.8615,0.0045564,198.6,2.202e-05,1.22607,13.795,0.00024756
2021-03-16 20:00:00,56900.75,0.003544,258.5352,0.0045439,201.6,2.197e-05,1.24924,13.6392,0.00023959
2021-03-17 00:00:00,55506.23,0.003553,253.0,0.0045602,197.15,2.18e-05,1.2105,13.3903,0.0002414
2021-03-17 04:00:00,55821.01,0.003619,254.5436,0.004562,202.0,2.265e-05,1.26373,13.5128,0.00024221
2021-03-17 08:00:00,54840.0,0.00358,251.2592,0.0045824,196.22,2.252e-05,1.23465,13.3059,0.00024223
2021-03-17 12:00:00,54930.0,0.00359,252.0003,0.0045873,197.15,2.238e-05,1.22899,13.4714,0.00024548
2021-03-17 16:00:00,57867.42,0.003512,263.5145,0.0045541,203.3,2.186e-05,1.26348,14.1649,0.0002451
2021-03-17 20:00:00,58912.97,0.003496,269.7896,0.0045815,205.98,2.338e-05,1.377,14.2018,0.00024136
2021-03-18 00:00:00,58712.33,0.003486,272.0142,0.0046328,204.64,2.393e-05,1.40562,14.1847,0.00024179
2021-03-18 04:00:00,58355.15,0.003495,274.5994,0.0047072,203.85,2.405e-05,1.40305,14.218,0.00024354
2021-03-18 08:00:00,58170.37,0.003489,266.6,0.0045835,203.01,2.456e-05,1.42882,14.06,0.00024164
2021-03-18 12:00:00,59533.68,0.003452,269.3952,0.0045281,205.37,2.432e-05,1.44843,14.1976,0.00023841
2021-03-18 16:00:00,57293.79,0.003497,258.6882,0.0045142,200.33,2.2e-05,1.26003,14.3147,0.00024958
2021-03-18 20:00:00,57648.16,0.003464,261.4816,0.0045345,199.7,2.134e-05,1.22925,14.204,0.00024692
2021-03-19 00:00:00,57779.84,0.003479,263.5831,0.0045598,201.05,2.139e-05,1.23594,14.0999,0.00024365
2021-03-19 04:00:00,57834.04,0.003491,261.8185,0.0045265,201.89,2.186e-05,1.26401,14.0005,0.00024207
2021-03-19 08:00:00,58831.33,0.003473,266.8967,0.004538,204.34,2.141e-05,1.25983,14.18,0.00024121
2021-03-19 12:00:00,58971.5,0.003448,266.6881,0.0045228,203.38,2.17e-05,1.28027,14.36,0.0002434
2021-03-19 16:00:00,58826.56,0.003423,265.7766,0.0045166,201.43,2.274e-05,1.33832,14.3238,0.00024331
2021-03-19 20:00:00,58030.01,0.003446,262.935,0.0045328,199.96,2.232e-05,1.29474,14.1552,0.00024352
2021-03-20 00:00:00,58367.74,0.003459,264.7934,0.0045377,202.0,2.18e-05,1.27208,14.3251,0.00024533
2021-03-20 04:00:00,58402.41,0.003463,269.9435,0.0046241,202.25,2.159e-05,1.26138,14.514,0.00024846
2021-03-20 08:00:00,59242.47,0.003457,269.1146,0.0045434,204.77,2.136e-05,1.26494,14.8008,0.00025
2021-03-20 12:00:00,59244.52,0.00344,271.3716,0.0045816,203.81,2.122e-05,1.25557,14.6881,0.00024795
2021-03-20 16:00:00,59272.82,0.003434,270.9068,0.0045699,203.53,2.109e-05,1.24933,14.6383,0.00024724
2021-03-20 20:00:00,58102.28,0.003444,264.3023,0.0045489,200.17,2.066e-05,1.20046,14.1894,0.00024384
2021-03-21 00:00:00,57790.0,0.003446,267.0326,0.00462,199.05,2.118e-05,1.2235,14.0753,0.00024372
2021-03-21 04:00:00,56972.68,0.003441,263.6105,0.0046232,195.99,2.127e-05,1.21163,13.9532,0.00024465
2021-03-21 08:00:00,56267.65,0.003452,260.059,0.0046224,194.29,2.105e-05,1.18371,13.7333,0.00024386
2021-03-21 12:00:00,57159.04,0.00342,263.0267,0.0046008,195.45,2.105e-05,1.2031,13.9345,0.00024371
2021-03-21 16:00:00,57513.18,0.003419,264.8476,0.0046048,196.68,2.085e-05,1.19926,14.1922,0.00024669
2021-03-21 20:00:00,57351.56,0.003405,264.6513,0.0046157,195.31,2.068e-05,1.18561,14.3372,0.00024981
2021-03-22 00:00:00,57563.63,0.003381,267.9467,0.0046555,194.6,2.071e-05,1.19226,15.17,0.0002634
2021-03-22 04:00:00,57576.5,0.003384,265.4762,0.0046117,194.89,2.076e-05,1.19523,16.1811,0.0002809
2021-03-22 08:00:00,57713.79,0.003401,266.9459,0.0046245,196.29,2.063e-05,1.19057,16.3992,0.00028372
2021-03-22 12:00:00,57083.0,0.003443,267.4725,0.004688,196.46,2.067e-05,1.17989,15.8338,0.00027736
2021-03-22 16:00:00,55524.99,0.003469,265.7971,0.0047863,192.69,2.072e-05,1.15033,15.4325,0.00027834
2021-03-22 20:00:00,54083.25,0.003433,254.7976,0.0047164,185.67,2.037e-05,1.1015,14.7964,0.00027311
2021-03-23 00:00:00,54684.83,0.003444,259.2775,0.0047406,188.35,2.065e-05,1.12932,15.1,0.00027622
2021-03-23 04:00:00,54161.34,0.003425,257.2424,0.0047497,185.49,2.083e-05,1.12853,14.4264,0.00026642
2021-03-23 08:00:00,54249.81,0.003397,255.8984,0.0047175,184.28,2.077e-05,1.12749,14.3816,0.00026542
2021-03-23 12:00:00,55165.19,0.003377,260.0814,0.0047136,186.29,2.096e-05,1.15654,14.7128,0.00026656
2021-03-23 16:00:00,55008.46,0.003383,257.2118,0.0046755,186.01,2.048e-05,1.12631,14.3598,0.00026063
2021-03-23 20:00:00,54340.89,0.003418,255.4646,0.004701,185.83,2.053e-05,1.11639,14.1552,0.0002605
2021-03-24 00:00:00,54350.54,0.003514,256.1307,0.0047142,190.94,2.038e-05,1.10801,14.3317,0.00026342
2021-03-24 04:00:00,55464.2,0.003506,259.6612,0.0046799,194.42,2.057e-05,1.14078,14.66,0.00026411
2021-03-24 08:00:00,56541.03,0.00344,263.2445,0.0046557,194.65,2.031e-05,1.14908,14.71,0.00026006
2021-03-24 12:00:00,56298.12,0.003442,262.8945,0.0046693,193.78,2.026e-05,1.14055,14.8464,0.00026353
2021-03-24 16:00:00,54736.53,0.003428,255.0362,0.0046607,187.64,2.019e-05,1.10566,14.6594,0.00026758
2021-03-24 20:00:00,52303.65,0.003365,248.5236,0.0047512,176.05,2.042e-05,1.06902,13.5973,0.00025993
2021-03-25 00:00:00,52122.86,0.003369,240.7404,0.0046189,175.67,2.09e-05,1.08951,13.35,0.00025561
2021-03-25 04:00:00,52270.71,0.003312,241.887,0.0046234,173.09,2.071e-05,1.08219,13.3045,0.00025457
2021-03-25 08:00:00,52163.19,0.003336,242.0314,0.0046408,173.99,2.117e-05,1.10472,13.1114,0.00025149
2021-03-25 12:00:00,50996.15,0.003347,231.1787,0.0045353,170.72,2.157e-05,1.09994,12.7961,0.00025095
2021-03-25 16:00:00,52195.19,0.003339,235.9964,0.0045218,174.19,2.122e-05,1.10731,12.9752,0.00024906
2021-03-25 20:00:00,51293.78,0.003344,233.9466,0.0045608,171.53,2.136e-05,1.0956,12.9787,0.00025299
2021-03-26 00:00:00,52407.19,0.003341,241.809,0.0046125,175.19,2.143e-05,1.12249,12.689,0.00024208
2021-03-26 04:00:00,53569.85,0.003306,246.084,0.004595,177.05,2.132e-05,1.1417,14.0145,0.00026146
2021-03-26 08:00:00,52710.96,0.003396,247.3178,0.0046947,178.94,2.391e-05,1.25966,13.9628,0.00026528
2021-03-26 12:00:00,53308.27,0.003377,247.9981,0.0046513,180.03,2.29e-05,1.221,13.9411,0.00026148
2021-03-26 16:00:00,53778.55,0.003364,250.3205,0.0046558,180.9,2.246e-05,1.20767,14.2683,0.0002655
2021-03-26 20:00:00,55025.59,0.003333,255.2105,0.0046352,183.45,2.205e-05,1.2142,14.7664,0.00026831
2021-03-27 00:00:00,54760.97,0.003318,252.0795,0.0046036,181.64,2.157e-05,1.18076,14.8783,0.00027175
2021-03-27 04:00:00,54950.28,0.003322,252.4047,0.0045941,182.49,2.17e-05,1.19251,16.027,0.0002916
2021-03-27 08:00:00,54442.89,0.003313,255.9668,0.0047029,180.24,2.161e-05,1.17666,15.62,0.00028697
2021-03-27 12:00:00,54961.85,0.003293,260.8413,0.0047451,181.04,2.146e-05,1.17939,16.0,0.00029122
2021-03-27 16:00:00,55765.01,0.00328,263.8698,0.0047323,182.92,2.126e-05,1.18546,15.8912,0.00028469
2021-03-27 20:00:00,55817.14,0.003297,269.2234,0.0048233,184.06,2.108e-05,1.17678,16.4589,0.00029483
2021-03-28 00:00:00,56052.05,0.00332,277.9815,0.0049589,186.17,2.13e-05,1.19403,17.2226,0.0003076
2021-03-28 04:00:00,56200.66,0.003298,277.3772,0.0049354,185.38,2.144e-05,1.20589,17.5179,0.00031149
2021-03-28 08:00:00,55787.03,0.003288,269.1348,0.0048247,183.5,2.131e-05,1.18866,18.2957,0.00032797
2021-03-28 12:00:00,56354.35,0.003287,272.1464,0.0048291,185.26,2.111e-05,1.18937,18.9148,0.00033577
2021-03-28 16:00:00,55208.69,0.003292,265.7822,0.0048166,181.72,2.138e-05,1.18016,18.558,0.00033666
2021-03-28 20:00:00,55777.63,0.003302,268.4263,0.0048162,184.24,2.133e-05,1.18983,18.0645,0.00032406
2021-03-29 00:00:00,55371.6,0.00344,269.3396,0.0048626,190.45,2.142e-05,1.18529,18.4529,0.00033339
2021-03-29 04:00:00,55911.99,0.003471,273.6639,0.0048919,194.1,2.159e-05,1.20756,18.1001,0.00032381
2021-03-29 08:00:00,57854.32,0.003374,275.3546,0.0047613,195.15,2.088e-05,1.20735,18.3798,0.00031798
2021-03-29 12:00:00,57719.74,0.003356,272.2735,0.0047202,193.58,2.083e-05,1.20269,18.1488,0.00031468
2021-03-29 16:00:00,57676.42,0.003367,272.9418,0.0047339,194.27,2.09e-05,1.20598,18.8299,0.00032673
2021-03-29 20:00:00,57635.47,0.003361,275.2991,0.0047741,193.73,2.086e-05,1.20239,18.9504,0.00032844
2021-03-30 00:00:00,57181.33,0.003341,272.3969,0.0047647,191.05,2.087e-05,1.19343,19.999,0.00034963
2021-03-30 04:00:00,58116.17,0.003315,278.9628,0.0048,192.61,2.083e-05,1.21099,20.3683,0.00035042
2021-03-30 08:00:00,59240.34,0.003372,297.077,0.0050129,199.7,2.077e-05,1.23045,20.4691,0.00034582
2021-03-30 12:00:00,58526.42,0.003347,296.3093,0.0050649,195.92,2.069e-05,1.21051,19.4093,0.00033167
2021-03-30 16:00:00,59060.0,0.003329,311.193,0.0052677,196.63,2.081e-05,1.2294,19.2805,0.00032642
2021-03-30 20:00:00,58746.57,0.003332,311.2962,0.0052984,195.74,2.062e-05,1.21189,19.0685,0.0003246
2021-03-31 00:00:00,58608.63,0.003304,301.4599,0.0051436,193.64,2.025e-05,1.18661,18.7394,0.00031991
2021-03-31 04:00:00,58173.83,0.003308,302.3484,0.005199,192.36,2.039e-05,1.18626,18.5801,0.00031955
2021-03-31 08:00:00,58015.02,0.003286,298.6,0.005149,190.62,2.036e-05,1.18126,19.4406,0.00033526
2021-03-31 12:00:00,59304.75,0.00326,306.4393,0.0051687,193.29,2.009e-05,1.1916,19.4123,0.00032708
2021-03-31 16:00:00,58553.12,0.003297,300.8379,0.0051445,193.05,2.022e-05,1.18375,19.5141,0.00033301
2021-03-31 20:00:00,58740.55,0.003348,302.3724,0.0051487,196.7,2.028e-05,1.19191,19.3861,0.00033011
2021-04-01 00:00:00,59119.02,0.003339,306.5715,0.0051853,197.5,2.009e-05,1.18779,19.746,0.00033398
2021-04-01 04:00:00,58817.77,0.003356,313.2238,0.0053255,197.31,2.025e-05,1.1914,19.9834,0.00033998
2021-04-01 08:00:00,58584.32,0.003347,313.7071,0.0053542,196.13,2.03e-05,1.18999,19.2831,0.00032931
2021-04-01 12:00:00,58974.65,0.00346,327.4493,0.005555,204.03,2.025e-05,1.19429,19.4277,0.00032948
2021-04-01 16:00:00,58918.99,0.003424,327.9105,0.0055679,201.68,2.011e-05,1.18489,19.1458,0.00032507
2021-04-01 20:00:00,58720.44,0.003453,334.7991,0.0056989,202.86,2.014e-05,1.18377,19.0443,0.00032417
2021-04-02 00:00:00,59869.79,0.003441,343.9262,0.0057427,206.13,1.99e-05,1.19151,18.724,0.00031274
2021-04-02 04:00:00,59417.63,0.003448,351.5284,0.0059145,204.98,2.062e-05,1.22558,19.018,0.00031967
2021-04-02 08:00:00,59542.78,0.003457,346.8385,0.005826,205.83,2.029e-05,1.20787,19.1032,0.00032076
2021-04-02 12:00:00,59480.06,0.003497,346.8853,0.0058331,207.97,2.039e-05,1.21175,19.4936,0.00032757
2021-04-02 16:00:00,58850.0,0.003486,337.3612,0.0057357,205.18,2.033e-05,1.19573,19.2665,0.00032746
2021-04-02 20:00:00,58950.01,0.003587,338.2932,0.0057378,211.46,2.019e-05,1.18998,19.7501,0.0003351
2021-04-03 00:00:00,59221.53,0.003559,339.057,0.0057241,210.89,2.063e-05,1.22176,21.041,0.00035529
2021-04-03 04:00:00,59298.85,0.003635,342.5997,0.0057791,215.59,2.066e-05,1.22533,21.15,0.00035694
2021-04-03 08:00:00,59255.02,0.003602,345.9999,0.0058371,213.37,2.053e-05,1.21642,22.5116,0.0003793
2021-04-03 12:00:00,58829.99,0.003523,338.7522,0.0057614,207.25,2.051e-05,1.20617,21.031,0.00035745
2021-04-03 16:00:00,58597.04,0.003518,336.4078,0.0057427,206.07,2.04e-05,1.1962,22.1705,0.00037809
2021-04-03 20:00:00,57051.94,0.003421,321.9497,0.0056437,195.23,2.037e-05,1.16238,22.5,0.00039411
2021-04-04 00:00:00,57492.42,0.003466,334.0,0.005809,199.25,2.054e-05,1.181,22.7723,0.0003959
2021-04-04 04:00:00,57614.52,0.003477,336.5,0.0058441,200.3,2.035e-05,1.17225,23.7662,0.00041265
2021-04-04 08:00:00,57275.55,0.00349,337.6736,0.0058966,199.77,2.048e-05,1.17274,23.6828,0.00041359
2021-04-04 12:00:00,57918.11,0.003476,344.3994,0.0059433,201.37,2.033e-05,1.1772,24.7428,0.00042734
2021-04-04 16:00:00,57953.86,0.003481,347.2496,0.0059936,201.74,2.037e-05,1.1806,24.1242,0.00041627
2021-04-04 20:00:00,58202.01,0.003476,348.8617,0.0059976,202.21,2.031e-05,1.18206,23.7755,0.00040857
2021-04-05 00:00:00,57467.12,0.003527,344.8003,0.0060026,202.65,2.059e-05,1.18363,24.3263,0.00042303
2021-04-05 04:00:00,57250.0,0.0035,340.3646,0.0059464,200.33,2.044e-05,1.17037,23.181,0.00040511
2021-04-05 08:00:00,57756.36,0.003526,363.2063,0.0062891,203.66,2.045e-05,1.18093,23.8241,0.000413
2021-04-05 12:00:00,59018.29,0.003547,377.3521,0.0063919,209.33,2.047e-05,1.20774,24.1195,0.00040797
2021-04-05 16:00:00,59005.2,0.003694,373.7316,0.006333,217.96,2.023e-05,1.19316,23.5505,0.00039886
2021-04-05 20:00:00,59129.99,0.003746,368.0263,0.0062251,221.48,2.049e-05,1.2118,22.9717,0.00038917
2021-04-06 00:00:00,58608.7,0.003725,370.0966,0.0063163,218.32,2.047e-05,1.1995,22.7268,0.00038804
2021-04-06 04:00:00,58576.59,0.003748,376.7076,0.0064319,219.42,2.052e-05,1.20254,23.0306,0.00039254
2021-04-06 08:00:00,58541.34,0.003983,396.9264,0.0067814,233.23,2.053e-05,1.20234,22.8103,0.00038918
2021-04-06 12:00:00,57818.53,0.004058,386.5547,0.0066838,234.59,2.203e-05,1.27342,22.7679,0.00039399
2021-04-06 16:00:00,58225.0,0.004104,397.855,0.0068344,238.95,2.16e-05,1.25775,24.2231,0.00041569
2021-04-06 20:00:00,57991.15,0.004084,403.3648,0.0069545,237.04,2.159e-05,1.252,25.0548,0.00043259
2021-04-07 00:00:00,57922.75,0.004152,401.8659,0.0069393,240.48,2.189e-05,1.26827,25.1743,0.00043461
2021-04-07 04:00:00,57850.57,0.004016,403.9133,0.0069804,232.26,2.155e-05,1.2472,25.3286,0.00043783
2021-04-07 08:00:00,56320.47,0.003879,370.9607,0.0065896,218.57,2.117e-05,1.19183,23.9988,0.00042586
2021-04-07 12:00:00,56451.45,0.003869,374.3154,0.00663,218.37,2.095e-05,1.18283,26.5957,0.00047188
2021-04-07 16:00:00,56153.83,0.003934,375.9641,0.0066938,220.97,2.104e-05,1.18046,26.85,0.0004782
2021-04-07 20:00:00,55953.45,0.003914,375.5538,0.0067051,219.05,2.097e-05,1.17359,26.5385,0.00047293
2021-04-08 00:00:00,56540.62,0.003909,396.8374,0.007017,221.08,2.104e-05,1.18975,26.0014,0.00046
2021-04-08 04:00:00,57025.71,0.003962,397.5975,0.0069789,225.96,2.109e-05,1.20201,27.0517,0.00047462
2021-04-08 08:00:00,56421.18,0.003878,394.5048,0.0069915,218.77,2.109e-05,1.18992,26.5004,0.0004699
2021-04-08 12:00:00,57768.13,0.003894,418.126,0.00724,224.96,2.101e-05,1.21323,26.1648,0.00045284
2021-04-08 16:00:00,57734.94,0.00386,420.1341,0.0072809,222.8,2.103e-05,1.21414,26.2801,0.00045553
2021-04-08 20:00:00,58077.52,0.003895,418.7048,0.0072075,226.11,2.1e-05,1.21926,26.9384,0.00046423
2021-04-09 00:00:00,57985.71,0.003868,407.5826,0.0070301,224.25,2.079e-05,1.20534,27.6372,0.00047657
2021-04-09 04:00:00,58051.42,0.003879,421.4207,0.0072572,225.2,2.092e-05,1.21454,28.1507,0.0004851
2021-04-09 08:00:00,58527.19,0.003887,437.3145,0.0074711,227.5,2.074e-05,1.21394,28.7004,0.00048985
2021-04-09 12:00:00,58240.0,0.003848,437.6793,0.007513,224.11,2.066e-05,1.20299,28.1554,0.00048247
2021-04-09 16:00:00,58370.59,0.003835,438.5938,0.0075141,223.89,2.071e-05,1.20876,28.6446,0.00049111
2021-04-09 20:00:00,58142.54,0.003802,453.9937,0.0078031,221.12,2.069e-05,1.20201,27.6172,0.00047546
2021-04-10 00:00:00,59229.5,0.003825,474.2731,0.0080068,226.66,2.045e-05,1.21174,27.4569,0.00046379
2021-04-10 04:00:00,60480.4,0.003843,473.6936,0.0078316,232.46,2.034e-05,1.23036,27.0398,0.00044685
2021-04-10 08:00:00,60575.94,0.003838,484.5193,0.0080018,232.56,2.021e-05,1.22395,27.8592,0.0004602
2021-04-10 12:00:00,60247.26,0.003892,474.773,0.0078784,234.52,2.037e-05,1.22818,27.0614,0.00044926
2021-04-10 16:00:00,59567.38,0.004081,470.7823,0.0079061,243.16,2.033e-05,1.2115,26.6105,0.00044677
2021-04-10 20:00:00,59769.13,0.004292,471.2975,0.0078868,256.34,2.036e-05,1.21747,26.8021,0.00044807
2021-04-11 00:00:00,60268.58,0.004155,463.6146,0.0076893,250.27,2.029e-05,1.2233,26.2044,0.00043491
2021-04-11 04:00:00,59655.49,0.004319,473.5385,0.0079391,257.67,2.029e-05,1.21061,26.3355,0.00044134
2021-04-11 08:00:00,59721.84,0.00432,470.9815,0.0078884,257.94,2.045e-05,1.22151,26.0716,0.00043675
2021-04-11 12:00:00,59645.46,0.004234,492.9733,0.0082623,252.55,2.08e-05,1.24037,27.5901,0.00046204
2021-04-11 16:00:00,59705.53,0.00419,500.0141,0.0083709,250.21,2.109e-05,1.2591,28.5467,0.00047792
2021-04-11 20:00:00,60002.43,0.004207,525.9275,0.0087662,252.31,2.106e-05,1.26355,27.8517,0.00046454
2021-04-12 00:00:00,60368.96,0.00421,551.313,0.0091299,254.1,2.196e-05,1.32612,28.938,0.00047934
2021-04-12 04:00:00,60711.01,0.00421,580.7914,0.0095672,255.55,2.13e-05,1.29263,28.2983,0.00046587
2021-04-12 08:00:00,60241.5,0.004139,594.1471,0.0098521,249.35,2.188e-05,1.31762,28.0877,0.00046556
2021-04-12 12:00:00,59986.83,0.004073,570.7135,0.0095116,244.31,2.129e-05,1.27696,27.114,0.0004516
2021-04-12 16:00:00,60090.41,0.004052,588.6408,0.0097977,243.47,2.172e-05,1.30529,27.5368,0.00045825
2021-04-12 20:00:00,59860.0,0.004084,596.7104,0.0099707,244.42,2.196e-05,1.31431,28.5424,0.00047752
2021-04-13 00:00:00,60493.43,0.00414,570.7941,0.0094328,250.41,2.166e-05,1.30995,27.9154,0.00046121
2021-04-13 04:00:00,61050.99,0.004286,550.2847,0.0090123,261.59,2.152e-05,1.3131,26.7951,0.00043893
2021-04-13 08:00:00,62942.21,0.004278,549.898,0.008737,269.31,2.127e-05,1.33941,26.7485,0.00042496
2021-04-13 12:00:00,63331.83,0.004227,560.2763,0.0088438,267.68,2.181e-05,1.38126,27.494,0.00043398
2021-04-13 16:00:00,62997.02,0.004245,560.6778,0.0088998,267.43,2.247e-05,1.41615,27.6754,0.00043927
2021-04-13 20:00:00,63575.0,0.004208,551.6442,0.0086716,267.59,2.222e-05,1.41246,27.4507,0.00043138
2021-04-14 00:00:00,63749.19,0.004383,568.3266,0.0089163,279.41,2.288e-05,1.4589,26.8034,0.00042012
2021-04-14 04:00:00,64288.8,0.004286,575.7693,0.008951,275.75,2.341e-05,1.50496,26.3519,0.00040961
2021-04-14 08:00:00,64511.21,0.004232,574.7138,0.0089122,273.0,2.281e-05,1.47108,25.99,0.00040299
2021-04-14 12:00:00,63045.02,0.004215,546.0364,0.0086623,265.55,2.275e-05,1.43457,25.7589,0.00040792
2021-04-14 16:00:00,62150.04,0.004259,536.5759,0.0086324,264.68,2.272e-05,1.41262,25.4339,0.00040917
2021-04-14 20:00:00,62959.53,0.004427,550.0182,0.0087317,278.86,2.306e-05,1.45092,26.4067,0.00041963
2021-04-15 00:00:00,63056.61,0.004417,545.392,0.0086486,278.52,2.288e-05,1.44316,25.7145,0.00040761
2021-04-15 04:00:00,62842.56,0.004355,550.2898,0.0087575,273.63,2.29e-05,1.43873,26.7502,0.00042576
2021-04-15 08:00:00,62361.12,0.004337,542.0952,0.0086969,270.5,2.326e-05,1.45088,26.559,0.00042553
2021-04-15 12:00:00,62715.18,0.004474,550.8736,0.0087872,280.46,2.359e-05,1.47948,27.2446,0.00043447
2021-04-15 16:00:00,63363.29,0.004517,550.7982,0.0086913,286.26,2.324e-05,1.47244,27.3167,0.0004304
2021-04-15 20:00:00,63159.98,0.00452,541.8824,0.0085783,285.63,2.341e-05,1.4782,27.7816,0.00043992
2021-04-16 00:00:00,62937.91,0.004687,531.1736,0.0084371,295.19,2.326e-05,1.46415,27.9753,0.00044416
2021-04-16 04:00:00,61414.83,0.004674,540.7577,0.0088061,287.13,2.309e-05,1.41858,26.9631,0.00043882
2021-04-16 08:00:00,60853.81,0.004574,521.8795,0.0085747,278.31,2.308e-05,1.40429,26.1271,0.00042944
2021-04-16 12:00:00,61551.62,0.004862,517.1799,0.0084134,299.03,2.278e-05,1.40262,25.9811,0.00042196
2021-04-16 16:00:00,61713.43,0.005049,514.1988,0.0083329,311.72,2.317e-05,1.43046,25.7419,0.0004167
2021-04-16 20:00:00,61334.8,0.005027,508.2743,0.0082871,308.43,2.301e-05,1.40989,25.2996,0.00041273
2021-04-17 00:00:00,62372.27,0.005187,533.3299,0.0085485,323.51,2.302e-05,1.436,25.7718,0.00041266
2021-04-17 04:00:00,62114.99,0.005264,536.5812,0.0086402,326.93,2.311e-05,1.43553,26.1823,0.00042102
2021-04-17 08:00:00,60886.91,0.005098,515.8129,0.0084738,310.5,2.285e-05,1.39001,25.8858,0.00042473
2021-04-17 12:00:00,60264.66,0.005078,511.0706,0.0084827,306.0,2.277e-05,1.37239,25.9826,0.0004299
2021-04-17 16:00:00,60705.02,0.005147,518.1317,0.0085355,312.4,2.29e-05,1.39062,25.2978,0.00041699
2021-04-17 20:00:00,60006.66,0.005014,514.6861,0.0085721,300.86,2.28e-05,1.36802,24.85,0.00041438
2021-04-18 00:00:00,55014.46,0.004824,481.6244,0.0087462,265.01,2.176e-05,1.19781,22.0209,0.00040055
2021-04-18 04:00:00,56180.34,0.004768,481.3611,0.0085656,267.8,2.223e-05,1.24902,27.2368,0.00048461
2021-04-18 08:00:00,53308.92,0.004668,431.9994,0.0080969,248.88,2.129e-05,1.1348,25.3046,0.00047555
2021-04-18 12:00:00,55452.45,0.004787,467.4541,0.0084286,265.32,2.24e-05,1.24231,28.1281,0.00050697
2021-04-18 16:00:00,55720.66,0.004842,474.3091,0.0085148,269.82,2.263e-05,1.26061,30.2,0.00054228
2021-04-18 20:00:00,56150.01,0.00487,481.4367,0.0085732,273.36,2.274e-05,1.27693,32.3358,0.00057574
2021-04-19 00:00:00,57030.9,0.004906,531.7589,0.0093256,279.9,2.315e-05,1.32083,31.8023,0.00055709
2021-04-19 04:00:00,57323.35,0.004813,533.6125,0.0093118,275.91,2.275e-05,1.30381,30.7771,0.00053773
2021-04-19 08:00:00,57107.4,0.004772,530.5607,0.0092918,272.52,2.223e-05,1.26943,33.8528,0.00059276
2021-04-19 12:00:00,54585.22,0.004622,483.835,0.0088673,252.27,2.163e-05,1.18041,30.4763,0.00055839
2021-04-19 16:00:00,55930.94,0.004819,504.9853,0.0090255,269.56,2.2e-05,1.23,34.3911,0.00061495
2021-04-19 20:00:00,55633.14,0.004696,504.0322,0.0090572,261.38,2.147e-05,1.1945,31.4711,0.00056545
2021-04-20 00:00:00,54764.12,0.004509,487.2196,0.0088829,246.89,2.114e-05,1.15774,30.4787,0.00055636
2021-04-20 04:00:00,54410.57,0.004515,493.9117,0.0090777,245.8,2.131e-05,1.15899,29.7888,0.00054725
2021-04-20 08:00:00,56266.83,0.004586,527.5,0.0093755,258.01,2.158e-05,1.21463,31.2561,0.000555
2021-04-20 12:00:00,55323.19,0.004595,533.629,0.0096444,254.19,2.166e-05,1.1981,29.7206,0.00053707
2021-04-20 16:00:00,56572.44,0.004818,587.1842,0.0103834,272.6,2.23e-05,1.26166,31.7825,0.0005614
2021-04-20 20:00:00,56425.0,0.004622,586.3635,0.0104,260.68,2.245e-05,1.26689,31.7028,0.00056155
2021-04-21 00:00:00,55204.6,0.004682,581.6071,0.0105314,258.42,2.247e-05,1.24115,32.6112,0.0005904
2021-04-21 04:00:00,55304.04,0.004698,593.2244,0.0107394,259.92,2.288e-05,1.26498,31.751,0.00057413
2021-04-21 08:00:00,54563.37,0.004658,563.8664,0.0103396,254.13,2.226e-05,1.21457,30.7265,0.00056331
2021-04-21 12:00:00,56153.75,0.004883,582.465,0.0103743,274.05,2.252e-05,1.265,34.3608,0.00061256
2021-04-21 16:00:00,55478.7,0.004955,576.8213,0.0104011,274.94,2.274e-05,1.26162,33.7102,0.0006075
2021-04-21 20:00:00,53787.63,0.00479,543.6327,0.0101148,257.69,2.237e-05,1.20358,32.5534,0.00060599
2021-04-22 00:00:00,53497.09,0.004817,542.4061,0.0101364,257.66,2.228e-05,1.19195,35.8759,0.00066985
2021-04-22 04:00:00,54144.99,0.004933,555.3934,0.0102661,266.92,2.251e-05,1.21831,37.8,0.00069799
2021-04-22 08:00:00,54866.62,0.005082,569.9,0.0103866,278.76,2.239e-05,1.2279,36.493,0.00066575
2021-04-22 12:00:00,54651.64,0.005219,577.1117,0.0105596,285.34,2.255e-05,1.23232,38.8781,0.00071102
2021-04-22 16:00:00,52923.54,0.005128,526.4786,0.0099467,271.35,2.298e-05,1.21604,38.2875,0.00072289
2021-04-22 20:00:00,51690.96,0.004889,505.2411,0.00977,252.5,2.213e-05,1.144,38.9,0.00075214
2021-04-23 00:00:00,50298.76,0.004623,506.1816,0.010064,232.49,2.175e-05,1.09456,36.5064,0.00072661
2021-04-23 04:00:00,47942.44,0.004664,466.1843,0.009738,223.84,2.097e-05,1.00437,32.2237,0.00067233
2021-04-23 08:00:00,50070.36,0.004747,517.737,0.0103417,237.69,2.253e-05,1.12739,35.2822,0.00070567
2021-04-23 12:00:00,49836.62,0.004709,505.0165,0.0101362,234.68,2.2e-05,1.09802,34.9074,0.00069976
2021-04-23 16:00:00,50876.72,0.004723,519.4118,0.010208,240.26,2.225e-05,1.1325,35.7896,0.00070364
2021-04-23 20:00:00,51125.14,0.004721,526.5357,0.0103031,241.31,2.265e-05,1.15866,37.3893,0.00072856
2021-04-24 00:00:00,50109.93,0.004671,523.1328,0.0104394,234.07,2.284e-05,1.14479,35.8534,0.00071468
2021-04-24 04:00:00,49805.2,0.004648,514.4,0.0103281,231.41,2.35e-05,1.17014,35.9136,0.00072135
2021-04-24 08:00:00,49073.71,0.004562,490.528,0.0099948,223.86,2.278e-05,1.11792,35.3061,0.00071912
2021-04-24 12:00:00,50212.03,0.004605,505.844,0.0100712,231.29,2.254e-05,1.13134,36.9661,0.00073607
2021-04-24 16:00:00,50667.75,0.004525,505.1029,0.0099718,229.26,2.225e-05,1.12711,42.1004,0.00083054
2021-04-24 20:00:00,50047.84,0.004494,496.992,0.0099234,224.75,2.205e-05,1.10287,40.8401,0.000818
2021-04-25 00:00:00,49615.54,0.004518,486.4045,0.0098024,224.05,2.201e-05,1.09212,40.9943,0.00082636
2021-04-25 04:00:00,49683.94,0.004524,487.7097,0.0098154,224.79,2.208e-05,1.09773,41.2849,0.00083067
2021-04-25 08:00:00,49550.73,0.004585,500.68,0.010109,227.05,2.253e-05,1.1161,42.057,0.0008488
2021-04-25 12:00:00,50257.97,0.004665,512.06,0.01019,234.43,2.271e-05,1.1418,46.724,0.00093135
2021-04-25 16:00:00,49333.01,0.004537,495.55,0.010047,223.79,2.241e-05,1.106,44.027,0.0008927
2021-04-25 20:00:00,49066.77,0.004563,505.0,0.0102933,223.88,2.223e-05,1.0913,47.405,0.00096689
2021-04-26 00:00:00,52398.99,0.00455,533.19,0.0101756,238.35,2.256e-05,1.182,47.189,0.00089998
2021-04-26 04:00:00,52801.37,0.004568,538.89,0.0102088,241.21,2.3e-05,1.2142,47.858,0.00090754
2021-04-26 08:00:00,53598.39,0.004552,541.53,0.0101,243.95,2.308e-05,1.2373,45.406,0.00084707
2021-04-26 12:00:00,53571.12,0.004542,538.0,0.010041,243.39,2.29e-05,1.2268,46.851,0.00087526
2021-04-26 16:00:00,54036.19,0.004548,537.73,0.009951,245.72,2.288e-05,1.2363,45.326,0.00083864
2021-04-26 20:00:00,54001.39,0.004582,535.33,0.009912,247.42,2.292e-05,1.2375,43.878,0.00081216
2021-04-27 00:00:00,53460.3,0.00464,530.06,0.009913,248.02,2.325e-05,1.2429,45.065,0.00084247
2021-04-27 04:00:00,54545.01,0.004623,540.23,0.009905,252.1,2.304e-05,1.2571,45.653,0.0008369
2021-04-27 08:00:00,55152.43,0.004664,575.35,0.010437,257.02,2.409e-05,1.3281,45.136,0.00081852
2021-04-27 12:00:00,54981.87,0.004685,566.74,0.010311,257.57,2.394e-05,1.3161,43.898,0.00079754
2021-04-27 16:00:00,54761.7,0.004694,561.91,0.010256,257.07,2.364e-05,1.2941,43.417,0.00079321
2021-04-27 20:00:00,55011.97,0.004722,568.78,0.010341,259.77,2.375e-05,1.3063,43.147,0.00078465
2021-04-28 00:00:00,54774.05,0.00466,559.68,0.01022,255.2,2.376e-05,1.3016,43.159,0.00078846
2021-04-28 04:00:00,54255.98,0.004679,554.56,0.010221,253.9,2.351e-05,1.2754,42.453,0.00078245
2021-04-28 08:00:00,54853.26,0.004663,560.14,0.010211,255.78,2.364e-05,1.2968,44.105,0.00080465
2021-04-28 12:00:00,54338.14,0.004638,555.2,0.010218,251.83,2.387e-05,1.297,45.831,0.00084386
2021-04-28 16:00:00,55411.97,0.004657,563.69,0.010173,258.03,2.404e-05,1.3318,45.598,0.00082315
2021-04-28 20:00:00,54846.22,0.004713,562.78,0.010259,258.51,2.438e-05,1.3379,44.833,0.00081745
2021-04-29 00:00:00,54265.1,0.004679,569.22,0.010493,253.95,2.432e-05,1.3202,43.214,0.00079692
2021-04-29 04:00:00,54465.14,0.004701,577.46,0.010604,256.0,2.578e-05,1.4046,43.649,0.00080245
2021-04-29 08:00:00,54300.16,0.004754,595.74,0.010969,258.19,2.559e-05,1.3901,44.094,0.00081223
2021-04-29 12:00:00,53703.11,0.004767,589.46,0.010975,255.86,2.527e-05,1.3577,44.266,0.0008244
2021-04-29 16:00:00,52860.02,0.00477,580.52,0.010982,252.14,2.455e-05,1.2983,41.978,0.0007943
2021-04-29 20:00:00,53555.0,0.004769,599.7,0.011201,255.31,2.438e-05,1.3063,42.484,0.000794
2021-04-30 00:00:00,53679.03,0.004842,605.13,0.011267,259.87,2.446e-05,1.3138,42.255,0.00078783
2021-04-30 04:00:00,54343.11,0.004872,616.89,0.011353,264.73,2.479e-05,1.3474,43.003,0.00079123
2021-04-30 08:00:00,54230.63,0.00481,602.93,0.011121,261.0,2.45e-05,1.3287,42.957,0.00079215
2021-04-30 12:00:00,57180.06,0.004697,606.38,0.010605,268.59,2.367e-05,1.3535,42.633,0.00074529
2021-04-30 16:00:00,57007.38,0.004702,625.73,0.010981,267.94,2.38e-05,1.3574,43.727,0.00076767
2021-04-30 20:00:00,57694.27,0.004699,622.65,0.010791,271.13,2.344e-05,1.3532,42.786,0.00074141
2021-05-01 00:00:00,58178.67,0.004713,635.97,0.01093,274.16,2.348e-05,1.366,43.033,0.00073919
2021-05-01 04:00:00,57725.14,0.00469,625.9,0.010847,270.7,2.335e-05,1.3472,42.834,0.00074249
2021-05-01 08:00:00,57816.9,0.004708,627.0,0.010845,272.2,2.321e-05,1.3415,44.403,0.00076742
2021-05-01 12:00:00,57356.58,0.004688,619.25,0.010801,268.91,2.324e-05,1.3331,47.36,0.00082593
2021-05-01 16:00:00,57770.31,0.004734,621.77,0.010756,273.45,2.307e-05,1.3325,49.45,0.00085606
2021-05-01 20:00:00,57800.37,0.004788,620.0,0.010731,276.78,2.338e-05,1.3516,49.67,0.00085809
2021-05-02 00:00:00,56450.19,0.004737,603.2,0.010683,267.57,2.319e-05,1.3084,47.472,0.00084019
2021-05-02 04:00:00,56633.02,0.004745,609.61,0.010765,268.74,2.322e-05,1.315,46.55,0.00082158
2021-05-02 08:00:00,57090.0,0.004765,619.93,0.010857,272.1,2.315e-05,1.3215,46.651,0.00081704
2021-05-02 12:00:00,56595.2,0.004739,622.66,0.011001,268.3,2.355e-05,1.3327,47.04,0.00083153
2021-05-02 16:00:00,56836.4,0.004772,627.31,0.011035,271.21,2.37e-05,1.3467,47.902,0.00084255
2021-05-02 20:00:00,56578.21,0.004752,621.78,0.010988,268.88,2.345e-05,1.3267,46.897,0.0008297
2021-05-03 00:00:00,57925.8,0.004716,624.98,0.01079,273.16,2.321e-05,1.345,47.639,0.00082331
2021-05-03 04:00:00,58787.87,0.004747,635.88,0.010816,279.04,2.312e-05,1.3594,48.469,0.00082462
2021-05-03 08:00:00,58657.63,0.004776,647.52,0.011043,280.21,2.341e-05,1.3727,48.24,0.00082266
2021-05-03 12:00:00,57601.83,0.004911,660.58,0.01147,282.84,2.331e-05,1.3429,47.837,0.00083046
2021-05-03 16:00:00,57564.87,0.00511,676.07,0.011741,294.08,2.369e-05,1.3642,47.022,0.00081702
2021-05-03 20:00:00,57169.39,0.005156,676.15,0.011832,294.87,2.383e-05,1.3622,45.912,0.00080388
2021-05-04 00:00:00,55452.17,0.004987,638.71,0.011522,276.46,2.344e-05,1.299,45.02,0.0008118
2021-05-04 04:00:00,55917.97,0.00506,654.09,0.01169,282.87,2.336e-05,1.3073,45.935,0.00082163
2021-05-04 08:00:00,56143.42,0.005653,652.86,0.011628,317.54,2.387e-05,1.3406,47.073,0.00083801
2021-05-04 12:00:00,53799.33,0.005522,612.85,0.01139,297.31,2.365e-05,1.2721,43.594,0.00081097
2021-05-04 16:00:00,54541.13,0.005635,630.7,0.011564,307.25,2.394e-05,1.3051,44.551,0.00081711
2021-05-04 20:00:00,53200.01,0.005738,609.3,0.011454,305.23,2.388e-05,1.2698,42.636,0.0008014
2021-05-05 00:00:00,54795.19,0.00607,627.77,0.011452,332.32,2.416e-05,1.3241,43.865,0.00080069
2021-05-05 04:00:00,54858.35,0.006038,642.59,0.011715,330.87,2.423e-05,1.3298,44.498,0.00081105
2021-05-05 08:00:00,55108.95,0.00612,642.69,0.011665,337.19,2.46e-05,1.3556,44.391,0.00080511
2021-05-05 12:00:00,57636.74,0.006107,646.42,0.011217,352.09,2.389e-05,1.3767,44.188,0.00076674
2021-05-05 16:00:00,57136.04,0.006286,649.74,0.011373,359.0,2.561e-05,1.4644,45.962,0.00080408
2021-05-05 20:00:00,57436.11,0.006198,651.1,0.01134,356.04,2.578e-05,1.4798,44.98,0.00078294
2021-05-06 00:00:00,56797.09,0.006022,641.23,0.011297,342.11,2.623e-05,1.4897,44.194,0.0007784
2021-05-06 04:00:00,56814.79,0.005903,640.74,0.011275,335.41,2.609e-05,1.4825,43.85,0.00077107
2021-05-06 08:00:00,57988.0,0.00599,648.12,0.011177,347.25,2.865e-05,1.6608,44.54,0.00076863
2021-05-06 12:00:00,57088.49,0.00601,639.54,0.011205,343.07,2.842e-05,1.6226,43.711,0.00076568
2021-05-06 16:00:00,56128.42,0.00596,631.9,0.011261,334.63,2.843e-05,1.5963,43.799,0.00077978
2021-05-06 20:00:00,56393.68,0.006288,633.99,0.011243,354.67,2.926e-05,1.6491,43.496,0.00077188
2021-05-07 00:00:00,55705.67,0.00631,618.74,0.011112,351.51,2.83e-05,1.5764,41.985,0.00075377
2021-05-07 04:00:00,55766.34,0.006603,620.98,0.011135,368.19,2.909e-05,1.6224,42.251,0.0007575
2021-05-07 08:00:00,56464.74,0.006331,625.13,0.011069,357.45,2.993e-05,1.6898,42.697,0.0007559
2021-05-07 12:00:00,57519.24,0.006124,635.95,0.011057,352.27,2.951e-05,1.6973,44.947,0.00078089
2021-05-07 16:00:00,57584.01,0.005996,626.2,0.010874,345.31,2.863e-05,1.6481,43.766,0.00075971
2021-05-07 20:00:00,57314.75,0.006017,624.3,0.01089,344.89,2.884e-05,1.653,43.182,0.00075251
2021-05-08 00:00:00,58099.98,0.006073,632.44,0.010887,352.85,2.803e-05,1.6282,43.514,0.00074872
2021-05-08 04:00:00,58463.06,0.005923,629.22,0.010761,346.37,2.804e-05,1.6397,43.626,0.00074529
2021-05-08 08:00:00,58556.09,0.005839,631.4,0.01078,341.9,2.703e-05,1.5835,44.257,0.00075605
2021-05-08 12:00:00,57599.87,0.005814,639.19,0.0111,334.89,2.724e-05,1.5683,43.553,0.00075706
2021-05-08 16:00:00,59030.56,0.005935,653.98,0.011077,350.39,2.74e-05,1.6177,44.897,0.00076068
2021-05-08 20:00:00,58862.05,0.005899,646.1,0.010978,347.1,2.754e-05,1.6211,45.612,0.0007751
2021-05-09 00:00:00,58632.78,0.005813,641.68,0.010946,340.81,2.721e-05,1.5943,44.569,0.00076033
2021-05-09 04:00:00,57965.59,0.005928,644.94,0.01113,343.88,2.993e-05,1.7353,44.712,0.00077137
2021-05-09 08:00:00,57907.49,0.006178,668.61,0.011551,357.66,2.988e-05,1.7305,44.8,0.00077399
2021-05-09 12:00:00,57379.58,0.006391,665.6,0.011602,366.71,3.122e-05,1.7919,44.159,0.00077085
2021-05-09 16:00:00,57266.97,0.006282,658.55,0.011504,359.76,3.072e-05,1.7588,44.23,0.00077201
2021-05-09 20:00:00,58240.84,0.006663,661.74,0.011367,387.8,3.033e-05,1.7663,44.33,0.00076139
2021-05-10 00:00:00,59356.76,0.006886,677.9,0.011414,408.93,2.959e-05,1.756,45.025,0.00075808
2021-05-10 04:00:00,58370.17,0.006811,677.74,0.011611,397.53,3.053e-05,1.7818,45.488,0.00077893
2021-05-10 08:00:00,58070.63,0.006714,664.77,0.011443,389.84,3.013e-05,1.7502,43.918,0.00075487
2021-05-10 12:00:00,58296.36,0.006881,665.41,0.011415,401.24,3.018e-05,1.7594,43.881,0.00075293
2021-05-10 16:00:00,55733.76,0.006576,640.21,0.011487,366.73,2.959e-05,1.6484,42.088,0.00075367
2021-05-10 20:00:00,55816.14,0.006432,631.1,0.01131,358.89,2.942e-05,1.6423,42.854,0.00076869
2021-05-11 00:00:00,55142.46,0.006388,633.06,0.011479,352.05,2.937e-05,1.62,40.4,0.00073258
2021-05-11 04:00:00,55740.09,0.006487,654.56,0.011749,361.57,2.98e-05,1.6607,41.62,0.00074672
2021-05-11 08:00:00,55210.47,0.00641,654.7,0.011859,353.85,3.107e-05,1.7155,41.408,0.00075034
2021-05-11 12:00:00,56052.82,0.006602,668.1,0.011916,369.94,3.174e-05,1.7784,41.377,0.00073974
2021-05-11 16:00:00,56608.94,0.00656,668.78,0.011822,371.5,3.094e-05,1.7509,42.956,0.0007587
2021-05-11 20:00:00,56670.02,0.006667,671.91,0.011854,377.6,3.11e-05,1.7632,44.538,0.00078615
2021-05-12 00:00:00,57756.94,0.006777,683.23,0.011828,391.4,3.139e-05,1.813,44.469,0.00077009
2021-05-12 04:00:00,57101.07,0.006694,670.58,0.011743,382.18,3.11e-05,1.7754,44.838,0.00078471
2021-05-12 08:00:00,56421.46,0.006663,663.99,0.011772,375.89,3.107e-05,1.7528,46.088,0.00081666
2021-05-12 12:00:00,55479.13,0.006473,649.72,0.011713,358.98,3.057e-05,1.6964,47.45,0.00085552
2021-05-12 16:00:00,54432.39,0.006523,642.16,0.011795,354.8,3.149e-05,1.7152,44.869,0.00082456
2021-05-12 20:00:00,49631.32,0.006261,594.65,0.01197,310.4,3.163e-05,1.5694,43.709,0.00087594
2021-05-13 00:00:00,50461.99,0.006449,607.54,0.012049,325.15,3.246e-05,1.6365,42.614,0.00084634
2021-05-13 04:00:00,50879.72,0.006417,622.83,0.01224,326.45,3.398e-05,1.728,44.272,0.00086996
2021-05-13 08:00:00,49777.01,0.006349,591.72,0.011881,316.03,3.629e-05,1.8066,41.575,0.00083555
2021-05-13 12:00:00,49627.64,0.006335,593.7,0.011965,314.68,3.894e-05,1.9324,41.401,0.00083409
2021-05-13 16:00:00,48568.85,0.006121,551.07,0.011346,296.83,3.843e-05,1.8654,39.06,0.00080534
2021-05-13 20:00:00,49670.97,0.006398,571.1,0.011496,317.95,3.882e-05,1.9296,41.049,0.00082629
2021-05-14 00:00:00,49157.93,0.006341,574.73,0.011685,311.61,3.789e-05,1.862,40.806,0.00083059
2021-05-14 04:00:00,49987.2,0.00641,597.57,0.011954,320.3,3.74e-05,1.8698,41.084,0.0008223
2021-05-14 08:00:00,50538.14,0.006506,607.15,0.012014,328.81,3.689e-05,1.8638,42.795,0.00084682
2021-05-14 12:00:00,51211.98,0.006552,611.69,0.011944,335.56,3.739e-05,1.9154,44.619,0.0008707
2021-05-14 16:00:00,50138.09,0.006453,598.9,0.011943,323.62,3.824e-05,1.9183,43.149,0.000861
2021-05-14 20:00:00,49841.45,0.006544,602.61,0.012094,326.23,4.028e-05,2.0069,42.7,0.00085614
2021-05-15 00:00:00,49627.01,0.006543,602.35,0.012139,324.77,4.325e-05,2.1463,42.148,0.00084829
2021-05-15 04:00:00,48469.28,0.006442,581.82,0.011998,312.25,4.322e-05,2.0945,40.804,0.00084119
2021-05-15 08:00:00,48929.74,0.00643,587.32,0.012004,314.65,4.415e-05,2.16,41.206,0.00084176
2021-05-15 12:00:00,48982.99,0.006406,586.01,0.011968,313.73,4.62e-05,2.2625,41.351,0.00084418
2021-05-15 16:00:00,48108.4,0.006373,574.66,0.011948,306.33,4.722e-05,2.2721,42.282,0.00087875
2021-05-15 20:00:00,46762.99,0.006418,563.41,0.012047,300.3,4.653e-05,2.1744,43.486,0.00092874
2021-05-16 00:00:00,48383.46,0.006439,579.1,0.011972,311.49,4.715e-05,2.2806,47.614,0.00098375
2021-05-16 04:00:00,49375.28,0.006447,592.54,0.012007,318.41,4.886e-05,2.4134,46.468,0.00094088
2021-05-16 08:00:00,49014.99,0.006477,598.81,0.012217,317.43,4.862e-05,2.3828,47.184,0.00096332
2021-05-16 12:00:00,47727.26,0.006325,571.96,0.011985,301.86,4.773e-05,2.2773,48.49,0.0010165
2021-05-16 16:00:00,45549.26,0.006372,550.19,0.012079,290.21,4.59e-05,2.0912,43.654,0.00095705
2021-05-16 20:00:00,46431.5,0.006374,564.32,0.012144,295.89,4.955e-05,2.3002,46.85,0.00100974
2021-05-17 00:00:00,42915.46,0.006273,507.31,0.011811,269.06,4.825e-05,2.0705,44.029,0.00102548
2021-05-17 04:00:00,45149.18,0.006388,537.61,0.011905,288.42,4.947e-05,2.2323,50.57,0.00112095
2021-05-17 08:00:00,45731.39,0.006342,539.08,0.01178,290.03,4.804e-05,2.1969,50.137,0.00109837
2021-05-17 12:00:00,43362.75,0.00633,505.0,0.011656,274.51,4.705e-05,2.0388,48.551,0.00111887
2021-05-17 16:00:00,44197.73,0.00637,519.02,0.01174,281.54,4.727e-05,2.0892,49.155,0.00111281
2021-05-17 20:00:00,43538.04,0.006463,512.07,0.011762,281.53,4.664e-05,2.0307,46.708,0.00107402
2021-05-18 00:00:00,44779.83,0.006761,523.74,0.011695,302.72,4.605e-05,2.0618,47.743,0.00106619
2021-05-18 04:00:00,45172.7,0.006747,525.21,0.011628,304.72,4.625e-05,2.0885,51.96,0.00114973
2021-05-18 08:00:00,45321.02,0.006906,529.56,0.011681,313.0,4.654e-05,2.1078,54.516,0.00120418
2021-05-18 12:00:00,42969.47,0.006957,503.29,0.011722,298.77,4.66e-05,2.002,53.412,0.00124085
2021-05-18 16:00:00,43262.71,0.006811,512.65,0.011846,294.77,4.695e-05,2.0315,55.16,0.00127559
2021-05-18 20:00:00,42849.78,0.006859,507.88,0.011853,293.98,4.675e-05,2.0036,55.977,0.00130717
2021-05-19 00:00:00,40591.15,0.006742,453.23,0.011162,273.73,4.505e-05,1.8289,51.974,0.00128022
2021-05-19 04:00:00,40371.44,0.006707,438.42,0.010861,270.77,4.418e-05,1.7823,50.863,0.00126102
2021-05-19 08:00:00,38700.0,0.006254,394.52,0.010182,242.14,4.118e-05,1.5943,43.969,0.00113563
2021-05-19 12:00:00,37318.52,0.005538,378.96,0.010151,206.42,4.38e-05,1.6327,46.324,0.00124163
2021-05-19 16:00:00,39342.93,0.005139,384.5,0.009772,202.27,4.165e-05,1.6383,40.857,0.00104045
2021-05-19 20:00:00,36690.09,0.005081,334.8,0.009132,185.93,4e-05,1.4663,34.988,0.00095469
2021-05-20 00:00:00,38341.04,0.00506,341.53,0.008904,194.09,4.069e-05,1.5604,36.451,0.00094923
2021-05-20 04:00:00,39959.68,0.005259,370.7,0.009281,210.07,4.243e-05,1.6956,41.682,0.00104223
2021-05-20 08:00:00,40475.17,0.005242,373.83,0.009229,212.16,4.445e-05,1.7996,43.238,0.00106823
2021-05-20 12:00:00,41432.88,0.005189,401.29,0.009681,214.93,4.471e-05,1.8524,45.878,0.00110788
2021-05-20 16:00:00,40116.04,0.005235,390.1,0.009724,209.86,4.508e-05,1.8088,44.831,0.00111969
2021-05-20 20:00:00,40526.64,0.005197,391.17,0.009653,210.74,4.441e-05,1.8006,44.42,0.001094
2021-05-21 00:00:00,40666.91,0.00511,392.1,0.009644,207.91,4.311e-05,1.754,45.446,0.0011172
2021-05-21 04:00:00,39842.57,0.00507,383.88,0.009637,201.88,4.29e-05,1.7093,43.961,0.00110295
2021-05-21 08:00:00,41124.29,0.005027,381.4,0.009273,206.65,4.17e-05,1.715,42.214,0.0010256
2021-05-21 12:00:00,36794.57,0.00486,327.59,0.008907,178.78,4.144e-05,1.5243,36.922,0.00100397
2021-05-21 16:00:00,36062.12,0.00484,316.14,0.00876,174.65,4.103e-05,1.4798,38.159,0.00105764
2021-05-21 20:00:00,37252.01,0.004828,326.01,0.008747,179.97,4.156e-05,1.5493,38.925,0.0010447
2021-05-22 00:00:00,36951.85,0.004846,314.4,0.00851,178.61,4.081e-05,1.5079,37.68,0.00102074
2021-05-22 04:00:00,36269.28,0.004619,300.35,0.008282,167.68,3.963e-05,1.4384,35.153,0.00096878
2021-05-22 08:00:00,38157.76,0.004691,321.89,0.008439,179.02,4.017e-05,1.5328,36.953,0.00096944
2021-05-22 12:00:00,38162.4,0.004733,316.91,0.008307,180.66,4.024e-05,1.5359,35.367,0.00092698
2021-05-22 16:00:00,37286.65,0.004536,298.96,0.008016,169.09,3.864e-05,1.44,31.35,0.00084079
2021-05-22 20:00:00,37449.73,0.00452,299.76,0.008003,169.32,3.908e-05,1.4629,31.222,0.00083411
2021-05-23 00:00:00,37421.59,0.004576,299.63,0.008009,171.12,3.959e-05,1.4823,30.247,0.00080795
2021-05-23 04:00:00,35927.69,0.004431,279.22,0.007772,159.18,3.88e-05,1.3932,26.664,0.00074347
2021-05-23 08:00:00,35389.1,0.004173,257.93,0.007292,147.64,3.577e-05,1.2649,25.671,0.00072415
2021-05-23 12:00:00,33318.09,0.004077,236.55,0.0071,135.8,3.509e-05,1.169,22.897,0.00068776
2021-05-23 16:00:00,33051.73,0.003983,236.37,0.007148,131.76,3.538e-05,1.1694,22.939,0.00069428
2021-05-23 20:00:00,34655.25,0.004109,260.72,0.00752,142.39,3.786e-05,1.3139,24.536,0.0007072
2021-05-24 00:00:00,35251.37,0.004295,273.48,0.007756,151.37,3.883e-05,1.3693,26.625,0.00075544
2021-05-24 04:00:00,36645.79,0.004414,296.05,0.008079,161.84,4.045e-05,1.4828,28.533,0.0007791
2021-05-24 08:00:00,37600.01,0.004386,306.25,0.008146,164.85,3.949e-05,1.4842,30.282,0.00080484
2021-05-24 12:00:00,37539.63,0.004436,318.63,0.008489,166.54,4.002e-05,1.5044,30.287,0.000807
2021-05-24 16:00:00,39606.1,0.004602,344.44,0.008696,182.01,3.979e-05,1.5762,31.925,0.00080419
2021-05-24 20:00:00,38796.29,0.004774,345.64,0.00891,185.32,3.998e-05,1.55,31.416,0.00080747
2021-05-25 00:00:00,38304.51,0.004741,345.53,0.009017,181.49,4.023e-05,1.5397,29.192,0.00076234
2021-05-25 04:00:00,38985.06,0.004817,356.44,0.009142,187.75,4.11e-05,1.6017,29.574,0.00075881
2021-05-25 08:00:00,36537.16,0.00464,309.65,0.008476,169.58,3.964e-05,1.4467,26.313,0.00071984
2021-05-25 12:00:00,38277.57,0.00464,338.14,0.008825,177.79,4.076e-05,1.5604,29.5,0.00077201
2021-05-25 16:00:00,37292.69,0.004569,322.32,0.008643,170.22,4.027e-05,1.5003,28.381,0.00076237
2021-05-25 20:00:00,38324.72,0.004797,343.18,0.008958,183.76,4.049e-05,1.5532,29.973,0.00078159
2021-05-26 00:00:00,39503.98,0.004849,364.02,0.009216,191.44,4.246e-05,1.6773,32.487,0.0008224
2021-05-26 04:00:00,40445.79,0.005025,383.46,0.009477,203.19,4.406e-05,1.7816,35.029,0.00086609
2021-05-26 08:00:00,39850.65,0.005008,377.6,0.009476,199.59,4.45e-05,1.7734,36.176,0.00090782
2021-05-26 12:00:00,38758.61,0.004996,365.88,0.009441,193.54,4.42e-05,1.7137,34.301,0.00088353
2021-05-26 16:00:00,38485.1,0.005037,366.57,0.009527,193.84,4.465e-05,1.7181,33.535,0.0008726
2021-05-26 20:00:00,39241.91,0.005069,379.16,0.009661,198.91,4.532e-05,1.7791,35.43,0.0009031
2021-05-27 00:00:00,37621.56,0.004896,348.0,0.009251,183.89,4.394e-05,1.6533,31.852,0.00084636
2021-05-27 04:00:00,38275.47,0.004939,361.94,0.009455,188.97,4.447e-05,1.702,33.133,0.00086604
2021-05-27 08:00:00,39690.01,0.00501,376.92,0.009494,198.98,4.374e-05,1.7368,35.054,0.00088353
2021-05-27 12:00:00,39667.0,0.005107,379.37,0.00956,202.54,4.332e-05,1.7187,34.165,0.00086149
2021-05-27 16:00:00,38768.35,0.005085,373.15,0.009626,197.08,4.32e-05,1.6747,34.439,0.00088929
2021-05-27 20:00:00,38529.98,0.005045,369.67,0.0096,194.32,4.297e-05,1.6552,33.747,0.00087623
2021-05-28 00:00:00,38237.18,0.005068,364.82,0.009539,193.76,4.373e-05,1.6731,33.824,0.00088491
2021-05-28 04:00:00,36975.93,0.004916,343.39,0.00928,181.66,4.248e-05,1.5692,31.046,0.00083965
2021-05-28 08:00:00,35351.65,0.004735,317.14,0.008974,167.33,4.133e-05,1.4616,28.48,0.00080594
2021-05-28 12:00:00,36749.31,0.004884,337.66,0.009186,179.54,4.205e-05,1.5453,31.149,0.00084681
2021-05-28 16:00:00,35789.3,0.005034,333.44,0.009318,180.21,4.314e-05,1.5438,30.815,0.00086165
2021-05-28 20:00:00,35663.49,0.004972,328.82,0.009223,177.33,4.241e-05,1.5133,28.989,0.00081275
2021-05-29 00:00:00,36458.77,0.005113,345.14,0.009459,186.34,4.252e-05,1.5504,29.451,0.0008078
2021-05-29 04:00:00,36145.02,0.004973,335.77,0.009289,179.69,4.15e-05,1.5011,29.139,0.00080537
2021-05-29 08:00:00,35375.0,0.004907,328.99,0.009297,173.69,4.197e-05,1.485,28.728,0.00081171
2021-05-29 12:00:00,34416.27,0.004811,309.65,0.008992,165.56,4.059e-05,1.3975,26.982,0.00078453
2021-05-29 16:00:00,34025.43,0.004722,299.98,0.008815,160.69,3.99e-05,1.3583,26.041,0.00076565
2021-05-29 20:00:00,34605.15,0.004735,305.04,0.008816,164.01,4.055e-05,1.4029,27.388,0.00079243
2021-05-30 00:00:00,34770.12,0.004784,309.82,0.008904,166.32,4.263e-05,1.482,26.764,0.00077072
2021-05-30 04:00:00,35998.33,0.004884,331.37,0.0092,175.88,4.501e-05,1.6201,29.578,0.00082075
2021-05-30 08:00:00,36359.44,0.004953,337.99,0.009295,180.1,4.651e-05,1.6908,29.412,0.00080922
2021-05-30 12:00:00,35477.0,0.004905,323.04,0.009107,173.96,4.581e-05,1.6253,27.803,0.0007837
2021-05-30 16:00:00,36077.59,0.004822,331.57,0.009193,173.92,4.506e-05,1.626,29.109,0.00080651
2021-05-30 20:00:00,35641.27,0.004784,325.57,0.009135,170.51,4.421e-05,1.5751,28.588,0.00080113
2021-05-31 00:00:00,34489.57,0.00481,310.59,0.009006,165.8,4.495e-05,1.5508,28.059,0.00081265
2021-05-31 04:00:00,35850.17,0.004861,328.25,0.009157,174.18,4.511e-05,1.6164,30.599,0.00085356
2021-05-31 08:00:00,36836.46,0.004936,346.55,0.009407,181.91,4.521e-05,1.665,31.55,0.00085663
2021-05-31 12:00:00,36961.16,0.004994,346.77,0.009384,184.58,4.509e-05,1.6658,32.646,0.000883
2021-05-31 16:00:00,36863.67,0.004981,344.41,0.009345,183.63,4.508e-05,1.6619,31.607,0.00085742
2021-05-31 20:00:00,37253.81,0.005048,353.33,0.009485,187.97,4.662e-05,1.7373,32.75,0.00088039
2021-06-01 00:00:00,36704.99,0.004983,345.77,0.009421,182.89,4.663e-05,1.7117,32.207,0.00087717
2021-06-01 04:00:00,36831.58,0.004972,349.06,0.009482,183.06,4.685e-05,1.725,32.121,0.00087245
2021-06-01 08:00:00,36596.62,0.004968,353.79,0.009666,181.74,4.719e-05,1.727,32.057,0.00087632
2021-06-01 12:00:00,36235.29,0.004942,348.85,0.009628,179.06,4.695e-05,1.7015,31.185,0.00085967
2021-06-01 16:00:00,35973.87,0.004962,349.74,0.00972,178.55,4.777e-05,1.719,30.08,0.000836
2021-06-01 20:00:00,36693.09,0.004988,362.39,0.009876,182.99,4.734e-05,1.7363,30.938,0.00084348
2021-06-02 00:00:00,36472.39,0.004996,359.01,0.009842,182.24,4.824e-05,1.7596,31.038,0.0008505
2021-06-02 04:00:00,37220.0,0.00499,375.15,0.010078,185.71,4.795e-05,1.7841,31.723,0.00085289
2021-06-02 08:00:00,37203.08,0.004906,388.07,0.010431,182.5,4.713e-05,1.7536,32.419,0.00087241
2021-06-02 12:00:00,38040.7,0.004935,414.02,0.010883,187.72,4.718e-05,1.795,33.646,0.00088417
2021-06-02 16:00:00,37884.57,0.004949,411.24,0.010856,187.57,4.717e-05,1.787,34.173,0.00090202
2021-06-02 20:00:00,37568.68,0.004982,401.54,0.010687,187.14,4.668e-05,1.7534,33.994,0.00090477
2021-06-03 00:00:00,37634.57,0.004948,407.92,0.010834,186.19,4.684e-05,1.7626,35.529,0.00094301
2021-06-03 04:00:00,38634.09,0.004942,411.72,0.01066,190.91,4.595e-05,1.7755,36.665,0.00094877
2021-06-03 08:00:00,38781.75,0.004956,422.14,0.010885,192.19,4.751e-05,1.843,36.756,0.00094756
2021-06-03 12:00:00,38535.61,0.004894,414.12,0.01075,188.59,4.724e-05,1.82,38.489,0.00099731
2021-06-03 16:00:00,38596.64,0.004912,414.05,0.010732,189.63,4.718e-05,1.8206,39.485,0.00102359
2021-06-03 20:00:00,39246.79,0.004932,428.48,0.010922,193.5,4.703e-05,1.8453,39.602,0.00100815
2021-06-04 00:00:00,37933.72,0.004829,408.14,0.010761,183.06,4.644e-05,1.7621,38.84,0.0010236
2021-06-04 04:00:00,36610.29,0.004739,376.15,0.010274,173.55,4.532e-05,1.6595,36.716,0.00100178
2021-06-04 08:00:00,36585.66,0.004757,379.0,0.010357,174.03,4.569e-05,1.6713,35.584,0.00097168
2021-06-04 12:00:00,36948.85,0.004799,388.89,0.010523,177.34,4.649e-05,1.7172,38.174,0.0010336
2021-06-04 16:00:00,36800.99,0.004832,391.21,0.010628,177.83,4.664e-05,1.7152,37.761,0.00102531
2021-06-04 20:00:00,36829.0,0.004844,390.7,0.010604,178.44,4.638e-05,1.7077,37.338,0.00101421
2021-06-05 00:00:00,37410.0,0.004868,410.17,0.010968,182.04,4.667e-05,1.7462,41.45,0.00110746
2021-06-05 04:00:00,37582.14,0.004857,418.38,0.01113,182.47,4.687e-05,1.7616,41.506,0.00110427
2021-06-05 08:00:00,35869.42,0.004835,391.0,0.010903,173.57,4.664e-05,1.6727,40.043,0.00111615
2021-06-05 12:00:00,36321.42,0.004804,402.21,0.011076,174.48,4.672e-05,1.6967,40.509,0.00111436
2021-06-05 16:00:00,35778.94,0.004818,387.42,0.010828,172.4,4.651e-05,1.6643,39.501,0.00110439
2021-06-05 20:00:00,35513.2,0.004872,390.08,0.010983,172.94,4.663e-05,1.6551,39.633,0.00111748
2021-06-06 00:00:00,35989.67,0.004902,392.78,0.010913,176.4,4.658e-05,1.6763,39.685,0.00110328
2021-06-06 04:00:00,36132.57,0.004947,394.22,0.01091,178.77,4.694e-05,1.6961,39.75,0.00109935
2021-06-06 08:00:00,35868.13,0.00492,388.99,0.010848,176.48,4.665e-05,1.6734,40.557,0.0011324
2021-06-06 12:00:00,36157.47,0.004878,392.37,0.010852,176.33,4.651e-05,1.6817,42.836,0.00118435
2021-06-06 16:00:00,35747.15,0.004864,386.55,0.010815,173.89,4.644e-05,1.6596,41.648,0.00116541
2021-06-06 20:00:00,35796.31,0.004927,393.73,0.010998,176.41,4.684e-05,1.6771,42.205,0.00117944
2021-06-07 00:00:00,36392.93,0.004969,398.84,0.010957,180.87,4.743e-05,1.7259,42.596,0.00117074
2021-06-07 04:00:00,36139.99,0.004923,395.3,0.010938,177.92,4.731e-05,1.7101,43.751,0.00121123
2021-06-07 08:00:00,36376.47,0.004963,398.7,0.010968,180.56,4.73e-05,1.7203,43.3,0.00119018
2021-06-07 12:00:00,36035.51,0.004919,394.76,0.010957,177.35,4.752e-05,1.712,42.176,0.00116995
2021-06-07 16:00:00,35634.46,0.004883,388.96,0.010916,173.97,4.707e-05,1.6778,42.795,0.00120007
2021-06-07 20:00:00,33552.79,0.004824,357.96,0.010662,161.95,4.663e-05,1.5659,38.235,0.00113915
2021-06-08 00:00:00,32817.09,0.004773,346.33,0.010548,156.6,4.647e-05,1.5254,37.519,0.00114347
2021-06-08 04:00:00,32966.7,0.004786,349.62,0.010605,157.79,4.653e-05,1.5338,36.796,0.00111524
2021-06-08 08:00:00,33089.99,0.004808,354.5,0.010712,159.08,4.649e-05,1.5388,37.25,0.00112682
2021-06-08 12:00:00,31705.24,0.004785,331.24,0.010445,151.75,4.592e-05,1.4557,36.683,0.00115607
2021-06-08 16:00:00,32864.18,0.004841,347.7,0.010585,159.11,4.722e-05,1.5513,41.145,0.00125138
2021-06-08 20:00:00,33380.81,0.004812,352.5,0.01056,160.63,4.74e-05,1.5819,41.245,0.00123613
2021-06-09 00:00:00,32863.07,0.004701,341.39,0.010392,154.47,4.589e-05,1.5077,40.577,0.00123388
2021-06-09 04:00:00,34169.05,0.004677,353.05,0.010329,159.7,4.543e-05,1.5521,42.979,0.00125884
2021-06-09 08:00:00,34972.42,0.004638,358.87,0.010261,162.27,4.498e-05,1.5729,43.551,0.00124576
2021-06-09 12:00:00,36357.11,0.004636,368.26,0.010132,168.55,4.456e-05,1.6202,42.536,0.00116845
2021-06-09 16:00:00,36260.45,0.00468,366.64,0.010108,169.69,4.361e-05,1.5815,41.748,0.00115135
2021-06-09 20:00:00,37388.05,0.004613,375.54,0.010044,172.56,4.355e-05,1.6279,42.032,0.00112438
2021-06-10 00:00:00,36959.69,0.004607,369.75,0.010001,170.14,4.316e-05,1.5952,40.724,0.00110253
2021-06-10 04:00:00,36962.14,0.00457,365.52,0.00989,168.93,4.263e-05,1.5755,42.124,0.00113979
2021-06-10 08:00:00,37818.54,0.004517,366.16,0.009681,170.82,4.161e-05,1.5732,41.979,0.00110969
2021-06-10 12:00:00,36896.75,0.004498,357.12,0.009677,165.96,4.173e-05,1.5394,41.111,0.00111404
2021-06-10 16:00:00,36675.09,0.004496,350.56,0.009558,164.87,4.179e-05,1.5331,40.946,0.00111637
2021-06-10 20:00:00,36675.72,0.004584,351.94,0.009597,168.16,4.178e-05,1.5328,41.105,0.0011204
2021-06-11 00:00:00,36754.4,0.00466,355.5,0.009671,171.28,4.163e-05,1.5303,40.171,0.00109334
2021-06-11 04:00:00,37147.55,0.004585,354.23,0.009533,170.37,4.058e-05,1.508,38.729,0.00104197
2021-06-11 08:00:00,37378.82,0.004577,360.12,0.009637,171.1,4.06e-05,1.5173,39.314,0.00105211
2021-06-11 12:00:00,36818.41,0.004518,355.18,0.009649,166.31,4.051e-05,1.4914,37.8,0.00102645
2021-06-11 16:00:00,37246.77,0.004408,354.68,0.009523,164.2,3.923e-05,1.4613,37.143,0.00099712
2021-06-11 20:00:00,37331.98,0.004361,345.75,0.00926,162.83,3.85e-05,1.4371,36.157,0.00096838
2021-06-12 00:00:00,35571.19,0.004406,332.26,0.009338,156.66,3.908e-05,1.3906,35.431,0.00099582
2021-06-12 04:00:00,35289.06,0.004456,334.71,0.009485,157.22,3.96e-05,1.3976,36.122,0.00102307
2021-06-12 08:00:00,35596.7,0.004479,338.05,0.009494,159.42,4.025e-05,1.4327,36.624,0.0010295
2021-06-12 12:00:00,35384.96,0.004552,341.01,0.009632,161.14,4.125e-05,1.4591,36.586,0.00103275
2021-06-12 16:00:00,35730.0,0.004549,345.8,0.009678,162.55,4.13e-05,1.4756,36.441,0.0010211
2021-06-12 20:00:00,35546.11,0.004554,343.7,0.009671,161.8,4.161e-05,1.4789,36.476,0.00102645
2021-06-13 00:00:00,34867.8,0.004519,338.47,0.009709,157.52,4.161e-05,1.4511,35.753,0.00102507
2021-06-13 04:00:00,35280.02,0.004496,335.68,0.009514,158.66,4.072e-05,1.4364,35.743,0.00101331
2021-06-13 08:00:00,35904.03,0.004489,336.75,0.009381,161.21,4.013e-05,1.4401,35.856,0.00099866
2021-06-13 12:00:00,36034.97,0.00445,334.5,0.009282,160.37,3.941e-05,1.4201,34.969,0.00097007
2021-06-13 16:00:00,37650.0,0.004412,353.43,0.009386,166.08,3.999e-05,1.5057,38.1,0.00101187
2021-06-13 20:00:00,39020.57,0.004378,365.8,0.009377,170.85,3.989e-05,1.5566,38.706,0.00099263
2021-06-14 00:00:00,38975.14,0.004321,359.19,0.009212,168.49,3.945e-05,1.5378,37.871,0.00097027
2021-06-14 04:00:00,39555.24,0.004272,360.92,0.009124,168.9,3.892e-05,1.5395,37.783,0.00095531
2021-06-14 08:00:00,39166.33,0.004265,357.42,0.009127,167.05,3.87e-05,1.516,37.323,0.00095281
2021-06-14 12:00:00,40685.37,0.004325,375.21,0.009223,176.04,3.885e-05,1.5804,39.862,0.0009797
2021-06-14 16:00:00,39716.06,0.004398,365.64,0.009207,174.69,3.9e-05,1.5493,39.002,0.00098257
2021-06-14 20:00:00,40516.29,0.004439,370.19,0.009138,179.89,3.889e-05,1.5769,39.694,0.00098031
2021-06-15 00:00:00,40404.86,0.00442,372.51,0.009222,178.55,3.892e-05,1.5728,40.545,0.00100252
2021-06-15 04:00:00,40365.74,0.004441,376.21,0.009323,179.29,3.957e-05,1.5967,41.294,0.00102363
2021-06-15 08:00:00,39839.9,0.004429,369.33,0.009269,176.46,3.956e-05,1.5762,40.538,0.00101746
2021-06-15 12:00:00,40065.01,0.004346,366.23,0.009141,174.06,3.885e-05,1.5558,39.981,0.0009991
2021-06-15 16:00:00,39958.01,0.004348,365.85,0.009157,173.75,3.899e-05,1.558,40.043,0.00100269
2021-06-15 20:00:00,40144.04,0.004363,366.48,0.009131,175.15,3.874e-05,1.5552,39.536,0.00098469
2021-06-16 00:00:00,40013.63,0.004306,361.09,0.009028,172.29,3.862e-05,1.5452,39.041,0.00097574
2021-06-16 04:00:00,40126.87,0.004343,364.37,0.009083,174.23,3.892e-05,1.562,39.439,0.00098264
2021-06-16 08:00:00,39080.01,0.00434,352.88,0.009029,169.57,3.891e-05,1.5207,38.082,0.00097363
2021-06-16 12:00:00,38775.66,0.004306,349.59,0.009014,167.0,3.879e-05,1.5042,39.539,0.00101832
2021-06-16 16:00:00,38680.11,0.004366,351.54,0.009086,168.85,3.918e-05,1.5156,39.499,0.0010219
2021-06-16 20:00:00,38349.01,0.004344,347.22,0.009056,166.57,3.873e-05,1.4851,39.728,0.00103542
2021-06-17 00:00:00,38865.05,0.004405,356.99,0.009182,171.25,3.937e-05,1.5299,40.291,0.00103671
2021-06-17 04:00:00,39207.36,0.004395,360.25,0.00919,172.45,3.905e-05,1.5308,41.005,0.00104675
2021-06-17 08:00:00,39146.36,0.004361,358.5,0.009155,170.78,3.868e-05,1.5143,40.646,0.00103896
2021-06-17 12:00:00,39007.91,0.004349,357.05,0.009155,169.61,3.861e-05,1.5065,40.27,0.00103225
2021-06-17 16:00:00,37702.53,0.00435,348.68,0.009248,164.05,3.893e-05,1.4678,39.291,0.00104245
2021-06-17 20:00:00,38092.97,0.004389,352.85,0.009265,167.08,3.892e-05,1.4826,39.265,0.00103025
2021-06-18 00:00:00,37926.79,0.004357,353.24,0.009318,165.25,3.888e-05,1.4749,39.172,0.00103367
2021-06-18 04:00:00,37715.03,0.00439,353.57,0.009374,165.52,3.927e-05,1.481,39.015,0.00103469
2021-06-18 08:00:00,37821.95,0.004363,352.42,0.009312,165.0,3.893e-05,1.4727,38.215,0.00101036
2021-06-18 12:00:00,36355.1,0.004303,334.15,0.009192,156.46,3.858e-05,1.4025,35.554,0.00097878
2021-06-18 16:00:00,35327.24,0.004318,329.08,0.009315,152.46,3.916e-05,1.3832,35.414,0.00100149
2021-06-18 20:00:00,35819.84,0.004367,337.16,0.009413,156.34,3.955e-05,1.4163,36.82,0.00102821
2021-06-19 00:00:00,35103.44,0.004398,333.26,0.009494,154.29,3.994e-05,1.4019,35.68,0.00101606
2021-06-19 04:00:00,35785.96,0.004428,340.18,0.009502,158.46,3.994e-05,1.4294,36.331,0.00101491
2021-06-19 08:00:00,35940.22,0.004422,340.64,0.009479,158.9,3.97e-05,1.4261,36.343,0.00101092
2021-06-19 12:00:00,36114.85,0.004387,340.82,0.009441,158.42,3.945e-05,1.4246,36.268,0.00100445
2021-06-19 16:00:00,35943.65,0.004346,340.08,0.00946,156.23,3.938e-05,1.4155,35.566,0.0009895
2021-06-19 20:00:00,35483.72,0.004298,334.01,0.009408,152.49,3.901e-05,1.3839,35.19,0.00099098
2021-06-20 00:00:00,35527.24,0.004315,334.12,0.009403,153.28,3.924e-05,1.394,34.972,0.00098528
2021-06-20 04:00:00,35637.71,0.004294,336.57,0.009443,153.01,3.93e-05,1.4017,35.318,0.00099092
2021-06-20 08:00:00,33872.9,0.004299,317.17,0.009367,145.69,3.926e-05,1.3302,32.493,0.00095948
2021-06-20 12:00:00,34422.71,0.004319,323.84,0.009409,148.66,3.985e-05,1.3712,33.764,0.00098135
2021-06-20 16:00:00,35502.82,0.004328,335.38,0.009445,153.63,4.066e-05,1.4435,35.019,0.00098663
2021-06-20 20:00:00,35600.16,0.004348,339.08,0.009526,154.88,4.006e-05,1.4263,35.257,0.00099039
2021-06-21 00:00:00,34649.63,0.004315,328.35,0.009476,149.53,3.938e-05,1.3643,32.77,0.000945
2021-06-21 04:00:00,33025.5,0.004229,317.55,0.009614,139.64,4.023e-05,1.3283,31.071,0.00094081
2021-06-21 08:00:00,32520.56,0.004117,303.93,0.009344,133.91,4e-05,1.3004,30.498,0.00093785
2021-06-21 12:00:00,32687.99,0.00412,304.7,0.009319,134.65,3.965e-05,1.296,29.642,0.00090785
2021-06-21 16:00:00,32563.89,0.004114,298.92,0.009176,133.98,3.896e-05,1.2692,28.58,0.000877
2021-06-21 20:00:00,31608.93,0.003935,270.76,0.008566,124.46,3.712e-05,1.174,26.59,0.00084178
2021-06-22 00:00:00,33018.22,0.003981,287.88,0.008723,131.44,3.793e-05,1.2524,27.938,0.00084714
2021-06-22 04:00:00,32648.98,0.003929,281.26,0.008614,128.32,3.663e-05,1.1963,26.495,0.00081118
2021-06-22 08:00:00,31243.41,0.003656,255.38,0.008176,114.2,3.489e-05,1.0899,22.044,0.00070659
2021-06-22 12:00:00,31708.08,0.003729,260.1,0.008206,118.16,3.694e-05,1.1703,25.66,0.00081124
2021-06-22 16:00:00,32404.06,0.003682,265.44,0.00819,119.36,3.586e-05,1.162,26.446,0.000816
2021-06-22 20:00:00,32509.56,0.003682,262.1,0.00806,119.64,3.555e-05,1.1567,26.958,0.0008291
2021-06-23 00:00:00,33966.43,0.003788,286.78,0.008445,128.7,3.659e-05,1.2432,29.974,0.00088302
2021-06-23 04:00:00,33982.26,0.003819,289.91,0.00853,129.81,3.752e-05,1.2754,30.64,0.00090135
2021-06-23 08:00:00,33911.39,0.003793,289.73,0.008546,128.61,3.688e-05,1.2508,30.987,0.00091389
2021-06-23 12:00:00,33490.14,0.003794,291.8,0.00871,127.13,3.688e-05,1.2352,29.056,0.00086739
2021-06-23 16:00:00,32879.97,0.003761,282.19,0.008583,123.63,3.642e-05,1.1974,28.45,0.00086572
2021-06-23 20:00:00,33678.07,0.003834,296.25,0.008797,129.1,3.715e-05,1.2512,30.837,0.00091653
2021-06-24 00:00:00,32589.2,0.00389,283.41,0.008701,126.71,3.96e-05,1.2911,28.982,0.00088967
2021-06-24 04:00:00,32853.74,0.003968,296.31,0.009017,130.34,4.071e-05,1.3375,29.429,0.00089672
2021-06-24 08:00:00,33850.77,0.003972,306.04,0.00904,134.41,4.034e-05,1.3655,30.731,0.00090847
2021-06-24 12:00:00,33886.52,0.003942,305.04,0.008999,133.69,4.059e-05,1.3755,30.719,0.00090644
2021-06-24 16:00:00,34857.73,0.003871,312.5,0.008964,134.92,3.976e-05,1.3861,32.108,0.00092082
2021-06-24 20:00:00,34663.09,0.003883,308.62,0.008901,134.58,3.924e-05,1.3604,31.141,0.00089977
2021-06-25 00:00:00,35052.07,0.003915,308.18,0.008792,137.25,3.934e-05,1.3787,32.679,0.00093084
2021-06-25 04:00:00,34283.82,0.003855,296.35,0.008646,132.06,3.882e-05,1.3307,31.265,0.00091234
2021-06-25 08:00:00,33311.96,0.00389,289.46,0.00869,129.61,3.965e-05,1.3223,29.574,0.00088756
2021-06-25 12:00:00,32607.07,0.003926,286.89,0.008797,127.94,3.899e-05,1.271,29.058,0.00089179
2021-06-25 16:00:00,32220.74,0.003985,286.2,0.008881,128.41,3.996e-05,1.288,29.416,0.00091305
2021-06-25 20:00:00,31584.45,0.00396,280.81,0.008893,125.0,3.966e-05,1.2521,28.641,0.00090656
2021-06-26 00:00:00,31977.59,0.003959,282.96,0.008851,126.62,3.941e-05,1.2605,29.203,0.00091376
2021-06-26 04:00:00,30720.37,0.003952,269.52,0.008778,121.4,3.971e-05,1.2201,27.309,0.00088889
2021-06-26 08:00:00,31777.73,0.003905,279.3,0.008787,124.09,3.953e-05,1.2562,28.806,0.00090594
2021-06-26 12:00:00,31523.5,0.003897,273.34,0.008667,122.85,3.925e-05,1.2375,28.43,0.0009015
2021-06-26 16:00:00,31573.98,0.003888,272.08,0.008617,122.82,3.891e-05,1.2291,28.275,0.0008947
2021-06-26 20:00:00,32283.65,0.003929,279.65,0.008668,126.89,3.88e-05,1.2521,29.698,0.00091955
2021-06-27 00:00:00,33146.91,0.003899,286.17,0.008634,129.22,3.906e-05,1.2949,30.65,0.00092529
2021-06-27 04:00:00,33283.17,0.003887,281.96,0.008472,129.37,3.865e-05,1.2869,30.613,0.00091907
2021-06-27 08:00:00,33246.55,0.003824,279.02,0.008392,127.19,3.776e-05,1.2551,30.445,0.0009164
2021-06-27 12:00:00,33200.02,0.003844,277.11,0.008342,127.64,3.82e-05,1.2682,30.17,0.00090827
2021-06-27 16:00:00,32815.19,0.003843,272.14,0.008292,126.15,3.862e-05,1.267,29.917,0.00091194
2021-06-27 20:00:00,34700.34,0.003822,290.87,0.008387,132.6,3.856e-05,1.338,31.897,0.00091956
2021-06-28 00:00:00,34398.36,0.003797,285.06,0.008285,130.68,3.828e-05,1.3163,31.44,0.00091451
2021-06-28 04:00:00,35028.69,0.003803,294.45,0.008407,133.21,3.851e-05,1.3491,32.548,0.00092939
2021-06-28 08:00:00,34107.2,0.003834,285.51,0.008374,130.75,3.847e-05,1.3119,31.584,0.00092587
2021-06-28 12:00:00,34969.99,0.003915,298.94,0.008548,136.84,3.847e-05,1.3451,34.035,0.00097389
2021-06-28 16:00:00,34441.77,0.00396,294.12,0.00854,136.45,3.861e-05,1.3294,33.53,0.00097377
2021-06-28 20:00:00,34494.89,0.003991,290.0,0.008409,137.69,3.844e-05,1.326,33.001,0.00095644
2021-06-29 00:00:00,34577.16,0.004007,294.27,0.008505,138.54,3.847e-05,1.3305,33.133,0.0009584
2021-06-29 04:00:00,34849.27,0.003996,296.41,0.008504,139.27,3.846e-05,1.341,33.478,0.00096079
2021-06-29 08:00:00,35555.62,0.00408,307.63,0.00865,145.06,3.904e-05,1.388,34.313,0.00096531
2021-06-29 12:00:00,36248.99,0.004082,309.58,0.008543,147.98,3.834e-05,1.3896,35.28,0.00097297
2021-06-29 16:00:00,36382.39,0.004066,307.07,0.00844,147.9,3.818e-05,1.389,34.795,0.00095582
2021-06-29 20:00:00,35911.73,0.004017,300.79,0.008379,144.2,3.825e-05,1.373,33.97,0.00094583
2021-06-30 00:00:00,35119.99,0.00405,294.1,0.008376,142.23,3.814e-05,1.3395,32.24,0.00091866
2021-06-30 04:00:00,35250.54,0.004054,300.62,0.008525,143.01,3.842e-05,1.3547,33.515,0.00095105
2021-06-30 08:00:00,34849.99,0.00406,293.52,0.008424,141.49,3.85e-05,1.3415,33.005,0.00094658
2021-06-30 12:00:00,34193.44,0.004005,283.53,0.008291,136.92,3.787e-05,1.2947,31.923,0.00093267
2021-06-30 16:00:00,34743.56,0.004074,297.11,0.008554,141.55,3.997e-05,1.3893,34.322,0.0009878
2021-06-30 20:00:00,35045.0,0.004117,303.71,0.008666,144.26,3.953e-05,1.3853,35.51,0.00101389
2021-07-01 00:00:00,34120.01,0.004071,291.59,0.008541,138.98,3.92e-05,1.3377,33.794,0.00099045
2021-07-01 04:00:00,33348.3,0.004067,284.49,0.00853,135.56,3.946e-05,1.3159,32.391,0.00097148
2021-07-01 08:00:00,33717.52,0.004066,290.13,0.008605,137.11,3.936e-05,1.3274,34.262,0.00101638
2021-07-01 12:00:00,33432.54,0.004084,288.66,0.008634,136.53,3.994e-05,1.3351,33.486,0.00100152
2021-07-01 16:00:00,33091.48,0.004082,283.73,0.008575,135.08,3.992e-05,1.3211,33.694,0.00101724
2021-07-01 20:00:00,33504.69,0.00409,287.43,0.00858,137.02,3.973e-05,1.3313,33.271,0.00099323
2021-07-02 00:00:00,32907.22,0.004022,278.18,0.008455,132.39,3.952e-05,1.3006,32.197,0.00097847
2021-07-02 04:00:00,33358.26,0.003999,283.25,0.008494,133.47,3.937e-05,1.313,32.48,0.00097396
2021-07-02 08:00:00,33023.01,0.003994,278.45,0.00843,131.86,3.927e-05,1.2971,31.893,0.00096629
2021-07-02 12:00:00,33704.91,0.004003,284.67,0.008448,134.91,4.054e-05,1.3667,32.975,0.00097858
2021-07-02 16:00:00,33327.71,0.004023,283.28,0.008502,134.07,4.116e-05,1.3717,33.255,0.0009977
2021-07-02 20:00:00,33786.55,0.004049,287.17,0.0085,136.85,4.128e-05,1.3946,34.0,0.00100661
2021-07-03 00:00:00,33524.47,0.004042,284.61,0.008492,135.4,4.087e-05,1.3695,33.517,0.00100066
2021-07-03 04:00:00,34499.54,0.004035,293.92,0.00852,139.18,4.046e-05,1.3955,34.783,0.00100813
2021-07-03 08:00:00,34608.04,0.004028,294.15,0.0085,139.37,4.098e-05,1.418,35.1,0.0010138
2021-07-03 12:00:00,34608.48,0.004065,297.55,0.008594,140.68,4.107e-05,1.4214,34.818,0.00100613
2021-07-03 16:00:00,34745.98,0.004031,299.3,0.008614,140.1,4.092e-05,1.4219,34.828,0.00100267
2021-07-03 20:00:00,34669.13,0.004043,298.13,0.008602,140.17,4.052e-05,1.4045,34.498,0.00099458
2021-07-04 00:00:00,34641.61,0.003992,295.78,0.00854,138.32,4.047e-05,1.4021,33.817,0.00097628
2021-07-04 04:00:00,35600.63,0.004039,308.15,0.008657,143.77,4.053e-05,1.4434,35.343,0.00099343
2021-07-04 08:00:00,35512.34,0.004042,306.06,0.00862,143.61,4.053e-05,1.4395,35.172,0.00099011
2021-07-04 12:00:00,35513.29,0.004105,309.39,0.008714,145.89,4.053e-05,1.4398,34.895,0.0009821
2021-07-04 16:00:00,35575.01,0.004124,312.46,0.008784,146.67,4.121e-05,1.466,35.019,0.00098401
2021-07-04 20:00:00,35286.51,0.004107,307.62,0.00872,144.95,4.141e-05,1.4615,34.28,0.00097166
2021-07-05 00:00:00,34350.89,0.00411,299.95,0.008733,141.25,4.144e-05,1.4232,33.63,0.00097871
2021-07-05 04:00:00,34256.17,0.004103,300.19,0.008767,140.54,4.146e-05,1.4206,33.993,0.00099157
2021-07-05 08:00:00,33379.96,0.004048,293.36,0.008789,135.17,4.144e-05,1.3836,33.166,0.00099411
2021-07-05 12:00:00,33585.91,0.004074,296.11,0.008815,136.77,4.156e-05,1.3964,32.768,0.00097539
2021-07-05 16:00:00,34117.97,0.004085,302.77,0.008872,139.4,4.168e-05,1.4224,33.235,0.00097484
2021-07-05 20:00:00,33690.14,0.004087,302.02,0.008965,137.71,4.166e-05,1.4039,32.908,0.00097602
2021-07-06 00:00:00,33920.69,0.004083,305.33,0.008999,138.52,4.192e-05,1.4223,33.345,0.00098357
2021-07-06 04:00:00,34874.85,0.004077,320.29,0.009184,142.2,4.161e-05,1.4509,34.224,0.00098148
2021-07-06 08:00:00,34067.31,0.004024,311.65,0.00915,137.15,4.162e-05,1.4179,33.722,0.00098978
2021-07-06 12:00:00,34042.43,0.004051,315.94,0.009281,137.94,4.145e-05,1.4109,33.818,0.00099275
2021-07-06 16:00:00,34019.99,0.004056,319.4,0.009387,137.94,4.142e-05,1.4088,33.687,0.00099002
2021-07-06 20:00:00,34220.01,0.004059,319.92,0.00935,138.87,4.137e-05,1.4157,34.226,0.00100013
2021-07-07 00:00:00,34446.5,0.004063,328.48,0.009538,139.97,4.149e-05,1.4288,34.799,0.00101077
2021-07-07 04:00:00,34710.38,0.004069,331.7,0.009559,141.27,4.116e-05,1.4285,34.998,0.00100801
2021-07-07 08:00:00,34827.96,0.004073,333.39,0.009576,141.85,4.106e-05,1.4301,36.949,0.00106087
2021-07-07 12:00:00,34528.6,0.004057,334.42,0.009686,140.03,4.112e-05,1.4194,36.264,0.00105068
2021-07-07 16:00:00,34628.72,0.004049,337.66,0.009755,140.22,4.097e-05,1.4187,37.551,0.00108382
2021-07-07 20:00:00,33862.12,0.004058,327.51,0.009677,137.41,4.146e-05,1.404,36.673,0.00108293
2021-07-08 00:00:00,33305.65,0.004052,321.97,0.009663,134.99,4.16e-05,1.3851,36.61,0.00109931
2021-07-08 04:00:00,32487.57,0.004022,312.9,0.009634,130.64,4.182e-05,1.3594,34.183,0.00105098
2021-07-08 08:00:00,32696.44,0.003999,317.11,0.009697,130.76,4.198e-05,1.3725,34.976,0.00106962
2021-07-08 12:00:00,32900.01,0.003986,316.22,0.009612,131.2,4.158e-05,1.3677,34.344,0.00104456
2021-07-08 16:00:00,33003.52,0.004017,317.0,0.009604,132.56,4.127e-05,1.362,33.976,0.00102962
2021-07-08 20:00:00,32875.71,0.004018,310.14,0.009435,132.15,4.037e-05,1.327,33.142,0.00100843
2021-07-09 00:00:00,32941.81,0.003964,308.76,0.009372,130.63,4.007e-05,1.3197,33.412,0.00101333
2021-07-09 04:00:00,32910.21,0.003982,310.53,0.009437,131.05,4.051e-05,1.3332,32.969,0.00100172
2021-07-09 08:00:00,32774.99,0.003938,307.54,0.009384,129.06,4.037e-05,1.3232,32.466,0.00098995
2021-07-09 12:00:00,33558.67,0.004009,316.07,0.009417,134.48,4.07e-05,1.366,33.923,0.00101073
2021-07-09 16:00:00,33445.31,0.00399,313.48,0.009371,133.48,4.009e-05,1.341,32.947,0.00098523
2021-07-09 20:00:00,33815.81,0.003978,317.09,0.009379,134.58,3.994e-05,1.3504,33.315,0.00098562
2021-07-10 00:00:00,33800.03,0.003956,315.3,0.009328,133.77,3.969e-05,1.3417,33.284,0.00098496
2021-07-10 04:00:00,33766.01,0.00395,313.54,0.009283,133.31,3.974e-05,1.342,33.362,0.00098856
2021-07-10 08:00:00,33793.94,0.003926,313.66,0.009285,132.66,3.942e-05,1.3317,32.777,0.00096972
2021-07-10 12:00:00,33862.54,0.003926,317.0,0.009364,132.94,3.94e-05,1.3343,32.361,0.00095521
2021-07-10 16:00:00,33409.92,0.003953,314.0,0.009398,132.05,3.985e-05,1.3312,31.822,0.00095236
2021-07-10 20:00:00,33502.87,0.004,316.12,0.009434,133.99,3.987e-05,1.3356,31.693,0.00094624
2021-07-11 00:00:00,33448.97,0.00397,313.93,0.009384,132.8,3.969e-05,1.3279,31.686,0.00094593
2021-07-11 04:00:00,33508.83,0.003986,316.0,0.009433,133.54,3.989e-05,1.337,31.626,0.00094392
2021-07-11 08:00:00,33814.84,0.003988,321.16,0.009496,134.84,3.961e-05,1.3395,32.211,0.00095257
2021-07-11 12:00:00,33948.68,0.003982,325.35,0.009583,135.18,3.964e-05,1.3463,32.39,0.00095418
2021-07-11 16:00:00,33894.57,0.003951,322.6,0.009518,133.88,3.949e-05,1.3387,32.001,0.00094441
2021-07-11 20:00:00,34258.99,0.003919,322.16,0.0094,134.28,3.937e-05,1.3485,32.182,0.00093967
2021-07-12 00:00:00,34447.92,0.003933,328.79,0.009544,135.49,3.95e-05,1.3604,32.535,0.00094435
2021-07-12 04:00:00,34281.74,0.004017,331.45,0.009668,137.68,3.972e-05,1.3615,32.204,0.00093932
2021-07-12 08:00:00,33530.0,0.004056,320.78,0.009567,135.97,3.985e-05,1.3364,31.348,0.00093589
2021-07-12 12:00:00,33337.49,0.004149,320.9,0.009626,138.32,3.967e-05,1.3224,31.083,0.00093217
2021-07-12 16:00:00,32822.85,0.004073,311.67,0.009497,133.67,3.954e-05,1.2977,30.361,0.00092413
2021-07-12 20:00:00,33086.63,0.00403,316.12,0.009551,133.38,3.967e-05,1.3126,30.77,0.00093095
2021-07-13 00:00:00,33071.14,0.004029,315.91,0.009552,133.32,3.953e-05,1.3076,30.8,0.00093178
2021-07-13 04:00:00,33180.08,0.004011,314.57,0.009481,133.09,3.961e-05,1.3144,30.492,0.00091929
2021-07-13 08:00:00,33042.61,0.004018,311.69,0.009435,132.71,3.921e-05,1.2952,30.125,0.00091214
2021-07-13 12:00:00,32790.08,0.004065,311.79,0.009509,133.35,3.931e-05,1.2891,30.255,0.00092207
2021-07-13 16:00:00,32309.69,0.004032,305.95,0.009471,130.28,3.876e-05,1.252,29.027,0.00089911
2021-07-13 20:00:00,32729.77,0.004016,308.94,0.00944,131.44,3.866e-05,1.265,29.136,0.00089065
2021-07-14 00:00:00,31830.01,0.003922,294.54,0.009252,124.76,3.824e-05,1.2167,28.159,0.00088397
2021-07-14 04:00:00,31920.01,0.003945,295.35,0.009253,125.89,3.827e-05,1.222,28.1,0.00088045
2021-07-14 08:00:00,32451.99,0.003949,303.44,0.009352,128.14,3.855e-05,1.2506,28.999,0.00089417
2021-07-14 12:00:00,32786.0,0.003976,309.52,0.00944,130.35,3.881e-05,1.2723,30.582,0.00093278
2021-07-14 16:00:00,32729.76,0.003995,308.42,0.009425,130.73,3.861e-05,1.2636,30.5,0.00093183
2021-07-14 20:00:00,32820.02,0.003993,309.4,0.009426,131.07,3.849e-05,1.2635,31.365,0.00095573
2021-07-15 00:00:00,32641.65,0.003959,306.14,0.009376,129.22,3.809e-05,1.2438,30.582,0.00093728
2021-07-15 04:00:00,32469.5,0.003948,303.07,0.009334,128.19,3.804e-05,1.2351,30.374,0.00093589
2021-07-15 08:00:00,31880.5,0.00392,312.0,0.009785,124.96,3.822e-05,1.2186,29.142,0.00091442
2021-07-15 12:00:00,31677.01,0.00395,312.7,0.009872,125.15,3.872e-05,1.2265,28.765,0.00090826
2021-07-15 16:00:00,31533.62,0.003948,316.01,0.010018,124.52,3.892e-05,1.2274,28.663,0.00090908
2021-07-15 20:00:00,31880.0,0.003947,316.11,0.009915,125.86,3.847e-05,1.2258,28.545,0.00089527
2021-07-16 00:00:00,31914.89,0.003971,320.28,0.010036,126.73,3.873e-05,1.236,29.164,0.00091418
2021-07-16 04:00:00,31774.49,0.003943,312.96,0.00985,125.3,3.811e-05,1.2117,28.334,0.00089124
2021-07-16 08:00:00,31086.53,0.003876,302.9,0.009745,120.54,3.753e-05,1.1669,27.147,0.00087308
2021-07-16 12:00:00,32127.39,0.003886,311.75,0.0097,124.84,3.804e-05,1.2221,28.325,0.00088123
2021-07-16 16:00:00,31911.34,0.003893,307.36,0.009633,124.24,3.755e-05,1.198,27.146,0.00085072
2021-07-16 20:00:00,31383.87,0.003844,302.88,0.009654,120.65,3.731e-05,1.1708,26.271,0.00083709
2021-07-17 00:00:00,31306.56,0.003829,297.23,0.009496,119.9,3.705e-05,1.1598,26.232,0.00083771
2021-07-17 04:00:00,31513.64,0.003824,299.49,0.009501,120.53,3.71e-05,1.1688,26.625,0.0008446
2021-07-17 08:00:00,31391.33,0.003774,299.37,0.009535,118.47,3.7e-05,1.1617,26.451,0.00084299
2021-07-17 12:00:00,31764.75,0.00378,300.26,0.009456,120.0,3.692e-05,1.1728,26.527,0.00083531
2021-07-17 16:00:00,31834.33,0.003828,303.52,0.009535,121.89,3.748e-05,1.1937,27.132,0.00085163
2021-07-17 20:00:00,31520.07,0.003806,300.52,0.009534,119.95,3.719e-05,1.1721,26.802,0.00085009
2021-07-18 00:00:00,32166.0,0.003826,306.0,0.00951,123.05,3.767e-05,1.2115,27.497,0.00085477
2021-07-18 04:00:00,31712.1,0.003823,303.43,0.009574,121.22,3.759e-05,1.192,26.893,0.00084819
2021-07-18 08:00:00,31801.01,0.003817,306.09,0.009624,121.36,3.78e-05,1.2023,27.39,0.00086064
2021-07-18 12:00:00,31365.6,0.003758,302.09,0.009632,117.9,3.745e-05,1.1747,26.586,0.00084729
2021-07-18 16:00:00,31643.8,0.003766,304.1,0.009611,119.19,3.751e-05,1.187,26.786,0.00084586
2021-07-18 20:00:00,31778.56,0.003749,302.1,0.009507,119.17,3.717e-05,1.1813,26.673,0.0008391
2021-07-19 00:00:00,31541.57,0.00376,299.01,0.009476,118.58,3.713e-05,1.1713,25.956,0.00082224
2021-07-19 04:00:00,31604.33,0.003778,299.95,0.009491,119.38,3.723e-05,1.1765,25.718,0.00081405
2021-07-19 08:00:00,31265.92,0.00372,295.4,0.009446,116.3,3.705e-05,1.1584,24.802,0.00079358
2021-07-19 12:00:00,30687.96,0.003679,283.9,0.009252,112.89,3.658e-05,1.1223,24.189,0.00078801
2021-07-19 16:00:00,30744.97,0.00372,283.22,0.009209,114.33,3.666e-05,1.1273,24.382,0.00079357
2021-07-19 20:00:00,30839.65,0.003669,280.54,0.009098,113.13,3.639e-05,1.1225,24.509,0.0007943
2021-07-20 00:00:00,29600.46,0.003597,259.51,0.008766,106.48,3.559e-05,1.0541,22.86,0.00077267
2021-07-20 04:00:00,29821.73,0.003581,266.97,0.008951,106.82,3.574e-05,1.0658,23.095,0.00077463
2021-07-20 08:00:00,29692.79,0.003587,263.7,0.00888,106.52,3.514e-05,1.0432,22.887,0.00077071
2021-07-20 12:00:00,29888.36,0.00364,269.25,0.009011,108.8,3.555e-05,1.0627,23.803,0.00079633
2021-07-20 16:00:00,29780.86,0.003653,268.44,0.009017,108.79,3.612e-05,1.0755,23.805,0.00079915
2021-07-20 20:00:00,29790.35,0.003601,264.44,0.008877,107.29,3.539e-05,1.0539,23.474,0.00078789
2021-07-21 00:00:00,29845.1,0.00365,269.87,0.009044,108.86,3.593e-05,1.0722,24.064,0.00080674
2021-07-21 04:00:00,30817.84,0.003634,280.64,0.009107,111.98,3.68e-05,1.1347,25.711,0.0008342
2021-07-21 08:00:00,31534.11,0.003621,287.35,0.009111,114.2,3.691e-05,1.1636,26.207,0.00083127
2021-07-21 12:00:00,31933.0,0.003665,291.27,0.009117,117.01,3.701e-05,1.1819,26.954,0.00084447
2021-07-21 16:00:00,31627.57,0.003677,285.33,0.009022,116.32,3.646e-05,1.153,25.532,0.00080722
2021-07-21 20:00:00,32144.51,0.003663,293.26,0.009123,117.74,3.642e-05,1.1711,26.7,0.0008303
2021-07-22 00:00:00,31929.64,0.003652,290.75,0.009107,116.66,3.636e-05,1.1608,26.3,0.00082432
2021-07-22 04:00:00,32129.75,0.003663,295.56,0.009196,117.66,3.669e-05,1.1788,27.023,0.00084134
2021-07-22 08:00:00,31913.64,0.003674,293.6,0.0092,117.27,3.662e-05,1.1687,26.729,0.00083763
2021-07-22 12:00:00,32504.82,0.003736,296.88,0.009134,121.42,3.683e-05,1.1975,27.795,0.0008545
2021-07-22 16:00:00,32376.93,0.00372,295.08,0.009111,120.45,3.684e-05,1.1928,27.888,0.00086113
2021-07-22 20:00:00,32287.83,0.003737,293.36,0.009087,120.67,3.673e-05,1.1856,27.699,0.00085738
2021-07-23 00:00:00,32594.46,0.003699,295.31,0.009063,120.58,3.669e-05,1.1956,28.281,0.00086776
2021-07-23 04:00:00,32490.0,0.003703,298.09,0.009174,120.34,3.667e-05,1.1909,27.92,0.00085823
2021-07-23 08:00:00,32296.51,0.003693,289.02,0.00895,119.24,3.624e-05,1.1705,27.537,0.00085251
2021-07-23 12:00:00,32315.0,0.003673,287.17,0.008887,118.68,3.604e-05,1.1644,26.877,0.000832
2021-07-23 16:00:00,32248.63,0.003681,284.22,0.008812,118.8,3.587e-05,1.1568,26.606,0.0008252
2021-07-23 20:00:00,33634.09,0.003695,299.27,0.008899,124.24,3.591e-05,1.2077,28.516,0.00084859
2021-07-24 00:00:00,33669.98,0.003751,299.8,0.008906,126.29,3.608e-05,1.2146,28.7,0.00085332
2021-07-24 04:00:00,33806.5,0.003743,302.36,0.008945,126.54,3.592e-05,1.2145,28.75,0.00085057
2021-07-24 08:00:00,33867.0,0.003713,302.91,0.008944,125.72,3.594e-05,1.2173,28.66,0.00084622
2021-07-24 12:00:00,33847.51,0.003705,302.29,0.008931,125.38,3.565e-05,1.2072,28.402,0.00083832
2021-07-24 16:00:00,33846.16,0.003663,297.81,0.0088,124.03,3.594e-05,1.2165,28.426,0.00083931
2021-07-24 20:00:00,34258.14,0.003678,301.56,0.008803,125.99,3.599e-05,1.2327,28.616,0.00083559
2021-07-25 00:00:00,34160.85,0.003654,298.21,0.008731,124.86,3.558e-05,1.2157,27.902,0.00081607
2021-07-25 04:00:00,34695.51,0.003649,302.39,0.008713,126.57,3.55e-05,1.2314,28.606,0.00082491
2021-07-25 08:00:00,34399.04,0.003652,300.19,0.008727,125.66,3.545e-05,1.2196,27.99,0.00081358
2021-07-25 12:00:00,34174.08,0.003659,296.24,0.008668,125.05,3.518e-05,1.2022,27.356,0.00079996
2021-07-25 16:00:00,34353.25,0.003634,298.26,0.008684,124.83,3.506e-05,1.2045,27.535,0.00080178
2021-07-25 20:00:00,35381.02,0.003606,302.56,0.008551,127.68,3.471e-05,1.2284,28.248,0.00079792
2021-07-26 00:00:00,38283.98,0.003576,322.21,0.008417,136.85,3.466e-05,1.3266,30.108,0.00078604
2021-07-26 04:00:00,38150.0,0.003578,317.41,0.008323,136.55,3.529e-05,1.3465,29.715,0.00077876
2021-07-26 08:00:00,38473.61,0.003584,318.72,0.008286,137.85,3.494e-05,1.3447,30.039,0.00078083
2021-07-26 12:00:00,38562.21,0.003566,318.35,0.008256,137.58,3.452e-05,1.3313,30.087,0.00078002
2021-07-26 16:00:00,39365.15,0.003468,317.83,0.008074,136.52,3.378e-05,1.3292,29.692,0.00075418
2021-07-26 20:00:00,37237.6,0.003519,304.0,0.008158,131.06,3.369e-05,1.2551,28.184,0.00075762
2021-07-27 00:00:00,36823.8,0.003499,301.33,0.008184,128.84,3.339e-05,1.2294,27.595,0.00074939
2021-07-27 04:00:00,37115.11,0.003471,304.28,0.008194,128.89,3.368e-05,1.25,27.881,0.00075095
2021-07-27 08:00:00,38064.87,0.003473,315.58,0.008292,132.15,3.416e-05,1.3,28.657,0.00075317
2021-07-27 12:00:00,38209.58,0.003492,312.54,0.00818,133.42,3.337e-05,1.2747,27.7,0.00072454
2021-07-27 16:00:00,37800.49,0.003516,306.01,0.008097,132.92,3.29e-05,1.2436,27.237,0.00072033
2021-07-27 20:00:00,39457.87,0.003413,313.48,0.007946,134.74,3.243e-05,1.2799,28.103,0.00071262
2021-07-28 00:00:00,39817.56,0.003401,311.46,0.007824,135.4,3.2e-05,1.2743,27.97,0.00070202
2021-07-28 04:00:00,39895.88,0.003452,314.18,0.007876,137.69,3.258e-05,1.2999,28.06,0.00070379
2021-07-28 08:00:00,40750.84,0.003426,317.33,0.007784,139.54,3.215e-05,1.3102,28.61,0.00070175
2021-07-28 12:00:00,39689.04,0.00347,314.19,0.007916,137.66,3.254e-05,1.2918,28.28,0.00071206
2021-07-28 16:00:00,40388.61,0.003419,314.48,0.007789,138.04,3.177e-05,1.2828,27.995,0.00069295
2021-07-28 20:00:00,40019.56,0.003511,313.8,0.007845,140.42,3.217e-05,1.2875,27.875,0.00069702
2021-07-29 00:00:00,39609.78,0.003497,310.22,0.007831,138.5,3.192e-05,1.2642,27.612,0.00069745
2021-07-29 04:00:00,39934.62,0.003492,313.39,0.007851,139.43,3.187e-05,1.2727,28.154,0.00070521
2021-07-29 08:00:00,39769.99,0.003464,311.63,0.007833,137.76,3.19e-05,1.2692,28.132,0.00070739
2021-07-29 12:00:00,39939.33,0.003507,314.3,0.007867,140.11,3.22e-05,1.2862,29.587,0.00074071
2021-07-29 16:00:00,39659.84,0.003546,313.32,0.007899,140.64,3.23e-05,1.2813,31.365,0.00079074
2021-07-29 20:00:00,40016.48,0.003534,317.03,0.007923,141.44,3.213e-05,1.2856,31.235,0.00078113
2021-07-30 00:00:00,39969.99,0.00357,321.6,0.008046,142.69,3.284e-05,1.3125,32.751,0.00082023
2021-07-30 04:00:00,39726.01,0.003564,318.99,0.00803,141.52,3.261e-05,1.295,32.056,0.00080672
2021-07-30 08:00:00,38642.46,0.003526,309.24,0.008008,136.24,3.257e-05,1.2587,30.921,0.0008008
2021-07-30 12:00:00,39073.85,0.003521,311.91,0.007982,137.58,3.257e-05,1.2726,31.018,0.00079364
2021-07-30 16:00:00,39853.72,0.003535,314.4,0.007891,140.86,3.214e-05,1.2808,31.789,0.00079765
2021-07-30 20:00:00,42206.37,0.003448,322.58,0.00764,145.51,3.105e-05,1.3108,32.354,0.0007664
2021-07-31 00:00:00,41810.01,0.003464,322.57,0.007715,144.84,3.142e-05,1.3134,32.607,0.00078014
2021-07-31 04:00:00,41540.32,0.003453,320.11,0.007703,143.41,3.145e-05,1.3068,32.185,0.00077595
2021-07-31 08:00:00,41592.15,0.003449,331.9,0.007977,143.48,3.145e-05,1.3079,34.617,0.00083252
2021-07-31 12:00:00,41537.83,0.00346,329.67,0.007934,143.74,3.151e-05,1.3087,34.246,0.00082456
2021-07-31 16:00:00,41303.63,0.003462,330.9,0.008014,142.97,3.153e-05,1.3026,34.38,0.00083262
2021-07-31 20:00:00,41461.83,0.003481,332.38,0.008019,144.37,3.183e-05,1.3193,36.744,0.00088655
2021-08-01 00:00:00,42435.13,0.003526,346.75,0.008168,149.6,3.251e-05,1.3794,36.09,0.00085033
2021-08-01 04:00:00,41701.26,0.003547,341.5,0.00819,148.0,3.266e-05,1.3625,35.305,0.00084689
2021-08-01 08:00:00,41587.01,0.003541,339.99,0.008178,147.2,3.273e-05,1.3612,35.121,0.00084429
2021-08-01 12:00:00,41286.98,0.003535,338.79,0.008205,145.91,3.287e-05,1.3568,35.467,0.00085946
2021-08-01 16:00:00,41263.35,0.003531,339.41,0.008227,145.67,3.264e-05,1.3467,35.532,0.00086075
2021-08-01 20:00:00,39845.44,0.003521,332.59,0.008345,140.31,3.298e-05,1.3142,34.165,0.00085769
2021-08-02 00:00:00,39785.59,0.003551,329.89,0.008292,141.24,3.32e-05,1.3204,34.812,0.00087519
2021-08-02 04:00:00,40104.45,0.003612,336.1,0.008378,144.83,3.344e-05,1.3411,35.419,0.00088326
2021-08-02 08:00:00,39542.42,0.003648,332.85,0.008418,144.22,3.345e-05,1.3228,34.582,0.00087432
2021-08-02 12:00:00,39705.12,0.00362,334.29,0.008419,143.71,3.342e-05,1.3269,33.82,0.00085216
2021-08-02 16:00:00,39177.85,0.003608,331.47,0.008461,141.37,3.351e-05,1.3133,33.674,0.00085969
2021-08-02 20:00:00,39147.82,0.003611,330.55,0.008443,141.35,3.343e-05,1.3083,33.167,0.00084739
2021-08-03 00:00:00,38655.74,0.003596,326.21,0.00844,139.02,3.323e-05,1.2844,33.219,0.00085906
2021-08-03 04:00:00,38593.44,0.003597,323.27,0.008372,138.8,3.371e-05,1.3012,33.53,0.00086858
2021-08-03 08:00:00,38490.01,0.003578,321.08,0.008343,137.71,3.362e-05,1.2942,34.37,0.00089395
2021-08-03 12:00:00,38169.44,0.003629,321.48,0.008423,138.54,3.506e-05,1.3385,34.92,0.00091455
2021-08-03 16:00:00,38011.37,0.003653,321.33,0.008452,138.91,3.594e-05,1.3664,34.657,0.00091196
2021-08-03 20:00:00,38207.05,0.003625,323.43,0.008465,138.49,3.584e-05,1.3696,34.105,0.00089251
2021-08-04 00:00:00,37976.81,0.003612,321.21,0.008455,137.15,3.532e-05,1.3409,33.738,0.00088872
2021-08-04 04:00:00,37828.84,0.003618,321.84,0.008507,136.83,3.528e-05,1.3345,33.714,0.00089123
2021-08-04 08:00:00,38160.06,0.003608,323.54,0.008481,137.68,3.523e-05,1.344,34.353,0.0009003
2021-08-04 12:00:00,39302.0,0.003624,332.24,0.008454,142.43,3.475e-05,1.3661,35.363,0.0009
2021-08-04 16:00:00,39752.17,0.003618,334.42,0.008412,143.83,3.469e-05,1.3795,36.233,0.00091127
2021-08-04 20:00:00,39723.18,0.003588,334.77,0.008427,142.57,3.465e-05,1.3765,35.76,0.00090077
2021-08-05 00:00:00,39435.09,0.003568,334.48,0.00848,140.77,3.494e-05,1.3777,37.232,0.00094473
2021-08-05 04:00:00,38870.59,0.003584,329.69,0.008481,139.33,3.518e-05,1.3674,36.629,0.00094261
2021-08-05 08:00:00,38008.38,0.003631,327.14,0.00861,138.01,3.558e-05,1.3522,36.833,0.00096917
2021-08-05 12:00:00,38750.01,0.003619,330.24,0.008522,140.36,3.533e-05,1.3695,36.702,0.00094719
2021-08-05 16:00:00,40692.24,0.003516,336.99,0.008281,143.09,3.401e-05,1.3841,36.926,0.00090735
2021-08-05 20:00:00,40862.46,0.003513,337.91,0.008269,143.53,3.392e-05,1.3859,37.353,0.0009135
2021-08-06 00:00:00,40219.47,0.00363,333.55,0.008293,146.03,3.403e-05,1.3681,35.916,0.00089366
2021-08-06 04:00:00,40729.59,0.003572,335.22,0.008228,145.41,3.383e-05,1.3779,37.0,0.0009083
2021-08-06 08:00:00,40507.56,0.003556,332.85,0.008216,144.05,3.375e-05,1.367,36.953,0.00091204
2021-08-06 12:00:00,42199.98,0.003531,343.04,0.008128,149.09,3.307e-05,1.3949,39.687,0.00094083
2021-08-06 16:00:00,42901.17,0.003463,342.3,0.007981,148.55,3.285e-05,1.4093,39.892,0.00092877
2021-08-06 20:00:00,42836.87,0.003453,342.39,0.007994,147.95,3.274e-05,1.4025,39.525,0.000922
2021-08-07 00:00:00,43691.86,0.003509,350.33,0.008015,153.39,3.311e-05,1.4468,40.065,0.00091652
2021-08-07 04:00:00,43207.89,0.003521,347.73,0.008045,152.12,3.324e-05,1.4365,39.461,0.00091313
2021-08-07 08:00:00,43800.03,0.003529,356.28,0.008137,154.65,3.375e-05,1.4782,40.026,0.000914
2021-08-07 12:00:00,43370.23,0.003546,351.71,0.008111,153.72,3.357e-05,1.4556,38.495,0.00088772
2021-08-07 16:00:00,43931.41,0.003504,351.52,0.008001,153.91,3.289e-05,1.4454,38.603,0.00087836
2021-08-07 20:00:00,44572.54,0.003498,356.18,0.007992,155.92,3.304e-05,1.4727,39.469,0.00088519
2021-08-08 00:00:00,44322.42,0.00348,353.87,0.007982,154.18,3.298e-05,1.4616,38.711,0.00087338
2021-08-08 04:00:00,44804.51,0.003463,355.66,0.00794,155.2,3.295e-05,1.476,38.778,0.00086567
2021-08-08 08:00:00,44452.06,0.00345,350.46,0.007883,153.33,3.284e-05,1.4596,38.221,0.00086056
2021-08-08 12:00:00,43984.55,0.003431,346.44,0.007875,150.89,3.294e-05,1.4491,37.74,0.00085831
2021-08-08 16:00:00,43715.1,0.003407,340.04,0.007778,148.95,3.241e-05,1.417,37.391,0.00085635
2021-08-08 20:00:00,43794.37,0.003417,341.79,0.007805,149.69,3.254e-05,1.4255,37.65,0.00085953
2021-08-09 00:00:00,43496.09,0.003387,339.2,0.007799,147.27,3.265e-05,1.4198,37.288,0.00085687
2021-08-09 04:00:00,43800.74,0.003421,343.44,0.00784,149.74,3.261e-05,1.4288,37.774,0.00086219
2021-08-09 08:00:00,45930.01,0.003389,357.36,0.007781,155.64,3.207e-05,1.4732,39.272,0.00085497
2021-08-09 12:00:00,45870.75,0.00358,355.85,0.007759,164.26,3.237e-05,1.485,39.857,0.00086855
2021-08-09 16:00:00,45979.85,0.003649,353.49,0.007688,167.73,3.223e-05,1.4816,39.246,0.00085319
2021-08-09 20:00:00,46253.4,0.003596,354.32,0.007659,166.31,3.188e-05,1.4745,38.646,0.0008357
2021-08-10 00:00:00,45708.76,0.003563,350.8,0.007676,162.86,3.196e-05,1.4603,39.802,0.00087125
2021-08-10 04:00:00,45948.0,0.003615,354.94,0.007723,166.02,3.22e-05,1.4787,39.976,0.00087014
2021-08-10 08:00:00,45345.05,0.0036,355.55,0.007842,163.26,3.471e-05,1.5749,40.795,0.00089962
2021-08-10 12:00:00,45165.73,0.003603,369.36,0.008175,162.69,3.449e-05,1.5576,40.128,0.00088827
2021-08-10 16:00:00,45495.73,0.003621,371.05,0.008158,164.73,3.488e-05,1.5865,40.627,0.00089371
2021-08-10 20:00:00,45584.99,0.003628,371.92,0.00816,165.38,3.681e-05,1.678,40.64,0.00089242
2021-08-11 00:00:00,45585.66,0.003637,379.07,0.008318,165.77,3.754e-05,1.7112,41.758,0.00091648
2021-08-11 04:00:00,46349.25,0.003726,387.89,0.00837,172.74,3.826e-05,1.7733,42.518,0.00091699
2021-08-11 08:00:00,45924.08,0.003696,386.14,0.008409,169.72,3.845e-05,1.7659,42.534,0.00092702
2021-08-11 12:00:00,46456.02,0.003707,396.83,0.008539,172.21,3.958e-05,1.8391,42.589,0.00091646
2021-08-11 16:00:00,46448.0,0.003758,401.38,0.00864,174.51,4.013e-05,1.8639,43.402,0.00093477
2021-08-11 20:00:00,45511.0,0.003748,390.96,0.008588,170.6,3.939e-05,1.7934,41.621,0.00091463
2021-08-12 00:00:00,45927.0,0.003811,399.6,0.008703,174.98,3.994e-05,1.8339,42.985,0.000936
2021-08-12 04:00:00,45243.61,0.003762,387.27,0.008559,170.22,4.018e-05,1.8174,41.434,0.00091574
2021-08-12 08:00:00,44752.56,0.003759,383.11,0.00856,168.31,3.926e-05,1.757,40.762,0.0009115
2021-08-12 12:00:00,44196.19,0.003693,376.35,0.008517,163.23,3.882e-05,1.7158,39.828,0.00090054
2021-08-12 16:00:00,44371.32,0.003728,383.6,0.008645,165.44,3.965e-05,1.7591,41.024,0.00092474
2021-08-12 20:00:00,44399.0,0.003725,385.66,0.008685,165.38,4.127e-05,1.8324,41.102,0.00092495
2021-08-13 00:00:00,44847.26,0.003741,392.97,0.008765,167.62,4.172e-05,1.871,42.253,0.000942
2021-08-13 04:00:00,46103.51,0.003834,402.87,0.008739,176.85,4.271e-05,1.9686,43.395,0.00094151
2021-08-13 08:00:00,46138.47,0.00388,398.67,0.008642,179.07,4.36e-05,2.0121,43.596,0.00094463
2021-08-13 12:00:00,46357.15,0.003796,395.81,0.008536,175.97,4.329e-05,2.0081,43.615,0.00094095
2021-08-13 16:00:00,46459.86,0.003794,396.04,0.008523,176.28,4.286e-05,1.9917,43.538,0.00093712
2021-08-13 20:00:00,47800.0,0.003836,410.76,0.008592,183.31,4.473e-05,2.1386,44.83,0.00093858
2021-08-14 00:00:00,47540.0,0.00377,407.32,0.008566,179.18,4.462e-05,2.1208,44.096,0.00092639
2021-08-14 04:00:00,47616.12,0.003834,415.76,0.00873,182.62,4.55e-05,2.1665,44.478,0.00093467
2021-08-14 08:00:00,46569.99,0.003834,406.93,0.00874,178.62,4.673e-05,2.176,43.739,0.00094013
2021-08-14 12:00:00,46944.47,0.003879,409.37,0.008721,182.01,4.687e-05,2.2007,44.065,0.000939
2021-08-14 16:00:00,47033.76,0.003859,407.78,0.008671,181.39,4.689e-05,2.2057,43.869,0.00093336
2021-08-14 20:00:00,47068.51,0.003884,408.67,0.008684,182.76,4.648e-05,2.1878,44.14,0.00093739
2021-08-15 00:00:00,46874.81,0.003896,404.81,0.008639,182.59,4.592e-05,2.1525,44.573,0.00095117
2021-08-15 04:00:00,45742.92,0.003876,397.93,0.0087,177.23,4.536e-05,2.0743,43.649,0.00095419
2021-08-15 08:00:00,45923.57,0.003908,403.34,0.008784,179.37,4.625e-05,2.1237,46.767,0.00101817
2021-08-15 12:00:00,46167.9,0.003908,403.64,0.008743,180.42,4.58e-05,2.1149,48.704,0.00105504
2021-08-15 16:00:00,46341.8,0.003935,406.29,0.008768,182.33,4.596e-05,2.1308,52.945,0.00114278
2021-08-15 20:00:00,46973.82,0.00393,414.05,0.008817,184.6,4.613e-05,2.1667,53.531,0.00113935
2021-08-16 00:00:00,47357.62,0.003878,410.96,0.008677,183.64,4.461e-05,2.1119,58.605,0.00123772
2021-08-16 04:00:00,47309.85,0.003918,420.4,0.008885,185.48,4.626e-05,2.189,61.915,0.0013086
2021-08-16 08:00:00,47516.95,0.003942,430.11,0.009053,187.36,4.559e-05,2.1667,61.793,0.00130027
2021-08-16 12:00:00,46344.03,0.003934,426.38,0.009201,182.33,4.572e-05,2.1188,67.077,0.00144675
2021-08-16 16:00:00,46092.99,0.003917,420.62,0.009125,180.53,4.573e-05,2.1073,62.911,0.0013641
2021-08-16 20:00:00,45901.29,0.003876,415.72,0.009059,177.93,4.514e-05,2.0714,62.016,0.00135106
2021-08-17 00:00:00,46417.0,0.003914,426.76,0.009193,181.68,4.574e-05,2.1235,71.836,0.00154933
2021-08-17 04:00:00,45947.49,0.003912,418.8,0.009117,179.78,4.516e-05,2.0751,74.053,0.00161123
2021-08-17 08:00:00,46849.43,0.003911,432.6,0.009233,183.31,4.466e-05,2.0926,70.145,0.00149691
2021-08-17 12:00:00,45730.0,0.003862,418.94,0.009161,176.61,4.493e-05,2.0546,69.85,0.00152656
2021-08-17 16:00:00,45465.01,0.003859,415.37,0.009136,175.33,4.42e-05,2.0091,65.137,0.00143198
2021-08-17 20:00:00,44695.95,0.003774,401.8,0.008988,168.61,4.305e-05,1.9239,64.123,0.00143631
2021-08-18 00:00:00,45055.78,0.003745,396.68,0.008801,168.85,4.392e-05,1.9789,65.792,0.001461
2021-08-18 04:00:00,44951.32,0.003755,397.48,0.008845,168.72,4.423e-05,1.988,67.445,0.00150084
2021-08-18 08:00:00,44746.59,0.00371,390.59,0.00873,166.07,4.372e-05,1.9559,74.959,0.00167585
2021-08-18 12:00:00,45820.0,0.00379,408.34,0.008915,173.74,4.492e-05,2.0581,77.335,0.00168911
2021-08-18 16:00:00,44901.12,0.00374,396.6,0.008831,167.89,4.615e-05,2.0721,73.328,0.00163218
2021-08-18 20:00:00,44705.29,0.003728,396.15,0.008867,166.65,4.708e-05,2.1043,72.663,0.00162433
2021-08-19 00:00:00,44046.97,0.003751,393.07,0.008925,165.28,4.725e-05,2.0809,69.666,0.00158012
2021-08-19 04:00:00,44660.01,0.003717,397.4,0.008902,166.02,4.722e-05,2.1089,71.258,0.00159788
2021-08-19 08:00:00,44215.25,0.003704,400.21,0.009051,163.68,4.656e-05,2.059,69.612,0.00157385
2021-08-19 12:00:00,45779.58,0.003732,422.68,0.009234,170.85,4.644e-05,2.1266,73.522,0.00160542
2021-08-19 16:00:00,46710.0,0.003729,429.16,0.00919,174.21,5.126e-05,2.395,72.33,0.00154805
2021-08-19 20:00:00,46760.62,0.003754,431.27,0.009223,175.59,5.222e-05,2.4411,72.764,0.00155608
2021-08-20 00:00:00,47054.74,0.003734,430.29,0.009145,175.7,5.096e-05,2.3979,72.388,0.00153716
2021-08-20 04:00:00,46833.48,0.003741,425.32,0.009082,175.27,5.259e-05,2.4636,71.212,0.00152
2021-08-20 08:00:00,46922.34,0.003745,427.32,0.009106,175.73,5.294e-05,2.4843,71.494,0.00152461
2021-08-20 12:00:00,48718.38,0.003753,447.48,0.009184,182.79,5.234e-05,2.5492,73.35,0.00150525
2021-08-20 16:00:00,48684.16,0.003717,448.83,0.009221,180.85,5.124e-05,2.494,78.224,0.00160696
2021-08-20 20:00:00,49322.47,0.003723,454.93,0.009223,183.59,4.978e-05,2.4557,78.643,0.00159574
2021-08-21 00:00:00,48828.17,0.003743,455.17,0.009322,182.8,5.102e-05,2.4907,79.657,0.00163081
2021-08-21 04:00:00,48944.23,0.003734,459.08,0.009384,182.77,5.115e-05,2.5042,78.855,0.00161014
2021-08-21 08:00:00,48501.87,0.003704,448.32,0.009245,179.67,5.029e-05,2.4388,75.898,0.00156466
2021-08-21 12:00:00,49180.98,0.003698,454.33,0.009237,181.86,4.977e-05,2.4471,75.406,0.00153347
2021-08-21 16:00:00,48978.68,0.003626,447.66,0.009139,177.63,4.899e-05,2.3997,73.248,0.00149502
2021-08-21 20:00:00,48821.87,0.003679,448.74,0.009192,179.63,4.988e-05,2.4341,73.801,0.00151124
2021-08-22 00:00:00,48790.0,0.003732,448.13,0.009186,182.11,5.117e-05,2.4965,74.307,0.0015229
2021-08-22 04:00:00,49195.01,0.003829,455.68,0.00926,188.39,5.325e-05,2.6191,75.512,0.001535
2021-08-22 08:00:00,49132.04,0.003826,455.64,0.009277,187.98,5.342e-05,2.6244,77.077,0.00156832
2021-08-22 12:00:00,48526.61,0.003756,444.06,0.009152,182.27,5.293e-05,2.5688,74.612,0.00153599
2021-08-22 16:00:00,48647.85,0.003719,443.6,0.009117,180.93,5.304e-05,2.5806,73.079,0.00150229
2021-08-22 20:00:00,49239.22,0.003774,448.68,0.009111,185.91,5.495e-05,2.7049,72.775,0.00147807
2021-08-23 00:00:00,50260.0,0.003754,463.46,0.009216,188.69,5.583e-05,2.8069,75.391,0.0014995
2021-08-23 04:00:00,50130.05,0.003746,485.24,0.009679,187.84,5.705e-05,2.8604,73.357,0.00146295
2021-08-23 08:00:00,50394.85,0.003775,498.7,0.009896,190.26,5.6e-05,2.8226,72.75,0.00144363
2021-08-23 12:00:00,49537.97,0.003762,497.38,0.010041,186.44,5.833e-05,2.8891,72.04,0.0014544
2021-08-23 16:00:00,49239.69,0.003763,499.42,0.010143,185.31,5.858e-05,2.8856,72.826,0.00147864
2021-08-23 20:00:00,49488.85,0.003779,499.06,0.010088,187.01,5.89e-05,2.9152,75.623,0.00152795
2021-08-24 00:00:00,49331.16,0.003752,494.88,0.010031,185.19,5.767e-05,2.8453,78.244,0.00158486
2021-08-24 04:00:00,49770.13,0.003767,496.23,0.009972,187.49,5.845e-05,2.909,77.277,0.00155186
2021-08-24 08:00:00,49429.99,0.003764,493.89,0.009995,186.08,5.846e-05,2.8893,77.768,0.001574
2021-08-24 12:00:00,48310.74,0.003669,472.95,0.009787,177.29,5.563e-05,2.688,71.999,0.00148918
2021-08-24 16:00:00,48243.2,0.003656,478.05,0.009909,176.26,5.79e-05,2.7933,71.672,0.00148412
2021-08-24 20:00:00,47674.01,0.003638,471.62,0.00989,173.42,5.704e-05,2.7187,70.527,0.0014799
2021-08-25 00:00:00,47975.93,0.003625,476.81,0.009941,173.87,5.682e-05,2.7262,70.663,0.00147276
2021-08-25 04:00:00,48144.58,0.003649,487.96,0.010137,175.57,5.713e-05,2.7504,71.141,0.00147741
2021-08-25 08:00:00,47570.01,0.003626,479.74,0.010087,172.48,5.611e-05,2.6696,67.694,0.00142285
2021-08-25 12:00:00,48822.49,0.003646,502.47,0.010292,177.96,5.668e-05,2.7676,71.305,0.00146078
2021-08-25 16:00:00,48652.14,0.003633,499.56,0.010268,176.73,5.611e-05,2.7298,70.237,0.0014431
2021-08-25 20:00:00,48973.32,0.003631,503.19,0.010276,177.75,5.594e-05,2.739,71.973,0.00147042
2021-08-26 00:00:00,47911.79,0.003586,493.2,0.010293,171.74,5.51e-05,2.6394,70.743,0.00147686
2021-08-26 04:00:00,46891.75,0.003615,482.9,0.010301,169.5,5.518e-05,2.586,67.65,0.0014443
2021-08-26 08:00:00,46835.89,0.003617,483.6,0.010327,169.4,5.475e-05,2.565,67.2,0.001435
2021-08-26 12:00:00,46800.0,0.003592,481.2,0.010283,168.2,5.461e-05,2.555,74.71,0.0015968
2021-08-26 16:00:00,46939.75,0.003586,479.3,0.010208,168.3,5.346e-05,2.51,74.75,0.0015931
2021-08-26 20:00:00,46843.87,0.003581,478.1,0.010205,167.7,5.399e-05,2.528,74.92,0.0015978
2021-08-27 00:00:00,46822.23,0.003576,474.3,0.010128,167.4,5.412e-05,2.535,81.4,0.0017381
2021-08-27 04:00:00,47483.44,0.003573,481.0,0.010132,169.7,5.529e-05,2.625,81.92,0.0017249
2021-08-27 08:00:00,47453.83,0.003588,482.2,0.010161,170.4,5.724e-05,2.716,82.33,0.0017343
2021-08-27 12:00:00,48184.67,0.003613,489.0,0.010152,174.1,5.905e-05,2.845,82.49,0.0017135
2021-08-27 16:00:00,48293.69,0.00358,486.9,0.010082,173.0,5.901e-05,2.851,85.64,0.0017742
2021-08-27 20:00:00,49069.9,0.003592,494.5,0.010079,176.2,6.003e-05,2.946,87.98,0.0017942
2021-08-28 00:00:00,48852.99,0.003563,487.7,0.00998,174.0,5.826e-05,2.846,86.3,0.0017686
2021-08-28 04:00:00,48950.0,0.003565,486.6,0.009944,174.4,5.772e-05,2.826,86.92,0.0017755
2021-08-28 08:00:00,48674.72,0.003546,484.2,0.009949,172.7,5.761e-05,2.804,92.43,0.001899
2021-08-28 12:00:00,48811.12,0.003547,486.1,0.009959,173.1,5.801e-05,2.832,94.66,0.0019381
2021-08-28 16:00:00,48651.93,0.003535,485.2,0.009975,172.0,5.795e-05,2.82,93.93,0.0019303
2021-08-28 20:00:00,48895.35,0.003593,486.2,0.009943,175.6,5.824e-05,2.847,96.22,0.0019677
2021-08-29 00:00:00,48227.31,0.00366,481.7,0.009987,176.4,5.697e-05,2.747,93.95,0.0019476
2021-08-29 04:00:00,48480.1,0.003693,487.5,0.010055,179.1,5.824e-05,2.824,94.08,0.0019414
2021-08-29 08:00:00,48159.98,0.003651,484.5,0.010061,175.9,5.955e-05,2.868,91.75,0.0019052
2021-08-29 12:00:00,48474.95,0.003601,483.3,0.00997,174.5,5.907e-05,2.864,92.16,0.0019017
2021-08-29 16:00:00,48799.27,0.003591,482.1,0.009878,175.1,5.93e-05,2.894,93.92,0.0019246
2021-08-29 20:00:00,48767.83,0.003575,479.7,0.009839,174.3,5.845e-05,2.851,94.23,0.0019336
2021-08-30 00:00:00,47964.04,0.00359,473.8,0.009878,172.2,5.838e-05,2.8,97.63,0.0020353
2021-08-30 04:00:00,47930.4,0.003604,478.4,0.009979,172.8,5.904e-05,2.83,100.16,0.0020897
2021-08-30 08:00:00,47902.76,0.0036,474.4,0.009903,172.4,5.863e-05,2.809,101.04,0.0021099
2021-08-30 12:00:00,48019.64,0.003565,472.4,0.009837,171.2,5.875e-05,2.822,105.62,0.0021997
2021-08-30 16:00:00,48619.99,0.003614,478.0,0.009834,175.8,5.833e-05,2.836,109.66,0.0022565
2021-08-30 20:00:00,46982.91,0.003563,460.3,0.009794,167.3,5.82e-05,2.734,110.25,0.002347
2021-08-31 00:00:00,47150.68,0.003581,461.4,0.009787,168.8,5.921e-05,2.791,115.19,0.0024432
2021-08-31 04:00:00,47761.26,0.003615,468.2,0.0098,172.6,5.896e-05,2.816,119.68,0.0025047
2021-08-31 08:00:00,47969.51,0.003644,470.4,0.009812,174.9,5.947e-05,2.851,124.77,0.0026015
2021-08-31 12:00:00,47397.13,0.003607,472.0,0.00996,171.0,5.866e-05,2.781,116.52,0.0024554
2021-08-31 16:00:00,47300.01,0.00366,468.4,0.009905,173.1,5.865e-05,2.775,114.69,0.0024242
2021-08-31 20:00:00,47100.89,0.003641,463.9,0.009848,171.5,5.875e-05,2.767,108.27,0.002299
2021-09-01 00:00:00,47043.65,0.003658,463.2,0.009846,172.1,5.872e-05,2.762,111.24,0.0023646
2021-09-01 04:00:00,47171.01,0.003659,468.4,0.009931,172.6,5.89e-05,2.778,110.12,0.0023354
2021-09-01 08:00:00,47713.31,0.003661,481.5,0.010092,174.8,5.904e-05,2.818,116.07,0.0024334
2021-09-01 12:00:00,47488.49,0.003723,479.4,0.010093,176.7,5.96e-05,2.831,117.22,0.0024687
2021-09-01 16:00:00,48150.0,0.003716,484.4,0.010058,178.9,5.887e-05,2.835,114.98,0.0023873
2021-09-01 20:00:00,48810.52,0.003705,489.4,0.01003,180.9,5.879e-05,2.869,110.71,0.0022678
2021-09-02 00:00:00,49561.24,0.003678,493.2,0.009951,182.3,6.113e-05,3.031,113.7,0.0022949
2021-09-02 04:00:00,49846.27,0.003664,489.4,0.009822,182.6,6.046e-05,3.015,114.48,0.0022947
2021-09-02 08:00:00,50072.61,0.003731,492.1,0.009827,186.8,6.087e-05,3.048,114.92,0.0022954
2021-09-02 12:00:00,49540.7,0.003681,482.4,0.009737,182.5,5.907e-05,2.927,121.88,0.0024592
2021-09-02 16:00:00,49340.05,0.003768,486.3,0.009854,185.9,6.021e-05,2.971,127.18,0.0025792
2021-09-02 20:00:00,49246.64,0.003721,483.7,0.009816,183.3,6.009e-05,2.96,128.23,0.0026031
2021-09-03 00:00:00,49476.83,0.003754,486.8,0.009839,185.7,6.014e-05,2.977,135.35,0.0027352
2021-09-03 04:00:00,49305.11,0.003735,484.1,0.009819,184.1,5.987e-05,2.951,144.69,0.0029349
2021-09-03 08:00:00,50168.54,0.003888,489.3,0.009754,195.0,5.94e-05,2.981,139.39,0.0027771
2021-09-03 12:00:00,50550.44,0.004089,493.1,0.009755,206.8,5.945e-05,3.005,140.02,0.0027689
2021-09-03 16:00:00,50528.49,0.004242,489.4,0.009687,214.5,5.914e-05,2.989,142.9,0.0028292
2021-09-03 20:00:00,49999.14,0.00426,488.5,0.00977,212.9,5.932e-05,2.966,146.4,0.0029281
2021-09-04 00:00:00,50277.43,0.004244,489.3,0.009733,213.3,5.892e-05,2.962,148.34,0.0029516
2021-09-04 04:00:00,50187.29,0.004255,490.0,0.009763,213.6,5.857e-05,2.94,145.8,0.0029052
2021-09-04 08:00:00,49902.94,0.004356,490.0,0.009817,217.4,5.841e-05,2.916,141.68,0.0028388
2021-09-04 12:00:00,49873.53,0.004338,500.2,0.010033,216.3,5.774e-05,2.88,142.36,0.0028537
2021-09-04 16:00:00,49974.82,0.004217,494.4,0.009891,210.7,5.675e-05,2.836,138.89,0.0027784
2021-09-04 20:00:00,49915.64,0.004245,497.7,0.009967,211.9,5.672e-05,2.83,138.88,0.0027835
2021-09-05 00:00:00,49663.21,0.004291,493.0,0.00993,213.2,5.755e-05,2.857,140.63,0.0028323
2021-09-05 04:00:00,49857.14,0.004303,494.3,0.009915,214.6,5.77e-05,2.876,138.93,0.0027875
2021-09-05 08:00:00,50198.78,0.004338,493.6,0.009832,217.7,5.714e-05,2.868,140.36,0.0027972
2021-09-05 12:00:00,50214.95,0.004481,495.4,0.009864,225.0,5.696e-05,2.86,136.29,0.0027135
2021-09-05 16:00:00,50684.56,0.004405,498.0,0.009827,223.2,5.792e-05,2.935,137.87,0.0027201
2021-09-05 20:00:00,51756.88,0.004486,504.8,0.009751,232.2,5.624e-05,2.91,142.0,0.0027424
2021-09-06 00:00:00,51595.29,0.004353,498.8,0.00967,224.5,5.575e-05,2.876,140.74,0.0027297
2021-09-06 04:00:00,51796.19,0.004417,504.3,0.009737,228.7,5.626e-05,2.913,146.03,0.0028192
2021-09-06 08:00:00,51400.67,0.00435,498.0,0.009689,223.6,5.541e-05,2.847,142.41,0.0027719
2021-09-06 12:00:00,51604.45,0.00429,497.6,0.009645,221.3,5.51e-05,2.844,151.43,0.0029344
2021-09-06 16:00:00,51715.39,0.00426,497.2,0.009615,220.2,5.468e-05,2.827,162.37,0.0031408
2021-09-06 20:00:00,52663.9,0.004166,496.1,0.009419,219.4,5.379e-05,2.833,164.22,0.0031198
2021-09-07 00:00:00,52654.16,0.004159,495.7,0.009414,219.2,5.37e-05,2.828,173.45,0.0032957
2021-09-07 04:00:00,52344.08,0.004141,491.2,0.009384,216.8,5.165e-05,2.704,187.85,0.0035885
2021-09-07 08:00:00,50941.48,0.00406,469.3,0.009212,206.8,5.193e-05,2.645,182.91,0.0035886
2021-09-07 12:00:00,46656.07,0.003848,416.1,0.008918,179.5,5.196e-05,2.424,168.81,0.0036218
2021-09-07 16:00:00,46694.59,0.0038,413.6,0.008863,177.6,5.079e-05,2.371,173.7,0.0037229
2021-09-07 20:00:00,46863.73,0.003805,418.7,0.008934,178.5,5.365e-05,2.514,173.46,0.0036994
2021-09-08 00:00:00,46450.41,0.003842,413.1,0.008897,178.5,5.289e-05,2.457,173.03,0.0037267
2021-09-08 04:00:00,45080.3,0.003815,390.5,0.008661,171.9,5.004e-05,2.256,152.45,0.0033783
2021-09-08 08:00:00,46394.09,0.003935,408.6,0.008806,182.6,5.15e-05,2.39,160.77,0.0034655
2021-09-08 12:00:00,46087.35,0.003927,413.7,0.008978,181.0,5.226e-05,2.409,166.27,0.0036092
2021-09-08 16:00:00,46436.32,0.003926,419.7,0.009039,182.4,5.226e-05,2.427,194.79,0.0041903
2021-09-08 20:00:00,46048.31,0.003901,415.0,0.009012,179.7,5.363e-05,2.47,191.02,0.0041467
2021-09-09 00:00:00,46001.11,0.00391,409.5,0.008899,179.8,5.273e-05,2.425,211.25,0.0045941
2021-09-09 04:00:00,46275.0,0.00396,416.7,0.009007,183.3,5.501e-05,2.546,207.54,0.0044841
2021-09-09 08:00:00,46293.15,0.003957,415.9,0.008985,183.1,5.59e-05,2.588,206.57,0.0044631
2021-09-09 12:00:00,47001.65,0.003964,420.1,0.008938,186.5,5.511e-05,2.59,201.25,0.0042834
2021-09-09 16:00:00,46574.75,0.003908,420.1,0.009025,182.0,5.399e-05,2.515,185.01,0.0039712
2021-09-09 20:00:00,46395.14,0.003888,421.3,0.009081,180.5,5.427e-05,2.518,187.9,0.0040493
2021-09-10 00:00:00,46719.71,0.003935,432.4,0.009256,183.9,5.476e-05,2.558,194.18,0.0041558
2021-09-10 04:00:00,46160.55,0.0039,417.8,0.00905,180.0,5.356e-05,2.473,182.63,0.0039565
2021-09-10 08:00:00,46331.86,0.003914,415.9,0.008974,181.4,5.373e-05,2.489,184.44,0.0039792
2021-09-10 12:00:00,45420.86,0.003872,405.6,0.00893,176.0,5.26e-05,2.389,179.57,0.0039559
2021-09-10 16:00:00,45649.78,0.003868,407.7,0.008931,176.6,5.254e-05,2.398,181.82,0.0039821
2021-09-10 20:00:00,44850.91,0.003881,401.4,0.008951,174.1,5.316e-05,2.383,179.6,0.0040009
2021-09-11 00:00:00,45191.88,0.003869,402.6,0.00891,174.8,5.3e-05,2.395,181.48,0.0040148
2021-09-11 04:00:00,45043.97,0.003891,406.4,0.009022,175.4,5.373e-05,2.421,178.69,0.0039664
2021-09-11 08:00:00,45555.04,0.004065,410.3,0.009006,185.2,5.949e-05,2.71,181.26,0.0039794
2021-09-11 12:00:00,45573.99,0.004046,411.0,0.009019,184.4,5.958e-05,2.717,188.48,0.0041319
2021-09-11 16:00:00,45357.06,0.00404,408.5,0.009007,183.2,5.955e-05,2.701,181.99,0.0040122
2021-09-11 20:00:00,45173.69,0.003954,405.1,0.008966,178.6,5.838e-05,2.638,179.04,0.0039664
2021-09-12 00:00:00,45316.28,0.003942,406.3,0.008963,178.6,5.719e-05,2.592,179.04,0.0039499
2021-09-12 04:00:00,45357.02,0.003937,406.9,0.008968,178.6,5.708e-05,2.588,178.0,0.0039247
2021-09-12 08:00:00,46085.9,0.003987,417.3,0.009054,183.7,5.657e-05,2.606,179.07,0.003884
2021-09-12 12:00:00,45886.99,0.004008,418.2,0.009112,184.0,5.793e-05,2.659,178.92,0.0038971
2021-09-12 16:00:00,45902.87,0.004027,417.4,0.009095,184.8,5.908e-05,2.712,177.67,0.0038713
2021-09-12 20:00:00,46025.24,0.003978,416.3,0.009046,183.0,5.606e-05,2.581,174.29,0.0037857
2021-09-13 00:00:00,44617.79,0.003942,397.5,0.008907,175.9,5.41e-05,2.413,154.95,0.0034667
2021-09-13 04:00:00,44470.63,0.003898,393.5,0.00885,173.3,5.303e-05,2.358,152.91,0.0034345
2021-09-13 08:00:00,44859.24,0.00391,398.5,0.008884,175.3,5.421e-05,2.433,160.23,0.0035698
2021-09-13 12:00:00,44361.31,0.004061,395.2,0.008906,180.1,5.424e-05,2.406,157.03,0.00354
2021-09-13 16:00:00,44741.66,0.004034,398.6,0.008908,180.5,5.454e-05,2.44,164.08,0.0036685
2021-09-13 20:00:00,44940.73,0.003991,399.1,0.008882,179.4,5.344e-05,2.402,169.53,0.0037769
2021-09-14 00:00:00,45186.85,0.003947,400.8,0.008869,178.5,5.305e-05,2.398,167.43,0.0037065
2021-09-14 04:00:00,45720.02,0.003915,402.1,0.008795,179.0,5.258e-05,2.404,165.96,0.003631
2021-09-14 08:00:00,45973.8,0.003889,401.5,0.008734,178.8,5.184e-05,2.383,165.04,0.0035917
2021-09-14 12:00:00,46754.42,0.003955,408.9,0.008746,184.8,5.123e-05,2.394,159.26,0.0034044
2021-09-14 16:00:00,46474.89,0.003889,405.3,0.008723,180.7,5.087e-05,2.364,154.21,0.0033166
2021-09-14 20:00:00,47111.52,0.003885,414.3,0.008797,183.1,5.088e-05,2.396,158.88,0.0033702
2021-09-15 00:00:00,47075.48,0.003846,413.0,0.008773,181.0,5.06e-05,2.383,157.27,0.00334
2021-09-15 04:00:00,47172.84,0.003862,422.1,0.00895,182.3,5.075e-05,2.395,162.03,0.0034353
2021-09-15 08:00:00,47560.74,0.003828,425.6,0.008948,182.1,5.041e-05,2.397,157.93,0.0033213
2021-09-15 12:00:00,48288.0,0.003816,435.2,0.009011,184.3,5.309e-05,2.563,161.97,0.0033558
2021-09-15 16:00:00,48075.44,0.003846,429.7,0.008937,184.9,5.257e-05,2.527,161.64,0.0033626
2021-09-15 20:00:00,48121.41,0.003929,431.3,0.00896,189.0,5.205e-05,2.505,158.79,0.0033005
2021-09-16 00:00:00,47615.08,0.003941,424.6,0.008915,187.7,5.129e-05,2.441,155.16,0.0032582
2021-09-16 04:00:00,48343.52,0.003957,429.9,0.008891,191.3,5.134e-05,2.482,160.72,0.0033244
2021-09-16 08:00:00,47895.01,0.003991,426.6,0.008904,191.1,5.15e-05,2.467,158.37,0.0033073
2021-09-16 12:00:00,48020.24,0.003952,425.7,0.008865,189.7,5.086e-05,2.442,154.8,0.0032242
2021-09-16 16:00:00,47430.01,0.003918,423.4,0.008926,185.7,5.097e-05,2.418,152.28,0.0032096
2021-09-16 20:00:00,47737.82,0.003881,424.3,0.008886,185.2,5.062e-05,2.417,152.29,0.0031887
2021-09-17 00:00:00,47899.83,0.003881,421.4,0.008799,186.0,5.051e-05,2.42,148.64,0.0031041
2021-09-17 04:00:00,47719.73,0.003882,417.4,0.008747,185.2,5.036e-05,2.403,143.48,0.003005
2021-09-17 08:00:00,47403.56,0.003804,407.8,0.008604,180.4,4.984e-05,2.363,138.85,0.0029297
2021-09-17 12:00:00,47527.52,0.003815,411.9,0.008668,181.2,4.986e-05,2.37,144.65,0.003043
2021-09-17 16:00:00,47501.68,0.003828,411.5,0.008666,181.8,4.98e-05,2.366,144.57,0.0030438
2021-09-17 20:00:00,47299.98,0.003805,406.6,0.008598,180.0,4.967e-05,2.35,147.58,0.003118
2021-09-18 00:00:00,47924.57,0.0038,412.7,0.00861,182.2,4.953e-05,2.373,144.83,0.0030231
2021-09-18 04:00:00,48622.01,0.003779,417.7,0.00859,183.7,4.93e-05,2.396,157.61,0.0032421
2021-09-18 08:00:00,48367.16,0.003767,415.8,0.008596,182.2,4.947e-05,2.393,160.91,0.0033266
2021-09-18 12:00:00,48414.99,0.003758,415.5,0.008581,181.9,4.94e-05,2.391,163.66,0.0033796
2021-09-18 16:00:00,48266.0,0.003756,411.8,0.00853,181.2,4.94e-05,2.384,162.62,0.0033699
2021-09-18 20:00:00,48292.74,0.003755,410.7,0.008506,181.4,4.909e-05,2.371,169.22,0.0035035
2021-09-19 00:00:00,47844.88,0.00375,408.5,0.008537,179.5,4.911e-05,2.35,164.33,0.0034333
2021-09-19 04:00:00,48157.7,0.00376,410.8,0.00853,181.0,4.929e-05,2.374,161.54,0.0033548
2021-09-19 08:00:00,47327.73,0.00373,404.5,0.008546,176.7,4.915e-05,2.327,156.14,0.0032987
2021-09-19 12:00:00,47646.72,0.003739,413.5,0.008678,178.2,4.95e-05,2.358,159.38,0.003345
2021-09-19 16:00:00,47376.72,0.003699,412.5,0.008711,175.2,4.899e-05,2.321,154.38,0.0032586
2021-09-19 20:00:00,47241.75,0.003717,408.6,0.008647,175.6,4.831e-05,2.283,152.76,0.0032348
2021-09-20 00:00:00,45542.76,0.003668,391.2,0.008588,167.1,4.754e-05,2.165,145.12,0.0031871
2021-09-20 04:00:00,44824.89,0.003656,382.3,0.008528,163.9,4.73e-05,2.121,139.18,0.0031049
2021-09-20 08:00:00,43739.75,0.003594,369.1,0.008441,157.4,4.708e-05,2.059,137.48,0.0031439
2021-09-20 12:00:00,43844.88,0.003658,371.1,0.008467,160.5,4.907e-05,2.152,144.1,0.0032846
2021-09-20 16:00:00,43850.25,0.003653,368.6,0.008406,160.3,4.824e-05,2.114,138.82,0.0031688
2021-09-20 20:00:00,43015.62,0.003656,364.1,0.008462,157.2,4.836e-05,2.079,132.77,0.0030864
2021-09-21 00:00:00,42683.01,0.003735,363.5,0.008517,159.4,4.915e-05,2.097,136.43,0.0031975
2021-09-21 04:00:00,43301.07,0.003705,370.0,0.008546,160.4,4.947e-05,2.142,143.47,0.0033127
2021-09-21 08:00:00,43288.97,0.003697,372.6,0.008613,160.1,5.023e-05,2.173,142.74,0.003297
2021-09-21 12:00:00,43072.81,0.003717,369.9,0.008588,160.0,4.957e-05,2.136,138.5,0.003214
2021-09-21 16:00:00,42013.63,0.00365,357.0,0.008497,153.4,4.855e-05,2.04,127.16,0.0030267
2021-09-21 20:00:00,40734.38,0.003646,344.4,0.008458,148.5,4.879e-05,1.986,124.29,0.0030499
2021-09-22 00:00:00,42052.09,0.0036,353.3,0.008402,151.4,4.871e-05,2.048,128.95,0.0030664
2021-09-22 04:00:00,42540.0,0.003626,361.5,0.0085,154.3,5.041e-05,2.145,132.95,0.0031259
2021-09-22 08:00:00,41928.32,0.003668,357.3,0.008523,153.8,4.986e-05,2.09,128.64,0.0030684
2021-09-22 12:00:00,43222.96,0.003683,369.9,0.008556,159.2,5.063e-05,2.189,141.66,0.0032752
2021-09-22 16:00:00,43384.9,0.003677,376.1,0.008669,159.6,5.107e-05,2.216,146.39,0.0033739
2021-09-22 20:00:00,43543.61,0.003705,379.0,0.008698,161.4,5.182e-05,2.257,148.02,0.0033984
2021-09-23 00:00:00,44074.57,0.003659,379.9,0.008619,161.2,5.193e-05,2.288,148.58,0.0033721
2021-09-23 04:00:00,44229.99,0.003647,382.9,0.008658,161.3,5.135e-05,2.27,151.5,0.0034245
2021-09-23 08:00:00,43648.15,0.003623,371.4,0.008509,158.1,5.04e-05,2.2,144.35,0.0033083
2021-09-23 12:00:00,43747.63,0.003637,373.5,0.008539,159.2,5.056e-05,2.211,146.06,0.0033382
2021-09-23 16:00:00,44767.57,0.00366,382.6,0.008548,163.8,5.062e-05,2.265,149.61,0.0033412
2021-09-23 20:00:00,44865.26,0.003653,383.5,0.008548,163.9,5.186e-05,2.327,149.91,0.0033412
2021-09-24 00:00:00,44283.03,0.003643,374.9,0.008466,161.4,5.151e-05,2.281,144.86,0.0032721
2021-09-24 04:00:00,44818.46,0.003587,376.8,0.008406,160.8,5.141e-05,2.304,144.63,0.0032268
2021-09-24 08:00:00,41527.5,0.003533,345.2,0.008313,146.7,5.464e-05,2.269,134.89,0.0032479
2021-09-24 12:00:00,41944.01,0.00352,347.7,0.008295,147.7,5.25e-05,2.2,137.66,0.0032824
2021-09-24 16:00:00,42371.43,0.003517,352.1,0.008308,149.0,5.329e-05,2.258,138.14,0.0032612
2021-09-24 20:00:00,42810.57,0.003553,355.0,0.008294,152.1,5.319e-05,2.277,139.13,0.0032501
2021-09-25 00:00:00,42608.11,0.003619,357.2,0.008386,154.1,5.541e-05,2.36,138.59,0.0032532
2021-09-25 04:00:00,42372.02,0.003606,351.9,0.008307,152.8,5.481e-05,2.322,140.03,0.0033057
2021-09-25 08:00:00,42485.03,0.003569,350.7,0.008252,151.5,5.494e-05,2.335,140.12,0.0032986
2021-09-25 12:00:00,42669.96,0.003564,350.8,0.008222,152.1,5.67e-05,2.42,138.66,0.0032485
2021-09-25 16:00:00,42665.95,0.003571,350.0,0.008204,152.4,5.557e-05,2.37,137.33,0.0032193
2021-09-25 20:00:00,42670.64,0.003537,349.6,0.008193,151.0,5.39e-05,2.3,136.06,0.0031894
2021-09-26 00:00:00,42212.4,0.003522,341.7,0.008094,148.7,5.35e-05,2.258,131.03,0.0031039
2021-09-26 04:00:00,41231.34,0.00348,324.9,0.007884,143.5,5.294e-05,2.182,127.01,0.0030804
2021-09-26 08:00:00,43063.57,0.003498,342.5,0.007954,150.7,5.258e-05,2.265,135.09,0.0031374
2021-09-26 12:00:00,43343.73,0.003532,349.8,0.008069,153.0,5.266e-05,2.284,140.07,0.0032318
2021-09-26 16:00:00,43252.54,0.003514,349.4,0.008076,151.9,5.204e-05,2.251,136.24,0.0031494
2021-09-26 20:00:00,43160.9,0.003493,344.0,0.007973,150.7,5.113e-05,2.207,135.64,0.0031426
2021-09-27 00:00:00,44038.75,0.003476,352.3,0.008003,153.0,5.082e-05,2.239,139.24,0.0031622
2021-09-27 04:00:00,43688.03,0.003495,349.3,0.007996,152.7,5.101e-05,2.229,138.16,0.003163
2021-09-27 08:00:00,43747.69,0.003494,349.7,0.007991,152.8,5.087e-05,2.226,147.38,0.0033686
2021-09-27 12:00:00,43293.26,0.003468,345.8,0.007983,150.1,5.069e-05,2.195,145.25,0.0033562
2021-09-27 16:00:00,43011.82,0.003452,340.3,0.007912,148.5,5.085e-05,2.186,143.29,0.0033311
2021-09-27 20:00:00,42147.35,0.00344,335.5,0.007958,145.0,5.054e-05,2.13,136.35,0.0032365
2021-09-28 00:00:00,42558.4,0.003459,339.8,0.007981,147.3,5.061e-05,2.153,138.12,0.0032457
2021-09-28 04:00:00,41775.25,0.003472,334.3,0.008005,145.1,5.072e-05,2.119,133.66,0.0031986
2021-09-28 08:00:00,42101.49,0.003506,340.1,0.008077,147.7,5.065e-05,2.132,135.75,0.003225
2021-09-28 12:00:00,41447.18,0.003476,335.6,0.008096,144.1,5.004e-05,2.075,130.43,0.0031465
2021-09-28 16:00:00,41601.99,0.003441,335.9,0.008077,143.3,4.961e-05,2.063,131.06,0.0031499
2021-09-28 20:00:00,41026.54,0.003425,333.0,0.008119,140.6,4.964e-05,2.037,132.2,0.0032222
2021-09-29 00:00:00,42199.99,0.003422,340.5,0.008068,144.4,4.922e-05,2.077,138.81,0.0032877
2021-09-29 04:00:00,42450.25,0.003442,344.8,0.008122,146.0,4.999e-05,2.122,139.34,0.0032834
2021-09-29 08:00:00,42399.98,0.003485,369.9,0.008726,147.8,5.019e-05,2.128,139.53,0.0032913
2021-09-29 12:00:00,41698.98,0.003531,367.6,0.008817,147.3,4.933e-05,2.057,135.62,0.0032525
2021-09-29 16:00:00,41207.86,0.003511,364.6,0.008845,144.7,4.941e-05,2.036,132.01,0.0032046
2021-09-29 20:00:00,41524.28,0.003487,367.7,0.008853,144.7,4.972e-05,2.066,135.25,0.0032574
2021-09-30 00:00:00,43591.23,0.003455,380.2,0.008718,150.7,4.861e-05,2.119,139.91,0.0032092
2021-09-30 04:00:00,43286.88,0.003482,375.1,0.008665,150.7,4.818e-05,2.085,136.92,0.0031623
2021-09-30 08:00:00,43072.29,0.0035,373.0,0.008665,150.8,4.831e-05,2.08,137.35,0.00319
2021-09-30 12:00:00,43149.02,0.003536,379.3,0.008792,152.6,4.854e-05,2.095,138.32,0.003204
2021-09-30 16:00:00,43532.31,0.003483,382.7,0.008787,151.6,4.83e-05,2.103,139.24,0.0031985
2021-09-30 20:00:00,43824.1,0.003499,387.5,0.008843,153.3,4.827e-05,2.115,141.37,0.0032264
2021-10-01 00:00:00,43635.79,0.00352,385.5,0.008833,153.6,4.815e-05,2.1,139.52,0.0031972
2021-10-01 04:00:00,44788.42,0.003546,398.8,0.008905,158.8,4.792e-05,2.146,142.78,0.0031879
2021-10-01 08:00:00,47488.08,0.003445,415.4,0.008747,163.5,4.709e-05,2.237,153.26,0.0032279
2021-10-01 12:00:00,47363.68,0.003487,413.5,0.00873,165.0,4.67e-05,2.211,157.4,0.0033237
2021-10-01 16:00:00,48030.0,0.003476,420.6,0.008755,167.0,4.698e-05,2.257,162.81,0.0033891
2021-10-01 20:00:00,48141.61,0.003452,421.5,0.008754,166.2,4.687e-05,2.256,161.56,0.0033563
2021-10-02 00:00:00,47520.84,0.00349,414.8,0.008729,165.8,4.636e-05,2.204,156.69,0.0032975
2021-10-02 04:00:00,47725.01,0.003489,418.7,0.008773,166.5,4.64e-05,2.214,158.51,0.003321
2021-10-02 08:00:00,47683.45,0.003505,425.3,0.008921,167.1,4.652e-05,2.219,159.04,0.0033348
2021-10-02 12:00:00,47828.52,0.003591,431.8,0.009029,171.8,4.788e-05,2.29,170.48,0.0035639
2021-10-02 16:00:00,48239.99,0.003569,438.0,0.009081,172.1,4.794e-05,2.311,174.8,0.0036233
2021-10-02 20:00:00,47634.9,0.003546,427.1,0.008965,168.9,4.717e-05,2.247,168.98,0.0035481
2021-10-03 00:00:00,47898.66,0.003513,429.7,0.008973,168.2,4.727e-05,2.264,170.62,0.0035631
2021-10-03 04:00:00,47895.99,0.003501,429.0,0.008959,167.7,4.743e-05,2.272,171.65,0.0035858
2021-10-03 08:00:00,47974.86,0.003557,428.8,0.008939,170.7,4.742e-05,2.275,170.82,0.0035623
2021-10-03 12:00:00,47879.82,0.003535,426.8,0.008915,169.2,4.734e-05,2.266,172.5,0.0036024
2021-10-03 16:00:00,48774.76,0.003538,433.5,0.008887,172.6,4.681e-05,2.284,175.59,0.0035991
2021-10-03 20:00:00,48200.01,0.003536,430.5,0.00893,170.5,4.67e-05,2.251,172.98,0.0035874
2021-10-04 00:00:00,47468.79,0.00349,413.8,0.008715,165.7,4.577e-05,2.172,167.13,0.0035191
2021-10-04 04:00:00,47838.54,0.003511,422.6,0.008834,168.0,4.592e-05,2.196,169.61,0.0035445
2021-10-04 08:00:00,47585.85,0.00347,418.3,0.008791,165.1,4.566e-05,2.173,165.86,0.0034843
2021-10-04 12:00:00,47758.23,0.003411,420.6,0.008809,162.9,4.578e-05,2.186,166.44,0.0034855
2021-10-04 16:00:00,49380.0,0.003427,427.3,0.008652,169.2,4.462e-05,2.204,169.27,0.0034266
2021-10-04 20:00:00,49224.94,0.003404,426.3,0.008662,167.5,4.451e-05,2.191,167.13,0.0033967
2021-10-05 00:00:00,49306.68,0.003421,428.7,0.008692,168.5,4.5e-05,2.218,166.9,0.0033857
2021-10-05 04:00:00,49476.51,0.003398,434.1,0.008772,168.2,4.475e-05,2.213,166.12,0.0033575
2021-10-05 08:00:00,49877.06,0.003457,440.8,0.008837,172.5,4.457e-05,2.224,168.34,0.0033757
2021-10-05 12:00:00,49793.57,0.003382,434.8,0.008735,168.4,4.392e-05,2.188,162.35,0.0032608
2021-10-05 16:00:00,51190.11,0.003408,440.3,0.008605,174.5,4.347e-05,2.225,161.8,0.0031603
2021-10-05 20:00:00,51471.99,0.003376,442.1,0.008591,173.8,4.337e-05,2.233,164.62,0.0031981
2021-10-06 00:00:00,51513.81,0.003331,435.9,0.008461,171.7,4.291e-05,2.21,157.96,0.0030657
2021-10-06 04:00:00,51449.99,0.003331,432.4,0.008405,171.5,4.245e-05,2.185,155.93,0.003031
2021-10-06 08:00:00,51306.56,0.003247,420.6,0.0082,166.6,4.158e-05,2.133,152.91,0.0029794
2021-10-06 12:00:00,54984.19,0.003298,439.6,0.007993,181.5,4.061e-05,2.233,160.76,0.0029243
2021-10-06 16:00:00,55049.99,0.003298,436.4,0.007924,181.6,4.064e-05,2.238,159.78,0.0029025
2021-10-06 20:00:00,55315.0,0.003226,434.9,0.007859,178.5,3.993e-05,2.209,153.87,0.0027808
2021-10-07 00:00:00,54810.94,0.003211,428.6,0.007818,175.9,3.946e-05,2.163,152.03,0.0027737
2021-10-07 04:00:00,54755.92,0.003382,444.8,0.008124,185.2,4.105e-05,2.248,158.47,0.0028945
2021-10-07 08:00:00,54305.54,0.003382,444.9,0.008194,183.7,4.277e-05,2.323,157.7,0.0029041
2021-10-07 12:00:00,53899.99,0.003326,439.5,0.008153,179.3,4.239e-05,2.285,155.88,0.0028916
2021-10-07 16:00:00,53962.76,0.003319,442.0,0.008189,179.2,4.245e-05,2.292,156.07,0.002893
2021-10-07 20:00:00,53785.22,0.003321,438.5,0.008151,178.6,4.235e-05,2.278,154.26,0.0028668
2021-10-08 00:00:00,53815.22,0.003277,433.4,0.008054,176.3,4.214e-05,2.268,154.44,0.0028705
2021-10-08 04:00:00,54829.39,0.00328,437.2,0.007978,179.8,4.182e-05,2.293,158.77,0.002896
2021-10-08 08:00:00,55242.72,0.003292,424.1,0.007679,181.8,4.105e-05,2.268,162.22,0.0029364
2021-10-08 12:00:00,54324.84,0.003327,423.7,0.007795,180.8,4.201e-05,2.282,166.48,0.0030633
2021-10-08 16:00:00,54686.48,0.003262,423.3,0.00774,178.3,4.147e-05,2.268,163.57,0.002993
2021-10-08 20:00:00,53951.43,0.00326,419.2,0.00777,175.9,4.146e-05,2.237,158.86,0.0029443
2021-10-09 00:00:00,54560.58,0.003254,424.1,0.007772,177.6,4.123e-05,2.249,160.02,0.0029334
2021-10-09 04:00:00,54917.55,0.003231,423.1,0.007705,177.5,4.127e-05,2.265,159.19,0.0028984
2021-10-09 08:00:00,54792.68,0.003279,422.4,0.007708,179.7,4.145e-05,2.272,158.38,0.0028899
2021-10-09 12:00:00,54977.29,0.003271,422.7,0.007688,179.8,4.13e-05,2.271,157.97,0.0028739
2021-10-09 16:00:00,54656.81,0.003299,419.6,0.007679,180.2,4.148e-05,2.267,156.4,0.0028614
2021-10-09 20:00:00,54949.72,0.003274,421.9,0.007677,179.9,4.128e-05,2.268,156.84,0.0028534
2021-10-10 00:00:00,55049.15,0.003302,416.6,0.007567,181.9,4.1e-05,2.258,155.41,0.0028225
2021-10-10 04:00:00,55668.81,0.003282,420.6,0.007554,182.8,4.07e-05,2.265,154.98,0.002784
2021-10-10 08:00:00,55144.99,0.003275,419.1,0.0076,180.6,4.083e-05,2.252,154.69,0.0028044
2021-10-10 12:00:00,55373.01,0.003262,419.8,0.00758,180.6,4.05e-05,2.243,154.4,0.0027887
2021-10-10 16:00:00,55450.25,0.003223,415.0,0.007484,178.7,4.026e-05,2.234,153.48,0.0027681
2021-10-10 20:00:00,54659.0,0.003198,404.1,0.00739,174.8,4.004e-05,2.189,147.55,0.0026995
2021-10-11 00:00:00,56507.09,0.00319,415.7,0.007355,180.4,3.939e-05,2.226,151.47,0.0026806
2021-10-11 04:00:00,56789.76,0.00325,419.8,0.007393,184.5,3.935e-05,2.235,152.33,0.0026831
2021-10-11 08:00:00,56407.51,0.003181,415.2,0.00736,179.5,3.914e-05,2.208,148.54,0.0026336
2021-10-11 12:00:00,57490.18,0.003172,417.4,0.007258,182.5,3.83e-05,2.202,147.76,0.0025704
2021-10-11 16:00:00,57488.33,0.003089,409.3,0.007118,177.6,3.748e-05,2.155,141.58,0.0024628
2021-10-11 20:00:00,57471.35,0.003118,413.1,0.007188,179.1,3.778e-05,2.171,144.77,0.0025192
2021-10-12 00:00:00,56711.35,0.003064,406.4,0.007168,173.8,3.708e-05,2.103,143.2,0.0025237
2021-10-12 04:00:00,57342.79,0.003031,404.0,0.007045,173.8,3.69e-05,2.116,143.32,0.0025002
2021-10-12 08:00:00,57240.14,0.00298,398.0,0.006952,170.6,3.682e-05,2.107,142.5,0.0024894
2021-10-12 12:00:00,56303.2,0.003051,433.8,0.007711,171.8,3.791e-05,2.135,143.54,0.0025494
2021-10-12 16:00:00,55329.78,0.003088,434.2,0.007849,170.8,3.839e-05,2.123,150.04,0.0027109
2021-10-12 20:00:00,55996.93,0.003084,444.2,0.007932,172.6,3.781e-05,2.118,152.32,0.0027208
2021-10-13 00:00:00,56277.78,0.003095,461.1,0.008191,174.2,3.789e-05,2.133,149.28,0.0026518
2021-10-13 04:00:00,54612.61,0.003075,441.6,0.008084,167.9,3.819e-05,2.087,145.43,0.0026625
2021-10-13 08:00:00,55210.79,0.003136,461.2,0.008357,173.1,3.846e-05,2.123,146.86,0.0026604
2021-10-13 12:00:00,56168.85,0.003106,454.2,0.008083,174.5,3.766e-05,2.114,146.31,0.002604
2021-10-13 16:00:00,57259.77,0.003071,460.4,0.008044,175.9,3.764e-05,2.155,145.01,0.0025328
2021-10-13 20:00:00,57367.0,0.003097,470.8,0.008205,177.6,3.817e-05,2.19,148.04,0.0025795
2021-10-14 00:00:00,58065.99,0.003109,467.6,0.008052,180.6,3.743e-05,2.174,149.65,0.0025773
2021-10-14 04:00:00,57367.3,0.00311,475.1,0.008282,178.5,3.779e-05,2.168,150.36,0.002622
2021-10-14 08:00:00,57622.42,0.00315,481.4,0.008357,181.4,3.805e-05,2.192,153.88,0.0026707
2021-10-14 12:00:00,57331.31,0.003173,474.3,0.008273,181.9,3.839e-05,2.202,152.81,0.002666
2021-10-14 16:00:00,57833.12,0.00313,469.1,0.00811,181.1,3.774e-05,2.183,150.07,0.0025942
2021-10-14 20:00:00,57347.94,0.003162,472.7,0.008243,181.3,3.788e-05,2.172,150.02,0.0026165
2021-10-15 00:00:00,59431.71,0.003105,465.6,0.007836,184.5,3.66e-05,2.175,150.85,0.0025381
2021-10-15 04:00:00,59231.5,0.003079,466.4,0.007874,182.3,3.706e-05,2.195,161.57,0.0027266
2021-10-15 08:00:00,59527.99,0.003033,461.6,0.007755,180.6,3.63e-05,2.161,157.82,0.0026511
2021-10-15 12:00:00,60038.36,0.003092,464.5,0.007737,185.7,3.696e-05,2.22,159.36,0.0026539
2021-10-15 16:00:00,61446.32,0.003103,474.7,0.007726,190.7,3.61e-05,2.219,160.4,0.0026103
2021-10-15 20:00:00,61672.42,0.003074,474.5,0.007691,189.6,3.594e-05,2.218,163.18,0.0026449
2021-10-16 00:00:00,61655.99,0.003078,473.9,0.007688,189.7,3.591e-05,2.213,158.79,0.0025759
2021-10-16 04:00:00,61733.96,0.003052,478.9,0.007758,188.4,3.574e-05,2.207,158.29,0.0025638
2021-10-16 08:00:00,61597.26,0.003098,479.3,0.007781,190.8,3.642e-05,2.243,162.14,0.0026327
2021-10-16 12:00:00,60941.04,0.003085,467.4,0.007671,187.9,3.621e-05,2.207,159.55,0.0026181
2021-10-16 16:00:00,60834.34,0.003068,465.0,0.007644,186.7,3.585e-05,2.181,158.19,0.0025998
2021-10-16 20:00:00,60875.57,0.003057,465.8,0.00765,186.0,3.578e-05,2.179,157.54,0.0025879
2021-10-17 00:00:00,61115.85,0.003063,464.9,0.007606,187.3,3.564e-05,2.179,162.96,0.002667
2021-10-17 04:00:00,60329.54,0.003073,465.3,0.007713,185.4,3.591e-05,2.166,162.16,0.0026877
2021-10-17 08:00:00,60939.89,0.003038,469.0,0.007692,185.1,3.556e-05,2.168,163.54,0.0026831
2021-10-17 12:00:00,60764.12,0.003023,465.4,0.007659,183.7,3.541e-05,2.151,160.77,0.0026466
2021-10-17 16:00:00,60519.48,0.003042,461.8,0.007633,184.1,3.548e-05,2.148,158.83,0.0026237
2021-10-17 20:00:00,61528.33,0.002987,470.9,0.007656,183.7,3.508e-05,2.158,160.12,0.0026021
2021-10-18 00:00:00,62123.87,0.002992,471.9,0.007592,185.9,3.449e-05,2.143,159.92,0.0025743
2021-10-18 04:00:00,61885.42,0.002991,471.1,0.007612,185.0,3.467e-05,2.146,158.87,0.0025667
2021-10-18 08:00:00,60933.04,0.002969,470.0,0.007714,180.8,3.491e-05,2.127,156.96,0.0025763
2021-10-18 12:00:00,62003.03,0.002962,478.4,0.007717,183.6,3.438e-05,2.132,156.66,0.0025264
2021-10-18 16:00:00,61434.63,0.002994,479.5,0.007805,184.0,3.46e-05,2.126,156.75,0.0025514
2021-10-18 20:00:00,62009.84,0.002993,484.9,0.007819,185.6,3.431e-05,2.128,157.12,0.0025335
2021-10-19 00:00:00,62588.86,0.003046,494.5,0.007903,190.6,3.441e-05,2.154,158.5,0.0025328
2021-10-19 04:00:00,62297.06,0.003027,493.0,0.007915,188.5,3.425e-05,2.135,157.67,0.0025307
2021-10-19 08:00:00,62128.39,0.003025,489.6,0.007881,188.0,3.422e-05,2.127,157.0,0.0025273
2021-10-19 12:00:00,62395.99,0.002965,483.8,0.007754,185.0,3.383e-05,2.111,155.53,0.0024923
2021-10-19 16:00:00,64177.15,0.002902,483.6,0.007533,186.4,3.272e-05,2.1,154.53,0.0024076
2021-10-19 20:00:00,64280.59,0.002937,488.1,0.007593,188.8,3.281e-05,2.11,155.78,0.0024238
2021-10-20 00:00:00,63844.67,0.00291,483.9,0.007579,185.8,3.279e-05,2.093,155.77,0.0024397
2021-10-20 04:00:00,63999.97,0.002915,486.1,0.007593,186.6,3.289e-05,2.105,156.52,0.002445
2021-10-20 08:00:00,63791.1,0.002968,485.9,0.00762,189.4,3.358e-05,2.143,160.08,0.0025096
2021-10-20 12:00:00,66875.83,0.003051,499.8,0.007473,204.1,3.284e-05,2.196,168.74,0.0025234
2021-10-20 16:00:00,66397.59,0.003119,503.3,0.007584,207.0,3.302e-05,2.192,173.06,0.0026064
2021-10-20 20:00:00,66001.41,0.003143,501.3,0.007594,207.3,3.316e-05,2.19,176.72,0.0026781
2021-10-21 00:00:00,65069.02,0.00321,498.2,0.007656,208.9,3.422e-05,2.226,184.22,0.0028317
2021-10-21 04:00:00,65100.7,0.003202,492.0,0.007558,208.5,3.47e-05,2.259,186.99,0.0028714
2021-10-21 08:00:00,64827.9,0.003161,488.3,0.007533,204.8,3.441e-05,2.23,187.09,0.0028868
2021-10-21 12:00:00,62971.2,0.00316,473.7,0.007519,199.1,3.446e-05,2.171,182.6,0.0028988
2021-10-21 16:00:00,62802.07,0.003159,474.8,0.00756,198.4,3.434e-05,2.158,184.75,0.0029415
2021-10-21 20:00:00,62193.15,0.003162,470.9,0.007571,196.8,3.435e-05,2.137,190.5,0.0030624
2021-10-22 00:00:00,63237.9,0.003174,480.4,0.007595,200.6,3.452e-05,2.184,201.71,0.0031901
2021-10-22 04:00:00,63371.33,0.003133,489.3,0.007723,198.5,3.471e-05,2.199,203.24,0.0032077
2021-10-22 08:00:00,63376.8,0.003139,492.7,0.007773,198.9,3.456e-05,2.189,204.18,0.0032215
2021-10-22 12:00:00,60690.94,0.003176,480.7,0.007917,192.8,3.534e-05,2.145,206.53,0.0034037
2021-10-22 16:00:00,61032.7,0.003162,479.7,0.007862,193.0,3.543e-05,2.162,197.69,0.0032386
2021-10-22 20:00:00,60688.22,0.003146,479.3,0.007896,191.0,3.552e-05,2.156,196.29,0.003233
2021-10-23 00:00:00,61236.52,0.003161,481.8,0.007868,193.7,3.524e-05,2.158,202.84,0.0033128
2021-10-23 04:00:00,60880.0,0.003172,480.4,0.00789,193.1,3.555e-05,2.165,201.35,0.0033079
2021-10-23 08:00:00,61552.23,0.003153,481.2,0.007818,194.1,3.513e-05,2.162,202.25,0.0032866
2021-10-23 12:00:00,61446.87,0.003191,482.4,0.00785,196.1,3.522e-05,2.165,199.2,0.0032411
2021-10-23 16:00:00,61008.02,0.003197,481.3,0.007889,195.1,3.514e-05,2.145,193.74,0.0031753
2021-10-23 20:00:00,61286.75,0.003203,485.5,0.00792,196.3,3.535e-05,2.166,197.75,0.0032265
2021-10-24 00:00:00,61227.76,0.003241,484.2,0.007911,198.3,3.521e-05,2.156,196.56,0.0032102
2021-10-24 04:00:00,60687.82,0.003234,480.7,0.00792,196.2,3.528e-05,2.142,194.11,0.0031983
2021-10-24 08:00:00,60281.0,0.0032,474.7,0.007876,193.0,3.517e-05,2.121,188.82,0.003132
2021-10-24 12:00:00,59859.97,0.003161,471.8,0.007881,189.1,3.516e-05,2.104,186.58,0.003117
2021-10-24 16:00:00,60643.09,0.003111,474.0,0.007819,188.6,3.491e-05,2.118,191.53,0.003158
2021-10-24 20:00:00,60852.22,0.00313,475.8,0.007817,190.4,3.482e-05,2.12,202.14,0.0033233
2021-10-25 00:00:00,62084.26,0.003119,480.1,0.007732,193.7,3.44e-05,2.136,201.68,0.0032494
2021-10-25 04:00:00,62660.65,0.003099,483.3,0.007712,194.2,3.43e-05,2.15,207.75,0.0033149
2021-10-25 08:00:00,62759.19,0.003119,484.0,0.007714,195.7,3.417e-05,2.143,207.9,0.0033125
2021-10-25 12:00:00,63606.87,0.003087,487.8,0.007673,196.4,3.416e-05,2.173,218.63,0.0034387
2021-10-25 16:00:00,62688.0,0.0031,483.5,0.007715,194.3,3.43e-05,2.15,210.4,0.0033571
2021-10-25 20:00:00,63078.78,0.003097,485.1,0.007689,195.5,3.4e-05,2.144,209.7,0.003325
2021-10-26 00:00:00,62758.02,0.003135,486.6,0.007754,196.8,3.471e-05,2.179,208.63,0.0033246
2021-10-26 04:00:00,62432.54,0.003125,485.1,0.007771,195.3,3.49e-05,2.18,209.34,0.0033536
2021-10-26 08:00:00,62739.98,0.003104,486.3,0.007752,194.8,3.464e-05,2.173,207.28,0.0033041
2021-10-26 12:00:00,62514.59,0.003085,483.3,0.00773,193.0,3.459e-05,2.162,206.57,0.0033065
2021-10-26 16:00:00,62000.0,0.003127,484.2,0.007809,193.8,3.495e-05,2.167,207.1,0.0033417
2021-10-26 20:00:00,60328.81,0.003276,478.1,0.007927,197.6,3.544e-05,2.137,199.85,0.0033129
2021-10-27 00:00:00,60714.34,0.003336,482.8,0.007951,202.5,3.532e-05,2.144,202.83,0.0033408
2021-10-27 04:00:00,59949.93,0.003185,474.2,0.007911,190.9,3.502e-05,2.099,194.09,0.0032376
2021-10-27 08:00:00,58564.0,0.003152,451.2,0.007706,184.5,3.38e-05,1.98,190.0,0.0032445
2021-10-27 12:00:00,58819.14,0.003104,454.8,0.00773,182.6,3.342e-05,1.967,188.97,0.0032126
2021-10-27 16:00:00,59062.32,0.003129,452.8,0.007666,184.9,3.288e-05,1.942,189.33,0.0032054
2021-10-27 20:00:00,58413.44,0.003068,448.7,0.00768,179.3,3.272e-05,1.912,184.49,0.0031575
2021-10-28 00:00:00,58839.8,0.003094,455.4,0.00774,182.1,3.285e-05,1.933,186.84,0.0031748
2021-10-28 04:00:00,58993.71,0.003102,455.7,0.007724,183.0,3.291e-05,1.941,186.74,0.0031661
2021-10-28 08:00:00,60960.61,0.003074,478.3,0.007846,187.4,3.28e-05,1.999,195.41,0.0032064
2021-10-28 12:00:00,61138.62,0.003072,487.0,0.007966,187.9,3.296e-05,2.016,197.3,0.0032263
2021-10-28 16:00:00,61289.13,0.003147,491.1,0.008012,192.9,3.272e-05,2.007,198.2,0.0032324
2021-10-28 20:00:00,60575.89,0.003134,491.9,0.008123,189.8,3.279e-05,1.987,195.42,0.003226
2021-10-29 00:00:00,61642.99,0.003129,496.7,0.008057,193.0,3.278e-05,2.02,201.6,0.0032712
2021-10-29 04:00:00,60569.05,0.003143,492.3,0.008129,190.4,3.29e-05,1.992,198.03,0.0032704
2021-10-29 08:00:00,60940.91,0.003133,499.4,0.008195,190.9,3.283e-05,2.001,196.35,0.0032218
2021-10-29 12:00:00,62299.99,0.003129,518.0,0.008316,194.9,3.252e-05,2.026,201.82,0.00324
2021-10-29 16:00:00,62545.11,0.003116,530.4,0.008482,194.9,3.216e-05,2.012,200.59,0.0032069
2021-10-29 20:00:00,62253.71,0.003159,530.3,0.008516,196.7,3.236e-05,2.015,200.41,0.0032194
2021-10-30 00:00:00,61679.95,0.003112,523.9,0.008493,192.0,3.227e-05,1.991,197.04,0.003195
2021-10-30 04:00:00,61597.19,0.003136,531.6,0.00863,193.3,3.246e-05,1.999,198.07,0.0032152
2021-10-30 08:00:00,61595.01,0.003145,524.5,0.008516,193.8,3.237e-05,1.993,197.01,0.0031984
2021-10-30 12:00:00,61377.19,0.003134,521.1,0.008489,192.4,3.209e-05,1.97,193.18,0.0031467
2021-10-30 16:00:00,61730.85,0.003108,525.1,0.00851,191.9,3.202e-05,1.978,194.56,0.0031514
2021-10-30 20:00:00,61859.19,0.003074,528.3,0.008541,190.2,3.162e-05,1.955,195.7,0.0031636
2021-10-31 00:00:00,61697.84,0.003126,529.2,0.008582,192.9,3.227e-05,1.991,191.91,0.0031096
2021-10-31 04:00:00,61362.61,0.003122,530.6,0.008647,191.7,3.226e-05,1.978,190.58,0.0031059
2021-10-31 08:00:00,60467.81,0.003125,518.0,0.008569,188.9,3.205e-05,1.937,186.38,0.0030826
2021-10-31 12:00:00,60460.23,0.003133,512.4,0.008476,189.3,3.218e-05,1.946,195.0,0.0032257
2021-10-31 16:00:00,60689.95,0.003149,518.1,0.008537,191.1,3.21e-05,1.948,195.91,0.0032291
2021-10-31 20:00:00,61299.8,0.00313,524.6,0.008561,191.9,3.206e-05,1.964,202.49,0.003302
2021-11-01 00:00:00,59922.98,0.003151,514.2,0.00858,188.9,3.215e-05,1.926,200.89,0.0033514
2021-11-01 04:00:00,62178.31,0.003122,527.2,0.008479,194.1,3.179e-05,1.978,209.91,0.003375
2021-11-01 08:00:00,61807.99,0.003104,531.7,0.008603,191.8,3.193e-05,1.974,204.69,0.003312
2021-11-01 12:00:00,61550.89,0.003169,537.9,0.008742,195.0,3.197e-05,1.968,204.05,0.0033145
2021-11-01 16:00:00,61435.98,0.003164,546.6,0.008899,194.4,3.175e-05,1.951,204.04,0.0033212
2021-11-01 20:00:00,60911.11,0.003246,551.3,0.00905,197.6,3.198e-05,1.949,203.9,0.003348
2021-11-02 00:00:00,61074.5,0.003207,549.5,0.009,195.7,3.186e-05,1.947,203.92,0.0033392
2021-11-02 04:00:00,61521.13,0.003192,541.0,0.008795,196.3,3.173e-05,1.952,203.43,0.003306
2021-11-02 08:00:00,62913.3,0.003184,544.1,0.008649,200.3,3.122e-05,1.964,204.35,0.0032464
2021-11-02 12:00:00,64018.73,0.00316,560.5,0.008755,202.3,3.108e-05,1.991,208.84,0.0032625
2021-11-02 16:00:00,63576.05,0.003179,562.6,0.008849,202.1,3.114e-05,1.98,217.23,0.0034177
2021-11-02 20:00:00,63219.99,0.003177,554.4,0.008768,200.9,3.117e-05,1.971,220.82,0.0034939
2021-11-03 00:00:00,63210.41,0.003184,552.2,0.008736,201.2,3.099e-05,1.959,229.6,0.0036306
2021-11-03 04:00:00,63394.63,0.00328,554.2,0.008745,208.0,3.276e-05,2.078,232.47,0.0036676
2021-11-03 08:00:00,63108.43,0.003249,552.4,0.00875,204.9,3.351e-05,2.115,231.7,0.0036711
2021-11-03 12:00:00,62190.0,0.003234,549.7,0.008837,201.1,3.325e-05,2.068,225.31,0.0036228
2021-11-03 16:00:00,62800.0,0.003303,561.1,0.008935,207.3,3.285e-05,2.062,234.69,0.0037352
2021-11-03 20:00:00,62896.48,0.003295,568.4,0.009037,207.3,3.277e-05,2.063,243.37,0.0038685
2021-11-04 00:00:00,62420.0,0.003258,558.5,0.008944,203.3,3.269e-05,2.041,238.1,0.0038148
2021-11-04 04:00:00,61853.79,0.00324,553.1,0.008942,200.4,3.243e-05,2.007,237.89,0.0038444
2021-11-04 08:00:00,61447.22,0.003281,557.0,0.009064,201.6,3.28e-05,2.017,239.0,0.0038893
2021-11-04 12:00:00,61035.01,0.003258,547.0,0.008961,198.7,3.234e-05,1.974,238.48,0.0039074
2021-11-04 16:00:00,61249.34,0.00328,552.8,0.009027,200.6,3.238e-05,1.982,240.44,0.003927
2021-11-04 20:00:00,61395.01,0.003305,558.7,0.009103,202.6,3.23e-05,1.983,247.07,0.0040231
2021-11-05 00:00:00,62203.8,0.003231,580.3,0.009331,201.0,3.216e-05,2.001,242.93,0.0039075
2021-11-05 04:00:00,62128.71,0.003234,594.6,0.009573,201.1,3.231e-05,2.008,242.73,0.0039071
2021-11-05 08:00:00,61259.63,0.003256,608.3,0.009929,199.4,3.227e-05,1.977,236.47,0.0038607
2021-11-05 12:00:00,60782.17,0.003253,600.4,0.009878,197.8,3.24e-05,1.97,233.19,0.0038361
2021-11-05 16:00:00,61090.69,0.00325,607.1,0.009938,198.5,3.24e-05,1.979,235.8,0.0038605
2021-11-05 20:00:00,60937.12,0.003263,607.3,0.009964,198.9,3.251e-05,1.982,236.06,0.0038735
2021-11-06 00:00:00,61109.52,0.003273,608.4,0.009956,200.0,3.313e-05,2.023,239.79,0.0039266
2021-11-06 04:00:00,60790.88,0.003244,618.1,0.010167,197.2,3.285e-05,1.997,245.92,0.004046
2021-11-06 08:00:00,60327.47,0.003206,603.9,0.010011,193.4,3.253e-05,1.963,242.33,0.004018
2021-11-06 12:00:00,60648.59,0.003205,610.9,0.010072,194.3,3.251e-05,1.971,253.2,0.0041752
2021-11-06 16:00:00,61175.4,0.003217,624.4,0.010207,196.7,3.261e-05,1.996,254.28,0.004158
2021-11-06 20:00:00,61470.61,0.003214,637.7,0.010373,197.6,3.26e-05,2.005,258.44,0.0042031
2021-11-07 00:00:00,62133.04,0.003206,646.2,0.010402,199.2,3.202e-05,1.99,254.18,0.0040914
2021-11-07 04:00:00,61759.87,0.003206,658.7,0.010666,198.0,3.209e-05,1.983,252.92,0.0040968
2021-11-07 08:00:00,61911.4,0.003213,662.8,0.010707,198.9,3.219e-05,1.993,252.6,0.0040796
2021-11-07 12:00:00,61938.01,0.003226,660.3,0.01066,199.8,3.282e-05,2.033,252.16,0.0040711
2021-11-07 16:00:00,62265.57,0.003199,655.7,0.010531,199.2,3.224e-05,2.007,247.0,0.003967
2021-11-07 20:00:00,63273.59,0.003193,649.6,0.010265,202.0,3.194e-05,2.021,249.68,0.0039453
2021-11-08 00:00:00,65199.99,0.003157,638.2,0.009789,205.8,3.124e-05,2.037,248.29,0.0038092
2021-11-08 04:00:00,65941.89,0.003157,641.3,0.009726,208.2,3.092e-05,2.038,245.86,0.0037299
2021-11-08 08:00:00,66037.21,0.003179,644.0,0.009754,210.0,3.097e-05,2.046,243.77,0.0036915
2021-11-08 12:00:00,66379.41,0.003299,648.9,0.009775,218.9,3.076e-05,2.042,248.28,0.0037418
2021-11-08 16:00:00,65835.01,0.003487,645.1,0.009799,229.4,3.181e-05,2.095,246.43,0.0037431
2021-11-08 20:00:00,67525.83,0.00339,653.5,0.009679,229.0,3.148e-05,2.125,248.26,0.0036773
2021-11-09 00:00:00,68490.0,0.003613,649.5,0.009482,247.4,3.132e-05,2.144,246.72,0.0036027
2021-11-09 04:00:00,67852.56,0.00364,645.8,0.009519,247.0,3.294e-05,2.234,246.53,0.0036336
2021-11-09 08:00:00,67594.98,0.003668,643.6,0.009522,247.8,3.39e-05,2.291,245.91,0.0036384
2021-11-09 12:00:00,66771.1,0.003964,641.8,0.009612,264.6,3.422e-05,2.284,240.8,0.0036057
2021-11-09 16:00:00,66800.21,0.003999,634.9,0.0095,267.1,3.455e-05,2.308,240.15,0.0035952
2021-11-09 20:00:00,66947.66,0.003914,635.0,0.009485,262.0,3.391e-05,2.27,239.04,0.0035722
2021-11-10 00:00:00,66487.23,0.003869,628.6,0.009455,257.3,3.317e-05,2.206,236.6,0.003559
2021-11-10 04:00:00,66426.43,0.004049,644.1,0.009698,269.0,3.352e-05,2.227,240.87,0.0036265
2021-11-10 08:00:00,66546.8,0.004325,655.2,0.009845,287.8,3.351e-05,2.23,240.63,0.0036158
2021-11-10 12:00:00,68348.63,0.004202,650.9,0.009524,287.1,3.292e-05,2.25,244.84,0.0035835
2021-11-10 16:00:00,66650.99,0.004185,632.3,0.00948,278.8,3.259e-05,2.171,236.48,0.0035493
2021-11-10 20:00:00,64882.43,0.004014,614.1,0.00947,260.4,3.234e-05,2.097,233.09,0.0035936
2021-11-11 00:00:00,64746.18,0.003969,616.8,0.009524,257.1,3.249e-05,2.104,239.04,0.0036916
2021-11-11 04:00:00,65228.4,0.004066,630.5,0.009665,265.3,3.282e-05,2.141,244.2,0.0037429
2021-11-11 08:00:00,65255.88,0.004103,630.1,0.009655,267.6,3.259e-05,2.126,239.88,0.0036768
2021-11-11 12:00:00,64799.6,0.004087,624.9,0.009642,264.9,3.209e-05,2.08,239.42,0.0036964
2021-11-11 16:00:00,65119.99,0.004051,629.0,0.00966,263.8,3.211e-05,2.09,237.77,0.003651
2021-11-11 20:00:00,64774.26,0.004048,628.4,0.009703,262.3,3.21e-05,2.079,233.37,0.0036018
2021-11-12 00:00:00,64826.63,0.004251,632.8,0.009763,275.7,3.208e-05,2.08,232.24,0.0035816
2021-11-12 04:00:00,64488.12,0.004193,623.3,0.009665,270.4,3.186e-05,2.054,228.09,0.0035368
2021-11-12 08:00:00,63753.19,0.004062,613.3,0.009619,259.0,3.156e-05,2.013,226.17,0.0035476
2021-11-12 12:00:00,63155.94,0.00398,613.3,0.009712,251.5,3.188e-05,2.013,222.3,0.0035209
2021-11-12 16:00:00,63845.01,0.003933,620.3,0.009715,251.1,3.195e-05,2.041,228.85,0.003584
2021-11-12 20:00:00,64122.23,0.003917,626.9,0.009777,251.2,3.19e-05,2.045,228.48,0.0035635
2021-11-13 00:00:00,63773.94,0.003866,625.8,0.009811,246.6,3.206e-05,2.045,225.54,0.003536
2021-11-13 04:00:00,64029.99,0.003903,627.1,0.009794,249.8,3.246e-05,2.078,227.07,0.0035461
2021-11-13 08:00:00,63554.23,0.003901,632.6,0.009954,247.8,3.207e-05,2.039,226.96,0.0035706
2021-11-13 12:00:00,64688.99,0.004042,649.1,0.010033,261.5,3.183e-05,2.06,233.62,0.0036112
2021-11-13 16:00:00,63941.65,0.003994,646.3,0.01011,255.4,3.196e-05,2.044,237.18,0.00371
2021-11-13 20:00:00,64380.0,0.004002,649.5,0.010089,257.7,3.185e-05,2.05,241.59,0.0037526
2021-11-14 00:00:00,64637.81,0.003958,646.3,0.009998,255.7,3.17e-05,2.05,237.2,0.00367
2021-11-14 04:00:00,64627.58,0.003902,645.3,0.009987,252.1,3.151e-05,2.036,235.31,0.0036403
2021-11-14 08:00:00,64445.07,0.003939,646.1,0.010027,253.9,3.171e-05,2.045,236.27,0.003666
2021-11-14 12:00:00,64070.41,0.003996,653.4,0.010198,256.1,3.164e-05,2.029,234.41,0.0036583
2021-11-14 16:00:00,64170.0,0.004221,646.5,0.010074,271.1,3.158e-05,2.026,235.37,0.0036693
2021-11-14 20:00:00,65519.1,0.004264,650.8,0.009933,279.3,3.114e-05,2.04,238.64,0.0036425
2021-11-15 00:00:00,65712.65,0.004235,652.9,0.009934,278.3,3.117e-05,2.05,243.72,0.0037084
2021-11-15 04:00:00,65579.71,0.004173,653.5,0.009964,273.7,3.133e-05,2.055,241.28,0.0036783
2021-11-15 08:00:00,65733.06,0.004166,646.0,0.009829,273.8,3.159e-05,2.076,243.0,0.0036977
2021-11-15 12:00:00,64288.16,0.004181,637.1,0.00991,268.7,3.166e-05,2.035,239.76,0.0037287
2021-11-15 16:00:00,64265.9,0.004121,638.8,0.00994,264.9,3.168e-05,2.037,240.31,0.0037394
2021-11-15 20:00:00,63606.74,0.004133,633.8,0.009966,263.0,3.173e-05,2.017,238.2,0.0037442
2021-11-16 00:00:00,60907.41,0.004014,608.8,0.009997,244.5,3.165e-05,1.929,226.7,0.0037237
2021-11-16 04:00:00,60805.27,0.004059,608.2,0.010004,246.6,3.2e-05,1.946,226.63,0.0037267
2021-11-16 08:00:00,60574.49,0.003909,586.0,0.009673,236.7,3.136e-05,1.9,224.93,0.0037127
2021-11-16 12:00:00,60669.14,0.003862,586.1,0.009654,234.3,3.156e-05,1.915,225.29,0.0037142
2021-11-16 16:00:00,60204.47,0.003888,585.3,0.00972,234.1,3.169e-05,1.907,225.9,0.0037526
2021-11-16 20:00:00,60058.87,0.003833,588.7,0.009804,230.2,3.121e-05,1.874,219.04,0.0036469
2021-11-17 00:00:00,59039.99,0.003778,569.8,0.009655,223.1,3.094e-05,1.826,212.49,0.0035996
2021-11-17 04:00:00,59688.0,0.003826,568.1,0.009518,228.3,3.097e-05,1.849,214.81,0.0035999
2021-11-17 08:00:00,60762.83,0.003852,585.4,0.009635,234.0,3.1e-05,1.882,220.28,0.0036241
2021-11-17 12:00:00,59664.49,0.003819,571.0,0.009571,227.8,3.116e-05,1.859,213.67,0.0035808
2021-11-17 16:00:00,60212.49,0.003797,576.9,0.009579,228.5,3.097e-05,1.864,214.47,0.0035624
2021-11-17 20:00:00,60344.87,0.003805,578.0,0.009579,229.6,3.11e-05,1.876,218.94,0.0036274
2021-11-18 00:00:00,59840.01,0.003703,579.6,0.009683,221.6,3.144e-05,1.881,216.74,0.0036212
2021-11-18 04:00:00,59734.2,0.003691,573.7,0.009605,220.6,3.094e-05,1.85,212.63,0.0035588
2021-11-18 08:00:00,59213.49,0.003681,567.3,0.009581,218.0,3.076e-05,1.822,207.9,0.0035122
2021-11-18 12:00:00,58100.04,0.00365,545.6,0.00939,212.0,3.08e-05,1.789,196.99,0.0033916
2021-11-18 16:00:00,57928.0,0.003599,540.1,0.009325,208.5,3.14e-05,1.819,200.18,0.0034563
2021-11-18 20:00:00,56891.62,0.003588,531.8,0.009347,204.2,3.141e-05,1.786,195.01,0.0034294
2021-11-19 00:00:00,55900.0,0.003614,528.1,0.009445,202.0,3.167e-05,1.771,192.0,0.0034353
2021-11-19 04:00:00,55987.83,0.003661,545.6,0.009743,205.0,3.195e-05,1.79,196.44,0.0035088
2021-11-19 08:00:00,56989.59,0.00368,561.7,0.009856,209.6,3.188e-05,1.817,202.94,0.0035619
2021-11-19 12:00:00,57887.98,0.00377,576.5,0.009958,218.1,3.225e-05,1.867,213.99,0.0036967
2021-11-19 16:00:00,58033.05,0.003764,584.5,0.010071,218.5,3.223e-05,1.87,217.31,0.003745
2021-11-19 20:00:00,58052.24,0.003754,581.0,0.010007,217.9,3.208e-05,1.863,215.25,0.0037073
2021-11-20 00:00:00,58513.1,0.003779,582.3,0.009949,221.2,3.195e-05,1.869,214.94,0.0036742
2021-11-20 04:00:00,58380.06,0.003799,581.4,0.009958,221.8,3.188e-05,1.861,212.83,0.0036451
2021-11-20 08:00:00,58625.67,0.003816,590.0,0.010062,223.9,3.282e-05,1.924,215.56,0.0036769
2021-11-20 12:00:00,57588.37,0.003723,574.2,0.009971,214.5,3.246e-05,1.87,207.1,0.0035968
2021-11-20 16:00:00,59430.04,0.003794,597.1,0.010047,225.6,3.203e-05,1.904,215.4,0.0036242
2021-11-20 20:00:00,59707.51,0.003797,604.3,0.010122,226.8,3.22e-05,1.922,217.63,0.0036455
2021-11-21 00:00:00,58674.67,0.003779,590.0,0.010056,221.6,3.2e-05,1.878,211.66,0.0036045
2021-11-21 04:00:00,58982.74,0.003818,587.1,0.009953,225.1,3.181e-05,1.876,213.87,0.0036253
2021-11-21 08:00:00,58692.91,0.003789,582.2,0.009921,222.4,3.181e-05,1.868,211.51,0.0036027
2021-11-21 12:00:00,59199.26,0.003786,592.2,0.010003,224.1,3.17e-05,1.877,215.06,0.0036326
2021-11-21 16:00:00,59314.13,0.003795,587.9,0.009914,225.1,3.138e-05,1.861,228.84,0.003858
2021-11-21 20:00:00,58622.02,0.003774,584.0,0.009965,221.1,3.131e-05,1.835,230.51,0.0039321
2021-11-22 00:00:00,57383.39,0.003747,569.1,0.009914,215.0,3.125e-05,1.794,220.45,0.0038422
2021-11-22 04:00:00,57259.54,0.003748,568.0,0.00992,214.5,3.14e-05,1.798,215.99,0.0037733
2021-11-22 08:00:00,57180.51,0.00375,571.0,0.009983,214.5,3.155e-05,1.804,218.93,0.0038294
2021-11-22 12:00:00,58194.79,0.0037,576.0,0.009896,215.4,3.099e-05,1.803,222.54,0.0038238
2021-11-22 16:00:00,55993.03,0.003691,556.0,0.00993,206.6,3.147e-05,1.762,212.84,0.0038026
2021-11-22 20:00:00,56247.18,0.003717,559.3,0.009943,209.1,3.159e-05,1.776,215.59,0.0038331
2021-11-23 00:00:00,56947.82,0.003699,567.2,0.009962,210.7,3.166e-05,1.804,220.95,0.0038792
2021-11-23 04:00:00,56006.74,0.003689,563.5,0.01006,206.6,3.171e-05,1.776,212.95,0.0038014
2021-11-23 08:00:00,56149.51,0.003704,576.8,0.010272,207.9,3.149e-05,1.769,212.25,0.00378
2021-11-23 12:00:00,56883.07,0.003723,592.6,0.010419,211.9,3.133e-05,1.782,215.99,0.0037952
2021-11-23 16:00:00,57778.2,0.003704,604.1,0.010455,214.0,3.086e-05,1.784,224.53,0.0038846
2021-11-23 20:00:00,57541.27,0.003758,591.1,0.010271,216.2,3.041e-05,1.751,221.75,0.0038537
2021-11-24 00:00:00,56399.99,0.003734,580.8,0.010296,210.7,2.969e-05,1.674,217.13,0.0038493
2021-11-24 04:00:00,56497.47,0.003774,586.2,0.010375,213.2,2.984e-05,1.686,216.92,0.0038391
2021-11-24 08:00:00,56613.63,0.003723,590.2,0.010424,210.8,2.968e-05,1.68,214.6,0.0037908
2021-11-24 12:00:00,56727.53,0.003692,591.3,0.010419,209.5,2.945e-05,1.67,212.34,0.0037434
2021-11-24 16:00:00,56825.13,0.003655,582.2,0.010243,207.7,2.854e-05,1.623,202.05,0.0035568
2021-11-24 20:00:00,57138.29,0.003712,590.3,0.010332,212.2,2.915e-05,1.666,205.7,0.0036004
2021-11-25 00:00:00,57749.99,0.003802,612.4,0.010606,219.7,2.933e-05,1.694,210.95,0.0036515
2021-11-25 04:00:00,57648.89,0.00377,609.1,0.010565,217.4,2.847e-05,1.641,205.7,0.0035687
2021-11-25 08:00:00,58009.99,0.00384,639.3,0.011023,222.6,2.866e-05,1.663,208.44,0.0035922
2021-11-25 12:00:00,59048.5,0.003838,643.1,0.01089,226.7,2.924e-05,1.726,214.42,0.0036314
2021-11-25 16:00:00,58853.83,0.003795,636.5,0.010814,223.3,2.891e-05,1.701,210.45,0.0035758
2021-11-25 20:00:00,58960.36,0.003781,639.1,0.01084,222.9,2.841e-05,1.675,209.97,0.0035602
2021-11-26 00:00:00,57900.91,0.003732,626.8,0.010825,216.2,2.841e-05,1.644,205.5,0.0035494
2021-11-26 04:00:00,56957.86,0.003713,609.6,0.010694,211.5,2.844e-05,1.621,201.39,0.0035345
2021-11-26 08:00:00,53719.3,0.003555,569.5,0.010603,191.0,2.805e-05,1.507,185.31,0.0034483
2021-11-26 12:00:00,54341.55,0.003606,586.3,0.010789,195.9,2.86e-05,1.554,192.75,0.0035454
2021-11-26 16:00:00,54326.76,0.003646,592.0,0.010892,198.0,2.893e-05,1.572,197.73,0.0036413
2021-11-26 20:00:00,53726.53,0.003643,587.3,0.010931,195.7,2.853e-05,1.533,192.42,0.0035832
2021-11-27 00:00:00,54347.07,0.003642,591.4,0.010882,198.0,2.868e-05,1.557,195.39,0.0035937
2021-11-27 04:00:00,54394.56,0.003601,591.0,0.010866,195.9,2.838e-05,1.543,194.29,0.0035717
2021-11-27 08:00:00,54605.73,0.003592,599.1,0.010971,196.2,2.844e-05,1.553,196.2,0.0035934
2021-11-27 12:00:00,54898.22,0.003586,606.7,0.011051,196.8,2.859e-05,1.569,196.46,0.0035792
2021-11-27 16:00:00,54935.91,0.003577,608.7,0.01108,196.4,2.848e-05,1.564,196.29,0.0035722
2021-11-27 20:00:00,54721.03,0.003566,599.9,0.010964,195.1,2.821e-05,1.543,192.74,0.0035219
2021-11-28 00:00:00,54137.31,0.003497,579.5,0.010709,189.2,2.761e-05,1.495,187.13,0.0034576
2021-11-28 04:00:00,54515.61,0.003493,590.8,0.010837,190.4,2.777e-05,1.515,189.82,0.0034823
2021-11-28 08:00:00,54493.09,0.003489,596.4,0.010943,190.0,2.778e-05,1.513,190.07,0.0034878
2021-11-28 12:00:00,54296.14,0.003496,593.1,0.010924,189.9,2.763e-05,1.5,188.99,0.0034832
2021-11-28 16:00:00,54617.85,0.003474,589.0,0.010784,189.8,2.712e-05,1.482,188.51,0.0034501
2021-11-28 20:00:00,57274.88,0.003483,611.3,0.010672,199.5,2.784e-05,1.594,200.69,0.003505
2021-11-29 00:00:00,57359.02,0.003467,608.5,0.01061,198.7,2.774e-05,1.59,200.85,0.0035021
2021-11-29 04:00:00,57515.13,0.003474,617.9,0.010743,199.8,2.763e-05,1.589,203.79,0.0035439
2021-11-29 08:00:00,56883.29,0.003453,611.2,0.010745,196.4,2.748e-05,1.563,203.38,0.003576
2021-11-29 12:00:00,57125.93,0.003497,619.1,0.010836,199.8,2.742e-05,1.567,206.92,0.003622
2021-11-29 16:00:00,57880.67,0.003558,617.0,0.010661,206.1,2.752e-05,1.591,206.05,0.003559
2021-11-29 20:00:00,57776.25,0.003556,623.4,0.010794,205.5,2.773e-05,1.601,204.09,0.0035332
2021-11-30 00:00:00,57092.92,0.003563,617.8,0.010819,203.3,2.767e-05,1.58,203.72,0.0035679
2021-11-30 04:00:00,56510.08,0.003567,614.0,0.010862,201.6,2.762e-05,1.561,201.77,0.0035715
2021-11-30 08:00:00,57602.45,0.003615,626.1,0.010878,208.3,2.758e-05,1.588,207.19,0.0035968
2021-11-30 12:00:00,57238.84,0.003667,617.6,0.010801,209.9,2.772e-05,1.586,213.03,0.003723
2021-11-30 16:00:00,57629.99,0.003665,623.3,0.010819,211.2,2.728e-05,1.572,215.41,0.0037377
2021-11-30 20:00:00,56950.56,0.00365,622.5,0.010933,207.8,2.73e-05,1.554,208.53,0.0036634
2021-12-01 00:00:00,57362.01,0.003708,632.1,0.011019,212.5,2.764e-05,1.585,214.93,0.0037472
2021-12-01 04:00:00,57163.87,0.003772,636.4,0.011136,215.6,2.8e-05,1.601,218.42,0.0038227
2021-12-01 08:00:00,57157.93,0.003712,638.8,0.011177,212.2,2.785e-05,1.592,221.29,0.0038721
2021-12-01 12:00:00,58614.49,0.003672,647.2,0.011042,215.2,2.732e-05,1.601,229.51,0.0039157
2021-12-01 16:00:00,57427.9,0.003674,635.8,0.011072,210.9,2.747e-05,1.578,230.14,0.0040077
2021-12-01 20:00:00,57184.07,0.00365,627.5,0.010973,208.8,2.705e-05,1.548,229.81,0.0040175
2021-12-02 00:00:00,56300.12,0.003592,611.4,0.01086,202.2,2.726e-05,1.535,224.24,0.0039831
2021-12-02 04:00:00,56810.43,0.003592,627.7,0.011045,203.9,2.721e-05,1.545,222.89,0.0039217
2021-12-02 08:00:00,56314.2,0.003618,621.6,0.01104,203.9,2.954e-05,1.663,226.79,0.0040285
2021-12-02 12:00:00,56520.81,0.003634,622.8,0.011022,205.3,3.007e-05,1.7,229.47,0.0040602
2021-12-02 16:00:00,56616.28,0.00363,619.1,0.010936,205.6,3.052e-05,1.727,234.12,0.0041356
2021-12-02 20:00:00,56480.34,0.003602,619.9,0.010977,203.5,3.045e-05,1.719,233.6,0.0041339
2021-12-03 00:00:00,56323.01,0.003558,613.0,0.010886,200.2,2.979e-05,1.678,229.97,0.0040825
2021-12-03 04:00:00,56733.69,0.003586,621.7,0.010956,203.4,2.916e-05,1.654,232.49,0.004099
2021-12-03 08:00:00,56959.77,0.003625,624.7,0.010964,206.6,2.917e-05,1.662,237.54,0.0041684
2021-12-03 12:00:00,55975.32,0.003544,607.6,0.010853,198.3,2.885e-05,1.615,224.27,0.0040087
2021-12-03 16:00:00,53838.65,0.003516,591.2,0.01098,189.3,2.902e-05,1.562,212.75,0.0039534
2021-12-03 20:00:00,53601.05,0.003505,595.0,0.011102,188.0,2.902e-05,1.556,211.65,0.0039495
2021-12-04 00:00:00,52000.0,0.00338,571.1,0.010985,175.5,2.844e-05,1.478,196.09,0.0037698
2021-12-04 04:00:00,47242.74,0.003209,535.9,0.011338,151.6,2.851e-05,1.348,193.0,0.0040844
2021-12-04 08:00:00,46489.67,0.003213,532.0,0.011443,149.3,2.856e-05,1.328,188.24,0.0040464
2021-12-04 12:00:00,48203.73,0.003294,562.2,0.011668,158.8,2.899e-05,1.397,205.05,0.0042539
2021-12-04 16:00:00,49250.0,0.003334,568.0,0.011529,164.1,2.912e-05,1.434,207.13,0.0042027
2021-12-04 20:00:00,49152.47,0.003309,568.6,0.011569,162.7,2.889e-05,1.42,200.67,0.0040832
2021-12-05 00:00:00,49170.79,0.003287,565.3,0.011497,161.6,2.848e-05,1.401,196.5,0.003997
2021-12-05 04:00:00,49289.18,0.003239,573.9,0.011642,159.7,2.805e-05,1.383,200.49,0.0040687
2021-12-05 08:00:00,49242.58,0.003205,573.0,0.011636,157.9,2.805e-05,1.381,196.06,0.0039829
2021-12-05 12:00:00,47951.57,0.003137,547.3,0.011417,150.3,2.745e-05,1.317,185.45,0.003868
2021-12-05 16:00:00,48902.45,0.003151,553.4,0.011313,154.1,2.723e-05,1.332,190.2,0.0038879
2021-12-05 20:00:00,49396.33,0.003166,557.8,0.011294,156.3,2.792e-05,1.378,196.43,0.0039768
2021-12-06 00:00:00,49018.47,0.003152,548.7,0.011193,154.6,2.775e-05,1.361,193.31,0.0039437
2021-12-06 04:00:00,48412.66,0.003044,541.8,0.011194,147.4,2.709e-05,1.311,184.99,0.0038226
2021-12-06 08:00:00,48577.78,0.003054,556.0,0.011446,148.3,2.683e-05,1.303,182.07,0.0037449
2021-12-06 12:00:00,48942.68,0.003098,571.2,0.011674,151.7,2.725e-05,1.333,188.35,0.0038471
2021-12-06 16:00:00,49103.0,0.003115,570.7,0.01162,153.0,2.749e-05,1.35,187.56,0.0038192
2021-12-06 20:00:00,50441.92,0.003196,587.5,0.011647,161.3,2.815e-05,1.42,193.56,0.0038377
2021-12-07 00:00:00,50945.03,0.00314,587.6,0.011533,159.9,2.834e-05,1.444,195.35,0.0038341
2021-12-07 04:00:00,50907.27,0.003123,584.8,0.011489,159.0,2.828e-05,1.44,199.36,0.0039177
2021-12-07 08:00:00,51456.2,0.003202,588.3,0.011431,164.8,2.816e-05,1.449,203.14,0.003947
2021-12-07 12:00:00,51734.15,0.003153,586.9,0.011343,163.1,2.769e-05,1.432,198.11,0.0038311
2021-12-07 16:00:00,50884.48,0.003214,581.2,0.011421,163.6,2.761e-05,1.405,194.3,0.0038168
2021-12-07 20:00:00,50588.95,0.003201,578.7,0.011439,161.8,2.725e-05,1.378,190.19,0.0037601
2021-12-08 00:00:00,50110.91,0.003194,568.2,0.011342,159.9,2.697e-05,1.352,186.62,0.003725
2021-12-08 04:00:00,50480.93,0.003265,581.0,0.011509,164.7,2.749e-05,1.388,189.62,0.0037557
2021-12-08 08:00:00,49186.51,0.003229,574.7,0.011683,158.8,2.772e-05,1.363,186.31,0.0037882
2021-12-08 12:00:00,50640.1,0.003276,592.0,0.011688,165.9,2.77e-05,1.402,192.49,0.0038018
2021-12-08 16:00:00,50423.21,0.003265,594.2,0.011784,164.7,2.774e-05,1.399,193.02,0.0038277
2021-12-08 20:00:00,50471.19,0.00327,607.2,0.012032,165.1,2.767e-05,1.396,194.61,0.0038567
2021-12-09 00:00:00,49513.35,0.003225,601.4,0.012142,159.7,2.76e-05,1.368,189.25,0.0038225
2021-12-09 04:00:00,50016.89,0.003238,603.8,0.012075,161.9,2.767e-05,1.383,190.85,0.0038182
2021-12-09 08:00:00,49160.53,0.003243,591.8,0.012039,159.5,2.756e-05,1.354,187.63,0.0038164
2021-12-09 12:00:00,48464.09,0.003208,580.0,0.011967,155.6,2.749e-05,1.332,184.9,0.0038161
2021-12-09 16:00:00,47613.53,0.003233,573.6,0.012048,153.9,2.736e-05,1.303,181.26,0.0038074
2021-12-09 20:00:00,47545.59,0.003183,570.2,0.011995,151.3,2.712e-05,1.289,181.11,0.0038095
2021-12-10 00:00:00,48373.48,0.003177,577.0,0.011929,153.7,2.693e-05,1.302,179.82,0.0037188
2021-12-10 04:00:00,47694.62,0.003152,571.2,0.011975,150.4,2.679e-05,1.278,176.16,0.0036933
2021-12-10 08:00:00,48711.0,0.003192,581.3,0.011935,155.4,2.695e-05,1.311,178.66,0.003668
2021-12-10 12:00:00,47979.22,0.00316,570.2,0.011886,151.7,2.665e-05,1.278,173.65,0.0036158
2021-12-10 16:00:00,48098.84,0.003174,569.1,0.011831,152.6,2.63e-05,1.265,173.57,0.0036096
2021-12-10 20:00:00,47140.54,0.003147,552.4,0.011718,148.3,2.568e-05,1.211,167.39,0.0035528
2021-12-11 00:00:00,48296.99,0.003143,564.1,0.01168,151.8,2.561e-05,1.237,170.18,0.0035247
2021-12-11 04:00:00,48021.76,0.00318,544.9,0.011345,152.8,2.579e-05,1.239,169.23,0.0035248
2021-12-11 08:00:00,48240.44,0.003207,551.1,0.011424,154.7,2.651e-05,1.278,170.05,0.0035273
2021-12-11 12:00:00,48747.02,0.003254,559.7,0.011485,158.6,2.679e-05,1.306,170.99,0.0035079
2021-12-11 16:00:00,48407.25,0.003196,557.7,0.011519,154.7,2.659e-05,1.287,167.98,0.0034703
2021-12-11 20:00:00,49389.99,0.0032,564.5,0.011429,158.0,2.741e-05,1.354,172.15,0.0034846
2021-12-12 00:00:00,49305.7,0.00317,561.8,0.01139,156.4,2.82e-05,1.391,169.8,0.0034441
2021-12-12 04:00:00,49301.21,0.003166,566.4,0.011487,156.0,2.737e-05,1.349,170.24,0.0034532
2021-12-12 08:00:00,49124.33,0.003175,564.9,0.011496,155.9,2.728e-05,1.34,169.1,0.0034426
2021-12-12 12:00:00,49623.26,0.003164,562.3,0.011329,157.0,2.681e-05,1.33,170.41,0.003433
2021-12-12 16:00:00,50221.05,0.003201,570.1,0.011352,160.8,2.717e-05,1.364,174.43,0.0034738
2021-12-12 20:00:00,50053.9,0.003176,570.3,0.011393,159.0,2.689e-05,1.346,172.8,0.003452
2021-12-13 00:00:00,48873.19,0.003153,558.4,0.011423,154.2,2.677e-05,1.308,167.4,0.003426
2021-12-13 04:00:00,48740.01,0.003161,551.3,0.011309,154.1,2.673e-05,1.302,164.09,0.0033675
2021-12-13 08:00:00,48847.26,0.003181,549.9,0.011251,155.5,2.683e-05,1.312,167.71,0.0034335
2021-12-13 12:00:00,47252.02,0.003125,526.6,0.011142,147.7,2.628e-05,1.242,158.19,0.0033483
2021-12-13 16:00:00,46739.36,0.003123,523.8,0.011206,146.0,2.611e-05,1.221,153.17,0.0032808
2021-12-13 20:00:00,46702.75,0.003095,521.0,0.011152,144.6,2.62e-05,1.223,155.21,0.0033224
2021-12-14 00:00:00,46952.0,0.003103,525.8,0.011201,145.7,2.594e-05,1.218,153.77,0.0032737
2021-12-14 04:00:00,47000.0,0.003125,530.3,0.011282,146.9,2.623e-05,1.232,154.77,0.0032901
2021-12-14 08:00:00,47622.0,0.003166,523.6,0.010996,150.7,2.64e-05,1.257,158.09,0.0033226
2021-12-14 12:00:00,46853.86,0.003136,517.6,0.011047,146.9,2.626e-05,1.231,157.7,0.0033646
2021-12-14 16:00:00,46859.4,0.003133,512.7,0.010941,146.8,2.652e-05,1.242,153.96,0.0032861
2021-12-14 20:00:00,48343.28,0.003111,528.1,0.010922,150.4,2.62e-05,1.266,161.26,0.0033375
2021-12-15 00:00:00,48262.41,0.003111,528.2,0.010943,150.2,2.599e-05,1.254,160.5,0.0033253
2021-12-15 04:00:00,48209.51,0.003143,532.1,0.011037,151.5,2.615e-05,1.262,166.29,0.003449
2021-12-15 08:00:00,48132.54,0.003109,526.8,0.010948,149.7,2.6e-05,1.25,165.75,0.0034441
2021-12-15 12:00:00,46632.31,0.00307,502.6,0.010779,143.2,2.586e-05,1.207,157.7,0.0033815
2021-12-15 16:00:00,48674.9,0.003123,537.4,0.011042,151.9,2.657e-05,1.292,175.26,0.0035991
2021-12-15 20:00:00,48864.98,0.003142,541.1,0.011075,153.6,2.683e-05,1.311,178.52,0.0036528
2021-12-16 00:00:00,48819.6,0.003138,534.6,0.010949,153.2,2.657e-05,1.297,178.77,0.0036623
2021-12-16 04:00:00,48712.23,0.003155,532.1,0.010919,153.8,2.664e-05,1.297,178.31,0.0036601
2021-12-16 08:00:00,49207.79,0.003175,544.2,0.01106,156.3,2.689e-05,1.322,185.87,0.0037778
2021-12-16 12:00:00,48585.81,0.003184,539.9,0.011108,154.6,2.683e-05,1.304,187.01,0.0038494
2021-12-16 16:00:00,47866.01,0.003141,530.9,0.01109,150.3,2.635e-05,1.261,180.08,0.0037655
2021-12-16 20:00:00,47632.38,0.003125,526.2,0.011045,148.9,2.601e-05,1.24,176.86,0.0037129
2021-12-17 00:00:00,47766.07,0.003132,531.2,0.011121,149.7,2.621e-05,1.251,179.25,0.0037532
2021-12-17 04:00:00,47007.25,0.00314,525.5,0.011176,147.5,2.656e-05,1.249,177.75,0.0037811
2021-12-17 08:00:00,47112.43,0.003122,526.0,0.011162,147.1,2.619e-05,1.234,175.94,0.0037337
2021-12-17 12:00:00,46528.83,0.003142,525.0,0.011287,146.2,2.638e-05,1.226,176.59,0.0037935
2021-12-17 16:00:00,46765.66,0.003116,526.8,0.011262,145.8,2.619e-05,1.224,177.55,0.0037994
2021-12-17 20:00:00,46131.2,0.003122,525.5,0.01139,144.1,2.639e-05,1.218,175.51,0.0038048
2021-12-18 00:00:00,46283.05,0.003163,524.8,0.011337,146.5,2.643e-05,1.223,174.15,0.0037633
2021-12-18 04:00:00,46364.08,0.003186,525.9,0.011345,147.5,2.665e-05,1.235,176.03,0.0037966
2021-12-18 08:00:00,47070.44,0.00317,532.0,0.0113,149.2,2.661e-05,1.253,179.93,0.0038227
2021-12-18 12:00:00,46858.55,0.003175,530.5,0.01132,148.8,2.662e-05,1.247,181.41,0.0038709
2021-12-18 16:00:00,46643.68,0.003182,534.3,0.011456,148.4,2.666e-05,1.243,181.74,0.0038984
2021-12-18 20:00:00,46834.48,0.003174,533.9,0.011402,148.6,2.653e-05,1.242,182.78,0.0039032
2021-12-19 00:00:00,47712.38,0.003233,539.3,0.011302,154.3,2.72e-05,1.298,184.49,0.003867
2021-12-19 04:00:00,47515.09,0.003224,538.7,0.011335,153.2,2.698e-05,1.282,187.16,0.0039386
2021-12-19 08:00:00,47152.72,0.003231,535.0,0.011345,152.3,2.708e-05,1.277,184.83,0.0039217
2021-12-19 12:00:00,47239.8,0.003285,534.0,0.011306,155.2,2.702e-05,1.277,184.07,0.0038958
2021-12-19 16:00:00,46673.93,0.003293,529.1,0.011335,153.6,2.671e-05,1.246,180.33,0.0038634
2021-12-19 20:00:00,46681.23,0.003282,529.8,0.011347,153.2,2.664e-05,1.243,179.93,0.0038542
2021-12-20 00:00:00,46687.22,0.003316,527.0,0.011287,154.8,2.645e-05,1.235,178.38,0.0038215
2021-12-20 04:00:00,46429.19,0.003235,520.6,0.011216,150.2,2.648e-05,1.229,175.35,0.0037777
2021-12-20 08:00:00,46092.6,0.003207,514.9,0.011171,147.8,2.649e-05,1.221,172.54,0.0037419
2021-12-20 12:00:00,45974.08,0.00322,511.7,0.011132,148.0,2.633e-05,1.21,170.0,0.0036983
2021-12-20 16:00:00,46585.55,0.00323,518.8,0.011134,150.5,2.664e-05,1.24,175.98,0.0037784
2021-12-20 20:00:00,46914.16,0.003255,524.0,0.01117,152.6,2.638e-05,1.237,173.9,0.0037071
2021-12-21 00:00:00,47928.47,0.003205,527.7,0.011012,153.7,2.62e-05,1.255,175.49,0.0036627
2021-12-21 04:00:00,48579.77,0.003153,527.9,0.010867,153.1,2.59e-05,1.258,178.95,0.0036846
2021-12-21 08:00:00,48866.92,0.003149,531.5,0.010877,153.9,2.578e-05,1.259,179.71,0.003678
2021-12-21 12:00:00,48418.49,0.003157,525.3,0.010848,152.8,2.597e-05,1.257,177.41,0.0036663
2021-12-21 16:00:00,48619.79,0.003184,527.3,0.010847,154.9,2.583e-05,1.256,177.01,0.0036411
2021-12-21 20:00:00,48889.88,0.003167,528.3,0.010809,154.7,2.618e-05,1.28,179.63,0.0036753
2021-12-22 00:00:00,49249.0,0.003174,533.6,0.010836,156.2,2.636e-05,1.299,179.61,0.0036464
2021-12-22 04:00:00,49206.42,0.003196,535.0,0.010871,157.3,2.637e-05,1.297,186.28,0.0037864
2021-12-22 08:00:00,48981.99,0.003195,535.2,0.010928,156.5,2.767e-05,1.355,185.56,0.003786
2021-12-22 12:00:00,48879.28,0.003226,540.9,0.011063,157.6,2.751e-05,1.345,185.05,0.0037849
2021-12-22 16:00:00,48931.99,0.003216,538.6,0.011009,157.5,2.745e-05,1.344,180.27,0.0036836
2021-12-22 20:00:00,48588.16,0.003197,533.6,0.01098,155.4,2.732e-05,1.327,178.4,0.0036692
2021-12-23 00:00:00,48524.11,0.003243,533.7,0.010999,157.3,2.763e-05,1.34,180.87,0.0037267
2021-12-23 04:00:00,48129.6,0.003209,526.7,0.01094,154.3,2.756e-05,1.326,177.88,0.003696
2021-12-23 08:00:00,48354.77,0.003224,527.0,0.010898,155.8,2.788e-05,1.349,179.02,0.0037013
2021-12-23 12:00:00,48819.33,0.003223,529.6,0.010849,157.3,2.82e-05,1.377,180.94,0.0037044
2021-12-23 16:00:00,51109.99,0.003211,550.2,0.010765,164.1,2.864e-05,1.465,191.15,0.0037403
2021-12-23 20:00:00,50838.81,0.00322,549.0,0.0108,163.6,2.9e-05,1.475,190.03,0.00374
2021-12-24 00:00:00,51029.99,0.003245,545.1,0.010682,165.6,2.857e-05,1.459,187.69,0.0036789
2021-12-24 04:00:00,50994.75,0.003215,545.9,0.010705,164.0,2.831e-05,1.443,188.79,0.0037041
2021-12-24 08:00:00,50993.88,0.003198,546.9,0.010723,163.1,2.85e-05,1.453,188.76,0.0037021
2021-12-24 12:00:00,50956.68,0.00319,548.0,0.010753,162.4,2.833e-05,1.444,195.45,0.0038365
2021-12-24 16:00:00,51126.4,0.003166,543.9,0.010636,161.8,2.755e-05,1.408,192.08,0.0037568
2021-12-24 20:00:00,50820.0,0.003172,542.1,0.010668,161.2,2.742e-05,1.392,190.36,0.003747
2021-12-25 00:00:00,50844.14,0.003169,542.0,0.010659,161.0,2.757e-05,1.401,191.65,0.0037687
2021-12-25 04:00:00,50919.17,0.003191,545.8,0.010717,162.4,2.791e-05,1.421,193.08,0.0037923
2021-12-25 08:00:00,50682.97,0.003187,544.2,0.010742,161.5,2.82e-05,1.429,190.24,0.0037531
2021-12-25 12:00:00,50659.91,0.003217,545.4,0.010767,162.9,2.854e-05,1.446,192.14,0.0037936
2021-12-25 16:00:00,50889.15,0.003163,546.7,0.010743,161.0,2.828e-05,1.438,190.97,0.0037538
2021-12-25 20:00:00,50399.66,0.003131,547.4,0.010859,157.8,2.882e-05,1.452,193.1,0.0038279
2021-12-26 00:00:00,49675.56,0.003093,538.6,0.010842,153.7,2.841e-05,1.411,190.9,0.0038431
2021-12-26 04:00:00,49930.39,0.003119,541.2,0.010836,155.7,2.851e-05,1.425,192.76,0.0038609
2021-12-26 08:00:00,49748.89,0.003105,542.6,0.010904,154.4,2.884e-05,1.435,196.5,0.003951
2021-12-26 12:00:00,50049.34,0.003097,543.4,0.010855,155.0,2.878e-05,1.44,198.19,0.0039591
2021-12-26 16:00:00,50342.51,0.003106,547.5,0.010878,156.4,2.9e-05,1.461,198.42,0.0039422
2021-12-26 20:00:00,50775.49,0.003067,546.4,0.010761,155.7,2.866e-05,1.455,197.81,0.0038955
2021-12-27 00:00:00,51009.02,0.003071,548.7,0.010756,156.5,2.863e-05,1.461,201.02,0.0039402
2021-12-27 04:00:00,50694.83,0.003075,545.5,0.010761,156.0,2.956e-05,1.499,198.59,0.0039162
2021-12-27 08:00:00,50759.45,0.0031,547.7,0.010789,157.4,3.113e-05,1.581,200.28,0.0039444
2021-12-27 12:00:00,51450.57,0.003094,558.3,0.010852,159.2,3.036e-05,1.561,201.57,0.0039178
2021-12-27 16:00:00,51204.64,0.003107,568.7,0.011103,159.2,3.022e-05,1.547,200.55,0.0039161
2021-12-27 20:00:00,50701.44,0.003077,563.7,0.011116,155.9,2.989e-05,1.516,195.67,0.003859
2021-12-28 00:00:00,49828.06,0.003036,552.4,0.011084,151.2,2.983e-05,1.486,190.29,0.0038203
2021-12-28 04:00:00,49227.13,0.003055,547.8,0.011128,150.5,2.972e-05,1.464,189.99,0.0038587
2021-12-28 08:00:00,49200.39,0.003107,553.0,0.011243,152.9,3.07e-05,1.51,192.14,0.0039069
2021-12-28 12:00:00,48937.48,0.003086,547.8,0.011193,151.0,3.035e-05,1.485,185.58,0.0037935
2021-12-28 16:00:00,47689.46,0.003071,534.7,0.011214,146.5,2.949e-05,1.406,180.17,0.0037796
2021-12-28 20:00:00,47543.74,0.003065,534.2,0.011233,145.7,2.942e-05,1.4,177.32,0.0037283
2021-12-29 00:00:00,48001.01,0.003093,538.9,0.011224,148.6,2.957e-05,1.42,179.63,0.0037419
2021-12-29 04:00:00,47570.03,0.003103,535.7,0.011259,147.6,2.954e-05,1.406,176.46,0.003709
2021-12-29 08:00:00,47737.95,0.003133,536.6,0.011243,149.5,2.962e-05,1.412,175.55,0.0036777
2021-12-29 12:00:00,47959.36,0.003127,529.6,0.011041,149.9,2.916e-05,1.398,176.41,0.003677
2021-12-29 16:00:00,47148.61,0.003136,520.5,0.011041,147.7,2.889e-05,1.362,174.57,0.0037024
2021-12-29 20:00:00,46464.66,0.003132,514.5,0.011072,145.5,2.865e-05,1.332,170.63,0.0036747
2021-12-30 00:00:00,46504.0,0.003117,514.0,0.011056,144.9,2.809e-05,1.306,170.21,0.0036592
2021-12-30 04:00:00,46980.71,0.003128,520.1,0.011072,147.0,2.863e-05,1.345,173.7,0.0036988
2021-12-30 08:00:00,47515.45,0.003121,524.9,0.011048,148.2,2.866e-05,1.361,174.7,0.0036762
2021-12-30 12:00:00,47159.41,0.003137,518.7,0.011,147.9,2.865e-05,1.351,173.86,0.0036849
2021-12-30 16:00:00,47558.35,0.003128,520.0,0.010933,148.8,2.856e-05,1.358,174.33,0.0036643
2021-12-30 20:00:00,47120.87,0.003141,518.5,0.011004,148.0,2.882e-05,1.359,172.52,0.0036598
2021-12-31 00:00:00,47201.85,0.003143,513.9,0.010886,148.3,2.846e-05,1.344,171.59,0.0036347
2021-12-31 04:00:00,47191.09,0.003138,513.4,0.010882,148.2,2.818e-05,1.329,172.56,0.0036565
2021-12-31 08:00:00,47975.76,0.003141,522.1,0.01088,150.8,2.837e-05,1.361,175.12,0.0036497
2021-12-31 12:00:00,48005.37,0.003134,521.9,0.010877,150.4,2.823e-05,1.355,175.68,0.0036628
2021-12-31 16:00:00,45728.28,0.003148,507.4,0.011096,143.9,2.813e-05,1.286,167.96,0.003671
2021-12-31 20:00:00,46216.93,0.003163,511.4,0.011069,146.3,2.831e-05,1.308,169.99,0.0036794
2022-01-01 00:00:00,46813.2,0.003159,518.1,0.011067,147.8,2.831e-05,1.325,172.94,0.0036941
2022-01-01 04:00:00,47194.73,0.003137,515.8,0.010929,148.0,2.806e-05,1.325,173.11,0.0036688
2022-01-01 08:00:00,46758.87,0.003153,513.8,0.010985,147.5,2.819e-05,1.319,171.53,0.0036675
2022-01-01 12:00:00,47219.04,0.003163,518.7,0.010983,149.2,2.825e-05,1.333,173.84,0.0036814
2022-01-01 16:00:00,47329.78,0.003165,524.2,0.011074,149.8,2.845e-05,1.346,177.3,0.0037459
2022-01-01 20:00:00,47722.65,0.003158,527.3,0.011052,150.8,2.889e-05,1.38,179.06,0.0037533
2022-01-02 00:00:00,47329.47,0.003174,523.2,0.011055,150.3,2.865e-05,1.356,177.65,0.003754
2022-01-02 04:00:00,47173.45,0.003165,522.1,0.011065,149.4,2.873e-05,1.355,175.86,0.0037285
2022-01-02 08:00:00,47235.5,0.003165,523.1,0.011072,149.4,2.886e-05,1.363,175.66,0.0037197
2022-01-02 12:00:00,47340.47,0.003198,525.9,0.01111,151.4,2.893e-05,1.37,176.23,0.0037231
2022-01-02 16:00:00,46907.68,0.003224,529.0,0.011276,151.2,2.904e-05,1.362,175.32,0.00374
2022-01-02 20:00:00,47286.18,0.003195,531.0,0.01123,151.2,2.912e-05,1.377,176.35,0.0037293
2022-01-03 00:00:00,46793.26,0.003197,524.3,0.011204,149.6,2.885e-05,1.35,172.8,0.0036912
2022-01-03 04:00:00,47051.37,0.00319,525.5,0.011169,150.1,2.875e-05,1.352,173.11,0.0036795
2022-01-03 08:00:00,47378.0,0.003183,531.0,0.01121,150.8,2.893e-05,1.37,174.74,0.0036882
2022-01-03 12:00:00,46693.45,0.003185,527.2,0.011296,148.8,2.899e-05,1.353,170.95,0.0036615
2022-01-03 16:00:00,46360.01,0.003191,514.1,0.011091,147.9,2.868e-05,1.33,169.94,0.0036657
2022-01-03 20:00:00,46446.1,0.003198,511.9,0.011019,148.5,2.841e-05,1.319,170.15,0.0036605
2022-01-04 00:00:00,46313.97,0.003188,509.3,0.010997,147.7,2.837e-05,1.314,167.84,0.0036233
2022-01-04 04:00:00,46550.0,0.003197,512.4,0.011007,148.7,2.844e-05,1.325,169.04,0.0036327
2022-01-04 08:00:00,46733.77,0.003211,515.3,0.011027,150.1,2.868e-05,1.341,171.63,0.0036727
2022-01-04 12:00:00,46925.35,0.003204,515.6,0.010988,150.3,2.847e-05,1.336,172.21,0.0036708
2022-01-04 16:00:00,46052.36,0.003198,509.8,0.01107,147.3,2.859e-05,1.316,168.6,0.0036605
2022-01-04 20:00:00,45832.01,0.003195,506.9,0.011061,146.5,2.856e-05,1.309,167.72,0.0036591
2022-01-05 00:00:00,46422.55,0.0032,512.1,0.011031,148.6,2.867e-05,1.332,169.15,0.0036426
2022-01-05 04:00:00,46407.51,0.0032,513.3,0.01106,148.4,2.887e-05,1.339,169.86,0.0036609
2022-01-05 08:00:00,46270.99,0.003196,511.7,0.011058,148.0,2.871e-05,1.328,168.51,0.0036422
2022-01-05 12:00:00,46622.53,0.003199,512.4,0.01099,149.0,2.846e-05,1.326,168.27,0.0036094
2022-01-05 16:00:00,44685.93,0.003194,492.8,0.011028,142.7,2.812e-05,1.256,158.65,0.0035514
2022-01-05 20:00:00,43451.13,0.003115,474.1,0.010911,135.4,2.829e-05,1.23,154.52,0.0035561
2022-01-06 00:00:00,42835.0,0.003128,465.2,0.010861,133.9,2.812e-05,1.204,148.12,0.0034578
2022-01-06 04:00:00,43245.25,0.003163,472.1,0.010915,136.8,2.828e-05,1.223,150.73,0.0034838
2022-01-06 08:00:00,42878.34,0.00313,462.7,0.01079,134.1,2.809e-05,1.204,147.56,0.0034408
2022-01-06 12:00:00,42950.01,0.003147,472.2,0.010994,135.2,2.868e-05,1.233,149.66,0.0034858
2022-01-06 16:00:00,43438.1,0.00316,477.6,0.010993,137.2,2.87e-05,1.248,153.84,0.0035427
2022-01-06 20:00:00,43082.31,0.003156,472.6,0.010969,135.9,2.971e-05,1.28,150.26,0.0034863
2022-01-07 00:00:00,41803.11,0.003127,453.8,0.010855,130.7,2.887e-05,1.207,139.63,0.0033383
2022-01-07 04:00:00,41706.71,0.003122,447.3,0.010726,130.2,2.897e-05,1.208,138.99,0.0033318
2022-01-07 08:00:00,42258.62,0.003157,453.3,0.010726,133.3,2.916e-05,1.232,139.21,0.0032947
2022-01-07 12:00:00,41319.11,0.003174,445.1,0.010768,131.1,2.927e-05,1.209,135.97,0.0032904
2022-01-07 16:00:00,41775.38,0.003195,451.0,0.010798,133.5,2.931e-05,1.225,140.21,0.0033571
2022-01-07 20:00:00,41566.48,0.003157,448.1,0.010782,131.4,2.91e-05,1.21,136.45,0.0032834
2022-01-08 00:00:00,41810.91,0.003162,451.5,0.010796,132.2,2.925e-05,1.224,139.36,0.0033348
2022-01-08 04:00:00,41913.58,0.003169,456.4,0.010888,132.9,2.952e-05,1.238,144.4,0.0034449
2022-01-08 08:00:00,41940.22,0.003203,456.2,0.010879,134.4,2.949e-05,1.238,146.43,0.0034911
2022-01-08 12:00:00,41613.33,0.003151,448.0,0.010763,131.1,2.921e-05,1.215,144.25,0.0034658
2022-01-08 16:00:00,40831.07,0.003112,421.6,0.010325,127.1,2.803e-05,1.145,135.38,0.0033156
2022-01-08 20:00:00,41679.74,0.003108,429.9,0.010314,129.4,2.834e-05,1.181,142.14,0.0034108
2022-01-09 00:00:00,41833.89,0.003119,432.8,0.010345,130.5,2.809e-05,1.176,141.93,0.0033924
2022-01-09 04:00:00,41791.51,0.003116,433.8,0.010377,130.2,2.819e-05,1.177,140.37,0.0033613
2022-01-09 08:00:00,41857.62,0.003112,435.2,0.010394,130.3,2.777e-05,1.163,140.56,0.003358
2022-01-09 12:00:00,41621.11,0.003103,429.9,0.010329,129.2,2.792e-05,1.163,140.11,0.0033657
2022-01-09 16:00:00,42695.26,0.0031,443.6,0.010393,132.2,2.815e-05,1.202,145.26,0.003402
2022-01-09 20:00:00,41864.62,0.003126,438.7,0.010479,130.9,2.795e-05,1.17,140.82,0.0033644
2022-01-10 00:00:00,41967.59,0.003099,439.0,0.01046,130.0,2.768e-05,1.161,140.62,0.003351
2022-01-10 04:00:00,42042.38,0.003111,441.9,0.01051,130.8,2.798e-05,1.176,143.05,0.0034021
2022-01-10 08:00:00,41565.34,0.003112,433.9,0.01044,129.4,2.771e-05,1.152,139.44,0.0033555
2022-01-10 12:00:00,40984.33,0.003037,416.1,0.010153,124.5,2.717e-05,1.113,133.16,0.003249
2022-01-10 16:00:00,41297.15,0.003021,419.4,0.010154,124.7,2.701e-05,1.115,132.64,0.0032114
2022-01-10 20:00:00,41822.49,0.003026,424.7,0.010157,126.5,2.686e-05,1.123,135.86,0.0032506
2022-01-11 00:00:00,42277.98,0.003058,433.7,0.01026,129.3,2.746e-05,1.162,137.28,0.003246
2022-01-11 04:00:00,42211.05,0.003059,442.1,0.010474,129.1,2.735e-05,1.155,137.25,0.0032513
2022-01-11 08:00:00,41809.99,0.003063,448.4,0.010721,128.1,2.732e-05,1.142,135.4,0.0032377
2022-01-11 12:00:00,41733.93,0.003097,452.5,0.010842,129.2,2.778e-05,1.159,137.08,0.0032837
2022-01-11 16:00:00,42972.05,0.003062,460.0,0.010703,131.6,2.761e-05,1.187,142.39,0.0033143
2022-01-11 20:00:00,42729.29,0.00308,463.6,0.010848,131.6,2.779e-05,1.187,140.2,0.0032811
2022-01-12 00:00:00,42605.02,0.003085,459.5,0.010783,131.5,2.861e-05,1.219,140.07,0.0032881
2022-01-12 04:00:00,42561.67,0.003098,459.0,0.010785,131.9,2.826e-05,1.203,138.95,0.0032642
2022-01-12 08:00:00,42935.92,0.003117,468.0,0.010899,133.7,2.897e-05,1.245,141.42,0.003294
2022-01-12 12:00:00,43560.29,0.003154,482.2,0.011071,137.4,2.931e-05,1.277,147.7,0.0033912
2022-01-12 16:00:00,43743.11,0.003216,487.2,0.01114,140.6,2.945e-05,1.288,152.71,0.0034935
2022-01-12 20:00:00,43902.66,0.003233,487.8,0.011111,141.9,2.989e-05,1.312,151.51,0.003451
2022-01-13 00:00:00,43509.93,0.003208,478.6,0.011004,139.5,2.979e-05,1.295,148.65,0.0034166
2022-01-13 04:00:00,43699.99,0.003197,483.0,0.011054,139.7,2.949e-05,1.288,151.41,0.003464
2022-01-13 08:00:00,43602.31,0.003146,478.1,0.010963,137.1,2.921e-05,1.275,150.32,0.0034473
2022-01-13 12:00:00,43200.0,0.003164,474.0,0.010972,136.7,2.934e-05,1.268,154.95,0.0035852
2022-01-13 16:00:00,42700.67,0.003181,475.1,0.011125,135.9,2.914e-05,1.244,147.65,0.0034567
2022-01-13 20:00:00,42560.11,0.003212,475.2,0.011165,136.7,2.896e-05,1.233,146.14,0.0034328
2022-01-14 00:00:00,42623.87,0.003244,480.1,0.011262,138.3,2.921e-05,1.246,147.52,0.0034607
2022-01-14 04:00:00,42660.01,0.003254,484.3,0.011353,138.9,3.015e-05,1.285,147.71,0.0034609
2022-01-14 08:00:00,42012.94,0.003299,471.9,0.011233,138.6,2.937e-05,1.234,143.45,0.0034148
2022-01-14 12:00:00,43109.0,0.003358,481.4,0.011167,144.7,2.943e-05,1.269,147.34,0.0034178
2022-01-14 16:00:00,43077.93,0.003356,485.7,0.011273,144.6,2.933e-05,1.263,148.36,0.0034431
2022-01-14 20:00:00,43059.96,0.003358,490.0,0.011379,144.7,3e-05,1.292,146.17,0.0033937
2022-01-15 00:00:00,42927.96,0.00343,488.0,0.011367,147.2,2.958e-05,1.269,145.98,0.0034001
2022-01-15 04:00:00,43088.12,0.003488,494.2,0.011469,150.3,2.952e-05,1.272,145.51,0.0033771
2022-01-15 08:00:00,43017.59,0.003445,492.2,0.011447,148.2,2.944e-05,1.266,146.4,0.003403
2022-01-15 12:00:00,43401.21,0.003432,500.0,0.011519,149.0,2.961e-05,1.286,147.99,0.0034088
2022-01-15 16:00:00,43528.34,0.00343,498.2,0.011446,149.3,2.983e-05,1.299,147.95,0.0033985
2022-01-15 20:00:00,43084.29,0.003428,494.5,0.011479,147.7,2.998e-05,1.291,147.64,0.0034263
2022-01-16 00:00:00,42977.22,0.003388,491.8,0.011444,145.7,3.106e-05,1.335,146.83,0.0034162
2022-01-16 04:00:00,43202.21,0.003386,496.0,0.011484,146.3,3.168e-05,1.369,149.67,0.0034645
2022-01-16 08:00:00,42968.29,0.003368,494.0,0.011496,144.8,3.238e-05,1.39,148.13,0.0034471
2022-01-16 12:00:00,43219.53,0.003369,501.3,0.0116,145.7,3.261e-05,1.41,149.94,0.0034688
2022-01-16 16:00:00,42824.79,0.003398,498.5,0.011636,145.6,3.245e-05,1.389,147.97,0.0034548
2022-01-16 20:00:00,43071.66,0.003399,498.6,0.011575,146.4,3.276e-05,1.41,147.98,0.0034352
2022-01-17 00:00:00,42647.4,0.00346,484.1,0.011355,147.6,3.41e-05,1.455,142.95,0.0033524
2022-01-17 04:00:00,42656.03,0.003468,485.6,0.011382,147.8,3.589e-05,1.531,143.23,0.0033581
2022-01-17 08:00:00,42671.31,0.003549,481.2,0.011277,151.6,3.552e-05,1.516,142.46,0.0033395
2022-01-17 12:00:00,42477.66,0.003504,471.4,0.0111,148.8,3.493e-05,1.483,142.15,0.0033475
2022-01-17 16:00:00,42238.31,0.003562,477.5,0.011305,150.5,3.689e-05,1.558,139.87,0.0033104
2022-01-17 20:00:00,42201.62,0.003581,475.2,0.01126,151.2,3.796e-05,1.603,139.8,0.0033121
2022-01-18 00:00:00,42040.54,0.003509,472.5,0.01124,147.5,3.752e-05,1.577,139.21,0.0033116
2022-01-18 04:00:00,42061.94,0.003474,474.2,0.011274,146.1,3.667e-05,1.543,140.23,0.0033347
2022-01-18 08:00:00,41854.14,0.003392,466.7,0.011151,142.0,3.566e-05,1.492,137.62,0.0032879
2022-01-18 12:00:00,41587.27,0.003383,461.1,0.011087,140.7,3.495e-05,1.453,136.67,0.0032854
2022-01-18 16:00:00,41699.61,0.003379,462.6,0.011095,140.9,3.443e-05,1.435,137.01,0.0032858
2022-01-18 20:00:00,42352.12,0.00334,471.4,0.011129,141.5,3.443e-05,1.458,141.22,0.0033342
2022-01-19 00:00:00,41706.41,0.003284,463.5,0.01111,136.9,3.479e-05,1.452,138.0,0.0033086
2022-01-19 04:00:00,41287.1,0.003244,456.1,0.011046,133.9,3.341e-05,1.379,134.44,0.0032571
2022-01-19 08:00:00,42033.0,0.003258,462.6,0.011008,136.9,3.397e-05,1.428,136.13,0.0032397
2022-01-19 12:00:00,41981.27,0.00325,466.3,0.011104,136.5,3.345e-05,1.404,136.94,0.0032611
2022-01-19 16:00:00,41873.79,0.003283,471.2,0.011251,137.4,3.263e-05,1.366,136.74,0.0032653
2022-01-19 20:00:00,41660.01,0.003268,461.9,0.011089,136.2,3.209e-05,1.337,135.25,0.0032444
2022-01-20 00:00:00,41924.97,0.003313,468.6,0.011176,138.8,3.221e-05,1.351,137.03,0.0032678
2022-01-20 04:00:00,42058.31,0.003292,477.2,0.011347,138.5,3.243e-05,1.364,137.42,0.0032658
2022-01-20 08:00:00,42129.44,0.003277,464.5,0.011022,138.1,3.202e-05,1.349,137.89,0.0032731
2022-01-20 12:00:00,43308.69,0.003281,472.9,0.010922,142.0,3.248e-05,1.407,143.18,0.0033088
2022-01-20 16:00:00,42917.32,0.00329,464.8,0.010829,141.2,3.234e-05,1.387,139.93,0.0032612
2022-01-20 20:00:00,40680.91,0.003191,440.2,0.010819,129.7,3.097e-05,1.259,127.54,0.0031352
2022-01-21 00:00:00,38465.65,0.003181,422.4,0.010979,122.3,3.138e-05,1.207,124.21,0.0032277
2022-01-21 04:00:00,39134.55,0.003208,431.2,0.011016,125.5,3.173e-05,1.242,126.54,0.0032349
2022-01-21 08:00:00,38898.18,0.003208,426.6,0.010967,124.7,3.129e-05,1.217,122.19,0.0031405
2022-01-21 12:00:00,38857.26,0.003187,422.8,0.010883,123.9,3.119e-05,1.213,121.91,0.0031362
2022-01-21 16:00:00,37984.12,0.00317,413.8,0.010895,120.4,3.119e-05,1.184,120.33,0.0031661
2022-01-21 20:00:00,36445.31,0.003143,383.9,0.010531,114.5,3.074e-05,1.12,112.27,0.0030803
2022-01-22 00:00:00,36341.64,0.003112,382.8,0.010535,113.2,3.125e-05,1.136,109.67,0.0030184
2022-01-22 04:00:00,35400.02,0.002989,350.1,0.00989,105.7,2.916e-05,1.033,100.39,0.0028365
2022-01-22 08:00:00,35406.76,0.002985,361.4,0.010207,105.7,2.904e-05,1.028,98.69,0.0027895
2022-01-22 12:00:00,34838.68,0.003016,356.6,0.010237,105.0,3.028e-05,1.054,93.05,0.0026704
2022-01-22 16:00:00,34528.62,0.003075,349.2,0.010115,106.3,2.982e-05,1.029,90.58,0.0026261
2022-01-22 20:00:00,35071.42,0.003091,358.3,0.010217,108.4,3.053e-05,1.071,94.54,0.0026969
2022-01-23 00:00:00,35051.0,0.003055,366.4,0.010451,107.1,3.046e-05,1.067,94.37,0.0026921
2022-01-23 04:00:00,35571.19,0.00307,379.8,0.010673,109.2,3.147e-05,1.119,101.19,0.0028451
2022-01-23 08:00:00,35686.29,0.003079,382.5,0.010717,109.9,3.14e-05,1.12,101.85,0.0028545
2022-01-23 12:00:00,35287.58,0.00304,371.0,0.010513,107.3,3.098e-05,1.094,98.86,0.0027997
2022-01-23 16:00:00,34775.45,0.003083,365.1,0.010496,107.2,3.042e-05,1.058,94.75,0.0027254
2022-01-23 20:00:00,36244.55,0.003097,383.9,0.010593,112.3,3.102e-05,1.124,99.78,0.0027519
2022-01-24 00:00:00,35338.26,0.003079,372.5,0.010544,108.8,3.037e-05,1.073,92.1,0.0026068
2022-01-24 04:00:00,34888.81,0.003026,361.9,0.01037,105.6,2.952e-05,1.029,86.75,0.0024862
2022-01-24 08:00:00,33697.11,0.00299,344.6,0.010228,100.7,2.917e-05,0.983,83.94,0.0024912
2022-01-24 12:00:00,34233.95,0.003001,351.8,0.010275,102.8,2.981e-05,1.02,87.47,0.0025555
2022-01-24 16:00:00,36066.4,0.002985,364.7,0.010108,107.7,2.94e-05,1.061,89.61,0.0024882
2022-01-24 20:00:00,36660.35,0.002988,371.3,0.010124,109.5,2.908e-05,1.065,91.93,0.0025089
2022-01-25 00:00:00,36424.49,0.002972,365.0,0.010021,108.3,2.876e-05,1.048,90.07,0.0024734
2022-01-25 04:00:00,36044.01,0.002972,362.7,0.010059,107.2,2.816e-05,1.015,90.0,0.0024963
2022-01-25 08:00:00,36406.0,0.002961,371.5,0.010206,107.7,2.829e-05,1.03,91.59,0.0025142
2022-01-25 12:00:00,36530.0,0.002932,371.5,0.010167,107.2,2.814e-05,1.028,92.95,0.0025441
2022-01-25 16:00:00,37067.13,0.002911,384.1,0.010361,108.0,2.85e-05,1.057,96.13,0.0025943
2022-01-25 20:00:00,36958.32,0.002917,385.1,0.010421,107.8,2.82e-05,1.043,94.67,0.0025616
2022-01-26 00:00:00,37389.76,0.002906,379.6,0.01015,108.6,2.804e-05,1.048,94.73,0.0025333
2022-01-26 04:00:00,37338.59,0.002909,380.5,0.010194,108.5,2.79e-05,1.042,94.45,0.0025284
2022-01-26 08:00:00,38072.77,0.002914,389.0,0.010216,111.0,2.811e-05,1.071,98.05,0.0025767
2022-01-26 12:00:00,37985.0,0.002937,392.0,0.010323,111.5,2.912e-05,1.106,98.79,0.0026023
2022-01-26 16:00:00,37579.9,0.002958,388.5,0.010341,111.1,2.986e-05,1.121,98.21,0.0026127
2022-01-26 20:00:00,36809.34,0.002905,375.1,0.01019,106.9,2.927e-05,1.077,92.12,0.002503
2022-01-27 00:00:00,35745.7,0.002913,362.3,0.010136,104.1,2.842e-05,1.015,86.75,0.0024282
2022-01-27 04:00:00,36173.87,0.002943,366.9,0.010141,106.5,2.884e-05,1.043,88.78,0.0024532
2022-01-27 08:00:00,36679.98,0.002952,371.4,0.010125,108.3,2.865e-05,1.05,91.18,0.0024852
2022-01-27 12:00:00,36639.43,0.002941,374.0,0.010208,107.7,2.865e-05,1.05,92.32,0.0025205
2022-01-27 16:00:00,36209.2,0.002937,366.7,0.010128,106.4,2.832e-05,1.025,89.87,0.0024825
2022-01-27 20:00:00,37160.1,0.002877,389.9,0.010492,106.9,2.807e-05,1.042,89.51,0.0024107
2022-01-28 00:00:00,37351.83,0.002891,389.6,0.010435,108.0,2.808e-05,1.048,92.42,0.0024757
2022-01-28 04:00:00,36799.82,0.002883,385.0,0.010464,106.0,2.808e-05,1.033,89.69,0.0024366
2022-01-28 08:00:00,36448.28,0.002935,381.2,0.010458,107.0,2.798e-05,1.02,88.65,0.0024322
2022-01-28 12:00:00,37188.98,0.002886,384.2,0.01033,107.3,2.793e-05,1.039,91.16,0.0024505
2022-01-28 16:00:00,37222.86,0.002888,389.0,0.01045,107.5,2.786e-05,1.037,91.58,0.0024615
2022-01-28 20:00:00,37716.56,0.0029,385.9,0.010231,109.4,2.78e-05,1.048,91.34,0.0024222
2022-01-29 00:00:00,37737.73,0.002902,388.0,0.010283,109.5,2.783e-05,1.049,92.11,0.0024412
2022-01-29 04:00:00,37836.99,0.002909,391.9,0.010358,110.1,2.837e-05,1.073,97.2,0.0025687
2022-01-29 08:00:00,37736.07,0.0029,390.7,0.010353,109.5,2.817e-05,1.063,96.31,0.0025514
2022-01-29 12:00:00,37566.82,0.002887,383.5,0.010205,108.4,2.805e-05,1.055,95.08,0.0025312
2022-01-29 16:00:00,37853.0,0.002914,386.1,0.010201,110.3,2.787e-05,1.054,95.24,0.0025166
2022-01-29 20:00:00,38166.84,0.002904,389.3,0.010199,110.8,2.776e-05,1.059,96.13,0.0025189
2022-01-30 00:00:00,37917.13,0.002885,382.6,0.010093,109.4,2.795e-05,1.06,94.45,0.0024924
2022-01-30 04:00:00,38244.98,0.00291,386.4,0.010102,111.3,2.808e-05,1.073,96.71,0.0025279
2022-01-30 08:00:00,38110.02,0.002926,385.1,0.010103,111.6,2.799e-05,1.067,96.37,0.0025275
2022-01-30 12:00:00,37980.09,0.002915,380.9,0.010028,110.7,2.776e-05,1.054,95.15,0.002503
2022-01-30 16:00:00,37512.37,0.002885,373.8,0.009964,108.2,2.746e-05,1.031,92.04,0.0024536
2022-01-30 20:00:00,37881.76,0.002866,377.2,0.009954,108.6,2.733e-05,1.035,93.29,0.0024622
2022-01-31 00:00:00,37025.68,0.002856,369.9,0.009992,105.8,2.759e-05,1.022,90.72,0.0024511
2022-01-31 04:00:00,37121.83,0.002836,371.5,0.010005,105.3,2.756e-05,1.023,90.25,0.0024312
2022-01-31 08:00:00,37265.16,0.002836,372.2,0.009987,105.6,2.746e-05,1.024,91.37,0.0024514
2022-01-31 12:00:00,37722.91,0.00287,378.7,0.010039,108.3,2.745e-05,1.036,95.41,0.0025288
2022-01-31 16:00:00,38415.79,0.002857,383.2,0.009972,109.8,2.717e-05,1.043,98.39,0.0025606
2022-01-31 20:00:00,38466.9,0.002847,374.3,0.00973,109.5,2.733e-05,1.051,99.49,0.0025863
2022-02-01 00:00:00,38596.82,0.002888,383.6,0.009939,111.4,2.737e-05,1.056,106.92,0.0027704
2022-02-01 04:00:00,38440.77,0.002877,382.1,0.009939,110.6,2.745e-05,1.056,105.42,0.0027419
2022-02-01 08:00:00,38425.06,0.002863,383.0,0.009966,110.1,2.746e-05,1.055,106.35,0.0027671
2022-02-01 12:00:00,38630.33,0.00288,382.9,0.009914,111.3,2.757e-05,1.065,108.71,0.0028139
2022-02-01 16:00:00,38378.09,0.002971,382.8,0.009975,114.1,2.777e-05,1.065,107.89,0.0028127
2022-02-01 20:00:00,38694.59,0.002973,384.2,0.009926,115.0,2.831e-05,1.096,110.02,0.0028426
2022-02-02 00:00:00,38552.87,0.002972,384.2,0.009964,114.6,2.829e-05,1.09,110.63,0.00287
2022-02-02 04:00:00,38284.69,0.002969,379.9,0.009924,113.6,2.769e-05,1.059,108.5,0.0028354
2022-02-02 08:00:00,38490.0,0.002966,382.7,0.009944,114.1,2.775e-05,1.068,109.98,0.002858
2022-02-02 12:00:00,37429.78,0.00294,371.1,0.009915,110.0,2.797e-05,1.046,105.92,0.0028305
2022-02-02 16:00:00,37566.56,0.002977,376.2,0.010014,111.8,2.808e-05,1.056,110.03,0.0029278
2022-02-02 20:00:00,36896.36,0.002937,366.9,0.009948,108.3,2.783e-05,1.027,101.88,0.002759
2022-02-03 00:00:00,36820.83,0.002925,365.7,0.009933,107.8,2.793e-05,1.029,97.4,0.0026463
2022-02-03 04:00:00,37024.16,0.002943,369.0,0.009967,109.0,2.811e-05,1.041,99.36,0.0026849
2022-02-03 08:00:00,36785.0,0.002933,364.4,0.009908,107.9,2.801e-05,1.031,97.43,0.0026478
2022-02-03 12:00:00,36910.05,0.002945,368.1,0.009973,108.8,2.831e-05,1.046,98.26,0.0026623
2022-02-03 16:00:00,36551.7,0.002933,363.3,0.00994,107.2,2.859e-05,1.046,96.81,0.0026494
2022-02-03 20:00:00,37311.61,0.002974,372.3,0.009977,111.0,2.842e-05,1.061,101.77,0.0027282
2022-02-04 00:00:00,37297.62,0.002919,370.6,0.009936,108.9,2.821e-05,1.053,102.39,0.0027458
2022-02-04 04:00:00,37869.31,0.002954,377.5,0.009967,111.8,2.81e-05,1.064,104.92,0.0027708
2022-02-04 08:00:00,37810.0,0.002968,377.3,0.009977,112.3,2.796e-05,1.057,104.8,0.002771
2022-02-04 12:00:00,39490.87,0.002906,382.2,0.009677,114.7,2.731e-05,1.078,107.19,0.0027145
2022-02-04 16:00:00,40727.91,0.002905,396.2,0.009725,118.4,2.707e-05,1.102,110.65,0.0027166
2022-02-04 20:00:00,41574.25,0.00292,399.5,0.009614,121.3,2.74e-05,1.138,112.62,0.0027082
2022-02-05 00:00:00,41447.85,0.002933,406.8,0.009811,121.5,2.757e-05,1.143,114.01,0.0027511
2022-02-05 04:00:00,41379.99,0.002939,423.3,0.010228,121.7,2.783e-05,1.151,115.56,0.0027929
2022-02-05 08:00:00,41430.0,0.002948,422.4,0.010196,122.0,2.794e-05,1.158,114.95,0.0027748
2022-02-05 12:00:00,41761.85,0.002952,421.6,0.010096,123.4,2.753e-05,1.151,116.03,0.0027791
2022-02-05 16:00:00,41544.9,0.002919,412.2,0.009921,121.3,2.683e-05,1.115,113.5,0.0027323
2022-02-05 20:00:00,41382.59,0.002942,413.7,0.009999,121.7,2.719e-05,1.125,113.75,0.0027482
2022-02-06 00:00:00,41444.04,0.002949,417.1,0.010064,122.3,2.722e-05,1.128,114.4,0.0027611
2022-02-06 04:00:00,41612.33,0.002952,416.4,0.010006,122.9,2.709e-05,1.128,114.32,0.0027455
2022-02-06 08:00:00,41522.0,0.003013,416.5,0.010034,125.2,2.693e-05,1.117,114.41,0.0027545
2022-02-06 12:00:00,41519.49,0.002956,411.1,0.009899,122.7,2.681e-05,1.112,113.07,0.0027236
2022-02-06 16:00:00,41717.94,0.002977,414.0,0.009924,124.2,2.69e-05,1.122,112.88,0.0027056
2022-02-06 20:00:00,42380.87,0.003011,419.9,0.00991,127.6,2.695e-05,1.143,115.28,0.0027201
2022-02-07 00:00:00,42818.99,0.00297,427.0,0.009973,127.2,2.71e-05,1.16,119.2,0.0027833
2022-02-07 04:00:00,42723.92,0.003006,426.5,0.009981,128.4,2.725e-05,1.164,117.27,0.0027452
2022-02-07 08:00:00,42720.03,0.002989,426.5,0.009982,127.7,2.761e-05,1.18,117.53,0.0027497
2022-02-07 12:00:00,43835.59,0.003035,438.0,0.009994,132.9,2.747e-05,1.204,121.3,0.0027674
2022-02-07 16:00:00,44252.8,0.003109,435.8,0.009849,137.5,2.68e-05,1.186,120.03,0.0027134
2022-02-07 20:00:00,43839.99,0.003131,433.5,0.009887,137.4,2.733e-05,1.199,117.55,0.0026814
2022-02-08 00:00:00,44178.57,0.003185,434.5,0.009837,140.7,2.808e-05,1.241,117.47,0.0026583
2022-02-08 04:00:00,44855.0,0.003113,438.9,0.009787,139.7,2.746e-05,1.231,117.73,0.0026256
2022-02-08 08:00:00,43988.3,0.003085,426.7,0.0097,135.7,2.726e-05,1.199,114.36,0.0026012
2022-02-08 12:00:00,43429.31,0.003072,418.1,0.009626,133.5,2.685e-05,1.167,112.03,0.0025797
2022-02-08 16:00:00,42998.65,0.003065,407.6,0.009481,131.7,2.656e-05,1.141,110.82,0.0025776
2022-02-08 20:00:00,44042.99,0.003037,407.8,0.00926,133.7,2.669e-05,1.176,113.45,0.0025746
2022-02-09 00:00:00,43343.28,0.003098,409.7,0.009454,134.2,2.662e-05,1.153,111.23,0.0025665
2022-02-09 04:00:00,43807.75,0.003161,415.6,0.009488,138.4,2.71e-05,1.186,111.5,0.0025459
2022-02-09 08:00:00,43715.45,0.003155,419.1,0.009587,138.0,2.73e-05,1.193,113.27,0.0025914
2022-02-09 12:00:00,43867.63,0.00316,421.1,0.009597,138.6,2.723e-05,1.195,113.18,0.00258
2022-02-09 16:00:00,44463.43,0.003148,426.2,0.009583,140.0,2.713e-05,1.207,115.06,0.0025865
2022-02-09 20:00:00,44372.72,0.003156,422.9,0.009528,140.1,2.692e-05,1.195,113.93,0.0025693
2022-02-10 00:00:00,43775.42,0.003132,416.3,0.009508,137.1,2.686e-05,1.176,111.01,0.0025361
2022-02-10 04:00:00,44092.42,0.003139,421.1,0.009553,138.4,2.689e-05,1.186,112.4,0.002548
2022-02-10 08:00:00,44834.09,0.003168,426.9,0.009522,142.1,2.696e-05,1.208,113.77,0.002538
2022-02-10 12:00:00,44947.1,0.003112,424.9,0.009451,139.9,2.65e-05,1.192,111.96,0.0024907
2022-02-10 16:00:00,44373.97,0.003067,420.5,0.009477,136.0,2.632e-05,1.168,108.92,0.002454
2022-02-10 20:00:00,43495.44,0.003092,414.7,0.009533,134.6,2.645e-05,1.15,106.17,0.0024392
2022-02-11 00:00:00,43343.71,0.003061,415.5,0.009585,132.7,2.636e-05,1.142,104.67,0.0024144
2022-02-11 04:00:00,43359.25,0.003097,417.8,0.009635,134.3,2.671e-05,1.157,105.71,0.0024384
2022-02-11 08:00:00,43357.53,0.003053,414.4,0.009556,132.3,2.655e-05,1.151,105.56,0.0024344
2022-02-11 12:00:00,43669.01,0.003057,415.2,0.009509,133.5,2.65e-05,1.157,106.84,0.0024467
2022-02-11 16:00:00,42742.63,0.003026,404.6,0.009471,129.3,2.604e-05,1.113,99.74,0.0023337
2022-02-11 20:00:00,42373.73,0.002964,400.0,0.009439,125.6,2.547e-05,1.079,96.53,0.002278
2022-02-12 00:00:00,42288.46,0.002942,399.8,0.009454,124.4,2.56e-05,1.083,96.92,0.0022922
2022-02-12 04:00:00,42103.94,0.002928,397.6,0.009444,123.2,2.521e-05,1.061,93.77,0.002227
2022-02-12 08:00:00,42406.48,0.002961,402.2,0.009486,125.5,2.53e-05,1.072,96.09,0.0022662
2022-02-12 12:00:00,42123.93,0.002934,397.7,0.009443,123.5,2.494e-05,1.051,95.0,0.0022556
2022-02-12 16:00:00,42662.47,0.002966,403.5,0.009461,126.5,2.499e-05,1.067,97.17,0.0022778
2022-02-12 20:00:00,42217.87,0.003003,403.6,0.009556,126.7,2.508e-05,1.059,95.96,0.0022732
2022-02-13 00:00:00,42230.0,0.00298,403.3,0.009552,125.8,2.501e-05,1.056,95.95,0.0022729
2022-02-13 04:00:00,42412.4,0.002978,403.7,0.009517,126.3,2.489e-05,1.056,96.34,0.0022717
2022-02-13 08:00:00,42470.73,0.00298,403.5,0.009496,126.6,2.504e-05,1.064,96.19,0.0022644
2022-02-13 12:00:00,42559.97,0.00301,403.8,0.009487,128.0,2.484e-05,1.058,95.62,0.0022456
2022-02-13 16:00:00,42031.16,0.002957,396.3,0.009427,124.3,2.469e-05,1.038,92.25,0.0021941
2022-02-13 20:00:00,42053.66,0.002987,397.9,0.009463,125.6,2.478e-05,1.042,92.85,0.0022067
2022-02-14 00:00:00,41916.43,0.002946,394.0,0.009398,123.5,2.463e-05,1.033,93.55,0.0022317
2022-02-14 04:00:00,42314.42,0.002945,395.7,0.009352,124.7,2.455e-05,1.038,94.8,0.0022405
2022-02-14 08:00:00,42117.87,0.002927,396.3,0.009409,123.2,2.448e-05,1.031,93.15,0.0022105
2022-02-14 12:00:00,42584.97,0.002953,401.4,0.009422,125.7,2.451e-05,1.043,96.59,0.0022672
2022-02-14 16:00:00,42119.31,0.002903,397.9,0.009448,122.2,2.446e-05,1.031,94.32,0.0022398
2022-02-14 20:00:00,42535.94,0.002929,403.4,0.009484,124.6,2.467e-05,1.049,96.37,0.0022651
2022-02-15 00:00:00,43567.76,0.002933,412.9,0.009477,127.8,2.476e-05,1.078,101.32,0.0023257
2022-02-15 04:00:00,43691.57,0.002939,427.6,0.009785,128.5,2.451e-05,1.071,102.0,0.0023347
2022-02-15 08:00:00,44233.6,0.002963,428.4,0.009685,131.1,2.461e-05,1.088,102.4,0.0023153
2022-02-15 12:00:00,44198.96,0.00297,432.2,0.009779,131.2,2.491e-05,1.102,102.76,0.0023256
2022-02-15 16:00:00,43993.95,0.002945,429.5,0.009761,129.6,2.471e-05,1.088,101.6,0.0023093
2022-02-15 20:00:00,44544.86,0.002955,432.4,0.009709,131.5,2.487e-05,1.107,105.52,0.0023691
2022-02-16 00:00:00,43971.26,0.00294,431.0,0.009802,129.3,2.495e-05,1.098,102.8,0.0023376
2022-02-16 04:00:00,44184.2,0.002942,430.8,0.009752,129.9,2.495e-05,1.103,104.25,0.0023575
2022-02-16 08:00:00,44173.15,0.002951,430.7,0.00975,130.3,2.474e-05,1.093,102.51,0.0023197
2022-02-16 12:00:00,43598.63,0.00292,425.2,0.009751,127.3,2.464e-05,1.074,99.09,0.0022715
2022-02-16 16:00:00,44220.0,0.002922,430.9,0.009748,129.2,2.47e-05,1.092,103.25,0.0023349
2022-02-16 20:00:00,43873.56,0.002911,427.3,0.009739,127.7,2.468e-05,1.082,101.86,0.0023223
2022-02-17 00:00:00,43583.05,0.0029,425.0,0.009753,126.4,2.474e-05,1.079,99.19,0.0022766
2022-02-17 04:00:00,43919.46,0.0029,427.4,0.009731,127.4,2.463e-05,1.082,100.93,0.0022972
2022-02-17 08:00:00,43164.05,0.002901,424.2,0.009826,125.3,2.477e-05,1.069,99.09,0.0022951
2022-02-17 12:00:00,41925.44,0.002936,413.6,0.009864,123.1,2.506e-05,1.051,97.33,0.0023214
2022-02-17 16:00:00,41201.62,0.002868,408.3,0.00991,118.1,2.517e-05,1.037,94.92,0.0023037
2022-02-17 20:00:00,40515.7,0.00287,402.4,0.009932,116.3,2.517e-05,1.02,93.52,0.0023084
2022-02-18 00:00:00,40691.98,0.00287,404.7,0.009945,116.8,2.533e-05,1.03,94.38,0.0023192
2022-02-18 04:00:00,40665.81,0.00289,407.2,0.010011,117.4,2.545e-05,1.034,95.18,0.0023404
2022-02-18 08:00:00,40178.94,0.002944,403.1,0.010031,118.2,2.537e-05,1.019,93.9,0.0023377
2022-02-18 12:00:00,39832.03,0.002914,395.2,0.009921,116.1,2.521e-05,1.005,90.96,0.0022834
2022-02-18 16:00:00,40216.8,0.002891,399.3,0.009929,116.2,2.51e-05,1.008,91.03,0.0022629
2022-02-18 20:00:00,39974.44,0.002872,399.2,0.009984,114.9,2.49e-05,0.995,89.86,0.0022491
2022-02-19 00:00:00,40125.12,0.002897,401.8,0.010014,116.4,2.498e-05,1.002,91.21,0.0022726
2022-02-19 04:00:00,40263.71,0.002902,405.0,0.010057,116.9,2.514e-05,1.012,92.13,0.0022884
2022-02-19 08:00:00,39842.54,0.002851,396.7,0.009957,113.5,2.47e-05,0.984,89.48,0.0022454
2022-02-19 12:00:00,39969.93,0.002898,399.6,0.009997,115.9,2.494e-05,0.997,90.99,0.0022762
2022-02-19 16:00:00,39974.66,0.002876,396.5,0.009919,114.8,2.463e-05,0.985,89.9,0.0022486
2022-02-19 20:00:00,40079.17,0.002883,399.8,0.009972,115.5,2.486e-05,0.996,91.27,0.0022774
2022-02-20 00:00:00,39794.59,0.002858,389.5,0.009789,113.7,2.442e-05,0.972,88.41,0.0022212
2022-02-20 04:00:00,38796.64,0.002845,381.6,0.009835,110.3,2.444e-05,0.949,87.39,0.0022521
2022-02-20 08:00:00,38343.99,0.002884,381.8,0.009959,110.7,2.457e-05,0.942,89.18,0.0023255
2022-02-20 12:00:00,38335.04,0.002879,380.1,0.009914,110.4,2.456e-05,0.941,89.43,0.0023325
2022-02-20 16:00:00,38397.22,0.002875,381.7,0.009944,110.5,2.453e-05,0.942,92.02,0.0023969
2022-02-20 20:00:00,38386.89,0.002882,380.6,0.009918,110.6,2.427e-05,0.931,90.72,0.0023625
2022-02-21 00:00:00,38919.25,0.002902,388.0,0.009969,112.9,2.458e-05,0.957,93.83,0.0024112
2022-02-21 04:00:00,39294.07,0.002884,392.6,0.009987,113.3,2.49e-05,0.979,95.43,0.00243
2022-02-21 08:00:00,37577.33,0.002901,370.1,0.009846,108.9,2.47e-05,0.928,89.15,0.0023733
2022-02-21 12:00:00,38827.94,0.002874,379.1,0.009767,111.5,2.441e-05,0.947,89.62,0.0023084
2022-02-21 16:00:00,38135.21,0.002859,371.5,0.00974,109.1,2.42e-05,0.923,87.49,0.0022951
2022-02-21 20:00:00,37008.16,0.002778,356.6,0.009636,102.8,2.315e-05,0.856,82.96,0.0022422
2022-02-22 00:00:00,36591.06,0.002773,352.4,0.009631,101.4,2.278e-05,0.833,81.64,0.0022325
2022-02-22 04:00:00,36771.66,0.002774,356.0,0.009681,101.9,2.254e-05,0.829,82.12,0.0022333
2022-02-22 08:00:00,37519.48,0.00278,364.6,0.009721,104.3,2.299e-05,0.863,85.2,0.00227
2022-02-22 12:00:00,37759.9,0.002804,366.9,0.009717,105.9,2.322e-05,0.877,85.85,0.0022735
2022-02-22 16:00:00,38065.32,0.002804,371.5,0.009758,106.8,2.334e-05,0.889,86.28,0.0022668
2022-02-22 20:00:00,38230.33,0.002809,374.3,0.009787,107.4,2.322e-05,0.888,86.38,0.0022599
2022-02-23 00:00:00,37750.67,0.002817,372.7,0.009871,106.4,2.373e-05,0.895,87.24,0.0023106
2022-02-23 04:00:00,38151.17,0.002841,377.9,0.009903,108.4,2.396e-05,0.914,89.14,0.0023367
2022-02-23 08:00:00,38782.91,0.002845,379.7,0.009788,110.3,2.396e-05,0.93,92.04,0.0023724
2022-02-23 12:00:00,38512.51,0.002831,378.9,0.009838,109.1,2.383e-05,0.917,89.72,0.0023295
2022-02-23 16:00:00,37615.81,0.002865,370.9,0.009862,107.7,2.389e-05,0.898,88.11,0.0023417
2022-02-23 20:00:00,37250.01,0.002831,365.6,0.009814,105.4,2.325e-05,0.866,84.59,0.00227
2022-02-24 00:00:00,34936.89,0.002815,341.9,0.009783,98.3,2.288e-05,0.8,77.52,0.0022207
2022-02-24 04:00:00,35312.05,0.002687,336.1,0.009516,94.9,2.212e-05,0.781,82.19,0.0023266
2022-02-24 08:00:00,35442.22,0.002651,335.7,0.009467,94.0,2.155e-05,0.764,81.37,0.0022964
2022-02-24 12:00:00,35919.96,0.002728,345.1,0.00961,97.9,2.259e-05,0.812,84.92,0.0023654
2022-02-24 16:00:00,37300.0,0.002753,358.6,0.00961,102.8,2.274e-05,0.848,90.81,0.0024354
2022-02-24 20:00:00,38327.21,0.002718,361.2,0.009424,104.1,2.226e-05,0.853,89.36,0.002331
2022-02-25 00:00:00,38923.36,0.002695,366.2,0.009406,105.0,2.203e-05,0.858,89.65,0.0023029
2022-02-25 04:00:00,38466.24,0.002683,363.7,0.009452,103.2,2.204e-05,0.847,88.74,0.0023076
2022-02-25 08:00:00,38745.01,0.002699,361.7,0.009337,104.5,2.197e-05,0.851,89.2,0.0023027
2022-02-25 12:00:00,39410.92,0.002704,369.7,0.009379,106.7,2.24e-05,0.883,91.06,0.0023099
2022-02-25 16:00:00,38676.14,0.002748,364.9,0.009434,106.3,2.242e-05,0.867,89.55,0.0023149
2022-02-25 20:00:00,39219.17,0.002785,375.0,0.009561,109.2,2.292e-05,0.898,92.71,0.0023653
2022-02-26 00:00:00,39390.33,0.002824,379.5,0.009635,111.2,2.327e-05,0.916,92.79,0.0023558
2022-02-26 04:00:00,39200.0,0.002841,376.4,0.009599,111.4,2.321e-05,0.909,92.02,0.0023475
2022-02-26 08:00:00,38928.21,0.002821,373.6,0.009594,109.8,2.295e-05,0.894,90.66,0.002329
2022-02-26 12:00:00,39215.66,0.002805,375.2,0.009567,110.0,2.29e-05,0.898,91.26,0.0023274
2022-02-26 16:00:00,39254.12,0.002754,374.8,0.009548,108.2,2.283e-05,0.896,90.78,0.0023128
2022-02-26 20:00:00,39116.72,0.002766,373.7,0.009553,108.2,2.268e-05,0.887,90.23,0.0023069
2022-02-27 00:00:00,38606.81,0.00274,366.2,0.009487,105.8,2.236e-05,0.863,87.01,0.0022542
2022-02-27 04:00:00,38790.93,0.002753,371.7,0.009582,106.7,2.265e-05,0.878,88.83,0.0022909
2022-02-27 08:00:00,39479.8,0.002764,378.8,0.009594,109.2,2.286e-05,0.902,90.79,0.0022995
2022-02-27 12:00:00,39357.03,0.002764,375.6,0.009544,108.8,2.285e-05,0.9,91.2,0.0023173
2022-02-27 16:00:00,37606.49,0.002734,360.9,0.009593,102.8,2.248e-05,0.845,84.87,0.0022562
2022-02-27 20:00:00,37699.07,0.002732,360.1,0.009552,102.9,2.272e-05,0.856,85.63,0.002271
2022-02-28 00:00:00,37793.8,0.002729,363.5,0.00962,103.2,2.324e-05,0.878,86.68,0.0022935
2022-02-28 04:00:00,38347.58,0.002725,366.5,0.009558,104.4,2.308e-05,0.885,88.12,0.0022992
2022-02-28 08:00:00,38333.65,0.002704,367.3,0.009579,103.7,2.289e-05,0.878,90.76,0.0023688
2022-02-28 12:00:00,40824.96,0.002684,382.8,0.009376,109.6,2.301e-05,0.94,95.59,0.002343
2022-02-28 16:00:00,41329.44,0.002647,384.4,0.0093,109.4,2.235e-05,0.924,96.22,0.0023274
2022-02-28 20:00:00,43160.0,0.002635,395.6,0.009164,113.7,2.231e-05,0.962,99.68,0.0023097
2022-03-01 00:00:00,43147.71,0.002609,393.5,0.009118,112.5,2.239e-05,0.967,97.31,0.0022544
2022-03-01 04:00:00,43492.96,0.002592,413.2,0.0095,112.7,2.225e-05,0.968,96.94,0.0022296
2022-03-01 08:00:00,43609.96,0.002558,406.1,0.00931,111.5,2.192e-05,0.956,97.8,0.0022428
2022-03-01 12:00:00,43643.69,0.002572,404.6,0.00927,112.2,2.217e-05,0.968,97.87,0.0022429
2022-03-01 16:00:00,43719.49,0.002557,406.8,0.009305,111.7,2.193e-05,0.959,97.71,0.0022343
2022-03-01 20:00:00,44421.2,0.002535,408.7,0.009201,112.5,2.17e-05,0.963,98.66,0.0022198
2022-03-02 00:00:00,44324.65,0.002574,413.5,0.009326,114.1,2.182e-05,0.968,104.24,0.0023516
2022-03-02 04:00:00,43973.09,0.002548,410.0,0.009325,112.0,2.172e-05,0.956,102.37,0.0023279
2022-03-02 08:00:00,44103.28,0.002562,413.0,0.009361,113.0,2.185e-05,0.963,104.58,0.0023702
2022-03-02 12:00:00,44126.52,0.002506,408.8,0.009266,110.6,2.143e-05,0.946,101.6,0.0023032
2022-03-02 16:00:00,43704.42,0.002523,407.2,0.009316,110.4,2.14e-05,0.935,100.99,0.0023102
2022-03-02 20:00:00,43892.98,0.002514,409.3,0.009322,110.3,2.139e-05,0.939,100.68,0.0022938
2022-03-03 00:00:00,43305.77,0.002543,404.9,0.009346,110.2,2.124e-05,0.92,98.39,0.0022701
2022-03-03 04:00:00,43477.05,0.002567,407.0,0.009365,111.6,2.125e-05,0.923,99.79,0.0022952
2022-03-03 08:00:00,43382.23,0.002564,407.5,0.009393,111.2,2.112e-05,0.916,99.71,0.0022988
2022-03-03 12:00:00,42547.34,0.002583,402.1,0.00945,110.0,2.122e-05,0.903,95.95,0.0022548
2022-03-03 16:00:00,42226.74,0.002607,401.1,0.009499,110.1,2.134e-05,0.901,94.96,0.0022495
2022-03-03 20:00:00,42454.0,0.002633,402.6,0.009482,111.7,2.124e-05,0.903,95.62,0.0022531
2022-03-04 00:00:00,41449.94,0.002596,394.1,0.009505,107.6,2.108e-05,0.875,91.56,0.0022085
2022-03-04 04:00:00,41436.98,0.002586,394.3,0.009518,107.2,2.117e-05,0.878,91.99,0.0022202
2022-03-04 08:00:00,41662.07,0.002579,396.8,0.009528,107.4,2.127e-05,0.887,93.16,0.0022356
2022-03-04 12:00:00,40694.32,0.002578,387.3,0.009518,104.8,2.133e-05,0.869,91.32,0.002244
2022-03-04 16:00:00,39782.13,0.002582,380.8,0.009577,102.8,2.137e-05,0.849,88.7,0.0022293
2022-03-04 20:00:00,39148.66,0.00258,374.2,0.009559,101.0,2.157e-05,0.844,88.32,0.0022569
2022-03-05 00:00:00,39050.62,0.002588,373.9,0.009573,101.0,2.148e-05,0.838,87.71,0.0022461
2022-03-05 04:00:00,39016.73,0.002617,378.2,0.009684,102.1,2.179e-05,0.85,88.85,0.0022768
2022-03-05 08:00:00,39129.59,0.002638,380.4,0.009717,103.4,2.212e-05,0.866,88.72,0.0022674
2022-03-05 12:00:00,39160.01,0.00264,380.2,0.009704,103.4,2.197e-05,0.86,89.13,0.0022762
2022-03-05 16:00:00,39433.71,0.002663,383.4,0.009727,105.0,2.207e-05,0.87,90.14,0.002286
2022-03-05 20:00:00,39397.96,0.002662,384.7,0.009761,104.9,2.196e-05,0.864,89.63,0.002274
2022-03-06 00:00:00,39300.54,0.002645,382.4,0.009733,103.9,2.176e-05,0.855,87.69,0.0022315
2022-03-06 04:00:00,39387.57,0.002629,382.6,0.00971,103.6,2.167e-05,0.853,88.33,0.0022425
2022-03-06 08:00:00,38352.48,0.002671,375.8,0.009792,102.5,2.178e-05,0.835,87.02,0.0022683
2022-03-06 12:00:00,38862.61,0.002646,381.0,0.009802,102.8,2.166e-05,0.841,87.25,0.0022453
2022-03-06 16:00:00,38670.66,0.002665,377.3,0.009757,103.0,2.15e-05,0.832,85.38,0.0022077
2022-03-06 20:00:00,38420.81,0.002631,375.0,0.009762,101.1,2.141e-05,0.823,84.57,0.0022013
2022-03-07 00:00:00,37869.45,0.002613,367.9,0.009718,98.9,2.14e-05,0.811,82.26,0.0021727
2022-03-07 04:00:00,37895.24,0.002617,370.4,0.009775,99.2,2.131e-05,0.807,81.82,0.0021594
2022-03-07 08:00:00,38337.05,0.002615,375.5,0.009792,100.2,2.131e-05,0.817,83.13,0.0021682
2022-03-07 12:00:00,39071.48,0.002641,382.0,0.009774,103.2,2.147e-05,0.838,85.06,0.0021765
2022-03-07 16:00:00,37308.94,0.002604,365.6,0.009805,97.0,2.106e-05,0.785,80.34,0.0021539
2022-03-07 20:00:00,37988.0,0.002589,380.6,0.010017,98.4,2.088e-05,0.793,81.66,0.0021491
2022-03-08 00:00:00,38695.87,0.002595,382.7,0.00989,100.5,2.098e-05,0.812,83.48,0.0021579
2022-03-08 04:00:00,38547.79,0.002588,381.4,0.009896,99.7,2.072e-05,0.799,83.03,0.0021531
2022-03-08 08:00:00,38983.05,0.002589,386.0,0.009901,100.9,2.081e-05,0.812,83.92,0.0021522
2022-03-08 12:00:00,38658.34,0.002591,383.2,0.009914,100.2,2.062e-05,0.798,82.77,0.0021408
2022-03-08 16:00:00,38764.88,0.002585,384.2,0.00991,100.2,2.07e-05,0.802,82.9,0.0021388
2022-03-08 20:00:00,38730.63,0.002601,381.4,0.009848,100.7,2.07e-05,0.802,82.32,0.0021248
2022-03-09 00:00:00,41217.73,0.002556,398.8,0.009675,105.4,2.024e-05,0.834,88.13,0.0021385
2022-03-09 04:00:00,41791.1,0.002545,396.0,0.00948,106.3,2.021e-05,0.844,89.26,0.0021359
2022-03-09 08:00:00,42151.66,0.002538,395.3,0.009377,107.0,2.02e-05,0.851,88.19,0.0020925
2022-03-09 12:00:00,42520.99,0.002553,397.2,0.009344,108.6,2.016e-05,0.857,88.91,0.002091
2022-03-09 16:00:00,42204.65,0.002536,394.1,0.009337,107.1,1.998e-05,0.842,86.95,0.0020606
2022-03-09 20:00:00,41941.71,0.002548,393.2,0.009376,106.9,2.025e-05,0.849,88.06,0.0020996
2022-03-10 00:00:00,40768.51,0.002562,386.4,0.009476,104.5,2.022e-05,0.824,85.31,0.0020927
2022-03-10 04:00:00,39238.9,0.002583,377.7,0.009627,101.4,2.066e-05,0.81,82.68,0.0021073
2022-03-10 08:00:00,39076.38,0.0026,376.0,0.009618,101.6,2.066e-05,0.808,82.08,0.0021005
2022-03-10 12:00:00,39179.54,0.002618,365.4,0.00932,102.5,2.051e-05,0.804,81.94,0.0020918
2022-03-10 16:00:00,39430.56,0.002608,370.4,0.009392,102.9,2.048e-05,0.808,82.44,0.0020909
2022-03-10 20:00:00,39422.0,0.002601,372.0,0.009438,102.5,2.046e-05,0.807,82.87,0.0021021
2022-03-11 00:00:00,38714.97,0.002612,368.9,0.009528,101.1,2.047e-05,0.793,81.92,0.0021162
2022-03-11 04:00:00,39132.09,0.00264,373.0,0.009535,103.4,2.058e-05,0.806,82.26,0.0021017
2022-03-11 08:00:00,39893.68,0.002657,377.5,0.00946,106.0,2.035e-05,0.813,83.28,0.0020877
2022-03-11 12:00:00,39080.26,0.002653,372.9,0.009542,103.7,2.04e-05,0.797,81.75,0.0020921
2022-03-11 16:00:00,38792.59,0.002655,370.7,0.009562,103.0,2.038e-05,0.79,80.59,0.0020773
2022-03-11 20:00:00,38729.57,0.002699,371.9,0.009602,104.6,2.036e-05,0.788,80.67,0.0020829
2022-03-12 00:00:00,39088.94,0.00272,373.7,0.009558,106.4,2.027e-05,0.793,81.8,0.0020926
2022-03-12 04:00:00,39104.99,0.002731,375.4,0.009599,106.7,2.039e-05,0.798,81.69,0.0020889
2022-03-12 08:00:00,39079.16,0.002695,376.2,0.009623,105.4,2.026e-05,0.792,81.08,0.002075
2022-03-12 12:00:00,39042.04,0.002699,377.1,0.009655,105.4,2.033e-05,0.793,81.68,0.0020917
2022-03-12 16:00:00,39030.08,0.002702,376.4,0.009645,105.5,2.035e-05,0.795,81.66,0.0020924
2022-03-12 20:00:00,38807.36,0.002718,372.4,0.009594,105.6,2.035e-05,0.789,81.38,0.0020976
2022-03-13 00:00:00,39194.08,0.002725,376.2,0.009599,106.8,2.037e-05,0.799,82.56,0.0021065
2022-03-13 04:00:00,39089.77,0.00271,374.8,0.009588,106.0,2.032e-05,0.794,81.74,0.0020907
2022-03-13 08:00:00,38741.12,0.00272,370.9,0.009574,105.4,2.036e-05,0.788,81.05,0.0020923
2022-03-13 12:00:00,38936.0,0.002701,371.0,0.009526,105.2,2.09e-05,0.814,81.2,0.0020854
2022-03-13 16:00:00,38869.02,0.002707,371.1,0.00955,105.3,2.068e-05,0.804,80.48,0.0020702
2022-03-13 20:00:00,37777.34,0.00269,361.4,0.009564,101.7,2.083e-05,0.786,78.73,0.0020835
2022-03-14 00:00:00,38144.05,0.002673,365.1,0.009569,102.0,2.073e-05,0.79,79.5,0.0020843
2022-03-14 04:00:00,39078.92,0.002653,369.6,0.009456,103.7,2.072e-05,0.809,80.9,0.0020699
2022-03-14 08:00:00,38897.64,0.002696,368.5,0.00947,104.9,2.054e-05,0.799,80.9,0.0020804
2022-03-14 12:00:00,38964.25,0.002675,368.2,0.00945,104.2,2.039e-05,0.794,80.97,0.0020777
2022-03-14 16:00:00,38813.0,0.002648,365.8,0.009425,102.7,2.043e-05,0.792,79.95,0.0020591
2022-03-14 20:00:00,39671.37,0.002661,373.4,0.009411,105.6,2.024e-05,0.802,81.22,0.0020471
2022-03-15 00:00:00,38768.41,0.002706,367.2,0.009472,105.0,2.041e-05,0.792,79.66,0.0020548
2022-03-15 04:00:00,38439.5,0.002688,364.2,0.009475,103.4,2.054e-05,0.789,79.32,0.0020644
2022-03-15 08:00:00,38645.01,0.00269,365.3,0.009449,103.9,2.046e-05,0.79,80.1,0.0020727
2022-03-15 12:00:00,39017.11,0.002685,368.6,0.009445,104.8,2.048e-05,0.8,81.05,0.0020775
2022-03-15 16:00:00,39735.71,0.002725,373.4,0.0094,108.3,2.048e-05,0.813,84.58,0.002128
2022-03-15 20:00:00,39280.33,0.002722,371.7,0.00946,106.8,2.034e-05,0.8,82.84,0.0021074
2022-03-16 00:00:00,39160.0,0.002725,370.6,0.009463,106.6,2.044e-05,0.801,82.38,0.0021035
2022-03-16 04:00:00,39581.0,0.002706,372.5,0.009412,107.1,2.027e-05,0.802,82.82,0.002092
2022-03-16 08:00:00,40521.6,0.002659,377.5,0.009315,107.8,2e-05,0.81,84.24,0.0020792
2022-03-16 12:00:00,40611.67,0.00267,378.5,0.00932,108.5,2.014e-05,0.818,83.94,0.0020666
2022-03-16 16:00:00,40880.17,0.002681,383.3,0.009375,109.6,2.019e-05,0.825,85.81,0.0020993
2022-03-16 20:00:00,41114.0,0.002707,385.4,0.009374,111.4,2.04e-05,0.838,87.77,0.0021348
2022-03-17 00:00:00,41014.71,0.002681,383.4,0.009347,110.0,2.067e-05,0.847,87.99,0.002145
2022-03-17 04:00:00,40726.05,0.002681,384.6,0.009445,109.2,2.07e-05,0.842,87.23,0.0021419
2022-03-17 08:00:00,40748.51,0.002692,385.0,0.009448,109.8,2.065e-05,0.841,87.67,0.0021518
2022-03-17 12:00:00,40798.56,0.002699,387.6,0.0095,110.1,2.065e-05,0.842,89.35,0.0021902
2022-03-17 16:00:00,40871.85,0.00271,389.6,0.009535,110.7,2.05e-05,0.837,90.81,0.0022224
2022-03-17 20:00:00,40917.9,0.002694,391.8,0.009574,110.2,2.044e-05,0.835,87.8,0.0021463
2022-03-18 00:00:00,40522.19,0.002681,385.2,0.009503,108.7,2.043e-05,0.827,85.91,0.0021203
2022-03-18 04:00:00,40570.67,0.002693,386.9,0.009536,109.3,2.036e-05,0.826,85.76,0.002114
2022-03-18 08:00:00,40390.41,0.002697,385.8,0.009552,108.9,2.045e-05,0.825,84.96,0.0021034
2022-03-18 12:00:00,40931.08,0.002711,393.3,0.009608,110.9,2.06e-05,0.842,88.28,0.0021568
2022-03-18 16:00:00,42042.72,0.002673,399.0,0.009495,112.4,2.038e-05,0.857,91.12,0.0021674
2022-03-18 20:00:00,41757.51,0.002679,397.2,0.00951,111.9,2.04e-05,0.851,89.8,0.0021499
2022-03-19 00:00:00,41793.66,0.002687,398.2,0.009529,112.2,2.071e-05,0.866,90.25,0.0021594
2022-03-19 04:00:00,41610.0,0.002711,395.6,0.009505,112.9,2.075e-05,0.864,89.35,0.0021469
2022-03-19 08:00:00,41721.78,0.002695,401.0,0.009611,112.5,2.091e-05,0.873,90.73,0.0021741
2022-03-19 12:00:00,41937.68,0.002706,403.2,0.009612,113.5,2.135e-05,0.896,94.05,0.0022418
2022-03-19 16:00:00,42034.88,0.002704,399.2,0.009497,113.6,2.164e-05,0.909,92.65,0.0022039
2022-03-19 20:00:00,42201.13,0.002767,399.9,0.009472,116.8,2.139e-05,0.903,92.31,0.0021874
2022-03-20 00:00:00,41942.34,0.002776,396.4,0.009452,116.4,2.142e-05,0.898,90.78,0.0021648
2022-03-20 04:00:00,41863.99,0.002758,397.2,0.009489,115.4,2.16e-05,0.905,91.0,0.0021737
2022-03-20 08:00:00,41586.86,0.002746,393.1,0.00945,114.2,2.133e-05,0.887,89.93,0.0021635
2022-03-20 12:00:00,41340.3,0.002718,390.2,0.009437,112.4,2.117e-05,0.875,89.15,0.0021562
2022-03-20 16:00:00,41379.03,0.002787,391.5,0.009463,115.3,2.13e-05,0.882,89.52,0.0021633
2022-03-20 20:00:00,41262.11,0.002783,390.8,0.009471,114.9,2.129e-05,0.879,88.62,0.0021474
2022-03-21 00:00:00,40832.93,0.002797,388.9,0.009521,114.2,2.142e-05,0.875,87.7,0.0021477
2022-03-21 04:00:00,41102.01,0.002797,392.4,0.009546,115.0,2.164e-05,0.889,89.66,0.0021812
2022-03-21 08:00:00,41244.28,0.002786,394.3,0.009559,114.9,2.172e-05,0.897,89.83,0.002178
2022-03-21 12:00:00,41224.48,0.002794,398.8,0.009675,115.3,2.205e-05,0.909,89.61,0.0021734
2022-03-21 16:00:00,41180.55,0.002833,397.8,0.009663,116.7,2.198e-05,0.905,88.75,0.0021549
2022-03-21 20:00:00,41002.25,0.00283,396.0,0.009658,116.0,2.238e-05,0.917,88.59,0.0021604
2022-03-22 00:00:00,42236.46,0.002825,404.9,0.009585,119.4,2.2e-05,0.929,90.99,0.0021542
2022-03-22 04:00:00,42215.94,0.002825,404.9,0.009592,119.3,2.22e-05,0.938,90.25,0.0021377
2022-03-22 08:00:00,42983.0,0.002846,407.4,0.009479,122.3,2.225e-05,0.956,92.0,0.00214
2022-03-22 12:00:00,42573.81,0.002832,406.1,0.009539,120.5,2.278e-05,0.969,92.56,0.0021741
2022-03-22 16:00:00,42284.41,0.002862,402.5,0.009519,121.0,2.267e-05,0.959,91.39,0.0021618
2022-03-22 20:00:00,42364.13,0.002898,404.3,0.009542,122.7,2.3e-05,0.975,90.43,0.0021346
2022-03-23 00:00:00,42073.94,0.002851,401.8,0.009547,119.9,2.298e-05,0.967,90.11,0.0021414
2022-03-23 04:00:00,42107.74,0.002855,401.6,0.009534,120.1,2.305e-05,0.971,91.13,0.002164
2022-03-23 08:00:00,42039.78,0.00284,401.1,0.009543,119.4,2.337e-05,0.983,91.33,0.0021725
2022-03-23 12:00:00,42618.18,0.002865,409.5,0.009607,122.1,2.513e-05,1.072,95.67,0.0022448
2022-03-23 16:00:00,42216.79,0.002867,403.5,0.009553,121.0,2.493e-05,1.052,92.79,0.002198
2022-03-23 20:00:00,42882.76,0.002855,408.4,0.009521,122.4,2.582e-05,1.108,94.89,0.0022125
2022-03-24 00:00:00,42712.87,0.002825,406.5,0.009515,120.7,2.543e-05,1.087,94.66,0.0022158
2022-03-24 04:00:00,43077.74,0.002843,410.4,0.009524,122.6,2.649e-05,1.141,97.11,0.0022541
2022-03-24 08:00:00,42968.42,0.002841,409.6,0.009535,122.0,2.65e-05,1.138,100.05,0.0023287
2022-03-24 12:00:00,44000.01,0.002831,414.3,0.009418,124.6,2.657e-05,1.168,101.62,0.0023101
2022-03-24 16:00:00,43908.3,0.002863,414.3,0.009433,125.7,2.667e-05,1.171,102.88,0.0023431
2022-03-24 20:00:00,43991.46,0.002875,414.2,0.009415,126.5,2.569e-05,1.131,102.32,0.002326
2022-03-25 00:00:00,43968.16,0.002875,413.4,0.009404,126.5,2.609e-05,1.146,103.51,0.0023543
2022-03-25 04:00:00,43904.97,0.002857,412.4,0.00939,125.5,2.581e-05,1.133,102.88,0.002343
2022-03-25 08:00:00,44585.28,0.002841,419.0,0.009395,126.8,2.555e-05,1.14,104.25,0.0023386
2022-03-25 12:00:00,44318.21,0.002806,413.0,0.009322,124.4,2.482e-05,1.099,100.23,0.0022611
2022-03-25 16:00:00,44444.95,0.002781,410.7,0.009244,123.5,2.47e-05,1.098,98.47,0.0022152
2022-03-25 20:00:00,44313.16,0.002797,410.3,0.009262,123.9,2.474e-05,1.096,98.6,0.0022249
2022-03-26 00:00:00,44394.03,0.002798,410.0,0.009234,124.3,2.497e-05,1.108,98.92,0.0022276
2022-03-26 04:00:00,44510.07,0.002806,413.0,0.009277,124.9,2.558e-05,1.139,101.24,0.0022746
2022-03-26 08:00:00,44334.49,0.002804,414.1,0.009343,124.4,2.543e-05,1.126,100.39,0.0022646
2022-03-26 12:00:00,44205.31,0.002775,413.1,0.009344,122.7,2.571e-05,1.136,101.2,0.002289
2022-03-26 16:00:00,44367.49,0.002794,414.3,0.009339,123.9,2.547e-05,1.13,102.69,0.0023149
2022-03-26 20:00:00,44511.27,0.002803,415.8,0.009345,124.8,2.589e-05,1.152,101.73,0.0022858
2022-03-27 00:00:00,44713.01,0.00283,416.1,0.009308,126.6,2.551e-05,1.141,101.82,0.0022768
2022-03-27 04:00:00,44734.06,0.00281,417.3,0.009326,125.6,2.56e-05,1.145,102.21,0.002285
2022-03-27 08:00:00,44569.5,0.0028,415.3,0.009315,124.8,2.533e-05,1.129,100.46,0.0022536
2022-03-27 12:00:00,44857.52,0.002805,417.1,0.009299,125.9,2.525e-05,1.134,101.46,0.0022617
2022-03-27 16:00:00,44830.66,0.002777,417.8,0.009319,124.5,2.518e-05,1.129,103.23,0.0023024
2022-03-27 20:00:00,46827.76,0.002767,430.5,0.009197,129.7,2.529e-05,1.184,107.04,0.0022855
2022-03-28 00:00:00,47049.4,0.002768,431.8,0.009181,130.2,2.509e-05,1.181,106.84,0.0022705
2022-03-28 04:00:00,46989.24,0.002797,431.0,0.009177,131.5,2.517e-05,1.183,108.91,0.0023177
2022-03-28 08:00:00,47252.54,0.002782,435.5,0.009215,131.5,2.528e-05,1.195,110.06,0.002329
2022-03-28 12:00:00,47422.51,0.002772,436.4,0.009205,131.4,2.565e-05,1.216,109.89,0.0023173
2022-03-28 16:00:00,47956.28,0.002733,438.4,0.009146,131.0,2.541e-05,1.218,111.38,0.0023218
2022-03-28 20:00:00,47122.21,0.002705,430.2,0.009126,127.6,2.481e-05,1.17,105.75,0.0022443
2022-03-29 00:00:00,47335.06,0.002723,432.4,0.009134,128.9,2.529e-05,1.197,109.17,0.0023063
2022-03-29 04:00:00,47344.44,0.002733,434.5,0.009175,129.3,2.545e-05,1.205,109.92,0.002321
2022-03-29 08:00:00,47896.1,0.002747,440.3,0.009191,131.6,2.561e-05,1.227,113.38,0.0023667
2022-03-29 12:00:00,47440.0,0.002709,434.4,0.009156,128.5,2.532e-05,1.202,111.62,0.0023535
2022-03-29 16:00:00,47701.49,0.002712,436.6,0.009151,129.5,2.509e-05,1.197,113.91,0.0023873
2022-03-29 20:00:00,47434.8,0.002741,434.2,0.009155,130.1,2.507e-05,1.191,111.62,0.0023539
2022-03-30 00:00:00,47435.46,0.0027,433.4,0.009136,128.1,2.505e-05,1.188,110.75,0.0023348
2022-03-30 04:00:00,47384.44,0.002748,436.9,0.009218,130.2,2.526e-05,1.197,112.33,0.0023705
2022-03-30 08:00:00,47319.91,0.002769,439.3,0.009284,131.0,2.514e-05,1.189,112.18,0.0023708
2022-03-30 12:00:00,47160.81,0.002794,438.9,0.009307,131.7,2.511e-05,1.184,122.63,0.0026012
2022-03-30 16:00:00,47073.89,0.002804,444.8,0.009453,131.9,2.534e-05,1.193,121.16,0.0025739
2022-03-30 20:00:00,47067.99,0.002785,442.1,0.009393,131.1,2.529e-05,1.189,120.82,0.0025668
2022-03-31 00:00:00,47095.56,0.002792,445.0,0.009449,131.4,2.542e-05,1.198,121.25,0.0025744
2022-03-31 04:00:00,47160.76,0.002748,444.9,0.009439,129.5,2.561e-05,1.208,123.28,0.0026144
2022-03-31 08:00:00,47152.01,0.002753,444.9,0.009438,129.8,2.562e-05,1.208,127.24,0.0026977
2022-03-31 12:00:00,46453.81,0.002668,434.2,0.009346,124.0,2.522e-05,1.173,125.3,0.0026977
2022-03-31 16:00:00,45581.97,0.002726,427.1,0.009369,124.3,2.518e-05,1.148,122.96,0.0026995
2022-03-31 20:00:00,45510.34,0.002721,428.9,0.009424,123.8,2.509e-05,1.141,122.77,0.0026983
2022-04-01 00:00:00,44599.98,0.002711,418.9,0.009395,121.0,2.518e-05,1.123,121.95,0.002734
2022-04-01 04:00:00,45015.69,0.002725,427.7,0.009497,122.7,2.555e-05,1.15,126.45,0.0028086
2022-04-01 08:00:00,45064.26,0.002712,430.8,0.00956,122.1,2.508e-05,1.131,124.37,0.00276
2022-04-01 12:00:00,46532.0,0.002683,441.3,0.009487,124.9,2.499e-05,1.164,132.75,0.0028529
2022-04-01 16:00:00,46361.68,0.002721,446.3,0.009625,126.3,2.529e-05,1.172,137.44,0.0029632
2022-04-01 20:00:00,46283.49,0.0027,447.7,0.009672,124.8,2.519e-05,1.165,134.52,0.0029064
2022-04-02 00:00:00,46599.93,0.002711,449.5,0.009647,126.2,2.529e-05,1.179,134.78,0.0028932
2022-04-02 04:00:00,46584.49,0.00272,450.5,0.009671,126.8,2.542e-05,1.185,135.81,0.0029162
2022-04-02 08:00:00,46542.84,0.002726,448.3,0.009629,126.9,2.55e-05,1.187,137.66,0.0029585
2022-04-02 12:00:00,46295.06,0.002715,442.4,0.009554,125.8,2.502e-05,1.158,137.96,0.0029817
2022-04-02 16:00:00,46120.24,0.002713,442.6,0.009594,125.2,2.508e-05,1.156,135.87,0.0029463
2022-04-02 20:00:00,45811.0,0.002725,437.2,0.009543,124.8,2.522e-05,1.155,132.49,0.0028926
2022-04-03 00:00:00,45943.25,0.00272,437.4,0.00952,125.0,2.523e-05,1.159,135.45,0.002948
2022-04-03 04:00:00,46363.82,0.002719,444.2,0.009579,126.1,2.516e-05,1.166,137.56,0.0029668
2022-04-03 08:00:00,46252.59,0.002735,444.3,0.009606,126.6,2.531e-05,1.17,139.1,0.0030078
2022-04-03 12:00:00,46412.49,0.002749,447.4,0.009641,127.5,2.544e-05,1.181,136.05,0.002932
2022-04-03 16:00:00,46405.5,0.002728,448.0,0.009655,126.6,2.542e-05,1.179,135.29,0.0029152
2022-04-03 20:00:00,46407.35,0.002776,450.4,0.0097,128.7,2.555e-05,1.186,136.9,0.0029498
2022-04-04 00:00:00,46005.44,0.002737,443.5,0.009639,125.8,2.561e-05,1.179,135.31,0.0029416
2022-04-04 04:00:00,46173.99,0.002738,447.0,0.009681,126.4,2.633e-05,1.215,136.93,0.0029656
2022-04-04 08:00:00,46160.09,0.002717,446.6,0.009676,125.4,2.639e-05,1.218,134.76,0.0029188
2022-04-04 12:00:00,45633.88,0.002702,438.1,0.009602,123.3,2.65e-05,1.209,129.32,0.0028337
2022-04-04 16:00:00,45925.76,0.002684,443.0,0.009646,123.3,2.591e-05,1.189,130.11,0.0028325
2022-04-04 20:00:00,46580.51,0.002678,447.6,0.00961,124.8,2.602e-05,1.212,132.14,0.002835
2022-04-05 00:00:00,46645.82,0.002678,455.2,0.009754,125.0,2.597e-05,1.212,133.36,0.0028587
2022-04-05 04:00:00,46709.99,0.002696,454.9,0.009738,125.9,2.58e-05,1.205,133.34,0.0028544
2022-04-05 08:00:00,46683.37,0.00271,457.8,0.009802,126.6,2.592e-05,1.21,134.51,0.0028818
2022-04-05 12:00:00,45763.72,0.002712,449.4,0.009817,124.1,2.596e-05,1.188,131.51,0.0028742
2022-04-05 16:00:00,46032.5,0.002701,450.6,0.00979,124.2,2.6e-05,1.197,131.19,0.0028497
2022-04-05 20:00:00,45497.55,0.002697,444.7,0.009773,122.7,2.573e-05,1.171,126.87,0.0027875
2022-04-06 00:00:00,45215.88,0.002653,440.2,0.009733,120.0,2.521e-05,1.139,123.69,0.0027358
2022-04-06 04:00:00,45276.04,0.002656,441.1,0.009743,120.2,2.52e-05,1.142,125.51,0.0027724
2022-04-06 08:00:00,44819.19,0.00265,435.5,0.009715,118.6,2.488e-05,1.116,121.63,0.0027148
2022-04-06 12:00:00,44168.35,0.002622,426.9,0.009665,115.7,2.483e-05,1.096,117.63,0.0026628
2022-04-06 16:00:00,43754.57,0.002611,426.7,0.009748,114.3,2.505e-05,1.096,118.8,0.0027156
2022-04-06 20:00:00,43170.47,0.002587,420.1,0.009731,111.7,2.438e-05,1.052,112.95,0.0026179
2022-04-07 00:00:00,43294.04,0.002585,424.7,0.009805,112.0,2.449e-05,1.06,113.78,0.0026264
2022-04-07 04:00:00,43445.33,0.002609,430.9,0.009922,113.3,2.501e-05,1.087,116.03,0.0026703
2022-04-07 08:00:00,43766.74,0.002624,435.2,0.009943,114.9,2.493e-05,1.092,117.46,0.0026845
2022-04-07 12:00:00,43331.81,0.002614,431.7,0.009967,113.3,2.475e-05,1.073,113.23,0.0026137
2022-04-07 16:00:00,43388.92,0.002622,434.8,0.010022,113.8,2.494e-05,1.083,117.71,0.0027132
2022-04-07 20:00:00,43444.19,0.002627,436.0,0.010038,114.1,2.507e-05,1.089,118.48,0.0027276
2022-04-08 00:00:00,43605.96,0.002624,438.3,0.010051,114.5,2.504e-05,1.091,122.08,0.0027994
2022-04-08 04:00:00,43763.52,0.00263,433.4,0.009907,115.0,2.494e-05,1.092,119.11,0.0027228
2022-04-08 08:00:00,43298.79,0.002594,427.8,0.009878,112.3,2.473e-05,1.071,115.28,0.0026624
2022-04-08 12:00:00,43648.01,0.0026,430.8,0.009869,113.4,2.46e-05,1.073,116.48,0.0026686
2022-04-08 16:00:00,42730.84,0.002644,427.0,0.009988,113.0,2.456e-05,1.049,113.57,0.0026572
2022-04-08 20:00:00,42252.01,0.002619,421.5,0.009972,110.7,2.425e-05,1.024,109.92,0.0026015
2022-04-09 00:00:00,42380.0,0.002618,422.8,0.009977,110.9,2.428e-05,1.029,109.43,0.002582
2022-04-09 04:00:00,42481.09,0.002617,424.4,0.009991,111.2,2.457e-05,1.044,110.63,0.0026052
2022-04-09 08:00:00,42445.1,0.002632,426.7,0.010051,111.8,2.444e-05,1.038,110.5,0.0026037
2022-04-09 12:00:00,42260.77,0.002624,421.1,0.009968,110.8,2.422e-05,1.023,109.59,0.0025943
2022-04-09 16:00:00,42511.94,0.002634,421.8,0.009922,112.0,2.424e-05,1.031,109.78,0.0025823
2022-04-09 20:00:00,42753.97,0.002637,426.6,0.00998,112.7,2.444e-05,1.045,112.96,0.0026408
2022-04-10 00:00:00,42785.72,0.002632,426.8,0.009978,112.5,2.46e-05,1.053,113.4,0.0026504
2022-04-10 04:00:00,42633.59,0.002631,425.8,0.009983,112.2,2.432e-05,1.037,111.59,0.0026174
2022-04-10 08:00:00,42680.36,0.002639,424.3,0.009942,112.7,2.422e-05,1.034,111.05,0.002602
2022-04-10 12:00:00,42747.47,0.002627,422.2,0.009876,112.3,2.433e-05,1.041,112.38,0.0026295
2022-04-10 16:00:00,43235.77,0.002639,427.9,0.009895,114.1,2.46e-05,1.063,114.54,0.0026489
2022-04-10 20:00:00,42158.85,0.002616,418.1,0.009917,110.3,2.435e-05,1.027,111.07,0.0026342
2022-04-11 00:00:00,42111.22,0.002572,414.2,0.009833,108.3,2.401e-05,1.012,109.96,0.0026118
2022-04-11 04:00:00,42305.75,0.002586,417.3,0.009866,109.5,2.402e-05,1.017,111.1,0.002626
2022-04-11 08:00:00,41067.63,0.002553,404.2,0.009846,104.9,2.34e-05,0.961,103.93,0.0025302
2022-04-11 12:00:00,40581.51,0.002549,399.0,0.009833,103.5,2.312e-05,0.938,101.44,0.0024997
2022-04-11 16:00:00,39985.33,0.002611,398.6,0.009969,104.4,2.372e-05,0.949,101.37,0.0025352
2022-04-11 20:00:00,39530.45,0.002593,394.6,0.009983,102.4,2.327e-05,0.92,99.67,0.0025213
2022-04-12 00:00:00,39747.13,0.002578,398.4,0.010021,102.4,2.326e-05,0.925,99.72,0.0025079
2022-04-12 04:00:00,40183.97,0.002597,407.4,0.010138,104.4,2.376e-05,0.955,103.05,0.0025644
2022-04-12 08:00:00,40378.0,0.002606,411.5,0.01019,105.2,2.394e-05,0.967,105.55,0.002614
2022-04-12 12:00:00,40179.13,0.002602,412.6,0.010268,104.5,2.389e-05,0.959,106.0,0.0026378
2022-04-12 16:00:00,39303.1,0.002614,407.1,0.010356,102.8,2.369e-05,0.931,101.0,0.0025693
2022-04-12 20:00:00,40074.94,0.002617,413.6,0.010322,104.8,2.381e-05,0.955,103.22,0.0025755
2022-04-13 00:00:00,40076.05,0.00262,418.2,0.010435,105.0,2.379e-05,0.954,103.68,0.0025869
2022-04-13 04:00:00,40130.0,0.002623,418.0,0.010416,105.4,2.386e-05,0.958,103.94,0.0025901
2022-04-13 08:00:00,39722.64,0.002699,413.6,0.010414,107.1,2.363e-05,0.938,101.05,0.0025446
2022-04-13 12:00:00,41158.18,0.002677,417.9,0.010152,110.1,2.362e-05,0.972,105.15,0.0025544
2022-04-13 16:00:00,41059.3,0.002665,419.7,0.010219,109.5,2.35e-05,0.964,103.95,0.0025317
2022-04-13 20:00:00,41147.79,0.002686,423.4,0.010289,110.5,2.368e-05,0.974,104.94,0.0025502
2022-04-14 00:00:00,41320.0,0.002707,422.1,0.010215,111.9,2.357e-05,0.974,105.62,0.0025564
2022-04-14 04:00:00,41271.66,0.002685,421.8,0.010222,110.8,2.353e-05,0.972,106.41,0.0025786
2022-04-14 08:00:00,40919.99,0.002662,417.4,0.010203,108.9,2.33e-05,0.954,103.67,0.002533
2022-04-14 12:00:00,39964.02,0.002674,412.4,0.010321,106.8,2.335e-05,0.933,101.34,0.0025358
2022-04-14 16:00:00,39775.82,0.002683,414.0,0.010409,106.7,2.333e-05,0.928,99.57,0.0025035
2022-04-14 20:00:00,39942.38,0.002689,414.7,0.010383,107.3,2.335e-05,0.933,100.77,0.002523
2022-04-15 00:00:00,40200.94,0.002745,418.1,0.010399,110.3,2.368e-05,0.952,102.07,0.0025392
2022-04-15 04:00:00,40239.43,0.002722,416.7,0.010357,109.5,2.364e-05,0.951,101.79,0.0025294
2022-04-15 08:00:00,40220.0,0.002747,417.4,0.01038,110.5,2.362e-05,0.95,101.72,0.0025292
2022-04-15 12:00:00,40412.2,0.002779,418.0,0.01034,112.3,2.359e-05,0.953,102.31,0.0025323
2022-04-15 16:00:00,40313.35,0.002754,417.9,0.010369,111.0,2.357e-05,0.949,100.39,0.0024903
2022-04-15 20:00:00,40551.9,0.002737,417.3,0.010289,111.0,2.355e-05,0.956,101.31,0.0024987
2022-04-16 00:00:00,40434.12,0.002766,416.1,0.01029,111.8,2.361e-05,0.955,101.07,0.0024992
2022-04-16 04:00:00,40393.77,0.002762,415.1,0.010275,111.5,2.372e-05,0.957,101.48,0.0025125
2022-04-16 08:00:00,40416.95,0.002771,415.9,0.010291,112.0,2.355e-05,0.952,101.89,0.0025209
2022-04-16 12:00:00,40062.68,0.002783,412.6,0.0103,111.5,2.345e-05,0.94,100.98,0.0025202
2022-04-16 16:00:00,40210.0,0.002755,413.9,0.01029,110.7,2.341e-05,0.942,101.99,0.0025358
2022-04-16 20:00:00,40378.71,0.002831,417.3,0.01033,114.3,2.355e-05,0.951,102.06,0.0025279
2022-04-17 00:00:00,40230.86,0.002826,415.3,0.01032,113.7,2.339e-05,0.942,101.51,0.0025225
2022-04-17 04:00:00,40285.15,0.00281,414.5,0.010286,113.2,2.35e-05,0.946,101.89,0.0025291
2022-04-17 08:00:00,40464.77,0.00282,415.4,0.010265,114.0,2.361e-05,0.955,102.44,0.0025319
2022-04-17 12:00:00,40445.3,0.002804,416.7,0.010303,113.4,2.361e-05,0.955,105.11,0.0025986
2022-04-17 16:00:00,40370.46,0.002774,414.3,0.010264,112.0,2.344e-05,0.945,104.07,0.0025781
2022-04-17 20:00:00,39678.12,0.002742,406.6,0.01025,108.8,2.305e-05,0.914,100.15,0.0025239
2022-04-18 00:00:00,39813.17,0.002753,407.9,0.010249,109.7,2.317e-05,0.923,101.18,0.0025412
2022-04-18 04:00:00,38919.85,0.002724,397.8,0.010221,105.9,2.267e-05,0.883,96.43,0.0024781
2022-04-18 08:00:00,38998.54,0.002723,402.0,0.010306,106.2,2.277e-05,0.888,96.79,0.0024818
2022-04-18 12:00:00,39254.5,0.002717,405.8,0.010342,106.7,2.288e-05,0.898,98.66,0.002513
2022-04-18 16:00:00,40680.68,0.002711,415.2,0.010204,110.3,2.282e-05,0.929,101.18,0.0024874
2022-04-18 20:00:00,40801.13,0.002726,416.8,0.010215,111.3,2.296e-05,0.937,102.33,0.0025092
2022-04-19 00:00:00,40693.79,0.00275,416.7,0.010242,111.8,2.284e-05,0.93,101.42,0.0024926
2022-04-19 04:00:00,40683.14,0.002724,421.9,0.010365,110.9,2.281e-05,0.928,101.85,0.0025032
2022-04-19 08:00:00,40687.3,0.002728,418.9,0.010295,111.0,2.29e-05,0.932,102.34,0.0025156
2022-04-19 12:00:00,41445.87,0.00273,419.8,0.010127,113.2,2.283e-05,0.946,106.46,0.0025688
2022-04-19 16:00:00,41417.24,0.002731,419.9,0.010134,113.0,2.287e-05,0.947,106.92,0.0025814
2022-04-19 20:00:00,41493.18,0.002743,422.3,0.010179,113.8,2.295e-05,0.952,108.51,0.002615
2022-04-20 00:00:00,41386.14,0.00272,421.5,0.010184,112.6,2.28e-05,0.944,108.29,0.0026166
2022-04-20 04:00:00,41340.05,0.002722,421.0,0.010185,112.5,2.287e-05,0.945,107.01,0.0025884
2022-04-20 08:00:00,42090.0,0.002704,428.0,0.01017,113.7,2.298e-05,0.967,110.42,0.0026236
2022-04-20 12:00:00,41261.73,0.002709,421.6,0.01022,111.8,2.294e-05,0.947,105.72,0.002562
2022-04-20 16:00:00,41193.89,0.002714,417.4,0.010134,111.8,2.279e-05,0.939,106.04,0.0025743
2022-04-20 20:00:00,41358.19,0.002705,418.4,0.010113,111.9,2.264e-05,0.937,105.59,0.0025527
2022-04-21 00:00:00,41693.58,0.002694,421.7,0.010112,112.4,2.276e-05,0.949,107.06,0.0025679
2022-04-21 04:00:00,41855.69,0.002657,420.7,0.010051,111.2,2.267e-05,0.95,106.85,0.0025522
2022-04-21 08:00:00,42440.0,0.002647,424.4,0.009998,112.3,2.252e-05,0.955,108.38,0.0025541
2022-04-21 12:00:00,42135.33,0.002681,420.5,0.009978,112.9,2.266e-05,0.955,107.75,0.0025577
2022-04-21 16:00:00,41218.81,0.002651,411.7,0.009986,109.2,2.264e-05,0.933,104.29,0.0025303
2022-04-21 20:00:00,40480.01,0.002637,404.9,0.010002,106.8,2.247e-05,0.91,101.78,0.0025138
2022-04-22 00:00:00,40502.11,0.002643,409.5,0.01011,107.1,2.259e-05,0.915,102.55,0.0025317
2022-04-22 04:00:00,40709.59,0.002659,410.2,0.010078,108.3,2.256e-05,0.919,102.62,0.0025209
2022-04-22 08:00:00,40585.54,0.002664,412.0,0.010154,108.1,2.266e-05,0.919,102.2,0.002518
2022-04-22 12:00:00,39433.6,0.002703,406.1,0.0103,106.7,2.27e-05,0.895,99.69,0.0025282
2022-04-22 16:00:00,39502.92,0.002672,407.7,0.01032,105.6,2.282e-05,0.902,100.91,0.0025542
2022-04-22 20:00:00,39709.18,0.002654,406.6,0.010238,105.4,2.281e-05,0.906,100.55,0.0025321
2022-04-23 00:00:00,39463.02,0.002677,403.3,0.01022,105.6,2.262e-05,0.893,99.86,0.0025305
2022-04-23 04:00:00,39600.98,0.002697,404.2,0.010207,106.8,2.262e-05,0.895,101.21,0.0025552
2022-04-23 08:00:00,39602.93,0.002695,405.2,0.010234,106.8,2.27e-05,0.9,101.54,0.002564
2022-04-23 12:00:00,39792.65,0.002669,406.3,0.01021,106.3,2.265e-05,0.902,102.14,0.0025676
2022-04-23 16:00:00,39755.32,0.002669,406.9,0.010231,106.2,2.26e-05,0.899,102.07,0.0025674
2022-04-23 20:00:00,39441.6,0.002666,401.1,0.010168,105.1,2.249e-05,0.886,100.63,0.0025505
2022-04-24 00:00:00,39776.57,0.002645,405.1,0.010179,105.3,2.246e-05,0.894,101.3,0.0025464
2022-04-24 04:00:00,39751.38,0.002652,404.3,0.01017,105.4,2.251e-05,0.895,101.81,0.0025603
2022-04-24 08:00:00,39609.11,0.002652,401.5,0.010135,105.1,2.241e-05,0.887,101.13,0.0025533
2022-04-24 12:00:00,39656.49,0.002645,401.8,0.010131,104.8,2.25e-05,0.892,100.11,0.0025243
2022-04-24 16:00:00,39703.74,0.002645,402.4,0.010136,105.1,2.243e-05,0.89,100.48,0.0025313
2022-04-24 20:00:00,39450.13,0.00265,398.8,0.010109,104.6,2.244e-05,0.886,99.23,0.0025145
2022-04-25 00:00:00,39253.71,0.002597,395.9,0.010087,101.9,2.222e-05,0.872,98.05,0.0024979
2022-04-25 04:00:00,38453.92,0.002586,383.8,0.009982,99.5,2.167e-05,0.8332,95.13,0.002474
2022-04-25 08:00:00,38832.29,0.002623,392.6,0.010111,101.9,2.206e-05,0.8568,96.75,0.002492
2022-04-25 12:00:00,38976.76,0.002614,394.2,0.010112,101.8,2.202e-05,0.8581,96.95,0.0024875
2022-04-25 16:00:00,40225.97,0.002592,402.4,0.009998,104.3,2.206e-05,0.8874,100.69,0.002503
2022-04-25 20:00:00,40426.08,0.002586,404.3,0.010001,104.6,2.219e-05,0.8974,100.99,0.0024977
2022-04-26 00:00:00,40535.29,0.002577,404.0,0.009971,104.4,2.191e-05,0.8882,101.0,0.0024914
2022-04-26 04:00:00,40584.5,0.002564,402.9,0.009929,104.0,2.193e-05,0.8899,100.88,0.0024857
2022-04-26 08:00:00,40467.03,0.002579,400.4,0.009893,104.3,2.188e-05,0.8853,100.51,0.0024837
2022-04-26 12:00:00,38563.94,0.002603,387.9,0.010056,100.5,2.186e-05,0.8431,96.53,0.002503
2022-04-26 16:00:00,38270.03,0.002612,386.3,0.010087,100.0,2.169e-05,0.8301,96.58,0.0025233
2022-04-26 20:00:00,38112.65,0.002587,385.9,0.010127,98.6,2.166e-05,0.8259,95.7,0.0025114
2022-04-27 00:00:00,38343.18,0.00259,388.2,0.010121,99.4,2.163e-05,0.8294,96.8,0.0025239
2022-04-27 04:00:00,39112.74,0.002584,394.4,0.010082,101.0,2.181e-05,0.8524,99.52,0.0025461
2022-04-27 08:00:00,39017.19,0.002569,390.9,0.010019,100.2,2.149e-05,0.8386,99.22,0.0025433
2022-04-27 12:00:00,39005.76,0.00258,389.0,0.009976,100.7,2.154e-05,0.8397,98.15,0.0025165
2022-04-27 16:00:00,38858.26,0.002565,388.0,0.009985,99.7,2.136e-05,0.8298,97.42,0.0025066
2022-04-27 20:00:00,39235.72,0.002563,391.3,0.009977,100.5,2.142e-05,0.8401,98.36,0.0025072
2022-04-28 00:00:00,39342.07,0.002545,389.7,0.009907,100.1,2.132e-05,0.8388,99.14,0.0025203
2022-04-28 04:00:00,39385.01,0.002553,392.5,0.009967,100.6,2.132e-05,0.8395,99.48,0.0025266
2022-04-28 08:00:00,39679.31,0.002582,404.0,0.010181,102.4,2.135e-05,0.8469,99.84,0.002516
2022-04-28 12:00:00,39438.01,0.002568,402.4,0.010198,101.4,2.111e-05,0.8326,97.51,0.0024709
2022-04-28 16:00:00,39983.77,0.002591,405.1,0.010137,103.6,2.103e-05,0.8409,98.76,0.0024701
2022-04-28 20:00:00,39742.07,0.002598,407.1,0.010243,103.3,2.121e-05,0.8432,98.24,0.0024718
2022-04-29 00:00:00,39533.01,0.002601,404.6,0.010233,102.9,2.112e-05,0.8352,97.23,0.0024597
2022-04-29 04:00:00,39610.14,0.002592,405.9,0.010248,102.6,2.111e-05,0.8363,97.81,0.0024688
2022-04-29 08:00:00,38749.54,0.00258,394.7,0.010187,99.9,2.096e-05,0.812,95.61,0.0024674
2022-04-29 12:00:00,39004.86,0.002595,398.5,0.010218,101.3,2.098e-05,0.8183,96.16,0.0024657
2022-04-29 16:00:00,38331.54,0.002578,391.6,0.010212,98.9,2.077e-05,0.7961,92.93,0.0024238
2022-04-29 20:00:00,38596.11,0.0026,393.0,0.010179,100.4,2.085e-05,0.8048,93.96,0.0024343
2022-04-30 00:00:00,38656.37,0.002619,396.8,0.010263,101.2,2.089e-05,0.8078,94.09,0.002434
2022-04-30 04:00:00,38650.34,0.002612,398.4,0.010306,101.0,2.106e-05,0.8143,94.03,0.002433
2022-04-30 08:00:00,38580.01,0.002609,397.1,0.010292,100.6,2.088e-05,0.8052,93.88,0.0024336
2022-04-30 12:00:00,38466.56,0.002612,393.7,0.010236,100.5,2.065e-05,0.7939,92.25,0.0023979
2022-04-30 16:00:00,38466.83,0.002589,391.1,0.010171,99.6,2.05e-05,0.7885,91.58,0.0023804
2022-04-30 20:00:00,37630.8,0.002547,377.1,0.010021,95.8,2.008e-05,0.7556,84.63,0.0022498
2022-05-01 00:00:00,38041.44,0.002525,383.1,0.010072,96.1,2.008e-05,0.764,88.03,0.0023143
2022-05-01 04:00:00,37970.27,0.002537,382.2,0.010069,96.3,2.021e-05,0.7675,88.89,0.0023412
2022-05-01 08:00:00,37942.78,0.002542,383.7,0.010111,96.5,2.031e-05,0.7703,88.24,0.0023253
2022-05-01 12:00:00,38490.0,0.002564,389.5,0.010117,98.6,2.054e-05,0.7908,90.03,0.002339
2022-05-01 16:00:00,37807.87,0.002581,384.5,0.010167,97.7,2.038e-05,0.7706,88.02,0.0023277
2022-05-01 20:00:00,38468.35,0.00258,389.9,0.010135,99.3,2.052e-05,0.7895,89.68,0.0023314
2022-05-02 00:00:00,38674.1,0.00259,389.5,0.01007,100.1,2.026e-05,0.7838,89.34,0.0023097
2022-05-02 04:00:00,38881.47,0.002579,389.9,0.010028,100.3,2.025e-05,0.7876,89.79,0.0023094
2022-05-02 08:00:00,38528.77,0.002557,385.7,0.010007,98.5,2.002e-05,0.7716,86.78,0.002252
2022-05-02 12:00:00,38696.05,0.002589,388.2,0.010032,100.2,2.006e-05,0.7759,87.72,0.0022671
2022-05-02 16:00:00,38563.38,0.00261,387.7,0.010058,100.6,2.016e-05,0.7777,87.26,0.0022637
2022-05-02 20:00:00,38525.16,0.002613,389.5,0.01011,100.7,2.027e-05,0.7809,87.5,0.0022713
2022-05-03 00:00:00,38521.64,0.002626,391.3,0.010157,101.2,2.048e-05,0.7889,88.65,0.0023015
2022-05-03 04:00:00,38559.99,0.002617,389.8,0.010107,100.9,2.039e-05,0.7859,88.35,0.002291
2022-05-03 08:00:00,38570.01,0.002623,389.0,0.010088,101.1,2.067e-05,0.797,88.48,0.0022942
2022-05-03 12:00:00,38326.36,0.002636,386.7,0.010094,101.1,2.063e-05,0.7905,87.22,0.0022759
2022-05-03 16:00:00,37717.49,0.002597,381.6,0.010113,98.0,2.024e-05,0.7634,85.45,0.0022653
2022-05-03 20:00:00,37728.95,0.002633,383.9,0.010169,99.4,2.043e-05,0.7711,85.86,0.0022757
2022-05-04 00:00:00,38013.62,0.002632,385.4,0.010139,100.0,2.053e-05,0.7807,86.14,0.0022662
2022-05-04 04:00:00,38701.32,0.002623,389.5,0.010069,101.6,2.047e-05,0.7925,87.34,0.0022566
2022-05-04 08:00:00,39002.3,0.002631,391.0,0.010025,102.6,2.108e-05,0.8223,88.45,0.0022681
2022-05-04 12:00:00,38973.2,0.002624,393.7,0.010103,102.3,2.126e-05,0.8286,87.19,0.0022369
2022-05-04 16:00:00,39859.22,0.002673,401.5,0.010073,106.5,2.175e-05,0.8671,91.64,0.0022989
2022-05-04 20:00:00,39690.0,0.002677,402.6,0.010142,106.3,2.265e-05,0.8985,92.77,0.0023385
2022-05-05 00:00:00,39729.41,0.002671,403.3,0.01015,106.1,2.227e-05,0.8851,94.32,0.0023737
2022-05-05 04:00:00,39588.84,0.002658,401.0,0.010126,105.3,2.208e-05,0.8743,93.19,0.0023541
2022-05-05 08:00:00,39492.83,0.002654,404.5,0.010243,104.8,2.172e-05,0.8578,92.31,0.0023381
2022-05-05 12:00:00,36909.67,0.002663,381.2,0.010326,98.3,2.142e-05,0.7905,84.95,0.002302
2022-05-05 16:00:00,36316.0,0.002648,376.7,0.010368,96.2,2.198e-05,0.7979,83.76,0.002307
2022-05-05 20:00:00,36552.97,0.002649,378.4,0.010351,96.8,2.158e-05,0.7884,84.52,0.0023126
2022-05-06 00:00:00,36461.82,0.002662,378.9,0.010388,97.0,2.173e-05,0.7921,82.84,0.0022721
2022-05-06 04:00:00,36371.94,0.002665,377.3,0.010373,96.9,2.173e-05,0.7906,82.41,0.0022663
2022-05-06 08:00:00,35780.84,0.002655,375.0,0.010477,95.1,2.177e-05,0.779,81.23,0.0022702
2022-05-06 12:00:00,36004.34,0.002659,379.3,0.010537,95.8,2.171e-05,0.7815,81.79,0.0022721
2022-05-06 16:00:00,36001.35,0.002657,381.1,0.010585,95.7,2.18e-05,0.7846,81.97,0.0022763
2022-05-06 20:00:00,36013.77,0.002685,379.1,0.010527,96.7,2.174e-05,0.7832,81.68,0.0022678
2022-05-07 00:00:00,35812.21,0.002674,376.4,0.010511,95.8,2.156e-05,0.7724,80.5,0.0022477
2022-05-07 04:00:00,35921.6,0.002673,378.8,0.010547,96.0,2.164e-05,0.7773,80.46,0.00224
2022-05-07 08:00:00,36055.86,0.002675,374.9,0.0104,96.4,2.174e-05,0.7837,81.79,0.0022684
2022-05-07 12:00:00,35962.47,0.002679,376.1,0.010457,96.4,2.168e-05,0.7799,82.08,0.0022827
2022-05-07 16:00:00,35876.36,0.00268,376.6,0.010497,96.1,2.167e-05,0.7778,81.44,0.0022701
2022-05-07 20:00:00,35472.39,0.002658,365.5,0.0103,94.3,2.143e-05,0.7604,78.86,0.0022223
2022-05-08 00:00:00,34480.24,0.002701,359.2,0.010415,93.2,2.149e-05,0.7406,76.94,0.0022311
2022-05-08 04:00:00,34596.55,0.002714,359.5,0.010388,93.9,2.146e-05,0.7427,77.84,0.00225
2022-05-08 08:00:00,34786.24,0.002708,357.4,0.010274,94.2,2.143e-05,0.7453,79.09,0.0022748
2022-05-08 12:00:00,34357.92,0.00272,356.2,0.010367,93.4,2.15e-05,0.7385,77.14,0.0022451
2022-05-08 16:00:00,34587.64,0.002761,359.1,0.010377,95.5,2.187e-05,0.7564,76.36,0.0022079
2022-05-08 20:00:00,34038.4,0.002757,355.9,0.01045,93.9,2.174e-05,0.7403,75.38,0.0022147
2022-05-09 00:00:00,33563.15,0.002732,349.5,0.010413,91.7,2.104e-05,0.7063,75.24,0.0022411
2022-05-09 04:00:00,33523.27,0.002713,343.4,0.010245,91.0,2.062e-05,0.6914,73.94,0.0022056
2022-05-09 08:00:00,33122.31,0.002659,333.0,0.010055,88.0,2.026e-05,0.6706,72.23,0.0021816
2022-05-09 12:00:00,32341.53,0.002613,324.5,0.010031,84.5,2.038e-05,0.6595,69.84,0.0021594
2022-05-09 16:00:00,30944.82,0.002583,305.8,0.009883,80.0,2.024e-05,0.626,65.09,0.0021045
2022-05-09 20:00:00,30076.31,0.002535,296.1,0.009848,76.2,2.003e-05,0.6019,62.16,0.002068
2022-05-10 00:00:00,30642.55,0.002549,307.0,0.010016,78.2,2.021e-05,0.6195,64.46,0.002103
2022-05-10 04:00:00,31609.78,0.002582,321.7,0.01018,81.6,2.127e-05,0.6721,68.91,0.0021805
2022-05-10 08:00:00,31622.24,0.002587,325.7,0.010295,81.9,2.147e-05,0.6792,71.56,0.0022632
2022-05-10 12:00:00,31320.0,0.002594,321.0,0.01025,81.2,2.12e-05,0.6642,69.46,0.0022166
2022-05-10 16:00:00,31330.03,0.002555,324.2,0.010342,80.0,2.078e-05,0.6508,67.52,0.0021552
2022-05-10 20:00:00,31017.1,0.002584,319.1,0.010288,80.2,2.026e-05,0.6286,66.9,0.0021569
2022-05-11 00:00:00,31205.96,0.002546,318.3,0.0102,79.4,2.011e-05,0.6279,66.2,0.0021216
2022-05-11 04:00:00,30614.99,0.002509,299.9,0.009796,76.8,1.989e-05,0.6092,62.62,0.0020449
2022-05-11 08:00:00,31533.15,0.002513,305.4,0.009688,79.3,1.965e-05,0.6197,61.39,0.0019464
2022-05-11 12:00:00,30977.61,0.002403,288.2,0.009305,74.4,1.847e-05,0.5723,55.53,0.0017918
2022-05-11 16:00:00,29372.22,0.002318,271.3,0.009233,68.1,1.794e-05,0.5272,47.9,0.0016304
2022-05-11 20:00:00,29103.94,0.00229,271.5,0.009331,66.6,1.781e-05,0.5187,50.9,0.0017491
2022-05-12 00:00:00,28406.15,0.002182,255.1,0.008977,62.1,1.555e-05,0.4416,45.18,0.0015894
2022-05-12 04:00:00,28193.4,0.002192,247.4,0.008776,61.7,1.627e-05,0.4589,44.7,0.0015843
2022-05-12 08:00:00,28472.98,0.002202,273.2,0.00959,62.7,1.619e-05,0.461,43.95,0.0015432
2022-05-12 12:00:00,29021.27,0.002234,272.6,0.009398,64.9,1.651e-05,0.4793,44.67,0.0015399
2022-05-12 16:00:00,28641.15,0.002256,269.6,0.009411,64.6,1.697e-05,0.4862,44.63,0.0015599
2022-05-12 20:00:00,29029.75,0.00222,269.0,0.009265,64.5,1.629e-05,0.4733,44.64,0.0015384
2022-05-13 00:00:00,30582.54,0.002277,307.4,0.010057,69.6,1.788e-05,0.5469,50.43,0.0016474
2022-05-13 04:00:00,30171.13,0.002254,296.1,0.009812,68.0,1.876e-05,0.5653,49.07,0.0016249
2022-05-13 08:00:00,30668.08,0.002359,309.1,0.010081,72.4,1.913e-05,0.5869,53.18,0.0017341
2022-05-13 12:00:00,30339.99,0.002332,302.0,0.009952,70.7,1.873e-05,0.568,53.08,0.0017492
2022-05-13 16:00:00,30084.11,0.002309,296.3,0.009853,69.5,1.84e-05,0.5534,51.49,0.0017119
2022-05-13 20:00:00,29287.05,0.002318,290.6,0.009926,67.9,1.806e-05,0.529,48.92,0.0016705
2022-05-14 00:00:00,29569.89,0.002328,293.6,0.009927,68.9,1.844e-05,0.5451,51.73,0.0017494
2022-05-14 04:00:00,29431.59,0.002298,287.0,0.009749,67.7,1.807e-05,0.5319,50.74,0.001724
2022-05-14 08:00:00,29074.24,0.00226,281.5,0.009681,65.7,1.756e-05,0.5104,48.04,0.001652
2022-05-14 12:00:00,28818.06,0.002245,277.9,0.009644,64.8,1.716e-05,0.4943,46.47,0.0016122
2022-05-14 16:00:00,29338.78,0.002283,286.9,0.009778,66.9,1.752e-05,0.514,49.37,0.001683
2022-05-14 20:00:00,30086.74,0.002288,296.9,0.009872,68.9,1.785e-05,0.5372,52.43,0.0017427
2022-05-15 00:00:00,29721.65,0.00225,289.7,0.009742,66.9,1.75e-05,0.5202,50.2,0.0016887
2022-05-15 04:00:00,29825.99,0.002276,294.7,0.009882,67.9,1.793e-05,0.5348,51.46,0.0017256
2022-05-15 08:00:00,30241.46,0.002284,302.4,0.010005,69.1,1.848e-05,0.5584,53.45,0.0017677
2022-05-15 12:00:00,30013.47,0.002266,297.7,0.009922,68.0,1.822e-05,0.5467,52.88,0.0017621
2022-05-15 16:00:00,30457.88,0.002291,303.9,0.009974,69.8,1.905e-05,0.5802,55.27,0.0018142
2022-05-15 20:00:00,31328.89,0.002284,312.4,0.00997,71.6,1.91e-05,0.5981,58.83,0.0018781
2022-05-16 00:00:00,30323.23,0.002253,301.3,0.00994,68.3,1.908e-05,0.5785,56.09,0.0018493
2022-05-16 04:00:00,29593.89,0.002236,294.0,0.009936,66.2,1.895e-05,0.5607,53.79,0.0018179
2022-05-16 08:00:00,29950.95,0.002238,298.1,0.009952,67.1,1.885e-05,0.5648,53.82,0.0017976
2022-05-16 12:00:00,29676.56,0.002241,295.8,0.009968,66.5,1.872e-05,0.5553,53.29,0.0017946
2022-05-16 16:00:00,29576.7,0.002277,297.7,0.01006,67.3,1.882e-05,0.557,54.0,0.001826
2022-05-16 20:00:00,29874.01,0.002249,297.2,0.009949,67.3,1.864e-05,0.5569,53.79,0.0018019
2022-05-17 00:00:00,30363.59,0.002325,306.3,0.010089,70.6,1.874e-05,0.5687,55.77,0.0018363
2022-05-17 04:00:00,30412.06,0.002308,304.5,0.010009,70.3,1.895e-05,0.5759,55.78,0.0018347
2022-05-17 08:00:00,30319.47,0.00233,306.4,0.010106,70.6,1.914e-05,0.5808,55.67,0.001836
2022-05-17 12:00:00,30153.74,0.002368,303.5,0.010063,71.3,1.906e-05,0.5746,55.17,0.001829
2022-05-17 16:00:00,30097.09,0.002386,301.2,0.010007,71.8,1.882e-05,0.5663,55.19,0.0018336
2022-05-17 20:00:00,30444.93,0.002401,306.2,0.010058,73.2,1.898e-05,0.5778,57.02,0.0018728
2022-05-18 00:00:00,29831.4,0.002389,300.6,0.010076,71.3,1.874e-05,0.5591,55.09,0.0018467
2022-05-18 04:00:00,29910.25,0.002385,300.3,0.01004,71.4,1.887e-05,0.5642,55.42,0.0018522
2022-05-18 08:00:00,29833.58,0.002408,301.6,0.010113,71.8,1.865e-05,0.5566,54.2,0.0018167
2022-05-18 12:00:00,28984.99,0.002322,291.3,0.010054,67.3,1.802e-05,0.5222,50.4,0.0017382
2022-05-18 16:00:00,29276.55,0.002336,296.6,0.010128,68.5,1.815e-05,0.5314,51.72,0.0017667
2022-05-18 20:00:00,28715.32,0.002297,287.7,0.010017,66.0,1.762e-05,0.5059,49.93,0.0017386
2022-05-19 00:00:00,29196.78,0.00231,295.2,0.010113,67.5,1.774e-05,0.5177,50.63,0.0017338
2022-05-19 04:00:00,29192.13,0.002319,298.8,0.010236,67.7,1.766e-05,0.5155,51.08,0.0017496
2022-05-19 08:00:00,29500.2,0.002321,301.4,0.010223,68.4,1.793e-05,0.529,51.22,0.0017356
2022-05-19 12:00:00,30389.45,0.002371,306.8,0.0101,72.0,1.778e-05,0.5401,53.22,0.0017532
2022-05-19 16:00:00,29967.4,0.002358,303.6,0.010136,70.7,1.75e-05,0.5244,51.6,0.0017209
2022-05-19 20:00:00,30319.23,0.002379,307.1,0.010122,72.1,1.759e-05,0.5334,52.2,0.0017208
2022-05-20 00:00:00,30175.03,0.002296,308.0,0.010207,69.3,1.758e-05,0.5305,51.5,0.0017073
2022-05-20 04:00:00,30256.74,0.002316,307.2,0.010155,70.1,1.753e-05,0.5302,52.08,0.0017214
2022-05-20 08:00:00,30414.07,0.002339,315.5,0.010373,71.2,1.775e-05,0.5399,53.16,0.0017482
2022-05-20 12:00:00,29152.9,0.002329,299.3,0.010261,67.8,1.749e-05,0.5101,49.41,0.0016953
2022-05-20 16:00:00,29291.55,0.002355,302.2,0.010317,69.0,1.751e-05,0.5128,50.16,0.0017126
2022-05-20 20:00:00,29201.01,0.002347,302.2,0.010354,68.6,1.768e-05,0.5162,49.43,0.0016936
2022-05-21 00:00:00,29258.18,0.002384,303.0,0.01036,69.7,1.786e-05,0.5227,50.13,0.0017135
2022-05-21 04:00:00,29423.18,0.002369,306.2,0.010406,69.8,1.798e-05,0.5292,50.0,0.0016995
2022-05-21 08:00:00,29288.0,0.00236,307.0,0.010481,69.2,1.803e-05,0.5278,49.44,0.0016876
2022-05-21 12:00:00,29552.47,0.00237,311.7,0.010547,70.1,1.816e-05,0.5366,50.71,0.0017156
2022-05-21 16:00:00,29464.31,0.002374,312.6,0.010611,70.0,1.796e-05,0.5294,50.22,0.0017042
2022-05-21 20:00:00,29445.06,0.002372,312.4,0.010613,69.8,1.795e-05,0.5286,50.31,0.0017086
2022-05-22 00:00:00,29363.5,0.002381,316.5,0.010779,69.9,1.794e-05,0.527,50.14,0.0017078
2022-05-22 04:00:00,29441.78,0.002389,314.9,0.010696,70.4,1.815e-05,0.5345,50.27,0.0017075
2022-05-22 08:00:00,29897.52,0.002398,317.6,0.010625,71.7,1.814e-05,0.5423,51.49,0.0017224
2022-05-22 12:00:00,29844.01,0.002377,316.9,0.010618,70.9,1.792e-05,0.5348,51.81,0.001736
2022-05-22 16:00:00,29936.01,0.002367,317.3,0.010601,70.8,1.785e-05,0.5347,51.42,0.0017175
2022-05-22 20:00:00,30293.94,0.002367,319.4,0.010545,71.7,1.788e-05,0.5416,52.48,0.0017329
2022-05-23 00:00:00,30171.32,0.002359,320.6,0.010627,71.2,1.797e-05,0.542,52.22,0.0017308
2022-05-23 04:00:00,30457.01,0.002374,328.4,0.010781,72.3,1.806e-05,0.5499,53.56,0.0017584
2022-05-23 08:00:00,30397.11,0.002412,332.6,0.010943,73.3,1.814e-05,0.5514,54.01,0.0017765
2022-05-23 12:00:00,30373.53,0.002399,333.6,0.010986,72.9,1.822e-05,0.5531,53.86,0.0017739
2022-05-23 16:00:00,29089.9,0.002364,323.6,0.01112,68.8,1.78e-05,0.5178,50.09,0.0017217
2022-05-23 20:00:00,29109.15,0.002371,317.2,0.010895,69.1,1.763e-05,0.5134,49.17,0.0016889
2022-05-24 00:00:00,29299.92,0.002383,326.8,0.011156,69.9,1.78e-05,0.5219,49.89,0.0017029
2022-05-24 04:00:00,29404.55,0.002359,328.2,0.011159,69.4,1.772e-05,0.521,49.84,0.0016952
2022-05-24 08:00:00,29295.74,0.00238,323.2,0.011033,69.7,1.758e-05,0.515,49.55,0.0016912
2022-05-24 12:00:00,29382.31,0.002362,321.5,0.010941,69.5,1.759e-05,0.5168,50.09,0.0017045
2022-05-24 16:00:00,29391.62,0.002381,322.8,0.010984,69.9,1.748e-05,0.5141,49.09,0.0016702
2022-05-24 20:00:00,29654.58,0.00237,328.3,0.011072,70.2,1.76e-05,0.5219,49.67,0.0016752
2022-05-25 00:00:00,30198.09,0.002354,335.9,0.011125,71.1,1.751e-05,0.5287,50.32,0.0016664
2022-05-25 04:00:00,29701.46,0.002343,330.1,0.011113,69.6,1.735e-05,0.5154,48.83,0.0016436
2022-05-25 08:00:00,29409.01,0.002322,325.2,0.011061,68.3,1.73e-05,0.509,47.69,0.0016228
2022-05-25 12:00:00,29629.36,0.002321,327.4,0.011053,68.8,1.733e-05,0.513,48.25,0.0016287
2022-05-25 16:00:00,29599.1,0.002305,326.1,0.011016,68.3,1.734e-05,0.5132,48.31,0.0016317
2022-05-25 20:00:00,29542.15,0.002308,325.7,0.011021,68.2,1.741e-05,0.5146,47.98,0.0016237
2022-05-26 00:00:00,29837.16,0.002283,327.9,0.010988,68.1,1.725e-05,0.5147,48.18,0.0016149
2022-05-26 04:00:00,29733.7,0.002233,321.4,0.01081,66.4,1.697e-05,0.5043,46.42,0.0015613
2022-05-26 08:00:00,28998.4,0.002157,310.7,0.010717,62.6,1.672e-05,0.4849,43.72,0.0015075
2022-05-26 12:00:00,29393.1,0.002188,313.0,0.010649,64.3,1.675e-05,0.4926,45.11,0.0015348
2022-05-26 16:00:00,29379.76,0.002166,308.9,0.010515,63.6,1.635e-05,0.4806,44.05,0.0014995
2022-05-26 20:00:00,29201.35,0.002172,303.0,0.010375,63.5,1.638e-05,0.4789,43.44,0.0014874
2022-05-27 00:00:00,29020.01,0.002169,302.1,0.010415,62.9,1.621e-05,0.4701,42.65,0.00147
2022-05-27 04:00:00,28992.99,0.002162,298.5,0.010298,62.6,1.593e-05,0.4617,41.04,0.0014161
2022-05-27 08:00:00,28912.96,0.002178,301.2,0.01042,62.9,1.605e-05,0.464,41.59,0.001438
2022-05-27 12:00:00,28850.45,0.002167,302.1,0.010477,62.4,1.592e-05,0.4597,42.15,0.0014604
2022-05-27 16:00:00,28880.0,0.002153,301.4,0.010438,62.2,1.586e-05,0.4579,41.86,0.0014493
2022-05-27 20:00:00,28629.8,0.00215,301.6,0.010535,61.6,1.595e-05,0.4566,41.17,0.0014381
2022-05-28 00:00:00,28819.2,0.002164,301.0,0.010444,62.3,1.583e-05,0.4564,41.32,0.0014339
2022-05-28 04:00:00,28885.72,0.002159,302.2,0.010463,62.3,1.592e-05,0.4598,41.71,0.0014432
2022-05-28 08:00:00,28828.02,0.002191,302.1,0.010479,63.2,1.587e-05,0.4574,41.59,0.0014429
2022-05-28 12:00:00,28988.21,0.002186,307.4,0.010606,63.4,1.597e-05,0.463,42.98,0.0014824
2022-05-28 16:00:00,29019.82,0.002178,308.9,0.010642,63.2,1.604e-05,0.4656,44.43,0.001531
2022-05-28 20:00:00,29031.33,0.00217,307.5,0.010597,63.0,1.601e-05,0.4646,44.25,0.0015244
2022-05-29 00:00:00,28984.32,0.002148,300.8,0.010381,62.2,1.588e-05,0.4601,42.36,0.0014615
2022-05-29 04:00:00,29008.35,0.002158,301.0,0.010375,62.6,1.603e-05,0.4651,42.45,0.0014639
2022-05-29 08:00:00,29213.85,0.002173,302.8,0.010367,63.4,1.615e-05,0.4716,44.07,0.0015086
2022-05-29 12:00:00,29215.98,0.00217,303.2,0.010379,63.4,1.615e-05,0.4718,44.71,0.0015293
2022-05-29 16:00:00,29126.41,0.002165,302.4,0.010384,63.0,1.626e-05,0.4735,44.26,0.0015197
2022-05-29 20:00:00,29468.1,0.00216,305.8,0.010379,63.6,1.636e-05,0.482,44.98,0.0015265
2022-05-30 00:00:00,30353.07,0.002163,317.3,0.010451,65.7,1.691e-05,0.5132,45.95,0.0015137
2022-05-30 04:00:00,30636.12,0.002181,319.7,0.010433,66.9,1.698e-05,0.52,47.07,0.0015364
2022-05-30 08:00:00,30665.37,0.002152,317.3,0.01035,65.9,1.705e-05,0.5228,46.07,0.0015022
2022-05-30 12:00:00,30634.08,0.002167,313.8,0.010241,66.4,1.748e-05,0.5356,45.84,0.0014959
2022-05-30 16:00:00,30643.11,0.002183,313.4,0.010227,66.9,1.743e-05,0.5342,45.67,0.0014905
2022-05-30 20:00:00,31734.22,0.002177,321.8,0.010139,69.1,1.796e-05,0.5698,47.22,0.0014881
2022-05-31 00:00:00,31772.82,0.002181,320.8,0.010095,69.3,1.839e-05,0.5844,47.7,0.0015008
2022-05-31 04:00:00,31573.77,0.002178,318.3,0.010083,68.8,2.071e-05,0.6538,46.36,0.0014683
2022-05-31 08:00:00,31767.0,0.002161,320.6,0.010095,68.7,2.059e-05,0.6542,46.59,0.0014666
2022-05-31 12:00:00,32058.53,0.002147,321.2,0.010023,68.9,1.978e-05,0.634,46.35,0.0014458
2022-05-31 16:00:00,31625.71,0.002146,318.8,0.01008,67.9,1.894e-05,0.5988,45.53,0.00144
2022-05-31 20:00:00,31801.04,0.00215,320.9,0.010091,68.4,1.971e-05,0.6268,45.77,0.0014393
2022-06-01 00:00:00,31627.3,0.002176,319.2,0.010096,68.8,1.902e-05,0.6015,44.78,0.0014153
2022-06-01 04:00:00,31482.43,0.002151,317.2,0.010077,67.7,1.92e-05,0.6045,44.59,0.0014161
2022-06-01 08:00:00,31609.16,0.002155,316.5,0.010016,68.0,1.912e-05,0.6045,44.6,0.001411
2022-06-01 12:00:00,30742.59,0.002138,305.6,0.009939,65.7,1.849e-05,0.5681,42.93,0.0013972
2022-06-01 16:00:00,30126.72,0.002124,303.4,0.010069,63.9,1.85e-05,0.5573,41.29,0.0013704
2022-06-01 20:00:00,29805.83,0.002104,300.4,0.010082,62.7,1.851e-05,0.5516,40.11,0.0013458
2022-06-02 00:00:00,29730.12,0.002098,300.5,0.010107,62.4,1.893e-05,0.563,38.85,0.0013065
2022-06-02 04:00:00,29968.26,0.002115,303.4,0.010127,63.4,1.915e-05,0.5741,39.68,0.0013243
2022-06-02 08:00:00,30173.67,0.002118,305.0,0.010107,64.0,1.936e-05,0.5842,41.04,0.0013602
2022-06-02 12:00:00,30212.73,0.002107,303.5,0.010046,63.7,1.945e-05,0.5878,40.7,0.0013469
2022-06-02 16:00:00,30293.01,0.002112,305.3,0.010079,64.0,1.925e-05,0.5832,40.45,0.0013354
2022-06-02 20:00:00,30452.62,0.002115,308.3,0.010126,64.5,1.928e-05,0.5871,40.85,0.0013418
2022-06-03 00:00:00,30529.96,0.002112,308.4,0.010101,64.5,1.936e-05,0.5911,41.15,0.0013477
2022-06-03 04:00:00,30443.74,0.002103,305.2,0.010028,64.1,1.928e-05,0.5868,40.32,0.0013242
2022-06-03 08:00:00,29758.19,0.002092,296.2,0.009952,62.2,1.867e-05,0.5555,38.25,0.0012851
2022-06-03 12:00:00,29506.24,0.002097,295.5,0.010015,61.9,1.851e-05,0.5462,38.05,0.0012897
2022-06-03 16:00:00,29572.52,0.002095,296.3,0.010018,62.0,1.886e-05,0.558,38.17,0.0012909
2022-06-03 20:00:00,29700.21,0.002107,298.6,0.010051,62.6,1.886e-05,0.56,38.28,0.0012886
2022-06-04 00:00:00,29560.12,0.002089,295.6,0.010001,61.8,1.866e-05,0.5514,36.3,0.0012276
2022-06-04 04:00:00,29700.96,0.00211,298.3,0.01004,62.7,1.896e-05,0.5632,37.34,0.0012579
2022-06-04 08:00:00,29681.69,0.002106,299.0,0.010074,62.4,1.868e-05,0.5545,37.0,0.0012462
2022-06-04 12:00:00,29858.8,0.002121,301.4,0.010093,63.4,1.877e-05,0.5603,37.77,0.0012649
2022-06-04 16:00:00,29655.41,0.002136,300.1,0.010119,63.4,1.883e-05,0.5585,37.51,0.0012652
2022-06-04 20:00:00,29864.04,0.002135,301.3,0.010091,63.7,1.898e-05,0.5665,39.0,0.0013057
2022-06-05 00:00:00,29766.95,0.002115,297.5,0.009999,62.9,1.898e-05,0.5652,38.3,0.0012867
2022-06-05 04:00:00,29645.67,0.002117,297.6,0.010038,62.8,1.892e-05,0.5607,38.83,0.0013094
2022-06-05 08:00:00,29718.69,0.002118,297.5,0.010011,62.9,1.881e-05,0.5589,39.47,0.0013281
2022-06-05 12:00:00,29972.22,0.002106,299.1,0.009979,63.2,1.884e-05,0.5648,39.82,0.0013284
2022-06-05 16:00:00,30049.86,0.00211,301.2,0.010019,63.4,1.918e-05,0.5763,39.65,0.0013194
2022-06-05 20:00:00,29919.21,0.002111,299.1,0.009998,63.2,1.896e-05,0.5674,38.52,0.0012877
2022-06-06 00:00:00,31251.0,0.002095,307.3,0.009834,65.5,1.978e-05,0.6182,41.77,0.0013366
2022-06-06 04:00:00,31292.77,0.002102,310.2,0.009916,65.8,2.036e-05,0.6372,43.05,0.0013754
2022-06-06 08:00:00,31396.71,0.002099,307.5,0.009795,65.9,1.989e-05,0.6247,43.92,0.0013987
2022-06-06 12:00:00,31541.42,0.002062,303.5,0.009619,65.1,1.933e-05,0.6092,42.83,0.0013575
2022-06-06 16:00:00,31470.72,0.002042,302.1,0.009601,64.3,1.926e-05,0.6061,42.23,0.0013418
2022-06-06 20:00:00,31373.1,0.002054,295.1,0.009405,64.5,1.942e-05,0.6091,42.39,0.0013512
2022-06-07 00:00:00,29563.62,0.002077,284.5,0.00962,61.5,1.994e-05,0.5898,39.55,0.0013376
2022-06-07 04:00:00,29585.12,0.002079,284.7,0.009622,61.5,1.988e-05,0.5879,39.31,0.0013292
2022-06-07 08:00:00,29521.5,0.002074,276.7,0.009372,61.3,1.977e-05,0.5834,38.07,0.0012897
2022-06-07 12:00:00,29891.17,0.002085,282.7,0.009458,62.3,2.057e-05,0.6152,39.14,0.0013091
2022-06-07 16:00:00,31059.71,0.002074,292.9,0.009431,64.4,2.03e-05,0.6304,40.44,0.0013029
2022-06-07 20:00:00,31125.33,0.002052,290.3,0.009324,63.8,1.973e-05,0.6141,39.31,0.0012626
2022-06-08 00:00:00,30026.72,0.00208,285.2,0.009498,62.5,2.1e-05,0.6306,38.65,0.0012872
2022-06-08 04:00:00,30561.77,0.00205,290.3,0.009499,62.6,2.088e-05,0.638,39.25,0.0012845
2022-06-08 08:00:00,30410.85,0.00204,290.7,0.00956,62.0,2.115e-05,0.6431,39.31,0.0012928
2022-06-08 12:00:00,30476.77,0.002049,292.6,0.009603,62.5,2.179e-05,0.664,39.71,0.0013032
2022-06-08 16:00:00,30140.14,0.002053,288.6,0.009577,61.9,2.145e-05,0.6466,38.79,0.0012867
2022-06-08 20:00:00,30204.77,0.002031,288.5,0.00955,61.3,2.122e-05,0.6408,38.83,0.0012857
2022-06-09 00:00:00,30293.49,0.002025,288.7,0.009529,61.4,2.126e-05,0.6445,39.12,0.0012919
2022-06-09 04:00:00,30487.54,0.00203,290.3,0.009521,61.9,2.14e-05,0.6528,39.54,0.0012971
2022-06-09 08:00:00,30299.47,0.002029,290.8,0.009596,61.5,2.117e-05,0.6413,41.22,0.0013602
2022-06-09 12:00:00,30302.24,0.002024,290.7,0.009593,61.3,2.114e-05,0.6407,40.34,0.0013317
2022-06-09 16:00:00,30017.12,0.002008,288.4,0.009611,60.2,2.095e-05,0.6288,39.66,0.0013213
2022-06-09 20:00:00,30109.93,0.002,289.9,0.009627,60.3,2.1e-05,0.6323,39.96,0.0013273
2022-06-10 00:00:00,30114.38,0.001989,291.1,0.009664,59.9,2.089e-05,0.6294,40.27,0.0013378
2022-06-10 04:00:00,30052.43,0.001994,290.0,0.009648,60.0,2.075e-05,0.6234,40.32,0.0013419
2022-06-10 08:00:00,30020.56,0.001973,289.4,0.009639,59.2,2.044e-05,0.6137,39.31,0.0013094
2022-06-10 12:00:00,29454.53,0.001952,290.6,0.009866,57.4,1.995e-05,0.5876,37.98,0.0012892
2022-06-10 16:00:00,28980.02,0.001955,284.9,0.009828,56.6,1.98e-05,0.5735,37.26,0.0012856
2022-06-10 20:00:00,29091.88,0.001949,286.4,0.009842,56.7,1.974e-05,0.5744,37.17,0.0012769
2022-06-11 00:00:00,29272.43,0.001967,288.6,0.009858,57.6,1.998e-05,0.5851,37.54,0.0012824
2022-06-11 04:00:00,29326.83,0.001961,289.4,0.009868,57.6,2.075e-05,0.6083,37.7,0.0012856
2022-06-11 08:00:00,28734.01,0.001925,278.8,0.009704,55.3,2.019e-05,0.5801,35.47,0.0012346
2022-06-11 12:00:00,28405.54,0.001854,268.5,0.009452,52.6,1.946e-05,0.5528,33.76,0.0011887
2022-06-11 16:00:00,28595.28,0.001848,271.7,0.009498,52.9,1.954e-05,0.5587,34.12,0.0011939
2022-06-11 20:00:00,28424.7,0.001834,269.9,0.009497,52.2,1.949e-05,0.554,33.93,0.0011939
2022-06-12 00:00:00,27553.23,0.001806,257.6,0.00935,49.8,1.881e-05,0.5182,32.31,0.0011726
2022-06-12 04:00:00,27645.89,0.00181,258.5,0.009352,50.0,1.882e-05,0.5204,33.16,0.0011997
2022-06-12 08:00:00,27457.39,0.001818,258.4,0.009409,49.9,1.876e-05,0.5151,32.74,0.0011922
2022-06-12 12:00:00,28094.42,0.001827,264.2,0.009404,51.3,1.902e-05,0.5344,34.01,0.0012107
2022-06-12 16:00:00,27424.71,0.001835,262.2,0.009559,50.4,1.885e-05,0.5171,32.61,0.0011889
2022-06-12 20:00:00,26574.53,0.001803,254.8,0.009585,47.9,1.845e-05,0.4904,30.61,0.001152
2022-06-13 00:00:00,25520.05,0.00178,240.2,0.009416,45.4,1.867e-05,0.4764,28.85,0.0011305
2022-06-13 04:00:00,24811.59,0.001792,232.7,0.009381,44.5,1.824e-05,0.4525,27.57,0.001111
2022-06-13 08:00:00,23729.43,0.001775,221.2,0.009322,42.1,1.893e-05,0.4495,26.84,0.0011312
2022-06-13 12:00:00,23271.54,0.001857,224.2,0.009636,43.2,2.017e-05,0.4693,27.92,0.0012001
2022-06-13 16:00:00,23218.22,0.001891,225.1,0.009695,43.9,2.044e-05,0.4739,28.31,0.0012202
2022-06-13 20:00:00,22487.41,0.001934,223.0,0.009912,43.5,2.064e-05,0.4644,28.6,0.001272
2022-06-14 00:00:00,22127.91,0.002011,221.7,0.010016,44.5,2.161e-05,0.4781,28.94,0.0013074
2022-06-14 04:00:00,22877.52,0.00199,230.0,0.010053,45.53,2.262e-05,0.5174,31.02,0.0013556
2022-06-14 08:00:00,21994.56,0.002002,220.3,0.010021,44.03,2.241e-05,0.4928,29.1,0.0013226
2022-06-14 12:00:00,22680.38,0.002009,227.4,0.010028,45.57,2.219e-05,0.5032,31.03,0.0013679
2022-06-14 16:00:00,22196.28,0.002043,221.8,0.009996,45.32,2.14e-05,0.4748,29.44,0.0013266
2022-06-14 20:00:00,22136.41,0.002086,223.0,0.010076,46.15,2.182e-05,0.4831,29.59,0.0013362
2022-06-15 00:00:00,21455.8,0.002085,216.8,0.010101,44.76,2.171e-05,0.4658,28.8,0.0013419
2022-06-15 04:00:00,20722.92,0.002087,207.3,0.010008,43.26,2.204e-05,0.4566,27.66,0.0013343
2022-06-15 08:00:00,21177.03,0.002094,212.6,0.010043,44.33,2.266e-05,0.4798,28.9,0.0013646
2022-06-15 12:00:00,21419.1,0.002101,212.7,0.009929,44.97,2.215e-05,0.4745,29.51,0.0013773
2022-06-15 16:00:00,21632.04,0.002234,221.4,0.010233,48.34,2.361e-05,0.5104,31.48,0.0014554
2022-06-15 20:00:00,22583.72,0.002243,233.6,0.010344,50.65,2.367e-05,0.5348,34.76,0.0015394
2022-06-16 00:00:00,22211.62,0.002237,230.1,0.010362,49.67,2.334e-05,0.5183,33.79,0.0015211
2022-06-16 04:00:00,21764.17,0.002175,222.6,0.010225,47.32,2.318e-05,0.5047,32.61,0.0014978
2022-06-16 08:00:00,21044.55,0.002139,215.9,0.010259,45.03,2.322e-05,0.4888,31.28,0.0014864
2022-06-16 12:00:00,21074.77,0.002165,215.6,0.01023,45.6,2.339e-05,0.4926,31.31,0.0014858
2022-06-16 16:00:00,20875.48,0.002179,214.3,0.010264,45.5,2.321e-05,0.4848,30.87,0.0014785
2022-06-16 20:00:00,20401.31,0.002195,210.2,0.010306,44.78,2.334e-05,0.4762,30.12,0.0014763
2022-06-17 00:00:00,20383.38,0.002242,212.4,0.010419,45.69,2.367e-05,0.4827,30.03,0.0014734
2022-06-17 04:00:00,21100.64,0.002248,219.6,0.010409,47.45,2.368e-05,0.4995,31.59,0.0014972
2022-06-17 08:00:00,20972.04,0.00223,217.8,0.010383,46.78,2.343e-05,0.4915,31.58,0.0015058
2022-06-17 12:00:00,20663.7,0.002233,215.9,0.010446,46.13,2.361e-05,0.4878,31.21,0.0015107
2022-06-17 16:00:00,20515.59,0.002253,214.9,0.010476,46.21,2.366e-05,0.4853,31.14,0.0015181
2022-06-17 20:00:00,20468.81,0.002325,215.8,0.010544,47.6,2.38e-05,0.4872,30.71,0.0015005
2022-06-18 00:00:00,20459.65,0.002322,212.6,0.010388,47.5,2.371e-05,0.4851,30.08,0.0014704
2022-06-18 04:00:00,19258.58,0.002316,201.3,0.010451,44.59,2.384e-05,0.4593,28.48,0.0014782
2022-06-18 08:00:00,19243.98,0.002346,202.9,0.010542,45.15,2.422e-05,0.4663,30.0,0.001558
2022-06-18 12:00:00,18953.76,0.002368,198.5,0.010471,44.89,2.409e-05,0.4567,29.81,0.0015726
2022-06-18 16:00:00,18067.6,0.002363,188.3,0.010424,42.72,2.4e-05,0.4335,28.09,0.0015552
2022-06-18 20:00:00,18970.79,0.002486,197.0,0.010379,47.18,2.397e-05,0.4549,32.02,0.0016873
2022-06-19 00:00:00,18311.09,0.002474,192.3,0.010508,45.31,2.409e-05,0.4411,30.19,0.0016481
2022-06-19 04:00:00,18306.93,0.002533,193.1,0.010545,46.38,2.436e-05,0.4458,29.21,0.0015953
2022-06-19 08:00:00,19692.5,0.002549,207.2,0.010522,50.2,2.365e-05,0.4658,32.4,0.0016454
2022-06-19 12:00:00,19824.97,0.002602,209.4,0.010557,51.63,2.372e-05,0.4703,33.47,0.0016885
2022-06-19 16:00:00,20124.08,0.00274,211.8,0.010527,55.15,2.348e-05,0.4725,33.21,0.0016497
2022-06-19 20:00:00,20574.0,0.002637,215.1,0.010452,54.29,2.356e-05,0.4848,34.19,0.0016623
2022-06-20 00:00:00,19980.49,0.002647,208.7,0.010444,52.89,2.345e-05,0.4686,32.27,0.001615
2022-06-20 04:00:00,20086.63,0.0026,207.1,0.010317,52.22,2.329e-05,0.4677,32.33,0.0016097
2022-06-20 08:00:00,20801.79,0.002571,216.0,0.010383,53.49,2.421e-05,0.5037,36.34,0.0017462
2022-06-20 12:00:00,20824.74,0.002536,217.8,0.010457,52.79,2.399e-05,0.4998,35.29,0.0016943
2022-06-20 16:00:00,20072.81,0.002603,213.8,0.010643,52.26,2.424e-05,0.4869,34.45,0.0017155
2022-06-20 20:00:00,20573.89,0.002564,216.5,0.010526,52.77,2.39e-05,0.4915,35.24,0.0017137
2022-06-21 00:00:00,20614.04,0.00257,218.2,0.010582,52.98,2.394e-05,0.4936,35.22,0.0017082
2022-06-21 04:00:00,21120.28,0.002517,221.0,0.010463,53.18,2.344e-05,0.495,36.83,0.0017457
2022-06-21 08:00:00,20962.42,0.002503,219.0,0.01045,52.49,2.361e-05,0.495,37.15,0.0017717
2022-06-21 12:00:00,21392.19,0.002529,225.1,0.010519,54.1,2.34e-05,0.5006,37.95,0.0017739
2022-06-21 16:00:00,20888.64,0.002536,220.2,0.010538,52.99,2.305e-05,0.4813,36.6,0.0017513
2022-06-21 20:00:00,20723.52,0.002582,220.1,0.01062,53.52,2.322e-05,0.4813,36.42,0.0017572
2022-06-22 00:00:00,20317.88,0.002526,215.5,0.010605,51.33,2.287e-05,0.4646,34.7,0.001708
2022-06-22 04:00:00,20099.62,0.002525,212.0,0.010544,50.77,2.293e-05,0.4608,33.86,0.0016849
2022-06-22 08:00:00,20506.3,0.002545,216.0,0.010532,52.17,2.304e-05,0.4724,35.48,0.0017307
2022-06-22 12:00:00,20080.1,0.002577,215.2,0.010718,51.74,2.327e-05,0.4674,34.75,0.001731
2022-06-22 16:00:00,20117.34,0.002573,216.2,0.010752,51.76,2.324e-05,0.4675,34.4,0.0017098
2022-06-22 20:00:00,19987.99,0.002608,214.4,0.010726,52.13,2.298e-05,0.4594,34.12,0.0017074
2022-06-23 00:00:00,20213.79,0.002681,217.9,0.010777,54.19,2.31e-05,0.4669,35.13,0.0017381
2022-06-23 04:00:00,20461.83,0.002693,222.2,0.010861,55.12,2.301e-05,0.4708,35.97,0.0017576
2022-06-23 08:00:00,20638.79,0.002642,225.2,0.010914,54.51,2.292e-05,0.4731,36.91,0.0017884
2022-06-23 12:00:00,20351.91,0.002663,222.9,0.010948,54.23,2.295e-05,0.4673,37.22,0.0018284
2022-06-23 16:00:00,20910.06,0.002658,229.2,0.01096,55.57,2.268e-05,0.4743,37.57,0.0017965
2022-06-23 20:00:00,21110.13,0.002641,228.9,0.010845,55.74,2.273e-05,0.48,38.15,0.0018073
2022-06-24 00:00:00,21073.73,0.002651,231.8,0.010996,55.87,2.332e-05,0.4915,38.93,0.0018469
2022-06-24 04:00:00,20913.72,0.002658,231.1,0.011051,55.57,2.354e-05,0.4924,38.33,0.0018327
2022-06-24 08:00:00,21169.53,0.002652,236.9,0.011196,56.12,2.352e-05,0.498,40.28,0.0019032
2022-06-24 12:00:00,20884.17,0.002653,235.1,0.01126,55.4,2.356e-05,0.4918,40.09,0.0019197
2022-06-24 16:00:00,21253.61,0.002622,238.9,0.011241,55.72,2.365e-05,0.5026,41.16,0.001937
2022-06-24 20:00:00,21237.69,0.002629,240.2,0.011313,55.84,2.345e-05,0.4981,41.91,0.0019741
2022-06-25 00:00:00,21300.62,0.002654,238.6,0.011203,56.53,2.35e-05,0.5007,41.41,0.0019441
2022-06-25 04:00:00,21508.13,0.002648,241.3,0.011224,56.94,2.346e-05,0.5043,42.17,0.0019606
2022-06-25 08:00:00,21340.22,0.002642,237.5,0.011132,56.38,2.329e-05,0.4969,41.86,0.0019612
2022-06-25 12:00:00,20961.89,0.002629,230.7,0.011004,55.12,2.287e-05,0.4794,39.86,0.001902
2022-06-25 16:00:00,21206.2,0.002768,235.8,0.011116,58.69,2.304e-05,0.4887,40.36,0.0019033
2022-06-25 20:00:00,21491.19,0.002739,239.7,0.01115,58.88,2.319e-05,0.4984,42.22,0.0019647
2022-06-26 00:00:00,21426.23,0.002797,238.0,0.01111,59.94,2.33e-05,0.4993,41.41,0.0019331
2022-06-26 04:00:00,21396.52,0.002757,239.0,0.011174,58.99,2.425e-05,0.5188,41.32,0.0019307
2022-06-26 08:00:00,21708.6,0.002745,243.4,0.011219,59.59,2.402e-05,0.5213,42.08,0.0019385
2022-06-26 12:00:00,21326.11,0.00272,239.8,0.011239,58.01,2.384e-05,0.5083,40.62,0.0019047
2022-06-26 16:00:00,21283.6,0.002737,237.6,0.011165,58.23,2.356e-05,0.5017,40.69,0.0019114
2022-06-26 20:00:00,21038.07,0.002691,233.9,0.011121,56.61,2.331e-05,0.4899,39.39,0.0018726
2022-06-27 00:00:00,21171.32,0.002732,237.9,0.01124,57.83,2.359e-05,0.4995,40.15,0.0018964
2022-06-27 04:00:00,21363.22,0.002729,239.4,0.011206,58.29,2.352e-05,0.5025,40.61,0.0019009
2022-06-27 08:00:00,21304.55,0.002715,238.1,0.011179,57.85,2.358e-05,0.5022,40.33,0.0018929
2022-06-27 12:00:00,20754.73,0.002696,234.2,0.011277,55.97,2.368e-05,0.4916,38.75,0.0018675
2022-06-27 16:00:00,20855.37,0.002671,233.4,0.011189,55.69,2.329e-05,0.4859,38.33,0.0018378
2022-06-27 20:00:00,20742.56,0.002695,233.8,0.011274,55.86,2.341e-05,0.4856,38.52,0.0018574
2022-06-28 00:00:00,20735.03,0.002639,234.4,0.011307,54.69,2.327e-05,0.4825,37.74,0.00182
2022-06-28 04:00:00,20879.39,0.002668,237.7,0.011381,55.72,2.336e-05,0.4876,38.61,0.0018492
2022-06-28 08:00:00,20998.13,0.002675,239.1,0.011387,56.18,2.333e-05,0.4899,39.24,0.001868
2022-06-28 12:00:00,20606.4,0.002629,234.9,0.011399,54.17,2.316e-05,0.4771,37.05,0.0017991
2022-06-28 16:00:00,20255.01,0.002628,232.8,0.011487,53.26,2.341e-05,0.4741,35.93,0.0017743
2022-06-28 20:00:00,20281.29,0.002599,226.9,0.011193,52.68,2.314e-05,0.4694,35.35,0.0017429
2022-06-29 00:00:00,20282.96,0.002606,224.6,0.011066,52.88,2.324e-05,0.4712,35.46,0.0017487
2022-06-29 04:00:00,20093.75,0.002614,220.6,0.010979,52.54,2.34e-05,0.4701,35.35,0.001759
2022-06-29 08:00:00,20104.8,0.002601,220.3,0.010952,52.28,2.334e-05,0.4693,34.97,0.0017391
2022-06-29 12:00:00,20084.48,0.002646,218.8,0.010888,53.15,2.327e-05,0.4673,34.67,0.0017266
2022-06-29 16:00:00,20223.63,0.002666,220.9,0.010925,53.9,2.326e-05,0.4704,34.49,0.0017053
2022-06-29 20:00:00,20123.01,0.002667,219.7,0.010918,53.68,2.317e-05,0.4662,34.05,0.0016918
2022-06-30 00:00:00,20077.01,0.002649,219.2,0.010919,53.18,2.304e-05,0.4626,33.01,0.0016447
2022-06-30 04:00:00,19435.9,0.00266,211.4,0.010879,51.69,2.323e-05,0.4514,31.91,0.0016418
2022-06-30 08:00:00,19101.36,0.002652,208.6,0.01092,50.66,2.308e-05,0.4408,31.68,0.0016587
2022-06-30 12:00:00,19143.98,0.002685,212.4,0.011097,51.4,2.323e-05,0.4448,32.1,0.0016767
2022-06-30 16:00:00,18927.34,0.002721,212.5,0.011226,51.52,2.354e-05,0.4454,32.03,0.0016924
2022-06-30 20:00:00,19942.21,0.002701,219.6,0.011008,53.84,2.306e-05,0.4599,33.76,0.0016922
2022-07-01 00:00:00,19730.76,0.002712,221.1,0.011207,53.5,2.306e-05,0.455,33.66,0.0017054
2022-07-01 04:00:00,19579.11,0.002624,223.1,0.011389,51.36,2.333e-05,0.4565,33.13,0.0016924
2022-07-01 08:00:00,19191.03,0.002646,218.6,0.011394,50.77,2.324e-05,0.4459,32.34,0.0016849
2022-07-01 12:00:00,19290.94,0.002624,214.9,0.011141,50.62,2.307e-05,0.445,32.33,0.0016761
2022-07-01 16:00:00,19390.17,0.002658,217.7,0.011231,51.53,2.325e-05,0.4508,33.24,0.0017144
2022-07-01 20:00:00,19279.8,0.002655,216.9,0.011246,51.19,2.327e-05,0.4487,32.84,0.0017039
2022-07-02 00:00:00,19130.9,0.002648,214.7,0.011224,50.66,2.33e-05,0.4456,32.16,0.0016815
2022-07-02 04:00:00,19126.81,0.002651,215.4,0.011261,50.69,2.327e-05,0.445,32.42,0.001695
2022-07-02 08:00:00,19195.21,0.00264,216.8,0.011296,50.68,2.347e-05,0.4505,32.77,0.0017072
2022-07-02 12:00:00,19229.39,0.002605,216.0,0.011237,50.1,2.333e-05,0.4484,32.87,0.0017096
2022-07-02 16:00:00,19273.27,0.002626,218.2,0.011322,50.61,2.376e-05,0.4576,33.13,0.0017189
2022-07-02 20:00:00,19252.81,0.002626,218.3,0.011335,50.55,2.367e-05,0.4559,33.36,0.0017329
2022-07-03 00:00:00,19264.29,0.00262,218.9,0.011368,50.45,2.351e-05,0.4528,33.07,0.0017168
2022-07-03 04:00:00,19139.74,0.002617,218.4,0.011412,50.08,2.348e-05,0.4494,32.87,0.0017174
2022-07-03 08:00:00,19089.8,0.002627,218.2,0.011427,50.16,2.357e-05,0.45,32.91,0.001724
2022-07-03 12:00:00,19046.78,0.002595,214.7,0.011265,49.47,2.347e-05,0.447,32.34,0.0016983
2022-07-03 16:00:00,19492.16,0.002618,218.9,0.011222,51.04,2.344e-05,0.457,33.45,0.0017158
2022-07-03 20:00:00,19315.83,0.002638,219.2,0.011347,50.95,2.36e-05,0.4561,33.39,0.001729
2022-07-04 00:00:00,19103.54,0.002616,215.6,0.01129,49.98,2.335e-05,0.4459,32.64,0.0017086
2022-07-04 04:00:00,19120.6,0.002611,216.8,0.011335,49.9,2.343e-05,0.4481,32.78,0.0017144
2022-07-04 08:00:00,19806.49,0.002598,224.0,0.01131,51.47,2.357e-05,0.4669,34.39,0.0017363
2022-07-04 12:00:00,19801.47,0.002587,226.0,0.011407,51.22,2.294e-05,0.4543,34.3,0.001732
2022-07-04 16:00:00,19829.99,0.002593,227.4,0.01147,51.41,2.316e-05,0.4592,34.87,0.0017592
2022-07-04 20:00:00,20236.71,0.002582,231.5,0.011438,52.26,2.32e-05,0.4695,36.71,0.0018144
2022-07-05 00:00:00,20312.98,0.002552,233.6,0.011505,51.82,2.298e-05,0.4668,35.85,0.0017655
2022-07-05 04:00:00,20215.69,0.002566,233.9,0.01157,51.87,2.305e-05,0.4658,35.92,0.0017774
2022-07-05 08:00:00,19520.39,0.00254,227.1,0.011632,49.57,2.315e-05,0.4519,33.98,0.0017404
2022-07-05 12:00:00,19519.98,0.002477,225.2,0.011534,48.35,2.301e-05,0.4491,33.87,0.0017353
2022-07-05 16:00:00,20398.21,0.002476,231.6,0.011355,50.52,2.244e-05,0.4578,35.71,0.0017501
2022-07-05 20:00:00,20175.83,0.002463,230.8,0.011436,49.7,2.266e-05,0.4571,35.4,0.0017545
2022-07-06 00:00:00,19951.47,0.002498,232.0,0.011635,49.83,2.278e-05,0.4544,35.56,0.0017815
2022-07-06 04:00:00,20162.22,0.00248,234.6,0.011633,50.02,2.27e-05,0.4578,35.96,0.0017839
2022-07-06 08:00:00,20103.43,0.00249,236.6,0.011768,50.05,2.267e-05,0.4556,35.62,0.0017714
2022-07-06 12:00:00,20148.86,0.002479,236.5,0.011737,49.95,2.263e-05,0.4561,35.74,0.0017735
2022-07-06 16:00:00,20328.55,0.002465,237.8,0.011698,50.1,2.257e-05,0.4587,36.28,0.0017839
2022-07-06 20:00:00,20564.51,0.002448,238.6,0.011603,50.34,2.247e-05,0.4623,37.04,0.0018014
2022-07-07 00:00:00,20480.61,0.002442,236.9,0.011571,50.02,2.266e-05,0.4638,37.09,0.0018115
2022-07-07 04:00:00,20440.01,0.002447,237.2,0.011598,50.03,2.277e-05,0.4652,36.82,0.001801
2022-07-07 08:00:00,20507.83,0.002447,237.7,0.011591,50.18,2.271e-05,0.4656,37.26,0.0018168
2022-07-07 12:00:00,20888.44,0.002452,240.5,0.011514,51.19,2.25e-05,0.4703,38.29,0.0018333
2022-07-07 16:00:00,21812.47,0.002387,243.4,0.011156,52.04,2.203e-05,0.4804,39.01,0.0017882
2022-07-07 20:00:00,21624.98,0.002411,241.4,0.011163,52.15,2.209e-05,0.4776,38.46,0.0017783
2022-07-08 00:00:00,22130.56,0.002422,244.9,0.011066,53.59,2.184e-05,0.4833,38.64,0.0017458
2022-07-08 04:00:00,21797.64,0.002427,241.5,0.01108,52.88,2.182e-05,0.4757,37.51,0.001721
2022-07-08 08:00:00,21583.98,0.002401,239.5,0.011096,51.84,2.173e-05,0.4691,37.21,0.0017235
2022-07-08 12:00:00,21962.52,0.002374,242.4,0.011033,52.14,2.143e-05,0.4709,38.58,0.0017563
2022-07-08 16:00:00,21811.9,0.002384,242.1,0.0111,51.98,2.144e-05,0.4676,38.96,0.001786
2022-07-08 20:00:00,21594.75,0.002378,240.7,0.011141,51.35,2.159e-05,0.4661,38.12,0.0017652
2022-07-09 00:00:00,21612.62,0.002401,242.3,0.011214,51.89,2.188e-05,0.4726,38.33,0.0017738
2022-07-09 04:00:00,21654.72,0.002418,244.4,0.011288,52.38,2.214e-05,0.4796,38.61,0.0017836
2022-07-09 08:00:00,21447.29,0.002411,241.9,0.011284,51.71,2.223e-05,0.4766,38.18,0.0017812
2022-07-09 12:00:00,21546.9,0.002423,242.3,0.011247,52.21,2.217e-05,0.4776,38.05,0.0017657
2022-07-09 16:00:00,21621.4,0.002466,243.0,0.01124,53.31,2.225e-05,0.481,38.4,0.0017762
2022-07-09 20:00:00,21591.83,0.002505,243.3,0.011269,54.09,2.215e-05,0.478,38.06,0.0017635
2022-07-10 00:00:00,21294.98,0.002532,235.7,0.011065,53.94,2.209e-05,0.4705,37.38,0.0017548
2022-07-10 04:00:00,21338.12,0.002559,237.0,0.011109,54.62,2.213e-05,0.4724,37.29,0.001747
2022-07-10 08:00:00,21301.84,0.00256,236.3,0.011092,54.51,2.201e-05,0.4689,36.93,0.0017336
2022-07-10 12:00:00,20899.76,0.002484,233.1,0.011154,51.88,2.195e-05,0.4587,36.69,0.0017556
2022-07-10 16:00:00,20920.54,0.002458,234.4,0.011207,51.43,2.216e-05,0.4635,37.3,0.0017834
2022-07-10 20:00:00,20862.47,0.002498,234.7,0.011249,52.12,2.217e-05,0.4624,36.71,0.0017601
2022-07-11 00:00:00,20540.69,0.002503,231.7,0.011277,51.44,2.206e-05,0.4532,35.81,0.0017426
2022-07-11 04:00:00,20439.91,0.002494,229.8,0.011244,50.97,2.214e-05,0.4527,35.19,0.0017219
2022-07-11 08:00:00,20473.06,0.002483,231.8,0.01132,50.83,2.211e-05,0.4527,35.16,0.001717
2022-07-11 12:00:00,20437.44,0.002472,231.7,0.011338,50.54,2.184e-05,0.4463,35.19,0.0017216
2022-07-11 16:00:00,20509.47,0.002468,231.9,0.011304,50.61,2.178e-05,0.4467,35.36,0.001724
2022-07-11 20:00:00,19963.61,0.00244,225.6,0.011305,48.71,2.178e-05,0.4347,33.42,0.0016746
2022-07-12 00:00:00,19942.33,0.002443,224.8,0.01128,48.71,2.195e-05,0.4377,33.63,0.0016868
2022-07-12 04:00:00,19730.99,0.002447,223.2,0.01131,48.31,2.19e-05,0.4321,33.5,0.0016978
2022-07-12 08:00:00,19773.9,0.002437,224.0,0.01133,48.22,2.184e-05,0.432,33.93,0.0017156
2022-07-12 12:00:00,19886.33,0.002442,226.5,0.01139,48.52,2.184e-05,0.4341,34.21,0.0017207
2022-07-12 16:00:00,19398.74,0.002452,222.4,0.011461,47.59,2.197e-05,0.4265,32.95,0.0016985
2022-07-12 20:00:00,19328.75,0.00245,220.6,0.011411,47.33,2.158e-05,0.4171,32.68,0.0016909
2022-07-13 00:00:00,19473.68,0.002458,223.0,0.011452,47.87,2.157e-05,0.4201,33.05,0.0016974
2022-07-13 04:00:00,19705.25,0.00248,225.9,0.011465,48.86,2.171e-05,0.4279,33.7,0.0017101
2022-07-13 08:00:00,19843.89,0.00246,226.6,0.011417,48.8,2.161e-05,0.4288,33.97,0.0017116
2022-07-13 12:00:00,19456.2,0.002453,222.7,0.011442,47.74,2.142e-05,0.4168,33.22,0.0017086
2022-07-13 16:00:00,19652.15,0.002456,224.8,0.01144,48.26,2.143e-05,0.4212,33.64,0.0017125
2022-07-13 20:00:00,20234.87,0.002449,230.5,0.011384,49.56,2.166e-05,0.4383,34.94,0.0017267
2022-07-14 00:00:00,20224.24,0.002441,232.3,0.011485,49.35,2.149e-05,0.4346,34.58,0.0017099
2022-07-14 04:00:00,19990.72,0.002451,230.5,0.011533,48.99,2.138e-05,0.4273,34.35,0.0017181
2022-07-14 08:00:00,19738.13,0.002451,228.5,0.011579,48.36,2.126e-05,0.4197,33.81,0.0017123
2022-07-14 12:00:00,20390.5,0.00245,236.3,0.011592,49.98,2.116e-05,0.4315,35.16,0.0017248
2022-07-14 16:00:00,20605.75,0.002475,237.4,0.011522,51.0,2.134e-05,0.4399,36.36,0.0017644
2022-07-14 20:00:00,20588.84,0.002493,238.5,0.011586,51.32,2.145e-05,0.4416,37.15,0.0018036
2022-07-15 00:00:00,20611.83,0.002492,237.9,0.011545,51.35,2.147e-05,0.4425,37.36,0.0018127
2022-07-15 04:00:00,20835.38,0.002458,238.7,0.011449,51.2,2.126e-05,0.4429,37.46,0.0017979
2022-07-15 08:00:00,20769.74,0.002452,237.0,0.011406,50.91,2.096e-05,0.4353,37.71,0.0018158
2022-07-15 12:00:00,20792.19,0.002481,237.9,0.011441,51.61,2.103e-05,0.4373,37.69,0.0018128
2022-07-15 16:00:00,21165.85,0.002473,241.7,0.011424,52.31,2.116e-05,0.4477,38.82,0.0018337
2022-07-15 20:00:00,20830.04,0.002485,238.5,0.011449,51.78,2.121e-05,0.4421,37.36,0.0017939
2022-07-16 00:00:00,20738.0,0.002481,237.5,0.011447,51.48,2.113e-05,0.4381,37.21,0.001795
2022-07-16 04:00:00,20546.18,0.002492,234.5,0.011411,51.2,2.106e-05,0.4328,36.43,0.0017726
2022-07-16 08:00:00,20616.69,0.002492,235.5,0.01142,51.37,2.109e-05,0.4349,36.75,0.0017827
2022-07-16 12:00:00,20943.02,0.002503,239.9,0.011457,52.43,2.127e-05,0.4455,37.94,0.0018114
2022-07-16 16:00:00,21192.04,0.00256,248.3,0.011717,54.25,2.127e-05,0.4505,39.42,0.0018605
2022-07-16 20:00:00,21195.6,0.002598,249.8,0.011781,55.08,2.159e-05,0.4578,39.58,0.0018674
2022-07-17 00:00:00,21324.18,0.002605,254.0,0.011908,55.56,2.132e-05,0.4544,39.89,0.0018709
2022-07-17 04:00:00,21467.61,0.002598,252.2,0.011746,55.76,2.129e-05,0.457,40.35,0.0018796
2022-07-17 08:00:00,21456.79,0.002583,254.2,0.011855,55.4,2.115e-05,0.4537,39.78,0.0018544
2022-07-17 12:00:00,21170.09,0.002617,251.2,0.011867,55.38,2.129e-05,0.4505,39.28,0.0018553
2022-07-17 16:00:00,21026.85,0.002655,250.0,0.011884,55.82,2.125e-05,0.447,39.01,0.0018557
2022-07-17 20:00:00,20798.16,0.002681,247.8,0.011914,55.76,2.153e-05,0.4478,38.62,0.001857
2022-07-18 00:00:00,21280.02,0.002697,254.1,0.011939,57.37,2.155e-05,0.4587,40.56,0.0019063
2022-07-18 04:00:00,22245.93,0.002603,261.4,0.011752,57.91,2.133e-05,0.4746,42.13,0.001894
2022-07-18 08:00:00,22133.31,0.002615,261.2,0.011799,57.87,2.206e-05,0.4881,41.63,0.0018814
2022-07-18 12:00:00,22675.83,0.002602,264.0,0.011644,58.99,2.193e-05,0.497,42.31,0.0018658
2022-07-18 16:00:00,21617.92,0.002617,256.8,0.011878,56.56,2.186e-05,0.4727,40.04,0.0018524
2022-07-18 20:00:00,22432.58,0.002611,264.1,0.011768,58.6,2.185e-05,0.4904,43.52,0.0019392
2022-07-19 00:00:00,21903.55,0.002573,258.4,0.0118,56.32,2.178e-05,0.4767,42.99,0.001964
2022-07-19 04:00:00,21764.88,0.002594,258.2,0.011858,56.48,2.201e-05,0.4791,43.48,0.0019978
2022-07-19 08:00:00,21974.49,0.00259,260.7,0.011859,56.93,2.222e-05,0.4886,45.54,0.0020725
2022-07-19 12:00:00,23136.08,0.002505,263.8,0.011401,57.97,2.171e-05,0.5023,46.58,0.0020132
2022-07-19 16:00:00,23401.99,0.002489,271.1,0.011583,58.23,2.158e-05,0.505,45.42,0.0019412
2022-07-19 20:00:00,23396.62,0.002475,268.6,0.011475,57.9,2.204e-05,0.5152,44.87,0.0019176
2022-07-20 00:00:00,23436.85,0.002489,267.9,0.011431,58.38,2.244e-05,0.5259,45.45,0.0019396
2022-07-20 04:00:00,23381.18,0.002475,267.1,0.01142,57.87,2.268e-05,0.5301,44.41,0.001899
2022-07-20 08:00:00,23728.55,0.002465,269.1,0.011339,58.52,2.22e-05,0.527,45.33,0.0019103
2022-07-20 12:00:00,24172.63,0.002521,270.0,0.011166,60.96,2.184e-05,0.5279,45.35,0.0018763
2022-07-20 16:00:00,23660.38,0.002489,263.7,0.011148,58.9,2.136e-05,0.5053,43.21,0.001826
2022-07-20 20:00:00,23223.3,0.002463,258.2,0.011118,57.2,2.114e-05,0.491,42.04,0.0018104
2022-07-21 00:00:00,22777.2,0.002445,252.7,0.0111,55.7,2.105e-05,0.4796,40.02,0.0017573
2022-07-21 04:00:00,22931.56,0.002459,255.7,0.011153,56.38,2.138e-05,0.4904,41.05,0.0017901
2022-07-21 08:00:00,22606.04,0.002472,256.2,0.011331,55.88,2.138e-05,0.4834,41.76,0.0018474
2022-07-21 12:00:00,22642.34,0.002496,258.9,0.011434,56.51,2.132e-05,0.4827,41.88,0.0018493
2022-07-21 16:00:00,23194.4,0.002518,264.5,0.011398,58.4,2.143e-05,0.4971,43.8,0.0018882
2022-07-21 20:00:00,23152.19,0.002506,265.6,0.011472,58.02,2.157e-05,0.4993,43.11,0.0018622
2022-07-22 00:00:00,22909.9,0.002512,264.1,0.011523,57.57,2.151e-05,0.4928,42.66,0.0018627
2022-07-22 04:00:00,23118.79,0.002508,267.4,0.011563,58.0,2.155e-05,0.4983,43.05,0.0018625
2022-07-22 08:00:00,23610.58,0.0025,269.6,0.011413,59.02,2.154e-05,0.5086,44.14,0.00187
2022-07-22 12:00:00,23290.68,0.002454,265.9,0.011415,57.16,2.113e-05,0.4923,41.69,0.0017901
2022-07-22 16:00:00,22586.26,0.002469,261.7,0.011584,55.78,2.124e-05,0.4799,40.2,0.0017792
2022-07-22 20:00:00,22684.83,0.002472,262.4,0.011571,56.09,2.128e-05,0.4828,40.54,0.001787
2022-07-23 00:00:00,22808.55,0.002475,266.0,0.011668,56.42,2.14e-05,0.4881,41.08,0.0018013
2022-07-23 04:00:00,22770.52,0.002491,267.3,0.011738,56.73,2.157e-05,0.4909,41.33,0.0018152
2022-07-23 08:00:00,22227.53,0.002471,255.6,0.011498,54.89,2.144e-05,0.4763,39.6,0.0017818
2022-07-23 12:00:00,22215.61,0.002501,256.8,0.011555,55.53,2.177e-05,0.4836,40.2,0.0018095
2022-07-23 16:00:00,22272.5,0.002489,255.6,0.011475,55.43,2.163e-05,0.4816,39.36,0.0017672
2022-07-23 20:00:00,22451.07,0.00251,259.2,0.011544,56.32,2.303e-05,0.517,39.97,0.0017808
2022-07-24 00:00:00,22331.86,0.002551,258.2,0.011557,56.96,2.288e-05,0.5108,39.61,0.0017734
2022-07-24 04:00:00,22701.6,0.002548,262.6,0.011561,57.86,2.275e-05,0.5164,40.72,0.0017933
2022-07-24 08:00:00,22657.63,0.002562,263.6,0.01164,58.04,2.324e-05,0.5263,40.89,0.0018043
2022-07-24 12:00:00,22847.08,0.002547,264.8,0.011589,58.18,2.31e-05,0.5277,41.21,0.001804
2022-07-24 16:00:00,22700.4,0.002609,262.1,0.011545,59.22,2.278e-05,0.5171,40.83,0.0017987
2022-07-24 20:00:00,22579.68,0.002586,261.4,0.011577,58.39,2.268e-05,0.512,40.93,0.0018133
2022-07-25 00:00:00,21867.75,0.002569,255.3,0.01167,56.16,2.255e-05,0.4931,38.09,0.0017412
2022-07-25 04:00:00,21962.33,0.002554,255.2,0.011619,56.1,2.257e-05,0.4958,38.57,0.001757
2022-07-25 08:00:00,21941.25,0.002578,255.8,0.011659,56.58,2.242e-05,0.4918,38.88,0.0017724
2022-07-25 12:00:00,21895.79,0.002578,256.2,0.011698,56.45,2.244e-05,0.4913,38.49,0.001758
2022-07-25 16:00:00,21890.17,0.002551,252.6,0.011542,55.84,2.224e-05,0.4867,37.95,0.0017332
2022-07-25 20:00:00,21310.9,0.002534,244.6,0.011481,54.0,2.23e-05,0.4752,36.65,0.0017206
2022-07-26 00:00:00,21141.53,0.002533,244.1,0.011545,53.57,2.222e-05,0.4697,36.21,0.0017133
2022-07-26 04:00:00,21066.86,0.002527,242.9,0.011526,53.25,2.22e-05,0.4676,35.65,0.0016928
2022-07-26 08:00:00,21090.22,0.002526,243.3,0.011533,53.26,2.212e-05,0.4667,35.81,0.0016976
2022-07-26 12:00:00,20746.81,0.002508,240.0,0.011572,52.02,2.175e-05,0.4512,35.0,0.0016875
2022-07-26 16:00:00,20915.57,0.002501,243.0,0.011614,52.35,2.176e-05,0.4551,35.02,0.0016741
2022-07-26 20:00:00,21254.67,0.002536,249.4,0.011736,53.88,2.201e-05,0.4677,36.25,0.0017065
2022-07-27 00:00:00,21076.86,0.002522,251.4,0.011927,53.17,2.183e-05,0.4599,35.78,0.0016978
2022-07-27 04:00:00,21347.36,0.002526,252.6,0.01183,53.93,2.196e-05,0.4688,36.82,0.0017253
2022-07-27 08:00:00,21200.23,0.002513,252.6,0.011907,53.26,2.186e-05,0.4635,36.39,0.0017163
2022-07-27 12:00:00,21530.86,0.002512,258.6,0.012003,54.1,2.187e-05,0.471,37.17,0.0017262
2022-07-27 16:00:00,22773.62,0.002566,268.4,0.011792,58.41,2.206e-05,0.5024,39.38,0.0017295
2022-07-27 20:00:00,22952.45,0.00257,271.6,0.011829,59.01,2.225e-05,0.5111,40.23,0.0017528
2022-07-28 00:00:00,23133.45,0.002593,269.3,0.011646,60.0,2.198e-05,0.5086,39.73,0.0017175
2022-07-28 04:00:00,22925.1,0.002594,267.7,0.01168,59.5,2.182e-05,0.5002,39.33,0.0017152
2022-07-28 08:00:00,23114.52,0.00259,269.3,0.011656,59.84,2.174e-05,0.5024,40.53,0.0017533
2022-07-28 12:00:00,23745.57,0.00261,276.5,0.011646,62.0,2.156e-05,0.5121,41.93,0.0017654
2022-07-28 16:00:00,23794.26,0.002662,276.3,0.01162,63.33,2.151e-05,0.5117,42.12,0.0017708
2022-07-28 20:00:00,23842.93,0.002659,277.2,0.011624,63.41,2.152e-05,0.513,42.91,0.0017996
2022-07-29 00:00:00,23912.85,0.00266,278.6,0.011646,63.62,2.215e-05,0.5297,43.48,0.001819
2022-07-29 04:00:00,23943.26,0.002606,277.9,0.011607,62.4,2.215e-05,0.5305,43.05,0.0017984
2022-07-29 08:00:00,23720.56,0.002564,284.6,0.011994,60.81,2.209e-05,0.5239,41.93,0.0017677
2022-07-29 12:00:00,24010.74,0.00257,298.6,0.012435,61.71,2.196e-05,0.5273,42.63,0.0017757
2022-07-29 16:00:00,23895.13,0.002554,296.8,0.012421,61.02,2.195e-05,0.5243,41.84,0.0017496
2022-07-29 20:00:00,23773.75,0.002551,293.6,0.012348,60.65,2.195e-05,0.5218,41.91,0.0017632
2022-07-30 00:00:00,23801.35,0.002573,295.0,0.012396,61.2,2.181e-05,0.5191,41.87,0.0017594
2022-07-30 04:00:00,23880.76,0.002576,290.8,0.012175,61.49,2.18e-05,0.5207,42.35,0.0017735
2022-07-30 08:00:00,23956.38,0.002595,288.7,0.012054,62.16,2.204e-05,0.5279,42.41,0.00177
2022-07-30 12:00:00,24529.1,0.00258,299.1,0.012196,63.24,2.228e-05,0.5464,46.28,0.0018881
2022-07-30 16:00:00,23920.65,0.00258,291.1,0.012164,61.73,2.221e-05,0.5313,45.08,0.0018834
2022-07-30 20:00:00,23643.51,0.002555,287.8,0.012171,60.42,2.225e-05,0.5263,43.84,0.0018544
2022-07-31 00:00:00,23737.4,0.002566,292.8,0.012335,60.92,2.225e-05,0.5279,43.23,0.0018211
2022-07-31 04:00:00,23713.1,0.002579,291.6,0.012298,61.15,2.229e-05,0.5283,43.84,0.001849
2022-07-31 08:00:00,23801.07,0.002584,292.9,0.012305,61.5,2.232e-05,0.5311,44.41,0.0018656
2022-07-31 12:00:00,23774.97,0.002587,291.1,0.012244,61.51,2.231e-05,0.5304,44.13,0.0018557
2022-07-31 16:00:00,23845.88,0.002597,289.2,0.012125,61.92,2.236e-05,0.5331,43.78,0.0018354
2022-07-31 20:00:00,23293.32,0.002565,283.4,0.012166,59.74,2.216e-05,0.5161,42.35,0.0018182
2022-08-01 00:00:00,23375.62,0.002569,287.5,0.0123,60.04,2.229e-05,0.5213,43.01,0.0018399
2022-08-01 04:00:00,23322.05,0.002571,288.0,0.012348,59.98,2.23e-05,0.52,42.94,0.0018414
2022-08-01 08:00:00,23227.79,0.002557,286.0,0.012311,59.39,2.205e-05,0.5121,42.23,0.0018182
2022-08-01 12:00:00,23326.73,0.002562,286.1,0.012264,59.77,2.211e-05,0.5158,42.47,0.0018207
2022-08-01 16:00:00,22953.59,0.002551,280.2,0.0122,58.57,2.205e-05,0.5061,41.11,0.0017909
2022-08-01 20:00:00,23268.01,0.002556,283.2,0.012176,59.44,2.202e-05,0.5124,41.65,0.0017903
2022-08-02 00:00:00,22853.11,0.002502,275.9,0.012071,57.18,2.15e-05,0.4911,40.24,0.0017611
2022-08-02 04:00:00,22887.8,0.002514,279.5,0.012208,57.54,2.163e-05,0.4953,40.53,0.0017708
2022-08-02 08:00:00,22882.61,0.002528,279.9,0.012229,57.83,2.17e-05,0.4966,40.56,0.0017725
2022-08-02 12:00:00,22979.5,0.002562,285.0,0.0124,58.87,2.179e-05,0.5008,41.49,0.0018051
2022-08-02 16:00:00,22951.21,0.002545,285.9,0.012457,58.42,2.175e-05,0.4993,41.15,0.0017929
2022-08-02 20:00:00,22987.79,0.002526,283.8,0.012345,58.05,2.161e-05,0.4963,39.79,0.0017308
2022-08-03 00:00:00,22862.72,0.002519,283.1,0.012383,57.61,2.192e-05,0.5012,38.54,0.0016858
2022-08-03 04:00:00,22989.96,0.002535,288.0,0.012529,58.27,2.191e-05,0.5034,38.33,0.0016675
2022-08-03 08:00:00,23402.83,0.002528,291.1,0.012434,59.19,2.181e-05,0.5106,39.67,0.0016951
2022-08-03 12:00:00,23352.76,0.002538,298.0,0.012768,59.31,2.181e-05,0.5094,40.16,0.0017198
2022-08-03 16:00:00,23462.0,0.002546,302.5,0.012902,59.75,2.191e-05,0.514,40.1,0.0017093
2022-08-03 20:00:00,22818.37,0.002529,297.5,0.013041,57.77,2.194e-05,0.5005,38.54,0.0016887
2022-08-04 00:00:00,23095.74,0.00255,306.5,0.013275,58.89,2.201e-05,0.5082,39.36,0.0017042
2022-08-04 04:00:00,22947.92,0.002552,303.4,0.013221,58.57,2.193e-05,0.503,39.21,0.0017087
2022-08-04 08:00:00,22885.01,0.002556,300.5,0.013139,58.5,2.184e-05,0.4997,38.61,0.0016871
2022-08-04 12:00:00,22931.68,0.002601,303.0,0.013215,59.65,2.188e-05,0.5015,38.88,0.0016954
2022-08-04 16:00:00,22451.24,0.002633,310.6,0.013834,59.13,2.217e-05,0.4976,38.38,0.0017093
2022-08-04 20:00:00,22622.98,0.002637,311.8,0.013784,59.65,2.209e-05,0.4997,38.83,0.0017165
2022-08-05 00:00:00,23175.32,0.002656,313.3,0.013527,61.54,2.201e-05,0.5099,40.1,0.0017309
2022-08-05 04:00:00,23186.08,0.002656,316.9,0.01367,61.56,2.199e-05,0.5098,40.08,0.0017284
2022-08-05 08:00:00,23405.13,0.002651,317.7,0.01357,62.08,2.208e-05,0.5169,41.01,0.0017511
2022-08-05 12:00:00,22988.25,0.002646,313.1,0.01362,60.87,2.205e-05,0.5069,40.01,0.0017403
2022-08-05 16:00:00,22932.83,0.002669,314.5,0.013714,61.22,2.224e-05,0.5101,39.94,0.0017417
2022-08-05 20:00:00,23312.42,0.00268,315.9,0.01355,62.47,2.219e-05,0.5174,40.55,0.0017397
2022-08-06 00:00:00,23173.65,0.002664,315.1,0.013603,61.72,2.226e-05,0.5159,40.51,0.0017486
2022-08-06 04:00:00,23205.87,0.002656,315.2,0.013585,61.64,2.232e-05,0.5179,40.42,0.001742
2022-08-06 08:00:00,23157.42,0.002639,314.5,0.013581,61.13,2.23e-05,0.5162,40.29,0.0017401
2022-08-06 12:00:00,23202.21,0.002647,316.0,0.013618,61.44,2.233e-05,0.5179,40.45,0.0017432
2022-08-06 16:00:00,23185.12,0.002653,318.7,0.013745,61.51,2.232e-05,0.5174,40.81,0.0017601
2022-08-06 20:00:00,22954.21,0.002651,315.2,0.013734,60.83,2.227e-05,0.5112,40.07,0.0017457
2022-08-07 00:00:00,22990.1,0.002629,310.8,0.013523,60.45,2.225e-05,0.5117,39.76,0.0017297
2022-08-07 04:00:00,23015.95,0.002634,312.3,0.013568,60.62,2.245e-05,0.5167,39.99,0.0017375
2022-08-07 08:00:00,23038.48,0.002661,315.5,0.013692,61.3,2.244e-05,0.5169,40.13,0.0017423
2022-08-07 12:00:00,23023.14,0.002662,322.3,0.014004,61.29,2.253e-05,0.5185,40.33,0.0017521
2022-08-07 16:00:00,23161.02,0.002656,322.6,0.013932,61.52,2.246e-05,0.5202,40.56,0.0017511
2022-08-07 20:00:00,23174.39,0.002637,322.8,0.01393,61.1,2.276e-05,0.5276,40.6,0.0017522
2022-08-08 00:00:00,23306.63,0.002632,325.6,0.013975,61.35,2.285e-05,0.5328,41.93,0.0017991
2022-08-08 04:00:00,23807.68,0.002605,328.7,0.013805,62.04,2.268e-05,0.5401,42.68,0.0017923
2022-08-08 08:00:00,24166.12,0.00264,330.4,0.013671,63.77,2.262e-05,0.5466,43.41,0.0017964
2022-08-08 12:00:00,23991.38,0.002621,325.2,0.013551,62.89,2.227e-05,0.5341,42.5,0.0017717
2022-08-08 16:00:00,23926.83,0.00264,327.6,0.013689,63.18,2.234e-05,0.5345,42.5,0.001776
2022-08-08 20:00:00,23810.0,0.002629,324.9,0.013645,62.61,2.256e-05,0.5371,42.18,0.0017716
2022-08-09 00:00:00,23828.96,0.002622,324.5,0.013614,62.48,2.239e-05,0.5336,42.44,0.0017806
2022-08-09 04:00:00,23878.12,0.00262,325.6,0.013635,62.53,2.239e-05,0.5346,42.56,0.0017821
2022-08-09 08:00:00,23263.92,0.002574,317.6,0.01365,59.87,2.223e-05,0.5174,40.85,0.0017554
2022-08-09 12:00:00,23075.0,0.00255,316.0,0.013689,58.85,2.211e-05,0.5102,40.14,0.0017391
2022-08-09 16:00:00,23053.82,0.002557,320.4,0.013898,58.93,2.216e-05,0.5112,40.08,0.0017376
2022-08-09 20:00:00,23149.95,0.002556,324.4,0.014015,59.16,2.215e-05,0.5129,40.33,0.0017426
2022-08-10 00:00:00,22863.75,0.002549,315.0,0.013784,58.26,2.218e-05,0.5069,39.28,0.0017181
2022-08-10 04:00:00,22963.67,0.002551,321.9,0.014018,58.58,2.223e-05,0.5105,39.68,0.001728
2022-08-10 08:00:00,23123.95,0.002554,317.5,0.013733,59.03,2.221e-05,0.5134,40.04,0.0017316
2022-08-10 12:00:00,23997.1,0.002576,333.3,0.013892,61.82,2.228e-05,0.5347,42.08,0.0017537
2022-08-10 16:00:00,23638.95,0.002595,327.0,0.013841,61.34,2.24e-05,0.5292,41.31,0.0017475
2022-08-10 20:00:00,23954.05,0.002571,328.8,0.013728,61.59,2.242e-05,0.5374,42.47,0.0017724
2022-08-11 00:00:00,24324.38,0.002555,331.9,0.013643,62.16,2.236e-05,0.544,43.82,0.0018015
2022-08-11 04:00:00,24431.88,0.002529,330.6,0.013533,61.79,2.205e-05,0.5387,44.52,0.0018225
2022-08-11 08:00:00,24559.37,0.002536,330.2,0.01344,62.32,2.19e-05,0.5379,44.08,0.0017946
2022-08-11 12:00:00,24343.68,0.00255,325.0,0.013353,62.07,2.202e-05,0.5357,43.46,0.0017854
2022-08-11 16:00:00,24221.81,0.002582,326.0,0.013465,62.51,2.21e-05,0.5352,43.37,0.0017903
2022-08-11 20:00:00,23934.39,0.002584,323.6,0.013519,61.84,2.216e-05,0.5303,42.77,0.0017875
2022-08-12 00:00:00,24010.11,0.002575,323.8,0.013486,61.79,2.215e-05,0.5318,43.4,0.0018078
2022-08-12 04:00:00,23960.99,0.002579,323.4,0.013498,61.8,2.223e-05,0.533,43.15,0.0018008
2022-08-12 08:00:00,23672.99,0.002568,319.1,0.013483,60.76,2.21e-05,0.5232,42.31,0.0017868
2022-08-12 12:00:00,23980.66,0.002573,323.4,0.013483,61.69,2.217e-05,0.5318,43.2,0.0018014
2022-08-12 16:00:00,24177.57,0.002581,325.2,0.013456,62.39,2.224e-05,0.5378,44.65,0.0018469
2022-08-12 20:00:00,24403.68,0.002577,327.9,0.01344,62.88,2.213e-05,0.5402,45.48,0.0018635
2022-08-13 00:00:00,24796.53,0.002579,328.7,0.013252,63.96,2.192e-05,0.5435,47.42,0.0019125
2022-08-13 04:00:00,24572.12,0.002595,327.6,0.013329,63.76,2.272e-05,0.5582,47.16,0.0019192
2022-08-13 08:00:00,24435.91,0.002629,331.3,0.013556,64.21,2.287e-05,0.5588,46.73,0.0019123
2022-08-13 12:00:00,24512.66,0.002669,328.1,0.013378,65.4,2.284e-05,0.56,46.24,0.0018863
2022-08-13 16:00:00,24398.56,0.002598,324.3,0.013286,63.4,2.284e-05,0.5571,46.3,0.0018981
2022-08-13 20:00:00,24441.38,0.002611,324.3,0.013264,63.8,2.288e-05,0.5593,46.6,0.0019061
2022-08-14 00:00:00,24570.02,0.002634,326.9,0.013302,64.72,2.403e-05,0.5905,46.74,0.0019022
2022-08-14 04:00:00,24873.32,0.002628,329.7,0.013251,65.41,2.362e-05,0.5876,47.74,0.0019192
2022-08-14 08:00:00,24564.49,0.002628,327.4,0.013327,64.56,2.365e-05,0.581,46.71,0.0019015
2022-08-14 12:00:00,24524.54,0.002661,322.8,0.013161,65.29,2.361e-05,0.579,46.04,0.0018772
2022-08-14 16:00:00,24284.07,0.002611,319.2,0.013145,63.4,2.338e-05,0.568,45.09,0.001857
2022-08-14 20:00:00,24305.24,0.002597,317.6,0.013068,63.14,2.343e-05,0.5695,44.87,0.0018455
2022-08-15 00:00:00,24867.39,0.002594,323.9,0.013025,64.55,2.313e-05,0.5751,46.46,0.0018682
2022-08-15 04:00:00,24027.05,0.002554,316.7,0.013179,61.35,2.298e-05,0.5521,43.83,0.0018238
2022-08-15 08:00:00,24049.48,0.002539,316.0,0.013142,61.06,2.307e-05,0.555,43.8,0.0018213
2022-08-15 12:00:00,24226.0,0.002548,319.6,0.013187,61.72,2.33e-05,0.5644,44.51,0.0018367
2022-08-15 16:00:00,23982.54,0.002533,317.3,0.013226,60.73,2.311e-05,0.5544,43.81,0.0018271
2022-08-15 20:00:00,24094.82,0.002518,319.5,0.013255,60.67,2.281e-05,0.5499,43.72,0.0018143
2022-08-16 00:00:00,24083.42,0.002524,318.3,0.013218,60.77,2.306e-05,0.5555,43.66,0.0018128
2022-08-16 04:00:00,24066.93,0.002527,317.7,0.013209,60.78,2.312e-05,0.5566,43.31,0.0017993
2022-08-16 08:00:00,24038.03,0.002551,317.3,0.013202,61.31,2.357e-05,0.5663,43.97,0.0018297
2022-08-16 12:00:00,23901.27,0.002563,315.8,0.013215,61.24,2.344e-05,0.56,43.41,0.0018164
2022-08-16 16:00:00,23930.24,0.002554,315.5,0.013186,61.12,2.345e-05,0.561,43.12,0.0018022
2022-08-16 20:00:00,23854.74,0.002569,316.1,0.013251,61.33,2.335e-05,0.557,43.08,0.0018063
2022-08-17 00:00:00,24006.66,0.002656,317.7,0.01324,63.75,2.407e-05,0.5776,44.0,0.0018333
2022-08-17 04:00:00,23786.42,0.002601,315.9,0.013275,61.88,2.339e-05,0.5565,43.14,0.0018135
2022-08-17 08:00:00,23746.65,0.00262,313.5,0.0132,62.22,2.339e-05,0.5552,42.77,0.0018008
2022-08-17 12:00:00,23391.9,0.002578,307.2,0.013133,60.28,2.292e-05,0.5358,41.11,0.001757
2022-08-17 16:00:00,23275.04,0.002595,307.9,0.013231,60.39,2.312e-05,0.5379,40.76,0.0017506
2022-08-17 20:00:00,23342.66,0.002592,306.9,0.01315,60.52,2.306e-05,0.5384,40.54,0.0017368
2022-08-18 00:00:00,23433.31,0.002597,306.4,0.013075,60.84,2.291e-05,0.5371,40.82,0.0017421
2022-08-18 04:00:00,23414.21,0.002602,307.7,0.013141,60.91,2.304e-05,0.5394,40.92,0.0017476
2022-08-18 08:00:00,23534.43,0.002604,309.0,0.013134,61.34,2.302e-05,0.5415,41.33,0.0017564
2022-08-18 12:00:00,23452.28,0.002607,305.4,0.013024,61.17,2.292e-05,0.5377,41.18,0.0017559
2022-08-18 16:00:00,23344.88,0.002603,303.5,0.013002,60.78,2.266e-05,0.529,40.78,0.0017464
2022-08-18 20:00:00,23191.2,0.002587,298.1,0.012847,60.02,2.208e-05,0.5119,39.52,0.0017036
2022-08-19 00:00:00,22769.05,0.00258,291.7,0.012816,58.73,2.165e-05,0.4929,38.31,0.0016823
2022-08-19 04:00:00,21905.88,0.002555,282.7,0.012902,55.96,2.169e-05,0.4753,36.65,0.0016728
2022-08-19 08:00:00,21467.91,0.00255,282.1,0.013138,54.76,2.164e-05,0.4651,36.37,0.0016938
2022-08-19 12:00:00,21443.36,0.002562,283.9,0.013238,54.92,2.175e-05,0.4661,36.95,0.0017236
2022-08-19 16:00:00,21329.66,0.002598,286.3,0.013423,55.41,2.179e-05,0.4649,37.15,0.0017418
2022-08-19 20:00:00,20834.39,0.002592,279.1,0.013399,53.99,2.16e-05,0.45,35.81,0.0017191
2022-08-20 00:00:00,21140.34,0.002603,285.9,0.013522,55.03,2.172e-05,0.4589,36.6,0.0017311
2022-08-20 04:00:00,21307.25,0.002584,287.7,0.013503,55.04,2.165e-05,0.4612,37.04,0.0017387
2022-08-20 08:00:00,21233.66,0.002587,287.1,0.013513,54.92,2.164e-05,0.4595,36.57,0.0017227
2022-08-20 12:00:00,21299.44,0.002579,286.9,0.013468,54.89,2.137e-05,0.4552,36.5,0.0017138
2022-08-20 16:00:00,20988.36,0.002535,279.5,0.013316,53.2,2.104e-05,0.4414,34.44,0.0016411
2022-08-20 20:00:00,21140.07,0.00256,283.7,0.013419,54.1,2.132e-05,0.4508,35.28,0.0016687
2022-08-21 00:00:00,21208.72,0.00255,286.8,0.013524,54.09,2.12e-05,0.4498,35.11,0.0016554
2022-08-21 04:00:00,21251.38,0.002564,296.6,0.013957,54.46,2.155e-05,0.4579,35.45,0.0016683
2022-08-21 08:00:00,21524.39,0.002572,296.1,0.013752,55.36,2.151e-05,0.4629,36.2,0.0016816
2022-08-21 12:00:00,21420.2,0.002562,298.5,0.013934,54.91,2.154e-05,0.4612,36.02,0.0016817
2022-08-21 16:00:00,21512.01,0.002562,299.1,0.013903,55.12,2.168e-05,0.4664,36.33,0.0016894
2022-08-21 20:00:00,21515.61,0.002587,301.9,0.014027,55.67,2.151e-05,0.4626,36.47,0.0016951
2022-08-22 00:00:00,21414.86,0.002554,296.7,0.013856,54.7,2.142e-05,0.4585,36.12,0.0016863
2022-08-22 04:00:00,21097.72,0.002509,291.5,0.013822,52.91,2.114e-05,0.4461,34.89,0.0016537
2022-08-22 08:00:00,21248.71,0.002583,296.0,0.013929,54.85,2.109e-05,0.448,34.65,0.0016308
2022-08-22 12:00:00,21400.47,0.002671,298.8,0.013963,57.17,2.12e-05,0.4537,34.82,0.0016268
2022-08-22 16:00:00,21057.25,0.00268,296.1,0.014061,56.41,2.134e-05,0.4495,34.61,0.0016439
2022-08-22 20:00:00,21399.83,0.002673,300.0,0.014016,57.22,2.157e-05,0.4615,35.41,0.0016551
2022-08-23 00:00:00,21239.18,0.002644,298.7,0.014065,56.16,2.149e-05,0.4566,35.22,0.0016584
2022-08-23 04:00:00,21305.34,0.002601,298.8,0.014023,55.41,2.126e-05,0.4529,34.97,0.0016412
2022-08-23 08:00:00,21456.34,0.002638,298.6,0.01392,56.6,2.148e-05,0.461,35.67,0.0016625
2022-08-23 12:00:00,21474.67,0.002638,298.2,0.013883,56.64,2.146e-05,0.4609,35.7,0.0016629
2022-08-23 16:00:00,21522.01,0.002649,298.3,0.013866,56.98,2.142e-05,0.4609,35.4,0.0016454
2022-08-23 20:00:00,21529.12,0.002652,299.3,0.0139,57.08,2.163e-05,0.4658,35.68,0.0016571
2022-08-24 00:00:00,21264.01,0.002633,297.5,0.013991,55.97,2.141e-05,0.4551,34.61,0.0016271
2022-08-24 04:00:00,21317.85,0.002638,295.3,0.013857,56.26,2.14e-05,0.4562,34.89,0.0016365
2022-08-24 08:00:00,21438.92,0.002635,297.1,0.013857,56.48,2.152e-05,0.4611,35.39,0.0016507
2022-08-24 12:00:00,21618.45,0.002647,298.0,0.013785,57.23,2.153e-05,0.4651,36.05,0.0016681
2022-08-24 16:00:00,21707.58,0.002639,298.7,0.013759,57.3,2.14e-05,0.4648,35.83,0.0016506
2022-08-24 20:00:00,21368.08,0.002642,296.4,0.013866,56.46,2.143e-05,0.4578,34.89,0.0016331
2022-08-25 00:00:00,21468.93,0.002616,296.3,0.013797,56.16,2.14e-05,0.4591,35.23,0.0016414
2022-08-25 04:00:00,21743.29,0.002629,305.0,0.014033,57.17,2.155e-05,0.4685,36.26,0.0016677
2022-08-25 08:00:00,21720.31,0.002617,304.1,0.014001,56.86,2.14e-05,0.465,36.33,0.0016724
2022-08-25 12:00:00,21565.12,0.002608,301.5,0.013978,56.24,2.142e-05,0.4622,35.74,0.0016572
2022-08-25 16:00:00,21605.2,0.002647,302.4,0.014002,57.19,2.165e-05,0.4679,35.79,0.0016569
2022-08-25 20:00:00,21559.04,0.002627,301.2,0.01397,56.63,2.155e-05,0.4645,35.27,0.0016359
2022-08-26 00:00:00,21552.17,0.002609,299.4,0.013894,56.21,2.17e-05,0.4675,35.1,0.0016292
2022-08-26 04:00:00,21452.9,0.002595,296.5,0.01382,55.66,2.246e-05,0.4818,34.69,0.0016167
2022-08-26 08:00:00,21189.77,0.002631,293.8,0.013863,55.78,2.193e-05,0.4647,34.25,0.001616
2022-08-26 12:00:00,20781.08,0.002615,288.1,0.013864,54.32,2.174e-05,0.4517,33.28,0.0016018
2022-08-26 16:00:00,20644.47,0.002622,285.3,0.013815,54.14,2.144e-05,0.4427,32.92,0.001595
2022-08-26 20:00:00,20241.05,0.002603,279.6,0.013807,52.68,2.133e-05,0.4316,31.72,0.0015674
2022-08-27 00:00:00,20203.18,0.00261,280.8,0.013898,52.72,2.153e-05,0.435,31.88,0.0015773
2022-08-27 04:00:00,20272.25,0.002604,282.7,0.013943,52.8,2.177e-05,0.4413,32.23,0.0015894
2022-08-27 08:00:00,20211.21,0.002609,282.9,0.013996,52.71,2.209e-05,0.4465,31.99,0.0015829
2022-08-27 12:00:00,19977.36,0.002626,280.4,0.014033,52.47,2.218e-05,0.4428,31.35,0.0015694
2022-08-27 16:00:00,20018.0,0.002638,277.9,0.013884,52.79,2.22e-05,0.4447,31.33,0.0015646
2022-08-27 20:00:00,20037.6,0.002645,277.9,0.013865,53.01,2.244e-05,0.4499,31.53,0.0015729
2022-08-28 00:00:00,19990.58,0.002644,277.3,0.013862,52.85,2.232e-05,0.4462,31.41,0.0015707
2022-08-28 04:00:00,20056.62,0.00265,279.7,0.013951,53.14,2.245e-05,0.4502,31.79,0.0015852
2022-08-28 08:00:00,20034.97,0.002689,279.7,0.013963,53.86,2.228e-05,0.4463,31.77,0.0015861
2022-08-28 12:00:00,20022.03,0.002779,281.3,0.014047,55.65,2.222e-05,0.445,31.85,0.0015905
2022-08-28 16:00:00,19973.76,0.002746,281.6,0.014091,54.86,2.215e-05,0.4422,31.7,0.0015871
2022-08-28 20:00:00,19555.61,0.002731,276.5,0.014133,53.41,2.195e-05,0.4293,30.44,0.0015561
2022-08-29 00:00:00,19868.14,0.002758,278.7,0.014032,54.78,2.182e-05,0.4334,30.69,0.0015448
2022-08-29 04:00:00,19897.01,0.00273,277.9,0.013968,54.34,2.177e-05,0.433,30.58,0.0015368
2022-08-29 08:00:00,19825.09,0.002743,273.5,0.013792,54.38,2.19e-05,0.4342,30.7,0.0015486
2022-08-29 12:00:00,20262.28,0.002761,284.4,0.014036,55.91,2.202e-05,0.4461,31.79,0.0015688
2022-08-29 16:00:00,20098.65,0.002739,281.0,0.013987,55.02,2.225e-05,0.4471,31.53,0.001569
2022-08-29 20:00:00,20285.73,0.002749,285.9,0.01409,55.8,2.219e-05,0.4504,32.42,0.001598
2022-08-30 00:00:00,20273.36,0.002745,287.2,0.014175,55.66,2.214e-05,0.4491,32.32,0.0015943
2022-08-30 04:00:00,20434.16,0.002719,290.7,0.01422,55.58,2.217e-05,0.453,32.75,0.0016022
2022-08-30 08:00:00,20403.8,0.002702,289.7,0.014192,55.12,2.242e-05,0.4574,32.75,0.0016053
2022-08-30 12:00:00,19756.24,0.002683,281.6,0.014269,53.01,2.262e-05,0.4469,31.21,0.0015791
2022-08-30 16:00:00,19947.2,0.002684,282.4,0.014155,53.56,2.261e-05,0.451,31.55,0.0015817
2022-08-30 20:00:00,19811.66,0.002675,281.6,0.014216,53.01,2.287e-05,0.4531,31.47,0.0015885
2022-08-31 00:00:00,20402.87,0.002681,288.7,0.014153,54.69,2.261e-05,0.4612,32.45,0.0015905
2022-08-31 04:00:00,20258.09,0.002668,286.2,0.014133,54.06,2.253e-05,0.4565,32.31,0.001595
2022-08-31 08:00:00,20314.78,0.002674,286.5,0.014101,54.33,2.248e-05,0.4566,32.58,0.0016035
2022-08-31 12:00:00,20140.63,0.002673,282.5,0.014023,53.86,2.256e-05,0.4543,31.93,0.0015852
2022-08-31 16:00:00,20228.57,0.002703,282.3,0.013954,54.68,2.239e-05,0.4532,32.11,0.0015875
2022-08-31 20:00:00,20050.02,0.002685,279.2,0.013926,53.84,2.225e-05,0.4462,31.5,0.0015711
2022-09-01 00:00:00,20022.97,0.002713,277.6,0.013861,54.3,2.225e-05,0.4455,31.24,0.0015598
2022-09-01 04:00:00,19895.66,0.002745,275.4,0.013839,54.63,2.244e-05,0.4466,31.08,0.0015618
2022-09-01 08:00:00,20074.01,0.002814,278.4,0.013869,56.49,2.232e-05,0.4479,31.45,0.0015673
2022-09-01 12:00:00,19782.59,0.002775,272.4,0.013771,54.91,2.258e-05,0.4467,30.76,0.0015542
2022-09-01 16:00:00,19871.68,0.002858,275.9,0.013882,56.8,2.28e-05,0.4533,31.07,0.0015636
2022-09-01 20:00:00,20131.46,0.002861,278.3,0.013828,57.58,2.272e-05,0.4575,31.61,0.00157
2022-09-02 00:00:00,20157.01,0.002865,279.0,0.01384,57.73,2.274e-05,0.4582,31.57,0.0015661
2022-09-02 04:00:00,20111.24,0.002849,278.9,0.013871,57.28,2.282e-05,0.4588,31.63,0.0015727
2022-09-02 08:00:00,20090.81,0.00286,279.0,0.013889,57.45,2.267e-05,0.4556,31.58,0.0015715
2022-09-02 12:00:00,20355.85,0.003025,282.1,0.013864,61.59,2.285e-05,0.4652,32.28,0.0015855
2022-09-02 16:00:00,19910.43,0.003071,275.3,0.013831,61.12,2.264e-05,0.4508,31.06,0.00156
2022-09-02 20:00:00,19951.86,0.003057,277.5,0.013903,60.99,2.276e-05,0.4543,31.23,0.0015658
2022-09-03 00:00:00,19899.69,0.003082,276.5,0.013897,61.31,2.305e-05,0.4587,30.95,0.0015551
2022-09-03 04:00:00,19815.63,0.003028,275.6,0.0139,59.99,2.347e-05,0.4653,31.04,0.0015665
2022-09-03 08:00:00,19798.76,0.003045,276.1,0.013941,60.27,2.385e-05,0.4721,31.04,0.001568
2022-09-03 12:00:00,19772.95,0.003063,276.3,0.013969,60.55,2.422e-05,0.4789,31.12,0.0015746
2022-09-03 16:00:00,19710.0,0.003079,276.6,0.014032,60.68,2.434e-05,0.4798,30.99,0.0015721
2022-09-03 20:00:00,19831.9,0.003034,277.8,0.014005,60.15,2.423e-05,0.4803,31.12,0.0015693
2022-09-04 00:00:00,19772.79,0.003022,277.6,0.014046,59.78,2.499e-05,0.494,31.43,0.0015892
2022-09-04 04:00:00,19632.4,0.00302,275.9,0.014049,59.29,2.504e-05,0.4916,31.1,0.0015839
2022-09-04 08:00:00,19850.79,0.003037,279.1,0.01406,60.32,2.546e-05,0.5053,31.86,0.0016054
2022-09-04 12:00:00,19789.9,0.002986,278.0,0.014047,59.07,2.528e-05,0.5003,31.82,0.0016078
2022-09-04 16:00:00,19882.69,0.003005,277.6,0.013967,59.76,2.505e-05,0.4982,31.74,0.0015963
2022-09-04 20:00:00,20000.3,0.003045,279.1,0.013949,60.9,2.517e-05,0.5035,32.16,0.0016075
2022-09-05 00:00:00,19884.91,0.003051,278.6,0.014008,60.67,2.505e-05,0.4981,32.1,0.0016145
2022-09-05 04:00:00,19750.0,0.003017,275.3,0.013935,59.59,2.473e-05,0.4885,31.68,0.0016041
2022-09-05 08:00:00,19701.95,0.003029,274.8,0.013944,59.71,2.469e-05,0.4867,31.28,0.0015875
2022-09-05 12:00:00,19854.59,0.003041,276.7,0.013939,60.39,2.478e-05,0.492,31.85,0.0016043
2022-09-05 16:00:00,19708.64,0.003046,274.2,0.013912,60.02,2.478e-05,0.4884,31.72,0.0016098
2022-09-05 20:00:00,19796.84,0.00305,276.9,0.013983,60.39,2.518e-05,0.4984,32.18,0.0016252
2022-09-06 00:00:00,19790.01,0.003043,279.6,0.014134,60.21,2.519e-05,0.4985,32.73,0.0016534
2022-09-06 04:00:00,19905.79,0.003011,280.6,0.014096,59.94,2.529e-05,0.5037,32.97,0.0016561
2022-09-06 08:00:00,19918.33,0.003006,281.6,0.01414,59.85,2.514e-05,0.5006,33.24,0.0016691
2022-09-06 12:00:00,19818.37,0.002981,281.3,0.014197,59.08,2.503e-05,0.4962,33.79,0.0017051
2022-09-06 16:00:00,18824.41,0.002928,265.8,0.014123,55.1,2.48e-05,0.467,31.01,0.0016478
2022-09-06 20:00:00,18790.61,0.00288,262.5,0.013965,54.11,2.461e-05,0.4625,30.88,0.0016435
2022-09-07 00:00:00,18745.85,0.002858,263.0,0.014026,53.57,2.454e-05,0.4601,30.88,0.0016469
2022-09-07 04:00:00,18800.43,0.002884,264.3,0.014057,54.22,2.472e-05,0.4648,31.1,0.0016537
2022-09-07 08:00:00,18739.59,0.002891,263.5,0.014062,54.17,2.464e-05,0.4618,31.15,0.0016625
2022-09-07 12:00:00,18871.35,0.002923,267.1,0.014148,55.16,2.476e-05,0.4671,31.5,0.001669
2022-09-07 16:00:00,18992.38,0.00296,270.6,0.014239,56.23,2.482e-05,0.4714,31.95,0.0016816
2022-09-07 20:00:00,19292.84,0.002971,278.9,0.01446,57.31,2.482e-05,0.4787,32.69,0.0016952
2022-09-08 00:00:00,19218.4,0.002958,279.4,0.014545,56.85,2.479e-05,0.4764,32.45,0.0016886
2022-09-08 04:00:00,19171.66,0.002959,276.7,0.014437,56.75,2.448e-05,0.4694,32.37,0.0016889
2022-09-08 08:00:00,19311.15,0.002971,278.6,0.014428,57.39,2.441e-05,0.4714,32.89,0.0017036
2022-09-08 12:00:00,19250.81,0.00297,279.9,0.014543,57.15,2.443e-05,0.4703,33.4,0.001735
2022-09-08 16:00:00,19352.38,0.003017,281.2,0.014536,58.4,2.468e-05,0.4775,33.47,0.0017297
2022-09-08 20:00:00,19319.77,0.002999,280.5,0.014519,57.96,2.48e-05,0.479,33.61,0.0017395
2022-09-09 00:00:00,19950.73,0.002981,285.6,0.014317,59.45,2.449e-05,0.4887,34.74,0.0017416
2022-09-09 04:00:00,20631.76,0.00293,290.9,0.014104,60.45,2.386e-05,0.4924,35.38,0.001714
2022-09-09 08:00:00,20937.72,0.002909,291.8,0.013941,60.91,2.366e-05,0.4952,35.37,0.0016895
2022-09-09 12:00:00,21266.79,0.002865,292.3,0.013752,60.95,2.32e-05,0.4932,34.97,0.0016441
2022-09-09 16:00:00,21291.62,0.002861,291.7,0.013702,60.89,2.323e-05,0.4945,34.8,0.0016347
2022-09-09 20:00:00,21360.11,0.002862,293.4,0.013732,61.13,2.352e-05,0.5022,34.67,0.0016234
2022-09-10 00:00:00,21303.07,0.002882,293.6,0.013778,61.43,2.427e-05,0.5171,34.69,0.0016288
2022-09-10 04:00:00,21283.87,0.002858,292.5,0.013741,60.85,2.38e-05,0.5065,34.36,0.0016144
2022-09-10 08:00:00,21285.11,0.002919,294.0,0.013812,62.12,2.416e-05,0.5145,34.74,0.0016326
2022-09-10 12:00:00,21219.36,0.003019,293.1,0.01381,64.07,2.425e-05,0.5146,34.5,0.0016261
2022-09-10 16:00:00,21579.1,0.002927,294.8,0.013661,63.15,2.371e-05,0.5115,34.92,0.0016179
2022-09-10 20:00:00,21648.34,0.002923,296.7,0.013703,63.28,2.365e-05,0.5121,35.03,0.0016186
2022-09-11 00:00:00,21542.42,0.002959,294.4,0.013664,63.75,2.378e-05,0.5123,34.76,0.0016137
2022-09-11 04:00:00,21611.49,0.002916,295.3,0.013666,63.05,2.379e-05,0.5142,34.62,0.0016019
2022-09-11 08:00:00,21613.03,0.00291,296.3,0.013709,62.89,2.385e-05,0.5157,34.77,0.001609
2022-09-11 12:00:00,21643.16,0.0029,294.5,0.013607,62.78,2.362e-05,0.5112,35.24,0.001628
2022-09-11 16:00:00,21617.99,0.0029,294.8,0.013634,62.7,2.366e-05,0.5116,35.27,0.0016317
2022-09-11 20:00:00,21826.87,0.002848,295.3,0.013527,62.16,2.335e-05,0.5098,34.99,0.0016031
2022-09-12 00:00:00,21656.87,0.002802,293.0,0.01353,60.69,2.322e-05,0.5027,34.91,0.0016118
2022-09-12 04:00:00,22193.64,0.002796,296.2,0.013338,62.03,2.3e-05,0.5108,35.46,0.001598
2022-09-12 08:00:00,22312.75,0.002772,298.9,0.013388,61.84,2.311e-05,0.5159,37.71,0.0016898
2022-09-12 12:00:00,22114.5,0.002749,293.4,0.013271,60.78,2.282e-05,0.5047,37.14,0.0016796
2022-09-12 16:00:00,22426.08,0.002737,294.5,0.013135,61.38,2.257e-05,0.5061,37.64,0.0016787
2022-09-12 20:00:00,22395.74,0.00274,294.1,0.013127,61.38,2.238e-05,0.5012,37.44,0.0016716
2022-09-13 00:00:00,22231.58,0.002788,293.1,0.013185,61.99,2.241e-05,0.4982,38.79,0.0017445
2022-09-13 04:00:00,22273.09,0.002818,293.7,0.013186,62.73,2.257e-05,0.5027,38.54,0.0017298
2022-09-13 08:00:00,22522.74,0.002946,295.4,0.013112,66.36,2.238e-05,0.5041,38.46,0.0017074
2022-09-13 12:00:00,20829.77,0.002969,283.1,0.013593,61.86,2.256e-05,0.47,34.73,0.0016675
2022-09-13 16:00:00,20283.58,0.002953,279.7,0.01379,59.86,2.32e-05,0.4705,34.09,0.0016804
2022-09-13 20:00:00,20173.57,0.002929,277.4,0.013754,59.1,2.298e-05,0.4635,33.0,0.0016355
2022-09-14 00:00:00,20323.04,0.002952,280.0,0.013784,59.98,2.325e-05,0.4726,33.6,0.0016528
2022-09-14 04:00:00,20243.89,0.002904,279.1,0.013788,58.79,2.336e-05,0.4727,33.17,0.0016387
2022-09-14 08:00:00,20225.35,0.002932,279.6,0.013826,59.27,2.335e-05,0.4723,33.23,0.0016436
2022-09-14 12:00:00,20178.79,0.002992,279.5,0.013855,60.39,2.388e-05,0.482,33.53,0.0016619
2022-09-14 16:00:00,19952.11,0.002998,277.5,0.013908,59.81,2.408e-05,0.4803,33.49,0.0016783
2022-09-14 20:00:00,20226.71,0.002975,279.3,0.013813,60.18,2.378e-05,0.4809,34.12,0.0016869
2022-09-15 00:00:00,20023.59,0.002947,276.2,0.013791,59.03,2.35e-05,0.4704,33.06,0.0016514
2022-09-15 04:00:00,20204.23,0.002982,277.1,0.013712,60.23,2.365e-05,0.4775,34.7,0.0017178
2022-09-15 08:00:00,20148.35,0.002962,275.6,0.013678,59.66,2.355e-05,0.4745,33.92,0.0016835
2022-09-15 12:00:00,19737.36,0.002921,269.8,0.013669,57.65,2.368e-05,0.4673,32.99,0.0016713
2022-09-15 16:00:00,19782.36,0.002875,271.6,0.013733,56.89,2.366e-05,0.4679,33.42,0.0016892
2022-09-15 20:00:00,19701.88,0.00286,271.1,0.013756,56.34,2.366e-05,0.4662,33.07,0.0016786
2022-09-16 00:00:00,19744.77,0.002827,273.2,0.01383,55.83,2.374e-05,0.4686,32.86,0.001664
2022-09-16 04:00:00,19739.1,0.002804,273.4,0.013851,55.34,2.358e-05,0.4656,32.82,0.0016629
2022-09-16 08:00:00,19867.82,0.002827,276.3,0.013906,56.16,2.34e-05,0.4649,33.07,0.0016649
2022-09-16 12:00:00,19661.24,0.002836,275.1,0.013988,55.77,2.346e-05,0.4615,32.27,0.0016415
2022-09-16 16:00:00,19618.91,0.002835,273.2,0.013919,55.62,2.353e-05,0.4616,32.11,0.0016372
2022-09-16 20:00:00,19803.3,0.002825,274.9,0.013881,55.95,2.397e-05,0.4746,32.25,0.0016283
2022-09-17 00:00:00,19884.93,0.002833,276.3,0.013893,56.33,2.4e-05,0.4771,32.67,0.0016429
2022-09-17 04:00:00,19842.09,0.002829,276.5,0.013934,56.13,2.4e-05,0.4762,32.85,0.0016555
2022-09-17 08:00:00,19810.22,0.002863,276.9,0.013973,56.72,2.403e-05,0.4763,32.63,0.0016472
2022-09-17 12:00:00,19963.34,0.002887,277.5,0.0139,57.62,2.41e-05,0.4811,33.3,0.0016677
2022-09-17 16:00:00,20009.21,0.002906,278.7,0.013931,58.15,2.412e-05,0.4826,33.26,0.0016625
2022-09-17 20:00:00,20113.62,0.002875,279.1,0.013875,57.83,2.416e-05,0.4859,33.68,0.0016748
2022-09-18 00:00:00,20000.33,0.002866,277.4,0.013876,57.29,2.416e-05,0.483,33.42,0.0016704
2022-09-18 04:00:00,20053.17,0.002849,278.1,0.013873,57.15,2.443e-05,0.4898,33.83,0.0016872
2022-09-18 08:00:00,19922.92,0.002836,276.6,0.013882,56.49,2.397e-05,0.4777,33.34,0.0016732
2022-09-18 12:00:00,19814.63,0.002849,275.3,0.013897,56.44,2.368e-05,0.4693,32.9,0.0016606
2022-09-18 16:00:00,19725.87,0.002864,272.8,0.01383,56.49,2.37e-05,0.4676,32.41,0.001643
2022-09-18 20:00:00,19416.18,0.002711,266.2,0.013714,52.63,2.305e-05,0.4477,31.1,0.0016016
2022-09-19 00:00:00,18776.93,0.002724,261.8,0.013945,51.15,2.33e-05,0.4374,30.9,0.0016454
2022-09-19 04:00:00,18468.74,0.002749,259.6,0.014055,50.76,2.367e-05,0.437,31.11,0.0016842
2022-09-19 08:00:00,18684.87,0.002741,262.0,0.014018,51.21,2.356e-05,0.4399,31.26,0.0016727
2022-09-19 12:00:00,19080.49,0.002723,266.1,0.013943,51.95,2.342e-05,0.447,31.92,0.0016725
2022-09-19 16:00:00,19514.8,0.002694,268.9,0.01378,52.56,2.332e-05,0.4551,32.81,0.0016813
2022-09-19 20:00:00,19537.02,0.002708,271.9,0.013921,52.91,2.317e-05,0.4527,32.62,0.00167
2022-09-20 00:00:00,19364.19,0.002689,269.4,0.01391,52.08,2.311e-05,0.4476,32.44,0.0016754
2022-09-20 04:00:00,19357.93,0.002685,270.2,0.013963,51.98,2.311e-05,0.4472,32.32,0.00167
2022-09-20 08:00:00,19219.49,0.002692,270.2,0.014057,51.72,2.312e-05,0.4446,32.19,0.0016748
2022-09-20 12:00:00,19238.1,0.00273,270.3,0.01405,52.5,2.332e-05,0.4488,32.51,0.0016898
2022-09-20 16:00:00,18993.33,0.002752,268.4,0.014137,52.27,2.334e-05,0.4431,31.84,0.0016762
2022-09-20 20:00:00,18875.0,0.002771,266.3,0.014109,52.3,2.342e-05,0.4422,31.41,0.0016641
2022-09-21 00:00:00,19021.17,0.002755,267.2,0.014048,52.41,2.393e-05,0.4554,31.84,0.001674
2022-09-21 04:00:00,18947.82,0.002731,265.9,0.014035,51.75,2.367e-05,0.4485,31.76,0.0016764
2022-09-21 08:00:00,19165.93,0.002783,269.4,0.014054,53.32,2.36e-05,0.4521,32.04,0.0016718
2022-09-21 12:00:00,19191.17,0.002774,267.3,0.013925,53.25,2.311e-05,0.4437,31.51,0.0016415
2022-09-21 16:00:00,19001.03,0.002795,268.9,0.014151,53.09,2.349e-05,0.4464,31.55,0.0016598
2022-09-21 20:00:00,18461.36,0.002767,264.0,0.014302,51.09,2.378e-05,0.4389,30.65,0.0016602
2022-09-22 00:00:00,18690.39,0.002763,265.2,0.014186,51.64,2.374e-05,0.4438,31.02,0.0016596
2022-09-22 04:00:00,18934.29,0.002791,266.9,0.014087,52.82,2.369e-05,0.4488,31.74,0.0016761
2022-09-22 08:00:00,19229.81,0.002779,270.2,0.014051,53.45,2.373e-05,0.4562,32.35,0.0016822
2022-09-22 12:00:00,18986.89,0.002778,268.4,0.014137,52.77,2.37e-05,0.4502,31.91,0.0016804
2022-09-22 16:00:00,19311.19,0.002772,274.3,0.014206,53.52,2.392e-05,0.462,32.46,0.001681
2022-09-22 20:00:00,19401.63,0.00276,275.3,0.01419,53.57,2.362e-05,0.4584,32.43,0.0016707
2022-09-23 00:00:00,19394.62,0.002787,274.7,0.014171,54.04,2.463e-05,0.4775,33.0,0.0017015
2022-09-23 04:00:00,19223.27,0.002787,274.8,0.0143,53.58,2.397e-05,0.4607,32.58,0.0016949
2022-09-23 08:00:00,18862.72,0.002786,272.8,0.014467,52.56,2.409e-05,0.4544,31.75,0.0016835
2022-09-23 12:00:00,18711.86,0.002796,271.3,0.014492,52.33,2.415e-05,0.452,31.59,0.0016879
2022-09-23 16:00:00,18807.57,0.002856,271.7,0.014437,53.73,2.417e-05,0.4548,31.93,0.0016973
2022-09-23 20:00:00,19289.91,0.002862,276.7,0.014341,55.22,2.394e-05,0.4618,33.66,0.0017451
2022-09-24 00:00:00,19121.92,0.002863,278.9,0.014578,54.74,2.412e-05,0.4614,33.98,0.0017766
2022-09-24 04:00:00,18997.14,0.002916,280.7,0.014781,55.39,2.413e-05,0.4585,33.73,0.0017759
2022-09-24 08:00:00,19051.63,0.002879,280.2,0.014707,54.84,2.423e-05,0.4614,34.48,0.0018098
2022-09-24 12:00:00,19124.14,0.002882,279.7,0.014629,55.12,2.413e-05,0.4613,33.72,0.0017631
2022-09-24 16:00:00,19103.3,0.002887,278.3,0.014564,55.14,2.409e-05,0.4602,34.06,0.0017834
2022-09-24 20:00:00,18920.5,0.002823,274.4,0.014507,53.43,2.383e-05,0.4511,33.38,0.0017643
2022-09-25 00:00:00,19053.67,0.002846,276.4,0.014508,54.23,2.397e-05,0.4569,33.69,0.0017681
2022-09-25 04:00:00,19098.09,0.002839,277.9,0.014556,54.23,2.395e-05,0.4575,33.97,0.0017787
2022-09-25 08:00:00,19117.94,0.002829,278.2,0.014558,54.09,2.401e-05,0.4591,33.64,0.0017594
2022-09-25 12:00:00,18988.74,0.002843,275.3,0.014502,53.97,2.381e-05,0.4521,33.22,0.0017499
2022-09-25 16:00:00,18915.49,0.002839,275.0,0.014534,53.71,2.378e-05,0.4498,32.73,0.00173
2022-09-25 20:00:00,18807.38,0.002793,274.3,0.014582,52.53,2.374e-05,0.4464,32.34,0.0017191
2022-09-26 00:00:00,18868.39,0.002802,273.0,0.014463,52.88,2.351e-05,0.4436,32.52,0.0017232
2022-09-26 04:00:00,18911.18,0.002766,273.3,0.014457,52.3,2.337e-05,0.442,32.47,0.0017165
2022-09-26 08:00:00,18876.62,0.002792,272.4,0.01444,52.7,2.336e-05,0.441,32.54,0.0017246
2022-09-26 12:00:00,19113.48,0.002777,274.5,0.01436,53.08,2.332e-05,0.4456,33.11,0.0017322
2022-09-26 16:00:00,19202.77,0.002768,274.9,0.014315,53.14,2.324e-05,0.4461,33.74,0.0017572
2022-09-26 20:00:00,19227.82,0.00278,276.1,0.014361,53.44,2.327e-05,0.4473,33.88,0.0017625
2022-09-27 00:00:00,20099.04,0.002735,283.5,0.014101,54.98,2.28e-05,0.4582,34.73,0.0017275
2022-09-27 04:00:00,20183.74,0.002717,285.1,0.014128,54.83,2.268e-05,0.4577,34.52,0.0017099
2022-09-27 08:00:00,20229.26,0.002715,283.6,0.014022,54.95,2.246e-05,0.4544,34.66,0.0017133
2022-09-27 12:00:00,19887.73,0.002732,280.9,0.014123,54.33,2.278e-05,0.4532,34.37,0.0017283
2022-09-27 16:00:00,19077.59,0.002743,271.7,0.014244,52.35,2.319e-05,0.4424,32.61,0.0017093
2022-09-27 20:00:00,19079.13,0.002759,272.3,0.014271,52.65,2.313e-05,0.4411,32.69,0.0017129
2022-09-28 00:00:00,18745.65,0.00277,270.2,0.014413,51.92,2.297e-05,0.4304,32.34,0.0017256
2022-09-28 04:00:00,18781.48,0.002771,270.5,0.014395,52.06,2.293e-05,0.4306,32.32,0.0017207
2022-09-28 08:00:00,18955.43,0.002786,272.6,0.014385,52.79,2.28e-05,0.4321,32.49,0.0017143
2022-09-28 12:00:00,19487.79,0.002745,278.4,0.014287,53.52,2.24e-05,0.4368,33.12,0.0016998
2022-09-28 16:00:00,19546.72,0.002739,280.1,0.014334,53.53,2.24e-05,0.4377,33.58,0.0017184
2022-09-28 20:00:00,19412.82,0.002745,281.6,0.014505,53.29,2.247e-05,0.4361,33.22,0.0017114
2022-09-29 00:00:00,19507.5,0.002739,283.7,0.014545,53.43,2.238e-05,0.4365,33.74,0.0017289
2022-09-29 04:00:00,19359.71,0.002748,281.0,0.014522,53.22,2.229e-05,0.4314,33.36,0.001723
2022-09-29 08:00:00,19463.04,0.002751,280.9,0.014429,53.58,2.233e-05,0.4348,33.75,0.001734
2022-09-29 12:00:00,19288.85,0.002767,281.6,0.014595,53.36,2.247e-05,0.4333,34.11,0.0017689
2022-09-29 16:00:00,19405.37,0.002771,282.7,0.014568,53.78,2.236e-05,0.434,33.82,0.0017428
2022-09-29 20:00:00,19591.51,0.002754,284.1,0.014502,53.96,2.236e-05,0.4381,33.93,0.0017318
2022-09-30 00:00:00,19398.12,0.002764,284.4,0.014664,53.61,2.25e-05,0.4363,34.1,0.0017577
2022-09-30 04:00:00,19571.35,0.002757,286.7,0.01465,53.97,2.232e-05,0.4366,34.23,0.0017485
2022-09-30 08:00:00,19436.29,0.002746,283.3,0.01458,53.38,2.227e-05,0.433,33.96,0.0017468
2022-09-30 12:00:00,19756.01,0.002757,286.7,0.014517,54.47,2.204e-05,0.4356,34.65,0.0017544
2022-09-30 16:00:00,19473.52,0.002765,283.9,0.014576,53.86,2.213e-05,0.431,33.72,0.0017314
2022-09-30 20:00:00,19422.61,0.002753,284.8,0.01466,53.48,2.238e-05,0.4347,33.25,0.0017119
2022-10-01 00:00:00,19416.05,0.002759,283.5,0.014606,53.57,2.237e-05,0.4344,33.08,0.0017041
2022-10-01 04:00:00,19309.84,0.002764,282.5,0.014635,53.38,2.244e-05,0.4332,33.01,0.0017098
2022-10-01 08:00:00,19312.04,0.002772,283.1,0.014665,53.52,2.239e-05,0.4326,33.02,0.0017102
2022-10-01 12:00:00,19330.95,0.002766,281.5,0.014563,53.46,2.233e-05,0.4317,32.99,0.0017067
2022-10-01 16:00:00,19266.15,0.002744,281.8,0.014628,52.88,2.239e-05,0.4315,32.65,0.0016943
2022-10-01 20:00:00,19310.95,0.00274,282.9,0.014647,52.92,2.228e-05,0.43,32.44,0.0016801
2022-10-02 00:00:00,19310.83,0.002745,282.5,0.014623,53.0,2.233e-05,0.4311,32.84,0.0017006
2022-10-02 04:00:00,19285.26,0.002748,281.5,0.0146,52.99,2.231e-05,0.4303,32.83,0.001702
2022-10-02 08:00:00,19192.43,0.002737,282.9,0.014741,52.53,2.21e-05,0.4243,32.54,0.0016953
2022-10-02 12:00:00,19143.94,0.002748,282.5,0.014751,52.6,2.213e-05,0.4235,32.42,0.0016934
2022-10-02 16:00:00,19260.63,0.00275,286.6,0.01488,52.95,2.22e-05,0.4276,32.73,0.001699
2022-10-02 20:00:00,19056.8,0.002719,284.7,0.01494,51.82,2.201e-05,0.4194,32.06,0.0016825
2022-10-03 00:00:00,19168.29,0.002734,285.3,0.014887,52.42,2.203e-05,0.4223,32.32,0.0016861
2022-10-03 04:00:00,19197.73,0.002742,285.4,0.014871,52.65,2.196e-05,0.4216,32.26,0.0016803
2022-10-03 08:00:00,19245.41,0.002754,286.4,0.014875,53.0,2.193e-05,0.4221,32.5,0.0016885
2022-10-03 12:00:00,19335.92,0.002763,286.4,0.014813,53.43,2.195e-05,0.4245,32.83,0.0016978
2022-10-03 16:00:00,19541.38,0.002742,286.0,0.014636,53.59,2.186e-05,0.4269,32.95,0.0016864
2022-10-03 20:00:00,19629.08,0.002759,286.9,0.014621,54.17,2.178e-05,0.4276,32.89,0.001676
2022-10-04 00:00:00,19598.27,0.002772,287.6,0.014674,54.35,2.183e-05,0.4278,33.1,0.0016889
2022-10-04 04:00:00,19968.01,0.002741,290.9,0.014565,54.71,2.166e-05,0.4323,33.73,0.0016889
2022-10-04 08:00:00,19939.0,0.002744,291.9,0.014644,54.74,2.164e-05,0.4316,33.67,0.0016889
2022-10-04 12:00:00,20099.7,0.002717,294.1,0.014629,54.58,2.149e-05,0.4318,34.17,0.0017006
2022-10-04 16:00:00,20220.09,0.002722,296.6,0.014673,55.03,2.154e-05,0.4354,34.1,0.0016871
2022-10-04 20:00:00,20337.82,0.002717,296.2,0.014566,55.28,2.142e-05,0.4355,34.09,0.0016767
2022-10-05 00:00:00,20189.83,0.00272,294.8,0.014602,54.9,2.139e-05,0.4317,34.08,0.0016881
2022-10-05 04:00:00,20226.58,0.002708,294.1,0.014538,54.76,2.137e-05,0.4322,34.12,0.001687
2022-10-05 08:00:00,20027.43,0.002697,291.9,0.014585,54.0,2.134e-05,0.4273,33.52,0.0016741
2022-10-05 12:00:00,20001.7,0.0027,292.7,0.014635,53.99,2.141e-05,0.4282,33.68,0.001684
2022-10-05 16:00:00,20119.47,0.002705,293.2,0.014574,54.43,2.138e-05,0.4301,33.87,0.0016832
2022-10-05 20:00:00,20158.26,0.00271,294.2,0.014593,54.63,2.138e-05,0.4309,34.04,0.0016887
2022-10-06 00:00:00,20355.69,0.002689,296.3,0.014556,54.76,2.136e-05,0.435,34.32,0.0016861
2022-10-06 04:00:00,20218.43,0.002692,295.6,0.014613,54.44,2.141e-05,0.4328,34.05,0.0016839
2022-10-06 08:00:00,20245.22,0.002696,295.1,0.014578,54.58,2.135e-05,0.432,34.14,0.0016867
2022-10-06 12:00:00,20010.0,0.002715,293.7,0.014674,54.36,2.145e-05,0.4291,33.83,0.0016908
2022-10-06 16:00:00,20010.62,0.002692,292.9,0.014637,53.86,2.141e-05,0.4285,33.64,0.001681
2022-10-06 20:00:00,19960.67,0.002681,287.0,0.014377,53.53,2.148e-05,0.4288,33.36,0.0016712
2022-10-07 00:00:00,19981.88,0.002677,284.2,0.014227,53.51,2.143e-05,0.4281,33.62,0.0016829
2022-10-07 04:00:00,19928.0,0.002685,284.7,0.014287,53.51,2.146e-05,0.4277,33.33,0.0016724
2022-10-07 08:00:00,19998.9,0.002675,284.1,0.014212,53.49,2.14e-05,0.4279,33.35,0.0016678
2022-10-07 12:00:00,19577.65,0.002694,282.7,0.014439,52.72,2.166e-05,0.424,32.91,0.0016806
2022-10-07 16:00:00,19459.32,0.002708,282.8,0.01453,52.69,2.184e-05,0.4251,32.96,0.0016938
2022-10-07 20:00:00,19530.09,0.002706,282.3,0.014452,52.83,2.171e-05,0.424,32.98,0.0016886
2022-10-08 00:00:00,19504.78,0.002728,280.9,0.014406,53.2,2.178e-05,0.4249,32.83,0.0016829
2022-10-08 04:00:00,19499.94,0.002733,281.3,0.014425,53.3,2.187e-05,0.4262,33.0,0.0016918
2022-10-08 08:00:00,19534.21,0.002733,281.6,0.01441,53.37,2.175e-05,0.4249,32.96,0.0016871
2022-10-08 12:00:00,19487.88,0.002729,280.7,0.014408,53.17,2.18e-05,0.425,32.83,0.0016843
2022-10-08 16:00:00,19468.03,0.002714,280.6,0.014417,52.85,2.175e-05,0.4234,32.72,0.0016801
2022-10-08 20:00:00,19417.96,0.002719,276.4,0.014235,52.79,2.173e-05,0.4219,32.58,0.001678
2022-10-09 00:00:00,19366.58,0.002732,275.6,0.014224,52.92,2.169e-05,0.4203,32.51,0.0016781
2022-10-09 04:00:00,19407.96,0.00275,277.5,0.014295,53.37,2.172e-05,0.4214,32.72,0.0016853
2022-10-09 08:00:00,19468.35,0.002751,278.0,0.014278,53.57,2.172e-05,0.4231,32.83,0.0016863
2022-10-09 12:00:00,19535.77,0.002746,279.0,0.014284,53.64,2.167e-05,0.4236,33.11,0.0016947
2022-10-09 16:00:00,19468.96,0.002752,278.3,0.014299,53.58,2.169e-05,0.4224,32.96,0.0016925
2022-10-09 20:00:00,19439.02,0.002773,278.2,0.014311,53.9,2.176e-05,0.423,32.92,0.0016932
2022-10-10 00:00:00,19452.99,0.002782,278.1,0.014295,54.12,2.178e-05,0.4238,33.04,0.0016987
2022-10-10 04:00:00,19412.25,0.002781,276.5,0.014249,53.99,2.171e-05,0.4215,32.9,0.0016947
2022-10-10 08:00:00,19331.62,0.002756,275.2,0.014228,53.28,2.154e-05,0.4163,32.7,0.0016916
2022-10-10 12:00:00,19269.02,0.002769,274.9,0.014267,53.37,2.157e-05,0.4157,32.6,0.0016918
2022-10-10 16:00:00,19211.59,0.002769,274.6,0.01429,53.19,2.157e-05,0.4141,32.46,0.0016895
2022-10-10 20:00:00,19131.87,0.00275,271.5,0.014191,52.63,2.098e-05,0.4012,31.96,0.0016704
2022-10-11 00:00:00,19044.74,0.002712,270.1,0.014176,51.63,2.078e-05,0.3955,31.36,0.0016472
2022-10-11 04:00:00,19084.1,0.002722,271.1,0.014206,51.93,2.078e-05,0.3963,31.56,0.0016532
2022-10-11 08:00:00,19153.68,0.002719,272.2,0.014213,52.08,2.082e-05,0.3989,31.55,0.0016479
2022-10-11 12:00:00,19147.6,0.002739,273.2,0.014265,52.46,2.085e-05,0.3991,31.57,0.0016484
2022-10-11 16:00:00,18999.25,0.002728,270.2,0.014222,51.83,2.065e-05,0.3922,31.16,0.0016397
2022-10-11 20:00:00,19060.0,0.002729,271.4,0.014236,52.03,2.051e-05,0.3908,30.8,0.0016159
2022-10-12 00:00:00,19048.73,0.002738,271.3,0.014237,52.17,2.053e-05,0.391,30.94,0.0016243
2022-10-12 04:00:00,19112.41,0.002746,271.5,0.014201,52.49,2.06e-05,0.3937,31.25,0.0016357
2022-10-12 08:00:00,19114.62,0.00273,271.2,0.014189,52.18,2.054e-05,0.3928,31.24,0.0016347
2022-10-12 12:00:00,19137.32,0.002731,271.0,0.014161,52.26,2.047e-05,0.3917,31.28,0.0016345
2022-10-12 16:00:00,19137.18,0.002723,271.1,0.014163,52.12,2.019e-05,0.3864,31.11,0.001626
2022-10-12 20:00:00,19155.53,0.002726,270.9,0.014139,52.23,1.991e-05,0.3814,31.16,0.0016263
2022-10-13 00:00:00,19089.16,0.00272,269.7,0.014132,51.9,1.963e-05,0.3748,30.76,0.0016115
2022-10-13 04:00:00,19005.29,0.002676,264.3,0.013905,50.85,1.906e-05,0.3623,29.72,0.0015644
2022-10-13 08:00:00,18753.2,0.002672,262.4,0.013992,50.09,1.924e-05,0.361,28.8,0.0015358
2022-10-13 12:00:00,18958.59,0.002656,266.8,0.014078,50.33,1.983e-05,0.376,29.67,0.0015652
2022-10-13 16:00:00,19369.94,0.002647,271.7,0.014028,51.27,1.938e-05,0.3753,30.59,0.0015795
2022-10-13 20:00:00,19375.13,0.002638,271.6,0.01402,51.1,1.945e-05,0.3768,30.49,0.0015736
2022-10-14 00:00:00,19816.85,0.002645,275.1,0.013883,52.4,1.953e-05,0.387,31.65,0.0015972
2022-10-14 04:00:00,19642.35,0.002643,273.5,0.01393,51.89,1.944e-05,0.3818,31.33,0.0015951
2022-10-14 08:00:00,19596.25,0.002648,273.3,0.013947,51.89,1.935e-05,0.379,31.21,0.001593
2022-10-14 12:00:00,19358.59,0.002647,271.3,0.014017,51.24,1.924e-05,0.3724,30.82,0.0015922
2022-10-14 16:00:00,19168.18,0.002674,270.0,0.014077,51.25,1.908e-05,0.3658,30.2,0.0015757
2022-10-14 20:00:00,19176.93,0.002675,269.4,0.014051,51.31,1.912e-05,0.3667,30.0,0.0015642
2022-10-15 00:00:00,19200.99,0.002674,270.7,0.014094,51.34,1.92e-05,0.3687,30.11,0.0015674
2022-10-15 04:00:00,19169.79,0.002685,270.7,0.014122,51.46,1.917e-05,0.3673,30.05,0.0015676
2022-10-15 08:00:00,19167.33,0.002685,271.1,0.014143,51.47,1.919e-05,0.368,29.99,0.0015642
2022-10-15 12:00:00,19127.95,0.002689,271.1,0.014169,51.44,1.917e-05,0.3665,29.92,0.0015648
2022-10-15 16:00:00,19102.17,0.002671,270.0,0.014139,50.98,1.921e-05,0.367,29.86,0.0015633
2022-10-15 20:00:00,19069.39,0.002642,268.2,0.014067,50.39,1.91e-05,0.3641,29.59,0.0015519
2022-10-16 00:00:00,19123.43,0.002644,269.6,0.014096,50.54,1.912e-05,0.3656,29.79,0.0015574
2022-10-16 04:00:00,19134.31,0.002648,270.0,0.01411,50.66,1.916e-05,0.3665,29.76,0.0015557
2022-10-16 08:00:00,19144.69,0.002664,270.0,0.014104,50.98,1.92e-05,0.3675,29.95,0.0015641
2022-10-16 12:00:00,19158.49,0.002659,270.6,0.014124,50.96,1.91e-05,0.3662,29.96,0.0015642
2022-10-16 16:00:00,19375.39,0.002666,273.5,0.014114,51.64,1.929e-05,0.3736,30.38,0.0015685
2022-10-16 20:00:00,19262.98,0.00267,272.5,0.014147,51.43,1.921e-05,0.3703,30.17,0.0015656
2022-10-17 00:00:00,19186.38,0.002669,271.7,0.014157,51.2,1.912e-05,0.3669,30.01,0.0015642
2022-10-17 04:00:00,19295.58,0.002668,272.2,0.014104,51.45,1.909e-05,0.3684,30.31,0.0015711
2022-10-17 08:00:00,19457.58,0.002651,273.3,0.014046,51.58,1.91e-05,0.3715,30.53,0.001569
2022-10-17 12:00:00,19535.19,0.002653,274.0,0.014027,51.85,1.907e-05,0.3725,30.93,0.0015835
2022-10-17 16:00:00,19526.84,0.002646,274.7,0.014077,51.67,1.897e-05,0.3704,30.8,0.001577
2022-10-17 20:00:00,19549.86,0.002652,275.6,0.014099,51.82,1.906e-05,0.3723,31.21,0.0015967
2022-10-18 00:00:00,19547.9,0.00265,274.8,0.014056,51.8,1.897e-05,0.3707,31.11,0.0015914
2022-10-18 04:00:00,19664.92,0.002653,274.7,0.013972,52.16,1.888e-05,0.3714,31.12,0.0015829
2022-10-18 08:00:00,19563.59,0.002645,273.6,0.013987,51.75,1.882e-05,0.3683,30.84,0.0015762
2022-10-18 12:00:00,19375.01,0.002652,272.1,0.014045,51.37,1.883e-05,0.3649,30.32,0.0015644
2022-10-18 16:00:00,19216.21,0.002667,272.3,0.014166,51.27,1.885e-05,0.3622,30.08,0.0015653
2022-10-18 20:00:00,19327.44,0.002682,273.1,0.01413,51.86,1.874e-05,0.3624,30.15,0.0015597
2022-10-19 00:00:00,19281.63,0.002678,272.5,0.014132,51.64,1.865e-05,0.3596,30.03,0.0015578
2022-10-19 04:00:00,19218.11,0.00268,271.5,0.014131,51.5,1.861e-05,0.3577,30.06,0.0015638
2022-10-19 08:00:00,19200.84,0.002672,271.2,0.014128,51.31,1.853e-05,0.3555,29.93,0.0015588
2022-10-19 12:00:00,19266.43,0.002678,273.2,0.014176,51.59,1.858e-05,0.358,29.99,0.0015562
2022-10-19 16:00:00,19232.59,0.002678,273.4,0.014218,51.52,1.86e-05,0.3577,29.76,0.0015476
2022-10-19 20:00:00,19123.97,0.002664,272.0,0.014218,50.94,1.829e-05,0.3497,28.86,0.001509
2022-10-20 00:00:00,19042.09,0.002676,270.6,0.014208,50.96,1.848e-05,0.3521,28.91,0.0015186
2022-10-20 04:00:00,19145.94,0.002693,271.5,0.014187,51.56,1.847e-05,0.3534,29.25,0.0015276
2022-10-20 08:00:00,19208.09,0.002695,272.8,0.014202,51.77,1.837e-05,0.3531,29.33,0.0015272
2022-10-20 12:00:00,19253.3,0.002691,272.4,0.014149,51.82,1.832e-05,0.3528,29.14,0.0015133
2022-10-20 16:00:00,19063.82,0.00268,269.1,0.014117,51.1,1.792e-05,0.3417,28.26,0.0014825
2022-10-20 20:00:00,19041.92,0.002689,269.0,0.014125,51.22,1.786e-05,0.3402,28.01,0.001471
2022-10-21 00:00:00,19051.77,0.002673,268.4,0.014091,50.91,1.785e-05,0.34,28.13,0.0014765
2022-10-21 04:00:00,19027.86,0.002674,267.0,0.014034,50.88,1.773e-05,0.3375,27.92,0.0014674
2022-10-21 08:00:00,18945.65,0.002654,266.4,0.014059,50.28,1.765e-05,0.3342,27.48,0.0014512
2022-10-21 12:00:00,19168.25,0.002687,269.8,0.014081,51.5,1.79e-05,0.3432,27.58,0.0014388
2022-10-21 16:00:00,19189.22,0.00269,270.5,0.014093,51.61,1.814e-05,0.348,28.19,0.0014689
2022-10-21 20:00:00,19164.37,0.002695,270.1,0.014092,51.63,1.822e-05,0.3492,28.1,0.0014659
2022-10-22 00:00:00,19151.22,0.002692,268.9,0.014037,51.54,1.811e-05,0.3469,27.82,0.0014523
2022-10-22 04:00:00,19163.58,0.0027,269.9,0.014082,51.75,1.811e-05,0.347,27.77,0.001449
2022-10-22 08:00:00,19178.66,0.002708,269.9,0.014073,51.96,1.832e-05,0.3513,27.99,0.0014593
2022-10-22 12:00:00,19235.65,0.002715,269.6,0.014018,52.24,1.821e-05,0.35,28.0,0.0014559
2022-10-22 16:00:00,19183.83,0.002728,269.9,0.014071,52.33,1.823e-05,0.3496,27.82,0.0014504
2022-10-22 20:00:00,19204.35,0.002718,270.4,0.01408,52.18,1.829e-05,0.3513,28.01,0.0014582
2022-10-23 00:00:00,19197.59,0.002717,270.2,0.01408,52.21,1.841e-05,0.3535,28.36,0.0014775
2022-10-23 04:00:00,19162.37,0.002716,269.7,0.014076,52.05,1.831e-05,0.3509,28.42,0.0014829
2022-10-23 08:00:00,19151.78,0.002715,269.6,0.014079,51.98,1.813e-05,0.347,27.96,0.00146
2022-10-23 12:00:00,19190.14,0.002726,270.4,0.01409,52.32,1.831e-05,0.3512,27.94,0.0014557
2022-10-23 16:00:00,19499.83,0.002725,274.0,0.014047,53.12,1.819e-05,0.3545,28.81,0.0014777
2022-10-23 20:00:00,19570.4,0.00276,276.0,0.014099,54.03,1.851e-05,0.3621,29.28,0.0014959
2022-10-24 00:00:00,19391.97,0.002755,274.3,0.014144,53.4,1.836e-05,0.3561,28.62,0.0014754
2022-10-24 04:00:00,19322.4,0.002741,273.5,0.01415,52.98,1.855e-05,0.3584,28.54,0.001477
2022-10-24 08:00:00,19423.63,0.002744,274.4,0.014126,53.31,1.872e-05,0.3636,29.13,0.0014998
2022-10-24 12:00:00,19301.96,0.002722,273.1,0.014153,52.57,1.855e-05,0.3579,28.45,0.001474
2022-10-24 16:00:00,19343.23,0.00272,273.3,0.014133,52.61,1.862e-05,0.3602,28.41,0.0014689
2022-10-24 20:00:00,19329.72,0.002718,274.1,0.01418,52.54,1.848e-05,0.3573,28.3,0.0014644
2022-10-25 00:00:00,19342.02,0.00273,274.2,0.014179,52.82,1.87e-05,0.3618,28.47,0.0014719
2022-10-25 04:00:00,19306.75,0.002729,273.3,0.014154,52.71,1.865e-05,0.3601,28.44,0.0014725
2022-10-25 08:00:00,19302.13,0.00272,273.1,0.01415,52.5,1.869e-05,0.361,28.22,0.0014618
2022-10-25 12:00:00,19748.48,0.002724,280.8,0.014222,53.78,1.893e-05,0.3734,29.69,0.0015035
2022-10-25 16:00:00,20273.14,0.002801,288.8,0.014243,56.78,2.042e-05,0.4138,31.5,0.0015542
2022-10-25 20:00:00,20080.07,0.002785,284.2,0.014154,55.92,1.992e-05,0.4,30.86,0.0015371
2022-10-26 00:00:00,20251.17,0.002785,286.2,0.01413,56.37,1.97e-05,0.3991,31.11,0.0015362
2022-10-26 04:00:00,20344.76,0.002772,286.7,0.014094,56.41,1.968e-05,0.4003,31.34,0.0015401
2022-10-26 08:00:00,20607.81,0.002772,288.9,0.014018,57.15,1.966e-05,0.405,31.25,0.0015166
2022-10-26 12:00:00,20846.66,0.002723,289.6,0.013894,56.75,1.954e-05,0.4072,31.42,0.0015069
2022-10-26 16:00:00,20763.54,0.002701,290.5,0.013989,56.08,1.941e-05,0.403,31.27,0.001506
2022-10-26 20:00:00,20771.59,0.002714,290.2,0.013977,56.39,1.94e-05,0.403,31.29,0.0015064
2022-10-27 00:00:00,20755.33,0.00271,290.2,0.013987,56.25,1.96e-05,0.4069,31.44,0.0015146
2022-10-27 04:00:00,20710.02,0.002712,289.2,0.013969,56.19,1.962e-05,0.4063,31.65,0.0015276
2022-10-27 08:00:00,20622.84,0.00271,288.0,0.013969,55.86,1.959e-05,0.4041,31.37,0.0015212
2022-10-27 12:00:00,20563.09,0.002693,287.8,0.013995,55.37,1.94e-05,0.399,31.3,0.0015221
2022-10-27 16:00:00,20629.59,0.002705,288.8,0.014001,55.81,1.948e-05,0.402,31.42,0.0015233
2022-10-27 20:00:00,20295.11,0.002697,286.7,0.014135,54.75,1.913e-05,0.3884,30.58,0.0015071
2022-10-28 00:00:00,20292.81,0.002689,287.0,0.014145,54.58,1.9e-05,0.3857,30.68,0.0015117
2022-10-28 04:00:00,20080.01,0.002675,286.2,0.01425,53.73,1.891e-05,0.3798,30.22,0.0015048
2022-10-28 08:00:00,20173.74,0.002679,287.8,0.014259,54.06,1.897e-05,0.3827,30.42,0.0015079
2022-10-28 12:00:00,20484.59,0.002671,296.8,0.01449,54.72,1.936e-05,0.3967,31.1,0.0015177
2022-10-28 16:00:00,20609.21,0.002677,299.1,0.014511,55.18,1.958e-05,0.4036,32.01,0.0015533
2022-10-28 20:00:00,20591.84,0.002667,297.9,0.014467,54.92,1.964e-05,0.4044,32.07,0.0015569
2022-10-29 00:00:00,20754.27,0.002675,304.7,0.014683,55.51,1.966e-05,0.408,32.89,0.0015849
2022-10-29 04:00:00,20772.27,0.002669,302.3,0.014555,55.44,1.965e-05,0.4081,33.29,0.0016026
2022-10-29 08:00:00,20698.89,0.002683,301.7,0.01458,55.55,1.956e-05,0.4048,32.97,0.0015929
2022-10-29 12:00:00,20923.33,0.002687,303.1,0.014487,56.23,1.953e-05,0.4086,33.15,0.0015844
2022-10-29 16:00:00,20836.96,0.002711,304.2,0.014597,56.5,2.007e-05,0.4184,32.93,0.0015804
2022-10-29 20:00:00,20809.67,0.00272,304.4,0.014628,56.6,2.019e-05,0.42,32.87,0.0015792
2022-10-30 00:00:00,20775.5,0.002726,307.7,0.014808,56.64,2.014e-05,0.4186,33.0,0.0015886
2022-10-30 04:00:00,20850.85,0.002743,313.7,0.015047,57.22,2.018e-05,0.4209,33.42,0.0016028
2022-10-30 08:00:00,20769.84,0.002708,312.0,0.015014,56.25,1.99e-05,0.4134,32.69,0.0015737
2022-10-30 12:00:00,20676.7,0.002684,310.1,0.014996,55.5,1.948e-05,0.4029,32.22,0.0015576
2022-10-30 16:00:00,20647.49,0.002698,315.3,0.015265,55.71,1.968e-05,0.4065,32.34,0.0015664
2022-10-30 20:00:00,20627.48,0.002683,313.5,0.015202,55.35,1.967e-05,0.4056,32.94,0.0015969
2022-10-31 00:00:00,20516.07,0.002698,311.6,0.015187,55.38,1.965e-05,0.4034,32.82,0.0015996
2022-10-31 04:00:00,20546.65,0.002684,310.3,0.015103,55.16,1.957e-05,0.4024,33.41,0.0016265
2022-10-31 08:00:00,20730.54,0.002701,331.1,0.015962,55.99,1.991e-05,0.4126,34.03,0.0016418
2022-10-31 12:00:00,20401.53,0.00267,323.9,0.015871,54.46,1.985e-05,0.405,33.01,0.0016187
2022-10-31 16:00:00,20371.72,0.002696,328.0,0.0161,54.94,1.983e-05,0.404,32.55,0.0015981
2022-10-31 20:00:00,20490.74,0.002685,325.7,0.015893,55.01,1.98e-05,0.4055,32.56,0.0015889
2022-11-01 00:00:00,20482.57,0.002682,329.8,0.016098,54.97,1.983e-05,0.4062,32.61,0.0015922
2022-11-01 04:00:00,20599.51,0.0027,327.0,0.015876,55.6,1.996e-05,0.411,33.03,0.0016034
2022-11-01 08:00:00,20522.79,0.002703,323.6,0.015765,55.49,1.999e-05,0.4103,32.9,0.0016036
2022-11-01 12:00:00,20444.0,0.002683,319.4,0.015618,54.85,1.972e-05,0.4032,32.48,0.0015881
2022-11-01 16:00:00,20451.45,0.002697,324.7,0.01588,55.16,1.964e-05,0.4017,32.22,0.0015755
2022-11-01 20:00:00,20483.62,0.00269,323.9,0.015812,55.1,1.959e-05,0.4011,32.2,0.0015723
2022-11-02 00:00:00,20520.34,0.0027,326.4,0.0159,55.4,1.947e-05,0.3995,32.26,0.0015721
2022-11-02 04:00:00,20421.64,0.002698,322.7,0.015799,55.13,1.932e-05,0.3947,31.73,0.0015533
2022-11-02 08:00:00,20431.33,0.002898,320.4,0.015683,59.19,1.922e-05,0.3926,31.3,0.0015321
2022-11-02 12:00:00,20409.03,0.002983,318.7,0.01561,60.87,1.929e-05,0.3937,31.33,0.001535
2022-11-02 16:00:00,20250.68,0.002938,319.9,0.015794,59.52,1.926e-05,0.3903,30.91,0.0015262
2022-11-02 20:00:00,20151.84,0.003024,320.2,0.015889,60.95,1.915e-05,0.3856,30.8,0.0015286
2022-11-03 00:00:00,20310.63,0.003121,322.0,0.015855,63.37,1.94e-05,0.3941,31.64,0.0015582
2022-11-03 04:00:00,20303.09,0.003025,333.7,0.016433,61.4,1.944e-05,0.3948,31.64,0.0015584
2022-11-03 08:00:00,20130.64,0.003021,329.2,0.01635,60.85,1.943e-05,0.3911,31.26,0.0015529
2022-11-03 12:00:00,20248.62,0.003027,327.9,0.016194,61.3,1.943e-05,0.3934,31.2,0.0015402
2022-11-03 16:00:00,20262.53,0.003125,331.3,0.016349,63.31,1.952e-05,0.3956,31.31,0.0015448
2022-11-03 20:00:00,20207.82,0.003061,329.5,0.016313,61.84,1.928e-05,0.3895,30.85,0.001527
2022-11-04 00:00:00,20321.79,0.003074,340.6,0.01676,62.47,2e-05,0.4066,31.94,0.0015715
2022-11-04 04:00:00,20611.56,0.003115,344.2,0.016695,64.22,1.991e-05,0.4106,32.39,0.0015712
2022-11-04 08:00:00,20558.46,0.003164,345.4,0.016803,65.04,1.971e-05,0.4053,32.31,0.0015715
2022-11-04 12:00:00,20838.7,0.003255,349.1,0.016752,67.83,1.965e-05,0.4095,33.13,0.00159
2022-11-04 16:00:00,21108.54,0.003277,354.6,0.016806,69.17,2.009e-05,0.424,33.5,0.001588
2022-11-04 20:00:00,21148.52,0.003196,354.6,0.016768,67.58,1.994e-05,0.4216,33.74,0.0015952
2022-11-05 00:00:00,21444.61,0.003186,356.2,0.016603,68.34,2e-05,0.4289,34.7,0.001618
2022-11-05 04:00:00,21384.42,0.003224,360.3,0.01685,68.95,2.009e-05,0.4298,35.24,0.0016477
2022-11-05 08:00:00,21404.63,0.003272,355.9,0.016624,70.05,2.003e-05,0.4286,35.42,0.0016551
2022-11-05 12:00:00,21299.22,0.003327,351.1,0.016485,70.89,2.012e-05,0.4287,37.24,0.0017475
2022-11-05 16:00:00,21331.11,0.003274,349.7,0.016398,69.86,1.996e-05,0.426,37.09,0.0017389
2022-11-05 20:00:00,21299.37,0.003252,349.2,0.016395,69.23,2.002e-05,0.4264,36.9,0.0017323
2022-11-06 00:00:00,21233.88,0.003256,349.6,0.016469,69.15,2.007e-05,0.4262,36.01,0.0016959
2022-11-06 04:00:00,21194.49,0.003301,352.0,0.016605,69.97,1.992e-05,0.4222,36.16,0.0017066
2022-11-06 08:00:00,21255.08,0.003254,351.3,0.016527,69.22,1.986e-05,0.422,35.75,0.001682
2022-11-06 12:00:00,21241.1,0.003254,350.5,0.016502,69.11,1.997e-05,0.424,35.05,0.0016507
2022-11-06 16:00:00,21194.5,0.003306,352.8,0.016651,70.09,1.979e-05,0.4192,34.19,0.0016131
2022-11-06 20:00:00,20905.58,0.003265,337.9,0.016166,68.26,1.924e-05,0.4021,32.62,0.0015602
2022-11-07 00:00:00,20913.82,0.003422,339.4,0.016225,71.56,1.948e-05,0.4072,32.44,0.0015512
2022-11-07 04:00:00,20635.74,0.003343,328.2,0.015908,68.96,1.932e-05,0.3987,30.78,0.0014919
2022-11-07 08:00:00,20733.46,0.003414,332.2,0.016022,70.81,1.969e-05,0.4083,31.62,0.0015246
2022-11-07 12:00:00,20764.95,0.003349,334.9,0.016121,69.54,1.972e-05,0.4096,32.82,0.0015802
2022-11-07 16:00:00,20847.51,0.003309,342.3,0.016417,68.99,1.986e-05,0.414,32.38,0.0015535
2022-11-07 20:00:00,20591.13,0.003274,337.0,0.016363,67.42,1.963e-05,0.4041,29.62,0.0014388
2022-11-08 00:00:00,20148.66,0.003204,334.8,0.016619,64.58,1.926e-05,0.388,26.5,0.0013171
2022-11-08 04:00:00,19796.9,0.003256,325.7,0.016456,64.53,1.952e-05,0.3863,27.96,0.0014124
2022-11-08 08:00:00,19699.04,0.003243,324.7,0.016485,63.87,1.948e-05,0.3837,28.0,0.0014218
2022-11-08 12:00:00,19520.97,0.003408,327.0,0.016755,66.52,2.039e-05,0.398,27.72,0.0014205
2022-11-08 16:00:00,18256.64,0.003115,315.5,0.017276,56.86,2.02e-05,0.3687,23.77,0.0013026
2022-11-08 20:00:00,18547.23,0.003116,327.4,0.017649,57.82,2.006e-05,0.3722,24.38,0.0013147
2022-11-09 00:00:00,18313.68,0.003244,321.7,0.017568,59.4,1.988e-05,0.364,22.1,0.0012073
2022-11-09 04:00:00,18240.72,0.003164,315.3,0.01729,57.69,2.04e-05,0.372,19.29,0.0010565
2022-11-09 08:00:00,17818.08,0.003216,304.3,0.017078,57.28,2.015e-05,0.3588,20.05,0.0011252
2022-11-09 12:00:00,17116.08,0.003181,290.3,0.016956,54.48,2.062e-05,0.3529,16.07,0.0009414
2022-11-09 16:00:00,16784.64,0.003191,281.6,0.016791,53.55,2.032e-05,0.3412,13.84,0.0008254
2022-11-09 20:00:00,15922.81,0.003185,267.3,0.016783,50.68,1.994e-05,0.3175,14.08,0.0008848
2022-11-10 00:00:00,16369.59,0.003255,283.5,0.017313,53.27,2.093e-05,0.3427,15.28,0.0009331
2022-11-10 04:00:00,16752.1,0.003233,282.2,0.016839,54.16,2.09e-05,0.3501,15.34,0.0009157
2022-11-10 08:00:00,16397.57,0.003281,275.8,0.016815,53.86,2.119e-05,0.3476,14.15,0.0008626
2022-11-10 12:00:00,17554.06,0.003378,307.6,0.017522,59.31,2.118e-05,0.3717,17.67,0.0010061
2022-11-10 16:00:00,17455.62,0.00336,301.1,0.017235,58.65,2.093e-05,0.3654,17.28,0.0009894
2022-11-10 20:00:00,17601.15,0.00344,304.0,0.017272,60.56,2.095e-05,0.3687,17.66,0.0010035
2022-11-11 00:00:00,17064.12,0.003536,292.5,0.017137,60.33,2.1e-05,0.3585,16.39,0.0009604
2022-11-11 04:00:00,17404.08,0.003581,297.7,0.017097,62.32,2.089e-05,0.3638,17.22,0.0009892
2022-11-11 08:00:00,17350.7,0.00359,295.8,0.017048,62.27,2.076e-05,0.36,18.13,0.0010449
2022-11-11 12:00:00,16871.27,0.003565,286.1,0.016962,60.2,2.069e-05,0.3489,16.46,0.0009767
2022-11-11 16:00:00,16849.17,0.003596,288.1,0.017089,60.59,2.083e-05,0.351,16.22,0.0009621
2022-11-11 20:00:00,17070.31,0.003604,290.4,0.017015,61.49,2.085e-05,0.3556,16.45,0.0009645
2022-11-12 00:00:00,16907.44,0.003563,284.0,0.0168,60.24,2.05e-05,0.3467,15.81,0.0009355
2022-11-12 04:00:00,16822.02,0.003546,286.0,0.017007,59.65,2.041e-05,0.3432,15.49,0.0009212
2022-11-12 08:00:00,16866.92,0.003548,282.5,0.016754,59.84,2.037e-05,0.3437,15.31,0.000908
2022-11-12 12:00:00,16935.74,0.003541,284.0,0.016775,59.95,2.036e-05,0.345,14.82,0.0008749
2022-11-12 16:00:00,16891.32,0.003601,282.7,0.016733,60.84,2.038e-05,0.3443,15.16,0.0008969
2022-11-12 20:00:00,16812.08,0.003567,282.8,0.016827,59.94,2.02e-05,0.3397,14.58,0.0008671
2022-11-13 00:00:00,16914.6,0.003544,285.3,0.016861,59.96,2.035e-05,0.3443,14.55,0.0008601
2022-11-13 04:00:00,16774.99,0.003495,281.8,0.0168,58.64,1.996e-05,0.335,13.95,0.0008317
2022-11-13 08:00:00,16659.23,0.003462,280.8,0.016847,57.69,1.997e-05,0.3329,13.78,0.0008272
2022-11-13 12:00:00,16580.79,0.003511,280.2,0.016901,58.2,2.03e-05,0.3366,14.06,0.0008475
2022-11-13 16:00:00,16554.6,0.003476,278.8,0.016837,57.52,2.019e-05,0.3342,13.99,0.0008446
2022-11-13 20:00:00,16329.85,0.003513,276.4,0.016931,57.37,2.019e-05,0.3298,13.18,0.0008071
2022-11-14 00:00:00,16139.79,0.003474,271.0,0.016787,56.09,1.994e-05,0.3218,13.0,0.0008057
2022-11-14 04:00:00,16824.78,0.003416,281.1,0.016706,57.48,1.975e-05,0.3322,14.54,0.0008641
2022-11-14 08:00:00,16749.8,0.003434,284.5,0.016984,57.52,1.99e-05,0.3333,14.22,0.0008493
2022-11-14 12:00:00,16595.84,0.00343,279.2,0.016827,56.91,1.993e-05,0.3305,13.72,0.0008267
2022-11-14 16:00:00,16258.21,0.00342,272.7,0.016772,55.59,1.986e-05,0.3228,13.74,0.0008453
2022-11-14 20:00:00,16619.46,0.003411,279.0,0.016789,56.7,1.999e-05,0.3323,14.0,0.0008421
2022-11-15 00:00:00,16823.06,0.003448,279.9,0.01664,58.02,1.982e-05,0.3334,14.2,0.0008441
2022-11-15 04:00:00,16844.63,0.003452,279.1,0.016567,58.17,2.009e-05,0.3386,14.48,0.0008591
2022-11-15 08:00:00,16781.62,0.003477,275.8,0.016437,58.33,2.016e-05,0.3384,14.53,0.0008664
2022-11-15 12:00:00,16987.03,0.003473,280.5,0.016508,58.98,2.018e-05,0.3427,14.35,0.0008444
2022-11-15 16:00:00,16858.77,0.003472,275.9,0.016372,58.52,1.997e-05,0.3366,14.34,0.0008508
2022-11-15 20:00:00,16900.57,0.003435,277.0,0.016393,58.01,1.995e-05,0.3373,14.32,0.0008478
2022-11-16 00:00:00,16969.99,0.003488,279.7,0.016483,59.16,2.027e-05,0.3439,14.51,0.000855
2022-11-16 04:00:00,16824.69,0.003532,277.6,0.016496,59.42,2.023e-05,0.3403,14.34,0.0008518
2022-11-16 08:00:00,16707.9,0.003458,272.5,0.016307,57.78,1.995e-05,0.3333,14.17,0.000848
2022-11-16 12:00:00,16431.7,0.003476,270.2,0.016441,57.1,1.988e-05,0.3266,13.77,0.0008378
2022-11-16 16:00:00,16556.88,0.003472,270.6,0.016343,57.51,1.988e-05,0.3291,14.12,0.000853
2022-11-16 20:00:00,16662.76,0.003451,271.8,0.016311,57.49,1.992e-05,0.332,14.27,0.0008562
2022-11-17 00:00:00,16526.18,0.003492,270.1,0.016342,57.72,1.989e-05,0.3286,14.25,0.0008624
2022-11-17 04:00:00,16611.9,0.003561,269.8,0.016238,59.16,1.973e-05,0.3277,14.27,0.0008586
2022-11-17 08:00:00,16595.08,0.003587,267.3,0.016107,59.51,1.958e-05,0.325,14.22,0.0008568
2022-11-17 12:00:00,16536.71,0.003575,266.1,0.016096,59.11,1.946e-05,0.3219,13.52,0.0008175
2022-11-17 16:00:00,16620.56,0.003638,267.9,0.016112,60.45,1.952e-05,0.3243,13.45,0.0008088
2022-11-17 20:00:00,16692.56,0.003748,267.9,0.016053,62.59,1.947e-05,0.325,13.65,0.0008174
2022-11-18 00:00:00,16854.98,0.003719,271.7,0.016126,62.67,1.95e-05,0.3287,13.72,0.0008132
2022-11-18 04:00:00,16745.1,0.003693,271.8,0.016227,61.85,1.962e-05,0.3285,13.62,0.0008133
2022-11-18 08:00:00,16749.88,0.003797,273.5,0.016323,63.59,1.975e-05,0.3309,13.57,0.0008097
2022-11-18 12:00:00,16696.86,0.003753,272.0,0.016287,62.66,1.955e-05,0.3264,13.37,0.0008014
2022-11-18 16:00:00,16656.37,0.003759,273.2,0.016408,62.59,1.944e-05,0.3238,13.17,0.0007906
2022-11-18 20:00:00,16700.45,0.003752,274.1,0.016408,62.62,1.952e-05,0.326,13.27,0.0007946
2022-11-19 00:00:00,16628.7,0.003741,272.7,0.016397,62.22,1.958e-05,0.3257,12.88,0.000775
2022-11-19 04:00:00,16599.31,0.003837,269.9,0.016264,63.69,1.948e-05,0.3235,12.85,0.0007741
2022-11-19 08:00:00,16676.26,0.003799,271.5,0.016284,63.31,1.952e-05,0.3254,12.85,0.0007706
2022-11-19 12:00:00,16655.65,0.003794,271.8,0.016319,63.16,1.955e-05,0.3258,12.72,0.0007641
2022-11-19 16:00:00,16627.33,0.003797,271.3,0.016321,63.14,1.973e-05,0.3282,12.79,0.0007696
2022-11-19 20:00:00,16700.68,0.00383,272.6,0.016315,63.98,1.964e-05,0.328,12.84,0.000769
2022-11-20 00:00:00,16679.99,0.003812,273.1,0.016374,63.57,1.972e-05,0.3287,12.92,0.0007748
2022-11-20 04:00:00,16722.9,0.003787,273.4,0.016353,63.35,1.968e-05,0.3291,13.06,0.000781
2022-11-20 08:00:00,16525.38,0.003706,267.4,0.016186,61.23,1.933e-05,0.3195,12.55,0.0007595
2022-11-20 12:00:00,16580.53,0.003733,270.7,0.016323,61.91,1.925e-05,0.3193,13.0,0.0007842
2022-11-20 16:00:00,16587.8,0.003748,269.6,0.016258,62.16,1.926e-05,0.3196,12.76,0.0007693
2022-11-20 20:00:00,16280.23,0.003815,264.2,0.016235,62.12,1.917e-05,0.312,12.27,0.0007536
2022-11-21 00:00:00,16073.75,0.003761,259.4,0.016132,60.42,1.9e-05,0.3053,11.75,0.0007308
2022-11-21 04:00:00,16039.73,0.003789,258.2,0.016095,60.78,1.898e-05,0.3043,11.72,0.0007306
2022-11-21 08:00:00,16084.42,0.00373,258.3,0.016062,60.0,1.897e-05,0.3052,11.81,0.0007346
2022-11-21 12:00:00,16130.45,0.00382,260.3,0.016134,61.59,1.922e-05,0.31,11.92,0.000739
2022-11-21 16:00:00,15722.98,0.003855,252.1,0.016031,60.62,1.902e-05,0.299,11.42,0.0007263
2022-11-21 20:00:00,15781.29,0.003886,253.9,0.016098,61.31,1.931e-05,0.3046,11.83,0.0007498
2022-11-22 00:00:00,15847.82,0.003947,256.7,0.016193,62.56,1.935e-05,0.3067,11.61,0.0007326
2022-11-22 04:00:00,15760.42,0.003918,254.2,0.016129,61.75,1.92e-05,0.3024,11.51,0.0007302
2022-11-22 08:00:00,15747.88,0.003949,254.5,0.016161,62.19,1.904e-05,0.3,11.04,0.0007006
2022-11-22 12:00:00,16241.3,0.004333,264.5,0.01629,70.35,1.942e-05,0.3152,12.06,0.0007428
2022-11-22 16:00:00,16168.38,0.004271,263.5,0.016291,69.06,1.924e-05,0.311,11.84,0.000732
2022-11-22 20:00:00,16226.94,0.004354,266.7,0.016437,70.66,1.926e-05,0.3126,12.44,0.0007667
2022-11-23 00:00:00,16586.55,0.004928,274.2,0.016533,81.75,1.911e-05,0.3169,13.08,0.0007883
2022-11-23 04:00:00,16583.84,0.004804,275.4,0.016599,79.68,1.908e-05,0.3163,13.13,0.0007918
2022-11-23 08:00:00,16585.77,0.004751,297.1,0.017911,78.84,1.903e-05,0.3156,13.34,0.0008041
2022-11-23 12:00:00,16427.11,0.004791,295.1,0.017963,78.7,1.904e-05,0.313,13.08,0.0007963
2022-11-23 16:00:00,16473.32,0.004748,296.2,0.017981,78.25,1.927e-05,0.3175,14.06,0.0008534
2022-11-23 20:00:00,16603.11,0.004759,298.8,0.017988,79.02,1.918e-05,0.3185,14.36,0.0008644
2022-11-24 00:00:00,16712.07,0.004575,299.7,0.017936,76.5,1.915e-05,0.3201,14.61,0.0008748
2022-11-24 04:00:00,16623.9,0.004668,296.2,0.017809,77.63,1.906e-05,0.3168,14.42,0.0008671
2022-11-24 08:00:00,16572.11,0.004693,297.6,0.017953,77.77,1.888e-05,0.3131,14.09,0.0008504
2022-11-24 12:00:00,16558.11,0.004758,298.3,0.018021,78.78,1.902e-05,0.315,14.44,0.0008723
2022-11-24 16:00:00,16577.41,0.004732,299.4,0.018061,78.44,1.909e-05,0.3165,14.44,0.0008709
2022-11-24 20:00:00,16598.95,0.004738,300.2,0.018085,78.66,1.905e-05,0.3163,14.59,0.0008791
2022-11-25 00:00:00,16485.45,0.004719,298.8,0.018131,77.81,1.876e-05,0.3095,14.2,0.0008612
2022-11-25 04:00:00,16461.66,0.004586,296.0,0.017978,75.49,1.897e-05,0.3122,14.24,0.0008651
2022-11-25 08:00:00,16531.64,0.004616,299.0,0.018093,76.29,1.9e-05,0.3142,14.31,0.000866
2022-11-25 12:00:00,16513.0,0.004612,300.1,0.018177,76.18,1.907e-05,0.315,14.15,0.0008568
2022-11-25 16:00:00,16523.21,0.004553,301.4,0.018247,75.22,1.913e-05,0.3161,14.23,0.0008605
2022-11-25 20:00:00,16522.14,0.004484,300.8,0.018209,74.1,1.905e-05,0.3146,14.03,0.0008492
2022-11-26 00:00:00,16625.79,0.004515,309.7,0.018624,75.08,1.917e-05,0.3187,14.37,0.0008644
2022-11-26 04:00:00,16583.75,0.004732,312.4,0.018843,78.47,1.917e-05,0.318,14.48,0.0008728
2022-11-26 08:00:00,16580.31,0.004689,314.3,0.018951,77.73,1.928e-05,0.3198,14.75,0.0008895
2022-11-26 12:00:00,16512.86,0.004627,312.9,0.018944,76.41,1.916e-05,0.3165,14.42,0.0008733
2022-11-26 16:00:00,16488.43,0.004642,313.0,0.01898,76.55,1.907e-05,0.3146,14.24,0.0008631
2022-11-26 20:00:00,16458.57,0.004646,311.4,0.018915,76.47,1.907e-05,0.3138,14.17,0.0008604
2022-11-27 00:00:00,16527.22,0.004699,315.2,0.019076,77.67,1.907e-05,0.3152,14.27,0.0008634
2022-11-27 04:00:00,16562.98,0.00464,313.7,0.018944,76.85,1.915e-05,0.3173,14.31,0.0008643
2022-11-27 08:00:00,16550.91,0.004679,313.1,0.018903,77.44,1.916e-05,0.3171,14.35,0.0008669
2022-11-27 12:00:00,16574.28,0.004608,313.6,0.018917,76.4,1.922e-05,0.3186,14.41,0.0008693
2022-11-27 16:00:00,16555.39,0.004542,311.9,0.018835,75.2,1.918e-05,0.3176,14.31,0.0008638
2022-11-27 20:00:00,16428.78,0.00456,307.6,0.018724,74.92,1.903e-05,0.3126,14.12,0.0008594
2022-11-28 00:00:00,16178.22,0.00448,297.2,0.018376,72.47,1.884e-05,0.3047,13.1,0.0008092
2022-11-28 04:00:00,16222.06,0.004444,295.6,0.01822,72.09,1.889e-05,0.3066,13.43,0.0008281
2022-11-28 08:00:00,16213.29,0.004467,295.1,0.018203,72.44,1.879e-05,0.3048,13.47,0.0008304
2022-11-28 12:00:00,16146.26,0.004409,292.0,0.018084,71.16,1.886e-05,0.3045,13.23,0.0008195
2022-11-28 16:00:00,16224.75,0.004563,293.3,0.018078,74.04,1.889e-05,0.3066,13.35,0.0008233
2022-11-28 20:00:00,16212.91,0.004563,293.5,0.0181,73.97,1.89e-05,0.3066,13.32,0.0008222
2022-11-29 00:00:00,16287.66,0.004651,296.5,0.018213,75.76,1.891e-05,0.308,13.47,0.0008271
2022-11-29 04:00:00,16463.31,0.004623,302.3,0.018365,76.13,1.89e-05,0.3111,13.73,0.0008339
2022-11-29 08:00:00,16497.64,0.004655,303.0,0.018374,76.79,1.883e-05,0.3107,13.64,0.0008273
2022-11-29 12:00:00,16393.48,0.004607,300.1,0.018299,75.5,1.886e-05,0.3093,13.44,0.0008197
2022-11-29 16:00:00,16426.56,0.004665,295.5,0.017991,76.64,1.875e-05,0.3079,13.42,0.0008163
2022-11-29 20:00:00,16442.53,0.00461,295.4,0.017967,75.8,1.881e-05,0.3092,13.34,0.0008119
2022-11-30 00:00:00,16845.25,0.004653,295.8,0.017556,78.4,1.857e-05,0.3127,13.5,0.0008014
2022-11-30 04:00:00,16884.18,0.004628,301.0,0.017823,78.12,1.865e-05,0.315,13.7,0.0008119
2022-11-30 08:00:00,16879.32,0.004653,300.5,0.01781,78.54,1.864e-05,0.3147,13.71,0.0008124
2022-11-30 12:00:00,16865.64,0.004603,298.0,0.017673,77.64,1.869e-05,0.3152,13.53,0.0008025
2022-11-30 16:00:00,17062.85,0.00458,298.4,0.017501,78.11,1.844e-05,0.3144,13.64,0.0008
2022-11-30 20:00:00,17163.64,0.004612,300.6,0.017509,79.16,1.858e-05,0.3187,14.16,0.0008249
2022-12-01 00:00:00,17150.98,0.004516,297.5,0.017354,77.49,1.851e-05,0.3173,13.92,0.0008122
2022-12-01 04:00:00,17070.21,0.004504,297.8,0.017458,76.87,1.843e-05,0.3144,13.81,0.0008094
2022-12-01 08:00:00,17102.47,0.004522,299.7,0.017533,77.35,1.857e-05,0.3176,13.82,0.0008084
2022-12-01 12:00:00,16977.67,0.00454,291.8,0.017181,77.09,1.861e-05,0.316,13.62,0.0008029
2022-12-01 16:00:00,16951.8,0.004581,291.1,0.01718,77.67,1.858e-05,0.3149,13.52,0.0007978
2022-12-01 20:00:00,16977.37,0.004569,292.3,0.017217,77.57,1.853e-05,0.3145,13.51,0.0007958
2022-12-02 00:00:00,16902.03,0.004496,288.2,0.017046,75.99,1.849e-05,0.3127,13.44,0.0007956
2022-12-02 04:00:00,16955.82,0.004512,289.7,0.017082,76.51,1.851e-05,0.3138,13.53,0.0007976
2022-12-02 08:00:00,16996.92,0.004519,291.3,0.017144,76.81,1.864e-05,0.3168,13.61,0.0008003
2022-12-02 12:00:00,16938.94,0.004502,290.1,0.017134,76.26,1.87e-05,0.3168,13.54,0.000799
2022-12-02 16:00:00,16987.01,0.004535,290.6,0.01711,77.02,1.881e-05,0.3196,13.69,0.0008056
2022-12-02 20:00:00,17092.74,0.00456,293.4,0.017169,77.94,1.867e-05,0.3191,13.71,0.000802
2022-12-03 00:00:00,17020.89,0.004532,292.0,0.017149,77.13,1.877e-05,0.3194,13.63,0.0008012
2022-12-03 04:00:00,16964.51,0.004534,290.5,0.017126,76.91,1.875e-05,0.3181,13.56,0.0007992
2022-12-03 08:00:00,16943.43,0.004545,290.2,0.017129,77.03,1.908e-05,0.3234,13.5,0.0007965
2022-12-03 12:00:00,16961.49,0.004507,291.7,0.017195,76.45,1.919e-05,0.3256,13.58,0.0008005
2022-12-03 16:00:00,16953.4,0.004483,291.6,0.017207,76.01,1.908e-05,0.3233,13.52,0.0007979
2022-12-03 20:00:00,16885.2,0.004529,290.4,0.017199,76.47,1.893e-05,0.3196,13.29,0.0007874
2022-12-04 00:00:00,16959.64,0.004516,291.8,0.017207,76.57,1.899e-05,0.322,13.42,0.0007913
2022-12-04 04:00:00,16996.39,0.004498,291.1,0.017125,76.45,1.88e-05,0.3195,13.46,0.0007915
2022-12-04 08:00:00,16948.64,0.00449,289.5,0.017079,76.11,1.884e-05,0.3194,13.38,0.0007892
2022-12-04 12:00:00,17029.88,0.004485,290.0,0.01703,76.38,1.889e-05,0.322,13.48,0.0007919
2022-12-04 16:00:00,17085.53,0.004502,291.1,0.017038,76.94,1.892e-05,0.3235,13.55,0.0007925
2022-12-04 20:00:00,17105.7,0.004506,291.8,0.017059,77.07,1.884e-05,0.3221,13.71,0.0008011
2022-12-05 00:00:00,17196.88,0.004527,294.7,0.017133,77.86,1.882e-05,0.3238,13.91,0.0008088
2022-12-05 04:00:00,17313.93,0.004813,295.9,0.017092,83.33,1.881e-05,0.3255,13.93,0.0008052
2022-12-05 08:00:00,17310.51,0.004812,295.7,0.017084,83.29,1.89e-05,0.3271,13.98,0.0008081
2022-12-05 12:00:00,17083.92,0.004785,290.3,0.016989,81.76,1.883e-05,0.3216,13.75,0.0008049
2022-12-05 16:00:00,16926.65,0.004737,286.7,0.016937,80.19,1.875e-05,0.3174,13.68,0.0008085
2022-12-05 20:00:00,16966.35,0.004726,288.4,0.017009,80.19,1.883e-05,0.3193,13.82,0.0008143
2022-12-06 00:00:00,17003.88,0.004777,289.4,0.017023,81.24,1.88e-05,0.3197,14.16,0.0008333
2022-12-06 04:00:00,17001.17,0.004727,289.5,0.017031,80.36,1.869e-05,0.318,14.15,0.000832
2022-12-06 08:00:00,16983.9,0.004686,288.6,0.016992,79.6,1.862e-05,0.3162,14.02,0.0008252
2022-12-06 12:00:00,16985.27,0.004681,288.7,0.016994,79.49,1.866e-05,0.3169,13.98,0.0008233
2022-12-06 16:00:00,16970.93,0.004587,288.6,0.017,77.88,1.857e-05,0.3151,14.01,0.000826
2022-12-06 20:00:00,17088.96,0.004675,290.2,0.016981,79.88,1.862e-05,0.3183,14.3,0.0008368
2022-12-07 00:00:00,17025.03,0.004652,288.8,0.01696,79.21,1.863e-05,0.3172,14.05,0.0008246
2022-12-07 04:00:00,16763.03,0.004573,282.7,0.016862,76.66,1.84e-05,0.3085,13.62,0.0008127
2022-12-07 08:00:00,16793.29,0.00453,283.6,0.016894,76.08,1.842e-05,0.3095,13.62,0.0008104
2022-12-07 12:00:00,16837.48,0.004554,283.5,0.016835,76.7,1.847e-05,0.3109,13.68,0.0008126
2022-12-07 16:00:00,16815.73,0.004579,283.6,0.016866,77.0,1.835e-05,0.3087,13.58,0.0008074
2022-12-07 20:00:00,16836.64,0.004568,284.2,0.016876,76.89,1.843e-05,0.3102,13.49,0.0008017
2022-12-08 00:00:00,16834.32,0.004547,284.1,0.016881,76.52,1.839e-05,0.3094,13.45,0.000799
2022-12-08 04:00:00,16825.55,0.004498,285.6,0.016972,75.65,1.852e-05,0.3117,13.51,0.0008025
2022-12-08 08:00:00,16851.02,0.004497,285.1,0.016928,75.8,1.842e-05,0.3104,13.5,0.0008009
2022-12-08 12:00:00,16917.4,0.004494,287.5,0.016994,76.05,1.841e-05,0.3112,13.57,0.0008019
2022-12-08 16:00:00,17251.62,0.004488,290.1,0.016816,77.45,1.826e-05,0.3153,13.73,0.0007961
2022-12-08 20:00:00,17224.1,0.004545,290.4,0.016861,78.27,1.826e-05,0.3145,13.69,0.0007946
2022-12-09 00:00:00,17202.66,0.004537,289.6,0.01683,78.03,1.825e-05,0.3142,13.75,0.0007992
2022-12-09 04:00:00,17211.93,0.004529,290.4,0.016878,77.94,1.829e-05,0.3149,13.7,0.0007961
2022-12-09 08:00:00,17241.44,0.004529,290.8,0.01687,78.06,1.822e-05,0.3141,13.86,0.0008042
2022-12-09 12:00:00,17181.5,0.004472,289.9,0.016876,76.86,1.821e-05,0.3129,13.87,0.0008074
2022-12-09 16:00:00,17142.67,0.004445,288.0,0.016794,76.25,1.812e-05,0.3105,13.62,0.0007943
2022-12-09 20:00:00,17128.56,0.004453,286.0,0.016697,76.31,1.821e-05,0.3118,13.59,0.0007935
2022-12-10 00:00:00,17145.08,0.004462,287.0,0.016732,76.54,1.817e-05,0.3117,13.62,0.0007943
2022-12-10 04:00:00,17154.06,0.004452,287.3,0.016743,76.38,1.819e-05,0.3121,13.62,0.0007943
2022-12-10 08:00:00,17168.61,0.004456,287.6,0.016754,76.5,1.824e-05,0.3133,13.59,0.0007916
2022-12-10 12:00:00,17207.7,0.004492,289.3,0.016809,77.3,1.827e-05,0.3145,13.64,0.000793
2022-12-10 16:00:00,17175.8,0.004468,288.2,0.016773,76.74,1.818e-05,0.3123,13.64,0.0007945
2022-12-10 20:00:00,17127.49,0.004458,288.2,0.016825,76.36,1.825e-05,0.3126,13.58,0.0007924
2022-12-11 00:00:00,17153.61,0.004511,290.6,0.01694,77.4,1.829e-05,0.3138,13.64,0.0007952
2022-12-11 04:00:00,17180.88,0.004512,290.5,0.016903,77.51,1.82e-05,0.3129,13.64,0.0007942
2022-12-11 08:00:00,17167.43,0.0045,290.3,0.016904,77.26,1.817e-05,0.312,13.63,0.0007941
2022-12-11 12:00:00,17153.52,0.004515,289.7,0.016881,77.44,1.823e-05,0.3127,13.66,0.0007966
2022-12-11 16:00:00,17177.43,0.004545,290.0,0.016874,78.06,1.824e-05,0.3132,13.73,0.0007994
2022-12-11 20:00:00,17085.05,0.004478,284.4,0.016645,76.5,1.799e-05,0.3074,13.42,0.0007855
2022-12-12 00:00:00,16918.97,0.004398,282.7,0.016714,74.45,1.791e-05,0.303,12.96,0.000766
2022-12-12 04:00:00,16923.94,0.004366,281.1,0.016612,73.9,1.796e-05,0.3041,12.98,0.0007671
2022-12-12 08:00:00,16988.62,0.004403,283.7,0.016702,74.82,1.801e-05,0.306,13.17,0.0007749
2022-12-12 12:00:00,17010.81,0.004412,276.1,0.016231,75.04,1.789e-05,0.3045,13.1,0.0007704
2022-12-12 16:00:00,17043.22,0.004396,274.4,0.016096,74.94,1.786e-05,0.3046,13.23,0.0007765
2022-12-12 20:00:00,17209.83,0.004429,276.1,0.016044,76.23,1.784e-05,0.3069,13.31,0.0007738
2022-12-13 00:00:00,17152.37,0.004483,267.1,0.015571,76.88,1.772e-05,0.304,13.09,0.0007626
2022-12-13 04:00:00,17165.17,0.004371,264.0,0.015374,75.06,1.763e-05,0.3026,12.96,0.0007556
2022-12-13 08:00:00,17444.63,0.004408,268.6,0.015398,76.9,1.769e-05,0.3084,13.35,0.000765
2022-12-13 12:00:00,17752.94,0.0044,273.3,0.015401,78.08,1.763e-05,0.3128,13.72,0.0007732
2022-12-13 16:00:00,17740.86,0.004363,269.2,0.015164,77.41,1.749e-05,0.3102,13.79,0.0007773
2022-12-13 20:00:00,17774.7,0.004354,272.2,0.015303,77.39,1.767e-05,0.3142,13.89,0.0007814
2022-12-14 00:00:00,17781.68,0.004404,275.5,0.015491,78.33,1.759e-05,0.313,13.96,0.0007843
2022-12-14 04:00:00,17806.01,0.004399,274.4,0.015413,78.32,1.741e-05,0.3101,13.9,0.000781
2022-12-14 08:00:00,17824.93,0.004384,273.1,0.015321,78.13,1.741e-05,0.3103,13.97,0.0007841
2022-12-14 12:00:00,18061.83,0.004341,272.0,0.01506,78.4,1.732e-05,0.313,14.48,0.0008015
2022-12-14 16:00:00,17792.9,0.004257,267.9,0.015052,75.78,1.729e-05,0.3076,14.3,0.000804
2022-12-14 20:00:00,17803.15,0.004231,267.7,0.015038,75.3,1.73e-05,0.3079,14.12,0.0007931
2022-12-15 00:00:00,17729.56,0.004221,265.6,0.014973,74.83,1.717e-05,0.3045,14.38,0.0008105
2022-12-15 04:00:00,17691.45,0.004223,264.9,0.014969,74.76,1.705e-05,0.3016,14.14,0.0007989
2022-12-15 08:00:00,17720.33,0.004213,265.4,0.014974,74.66,1.704e-05,0.302,14.1,0.0007959
2022-12-15 12:00:00,17429.05,0.004245,263.3,0.015107,73.99,1.731e-05,0.3018,14.0,0.0008026
2022-12-15 16:00:00,17442.25,0.004171,261.5,0.014981,72.74,1.729e-05,0.3017,14.11,0.0008087
2022-12-15 20:00:00,17356.34,0.004171,258.8,0.014908,72.42,1.73e-05,0.3003,14.04,0.0008089
2022-12-16 00:00:00,17425.76,0.004205,262.6,0.015064,73.27,1.722e-05,0.3003,14.04,0.0008059
2022-12-16 04:00:00,17503.35,0.004183,263.8,0.015069,73.23,1.718e-05,0.3007,14.09,0.0008044
2022-12-16 08:00:00,17027.09,0.004065,251.4,0.014759,69.2,1.682e-05,0.2863,13.5,0.0007931
2022-12-16 12:00:00,16972.34,0.004034,247.3,0.014573,68.49,1.675e-05,0.2843,13.01,0.000767
2022-12-16 16:00:00,16864.81,0.00404,244.2,0.014473,68.1,1.688e-05,0.2847,13.01,0.0007718
2022-12-16 20:00:00,16632.12,0.003985,231.2,0.0139,66.25,1.584e-05,0.2632,12.25,0.000736
2022-12-17 00:00:00,16676.85,0.003975,229.2,0.013745,66.33,1.561e-05,0.2603,12.26,0.0007349
2022-12-17 04:00:00,16745.54,0.003881,236.2,0.014107,64.99,1.583e-05,0.2649,12.46,0.0007437
2022-12-17 08:00:00,16708.22,0.003793,237.1,0.014188,63.41,1.593e-05,0.2662,12.31,0.0007366
2022-12-17 12:00:00,16700.26,0.003848,236.5,0.014164,64.25,1.583e-05,0.2644,12.31,0.0007374
2022-12-17 16:00:00,16691.63,0.003819,235.6,0.014119,63.73,1.578e-05,0.2632,12.26,0.0007348
2022-12-17 20:00:00,16776.52,0.003867,242.1,0.014433,64.89,1.592e-05,0.2672,12.51,0.000745
2022-12-18 00:00:00,16741.02,0.003878,246.5,0.014723,64.93,1.605e-05,0.2686,12.49,0.0007459
2022-12-18 04:00:00,16750.83,0.003849,247.2,0.014769,64.43,1.599e-05,0.2677,12.43,0.0007423
2022-12-18 08:00:00,16711.35,0.00382,246.8,0.01477,63.84,1.585e-05,0.2649,12.39,0.0007416
2022-12-18 12:00:00,16683.84,0.003815,245.0,0.014689,63.61,1.582e-05,0.264,12.31,0.0007382
2022-12-18 16:00:00,16750.82,0.003853,249.6,0.014902,64.54,1.596e-05,0.2673,12.44,0.0007428
2022-12-18 20:00:00,16738.21,0.003847,251.0,0.014999,64.37,1.589e-05,0.2659,12.38,0.0007394
2022-12-19 00:00:00,16681.47,0.003757,247.2,0.014818,62.63,1.587e-05,0.2647,12.23,0.0007332
2022-12-19 04:00:00,16722.23,0.003771,246.0,0.014718,63.04,1.575e-05,0.2635,12.24,0.0007316
2022-12-19 08:00:00,16734.46,0.003796,247.8,0.014802,63.53,1.573e-05,0.2634,12.28,0.0007342
2022-12-19 12:00:00,16669.08,0.00379,246.8,0.014806,63.14,1.578e-05,0.2633,12.17,0.0007303
2022-12-19 16:00:00,16555.74,0.003762,242.2,0.014627,62.27,1.541e-05,0.255,12.02,0.0007257
2022-12-19 20:00:00,16438.88,0.003855,240.4,0.014628,63.37,1.538e-05,0.2529,11.94,0.0007261
2022-12-20 00:00:00,16727.24,0.003877,247.8,0.014817,64.83,1.525e-05,0.255,12.19,0.0007291
2022-12-20 04:00:00,16802.83,0.003863,248.1,0.014772,64.9,1.534e-05,0.2578,12.34,0.0007347
2022-12-20 08:00:00,16814.25,0.003864,249.5,0.014835,64.99,1.538e-05,0.2588,12.38,0.0007358
2022-12-20 12:00:00,16918.83,0.003843,251.1,0.014847,65.03,1.538e-05,0.2601,12.35,0.0007296
2022-12-20 16:00:00,16900.3,0.003864,250.6,0.014832,65.27,1.53e-05,0.2586,12.24,0.0007243
2022-12-20 20:00:00,16895.56,0.003881,251.4,0.014878,65.55,1.531e-05,0.2587,12.26,0.0007255
2022-12-21 00:00:00,16837.1,0.003891,248.7,0.014775,65.52,1.51e-05,0.2542,12.08,0.0007176
2022-12-21 04:00:00,16816.18,0.003868,248.0,0.014754,65.03,1.505e-05,0.253,12.03,0.0007154
2022-12-21 08:00:00,16878.47,0.003884,249.5,0.014776,65.55,1.502e-05,0.2536,12.11,0.0007174
2022-12-21 12:00:00,16861.13,0.003905,249.1,0.014774,65.83,1.496e-05,0.2523,12.07,0.0007162
2022-12-21 16:00:00,16756.2,0.003915,246.3,0.0147,65.58,1.492e-05,0.25,11.96,0.0007138
2022-12-21 20:00:00,16824.67,0.003888,246.2,0.014629,65.4,1.506e-05,0.2534,12.14,0.0007215
2022-12-22 00:00:00,16852.8,0.003887,248.0,0.014717,65.5,1.504e-05,0.2534,12.12,0.0007196
2022-12-22 04:00:00,16826.87,0.003938,246.3,0.01464,66.26,1.499e-05,0.2521,12.07,0.0007168
2022-12-22 08:00:00,16834.8,0.003939,245.8,0.0146,66.31,1.501e-05,0.2526,12.12,0.0007195
2022-12-22 12:00:00,16636.54,0.003885,240.9,0.014477,64.63,1.492e-05,0.2485,11.77,0.0007073
2022-12-22 16:00:00,16662.13,0.003918,243.1,0.014589,65.28,1.505e-05,0.2507,11.84,0.0007112
2022-12-22 20:00:00,16821.43,0.003935,245.8,0.014616,66.21,1.525e-05,0.2566,11.82,0.0007025
2022-12-23 00:00:00,16828.23,0.003934,247.0,0.014684,66.2,1.555e-05,0.2616,12.02,0.0007141
2022-12-23 04:00:00,16848.01,0.00392,246.6,0.014643,66.05,1.542e-05,0.2599,11.89,0.0007058
2022-12-23 08:00:00,16844.02,0.003917,245.9,0.014604,65.96,1.535e-05,0.2586,11.89,0.0007053
2022-12-23 12:00:00,16832.16,0.003899,245.4,0.014583,65.64,1.53e-05,0.2577,11.85,0.0007037
2022-12-23 16:00:00,16844.79,0.003901,246.3,0.01462,65.7,1.54e-05,0.2596,11.86,0.0007036
2022-12-23 20:00:00,16778.5,0.003917,246.2,0.014667,65.75,1.546e-05,0.2594,11.78,0.0007026
2022-12-24 00:00:00,16840.65,0.003901,245.9,0.014598,65.69,1.543e-05,0.26,11.78,0.0006995
2022-12-24 04:00:00,16848.26,0.00389,245.4,0.014565,65.53,1.537e-05,0.2591,11.37,0.0006747
2022-12-24 08:00:00,16824.41,0.003894,244.0,0.014502,65.54,1.53e-05,0.2575,11.33,0.0006729
2022-12-24 12:00:00,16836.35,0.003907,244.4,0.014513,65.77,1.536e-05,0.2584,11.37,0.0006752
2022-12-24 16:00:00,16843.59,0.003909,244.5,0.014516,65.83,1.537e-05,0.2587,11.56,0.000686
2022-12-24 20:00:00,16836.12,0.003907,244.5,0.014531,65.76,1.54e-05,0.2592,11.45,0.0006797
2022-12-25 00:00:00,16832.14,0.003908,245.3,0.014572,65.8,1.54e-05,0.2591,11.47,0.0006811
2022-12-25 04:00:00,16821.97,0.003905,245.1,0.014566,65.69,1.539e-05,0.2589,11.48,0.0006829
2022-12-25 08:00:00,16821.51,0.003913,244.7,0.014549,65.83,1.534e-05,0.258,11.4,0.0006777
2022-12-25 12:00:00,16793.09,0.003926,243.2,0.014481,65.94,1.527e-05,0.2564,11.34,0.0006755
2022-12-25 16:00:00,16794.07,0.004009,242.7,0.014452,67.33,1.529e-05,0.257,11.39,0.0006783
2022-12-25 20:00:00,16832.11,0.004109,243.2,0.014446,69.15,1.539e-05,0.2591,11.38,0.0006762
2022-12-26 00:00:00,16894.19,0.004091,244.5,0.014474,69.12,1.546e-05,0.2614,11.43,0.0006764
2022-12-26 04:00:00,16843.65,0.004092,243.3,0.01444,68.91,1.539e-05,0.2594,11.32,0.0006715
2022-12-26 08:00:00,16864.04,0.004181,243.3,0.014424,70.53,1.547e-05,0.2607,11.35,0.0006729
2022-12-26 12:00:00,16809.51,0.004157,242.4,0.014423,69.9,1.554e-05,0.2612,11.19,0.0006654
2022-12-26 16:00:00,16841.0,0.004169,242.7,0.014411,70.21,1.56e-05,0.2625,11.19,0.0006642
2022-12-26 20:00:00,16919.39,0.004182,244.3,0.01444,70.78,1.569e-05,0.2652,11.32,0.0006696
2022-12-27 00:00:00,16876.51,0.004175,243.3,0.014418,70.45,1.564e-05,0.2638,11.28,0.0006686
2022-12-27 04:00:00,16869.19,0.004168,243.3,0.014424,70.29,1.563e-05,0.2638,11.23,0.0006656
2022-12-27 08:00:00,16832.4,0.004171,243.9,0.014486,70.23,1.561e-05,0.2628,11.14,0.000662
2022-12-27 12:00:00,16799.78,0.004159,245.1,0.014594,69.9,1.55e-05,0.2605,10.77,0.0006403
2022-12-27 16:00:00,16690.75,0.00409,246.2,0.014753,68.26,1.551e-05,0.259,11.02,0.0006601
2022-12-27 20:00:00,16706.36,0.00411,246.7,0.014762,68.67,1.558e-05,0.2603,11.09,0.0006638
2022-12-28 00:00:00,16650.65,0.004112,244.8,0.0147,68.45,1.535e-05,0.2557,10.78,0.0006471
2022-12-28 04:00:00,16647.16,0.00406,243.4,0.014615,67.58,1.51e-05,0.2515,10.14,0.0006093
2022-12-28 08:00:00,16678.98,0.004043,243.7,0.014611,67.43,1.511e-05,0.2519,10.03,0.0006008
2022-12-28 12:00:00,16578.52,0.004064,242.3,0.014622,67.39,1.51e-05,0.2503,9.95,0.0006
2022-12-28 16:00:00,16595.92,0.004044,243.3,0.014654,67.11,1.513e-05,0.2511,9.79,0.0005899
2022-12-28 20:00:00,16547.31,0.004008,244.5,0.014775,66.32,1.501e-05,0.2482,9.76,0.0005896
2022-12-29 00:00:00,16558.33,0.00401,245.1,0.014802,66.38,1.485e-05,0.2459,9.76,0.0005897
2022-12-29 04:00:00,16556.37,0.003998,244.7,0.014789,66.21,1.483e-05,0.2454,9.62,0.0005808
2022-12-29 08:00:00,16598.7,0.004026,245.9,0.014816,66.83,1.481e-05,0.2457,9.46,0.0005695
2022-12-29 12:00:00,16616.6,0.004031,246.1,0.014807,67.0,1.48e-05,0.2459,9.39,0.000565
2022-12-29 16:00:00,16612.4,0.003999,246.0,0.014814,66.45,1.466e-05,0.2435,8.79,0.000529
2022-12-29 20:00:00,16633.47,0.004008,246.3,0.014807,66.66,1.467e-05,0.244,9.64,0.0005797
2022-12-30 00:00:00,16599.08,0.004046,245.5,0.014786,67.15,1.471e-05,0.2441,9.52,0.0005739
2022-12-30 04:00:00,16474.93,0.004033,243.5,0.014776,66.45,1.459e-05,0.2406,9.12,0.0005539
2022-12-30 08:00:00,16496.27,0.004038,243.3,0.01475,66.61,1.465e-05,0.2415,9.12,0.0005533
2022-12-30 12:00:00,16555.26,0.004097,245.4,0.014819,67.83,1.471e-05,0.2436,9.58,0.0005784
2022-12-30 16:00:00,16525.37,0.004109,244.6,0.014803,67.9,1.477e-05,0.2438,9.85,0.0005963
2022-12-30 20:00:00,16607.48,0.00409,245.8,0.0148,67.94,1.48e-05,0.2458,9.9,0.0005962
2022-12-31 00:00:00,16552.46,0.004108,245.4,0.014822,68.01,1.479e-05,0.2449,9.74,0.000589
2022-12-31 04:00:00,16565.09,0.004104,245.6,0.014824,68.0,1.476e-05,0.2446,9.83,0.0005938
2022-12-31 08:00:00,16567.15,0.004131,245.5,0.014824,68.43,1.487e-05,0.2465,9.85,0.0005949
2022-12-31 12:00:00,16590.1,0.004223,247.1,0.01489,70.08,1.508e-05,0.2504,10.15,0.0006123
2022-12-31 16:00:00,16570.14,0.004233,246.9,0.0149,70.15,1.5e-05,0.2486,10.07,0.000608
2022-12-31 20:00:00,16542.4,0.00424,246.3,0.014888,70.14,1.486e-05,0.2458,9.97,0.0006029
2023-01-01 00:00:00,16533.04,0.004202,245.3,0.014835,69.46,1.484e-05,0.2454,9.97,0.0006025
2023-01-01 04:00:00,16526.19,0.004206,244.0,0.014766,69.51,1.484e-05,0.2452,9.8,0.0005926
2023-01-01 08:00:00,16556.66,0.004241,244.4,0.014761,70.22,1.486e-05,0.2459,9.93,0.0005999
2023-01-01 12:00:00,16558.73,0.004249,244.6,0.014772,70.37,1.486e-05,0.2462,9.87,0.0005957
2023-01-01 16:00:00,16603.08,0.004273,245.3,0.014773,70.93,1.496e-05,0.2484,9.97,0.0006
2023-01-01 20:00:00,16616.75,0.004266,244.4,0.014706,70.91,1.504e-05,0.2499,9.99,0.0006006
2023-01-02 00:00:00,16661.94,0.004256,243.9,0.014632,70.9,1.5e-05,0.2497,9.99,0.0005997
2023-01-02 04:00:00,16721.28,0.004473,246.4,0.014734,74.8,1.521e-05,0.2541,11.09,0.0006632
2023-01-02 08:00:00,16735.11,0.004499,246.8,0.014754,75.29,1.519e-05,0.254,11.01,0.0006586
2023-01-02 12:00:00,16734.66,0.004492,247.0,0.014762,75.16,1.522e-05,0.2546,11.11,0.0006645
2023-01-02 16:00:00,16737.56,0.004478,246.6,0.014737,74.99,1.527e-05,0.2553,11.26,0.0006735
2023-01-02 20:00:00,16672.87,0.004482,245.2,0.014713,74.74,1.521e-05,0.2538,11.28,0.0006766
2023-01-03 00:00:00,16691.81,0.004528,245.8,0.01473,75.56,1.517e-05,0.2532,11.22,0.0006723
2023-01-03 04:00:00,16729.74,0.004541,246.3,0.014721,75.98,1.515e-05,0.2534,11.95,0.000714
2023-01-03 08:00:00,16721.03,0.004512,245.6,0.014692,75.44,1.518e-05,0.2537,11.84,0.0007085
2023-01-03 12:00:00,16676.94,0.004477,245.5,0.014716,74.67,1.521e-05,0.2536,13.09,0.0007848
2023-01-03 16:00:00,16643.37,0.004515,245.4,0.014739,75.13,1.507e-05,0.2507,12.94,0.0007772
2023-01-03 20:00:00,16675.18,0.00453,246.1,0.014759,75.57,1.516e-05,0.2529,13.37,0.000802
2023-01-04 00:00:00,16862.02,0.004596,257.1,0.015248,77.51,1.57e-05,0.2647,13.57,0.0008048
2023-01-04 04:00:00,16869.44,0.004545,255.3,0.01513,76.66,1.575e-05,0.2656,14.16,0.0008393
2023-01-04 08:00:00,16835.35,0.004524,254.8,0.015141,76.18,1.57e-05,0.2642,13.65,0.0008109
2023-01-04 12:00:00,16854.05,0.004521,257.0,0.015253,76.2,1.591e-05,0.2681,13.36,0.0007927
2023-01-04 16:00:00,16842.36,0.004468,257.8,0.015309,75.25,1.58e-05,0.2661,13.2,0.0007837
2023-01-04 20:00:00,16850.36,0.004477,258.9,0.015365,75.46,1.589e-05,0.2678,13.43,0.0007972
2023-01-05 00:00:00,16827.71,0.004501,257.9,0.015321,75.74,1.576e-05,0.2652,13.21,0.0007851
2023-01-05 04:00:00,16823.64,0.004474,257.5,0.015308,75.28,1.583e-05,0.2663,13.25,0.0007869
2023-01-05 08:00:00,16833.6,0.004458,257.1,0.015275,75.04,1.582e-05,0.2663,13.26,0.000788
2023-01-05 12:00:00,16842.94,0.004415,256.8,0.015244,74.37,1.575e-05,0.2654,13.29,0.0007894
2023-01-05 16:00:00,16863.85,0.004438,257.8,0.015284,74.84,1.595e-05,0.269,13.4,0.0007949
2023-01-05 20:00:00,16831.85,0.004411,256.7,0.015247,74.25,1.599e-05,0.2692,13.43,0.0007984
2023-01-06 00:00:00,16833.56,0.00441,257.7,0.015313,74.23,1.625e-05,0.2735,13.19,0.0007838
2023-01-06 04:00:00,16794.06,0.004362,256.4,0.015272,73.28,1.617e-05,0.2717,13.12,0.0007811
2023-01-06 08:00:00,16738.22,0.004405,256.4,0.015322,73.72,1.615e-05,0.2703,13.0,0.0007768
2023-01-06 12:00:00,16840.82,0.004468,259.1,0.015387,75.23,1.624e-05,0.2733,13.19,0.0007835
2023-01-06 16:00:00,16939.91,0.004479,260.0,0.015356,75.88,1.63e-05,0.2764,13.37,0.0007892
2023-01-06 20:00:00,16950.65,0.004478,259.9,0.01533,75.91,1.642e-05,0.2786,13.5,0.0007967
2023-01-07 00:00:00,16952.46,0.004493,262.1,0.015468,76.15,1.632e-05,0.2768,13.32,0.0007861
2023-01-07 04:00:00,16948.09,0.004488,261.1,0.015401,76.06,1.632e-05,0.2766,13.29,0.0007844
2023-01-07 08:00:00,16918.3,0.00448,260.9,0.015416,75.81,1.625e-05,0.2749,13.15,0.0007774
2023-01-07 12:00:00,16940.42,0.004483,261.0,0.015408,75.93,1.624e-05,0.2752,13.27,0.0007832
2023-01-07 16:00:00,16944.05,0.004511,261.7,0.015445,76.43,1.636e-05,0.2772,13.22,0.0007804
2023-01-07 20:00:00,16943.57,0.004508,261.3,0.015423,76.4,1.634e-05,0.2768,13.1,0.000773
2023-01-08 00:00:00,16944.02,0.004471,261.0,0.015402,75.74,1.628e-05,0.2758,13.37,0.0007892
2023-01-08 04:00:00,16953.77,0.004473,260.9,0.015391,75.81,1.632e-05,0.2765,13.33,0.0007865
2023-01-08 08:00:00,16927.42,0.004496,261.0,0.015419,76.11,1.686e-05,0.2853,13.51,0.0007984
2023-01-08 12:00:00,17000.43,0.004513,267.0,0.015702,76.72,1.695e-05,0.288,13.88,0.0008164
2023-01-08 16:00:00,16927.25,0.004483,267.4,0.0158,75.91,1.712e-05,0.2899,13.55,0.0008007
2023-01-08 20:00:00,17127.83,0.004593,274.9,0.01605,78.68,1.736e-05,0.2974,14.45,0.0008444
2023-01-09 00:00:00,17197.0,0.00477,278.7,0.016204,82.03,1.916e-05,0.3295,16.05,0.0009328
2023-01-09 04:00:00,17198.48,0.004788,277.7,0.016148,82.33,1.893e-05,0.3256,16.35,0.0009512
2023-01-09 08:00:00,17238.93,0.00474,278.3,0.016145,81.72,1.864e-05,0.3216,16.38,0.0009498
2023-01-09 12:00:00,17268.49,0.004802,280.3,0.01623,82.89,1.857e-05,0.3207,17.13,0.0009918
2023-01-09 16:00:00,17293.69,0.004713,276.8,0.016003,81.52,1.823e-05,0.3156,16.28,0.0009415
2023-01-09 20:00:00,17178.26,0.00475,272.6,0.015867,81.62,1.845e-05,0.3168,16.25,0.0009466
2023-01-10 00:00:00,17205.72,0.00472,273.8,0.015911,81.18,1.824e-05,0.3138,15.97,0.0009289
2023-01-10 04:00:00,17203.2,0.00471,274.4,0.015955,81.03,1.831e-05,0.3151,15.89,0.0009245
2023-01-10 08:00:00,17252.89,0.004649,275.0,0.015936,80.19,1.841e-05,0.3178,16.03,0.0009297
2023-01-10 12:00:00,17327.7,0.004667,275.9,0.015927,80.86,1.849e-05,0.3203,16.25,0.0009374
2023-01-10 16:00:00,17432.85,0.004705,276.2,0.015847,82.0,1.857e-05,0.3237,16.39,0.0009405
2023-01-10 20:00:00,17440.66,0.004635,277.1,0.015896,80.83,1.848e-05,0.3222,16.2,0.000929
2023-01-11 00:00:00,17416.14,0.004619,275.0,0.015785,80.46,1.805e-05,0.3146,16.01,0.0009203
2023-01-11 04:00:00,17446.65,0.004762,277.8,0.015922,83.04,1.808e-05,0.3157,16.1,0.0009234
2023-01-11 08:00:00,17437.75,0.004711,277.8,0.015936,82.18,1.804e-05,0.3147,16.03,0.0009197
2023-01-11 12:00:00,17332.43,0.004662,276.8,0.015975,80.8,1.783e-05,0.309,15.41,0.0008896
2023-01-11 16:00:00,17550.29,0.004728,279.8,0.015938,82.96,1.811e-05,0.3177,16.0,0.0009123
2023-01-11 20:00:00,17943.26,0.004686,284.8,0.015875,84.08,1.8e-05,0.323,16.36,0.0009128
2023-01-12 00:00:00,18224.68,0.004651,286.9,0.015743,84.74,1.796e-05,0.3274,16.42,0.0009016
2023-01-12 04:00:00,18138.22,0.004646,285.1,0.015722,84.23,1.79e-05,0.3247,16.25,0.0008958
2023-01-12 08:00:00,18200.8,0.004613,283.3,0.015569,83.96,1.767e-05,0.3218,16.07,0.0008834
2023-01-12 12:00:00,18086.62,0.004599,281.6,0.015571,83.16,1.781e-05,0.3223,15.96,0.0008831
2023-01-12 16:00:00,18885.35,0.004512,286.1,0.015156,85.21,1.752e-05,0.3308,16.54,0.0008765
2023-01-12 20:00:00,18846.62,0.004567,287.7,0.015267,86.09,1.747e-05,0.3293,16.59,0.0008809
2023-01-13 00:00:00,18876.37,0.004521,289.0,0.015312,85.33,1.742e-05,0.3287,16.7,0.000885
2023-01-13 04:00:00,18824.25,0.004488,287.9,0.015297,84.49,1.742e-05,0.3279,16.9,0.0008982
2023-01-13 08:00:00,18920.95,0.004467,287.2,0.015177,84.56,1.748e-05,0.3308,16.67,0.0008815
2023-01-13 12:00:00,19261.19,0.00442,288.8,0.014986,85.13,1.723e-05,0.332,16.81,0.0008732
2023-01-13 16:00:00,19362.01,0.004383,288.7,0.01491,84.85,1.727e-05,0.3346,17.18,0.000887
2023-01-13 20:00:00,19930.01,0.004327,293.7,0.014739,86.23,1.734e-05,0.3456,18.29,0.0009183
2023-01-14 00:00:00,20967.23,0.004212,307.5,0.014666,88.34,1.705e-05,0.3577,21.92,0.0010457
2023-01-14 04:00:00,20897.36,0.0043,310.8,0.014871,89.83,1.739e-05,0.3634,23.57,0.0011281
2023-01-14 08:00:00,20721.73,0.004238,303.8,0.014663,87.82,1.689e-05,0.3503,22.36,0.0010803
2023-01-14 12:00:00,20786.74,0.004263,304.2,0.014641,88.64,1.691e-05,0.3516,22.33,0.0010746
2023-01-14 16:00:00,20783.68,0.004198,303.5,0.014604,87.26,1.677e-05,0.3486,23.06,0.0011095
2023-01-14 20:00:00,20954.92,0.004192,305.1,0.014564,87.84,1.683e-05,0.3525,24.24,0.0011573
2023-01-15 00:00:00,20719.09,0.004197,298.7,0.014416,86.95,1.674e-05,0.347,23.06,0.0011135
2023-01-15 04:00:00,20735.69,0.004191,297.4,0.01434,86.89,1.669e-05,0.3462,22.62,0.0010923
2023-01-15 08:00:00,20722.23,0.004235,297.9,0.01437,87.74,1.666e-05,0.3452,22.9,0.0011053
2023-01-15 12:00:00,20908.28,0.004228,302.7,0.01448,88.4,1.677e-05,0.3507,23.69,0.0011342
2023-01-15 16:00:00,20870.15,0.004221,301.1,0.014426,88.06,1.672e-05,0.349,23.36,0.0011198
2023-01-15 20:00:00,20871.5,0.004186,302.2,0.014474,87.37,1.68e-05,0.3507,22.89,0.0010972
2023-01-16 00:00:00,21075.68,0.004147,304.3,0.014439,87.36,1.694e-05,0.3569,23.22,0.0011019
2023-01-16 04:00:00,21109.23,0.004128,303.0,0.014354,87.14,1.694e-05,0.3576,24.25,0.0011493
2023-01-16 08:00:00,20817.56,0.004123,298.2,0.014324,85.82,1.678e-05,0.3494,23.38,0.0011232
2023-01-16 12:00:00,20994.17,0.004105,298.0,0.014192,86.19,1.654e-05,0.3472,23.08,0.0010997
2023-01-16 16:00:00,21308.57,0.004084,300.9,0.01412,87.05,1.659e-05,0.3538,23.55,0.0011058
2023-01-16 20:00:00,21185.65,0.004057,299.0,0.014117,85.91,1.653e-05,0.3504,23.58,0.0011133
2023-01-17 00:00:00,21124.57,0.004035,300.1,0.01421,85.25,1.648e-05,0.3481,23.19,0.0010982
2023-01-17 04:00:00,21133.65,0.004064,301.0,0.014247,85.86,1.661e-05,0.3508,23.41,0.0011083
2023-01-17 08:00:00,21219.75,0.004146,302.8,0.014266,87.96,1.667e-05,0.3537,23.74,0.001119
2023-01-17 12:00:00,21176.06,0.004077,302.5,0.014284,86.32,1.667e-05,0.3529,23.27,0.0010993
2023-01-17 16:00:00,21336.46,0.004088,302.9,0.014199,87.2,1.653e-05,0.3527,23.43,0.0010987
2023-01-17 20:00:00,21134.81,0.004118,299.4,0.014165,87.02,1.635e-05,0.3455,22.86,0.001082
2023-01-18 00:00:00,21258.54,0.004138,303.0,0.014248,87.97,1.647e-05,0.3501,23.04,0.0010839
2023-01-18 04:00:00,21307.94,0.004107,301.5,0.014155,87.49,1.644e-05,0.3504,22.98,0.0010787
2023-01-18 08:00:00,21204.67,0.004071,301.1,0.014199,86.31,1.637e-05,0.347,22.52,0.0010624
2023-01-18 12:00:00,21042.73,0.004038,294.5,0.013995,84.96,1.609e-05,0.3388,21.79,0.0010348
2023-01-18 16:00:00,20906.54,0.004032,293.0,0.014013,84.3,1.601e-05,0.3348,21.77,0.0010419
2023-01-18 20:00:00,20677.47,0.003996,286.7,0.013869,82.62,1.579e-05,0.3264,20.79,0.0010054
2023-01-19 00:00:00,20748.04,0.004004,289.9,0.013969,83.1,1.589e-05,0.3296,21.35,0.0010292
2023-01-19 04:00:00,20818.95,0.003994,290.4,0.013949,83.14,1.589e-05,0.3307,21.3,0.0010233
2023-01-19 08:00:00,20743.72,0.003979,289.3,0.013953,82.54,1.596e-05,0.331,20.93,0.0010093
2023-01-19 12:00:00,20876.44,0.003997,290.0,0.013897,83.45,1.603e-05,0.3345,21.07,0.0010091
2023-01-19 16:00:00,21090.95,0.003993,294.0,0.013934,84.21,1.611e-05,0.3398,21.65,0.0010266
2023-01-19 20:00:00,21071.59,0.003996,294.6,0.013978,84.21,1.604e-05,0.3379,21.4,0.0010162
2023-01-20 00:00:00,21087.74,0.003991,294.7,0.013975,84.16,1.61e-05,0.3395,21.33,0.0010116
2023-01-20 04:00:00,20959.44,0.003987,288.1,0.013742,83.56,1.6e-05,0.3354,21.07,0.0010058
2023-01-20 08:00:00,20963.51,0.004026,287.1,0.013697,84.38,1.599e-05,0.3351,21.14,0.0010083
2023-01-20 12:00:00,21144.77,0.004009,289.6,0.013692,84.81,1.615e-05,0.3413,21.42,0.0010134
2023-01-20 16:00:00,21496.67,0.004069,294.5,0.013694,87.48,1.63e-05,0.3505,23.29,0.0010838
2023-01-20 20:00:00,22667.21,0.003984,305.1,0.013456,90.28,1.611e-05,0.3652,25.51,0.0011253
2023-01-21 00:00:00,22547.35,0.003993,302.2,0.013405,90.01,1.594e-05,0.3594,24.83,0.0011012
2023-01-21 04:00:00,22638.36,0.00398,304.8,0.01346,90.1,1.605e-05,0.3632,25.54,0.001128
2023-01-21 08:00:00,22905.65,0.00389,303.3,0.01324,89.07,1.589e-05,0.3638,25.2,0.0011002
2023-01-21 12:00:00,22998.9,0.003859,301.9,0.013126,88.74,1.613e-05,0.3706,25.23,0.0010966
2023-01-21 16:00:00,23270.5,0.003876,304.2,0.013076,90.28,1.615e-05,0.3758,25.63,0.0011015
2023-01-21 20:00:00,22783.55,0.003859,299.0,0.013129,87.91,1.617e-05,0.3687,24.57,0.0010782
2023-01-22 00:00:00,22758.3,0.003885,300.4,0.013195,88.41,1.602e-05,0.3646,25.0,0.0010984
2023-01-22 04:00:00,22895.2,0.003873,302.3,0.013199,88.67,1.63e-05,0.3733,25.13,0.0010979
2023-01-22 08:00:00,22783.61,0.0039,302.6,0.013287,88.82,1.672e-05,0.3811,24.9,0.001093
2023-01-22 12:00:00,22794.51,0.003892,303.4,0.013308,88.75,1.67e-05,0.3806,24.97,0.0010953
2023-01-22 16:00:00,22722.15,0.003899,303.8,0.013375,88.57,1.682e-05,0.3822,24.9,0.0010961
2023-01-22 20:00:00,22707.88,0.003855,303.0,0.013344,87.58,1.657e-05,0.3764,24.21,0.0010662
2023-01-23 00:00:00,22661.02,0.003878,303.8,0.013411,87.87,1.635e-05,0.3704,24.53,0.0010818
2023-01-23 04:00:00,22695.9,0.003868,303.6,0.013372,87.77,1.649e-05,0.3744,24.46,0.0010782
2023-01-23 08:00:00,22904.58,0.004018,306.4,0.013379,92.01,1.65e-05,0.3777,24.62,0.0010754
2023-01-23 12:00:00,22853.14,0.003956,303.6,0.013285,90.41,1.649e-05,0.3767,24.17,0.0010574
2023-01-23 16:00:00,22792.47,0.003921,304.6,0.013369,89.38,1.642e-05,0.3739,24.18,0.0010608
2023-01-23 20:00:00,22916.45,0.003922,305.1,0.013316,89.9,1.636e-05,0.375,24.33,0.0010614
2023-01-24 00:00:00,23079.27,0.003931,322.0,0.013951,90.73,1.641e-05,0.3787,24.99,0.0010827
2023-01-24 04:00:00,23054.08,0.003931,318.1,0.013799,90.61,1.658e-05,0.382,24.78,0.001075
2023-01-24 08:00:00,22917.66,0.003928,314.2,0.013711,89.99,1.649e-05,0.3779,24.46,0.0010674
2023-01-24 12:00:00,22931.36,0.003915,316.0,0.013784,89.78,1.639e-05,0.376,24.48,0.0010674
2023-01-24 16:00:00,23018.53,0.003896,310.8,0.013506,89.68,1.646e-05,0.3788,24.46,0.0010624
2023-01-24 20:00:00,22632.89,0.003853,300.3,0.013269,87.19,1.584e-05,0.3587,22.78,0.0010062
2023-01-25 00:00:00,22643.61,0.003866,300.2,0.013258,87.55,1.564e-05,0.3542,22.93,0.0010125
2023-01-25 04:00:00,22712.45,0.003864,303.2,0.013346,87.8,1.583e-05,0.3596,23.27,0.0010245
2023-01-25 08:00:00,22598.47,0.003858,300.5,0.013296,87.18,1.573e-05,0.3556,23.13,0.0010238
2023-01-25 12:00:00,22577.86,0.003868,300.2,0.013301,87.31,1.572e-05,0.3552,23.32,0.0010332
2023-01-25 16:00:00,22748.86,0.00389,302.3,0.013293,88.46,1.587e-05,0.361,23.73,0.0010432
2023-01-25 20:00:00,23060.94,0.003877,306.9,0.013309,89.38,1.619e-05,0.3732,24.52,0.0010635
2023-01-26 00:00:00,23136.16,0.003861,305.7,0.01322,89.33,1.639e-05,0.3791,24.8,0.0010717
2023-01-26 04:00:00,22966.73,0.003871,305.9,0.013323,88.95,1.638e-05,0.3762,24.34,0.0010595
2023-01-26 08:00:00,22992.94,0.003842,304.3,0.013238,88.36,1.626e-05,0.374,24.32,0.0010576
2023-01-26 12:00:00,22958.02,0.003823,303.7,0.013236,87.81,1.641e-05,0.3766,24.26,0.0010568
2023-01-26 16:00:00,23070.0,0.003813,305.6,0.013243,87.96,1.651e-05,0.3809,24.46,0.0010605
2023-01-26 20:00:00,23009.65,0.003805,304.7,0.013246,87.52,1.65e-05,0.3796,24.33,0.001058
2023-01-27 00:00:00,22772.62,0.003816,302.6,0.013291,86.9,1.632e-05,0.3717,23.73,0.0010418
2023-01-27 04:00:00,23072.77,0.003811,305.9,0.013256,87.94,1.647e-05,0.3803,24.03,0.0010412
2023-01-27 08:00:00,22967.47,0.00382,305.0,0.013277,87.7,1.64e-05,0.3766,23.7,0.0010331
2023-01-27 12:00:00,22933.96,0.003808,303.8,0.013244,87.37,1.649e-05,0.3784,23.83,0.0010387
2023-01-27 16:00:00,23253.06,0.003813,308.9,0.013287,88.62,1.648e-05,0.3829,24.48,0.0010529
2023-01-27 20:00:00,23074.16,0.003851,308.0,0.01335,88.89,1.689e-05,0.3898,24.43,0.0010587
2023-01-28 00:00:00,23117.44,0.003869,308.3,0.013339,89.42,1.681e-05,0.3887,24.5,0.0010599
2023-01-28 04:00:00,22991.51,0.003856,308.4,0.013416,88.7,1.69e-05,0.3887,24.35,0.0010591
2023-01-28 08:00:00,22981.51,0.003853,307.5,0.013377,88.53,1.683e-05,0.3869,24.3,0.0010576
2023-01-28 12:00:00,23012.54,0.003824,306.2,0.013308,87.98,1.667e-05,0.3838,24.17,0.0010499
2023-01-28 16:00:00,23039.35,0.00383,306.6,0.013308,88.23,1.666e-05,0.3837,24.12,0.0010467
2023-01-28 20:00:00,23022.6,0.003897,306.1,0.0133,89.67,1.659e-05,0.3819,24.0,0.0010427
2023-01-29 00:00:00,23193.43,0.00408,307.9,0.013277,94.58,1.665e-05,0.3862,24.13,0.0010402
2023-01-29 04:00:00,23203.86,0.004068,308.6,0.013301,94.4,1.665e-05,0.3862,24.14,0.0010405
2023-01-29 08:00:00,23432.17,0.004065,316.8,0.013525,95.24,1.667e-05,0.3907,24.36,0.0010393
2023-01-29 12:00:00,23525.09,0.004052,318.4,0.013534,95.31,1.654e-05,0.3889,24.69,0.0010492
2023-01-29 16:00:00,23897.84,0.004065,319.2,0.013353,97.14,1.657e-05,0.396,26.32,0.0011012
2023-01-29 20:00:00,23742.3,0.003995,317.2,0.013357,94.84,1.674e-05,0.3975,26.07,0.0010986
2023-01-30 00:00:00,23701.44,0.004016,315.7,0.013322,95.2,1.656e-05,0.3922,25.45,0.0010738
2023-01-30 04:00:00,23642.81,0.00397,312.6,0.013223,93.89,1.647e-05,0.3894,25.38,0.0010737
2023-01-30 08:00:00,23077.47,0.004,306.8,0.013292,92.3,1.647e-05,0.3801,24.02,0.0010408
2023-01-30 12:00:00,23178.51,0.003979,308.8,0.013325,92.19,1.65e-05,0.3822,24.38,0.0010516
2023-01-30 16:00:00,22784.86,0.003949,305.2,0.013393,89.98,1.635e-05,0.3725,23.6,0.0010355
2023-01-30 20:00:00,22826.15,0.004002,307.2,0.013452,91.37,1.632e-05,0.3725,23.96,0.0010497
2023-01-31 00:00:00,22835.01,0.004172,311.9,0.013654,95.29,1.628e-05,0.372,24.01,0.0010515
2023-01-31 04:00:00,22978.24,0.004124,311.8,0.013572,94.71,1.631e-05,0.3746,24.11,0.0010492
2023-01-31 08:00:00,22865.43,0.004105,309.8,0.013545,93.88,1.629e-05,0.3725,23.75,0.0010383
2023-01-31 12:00:00,23121.8,0.004108,312.6,0.013525,95.0,1.712e-05,0.3959,24.09,0.001042
2023-01-31 16:00:00,23163.88,0.004078,313.8,0.013548,94.42,1.7e-05,0.3936,24.21,0.0010449
2023-01-31 20:00:00,23125.13,0.004069,312.0,0.013492,94.09,1.687e-05,0.3902,23.92,0.0010342
2023-02-01 00:00:00,23130.19,0.004188,312.6,0.01351,96.87,1.678e-05,0.3881,23.87,0.0010321
2023-02-01 04:00:00,23076.68,0.004166,307.7,0.013336,96.12,1.657e-05,0.3823,23.56,0.0010206
2023-02-01 08:00:00,23077.52,0.004154,308.1,0.01336,95.93,1.656e-05,0.3821,23.54,0.00102
2023-02-01 12:00:00,22979.73,0.0041,307.1,0.013369,94.23,1.633e-05,0.3754,22.81,0.0009926
2023-02-01 16:00:00,23385.99,0.004199,314.5,0.01344,98.21,1.657e-05,0.3874,24.24,0.0010365
2023-02-01 20:00:00,23732.66,0.004228,317.0,0.013358,100.33,1.673e-05,0.397,25.0,0.0010536
2023-02-02 00:00:00,23848.6,0.004226,327.6,0.013733,100.83,1.703e-05,0.4064,25.28,0.0010602
2023-02-02 04:00:00,23781.12,0.004203,328.7,0.013819,99.95,1.683e-05,0.3999,24.87,0.0010456
2023-02-02 08:00:00,23820.49,0.00421,330.0,0.013851,100.29,1.704e-05,0.4059,25.0,0.0010496
2023-02-02 12:00:00,23839.5,0.004213,328.3,0.013771,100.44,1.697e-05,0.4048,25.02,0.0010489
2023-02-02 16:00:00,23802.57,0.004204,328.1,0.013785,100.02,1.702e-05,0.4051,25.07,0.0010532
2023-02-02 20:00:00,23488.94,0.0042,323.5,0.013774,98.64,1.695e-05,0.3981,24.32,0.0010351
2023-02-03 00:00:00,23534.18,0.004205,321.3,0.013651,98.94,1.699e-05,0.3999,24.34,0.0010339
2023-02-03 04:00:00,23456.23,0.00418,322.6,0.013754,98.04,1.703e-05,0.3994,24.32,0.0010369
2023-02-03 08:00:00,23534.13,0.004206,329.2,0.013986,98.95,1.712e-05,0.4032,24.49,0.0010408
2023-02-03 12:00:00,23603.36,0.004199,331.5,0.014046,99.15,1.709e-05,0.4033,24.86,0.001053
2023-02-03 16:00:00,23307.99,0.004259,329.9,0.01415,99.3,1.728e-05,0.4032,24.38,0.001046
2023-02-03 20:00:00,23431.9,0.004263,332.2,0.014178,99.86,1.724e-05,0.4038,24.69,0.0010535
2023-02-04 00:00:00,23343.43,0.004231,329.3,0.014107,98.8,1.714e-05,0.4003,24.46,0.0010477
2023-02-04 04:00:00,23329.18,0.004249,328.5,0.014076,99.13,1.718e-05,0.4009,24.5,0.0010502
2023-02-04 08:00:00,23363.76,0.00424,329.2,0.014094,99.07,1.714e-05,0.4006,24.58,0.0010525
2023-02-04 12:00:00,23421.45,0.004258,331.1,0.014139,99.74,1.725e-05,0.4038,24.71,0.001055
2023-02-04 16:00:00,23425.89,0.004243,330.3,0.014101,99.4,1.727e-05,0.4045,24.66,0.0010529
2023-02-04 20:00:00,23326.84,0.004224,330.4,0.014163,98.51,1.711e-05,0.3994,24.34,0.0010433
2023-02-05 00:00:00,23344.53,0.004226,329.5,0.014119,98.67,1.7e-05,0.397,24.3,0.0010409
2023-02-05 04:00:00,23377.4,0.004224,332.0,0.0142,98.73,1.716e-05,0.401,24.35,0.0010417
2023-02-05 08:00:00,23356.33,0.004194,332.5,0.014236,97.93,1.71e-05,0.3992,24.19,0.001036
2023-02-05 12:00:00,23096.16,0.004189,326.7,0.014146,96.77,1.692e-05,0.3908,23.64,0.0010235
2023-02-05 16:00:00,22891.8,0.004174,326.9,0.014281,95.53,1.688e-05,0.3864,23.37,0.0010206
2023-02-05 20:00:00,22932.91,0.004215,327.8,0.01429,96.63,1.711e-05,0.3923,23.47,0.0010234
2023-02-06 00:00:00,22895.48,0.004188,325.3,0.014211,95.85,1.712e-05,0.3919,23.37,0.0010213
2023-02-06 04:00:00,22879.69,0.004216,326.9,0.014286,96.46,1.715e-05,0.3924,23.35,0.001021
2023-02-06 08:00:00,22878.23,0.004221,327.6,0.014319,96.57,1.71e-05,0.3914,23.32,0.0010198
2023-02-06 12:00:00,23041.39,0.004222,330.0,0.014321,97.29,1.712e-05,0.3944,23.47,0.0010187
2023-02-06 16:00:00,23031.03,0.00425,328.9,0.014288,97.88,1.705e-05,0.3926,23.37,0.0010146
2023-02-06 20:00:00,22762.52,0.004215,324.3,0.014248,95.93,1.679e-05,0.3823,22.66,0.0009953
2023-02-07 00:00:00,22877.99,0.004352,326.6,0.014281,99.59,1.688e-05,0.3863,23.06,0.0010082
2023-02-07 04:00:00,22910.91,0.004314,329.1,0.014357,98.84,1.684e-05,0.3857,23.22,0.0010133
2023-02-07 08:00:00,22977.24,0.004331,330.0,0.014361,99.49,1.691e-05,0.3884,23.35,0.0010159
2023-02-07 12:00:00,22904.89,0.004299,327.8,0.014307,98.48,1.683e-05,0.3856,23.03,0.0010051
2023-02-07 16:00:00,23091.9,0.004338,330.6,0.014315,100.2,1.698e-05,0.3922,23.27,0.0010072
2023-02-07 20:00:00,23240.46,0.004339,333.0,0.014325,100.86,1.715e-05,0.3989,23.82,0.0010253
2023-02-08 00:00:00,23255.34,0.004366,331.7,0.014263,101.52,1.714e-05,0.3988,23.89,0.0010272
2023-02-08 04:00:00,23232.68,0.004369,331.8,0.01428,101.49,1.722e-05,0.3999,23.77,0.0010231
2023-02-08 08:00:00,23159.07,0.004373,331.6,0.014319,101.29,1.72e-05,0.3984,23.72,0.0010243
2023-02-08 12:00:00,22872.28,0.004318,327.3,0.014312,98.75,1.716e-05,0.3923,23.28,0.001018
2023-02-08 16:00:00,22874.89,0.004326,326.6,0.014275,98.93,1.72e-05,0.3936,23.09,0.0010091
2023-02-08 20:00:00,22963.0,0.004321,328.2,0.014292,99.22,1.716e-05,0.3942,23.22,0.001011
2023-02-09 00:00:00,22518.44,0.00426,319.6,0.014196,95.93,1.696e-05,0.3821,22.35,0.0009921
2023-02-09 04:00:00,22676.41,0.004268,322.2,0.014207,96.77,1.707e-05,0.3873,22.76,0.0010039
2023-02-09 08:00:00,22685.79,0.004257,320.7,0.014133,96.6,1.702e-05,0.3862,22.79,0.0010048
2023-02-09 12:00:00,22610.94,0.004265,318.8,0.014099,96.41,1.708e-05,0.3862,22.65,0.001002
2023-02-09 16:00:00,22032.71,0.004163,311.5,0.014134,91.73,1.689e-05,0.3721,21.8,0.0009898
2023-02-09 20:00:00,21796.35,0.004225,306.2,0.014046,92.05,1.662e-05,0.3622,20.48,0.0009395
2023-02-10 00:00:00,21825.59,0.004219,306.7,0.014051,92.1,1.654e-05,0.3611,20.79,0.0009526
2023-02-10 04:00:00,21911.71,0.004245,307.8,0.014052,93.02,1.665e-05,0.3646,21.1,0.0009625
2023-02-10 08:00:00,21733.52,0.004222,306.5,0.014101,91.72,1.656e-05,0.3599,20.69,0.0009517
2023-02-10 12:00:00,21654.09,0.00425,306.0,0.014135,92.02,1.662e-05,0.3602,20.73,0.000957
2023-02-10 16:00:00,21771.09,0.004322,308.5,0.01417,94.1,1.676e-05,0.3647,20.89,0.0009594
2023-02-10 20:00:00,21625.19,0.004315,305.8,0.01414,93.34,1.655e-05,0.3581,20.11,0.0009298
2023-02-11 00:00:00,21678.56,0.004364,308.1,0.014208,94.63,1.668e-05,0.3617,20.41,0.0009412
2023-02-11 04:00:00,21692.63,0.004332,308.2,0.014201,93.93,1.658e-05,0.3596,20.34,0.0009374
2023-02-11 08:00:00,21697.44,0.00432,308.5,0.014214,93.73,1.661e-05,0.3603,20.32,0.0009362
2023-02-11 12:00:00,21735.78,0.004312,309.1,0.014218,93.73,1.667e-05,0.3623,20.52,0.0009439
2023-02-11 16:00:00,21662.63,0.004334,308.5,0.014242,93.92,1.671e-05,0.362,20.37,0.0009407
2023-02-11 20:00:00,21862.55,0.004312,310.4,0.014201,94.28,1.685e-05,0.3684,20.81,0.000952
2023-02-12 00:00:00,21781.38,0.004293,307.6,0.014127,93.49,1.679e-05,0.3658,20.67,0.0009488
2023-02-12 04:00:00,21798.42,0.004272,307.0,0.014084,93.12,1.679e-05,0.3661,20.85,0.0009563
2023-02-12 08:00:00,21888.31,0.004274,308.7,0.014103,93.54,1.686e-05,0.3689,21.06,0.000962
2023-02-12 12:00:00,21945.3,0.004263,312.9,0.01425,93.55,1.686e-05,0.3699,21.43,0.0009762
2023-02-12 16:00:00,21997.18,0.004276,319.1,0.014513,94.03,1.695e-05,0.3728,22.04,0.0010022
2023-02-12 20:00:00,21783.54,0.004246,312.6,0.014351,92.51,1.671e-05,0.3641,21.49,0.0009871
2023-02-13 00:00:00,21808.6,0.004268,311.9,0.014306,93.06,1.661e-05,0.3621,20.91,0.0009591
2023-02-13 04:00:00,21867.69,0.004252,307.3,0.014053,92.99,1.659e-05,0.3627,21.17,0.0009684
2023-02-13 08:00:00,21603.11,0.004205,292.6,0.013538,90.85,1.627e-05,0.3516,20.45,0.0009468
2023-02-13 12:00:00,21563.02,0.00422,286.8,0.01331,90.99,1.631e-05,0.3517,20.37,0.0009445
2023-02-13 16:00:00,21607.81,0.004158,288.9,0.013369,89.85,1.638e-05,0.3538,20.43,0.0009461
2023-02-13 20:00:00,21773.97,0.004181,294.3,0.013514,91.05,1.649e-05,0.3593,20.77,0.0009535
2023-02-14 00:00:00,21700.42,0.004173,290.8,0.013407,90.55,1.641e-05,0.3561,20.83,0.0009595
2023-02-14 04:00:00,21768.48,0.004204,293.7,0.013494,91.48,1.653e-05,0.3597,21.06,0.0009671
2023-02-14 08:00:00,21809.81,0.004208,292.7,0.013423,91.76,1.66e-05,0.3621,21.37,0.0009795
2023-02-14 12:00:00,22041.45,0.004297,297.5,0.013497,94.73,1.72e-05,0.3789,21.89,0.0009932
2023-02-14 16:00:00,22208.65,0.004297,298.1,0.013422,95.44,1.752e-05,0.389,22.02,0.000992
2023-02-14 20:00:00,22199.84,0.004316,296.2,0.013339,95.82,1.742e-05,0.3867,21.84,0.0009838
2023-02-15 00:00:00,22099.49,0.004324,296.7,0.013427,95.53,1.747e-05,0.3859,21.6,0.0009774
2023-02-15 04:00:00,22109.89,0.004342,297.0,0.013433,96.0,1.736e-05,0.3837,21.53,0.0009742
2023-02-15 08:00:00,22445.13,0.004341,301.6,0.013439,97.45,1.737e-05,0.3899,22.11,0.0009851
2023-02-15 12:00:00,22809.46,0.00427,303.2,0.013291,97.41,1.713e-05,0.3909,22.43,0.0009831
2023-02-15 16:00:00,23318.9,0.004261,307.4,0.013181,99.36,1.707e-05,0.398,23.0,0.0009865
2023-02-15 20:00:00,24324.05,0.004227,317.4,0.013044,102.82,1.722e-05,0.419,23.86,0.0009812
2023-02-16 00:00:00,24732.42,0.004122,321.5,0.013003,101.98,1.664e-05,0.4114,23.81,0.0009633
2023-02-16 04:00:00,24612.95,0.004112,319.8,0.012993,101.16,1.653e-05,0.4064,23.73,0.000964
2023-02-16 08:00:00,24568.55,0.004122,319.3,0.012996,101.28,1.648e-05,0.4047,23.56,0.0009592
2023-02-16 12:00:00,25072.67,0.00413,324.6,0.012947,103.52,1.647e-05,0.4127,23.86,0.0009514
2023-02-16 16:00:00,24872.58,0.004129,319.4,0.012841,102.69,1.626e-05,0.4045,23.59,0.0009484
2023-02-16 20:00:00,23517.72,0.00419,304.4,0.012939,98.55,1.647e-05,0.3874,22.24,0.0009459
2023-02-17 00:00:00,23838.64,0.004187,309.6,0.012987,99.84,1.664e-05,0.3966,22.68,0.0009513
2023-02-17 04:00:00,23637.04,0.004208,308.3,0.013041,99.48,1.667e-05,0.394,22.54,0.0009535
2023-02-17 08:00:00,23789.82,0.00418,309.7,0.013019,99.43,1.665e-05,0.396,22.6,0.00095
2023-02-17 12:00:00,24130.5,0.004119,310.2,0.012855,99.4,1.662e-05,0.4008,22.79,0.0009445
2023-02-17 16:00:00,24524.49,0.004117,314.8,0.012837,100.94,1.659e-05,0.4071,23.46,0.0009566
2023-02-17 20:00:00,24569.97,0.004076,313.0,0.012741,100.12,1.641e-05,0.4033,23.14,0.000942
2023-02-18 00:00:00,24609.68,0.004098,315.1,0.012802,100.84,1.641e-05,0.4039,23.34,0.0009488
2023-02-18 04:00:00,24519.01,0.004122,316.6,0.012917,101.08,1.635e-05,0.4008,23.22,0.000947
2023-02-18 08:00:00,24519.42,0.004041,314.8,0.012836,99.07,1.625e-05,0.3988,23.06,0.00094
2023-02-18 12:00:00,24668.26,0.00406,316.5,0.01283,100.16,1.639e-05,0.4044,23.42,0.0009491
2023-02-18 16:00:00,24608.34,0.004048,315.0,0.012802,99.6,1.646e-05,0.4052,23.48,0.0009544
2023-02-18 20:00:00,24631.95,0.004049,316.5,0.012851,99.71,1.647e-05,0.406,23.45,0.0009523
2023-02-19 00:00:00,24681.69,0.004043,315.1,0.01277,99.79,1.629e-05,0.4023,23.3,0.0009437
2023-02-19 04:00:00,24582.62,0.00404,314.3,0.012787,99.28,1.633e-05,0.4016,23.53,0.0009565
2023-02-19 08:00:00,24669.43,0.004027,315.7,0.012796,99.36,1.644e-05,0.4054,23.69,0.0009604
2023-02-19 12:00:00,24922.21,0.004029,316.8,0.012711,100.44,1.648e-05,0.4108,25.26,0.0010136
2023-02-19 16:00:00,24523.79,0.003997,312.7,0.012754,97.99,1.637e-05,0.4014,24.65,0.0010053
2023-02-19 20:00:00,24271.76,0.004014,311.5,0.012823,97.43,1.646e-05,0.3995,24.84,0.0010232
2023-02-20 00:00:00,24418.95,0.004003,316.4,0.012958,97.74,1.645e-05,0.4017,26.16,0.0010713
2023-02-20 04:00:00,24503.65,0.003993,316.9,0.012928,97.83,1.664e-05,0.4077,26.49,0.0010804
2023-02-20 08:00:00,24890.0,0.003923,318.1,0.012784,97.62,1.636e-05,0.4072,26.38,0.0010595
2023-02-20 12:00:00,24942.87,0.003885,317.1,0.012714,96.91,1.632e-05,0.407,26.54,0.0010641
2023-02-20 16:00:00,24872.19,0.003814,314.7,0.012651,94.89,1.631e-05,0.4058,26.34,0.0010591
2023-02-20 20:00:00,24842.2,0.003861,315.4,0.012699,95.9,1.625e-05,0.4038,26.26,0.0010572
2023-02-21 00:00:00,24926.56,0.003853,315.5,0.012658,96.04,1.611e-05,0.4017,26.12,0.001048
2023-02-21 04:00:00,24999.95,0.003838,316.2,0.012651,95.95,1.616e-05,0.404,26.02,0.0010411
2023-02-21 08:00:00,24572.83,0.003791,311.7,0.012683,93.18,1.607e-05,0.3948,25.06,0.0010194
2023-02-21 12:00:00,24558.09,0.003805,312.9,0.012744,93.42,1.599e-05,0.3929,25.06,0.0010201
2023-02-21 16:00:00,24602.88,0.003813,313.2,0.012731,93.81,1.603e-05,0.3944,25.25,0.0010262
2023-02-21 20:00:00,24452.16,0.003836,311.5,0.012744,93.8,1.606e-05,0.3925,24.98,0.0010216
2023-02-22 00:00:00,24201.85,0.003926,308.9,0.012764,95.02,1.604e-05,0.3882,24.44,0.0010099
2023-02-22 04:00:00,24060.95,0.003951,307.5,0.012781,95.08,1.598e-05,0.3848,23.82,0.0009899
2023-02-22 08:00:00,24160.87,0.003932,307.9,0.012748,95.01,1.597e-05,0.386,23.56,0.0009751
2023-02-22 12:00:00,23713.61,0.003877,304.6,0.01284,91.94,1.601e-05,0.3798,23.65,0.0009977
2023-02-22 16:00:00,23791.67,0.003939,307.8,0.012935,93.7,1.609e-05,0.3828,23.78,0.0009995
2023-02-22 20:00:00,24182.21,0.003939,312.4,0.012921,95.28,1.608e-05,0.3888,24.16,0.0009987
2023-02-23 00:00:00,24454.85,0.003909,313.1,0.012809,95.62,1.602e-05,0.3917,24.44,0.0009998
2023-02-23 04:00:00,24376.27,0.003905,312.9,0.012836,95.18,1.615e-05,0.3936,24.5,0.0010051
2023-02-23 08:00:00,23780.2,0.003941,307.0,0.012909,93.73,1.617e-05,0.3844,23.76,0.0009995
2023-02-23 12:00:00,23950.92,0.00394,309.2,0.012911,94.39,1.608e-05,0.3853,23.88,0.0009969
2023-02-23 16:00:00,23971.5,0.003938,309.2,0.012894,94.43,1.6e-05,0.3836,24.04,0.0010025
2023-02-23 20:00:00,23940.2,0.003952,308.3,0.012879,94.59,1.598e-05,0.3824,23.91,0.0009988
2023-02-24 00:00:00,23954.05,0.003937,309.5,0.012922,94.3,1.587e-05,0.38,23.78,0.0009927
2023-02-24 04:00:00,23830.32,0.003945,310.8,0.013037,93.99,1.6e-05,0.3812,23.96,0.0010055
2023-02-24 08:00:00,23883.72,0.003928,310.3,0.012992,93.84,1.605e-05,0.3836,23.78,0.0009958
2023-02-24 12:00:00,23351.31,0.003933,303.7,0.01301,91.84,1.593e-05,0.3719,23.05,0.0009871
2023-02-24 16:00:00,23182.27,0.003952,302.4,0.013042,91.6,1.581e-05,0.3666,23.04,0.0009941
2023-02-24 20:00:00,23185.29,0.003949,302.3,0.013034,91.55,1.577e-05,0.3658,23.07,0.0009954
2023-02-25 00:00:00,23077.64,0.003966,300.5,0.013027,91.5,1.576e-05,0.3638,22.95,0.0009946
2023-02-25 04:00:00,23117.16,0.003978,301.7,0.013051,91.98,1.584e-05,0.3665,22.94,0.000992
2023-02-25 08:00:00,22983.85,0.004012,300.6,0.013078,92.23,1.577e-05,0.3626,22.77,0.0009912
2023-02-25 12:00:00,23006.18,0.003977,301.5,0.013106,91.48,1.583e-05,0.3641,22.34,0.0009709
2023-02-25 16:00:00,22983.05,0.004006,300.5,0.013068,92.07,1.559e-05,0.3583,21.92,0.0009539
2023-02-25 20:00:00,23157.07,0.004023,302.4,0.013056,93.15,1.563e-05,0.362,22.37,0.0009661
2023-02-26 00:00:00,23214.53,0.004031,303.3,0.013064,93.6,1.556e-05,0.3613,22.65,0.0009758
2023-02-26 04:00:00,23154.57,0.004061,303.0,0.013092,94.01,1.562e-05,0.3617,22.79,0.0009846
2023-02-26 08:00:00,23253.44,0.004038,303.4,0.013048,93.87,1.566e-05,0.3641,22.85,0.0009826
2023-02-26 12:00:00,23247.23,0.004044,304.4,0.013094,94.01,1.558e-05,0.3625,22.93,0.0009866
2023-02-26 16:00:00,23499.33,0.004047,308.6,0.013128,95.12,1.563e-05,0.3673,23.37,0.0009939
2023-02-26 20:00:00,23554.85,0.004044,308.7,0.013102,95.27,1.566e-05,0.3691,23.25,0.0009877
2023-02-27 00:00:00,23551.62,0.004028,308.1,0.013079,94.87,1.555e-05,0.3665,23.03,0.0009776
2023-02-27 04:00:00,23423.31,0.004027,305.2,0.013037,94.3,1.549e-05,0.3628,22.89,0.000977
2023-02-27 08:00:00,23428.87,0.004034,305.1,0.01302,94.52,1.552e-05,0.3635,22.77,0.0009719
2023-02-27 12:00:00,23559.4,0.004017,304.9,0.01295,94.63,1.554e-05,0.3662,23.06,0.0009792
2023-02-27 16:00:00,23276.35,0.004003,303.1,0.013017,93.17,1.546e-05,0.3601,22.54,0.0009684
2023-02-27 20:00:00,23492.09,0.004005,304.6,0.012972,94.07,1.551e-05,0.3647,22.68,0.0009652
2023-02-28 00:00:00,23467.52,0.004019,305.1,0.013003,94.3,1.562e-05,0.3667,22.61,0.0009638
2023-02-28 04:00:00,23236.68,0.004019,301.7,0.012988,93.37,1.55e-05,0.3601,22.08,0.0009502
2023-02-28 08:00:00,23392.69,0.004062,302.3,0.012921,95.02,1.55e-05,0.3625,22.2,0.0009487
2023-02-28 12:00:00,23518.3,0.004068,304.5,0.012943,95.68,1.543e-05,0.363,22.54,0.0009584
2023-02-28 16:00:00,23264.36,0.004064,302.0,0.012988,94.57,1.525e-05,0.3546,22.2,0.0009538
2023-02-28 20:00:00,23141.57,0.004054,301.4,0.013026,93.8,1.521e-05,0.3517,21.89,0.0009459
2023-03-01 00:00:00,23441.14,0.004099,304.2,0.012976,96.08,1.526e-05,0.3578,22.32,0.0009526
2023-03-01 04:00:00,23716.06,0.004107,303.5,0.012802,97.4,1.519e-05,0.3603,22.58,0.0009525
2023-03-01 08:00:00,23739.17,0.004116,303.4,0.01278,97.72,1.53e-05,0.3631,22.68,0.0009558
2023-03-01 12:00:00,23711.09,0.004114,303.4,0.012792,97.56,1.524e-05,0.3614,22.66,0.0009554
2023-03-01 16:00:00,23355.14,0.004138,300.9,0.012883,96.65,1.527e-05,0.3566,22.15,0.0009481
2023-03-01 20:00:00,23628.97,0.004138,302.7,0.012804,97.78,1.524e-05,0.3601,22.51,0.0009528
2023-03-02 00:00:00,23494.29,0.004127,299.9,0.012762,96.95,1.514e-05,0.3558,22.04,0.0009383
2023-03-02 04:00:00,23391.87,0.00416,299.1,0.012786,97.32,1.518e-05,0.3551,21.98,0.0009395
2023-03-02 08:00:00,23414.73,0.00411,299.0,0.012768,96.26,1.501e-05,0.3513,22.08,0.0009425
2023-03-02 12:00:00,23361.11,0.004049,297.8,0.012746,94.59,1.491e-05,0.3479,21.85,0.000935
2023-03-02 16:00:00,23463.99,0.004045,300.5,0.012807,94.93,1.491e-05,0.35,22.09,0.0009414
2023-03-02 20:00:00,23465.32,0.004065,299.8,0.012778,95.39,1.494e-05,0.3504,22.0,0.0009374
2023-03-03 00:00:00,22319.69,0.003979,290.2,0.012995,88.79,1.479e-05,0.3301,20.86,0.0009345
2023-03-03 04:00:00,22360.78,0.003979,291.0,0.013007,88.98,1.507e-05,0.3369,21.06,0.0009416
2023-03-03 08:00:00,22342.92,0.003981,289.7,0.012962,88.96,1.516e-05,0.3387,21.14,0.0009467
2023-03-03 12:00:00,22336.33,0.004004,289.0,0.012934,89.41,1.51e-05,0.3373,21.26,0.0009517
2023-03-03 16:00:00,22358.48,0.004031,289.6,0.012951,90.12,1.518e-05,0.3395,21.44,0.0009587
2023-03-03 20:00:00,22354.34,0.004051,290.4,0.01299,90.56,1.535e-05,0.3431,21.42,0.0009579
2023-03-04 00:00:00,22346.66,0.004039,290.1,0.012983,90.3,1.525e-05,0.3409,21.33,0.0009541
2023-03-04 04:00:00,22359.09,0.00402,290.2,0.012974,89.87,1.529e-05,0.3416,21.17,0.0009467
2023-03-04 08:00:00,22349.46,0.004024,291.2,0.013021,89.94,1.529e-05,0.3417,21.16,0.0009468
2023-03-04 12:00:00,22317.87,0.004014,290.1,0.013001,89.57,1.523e-05,0.3398,20.96,0.0009392
2023-03-04 16:00:00,22250.78,0.003993,288.6,0.012972,88.84,1.508e-05,0.3356,20.67,0.000929
2023-03-04 20:00:00,22346.57,0.003998,289.6,0.012957,89.34,1.506e-05,0.3366,20.98,0.000939
2023-03-05 00:00:00,22387.02,0.004047,290.5,0.012978,90.56,1.518e-05,0.3398,21.33,0.0009528
2023-03-05 04:00:00,22375.7,0.004056,290.5,0.012982,90.75,1.514e-05,0.3389,21.31,0.0009522
2023-03-05 08:00:00,22389.77,0.004058,291.2,0.012998,90.87,1.511e-05,0.3384,21.2,0.0009465
2023-03-05 12:00:00,22436.18,0.004033,291.0,0.012967,90.5,1.509e-05,0.3386,21.27,0.0009484
2023-03-05 16:00:00,22403.45,0.004021,289.5,0.012918,90.12,1.503e-05,0.3369,21.1,0.0009418
2023-03-05 20:00:00,22430.24,0.004009,288.7,0.012875,89.93,1.502e-05,0.337,20.97,0.0009353
2023-03-06 00:00:00,22387.19,0.003974,286.9,0.012816,88.97,1.497e-05,0.3353,20.92,0.0009346
2023-03-06 04:00:00,22392.74,0.003934,285.1,0.012737,88.02,1.488e-05,0.333,20.76,0.0009272
2023-03-06 08:00:00,22379.57,0.003911,284.2,0.012696,87.53,1.48e-05,0.3312,20.7,0.0009249
2023-03-06 12:00:00,22553.42,0.003934,287.9,0.012767,88.71,1.489e-05,0.3358,21.06,0.0009333
2023-03-06 16:00:00,22393.35,0.003927,287.5,0.012844,87.94,1.481e-05,0.3317,20.76,0.0009272
2023-03-06 20:00:00,22410.0,0.003898,287.8,0.012847,87.36,1.475e-05,0.3305,20.63,0.0009203
2023-03-07 00:00:00,22460.54,0.003906,288.4,0.01284,87.71,1.482e-05,0.333,20.79,0.0009259
2023-03-07 04:00:00,22419.71,0.003934,287.1,0.012806,88.19,1.476e-05,0.3309,20.71,0.0009237
2023-03-07 08:00:00,22351.02,0.003832,285.5,0.012777,85.64,1.46e-05,0.3262,20.31,0.0009086
2023-03-07 12:00:00,22320.9,0.003857,287.3,0.012874,86.08,1.467e-05,0.3276,20.42,0.000915
2023-03-07 16:00:00,22124.77,0.003887,287.3,0.012982,86.04,1.495e-05,0.3308,20.02,0.0009046
2023-03-07 20:00:00,22197.96,0.003888,289.3,0.013032,86.29,1.488e-05,0.3306,20.25,0.0009111
2023-03-08 00:00:00,22152.52,0.003868,289.6,0.01307,85.68,1.483e-05,0.3285,20.0,0.0009028
2023-03-08 04:00:00,21971.03,0.003855,285.8,0.013005,84.67,1.468e-05,0.3225,19.19,0.0008738
2023-03-08 08:00:00,22072.45,0.003865,287.9,0.013042,85.29,1.468e-05,0.3242,19.34,0.0008757
2023-03-08 12:00:00,22140.8,0.003822,292.7,0.013221,84.6,1.469e-05,0.3253,19.24,0.000869
2023-03-08 16:00:00,21997.25,0.00379,289.6,0.01317,83.4,1.462e-05,0.3218,18.68,0.0008491
2023-03-08 20:00:00,21705.44,0.003812,287.1,0.013227,82.76,1.464e-05,0.3175,18.41,0.000848
2023-03-09 00:00:00,21769.66,0.003828,289.6,0.013303,83.33,1.467e-05,0.3194,18.58,0.0008537
2023-03-09 04:00:00,21688.54,0.00382,289.1,0.013329,82.85,1.459e-05,0.3164,18.5,0.000853
2023-03-09 08:00:00,21669.38,0.003861,289.5,0.013353,83.66,1.465e-05,0.3176,18.54,0.0008555
2023-03-09 12:00:00,21648.57,0.003876,289.3,0.013364,83.92,1.471e-05,0.3185,18.35,0.0008481
2023-03-09 16:00:00,20854.93,0.003887,280.1,0.013429,81.08,1.484e-05,0.3096,17.74,0.0008504
2023-03-09 20:00:00,20362.22,0.003767,277.1,0.013607,76.68,1.522e-05,0.3101,17.33,0.0008512
2023-03-10 00:00:00,20052.07,0.003752,273.9,0.013654,75.23,1.538e-05,0.3086,17.16,0.0008554
2023-03-10 04:00:00,19953.58,0.003685,273.3,0.01369,73.53,1.536e-05,0.3066,16.98,0.0008513
2023-03-10 08:00:00,19760.78,0.00352,267.4,0.013533,69.52,1.538e-05,0.3039,16.71,0.0008452
2023-03-10 12:00:00,20004.96,0.003539,274.5,0.013722,70.79,1.566e-05,0.3133,17.67,0.0008834
2023-03-10 16:00:00,20024.32,0.003578,277.0,0.013829,71.66,1.553e-05,0.3108,17.78,0.0008877
2023-03-10 20:00:00,20150.69,0.003544,277.4,0.013766,71.37,1.563e-05,0.3149,18.17,0.0009018
2023-03-11 00:00:00,20393.88,0.003544,278.9,0.013677,72.26,1.551e-05,0.3163,18.18,0.0008915
2023-03-11 04:00:00,19850.81,0.003309,272.1,0.013709,65.69,1.553e-05,0.3082,17.07,0.0008597
2023-03-11 08:00:00,20086.07,0.003357,274.9,0.013686,67.41,1.532e-05,0.3079,17.4,0.0008665
2023-03-11 12:00:00,20061.98,0.00333,272.2,0.01357,66.8,1.51e-05,0.3029,17.14,0.0008546
2023-03-11 16:00:00,20220.96,0.003385,272.5,0.013475,68.47,1.502e-05,0.3038,17.95,0.0008872
2023-03-11 20:00:00,20455.73,0.003382,276.0,0.013485,69.21,1.49e-05,0.3051,18.07,0.0008832
2023-03-12 00:00:00,20376.46,0.003381,276.6,0.013573,68.89,1.498e-05,0.3054,17.92,0.0008798
2023-03-12 04:00:00,20346.71,0.003367,275.8,0.01355,68.51,1.488e-05,0.3026,17.83,0.0008765
2023-03-12 08:00:00,20445.43,0.00335,276.3,0.013507,68.49,1.499e-05,0.3066,18.13,0.0008864
2023-03-12 12:00:00,20358.96,0.003334,273.8,0.013443,67.88,1.487e-05,0.3026,17.84,0.0008766
2023-03-12 16:00:00,20779.54,0.003415,277.8,0.013369,70.98,1.503e-05,0.3123,18.38,0.0008847
2023-03-12 20:00:00,21997.11,0.003466,288.1,0.013099,76.26,1.5e-05,0.3298,20.2,0.0009182
2023-03-13 00:00:00,22231.62,0.003485,286.7,0.012894,77.5,1.516e-05,0.3371,19.54,0.0008787
2023-03-13 04:00:00,22458.72,0.003469,304.8,0.013573,77.94,1.512e-05,0.3395,19.75,0.0008793
2023-03-13 08:00:00,22106.64,0.003416,296.9,0.013428,75.5,1.498e-05,0.3313,19.21,0.0008693
2023-03-13 12:00:00,23981.72,0.003379,308.8,0.01288,81.03,1.443e-05,0.346,20.71,0.0008637
2023-03-13 16:00:00,24279.91,0.003348,306.8,0.012644,81.25,1.411e-05,0.3425,20.52,0.0008454
2023-03-13 20:00:00,24113.48,0.003378,307.9,0.012771,81.46,1.425e-05,0.3433,20.4,0.0008464
2023-03-14 00:00:00,24374.2,0.003336,306.2,0.012559,81.3,1.413e-05,0.3445,20.42,0.0008378
2023-03-14 04:00:00,24247.64,0.003307,304.1,0.012544,80.18,1.403e-05,0.3403,20.0,0.0008251
2023-03-14 08:00:00,24743.04,0.003267,306.1,0.012372,80.84,1.381e-05,0.3416,20.12,0.0008134
2023-03-14 12:00:00,25894.67,0.003385,317.5,0.012261,87.68,1.408e-05,0.3646,21.91,0.0008462
2023-03-14 16:00:00,25054.15,0.003361,311.0,0.012415,84.19,1.398e-05,0.3504,20.91,0.0008347
2023-03-14 20:00:00,24670.41,0.003403,308.4,0.012499,83.94,1.391e-05,0.3429,20.86,0.0008455
2023-03-15 00:00:00,24717.65,0.003414,309.8,0.012533,84.43,1.388e-05,0.3431,21.04,0.0008516
2023-03-15 04:00:00,24871.28,0.003381,312.5,0.012559,84.1,1.382e-05,0.3437,21.24,0.0008538
2023-03-15 08:00:00,24754.5,0.003308,308.0,0.012443,81.89,1.361e-05,0.337,20.58,0.0008317
2023-03-15 12:00:00,24471.01,0.00319,305.1,0.01247,78.1,1.336e-05,0.327,19.24,0.0007867
2023-03-15 16:00:00,24366.71,0.003127,305.6,0.012549,76.2,1.342e-05,0.327,19.09,0.0007838
2023-03-15 20:00:00,24285.66,0.003147,306.3,0.012615,76.43,1.334e-05,0.3241,19.24,0.0007925
2023-03-16 00:00:00,24265.43,0.003201,309.8,0.012767,77.69,1.334e-05,0.3238,19.32,0.0007961
2023-03-16 04:00:00,24614.27,0.003202,321.3,0.013048,78.83,1.33e-05,0.3274,19.51,0.0007927
2023-03-16 08:00:00,24824.62,0.003199,315.7,0.012716,79.4,1.319e-05,0.3273,19.67,0.0007921
2023-03-16 12:00:00,24888.44,0.003176,326.8,0.013128,79.03,1.313e-05,0.3268,19.58,0.0007871
2023-03-16 16:00:00,24953.21,0.003168,329.6,0.013211,79.05,1.306e-05,0.3258,19.75,0.0007916
2023-03-16 20:00:00,24998.78,0.003155,329.4,0.013175,78.86,1.3e-05,0.3249,19.67,0.0007871
2023-03-17 00:00:00,25781.66,0.003144,331.4,0.012858,81.04,1.284e-05,0.3308,19.99,0.0007757
2023-03-17 04:00:00,26058.45,0.003139,329.7,0.012656,81.79,1.277e-05,0.3329,20.01,0.0007679
2023-03-17 08:00:00,26918.73,0.003144,334.6,0.012428,84.62,1.286e-05,0.3462,20.68,0.0007684
2023-03-17 12:00:00,26421.34,0.003091,331.2,0.012531,81.66,1.267e-05,0.3346,20.04,0.0007583
2023-03-17 16:00:00,26834.87,0.003088,335.3,0.012496,82.83,1.267e-05,0.3403,20.54,0.0007657
2023-03-17 20:00:00,27395.13,0.003122,338.9,0.012375,85.51,1.275e-05,0.3494,21.6,0.0007884
2023-03-18 00:00:00,27307.54,0.003168,343.6,0.01258,86.52,1.291e-05,0.3523,22.64,0.0008291
2023-03-18 04:00:00,27359.89,0.003159,344.3,0.012585,86.44,1.286e-05,0.3516,22.18,0.0008104
2023-03-18 08:00:00,27443.09,0.003167,343.4,0.012511,86.93,1.293e-05,0.3551,22.49,0.0008196
2023-03-18 12:00:00,27226.23,0.003085,332.5,0.012218,83.99,1.267e-05,0.3448,21.84,0.0008021
2023-03-18 16:00:00,27329.83,0.003086,336.2,0.0123,84.28,1.259e-05,0.3439,21.93,0.0008027
2023-03-18 20:00:00,26907.49,0.003085,331.0,0.012303,83.02,1.253e-05,0.3371,21.2,0.0007879
2023-03-19 00:00:00,27198.71,0.003078,333.7,0.012271,83.73,1.263e-05,0.3434,21.82,0.0008019
2023-03-19 04:00:00,26974.81,0.003078,335.8,0.012449,83.0,1.259e-05,0.3393,21.56,0.000799
2023-03-19 08:00:00,27160.98,0.003075,337.1,0.012414,83.48,1.264e-05,0.3434,21.7,0.0007991
2023-03-19 12:00:00,27546.62,0.003081,339.4,0.01232,84.9,1.255e-05,0.3458,22.01,0.0007987
2023-03-19 16:00:00,28255.87,0.003021,339.7,0.012026,85.35,1.235e-05,0.3491,22.19,0.0007853
2023-03-19 20:00:00,27972.87,0.003002,336.7,0.012033,83.98,1.233e-05,0.3448,21.86,0.0007817
2023-03-20 00:00:00,27269.17,0.002982,333.3,0.012222,81.34,1.238e-05,0.3376,21.69,0.0007958
2023-03-20 04:00:00,28183.13,0.002955,334.7,0.011873,83.28,1.218e-05,0.3433,23.09,0.0008196
2023-03-20 08:00:00,28188.93,0.002895,337.2,0.011962,81.66,1.217e-05,0.3432,23.32,0.0008273
2023-03-20 12:00:00,27694.46,0.002946,337.5,0.012181,81.59,1.224e-05,0.3391,23.17,0.0008361
2023-03-20 16:00:00,27785.1,0.002868,336.0,0.012097,79.69,1.2e-05,0.3333,22.13,0.0007967
2023-03-20 20:00:00,27717.01,0.002816,332.5,0.011993,78.05,1.198e-05,0.3321,22.13,0.0007981
2023-03-21 00:00:00,27787.29,0.002832,334.9,0.012052,78.7,1.221e-05,0.3393,22.45,0.0008077
2023-03-21 04:00:00,27505.25,0.002816,328.7,0.011951,77.43,1.207e-05,0.332,21.93,0.0007972
2023-03-21 08:00:00,28040.13,0.002859,334.9,0.011937,80.15,1.21e-05,0.3389,22.44,0.0008003
2023-03-21 12:00:00,28041.06,0.002911,337.7,0.012042,81.65,1.25e-05,0.3505,22.92,0.0008175
2023-03-21 16:00:00,28126.84,0.002895,337.9,0.012012,81.44,1.289e-05,0.3626,22.52,0.0008005
2023-03-21 20:00:00,28105.47,0.002934,334.4,0.011897,82.48,1.314e-05,0.3696,22.53,0.0008014
2023-03-22 00:00:00,28154.14,0.002897,335.2,0.011904,81.58,1.322e-05,0.3725,22.3,0.0007926
2023-03-22 04:00:00,28103.69,0.002879,336.8,0.01198,80.92,1.331e-05,0.374,22.31,0.0007939
2023-03-22 08:00:00,28122.74,0.00286,324.1,0.011525,80.42,1.315e-05,0.3698,22.48,0.0007993
2023-03-22 12:00:00,28595.07,0.002831,327.8,0.011466,80.94,1.321e-05,0.3776,22.63,0.0007913
2023-03-22 16:00:00,26667.33,0.003096,316.9,0.01188,82.6,1.313e-05,0.3504,21.1,0.000791
2023-03-22 20:00:00,27250.97,0.003202,321.1,0.011779,87.27,1.32e-05,0.3596,21.42,0.0007858
2023-03-23 00:00:00,27356.78,0.00319,320.5,0.011715,87.28,1.299e-05,0.3554,21.26,0.0007771
2023-03-23 04:00:00,27631.93,0.003182,324.0,0.011724,87.91,1.339e-05,0.3702,21.7,0.0007853
2023-03-23 08:00:00,27584.53,0.003291,325.3,0.011793,90.76,1.351e-05,0.3724,21.76,0.0007888
2023-03-23 12:00:00,28580.87,0.00324,330.6,0.011566,92.62,1.327e-05,0.3793,22.4,0.0007835
2023-03-23 16:00:00,28369.99,0.003306,329.9,0.011625,93.81,1.32e-05,0.3747,22.09,0.0007787
2023-03-23 20:00:00,28295.41,0.003309,329.4,0.011641,93.61,1.313e-05,0.3715,22.16,0.0007834
2023-03-24 00:00:00,28219.98,0.003309,327.2,0.011601,93.37,1.297e-05,0.3659,22.09,0.0007828
2023-03-24 04:00:00,28274.59,0.003366,324.9,0.011489,95.17,1.3e-05,0.3674,21.99,0.0007776
2023-03-24 08:00:00,28080.0,0.00327,323.8,0.01153,91.79,1.293e-05,0.3629,21.73,0.0007739
2023-03-24 12:00:00,28018.04,0.00326,321.0,0.01145,91.33,1.294e-05,0.3623,21.2,0.0007568
2023-03-24 16:00:00,27821.6,0.003285,322.1,0.011578,91.43,1.305e-05,0.3633,20.75,0.000746
2023-03-24 20:00:00,27454.47,0.003409,322.1,0.011726,93.58,1.309e-05,0.3596,20.66,0.0007524
2023-03-25 00:00:00,27581.65,0.003339,323.8,0.011744,92.11,1.303e-05,0.3597,20.72,0.0007512
2023-03-25 04:00:00,27485.36,0.003373,323.6,0.011769,92.72,1.314e-05,0.3613,20.62,0.0007499
2023-03-25 08:00:00,27457.2,0.003405,323.9,0.011797,93.49,1.308e-05,0.3591,20.66,0.0007526
2023-03-25 12:00:00,27647.43,0.003345,324.1,0.01172,92.47,1.301e-05,0.3596,20.87,0.0007553
2023-03-25 16:00:00,27189.68,0.003318,319.7,0.011757,90.22,1.285e-05,0.3495,20.14,0.0007407
2023-03-25 20:00:00,27462.95,0.003332,322.4,0.011736,91.5,1.28e-05,0.3514,20.41,0.0007431
2023-03-26 00:00:00,27529.26,0.003391,323.4,0.011748,93.34,1.287e-05,0.3545,20.67,0.0007509
2023-03-26 04:00:00,27504.94,0.003399,324.0,0.011779,93.48,1.291e-05,0.3553,20.76,0.000755
2023-03-26 08:00:00,27865.95,0.00337,327.2,0.011745,93.93,1.285e-05,0.3581,20.83,0.0007477
2023-03-26 12:00:00,27803.89,0.003331,326.7,0.011751,92.64,1.279e-05,0.3558,20.82,0.0007487
2023-03-26 16:00:00,27827.95,0.003342,328.1,0.011789,93.02,1.275e-05,0.3549,20.92,0.0007518
2023-03-26 20:00:00,27968.05,0.003338,328.6,0.011746,93.32,1.272e-05,0.3557,20.94,0.0007487
2023-03-27 00:00:00,27888.68,0.003316,327.9,0.011761,92.49,1.262e-05,0.3522,20.72,0.0007428
2023-03-27 04:00:00,27808.81,0.003302,326.1,0.011727,91.84,1.254e-05,0.3488,20.45,0.0007351
2023-03-27 08:00:00,27892.69,0.003308,328.6,0.011774,92.25,1.265e-05,0.3527,20.61,0.0007391
2023-03-27 12:00:00,26903.62,0.00331,314.2,0.011677,89.03,1.276e-05,0.3433,19.78,0.0007351
2023-03-27 16:00:00,26968.94,0.003286,306.3,0.011361,88.56,1.262e-05,0.3402,19.68,0.0007301
2023-03-27 20:00:00,27124.91,0.003289,310.6,0.011447,89.23,1.273e-05,0.3455,19.91,0.0007337
2023-03-28 00:00:00,26971.71,0.003209,307.6,0.011405,86.55,1.283e-05,0.3459,19.71,0.0007311
2023-03-28 04:00:00,26962.88,0.00322,309.0,0.011462,86.84,1.294e-05,0.3487,19.88,0.0007371
2023-03-28 08:00:00,27057.36,0.003234,311.4,0.011503,87.51,1.3e-05,0.3518,20.09,0.0007426
2023-03-28 12:00:00,26998.63,0.003236,311.5,0.011533,87.37,1.328e-05,0.3584,20.24,0.0007497
2023-03-28 16:00:00,27425.99,0.003242,314.6,0.01147,88.92,1.323e-05,0.3628,20.7,0.0007548
2023-03-28 20:00:00,27261.07,0.003269,313.2,0.011492,89.13,1.35e-05,0.3681,20.45,0.0007501
2023-03-29 00:00:00,27367.45,0.003271,313.5,0.011452,89.51,1.379e-05,0.3772,20.66,0.0007546
2023-03-29 04:00:00,28086.82,0.003277,316.5,0.011268,92.04,1.356e-05,0.3812,21.2,0.0007551
2023-03-29 08:00:00,28353.99,0.003245,317.7,0.011205,92.02,1.371e-05,0.3888,21.2,0.0007479
2023-03-29 12:00:00,28442.79,0.003217,316.5,0.011127,91.51,1.351e-05,0.3844,21.24,0.0007469
2023-03-29 16:00:00,28419.49,0.003252,316.2,0.011129,92.4,1.359e-05,0.3862,21.17,0.0007454
2023-03-29 20:00:00,28348.6,0.00322,313.7,0.011066,91.31,1.344e-05,0.3811,21.1,0.0007444
2023-03-30 00:00:00,28489.18,0.003161,313.1,0.010991,90.03,1.336e-05,0.3807,21.06,0.0007391
2023-03-30 04:00:00,28725.01,0.003155,315.5,0.010979,90.64,1.322e-05,0.3799,21.03,0.0007319
2023-03-30 08:00:00,28644.79,0.003144,317.3,0.011073,90.04,1.333e-05,0.382,20.68,0.0007218
2023-03-30 12:00:00,28300.33,0.003151,315.8,0.01116,89.15,1.329e-05,0.3759,20.53,0.0007256
2023-03-30 16:00:00,27986.09,0.003158,316.1,0.011296,88.33,1.347e-05,0.3771,20.49,0.0007325
2023-03-30 20:00:00,28028.53,0.003178,316.4,0.011289,89.06,1.341e-05,0.3761,20.55,0.0007332
2023-03-31 00:00:00,28168.41,0.003187,316.6,0.011235,89.76,1.343e-05,0.3781,20.53,0.0007289
2023-03-31 04:00:00,27738.48,0.00318,313.9,0.011315,88.17,1.386e-05,0.3844,20.29,0.0007318
2023-03-31 08:00:00,27927.97,0.003163,316.0,0.011315,88.33,1.409e-05,0.3934,20.32,0.0007274
2023-03-31 12:00:00,28494.99,0.003143,316.5,0.011112,89.56,1.426e-05,0.4065,20.87,0.0007322
2023-03-31 16:00:00,28469.31,0.003154,316.6,0.011125,89.75,1.412e-05,0.402,20.97,0.000737
2023-03-31 20:00:00,28465.36,0.003147,316.9,0.01113,89.57,1.401e-05,0.3989,21.16,0.0007434
2023-04-01 00:00:00,28541.1,0.003268,315.1,0.011034,93.31,1.395e-05,0.3982,21.03,0.0007369
2023-04-01 04:00:00,28424.99,0.003287,314.2,0.011055,93.47,1.375e-05,0.3911,21.02,0.0007393
2023-04-01 08:00:00,28372.85,0.003288,314.4,0.011078,93.3,1.375e-05,0.39,21.03,0.0007409
2023-04-01 12:00:00,28400.07,0.003271,313.7,0.011047,92.92,1.384e-05,0.393,20.96,0.0007379
2023-04-01 16:00:00,28381.98,0.003257,314.4,0.011077,92.44,1.39e-05,0.3944,20.94,0.0007377
2023-04-01 20:00:00,28452.73,0.003253,314.9,0.011064,92.57,1.377e-05,0.3919,21.08,0.0007406
2023-04-02 00:00:00,28476.59,0.00325,315.7,0.011084,92.56,1.36e-05,0.387,21.02,0.0007382
2023-04-02 04:00:00,28416.38,0.003315,315.3,0.011094,94.2,1.363e-05,0.3872,21.18,0.000745
2023-04-02 08:00:00,28357.93,0.003301,314.8,0.0111,93.59,1.352e-05,0.3834,20.99,0.0007402
2023-04-02 12:00:00,28124.81,0.00329,313.2,0.01114,92.53,1.35e-05,0.3799,20.58,0.0007321
2023-04-02 16:00:00,27943.85,0.003254,311.7,0.011154,90.89,1.35e-05,0.3772,20.34,0.000728
2023-04-02 20:00:00,28171.87,0.003294,313.7,0.011137,92.77,1.355e-05,0.3815,20.52,0.0007282
2023-04-03 00:00:00,27753.85,0.003277,309.7,0.011157,90.95,1.362e-05,0.378,20.04,0.000722
2023-04-03 04:00:00,27958.74,0.003283,310.9,0.01112,91.76,1.411e-05,0.3947,20.26,0.0007247
2023-04-03 08:00:00,28253.73,0.003277,312.0,0.011046,92.61,1.403e-05,0.3964,20.41,0.0007222
2023-04-03 12:00:00,28051.48,0.003277,310.5,0.011069,91.92,1.372e-05,0.3848,20.32,0.0007245
2023-04-03 16:00:00,28081.08,0.003328,311.8,0.011101,93.43,1.388e-05,0.39,20.9,0.0007444
2023-04-03 20:00:00,27800.0,0.003343,308.8,0.011103,92.97,1.393e-05,0.3872,20.45,0.0007356
2023-04-04 00:00:00,27855.06,0.003312,309.7,0.011115,92.25,1.401e-05,0.3905,20.42,0.0007329
2023-04-04 04:00:00,28021.3,0.003287,309.8,0.011058,92.1,1.392e-05,0.3899,20.52,0.0007324
2023-04-04 08:00:00,28289.52,0.003311,311.1,0.010996,93.65,1.407e-05,0.398,20.97,0.0007414
2023-04-04 12:00:00,28030.04,0.003308,311.2,0.011102,92.67,1.392e-05,0.3899,20.86,0.0007443
2023-04-04 16:00:00,28189.25,0.003292,311.4,0.011044,92.83,1.392e-05,0.3924,20.94,0.0007431
2023-04-04 20:00:00,28165.47,0.003286,310.8,0.011031,92.58,1.382e-05,0.3894,20.92,0.0007426
2023-04-05 00:00:00,28544.72,0.003288,314.6,0.011018,93.85,1.385e-05,0.3953,21.14,0.0007403
2023-04-05 04:00:00,28525.21,0.003326,314.7,0.011029,94.89,1.388e-05,0.396,21.19,0.0007429
2023-04-05 08:00:00,28554.38,0.003316,315.7,0.011052,94.67,1.395e-05,0.3984,21.18,0.0007419
2023-04-05 12:00:00,28031.09,0.003287,312.2,0.011134,92.14,1.4e-05,0.3925,20.8,0.0007422
2023-04-05 16:00:00,28240.64,0.003282,313.8,0.011105,92.69,1.393e-05,0.3933,20.92,0.0007403
2023-04-05 20:00:00,28170.01,0.003289,313.9,0.011143,92.64,1.392e-05,0.3923,20.97,0.0007443
2023-04-06 00:00:00,28128.42,0.003287,314.0,0.011162,92.48,1.387e-05,0.3901,20.83,0.0007402
2023-04-06 04:00:00,27910.97,0.003259,312.1,0.01118,90.97,1.374e-05,0.3836,20.64,0.0007391
2023-04-06 08:00:00,27945.52,0.003251,312.1,0.011167,90.87,1.365e-05,0.3814,20.69,0.0007402
2023-04-06 12:00:00,28090.39,0.003246,313.0,0.011137,91.19,1.37e-05,0.3845,20.74,0.0007385
2023-04-06 16:00:00,28017.77,0.003245,312.7,0.011157,90.92,1.369e-05,0.3837,20.72,0.0007393
2023-04-06 20:00:00,28033.82,0.003244,312.3,0.011137,90.97,1.367e-05,0.3829,20.62,0.0007356
2023-04-07 00:00:00,28038.66,0.003238,311.8,0.011122,90.78,1.359e-05,0.3812,20.55,0.0007332
2023-04-07 04:00:00,27839.78,0.003219,310.3,0.011147,89.63,1.354e-05,0.3771,20.28,0.0007288
2023-04-07 08:00:00,27840.9,0.003229,310.5,0.01115,89.92,1.361e-05,0.3789,20.31,0.0007298
2023-04-07 12:00:00,27944.1,0.00324,311.0,0.01113,90.56,1.374e-05,0.384,20.54,0.0007348
2023-04-07 16:00:00,27897.52,0.003237,310.7,0.011138,90.3,1.37e-05,0.3823,20.49,0.000734
2023-04-07 20:00:00,27906.33,0.003246,310.3,0.011122,90.6,1.374e-05,0.3835,20.44,0.0007324
2023-04-08 00:00:00,28023.39,0.003239,311.7,0.011122,90.76,1.377e-05,0.3858,20.48,0.0007308
2023-04-08 04:00:00,28086.22,0.00324,312.0,0.011109,91.0,1.384e-05,0.3886,20.6,0.0007336
2023-04-08 08:00:00,28016.09,0.003233,311.7,0.011129,90.57,1.388e-05,0.3887,20.57,0.0007344
2023-04-08 12:00:00,28014.7,0.003227,312.2,0.011146,90.46,1.383e-05,0.3874,20.45,0.00073
2023-04-08 16:00:00,27924.13,0.003215,310.7,0.011128,89.79,1.377e-05,0.3844,20.2,0.0007231
2023-04-08 20:00:00,27938.38,0.003217,310.5,0.011114,89.91,1.379e-05,0.3853,20.04,0.0007171
2023-04-09 00:00:00,28027.71,0.003235,311.2,0.0111,90.67,1.383e-05,0.3879,20.11,0.0007172
2023-04-09 04:00:00,27903.02,0.003233,309.9,0.011107,90.19,1.384e-05,0.386,20.01,0.0007173
2023-04-09 08:00:00,27930.2,0.003229,310.4,0.011113,90.23,1.388e-05,0.3877,20.19,0.0007227
2023-04-09 12:00:00,27891.91,0.003205,310.4,0.011131,89.39,1.392e-05,0.3881,20.13,0.0007214
2023-04-09 16:00:00,28140.4,0.003209,311.9,0.011086,90.31,1.388e-05,0.3907,20.27,0.0007204
2023-04-09 20:00:00,28323.76,0.003199,312.8,0.011042,90.58,1.374e-05,0.3894,20.28,0.0007164
2023-04-10 00:00:00,28278.45,0.003196,312.9,0.011062,90.38,1.367e-05,0.3868,20.26,0.0007165
2023-04-10 04:00:00,28284.57,0.0032,312.9,0.011059,90.48,1.367e-05,0.3867,20.23,0.0007152
2023-04-10 08:00:00,28305.6,0.003196,312.7,0.011044,90.47,1.366e-05,0.3869,20.29,0.0007166
2023-04-10 12:00:00,28439.38,0.003244,312.2,0.010973,92.23,1.366e-05,0.3888,20.22,0.0007109
2023-04-10 16:00:00,29173.06,0.003177,313.9,0.010761,92.69,1.34e-05,0.3909,20.69,0.0007093
2023-04-10 20:00:00,29637.34,0.003164,318.5,0.010745,93.78,1.339e-05,0.3971,20.89,0.0007049
2023-04-11 00:00:00,30115.95,0.00313,327.4,0.010866,94.3,1.33e-05,0.4003,21.27,0.0007063
2023-04-11 04:00:00,30106.89,0.003201,331.5,0.011006,96.39,1.366e-05,0.4116,22.47,0.000746
2023-04-11 08:00:00,30055.15,0.00317,329.4,0.010959,95.27,1.356e-05,0.4076,22.21,0.000739
2023-04-11 12:00:00,30194.22,0.003147,329.0,0.0109,94.99,1.342e-05,0.4053,23.32,0.0007721
2023-04-11 16:00:00,30130.02,0.003139,325.0,0.010781,94.61,1.33e-05,0.4007,23.42,0.0007773
2023-04-11 20:00:00,30200.42,0.00312,322.3,0.010672,94.22,1.329e-05,0.4014,22.98,0.0007611
2023-04-12 00:00:00,29922.04,0.003061,317.3,0.010602,91.57,1.305e-05,0.3907,22.56,0.0007538
2023-04-12 04:00:00,29987.0,0.00307,319.1,0.010642,92.07,1.315e-05,0.3944,23.69,0.00079
2023-04-12 08:00:00,30016.3,0.003046,318.1,0.010601,91.42,1.314e-05,0.3945,23.5,0.0007828
2023-04-12 12:00:00,29964.02,0.00307,319.4,0.010657,91.99,1.339e-05,0.4013,23.61,0.0007878
2023-04-12 16:00:00,29798.59,0.003077,318.8,0.0107,91.66,1.353e-05,0.403,23.89,0.0008016
2023-04-12 20:00:00,29888.07,0.00308,319.9,0.010704,92.06,1.354e-05,0.4047,23.8,0.0007963
2023-04-13 00:00:00,30072.17,0.003075,319.7,0.010634,92.46,1.352e-05,0.4065,24.0,0.0007979
2023-04-13 04:00:00,30068.6,0.003082,319.3,0.010617,92.66,1.338e-05,0.4023,24.13,0.0008024
2023-04-13 08:00:00,30159.82,0.003104,323.7,0.010734,93.6,1.364e-05,0.4113,24.31,0.0008061
2023-04-13 12:00:00,30441.43,0.003097,323.5,0.010631,94.28,1.358e-05,0.4134,24.63,0.000809
2023-04-13 16:00:00,30335.13,0.003113,324.5,0.010698,94.4,1.388e-05,0.4211,24.73,0.0008156
2023-04-13 20:00:00,30373.84,0.0031,324.7,0.010686,94.17,1.4e-05,0.4251,24.43,0.0008041
2023-04-14 00:00:00,30690.88,0.003181,331.4,0.010791,97.66,1.425e-05,0.4374,25.08,0.0008174
2023-04-14 04:00:00,30733.72,0.003153,333.9,0.010861,96.89,1.413e-05,0.4344,24.9,0.0008097
2023-04-14 08:00:00,30801.89,0.003147,333.3,0.01082,96.93,1.439e-05,0.4434,25.02,0.0008123
2023-04-14 12:00:00,30237.89,0.003108,325.8,0.010775,93.97,1.412e-05,0.427,23.83,0.0007881
2023-04-14 16:00:00,30324.09,0.003165,329.0,0.010851,95.98,1.429e-05,0.4336,24.52,0.000809
2023-04-14 20:00:00,30466.93,0.003161,328.9,0.010795,96.33,1.439e-05,0.4381,24.71,0.0008115
2023-04-15 00:00:00,30376.14,0.003147,328.8,0.010824,95.6,1.437e-05,0.4365,24.26,0.0007986
2023-04-15 04:00:00,30433.3,0.003164,330.6,0.010864,96.27,1.467e-05,0.4464,24.41,0.0008022
2023-04-15 08:00:00,30385.3,0.003166,333.5,0.01097,96.23,1.5e-05,0.4557,24.35,0.0008011
2023-04-15 12:00:00,30325.27,0.003169,334.2,0.011014,96.06,1.502e-05,0.4557,24.34,0.0008023
2023-04-15 16:00:00,30331.74,0.003174,332.5,0.010959,96.26,1.483e-05,0.45,24.04,0.0007926
2023-04-15 20:00:00,30295.09,0.003192,333.0,0.010993,96.68,1.492e-05,0.4522,24.05,0.0007939
2023-04-16 00:00:00,30249.37,0.003169,332.1,0.01098,95.88,1.484e-05,0.4489,24.32,0.000804
2023-04-16 04:00:00,30344.97,0.003167,333.7,0.010998,96.1,1.486e-05,0.451,24.25,0.000799
2023-04-16 08:00:00,30226.45,0.003195,334.5,0.011061,96.54,1.47e-05,0.4442,24.05,0.0007958
2023-04-16 12:00:00,30332.98,0.003341,345.8,0.011404,101.35,1.475e-05,0.4474,24.32,0.0008012
2023-04-16 16:00:00,30309.06,0.003332,347.6,0.011468,101.0,1.486e-05,0.4503,24.53,0.0008099
2023-04-16 20:00:00,30304.65,0.0033,347.7,0.011472,100.01,1.489e-05,0.4513,25.34,0.0008364
2023-04-17 00:00:00,29982.8,0.003293,348.7,0.011631,98.76,1.482e-05,0.4444,25.81,0.0008606
2023-04-17 04:00:00,29838.3,0.003322,344.7,0.011548,99.14,1.469e-05,0.4382,25.12,0.0008419
2023-04-17 08:00:00,29570.81,0.003326,342.0,0.011559,98.37,1.496e-05,0.4427,24.92,0.0008427
2023-04-17 12:00:00,29358.31,0.003378,338.9,0.011545,99.21,1.479e-05,0.4341,24.53,0.000836
2023-04-17 16:00:00,29467.24,0.003355,341.8,0.0116,98.87,1.485e-05,0.4375,24.73,0.0008392
2023-04-17 20:00:00,29430.27,0.003359,340.0,0.011547,98.84,1.476e-05,0.4341,24.58,0.0008347
2023-04-18 00:00:00,29446.99,0.003459,339.9,0.011545,101.86,1.476e-05,0.4346,24.42,0.0008295
2023-04-18 04:00:00,29775.62,0.003415,344.4,0.01157,101.71,1.484e-05,0.442,25.1,0.0008425
2023-04-18 08:00:00,30380.59,0.003392,346.0,0.011394,103.05,1.473e-05,0.4474,25.34,0.0008343
2023-04-18 12:00:00,30184.86,0.003351,342.6,0.011348,101.16,1.462e-05,0.4415,24.92,0.0008257
2023-04-18 16:00:00,30221.52,0.003333,341.4,0.011294,100.73,1.454e-05,0.4397,24.68,0.0008169
2023-04-18 20:00:00,30380.01,0.003355,343.1,0.011292,101.95,1.459e-05,0.4435,24.82,0.0008172
2023-04-19 00:00:00,30211.23,0.003335,341.4,0.011303,100.78,1.447e-05,0.4371,24.61,0.0008147
2023-04-19 04:00:00,30077.76,0.003322,336.8,0.0112,99.93,1.443e-05,0.4343,24.36,0.0008101
2023-04-19 08:00:00,29310.65,0.003257,326.9,0.011153,95.46,1.431e-05,0.4196,23.21,0.0007918
2023-04-19 12:00:00,29260.44,0.003219,326.7,0.011164,94.23,1.438e-05,0.4208,23.33,0.0007971
2023-04-19 16:00:00,29227.07,0.003192,325.2,0.011126,93.26,1.427e-05,0.4171,22.99,0.0007864
2023-04-19 20:00:00,28797.1,0.003142,322.4,0.011192,90.47,1.445e-05,0.4163,22.66,0.0007874
2023-04-20 00:00:00,28862.52,0.003139,324.1,0.01123,90.56,1.45e-05,0.4187,22.86,0.000792
2023-04-20 04:00:00,28869.66,0.003137,324.7,0.011248,90.56,1.444e-05,0.4167,22.61,0.0007831
2023-04-20 08:00:00,28607.13,0.003145,323.4,0.011304,89.95,1.439e-05,0.4117,22.33,0.0007803
2023-04-20 12:00:00,28506.69,0.003151,323.0,0.011328,89.81,1.427e-05,0.4066,22.13,0.0007763
2023-04-20 16:00:00,28104.38,0.003132,317.0,0.011278,88.01,1.416e-05,0.398,21.79,0.0007749
2023-04-20 20:00:00,28243.65,0.003193,318.1,0.01126,90.22,1.419e-05,0.4007,22.2,0.0007858
2023-04-21 00:00:00,28321.41,0.003186,319.6,0.011286,90.19,1.425e-05,0.4036,22.31,0.0007876
2023-04-21 04:00:00,28155.03,0.003205,329.7,0.01171,90.25,1.44e-05,0.4053,22.26,0.0007906
2023-04-21 08:00:00,28066.21,0.00318,326.8,0.011648,89.25,1.427e-05,0.4003,22.03,0.0007846
2023-04-21 12:00:00,28040.7,0.003173,327.6,0.01168,88.95,1.419e-05,0.3979,21.88,0.0007802
2023-04-21 16:00:00,27279.91,0.003135,318.1,0.011665,85.51,1.4e-05,0.3821,21.21,0.0007774
2023-04-21 20:00:00,27262.84,0.00313,321.2,0.011786,85.32,1.402e-05,0.3824,21.25,0.0007798
2023-04-22 00:00:00,27322.16,0.00313,322.7,0.011805,85.5,1.413e-05,0.3861,21.37,0.0007827
2023-04-22 04:00:00,27277.76,0.003135,322.3,0.011817,85.51,1.412e-05,0.3851,21.27,0.0007801
2023-04-22 08:00:00,27286.65,0.003148,325.9,0.011942,85.88,1.426e-05,0.3892,21.37,0.0007834
2023-04-22 12:00:00,27488.93,0.003158,327.9,0.011935,86.76,1.442e-05,0.3963,21.74,0.0007906
2023-04-22 16:00:00,27622.61,0.003145,329.7,0.011935,86.91,1.429e-05,0.3946,21.77,0.0007884
2023-04-22 20:00:00,27816.85,0.003128,332.2,0.011942,87.0,1.423e-05,0.3956,21.79,0.0007835
2023-04-23 00:00:00,27557.84,0.00313,330.4,0.011992,86.25,1.422e-05,0.392,21.72,0.0007878
2023-04-23 04:00:00,27718.9,0.003138,330.7,0.011932,86.99,1.421e-05,0.3939,22.07,0.0007964
2023-04-23 08:00:00,27642.9,0.003143,331.1,0.011983,86.9,1.415e-05,0.3915,22.13,0.0008005
2023-04-23 12:00:00,27474.47,0.003129,328.6,0.011963,85.96,1.403e-05,0.3856,21.66,0.000788
2023-04-23 16:00:00,27465.77,0.003117,328.4,0.011958,85.62,1.396e-05,0.3836,21.19,0.0007716
2023-04-23 20:00:00,27590.6,0.003144,330.7,0.011984,86.75,1.409e-05,0.3886,21.47,0.0007784
2023-04-24 00:00:00,27790.48,0.003153,332.0,0.01195,87.66,1.41e-05,0.392,21.72,0.0007815
2023-04-24 04:00:00,27451.97,0.003173,329.4,0.011998,87.15,1.402e-05,0.385,21.29,0.0007751
2023-04-24 08:00:00,27550.84,0.003199,331.3,0.012028,88.12,1.414e-05,0.3895,21.74,0.0007888
2023-04-24 12:00:00,27267.05,0.00319,329.7,0.012099,86.97,1.417e-05,0.3863,21.35,0.0007832
2023-04-24 16:00:00,27383.29,0.003206,332.0,0.01213,87.76,1.399e-05,0.3829,21.32,0.0007791
2023-04-24 20:00:00,27510.93,0.00321,331.2,0.012037,88.31,1.394e-05,0.3835,21.38,0.0007773
2023-04-25 00:00:00,27345.72,0.003198,330.7,0.012098,87.45,1.383e-05,0.3783,20.87,0.0007634
2023-04-25 04:00:00,27266.54,0.003212,329.2,0.012066,87.59,1.391e-05,0.3795,20.89,0.0007662
2023-04-25 08:00:00,27390.96,0.003255,330.8,0.012077,89.15,1.387e-05,0.3797,21.0,0.0007669
2023-04-25 12:00:00,27345.0,0.00326,332.4,0.012159,89.18,1.389e-05,0.3802,20.88,0.0007631
2023-04-25 16:00:00,27611.4,0.003267,332.9,0.012062,90.2,1.388e-05,0.3832,21.17,0.0007667
2023-04-25 20:00:00,28300.79,0.003216,338.4,0.011955,91.03,1.394e-05,0.3945,21.93,0.0007747
2023-04-26 00:00:00,28309.1,0.003214,338.3,0.011948,90.98,1.396e-05,0.3951,21.8,0.0007701
2023-04-26 04:00:00,28376.18,0.003176,336.4,0.011858,90.13,1.397e-05,0.3967,21.92,0.0007725
2023-04-26 08:00:00,28952.32,0.003174,338.1,0.011682,91.91,1.4e-05,0.4054,22.46,0.0007756
2023-04-26 12:00:00,29820.03,0.003098,342.2,0.011473,92.39,1.391e-05,0.415,22.68,0.0007605
2023-04-26 16:00:00,27884.24,0.003095,328.2,0.011768,86.31,1.386e-05,0.3866,21.09,0.0007561
2023-04-26 20:00:00,28415.29,0.003101,330.6,0.011632,88.13,1.412e-05,0.4014,21.28,0.000749
2023-04-27 00:00:00,28885.79,0.003066,332.0,0.011492,88.6,1.399e-05,0.4042,21.63,0.0007487
2023-04-27 04:00:00,28893.83,0.003076,330.9,0.011453,88.91,1.413e-05,0.4083,21.68,0.0007504
2023-04-27 08:00:00,28934.21,0.003053,330.2,0.011412,88.33,1.398e-05,0.4047,21.65,0.0007482
2023-04-27 12:00:00,29149.73,0.003061,331.8,0.011384,89.22,1.418e-05,0.4134,22.25,0.0007629
2023-04-27 16:00:00,29673.98,0.003032,335.0,0.011291,90.01,1.391e-05,0.4127,22.33,0.0007526
2023-04-27 20:00:00,29472.77,0.003044,330.9,0.011224,89.73,1.392e-05,0.4101,22.33,0.0007577
2023-04-28 00:00:00,29420.52,0.003027,327.0,0.011116,89.03,1.387e-05,0.408,22.31,0.0007583
2023-04-28 04:00:00,29488.83,0.003052,325.6,0.011042,90.01,1.392e-05,0.4107,22.61,0.0007669
2023-04-28 08:00:00,29235.36,0.003044,322.1,0.011016,88.99,1.376e-05,0.4023,22.49,0.000769
2023-04-28 12:00:00,29146.89,0.003045,321.2,0.011021,88.72,1.378e-05,0.4015,22.38,0.000768
2023-04-28 16:00:00,29328.53,0.003047,323.4,0.011026,89.35,1.38e-05,0.4048,23.31,0.000795
2023-04-28 20:00:00,29311.7,0.003058,324.1,0.011055,89.63,1.378e-05,0.4043,23.34,0.0007965
2023-04-29 00:00:00,29345.74,0.003055,324.0,0.011043,89.68,1.378e-05,0.4046,23.3,0.0007941
2023-04-29 04:00:00,29345.54,0.003055,323.4,0.011016,89.65,1.377e-05,0.4041,23.26,0.0007927
2023-04-29 08:00:00,29332.11,0.003068,322.6,0.011001,89.98,1.377e-05,0.4036,23.29,0.0007939
2023-04-29 12:00:00,29271.21,0.003092,322.8,0.011026,90.49,1.382e-05,0.4048,23.35,0.0007976
2023-04-29 16:00:00,29240.67,0.003102,322.9,0.011039,90.71,1.382e-05,0.4041,23.31,0.000797
2023-04-29 20:00:00,29230.45,0.003116,321.9,0.01101,91.08,1.376e-05,0.4024,23.19,0.0007932
2023-04-30 00:00:00,29178.87,0.003095,320.7,0.010992,90.37,1.371e-05,0.4,23.15,0.0007933
2023-04-30 04:00:00,29266.43,0.003096,321.6,0.010986,90.58,1.371e-05,0.401,23.42,0.0008004
2023-04-30 08:00:00,29197.01,0.0031,321.7,0.011018,90.49,1.366e-05,0.3989,23.49,0.0008045
2023-04-30 12:00:00,29655.18,0.003056,324.2,0.010925,90.63,1.371e-05,0.4068,23.67,0.0007982
2023-04-30 16:00:00,29361.13,0.003032,336.0,0.011438,89.06,1.365e-05,0.4007,23.18,0.0007896
2023-04-30 20:00:00,29233.21,0.003018,337.5,0.011547,88.22,1.353e-05,0.3956,22.74,0.0007777
2023-05-01 00:00:00,28561.06,0.003063,334.5,0.011713,87.47,1.367e-05,0.3907,22.18,0.0007766
2023-05-01 04:00:00,28629.09,0.003057,333.9,0.011659,87.5,1.363e-05,0.3902,22.33,0.00078
2023-05-01 08:00:00,28523.86,0.003064,335.0,0.011745,87.37,1.362e-05,0.3888,22.21,0.0007788
2023-05-01 12:00:00,28170.64,0.003084,330.5,0.011728,86.85,1.373e-05,0.3867,21.89,0.0007767
2023-05-01 16:00:00,27843.36,0.003095,326.9,0.011734,86.19,1.373e-05,0.3822,21.74,0.0007808
2023-05-01 20:00:00,28068.26,0.003091,328.5,0.0117,86.75,1.378e-05,0.3868,21.96,0.0007821
2023-05-02 00:00:00,28043.76,0.003112,325.8,0.011617,87.26,1.381e-05,0.3874,21.87,0.0007803
2023-05-02 04:00:00,28057.47,0.003123,323.6,0.011537,87.65,1.378e-05,0.3867,21.91,0.0007808
2023-05-02 08:00:00,28084.83,0.00314,324.8,0.011568,88.19,1.373e-05,0.3859,21.98,0.0007825
2023-05-02 12:00:00,28540.68,0.003092,324.8,0.011378,88.22,1.367e-05,0.3901,22.19,0.0007777
2023-05-02 16:00:00,28686.14,0.003071,325.3,0.011343,88.11,1.369e-05,0.3927,22.29,0.0007773
2023-05-02 20:00:00,28669.86,0.003077,321.5,0.011216,88.2,1.366e-05,0.3916,22.25,0.0007759
2023-05-03 00:00:00,28520.9,0.003071,324.3,0.011365,87.58,1.355e-05,0.3865,21.89,0.0007673
2023-05-03 04:00:00,28653.8,0.003072,323.0,0.011273,88.06,1.343e-05,0.385,21.75,0.000759
2023-05-03 08:00:00,28543.74,0.003066,322.0,0.01128,87.51,1.337e-05,0.3815,21.41,0.0007498
2023-05-03 12:00:00,28311.51,0.003038,322.9,0.011407,86.0,1.346e-05,0.3811,21.33,0.0007532
2023-05-03 16:00:00,28322.98,0.003058,323.2,0.011414,86.6,1.351e-05,0.3827,21.4,0.0007558
2023-05-03 20:00:00,29026.16,0.003062,325.9,0.011229,88.88,1.358e-05,0.394,22.24,0.000766
2023-05-04 00:00:00,29096.86,0.003041,326.2,0.011211,88.46,1.345e-05,0.3914,22.24,0.0007642
2023-05-04 04:00:00,29058.19,0.003032,325.4,0.011197,88.12,1.35e-05,0.3924,22.12,0.0007608
2023-05-04 08:00:00,29154.66,0.003027,325.9,0.01118,88.23,1.349e-05,0.3933,22.24,0.0007632
2023-05-04 12:00:00,28866.19,0.003039,324.7,0.011249,87.75,1.348e-05,0.3891,21.82,0.0007555
2023-05-04 16:00:00,28895.12,0.00304,324.1,0.011221,87.78,1.34e-05,0.3873,21.75,0.0007528
2023-05-04 20:00:00,28838.16,0.003065,323.8,0.01123,88.38,1.343e-05,0.3873,21.74,0.0007535
2023-05-05 00:00:00,29198.23,0.00302,325.2,0.011137,88.15,1.338e-05,0.3908,21.9,0.0007499
2023-05-05 04:00:00,29062.29,0.003021,324.4,0.01116,87.78,1.338e-05,0.3887,21.79,0.0007495
2023-05-05 08:00:00,29149.36,0.003021,325.5,0.011165,88.05,1.333e-05,0.3889,22.01,0.0007552
2023-05-05 12:00:00,29356.45,0.003006,327.0,0.011132,88.3,1.337e-05,0.3926,22.32,0.0007601
2023-05-05 16:00:00,29561.66,0.003,327.8,0.011095,88.67,1.333e-05,0.394,22.87,0.0007738
2023-05-05 20:00:00,29505.61,0.003003,326.5,0.011067,88.61,1.336e-05,0.3942,22.82,0.0007732
2023-05-06 00:00:00,29353.61,0.002976,325.6,0.01109,87.32,1.325e-05,0.3891,22.72,0.0007743
2023-05-06 04:00:00,29363.35,0.002962,325.1,0.011071,87.0,1.32e-05,0.3875,22.64,0.0007708
2023-05-06 08:00:00,29266.15,0.00296,325.1,0.011109,86.63,1.322e-05,0.3869,22.67,0.0007746
2023-05-06 12:00:00,28576.61,0.002874,320.4,0.011209,82.11,1.316e-05,0.3761,21.79,0.0007623
2023-05-06 16:00:00,28842.82,0.002907,323.1,0.0112,83.85,1.317e-05,0.3801,21.98,0.0007624
2023-05-06 20:00:00,28848.2,0.002887,321.9,0.011161,83.26,1.314e-05,0.3787,21.91,0.0007596
2023-05-07 00:00:00,28798.56,0.002887,322.6,0.011206,83.15,1.316e-05,0.3791,21.88,0.0007596
2023-05-07 04:00:00,28910.41,0.002895,324.0,0.011204,83.69,1.318e-05,0.3809,22.05,0.0007627
2023-05-07 08:00:00,28840.06,0.002897,323.4,0.011212,83.53,1.319e-05,0.3804,22.1,0.0007663
2023-05-07 12:00:00,28942.67,0.002898,324.4,0.011211,83.87,1.315e-05,0.3808,22.46,0.000776
2023-05-07 16:00:00,28907.73,0.002912,323.6,0.011194,84.21,1.311e-05,0.3793,22.44,0.0007763
2023-05-07 20:00:00,28430.1,0.002934,321.0,0.011288,83.42,1.322e-05,0.376,21.66,0.0007615
2023-05-08 00:00:00,28199.71,0.002919,318.5,0.011293,82.3,1.317e-05,0.3716,21.3,0.0007556
2023-05-08 04:00:00,27975.48,0.002897,316.6,0.011316,81.03,1.309e-05,0.366,21.22,0.0007585
2023-05-08 08:00:00,27934.09,0.002915,317.6,0.011369,81.42,1.322e-05,0.3693,21.26,0.0007611
2023-05-08 12:00:00,27887.58,0.002906,317.8,0.011395,81.05,1.341e-05,0.3739,21.16,0.0007584
2023-05-08 16:00:00,27340.72,0.002811,311.7,0.011407,76.87,1.321e-05,0.3611,20.39,0.000746
2023-05-08 20:00:00,27668.79,0.002809,313.8,0.011338,77.71,1.321e-05,0.3653,20.62,0.0007457
2023-05-09 00:00:00,27629.34,0.002827,314.2,0.011372,78.12,1.318e-05,0.3641,20.62,0.0007467
2023-05-09 04:00:00,27666.64,0.002847,315.4,0.011402,78.75,1.32e-05,0.3651,20.69,0.0007479
2023-05-09 08:00:00,27678.31,0.002861,314.5,0.011365,79.17,1.317e-05,0.3648,20.81,0.0007519
2023-05-09 12:00:00,27400.39,0.002857,312.3,0.011398,78.3,1.318e-05,0.3611,20.55,0.00075
2023-05-09 16:00:00,27716.32,0.002879,312.8,0.011285,79.82,1.314e-05,0.3644,20.62,0.000744
2023-05-09 20:00:00,27628.27,0.002893,312.1,0.011299,79.9,1.314e-05,0.3633,20.65,0.0007478
2023-05-10 00:00:00,27685.29,0.002879,312.6,0.011287,79.67,1.316e-05,0.3645,20.7,0.0007479
2023-05-10 04:00:00,27542.26,0.002872,311.8,0.011319,79.07,1.311e-05,0.3612,20.54,0.000746
2023-05-10 08:00:00,27677.09,0.002882,311.8,0.011266,79.74,1.295e-05,0.3583,20.75,0.0007496
2023-05-10 12:00:00,28153.2,0.002882,314.9,0.011187,81.15,1.315e-05,0.3704,21.09,0.0007489
2023-05-10 16:00:00,27692.26,0.002932,314.6,0.01136,81.19,1.334e-05,0.3693,20.96,0.0007569
2023-05-10 20:00:00,27598.75,0.002933,314.3,0.011388,80.93,1.338e-05,0.3693,20.91,0.0007581
2023-05-11 00:00:00,27446.9,0.002926,312.1,0.011375,80.3,1.332e-05,0.3657,20.55,0.0007487
2023-05-11 04:00:00,27450.07,0.002925,311.1,0.011331,80.29,1.328e-05,0.3645,20.6,0.0007505
2023-05-11 08:00:00,27405.61,0.002938,312.0,0.011385,80.47,1.311e-05,0.3591,20.49,0.0007479
2023-05-11 12:00:00,27179.42,0.002974,309.6,0.011387,80.83,1.305e-05,0.3548,20.17,0.0007423
2023-05-11 16:00:00,26843.05,0.002946,306.2,0.011409,79.06,1.318e-05,0.3538,20.0,0.0007454
2023-05-11 20:00:00,26968.62,0.002999,307.5,0.011399,80.88,1.334e-05,0.3598,20.17,0.000748
2023-05-12 00:00:00,26584.32,0.002934,304.4,0.011453,78.0,1.342e-05,0.3566,19.98,0.0007518
2023-05-12 04:00:00,26311.52,0.003005,304.0,0.011549,79.03,1.372e-05,0.3611,20.09,0.0007636
2023-05-12 08:00:00,26348.01,0.003001,305.3,0.011583,79.06,1.382e-05,0.3644,20.28,0.0007698
2023-05-12 12:00:00,26320.84,0.00298,305.3,0.011598,78.43,1.365e-05,0.3594,20.3,0.0007711
2023-05-12 16:00:00,26459.62,0.002996,306.4,0.011573,79.33,1.363e-05,0.3608,20.49,0.0007742
2023-05-12 20:00:00,26795.01,0.003003,308.5,0.011516,80.45,1.382e-05,0.3705,20.9,0.0007803
2023-05-13 00:00:00,26808.27,0.002996,309.9,0.01156,80.29,1.368e-05,0.3668,21.15,0.0007892
2023-05-13 04:00:00,26771.88,0.003006,310.1,0.011581,80.47,1.375e-05,0.3682,21.22,0.0007926
2023-05-13 08:00:00,26823.94,0.003006,310.7,0.011582,80.64,1.36e-05,0.3648,21.08,0.0007857
2023-05-13 12:00:00,26816.25,0.002995,309.8,0.011555,80.3,1.355e-05,0.3636,20.87,0.000778
2023-05-13 16:00:00,26837.94,0.002998,309.9,0.01154,80.47,1.357e-05,0.3641,20.94,0.0007801
2023-05-13 20:00:00,26775.28,0.002998,310.7,0.011605,80.26,1.361e-05,0.3646,20.84,0.0007783
2023-05-14 00:00:00,26865.03,0.003005,311.3,0.011586,80.71,1.367e-05,0.3674,20.94,0.0007798
2023-05-14 04:00:00,26855.21,0.003013,313.0,0.01165,80.92,1.367e-05,0.3672,21.09,0.0007854
2023-05-14 08:00:00,26805.98,0.003018,312.0,0.011637,80.87,1.369e-05,0.367,20.97,0.0007821
2023-05-14 12:00:00,27082.02,0.003085,313.9,0.011591,83.55,1.376e-05,0.3725,21.18,0.000782
2023-05-14 16:00:00,26878.97,0.003065,311.2,0.011578,82.36,1.368e-05,0.3679,20.93,0.0007784
2023-05-14 20:00:00,26917.62,0.003102,312.1,0.011596,83.5,1.378e-05,0.3711,20.93,0.0007779
2023-05-15 00:00:00,27232.8,0.003134,314.0,0.011526,85.37,1.364e-05,0.3715,21.22,0.0007796
2023-05-15 04:00:00,27407.48,0.003183,315.6,0.011509,87.23,1.364e-05,0.3739,21.39,0.0007802
2023-05-15 08:00:00,27336.12,0.003169,314.9,0.01152,86.61,1.352e-05,0.3695,21.28,0.0007788
2023-05-15 12:00:00,27396.8,0.003219,315.0,0.0115,88.19,1.353e-05,0.3708,21.37,0.00078
2023-05-15 16:00:00,27418.24,0.003212,313.9,0.011451,88.05,1.349e-05,0.37,21.16,0.0007719
2023-05-15 20:00:00,27162.14,0.003199,313.4,0.011535,86.89,1.35e-05,0.3669,20.99,0.0007725
2023-05-16 00:00:00,27130.0,0.003223,312.7,0.011527,87.45,1.346e-05,0.365,20.86,0.0007689
2023-05-16 04:00:00,27252.58,0.003257,313.0,0.011486,88.75,1.352e-05,0.3684,21.04,0.0007723
2023-05-16 08:00:00,27059.03,0.003303,310.6,0.011479,89.37,1.355e-05,0.3667,20.88,0.0007717
2023-05-16 12:00:00,27038.02,0.003319,310.8,0.011493,89.75,1.358e-05,0.3673,20.78,0.0007685
2023-05-16 16:00:00,26933.05,0.003311,310.2,0.011516,89.11,1.354e-05,0.3651,20.5,0.000761
2023-05-16 20:00:00,27033.84,0.00333,311.4,0.011518,89.99,1.362e-05,0.3682,20.67,0.000765
2023-05-17 00:00:00,27060.04,0.003435,312.2,0.011537,92.93,1.379e-05,0.3729,20.96,0.0007749
2023-05-17 04:00:00,26845.14,0.003408,309.7,0.011532,91.53,1.365e-05,0.3666,20.56,0.000766
2023-05-17 08:00:00,26637.62,0.003447,308.0,0.011564,91.82,1.37e-05,0.365,20.52,0.0007707
2023-05-17 12:00:00,26796.93,0.003437,308.9,0.011529,92.08,1.369e-05,0.3668,20.59,0.000768
2023-05-17 16:00:00,27385.09,0.003461,313.7,0.011458,94.75,1.381e-05,0.3779,21.03,0.0007682
2023-05-17 20:00:00,27405.61,0.003425,314.3,0.011467,93.88,1.37e-05,0.3755,21.06,0.0007681
2023-05-18 00:00:00,27365.69,0.003439,314.4,0.01149,94.09,1.378e-05,0.3771,21.03,0.0007687
2023-05-18 04:00:00,27391.61,0.003394,313.1,0.011429,92.96,1.38e-05,0.378,20.92,0.0007639
2023-05-18 08:00:00,27398.97,0.003392,314.2,0.011464,92.9,1.384e-05,0.3791,20.84,0.0007604
2023-05-18 12:00:00,27086.77,0.003378,311.4,0.011494,91.54,1.38e-05,0.3739,20.53,0.0007577
2023-05-18 16:00:00,26734.01,0.00338,308.0,0.011515,90.37,1.387e-05,0.3707,20.34,0.0007612
2023-05-18 20:00:00,26821.28,0.003371,309.3,0.01153,90.43,1.384e-05,0.3714,20.34,0.0007584
2023-05-19 00:00:00,26834.73,0.003447,309.2,0.011522,92.51,1.376e-05,0.3692,20.34,0.0007581
2023-05-19 04:00:00,26851.38,0.00342,309.8,0.011536,91.84,1.376e-05,0.3696,20.44,0.000761
2023-05-19 08:00:00,26855.89,0.003389,309.0,0.011506,91.01,1.372e-05,0.3688,20.45,0.0007617
2023-05-19 12:00:00,26883.65,0.003428,309.6,0.011516,92.16,1.375e-05,0.3696,20.4,0.0007591
2023-05-19 16:00:00,26834.46,0.003415,308.3,0.011487,91.63,1.371e-05,0.368,20.37,0.000759
2023-05-19 20:00:00,26880.26,0.003415,308.9,0.011493,91.8,1.369e-05,0.3681,20.36,0.0007571
2023-05-20 00:00:00,26865.58,0.003405,308.6,0.011484,91.49,1.36e-05,0.3653,20.27,0.0007548
2023-05-20 04:00:00,26854.98,0.003388,308.2,0.011473,91.02,1.358e-05,0.3645,20.16,0.0007509
2023-05-20 08:00:00,26880.06,0.003392,309.2,0.0115,91.18,1.359e-05,0.3653,20.22,0.0007519
2023-05-20 12:00:00,26945.66,0.003419,310.0,0.011504,92.1,1.358e-05,0.3659,20.28,0.0007525
2023-05-20 16:00:00,27063.03,0.003401,311.1,0.011496,92.05,1.352e-05,0.3659,20.29,0.0007495
2023-05-20 20:00:00,27102.43,0.003409,310.6,0.011461,92.42,1.351e-05,0.3662,20.28,0.0007481
2023-05-21 00:00:00,27176.22,0.003395,310.4,0.011425,92.26,1.344e-05,0.3655,20.24,0.0007447
2023-05-21 04:00:00,27054.99,0.003432,311.3,0.011502,92.83,1.35e-05,0.3651,20.28,0.0007498
2023-05-21 08:00:00,26829.94,0.003441,309.3,0.011525,92.33,1.347e-05,0.3613,20.15,0.0007507
2023-05-21 12:00:00,26898.97,0.00341,309.2,0.011498,91.74,1.338e-05,0.36,19.94,0.000741
2023-05-21 16:00:00,26902.12,0.003415,308.6,0.011474,91.9,1.342e-05,0.3607,19.98,0.0007427
2023-05-21 20:00:00,26747.78,0.003446,306.4,0.011458,92.18,1.347e-05,0.3602,19.61,0.0007332
2023-05-22 00:00:00,26644.8,0.003409,305.6,0.011471,90.83,1.353e-05,0.3606,19.54,0.0007332
2023-05-22 04:00:00,26843.13,0.003391,307.4,0.011451,91.05,1.352e-05,0.363,19.69,0.0007338
2023-05-22 08:00:00,26826.78,0.003403,308.6,0.011507,91.28,1.373e-05,0.3682,19.87,0.0007405
2023-05-22 12:00:00,26877.18,0.00339,309.5,0.011519,91.1,1.367e-05,0.3675,19.67,0.0007317
2023-05-22 16:00:00,26862.43,0.00338,310.1,0.011543,90.79,1.372e-05,0.3683,19.68,0.0007327
2023-05-22 20:00:00,26849.27,0.003385,309.0,0.011514,90.83,1.37e-05,0.3679,19.53,0.0007271
2023-05-23 00:00:00,27366.67,0.003389,314.8,0.011498,92.74,1.367e-05,0.3739,20.04,0.0007324
2023-05-23 04:00:00,27304.4,0.003368,313.5,0.011482,91.96,1.359e-05,0.3708,19.84,0.0007268
2023-05-23 08:00:00,27337.36,0.003356,313.9,0.011479,91.77,1.356e-05,0.3706,19.92,0.0007289
2023-05-23 12:00:00,27320.05,0.003354,314.4,0.011506,91.63,1.357e-05,0.3708,20.0,0.0007321
2023-05-23 16:00:00,27181.22,0.00335,312.7,0.011504,91.06,1.366e-05,0.3713,20.02,0.0007365
2023-05-23 20:00:00,27219.61,0.003369,313.5,0.011514,91.7,1.36e-05,0.3704,20.02,0.0007357
2023-05-24 00:00:00,26786.0,0.003333,308.9,0.011536,89.27,1.357e-05,0.3635,19.56,0.00073
2023-05-24 04:00:00,26678.67,0.003209,307.8,0.011535,85.62,1.372e-05,0.3662,19.42,0.0007278
2023-05-24 08:00:00,26742.24,0.00323,308.8,0.011547,86.37,1.366e-05,0.3654,19.42,0.0007263
2023-05-24 12:00:00,26314.69,0.003268,306.1,0.011633,86.0,1.374e-05,0.3619,19.17,0.0007284
2023-05-24 16:00:00,26252.33,0.003245,305.4,0.011636,85.16,1.384e-05,0.3635,19.19,0.0007309
2023-05-24 20:00:00,26329.01,0.00326,306.0,0.011621,85.82,1.382e-05,0.3638,19.22,0.0007298
2023-05-25 00:00:00,26183.72,0.003219,304.3,0.011623,84.28,1.377e-05,0.3607,19.37,0.0007398
2023-05-25 04:00:00,26131.27,0.003213,304.5,0.011652,83.98,1.364e-05,0.3565,19.27,0.0007375
2023-05-25 08:00:00,26296.62,0.003227,305.6,0.01162,84.88,1.362e-05,0.3581,19.38,0.0007371
2023-05-25 12:00:00,26226.12,0.003226,304.0,0.011593,84.58,1.359e-05,0.3563,19.24,0.0007334
2023-05-25 16:00:00,26468.68,0.00321,305.0,0.011525,84.98,1.354e-05,0.3583,19.31,0.0007297
2023-05-25 20:00:00,26473.79,0.00327,304.5,0.011506,86.57,1.353e-05,0.3581,19.25,0.0007272
2023-05-26 00:00:00,26435.14,0.003286,303.2,0.011473,86.87,1.348e-05,0.3564,19.29,0.0007294
2023-05-26 04:00:00,26501.33,0.003288,305.7,0.011534,87.15,1.352e-05,0.3584,19.3,0.0007284
2023-05-26 08:00:00,26463.29,0.003287,306.4,0.011581,86.97,1.349e-05,0.3571,19.29,0.0007292
2023-05-26 12:00:00,26750.21,0.00328,307.5,0.011495,87.73,1.347e-05,0.3604,19.43,0.0007263
2023-05-26 16:00:00,26767.21,0.003279,307.0,0.01147,87.77,1.36e-05,0.3642,19.46,0.0007273
2023-05-26 20:00:00,26705.92,0.003262,306.8,0.01149,87.08,1.358e-05,0.3626,19.35,0.0007246
2023-05-27 00:00:00,26752.0,0.003283,307.0,0.011478,87.83,1.368e-05,0.3659,19.48,0.0007279
2023-05-27 04:00:00,26722.8,0.003295,306.2,0.011462,88.04,1.363e-05,0.364,19.53,0.0007307
2023-05-27 08:00:00,26699.02,0.003289,305.2,0.01143,87.82,1.361e-05,0.3634,19.48,0.0007296
2023-05-27 12:00:00,26690.05,0.003292,304.8,0.011426,87.85,1.361e-05,0.3635,19.61,0.0007347
2023-05-27 16:00:00,26729.6,0.0033,305.1,0.011413,88.2,1.364e-05,0.3647,19.67,0.0007358
2023-05-27 20:00:00,26854.27,0.003298,307.4,0.011448,88.55,1.365e-05,0.3667,20.43,0.0007604
2023-05-28 00:00:00,27187.23,0.003306,308.8,0.011362,89.87,1.371e-05,0.3725,20.48,0.0007534
2023-05-28 04:00:00,27226.37,0.003291,307.9,0.011316,89.57,1.372e-05,0.3734,20.49,0.0007525
2023-05-28 08:00:00,27153.76,0.003291,307.7,0.011329,89.35,1.382e-05,0.3754,20.52,0.0007554
2023-05-28 12:00:00,27272.17,0.003276,308.1,0.011301,89.35,1.379e-05,0.3761,20.5,0.0007518
2023-05-28 16:00:00,27525.99,0.003269,309.2,0.011233,89.95,1.368e-05,0.377,20.77,0.0007545
2023-05-28 20:00:00,28065.0,0.003258,314.1,0.011193,91.45,1.363e-05,0.3828,20.81,0.0007411
2023-05-29 00:00:00,27954.99,0.00324,314.7,0.01126,90.59,1.36e-05,0.3798,20.7,0.0007406
2023-05-29 04:00:00,27907.87,0.003276,314.4,0.011268,91.4,1.357e-05,0.379,20.73,0.0007432
2023-05-29 08:00:00,27913.87,0.003284,315.1,0.011291,91.65,1.359e-05,0.3794,20.74,0.0007432
2023-05-29 12:00:00,27630.51,0.003288,313.1,0.011334,90.8,1.367e-05,0.3776,20.48,0.0007411
2023-05-29 16:00:00,27637.94,0.003287,311.7,0.011274,90.83,1.369e-05,0.3785,20.51,0.0007417
2023-05-29 20:00:00,27736.4,0.003276,311.6,0.011237,90.86,1.366e-05,0.3786,20.57,0.0007419
2023-05-30 00:00:00,27829.23,0.003281,312.5,0.011232,91.29,1.37e-05,0.3813,20.86,0.0007495
2023-05-30 04:00:00,27733.22,0.00329,312.0,0.011251,91.22,1.369e-05,0.3794,20.74,0.0007477
2023-05-30 08:00:00,28021.4,0.00332,313.8,0.011199,93.03,1.362e-05,0.3819,21.28,0.0007594
2023-05-30 12:00:00,27673.08,0.00332,311.8,0.011264,91.93,1.361e-05,0.3766,20.96,0.0007574
2023-05-30 16:00:00,27850.2,0.003314,312.8,0.011236,92.23,1.361e-05,0.3787,21.36,0.0007669
2023-05-30 20:00:00,27694.4,0.003333,311.5,0.011245,92.25,1.363e-05,0.3779,21.25,0.0007673
2023-05-31 00:00:00,27657.3,0.003317,310.7,0.011229,91.74,1.371e-05,0.3792,21.1,0.0007629
2023-05-31 04:00:00,27167.9,0.003281,306.9,0.011294,89.15,1.383e-05,0.3757,20.72,0.0007624
2023-05-31 08:00:00,27097.18,0.003288,306.7,0.01132,89.07,1.378e-05,0.3732,20.61,0.0007611
2023-05-31 12:00:00,26911.54,0.003298,305.3,0.011348,88.72,1.382e-05,0.3719,20.48,0.0007609
2023-05-31 16:00:00,27010.57,0.003312,305.8,0.011318,89.47,1.391e-05,0.3757,20.64,0.0007643
2023-05-31 20:00:00,27210.35,0.003322,306.8,0.011273,90.42,1.376e-05,0.3744,20.81,0.0007651
2023-06-01 00:00:00,26779.94,0.003394,304.8,0.011375,90.9,1.363e-05,0.3651,20.7,0.000773
2023-06-01 04:00:00,26802.67,0.003447,303.9,0.011341,92.36,1.357e-05,0.3635,20.61,0.0007692
2023-06-01 08:00:00,26892.96,0.00343,304.7,0.01133,92.23,1.351e-05,0.3634,20.72,0.0007704
2023-06-01 12:00:00,26894.48,0.003531,304.9,0.011336,94.95,1.355e-05,0.3643,20.69,0.0007692
2023-06-01 16:00:00,26862.68,0.003543,304.8,0.011344,95.21,1.362e-05,0.3656,20.68,0.0007698
2023-06-01 20:00:00,26817.93,0.003512,304.9,0.01137,94.19,1.36e-05,0.3644,20.49,0.0007646
2023-06-02 00:00:00,27000.0,0.003523,306.6,0.011355,95.12,1.378e-05,0.372,20.76,0.0007691
2023-06-02 04:00:00,27049.65,0.003489,307.1,0.011352,94.32,1.375e-05,0.3719,20.98,0.0007759
2023-06-02 08:00:00,27130.75,0.003507,307.3,0.01133,95.11,1.384e-05,0.3753,21.25,0.0007832
2023-06-02 12:00:00,27095.92,0.003496,306.3,0.011304,94.67,1.384e-05,0.3751,21.19,0.0007819
2023-06-02 16:00:00,27239.02,0.003491,308.0,0.011309,95.04,1.39e-05,0.3786,21.29,0.0007819
2023-06-02 20:00:00,27242.59,0.003505,307.2,0.01128,95.45,1.388e-05,0.3782,21.26,0.0007802
2023-06-03 00:00:00,27143.2,0.003484,306.3,0.011285,94.56,1.389e-05,0.3767,21.12,0.0007783
2023-06-03 04:00:00,27174.42,0.00349,306.0,0.011262,94.84,1.386e-05,0.3764,21.17,0.0007793
2023-06-03 08:00:00,27129.79,0.003565,306.2,0.011288,96.71,1.385e-05,0.3759,21.18,0.0007804
2023-06-03 12:00:00,27305.26,0.003542,308.0,0.011276,96.75,1.381e-05,0.3774,21.25,0.000778
2023-06-03 16:00:00,27096.36,0.003557,306.1,0.0113,96.32,1.38e-05,0.3738,21.06,0.0007772
2023-06-03 20:00:00,27069.22,0.003547,306.6,0.011327,96.03,1.389e-05,0.3759,21.19,0.0007828
2023-06-04 00:00:00,27061.38,0.003522,305.9,0.011306,95.3,1.398e-05,0.3786,21.25,0.0007855
2023-06-04 04:00:00,27150.45,0.003532,306.8,0.011299,95.83,1.401e-05,0.3804,21.6,0.0007957
2023-06-04 08:00:00,27198.55,0.003543,306.8,0.011282,96.34,1.398e-05,0.3798,21.7,0.0007976
2023-06-04 12:00:00,27179.0,0.003517,306.6,0.011277,95.52,1.397e-05,0.38,22.05,0.0008109
2023-06-04 16:00:00,27213.11,0.003519,306.0,0.011248,95.79,1.397e-05,0.3805,22.21,0.0008162
2023-06-04 20:00:00,27115.21,0.003473,305.0,0.011248,94.19,1.392e-05,0.3773,21.82,0.0008049
2023-06-05 00:00:00,26843.58,0.00346,301.1,0.011219,92.89,1.393e-05,0.3741,21.54,0.0008021
2023-06-05 04:00:00,26829.99,0.00348,301.0,0.011217,93.36,1.398e-05,0.375,21.66,0.000807
2023-06-05 08:00:00,26773.39,0.003475,300.7,0.011231,93.04,1.396e-05,0.3736,21.6,0.0008071
2023-06-05 12:00:00,26007.53,0.003312,276.8,0.010643,86.05,1.373e-05,0.3571,19.93,0.0007663
2023-06-05 16:00:00,25629.99,0.00341,276.6,0.010798,87.38,1.368e-05,0.3505,20.03,0.0007815
2023-06-05 20:00:00,25728.2,0.003409,276.9,0.010766,87.71,1.366e-05,0.3514,20.0,0.0007774
2023-06-06 00:00:00,25730.83,0.003397,276.2,0.010735,87.38,1.362e-05,0.3506,20.0,0.000777
2023-06-06 04:00:00,25722.33,0.003399,277.4,0.010783,87.45,1.369e-05,0.3523,20.11,0.0007816
2023-06-06 08:00:00,25686.64,0.003407,278.0,0.010817,87.51,1.372e-05,0.3523,19.88,0.0007739
2023-06-06 12:00:00,26066.11,0.003395,279.0,0.010701,88.47,1.341e-05,0.3496,19.94,0.0007652
2023-06-06 16:00:00,27080.13,0.003355,285.3,0.010531,90.8,1.312e-05,0.3557,20.59,0.00076
2023-06-06 20:00:00,27230.08,0.003339,281.2,0.010328,90.92,1.296e-05,0.3531,20.38,0.0007484
2023-06-07 00:00:00,26909.01,0.003351,278.9,0.010365,90.18,1.282e-05,0.3449,20.15,0.0007487
2023-06-07 04:00:00,26795.87,0.003363,276.9,0.010332,90.09,1.272e-05,0.341,20.01,0.0007466
2023-06-07 08:00:00,26896.14,0.003365,274.5,0.010205,90.45,1.256e-05,0.3375,19.95,0.0007418
2023-06-07 12:00:00,26349.52,0.003335,258.9,0.009826,87.89,1.235e-05,0.3252,19.32,0.0007332
2023-06-07 16:00:00,26482.42,0.003354,260.9,0.009849,88.8,1.221e-05,0.3233,18.97,0.0007165
2023-06-07 20:00:00,26339.34,0.003373,259.3,0.009842,88.85,1.223e-05,0.3223,18.64,0.0007073
2023-06-08 00:00:00,26344.17,0.003354,258.7,0.00982,88.34,1.222e-05,0.3218,18.47,0.0007012
2023-06-08 04:00:00,26444.69,0.003331,260.7,0.009862,88.06,1.24e-05,0.3277,18.64,0.0007053
2023-06-08 08:00:00,26432.0,0.003329,264.9,0.010021,87.99,1.235e-05,0.3266,18.79,0.0007104
2023-06-08 12:00:00,26721.68,0.003325,265.2,0.009926,88.85,1.231e-05,0.3288,18.92,0.0007077
2023-06-08 16:00:00,26539.9,0.003336,264.3,0.009959,88.54,1.218e-05,0.3232,18.86,0.0007107
2023-06-08 20:00:00,26498.61,0.003341,262.0,0.009887,88.5,1.218e-05,0.3228,18.89,0.0007128
2023-06-09 00:00:00,26483.7,0.003308,260.2,0.009819,87.58,1.211e-05,0.3205,18.76,0.0007087
2023-06-09 04:00:00,26493.43,0.003302,258.3,0.009748,87.47,1.184e-05,0.3138,18.59,0.0007014
2023-06-09 08:00:00,26610.19,0.003324,260.7,0.009792,88.45,1.195e-05,0.3178,19.27,0.0007242
2023-06-09 12:00:00,26477.37,0.003372,261.1,0.009863,89.29,1.176e-05,0.3113,18.7,0.0007063
2023-06-09 16:00:00,26407.15,0.003354,259.2,0.009814,88.61,1.134e-05,0.2994,17.39,0.0006584
2023-06-09 20:00:00,26477.81,0.003373,260.5,0.00984,89.3,1.114e-05,0.2951,17.4,0.000657
2023-06-10 00:00:00,26323.07,0.003239,249.9,0.009499,85.23,1.05e-05,0.2764,16.29,0.0006186
2023-06-10 04:00:00,25651.09,0.003008,234.9,0.009154,77.14,9.37e-06,0.2403,14.42,0.0005626
2023-06-10 08:00:00,25731.4,0.003011,239.0,0.009284,77.43,9.72e-06,0.2501,14.92,0.0005798
2023-06-10 12:00:00,25628.8,0.002964,235.4,0.00918,75.98,9.92e-06,0.2544,14.77,0.0005763
2023-06-10 16:00:00,25750.0,0.002983,238.7,0.009271,76.78,1.033e-05,0.2659,15.32,0.0005951
2023-06-10 20:00:00,25841.21,0.002986,238.7,0.009241,77.13,1.064e-05,0.2747,15.61,0.0006044
2023-06-11 00:00:00,25727.51,0.003001,236.5,0.009194,77.19,1.024e-05,0.2636,15.57,0.0006053
2023-06-11 04:00:00,25741.33,0.00301,236.8,0.009197,77.47,1.018e-05,0.2621,15.4,0.0005981
2023-06-11 08:00:00,25796.06,0.003034,236.7,0.009171,78.29,1.044e-05,0.2691,15.53,0.000602
2023-06-11 12:00:00,25751.36,0.002995,235.0,0.009124,77.16,1.026e-05,0.2642,15.22,0.0005911
2023-06-11 16:00:00,26030.89,0.003011,237.1,0.00911,78.34,1.054e-05,0.2745,16.0,0.0006143
2023-06-11 20:00:00,25925.55,0.002997,235.4,0.009076,77.68,1.049e-05,0.272,15.55,0.0005997
2023-06-12 00:00:00,25791.29,0.002953,226.3,0.008773,76.14,1.038e-05,0.2681,15.1,0.0005853
2023-06-12 04:00:00,25802.98,0.002939,224.0,0.008679,75.85,1.078e-05,0.2782,15.09,0.0005845
2023-06-12 08:00:00,25988.83,0.002981,233.6,0.008984,77.48,1.087e-05,0.2823,15.4,0.0005928
2023-06-12 12:00:00,25824.63,0.00297,231.1,0.008946,76.71,1.073e-05,0.2772,15.2,0.0005887
2023-06-12 16:00:00,25824.23,0.002965,228.4,0.008844,76.58,1.063e-05,0.2745,14.96,0.0005791
2023-06-12 20:00:00,25905.19,0.002992,231.3,0.008926,77.5,1.06e-05,0.2748,15.19,0.0005863
2023-06-13 00:00:00,26063.85,0.003004,233.6,0.008961,78.28,1.066e-05,0.2781,15.34,0.0005886
2023-06-13 04:00:00,26073.92,0.003009,235.3,0.009028,78.44,1.072e-05,0.2796,15.43,0.0005916
2023-06-13 08:00:00,26191.81,0.003007,243.4,0.009292,78.77,1.09e-05,0.2855,15.64,0.0005971
2023-06-13 12:00:00,25759.54,0.002976,234.9,0.009117,76.7,1.047e-05,0.2697,14.8,0.0005747
2023-06-13 16:00:00,25902.84,0.002994,238.0,0.009186,77.5,1.062e-05,0.2752,14.97,0.000578
2023-06-13 20:00:00,25934.25,0.002989,244.2,0.009414,77.5,1.061e-05,0.2752,15.04,0.0005797
2023-06-14 00:00:00,25985.07,0.002996,250.8,0.009651,77.84,1.063e-05,0.2761,15.25,0.0005868
2023-06-14 04:00:00,25897.72,0.002988,246.8,0.009529,77.35,1.046e-05,0.2708,15.05,0.0005814
2023-06-14 08:00:00,25975.71,0.002994,248.5,0.009563,77.78,1.059e-05,0.2751,15.2,0.0005852
2023-06-14 12:00:00,25986.75,0.00298,246.2,0.009473,77.47,1.053e-05,0.2735,15.11,0.0005811
2023-06-14 16:00:00,25874.59,0.002963,244.3,0.009444,76.64,1.046e-05,0.2705,15.09,0.0005832
2023-06-14 20:00:00,25128.6,0.002912,237.9,0.009467,73.15,1.048e-05,0.2633,14.48,0.0005765
2023-06-15 00:00:00,25065.35,0.002917,237.6,0.009478,73.12,1.046e-05,0.2624,14.92,0.0005954
2023-06-15 04:00:00,24983.8,0.002913,236.6,0.009467,72.73,1.026e-05,0.2562,14.81,0.0005928
2023-06-15 08:00:00,25014.97,0.002947,234.1,0.009359,73.73,1.036e-05,0.2591,14.65,0.000586
2023-06-15 12:00:00,24959.95,0.002953,232.7,0.009322,73.69,1.034e-05,0.2578,14.48,0.0005803
2023-06-15 16:00:00,25455.49,0.00293,236.7,0.009296,74.6,1.028e-05,0.2618,14.77,0.0005799
2023-06-15 20:00:00,25598.49,0.002915,236.4,0.009236,74.6,1.023e-05,0.262,14.77,0.0005774
2023-06-16 00:00:00,25561.74,0.002943,238.0,0.009314,75.21,1.03e-05,0.2633,14.8,0.000579
2023-06-16 04:00:00,25537.01,0.002949,239.5,0.009378,75.3,1.029e-05,0.2628,14.85,0.0005817
2023-06-16 08:00:00,25474.51,0.002931,234.0,0.009185,74.69,1.008e-05,0.2571,14.56,0.0005715
2023-06-16 12:00:00,25840.01,0.002929,238.5,0.009234,75.69,1.005e-05,0.2597,15.0,0.0005806
2023-06-16 16:00:00,26382.43,0.002903,239.6,0.009084,76.58,9.99e-06,0.2639,15.28,0.000579
2023-06-16 20:00:00,26345.0,0.002888,239.3,0.009085,76.13,9.99e-06,0.2632,15.31,0.0005815
2023-06-17 00:00:00,26262.16,0.002899,239.6,0.009124,76.16,1e-05,0.2624,15.42,0.0005875
2023-06-17 04:00:00,26593.57,0.002917,246.5,0.009273,77.57,1.015e-05,0.2699,15.85,0.0005961
2023-06-17 08:00:00,26507.76,0.002908,245.0,0.009243,77.08,1.01e-05,0.2679,15.77,0.0005949
2023-06-17 12:00:00,26410.82,0.002908,243.1,0.009206,76.79,1.006e-05,0.2658,15.65,0.0005928
2023-06-17 16:00:00,26475.3,0.002912,244.9,0.009249,77.12,1.01e-05,0.2673,15.65,0.0005913
2023-06-17 20:00:00,26516.99,0.002898,244.5,0.009224,76.86,1.005e-05,0.2667,15.64,0.00059
2023-06-18 00:00:00,26548.45,0.002907,244.5,0.00921,77.19,1.007e-05,0.2674,15.59,0.0005873
2023-06-18 04:00:00,26584.98,0.0029,245.8,0.009244,77.1,1.003e-05,0.2667,15.59,0.0005863
2023-06-18 08:00:00,26500.0,0.002917,246.6,0.009305,77.33,1.006e-05,0.2665,15.72,0.0005932
2023-06-18 12:00:00,26562.09,0.002922,247.1,0.009301,77.6,1.006e-05,0.2674,15.72,0.0005918
2023-06-18 16:00:00,26650.0,0.002932,246.5,0.009248,78.14,1.004e-05,0.2679,15.81,0.0005937
2023-06-18 20:00:00,26339.97,0.002932,244.1,0.009265,77.19,9.9e-06,0.261,15.45,0.0005861
2023-06-19 00:00:00,26403.36,0.002921,243.2,0.009208,77.17,9.87e-06,0.2607,15.49,0.0005861
2023-06-19 04:00:00,26428.01,0.002926,243.4,0.00921,77.39,9.85e-06,0.2601,15.48,0.0005856
2023-06-19 08:00:00,26447.73,0.002921,243.0,0.009188,77.25,9.85e-06,0.2609,15.56,0.0005882
2023-06-19 12:00:00,26444.0,0.002903,241.4,0.00913,76.8,9.79e-06,0.2591,15.56,0.0005883
2023-06-19 16:00:00,26682.28,0.00289,241.6,0.009055,77.08,9.79e-06,0.2613,15.85,0.0005943
2023-06-19 20:00:00,26844.35,0.002885,243.1,0.009052,77.48,9.81e-06,0.2634,16.1,0.0006
2023-06-20 00:00:00,26896.52,0.002874,242.1,0.009003,77.31,9.66e-06,0.2597,16.02,0.0005959
2023-06-20 04:00:00,26832.44,0.002878,241.4,0.008996,77.2,9.67e-06,0.2593,15.98,0.0005954
2023-06-20 08:00:00,26907.99,0.002868,241.7,0.008981,77.21,9.67e-06,0.2602,15.93,0.0005918
2023-06-20 12:00:00,27071.93,0.00283,240.4,0.008877,76.64,9.51e-06,0.2572,15.95,0.0005888
2023-06-20 16:00:00,27982.77,0.002854,243.7,0.00871,79.89,9.52e-06,0.2665,16.36,0.0005842
2023-06-20 20:00:00,28307.99,0.002837,247.7,0.008751,80.33,9.56e-06,0.2705,16.64,0.000588
2023-06-21 00:00:00,28711.15,0.00286,251.5,0.008764,82.13,9.78e-06,0.2809,16.76,0.0005837
2023-06-21 04:00:00,28872.28,0.002923,249.3,0.008635,84.43,9.64e-06,0.278,16.83,0.0005828
2023-06-21 08:00:00,28930.0,0.002914,247.6,0.008555,84.34,9.64e-06,0.2788,16.79,0.0005801
2023-06-21 12:00:00,29851.58,0.002831,249.4,0.008355,84.54,9.45e-06,0.2822,16.89,0.0005658
2023-06-21 16:00:00,30112.03,0.002829,248.9,0.008265,85.22,9.49e-06,0.2861,17.12,0.0005686
2023-06-21 20:00:00,29993.89,0.002835,248.8,0.008296,85.05,9.54e-06,0.2862,17.23,0.0005749
2023-06-22 00:00:00,30296.01,0.0029,254.5,0.008397,87.86,9.84e-06,0.2979,17.53,0.0005785
2023-06-22 04:00:00,30100.75,0.002892,252.3,0.008385,87.03,1.004e-05,0.3022,17.37,0.0005771
2023-06-22 08:00:00,29928.0,0.002859,246.9,0.00825,85.54,9.77e-06,0.2927,16.86,0.000563
2023-06-22 12:00:00,29850.65,0.002861,243.7,0.00816,85.43,9.72e-06,0.2905,16.9,0.0005659
2023-06-22 16:00:00,30213.11,0.002848,245.0,0.008106,86.07,9.7e-06,0.2933,16.93,0.0005605
2023-06-22 20:00:00,29884.92,0.002875,240.8,0.008059,85.93,9.71e-06,0.2899,16.62,0.0005566
2023-06-23 00:00:00,30007.96,0.002876,241.8,0.008056,86.32,9.76e-06,0.2926,16.78,0.0005592
2023-06-23 04:00:00,29931.99,0.002887,243.5,0.008133,86.44,9.81e-06,0.2936,16.78,0.0005601
2023-06-23 08:00:00,30140.87,0.002864,243.8,0.008088,86.36,9.71e-06,0.2928,16.59,0.0005506
2023-06-23 12:00:00,31238.0,0.002838,247.7,0.007929,88.64,9.58e-06,0.2994,16.98,0.0005435
2023-06-23 16:00:00,30880.87,0.002973,245.8,0.007961,91.8,9.66e-06,0.2983,17.13,0.0005546
2023-06-23 20:00:00,30688.5,0.002975,244.3,0.007965,91.26,9.67e-06,0.2966,17.13,0.0005585
2023-06-24 00:00:00,30730.01,0.002995,246.2,0.008013,92.04,9.62e-06,0.2952,17.37,0.0005649
2023-06-24 04:00:00,30567.58,0.002972,245.5,0.008029,90.85,9.6e-06,0.2936,17.07,0.0005585
2023-06-24 08:00:00,30684.38,0.002957,244.7,0.007975,90.76,9.63e-06,0.2952,17.21,0.0005606
2023-06-24 12:00:00,30398.71,0.002882,232.9,0.007659,87.51,9.43e-06,0.2868,16.62,0.0005468
2023-06-24 16:00:00,30627.84,0.00291,236.8,0.007731,89.13,9.52e-06,0.2915,16.69,0.000545
2023-06-24 20:00:00,30527.43,0.002938,236.4,0.007743,89.71,9.48e-06,0.2892,16.64,0.0005452
2023-06-25 00:00:00,30748.46,0.002926,239.1,0.007774,89.99,9.64e-06,0.2966,16.98,0.0005523
2023-06-25 04:00:00,30723.78,0.002899,240.9,0.007839,89.06,9.69e-06,0.2974,17.28,0.0005624
2023-06-25 08:00:00,30716.03,0.002898,240.2,0.007818,89.0,9.7e-06,0.2981,17.24,0.0005614
2023-06-25 12:00:00,30585.16,0.002879,239.4,0.007828,88.1,9.6e-06,0.2934,17.12,0.0005598
2023-06-25 16:00:00,30429.78,0.00288,238.1,0.007823,87.64,9.63e-06,0.293,16.99,0.0005581
2023-06-25 20:00:00,30462.66,0.002897,238.8,0.007842,88.2,9.58e-06,0.2921,16.96,0.0005567
2023-06-26 00:00:00,30296.36,0.00288,236.5,0.007803,87.26,9.5e-06,0.2878,16.75,0.0005529
2023-06-26 04:00:00,30404.29,0.00288,237.8,0.007819,87.63,9.55e-06,0.2903,16.93,0.0005571
2023-06-26 08:00:00,30322.89,0.002905,237.9,0.007847,88.09,9.53e-06,0.289,16.92,0.0005581
2023-06-26 12:00:00,30419.62,0.002914,238.6,0.007841,88.67,9.51e-06,0.2895,16.82,0.000553
2023-06-26 16:00:00,30243.97,0.00289,236.4,0.007812,87.38,9.31e-06,0.2817,16.31,0.0005391
2023-06-26 20:00:00,30267.99,0.002881,236.1,0.0078,87.21,9.27e-06,0.2805,16.27,0.0005377
2023-06-27 00:00:00,30371.57,0.002895,237.7,0.007826,87.94,9.29e-06,0.2821,16.5,0.0005431
2023-06-27 04:00:00,30411.22,0.002907,238.5,0.007845,88.39,9.3e-06,0.283,16.73,0.0005503
2023-06-27 08:00:00,30729.1,0.002901,239.3,0.007786,89.12,9.26e-06,0.2845,16.69,0.0005432
2023-06-27 12:00:00,30498.74,0.002867,237.9,0.0078,87.45,9.19e-06,0.28,16.39,0.0005375
2023-06-27 16:00:00,30648.03,0.002872,238.7,0.007787,88.04,9.29e-06,0.285,16.72,0.0005451
2023-06-27 20:00:00,30692.44,0.00287,237.5,0.007736,88.07,9.33e-06,0.2867,16.63,0.0005416
2023-06-28 00:00:00,30452.75,0.002869,235.6,0.007734,87.37,9.2e-06,0.2803,16.39,0.0005385
2023-06-28 04:00:00,30186.13,0.00281,232.6,0.007708,84.8,9.12e-06,0.2753,15.98,0.0005293
2023-06-28 08:00:00,30310.73,0.002827,233.4,0.007699,85.7,9.04e-06,0.2742,16.21,0.0005349
2023-06-28 12:00:00,30411.06,0.002822,235.1,0.007728,85.81,9.03e-06,0.2749,16.33,0.0005367
2023-06-28 16:00:00,30100.0,0.002744,228.4,0.007586,82.56,8.88e-06,0.2673,15.9,0.0005283
2023-06-28 20:00:00,30077.41,0.002761,230.6,0.007665,83.02,8.87e-06,0.2669,15.97,0.0005311
2023-06-29 00:00:00,30176.0,0.002773,233.1,0.007726,83.73,8.95e-06,0.27,16.03,0.0005313
2023-06-29 04:00:00,30340.29,0.00277,233.4,0.007692,84.01,9e-06,0.2729,16.26,0.0005359
2023-06-29 08:00:00,30670.94,0.00279,235.3,0.007674,85.59,9.05e-06,0.2774,18.06,0.0005887
2023-06-29 12:00:00,30478.8,0.002772,233.4,0.007655,84.5,9e-06,0.2743,17.68,0.0005798
2023-06-29 16:00:00,30584.99,0.002774,233.8,0.007644,84.83,8.99e-06,0.2751,17.73,0.0005795
2023-06-29 20:00:00,30447.31,0.002782,233.1,0.007655,84.73,9.04e-06,0.2752,17.99,0.0005912
2023-06-30 00:00:00,30745.05,0.003117,236.7,0.007699,95.85,9.22e-06,0.2835,18.95,0.0006167
2023-06-30 04:00:00,30765.09,0.003093,238.7,0.007757,95.14,9.22e-06,0.2839,18.8,0.000611
2023-06-30 08:00:00,30910.01,0.00326,240.7,0.007788,100.78,9.55e-06,0.295,18.88,0.0006108
2023-06-30 12:00:00,30067.72,0.003241,235.6,0.007834,97.44,9.23e-06,0.2775,18.28,0.0006083
2023-06-30 16:00:00,30372.36,0.00347,240.5,0.007916,105.39,9.41e-06,0.2855,19.1,0.0006289
2023-06-30 20:00:00,30472.0,0.003566,240.3,0.007888,108.7,9.41e-06,0.2869,18.86,0.0006188
2023-07-01 00:00:00,30398.01,0.00352,241.4,0.007937,107.07,9.4e-06,0.286,18.3,0.0006021
2023-07-01 04:00:00,30459.88,0.003514,242.1,0.007946,107.04,9.4e-06,0.2864,18.45,0.0006057
2023-07-01 08:00:00,30523.02,0.003483,243.5,0.007979,106.31,9.43e-06,0.2879,18.33,0.0006008
2023-07-01 12:00:00,30572.58,0.003444,247.4,0.008092,105.26,9.44e-06,0.2885,18.44,0.000603
2023-07-01 16:00:00,30609.51,0.003434,246.4,0.008051,105.11,9.42e-06,0.2881,18.33,0.0005987
2023-07-01 20:00:00,30585.9,0.003503,247.9,0.008103,107.1,9.55e-06,0.2924,18.7,0.0006112
2023-07-02 00:00:00,30509.31,0.003473,243.2,0.007972,106.01,9.47e-06,0.2889,18.76,0.000615
2023-07-02 04:00:00,30513.01,0.003637,245.7,0.008051,110.98,9.48e-06,0.2893,19.22,0.0006299
2023-07-02 08:00:00,30544.74,0.003639,245.7,0.008046,111.15,9.5e-06,0.2905,19.04,0.0006231
2023-07-02 12:00:00,30498.01,0.003668,246.0,0.008065,111.86,9.49e-06,0.2891,19.29,0.0006326
2023-07-02 16:00:00,30557.74,0.003635,244.6,0.008004,111.07,9.47e-06,0.2893,19.36,0.0006337
2023-07-02 20:00:00,30617.03,0.00371,246.5,0.008049,113.58,9.52e-06,0.2916,19.45,0.0006356
2023-07-03 00:00:00,30756.65,0.003666,248.0,0.008063,112.81,9.6e-06,0.2951,19.58,0.0006364
2023-07-03 04:00:00,30667.19,0.003664,249.5,0.008132,112.34,9.59e-06,0.2942,19.43,0.0006335
2023-07-03 08:00:00,30625.22,0.003564,248.6,0.008118,109.12,9.63e-06,0.2948,19.47,0.0006357
2023-07-03 12:00:00,31068.64,0.003523,249.4,0.008033,109.41,9.51e-06,0.2954,19.29,0.0006211
2023-07-03 16:00:00,31255.84,0.003443,248.0,0.007934,107.6,9.55e-06,0.2984,19.28,0.0006168
2023-07-03 20:00:00,31156.2,0.003443,246.5,0.00791,107.27,9.52e-06,0.2967,19.26,0.0006181
2023-07-04 00:00:00,31195.69,0.003486,245.8,0.00788,108.74,9.6e-06,0.2998,19.29,0.0006183
2023-07-04 04:00:00,30911.41,0.003459,244.9,0.007923,106.9,9.56e-06,0.295,19.1,0.0006179
2023-07-04 08:00:00,31067.99,0.00345,245.7,0.007911,107.17,9.56e-06,0.2968,19.23,0.0006193
2023-07-04 12:00:00,30964.37,0.003455,243.8,0.007876,106.95,9.48e-06,0.2936,19.84,0.0006409
2023-07-04 16:00:00,30696.84,0.003423,241.3,0.007856,105.1,9.51e-06,0.292,19.5,0.0006351
2023-07-04 20:00:00,30766.51,0.003389,242.5,0.007881,104.27,9.5e-06,0.2924,19.13,0.0006219
2023-07-05 00:00:00,30868.71,0.003423,243.7,0.007896,105.64,9.53e-06,0.2942,19.28,0.0006248
2023-07-05 04:00:00,30774.25,0.003412,243.2,0.007902,105.03,9.58e-06,0.2951,19.32,0.0006278
2023-07-05 08:00:00,30404.3,0.003372,238.0,0.007827,102.46,9.41e-06,0.286,18.71,0.0006152
2023-07-05 12:00:00,30356.11,0.003297,237.8,0.007833,100.08,9.31e-06,0.2826,18.59,0.0006123
2023-07-05 16:00:00,30431.95,0.003303,238.6,0.007837,100.51,9.28e-06,0.2826,18.6,0.0006111
2023-07-05 20:00:00,30504.81,0.003363,238.9,0.007831,102.6,9.31e-06,0.2839,19.0,0.0006226
2023-07-06 00:00:00,30490.85,0.003402,240.1,0.007873,103.73,9.34e-06,0.2849,19.46,0.0006381
2023-07-06 04:00:00,30803.19,0.003371,241.5,0.00784,103.86,9.36e-06,0.288,19.59,0.0006361
2023-07-06 08:00:00,30846.55,0.00332,240.5,0.007802,102.45,9.32e-06,0.2878,19.9,0.000645
2023-07-06 12:00:00,30407.01,0.003244,238.5,0.007839,98.62,9.29e-06,0.2824,19.71,0.000648
2023-07-06 16:00:00,30309.88,0.003222,237.8,0.007845,97.64,9.37e-06,0.2838,20.91,0.0006892
2023-07-06 20:00:00,29895.43,0.003185,232.2,0.007769,95.25,9.32e-06,0.2784,19.61,0.0006556
2023-07-07 00:00:00,30135.4,0.003226,234.2,0.007772,97.2,9.36e-06,0.2819,20.21,0.0006704
2023-07-07 04:00:00,30007.4,0.003202,233.1,0.007768,96.08,9.31e-06,0.2796,19.46,0.0006483
2023-07-07 08:00:00,30118.7,0.003182,233.3,0.007745,95.82,9.37e-06,0.2822,20.17,0.0006697
2023-07-07 12:00:00,30390.83,0.003214,235.7,0.007753,97.72,9.34e-06,0.2841,21.23,0.0006986
2023-07-07 16:00:00,30246.2,0.003223,235.3,0.007779,97.47,9.36e-06,0.283,21.43,0.0007085
2023-07-07 20:00:00,30344.7,0.003238,235.6,0.007764,98.23,9.38e-06,0.2844,21.5,0.0007086
2023-07-08 00:00:00,30274.83,0.003211,235.3,0.007769,97.21,9.35e-06,0.2833,21.7,0.0007167
2023-07-08 04:00:00,30193.36,0.003219,235.9,0.007815,97.19,9.43e-06,0.2847,21.99,0.0007283
2023-07-08 08:00:00,30201.71,0.003219,236.3,0.007821,97.23,9.46e-06,0.286,21.94,0.0007265
2023-07-08 12:00:00,30208.0,0.00324,236.7,0.007833,97.86,9.57e-06,0.289,21.52,0.0007122
2023-07-08 16:00:00,30112.0,0.003231,235.0,0.007801,97.32,9.61e-06,0.2896,21.62,0.0007182
2023-07-08 20:00:00,30284.63,0.00323,236.3,0.0078,97.79,9.59e-06,0.2907,21.81,0.0007205
2023-07-09 00:00:00,30287.99,0.00321,236.2,0.007798,97.2,9.57e-06,0.29,21.66,0.0007155
2023-07-09 04:00:00,30265.0,0.003196,234.6,0.00775,96.7,9.46e-06,0.2862,21.56,0.0007123
2023-07-09 08:00:00,30266.69,0.003192,234.9,0.007757,96.59,9.47e-06,0.2865,21.62,0.0007142
2023-07-09 12:00:00,30349.47,0.003194,234.3,0.007722,96.95,9.43e-06,0.2863,21.25,0.0007001
2023-07-09 16:00:00,30242.42,0.003198,234.8,0.007764,96.75,9.42e-06,0.2853,21.29,0.0007039
2023-07-09 20:00:00,30160.71,0.003152,234.1,0.007761,95.08,9.43e-06,0.2844,21.32,0.000707
2023-07-10 00:00:00,30156.17,0.003111,233.6,0.007745,93.87,9.43e-06,0.2842,21.25,0.0007043
2023-07-10 04:00:00,30112.1,0.0031,232.5,0.007724,93.39,9.4e-06,0.2832,20.74,0.0006884
2023-07-10 08:00:00,30240.0,0.003143,242.0,0.008004,95.01,9.43e-06,0.2851,20.8,0.0006879
2023-07-10 12:00:00,30312.81,0.003141,245.6,0.008102,95.22,9.5e-06,0.2879,21.15,0.0006977
2023-07-10 16:00:00,30837.4,0.003144,246.0,0.007976,96.99,9.44e-06,0.2913,21.58,0.0006999
2023-07-10 20:00:00,30411.57,0.003182,246.2,0.008093,96.72,9.46e-06,0.2878,21.3,0.0007002
2023-07-11 00:00:00,30476.0,0.003183,246.7,0.008098,96.99,9.52e-06,0.2902,21.74,0.0007131
2023-07-11 04:00:00,30535.38,0.003207,247.1,0.008093,97.94,9.54e-06,0.2915,22.11,0.0007239
2023-07-11 08:00:00,30404.31,0.003208,245.7,0.008082,97.5,9.58e-06,0.2913,22.05,0.0007254
2023-07-11 12:00:00,30596.45,0.003158,247.5,0.008087,96.59,9.5e-06,0.2905,22.13,0.0007238
2023-07-11 16:00:00,30581.99,0.003137,247.5,0.008093,95.93,9.47e-06,0.2897,21.97,0.0007185
2023-07-11 20:00:00,30622.1,0.003159,248.6,0.008118,96.77,9.56e-06,0.2927,22.07,0.0007207
2023-07-12 00:00:00,30588.32,0.003172,249.6,0.008156,97.03,9.58e-06,0.2932,21.91,0.0007165
2023-07-12 04:00:00,30740.0,0.003168,249.6,0.008119,97.36,9.55e-06,0.2936,22.03,0.0007164
2023-07-12 08:00:00,30776.25,0.00315,248.1,0.008062,96.96,9.5e-06,0.2925,22.13,0.0007191
2023-07-12 12:00:00,30524.63,0.003133,244.3,0.008003,95.63,9.51e-06,0.2907,22.42,0.000734
2023-07-12 16:00:00,30287.47,0.003137,243.5,0.008037,94.97,9.45e-06,0.2861,21.84,0.0007214
2023-07-12 20:00:00,30380.0,0.003167,243.9,0.008027,96.21,9.5e-06,0.289,21.94,0.0007221
2023-07-13 00:00:00,30298.01,0.003174,243.4,0.008029,96.15,9.46e-06,0.2867,21.65,0.0007147
2023-07-13 04:00:00,30366.02,0.003302,244.3,0.008042,100.3,9.43e-06,0.2863,21.76,0.0007169
2023-07-13 08:00:00,30543.99,0.003303,246.0,0.008054,100.87,9.46e-06,0.2889,22.41,0.0007338
2023-07-13 12:00:00,30917.48,0.003315,251.0,0.008119,102.52,1.007e-05,0.3112,24.06,0.000778
2023-07-13 16:00:00,31606.01,0.003247,254.0,0.008032,102.69,1.1e-05,0.3478,26.2,0.000829
2023-07-13 20:00:00,31454.23,0.003237,256.1,0.008143,101.85,1.133e-05,0.3567,26.01,0.0008271
2023-07-14 00:00:00,31460.0,0.003226,260.3,0.008273,101.5,1.148e-05,0.3611,28.54,0.0009072
2023-07-14 04:00:00,31098.74,0.003242,255.6,0.008221,100.85,1.133e-05,0.3526,28.71,0.0009236
2023-07-14 08:00:00,31209.59,0.003234,255.2,0.00818,100.91,1.125e-05,0.3511,28.05,0.0008989
2023-07-14 12:00:00,31240.48,0.003232,256.6,0.008214,100.95,1.111e-05,0.3472,28.17,0.0009019
2023-07-14 16:00:00,30115.17,0.003101,244.9,0.008129,93.34,1.066e-05,0.3214,26.07,0.0008657
2023-07-14 20:00:00,30312.01,0.003138,248.1,0.008184,95.13,1.082e-05,0.3277,26.67,0.0008801
2023-07-15 00:00:00,30292.91,0.003124,248.5,0.008201,94.62,1.078e-05,0.3263,27.15,0.0008961
2023-07-15 04:00:00,30338.0,0.003142,250.1,0.008242,95.32,1.103e-05,0.3348,28.73,0.0009468
2023-07-15 08:00:00,30311.99,0.003128,250.9,0.008274,94.79,1.097e-05,0.3324,28.93,0.0009543
2023-07-15 12:00:00,30303.41,0.003115,250.4,0.008263,94.42,1.093e-05,0.3309,27.56,0.0009093
2023-07-15 16:00:00,30326.47,0.003121,252.0,0.00831,94.67,1.087e-05,0.3294,27.9,0.0009196
2023-07-15 20:00:00,30289.52,0.003128,251.1,0.008288,94.78,1.076e-05,0.326,27.46,0.0009063
2023-07-16 00:00:00,30188.0,0.003121,248.3,0.008224,94.23,1.061e-05,0.3201,27.03,0.0008953
2023-07-16 04:00:00,30265.22,0.003132,248.6,0.008214,94.8,1.06e-05,0.3209,27.7,0.0009152
2023-07-16 08:00:00,30306.01,0.003118,250.2,0.008254,94.53,1.065e-05,0.3225,28.06,0.000926
2023-07-16 12:00:00,30379.95,0.003121,248.7,0.008187,94.83,1.057e-05,0.3211,28.1,0.0009249
2023-07-16 16:00:00,30252.93,0.003099,244.4,0.008079,93.74,1.042e-05,0.3151,27.37,0.0009048
2023-07-16 20:00:00,30231.99,0.003073,242.3,0.008018,92.89,1.041e-05,0.3146,27.42,0.0009066
2023-07-17 00:00:00,30312.66,0.003079,243.8,0.008048,93.29,1.05e-05,0.3184,28.02,0.0009241
2023-07-17 04:00:00,30281.0,0.003072,242.7,0.008016,93.01,1.045e-05,0.3167,27.64,0.0009126
2023-07-17 08:00:00,30161.7,0.003019,243.0,0.008059,91.09,1.032e-05,0.3113,27.13,0.0008995
2023-07-17 12:00:00,30174.83,0.003036,243.7,0.008077,91.61,1.038e-05,0.3133,27.01,0.0008951
2023-07-17 16:00:00,29884.39,0.003054,242.6,0.008117,91.3,1.037e-05,0.3098,26.18,0.0008759
2023-07-17 20:00:00,30138.0,0.003059,244.1,0.008103,92.2,1.035e-05,0.3118,26.8,0.0008893
2023-07-18 00:00:00,30073.96,0.003065,244.5,0.008126,92.14,1.028e-05,0.3093,26.56,0.0008833
2023-07-18 04:00:00,29968.13,0.003036,241.1,0.008044,90.99,1.022e-05,0.3063,25.71,0.0008575
2023-07-18 08:00:00,29884.01,0.003036,239.5,0.008019,90.75,1.015e-05,0.3034,25.02,0.0008371
2023-07-18 12:00:00,29912.0,0.003051,240.1,0.00803,91.25,1.019e-05,0.3047,25.53,0.0008533
2023-07-18 16:00:00,29715.99,0.003047,240.1,0.00808,90.57,1.022e-05,0.3035,25.29,0.0008511
2023-07-18 20:00:00,29859.13,0.003067,240.2,0.008046,91.56,1.037e-05,0.3095,25.54,0.0008557
2023-07-19 00:00:00,30059.11,0.003111,243.5,0.008097,93.52,1.065e-05,0.3201,26.4,0.0008782
2023-07-19 04:00:00,30000.68,0.003103,242.5,0.008083,93.06,1.053e-05,0.3158,26.21,0.0008735
2023-07-19 08:00:00,30012.63,0.003105,242.1,0.008067,93.18,1.056e-05,0.3167,26.48,0.0008822
2023-07-19 12:00:00,29956.46,0.003091,241.0,0.008047,92.62,1.044e-05,0.3127,26.37,0.0008801
2023-07-19 16:00:00,30044.31,0.003093,241.7,0.008049,92.93,1.078e-05,0.3242,26.77,0.0008914
2023-07-19 20:00:00,29909.21,0.003075,240.8,0.008055,91.99,1.079e-05,0.3226,26.31,0.0008797
2023-07-20 00:00:00,29948.01,0.003074,241.4,0.008059,92.11,1.094e-05,0.3277,26.49,0.0008846
2023-07-20 04:00:00,30202.77,0.003093,243.9,0.008072,93.45,1.078e-05,0.3255,26.87,0.0008894
2023-07-20 08:00:00,30284.9,0.003116,244.0,0.008057,94.36,1.073e-05,0.3253,27.16,0.0008967
2023-07-20 12:00:00,29810.18,0.003091,241.7,0.008109,92.15,1.066e-05,0.3176,25.69,0.0008616
2023-07-20 16:00:00,29756.0,0.003094,241.6,0.008117,92.05,1.064e-05,0.3167,25.39,0.0008533
2023-07-20 20:00:00,29800.0,0.0031,242.8,0.008145,92.37,1.06e-05,0.3161,25.38,0.0008516
2023-07-21 00:00:00,29897.62,0.003097,243.9,0.008161,92.63,1.059e-05,0.3169,25.49,0.0008523
2023-07-21 04:00:00,29766.81,0.003089,243.5,0.008178,91.98,1.049e-05,0.3121,25.18,0.0008457
2023-07-21 08:00:00,29778.51,0.0031,244.5,0.00821,92.28,1.051e-05,0.3131,25.28,0.0008488
2023-07-21 12:00:00,29866.0,0.003099,244.0,0.008172,92.52,1.05e-05,0.3139,25.31,0.0008475
2023-07-21 16:00:00,29875.99,0.003146,243.6,0.008153,94.01,1.051e-05,0.3141,25.79,0.0008635
2023-07-21 20:00:00,29901.72,0.003147,243.7,0.00815,94.09,1.046e-05,0.3127,25.5,0.000853
2023-07-22 00:00:00,29903.41,0.003168,244.5,0.008174,94.71,1.047e-05,0.3133,25.84,0.000864
2023-07-22 04:00:00,29944.77,0.003157,243.7,0.008137,94.54,1.044e-05,0.3129,25.77,0.0008605
2023-07-22 08:00:00,29886.94,0.003134,242.7,0.008122,93.7,1.042e-05,0.3116,25.6,0.0008568
2023-07-22 12:00:00,29900.24,0.003142,242.8,0.00812,93.92,1.048e-05,0.3137,25.68,0.0008589
2023-07-22 16:00:00,29836.0,0.003128,242.5,0.008125,93.32,1.044e-05,0.3117,25.29,0.0008477
2023-07-22 20:00:00,29794.0,0.003092,241.1,0.008092,92.09,1.041e-05,0.31,24.52,0.0008232
2023-07-23 00:00:00,29845.72,0.0031,241.8,0.0081,92.52,1.055e-05,0.315,24.71,0.0008279
2023-07-23 04:00:00,29916.0,0.003092,242.6,0.008106,92.52,1.057e-05,0.316,24.68,0.0008252
2023-07-23 08:00:00,29888.58,0.003095,242.1,0.008099,92.5,1.052e-05,0.3145,24.67,0.0008253
2023-07-23 12:00:00,29897.64,0.003081,242.2,0.008099,92.12,1.052e-05,0.3144,24.69,0.0008253
2023-07-23 16:00:00,30093.12,0.003084,242.6,0.008059,92.83,1.052e-05,0.3163,24.9,0.0008272
2023-07-23 20:00:00,30083.75,0.003098,242.5,0.008059,93.16,1.055e-05,0.3171,24.76,0.0008232
2023-07-24 00:00:00,29716.01,0.003099,240.8,0.008101,92.07,1.051e-05,0.312,24.35,0.000819
2023-07-24 04:00:00,29828.0,0.0031,241.9,0.008108,92.48,1.055e-05,0.3148,24.58,0.0008243
2023-07-24 08:00:00,29269.99,0.003042,238.6,0.008152,89.06,1.046e-05,0.3063,23.63,0.0008069
2023-07-24 12:00:00,29093.78,0.003053,236.9,0.008145,88.85,1.041e-05,0.3026,23.21,0.0007978
2023-07-24 16:00:00,29117.99,0.003052,237.9,0.00817,88.91,1.041e-05,0.3033,23.31,0.0008002
2023-07-24 20:00:00,29176.5,0.003056,238.9,0.008187,89.14,1.046e-05,0.3053,23.37,0.0008007
2023-07-25 00:00:00,29111.0,0.003059,238.5,0.00819,89.07,1.042e-05,0.3032,23.37,0.000803
2023-07-25 04:00:00,29142.46,0.003059,237.1,0.008138,89.18,1.041e-05,0.3034,23.09,0.0007922
2023-07-25 08:00:00,29128.29,0.003064,238.0,0.008168,89.26,1.041e-05,0.3033,23.17,0.0007955
2023-07-25 12:00:00,29181.51,0.003049,237.4,0.008131,89.01,1.044e-05,0.3044,23.22,0.0007952
2023-07-25 16:00:00,29198.83,0.003044,237.3,0.008123,88.89,1.037e-05,0.303,23.17,0.0007931
2023-07-25 20:00:00,29228.91,0.003061,237.7,0.008133,89.45,1.039e-05,0.3037,23.27,0.0007963
2023-07-26 00:00:00,29242.81,0.003066,238.4,0.008151,89.63,1.039e-05,0.3035,23.52,0.000804
2023-07-26 04:00:00,29216.61,0.003072,237.6,0.008135,89.72,1.033e-05,0.3018,23.48,0.0008038
2023-07-26 08:00:00,29175.39,0.003058,236.8,0.008118,89.18,1.033e-05,0.3013,23.82,0.0008162
2023-07-26 12:00:00,29324.0,0.003057,238.1,0.008124,89.65,1.042e-05,0.3055,24.91,0.0008497
2023-07-26 16:00:00,29401.93,0.003042,238.9,0.008124,89.46,1.045e-05,0.3072,25.37,0.0008629
2023-07-26 20:00:00,29351.96,0.003089,239.0,0.008143,90.64,1.046e-05,0.3069,25.17,0.0008575
2023-07-27 00:00:00,29405.78,0.003098,239.9,0.008158,91.05,1.055e-05,0.31,24.93,0.0008477
2023-07-27 04:00:00,29412.17,0.003085,242.1,0.008235,90.75,1.056e-05,0.3108,25.02,0.0008504
2023-07-27 08:00:00,29507.03,0.003091,242.0,0.008201,91.22,1.053e-05,0.3108,25.39,0.0008604
2023-07-27 12:00:00,29292.01,0.003095,240.7,0.008214,90.65,1.053e-05,0.3087,25.16,0.0008589
2023-07-27 16:00:00,29163.83,0.003095,240.1,0.008234,90.29,1.053e-05,0.3071,24.94,0.0008552
2023-07-27 20:00:00,29222.78,0.0031,240.6,0.008236,90.6,1.054e-05,0.3077,25.1,0.0008589
2023-07-28 00:00:00,29253.85,0.003111,240.8,0.00823,91.02,1.054e-05,0.3084,24.94,0.0008523
2023-07-28 04:00:00,29140.8,0.003117,240.8,0.008265,90.82,1.056e-05,0.3078,24.63,0.0008452
2023-07-28 08:00:00,29206.59,0.003119,241.0,0.008252,91.15,1.064e-05,0.311,24.63,0.0008437
2023-07-28 12:00:00,29387.99,0.003121,241.6,0.008222,91.69,1.058e-05,0.311,25.23,0.0008583
2023-07-28 16:00:00,29316.0,0.003114,242.7,0.008276,91.3,1.061e-05,0.3113,25.05,0.0008542
2023-07-28 20:00:00,29314.14,0.00312,241.9,0.008252,91.44,1.057e-05,0.3099,24.82,0.0008464
2023-07-29 00:00:00,29371.89,0.003104,241.9,0.008237,91.16,1.06e-05,0.3112,25.13,0.0008559
2023-07-29 04:00:00,29295.01,0.003107,241.5,0.008243,91.05,1.061e-05,0.3106,25.07,0.0008557
2023-07-29 08:00:00,29267.16,0.003106,241.3,0.008247,90.93,1.055e-05,0.309,24.97,0.0008531
2023-07-29 12:00:00,29292.34,0.003111,241.9,0.008255,91.14,1.061e-05,0.3107,25.08,0.000856
2023-07-29 16:00:00,29338.02,0.003118,242.1,0.008252,91.5,1.066e-05,0.3126,25.22,0.0008597
2023-07-29 20:00:00,29352.9,0.003214,242.4,0.008261,94.32,1.066e-05,0.313,25.17,0.0008573
2023-07-30 00:00:00,29314.92,0.003229,242.4,0.008267,94.63,1.07e-05,0.3137,25.02,0.0008538
2023-07-30 04:00:00,29294.31,0.003224,242.6,0.008282,94.46,1.075e-05,0.3147,24.93,0.000851
2023-07-30 08:00:00,29314.0,0.003226,242.3,0.008266,94.58,1.073e-05,0.3145,24.97,0.0008522
2023-07-30 12:00:00,29349.37,0.003224,243.0,0.008277,94.6,1.069e-05,0.3139,24.9,0.0008483
2023-07-30 16:00:00,29202.28,0.003186,241.7,0.008275,93.02,1.059e-05,0.3092,24.24,0.0008303
2023-07-30 20:00:00,29281.09,0.003212,242.5,0.008284,94.03,1.077e-05,0.3156,24.25,0.0008281
2023-07-31 00:00:00,29421.99,0.003197,243.6,0.008279,94.1,1.071e-05,0.3149,24.64,0.0008373
2023-07-31 04:00:00,29373.61,0.003174,243.3,0.008282,93.26,1.063e-05,0.3124,24.49,0.0008338
2023-07-31 08:00:00,29405.99,0.00319,243.4,0.008273,93.76,1.067e-05,0.3135,24.46,0.0008319
2023-07-31 12:00:00,29247.98,0.00315,242.2,0.008278,92.12,1.065e-05,0.3117,23.92,0.0008181
2023-07-31 16:00:00,29157.48,0.003143,241.4,0.008275,91.75,1.061e-05,0.3094,23.68,0.0008117
2023-07-31 20:00:00,29232.25,0.003156,241.0,0.008243,92.28,1.051e-05,0.307,23.73,0.0008115
2023-08-01 00:00:00,28835.0,0.003123,239.4,0.008301,90.03,1.047e-05,0.3015,23.4,0.0008113
2023-08-01 04:00:00,28937.3,0.003121,245.4,0.008482,90.3,1.054e-05,0.3048,23.48,0.0008113
2023-08-01 08:00:00,28862.19,0.003123,244.7,0.008476,90.2,1.055e-05,0.3046,23.33,0.0008085
2023-08-01 12:00:00,28954.0,0.003216,245.2,0.008462,93.11,1.055e-05,0.3053,23.27,0.0008037
2023-08-01 16:00:00,29274.41,0.003197,246.9,0.008432,93.6,1.047e-05,0.3065,23.62,0.0008064
2023-08-01 20:00:00,29705.99,0.003162,247.7,0.008341,93.94,1.045e-05,0.3103,24.05,0.0008097
2023-08-02 00:00:00,29632.96,0.00313,245.7,0.008292,92.75,1.038e-05,0.3074,23.67,0.0007985
2023-08-02 04:00:00,29577.26,0.003071,244.6,0.008273,90.86,1.035e-05,0.3058,23.64,0.000799
2023-08-02 08:00:00,29562.49,0.003089,246.0,0.008319,91.29,1.043e-05,0.3081,23.68,0.0008009
2023-08-02 12:00:00,29321.4,0.003036,243.2,0.008295,89.01,1.033e-05,0.303,23.26,0.0007933
2023-08-02 16:00:00,29151.56,0.00301,241.4,0.008284,87.74,1.035e-05,0.3019,23.18,0.0007955
2023-08-02 20:00:00,29186.01,0.003001,240.7,0.008249,87.54,1.026e-05,0.2993,23.15,0.0007934
2023-08-03 00:00:00,29182.14,0.002997,240.4,0.008239,87.43,1.027e-05,0.2995,23.24,0.0007967
2023-08-03 04:00:00,29044.17,0.002958,239.3,0.008239,85.92,1.017e-05,0.2953,22.71,0.0007818
2023-08-03 08:00:00,29146.01,0.002963,240.7,0.00826,86.35,1.016e-05,0.296,22.75,0.0007807
2023-08-03 12:00:00,29259.07,0.002952,241.4,0.00825,86.4,1.014e-05,0.2966,22.79,0.0007793
2023-08-03 16:00:00,29281.32,0.002945,241.1,0.008235,86.22,1.009e-05,0.2954,22.89,0.0007817
2023-08-03 20:00:00,29193.64,0.002827,241.1,0.008258,82.55,1.001e-05,0.2922,22.65,0.0007758
2023-08-04 00:00:00,29161.29,0.002841,241.6,0.008284,82.85,1.009e-05,0.294,22.74,0.00078
2023-08-04 04:00:00,29212.92,0.002839,242.1,0.008289,82.88,1.003e-05,0.2928,22.97,0.0007864
2023-08-04 08:00:00,29167.51,0.002847,241.9,0.008293,83.01,1.005e-05,0.293,22.91,0.0007855
2023-08-04 12:00:00,29274.28,0.002846,243.1,0.008307,83.35,1.011e-05,0.296,23.35,0.0007975
2023-08-04 16:00:00,29032.06,0.002829,241.6,0.00832,82.14,1.01e-05,0.2933,22.94,0.00079
2023-08-04 20:00:00,29113.99,0.002823,241.7,0.008305,82.2,1.008e-05,0.2935,22.8,0.0007831
2023-08-05 00:00:00,29094.53,0.002826,241.0,0.008286,82.21,1.006e-05,0.2927,22.73,0.0007815
2023-08-05 04:00:00,29052.81,0.002834,241.3,0.008301,82.31,1.002e-05,0.2911,22.77,0.0007836
2023-08-05 08:00:00,29048.0,0.002837,241.6,0.008315,82.37,1.005e-05,0.2917,22.79,0.0007845
2023-08-05 12:00:00,29041.49,0.002847,242.2,0.008337,82.7,1.003e-05,0.2912,22.59,0.0007781
2023-08-05 16:00:00,29067.35,0.002848,242.6,0.008349,82.81,1.007e-05,0.2927,22.59,0.0007771
2023-08-05 20:00:00,29072.13,0.00286,243.2,0.008366,83.12,1.011e-05,0.2938,22.65,0.0007794
2023-08-06 00:00:00,29063.99,0.002867,244.7,0.00842,83.33,1.016e-05,0.2952,22.84,0.0007857
2023-08-06 04:00:00,29092.68,0.002862,245.1,0.008427,83.25,1.012e-05,0.2945,23.02,0.0007914
2023-08-06 08:00:00,29078.01,0.002867,244.3,0.008403,83.33,1.014e-05,0.2948,23.21,0.0007981
2023-08-06 12:00:00,29012.93,0.002828,243.1,0.008381,82.04,1.003e-05,0.2912,23.03,0.0007937
2023-08-06 16:00:00,29088.0,0.002844,243.2,0.008364,82.71,1.004e-05,0.292,23.21,0.000798
2023-08-06 20:00:00,29088.42,0.00284,243.2,0.008361,82.57,1.005e-05,0.2923,23.2,0.0007976
2023-08-07 00:00:00,29162.67,0.002853,243.7,0.008354,83.18,1.01e-05,0.2944,23.31,0.0007992
2023-08-07 04:00:00,29094.09,0.00284,242.8,0.008345,82.67,1.004e-05,0.2925,23.15,0.0007957
2023-08-07 08:00:00,29091.44,0.002855,242.7,0.008341,83.04,1.007e-05,0.293,23.09,0.0007939
2023-08-07 12:00:00,28858.44,0.002831,241.1,0.008353,81.73,1.002e-05,0.2893,22.77,0.0007887
2023-08-07 16:00:00,29154.91,0.002808,241.8,0.008294,81.86,9.93e-06,0.2891,22.97,0.0007879
2023-08-07 20:00:00,29211.06,0.002824,242.1,0.008286,82.49,9.96e-06,0.291,23.12,0.0007916
2023-08-08 00:00:00,29195.08,0.002819,242.4,0.008304,82.32,9.97e-06,0.2914,23.15,0.0007928
2023-08-08 04:00:00,29187.62,0.002823,242.8,0.008318,82.43,9.97e-06,0.291,23.23,0.0007959
2023-08-08 08:00:00,29438.63,0.002828,243.9,0.008287,83.22,9.96e-06,0.2935,23.38,0.0007943
2023-08-08 12:00:00,29535.39,0.002845,244.8,0.008289,84.02,1e-05,0.2954,23.73,0.0008035
2023-08-08 16:00:00,29884.24,0.002822,246.3,0.008245,84.33,1.001e-05,0.2992,24.59,0.0008231
2023-08-08 20:00:00,29770.42,0.002818,245.2,0.008232,83.86,9.99e-06,0.2974,24.22,0.0008132
2023-08-09 00:00:00,29716.01,0.002819,244.3,0.00822,83.77,1e-05,0.2974,24.31,0.0008179
2023-08-09 04:00:00,29818.0,0.00282,245.0,0.008217,84.07,1.003e-05,0.2994,24.57,0.0008241
2023-08-09 08:00:00,29888.32,0.002811,244.1,0.008168,83.99,1e-05,0.2985,24.85,0.0008318
2023-08-09 12:00:00,29761.7,0.00281,243.9,0.008196,83.64,1.002e-05,0.298,24.56,0.0008252
2023-08-09 16:00:00,29416.22,0.002842,243.0,0.008261,83.58,1.015e-05,0.2989,24.3,0.0008259
2023-08-09 20:00:00,29581.99,0.002841,243.8,0.008244,84.08,1.018e-05,0.3013,24.38,0.0008243
2023-08-10 00:00:00,29582.63,0.002844,243.3,0.008222,84.12,1.017e-05,0.3008,24.23,0.0008191
2023-08-10 04:00:00,29512.0,0.002844,242.1,0.0082,83.93,1.008e-05,0.2973,24.32,0.0008242
2023-08-10 08:00:00,29504.01,0.002828,241.9,0.008203,83.44,1.008e-05,0.2974,24.4,0.0008271
2023-08-10 12:00:00,29466.0,0.00283,242.2,0.008217,83.39,1.01e-05,0.2974,24.56,0.0008334
2023-08-10 16:00:00,29444.52,0.002816,241.0,0.008183,82.89,1.01e-05,0.2972,24.6,0.0008355
2023-08-10 20:00:00,29455.75,0.002822,241.5,0.008198,83.14,1.007e-05,0.2965,24.62,0.0008358
2023-08-11 00:00:00,29412.0,0.002831,240.6,0.008181,83.25,1.007e-05,0.2962,24.68,0.0008394
2023-08-11 04:00:00,29417.28,0.002826,240.7,0.008183,83.13,1.008e-05,0.2964,24.49,0.0008327
2023-08-11 08:00:00,29445.96,0.002824,240.9,0.008182,83.19,1.008e-05,0.2967,24.53,0.0008334
2023-08-11 12:00:00,29395.89,0.002825,238.8,0.008128,83.04,1.002e-05,0.2943,24.55,0.0008349
2023-08-11 16:00:00,29396.76,0.00282,239.3,0.008139,82.9,9.99e-06,0.2935,24.45,0.0008317
2023-08-11 20:00:00,29426.03,0.002841,239.7,0.008148,83.58,9.96e-06,0.2933,24.62,0.0008369
2023-08-12 00:00:00,29402.07,0.002849,240.4,0.008176,83.74,9.96e-06,0.2931,24.48,0.0008326
2023-08-12 04:00:00,29421.49,0.002842,240.7,0.008178,83.6,1e-05,0.2941,24.54,0.0008343
2023-08-12 08:00:00,29429.85,0.002851,240.9,0.008186,83.89,9.99e-06,0.2941,24.55,0.0008342
2023-08-12 12:00:00,29438.81,0.002839,240.6,0.008172,83.58,9.98e-06,0.2938,24.66,0.000838
2023-08-12 16:00:00,29416.16,0.002833,240.5,0.008178,83.38,9.91e-06,0.2916,24.75,0.000841
2023-08-12 20:00:00,29430.17,0.002836,240.3,0.008164,83.47,9.92e-06,0.2919,24.91,0.0008464
2023-08-13 00:00:00,29418.56,0.002833,240.3,0.008169,83.31,9.91e-06,0.2913,24.9,0.0008461
2023-08-13 04:00:00,29396.36,0.002831,240.3,0.008176,83.22,9.89e-06,0.2907,24.77,0.0008421
2023-08-13 08:00:00,29383.38,0.002823,240.8,0.008191,82.95,9.89e-06,0.2905,24.69,0.0008404
2023-08-13 12:00:00,29374.2,0.002823,240.4,0.008183,82.94,9.9e-06,0.2907,24.59,0.0008371
2023-08-13 16:00:00,29442.91,0.00283,241.6,0.008203,83.32,9.96e-06,0.2931,24.66,0.0008377
2023-08-13 20:00:00,29303.84,0.002796,240.2,0.008196,81.92,9.88e-06,0.2894,24.23,0.0008267
2023-08-14 00:00:00,29399.91,0.002792,240.8,0.008194,82.07,9.89e-06,0.2905,24.4,0.0008297
2023-08-14 04:00:00,29422.01,0.002795,240.5,0.008177,82.22,9.87e-06,0.2905,24.41,0.0008301
2023-08-14 08:00:00,29409.99,0.002792,240.5,0.00818,82.09,9.87e-06,0.2903,24.51,0.0008335
2023-08-14 12:00:00,29599.99,0.002798,241.0,0.008144,82.8,9.85e-06,0.2917,24.82,0.0008385
2023-08-14 16:00:00,29360.54,0.002795,240.2,0.008181,82.06,9.87e-06,0.2899,24.83,0.0008455
2023-08-14 20:00:00,29430.93,0.00279,240.4,0.00817,82.11,9.88e-06,0.2906,25.18,0.0008558
2023-08-15 00:00:00,29402.01,0.002776,239.9,0.008161,81.59,9.86e-06,0.2897,25.0,0.0008502
2023-08-15 04:00:00,29408.84,0.002784,239.5,0.008145,81.88,9.86e-06,0.2902,24.89,0.0008461
2023-08-15 08:00:00,29366.0,0.002779,238.7,0.008132,81.63,9.83e-06,0.2884,24.83,0.0008455
2023-08-15 12:00:00,29332.66,0.002773,239.1,0.008148,81.35,9.82e-06,0.2881,24.72,0.0008427
2023-08-15 16:00:00,29181.73,0.002719,236.4,0.008101,79.34,9.66e-06,0.2814,24.05,0.0008244
2023-08-15 20:00:00,29200.0,0.002714,236.7,0.008111,79.26,9.66e-06,0.282,23.9,0.0008187
2023-08-16 00:00:00,29228.51,0.002709,236.5,0.008093,79.17,9.62e-06,0.2811,23.69,0.0008102
2023-08-16 04:00:00,29197.67,0.002703,234.8,0.008043,78.89,9.58e-06,0.2795,23.45,0.0008032
2023-08-16 08:00:00,29164.67,0.002701,234.9,0.008052,78.76,9.54e-06,0.2779,23.51,0.000806
2023-08-16 12:00:00,29106.55,0.00268,233.3,0.008014,78.0,9.39e-06,0.2734,23.09,0.0007931
2023-08-16 16:00:00,29111.7,0.002648,234.2,0.00804,77.06,9.45e-06,0.2751,23.34,0.0008016
2023-08-16 20:00:00,28730.51,0.002595,232.0,0.008075,74.56,9.56e-06,0.2747,22.82,0.0007941
2023-08-17 00:00:00,28657.31,0.00262,231.2,0.008066,75.08,9.65e-06,0.2767,23.31,0.0008134
2023-08-17 04:00:00,28621.99,0.002637,231.1,0.008077,75.46,9.67e-06,0.2767,23.25,0.0008129
2023-08-17 08:00:00,28545.11,0.002631,230.9,0.008087,75.07,9.66e-06,0.2756,23.08,0.0008088
2023-08-17 12:00:00,27934.02,0.002634,225.2,0.008061,73.56,9.62e-06,0.2688,22.87,0.0008187
2023-08-17 16:00:00,27894.01,0.002671,226.3,0.008114,74.45,9.81e-06,0.2739,23.09,0.0008279
2023-08-17 20:00:00,26623.41,0.002434,218.1,0.008188,64.77,9.59e-06,0.2553,21.66,0.0008139
2023-08-18 00:00:00,26398.0,0.002441,215.4,0.008157,64.43,9.83e-06,0.2596,21.56,0.0008162
2023-08-18 04:00:00,26429.99,0.002473,219.3,0.008296,65.37,9.99e-06,0.264,22.08,0.0008356
2023-08-18 08:00:00,26494.0,0.002465,219.5,0.008287,65.28,1.005e-05,0.2665,22.02,0.0008314
2023-08-18 12:00:00,26002.0,0.002482,217.0,0.008346,64.48,1.011e-05,0.2627,21.6,0.0008311
2023-08-18 16:00:00,26065.01,0.002463,216.2,0.008298,64.18,1.009e-05,0.263,21.29,0.0008168
2023-08-18 20:00:00,26054.0,0.002456,216.1,0.008291,63.98,1.014e-05,0.264,21.34,0.0008192
2023-08-19 00:00:00,25967.51,0.002467,215.5,0.008303,64.04,1.009e-05,0.2622,21.43,0.0008252
2023-08-19 04:00:00,25917.99,0.002468,215.9,0.008326,63.94,1.015e-05,0.263,21.83,0.0008419
2023-08-19 08:00:00,25900.08,0.002464,215.2,0.00831,63.83,1.017e-05,0.2634,21.65,0.0008355
2023-08-19 12:00:00,26216.01,0.002467,217.3,0.008292,64.7,1.025e-05,0.2688,21.97,0.0008381
2023-08-19 16:00:00,26125.62,0.002452,216.8,0.008301,64.08,1.026e-05,0.2682,21.88,0.0008376
2023-08-19 20:00:00,26100.01,0.002459,216.8,0.008311,64.18,1.031e-05,0.2688,21.9,0.0008388
2023-08-20 00:00:00,26105.24,0.002465,216.5,0.0083,64.36,1.021e-05,0.2664,21.81,0.0008354
2023-08-20 04:00:00,26088.44,0.002463,215.9,0.008278,64.25,1.017e-05,0.2656,21.74,0.0008334
2023-08-20 08:00:00,26176.7,0.002483,216.7,0.008281,64.97,1.024e-05,0.2681,21.97,0.0008391
2023-08-20 12:00:00,26106.83,0.002471,216.2,0.008282,64.52,1.03e-05,0.2689,21.8,0.000835
2023-08-20 16:00:00,26137.25,0.002486,216.9,0.008302,64.97,1.04e-05,0.2719,21.79,0.0008337
2023-08-20 20:00:00,26189.99,0.002492,216.5,0.008268,65.25,1.033e-05,0.2703,21.77,0.0008313
2023-08-21 00:00:00,26090.66,0.002543,216.0,0.008282,66.33,1.036e-05,0.2703,21.4,0.0008204
2023-08-21 04:00:00,26023.34,0.00252,214.7,0.008251,65.56,1.028e-05,0.2674,21.35,0.0008202
2023-08-21 08:00:00,26031.6,0.002522,210.7,0.008092,65.66,1.027e-05,0.2673,21.23,0.0008154
2023-08-21 12:00:00,25939.59,0.002501,208.5,0.008037,64.86,1.008e-05,0.2614,20.71,0.0007987
2023-08-21 16:00:00,26097.74,0.002542,210.7,0.008077,66.34,1.014e-05,0.2646,21.28,0.0008156
2023-08-21 20:00:00,26126.92,0.002564,210.4,0.008052,67.0,1.007e-05,0.2628,21.2,0.0008112
2023-08-22 00:00:00,26055.99,0.002556,210.0,0.008061,66.57,1.005e-05,0.2619,21.11,0.0008098
2023-08-22 04:00:00,26106.69,0.002546,209.8,0.008036,66.48,1.003e-05,0.2618,21.18,0.0008112
2023-08-22 08:00:00,26049.64,0.00254,209.1,0.008027,66.2,9.95e-06,0.2592,20.94,0.0008037
2023-08-22 12:00:00,25936.61,0.002539,205.6,0.007929,65.9,9.88e-06,0.256,20.69,0.0007978
2023-08-22 16:00:00,25779.99,0.002489,208.4,0.008079,64.14,9.83e-06,0.2537,20.07,0.0007784
2023-08-22 20:00:00,26056.0,0.002488,210.9,0.008096,64.83,9.93e-06,0.2588,20.59,0.0007899
2023-08-23 00:00:00,26006.32,0.002489,212.5,0.008176,64.69,9.94e-06,0.2584,20.59,0.0007919
2023-08-23 04:00:00,26057.13,0.002496,216.4,0.008301,65.02,9.97e-06,0.2601,20.75,0.0007964
2023-08-23 08:00:00,25939.49,0.002488,214.8,0.00828,64.52,1.002e-05,0.2597,20.63,0.0007951
2023-08-23 12:00:00,26144.0,0.002496,215.4,0.008238,65.31,1.005e-05,0.2629,20.92,0.0008003
2023-08-23 16:00:00,26632.0,0.002492,217.8,0.008177,66.46,1.007e-05,0.2684,21.5,0.0008072
2023-08-23 20:00:00,26432.72,0.002484,216.6,0.008195,65.64,1.015e-05,0.2681,21.74,0.0008223
2023-08-24 00:00:00,26442.01,0.002488,217.3,0.008216,65.76,1.016e-05,0.2687,21.76,0.000823
2023-08-24 04:00:00,26477.38,0.002479,219.3,0.008285,65.64,1.015e-05,0.2689,21.74,0.0008212
2023-08-24 08:00:00,26444.02,0.002479,219.6,0.008302,65.5,1.011e-05,0.2671,21.78,0.0008238
2023-08-24 12:00:00,25996.34,0.002473,216.7,0.008336,64.32,1.009e-05,0.2626,21.03,0.0008093
2023-08-24 16:00:00,26039.44,0.002481,217.0,0.008336,64.63,1.017e-05,0.2647,20.93,0.0008036
2023-08-24 20:00:00,26180.05,0.002479,219.0,0.008365,64.88,1.016e-05,0.2659,21.06,0.0008044
2023-08-25 00:00:00,26106.0,0.00246,217.1,0.008315,64.25,1.007e-05,0.2631,20.74,0.0007941
2023-08-25 04:00:00,25980.5,0.002479,215.3,0.008286,64.4,1.008e-05,0.2617,20.56,0.0007915
2023-08-25 08:00:00,26096.4,0.00248,216.3,0.008287,64.71,1.008e-05,0.2629,20.68,0.0007923
2023-08-25 12:00:00,25932.01,0.002499,216.8,0.008363,64.77,1.005e-05,0.2605,20.34,0.0007847
2023-08-25 16:00:00,25972.36,0.002499,217.4,0.008369,64.95,1e-05,0.2599,20.24,0.0007792
2023-08-25 20:00:00,26060.01,0.0025,218.4,0.008382,65.13,1.003e-05,0.2612,20.42,0.0007835
2023-08-26 00:00:00,26087.15,0.002504,217.8,0.008347,65.32,9.97e-06,0.2603,20.41,0.0007822
2023-08-26 04:00:00,26050.81,0.00251,217.2,0.008335,65.37,9.99e-06,0.2604,20.31,0.0007798
2023-08-26 08:00:00,26045.87,0.002513,217.4,0.008343,65.44,9.94e-06,0.2591,20.3,0.0007791
2023-08-26 12:00:00,26054.0,0.002504,217.3,0.008338,65.23,1.001e-05,0.2604,20.37,0.0007817
2023-08-26 16:00:00,26034.21,0.002498,216.6,0.008317,65.05,1.001e-05,0.2609,20.35,0.0007813
2023-08-26 20:00:00,26017.37,0.002499,216.5,0.00832,65.01,1.004e-05,0.261,20.29,0.0007799
2023-08-27 00:00:00,26021.96,0.002499,216.2,0.008309,65.0,1.002e-05,0.2607,20.3,0.00078
2023-08-27 04:00:00,26043.61,0.002502,216.7,0.00832,65.18,1.01e-05,0.2631,20.38,0.0007825
2023-08-27 08:00:00,26060.44,0.002503,216.9,0.008323,65.22,1.011e-05,0.2631,20.57,0.0007895
2023-08-27 12:00:00,26122.15,0.00251,218.6,0.008365,65.59,1.008e-05,0.2636,20.75,0.0007942
2023-08-27 16:00:00,26125.49,0.002501,218.7,0.008374,65.29,1.004e-05,0.2624,20.77,0.0007954
2023-08-27 20:00:00,26101.77,0.002506,218.4,0.008366,65.39,1.01e-05,0.2634,20.79,0.0007966
2023-08-28 00:00:00,26012.98,0.002492,218.0,0.008379,64.84,1.002e-05,0.2609,20.49,0.0007876
2023-08-28 04:00:00,25934.12,0.002483,216.2,0.008335,64.38,1.002e-05,0.2599,20.39,0.0007863
2023-08-28 08:00:00,26000.99,0.002484,216.7,0.008338,64.58,1.001e-05,0.2604,20.37,0.0007832
2023-08-28 12:00:00,26104.17,0.002499,218.4,0.008367,65.27,1.018e-05,0.2656,20.54,0.0007868
2023-08-28 16:00:00,25996.26,0.002505,217.8,0.008377,65.1,1.019e-05,0.2651,20.47,0.0007877
2023-08-28 20:00:00,26120.0,0.002508,218.8,0.008373,65.52,1.025e-05,0.2676,20.56,0.0007872
2023-08-29 00:00:00,26083.19,0.002508,218.3,0.008365,65.4,1.017e-05,0.2654,20.51,0.0007859
2023-08-29 04:00:00,26004.2,0.002504,217.6,0.008367,65.11,1.011e-05,0.2627,20.27,0.0007793
2023-08-29 08:00:00,25975.55,0.002494,217.5,0.00837,64.81,1.004e-05,0.261,20.15,0.0007755
2023-08-29 12:00:00,27423.44,0.002487,228.2,0.008323,68.2,9.99e-06,0.2738,21.32,0.0007776
2023-08-29 16:00:00,27831.33,0.002469,227.2,0.008163,68.73,9.91e-06,0.2758,21.58,0.0007754
2023-08-29 20:00:00,27716.34,0.002483,226.9,0.008184,68.86,9.84e-06,0.2726,21.79,0.0007861
2023-08-30 00:00:00,27391.13,0.002477,225.3,0.008225,67.9,9.74e-06,0.267,21.64,0.0007902
2023-08-30 04:00:00,27436.25,0.002469,225.2,0.008206,67.74,9.69e-06,0.2658,21.64,0.0007884
2023-08-30 08:00:00,27338.51,0.002466,224.3,0.008201,67.43,9.68e-06,0.2644,21.42,0.0007832
2023-08-30 12:00:00,27201.63,0.002465,223.1,0.008198,67.04,9.66e-06,0.2629,20.84,0.0007658
2023-08-30 16:00:00,27178.28,0.00248,222.7,0.008194,67.42,9.71e-06,0.2638,20.68,0.0007609
2023-08-30 20:00:00,27299.99,0.002478,223.8,0.008197,67.65,9.73e-06,0.2654,20.82,0.0007627
2023-08-31 00:00:00,27217.27,0.002469,222.8,0.008186,67.19,9.73e-06,0.2647,20.64,0.0007586
2023-08-31 04:00:00,27261.03,0.00249,223.5,0.008199,67.89,9.74e-06,0.2653,20.78,0.0007621
2023-08-31 08:00:00,27303.96,0.002492,224.6,0.008229,68.02,9.71e-06,0.2653,20.89,0.0007648
2023-08-31 12:00:00,26922.01,0.002455,221.5,0.008225,66.11,9.63e-06,0.2591,20.33,0.0007553
2023-08-31 16:00:00,26162.79,0.002457,217.1,0.008297,64.26,9.73e-06,0.2546,19.83,0.0007578
2023-08-31 20:00:00,25940.78,0.002462,216.7,0.008349,63.89,9.85e-06,0.2554,19.74,0.0007606
2023-09-01 00:00:00,26081.01,0.002456,216.8,0.008313,64.05,9.84e-06,0.2563,19.89,0.0007626
2023-09-01 04:00:00,25990.92,0.002451,214.2,0.008242,63.69,9.84e-06,0.2561,19.8,0.0007618
2023-09-01 08:00:00,26047.49,0.002455,214.9,0.008249,63.94,9.92e-06,0.2582,19.84,0.0007621
2023-09-01 12:00:00,25811.0,0.00245,213.3,0.008266,63.24,9.89e-06,0.2555,19.39,0.0007515
2023-09-01 16:00:00,25645.66,0.002454,213.2,0.008312,62.91,9.9e-06,0.2538,19.27,0.0007519
2023-09-01 20:00:00,25805.05,0.002442,213.7,0.008279,62.98,9.89e-06,0.2551,19.33,0.0007488
2023-09-02 00:00:00,25798.08,0.002459,214.8,0.008327,63.47,9.94e-06,0.2565,19.57,0.0007589
2023-09-02 04:00:00,25795.47,0.00246,214.2,0.008305,63.44,9.9e-06,0.2554,19.58,0.000759
2023-09-02 08:00:00,25813.54,0.002483,214.7,0.008318,64.11,9.88e-06,0.2549,19.57,0.000758
2023-09-02 12:00:00,25894.76,0.002484,214.7,0.008289,64.29,9.89e-06,0.2563,19.56,0.0007555
2023-09-02 16:00:00,25833.39,0.002494,213.7,0.008275,64.43,9.88e-06,0.2555,19.41,0.0007512
2023-09-02 20:00:00,25869.51,0.002498,214.4,0.00829,64.59,9.91e-06,0.2562,19.5,0.0007534
2023-09-03 00:00:00,25863.91,0.002506,214.0,0.008274,64.8,9.88e-06,0.2556,19.63,0.000759
2023-09-03 04:00:00,25956.22,0.002476,214.6,0.008272,64.23,9.85e-06,0.2557,19.52,0.0007525
2023-09-03 08:00:00,25943.38,0.00247,214.6,0.008272,64.06,9.83e-06,0.2548,19.42,0.0007485
2023-09-03 12:00:00,25873.5,0.002466,213.8,0.008264,63.79,9.82e-06,0.2541,19.34,0.0007474
2023-09-03 16:00:00,26011.16,0.002462,214.3,0.008239,64.05,9.83e-06,0.2554,19.48,0.0007491
2023-09-03 20:00:00,25971.21,0.002462,214.4,0.008252,63.93,9.86e-06,0.2559,19.57,0.0007534
2023-09-04 00:00:00,25987.56,0.002481,215.4,0.008291,64.47,9.91e-06,0.2576,19.76,0.0007601
2023-09-04 04:00:00,25964.96,0.002474,214.6,0.008265,64.22,9.89e-06,0.2571,19.78,0.0007615
2023-09-04 08:00:00,25892.49,0.002468,213.7,0.008251,63.92,9.87e-06,0.2555,19.58,0.0007564
2023-09-04 12:00:00,25814.23,0.002461,215.0,0.00833,63.56,9.91e-06,0.2558,19.41,0.0007515
2023-09-04 16:00:00,25893.18,0.00246,215.8,0.008332,63.7,9.88e-06,0.2558,19.43,0.0007504
2023-09-04 20:00:00,25826.02,0.002469,215.2,0.008335,63.75,9.93e-06,0.2561,19.52,0.0007562
2023-09-05 00:00:00,25692.45,0.002469,214.3,0.008344,63.43,9.95e-06,0.2555,19.21,0.0007481
2023-09-05 04:00:00,25735.56,0.002448,214.8,0.008346,62.99,9.98e-06,0.257,19.4,0.0007539
2023-09-05 08:00:00,25783.68,0.002446,215.0,0.008341,63.07,9.98e-06,0.2572,19.55,0.0007582
2023-09-05 12:00:00,25759.37,0.002449,215.2,0.008354,63.1,1e-05,0.2577,20.41,0.000792
2023-09-05 16:00:00,25683.93,0.002453,214.5,0.008351,63.03,9.98e-06,0.2566,20.23,0.0007876
2023-09-05 20:00:00,25792.1,0.002448,214.6,0.008317,63.15,1e-05,0.2578,20.26,0.000786
2023-09-06 00:00:00,25782.86,0.002448,215.0,0.008337,63.11,1.004e-05,0.2588,20.14,0.0007811
2023-09-06 04:00:00,25728.93,0.002444,214.4,0.008329,62.84,9.95e-06,0.2559,19.74,0.0007669
2023-09-06 08:00:00,25733.29,0.002446,215.0,0.008354,62.97,9.94e-06,0.256,19.76,0.0007675
2023-09-06 12:00:00,25588.02,0.002458,213.6,0.008344,62.87,9.97e-06,0.2551,19.38,0.0007573
2023-09-06 16:00:00,25689.54,0.002438,214.9,0.008367,62.58,1e-05,0.2568,19.47,0.0007577
2023-09-06 20:00:00,25759.95,0.00244,215.2,0.008354,62.87,1.001e-05,0.2577,19.64,0.0007624
2023-09-07 00:00:00,25837.88,0.002449,215.8,0.00835,63.29,9.97e-06,0.2574,19.75,0.0007646
2023-09-07 04:00:00,25762.89,0.002454,215.4,0.008359,63.21,9.95e-06,0.2567,19.55,0.000759
2023-09-07 08:00:00,25708.6,0.002447,213.9,0.008318,62.9,9.88e-06,0.254,19.4,0.0007547
2023-09-07 12:00:00,25779.35,0.002439,214.6,0.008329,62.87,9.9e-06,0.2552,19.52,0.0007576
2023-09-07 16:00:00,25880.01,0.00243,214.9,0.008301,62.92,9.89e-06,0.2561,19.67,0.0007598
2023-09-07 20:00:00,26255.0,0.002427,217.1,0.008269,63.71,9.83e-06,0.2579,19.92,0.0007587
2023-09-08 00:00:00,26252.8,0.002421,217.3,0.008279,63.55,9.8e-06,0.2575,20.01,0.0007621
2023-09-08 04:00:00,26256.22,0.002414,217.0,0.008263,63.36,9.84e-06,0.2583,19.9,0.0007584
2023-09-08 08:00:00,25839.51,0.002422,214.4,0.008296,62.56,9.83e-06,0.2537,19.56,0.0007567
2023-09-08 12:00:00,25844.64,0.002423,214.2,0.008285,62.6,9.83e-06,0.2541,19.52,0.0007553
2023-09-08 16:00:00,25895.62,0.002414,214.5,0.008284,62.52,9.79e-06,0.2535,19.57,0.0007556
2023-09-08 20:00:00,25910.5,0.002417,214.7,0.008283,62.61,9.82e-06,0.2544,19.61,0.0007568
2023-09-09 00:00:00,25875.0,0.002428,214.9,0.008304,62.81,9.84e-06,0.2547,19.54,0.000755
2023-09-09 04:00:00,25886.15,0.002424,215.2,0.00831,62.74,9.87e-06,0.2555,19.46,0.0007522
2023-09-09 08:00:00,25863.03,0.002427,215.2,0.008323,62.76,9.86e-06,0.2549,19.56,0.0007566
2023-09-09 12:00:00,25894.09,0.002435,215.1,0.00831,63.05,9.82e-06,0.2543,19.53,0.0007542
2023-09-09 16:00:00,25868.43,0.002439,214.8,0.008303,63.1,9.81e-06,0.2535,19.43,0.0007516
2023-09-09 20:00:00,25901.61,0.002435,214.1,0.008271,63.06,9.79e-06,0.2533,19.44,0.0007506
2023-09-10 00:00:00,25861.39,0.002424,213.9,0.008275,62.72,9.7e-06,0.2508,19.2,0.0007428
2023-09-10 04:00:00,25852.25,0.00239,213.2,0.008249,61.79,9.65e-06,0.2494,18.53,0.0007168
2023-09-10 08:00:00,25795.33,0.002372,212.7,0.008246,61.19,9.7e-06,0.2501,18.33,0.0007112
2023-09-10 12:00:00,25775.01,0.002364,212.9,0.008257,60.92,9.62e-06,0.2479,18.22,0.0007069
2023-09-10 16:00:00,25800.0,0.002359,212.5,0.008236,60.85,9.62e-06,0.2481,18.19,0.0007051
2023-09-10 20:00:00,25841.61,0.002366,212.4,0.008216,61.11,9.64e-06,0.249,18.24,0.0007057
2023-09-11 00:00:00,25740.39,0.00238,211.9,0.008228,61.25,9.62e-06,0.2479,18.36,0.0007131
2023-09-11 04:00:00,25813.65,0.002377,211.3,0.008186,61.4,9.54e-06,0.2466,18.19,0.0007052
2023-09-11 08:00:00,25601.27,0.002336,207.1,0.008086,59.8,9.5e-06,0.2433,17.67,0.0006899
2023-09-11 12:00:00,25115.97,0.002364,206.5,0.00822,59.39,9.66e-06,0.2425,17.84,0.0007101
2023-09-11 16:00:00,25020.66,0.002322,204.8,0.008187,58.11,9.51e-06,0.2381,17.52,0.0006998
2023-09-11 20:00:00,25162.52,0.002339,206.1,0.008191,58.85,9.62e-06,0.2421,17.72,0.0007045
2023-09-12 00:00:00,25797.97,0.002338,209.2,0.008111,60.33,9.58e-06,0.247,18.19,0.0007048
2023-09-12 04:00:00,25822.71,0.002309,209.7,0.008116,59.64,9.51e-06,0.2459,17.98,0.0006965
2023-09-12 08:00:00,26098.99,0.002331,212.5,0.008143,60.82,9.52e-06,0.2486,18.3,0.0007015
2023-09-12 12:00:00,26205.97,0.00231,212.8,0.008118,60.5,9.49e-06,0.2488,18.0,0.0006871
2023-09-12 16:00:00,26066.33,0.002314,212.2,0.00814,60.35,9.49e-06,0.2471,17.93,0.0006881
2023-09-12 20:00:00,25840.1,0.00232,210.7,0.008155,59.96,9.5e-06,0.2455,17.92,0.0006934
2023-09-13 00:00:00,25879.24,0.002313,209.8,0.008112,59.82,9.43e-06,0.2443,17.83,0.0006891
2023-09-13 04:00:00,25879.91,0.002324,210.3,0.008122,60.14,9.48e-06,0.2454,17.89,0.0006913
2023-09-13 08:00:00,26198.41,0.002343,212.2,0.008097,61.36,9.48e-06,0.2485,18.18,0.000694
2023-09-13 12:00:00,26241.31,0.002348,212.4,0.008097,61.65,9.48e-06,0.2486,18.36,0.0006994
2023-09-13 16:00:00,26140.01,0.002366,212.0,0.008114,61.84,9.48e-06,0.2477,18.36,0.000702
2023-09-13 20:00:00,26222.0,0.002363,212.5,0.008106,61.98,9.49e-06,0.2487,18.4,0.0007014
2023-09-14 00:00:00,26265.68,0.002379,211.9,0.00807,62.48,9.45e-06,0.2483,18.94,0.000721
2023-09-14 04:00:00,26344.45,0.002374,212.0,0.008052,62.48,9.39e-06,0.2474,18.79,0.0007132
2023-09-14 08:00:00,26446.15,0.002369,212.6,0.008036,62.66,9.41e-06,0.249,18.85,0.0007123
2023-09-14 12:00:00,26693.97,0.002365,213.1,0.007983,63.12,9.39e-06,0.2508,18.97,0.0007115
2023-09-14 16:00:00,26678.14,0.002367,212.8,0.007978,63.13,9.44e-06,0.252,19.04,0.0007137
2023-09-14 20:00:00,26522.73,0.002369,212.2,0.008001,62.83,9.48e-06,0.2513,18.85,0.0007105
2023-09-15 00:00:00,26615.39,0.002375,212.7,0.007993,63.22,9.56e-06,0.2542,19.14,0.0007196
2023-09-15 04:00:00,26565.69,0.002371,211.9,0.007978,62.98,9.45e-06,0.2511,19.08,0.0007183
2023-09-15 08:00:00,26425.16,0.002392,212.0,0.008026,63.2,9.42e-06,0.249,19.01,0.0007194
2023-09-15 12:00:00,26321.21,0.002441,212.2,0.008058,64.24,9.43e-06,0.2482,18.88,0.0007173
2023-09-15 16:00:00,26397.38,0.002453,212.1,0.008034,64.75,9.38e-06,0.2476,18.73,0.0007095
2023-09-15 20:00:00,26600.0,0.002478,214.1,0.008044,65.89,9.41e-06,0.2505,19.14,0.0007197
2023-09-16 00:00:00,26616.43,0.002486,214.4,0.008057,66.15,9.44e-06,0.2512,19.21,0.0007219
2023-09-16 04:00:00,26494.5,0.002475,215.0,0.008108,65.58,9.46e-06,0.2507,19.11,0.000721
2023-09-16 08:00:00,26524.09,0.002452,214.3,0.008074,65.04,9.47e-06,0.2512,19.15,0.000722
2023-09-16 12:00:00,26507.12,0.002432,214.1,0.008071,64.49,9.43e-06,0.2498,18.97,0.0007155
2023-09-16 16:00:00,26532.8,0.002438,214.4,0.008075,64.68,9.38e-06,0.2486,18.97,0.0007146
2023-09-16 20:00:00,26559.67,0.002461,214.9,0.008086,65.38,9.42e-06,0.2503,19.12,0.0007202
2023-09-17 00:00:00,26529.25,0.002414,214.9,0.008096,64.05,9.4e-06,0.2493,19.03,0.0007172
2023-09-17 04:00:00,26495.93,0.002405,214.5,0.008092,63.73,9.38e-06,0.2485,18.9,0.0007134
2023-09-17 08:00:00,26566.67,0.002413,214.6,0.008076,64.13,9.41e-06,0.2502,19.04,0.0007161
2023-09-17 12:00:00,26549.98,0.002421,216.2,0.008142,64.25,9.41e-06,0.2499,18.98,0.000715
2023-09-17 16:00:00,26505.15,0.002414,216.5,0.008164,63.99,9.35e-06,0.2477,18.9,0.0007129
2023-09-17 20:00:00,26527.51,0.002396,216.5,0.008158,63.55,9.31e-06,0.2471,18.81,0.0007091
2023-09-18 00:00:00,26658.66,0.002429,217.7,0.008166,64.76,9.35e-06,0.2494,19.2,0.0007202
2023-09-18 04:00:00,26710.67,0.002428,216.9,0.00812,64.83,9.3e-06,0.2483,19.13,0.0007159
2023-09-18 08:00:00,27196.98,0.002418,219.7,0.008077,65.76,9.34e-06,0.2539,19.58,0.0007203
2023-09-18 12:00:00,27269.42,0.002452,219.5,0.008049,66.85,9.32e-06,0.2542,19.95,0.0007317
2023-09-18 16:00:00,26814.79,0.00247,216.5,0.008072,66.21,9.4e-06,0.2522,19.78,0.0007379
2023-09-18 20:00:00,26762.51,0.002462,216.0,0.00807,65.89,9.41e-06,0.2516,19.64,0.0007341
2023-09-19 00:00:00,26818.42,0.00248,216.5,0.008068,66.5,9.49e-06,0.2546,19.96,0.0007445
2023-09-19 04:00:00,26847.21,0.002494,216.9,0.00808,66.96,9.4e-06,0.2525,19.79,0.0007376
2023-09-19 08:00:00,27237.56,0.002486,218.2,0.008015,67.67,9.41e-06,0.2562,20.21,0.0007422
2023-09-19 12:00:00,27422.24,0.002488,218.3,0.007961,68.25,9.37e-06,0.257,20.13,0.0007341
2023-09-19 16:00:00,27185.44,0.002486,217.0,0.007979,67.6,9.4e-06,0.2559,19.94,0.0007331
2023-09-19 20:00:00,27210.26,0.002473,217.2,0.007981,67.28,9.37e-06,0.2548,20.03,0.0007361
2023-09-20 00:00:00,27119.48,0.002464,216.3,0.007979,66.84,9.35e-06,0.2536,19.91,0.0007344
2023-09-20 04:00:00,27105.62,0.002454,216.3,0.007981,66.51,9.33e-06,0.2531,19.95,0.0007362
2023-09-20 08:00:00,27098.08,0.002416,215.9,0.007966,65.47,9.33e-06,0.2528,20.06,0.0007402
2023-09-20 12:00:00,27180.63,0.002382,215.8,0.00794,64.77,9.39e-06,0.2552,20.19,0.000743
2023-09-20 16:00:00,26930.61,0.00238,214.3,0.007961,64.09,9.33e-06,0.2511,20.12,0.0007472
2023-09-20 20:00:00,27125.0,0.00238,214.4,0.007902,64.55,9.28e-06,0.2517,20.29,0.0007482
2023-09-21 00:00:00,27035.0,0.0024,214.9,0.007953,64.91,9.29e-06,0.2513,20.18,0.0007465
2023-09-21 04:00:00,26990.11,0.002381,213.2,0.007901,64.27,9.25e-06,0.2498,19.92,0.000738
2023-09-21 08:00:00,26730.78,0.002376,210.5,0.007876,63.54,9.28e-06,0.2482,19.59,0.0007331
2023-09-21 12:00:00,26584.02,0.002425,210.7,0.007924,64.46,9.34e-06,0.2484,19.6,0.0007376
2023-09-21 16:00:00,26599.95,0.002425,210.6,0.007917,64.53,9.29e-06,0.247,19.62,0.0007379
2023-09-21 20:00:00,26568.08,0.002435,210.8,0.007932,64.69,9.23e-06,0.2449,19.46,0.0007322
2023-09-22 00:00:00,26627.77,0.002443,211.8,0.007954,65.08,9.25e-06,0.2461,19.66,0.0007385
2023-09-22 04:00:00,26674.8,0.002432,211.5,0.007929,64.85,9.21e-06,0.2456,19.63,0.0007361
2023-09-22 08:00:00,26640.26,0.002432,211.1,0.007925,64.79,9.19e-06,0.2449,19.69,0.0007389
2023-09-22 12:00:00,26631.01,0.002422,210.7,0.00791,64.52,9.18e-06,0.2444,19.47,0.000731
2023-09-22 16:00:00,26540.1,0.002426,210.6,0.007932,64.42,9.17e-06,0.2435,19.35,0.0007293
2023-09-22 20:00:00,26580.14,0.002421,211.1,0.00794,64.37,9.22e-06,0.2449,19.43,0.0007308
2023-09-23 00:00:00,26532.2,0.002441,210.2,0.007921,64.73,9.23e-06,0.2446,19.38,0.0007299
2023-09-23 04:00:00,26585.31,0.002439,210.8,0.007933,64.81,9.23e-06,0.2455,19.52,0.0007342
2023-09-23 08:00:00,26575.21,0.002438,210.7,0.00793,64.77,9.28e-06,0.2466,19.52,0.0007346
2023-09-23 12:00:00,26581.55,0.002435,210.6,0.007924,64.75,9.22e-06,0.2454,19.32,0.0007267
2023-09-23 16:00:00,26610.09,0.002447,210.8,0.007918,65.1,9.26e-06,0.2464,19.46,0.0007317
2023-09-23 20:00:00,26575.96,0.002449,210.5,0.007919,65.07,9.27e-06,0.2461,19.49,0.0007324
2023-09-24 00:00:00,26570.93,0.002438,210.0,0.007904,64.78,9.22e-06,0.245,19.57,0.0007365
2023-09-24 04:00:00,26563.44,0.002432,210.3,0.007922,64.63,9.25e-06,0.2455,19.62,0.0007386
2023-09-24 08:00:00,26596.71,0.00243,210.7,0.007926,64.63,9.23e-06,0.2456,19.6,0.0007371
2023-09-24 12:00:00,26578.06,0.002434,210.7,0.007927,64.69,9.22e-06,0.2452,19.53,0.0007342
2023-09-24 16:00:00,26449.17,0.002433,209.4,0.007919,64.33,9.23e-06,0.2441,19.46,0.0007361
2023-09-24 20:00:00,26248.38,0.002422,208.3,0.007934,63.58,9.25e-06,0.2427,19.36,0.0007373
2023-09-25 00:00:00,26157.45,0.002456,208.8,0.007982,64.24,9.33e-06,0.244,19.47,0.0007444
2023-09-25 04:00:00,26189.21,0.002461,209.4,0.007994,64.44,9.36e-06,0.2451,19.48,0.0007442
2023-09-25 08:00:00,26075.41,0.002453,208.2,0.007984,63.95,9.33e-06,0.2432,19.55,0.0007495
2023-09-25 12:00:00,26243.72,0.002465,209.0,0.007963,64.66,9.34e-06,0.2451,19.57,0.0007458
2023-09-25 16:00:00,26331.83,0.002448,210.0,0.007972,64.47,9.29e-06,0.245,19.52,0.0007409
2023-09-25 20:00:00,26304.81,0.002445,209.9,0.007983,64.33,9.35e-06,0.2459,19.39,0.0007373
2023-09-26 00:00:00,26353.87,0.002449,211.5,0.008024,64.53,9.35e-06,0.2464,19.44,0.0007378
2023-09-26 04:00:00,26272.01,0.002453,212.4,0.008084,64.41,9.36e-06,0.2462,19.33,0.0007355
2023-09-26 08:00:00,26273.83,0.002453,212.6,0.008087,64.42,9.35e-06,0.2458,19.39,0.0007378
2023-09-26 12:00:00,26126.66,0.002447,210.9,0.008073,63.93,9.37e-06,0.2448,19.17,0.0007335
2023-09-26 16:00:00,26247.7,0.002436,212.1,0.008078,63.98,9.31e-06,0.2446,19.24,0.0007324
2023-09-26 20:00:00,26221.67,0.002433,212.6,0.008104,63.8,9.37e-06,0.2455,19.03,0.0007255
2023-09-27 00:00:00,26278.04,0.002438,213.1,0.008111,64.05,9.36e-06,0.2458,19.03,0.0007238
2023-09-27 04:00:00,26246.34,0.002434,213.2,0.008122,63.88,9.32e-06,0.2448,18.95,0.0007219
2023-09-27 08:00:00,26766.7,0.002442,215.4,0.008046,65.36,9.25e-06,0.2476,19.39,0.0007246
2023-09-27 12:00:00,26304.42,0.002419,212.4,0.008073,63.62,9.28e-06,0.2442,18.95,0.0007199
2023-09-27 16:00:00,26267.8,0.002424,211.6,0.008053,63.68,9.3e-06,0.2445,18.98,0.0007228
2023-09-27 20:00:00,26372.99,0.002409,212.0,0.008041,63.53,9.28e-06,0.2446,19.14,0.0007256
2023-09-28 00:00:00,26379.15,0.0024,212.1,0.00804,63.31,9.24e-06,0.2439,19.21,0.0007281
2023-09-28 04:00:00,26459.99,0.002413,213.1,0.00805,63.89,9.26e-06,0.2451,19.22,0.0007265
2023-09-28 08:00:00,26476.93,0.002418,213.6,0.008069,64.05,9.32e-06,0.2467,19.17,0.000724
2023-09-28 12:00:00,27020.0,0.002402,215.6,0.007978,64.91,9.22e-06,0.2493,19.59,0.0007249
2023-09-28 16:00:00,27100.0,0.002404,215.3,0.007942,65.19,9.2e-06,0.2492,19.71,0.000727
2023-09-28 20:00:00,27021.39,0.002413,215.0,0.007957,65.21,9.22e-06,0.2489,19.96,0.000739
2023-09-29 00:00:00,26957.99,0.002416,214.8,0.007973,65.16,9.29e-06,0.2507,20.2,0.0007494
2023-09-29 04:00:00,27179.98,0.002446,216.9,0.007983,66.48,9.28e-06,0.2522,20.27,0.0007462
2023-09-29 08:00:00,26970.78,0.002437,215.9,0.008004,65.7,9.32e-06,0.2515,20.09,0.0007445
2023-09-29 12:00:00,26888.57,0.002445,215.9,0.008032,65.72,9.49e-06,0.2549,20.34,0.0007562
2023-09-29 16:00:00,26926.52,0.002457,215.6,0.008009,66.15,9.23e-06,0.2487,20.24,0.0007518
2023-09-29 20:00:00,26906.96,0.002435,215.2,0.007996,65.55,9.27e-06,0.2494,20.28,0.0007536
2023-09-30 00:00:00,26915.3,0.002431,214.6,0.007973,65.43,9.32e-06,0.2508,20.21,0.0007514
2023-09-30 04:00:00,26931.75,0.002434,214.5,0.007966,65.53,9.3e-06,0.2503,20.31,0.0007545
2023-09-30 08:00:00,26936.02,0.002437,214.7,0.007968,65.64,9.31e-06,0.251,20.28,0.0007532
2023-09-30 12:00:00,26996.29,0.002455,215.8,0.007996,66.27,9.36e-06,0.2529,21.43,0.0007939
2023-09-30 16:00:00,27020.7,0.002454,215.7,0.007982,66.31,9.39e-06,0.2539,21.41,0.0007919
2023-09-30 20:00:00,26962.56,0.002447,214.6,0.007959,65.97,9.42e-06,0.254,21.37,0.0007922
2023-10-01 00:00:00,27044.76,0.002438,215.3,0.007959,65.97,9.44e-06,0.2554,21.21,0.0007842
2023-10-01 04:00:00,27107.95,0.002442,214.9,0.00793,66.19,9.43e-06,0.2558,21.37,0.0007884
2023-10-01 08:00:00,27187.71,0.002479,216.1,0.007949,67.4,9.65e-06,0.2622,22.97,0.000845
2023-10-01 12:00:00,27153.18,0.002464,215.7,0.007941,66.89,9.59e-06,0.2604,23.1,0.0008503
2023-10-01 16:00:00,27103.02,0.002451,214.1,0.007901,66.47,9.6e-06,0.2603,22.72,0.0008381
2023-10-01 20:00:00,27992.57,0.002436,218.2,0.007797,68.19,9.51e-06,0.2659,23.87,0.0008529
2023-10-02 00:00:00,28126.54,0.002411,219.2,0.007795,67.83,9.42e-06,0.2647,24.1,0.0008569
2023-10-02 04:00:00,28311.91,0.002394,219.9,0.007766,67.75,9.42e-06,0.2665,24.33,0.0008597
2023-10-02 08:00:00,28198.04,0.002396,218.8,0.007758,67.59,9.47e-06,0.267,23.82,0.0008449
2023-10-02 12:00:00,28026.31,0.002378,216.2,0.007711,66.68,9.41e-06,0.2639,24.06,0.000858
2023-10-02 16:00:00,27964.99,0.002368,215.1,0.007694,66.23,9.36e-06,0.2617,23.83,0.000852
2023-10-02 20:00:00,27494.51,0.002399,214.6,0.007801,65.97,9.42e-06,0.2591,23.37,0.0008498
2023-10-03 00:00:00,27601.55,0.002399,215.4,0.0078,66.19,9.53e-06,0.2629,23.66,0.0008574
2023-10-03 04:00:00,27540.64,0.002408,215.3,0.007813,66.31,9.55e-06,0.2628,23.82,0.0008653
2023-10-03 08:00:00,27559.99,0.002387,213.9,0.007761,65.76,9.46e-06,0.261,23.92,0.000868
2023-10-03 12:00:00,27345.0,0.002404,213.5,0.00781,65.72,9.58e-06,0.2618,23.99,0.0008775
2023-10-03 16:00:00,27275.0,0.002403,212.9,0.00781,65.52,9.52e-06,0.2595,23.52,0.0008622
2023-10-03 20:00:00,27426.46,0.002388,213.5,0.007781,65.5,9.52e-06,0.261,23.6,0.0008608
2023-10-04 00:00:00,27430.43,0.002342,212.0,0.007729,64.23,9.33e-06,0.2558,23.12,0.0008428
2023-10-04 04:00:00,27453.78,0.002349,212.2,0.007735,64.44,9.34e-06,0.2564,23.17,0.0008438
2023-10-04 08:00:00,27572.43,0.002336,212.5,0.007703,64.41,9.29e-06,0.2565,23.58,0.0008551
2023-10-04 12:00:00,27404.22,0.002334,211.8,0.007731,63.97,9.31e-06,0.2554,22.69,0.0008281
2023-10-04 16:00:00,27618.1,0.002318,212.8,0.007706,64.04,9.29e-06,0.2567,22.92,0.0008299
2023-10-04 20:00:00,27778.57,0.002318,213.4,0.007677,64.4,9.31e-06,0.2589,23.13,0.0008327
2023-10-05 00:00:00,27651.73,0.002338,212.7,0.007693,64.64,9.32e-06,0.2579,23.24,0.0008402
2023-10-05 04:00:00,27607.98,0.002337,212.4,0.007691,64.52,9.33e-06,0.2579,23.01,0.0008332
2023-10-05 08:00:00,27725.68,0.002333,212.4,0.007659,64.73,9.41e-06,0.2612,23.22,0.0008376
2023-10-05 12:00:00,27555.0,0.00233,211.2,0.007662,64.2,9.43e-06,0.26,22.8,0.0008278
2023-10-05 16:00:00,27471.28,0.002364,211.0,0.007682,64.91,9.53e-06,0.2619,22.8,0.00083
2023-10-05 20:00:00,27410.39,0.002365,210.6,0.007683,64.8,9.49e-06,0.2602,22.7,0.0008277
2023-10-06 00:00:00,27559.2,0.002363,211.5,0.007676,65.13,9.5e-06,0.2621,23.19,0.0008414
2023-10-06 04:00:00,27638.52,0.002368,212.5,0.007683,65.43,9.55e-06,0.2637,23.34,0.0008443
2023-10-06 08:00:00,27760.0,0.002346,212.1,0.007639,65.14,9.51e-06,0.2637,23.18,0.0008349
2023-10-06 12:00:00,27941.12,0.002351,212.6,0.00761,65.7,9.46e-06,0.2642,23.51,0.0008411
2023-10-06 16:00:00,27952.36,0.002347,213.5,0.007635,65.61,9.51e-06,0.2656,23.42,0.0008381
2023-10-06 20:00:00,27931.09,0.002345,213.4,0.007638,65.5,9.48e-06,0.2646,23.41,0.0008379
2023-10-07 00:00:00,27900.41,0.002354,213.2,0.007642,65.65,9.44e-06,0.2634,23.67,0.0008485
2023-10-07 04:00:00,27890.8,0.002363,213.4,0.007649,65.89,9.34e-06,0.2604,23.53,0.0008436
2023-10-07 08:00:00,27942.12,0.002351,212.6,0.007607,65.72,9.22e-06,0.2577,23.48,0.0008407
2023-10-07 12:00:00,27939.8,0.002341,212.6,0.007609,65.43,9.26e-06,0.2589,23.34,0.0008354
2023-10-07 16:00:00,27865.48,0.002333,211.6,0.007592,65.03,9.21e-06,0.2569,23.13,0.0008301
2023-10-07 20:00:00,27956.67,0.00234,212.3,0.007591,65.45,9.26e-06,0.2587,23.3,0.000833
2023-10-08 00:00:00,28064.87,0.002349,212.6,0.007578,65.93,9.22e-06,0.2588,23.52,0.0008382
2023-10-08 04:00:00,27905.61,0.002348,211.6,0.007584,65.51,9.18e-06,0.2563,23.33,0.0008362
2023-10-08 08:00:00,27811.63,0.002339,210.1,0.007557,65.08,9.19e-06,0.2558,23.22,0.0008352
2023-10-08 12:00:00,27892.74,0.002344,211.6,0.007582,65.41,9.21e-06,0.2571,23.48,0.000842
2023-10-08 16:00:00,27894.99,0.002343,211.6,0.007589,65.32,9.19e-06,0.2566,23.33,0.0008362
2023-10-08 20:00:00,27917.05,0.002341,211.4,0.007569,65.34,9.19e-06,0.2563,23.22,0.0008318
2023-10-09 00:00:00,27921.73,0.002328,211.9,0.007589,65.0,9.21e-06,0.2573,23.25,0.0008326
2023-10-09 04:00:00,27813.27,0.002315,211.0,0.007584,64.4,9.23e-06,0.2569,22.99,0.0008263
2023-10-09 08:00:00,27468.92,0.002298,207.1,0.007538,63.11,9.13e-06,0.2509,22.17,0.0008074
2023-10-09 12:00:00,27443.31,0.002295,206.8,0.007534,62.96,9.12e-06,0.2506,22.2,0.0008089
2023-10-09 16:00:00,27616.66,0.002283,206.0,0.007459,63.05,9.15e-06,0.2525,22.2,0.000804
2023-10-09 20:00:00,27590.12,0.002286,205.8,0.007462,63.07,9.12e-06,0.2513,22.1,0.0008009
2023-10-10 00:00:00,27632.32,0.002291,206.6,0.00748,63.29,9.09e-06,0.2515,22.14,0.0008014
2023-10-10 04:00:00,27651.45,0.002289,208.6,0.007544,63.29,9.13e-06,0.2525,22.33,0.0008076
2023-10-10 08:00:00,27508.87,0.002281,207.1,0.007527,62.75,9.07e-06,0.2495,22.13,0.0008042
2023-10-10 12:00:00,27408.01,0.002303,207.3,0.007564,63.16,9.05e-06,0.2479,21.98,0.0008018
2023-10-10 16:00:00,27397.3,0.002315,208.7,0.007617,63.44,9.08e-06,0.2486,22.03,0.000804
2023-10-10 20:00:00,27390.12,0.002322,208.6,0.007613,63.61,9.1e-06,0.249,22.11,0.0008073
2023-10-11 00:00:00,27016.05,0.002322,205.4,0.007603,62.68,9.08e-06,0.2456,21.98,0.0008134
2023-10-11 04:00:00,27021.95,0.002322,206.1,0.007627,62.74,9.1e-06,0.2456,22.02,0.0008147
2023-10-11 08:00:00,27196.26,0.002287,207.7,0.007634,62.22,9.1e-06,0.2475,22.14,0.0008142
2023-10-11 12:00:00,26779.46,0.002297,205.3,0.007663,61.5,9.2e-06,0.2466,21.99,0.0008212
2023-10-11 16:00:00,26763.2,0.002294,206.1,0.007702,61.42,9.23e-06,0.2468,21.91,0.0008185
2023-10-11 20:00:00,26875.52,0.00229,206.6,0.007686,61.55,9.22e-06,0.2481,22.01,0.0008189
2023-10-12 00:00:00,26847.07,0.002282,205.8,0.007666,61.29,9.17e-06,0.2463,21.71,0.0008084
2023-10-12 04:00:00,26810.66,0.002283,205.4,0.007657,61.2,9.17e-06,0.2458,21.64,0.0008075
2023-10-12 08:00:00,26837.84,0.002279,205.9,0.007671,61.16,9.16e-06,0.2457,21.5,0.0008013
2023-10-12 12:00:00,26675.0,0.002288,205.6,0.007708,61.04,9.16e-06,0.2447,21.27,0.0007974
2023-10-12 16:00:00,26712.9,0.00228,205.4,0.007687,60.89,9.12e-06,0.2437,21.22,0.0007941
2023-10-12 20:00:00,26759.63,0.002286,205.1,0.007667,61.12,9.2e-06,0.246,21.28,0.0007956
2023-10-13 00:00:00,26781.69,0.002283,205.1,0.007662,61.17,9.15e-06,0.2453,21.13,0.000789
2023-10-13 04:00:00,26875.0,0.002288,206.3,0.007674,61.44,9.16e-06,0.2464,21.39,0.0007958
2023-10-13 08:00:00,26820.92,0.002292,205.6,0.007665,61.46,9.17e-06,0.246,21.48,0.000801
2023-10-13 12:00:00,26706.83,0.002297,205.6,0.007699,61.33,9.23e-06,0.2465,21.43,0.0008022
2023-10-13 16:00:00,26778.57,0.00229,205.5,0.007678,61.32,9.19e-06,0.246,21.58,0.0008057
2023-10-13 20:00:00,26862.0,0.002292,206.1,0.00767,61.58,9.16e-06,0.2458,21.84,0.000813
2023-10-14 00:00:00,26930.78,0.00229,206.6,0.007668,61.66,9.15e-06,0.2463,22.03,0.0008183
2023-10-14 04:00:00,26868.8,0.002292,206.3,0.007678,61.59,9.12e-06,0.2451,22.05,0.0008209
2023-10-14 08:00:00,26872.35,0.00229,205.9,0.00766,61.54,9.16e-06,0.2464,21.98,0.0008176
2023-10-14 12:00:00,26942.56,0.002296,206.8,0.007673,61.88,9.19e-06,0.2476,22.08,0.0008197
2023-10-14 16:00:00,26864.29,0.002306,206.4,0.007682,61.94,9.19e-06,0.2469,22.04,0.0008204
2023-10-14 20:00:00,26852.48,0.002293,206.5,0.007691,61.62,9.19e-06,0.247,22.0,0.000819
2023-10-15 00:00:00,26880.46,0.002291,207.1,0.007703,61.56,9.19e-06,0.2473,21.93,0.0008163
2023-10-15 04:00:00,26882.52,0.002289,207.4,0.007714,61.53,9.2e-06,0.2476,21.94,0.0008158
2023-10-15 08:00:00,26852.47,0.002288,207.1,0.007713,61.49,9.17e-06,0.2466,21.87,0.0008144
2023-10-15 12:00:00,26898.87,0.002291,209.3,0.007783,61.63,9.14e-06,0.2461,21.73,0.0008079
2023-10-15 16:00:00,27043.75,0.002287,209.6,0.007751,61.85,9.14e-06,0.2468,21.91,0.0008101
2023-10-15 20:00:00,27154.15,0.00227,209.7,0.007724,61.63,9.11e-06,0.2473,21.93,0.0008076
2023-10-16 00:00:00,27235.92,0.002269,210.6,0.007729,61.79,9.13e-06,0.2484,22.11,0.0008121
2023-10-16 04:00:00,27849.06,0.002263,212.8,0.007644,63.02,9.05e-06,0.2519,22.82,0.0008196
2023-10-16 08:00:00,27749.6,0.002265,212.8,0.007666,62.83,9.09e-06,0.2522,23.16,0.0008345
2023-10-16 12:00:00,28064.16,0.002264,212.7,0.007581,63.53,8.91e-06,0.2501,23.15,0.0008251
2023-10-16 16:00:00,28468.85,0.002251,214.4,0.007533,64.08,8.83e-06,0.2513,23.86,0.0008381
2023-10-16 20:00:00,28500.78,0.002218,214.6,0.007531,63.19,8.82e-06,0.2513,23.95,0.0008403
2023-10-17 00:00:00,28269.99,0.002228,213.5,0.007555,63.0,8.84e-06,0.25,24.0,0.0008492
2023-10-17 04:00:00,28430.63,0.002226,213.6,0.007516,63.26,8.82e-06,0.2506,24.09,0.0008475
2023-10-17 08:00:00,28422.63,0.002212,212.4,0.007475,62.89,8.83e-06,0.251,24.08,0.0008471
2023-10-17 12:00:00,28461.72,0.002188,212.1,0.007452,62.31,8.7e-06,0.2474,23.89,0.0008396
2023-10-17 16:00:00,28516.47,0.002173,211.6,0.007421,61.93,8.65e-06,0.2468,24.17,0.0008478
2023-10-17 20:00:00,28395.91,0.002186,211.4,0.007444,62.07,8.68e-06,0.2463,23.93,0.0008427
2023-10-18 00:00:00,28514.42,0.00218,212.4,0.007449,62.16,8.62e-06,0.2459,24.04,0.0008431
2023-10-18 04:00:00,28494.55,0.002177,212.5,0.007459,62.0,8.64e-06,0.2463,23.89,0.0008385
2023-10-18 08:00:00,28340.64,0.002184,212.7,0.007503,61.89,8.7e-06,0.2467,23.81,0.0008401
2023-10-18 12:00:00,28247.45,0.002176,211.7,0.007491,61.45,8.68e-06,0.245,23.68,0.0008382
2023-10-18 16:00:00,28245.62,0.002153,210.7,0.007457,60.83,8.64e-06,0.2441,23.7,0.000839
2023-10-18 20:00:00,28320.0,0.002126,210.2,0.007426,60.23,8.58e-06,0.243,23.42,0.0008268
2023-10-19 00:00:00,28260.0,0.002138,209.2,0.0074,60.43,8.52e-06,0.2409,23.46,0.0008299
2023-10-19 04:00:00,28330.82,0.002148,210.1,0.007412,60.85,8.54e-06,0.242,23.86,0.0008418
2023-10-19 08:00:00,28450.69,0.002146,210.5,0.007399,61.08,8.53e-06,0.2426,24.28,0.0008535
2023-10-19 12:00:00,28680.09,0.002144,210.3,0.007332,61.47,8.54e-06,0.2452,24.77,0.0008636
2023-10-19 16:00:00,28750.75,0.002136,210.5,0.007323,61.43,8.52e-06,0.2448,25.16,0.0008748
2023-10-19 20:00:00,28713.71,0.002153,211.2,0.007354,61.78,8.6e-06,0.2469,24.93,0.0008679
2023-10-20 00:00:00,29235.38,0.002142,212.7,0.007276,62.63,8.5e-06,0.2486,25.67,0.0008782
2023-10-20 04:00:00,29240.51,0.002152,212.4,0.007262,62.94,8.49e-06,0.2483,26.24,0.0008979
2023-10-20 08:00:00,29839.99,0.002124,214.0,0.007174,63.41,8.39e-06,0.2501,26.88,0.0009008
2023-10-20 12:00:00,29550.98,0.002149,212.8,0.007202,63.49,8.48e-06,0.2508,26.88,0.0009096
2023-10-20 16:00:00,29561.41,0.00215,212.9,0.007197,63.54,8.5e-06,0.2512,26.88,0.000909
2023-10-20 20:00:00,29669.04,0.002137,212.1,0.007148,63.38,8.47e-06,0.2512,27.03,0.0009113
2023-10-21 00:00:00,29604.43,0.002156,212.2,0.007164,63.87,8.46e-06,0.2505,26.81,0.0009056
2023-10-21 04:00:00,29695.8,0.00216,212.8,0.007164,64.12,8.5e-06,0.2525,28.08,0.0009455
2023-10-21 08:00:00,29804.99,0.002159,213.3,0.007154,64.34,8.61e-06,0.2565,29.52,0.0009915
2023-10-21 12:00:00,29937.36,0.002168,214.3,0.007157,64.95,8.68e-06,0.2597,29.04,0.0009699
2023-10-21 16:00:00,30145.04,0.002148,215.2,0.007134,64.79,8.64e-06,0.2607,29.5,0.0009785
2023-10-21 20:00:00,29909.8,0.002165,214.2,0.007161,64.75,8.65e-06,0.2586,29.32,0.0009803
2023-10-22 00:00:00,29907.38,0.002171,214.2,0.007159,64.9,8.65e-06,0.259,29.73,0.0009937
2023-10-22 04:00:00,29816.26,0.00215,214.3,0.007187,64.14,8.63e-06,0.2575,28.8,0.0009665
2023-10-22 08:00:00,29909.67,0.002139,213.9,0.007154,63.97,8.59e-06,0.2569,28.34,0.0009473
2023-10-22 12:00:00,29825.6,0.002171,214.2,0.00718,64.77,8.63e-06,0.2574,28.43,0.0009529
2023-10-22 16:00:00,29842.75,0.002163,215.2,0.007208,64.54,8.73e-06,0.2604,28.69,0.0009614
2023-10-22 20:00:00,29992.46,0.002176,217.8,0.007262,65.26,8.8e-06,0.2639,29.05,0.0009686
2023-10-23 00:00:00,30736.69,0.002161,222.2,0.007232,66.37,8.68e-06,0.2665,30.66,0.0009977
2023-10-23 04:00:00,30518.02,0.002167,219.5,0.007193,66.11,8.63e-06,0.2633,30.1,0.0009864
2023-10-23 08:00:00,30657.04,0.002167,220.1,0.00718,66.43,8.64e-06,0.2649,29.71,0.0009693
2023-10-23 12:00:00,30883.33,0.002135,219.3,0.007101,65.97,8.55e-06,0.2643,28.98,0.0009384
2023-10-23 16:00:00,31354.42,0.002141,222.2,0.007082,67.17,8.59e-06,0.2697,29.91,0.0009541
2023-10-23 20:00:00,33069.99,0.002089,228.5,0.006914,69.02,8.49e-06,0.2807,31.88,0.0009641
2023-10-24 00:00:00,34061.6,0.002055,230.6,0.006769,69.97,8.3e-06,0.2823,31.4,0.0009217
2023-10-24 04:00:00,33999.98,0.002034,227.6,0.006692,69.17,8.24e-06,0.28,31.25,0.0009187
2023-10-24 08:00:00,34542.91,0.002038,231.7,0.006709,70.36,8.29e-06,0.2867,31.84,0.0009215
2023-10-24 12:00:00,33668.9,0.002023,223.9,0.006653,68.11,8.27e-06,0.2778,30.89,0.0009176
2023-10-24 16:00:00,33796.5,0.002028,225.7,0.006675,68.56,8.24e-06,0.2784,30.5,0.0009026
2023-10-24 20:00:00,33922.73,0.002039,225.2,0.006638,69.15,8.23e-06,0.2792,30.17,0.0008895
2023-10-25 00:00:00,33999.39,0.002044,227.1,0.006685,69.54,8.23e-06,0.2802,31.04,0.0009129
2023-10-25 04:00:00,33857.53,0.002015,224.9,0.006641,68.23,8.21e-06,0.2782,30.96,0.0009145
2023-10-25 08:00:00,34199.2,0.002009,224.5,0.006563,68.7,8.18e-06,0.2796,32.23,0.0009427
2023-10-25 12:00:00,34839.8,0.002004,227.3,0.00652,69.84,8.27e-06,0.2884,33.41,0.0009587
2023-10-25 16:00:00,34738.54,0.001975,223.2,0.006428,68.58,8.07e-06,0.2804,32.77,0.0009433
2023-10-25 20:00:00,34496.05,0.001992,222.1,0.006439,68.71,8.15e-06,0.2808,32.44,0.0009404
2023-10-26 00:00:00,34793.29,0.002013,225.9,0.006491,70.05,8.33e-06,0.29,32.75,0.0009413
2023-10-26 04:00:00,34647.34,0.002021,226.5,0.006533,70.03,8.53e-06,0.2954,32.82,0.0009473
2023-10-26 08:00:00,34102.66,0.002034,224.8,0.006589,69.35,8.49e-06,0.2892,31.82,0.0009333
2023-10-26 12:00:00,34044.43,0.001994,221.1,0.006495,67.86,8.4e-06,0.2858,31.32,0.0009196
2023-10-26 16:00:00,34044.02,0.002002,222.5,0.006532,68.15,8.34e-06,0.2838,31.55,0.0009262
2023-10-26 20:00:00,34151.66,0.002014,223.2,0.006536,68.76,8.41e-06,0.2872,32.77,0.0009598
2023-10-27 00:00:00,34117.08,0.001995,223.1,0.006537,68.12,8.35e-06,0.2852,32.39,0.000949
2023-10-27 04:00:00,33942.0,0.001985,223.2,0.006575,67.35,8.31e-06,0.2818,32.34,0.0009527
2023-10-27 08:00:00,34047.01,0.001992,227.6,0.006682,67.79,8.39e-06,0.2854,32.58,0.0009574
2023-10-27 12:00:00,33999.48,0.001997,226.1,0.006649,67.89,8.58e-06,0.2918,32.21,0.0009473
2023-10-27 16:00:00,33698.54,0.001973,224.3,0.006659,66.5,8.6e-06,0.2896,31.93,0.0009477
2023-10-27 20:00:00,33892.02,0.001976,224.1,0.006616,66.99,8.53e-06,0.2893,31.73,0.0009359
2023-10-28 00:00:00,34060.0,0.001995,227.1,0.006667,67.97,8.69e-06,0.2961,32.34,0.0009494
2023-10-28 04:00:00,34044.99,0.001996,227.3,0.006679,67.98,8.62e-06,0.2933,32.28,0.000948
2023-10-28 08:00:00,34175.84,0.001988,226.7,0.006636,67.99,8.55e-06,0.2924,32.2,0.000942
2023-10-28 12:00:00,34192.98,0.001992,226.8,0.006633,68.1,8.57e-06,0.2931,32.03,0.0009367
2023-10-28 16:00:00,34112.07,0.001983,225.4,0.006606,67.68,8.5e-06,0.29,31.58,0.000926
2023-10-28 20:00:00,34081.0,0.001988,225.7,0.00662,67.73,8.54e-06,0.2909,31.63,0.000928
2023-10-29 00:00:00,33970.87,0.00198,224.4,0.006607,67.28,8.54e-06,0.2904,31.57,0.0009291
2023-10-29 04:00:00,34076.61,0.001985,225.8,0.006622,67.68,8.56e-06,0.2921,32.29,0.0009473
2023-10-29 08:00:00,34253.81,0.001983,226.0,0.006597,67.92,8.61e-06,0.2952,32.25,0.0009416
2023-10-29 12:00:00,34449.99,0.001999,226.5,0.006574,68.88,8.6e-06,0.2967,32.63,0.0009471
2023-10-29 16:00:00,34561.97,0.001989,226.8,0.006559,68.78,8.58e-06,0.2964,33.0,0.0009545
2023-10-29 20:00:00,34525.89,0.001993,227.1,0.006575,68.79,8.55e-06,0.2954,32.83,0.0009509
2023-10-30 00:00:00,34270.42,0.00199,225.6,0.006586,68.2,8.56e-06,0.2936,32.74,0.0009555
2023-10-30 04:00:00,34193.46,0.001994,226.0,0.006612,68.18,8.58e-06,0.2935,32.56,0.000952
2023-10-30 08:00:00,34608.51,0.002002,228.2,0.006595,69.3,8.69e-06,0.3006,34.94,0.0010096
2023-10-30 12:00:00,34656.32,0.002007,228.4,0.006594,69.55,8.71e-06,0.3017,35.04,0.0010109
2023-10-30 16:00:00,34432.11,0.002006,228.2,0.006627,69.05,8.74e-06,0.301,34.88,0.0010129
2023-10-30 20:00:00,34474.73,0.002008,228.0,0.006614,69.21,8.78e-06,0.3031,34.94,0.0010135
2023-10-31 00:00:00,34209.33,0.00201,226.4,0.006618,68.76,8.77e-06,0.2998,35.79,0.0010463
2023-10-31 04:00:00,34145.21,0.002009,225.9,0.006616,68.55,8.68e-06,0.2966,35.72,0.001046
2023-10-31 08:00:00,34488.27,0.00203,228.1,0.006611,69.99,8.72e-06,0.3007,36.58,0.0010604
2023-10-31 12:00:00,34272.19,0.001997,224.4,0.00655,68.48,8.45e-06,0.2895,36.1,0.0010535
2023-10-31 16:00:00,34540.3,0.001981,225.8,0.006538,68.41,8.46e-06,0.2923,36.28,0.0010504
2023-10-31 20:00:00,34639.77,0.00199,226.2,0.006531,68.89,8.46e-06,0.293,38.4,0.0011087
2023-11-01 00:00:00,34418.4,0.001984,225.4,0.006547,68.28,8.39e-06,0.2889,38.27,0.001112
2023-11-01 04:00:00,34451.28,0.001975,224.5,0.006519,68.06,8.34e-06,0.2874,38.46,0.001116
2023-11-01 08:00:00,34424.07,0.001975,224.5,0.006523,68.0,8.36e-06,0.2879,39.28,0.0011409
2023-11-01 12:00:00,34291.94,0.001949,223.2,0.006513,66.81,8.42e-06,0.2886,40.66,0.001186
2023-11-01 16:00:00,34557.67,0.00198,226.6,0.006555,68.42,8.7e-06,0.3009,42.0,0.0012154
2023-11-01 20:00:00,35421.43,0.001974,227.9,0.006437,69.97,8.68e-06,0.3071,41.15,0.001162
2023-11-02 00:00:00,35571.68,0.001977,230.6,0.006482,70.33,8.71e-06,0.3098,42.59,0.0011972
2023-11-02 04:00:00,35279.85,0.001979,229.9,0.006514,69.81,8.7e-06,0.3069,43.12,0.0012221
2023-11-02 08:00:00,35373.56,0.001985,231.9,0.006553,70.17,8.77e-06,0.3104,44.47,0.001257
2023-11-02 12:00:00,34640.01,0.001981,229.6,0.006628,68.59,8.68e-06,0.3003,40.03,0.0011561
2023-11-02 16:00:00,35000.01,0.001987,232.4,0.006644,69.52,9.27e-06,0.3242,41.42,0.001183
2023-11-02 20:00:00,34941.59,0.001986,231.9,0.006635,69.43,9.25e-06,0.323,40.23,0.0011522
2023-11-03 00:00:00,34681.92,0.001983,229.9,0.00663,68.74,9.11e-06,0.3164,38.94,0.001123
2023-11-03 04:00:00,34464.97,0.002004,229.7,0.006667,69.01,9.36e-06,0.323,39.02,0.0011326
2023-11-03 08:00:00,34252.4,0.002003,227.7,0.006645,68.61,9.29e-06,0.3183,39.15,0.0011437
2023-11-03 12:00:00,34763.71,0.001994,229.4,0.006602,69.3,9.22e-06,0.3206,39.79,0.0011444
2023-11-03 16:00:00,34530.71,0.001997,229.3,0.006641,69.01,9.35e-06,0.3227,39.17,0.0011346
2023-11-03 20:00:00,34716.78,0.002001,230.2,0.006633,69.45,9.49e-06,0.3292,39.45,0.0011367
2023-11-04 00:00:00,34708.9,0.002007,231.2,0.006663,69.67,9.4e-06,0.3263,41.12,0.0011844
2023-11-04 04:00:00,34767.99,0.001998,231.8,0.006669,69.41,9.36e-06,0.3252,41.72,0.0012002
2023-11-04 08:00:00,34712.37,0.002004,234.5,0.006754,69.58,9.37e-06,0.3254,41.53,0.0011963
2023-11-04 12:00:00,34709.91,0.00199,234.8,0.006766,69.06,9.27e-06,0.3218,41.28,0.0011889
2023-11-04 16:00:00,34730.73,0.001984,236.2,0.006798,68.97,9.33e-06,0.3241,41.38,0.0011915
2023-11-04 20:00:00,35062.07,0.00201,237.1,0.006763,70.41,9.36e-06,0.3278,42.41,0.0012094
2023-11-05 00:00:00,35277.01,0.002025,242.8,0.006884,71.39,9.39e-06,0.3315,42.52,0.0012057
2023-11-05 04:00:00,35162.46,0.002031,244.5,0.006951,71.4,9.53e-06,0.335,41.57,0.001182
2023-11-05 08:00:00,35085.98,0.002037,243.8,0.006948,71.45,9.79e-06,0.3431,41.64,0.001187
2023-11-05 12:00:00,34882.92,0.002019,240.8,0.006901,70.44,9.8e-06,0.3416,40.72,0.0011668
2023-11-05 16:00:00,34988.21,0.002052,243.5,0.006959,71.81,9.85e-06,0.3447,40.74,0.0011643
2023-11-05 20:00:00,35011.88,0.002046,244.0,0.006966,71.6,9.77e-06,0.3419,41.15,0.0011751
2023-11-06 00:00:00,34978.38,0.002051,243.7,0.006967,71.71,9.89e-06,0.3456,41.11,0.0011753
2023-11-06 04:00:00,34904.72,0.00206,244.3,0.007,71.89,9.89e-06,0.3449,39.93,0.001144
2023-11-06 08:00:00,35232.45,0.002064,245.3,0.006958,72.71,9.99e-06,0.3517,40.32,0.0011439
2023-11-06 12:00:00,35080.95,0.0021,251.7,0.007175,73.68,1.004e-05,0.352,40.23,0.0011466
2023-11-06 16:00:00,35054.68,0.002116,253.4,0.00723,74.2,1.049e-05,0.3678,40.48,0.0011543
2023-11-06 20:00:00,35046.09,0.002125,255.1,0.007281,74.46,1.035e-05,0.3624,42.16,0.0012033
2023-11-07 00:00:00,34919.01,0.002096,251.5,0.007201,73.18,1.021e-05,0.3566,40.81,0.0011688
2023-11-07 04:00:00,34937.71,0.002102,251.0,0.00719,73.41,1.01e-05,0.353,41.55,0.001189
2023-11-07 08:00:00,34627.83,0.002102,247.6,0.007154,72.76,9.96e-06,0.3452,41.1,0.0011864
2023-11-07 12:00:00,34721.23,0.002071,244.5,0.007039,71.91,9.79e-06,0.3401,41.21,0.0011864
2023-11-07 16:00:00,35453.98,0.002077,247.9,0.006991,73.64,9.91e-06,0.3515,43.86,0.0012373
2023-11-07 20:00:00,35399.12,0.002075,246.2,0.006951,73.41,9.92e-06,0.3512,42.93,0.0012129
2023-11-08 00:00:00,35269.68,0.002066,245.7,0.006965,72.87,1.005e-05,0.3547,43.37,0.00123
2023-11-08 04:00:00,35226.4,0.00209,245.9,0.006982,73.63,1.011e-05,0.3562,43.49,0.0012341
2023-11-08 08:00:00,35330.79,0.002079,246.6,0.006979,73.44,1.005e-05,0.3553,43.31,0.0012256
2023-11-08 12:00:00,35225.68,0.002079,245.9,0.006979,73.2,1.009e-05,0.3553,42.77,0.0012142
2023-11-08 16:00:00,35621.99,0.002073,247.0,0.006933,73.85,1.003e-05,0.3573,43.1,0.00121
2023-11-08 20:00:00,35624.72,0.00205,246.7,0.006923,73.07,1.004e-05,0.3577,43.13,0.0012105
2023-11-09 00:00:00,36438.37,0.002043,249.9,0.00686,74.43,1.005e-05,0.3657,44.09,0.0012097
2023-11-09 04:00:00,36533.04,0.002034,248.5,0.006801,74.35,1.002e-05,0.3661,43.9,0.0012016
2023-11-09 08:00:00,36805.71,0.002023,249.5,0.006777,74.42,1.016e-05,0.3737,47.13,0.0012802
2023-11-09 12:00:00,37084.02,0.002014,251.8,0.006788,74.71,1.018e-05,0.3774,46.4,0.0012508
2023-11-09 16:00:00,36382.2,0.001956,244.9,0.006732,71.17,9.95e-06,0.3617,44.42,0.0012207
2023-11-09 20:00:00,36701.09,0.002014,251.6,0.006857,73.83,1.004e-05,0.3684,45.29,0.0012341
2023-11-10 00:00:00,36733.27,0.002005,255.4,0.006952,73.69,1.013e-05,0.372,47.4,0.0012905
2023-11-10 04:00:00,36439.98,0.002002,251.5,0.006901,72.94,1.029e-05,0.3753,47.55,0.0013048
2023-11-10 08:00:00,37071.09,0.001977,253.0,0.006827,73.25,1.021e-05,0.3784,50.7,0.0013675
2023-11-10 12:00:00,37082.14,0.001941,249.8,0.006739,71.94,9.9e-06,0.3674,50.87,0.0013727
2023-11-10 16:00:00,37225.96,0.001951,250.6,0.006733,72.63,1.003e-05,0.3734,54.11,0.0014532
2023-11-10 20:00:00,37301.63,0.001964,251.0,0.006732,73.28,1.035e-05,0.3859,56.67,0.0015195
2023-11-11 00:00:00,37039.97,0.001947,248.2,0.0067,72.1,1.01e-05,0.3742,55.84,0.0015072
2023-11-11 04:00:00,37006.4,0.001956,248.8,0.006723,72.37,1.022e-05,0.3783,54.26,0.0014659
2023-11-11 08:00:00,36988.52,0.002002,248.8,0.006725,74.06,1.024e-05,0.3791,55.25,0.001494
2023-11-11 12:00:00,37050.77,0.002011,253.0,0.006826,74.49,1.046e-05,0.3876,60.89,0.0016432
2023-11-11 16:00:00,37148.79,0.002021,253.9,0.006835,75.11,1.05e-05,0.3905,60.53,0.0016289
2023-11-11 20:00:00,37130.0,0.002027,251.5,0.006773,75.26,1.035e-05,0.3844,56.34,0.0015168
2023-11-12 00:00:00,36988.77,0.002016,248.6,0.006721,74.59,1.029e-05,0.3808,57.39,0.0015512
2023-11-12 04:00:00,37127.95,0.002037,250.6,0.006751,75.62,1.045e-05,0.3879,61.08,0.0016457
2023-11-12 08:00:00,37055.5,0.002041,249.1,0.006722,75.58,1.043e-05,0.3867,59.97,0.0016185
2023-11-12 12:00:00,37152.11,0.002021,248.4,0.006691,75.06,1.04e-05,0.3858,58.62,0.0015776
2023-11-12 16:00:00,37105.01,0.002006,247.9,0.00668,74.41,1.026e-05,0.3806,56.03,0.0015099
2023-11-12 20:00:00,37064.13,0.002021,247.4,0.006676,74.88,1.035e-05,0.3834,56.28,0.0015185
2023-11-13 00:00:00,36914.01,0.001996,245.5,0.00665,73.72,1.021e-05,0.3766,56.99,0.0015441
2023-11-13 04:00:00,36960.29,0.002002,245.7,0.006646,73.97,1.021e-05,0.3771,58.24,0.0015761
2023-11-13 08:00:00,36810.02,0.001993,244.9,0.006654,73.34,9.99e-06,0.3679,57.04,0.0015496
2023-11-13 12:00:00,36841.91,0.001996,247.1,0.006705,73.57,1.003e-05,0.3696,55.64,0.00151
2023-11-13 16:00:00,36844.98,0.001978,246.1,0.006677,72.89,9.98e-06,0.3679,54.64,0.0014826
2023-11-13 20:00:00,36462.93,0.001949,241.1,0.006611,71.1,9.78e-06,0.3568,51.6,0.001415
2023-11-14 00:00:00,36448.07,0.001971,242.4,0.00665,71.86,9.84e-06,0.3588,54.03,0.001483
2023-11-14 04:00:00,36683.86,0.001969,244.3,0.006664,72.25,1.003e-05,0.3676,55.16,0.0015049
2023-11-14 08:00:00,36259.18,0.001953,244.5,0.006743,70.79,9.83e-06,0.3567,52.65,0.0014523
2023-11-14 12:00:00,36147.09,0.001969,244.2,0.006756,71.17,1.006e-05,0.3636,56.23,0.0015551
2023-11-14 16:00:00,35293.99,0.001959,240.0,0.006802,69.19,9.91e-06,0.3497,55.1,0.0015615
2023-11-14 20:00:00,35551.19,0.001986,242.3,0.006813,70.61,1.007e-05,0.3579,56.81,0.0015985
2023-11-15 00:00:00,35381.99,0.002012,243.9,0.006892,71.19,1.001e-05,0.3538,56.24,0.0015899
2023-11-15 04:00:00,35576.88,0.002012,245.4,0.006894,71.63,1.02e-05,0.3628,59.16,0.001663
2023-11-15 08:00:00,36240.94,0.001992,247.0,0.006817,72.18,1.027e-05,0.3722,62.99,0.0017378
2023-11-15 12:00:00,36402.42,0.001983,252.4,0.006931,72.19,1.021e-05,0.3715,62.42,0.0017148
2023-11-15 16:00:00,37499.99,0.001953,253.0,0.006747,73.2,1.003e-05,0.3757,65.33,0.001741
2023-11-15 20:00:00,37858.2,0.001954,253.7,0.006704,74.03,1.001e-05,0.3788,65.43,0.0017301
2023-11-16 00:00:00,37454.98,0.001971,253.2,0.006763,73.84,1.019e-05,0.3814,65.88,0.0017592
2023-11-16 04:00:00,37437.25,0.001971,254.8,0.006806,73.79,1.059e-05,0.3962,65.68,0.0017549
2023-11-16 08:00:00,37247.48,0.00197,251.7,0.006755,73.37,1.053e-05,0.3926,64.03,0.0017191
2023-11-16 12:00:00,36406.0,0.001964,246.5,0.006768,71.52,1.051e-05,0.3828,61.6,0.0016919
2023-11-16 16:00:00,35921.01,0.001981,243.2,0.006771,71.16,1.021e-05,0.367,62.34,0.0017354
2023-11-16 20:00:00,36163.51,0.001963,242.7,0.00671,70.97,1.025e-05,0.3706,57.8,0.0015984
2023-11-17 00:00:00,36483.99,0.001938,244.6,0.006703,70.71,1.028e-05,0.375,58.95,0.0016161
2023-11-17 04:00:00,36239.76,0.001942,244.5,0.006743,70.38,1.013e-05,0.3674,58.16,0.0016045
2023-11-17 08:00:00,36372.83,0.001943,244.3,0.006715,70.67,1.025e-05,0.3728,58.15,0.0015995
2023-11-17 12:00:00,36044.8,0.001906,238.9,0.006629,68.76,9.86e-06,0.3555,55.04,0.001528
2023-11-17 16:00:00,36322.4,0.00192,243.3,0.006697,69.76,1.001e-05,0.3638,57.58,0.0015847
2023-11-17 20:00:00,36613.92,0.001921,244.9,0.006687,70.29,1.003e-05,0.3671,58.51,0.0015984
2023-11-18 00:00:00,36371.81,0.001901,241.5,0.00664,69.11,9.89e-06,0.3597,56.68,0.0015585
2023-11-18 04:00:00,36417.16,0.001893,241.9,0.006641,68.93,9.81e-06,0.3573,56.36,0.0015479
2023-11-18 08:00:00,36402.8,0.001895,242.9,0.006674,68.96,9.84e-06,0.3585,56.96,0.0015648
2023-11-18 12:00:00,36664.16,0.001903,244.4,0.006663,69.78,1e-05,0.3668,58.01,0.0015827
2023-11-18 16:00:00,36679.1,0.001907,245.1,0.006679,69.98,1.018e-05,0.3737,59.06,0.0016099
2023-11-18 20:00:00,36568.1,0.00191,244.8,0.006694,69.86,1.032e-05,0.3772,58.56,0.001601
2023-11-19 00:00:00,36521.11,0.001911,244.2,0.006685,69.8,1.032e-05,0.3766,58.25,0.0015948
2023-11-19 04:00:00,36611.5,0.001911,244.2,0.006671,69.93,1.024e-05,0.3748,60.44,0.0016505
2023-11-19 08:00:00,36453.62,0.0019,243.2,0.006669,69.24,1.028e-05,0.3746,59.87,0.0016419
2023-11-19 12:00:00,36568.27,0.001899,243.6,0.006661,69.46,1.031e-05,0.3769,59.97,0.0016399
2023-11-19 16:00:00,36948.97,0.001904,245.7,0.006651,70.37,1.038e-05,0.3835,61.19,0.0016562
2023-11-19 20:00:00,37359.86,0.001889,246.4,0.006596,70.54,1.029e-05,0.384,61.1,0.0016371
2023-11-20 00:00:00,37114.34,0.001894,246.7,0.006645,70.29,1.029e-05,0.3819,59.92,0.0016145
2023-11-20 04:00:00,37244.47,0.001893,247.3,0.006642,70.51,1.04e-05,0.3872,59.88,0.0016081
2023-11-20 08:00:00,37147.5,0.001896,247.5,0.006663,70.41,1.057e-05,0.3923,60.08,0.0016176
2023-11-20 12:00:00,37461.61,0.001881,248.2,0.006624,70.47,1.047e-05,0.3921,59.01,0.0015749
2023-11-20 16:00:00,37569.23,0.001862,257.5,0.006854,70.01,1.025e-05,0.3854,57.54,0.0015314
2023-11-20 20:00:00,37448.78,0.001856,253.1,0.006757,69.51,1.015e-05,0.3804,56.57,0.0015108
2023-11-21 00:00:00,37464.86,0.001863,262.7,0.007011,69.8,1.027e-05,0.3848,56.0,0.0014945
2023-11-21 04:00:00,37279.91,0.001864,257.4,0.006904,69.49,1.026e-05,0.3825,55.39,0.0014856
2023-11-21 08:00:00,37174.97,0.001885,258.7,0.006963,70.07,1.018e-05,0.3786,56.27,0.0015136
2023-11-21 12:00:00,36975.04,0.001878,264.5,0.007153,69.46,1.017e-05,0.3759,55.11,0.0014908
2023-11-21 16:00:00,36980.0,0.00184,240.1,0.006493,68.06,9.98e-06,0.3693,54.81,0.0014818
2023-11-21 20:00:00,35741.65,0.001849,225.5,0.006311,66.15,9.97e-06,0.3566,51.65,0.0014437
2023-11-22 00:00:00,36380.0,0.001858,234.3,0.006437,67.61,1.019e-05,0.3704,54.37,0.0014947
2023-11-22 04:00:00,36439.81,0.001855,233.0,0.006393,67.59,1.011e-05,0.3682,54.67,0.0014998
2023-11-22 08:00:00,36463.93,0.001854,234.0,0.006419,67.56,1.01e-05,0.3686,54.53,0.0014949
2023-11-22 12:00:00,36481.14,0.001849,231.7,0.006348,67.43,1.012e-05,0.3694,54.94,0.001506
2023-11-22 16:00:00,37289.98,0.001835,235.3,0.006308,68.45,1.013e-05,0.378,57.34,0.0015376
2023-11-22 20:00:00,37408.34,0.001837,236.1,0.006312,68.7,1.017e-05,0.3805,57.56,0.0015388
2023-11-23 00:00:00,37299.69,0.001852,235.4,0.006313,69.12,1.019e-05,0.3799,57.64,0.0015446
2023-11-23 04:00:00,37369.21,0.001883,235.2,0.006292,70.33,1.021e-05,0.3814,57.8,0.0015473
2023-11-23 08:00:00,37370.0,0.001853,232.8,0.00623,69.24,1.025e-05,0.3827,57.97,0.001551
2023-11-23 12:00:00,36951.34,0.001854,230.9,0.006245,68.54,1.023e-05,0.3779,56.6,0.0015323
2023-11-23 16:00:00,37281.42,0.001863,233.7,0.006267,69.48,1.019e-05,0.3798,56.35,0.0015116
2023-11-23 20:00:00,37294.28,0.001863,233.8,0.006269,69.51,1.039e-05,0.3873,56.51,0.0015151
2023-11-24 00:00:00,37315.65,0.001866,234.8,0.006292,69.63,1.058e-05,0.3949,57.28,0.001535
2023-11-24 04:00:00,37522.99,0.001861,235.4,0.006276,69.8,1.045e-05,0.3918,57.34,0.0015275
2023-11-24 08:00:00,37741.99,0.001855,235.2,0.006232,69.99,1.034e-05,0.3902,58.03,0.0015371
2023-11-24 12:00:00,38221.11,0.001844,235.1,0.006149,70.52,1.027e-05,0.3922,58.13,0.00152
2023-11-24 16:00:00,37766.11,0.001877,232.7,0.006162,70.9,1.022e-05,0.3861,57.14,0.0015136
2023-11-24 20:00:00,37713.57,0.001877,232.7,0.006172,70.73,1.024e-05,0.3862,56.86,0.001508
2023-11-25 00:00:00,37798.0,0.001889,234.3,0.006202,71.47,1.034e-05,0.3906,58.83,0.001556
2023-11-25 04:00:00,37802.4,0.001889,235.5,0.006229,71.41,1.04e-05,0.3928,58.6,0.0015499
2023-11-25 08:00:00,37652.51,0.001884,233.1,0.006191,70.94,1.031e-05,0.3882,57.81,0.0015351
2023-11-25 12:00:00,37704.38,0.001898,233.6,0.006196,71.56,1.044e-05,0.3932,58.55,0.0015523
2023-11-25 16:00:00,37819.43,0.001893,233.2,0.006167,71.58,1.045e-05,0.3949,59.03,0.0015612
2023-11-25 20:00:00,37780.67,0.001902,234.4,0.006204,71.87,1.043e-05,0.3941,58.82,0.0015566
2023-11-26 00:00:00,37730.38,0.001893,232.8,0.00617,71.46,1.036e-05,0.3909,58.31,0.0015458
2023-11-26 04:00:00,37789.78,0.001885,233.9,0.006188,71.25,1.045e-05,0.395,58.41,0.0015452
2023-11-26 08:00:00,37679.31,0.001879,233.4,0.006196,70.83,1.038e-05,0.3912,57.86,0.001535
2023-11-26 12:00:00,37437.11,0.001875,231.3,0.00618,70.23,1.031e-05,0.3862,57.1,0.0015255
2023-11-26 16:00:00,37380.07,0.001863,231.5,0.00619,69.68,1.028e-05,0.3847,57.2,0.0015306
2023-11-26 20:00:00,37447.43,0.00187,231.7,0.006187,70.03,1.035e-05,0.3873,57.57,0.0015377
2023-11-27 00:00:00,37309.25,0.001861,229.0,0.006139,69.43,1.03e-05,0.384,56.6,0.0015172
2023-11-27 04:00:00,37283.19,0.001872,228.8,0.006137,69.73,1.028e-05,0.3831,55.93,0.0014998
2023-11-27 08:00:00,37035.95,0.001852,225.8,0.006096,68.62,1.027e-05,0.3804,55.02,0.0014861
2023-11-27 12:00:00,36751.02,0.00186,222.9,0.006063,68.36,1.019e-05,0.3748,53.94,0.0014672
2023-11-27 16:00:00,36877.0,0.001854,224.6,0.006091,68.4,1.015e-05,0.3741,54.13,0.0014674
2023-11-27 20:00:00,37242.7,0.001857,227.2,0.006103,69.22,1.015e-05,0.3777,55.06,0.0014779
2023-11-28 00:00:00,37129.56,0.001852,226.7,0.006105,68.79,1.013e-05,0.3761,54.96,0.00148
2023-11-28 04:00:00,37105.11,0.001837,225.9,0.006087,68.22,1.007e-05,0.3738,55.09,0.0014848
2023-11-28 08:00:00,37251.42,0.001857,228.9,0.006144,69.15,1.013e-05,0.3777,56.19,0.0015079
2023-11-28 12:00:00,37513.19,0.001841,229.8,0.006123,69.03,1.015e-05,0.3811,56.05,0.0014944
2023-11-28 16:00:00,38114.26,0.001834,230.3,0.006041,69.9,1.015e-05,0.387,58.04,0.001523
2023-11-28 20:00:00,37818.87,0.001844,229.6,0.00607,69.77,1.02e-05,0.3858,58.18,0.0015389
2023-11-29 00:00:00,37940.49,0.001837,229.4,0.006045,69.72,1.015e-05,0.3847,58.53,0.0015425
2023-11-29 04:00:00,38096.69,0.001837,229.8,0.006035,69.96,1.011e-05,0.3854,59.36,0.0015579
2023-11-29 08:00:00,38104.65,0.001831,229.3,0.006017,69.8,1.009e-05,0.3842,60.64,0.0015914
2023-11-29 12:00:00,37830.75,0.001841,227.6,0.006016,69.61,1.005e-05,0.3797,60.06,0.001587
2023-11-29 16:00:00,37874.2,0.001844,227.5,0.006005,69.83,1.018e-05,0.3856,60.06,0.0015867
2023-11-29 20:00:00,37854.64,0.001849,227.3,0.006004,70.0,1.009e-05,0.3816,59.31,0.0015667
2023-11-30 00:00:00,38051.84,0.001839,228.8,0.006012,70.0,1.002e-05,0.3816,60.42,0.0015878
2023-11-30 04:00:00,37792.98,0.001842,227.7,0.006024,69.6,9.97e-06,0.3769,60.0,0.001588
2023-11-30 08:00:00,37885.15,0.001838,228.9,0.00604,69.61,9.95e-06,0.3769,60.78,0.0016053
2023-11-30 12:00:00,37619.84,0.001843,226.7,0.006025,69.3,9.97e-06,0.3749,59.59,0.0015847
2023-11-30 16:00:00,37749.34,0.001837,227.3,0.006019,69.37,9.93e-06,0.3752,59.99,0.0015892
2023-11-30 20:00:00,37723.96,0.00184,227.6,0.006033,69.42,9.96e-06,0.3759,59.3,0.0015716
2023-12-01 00:00:00,38043.05,0.001841,229.1,0.006023,70.06,9.96e-06,0.3791,60.75,0.0015969
2023-12-01 04:00:00,38244.08,0.00184,228.7,0.005977,70.39,9.91e-06,0.3789,60.86,0.0015916
2023-12-01 08:00:00,38580.17,0.001843,228.9,0.005929,71.09,9.9e-06,0.382,61.04,0.0015826
2023-12-01 12:00:00,38413.5,0.001858,228.3,0.005945,71.38,9.92e-06,0.3812,60.12,0.0015655
2023-12-01 16:00:00,38762.4,0.001848,228.7,0.0059,71.67,9.93e-06,0.3847,60.51,0.0015609
2023-12-01 20:00:00,38682.52,0.00185,228.5,0.005905,71.57,9.93e-06,0.3844,59.75,0.0015447
2023-12-02 00:00:00,38782.27,0.001854,229.2,0.005912,71.88,9.95e-06,0.3861,61.01,0.0015735
2023-12-02 04:00:00,38702.48,0.001857,228.3,0.0059,71.84,9.99e-06,0.3864,62.01,0.0016023
2023-12-02 08:00:00,38740.16,0.001849,227.1,0.005862,71.62,1.004e-05,0.3889,62.15,0.0016045
2023-12-02 12:00:00,38811.75,0.00185,227.3,0.005853,71.81,1.003e-05,0.3891,61.89,0.0015944
2023-12-02 16:00:00,39420.0,0.001836,228.9,0.005805,72.4,9.98e-06,0.3933,62.98,0.0015971
2023-12-02 20:00:00,39450.35,0.001831,229.0,0.005805,72.2,1.008e-05,0.3976,63.66,0.0016139
2023-12-03 00:00:00,39381.11,0.001825,228.4,0.005802,71.91,1.007e-05,0.3967,64.09,0.0016273
2023-12-03 04:00:00,39478.72,0.001824,228.1,0.005776,71.98,1.005e-05,0.3967,63.96,0.0016195
2023-12-03 08:00:00,39479.7,0.001833,227.9,0.005773,72.35,9.98e-06,0.394,63.52,0.001609
2023-12-03 12:00:00,39760.42,0.001805,226.9,0.005707,71.73,9.83e-06,0.3905,62.98,0.0015838
2023-12-03 16:00:00,39565.99,0.001812,226.9,0.005737,71.71,9.86e-06,0.3901,62.94,0.001591
2023-12-03 20:00:00,39972.26,0.00181,228.1,0.005704,72.31,9.88e-06,0.3949,62.98,0.0015758
2023-12-04 00:00:00,40709.77,0.001814,228.7,0.005617,73.88,9.9e-06,0.403,64.23,0.0015775
2023-12-04 04:00:00,41441.1,0.001775,231.9,0.005596,73.56,9.86e-06,0.4084,63.69,0.0015366
2023-12-04 08:00:00,41596.01,0.001769,229.7,0.005521,73.57,9.7e-06,0.4037,62.11,0.0014932
2023-12-04 12:00:00,41270.33,0.001757,229.8,0.005569,72.54,9.63e-06,0.3975,60.53,0.0014667
2023-12-04 16:00:00,41987.28,0.001724,232.0,0.005525,72.35,9.55e-06,0.4012,61.04,0.0014534
2023-12-04 20:00:00,41991.1,0.001736,233.5,0.00556,72.93,9.69e-06,0.4068,61.64,0.0014676
2023-12-05 00:00:00,41829.99,0.001735,232.9,0.005566,72.55,9.68e-06,0.4054,60.62,0.001449
2023-12-05 04:00:00,41528.0,0.00173,229.4,0.005524,71.84,9.61e-06,0.3991,59.69,0.0014375
2023-12-05 08:00:00,41726.09,0.001724,230.1,0.005516,71.92,9.57e-06,0.3994,60.16,0.0014417
2023-12-05 12:00:00,42268.29,0.001711,231.1,0.005467,72.36,9.53e-06,0.4032,60.96,0.0014428
2023-12-05 16:00:00,43814.36,0.001667,231.2,0.005278,72.98,9.63e-06,0.4219,61.37,0.0014007
2023-12-05 20:00:00,44073.32,0.001686,231.2,0.005245,74.34,9.66e-06,0.4257,61.03,0.0013845
2023-12-06 00:00:00,43736.06,0.001679,231.8,0.0053,73.42,9.72e-06,0.4253,64.36,0.0014713
2023-12-06 04:00:00,43688.87,0.001693,233.3,0.005338,73.96,9.83e-06,0.4298,63.36,0.0014499
2023-12-06 08:00:00,43839.21,0.001677,230.2,0.005253,73.48,9.97e-06,0.4371,63.05,0.0014384
2023-12-06 12:00:00,43785.2,0.001676,230.0,0.005253,73.37,1.029e-05,0.4506,62.61,0.0014308
2023-12-06 16:00:00,43984.71,0.00168,230.9,0.005248,73.87,1.019e-05,0.4477,64.42,0.0014646
2023-12-06 20:00:00,43762.69,0.001654,229.4,0.005243,72.41,1.012e-05,0.4429,61.85,0.0014129
2023-12-07 00:00:00,43926.84,0.001659,232.7,0.005298,72.88,1.012e-05,0.4442,62.92,0.0014324
2023-12-07 04:00:00,43884.01,0.001684,232.5,0.005298,73.9,1.018e-05,0.4463,63.37,0.0014442
2023-12-07 08:00:00,43188.03,0.001687,230.2,0.005329,72.82,1.009e-05,0.4351,64.18,0.0014857
2023-12-07 12:00:00,43659.99,0.001684,232.7,0.005331,73.5,1.016e-05,0.4437,65.81,0.0015072
2023-12-07 16:00:00,43203.58,0.001703,230.7,0.00534,73.56,1.046e-05,0.452,64.77,0.0014985
2023-12-07 20:00:00,43273.14,0.001711,232.6,0.005376,74.02,1.053e-05,0.4555,67.74,0.0015656
2023-12-08 00:00:00,43366.01,0.001717,235.5,0.00543,74.49,1.07e-05,0.4635,71.47,0.0016479
2023-12-08 04:00:00,43166.01,0.001718,233.0,0.005397,74.14,1.099e-05,0.4747,71.39,0.0016539
2023-12-08 08:00:00,43653.82,0.00173,234.6,0.005377,75.51,1.192e-05,0.5201,72.95,0.001672
2023-12-08 12:00:00,43760.94,0.001737,235.1,0.005369,76.0,1.255e-05,0.5485,72.02,0.0016456
2023-12-08 16:00:00,43945.11,0.001771,237.9,0.005414,77.86,1.212e-05,0.5325,72.28,0.0016449
2023-12-08 20:00:00,44170.99,0.001777,238.9,0.005408,78.5,1.235e-05,0.5454,74.94,0.0016958
2023-12-09 00:00:00,44139.38,0.001778,243.7,0.005521,78.53,1.309e-05,0.5777,74.16,0.0016796
2023-12-09 04:00:00,44180.22,0.001797,243.9,0.005523,79.35,1.413e-05,0.6244,76.96,0.0017421
2023-12-09 08:00:00,43817.35,0.001775,242.4,0.005532,77.73,1.422e-05,0.6229,77.1,0.0017604
2023-12-09 12:00:00,44045.1,0.001761,240.7,0.005463,77.58,1.392e-05,0.6129,75.57,0.0017151
2023-12-09 16:00:00,43924.39,0.001752,239.7,0.005458,76.94,1.346e-05,0.5911,74.08,0.0016861
2023-12-09 20:00:00,43713.6,0.001746,237.7,0.005438,76.32,1.325e-05,0.5791,72.3,0.0016531
2023-12-10 00:00:00,43845.32,0.001762,240.6,0.005485,77.28,1.352e-05,0.5923,73.0,0.0016651
2023-12-10 04:00:00,43966.44,0.00178,240.6,0.005474,78.27,1.342e-05,0.5906,72.47,0.0016488
2023-12-10 08:00:00,43738.02,0.001769,238.4,0.00545,77.33,1.35e-05,0.5905,71.42,0.001633
2023-12-10 12:00:00,43903.73,0.00178,240.0,0.005465,78.18,1.353e-05,0.5939,73.73,0.0016792
2023-12-10 16:00:00,43797.1,0.001777,240.1,0.00548,77.84,1.369e-05,0.5992,73.47,0.0016774
2023-12-10 20:00:00,43789.51,0.001762,239.8,0.005477,77.18,1.358e-05,0.5948,74.87,0.0017091
2023-12-11 00:00:00,42309.58,0.001746,233.2,0.005511,73.81,1.32e-05,0.5588,70.88,0.0016752
2023-12-11 04:00:00,42132.51,0.001736,232.5,0.005518,73.12,1.317e-05,0.5551,68.49,0.0016248
2023-12-11 08:00:00,42344.01,0.001736,236.0,0.005575,73.48,1.304e-05,0.5522,69.66,0.0016446
2023-12-11 12:00:00,41803.44,0.001738,244.3,0.005843,72.67,1.305e-05,0.5456,69.26,0.0016575
2023-12-11 16:00:00,40779.99,0.001776,240.0,0.005884,72.46,1.306e-05,0.5328,69.33,0.0017002
2023-12-11 20:00:00,41253.4,0.001762,246.4,0.005973,72.67,1.335e-05,0.5507,70.25,0.001703
2023-12-12 00:00:00,41735.29,0.001753,253.3,0.006068,73.12,1.348e-05,0.5625,71.18,0.0017054
2023-12-12 04:00:00,41916.27,0.001748,250.4,0.005971,73.27,1.414e-05,0.593,71.77,0.0017114
2023-12-12 08:00:00,41584.57,0.001742,250.2,0.006015,72.44,1.423e-05,0.5916,70.61,0.0016989
2023-12-12 12:00:00,41348.0,0.001738,254.1,0.006146,71.92,1.41e-05,0.5825,68.46,0.0016551
2023-12-12 16:00:00,41137.99,0.001743,255.4,0.006208,71.76,1.392e-05,0.5729,67.62,0.0016433
2023-12-12 20:00:00,41492.39,0.001744,254.6,0.006136,72.37,1.394e-05,0.5784,68.6,0.0016531
2023-12-13 00:00:00,40829.36,0.001743,246.3,0.006032,71.12,1.363e-05,0.5563,65.48,0.0016041
2023-12-13 04:00:00,41115.27,0.001738,247.9,0.006027,71.44,1.356e-05,0.5576,64.89,0.001578
2023-12-13 08:00:00,41004.69,0.001737,249.5,0.006084,71.21,1.409e-05,0.578,65.38,0.0015945
2023-12-13 12:00:00,41939.18,0.001728,251.5,0.005999,72.5,1.492e-05,0.626,67.56,0.0016112
2023-12-13 16:00:00,42734.01,0.001709,253.4,0.00593,72.99,1.506e-05,0.6438,70.35,0.0016461
2023-12-13 20:00:00,42869.03,0.001705,252.0,0.005879,73.12,1.557e-05,0.6675,70.62,0.0016475
2023-12-14 00:00:00,42713.86,0.001706,248.6,0.005821,72.89,1.537e-05,0.6564,70.08,0.0016401
2023-12-14 04:00:00,42898.98,0.001706,251.0,0.005849,73.16,1.529e-05,0.6559,71.52,0.0016675
2023-12-14 08:00:00,43267.06,0.001711,252.1,0.005826,74.01,1.519e-05,0.6572,73.53,0.0016989
2023-12-14 12:00:00,42448.28,0.001693,251.3,0.005919,71.85,1.498e-05,0.6358,71.65,0.0016872
2023-12-14 16:00:00,43094.13,0.001685,251.9,0.005846,72.66,1.48e-05,0.6376,73.28,0.0017009
2023-12-14 20:00:00,43022.26,0.001695,253.3,0.005887,72.93,1.496e-05,0.6433,75.68,0.0017575
2023-12-15 00:00:00,42795.94,0.001695,251.0,0.005868,72.57,1.489e-05,0.6378,74.38,0.0017375
2023-12-15 04:00:00,42699.99,0.001686,249.0,0.005834,72.0,1.475e-05,0.6295,76.62,0.0017949
2023-12-15 08:00:00,42776.03,0.001683,249.7,0.005839,72.03,1.493e-05,0.6384,79.14,0.00185
2023-12-15 12:00:00,41909.56,0.0017,246.1,0.005874,71.25,1.486e-05,0.6227,76.06,0.0018156
2023-12-15 16:00:00,42096.08,0.001706,246.5,0.005859,71.8,1.46e-05,0.6149,76.94,0.0018281
2023-12-15 20:00:00,41940.3,0.001691,244.9,0.005839,70.93,1.432e-05,0.6004,72.51,0.0017296
2023-12-16 00:00:00,42333.79,0.001696,247.7,0.00585,71.84,1.454e-05,0.6156,74.21,0.0017531
2023-12-16 04:00:00,42222.67,0.00171,246.7,0.005843,72.17,1.449e-05,0.6121,74.38,0.0017613
2023-12-16 08:00:00,42331.99,0.001706,247.0,0.005836,72.2,1.456e-05,0.6164,75.15,0.001775
2023-12-16 12:00:00,42604.0,0.001696,246.4,0.005785,72.25,1.461e-05,0.622,77.15,0.0018115
2023-12-16 16:00:00,42351.73,0.001697,245.3,0.005789,71.92,1.441e-05,0.6106,74.16,0.0017508
2023-12-16 20:00:00,42278.03,0.001708,244.4,0.005781,72.19,1.438e-05,0.6078,73.72,0.0017428
2023-12-17 00:00:00,41925.55,0.001726,243.1,0.005799,72.33,1.466e-05,0.6145,73.51,0.0017535
2023-12-17 04:00:00,41886.75,0.001738,240.4,0.005739,72.78,1.417e-05,0.5938,72.38,0.0017288
2023-12-17 08:00:00,41960.07,0.00173,241.5,0.005759,72.6,1.432e-05,0.6008,73.08,0.0017414
2023-12-17 12:00:00,41811.37,0.00174,242.1,0.005793,72.77,1.418e-05,0.593,72.68,0.0017381
2023-12-17 16:00:00,42105.91,0.001727,242.6,0.005761,72.71,1.411e-05,0.5941,73.54,0.0017463
2023-12-17 20:00:00,41374.65,0.001721,238.8,0.005776,71.18,1.404e-05,0.5804,70.87,0.0017117
2023-12-18 00:00:00,41090.92,0.001713,237.3,0.005776,70.43,1.396e-05,0.5733,69.94,0.0017025
2023-12-18 04:00:00,41126.02,0.001711,236.7,0.005754,70.39,1.382e-05,0.5685,68.94,0.0016765
2023-12-18 08:00:00,41105.12,0.001672,235.6,0.005731,68.69,1.361e-05,0.5599,69.01,0.0016794
2023-12-18 12:00:00,41265.96,0.001682,237.0,0.005741,69.39,1.372e-05,0.5667,70.73,0.001713
2023-12-18 16:00:00,41701.1,0.001682,238.3,0.005713,70.17,1.387e-05,0.5781,72.34,0.0017353
2023-12-18 20:00:00,42657.8,0.001662,241.7,0.005666,70.85,1.412e-05,0.6021,74.42,0.0017442
2023-12-19 00:00:00,43082.2,0.001651,245.2,0.005691,71.11,1.417e-05,0.6106,75.27,0.001747
2023-12-19 04:00:00,43036.16,0.001654,244.9,0.00569,71.17,1.414e-05,0.6084,75.71,0.0017602
2023-12-19 08:00:00,42976.11,0.001655,252.0,0.005863,71.09,1.382e-05,0.5937,74.63,0.0017369
2023-12-19 12:00:00,42486.86,0.001669,251.4,0.005919,70.93,1.368e-05,0.5817,73.67,0.0017331
2023-12-19 16:00:00,42341.96,0.001667,253.7,0.00599,70.58,1.368e-05,0.5791,74.26,0.0017544
2023-12-19 20:00:00,42275.99,0.001673,252.9,0.005981,70.73,1.363e-05,0.5761,73.0,0.0017281
2023-12-20 00:00:00,42419.75,0.001667,252.2,0.005945,70.73,1.364e-05,0.5788,74.92,0.0017666
2023-12-20 04:00:00,42924.23,0.001663,256.4,0.005971,71.36,1.379e-05,0.5918,76.07,0.0017724
2023-12-20 08:00:00,42864.44,0.001659,255.6,0.005963,71.12,1.379e-05,0.5913,77.07,0.0017979
2023-12-20 12:00:00,44027.2,0.001625,258.2,0.005865,71.55,1.365e-05,0.6007,80.68,0.0018324
2023-12-20 16:00:00,43738.01,0.00162,259.7,0.005936,70.93,1.361e-05,0.5945,81.07,0.0018525
2023-12-20 20:00:00,43668.93,0.0016,260.3,0.005963,69.83,1.351e-05,0.5894,82.21,0.0018839
2023-12-21 00:00:00,43649.37,0.001597,258.5,0.005921,69.72,1.36e-05,0.5936,83.38,0.0019108
2023-12-21 04:00:00,43764.5,0.001595,260.8,0.005962,69.8,1.367e-05,0.5981,86.83,0.001984
2023-12-21 08:00:00,43931.6,0.001604,271.6,0.006185,70.45,1.389e-05,0.61,87.01,0.001981
2023-12-21 12:00:00,43823.99,0.001601,271.7,0.006201,70.1,1.362e-05,0.5972,87.5,0.0019964
2023-12-21 16:00:00,43588.8,0.001618,270.2,0.006197,70.53,1.409e-05,0.6143,92.89,0.0021303
2023-12-21 20:00:00,43861.8,0.001616,272.1,0.006203,70.93,1.448e-05,0.6351,93.84,0.0021401
2023-12-22 00:00:00,44008.0,0.001613,271.6,0.006174,71.02,1.427e-05,0.6277,97.77,0.0022222
2023-12-22 04:00:00,43584.37,0.001623,265.2,0.006083,70.78,1.409e-05,0.6145,93.78,0.0021516
2023-12-22 08:00:00,43753.94,0.001636,270.3,0.006177,71.6,1.413e-05,0.6181,93.78,0.002144
2023-12-22 12:00:00,43671.1,0.001646,271.6,0.00622,71.85,1.418e-05,0.6194,96.31,0.0022063
2023-12-22 16:00:00,43640.79,0.001664,270.0,0.006185,72.6,1.414e-05,0.6171,96.91,0.0022196
2023-12-22 20:00:00,43969.04,0.001674,271.1,0.006165,73.58,1.416e-05,0.6226,97.9,0.0022262
2023-12-23 00:00:00,43526.43,0.001647,266.3,0.006119,71.68,1.378e-05,0.5999,93.73,0.0021539
2023-12-23 04:00:00,43562.32,0.001652,266.4,0.006112,71.94,1.386e-05,0.6037,95.36,0.0021894
2023-12-23 08:00:00,43547.78,0.001653,268.1,0.006158,72.0,1.387e-05,0.6042,95.87,0.0022016
2023-12-23 12:00:00,43756.24,0.001646,269.8,0.006165,72.06,1.379e-05,0.6037,96.77,0.0022117
2023-12-23 16:00:00,43703.81,0.00165,270.3,0.006182,72.15,1.382e-05,0.6043,102.88,0.0023535
2023-12-23 20:00:00,43702.16,0.001657,271.0,0.0062,72.45,1.402e-05,0.613,107.88,0.0024658
2023-12-24 00:00:00,43834.48,0.001658,270.0,0.006161,72.68,1.412e-05,0.6192,116.22,0.0026518
2023-12-24 04:00:00,43651.17,0.001662,269.2,0.006168,72.57,1.409e-05,0.6147,114.51,0.0026234
2023-12-24 08:00:00,43634.2,0.001654,268.2,0.006146,72.19,1.407e-05,0.6142,110.34,0.0025299
2023-12-24 12:00:00,43680.23,0.00165,269.5,0.006169,72.07,1.408e-05,0.615,113.55,0.0025997
2023-12-24 16:00:00,43618.07,0.001656,268.6,0.006159,72.27,1.417e-05,0.618,115.16,0.0026398
2023-12-24 20:00:00,42991.5,0.001653,264.5,0.006153,71.12,1.377e-05,0.5919,112.45,0.0026156
2023-12-25 00:00:00,43152.78,0.001653,264.8,0.006138,71.35,1.4e-05,0.6041,112.03,0.002595
2023-12-25 04:00:00,43208.15,0.001666,265.1,0.006132,71.99,1.395e-05,0.6026,112.93,0.0026132
2023-12-25 08:00:00,43171.11,0.001675,264.7,0.006131,72.35,1.404e-05,0.6065,111.75,0.0025902
2023-12-25 12:00:00,43618.0,0.001662,267.1,0.006122,72.49,1.416e-05,0.6171,123.15,0.002823
2023-12-25 16:00:00,43474.25,0.00166,266.0,0.006118,72.18,1.427e-05,0.62,121.26,0.0027907
2023-12-25 20:00:00,43576.13,0.001657,266.9,0.006123,72.22,1.433e-05,0.6242,120.91,0.0027748
2023-12-26 00:00:00,43451.46,0.001673,271.1,0.006238,72.68,1.424e-05,0.6184,119.37,0.0027471
2023-12-26 04:00:00,42774.12,0.001686,273.0,0.006381,72.13,1.412e-05,0.6043,113.4,0.0026516
2023-12-26 08:00:00,42685.55,0.001719,290.2,0.006797,73.42,1.439e-05,0.6139,114.8,0.0026899
2023-12-26 12:00:00,42391.5,0.001721,296.0,0.006984,72.99,1.436e-05,0.608,110.51,0.0026076
2023-12-26 16:00:00,42109.11,0.001721,295.6,0.007018,72.44,1.4e-05,0.5901,106.65,0.0025328
2023-12-26 20:00:00,42508.93,0.001722,297.7,0.007004,73.24,1.432e-05,0.6087,112.49,0.0026449
2023-12-27 00:00:00,42234.66,0.001714,290.0,0.006868,72.37,1.397e-05,0.5901,108.53,0.0025705
2023-12-27 04:00:00,42455.83,0.001736,293.2,0.006904,73.71,1.406e-05,0.5964,111.36,0.0026237
2023-12-27 08:00:00,43019.11,0.00175,310.6,0.007223,75.3,1.423e-05,0.6123,112.78,0.0026217
2023-12-27 12:00:00,42980.65,0.001757,311.5,0.007248,75.55,1.443e-05,0.62,107.8,0.002507
2023-12-27 16:00:00,43154.34,0.001745,312.4,0.007239,75.35,1.475e-05,0.6367,109.02,0.002526
2023-12-27 20:00:00,43428.85,0.001748,324.1,0.007463,75.98,1.459e-05,0.6334,106.91,0.0024612
2023-12-28 00:00:00,43408.41,0.001743,326.0,0.007508,75.66,1.52e-05,0.6601,104.49,0.0024057
2023-12-28 04:00:00,43049.17,0.001777,323.8,0.007522,76.51,1.536e-05,0.6615,105.85,0.0024587
2023-12-28 08:00:00,43059.98,0.00179,335.9,0.007802,77.09,1.499e-05,0.6455,104.86,0.002435
2023-12-28 12:00:00,42445.99,0.00177,329.0,0.007755,75.11,1.454e-05,0.617,99.71,0.0023494
2023-12-28 16:00:00,42610.64,0.001791,330.4,0.007754,76.35,1.468e-05,0.6255,101.1,0.0023724
2023-12-28 20:00:00,42563.76,0.001797,322.6,0.007579,76.51,1.447e-05,0.6158,101.8,0.0023919
2023-12-29 00:00:00,42697.42,0.001807,321.0,0.007519,77.19,1.439e-05,0.6138,104.89,0.0024575
2023-12-29 04:00:00,42273.34,0.001783,313.3,0.007411,75.41,1.438e-05,0.608,105.12,0.0024842
2023-12-29 08:00:00,42862.01,0.001779,317.8,0.007416,76.23,1.45e-05,0.6218,107.56,0.0025083
2023-12-29 12:00:00,42271.09,0.001785,311.7,0.007376,75.51,1.429e-05,0.6039,105.98,0.0025073
2023-12-29 16:00:00,42116.51,0.001776,314.2,0.007461,74.79,1.446e-05,0.6089,105.84,0.0025133
2023-12-29 20:00:00,42066.95,0.001741,313.7,0.007458,73.25,1.446e-05,0.6083,106.17,0.0025233
2023-12-30 00:00:00,41972.81,0.001737,315.9,0.007524,72.95,1.441e-05,0.6046,103.55,0.0024668
2023-12-30 04:00:00,41947.16,0.001761,318.2,0.007588,73.92,1.438e-05,0.6033,103.44,0.0024669
2023-12-30 08:00:00,41893.96,0.001743,316.7,0.007559,73.06,1.43e-05,0.5993,102.16,0.0024373
2023-12-30 12:00:00,42374.96,0.001736,318.7,0.007523,73.55,1.438e-05,0.6096,104.26,0.0024606
2023-12-30 16:00:00,42361.13,0.00173,316.2,0.007466,73.32,1.434e-05,0.6074,103.26,0.0024383
2023-12-30 20:00:00,42140.28,0.001737,317.1,0.007524,73.22,1.425e-05,0.6011,101.9,0.0024176
2023-12-31 00:00:00,42176.0,0.001726,319.7,0.007578,72.78,1.425e-05,0.6011,100.65,0.0023872
2023-12-31 04:00:00,42537.1,0.001724,322.7,0.007586,73.37,1.428e-05,0.6074,103.98,0.0024457
2023-12-31 08:00:00,42518.36,0.001738,317.9,0.007474,73.9,1.422e-05,0.6047,104.26,0.0024526
2023-12-31 12:00:00,42457.17,0.001742,315.7,0.007436,73.94,1.414e-05,0.6004,102.49,0.0024139
2023-12-31 16:00:00,42619.04,0.001735,316.2,0.00742,73.92,1.407e-05,0.5997,103.77,0.0024353
2023-12-31 20:00:00,42283.58,0.001723,311.8,0.007376,72.83,1.405e-05,0.594,101.72,0.0024051
2024-01-01 00:00:00,42330.49,0.001717,309.2,0.007307,72.67,1.407e-05,0.5956,103.07,0.0024349
2024-01-01 04:00:00,42492.46,0.001723,310.6,0.007309,73.19,1.41e-05,0.5991,102.51,0.0024134
2024-01-01 08:00:00,42690.2,0.001716,309.5,0.007248,73.24,1.413e-05,0.6031,104.32,0.0024441
2024-01-01 12:00:00,42783.05,0.001723,312.5,0.007302,73.69,1.417e-05,0.6059,105.98,0.0024765
2024-01-01 16:00:00,43517.99,0.001702,311.8,0.007166,74.15,1.421e-05,0.6185,108.81,0.0024993
2024-01-01 20:00:00,44179.55,0.001691,313.5,0.007097,74.72,1.411e-05,0.6232,109.91,0.0024874
2024-01-02 00:00:00,45402.38,0.001655,319.2,0.007025,75.09,1.388e-05,0.6302,111.41,0.0024548
2024-01-02 04:00:00,45455.53,0.001644,317.4,0.006982,74.71,1.379e-05,0.6272,114.47,0.0025177
2024-01-02 08:00:00,45433.99,0.001648,319.8,0.007038,74.85,1.377e-05,0.626,113.86,0.0025067
2024-01-02 12:00:00,45184.82,0.001624,308.4,0.006826,73.39,1.359e-05,0.6138,109.61,0.0024273
2024-01-02 16:00:00,45039.49,0.001622,311.2,0.006906,73.08,1.363e-05,0.6146,107.67,0.0023898
2024-01-02 20:00:00,44946.91,0.001622,312.2,0.006947,72.97,1.347e-05,0.605,106.73,0.0023743
2024-01-03 00:00:00,45262.69,0.001615,312.7,0.006905,73.13,1.346e-05,0.6091,108.11,0.002387
2024-01-03 04:00:00,45011.77,0.001623,316.8,0.007038,72.99,1.354e-05,0.6095,107.81,0.0023942
2024-01-03 08:00:00,43702.88,0.001644,323.0,0.007395,71.81,1.362e-05,0.5954,103.42,0.0023657
2024-01-03 12:00:00,43000.01,0.001533,316.9,0.007372,65.89,1.313e-05,0.565,102.06,0.0023715
2024-01-03 16:00:00,42596.67,0.001526,314.0,0.007368,64.99,1.303e-05,0.5546,97.38,0.0022855
2024-01-03 20:00:00,42845.23,0.001522,315.8,0.007373,65.24,1.301e-05,0.5569,98.52,0.0023006
2024-01-04 00:00:00,43102.8,0.00151,317.2,0.007359,65.07,1.3e-05,0.56,101.1,0.0023451
2024-01-04 04:00:00,42763.08,0.00152,318.5,0.007447,64.98,1.299e-05,0.5557,98.88,0.0023107
2024-01-04 08:00:00,43176.32,0.00151,316.9,0.00734,65.18,1.292e-05,0.5579,98.51,0.0022813
2024-01-04 12:00:00,44051.1,0.001506,319.7,0.007257,66.32,1.304e-05,0.5746,103.66,0.0023546
2024-01-04 16:00:00,43956.48,0.001505,318.2,0.007238,66.11,1.302e-05,0.572,105.16,0.0023933
2024-01-04 20:00:00,44151.1,0.001505,323.7,0.007331,66.41,1.291e-05,0.5699,104.91,0.0023761
2024-01-05 00:00:00,43465.21,0.001501,321.4,0.007394,65.21,1.271e-05,0.5521,100.95,0.0023225
2024-01-05 04:00:00,43777.47,0.001503,317.5,0.007254,65.8,1.263e-05,0.5528,101.15,0.0023108
2024-01-05 08:00:00,43771.34,0.001488,319.0,0.007289,65.1,1.238e-05,0.5421,99.62,0.0022766
2024-01-05 12:00:00,43500.01,0.001494,313.7,0.007211,64.96,1.22e-05,0.5306,98.03,0.0022542
2024-01-05 16:00:00,43600.0,0.001506,314.1,0.007202,65.66,1.211e-05,0.5282,97.95,0.002246
2024-01-05 20:00:00,44145.11,0.001495,317.5,0.007192,66.0,1.227e-05,0.5414,99.94,0.0022639
2024-01-06 00:00:00,43931.1,0.001488,307.8,0.007005,65.35,1.216e-05,0.534,98.66,0.0022462
2024-01-06 04:00:00,43653.2,0.001477,303.7,0.006957,64.47,1.186e-05,0.5179,94.5,0.0021649
2024-01-06 08:00:00,43671.96,0.001492,307.0,0.007031,65.15,1.192e-05,0.5206,94.45,0.0021628
2024-01-06 12:00:00,43867.17,0.001492,307.0,0.006997,65.5,1.199e-05,0.5255,95.18,0.0021698
2024-01-06 16:00:00,43906.36,0.001494,305.9,0.006966,65.6,1.19e-05,0.522,95.05,0.0021653
2024-01-06 20:00:00,43968.32,0.001494,307.5,0.006992,65.64,1.188e-05,0.5227,93.77,0.0021322
2024-01-07 00:00:00,43940.41,0.001494,306.6,0.006976,65.66,1.185e-05,0.5212,92.9,0.0021142
2024-01-07 04:00:00,44080.0,0.001492,309.0,0.007008,65.83,1.195e-05,0.5267,95.25,0.0021613
2024-01-07 08:00:00,44061.1,0.001484,306.2,0.006947,65.35,1.182e-05,0.5204,94.53,0.0021448
2024-01-07 12:00:00,44047.57,0.001477,305.6,0.006937,65.03,1.168e-05,0.5143,93.96,0.0021328
2024-01-07 16:00:00,44244.77,0.001476,306.4,0.006927,65.31,1.169e-05,0.5171,94.75,0.0021414
2024-01-07 20:00:00,43929.02,0.001462,302.4,0.006884,64.27,1.125e-05,0.4945,89.44,0.0020355
2024-01-08 00:00:00,43518.2,0.001433,293.9,0.006753,62.35,1.088e-05,0.474,87.25,0.0020033
2024-01-08 04:00:00,43974.55,0.00147,298.8,0.006793,64.64,1.112e-05,0.4895,89.68,0.0020391
2024-01-08 08:00:00,44635.99,0.001446,299.1,0.006702,64.53,1.12e-05,0.4998,92.23,0.0020661
2024-01-08 12:00:00,44963.04,0.001461,301.1,0.006698,65.66,1.138e-05,0.5118,94.67,0.002105
2024-01-08 16:00:00,46979.35,0.001429,307.7,0.006547,67.21,1.155e-05,0.5422,99.26,0.0021134
2024-01-08 20:00:00,46951.04,0.001444,303.7,0.006469,67.73,1.153e-05,0.5412,97.88,0.0020862
2024-01-09 00:00:00,46926.96,0.001425,298.4,0.006361,66.88,1.123e-05,0.5267,99.79,0.0021262
2024-01-09 04:00:00,46825.51,0.001429,304.3,0.0065,66.92,1.131e-05,0.5294,101.87,0.0021776
2024-01-09 08:00:00,46615.99,0.001415,304.4,0.006529,65.96,1.12e-05,0.5218,101.88,0.0021847
2024-01-09 12:00:00,46868.09,0.001389,301.1,0.006425,65.03,1.088e-05,0.5097,99.8,0.0021297
2024-01-09 16:00:00,46876.01,0.001404,299.6,0.006391,65.81,1.078e-05,0.5054,99.29,0.0021171
2024-01-09 20:00:00,46110.0,0.001453,301.1,0.006529,66.99,1.11e-05,0.5124,99.36,0.0021556
2024-01-10 00:00:00,46117.1,0.001465,301.8,0.006545,67.55,1.112e-05,0.5131,99.65,0.002161
2024-01-10 04:00:00,45757.98,0.001457,299.7,0.006549,66.66,1.109e-05,0.5069,98.12,0.0021444
2024-01-10 08:00:00,45515.89,0.001476,299.4,0.00658,67.18,1.129e-05,0.5139,97.31,0.0021386
2024-01-10 12:00:00,45546.4,0.001475,294.7,0.00647,67.19,1.111e-05,0.5058,94.78,0.0020809
2024-01-10 16:00:00,46489.18,0.001461,298.0,0.006408,67.99,1.115e-05,0.5185,96.31,0.0020714
2024-01-10 20:00:00,46653.99,0.001503,305.8,0.006553,70.1,1.213e-05,0.566,102.0,0.0021879
2024-01-11 00:00:00,46502.16,0.001534,306.6,0.006592,71.4,1.251e-05,0.582,100.32,0.0021574
2024-01-11 04:00:00,46101.4,0.001544,307.4,0.006669,71.12,1.251e-05,0.5766,99.72,0.0021634
2024-01-11 08:00:00,47060.0,0.001555,314.5,0.006681,73.16,1.274e-05,0.5994,104.43,0.0022193
2024-01-11 12:00:00,46783.78,0.001542,307.4,0.006571,72.06,1.248e-05,0.5834,100.79,0.0021546
2024-01-11 16:00:00,46692.3,0.001544,309.2,0.006619,72.08,1.25e-05,0.5837,101.36,0.0021699
2024-01-11 20:00:00,46339.16,0.001552,308.2,0.006652,71.88,1.255e-05,0.582,99.9,0.002156
2024-01-12 00:00:00,45994.0,0.00158,310.6,0.006753,72.67,1.255e-05,0.5774,97.73,0.0021242
2024-01-12 04:00:00,46008.19,0.001587,308.6,0.006707,72.96,1.258e-05,0.5788,98.83,0.0021498
2024-01-12 08:00:00,45954.35,0.001634,310.5,0.006753,75.12,1.264e-05,0.5811,98.22,0.0021377
2024-01-12 12:00:00,44462.01,0.001675,305.6,0.006873,74.43,1.274e-05,0.5664,95.32,0.0021443
2024-01-12 16:00:00,43472.55,0.001682,300.9,0.006923,73.13,1.284e-05,0.5583,95.21,0.0021904
2024-01-12 20:00:00,42782.73,0.001705,296.6,0.006933,72.97,1.279e-05,0.5476,92.12,0.0021527
2024-01-13 00:00:00,42609.94,0.001698,296.1,0.00695,72.39,1.281e-05,0.5456,91.08,0.0021371
2024-01-13 04:00:00,43102.97,0.00168,299.3,0.006942,72.44,1.272e-05,0.5486,92.56,0.0021474
2024-01-13 08:00:00,42624.0,0.001675,299.1,0.007017,71.37,1.287e-05,0.5487,92.24,0.0021639
2024-01-13 12:00:00,43154.48,0.001668,302.4,0.007004,71.99,1.276e-05,0.5507,92.89,0.0021529
2024-01-13 16:00:00,42786.25,0.001681,301.6,0.007048,71.94,1.278e-05,0.5468,94.8,0.0022164
2024-01-13 20:00:00,42847.99,0.00168,302.2,0.00705,71.98,1.282e-05,0.5491,95.85,0.0022374
2024-01-14 00:00:00,42681.82,0.001673,302.2,0.007082,71.41,1.274e-05,0.5441,96.93,0.0022716
2024-01-14 04:00:00,43011.44,0.001672,304.3,0.007073,71.96,1.27e-05,0.5468,98.28,0.002285
2024-01-14 08:00:00,42829.99,0.001674,303.2,0.007081,71.64,1.271e-05,0.5443,96.74,0.0022585
2024-01-14 12:00:00,42904.38,0.00167,305.2,0.007116,71.67,1.272e-05,0.5456,99.49,0.0023188
2024-01-14 16:00:00,42660.0,0.001651,304.0,0.007127,70.42,1.255e-05,0.5357,96.14,0.0022539
2024-01-14 20:00:00,41732.35,0.001672,299.5,0.007175,69.78,1.258e-05,0.5251,93.81,0.0022469
2024-01-15 00:00:00,42565.99,0.001676,309.6,0.007274,71.29,1.263e-05,0.5378,95.9,0.0022534
2024-01-15 04:00:00,42714.78,0.001658,314.9,0.007377,70.85,1.256e-05,0.5369,95.59,0.0022372
2024-01-15 08:00:00,42697.99,0.001651,312.9,0.007329,70.53,1.255e-05,0.5363,95.52,0.0022366
2024-01-15 12:00:00,42278.99,0.001645,314.4,0.007434,69.51,1.241e-05,0.5248,93.51,0.0022118
2024-01-15 16:00:00,42992.67,0.001631,318.4,0.007407,70.14,1.243e-05,0.5341,96.01,0.0022331
2024-01-15 20:00:00,42511.1,0.001625,317.5,0.007468,69.13,1.24e-05,0.5276,94.36,0.00222
2024-01-16 00:00:00,42924.56,0.001631,315.6,0.007353,70.0,1.248e-05,0.5358,96.19,0.0022406
2024-01-16 04:00:00,42791.13,0.001631,316.4,0.007395,69.8,1.244e-05,0.5325,97.73,0.0022838
2024-01-16 08:00:00,42900.54,0.001622,317.9,0.00741,69.62,1.253e-05,0.5375,96.7,0.0022545
2024-01-16 12:00:00,43252.67,0.001623,317.0,0.00733,70.23,1.254e-05,0.5422,97.25,0.0022483
2024-01-16 16:00:00,43166.11,0.001608,315.2,0.007302,69.39,1.251e-05,0.5396,96.78,0.0022419
2024-01-16 20:00:00,43137.95,0.001609,315.2,0.007307,69.44,1.241e-05,0.5356,97.61,0.0022618
2024-01-17 00:00:00,42849.0,0.001621,314.6,0.007341,69.42,1.248e-05,0.5347,99.96,0.0023328
2024-01-17 04:00:00,42655.94,0.001624,308.8,0.007239,69.22,1.238e-05,0.5283,97.32,0.0022817
2024-01-17 08:00:00,42680.16,0.00162,313.1,0.007337,69.15,1.248e-05,0.5323,102.02,0.0023904
2024-01-17 12:00:00,42482.79,0.001617,312.1,0.007345,68.7,1.238e-05,0.5263,99.38,0.0023384
2024-01-17 16:00:00,42611.11,0.00163,308.4,0.007236,69.42,1.239e-05,0.5278,100.79,0.0023642
2024-01-17 20:00:00,42776.1,0.001624,309.4,0.007232,69.46,1.235e-05,0.5282,102.1,0.0023867
2024-01-18 00:00:00,42592.05,0.001626,309.6,0.007267,69.25,1.223e-05,0.5212,99.91,0.0023459
2024-01-18 04:00:00,42915.33,0.001632,311.7,0.007262,70.03,1.224e-05,0.5252,100.76,0.0023479
2024-01-18 08:00:00,42544.59,0.001622,312.3,0.007339,68.99,1.215e-05,0.5173,98.96,0.0023264
2024-01-18 12:00:00,42619.32,0.001626,315.3,0.007398,69.31,1.22e-05,0.5203,98.25,0.0023051
2024-01-18 16:00:00,41022.32,0.001628,308.8,0.00753,66.74,1.216e-05,0.4993,92.36,0.0022515
2024-01-18 20:00:00,41327.5,0.001647,313.0,0.007574,68.11,1.216e-05,0.5026,94.4,0.0022839
2024-01-19 00:00:00,41055.87,0.001657,311.0,0.007574,67.98,1.204e-05,0.4945,93.09,0.002267
2024-01-19 04:00:00,41284.25,0.001666,311.5,0.007547,68.75,1.21e-05,0.4996,94.48,0.0022892
2024-01-19 08:00:00,41475.37,0.001661,314.1,0.007571,68.87,1.207e-05,0.5007,94.78,0.0022851
2024-01-19 12:00:00,40894.71,0.001715,311.4,0.007616,70.14,1.194e-05,0.4885,91.2,0.0022306
2024-01-19 16:00:00,41814.27,0.001689,313.7,0.007501,70.61,1.191e-05,0.4979,94.12,0.0022502
2024-01-19 20:00:00,41659.03,0.001711,314.7,0.007555,71.29,1.211e-05,0.5044,93.62,0.0022486
2024-01-20 00:00:00,41634.65,0.001719,313.4,0.007527,71.56,1.215e-05,0.5056,93.58,0.0022491
2024-01-20 04:00:00,41650.95,0.001733,313.2,0.00752,72.15,1.235e-05,0.5146,91.9,0.0022055
2024-01-20 08:00:00,41580.83,0.001711,315.0,0.007576,71.13,1.241e-05,0.5161,91.98,0.0022129
2024-01-20 12:00:00,41570.11,0.001707,314.1,0.007556,70.93,1.229e-05,0.5109,90.84,0.0021854
2024-01-20 16:00:00,41632.96,0.001698,314.7,0.007561,70.67,1.226e-05,0.5106,92.01,0.0022096
2024-01-20 20:00:00,41696.04,0.001711,317.2,0.007609,71.36,1.237e-05,0.516,92.88,0.0022274
2024-01-21 00:00:00,41680.82,0.001712,318.5,0.007643,71.35,1.242e-05,0.5178,92.92,0.0022299
2024-01-21 04:00:00,41648.51,0.001716,317.5,0.007624,71.42,1.238e-05,0.5159,92.35,0.0022177
2024-01-21 08:00:00,41719.89,0.001704,319.3,0.007653,71.09,1.24e-05,0.5174,93.16,0.0022332
2024-01-21 12:00:00,41656.28,0.001701,318.9,0.007652,70.87,1.233e-05,0.5142,92.5,0.0022206
2024-01-21 16:00:00,41719.4,0.001694,320.6,0.007683,70.67,1.226e-05,0.5114,92.46,0.0022157
2024-01-21 20:00:00,41580.33,0.001725,318.6,0.007664,71.75,1.211e-05,0.5032,91.09,0.0021907
2024-01-22 00:00:00,41197.04,0.001754,316.7,0.007687,72.24,1.205e-05,0.4965,89.34,0.0021694
2024-01-22 04:00:00,41043.7,0.001763,317.8,0.007745,72.37,1.213e-05,0.498,89.22,0.0021735
2024-01-22 08:00:00,40815.99,0.001702,313.5,0.007678,69.45,1.208e-05,0.4935,88.36,0.0021652
2024-01-22 12:00:00,40771.99,0.001686,311.1,0.007632,68.72,1.215e-05,0.4955,87.26,0.0021411
2024-01-22 16:00:00,39820.31,0.001691,306.6,0.007699,67.4,1.21e-05,0.482,83.64,0.002101
2024-01-22 20:00:00,39568.02,0.001702,305.9,0.007732,67.36,1.209e-05,0.4786,83.84,0.0021198
2024-01-23 00:00:00,40000.44,0.001703,310.4,0.007757,68.14,1.207e-05,0.4828,85.18,0.0021295
2024-01-23 04:00:00,39780.0,0.001702,308.3,0.007752,67.72,1.194e-05,0.4754,82.83,0.0020809
2024-01-23 08:00:00,38845.56,0.001669,295.9,0.00762,64.84,1.18e-05,0.4584,80.22,0.0020639
2024-01-23 12:00:00,39204.0,0.001656,296.7,0.007569,64.96,1.192e-05,0.4676,82.71,0.0021098
2024-01-23 16:00:00,39148.07,0.001653,294.4,0.007521,64.71,1.184e-05,0.4633,80.92,0.0020661
2024-01-23 20:00:00,39897.6,0.001641,298.8,0.007488,65.5,1.196e-05,0.4773,84.35,0.002114
2024-01-24 00:00:00,39614.0,0.001641,298.2,0.007528,65.02,1.174e-05,0.4651,83.55,0.0021082
2024-01-24 04:00:00,39981.09,0.001635,293.2,0.007334,65.39,1.175e-05,0.4701,86.16,0.0021543
2024-01-24 08:00:00,40209.34,0.001636,295.4,0.007346,65.77,1.182e-05,0.4751,87.21,0.0021686
2024-01-24 12:00:00,40050.71,0.001635,294.2,0.007342,65.5,1.181e-05,0.4728,86.99,0.0021723
2024-01-24 16:00:00,39803.05,0.001652,292.2,0.00734,65.77,1.186e-05,0.4724,86.37,0.0021696
2024-01-24 20:00:00,40084.88,0.00165,293.1,0.007311,66.13,1.189e-05,0.4765,88.77,0.002215
2024-01-25 00:00:00,40012.01,0.001641,290.5,0.007256,65.64,1.18e-05,0.4716,88.35,0.0022073
2024-01-25 04:00:00,40130.0,0.001639,292.1,0.007278,65.8,1.183e-05,0.4747,88.2,0.0021984
2024-01-25 08:00:00,40178.07,0.001633,294.9,0.007337,65.63,1.193e-05,0.4794,89.03,0.0022157
2024-01-25 12:00:00,39804.24,0.00163,292.6,0.007352,64.87,1.172e-05,0.4668,86.41,0.0021715
2024-01-25 16:00:00,39989.25,0.001644,291.7,0.007295,65.75,1.172e-05,0.4689,87.75,0.0021941
2024-01-25 20:00:00,39961.09,0.00164,292.1,0.00731,65.5,1.168e-05,0.4666,86.91,0.0021753
2024-01-26 00:00:00,40067.52,0.00164,293.9,0.007334,65.71,1.171e-05,0.4693,87.96,0.0021951
2024-01-26 04:00:00,39969.99,0.001639,294.7,0.00737,65.51,1.17e-05,0.4678,87.02,0.0021769
2024-01-26 08:00:00,41289.52,0.00162,302.9,0.007337,66.86,1.171e-05,0.4835,91.95,0.0022274
2024-01-26 12:00:00,41422.99,0.001617,302.8,0.00731,66.98,1.173e-05,0.4856,92.42,0.0022308
2024-01-26 16:00:00,42064.49,0.001599,301.7,0.007171,67.23,1.149e-05,0.4828,92.84,0.0022089
2024-01-26 20:00:00,41823.51,0.001604,302.2,0.007223,67.05,1.159e-05,0.4849,92.28,0.002206
2024-01-27 00:00:00,41815.01,0.001609,305.7,0.00731,67.27,1.165e-05,0.4873,92.69,0.0022168
2024-01-27 04:00:00,41710.14,0.001596,303.0,0.007266,66.54,1.15e-05,0.4797,91.2,0.0021854
2024-01-27 08:00:00,41761.23,0.001606,303.9,0.007278,67.02,1.154e-05,0.4817,92.02,0.0022029
2024-01-27 12:00:00,41814.0,0.001607,303.7,0.007264,67.19,1.16e-05,0.4854,92.83,0.0022197
2024-01-27 16:00:00,41910.47,0.001625,305.6,0.007291,68.09,1.164e-05,0.488,93.1,0.0022221
2024-01-27 20:00:00,42120.63,0.001615,305.6,0.007257,68.06,1.155e-05,0.4862,94.28,0.0022379
2024-01-28 00:00:00,42231.83,0.001617,306.0,0.007244,68.28,1.175e-05,0.4959,96.65,0.0022895
2024-01-28 04:00:00,42388.82,0.0016,305.9,0.007217,67.81,1.163e-05,0.4928,95.76,0.0022596
2024-01-28 08:00:00,42471.98,0.001596,307.1,0.00723,67.77,1.166e-05,0.4955,98.4,0.0023163
2024-01-28 12:00:00,42258.01,0.001601,305.1,0.007218,67.65,1.162e-05,0.4915,97.07,0.002297
2024-01-28 16:00:00,41785.92,0.001626,303.9,0.007273,67.94,1.164e-05,0.4862,94.49,0.0022605
2024-01-28 20:00:00,42031.06,0.001626,305.3,0.00726,68.35,1.166e-05,0.4903,95.98,0.0022831
2024-01-29 00:00:00,42331.2,0.00161,306.1,0.007231,68.14,1.167e-05,0.4939,97.85,0.0023126
2024-01-29 04:00:00,42053.46,0.001605,306.0,0.007278,67.45,1.159e-05,0.4874,96.72,0.0023
2024-01-29 08:00:00,42246.95,0.0016,308.0,0.00729,67.59,1.155e-05,0.4879,97.44,0.0023063
2024-01-29 12:00:00,42641.75,0.001585,308.5,0.007234,67.56,1.167e-05,0.4977,99.92,0.0023432
2024-01-29 16:00:00,42995.99,0.001591,310.0,0.00721,68.37,1.211e-05,0.5206,100.54,0.0023388
2024-01-29 20:00:00,43302.7,0.00158,310.7,0.007175,68.43,1.215e-05,0.526,101.68,0.0023478
2024-01-30 00:00:00,43519.71,0.001566,310.9,0.007145,68.16,1.22e-05,0.5305,102.12,0.002347
2024-01-30 04:00:00,43358.25,0.00157,311.1,0.007173,68.07,1.219e-05,0.5288,102.89,0.002373
2024-01-30 08:00:00,43537.74,0.00157,310.7,0.007135,68.37,1.218e-05,0.53,106.07,0.0024367
2024-01-30 12:00:00,43375.5,0.001572,309.2,0.00713,68.2,1.203e-05,0.522,104.78,0.0024153
2024-01-30 16:00:00,43547.98,0.001571,309.7,0.007115,68.45,1.196e-05,0.5205,105.27,0.0024172
2024-01-30 20:00:00,42941.1,0.001572,307.6,0.007164,67.47,1.197e-05,0.5136,101.4,0.002362
2024-01-31 00:00:00,42930.07,0.001583,306.8,0.007148,67.97,1.194e-05,0.5125,101.13,0.0023554
2024-01-31 04:00:00,43050.01,0.001586,307.0,0.007131,68.24,1.19e-05,0.5126,101.66,0.0023616
2024-01-31 08:00:00,42647.98,0.001596,303.2,0.007107,68.09,1.177e-05,0.5021,99.15,0.002327
2024-01-31 12:00:00,43361.1,0.001576,304.7,0.007027,68.36,1.173e-05,0.5085,101.55,0.0023411
2024-01-31 16:00:00,43334.64,0.001565,304.6,0.007031,67.81,1.182e-05,0.5123,100.99,0.0023318
2024-01-31 20:00:00,42580.0,0.001567,300.5,0.007054,66.76,1.169e-05,0.4976,96.96,0.0022788
2024-02-01 00:00:00,42015.65,0.001585,298.4,0.007101,66.57,1.171e-05,0.4917,93.6,0.0022276
2024-02-01 04:00:00,42190.16,0.001577,298.1,0.007062,66.56,1.163e-05,0.491,94.94,0.0022505
2024-02-01 08:00:00,42087.52,0.001571,299.2,0.00711,66.09,1.161e-05,0.4888,95.46,0.0022662
2024-02-01 12:00:00,42516.12,0.001568,299.8,0.00705,66.69,1.159e-05,0.4932,96.0,0.0022581
2024-02-01 16:00:00,43218.94,0.001563,300.8,0.006959,67.58,1.156e-05,0.4998,97.87,0.002264
2024-02-01 20:00:00,43082.94,0.001567,300.2,0.006968,67.54,1.178e-05,0.5078,97.81,0.00227
2024-02-02 00:00:00,43037.25,0.001577,302.4,0.007029,67.84,1.178e-05,0.5068,98.97,0.0022988
2024-02-02 04:00:00,43086.89,0.001576,303.4,0.007039,67.92,1.183e-05,0.5101,101.21,0.0023484
2024-02-02 08:00:00,43148.41,0.001575,303.0,0.007021,67.92,1.201e-05,0.5182,101.97,0.0023627
2024-02-02 12:00:00,43242.09,0.001581,302.4,0.006996,68.38,1.198e-05,0.5179,101.3,0.0023429
2024-02-02 16:00:00,43061.97,0.001575,300.6,0.006982,67.85,1.186e-05,0.5106,99.46,0.0023095
2024-02-02 20:00:00,43200.0,0.001576,301.4,0.006976,68.05,1.191e-05,0.5146,100.58,0.0023283
2024-02-03 00:00:00,43173.94,0.001578,302.5,0.007006,68.11,1.195e-05,0.5158,99.23,0.0022985
2024-02-03 04:00:00,43053.05,0.001584,302.1,0.00702,68.17,1.201e-05,0.5171,99.11,0.0023016
2024-02-03 08:00:00,42995.04,0.001585,301.5,0.007011,68.13,1.213e-05,0.5217,98.66,0.0022943
2024-02-03 12:00:00,43119.06,0.001591,300.4,0.006967,68.53,1.197e-05,0.5161,98.0,0.0022723
2024-02-03 16:00:00,43061.09,0.001587,300.2,0.006975,68.32,1.202e-05,0.5178,98.16,0.0022785
2024-02-03 20:00:00,43011.09,0.001601,299.7,0.006967,68.81,1.191e-05,0.5124,97.96,0.002278
2024-02-04 00:00:00,43027.16,0.001587,300.6,0.006987,68.25,1.185e-05,0.5103,98.35,0.0022858
2024-02-04 04:00:00,42845.03,0.001583,299.4,0.006989,67.79,1.176e-05,0.5039,96.51,0.0022525
2024-02-04 08:00:00,43060.1,0.001584,299.9,0.006967,68.18,1.177e-05,0.5069,97.91,0.0022731
2024-02-04 12:00:00,42943.21,0.001579,305.9,0.007129,67.81,1.176e-05,0.5049,97.62,0.0022737
2024-02-04 16:00:00,42636.44,0.001573,305.4,0.007164,67.09,1.172e-05,0.5,96.35,0.002259
2024-02-04 20:00:00,42582.88,0.001573,304.7,0.007155,66.94,1.159e-05,0.4934,95.49,0.0022419
2024-02-05 00:00:00,42718.31,0.001573,304.3,0.007125,67.16,1.165e-05,0.4973,96.04,0.0022485
2024-02-05 04:00:00,43071.88,0.001569,304.5,0.007071,67.55,1.165e-05,0.5022,97.62,0.0022662
2024-02-05 08:00:00,43194.08,0.001575,304.8,0.007057,67.98,1.166e-05,0.5039,97.88,0.002266
2024-02-05 12:00:00,42644.03,0.001584,300.9,0.007058,67.54,1.161e-05,0.4953,95.6,0.0022424
2024-02-05 16:00:00,42765.36,0.001585,301.6,0.007054,67.79,1.155e-05,0.4937,95.94,0.0022436
2024-02-05 20:00:00,42708.7,0.001586,301.2,0.007054,67.7,1.158e-05,0.4944,95.66,0.0022395
2024-02-06 00:00:00,42851.11,0.001583,302.3,0.007055,67.8,1.154e-05,0.4947,96.01,0.0022408
2024-02-06 04:00:00,42890.0,0.001585,301.7,0.007034,67.99,1.15e-05,0.4932,95.77,0.0022332
2024-02-06 08:00:00,42826.96,0.001583,301.6,0.007044,67.84,1.15e-05,0.4923,94.29,0.002202
2024-02-06 12:00:00,43244.89,0.001572,302.9,0.007004,68.04,1.149e-05,0.4969,95.76,0.0022141
2024-02-06 16:00:00,43278.78,0.00158,303.6,0.007014,68.35,1.162e-05,0.5027,97.58,0.0022547
2024-02-06 20:00:00,43098.95,0.001584,302.7,0.007026,68.29,1.156e-05,0.4983,96.88,0.0022475
2024-02-07 00:00:00,42800.0,0.001588,300.9,0.007032,67.94,1.143e-05,0.4891,95.5,0.0022314
2024-02-07 04:00:00,42918.03,0.001584,302.4,0.007046,67.95,1.125e-05,0.4832,95.57,0.0022268
2024-02-07 08:00:00,42928.29,0.00158,302.6,0.007051,67.83,1.108e-05,0.4757,95.14,0.0022159
2024-02-07 12:00:00,43071.08,0.00158,303.3,0.007044,68.06,1.12e-05,0.4826,96.26,0.0022347
2024-02-07 16:00:00,43615.47,0.001561,306.6,0.007031,68.07,1.127e-05,0.4916,97.08,0.0022256
2024-02-07 20:00:00,44349.6,0.001548,307.3,0.006932,68.62,1.132e-05,0.5022,101.14,0.0022803
2024-02-08 00:00:00,44540.99,0.001546,311.6,0.006997,68.85,1.147e-05,0.5112,101.77,0.0022844
2024-02-08 04:00:00,44513.24,0.001545,314.8,0.00707,68.78,1.185e-05,0.5277,100.83,0.0022645
2024-02-08 08:00:00,44698.97,0.001538,316.9,0.007089,68.71,1.191e-05,0.5315,101.24,0.0022649
2024-02-08 12:00:00,45432.3,0.001524,319.9,0.007043,69.21,1.171e-05,0.5319,104.83,0.0023069
2024-02-08 16:00:00,45284.14,0.001517,318.0,0.007023,68.7,1.169e-05,0.5296,102.31,0.0022595
2024-02-08 20:00:00,45288.65,0.001558,319.2,0.007046,70.53,1.171e-05,0.5304,102.76,0.0022688
2024-02-09 00:00:00,46060.74,0.00155,321.0,0.006971,71.39,1.159e-05,0.5342,104.35,0.0022656
2024-02-09 04:00:00,46202.0,0.001535,321.0,0.00695,70.94,1.159e-05,0.5357,105.28,0.0022784
2024-02-09 08:00:00,47180.02,0.001503,325.3,0.006892,70.89,1.152e-05,0.5434,105.89,0.0022444
2024-02-09 12:00:00,47159.99,0.001502,322.2,0.00683,70.87,1.149e-05,0.5421,105.64,0.0022398
2024-02-09 16:00:00,47509.48,0.001489,323.0,0.006797,70.71,1.14e-05,0.5423,104.99,0.00221
2024-02-09 20:00:00,47132.77,0.001498,324.0,0.006875,70.64,1.147e-05,0.5407,106.94,0.0022687
2024-02-10 00:00:00,47376.62,0.001496,324.8,0.006855,70.86,1.143e-05,0.5418,110.67,0.0023375
2024-02-10 04:00:00,47151.72,0.001498,323.5,0.006859,70.67,1.133e-05,0.5342,108.87,0.0023086
2024-02-10 08:00:00,47182.0,0.00149,320.1,0.006787,70.26,1.13e-05,0.533,108.14,0.0022918
2024-02-10 12:00:00,47353.48,0.001487,321.2,0.006784,70.36,1.136e-05,0.5381,108.53,0.002292
2024-02-10 16:00:00,47531.09,0.001487,322.0,0.006774,70.63,1.14e-05,0.5414,109.19,0.0022976
2024-02-10 20:00:00,47751.09,0.001483,323.0,0.006768,70.8,1.154e-05,0.5515,109.01,0.002283
2024-02-11 00:00:00,48519.61,0.001496,323.9,0.006675,72.68,1.159e-05,0.5623,109.43,0.002256
2024-02-11 04:00:00,48179.52,0.001503,324.3,0.006731,72.37,1.163e-05,0.56,109.22,0.0022665
2024-02-11 08:00:00,48411.71,0.001489,322.3,0.006658,72.08,1.145e-05,0.5538,109.72,0.0022663
2024-02-11 12:00:00,48150.43,0.001501,321.0,0.006668,72.28,1.128e-05,0.5427,108.82,0.0022597
2024-02-11 16:00:00,48284.0,0.001497,321.9,0.006669,72.3,1.119e-05,0.5403,108.19,0.0022406
2024-02-11 20:00:00,48299.99,0.001481,320.7,0.006642,71.55,1.121e-05,0.5414,107.46,0.0022251
2024-02-12 00:00:00,48145.0,0.001478,319.6,0.00664,71.13,1.119e-05,0.5386,106.27,0.0022071
2024-02-12 04:00:00,48203.98,0.001477,318.2,0.0066,71.17,1.113e-05,0.5368,105.93,0.0021973
2024-02-12 08:00:00,47903.03,0.001476,317.2,0.006621,70.67,1.116e-05,0.5349,104.21,0.0021756
2024-02-12 12:00:00,49917.8,0.001446,322.2,0.006455,72.18,1.115e-05,0.5561,108.86,0.002181
2024-02-12 16:00:00,49532.03,0.001459,324.8,0.006561,72.27,1.118e-05,0.5541,109.79,0.002216
2024-02-12 20:00:00,49917.27,0.001459,327.8,0.006568,72.82,1.12e-05,0.5592,111.64,0.002237
2024-02-13 00:00:00,49789.99,0.001445,326.5,0.006556,71.93,1.104e-05,0.5497,113.02,0.0022691
2024-02-13 04:00:00,49983.09,0.001449,326.2,0.006526,72.46,1.119e-05,0.5596,114.02,0.0022808
2024-02-13 08:00:00,49988.12,0.00144,326.7,0.006536,71.94,1.108e-05,0.5539,114.14,0.002283
2024-02-13 12:00:00,48727.47,0.001413,322.2,0.006611,68.84,1.108e-05,0.5398,110.31,0.0022633
2024-02-13 16:00:00,49036.73,0.001395,322.7,0.006583,68.38,1.101e-05,0.5393,111.51,0.0022743
2024-02-13 20:00:00,49699.59,0.001388,324.7,0.006534,68.97,1.096e-05,0.5449,112.48,0.0022633
2024-02-14 00:00:00,49518.61,0.001395,326.0,0.006583,69.04,1.103e-05,0.5461,111.86,0.0022592
2024-02-14 04:00:00,49838.93,0.001391,328.0,0.00658,69.34,1.108e-05,0.5523,113.06,0.0022684
2024-02-14 08:00:00,51555.12,0.001362,332.7,0.006453,70.23,1.111e-05,0.5734,115.66,0.0022431
2024-02-14 12:00:00,51590.0,0.001352,332.6,0.006445,69.77,1.113e-05,0.5744,116.88,0.0022656
2024-02-14 16:00:00,51678.0,0.001349,332.6,0.006438,69.73,1.113e-05,0.5752,116.06,0.0022459
2024-02-14 20:00:00,51795.17,0.001348,333.9,0.006447,69.81,1.113e-05,0.5768,116.97,0.0022591
2024-02-15 00:00:00,52343.32,0.001346,342.2,0.006537,70.45,1.113e-05,0.5824,117.23,0.0022393
2024-02-15 04:00:00,51776.61,0.001352,345.4,0.006669,69.99,1.116e-05,0.5778,115.01,0.002221
2024-02-15 08:00:00,52330.0,0.001338,346.8,0.006626,69.97,1.126e-05,0.5893,116.07,0.0022179
2024-02-15 12:00:00,51948.23,0.001334,360.4,0.006938,69.29,1.155e-05,0.5997,114.05,0.0021957
2024-02-15 16:00:00,52002.01,0.001344,355.9,0.006841,69.88,1.158e-05,0.6021,114.02,0.0021921
2024-02-15 20:00:00,51880.0,0.001345,354.2,0.006828,69.76,1.173e-05,0.6087,113.5,0.002188
2024-02-16 00:00:00,52280.25,0.001346,361.9,0.006921,70.33,1.163e-05,0.6083,113.84,0.0021777
2024-02-16 04:00:00,51731.99,0.001351,356.3,0.006884,69.88,1.155e-05,0.5979,111.48,0.0021545
2024-02-16 08:00:00,52213.86,0.00135,357.6,0.006847,70.54,1.147e-05,0.5989,112.11,0.0021471
2024-02-16 12:00:00,51888.01,0.001343,358.5,0.006907,69.71,1.136e-05,0.5896,109.67,0.0021137
2024-02-16 16:00:00,51756.29,0.001346,354.5,0.006851,69.66,1.138e-05,0.5892,108.65,0.0020993
2024-02-16 20:00:00,52124.11,0.001354,360.4,0.006913,70.59,1.148e-05,0.5986,110.33,0.0021167
2024-02-17 00:00:00,51968.75,0.001357,360.0,0.006928,70.5,1.138e-05,0.5913,109.89,0.0021148
2024-02-17 04:00:00,51911.33,0.001356,359.8,0.00693,70.37,1.14e-05,0.5923,110.34,0.0021255
2024-02-17 08:00:00,51690.48,0.001358,357.1,0.006909,70.19,1.134e-05,0.5862,109.38,0.0021163
2024-02-17 12:00:00,50984.56,0.001357,351.5,0.006896,69.18,1.135e-05,0.5786,107.2,0.0021028
2024-02-17 16:00:00,51394.43,0.001359,353.3,0.006876,69.83,1.142e-05,0.5869,108.01,0.0021015
2024-02-17 20:00:00,51642.64,0.001355,352.9,0.006831,69.97,1.179e-05,0.6096,108.92,0.0021089
2024-02-18 00:00:00,51479.99,0.001371,351.7,0.006834,70.56,1.205e-05,0.6208,108.38,0.0021055
2024-02-18 04:00:00,51671.1,0.001364,355.5,0.00688,70.43,1.208e-05,0.6243,109.23,0.0021138
2024-02-18 08:00:00,51832.01,0.001361,354.5,0.006839,70.49,1.225e-05,0.6344,111.78,0.0021565
2024-02-18 12:00:00,51773.99,0.001358,352.7,0.006812,70.29,1.2e-05,0.6212,112.32,0.0021697
2024-02-18 16:00:00,51758.12,0.001362,351.5,0.00679,70.51,1.199e-05,0.6202,112.73,0.0021788
2024-02-18 20:00:00,52137.67,0.001357,349.8,0.006707,70.8,1.188e-05,0.6193,112.24,0.0021528
2024-02-19 00:00:00,52063.81,0.001364,352.2,0.006766,71.0,1.19e-05,0.6195,111.68,0.0021448
2024-02-19 04:00:00,52394.04,0.00136,354.4,0.006765,71.26,1.202e-05,0.6292,113.22,0.002161
2024-02-19 08:00:00,52336.22,0.001355,353.2,0.006749,70.89,1.202e-05,0.6288,112.67,0.0021527
2024-02-19 12:00:00,52127.99,0.001365,354.3,0.006796,71.17,1.198e-05,0.6246,113.69,0.0021813
2024-02-19 16:00:00,51820.61,0.001376,352.5,0.006802,71.29,1.2e-05,0.6217,111.94,0.0021604
2024-02-19 20:00:00,51774.73,0.001378,351.6,0.006792,71.3,1.218e-05,0.6308,111.53,0.0021544
2024-02-20 00:00:00,51580.23,0.001367,352.9,0.006845,70.5,1.213e-05,0.6255,109.48,0.0021225
2024-02-20 04:00:00,51839.28,0.001368,357.6,0.006898,70.91,1.213e-05,0.6291,109.42,0.0021107
2024-02-20 08:00:00,52286.8,0.001351,357.7,0.00684,70.65,1.204e-05,0.6296,110.42,0.0021119
2024-02-20 12:00:00,51680.0,0.001334,351.2,0.006795,68.92,1.179e-05,0.6095,106.62,0.0020628
2024-02-20 16:00:00,52101.11,0.001336,354.0,0.006796,69.65,1.186e-05,0.6179,107.33,0.0020603
2024-02-20 20:00:00,52258.82,0.001333,354.6,0.006784,69.65,1.191e-05,0.6216,108.31,0.0020727
2024-02-21 00:00:00,52001.99,0.001328,353.4,0.006796,69.04,1.177e-05,0.6122,106.63,0.0020502
2024-02-21 04:00:00,51568.64,0.001337,360.4,0.006986,68.94,1.153e-05,0.5946,104.85,0.0020331
2024-02-21 08:00:00,50965.53,0.001333,364.1,0.007145,67.93,1.15e-05,0.5859,102.73,0.0020165
2024-02-21 12:00:00,51156.0,0.001333,370.0,0.007233,68.18,1.151e-05,0.5889,103.86,0.0020304
2024-02-21 16:00:00,51058.0,0.001333,371.0,0.007266,68.02,1.143e-05,0.583,102.04,0.0019987
2024-02-21 20:00:00,51849.39,0.00133,379.2,0.007315,68.9,1.154e-05,0.5988,105.03,0.0020261
2024-02-22 00:00:00,51586.1,0.001326,375.4,0.007275,68.38,1.138e-05,0.5868,103.58,0.0020091
2024-02-22 04:00:00,51827.63,0.00133,381.6,0.007361,68.93,1.161e-05,0.6018,105.07,0.0020271
2024-02-22 08:00:00,51622.04,0.00134,382.9,0.007416,69.15,1.162e-05,0.5995,105.84,0.0020503
2024-02-22 12:00:00,51602.4,0.001347,381.1,0.007383,69.52,1.155e-05,0.5966,105.39,0.0020425
2024-02-22 16:00:00,51509.99,0.001339,382.2,0.007418,69.0,1.153e-05,0.5941,103.54,0.0020102
2024-02-22 20:00:00,51288.42,0.001342,382.6,0.007459,68.8,1.143e-05,0.5858,101.76,0.0019835
2024-02-23 00:00:00,51100.0,0.001339,378.9,0.007413,68.42,1.145e-05,0.5858,101.83,0.0019924
2024-02-23 04:00:00,50915.96,0.001341,374.9,0.007365,68.32,1.145e-05,0.583,101.98,0.0020028
2024-02-23 08:00:00,51218.95,0.001334,376.8,0.007356,68.29,1.14e-05,0.5842,102.67,0.0020045
2024-02-23 12:00:00,50911.11,0.001339,371.5,0.007298,68.15,1.135e-05,0.5784,100.29,0.0019699
2024-02-23 16:00:00,51099.09,0.001346,377.6,0.007389,68.74,1.158e-05,0.5913,101.39,0.0019843
2024-02-23 20:00:00,50744.15,0.001356,375.5,0.007401,68.8,1.147e-05,0.5824,99.9,0.0019692
2024-02-24 00:00:00,50849.97,0.001364,377.6,0.007427,69.33,1.131e-05,0.5755,100.23,0.0019716
2024-02-24 04:00:00,51068.7,0.001364,379.8,0.007436,69.7,1.146e-05,0.5856,102.24,0.0020016
2024-02-24 08:00:00,51119.79,0.001366,380.5,0.007446,69.84,1.149e-05,0.5875,102.13,0.001998
2024-02-24 12:00:00,51099.34,0.001371,379.6,0.007427,70.1,1.152e-05,0.5884,101.95,0.0019953
2024-02-24 16:00:00,51557.07,0.001365,382.9,0.007426,70.38,1.151e-05,0.5937,104.05,0.0020179
2024-02-24 20:00:00,51568.22,0.001365,381.7,0.0074,70.41,1.158e-05,0.5969,104.01,0.0020169
2024-02-25 00:00:00,51624.99,0.001358,379.5,0.007351,70.11,1.155e-05,0.5963,103.38,0.0020027
2024-02-25 04:00:00,51719.28,0.001358,380.7,0.00736,70.21,1.147e-05,0.5941,103.03,0.0019918
2024-02-25 08:00:00,51645.0,0.001355,383.9,0.007434,69.95,1.142e-05,0.5893,102.8,0.0019905
2024-02-25 12:00:00,51524.02,0.001359,385.0,0.007473,70.04,1.133e-05,0.5842,102.78,0.0019948
2024-02-25 16:00:00,51672.96,0.00136,389.0,0.007529,70.25,1.137e-05,0.5878,103.36,0.0020001
2024-02-25 20:00:00,51728.85,0.001356,388.5,0.007511,70.16,1.144e-05,0.5914,103.47,0.002
2024-02-26 00:00:00,51555.59,0.001359,384.2,0.007452,70.07,1.135e-05,0.585,103.49,0.0020067
2024-02-26 04:00:00,51293.26,0.001364,386.1,0.007527,69.97,1.139e-05,0.5839,103.3,0.0020139
2024-02-26 08:00:00,51090.01,0.00136,389.7,0.007625,69.5,1.134e-05,0.5797,100.95,0.001976
2024-02-26 12:00:00,52842.32,0.001346,396.9,0.007509,71.16,1.146e-05,0.6058,104.97,0.0019859
2024-02-26 16:00:00,54487.11,0.001311,398.1,0.007307,71.45,1.134e-05,0.6177,109.69,0.0020131
2024-02-26 20:00:00,54476.47,0.00132,401.6,0.007371,71.93,1.137e-05,0.6191,109.9,0.0020174
2024-02-27 00:00:00,55667.6,0.00134,399.0,0.007166,74.59,1.115e-05,0.6211,110.17,0.0019788
2024-02-27 04:00:00,56059.08,0.001343,396.0,0.007065,75.32,1.098e-05,0.6155,110.41,0.0019695
2024-02-27 08:00:00,56527.79,0.001327,398.2,0.007048,74.96,1.097e-05,0.62,111.5,0.0019725
2024-02-27 12:00:00,56745.66,0.001291,392.9,0.006922,73.26,1.08e-05,0.6133,106.81,0.0018824
2024-02-27 16:00:00,57339.68,0.001298,395.4,0.006897,74.4,1.093e-05,0.6265,108.41,0.001891
2024-02-27 20:00:00,57037.34,0.001296,394.6,0.006919,73.97,1.094e-05,0.6239,108.36,0.0018999
2024-02-28 00:00:00,56916.4,0.001299,395.7,0.006951,73.97,1.084e-05,0.6171,107.56,0.0018898
2024-02-28 04:00:00,58241.1,0.001285,400.5,0.006879,74.85,1.079e-05,0.628,110.08,0.0018904
2024-02-28 08:00:00,58941.11,0.001266,406.5,0.006895,74.61,1.06e-05,0.6247,111.39,0.0018898
2024-02-28 12:00:00,60966.22,0.00123,413.2,0.006778,74.99,1.049e-05,0.6395,113.07,0.0018543
2024-02-28 16:00:00,60951.11,0.001198,408.4,0.0067,73.02,1.014e-05,0.6181,111.34,0.0018265
2024-02-28 20:00:00,62432.1,0.001192,414.6,0.006642,74.48,1.007e-05,0.6287,119.03,0.0019074
2024-02-29 00:00:00,61561.33,0.00125,414.0,0.006722,76.95,1.043e-05,0.6424,123.52,0.0020062
2024-02-29 04:00:00,62707.17,0.001313,415.1,0.006622,82.31,1.09e-05,0.6836,125.49,0.002002
2024-02-29 08:00:00,62936.02,0.001303,410.2,0.006517,82.01,1.097e-05,0.6904,129.18,0.002052
2024-02-29 12:00:00,62768.02,0.001318,407.4,0.006491,82.69,1.104e-05,0.6927,132.32,0.0021081
2024-02-29 16:00:00,61600.0,0.001344,405.7,0.006589,82.76,1.098e-05,0.6766,130.19,0.0021136
2024-02-29 20:00:00,61130.98,0.001307,399.4,0.006531,79.92,1.071e-05,0.6547,125.68,0.002055
2024-03-01 00:00:00,61105.91,0.001364,405.6,0.006637,83.29,1.101e-05,0.6727,133.94,0.0021927
2024-03-01 04:00:00,61434.0,0.00137,403.6,0.006568,84.18,1.081e-05,0.664,131.92,0.002147
2024-03-01 08:00:00,61863.72,0.001368,406.2,0.006569,84.62,1.108e-05,0.6855,135.37,0.0021885
2024-03-01 12:00:00,61263.99,0.001354,403.0,0.006577,82.95,1.108e-05,0.6794,131.18,0.0021414
2024-03-01 16:00:00,62215.5,0.00135,406.3,0.006533,83.97,1.111e-05,0.691,130.93,0.0021049
2024-03-01 20:00:00,62387.9,0.00136,407.4,0.006531,84.87,1.153e-05,0.7195,129.43,0.0020744
2024-03-02 00:00:00,62307.45,0.001461,413.7,0.00664,91.1,1.213e-05,0.7556,130.06,0.0020867
2024-03-02 04:00:00,62011.85,0.001453,409.3,0.006601,90.1,1.185e-05,0.7343,129.16,0.0020821
2024-03-02 08:00:00,61826.32,0.001467,407.8,0.006597,90.68,1.186e-05,0.7331,128.69,0.0020816
2024-03-02 12:00:00,61771.2,0.001472,407.7,0.006602,90.94,1.182e-05,0.7303,127.91,0.0020711
2024-03-02 16:00:00,62114.77,0.00148,409.6,0.006595,91.88,1.193e-05,0.7409,130.63,0.0021029
2024-03-02 20:00:00,61987.28,0.001524,410.9,0.006628,94.49,1.196e-05,0.7416,130.02,0.0020976
2024-03-03 00:00:00,61931.09,0.0015,410.5,0.006627,92.84,1.194e-05,0.7395,130.15,0.0021014
2024-03-03 04:00:00,61598.0,0.001438,406.9,0.006607,88.52,1.156e-05,0.7116,126.76,0.002058
2024-03-03 08:00:00,61831.1,0.001477,413.4,0.006685,91.29,1.177e-05,0.7271,128.71,0.0020823
2024-03-03 12:00:00,62164.63,0.001466,413.3,0.00665,91.12,1.162e-05,0.7227,129.36,0.0020807
2024-03-03 16:00:00,62730.0,0.001446,413.3,0.006589,90.69,1.157e-05,0.7257,130.17,0.0020743
2024-03-03 20:00:00,63113.97,0.001437,414.5,0.006568,90.7,1.153e-05,0.7279,130.16,0.0020629
2024-03-04 00:00:00,63458.72,0.001416,414.4,0.006531,89.8,1.19e-05,0.7551,128.98,0.0020332
2024-03-04 04:00:00,64066.62,0.001411,417.0,0.00651,90.42,1.219e-05,0.7811,129.6,0.0020228
2024-03-04 08:00:00,65230.0,0.00139,417.4,0.006402,90.6,1.201e-05,0.7837,132.58,0.0020326
2024-03-04 12:00:00,66451.65,0.001359,418.9,0.006303,90.32,1.186e-05,0.7878,131.77,0.0019826
2024-03-04 16:00:00,67405.26,0.00133,416.0,0.006173,89.73,1.152e-05,0.7768,129.53,0.0019221
2024-03-04 20:00:00,68245.71,0.001302,418.4,0.006134,88.95,1.128e-05,0.7701,133.27,0.0019527
2024-03-05 00:00:00,68113.94,0.001308,420.3,0.006173,89.14,1.126e-05,0.7672,130.13,0.0019102
2024-03-05 04:00:00,66129.64,0.001343,418.2,0.006321,88.87,1.139e-05,0.7538,129.48,0.001957
2024-03-05 08:00:00,66656.31,0.001344,418.6,0.00628,89.61,1.151e-05,0.7678,130.68,0.0019601
2024-03-05 12:00:00,66773.05,0.001324,416.0,0.00623,88.39,1.129e-05,0.754,139.18,0.0020843
2024-03-05 16:00:00,61410.98,0.001262,376.8,0.006143,77.46,1.035e-05,0.6348,119.24,0.0019386
2024-03-05 20:00:00,63724.01,0.001286,394.1,0.006183,81.93,1.087e-05,0.6923,125.31,0.0019673
2024-03-06 00:00:00,63263.21,0.001288,391.2,0.006184,81.48,1.069e-05,0.6762,122.38,0.0019351
2024-03-06 04:00:00,66676.46,0.001288,410.5,0.006158,85.9,1.107e-05,0.7382,133.2,0.0019981
2024-03-06 08:00:00,67301.31,0.001266,426.2,0.006334,85.15,1.089e-05,0.7322,131.93,0.0019608
2024-03-06 12:00:00,66481.12,0.001251,419.9,0.006314,83.15,1.08e-05,0.7176,128.22,0.0019299
2024-03-06 16:00:00,66739.48,0.001262,424.4,0.00636,84.27,1.089e-05,0.7271,130.81,0.0019607
2024-03-06 20:00:00,66074.04,0.001299,429.4,0.006496,85.87,1.112e-05,0.7349,130.79,0.001979
2024-03-07 00:00:00,65847.29,0.001289,426.6,0.006477,84.85,1.119e-05,0.737,138.19,0.0020987
2024-03-07 04:00:00,66387.78,0.001278,434.0,0.006537,84.87,1.11e-05,0.7367,138.24,0.0020824
2024-03-07 08:00:00,66905.34,0.001289,438.6,0.006556,86.21,1.104e-05,0.7387,140.28,0.002096
2024-03-07 12:00:00,67260.01,0.001288,449.2,0.006678,86.58,1.106e-05,0.7435,145.91,0.0021684
2024-03-07 16:00:00,67498.02,0.001315,468.2,0.006934,88.79,1.113e-05,0.7518,148.75,0.0022038
2024-03-07 20:00:00,66823.17,0.001317,474.6,0.0071,88.0,1.112e-05,0.7427,143.82,0.0021519
2024-03-08 00:00:00,67156.09,0.001322,464.8,0.006921,88.74,1.1e-05,0.7389,144.29,0.0021488
2024-03-08 04:00:00,67223.02,0.001299,468.1,0.006963,87.41,1.086e-05,0.7308,144.48,0.0021494
2024-03-08 08:00:00,67741.21,0.001298,474.2,0.007001,87.9,1.086e-05,0.7358,148.98,0.0021993
2024-03-08 12:00:00,67617.6,0.001278,472.7,0.00699,86.46,1.063e-05,0.7181,145.35,0.0021486
2024-03-08 16:00:00,68863.99,0.001264,484.5,0.007035,87.02,1.049e-05,0.7226,147.8,0.0021461
2024-03-08 20:00:00,68124.19,0.001297,485.8,0.007134,88.32,1.061e-05,0.7228,144.79,0.0021248
2024-03-09 00:00:00,68247.34,0.001302,489.1,0.007166,88.83,1.067e-05,0.7284,145.76,0.002137
2024-03-09 04:00:00,68288.64,0.001299,487.5,0.00714,88.72,1.079e-05,0.7366,148.33,0.0021727
2024-03-09 08:00:00,68299.99,0.001288,487.4,0.007139,87.94,1.07e-05,0.7305,146.82,0.0021502
2024-03-09 12:00:00,68288.2,0.001311,484.1,0.00709,89.47,1.077e-05,0.7363,147.0,0.0021525
2024-03-09 16:00:00,68193.51,0.001299,482.4,0.007074,88.58,1.081e-05,0.7377,145.34,0.0021308
2024-03-09 20:00:00,68313.27,0.001328,488.3,0.007146,90.67,1.086e-05,0.7416,144.29,0.002112
2024-03-10 00:00:00,69136.79,0.00129,488.3,0.007062,89.18,1.064e-05,0.7354,146.71,0.0021217
2024-03-10 04:00:00,69347.16,0.001285,503.7,0.007263,89.07,1.063e-05,0.7368,148.27,0.0021383
2024-03-10 08:00:00,69568.46,0.001272,531.7,0.007643,88.47,1.046e-05,0.7279,145.42,0.0020902
2024-03-10 12:00:00,69194.83,0.00127,520.9,0.007529,87.89,1.033e-05,0.7153,142.91,0.0020652
2024-03-10 16:00:00,69400.19,0.001272,530.6,0.007645,88.23,1.038e-05,0.7199,145.11,0.0020906
2024-03-10 20:00:00,68955.88,0.001267,528.9,0.007668,87.43,1.039e-05,0.7166,144.39,0.0020943
2024-03-11 00:00:00,68604.42,0.001266,523.1,0.007624,86.87,1.039e-05,0.7131,141.17,0.002058
2024-03-11 04:00:00,71019.99,0.001268,527.9,0.007432,90.07,1.033e-05,0.7339,147.85,0.0020824
2024-03-11 08:00:00,71487.2,0.001325,522.0,0.007302,94.69,1.031e-05,0.7377,148.26,0.0020742
2024-03-11 12:00:00,72010.0,0.001404,515.4,0.007155,101.14,1.053e-05,0.7586,147.06,0.002042
2024-03-11 16:00:00,71970.0,0.001459,517.9,0.007196,105.0,1.075e-05,0.7735,146.67,0.0020383
2024-03-11 20:00:00,72078.1,0.001441,523.0,0.007254,103.86,1.075e-05,0.7754,148.83,0.0020647
2024-03-12 00:00:00,71619.0,0.001382,534.1,0.007458,98.94,1.057e-05,0.7574,150.9,0.0021071
2024-03-12 04:00:00,72121.1,0.001369,538.6,0.007465,98.72,1.042e-05,0.7518,151.86,0.0021055
2024-03-12 08:00:00,72023.82,0.001353,530.4,0.007363,97.51,1.038e-05,0.7481,150.45,0.0020891
2024-03-12 12:00:00,71703.41,0.001349,541.9,0.007557,96.71,1.041e-05,0.7471,150.22,0.002095
2024-03-12 16:00:00,71349.99,0.001375,541.3,0.007588,98.12,1.047e-05,0.7471,149.88,0.0021006
2024-03-12 20:00:00,71452.01,0.001364,537.5,0.007521,97.52,1.047e-05,0.7481,151.05,0.002114
2024-03-13 00:00:00,72057.43,0.001361,538.2,0.007469,98.13,1.045e-05,0.7523,149.28,0.0020721
2024-03-13 04:00:00,72855.16,0.001347,560.7,0.007696,98.18,1.047e-05,0.763,150.74,0.0020688
2024-03-13 08:00:00,73065.41,0.001333,592.3,0.008106,97.36,1.039e-05,0.7587,153.73,0.0021042
2024-03-13 12:00:00,72634.95,0.00132,582.4,0.008019,95.94,1.027e-05,0.7462,157.25,0.0021655
2024-03-13 16:00:00,73349.24,0.001316,597.2,0.008142,96.51,1.026e-05,0.752,161.44,0.002201
2024-03-13 20:00:00,73072.41,0.001331,630.5,0.008628,97.24,1.046e-05,0.7638,163.9,0.0022426
2024-03-14 00:00:00,73267.08,0.00131,615.3,0.008398,96.03,1.037e-05,0.7595,167.45,0.0022851
2024-03-14 04:00:00,73224.0,0.001301,606.3,0.008282,95.3,1.07e-05,0.7831,168.31,0.0022985
2024-03-14 08:00:00,72884.0,0.00132,605.4,0.008307,96.19,1.091e-05,0.795,173.09,0.0023746
2024-03-14 12:00:00,70844.01,0.001326,592.7,0.008364,93.9,1.055e-05,0.7474,167.64,0.0023666
2024-03-14 16:00:00,69415.09,0.001317,579.2,0.008345,91.49,1.048e-05,0.7269,162.42,0.0023414
2024-03-14 20:00:00,71388.94,0.001317,603.2,0.008449,94.08,1.052e-05,0.7509,176.65,0.0024743
2024-03-15 00:00:00,68224.01,0.001314,582.9,0.008542,89.69,1.056e-05,0.7206,176.02,0.0025813
2024-03-15 04:00:00,68448.29,0.001309,582.6,0.008511,89.6,1.053e-05,0.7207,176.07,0.0025727
2024-03-15 08:00:00,67757.76,0.001296,583.2,0.008606,87.8,1.034e-05,0.7013,170.0,0.0025094
2024-03-15 12:00:00,68157.07,0.001295,596.3,0.00875,88.22,1.052e-05,0.7172,181.84,0.002668
2024-03-15 16:00:00,68964.0,0.00129,597.2,0.008662,88.9,1.043e-05,0.7194,183.32,0.0026581
2024-03-15 20:00:00,69499.85,0.001292,632.7,0.009107,89.75,1.046e-05,0.7274,183.95,0.0026465
2024-03-16 00:00:00,69200.08,0.001293,612.2,0.008847,89.49,1.044e-05,0.7221,187.62,0.0027112
2024-03-16 04:00:00,69432.45,0.0013,614.7,0.008851,90.31,1.057e-05,0.7341,192.94,0.0027783
2024-03-16 08:00:00,68256.01,0.001312,608.6,0.008917,89.48,1.052e-05,0.7184,192.68,0.0028232
2024-03-16 12:00:00,68385.58,0.001291,601.5,0.008794,88.35,1.029e-05,0.7042,195.08,0.0028526
2024-03-16 16:00:00,66911.52,0.001265,583.8,0.008724,84.68,9.96e-06,0.6664,180.08,0.0026914
2024-03-16 20:00:00,65300.63,0.001288,576.4,0.008824,84.12,1.009e-05,0.6591,182.05,0.002788
2024-03-17 00:00:00,66538.99,0.001296,587.7,0.008832,86.2,1.012e-05,0.6732,186.5,0.0028032
2024-03-17 04:00:00,65636.67,0.001268,559.9,0.008529,83.18,9.85e-06,0.6458,181.86,0.002771
2024-03-17 08:00:00,66955.49,0.001285,572.1,0.008548,86.03,1.011e-05,0.6776,191.94,0.0028669
2024-03-17 12:00:00,67965.5,0.001269,588.2,0.008654,86.29,1.007e-05,0.684,195.6,0.002878
2024-03-17 16:00:00,68536.73,0.001262,583.1,0.008506,86.5,9.98e-06,0.6844,195.7,0.0028556
2024-03-17 20:00:00,68393.48,0.001256,571.7,0.008356,85.93,9.96e-06,0.6814,201.86,0.0029519
2024-03-18 00:00:00,67972.01,0.001254,565.2,0.008317,85.26,9.86e-06,0.6708,203.93,0.0030002
2024-03-18 04:00:00,68218.38,0.001257,576.7,0.008452,85.71,1.008e-05,0.6872,203.22,0.0029791
2024-03-18 08:00:00,68253.4,0.001245,568.4,0.00833,84.94,9.98e-06,0.6817,208.08,0.0030496
2024-03-18 12:00:00,67467.19,0.00123,552.3,0.008189,83.0,9.78e-06,0.6603,203.81,0.0030218
2024-03-18 16:00:00,66936.0,0.001228,548.3,0.008192,82.23,9.69e-06,0.649,198.35,0.002963
2024-03-18 20:00:00,67609.99,0.001283,555.4,0.008214,86.77,9.77e-06,0.6603,195.92,0.002897
2024-03-19 00:00:00,65876.01,0.001275,534.0,0.008104,83.98,9.64e-06,0.6353,184.21,0.0027973
2024-03-19 04:00:00,64704.22,0.001249,529.4,0.008179,80.8,9.68e-06,0.6264,186.14,0.0028776
2024-03-19 08:00:00,63081.34,0.001263,513.6,0.008139,79.65,9.77e-06,0.6169,177.84,0.0028186
2024-03-19 12:00:00,64051.85,0.001271,529.5,0.008266,81.35,9.78e-06,0.6266,182.98,0.0028555
2024-03-19 16:00:00,64391.99,0.001264,532.0,0.00826,81.46,9.55e-06,0.6157,181.47,0.0028176
2024-03-19 20:00:00,61937.4,0.001267,507.7,0.008194,78.45,9.46e-06,0.5864,169.82,0.0027419
2024-03-20 00:00:00,61860.81,0.001276,512.3,0.008279,78.91,9.51e-06,0.5884,169.84,0.0027463
2024-03-20 04:00:00,62957.85,0.001291,532.1,0.008451,81.28,9.68e-06,0.6092,173.36,0.0027545
2024-03-20 08:00:00,63392.94,0.001281,533.6,0.008416,81.26,9.64e-06,0.6112,172.06,0.002714
2024-03-20 12:00:00,63600.37,0.00127,516.4,0.00812,80.72,9.41e-06,0.5986,170.53,0.0026815
2024-03-20 16:00:00,65784.46,0.001276,540.9,0.008222,83.83,9.61e-06,0.6318,182.54,0.0027745
2024-03-20 20:00:00,67840.51,0.001248,556.8,0.008205,84.65,9.42e-06,0.6396,191.77,0.0028267
2024-03-21 00:00:00,66654.45,0.001282,552.5,0.00829,85.45,9.53e-06,0.6355,190.28,0.002855
2024-03-21 04:00:00,66985.19,0.001268,550.0,0.008209,84.97,9.41e-06,0.6309,188.55,0.0028144
2024-03-21 08:00:00,67044.0,0.001274,558.1,0.008326,85.4,9.43e-06,0.6321,189.13,0.002821
2024-03-21 12:00:00,66557.77,0.001295,558.5,0.008391,86.21,9.56e-06,0.636,185.32,0.0027847
2024-03-21 16:00:00,65223.74,0.001332,552.0,0.008459,86.84,9.69e-06,0.6325,177.91,0.0027275
2024-03-21 20:00:00,65501.27,0.001309,553.8,0.008454,85.75,9.65e-06,0.6318,179.46,0.0027399
2024-03-22 00:00:00,65981.99,0.001299,575.6,0.008724,85.74,9.61e-06,0.6345,179.06,0.0027135
2024-03-22 04:00:00,66178.01,0.001288,584.1,0.008827,85.24,9.66e-06,0.6398,179.08,0.002706
2024-03-22 08:00:00,64233.9,0.001288,565.4,0.008803,82.7,9.63e-06,0.6186,172.05,0.0026788
2024-03-22 12:00:00,63877.04,0.001297,554.0,0.008672,82.8,9.67e-06,0.6179,171.66,0.0026875
2024-03-22 16:00:00,63866.93,0.001302,550.0,0.00861,83.17,9.59e-06,0.6131,172.81,0.0027057
2024-03-22 20:00:00,63796.64,0.001308,553.8,0.008681,83.4,9.64e-06,0.6147,175.21,0.0027452
2024-03-23 00:00:00,63556.0,0.001317,550.3,0.008661,83.76,9.71e-06,0.6169,171.9,0.0027047
2024-03-23 04:00:00,64575.41,0.001306,554.9,0.008591,84.33,9.72e-06,0.6276,175.98,0.0027255
2024-03-23 08:00:00,64629.62,0.001339,554.4,0.008578,86.54,9.76e-06,0.6301,175.85,0.0027207
2024-03-23 12:00:00,65104.05,0.001327,562.2,0.008637,86.32,9.72e-06,0.633,175.16,0.002691
2024-03-23 16:00:00,64872.9,0.001341,559.1,0.008619,86.99,9.7e-06,0.6299,174.79,0.0026941
2024-03-23 20:00:00,63990.01,0.001332,551.9,0.008622,85.26,9.73e-06,0.6232,172.65,0.0026978
2024-03-24 00:00:00,63962.98,0.00136,550.7,0.008608,86.99,9.81e-06,0.627,171.7,0.0026843
2024-03-24 04:00:00,64583.43,0.001346,552.7,0.008558,86.93,9.88e-06,0.6377,173.54,0.0026871
2024-03-24 08:00:00,65334.01,0.001342,556.5,0.008516,87.67,9.74e-06,0.636,174.84,0.002676
2024-03-24 12:00:00,65673.36,0.001361,560.4,0.008535,89.34,9.67e-06,0.6351,176.21,0.0026833
2024-03-24 16:00:00,65843.02,0.001361,563.9,0.008562,89.62,9.62e-06,0.6332,176.09,0.002675
2024-03-24 20:00:00,67209.99,0.001334,567.7,0.008448,89.65,9.62e-06,0.6468,183.88,0.0027356
2024-03-25 00:00:00,67350.0,0.001335,581.5,0.008635,89.92,9.6e-06,0.6469,184.81,0.0027441
2024-03-25 04:00:00,66821.19,0.001337,583.8,0.008735,89.31,9.6e-06,0.6421,185.76,0.0027801
2024-03-25 08:00:00,66810.15,0.001329,579.3,0.008671,88.75,9.61e-06,0.6423,187.94,0.0028129
2024-03-25 12:00:00,69792.05,0.001305,593.0,0.008499,91.13,9.49e-06,0.6616,192.78,0.0027625
2024-03-25 16:00:00,70960.89,0.001286,594.5,0.00838,91.2,9.39e-06,0.6656,192.24,0.0027088
2024-03-25 20:00:00,69880.01,0.001296,587.0,0.0084,90.58,9.39e-06,0.6567,188.99,0.0027041
2024-03-26 00:00:00,70423.11,0.001293,592.8,0.008417,91.05,9.46e-06,0.666,191.64,0.0027211
2024-03-26 04:00:00,70486.38,0.00129,591.7,0.008395,90.93,9.54e-06,0.6719,193.99,0.0027528
2024-03-26 08:00:00,70693.16,0.001291,591.5,0.008369,91.2,9.57e-06,0.6762,194.8,0.0027553
2024-03-26 12:00:00,70250.0,0.001267,579.9,0.008255,88.96,9.44e-06,0.663,190.35,0.0027086
2024-03-26 16:00:00,69477.67,0.00137,575.5,0.008279,95.13,9.45e-06,0.6572,188.29,0.00271
2024-03-26 20:00:00,69988.0,0.001369,580.4,0.008291,95.77,9.5e-06,0.665,190.46,0.0027216
2024-03-27 00:00:00,70387.99,0.001375,582.0,0.008269,96.81,9.41e-06,0.6626,189.99,0.0026993
2024-03-27 04:00:00,69725.99,0.001372,574.3,0.008236,95.61,9.3e-06,0.6485,186.79,0.0026786
2024-03-27 08:00:00,70220.73,0.001391,578.4,0.008239,97.72,9.36e-06,0.6571,188.53,0.0026845
2024-03-27 12:00:00,68874.0,0.001359,570.0,0.008273,93.6,9.2e-06,0.6338,181.11,0.0026291
2024-03-27 16:00:00,68652.0,0.001366,569.5,0.008296,93.83,9.39e-06,0.6449,182.68,0.0026604
2024-03-27 20:00:00,69469.99,0.001347,574.3,0.008267,93.55,9.32e-06,0.6478,186.33,0.0026823
2024-03-28 00:00:00,69290.0,0.001374,581.7,0.008395,95.18,9.24e-06,0.6398,182.17,0.0026292
2024-03-28 04:00:00,70399.03,0.001369,590.5,0.008388,96.38,9.25e-06,0.6512,187.33,0.002661
2024-03-28 08:00:00,70647.18,0.001346,587.3,0.008315,95.07,9.23e-06,0.6517,185.39,0.0026242
2024-03-28 12:00:00,71290.39,0.001331,585.2,0.008209,94.83,9.19e-06,0.6548,187.36,0.0026285
2024-03-28 16:00:00,70798.26,0.00132,581.7,0.008215,93.51,9.19e-06,0.6503,186.27,0.002631
2024-03-28 20:00:00,70780.6,0.00133,583.4,0.008242,94.11,9.19e-06,0.6511,189.63,0.0026787
2024-03-29 00:00:00,70442.22,0.00134,588.6,0.008357,94.51,9.19e-06,0.6474,188.34,0.0026738
2024-03-29 04:00:00,69794.0,0.001335,606.7,0.008692,93.14,9.14e-06,0.6378,183.63,0.0026312
2024-03-29 08:00:00,70142.78,0.001458,616.4,0.008787,102.27,9.29e-06,0.652,185.83,0.0026493
2024-03-29 12:00:00,69180.0,0.001506,607.4,0.00878,104.21,9.38e-06,0.6495,184.91,0.0026725
2024-03-29 16:00:00,69665.99,0.001514,613.6,0.008807,105.48,9.3e-06,0.648,187.69,0.002694
2024-03-29 20:00:00,69850.54,0.00156,612.5,0.008768,109.06,9.51e-06,0.6643,192.01,0.0027485
2024-03-30 00:00:00,69773.99,0.00151,607.9,0.008709,105.29,9.43e-06,0.658,192.77,0.0027626
2024-03-30 04:00:00,69852.18,0.001499,599.3,0.008579,104.73,9.32e-06,0.6505,195.76,0.0028022
2024-03-30 08:00:00,70183.55,0.001472,605.1,0.008626,103.37,9.38e-06,0.6582,197.76,0.0028179
2024-03-30 12:00:00,69999.99,0.001461,605.5,0.008649,102.31,9.29e-06,0.6505,196.29,0.0028039
2024-03-30 16:00:00,69896.34,0.001463,604.9,0.008655,102.2,9.3e-06,0.6505,195.45,0.0027965
2024-03-30 20:00:00,69582.18,0.001477,600.7,0.008631,102.84,9.25e-06,0.6436,194.2,0.0027908
2024-03-31 00:00:00,69916.61,0.001472,608.6,0.008703,102.95,9.23e-06,0.6452,194.29,0.0027791
2024-03-31 04:00:00,70301.73,0.001461,606.9,0.008633,102.71,9.25e-06,0.6503,196.74,0.0027987
2024-03-31 08:00:00,70369.99,0.001453,605.8,0.008608,102.31,9.19e-06,0.6471,195.83,0.0027828
2024-03-31 12:00:00,70381.13,0.001466,602.1,0.008555,103.21,9.19e-06,0.6464,195.69,0.0027801
2024-03-31 16:00:00,71023.5,0.001473,606.0,0.008532,104.58,9.12e-06,0.6473,200.13,0.0028181
2024-03-31 20:00:00,71280.01,0.001474,606.7,0.008511,105.01,9.11e-06,0.6501,202.45,0.0028405
2024-04-01 00:00:00,70588.01,0.001558,597.6,0.008466,109.92,9.13e-06,0.645,202.58,0.0028699
2024-04-01 04:00:00,69594.94,0.001556,586.6,0.00843,108.35,9.06e-06,0.6309,197.96,0.0028441
2024-04-01 08:00:00,69460.01,0.001501,585.1,0.008422,104.21,9.03e-06,0.6272,195.14,0.0028096
2024-04-01 12:00:00,68237.15,0.001441,574.0,0.00841,98.39,8.92e-06,0.6089,188.08,0.0027548
2024-04-01 16:00:00,69648.01,0.001425,579.2,0.008313,99.32,8.9e-06,0.6199,193.33,0.002775
2024-04-01 20:00:00,69649.8,0.001425,575.8,0.008269,99.2,8.92e-06,0.6212,192.24,0.0027607
2024-04-02 00:00:00,66703.97,0.001441,560.9,0.008409,96.09,8.94e-06,0.5957,183.59,0.0027525
2024-04-02 04:00:00,66455.5,0.001489,559.0,0.008414,98.95,8.97e-06,0.5961,183.17,0.0027552
2024-04-02 08:00:00,65622.69,0.001561,555.5,0.008463,102.51,8.92e-06,0.5852,179.87,0.0027416
2024-04-02 12:00:00,64890.0,0.001631,552.3,0.008512,105.81,8.96e-06,0.5811,177.43,0.0027354
2024-04-02 16:00:00,65914.9,0.001628,558.0,0.008461,107.36,8.9e-06,0.5865,185.69,0.0028163
2024-04-02 20:00:00,65463.99,0.001631,551.4,0.008422,106.75,8.88e-06,0.5807,181.53,0.002773
2024-04-03 00:00:00,66225.79,0.001557,560.3,0.008459,103.12,8.86e-06,0.5867,188.47,0.0028459
2024-04-03 04:00:00,66135.99,0.001533,558.5,0.008447,101.39,8.88e-06,0.5879,189.54,0.0028657
2024-04-03 08:00:00,66059.76,0.001521,556.2,0.008421,100.48,8.86e-06,0.585,187.75,0.0028424
2024-04-03 12:00:00,65836.01,0.001497,556.7,0.008455,98.6,8.83e-06,0.5816,189.06,0.0028714
2024-04-03 16:00:00,65784.0,0.001494,558.2,0.008484,98.26,8.77e-06,0.5771,185.65,0.0028218
2024-04-03 20:00:00,65963.28,0.00149,561.5,0.008514,98.33,8.64e-06,0.5693,185.05,0.0028053
2024-04-04 00:00:00,65620.01,0.001496,576.3,0.008783,98.19,8.62e-06,0.5661,181.52,0.0027668
2024-04-04 04:00:00,66091.6,0.001536,582.7,0.008816,101.53,8.71e-06,0.5757,184.96,0.0027987
2024-04-04 08:00:00,66353.67,0.00151,587.1,0.008847,100.14,8.76e-06,0.5812,185.62,0.0027975
2024-04-04 12:00:00,67647.99,0.001471,590.6,0.008732,99.47,8.69e-06,0.5879,186.99,0.0027648
2024-04-04 16:00:00,68500.0,0.001442,594.5,0.008683,98.81,8.55e-06,0.585,185.66,0.0027113
2024-04-04 20:00:00,68487.79,0.001437,585.5,0.008549,98.38,8.51e-06,0.5831,184.0,0.0026866
2024-04-05 00:00:00,67863.99,0.001449,581.6,0.008569,98.39,8.5e-06,0.5775,179.42,0.0026431
2024-04-05 04:00:00,66930.74,0.001479,574.7,0.008587,98.94,8.54e-06,0.572,175.04,0.0026155
2024-04-05 08:00:00,66478.0,0.001452,577.5,0.00869,96.46,8.47e-06,0.563,169.76,0.0025535
2024-04-05 12:00:00,68190.62,0.001437,584.0,0.008563,97.97,8.47e-06,0.5778,175.89,0.0025799
2024-04-05 16:00:00,67412.4,0.00148,582.6,0.008642,99.83,8.53e-06,0.5744,175.4,0.0026022
2024-04-05 20:00:00,67820.62,0.001442,577.8,0.008522,97.82,8.47e-06,0.5741,174.37,0.0025712
2024-04-06 00:00:00,67788.01,0.001449,580.8,0.008569,98.17,8.56e-06,0.5807,175.93,0.0025948
2024-04-06 04:00:00,67992.02,0.001468,583.4,0.008577,99.81,8.56e-06,0.5816,177.27,0.002607
2024-04-06 08:00:00,67668.16,0.001501,581.3,0.008591,101.53,8.58e-06,0.5807,175.69,0.0025965
2024-04-06 12:00:00,68104.0,0.00148,583.7,0.008572,100.77,8.58e-06,0.5842,177.17,0.0026015
2024-04-06 16:00:00,68259.98,0.00147,583.4,0.008547,100.34,8.51e-06,0.5809,177.37,0.0025979
2024-04-06 20:00:00,68896.0,0.001474,585.4,0.008499,101.6,8.47e-06,0.5836,178.68,0.0025941
2024-04-07 00:00:00,69408.05,0.001503,590.1,0.0085,104.29,8.48e-06,0.5886,180.65,0.0026035
2024-04-07 04:00:00,69364.01,0.001494,586.9,0.008463,103.56,8.51e-06,0.5898,179.75,0.002592
2024-04-07 08:00:00,69357.0,0.001487,586.4,0.008456,103.08,8.55e-06,0.5931,180.73,0.0026058
2024-04-07 12:00:00,69543.74,0.001471,584.4,0.008402,102.3,8.48e-06,0.5899,179.64,0.0025831
2024-04-07 16:00:00,69068.01,0.001462,578.7,0.008379,100.92,8.46e-06,0.5839,178.27,0.0025812
2024-04-07 20:00:00,69360.39,0.00146,583.9,0.008416,101.21,8.49e-06,0.5892,179.52,0.0025885
2024-04-08 00:00:00,69458.95,0.00145,582.0,0.008379,100.76,8.37e-06,0.582,176.41,0.0025389
2024-04-08 04:00:00,70698.63,0.001446,588.7,0.008328,102.17,8.41e-06,0.5949,180.15,0.0025479
2024-04-08 08:00:00,72404.0,0.001439,596.2,0.008237,104.18,8.4e-06,0.6081,182.74,0.0025243
2024-04-08 12:00:00,71773.98,0.001433,587.7,0.008186,102.85,8.46e-06,0.6074,181.46,0.0025278
2024-04-08 16:00:00,71766.0,0.001446,588.9,0.008208,103.69,8.57e-06,0.6148,179.38,0.0025003
2024-04-08 20:00:00,71620.0,0.001442,586.4,0.008185,103.27,8.57e-06,0.6137,180.68,0.0025229
2024-04-09 00:00:00,71285.0,0.001435,582.2,0.008169,102.28,8.52e-06,0.6081,177.5,0.00249
2024-04-09 04:00:00,70383.99,0.001423,574.3,0.008163,100.1,8.56e-06,0.6024,175.62,0.0024953
2024-04-09 08:00:00,70794.85,0.001414,584.2,0.008253,100.13,8.64e-06,0.6118,176.21,0.0024889
2024-04-09 12:00:00,69264.0,0.001415,578.9,0.008361,98.0,8.75e-06,0.6058,172.47,0.0024905
2024-04-09 16:00:00,69000.77,0.001426,580.3,0.008408,98.45,8.7e-06,0.6002,174.33,0.002526
2024-04-09 20:00:00,69146.0,0.001411,580.5,0.008395,97.53,8.54e-06,0.5912,172.42,0.0024931
2024-04-10 00:00:00,69150.18,0.001406,579.0,0.008371,97.24,8.42e-06,0.5825,171.39,0.0024789
2024-04-10 04:00:00,69336.28,0.001406,587.5,0.008473,97.45,8.42e-06,0.5844,172.76,0.002492
2024-04-10 08:00:00,69043.0,0.001399,586.7,0.008498,96.61,8.37e-06,0.5777,170.21,0.0024654
2024-04-10 12:00:00,68657.32,0.001394,593.1,0.008637,95.73,8.34e-06,0.5728,167.92,0.0024453
2024-04-10 16:00:00,70083.99,0.001375,605.8,0.008645,96.31,8.32e-06,0.5829,171.31,0.0024439
2024-04-10 20:00:00,70631.08,0.001369,609.7,0.008634,96.71,8.3e-06,0.5862,173.31,0.0024538
2024-04-11 00:00:00,70851.67,0.001373,616.6,0.008701,97.26,8.31e-06,0.5889,172.76,0.0024375
2024-04-11 04:00:00,70735.99,0.001385,604.7,0.008548,97.95,8.37e-06,0.5916,174.46,0.002466
2024-04-11 08:00:00,69983.16,0.001371,592.8,0.008468,95.94,8.31e-06,0.5817,170.52,0.002436
2024-04-11 12:00:00,70000.0,0.001373,602.8,0.00861,96.09,8.31e-06,0.582,173.39,0.0024774
2024-04-11 16:00:00,70459.67,0.001399,605.0,0.008585,98.53,8.27e-06,0.583,174.63,0.0024785
2024-04-11 20:00:00,70006.23,0.001411,604.6,0.008635,98.78,8.36e-06,0.5858,172.37,0.0024623
2024-04-12 00:00:00,70977.27,0.001386,613.6,0.008647,98.34,8.32e-06,0.5909,174.06,0.0024522
2024-04-12 04:00:00,70764.01,0.001392,621.1,0.008779,98.44,8.22e-06,0.5817,173.25,0.0024484
2024-04-12 08:00:00,70904.01,0.00138,622.1,0.008772,97.84,8.25e-06,0.585,172.67,0.002436
2024-04-12 12:00:00,69347.3,0.00138,612.7,0.008832,95.76,8.14e-06,0.5641,167.36,0.0024131
2024-04-12 16:00:00,66843.98,0.001284,587.7,0.008791,85.82,7.21e-06,0.4821,149.26,0.0022341
2024-04-12 20:00:00,67116.52,0.001283,595.6,0.008874,86.08,7.49e-06,0.5027,153.16,0.002282
2024-04-13 00:00:00,67160.55,0.001276,583.2,0.008687,85.65,7.49e-06,0.5036,151.77,0.0022592
2024-04-13 04:00:00,67446.52,0.001265,593.8,0.008805,85.35,7.49e-06,0.5057,151.02,0.0022392
2024-04-13 08:00:00,67360.0,0.001272,594.0,0.008819,85.68,7.56e-06,0.5096,151.23,0.0022451
2024-04-13 12:00:00,67676.0,0.001263,595.0,0.008793,85.49,7.43e-06,0.5027,148.99,0.0022015
2024-04-13 16:00:00,64788.01,0.001191,551.9,0.008526,77.13,6.95e-06,0.4508,133.73,0.0020637
2024-04-13 20:00:00,63924.51,0.001211,553.1,0.008654,77.33,6.96e-06,0.4449,138.47,0.0021653
2024-04-14 00:00:00,63437.55,0.001192,547.9,0.008637,75.62,7.04e-06,0.447,134.91,0.0021266
2024-04-14 04:00:00,64464.3,0.001235,565.6,0.008775,79.62,7.33e-06,0.4724,144.06,0.0022346
2024-04-14 08:00:00,64166.05,0.001213,552.2,0.008606,77.78,7.12e-06,0.457,138.84,0.0021642
2024-04-14 12:00:00,64180.97,0.001211,550.3,0.008574,77.79,7.08e-06,0.4544,137.99,0.0021499
2024-04-14 16:00:00,64168.62,0.001212,552.2,0.008606,77.8,7.03e-06,0.4509,141.78,0.0022098
2024-04-14 20:00:00,65661.84,0.001215,566.4,0.008623,79.72,7.12e-06,0.4673,151.25,0.002305
2024-04-15 00:00:00,65138.19,0.001208,567.9,0.00872,78.66,7.11e-06,0.4631,148.11,0.0022734
2024-04-15 04:00:00,66263.84,0.00124,575.4,0.008685,82.14,7.39e-06,0.4895,153.75,0.0023201
2024-04-15 08:00:00,65860.12,0.001225,578.0,0.008775,80.6,7.36e-06,0.4849,150.95,0.0022919
2024-04-15 12:00:00,64568.81,0.001229,565.8,0.00876,79.34,7.24e-06,0.4678,143.31,0.0022191
2024-04-15 16:00:00,63301.11,0.001234,555.6,0.008776,78.12,7.19e-06,0.4556,137.89,0.002177
2024-04-15 20:00:00,63419.99,0.001232,552.7,0.008714,78.1,7.27e-06,0.461,138.51,0.0021835
2024-04-16 00:00:00,62956.0,0.00123,545.0,0.008657,77.44,7.25e-06,0.4564,134.6,0.0021381
2024-04-16 04:00:00,63516.19,0.001248,550.7,0.008669,79.25,7.46e-06,0.4741,137.87,0.0021707
2024-04-16 08:00:00,63094.77,0.001253,543.2,0.008609,79.01,7.37e-06,0.4649,136.18,0.002158
2024-04-16 12:00:00,61762.2,0.001254,525.4,0.008505,77.45,7.16e-06,0.4425,127.62,0.0020668
2024-04-16 16:00:00,62721.43,0.001257,535.0,0.008528,78.83,7.15e-06,0.4486,132.14,0.0021076
2024-04-16 20:00:00,63793.39,0.001253,537.6,0.008429,79.94,7.18e-06,0.4583,136.22,0.0021358
2024-04-17 00:00:00,63842.02,0.001245,542.0,0.008488,79.47,7.17e-06,0.458,137.41,0.0021528
2024-04-17 04:00:00,63297.84,0.001242,543.7,0.00859,78.59,7.22e-06,0.4569,139.46,0.002204
2024-04-17 08:00:00,62595.04,0.001238,531.9,0.0085,77.56,7.14e-06,0.4468,134.29,0.0021446
2024-04-17 12:00:00,60304.95,0.001283,517.6,0.008581,77.39,7.17e-06,0.4326,128.71,0.0021345
2024-04-17 16:00:00,61022.35,0.001306,534.0,0.008749,79.69,7.33e-06,0.4471,134.62,0.0022062
2024-04-17 20:00:00,61277.37,0.001308,534.1,0.008715,80.19,7.25e-06,0.444,131.84,0.0021511
2024-04-18 00:00:00,61988.0,0.001297,549.8,0.008868,80.34,7.26e-06,0.4505,135.58,0.0021876
2024-04-18 04:00:00,61178.08,0.001294,543.9,0.008889,79.2,7.18e-06,0.4391,129.43,0.0021154
2024-04-18 08:00:00,62597.92,0.001293,546.5,0.00873,80.98,7.2e-06,0.4506,135.81,0.0021693
2024-04-18 12:00:00,63498.7,0.001285,550.9,0.008674,81.64,7.15e-06,0.4542,138.99,0.0021892
2024-04-18 16:00:00,63477.04,0.001271,550.0,0.008662,80.7,7.15e-06,0.4542,140.29,0.0022103
2024-04-18 20:00:00,63470.08,0.001273,552.1,0.008696,80.75,7.21e-06,0.458,142.07,0.0022379
2024-04-19 00:00:00,61785.14,0.001278,541.0,0.008755,78.92,7.14e-06,0.4417,136.54,0.0022092
2024-04-19 04:00:00,64547.18,0.001251,555.3,0.008602,80.78,7.07e-06,0.4564,143.32,0.0022202
2024-04-19 08:00:00,64870.74,0.001252,559.9,0.008629,81.19,7.2e-06,0.4676,144.44,0.0022265
2024-04-19 12:00:00,64437.17,0.001266,560.1,0.00869,81.61,7.32e-06,0.4716,146.19,0.0022688
2024-04-19 16:00:00,64325.25,0.001269,560.7,0.008718,81.57,7.36e-06,0.4729,145.49,0.0022624
2024-04-19 20:00:00,63818.01,0.001267,554.0,0.008685,80.87,7.34e-06,0.4682,142.5,0.0022314
2024-04-20 00:00:00,63956.0,0.00129,556.5,0.008701,82.47,7.48e-06,0.4779,142.4,0.0022264
2024-04-20 04:00:00,63961.22,0.00129,560.5,0.008762,82.48,7.76e-06,0.4967,143.51,0.0022432
2024-04-20 08:00:00,63707.17,0.001295,556.0,0.008729,82.48,7.48e-06,0.4764,141.55,0.0022213
2024-04-20 12:00:00,64808.35,0.001294,567.9,0.00876,83.84,7.58e-06,0.491,147.19,0.0022715
2024-04-20 16:00:00,64866.44,0.001312,572.9,0.008831,85.13,7.75e-06,0.5021,151.2,0.0023312
2024-04-20 20:00:00,64940.59,0.001309,570.9,0.008792,85.04,7.81e-06,0.5072,151.22,0.0023287
2024-04-21 00:00:00,65170.0,0.001303,572.3,0.008784,84.9,7.77e-06,0.5061,150.63,0.0023118
2024-04-21 04:00:00,65150.66,0.001313,579.6,0.008897,85.52,7.75e-06,0.5056,151.12,0.0023197
2024-04-21 08:00:00,65234.01,0.001306,579.0,0.008876,85.15,7.73e-06,0.5043,151.46,0.002322
2024-04-21 12:00:00,65043.69,0.001297,574.0,0.008827,84.41,7.66e-06,0.4984,150.14,0.0023082
2024-04-21 16:00:00,64538.0,0.001298,574.9,0.008909,83.71,7.7e-06,0.4963,148.0,0.0022932
2024-04-21 20:00:00,64941.15,0.001296,579.6,0.008927,84.16,7.69e-06,0.4993,148.8,0.0022915
2024-04-22 00:00:00,65703.5,0.001299,592.0,0.00901,85.35,7.72e-06,0.5075,150.35,0.0022877
2024-04-22 04:00:00,65980.0,0.001287,603.0,0.009133,84.89,7.67e-06,0.506,153.62,0.002328
2024-04-22 08:00:00,65877.47,0.001287,598.8,0.00909,84.76,7.75e-06,0.51,153.28,0.0023266
2024-04-22 12:00:00,65994.38,0.001288,594.9,0.009016,85.01,7.82e-06,0.5157,153.45,0.002324
2024-04-22 16:00:00,66524.77,0.001287,596.6,0.008966,85.71,7.79e-06,0.5181,154.55,0.0023232
2024-04-22 20:00:00,66819.32,0.001278,604.5,0.009047,85.39,7.74e-06,0.5167,156.95,0.0023485
2024-04-23 00:00:00,66435.01,0.001273,601.7,0.009056,84.63,7.67e-06,0.5098,155.51,0.0023407
2024-04-23 04:00:00,66099.79,0.001275,600.1,0.00908,84.3,7.7e-06,0.5088,153.62,0.0023238
2024-04-23 08:00:00,66043.99,0.001275,604.8,0.009157,84.2,7.8e-06,0.5147,154.08,0.0023331
2024-04-23 12:00:00,66419.56,0.001275,604.3,0.0091,84.68,7.6e-06,0.5052,157.92,0.0023771
2024-04-23 16:00:00,66484.43,0.001295,609.1,0.009163,86.03,7.6e-06,0.5049,157.48,0.0023687
2024-04-23 20:00:00,66414.0,0.001281,606.2,0.009127,85.02,7.52e-06,0.5,154.75,0.0023301
2024-04-24 00:00:00,66608.14,0.001291,605.0,0.009082,86.01,7.52e-06,0.501,156.73,0.002353
2024-04-24 04:00:00,66630.9,0.001305,607.9,0.009124,86.91,7.57e-06,0.5044,157.84,0.0023689
2024-04-24 08:00:00,66571.52,0.001303,614.4,0.00923,86.72,7.48e-06,0.4983,159.33,0.0023926
2024-04-24 12:00:00,64610.11,0.001313,597.1,0.009239,84.89,7.38e-06,0.4769,151.51,0.0023445
2024-04-24 16:00:00,63976.06,0.001321,604.2,0.009445,84.58,7.5e-06,0.4801,149.83,0.0023416
2024-04-24 20:00:00,64289.59,0.001295,608.8,0.00947,83.25,7.39e-06,0.4746,147.78,0.0022987
2024-04-25 00:00:00,64282.01,0.001301,605.2,0.009413,83.69,7.36e-06,0.4734,146.03,0.002271
2024-04-25 04:00:00,64017.99,0.001301,608.4,0.0095,83.24,7.38e-06,0.4723,146.3,0.0022848
2024-04-25 08:00:00,63861.23,0.00131,611.5,0.009576,83.62,7.35e-06,0.4695,144.8,0.0022673
2024-04-25 12:00:00,64135.94,0.001305,611.2,0.00953,83.72,7.39e-06,0.4737,147.81,0.0023048
2024-04-25 16:00:00,64747.11,0.001308,616.8,0.00953,84.67,7.33e-06,0.4743,146.86,0.0022694
2024-04-25 20:00:00,64498.34,0.001299,613.2,0.009507,83.78,7.3e-06,0.4705,144.84,0.0022459
2024-04-26 00:00:00,64381.24,0.00132,610.1,0.009479,84.97,7.35e-06,0.473,143.25,0.0022252
2024-04-26 04:00:00,64276.95,0.001326,608.5,0.009466,85.2,7.3e-06,0.4688,143.45,0.0022317
2024-04-26 08:00:00,64244.02,0.001328,602.5,0.009377,85.24,7.29e-06,0.4683,143.15,0.0022282
2024-04-26 12:00:00,63503.22,0.00137,599.1,0.009434,86.99,7.34e-06,0.4661,142.7,0.002247
2024-04-26 16:00:00,63742.05,0.001381,601.3,0.009432,88.06,7.3e-06,0.4649,142.65,0.0022396
2024-04-26 20:00:00,63770.01,0.001381,598.0,0.009376,88.1,7.25e-06,0.4631,139.23,0.0021832
2024-04-27 00:00:00,63082.01,0.001394,594.6,0.009427,87.89,7.27e-06,0.4589,136.3,0.002161
2024-04-27 04:00:00,62966.83,0.001373,593.7,0.00943,86.42,7.22e-06,0.4544,136.15,0.0021621
2024-04-27 08:00:00,62862.14,0.001355,587.8,0.009351,85.22,7.2e-06,0.4529,135.89,0.0021617
2024-04-27 12:00:00,62951.75,0.001346,587.6,0.009333,84.71,7.26e-06,0.4571,137.72,0.0021875
2024-04-27 16:00:00,63352.11,0.001327,595.6,0.009398,84.09,7.36e-06,0.4662,142.3,0.0022459
2024-04-27 20:00:00,63461.98,0.001321,596.2,0.009395,83.88,7.37e-06,0.4675,141.31,0.002227
2024-04-28 00:00:00,64021.62,0.001323,599.7,0.009367,84.65,7.41e-06,0.4749,143.83,0.0022465
2024-04-28 04:00:00,63915.5,0.001329,600.7,0.009397,84.89,7.42e-06,0.4748,143.54,0.0022452
2024-04-28 08:00:00,63484.01,0.001323,601.7,0.009481,84.0,7.36e-06,0.4678,141.2,0.0022244
2024-04-28 12:00:00,63540.0,0.001338,603.8,0.009503,84.99,7.35e-06,0.4674,141.98,0.0022346
2024-04-28 16:00:00,63730.49,0.001335,604.2,0.00948,85.11,7.36e-06,0.4693,142.06,0.0022292
2024-04-28 20:00:00,63118.62,0.00133,600.2,0.009507,83.99,7.29e-06,0.4603,137.99,0.0021859
2024-04-29 00:00:00,62279.67,0.001336,590.4,0.009477,83.17,7.26e-06,0.4523,134.93,0.0021663
2024-04-29 04:00:00,62399.98,0.001321,588.5,0.009429,82.44,7.23e-06,0.4508,134.96,0.0021629
2024-04-29 08:00:00,62256.0,0.001342,584.7,0.00939,83.54,7.28e-06,0.4533,134.68,0.0021636
2024-04-29 12:00:00,63039.07,0.001325,592.7,0.0094,83.5,7.25e-06,0.4572,136.49,0.0021653
2024-04-29 16:00:00,62987.37,0.001314,590.8,0.009381,82.8,7.19e-06,0.4531,134.98,0.002143
2024-04-29 20:00:00,63866.0,0.001308,592.8,0.009283,83.51,7.16e-06,0.4571,137.77,0.0021574
2024-04-30 00:00:00,63647.99,0.001309,591.7,0.009295,83.34,7.18e-06,0.4571,136.51,0.0021447
2024-04-30 04:00:00,63148.74,0.001312,598.4,0.009475,82.91,7.14e-06,0.4512,135.1,0.0021393
2024-04-30 08:00:00,61204.42,0.001303,568.5,0.009291,79.69,7.05e-06,0.4318,128.78,0.0021043
2024-04-30 12:00:00,60796.85,0.001295,560.8,0.009227,78.76,7.17e-06,0.436,127.76,0.0021016
2024-04-30 16:00:00,59292.95,0.001318,567.2,0.009568,78.09,7.29e-06,0.4326,123.04,0.0020752
2024-04-30 20:00:00,60672.0,0.00131,578.4,0.009533,79.49,7.27e-06,0.4412,126.77,0.0020894
2024-05-01 00:00:00,60246.03,0.00132,574.8,0.009541,79.52,7.32e-06,0.4406,126.23,0.0020957
2024-05-01 04:00:00,57499.99,0.001328,546.1,0.009499,76.32,7.44e-06,0.4277,120.58,0.0020969
2024-05-01 08:00:00,57898.47,0.001336,551.9,0.009533,77.36,7.5e-06,0.435,123.06,0.0021251
2024-05-01 12:00:00,56886.0,0.001358,545.0,0.009582,77.22,7.65e-06,0.4353,123.4,0.0021691
2024-05-01 16:00:00,56954.47,0.00138,550.2,0.009659,78.65,7.75e-06,0.4417,129.73,0.0022772
2024-05-01 20:00:00,58364.97,0.001373,561.8,0.009626,80.17,7.71e-06,0.4501,134.64,0.0023074
2024-05-02 00:00:00,57442.88,0.001389,547.5,0.009532,79.77,7.75e-06,0.4455,130.06,0.0022654
2024-05-02 04:00:00,57681.08,0.001367,549.8,0.009533,78.87,7.72e-06,0.4446,131.39,0.0022784
2024-05-02 08:00:00,58559.66,0.001373,561.6,0.009587,80.36,7.74e-06,0.4531,138.74,0.0023683
2024-05-02 12:00:00,59264.15,0.001361,564.5,0.009527,80.6,7.72e-06,0.4576,139.09,0.0023467
2024-05-02 16:00:00,59351.11,0.001361,563.5,0.009493,80.75,7.68e-06,0.4559,138.05,0.0023257
2024-05-02 20:00:00,59060.61,0.001355,560.5,0.009486,80.02,7.74e-06,0.4578,137.58,0.0023303
2024-05-03 00:00:00,59720.3,0.001351,566.2,0.00948,80.71,7.71e-06,0.4606,141.01,0.002361
2024-05-03 04:00:00,59190.74,0.001344,561.3,0.009482,79.54,7.62e-06,0.4511,137.23,0.0023183
2024-05-03 08:00:00,59291.09,0.001349,562.8,0.009492,79.94,7.56e-06,0.4481,136.88,0.0023088
2024-05-03 12:00:00,61690.74,0.001329,577.9,0.009371,81.91,7.57e-06,0.467,142.09,0.0023028
2024-05-03 16:00:00,62067.32,0.001315,580.9,0.009358,81.67,7.51e-06,0.4662,142.77,0.0022999
2024-05-03 20:00:00,62882.01,0.001301,587.0,0.009337,81.85,7.44e-06,0.4673,143.69,0.0022851
2024-05-04 00:00:00,62724.0,0.001308,584.2,0.009316,81.99,7.44e-06,0.4668,144.22,0.0022993
2024-05-04 04:00:00,62959.03,0.001297,584.0,0.009278,81.63,7.39e-06,0.4651,143.96,0.0022865
2024-05-04 08:00:00,63873.31,0.001289,589.4,0.009228,82.29,7.34e-06,0.4687,146.49,0.002294
2024-05-04 12:00:00,63609.17,0.001295,591.1,0.009293,82.35,7.35e-06,0.4679,146.18,0.002298
2024-05-04 16:00:00,63921.18,0.001288,590.3,0.009234,82.32,7.35e-06,0.4698,147.4,0.0023066
2024-05-04 20:00:00,63892.04,0.001278,585.7,0.009166,81.66,7.26e-06,0.4633,146.05,0.0022862
2024-05-05 00:00:00,63235.93,0.001283,581.2,0.009192,81.11,7.2e-06,0.455,144.62,0.0022867
2024-05-05 04:00:00,63736.87,0.001275,585.2,0.00918,81.23,7.19e-06,0.4584,145.64,0.0022851
2024-05-05 08:00:00,63859.63,0.001271,586.6,0.009187,81.18,7.18e-06,0.4585,146.63,0.0022954
2024-05-05 12:00:00,64428.65,0.001265,593.1,0.009205,81.53,7.19e-06,0.4636,147.49,0.002289
2024-05-05 16:00:00,63879.94,0.001273,592.9,0.00928,81.28,7.21e-06,0.4608,146.07,0.0022865
2024-05-05 20:00:00,64012.0,0.001271,592.0,0.009247,81.32,7.15e-06,0.458,145.73,0.0022765
2024-05-06 00:00:00,63866.59,0.001266,591.0,0.009252,80.83,7.14e-06,0.4567,146.28,0.0022901
2024-05-06 04:00:00,64540.75,0.001292,595.5,0.009227,83.33,7.23e-06,0.4667,148.73,0.0023048
2024-05-06 08:00:00,64203.56,0.001283,592.3,0.009226,82.34,7.25e-06,0.4654,153.99,0.0023989
2024-05-06 12:00:00,63632.01,0.001284,589.0,0.009256,81.75,7.24e-06,0.4606,153.82,0.0024175
2024-05-06 16:00:00,63220.0,0.001283,589.9,0.009332,81.1,7.29e-06,0.4609,153.48,0.002428
2024-05-06 20:00:00,63165.19,0.001279,588.2,0.009311,80.79,7.19e-06,0.4541,152.82,0.0024199
2024-05-07 00:00:00,63239.49,0.001272,586.7,0.009278,80.44,7.1e-06,0.4493,153.89,0.0024324
2024-05-07 04:00:00,63669.69,0.001264,588.7,0.009243,80.44,7.06e-06,0.4494,155.13,0.002437
2024-05-07 08:00:00,63490.43,0.001278,592.6,0.009334,81.08,7.07e-06,0.4488,154.97,0.0024412
2024-05-07 12:00:00,63740.48,0.001286,594.2,0.009321,81.94,7.09e-06,0.4522,154.71,0.0024271
2024-05-07 16:00:00,63060.01,0.001304,585.6,0.009285,82.27,7.1e-06,0.4474,151.19,0.0023972
2024-05-07 20:00:00,62312.08,0.001297,576.5,0.009252,80.84,7.09e-06,0.4414,148.03,0.0023756
2024-05-08 00:00:00,62893.99,0.001285,585.5,0.009308,80.81,7.07e-06,0.4442,149.5,0.0023766
2024-05-08 04:00:00,62208.0,0.001286,579.7,0.009318,79.94,7.05e-06,0.439,146.42,0.0023537
2024-05-08 08:00:00,62243.4,0.001291,585.1,0.009398,80.32,7.06e-06,0.4394,145.39,0.002335
2024-05-08 12:00:00,62273.08,0.001313,582.5,0.009351,81.72,7.41e-06,0.4613,145.86,0.002342
2024-05-08 16:00:00,62179.45,0.001316,588.8,0.00947,81.81,7.47e-06,0.4643,145.48,0.0023401
2024-05-08 20:00:00,61193.03,0.001335,588.6,0.009615,81.7,7.38e-06,0.4518,142.18,0.0023231
2024-05-09 00:00:00,61680.4,0.001331,597.1,0.009679,82.12,7.51e-06,0.4632,144.14,0.0023363
2024-05-09 04:00:00,61253.16,0.00133,600.0,0.009797,81.48,7.41e-06,0.4533,143.27,0.002339
2024-05-09 08:00:00,61053.99,0.00134,595.0,0.009744,81.83,7.39e-06,0.4516,142.8,0.0023379
2024-05-09 12:00:00,62159.06,0.001314,596.5,0.009597,81.7,7.33e-06,0.4557,146.47,0.0023567
2024-05-09 16:00:00,62454.92,0.001321,596.6,0.009549,82.47,7.36e-06,0.4602,150.86,0.0024156
2024-05-09 20:00:00,63074.01,0.001318,596.8,0.00946,83.08,7.35e-06,0.4635,152.57,0.0024195
2024-05-10 00:00:00,62916.16,0.001319,593.7,0.009438,83.03,7.39e-06,0.4655,153.93,0.0024465
2024-05-10 04:00:00,63078.02,0.001318,595.3,0.009437,83.1,7.37e-06,0.4653,154.34,0.0024466
2024-05-10 08:00:00,63299.63,0.001318,596.1,0.009418,83.39,7.36e-06,0.4658,155.01,0.0024487
2024-05-10 12:00:00,60928.02,0.001327,586.4,0.00962,80.84,7.38e-06,0.4496,146.94,0.0024125
2024-05-10 16:00:00,60716.97,0.001328,586.3,0.009656,80.58,7.38e-06,0.448,147.17,0.002425
2024-05-10 20:00:00,60799.99,0.00132,585.6,0.009633,80.22,7.37e-06,0.4479,146.01,0.0024024
2024-05-11 00:00:00,60731.9,0.001323,583.4,0.009609,80.35,7.35e-06,0.4464,143.64,0.0023654
2024-05-11 04:00:00,61018.52,0.001324,587.1,0.009622,80.75,7.36e-06,0.449,145.78,0.0023893
2024-05-11 08:00:00,60684.01,0.001338,589.7,0.009716,81.23,7.31e-06,0.4434,144.25,0.0023768
2024-05-11 12:00:00,61174.18,0.001321,591.5,0.009668,80.83,7.25e-06,0.4432,145.65,0.0023809
2024-05-11 16:00:00,61144.0,0.001332,593.5,0.009707,81.45,7.21e-06,0.4412,146.44,0.002395
2024-05-11 20:00:00,60825.99,0.001338,592.2,0.009734,81.39,7.22e-06,0.439,145.42,0.0023907
2024-05-12 00:00:00,60930.0,0.001336,590.1,0.009687,81.36,7.23e-06,0.4405,146.4,0.0024032
2024-05-12 04:00:00,60820.0,0.001338,588.5,0.009677,81.35,7.21e-06,0.4382,144.22,0.0023712
2024-05-12 08:00:00,61146.0,0.001331,592.9,0.009696,81.4,7.21e-06,0.4406,145.07,0.0023722
2024-05-12 12:00:00,61419.0,0.001336,595.4,0.009696,81.99,7.19e-06,0.4416,145.2,0.0023639
2024-05-12 16:00:00,61406.1,0.001333,598.1,0.009739,81.84,7.13e-06,0.4382,144.96,0.0023606
2024-05-12 20:00:00,61483.99,0.001325,594.8,0.009673,81.41,7.12e-06,0.4377,143.43,0.002333
2024-05-13 00:00:00,61170.0,0.001307,589.1,0.009634,79.9,7.03e-06,0.4299,140.13,0.0022911
2024-05-13 04:00:00,62334.37,0.001306,596.2,0.009567,81.38,7.13e-06,0.4441,143.56,0.002302
2024-05-13 08:00:00,62738.0,0.001306,594.9,0.009483,81.92,7.15e-06,0.4487,145.62,0.0023216
2024-05-13 12:00:00,63002.0,0.001299,595.4,0.00945,81.78,7.07e-06,0.4451,147.26,0.0023375
2024-05-13 16:00:00,63172.69,0.001284,595.1,0.00942,81.12,6.99e-06,0.4415,148.81,0.0023547
2024-05-13 20:00:00,62940.08,0.001281,591.7,0.009402,80.62,6.94e-06,0.4368,147.54,0.0023438
2024-05-14 00:00:00,62488.46,0.001282,588.9,0.009422,80.11,6.96e-06,0.4349,146.34,0.0023421
2024-05-14 04:00:00,62035.39,0.001304,588.5,0.009486,80.95,7.05e-06,0.4373,146.54,0.0023624
2024-05-14 08:00:00,61798.57,0.001298,586.3,0.009487,80.18,7e-06,0.433,146.59,0.0023725
2024-05-14 12:00:00,61787.61,0.00129,569.9,0.009223,79.67,7.05e-06,0.4359,142.92,0.0023126
2024-05-14 16:00:00,61596.52,0.001288,568.7,0.009232,79.31,7.01e-06,0.4313,143.8,0.002335
2024-05-14 20:00:00,61577.49,0.00128,567.1,0.009209,78.79,6.96e-06,0.4285,142.03,0.0023069
2024-05-15 00:00:00,61949.99,0.001274,569.9,0.009199,78.88,6.95e-06,0.4306,143.96,0.0023238
2024-05-15 04:00:00,62195.04,0.001267,569.4,0.009154,78.8,6.93e-06,0.4311,144.29,0.0023201
2024-05-15 08:00:00,62467.18,0.001259,566.5,0.009067,78.64,6.9e-06,0.4309,144.19,0.0023076
2024-05-15 12:00:00,64725.11,0.001246,580.1,0.008966,80.61,6.89e-06,0.4457,151.61,0.0023421
2024-05-15 16:00:00,66006.23,0.001241,586.4,0.008886,82.0,6.85e-06,0.4521,154.92,0.0023467
2024-05-15 20:00:00,66206.5,0.001245,581.0,0.008776,82.45,6.84e-06,0.4524,158.52,0.0023941
2024-05-16 00:00:00,65975.39,0.001251,584.0,0.008854,82.49,6.93e-06,0.4579,163.11,0.0024724
2024-05-16 04:00:00,66142.62,0.001247,584.6,0.008837,82.46,6.91e-06,0.4572,162.78,0.0024612
2024-05-16 08:00:00,66503.8,0.001238,582.8,0.008764,82.29,6.85e-06,0.4553,163.73,0.0024621
2024-05-16 12:00:00,65818.88,0.001251,567.8,0.008627,82.37,6.92e-06,0.4554,160.45,0.0024375
2024-05-16 16:00:00,65186.85,0.001261,568.0,0.008717,82.23,7.03e-06,0.4581,159.08,0.0024407
2024-05-16 20:00:00,65235.21,0.001264,569.2,0.008725,82.43,7.05e-06,0.4597,159.37,0.002442
2024-05-17 00:00:00,65584.53,0.001252,571.8,0.008717,82.06,7.01e-06,0.4602,162.19,0.0024727
2024-05-17 04:00:00,66386.94,0.001258,578.5,0.008716,83.53,7.24e-06,0.4805,169.2,0.0025485
2024-05-17 08:00:00,66218.0,0.001254,578.2,0.008732,83.0,7.37e-06,0.4877,167.46,0.0025292
2024-05-17 12:00:00,67195.1,0.001249,582.5,0.008672,83.9,7.19e-06,0.4832,169.69,0.0025254
2024-05-17 16:00:00,67047.99,0.001243,580.2,0.008653,83.35,7.21e-06,0.4835,168.89,0.0025184
2024-05-17 20:00:00,67024.0,0.001256,580.9,0.008668,84.14,7.2e-06,0.4824,169.44,0.0025278
2024-05-18 00:00:00,66945.05,0.001259,581.6,0.008687,84.29,7.25e-06,0.4855,173.2,0.0025877
2024-05-18 04:00:00,66887.0,0.00126,578.8,0.008651,84.33,7.18e-06,0.4805,172.31,0.0025757
2024-05-18 08:00:00,67190.82,0.001253,579.6,0.008625,84.19,7.2e-06,0.4838,174.4,0.0025963
2024-05-18 12:00:00,66823.63,0.001257,577.6,0.008644,84.01,7.19e-06,0.4811,172.42,0.0025801
2024-05-18 16:00:00,66912.62,0.001257,577.3,0.008628,84.06,7.22e-06,0.4837,172.25,0.002574
2024-05-18 20:00:00,66915.2,0.001253,580.3,0.008672,83.84,7.21e-06,0.482,172.4,0.0025765
2024-05-19 00:00:00,67170.21,0.001256,581.4,0.008655,84.33,7.18e-06,0.4822,174.32,0.0025955
2024-05-19 04:00:00,67324.44,0.001246,579.8,0.008613,83.87,7.13e-06,0.4802,174.17,0.0025864
2024-05-19 08:00:00,67330.0,0.001242,580.7,0.008624,83.58,7.1e-06,0.4776,171.76,0.0025509
2024-05-19 12:00:00,66889.88,0.001239,577.6,0.008635,82.91,7.03e-06,0.4707,168.29,0.0025159
2024-05-19 16:00:00,66034.01,0.001248,573.7,0.008685,82.36,7.09e-06,0.4682,169.3,0.0025645
2024-05-19 20:00:00,66274.01,0.001243,574.5,0.008669,82.4,7.04e-06,0.4672,169.93,0.0025649
2024-05-20 00:00:00,66675.22,0.001249,575.9,0.008639,83.28,7.06e-06,0.4704,172.15,0.002582
2024-05-20 04:00:00,66825.14,0.001249,576.2,0.008621,83.54,6.99e-06,0.4672,178.03,0.0026639
2024-05-20 08:00:00,66994.2,0.001245,573.0,0.00855,83.35,6.98e-06,0.4671,177.7,0.0026525
2024-05-20 12:00:00,67419.99,0.001241,576.6,0.008553,83.65,6.95e-06,0.4685,179.01,0.0026555
2024-05-20 16:00:00,69999.99,0.001237,589.2,0.008418,86.62,6.99e-06,0.4896,187.25,0.0026748
2024-05-20 20:00:00,71446.62,0.001241,599.6,0.008396,88.64,7.03e-06,0.502,186.7,0.0026138
2024-05-21 00:00:00,71284.0,0.001225,597.9,0.008386,87.32,6.99e-06,0.4985,184.27,0.002585
2024-05-21 04:00:00,70878.29,0.001249,630.1,0.008889,88.59,7.07e-06,0.5012,181.28,0.0025579
2024-05-21 08:00:00,71130.0,0.001247,617.8,0.008686,88.65,7.04e-06,0.501,180.4,0.0025364
2024-05-21 12:00:00,69826.99,0.001268,612.6,0.008775,88.5,7.12e-06,0.4975,176.75,0.0025318
2024-05-21 16:00:00,69285.99,0.001269,609.4,0.008797,87.94,7.15e-06,0.4954,175.3,0.0025288
2024-05-21 20:00:00,70148.34,0.001259,618.5,0.008817,88.26,7.05e-06,0.4946,178.15,0.0025404
2024-05-22 00:00:00,69955.72,0.001249,622.0,0.008891,87.36,7.02e-06,0.4919,177.95,0.0025433
2024-05-22 04:00:00,69715.0,0.00125,621.4,0.008913,87.13,7.02e-06,0.4901,179.89,0.0025809
2024-05-22 08:00:00,69736.13,0.001235,617.8,0.008857,86.1,6.91e-06,0.482,178.06,0.0025539
2024-05-22 12:00:00,70455.9,0.001239,621.0,0.008815,87.35,6.87e-06,0.4838,181.39,0.0025743
2024-05-22 16:00:00,69637.47,0.001236,612.5,0.008796,86.01,6.92e-06,0.4818,178.36,0.0025607
2024-05-22 20:00:00,69166.62,0.001241,614.8,0.008886,85.78,6.99e-06,0.4835,176.95,0.0025597
2024-05-23 00:00:00,69446.14,0.00125,614.8,0.008852,86.76,7.01e-06,0.4868,178.79,0.0025745
2024-05-23 04:00:00,69734.04,0.001241,614.9,0.008815,86.49,6.97e-06,0.4852,177.44,0.0025449
2024-05-23 08:00:00,69982.72,0.001248,613.3,0.00876,87.35,6.93e-06,0.4851,175.67,0.0025103
2024-05-23 12:00:00,68076.0,0.001256,594.4,0.00873,85.53,6.87e-06,0.468,172.7,0.0025364
2024-05-23 16:00:00,67199.98,0.001245,590.4,0.008787,83.65,6.84e-06,0.4601,170.92,0.002544
2024-05-23 20:00:00,67969.65,0.001258,599.3,0.008815,85.45,6.84e-06,0.4656,176.16,0.0025922
2024-05-24 00:00:00,67891.83,0.001264,601.4,0.008858,85.81,6.88e-06,0.4674,172.01,0.0025334
2024-05-24 04:00:00,67155.93,0.00127,593.1,0.00883,85.25,6.87e-06,0.4615,166.16,0.0024749
2024-05-24 08:00:00,67349.99,0.001271,596.5,0.008856,85.58,6.89e-06,0.4638,166.34,0.0024698
2024-05-24 12:00:00,68326.46,0.001239,597.1,0.00874,84.62,6.72e-06,0.459,167.29,0.0024486
2024-05-24 16:00:00,69115.98,0.001231,601.9,0.008708,85.23,6.66e-06,0.4609,168.33,0.0024352
2024-05-24 20:00:00,68549.99,0.00124,600.3,0.008756,85.0,6.71e-06,0.4601,167.7,0.0024462
2024-05-25 00:00:00,68757.85,0.001242,601.5,0.008747,85.39,6.72e-06,0.462,169.66,0.002467
2024-05-25 04:00:00,68753.92,0.001243,601.7,0.008751,85.47,6.73e-06,0.4625,168.99,0.0024583
2024-05-25 08:00:00,69104.67,0.001233,604.2,0.008741,85.14,6.68e-06,0.4615,168.61,0.0024401
2024-05-25 12:00:00,68930.4,0.001231,601.9,0.008731,84.85,6.67e-06,0.4597,167.83,0.0024345
2024-05-25 16:00:00,69155.32,0.001229,602.2,0.008708,84.95,6.65e-06,0.4599,167.23,0.0024188
2024-05-25 20:00:00,69290.57,0.001227,602.4,0.008693,84.98,6.68e-06,0.4623,168.35,0.0024297
2024-05-26 00:00:00,69073.62,0.00123,602.2,0.008721,84.93,6.67e-06,0.4605,166.28,0.0024071
2024-05-26 04:00:00,69340.15,0.001224,604.2,0.008713,84.86,6.65e-06,0.4612,165.33,0.0023842
2024-05-26 08:00:00,69134.91,0.001227,601.7,0.008702,84.85,6.67e-06,0.4612,164.02,0.0023711
2024-05-26 12:00:00,68847.99,0.001222,602.3,0.008746,84.14,6.68e-06,0.4595,162.85,0.002365
2024-05-26 16:00:00,68903.54,0.001221,601.1,0.008722,84.09,6.66e-06,0.4587,162.71,0.0023615
2024-05-26 20:00:00,68507.67,0.001225,600.2,0.008761,83.9,6.68e-06,0.4581,163.41,0.0023852
2024-05-27 00:00:00,68873.43,0.001226,605.1,0.008786,84.42,6.72e-06,0.4622,165.38,0.0024013
2024-05-27 04:00:00,68643.36,0.001231,603.0,0.008786,84.48,6.69e-06,0.4589,165.52,0.0024113
2024-05-27 08:00:00,68434.26,0.001239,602.3,0.0088,84.79,6.74e-06,0.4613,167.74,0.002451
2024-05-27 12:00:00,70373.85,0.001223,612.7,0.008707,86.04,6.71e-06,0.4722,171.04,0.0024307
2024-05-27 16:00:00,69260.01,0.001225,602.2,0.008692,84.84,6.7e-06,0.4646,168.65,0.0024343
2024-05-27 20:00:00,69436.43,0.001227,603.9,0.008696,85.24,6.75e-06,0.4683,170.15,0.0024506
2024-05-28 00:00:00,68050.3,0.001238,597.8,0.008779,84.25,6.78e-06,0.4609,167.4,0.0024594
2024-05-28 04:00:00,67694.0,0.001228,597.8,0.008829,83.09,6.72e-06,0.4555,166.09,0.0024537
2024-05-28 08:00:00,68389.87,0.001224,602.0,0.008802,83.65,6.72e-06,0.4597,169.81,0.0024831
2024-05-28 12:00:00,68374.08,0.001214,601.4,0.008794,82.96,6.69e-06,0.4579,168.28,0.0024612
2024-05-28 16:00:00,68424.29,0.001218,601.4,0.008789,83.28,6.69e-06,0.4577,170.39,0.0024889
2024-05-28 20:00:00,68398.39,0.00122,601.7,0.008798,83.44,6.69e-06,0.4576,168.68,0.0024662
2024-05-29 00:00:00,68829.42,0.001217,601.6,0.008742,83.75,6.7e-06,0.4611,172.35,0.0025034
2024-05-29 04:00:00,67946.9,0.001227,598.2,0.008804,83.41,6.76e-06,0.4592,170.8,0.0025139
2024-05-29 08:00:00,67763.59,0.001232,599.0,0.008839,83.55,6.79e-06,0.4602,168.28,0.0024833
2024-05-29 12:00:00,67379.13,0.001243,595.4,0.008833,83.75,6.76e-06,0.4556,168.6,0.0025024
2024-05-29 16:00:00,67266.78,0.001245,594.0,0.00883,83.68,6.73e-06,0.4525,169.41,0.0025183
2024-05-29 20:00:00,67652.42,0.001236,595.7,0.008804,83.59,6.67e-06,0.4512,168.32,0.0024883
2024-05-30 00:00:00,68118.2,0.00123,597.6,0.008773,83.86,6.67e-06,0.4544,169.99,0.0024954
2024-05-30 04:00:00,67584.56,0.00122,589.1,0.008717,82.4,6.59e-06,0.4458,165.0,0.0024413
2024-05-30 08:00:00,67817.01,0.001226,594.1,0.00876,83.09,6.61e-06,0.4483,166.2,0.0024511
2024-05-30 12:00:00,68530.76,0.001244,596.6,0.008707,85.25,6.57e-06,0.4505,168.48,0.0024584
2024-05-30 16:00:00,68653.02,0.001231,597.0,0.008697,84.56,6.58e-06,0.4515,168.42,0.0024527
2024-05-30 20:00:00,68352.17,0.001235,595.1,0.008705,84.42,6.53e-06,0.4465,166.88,0.0024417
2024-05-31 00:00:00,68535.81,0.001228,593.6,0.008659,84.13,6.56e-06,0.4497,167.24,0.0024399
2024-05-31 04:00:00,68174.99,0.001229,591.9,0.00868,83.72,6.58e-06,0.4484,166.62,0.0024439
2024-05-31 08:00:00,68349.73,0.001231,595.4,0.008711,84.17,6.6e-06,0.451,168.75,0.0024692
2024-05-31 12:00:00,67215.58,0.00123,591.3,0.008795,82.63,6.65e-06,0.4464,164.81,0.0024521
2024-05-31 16:00:00,67681.0,0.001237,593.9,0.008779,83.71,6.63e-06,0.4491,166.33,0.0024574
2024-05-31 20:00:00,67540.01,0.001232,593.7,0.008791,83.21,6.61e-06,0.447,165.65,0.0024527
2024-06-01 00:00:00,67715.31,0.001228,595.3,0.008791,83.21,6.61e-06,0.4476,167.02,0.0024667
2024-06-01 04:00:00,67632.08,0.001231,595.1,0.008799,83.24,6.63e-06,0.4483,166.85,0.0024669
2024-06-01 08:00:00,67660.57,0.001231,596.3,0.008811,83.35,6.63e-06,0.4486,166.88,0.0024664
2024-06-01 12:00:00,67691.28,0.001233,596.3,0.00881,83.5,6.62e-06,0.4485,167.31,0.002472
2024-06-01 16:00:00,67753.76,0.001231,597.5,0.008819,83.37,6.63e-06,0.4497,167.45,0.0024712
2024-06-01 20:00:00,67766.85,0.001232,601.9,0.008879,83.48,6.64e-06,0.4499,166.14,0.0024516
2024-06-02 00:00:00,67789.47,0.001229,604.0,0.008909,83.29,6.67e-06,0.4524,166.2,0.0024517
2024-06-02 04:00:00,67721.0,0.001224,600.1,0.008864,82.83,6.67e-06,0.4519,165.02,0.002437
2024-06-02 08:00:00,68251.52,0.001217,601.2,0.008811,83.03,6.63e-06,0.4528,166.05,0.0024332
2024-06-02 12:00:00,68142.17,0.001219,601.5,0.008825,83.09,6.62e-06,0.4509,165.16,0.0024232
2024-06-02 16:00:00,67736.95,0.001223,599.3,0.008844,82.87,6.56e-06,0.4449,163.12,0.0024086
2024-06-02 20:00:00,67765.63,0.001226,602.9,0.008897,83.11,6.59e-06,0.4465,163.15,0.0024078
2024-06-03 00:00:00,68382.81,0.001219,608.1,0.00889,83.33,6.58e-06,0.45,163.59,0.0023925
2024-06-03 04:00:00,68906.7,0.001216,626.1,0.009088,83.79,6.58e-06,0.4534,165.35,0.0023994
2024-06-03 08:00:00,69080.0,0.001209,631.1,0.009132,83.57,6.56e-06,0.4534,164.83,0.0023856
2024-06-03 12:00:00,69615.28,0.001197,627.8,0.00902,83.34,6.51e-06,0.4529,164.83,0.0023685
2024-06-03 16:00:00,69204.0,0.001203,625.4,0.009037,83.22,6.67e-06,0.4623,166.93,0.0024127
2024-06-03 20:00:00,68809.9,0.001204,626.4,0.009102,82.82,6.65e-06,0.4573,164.89,0.0023963
2024-06-04 00:00:00,69170.22,0.001197,634.4,0.00917,82.74,6.66e-06,0.461,166.47,0.0024068
2024-06-04 04:00:00,69013.63,0.001188,628.6,0.009108,82.07,6.61e-06,0.4567,165.24,0.0023946
2024-06-04 08:00:00,68955.85,0.001187,645.9,0.009367,81.82,6.61e-06,0.456,165.51,0.0024004
2024-06-04 12:00:00,70445.0,0.001174,663.0,0.00941,82.72,6.55e-06,0.461,167.91,0.0023835
2024-06-04 16:00:00,70423.6,0.001182,671.0,0.009528,83.28,6.57e-06,0.4631,169.47,0.0024068
2024-06-04 20:00:00,70537.84,0.001186,685.7,0.009721,83.65,6.54e-06,0.4615,171.78,0.0024347
2024-06-05 00:00:00,70947.58,0.001183,703.0,0.009912,83.92,6.52e-06,0.4629,172.97,0.0024382
2024-06-05 04:00:00,71200.0,0.001178,705.6,0.009913,83.87,6.49e-06,0.4625,173.43,0.0024356
2024-06-05 08:00:00,70971.71,0.001185,699.7,0.009862,84.03,6.48e-06,0.4605,172.85,0.0024356
2024-06-05 12:00:00,71580.0,0.001182,704.6,0.009846,84.55,6.45e-06,0.4616,174.74,0.0024413
2024-06-05 16:00:00,71279.95,0.001192,691.6,0.009699,84.95,6.49e-06,0.4629,172.97,0.0024258
2024-06-05 20:00:00,71108.0,0.001202,698.8,0.009827,85.44,6.48e-06,0.4613,173.54,0.0024405
2024-06-06 00:00:00,71050.0,0.001197,696.6,0.009804,85.01,6.47e-06,0.4596,173.85,0.002447
2024-06-06 04:00:00,71021.47,0.001197,704.6,0.009919,84.99,6.47e-06,0.4591,172.6,0.0024302
2024-06-06 08:00:00,71170.01,0.001199,705.0,0.009906,85.34,6.45e-06,0.4591,173.08,0.0024322
2024-06-06 12:00:00,71300.0,0.001201,703.5,0.00987,85.59,6.45e-06,0.4603,172.99,0.0024259
2024-06-06 16:00:00,70479.49,0.001205,706.0,0.010012,84.92,6.44e-06,0.454,169.12,0.0023994
2024-06-06 20:00:00,70799.06,0.001189,711.2,0.010044,84.19,6.47e-06,0.4582,170.15,0.0024033
2024-06-07 00:00:00,70989.68,0.001187,704.1,0.009921,84.19,6.45e-06,0.4582,170.57,0.0024022
2024-06-07 04:00:00,71110.0,0.001181,697.8,0.009815,84.03,6.49e-06,0.4616,172.01,0.0024191
2024-06-07 08:00:00,71699.99,0.001177,705.5,0.00984,84.43,6.75e-06,0.4839,172.2,0.0024013
2024-06-07 12:00:00,71111.54,0.001176,701.0,0.009858,83.56,6.74e-06,0.4788,170.15,0.0023924
2024-06-07 16:00:00,69255.0,0.001146,681.2,0.009835,79.44,6.48e-06,0.4491,162.01,0.0023392
2024-06-07 20:00:00,69355.6,0.001155,684.0,0.009861,80.13,6.48e-06,0.4492,162.5,0.0023437
2024-06-08 00:00:00,69432.0,0.001157,682.0,0.009824,80.32,6.44e-06,0.4469,162.7,0.002343
2024-06-08 04:00:00,69582.2,0.001153,694.7,0.009983,80.18,6.41e-06,0.4457,163.6,0.0023513
2024-06-08 08:00:00,69365.93,0.001144,683.8,0.009858,79.45,6.26e-06,0.4348,160.48,0.0023135
2024-06-08 12:00:00,69430.01,0.001144,686.5,0.009889,79.47,6.28e-06,0.436,160.15,0.0023062
2024-06-08 16:00:00,69460.01,0.001145,686.1,0.009877,79.55,6.25e-06,0.4345,159.85,0.0023012
2024-06-08 20:00:00,69310.46,0.001154,682.7,0.009849,79.97,6.31e-06,0.4368,157.83,0.0022775
2024-06-09 00:00:00,69259.38,0.001151,675.0,0.009745,79.7,6.28e-06,0.4355,157.78,0.0022785
2024-06-09 04:00:00,69295.64,0.001152,679.9,0.009811,79.84,6.31e-06,0.4376,159.01,0.0022947
2024-06-09 08:00:00,69367.69,0.001155,679.4,0.009794,80.13,6.35e-06,0.4405,159.44,0.0022989
2024-06-09 12:00:00,69508.64,0.001159,676.9,0.009738,80.54,6.32e-06,0.4397,161.63,0.002325
2024-06-09 16:00:00,69710.26,0.001155,675.8,0.00969,80.51,6.38e-06,0.4449,162.13,0.0023262
2024-06-09 20:00:00,69648.14,0.001156,673.0,0.009663,80.49,6.37e-06,0.4442,162.12,0.0023277
2024-06-10 00:00:00,69613.2,0.001145,669.0,0.009609,79.69,6.34e-06,0.4412,159.87,0.0022959
2024-06-10 04:00:00,69303.99,0.001143,640.9,0.009247,79.18,6.29e-06,0.4359,157.62,0.0022761
2024-06-10 08:00:00,69473.89,0.001141,640.1,0.009214,79.22,6.43e-06,0.4468,159.46,0.0022949
2024-06-10 12:00:00,70066.12,0.001147,651.0,0.009293,80.36,6.39e-06,0.4473,162.38,0.0023176
2024-06-10 16:00:00,69490.8,0.001148,648.5,0.009331,79.82,6.34e-06,0.4407,160.44,0.002308
2024-06-10 20:00:00,69540.0,0.001146,625.1,0.008991,79.66,6.34e-06,0.4406,159.05,0.0022873
2024-06-11 00:00:00,68464.0,0.001143,625.5,0.009137,78.23,6.36e-06,0.4348,156.07,0.00228
2024-06-11 04:00:00,67570.18,0.001163,613.3,0.009079,78.64,6.39e-06,0.4319,153.39,0.0022709
2024-06-11 08:00:00,66890.01,0.00118,606.3,0.009063,78.89,6.42e-06,0.4295,153.89,0.0023008
2024-06-11 12:00:00,66244.48,0.001154,597.9,0.009026,76.47,6.33e-06,0.4192,147.67,0.002229
2024-06-11 16:00:00,67407.01,0.001148,608.3,0.009028,77.34,6.26e-06,0.4223,149.23,0.0022146
2024-06-11 20:00:00,67314.24,0.001149,602.5,0.00895,77.32,6.27e-06,0.422,149.31,0.0022183
2024-06-12 00:00:00,67407.0,0.001152,608.3,0.009021,77.59,6.3e-06,0.4245,149.65,0.002221
2024-06-12 04:00:00,67453.63,0.001148,614.8,0.009111,77.46,6.31e-06,0.426,151.79,0.0022505
2024-06-12 08:00:00,67778.43,0.001134,609.2,0.008987,76.89,6.27e-06,0.4251,151.74,0.0022392
2024-06-12 12:00:00,69734.0,0.001128,628.5,0.009013,78.69,6.31e-06,0.4405,158.84,0.0022783
2024-06-12 16:00:00,67532.92,0.001145,612.6,0.00907,77.39,6.41e-06,0.4333,153.33,0.0022706
2024-06-12 20:00:00,68263.99,0.00115,619.4,0.009074,78.5,6.42e-06,0.4378,155.22,0.002274
2024-06-13 00:00:00,67474.94,0.001156,606.9,0.008997,77.98,6.39e-06,0.4311,151.55,0.002246
2024-06-13 04:00:00,67724.81,0.001159,607.5,0.008969,78.47,6.37e-06,0.4313,152.09,0.0022461
2024-06-13 08:00:00,67739.99,0.001165,604.3,0.008921,78.91,6.34e-06,0.4294,149.63,0.002209
2024-06-13 12:00:00,66470.01,0.001175,597.4,0.008985,78.07,6.33e-06,0.4209,146.87,0.0022094
2024-06-13 16:00:00,66604.01,0.001192,602.3,0.009042,79.38,6.37e-06,0.4239,147.73,0.0022182
2024-06-13 20:00:00,66773.01,0.001186,599.8,0.00898,79.15,6.31e-06,0.421,147.29,0.0022058
2024-06-14 00:00:00,66744.0,0.001193,600.9,0.009002,79.62,6.3e-06,0.4206,147.5,0.00221
2024-06-14 04:00:00,66904.98,0.00119,608.3,0.009086,79.55,6.31e-06,0.4221,147.62,0.0022062
2024-06-14 08:00:00,67036.0,0.001191,611.1,0.009111,79.82,6.31e-06,0.4226,148.1,0.0022089
2024-06-14 12:00:00,66392.0,0.001188,602.6,0.009074,78.84,6.23e-06,0.4137,143.78,0.0021655
2024-06-14 16:00:00,65520.02,0.001176,596.2,0.009097,77.02,6.18e-06,0.4047,141.8,0.0021643
2024-06-14 20:00:00,66043.99,0.001175,603.3,0.009135,77.61,6.24e-06,0.412,143.05,0.0021663
2024-06-15 00:00:00,66267.87,0.001178,605.7,0.009138,78.02,6.21e-06,0.4121,144.94,0.0021866
2024-06-15 04:00:00,66076.99,0.001195,606.8,0.00918,78.96,6.24e-06,0.4117,143.78,0.0021755
2024-06-15 08:00:00,66319.95,0.001192,608.7,0.009178,79.0,6.19e-06,0.4112,144.5,0.0021785
2024-06-15 12:00:00,66316.02,0.001184,607.3,0.009157,78.5,6.21e-06,0.412,145.19,0.0021892
2024-06-15 16:00:00,66154.7,0.001197,606.9,0.009172,79.21,6.26e-06,0.4138,144.66,0.0021864
2024-06-15 20:00:00,66228.25,0.001197,608.2,0.009182,79.23,6.25e-06,0.414,145.52,0.0021972
2024-06-16 00:00:00,66146.0,0.001207,604.6,0.009141,79.81,6.21e-06,0.4108,144.01,0.002177
2024-06-16 04:00:00,66266.3,0.001199,606.2,0.009146,79.46,6.22e-06,0.4125,144.49,0.0021805
2024-06-16 08:00:00,66492.83,0.001193,606.3,0.009117,79.34,6.24e-06,0.4148,145.0,0.0021813
2024-06-16 12:00:00,66712.8,0.001187,610.6,0.009152,79.17,6.24e-06,0.4165,148.53,0.0022267
2024-06-16 16:00:00,66562.52,0.001186,609.1,0.00915,78.9,6.25e-06,0.4164,148.78,0.0022351
2024-06-16 20:00:00,66676.87,0.001184,610.8,0.00916,78.98,6.25e-06,0.4168,151.3,0.0022689
2024-06-17 00:00:00,66222.0,0.001182,605.1,0.009137,78.25,6.23e-06,0.4123,147.36,0.002225
2024-06-17 04:00:00,66172.0,0.001182,603.8,0.009123,78.2,6.2e-06,0.4104,146.61,0.0022157
2024-06-17 08:00:00,65817.2,0.001173,599.2,0.009103,77.2,6.15e-06,0.4048,143.94,0.0021872
2024-06-17 12:00:00,65368.0,0.001168,597.3,0.009138,76.41,6.12e-06,0.4002,141.23,0.0021602
2024-06-17 16:00:00,66691.99,0.001161,608.3,0.009121,77.48,6.19e-06,0.4126,144.57,0.0021675
2024-06-17 20:00:00,66504.33,0.001152,604.3,0.009089,76.59,6.03e-06,0.4013,143.27,0.0021547
2024-06-18 00:00:00,65500.0,0.001117,594.3,0.009073,73.12,5.79e-06,0.379,135.62,0.0020707
2024-06-18 04:00:00,65672.51,0.001117,593.4,0.009037,73.34,5.78e-06,0.3795,136.71,0.0020822
2024-06-18 08:00:00,65366.0,0.00111,583.6,0.00893,72.5,5.73e-06,0.3748,137.16,0.0020982
2024-06-18 12:00:00,64706.0,0.001113,582.5,0.009003,72.08,5.79e-06,0.3749,136.01,0.0021023
2024-06-18 16:00:00,64412.19,0.001115,580.7,0.009013,71.78,5.8e-06,0.3741,133.14,0.0020661
2024-06-18 20:00:00,65175.32,0.001116,588.6,0.009032,72.66,5.89e-06,0.3837,137.41,0.0021083
2024-06-19 00:00:00,65404.0,0.001142,598.1,0.009146,74.66,5.99e-06,0.3923,140.15,0.0021429
2024-06-19 04:00:00,65326.89,0.001133,603.7,0.009242,74.02,6.01e-06,0.3925,139.98,0.0021428
2024-06-19 08:00:00,65210.0,0.001128,596.9,0.009154,73.54,5.91e-06,0.3854,137.96,0.0021158
2024-06-19 12:00:00,64922.0,0.00114,592.0,0.009121,73.97,5.9e-06,0.3834,136.92,0.0021092
2024-06-19 16:00:00,64882.01,0.001145,599.5,0.009239,74.27,5.96e-06,0.3864,136.67,0.0021062
2024-06-19 20:00:00,64974.37,0.001136,599.3,0.009222,73.77,5.92e-06,0.3844,135.62,0.0020875
2024-06-20 00:00:00,65189.99,0.001137,598.2,0.009174,74.09,5.95e-06,0.388,133.06,0.0020409
2024-06-20 04:00:00,65858.84,0.001133,605.5,0.009193,74.6,5.97e-06,0.3932,137.18,0.0020827
2024-06-20 08:00:00,66169.85,0.001135,603.0,0.009112,75.07,5.96e-06,0.3938,139.34,0.0021051
2024-06-20 12:00:00,64831.23,0.001139,596.1,0.009196,73.81,5.88e-06,0.3816,133.27,0.0020555
2024-06-20 16:00:00,65050.0,0.001154,593.1,0.009118,74.99,5.95e-06,0.3874,134.25,0.0020637
2024-06-20 20:00:00,64869.99,0.001151,587.7,0.009059,74.69,5.93e-06,0.3844,133.55,0.002059
2024-06-21 00:00:00,64506.14,0.001149,586.5,0.009088,74.16,6e-06,0.3871,132.68,0.0020568
2024-06-21 04:00:00,64201.63,0.001137,583.5,0.009087,73.06,6.02e-06,0.3865,131.43,0.0020475
2024-06-21 08:00:00,63770.0,0.001148,586.2,0.00919,73.16,6.03e-06,0.3848,132.08,0.0020717
2024-06-21 12:00:00,63732.02,0.001147,583.1,0.009149,73.06,5.97e-06,0.3803,131.4,0.0020618
2024-06-21 16:00:00,64232.01,0.001153,586.3,0.009126,74.09,5.89e-06,0.3783,132.64,0.0020654
2024-06-21 20:00:00,64143.56,0.001157,586.1,0.009141,74.17,5.86e-06,0.376,134.6,0.0020985
2024-06-22 00:00:00,64327.45,0.001149,584.1,0.009081,73.91,5.8e-06,0.3734,135.07,0.0020997
2024-06-22 04:00:00,64520.0,0.001149,587.0,0.009101,74.07,5.84e-06,0.3763,134.86,0.0020901
2024-06-22 08:00:00,64265.26,0.001157,587.1,0.009136,74.31,5.87e-06,0.3773,134.52,0.0020926
2024-06-22 12:00:00,64307.08,0.001153,586.7,0.009124,74.16,6e-06,0.3862,134.25,0.0020879
2024-06-22 16:00:00,64295.01,0.001163,587.8,0.009141,74.76,6e-06,0.3857,134.47,0.0020911
2024-06-22 20:00:00,64262.01,0.001161,591.1,0.009197,74.61,5.98e-06,0.3846,133.69,0.0020806
2024-06-23 00:00:00,64416.14,0.001161,592.8,0.0092,74.78,6.05e-06,0.3894,134.77,0.0020919
2024-06-23 04:00:00,64415.27,0.001157,592.2,0.009195,74.52,6.04e-06,0.3886,134.72,0.0020912
2024-06-23 08:00:00,64341.45,0.001154,589.3,0.009159,74.19,6.02e-06,0.3876,134.03,0.0020832
2024-06-23 12:00:00,64094.0,0.001168,585.1,0.009126,74.88,6.03e-06,0.3867,131.58,0.002053
2024-06-23 16:00:00,64149.78,0.001162,585.4,0.009126,74.49,6.02e-06,0.3861,131.46,0.0020492
2024-06-23 20:00:00,63210.01,0.001161,577.5,0.009138,73.37,6.01e-06,0.38,128.69,0.0020354
2024-06-24 00:00:00,62862.0,0.001153,576.2,0.009167,72.5,6.06e-06,0.3801,126.23,0.0020081
2024-06-24 04:00:00,62456.0,0.001142,570.9,0.009142,71.4,5.98e-06,0.3737,125.2,0.0020038
2024-06-24 08:00:00,61291.95,0.001142,569.9,0.009296,69.97,6.08e-06,0.3726,127.07,0.0020735
2024-06-24 12:00:00,60843.99,0.001132,561.5,0.009231,68.84,6.1e-06,0.3708,126.31,0.0020762
2024-06-24 16:00:00,59306.72,0.001151,557.8,0.0094,68.28,6.21e-06,0.3687,127.49,0.002149
2024-06-24 20:00:00,60293.3,0.001156,568.1,0.009423,69.68,6.27e-06,0.3777,132.33,0.0021947
2024-06-25 00:00:00,61302.59,0.001154,573.4,0.009354,70.7,6.32e-06,0.3872,135.79,0.002216
2024-06-25 04:00:00,60685.16,0.001164,571.5,0.009421,70.59,6.41e-06,0.3893,134.82,0.0022215
2024-06-25 08:00:00,61187.64,0.001156,572.0,0.009346,70.73,6.42e-06,0.3931,137.8,0.0022522
2024-06-25 12:00:00,61810.0,0.001154,577.6,0.009344,71.34,6.38e-06,0.3946,139.43,0.0022557
2024-06-25 16:00:00,61975.46,0.001154,577.9,0.009323,71.5,6.37e-06,0.3948,138.75,0.0022381
2024-06-25 20:00:00,61806.01,0.001155,578.2,0.009356,71.35,6.34e-06,0.3918,136.58,0.0022098
2024-06-26 00:00:00,61936.07,0.001157,580.2,0.009368,71.61,6.33e-06,0.3919,138.46,0.0022361
2024-06-26 04:00:00,61720.02,0.001155,578.8,0.009375,71.31,6.33e-06,0.3902,137.94,0.0022348
2024-06-26 08:00:00,61445.26,0.001169,573.7,0.009339,71.84,6.31e-06,0.3883,137.32,0.002235
2024-06-26 12:00:00,61467.86,0.001161,572.5,0.009318,71.35,6.32e-06,0.3883,136.88,0.0022275
2024-06-26 16:00:00,61000.01,0.001172,574.5,0.009414,71.55,6.39e-06,0.3902,137.76,0.0022585
2024-06-26 20:00:00,60864.99,0.001166,573.0,0.009417,71.02,6.32e-06,0.385,136.81,0.0022482
2024-06-27 00:00:00,61037.31,0.001163,574.0,0.009405,70.99,6.25e-06,0.382,137.52,0.0022533
2024-06-27 04:00:00,60794.01,0.001164,569.5,0.009366,70.71,6.23e-06,0.3787,135.91,0.0022362
2024-06-27 08:00:00,61196.02,0.001169,572.8,0.00936,71.5,6.22e-06,0.3801,139.05,0.0022726
2024-06-27 12:00:00,61576.0,0.001173,579.4,0.009411,72.21,6.28e-06,0.3862,147.77,0.0023995
2024-06-27 16:00:00,61450.0,0.001186,579.6,0.009433,72.92,6.36e-06,0.3911,148.46,0.0024153
2024-06-27 20:00:00,61706.47,0.001188,581.7,0.009428,73.28,6.35e-06,0.3913,149.71,0.0024264
2024-06-28 00:00:00,61828.17,0.001195,583.0,0.009431,73.83,6.34e-06,0.3917,147.54,0.0023862
2024-06-28 04:00:00,61350.01,0.001188,576.2,0.009394,72.93,6.3e-06,0.3869,145.37,0.0023697
2024-06-28 08:00:00,61690.0,0.001207,578.5,0.00938,74.5,6.33e-06,0.3903,145.5,0.0023591
2024-06-28 12:00:00,61062.01,0.001194,572.3,0.009375,72.9,6.42e-06,0.3919,143.23,0.0023463
2024-06-28 16:00:00,60123.73,0.001221,571.1,0.009496,73.4,6.55e-06,0.3936,140.98,0.0023447
2024-06-28 20:00:00,60427.84,0.001206,567.4,0.009389,72.9,6.38e-06,0.3858,140.03,0.0023173
2024-06-29 00:00:00,60762.0,0.001213,569.4,0.009372,73.67,6.59e-06,0.4006,141.77,0.0023338
2024-06-29 04:00:00,61052.3,0.001215,570.7,0.009348,74.14,6.47e-06,0.3947,142.0,0.0023258
2024-06-29 08:00:00,61102.33,0.00122,573.5,0.009387,74.52,6.51e-06,0.398,142.66,0.0023345
2024-06-29 12:00:00,61106.0,0.001223,572.6,0.009368,74.74,6.39e-06,0.3907,142.68,0.0023349
2024-06-29 16:00:00,61057.39,0.00124,571.9,0.009366,75.69,6.35e-06,0.3878,141.72,0.002321
2024-06-29 20:00:00,60986.68,0.001229,570.0,0.009351,74.95,6.3e-06,0.3841,140.28,0.0022998
2024-06-30 00:00:00,60898.32,0.00124,569.3,0.009352,75.46,6.26e-06,0.3815,138.3,0.0022708
2024-06-30 04:00:00,61528.01,0.001228,575.9,0.00936,75.57,6.3e-06,0.3877,140.64,0.0022857
2024-06-30 08:00:00,61560.0,0.001218,575.0,0.009343,74.97,6.26e-06,0.3854,141.18,0.0022932
2024-06-30 12:00:00,61717.9,0.001211,577.4,0.009357,74.72,6.26e-06,0.3866,143.83,0.0023297
2024-06-30 16:00:00,62026.83,0.001205,578.7,0.009333,74.7,6.24e-06,0.3868,144.82,0.0023351
2024-06-30 20:00:00,62772.01,0.0012,582.2,0.009276,75.31,6.25e-06,0.3924,146.61,0.002336
2024-07-01 00:00:00,63437.69,0.00119,585.4,0.00923,75.54,6.3e-06,0.3995,147.61,0.0023263
2024-07-01 04:00:00,63277.84,0.00119,584.7,0.009242,75.22,6.29e-06,0.3981,148.3,0.0023438
2024-07-01 08:00:00,62662.09,0.001195,577.4,0.009215,74.83,6.37e-06,0.3992,146.14,0.0023319
2024-07-01 12:00:00,63132.9,0.001183,577.7,0.009152,74.7,6.4e-06,0.4035,148.5,0.0023519
2024-07-01 16:00:00,63226.78,0.00118,581.6,0.009193,74.63,6.4e-06,0.4044,147.32,0.0023295
2024-07-01 20:00:00,62899.99,0.001183,576.9,0.00917,74.38,6.41e-06,0.4032,146.67,0.0023317
2024-07-02 00:00:00,63138.67,0.00118,578.9,0.009167,74.49,6.47e-06,0.4079,149.16,0.0023632
2024-07-02 04:00:00,62629.99,0.001201,578.6,0.009237,75.26,6.5e-06,0.407,147.43,0.002354
2024-07-02 08:00:00,62832.01,0.0012,579.5,0.009224,75.4,6.62e-06,0.4156,149.68,0.0023822
2024-07-02 12:00:00,61948.08,0.001209,575.6,0.00929,74.91,6.67e-06,0.4131,148.39,0.0023957
2024-07-02 16:00:00,61939.1,0.001215,577.7,0.009325,75.26,6.74e-06,0.4172,152.79,0.0024667
2024-07-02 20:00:00,62135.47,0.001224,580.1,0.009335,76.04,6.73e-06,0.4184,154.03,0.0024785
2024-07-03 00:00:00,60987.99,0.001239,569.8,0.009345,75.54,6.82e-06,0.416,150.56,0.0024687
2024-07-03 04:00:00,60870.01,0.00123,566.2,0.009303,74.85,6.83e-06,0.4153,146.4,0.0024055
2024-07-03 08:00:00,60386.01,0.001227,561.0,0.009292,74.06,6.75e-06,0.4079,144.07,0.0023859
2024-07-03 12:00:00,60186.25,0.001236,558.2,0.009273,74.41,6.75e-06,0.4066,141.68,0.0023539
2024-07-03 16:00:00,59671.1,0.001229,551.9,0.009246,73.34,6.76e-06,0.4038,140.43,0.0023533
2024-07-03 20:00:00,60208.58,0.001198,556.7,0.009244,72.08,6.76e-06,0.4069,140.84,0.0023386
2024-07-04 00:00:00,59102.0,0.001194,539.7,0.009134,70.53,6.71e-06,0.3971,137.08,0.0023192
2024-07-04 04:00:00,58219.99,0.001193,530.1,0.009106,69.46,6.75e-06,0.3935,134.38,0.0023082
2024-07-04 08:00:00,57761.94,0.001207,525.2,0.009091,69.68,6.75e-06,0.3899,132.73,0.0022978
2024-07-04 12:00:00,58140.0,0.001187,525.3,0.009035,69.0,6.64e-06,0.3864,135.4,0.0023288
2024-07-04 16:00:00,58283.62,0.001166,523.6,0.008984,67.94,6.48e-06,0.3778,134.0,0.0022995
2024-07-04 20:00:00,57050.01,0.001147,513.6,0.009,65.42,6.34e-06,0.3623,127.86,0.0022409
2024-07-05 00:00:00,55227.99,0.001063,468.9,0.008493,58.68,5.86e-06,0.324,123.67,0.0022389
2024-07-05 04:00:00,54415.05,0.001079,472.7,0.008686,58.71,6.09e-06,0.3311,126.72,0.0023291
2024-07-05 08:00:00,55486.5,0.001081,485.6,0.00875,59.95,6.28e-06,0.3488,130.13,0.0023448
2024-07-05 12:00:00,56662.0,0.001079,495.5,0.008743,61.15,6.24e-06,0.3535,134.93,0.002381
2024-07-05 16:00:00,56465.42,0.001095,496.3,0.008789,61.82,6.21e-06,0.3505,134.97,0.002391
2024-07-05 20:00:00,56628.79,0.001092,497.7,0.008787,61.85,6.17e-06,0.3501,134.32,0.0023716
2024-07-06 00:00:00,56410.0,0.001097,503.5,0.008926,61.87,6.21e-06,0.3503,134.44,0.0023832
2024-07-06 04:00:00,56606.0,0.001105,508.1,0.008974,62.49,6.25e-06,0.3534,136.94,0.0024197
2024-07-06 08:00:00,56731.42,0.001114,513.1,0.009044,63.21,6.3e-06,0.3578,138.75,0.0024449
2024-07-06 12:00:00,57317.98,0.001125,518.5,0.009047,64.44,6.28e-06,0.3598,141.88,0.0024746
2024-07-06 16:00:00,57857.99,0.001125,526.6,0.009103,65.06,6.44e-06,0.3724,142.82,0.0024688
2024-07-06 20:00:00,58230.13,0.001124,526.0,0.009034,65.39,6.37e-06,0.3707,143.05,0.0024561
2024-07-07 00:00:00,57963.45,0.001123,518.3,0.008944,65.07,6.4e-06,0.3703,142.12,0.0024515
2024-07-07 04:00:00,57369.99,0.001122,509.0,0.00887,64.38,6.36e-06,0.365,139.09,0.0024244
2024-07-07 08:00:00,57460.0,0.001124,508.7,0.008854,64.59,6.37e-06,0.3658,139.89,0.0024346
2024-07-07 12:00:00,56825.42,0.001117,498.4,0.008769,63.48,6.27e-06,0.3561,137.07,0.0024117
2024-07-07 16:00:00,57151.1,0.001104,500.4,0.008755,63.09,6.23e-06,0.356,137.33,0.0024027
2024-07-07 20:00:00,55857.81,0.00111,490.7,0.008783,62.05,6.2e-06,0.3466,131.64,0.002356
2024-07-08 00:00:00,55160.01,0.001118,488.5,0.008852,61.67,6.24e-06,0.3439,130.71,0.0023703
2024-07-08 04:00:00,55852.01,0.001127,501.8,0.008982,62.89,6.28e-06,0.3509,132.59,0.002374
2024-07-08 08:00:00,57154.01,0.001155,515.5,0.009017,65.98,6.6e-06,0.3768,140.61,0.0024602
2024-07-08 12:00:00,55761.52,0.001154,501.3,0.00899,64.28,6.47e-06,0.3608,137.43,0.0024638
2024-07-08 16:00:00,56477.31,0.00115,507.4,0.008984,64.9,6.5e-06,0.367,138.29,0.0024489
2024-07-08 20:00:00,56714.62,0.001144,510.6,0.009001,64.92,6.51e-06,0.3691,139.81,0.002465
2024-07-09 00:00:00,57168.36,0.001141,514.1,0.008992,65.2,6.48e-06,0.37,140.44,0.0024566
2024-07-09 04:00:00,57116.84,0.001142,512.5,0.008974,65.16,6.51e-06,0.3715,142.12,0.0024879
2024-07-09 08:00:00,57428.01,0.001146,516.0,0.008987,65.81,6.52e-06,0.3741,141.92,0.0024718
2024-07-09 12:00:00,57477.01,0.001147,516.9,0.008995,65.91,6.51e-06,0.3741,140.52,0.0024451
2024-07-09 16:00:00,57862.01,0.001134,517.0,0.008936,65.71,6.58e-06,0.3807,142.12,0.0024565
2024-07-09 20:00:00,58050.0,0.001126,516.9,0.008907,65.3,6.47e-06,0.3754,141.42,0.0024364
2024-07-10 00:00:00,58180.01,0.001125,516.5,0.00888,65.41,6.5e-06,0.3778,141.73,0.0024361
2024-07-10 04:00:00,58977.99,0.001116,522.4,0.008861,65.79,6.49e-06,0.3823,144.17,0.0024447
2024-07-10 08:00:00,58492.0,0.00113,527.8,0.009022,66.04,6.54e-06,0.3826,142.79,0.0024417
2024-07-10 12:00:00,57699.69,0.001157,525.0,0.009095,66.75,6.68e-06,0.3851,141.18,0.0024466
2024-07-10 16:00:00,57392.03,0.001162,523.3,0.009118,66.66,6.73e-06,0.3859,141.07,0.0024583
2024-07-10 20:00:00,57725.85,0.00116,524.7,0.009087,66.96,6.73e-06,0.3885,141.98,0.0024597
2024-07-11 00:00:00,57568.0,0.001164,523.0,0.009084,66.99,6.75e-06,0.3885,140.3,0.0024374
2024-07-11 04:00:00,58191.5,0.001166,527.5,0.009067,67.81,6.75e-06,0.3928,142.1,0.0024421
2024-07-11 08:00:00,58777.99,0.001155,536.5,0.009124,67.88,6.74e-06,0.3959,143.52,0.0024422
2024-07-11 12:00:00,57402.01,0.001187,524.2,0.009133,68.08,6.85e-06,0.3933,138.45,0.0024118
2024-07-11 16:00:00,57378.01,0.001192,525.5,0.009156,68.39,6.9e-06,0.3956,136.57,0.0023797
2024-07-11 20:00:00,57339.89,0.001174,524.8,0.009154,67.36,6.9e-06,0.3959,135.73,0.0023675
2024-07-12 00:00:00,56914.01,0.001197,521.5,0.009161,68.12,7e-06,0.398,136.53,0.002399
2024-07-12 04:00:00,57106.94,0.001208,521.2,0.009128,68.95,6.99e-06,0.3988,135.41,0.0023715
2024-07-12 08:00:00,57203.54,0.001198,524.1,0.00916,68.5,6.97e-06,0.3984,135.65,0.0023711
2024-07-12 12:00:00,58214.0,0.001184,532.4,0.00915,68.87,7.03e-06,0.4089,138.85,0.0023852
2024-07-12 16:00:00,57576.01,0.001198,531.2,0.009223,69.0,7.21e-06,0.4155,138.49,0.0024048
2024-07-12 20:00:00,57889.1,0.001197,533.8,0.00922,69.25,7.2e-06,0.4165,139.46,0.0024093
2024-07-13 00:00:00,57814.0,0.0012,533.4,0.009228,69.31,7.13e-06,0.412,138.75,0.0024003
2024-07-13 04:00:00,58170.32,0.001211,536.1,0.009214,70.41,7.3e-06,0.4245,139.38,0.0023967
2024-07-13 08:00:00,58534.0,0.001195,537.8,0.009189,69.96,7.18e-06,0.4199,140.12,0.0023935
2024-07-13 12:00:00,58830.63,0.001193,532.0,0.009043,70.17,7.37e-06,0.4339,140.37,0.002386
2024-07-13 16:00:00,58624.38,0.0012,530.0,0.00904,70.3,7.6e-06,0.4453,139.82,0.0023847
2024-07-13 20:00:00,59204.02,0.00118,532.4,0.008991,69.82,7.46e-06,0.4416,141.9,0.0023968
2024-07-14 00:00:00,59466.15,0.001181,533.6,0.008974,70.2,7.21e-06,0.4285,143.96,0.0024215
2024-07-14 04:00:00,60062.01,0.001171,537.6,0.008952,70.28,7.17e-06,0.4307,144.77,0.002411
2024-07-14 08:00:00,60099.1,0.001164,537.0,0.008937,69.92,7.16e-06,0.4299,144.88,0.0024107
2024-07-14 12:00:00,60084.0,0.001156,536.3,0.008923,69.46,7.16e-06,0.4302,145.9,0.0024279
2024-07-14 16:00:00,59915.99,0.001162,536.8,0.008958,69.6,7.24e-06,0.4333,145.22,0.0024237
2024-07-14 20:00:00,60797.91,0.00115,544.8,0.00896,69.92,7.1e-06,0.4317,147.66,0.002429
2024-07-15 00:00:00,62647.87,0.001132,553.9,0.008842,70.86,6.93e-06,0.4347,151.39,0.0024171
2024-07-15 04:00:00,62840.12,0.00112,559.1,0.008895,70.33,6.97e-06,0.438,153.23,0.0024386
2024-07-15 08:00:00,62454.0,0.001118,562.1,0.009003,69.81,6.91e-06,0.4316,151.64,0.0024276
2024-07-15 12:00:00,63026.0,0.001114,573.8,0.009104,70.24,6.9e-06,0.435,152.94,0.0024271
2024-07-15 16:00:00,63342.0,0.001128,577.1,0.009107,71.46,6.87e-06,0.4352,155.33,0.0024519
2024-07-15 20:00:00,64724.14,0.001117,585.3,0.009039,72.29,6.88e-06,0.4449,159.38,0.0024617
2024-07-16 00:00:00,64752.14,0.001134,579.7,0.008953,73.43,6.98e-06,0.4516,157.88,0.0024379
2024-07-16 04:00:00,62895.01,0.001133,562.3,0.008939,71.25,6.84e-06,0.4308,154.49,0.0024556
2024-07-16 08:00:00,63746.11,0.001125,570.9,0.008956,71.64,6.77e-06,0.432,157.32,0.0024681
2024-07-16 12:00:00,64878.24,0.001138,577.0,0.008894,73.8,6.89e-06,0.4471,160.98,0.0024815
2024-07-16 16:00:00,65165.43,0.001124,578.4,0.008875,73.3,6.77e-06,0.4409,161.94,0.0024852
2024-07-16 20:00:00,65043.99,0.001126,576.2,0.008858,73.21,6.74e-06,0.4381,160.62,0.0024695
2024-07-17 00:00:00,65701.66,0.001119,579.5,0.008822,73.48,6.72e-06,0.4416,160.92,0.0024491
2024-07-17 04:00:00,65258.0,0.00112,579.9,0.008885,73.13,6.87e-06,0.4485,160.6,0.0024609
2024-07-17 08:00:00,64723.73,0.001119,575.5,0.008891,72.43,6.88e-06,0.445,160.84,0.0024848
2024-07-17 12:00:00,64724.01,0.001114,572.8,0.00885,72.08,6.89e-06,0.4465,158.08,0.0024425
2024-07-17 16:00:00,64585.78,0.001122,572.0,0.00886,72.45,6.85e-06,0.4422,156.83,0.0024284
2024-07-17 20:00:00,64087.99,0.001113,568.9,0.008875,71.38,6.81e-06,0.4359,155.5,0.0024265
2024-07-18 00:00:00,64865.08,0.001116,574.1,0.00885,72.4,6.8e-06,0.4413,158.93,0.0024505
2024-07-18 04:00:00,64668.0,0.001112,572.3,0.008853,71.91,6.84e-06,0.4419,158.66,0.0024532
2024-07-18 08:00:00,64758.0,0.001118,574.0,0.008865,72.36,6.8e-06,0.44,159.45,0.0024618
2024-07-18 12:00:00,63538.12,0.001122,565.5,0.008898,71.31,6.7e-06,0.4258,156.37,0.0024609
2024-07-18 16:00:00,63555.0,0.001118,567.7,0.008935,71.0,6.64e-06,0.4219,156.98,0.0024702
2024-07-18 20:00:00,63987.92,0.00112,571.9,0.008938,71.63,6.61e-06,0.4234,159.22,0.0024887
2024-07-19 00:00:00,64325.0,0.001114,572.8,0.008905,71.66,6.63e-06,0.4263,161.83,0.0025165
2024-07-19 04:00:00,63694.01,0.001113,568.6,0.008926,70.85,6.63e-06,0.4218,161.42,0.002534
2024-07-19 08:00:00,64116.0,0.001095,573.4,0.008943,70.22,6.56e-06,0.4209,162.65,0.0025365
2024-07-19 12:00:00,65836.77,0.001093,591.5,0.008984,71.99,6.56e-06,0.4315,168.8,0.0025646
2024-07-19 16:00:00,67157.26,0.001098,595.8,0.008869,73.74,6.55e-06,0.4405,170.46,0.0025378
2024-07-19 20:00:00,66660.0,0.001102,593.4,0.008902,73.4,6.58e-06,0.439,169.13,0.002537
2024-07-20 00:00:00,66602.01,0.001097,590.8,0.008871,72.99,6.59e-06,0.4386,169.57,0.0025459
2024-07-20 04:00:00,66562.28,0.001102,590.1,0.008866,73.31,6.59e-06,0.4391,168.57,0.0025325
2024-07-20 08:00:00,66483.69,0.001093,590.4,0.008882,72.61,6.51e-06,0.4322,168.03,0.0025275
2024-07-20 12:00:00,66825.0,0.0011,595.2,0.008906,73.52,6.5e-06,0.4341,169.28,0.0025337
2024-07-20 16:00:00,67224.0,0.001091,595.6,0.008859,73.38,6.48e-06,0.4352,172.42,0.0025649
2024-07-20 20:00:00,67139.96,0.001088,593.1,0.008836,73.03,6.51e-06,0.4373,173.6,0.002586
2024-07-21 00:00:00,67171.33,0.001089,595.7,0.008868,73.11,6.5e-06,0.4363,173.14,0.0025779
2024-07-21 04:00:00,66701.99,0.001091,592.5,0.008881,72.77,6.45e-06,0.4302,171.33,0.0025685
2024-07-21 08:00:00,66879.99,0.001096,594.3,0.008887,73.27,6.45e-06,0.4307,172.88,0.0025849
2024-07-21 12:00:00,67164.0,0.001092,599.1,0.008916,73.4,6.41e-06,0.4301,175.4,0.002611
2024-07-21 16:00:00,67422.02,0.001086,597.7,0.008865,73.19,6.34e-06,0.4276,177.98,0.0026402
2024-07-21 20:00:00,68165.34,0.001086,602.5,0.008837,73.98,6.55e-06,0.4469,184.49,0.002706
2024-07-22 00:00:00,67880.01,0.001088,600.8,0.008851,73.78,6.46e-06,0.4387,180.94,0.0026656
2024-07-22 04:00:00,67236.0,0.001104,594.1,0.008836,74.23,6.46e-06,0.4341,178.39,0.0026536
2024-07-22 08:00:00,67516.01,0.001094,600.0,0.008887,73.82,6.48e-06,0.4376,180.59,0.0026749
2024-07-22 12:00:00,67063.87,0.001073,592.2,0.008829,72.03,6.4e-06,0.4298,179.88,0.002682
2024-07-22 16:00:00,68232.07,0.00106,595.6,0.00873,72.32,6.35e-06,0.4334,182.86,0.0026803
2024-07-22 20:00:00,67532.01,0.001056,587.2,0.008695,71.26,6.31e-06,0.4262,178.9,0.0026484
2024-07-23 00:00:00,67473.99,0.001066,590.3,0.008751,71.91,6.31e-06,0.4262,179.1,0.0026542
2024-07-23 04:00:00,66576.0,0.001071,579.7,0.00871,71.25,6.3e-06,0.4196,176.06,0.002644
2024-07-23 08:00:00,66676.01,0.001083,584.8,0.008768,72.16,6.38e-06,0.4255,175.62,0.002634
2024-07-23 12:00:00,66584.01,0.001086,585.3,0.008791,72.32,6.25e-06,0.4159,176.49,0.002651
2024-07-23 16:00:00,65536.01,0.001103,580.8,0.008862,72.27,6.25e-06,0.4093,171.98,0.002625
2024-07-23 20:00:00,65936.01,0.001106,581.9,0.008827,72.92,6.22e-06,0.41,173.03,0.002624
2024-07-24 00:00:00,66052.71,0.001102,585.1,0.008856,72.72,6.22e-06,0.4106,173.65,0.0026295
2024-07-24 04:00:00,66078.0,0.001104,585.9,0.008869,72.95,6.36e-06,0.4195,174.25,0.002637
2024-07-24 08:00:00,66367.99,0.001106,583.4,0.008791,73.38,6.32e-06,0.4192,177.76,0.0026779
2024-07-24 12:00:00,66176.0,0.001105,583.0,0.008813,73.11,6.23e-06,0.4121,177.76,0.0026867
2024-07-24 16:00:00,65652.0,0.001104,579.2,0.008822,72.5,6.25e-06,0.4111,178.2,0.0027135
2024-07-24 20:00:00,65376.0,0.00109,574.9,0.00879,71.29,6.21e-06,0.4063,178.06,0.0027234
2024-07-25 00:00:00,64093.59,0.001072,556.7,0.008685,68.75,6.15e-06,0.3943,170.53,0.0026606
2024-07-25 04:00:00,64134.0,0.001078,561.9,0.00876,69.06,6.18e-06,0.3965,169.4,0.0026418
2024-07-25 08:00:00,64096.0,0.00107,564.4,0.008806,68.57,6.16e-06,0.3951,168.81,0.0026337
2024-07-25 12:00:00,64790.88,0.001057,565.0,0.008724,68.49,6.06e-06,0.3931,170.43,0.0026306
2024-07-25 16:00:00,64692.01,0.001059,566.2,0.00875,68.46,5.97e-06,0.3872,168.13,0.0025989
2024-07-25 20:00:00,65799.95,0.001046,570.6,0.008674,68.79,6e-06,0.3948,171.85,0.0026116
2024-07-26 00:00:00,67042.01,0.001047,578.7,0.008633,70.15,6.07e-06,0.4065,175.75,0.0026215
2024-07-26 04:00:00,66890.56,0.001063,579.5,0.00866,71.06,6.16e-06,0.4127,176.75,0.002642
2024-07-26 08:00:00,67322.0,0.001056,577.5,0.00858,71.13,6.12e-06,0.412,178.81,0.0026556
2024-07-26 12:00:00,67560.01,0.001056,578.5,0.008565,71.39,6.14e-06,0.4147,181.53,0.0026872
2024-07-26 16:00:00,67990.0,0.001046,580.5,0.008538,71.09,6.16e-06,0.4183,182.21,0.0026804
2024-07-26 20:00:00,67907.99,0.001051,580.9,0.008555,71.31,6.15e-06,0.4172,183.06,0.0026952
2024-07-27 00:00:00,67798.0,0.001049,583.2,0.008603,71.17,6.13e-06,0.4152,182.66,0.0026945
2024-07-27 04:00:00,68036.68,0.001051,587.2,0.008627,71.46,6.12e-06,0.4166,185.84,0.0027315
2024-07-27 08:00:00,68209.88,0.001048,587.1,0.008608,71.46,6.13e-06,0.4183,185.4,0.0027182
2024-07-27 12:00:00,68844.0,0.001042,585.6,0.008505,71.69,6.14e-06,0.4227,182.52,0.002651
2024-07-27 16:00:00,68246.0,0.001051,584.6,0.008565,71.69,6.2e-06,0.423,181.48,0.0026587
2024-07-27 20:00:00,67896.5,0.001051,581.6,0.008567,71.32,6.16e-06,0.4176,183.92,0.0027082
2024-07-28 00:00:00,67940.95,0.001046,580.6,0.008544,71.09,6.11e-06,0.4146,184.31,0.0027124
2024-07-28 04:00:00,67560.86,0.001054,578.7,0.008569,71.15,6.09e-06,0.4115,183.84,0.0027218
2024-07-28 08:00:00,67836.0,0.001056,581.9,0.008576,71.66,6.06e-06,0.4112,185.26,0.002731
2024-07-28 12:00:00,67645.0,0.001047,580.3,0.00858,70.83,6.02e-06,0.4078,184.11,0.0027218
2024-07-28 16:00:00,68112.0,0.001051,584.0,0.008572,71.54,6.03e-06,0.4103,184.78,0.0027131
2024-07-28 20:00:00,68249.88,0.001041,583.9,0.008555,71.07,5.96e-06,0.4073,184.9,0.0027097
2024-07-29 00:00:00,69347.67,0.001055,592.3,0.008544,73.13,6.1e-06,0.4226,192.25,0.002773
2024-07-29 04:00:00,69528.01,0.001078,593.7,0.008538,74.92,6.07e-06,0.4227,192.35,0.0027661
2024-07-29 08:00:00,69580.01,0.00109,592.9,0.008519,75.81,6e-06,0.4181,190.84,0.0027424
2024-07-29 12:00:00,68104.0,0.001096,582.8,0.008561,74.55,6.02e-06,0.4095,186.95,0.0027455
2024-07-29 16:00:00,67303.05,0.001102,577.9,0.008585,74.1,6.06e-06,0.4077,186.84,0.0027765
2024-07-29 20:00:00,66784.69,0.001104,574.3,0.008599,73.69,6.03e-06,0.4031,182.57,0.0027338
2024-07-30 00:00:00,66610.0,0.001111,572.8,0.008599,73.94,6.07e-06,0.4044,182.58,0.0027415
2024-07-30 04:00:00,66952.0,0.001105,574.6,0.00858,73.94,6.03e-06,0.4034,182.39,0.0027246
2024-07-30 08:00:00,66574.01,0.001102,573.7,0.008613,73.32,6.07e-06,0.4042,181.02,0.0027186
2024-07-30 12:00:00,66216.01,0.001107,574.0,0.008668,73.25,6.08e-06,0.4021,181.01,0.0027342
2024-07-30 16:00:00,65931.02,0.001092,573.7,0.008705,71.98,6.07e-06,0.4,177.97,0.0027002
2024-07-30 20:00:00,66188.0,0.001084,588.2,0.008886,71.69,6.06e-06,0.4015,179.16,0.002707
2024-07-31 00:00:00,66058.0,0.001095,585.2,0.008858,72.26,6.14e-06,0.4063,180.91,0.002739
2024-07-31 04:00:00,66224.0,0.001087,586.1,0.008853,71.98,6.06e-06,0.4015,183.13,0.0027655
2024-07-31 08:00:00,66094.01,0.001085,586.7,0.008876,71.74,6.11e-06,0.4032,181.72,0.0027498
2024-07-31 12:00:00,66379.99,0.001075,586.6,0.00884,71.35,6.06e-06,0.4022,180.08,0.0027125
2024-07-31 16:00:00,65256.83,0.001084,582.0,0.008917,70.76,6.05e-06,0.3952,176.59,0.002706
2024-07-31 20:00:00,64628.0,0.001086,576.5,0.008917,70.14,6.01e-06,0.3882,171.71,0.0026567
2024-08-01 00:00:00,63936.01,0.001107,569.9,0.008912,70.76,6.06e-06,0.387,168.62,0.0026376
2024-08-01 04:00:00,64328.59,0.001087,568.9,0.008843,69.91,5.99e-06,0.3853,168.23,0.002615
2024-08-01 08:00:00,64674.25,0.001089,572.3,0.008848,70.39,6.05e-06,0.3916,169.69,0.0026239
2024-08-01 12:00:00,62906.6,0.001087,558.9,0.008883,68.38,6.02e-06,0.3783,162.67,0.002586
2024-08-01 16:00:00,63422.01,0.00106,561.0,0.008843,67.22,5.96e-06,0.3781,162.4,0.00256
2024-08-01 20:00:00,65354.02,0.001064,575.1,0.008802,69.59,6.01e-06,0.3925,167.37,0.0025615
2024-08-02 00:00:00,64609.18,0.001066,572.0,0.008854,68.91,5.97e-06,0.3853,164.32,0.002544
2024-08-02 04:00:00,64164.07,0.001063,570.7,0.008892,68.23,5.99e-06,0.384,161.44,0.0025163
2024-08-02 08:00:00,64660.01,0.001067,573.4,0.008868,68.94,5.95e-06,0.3844,164.37,0.0025425
2024-08-02 12:00:00,63416.01,0.001034,558.9,0.008812,65.56,5.81e-06,0.3681,156.76,0.002472
2024-08-02 16:00:00,62633.57,0.00104,555.1,0.008862,65.12,5.84e-06,0.3663,151.3,0.002415
2024-08-02 20:00:00,61498.33,0.001059,542.9,0.008829,65.06,5.92e-06,0.3636,152.77,0.0024845
2024-08-03 00:00:00,61895.99,0.001055,542.0,0.008758,65.25,5.93e-06,0.3665,153.56,0.0024808
2024-08-03 04:00:00,61662.01,0.001065,540.7,0.008768,65.71,6e-06,0.3696,151.64,0.0024595
2024-08-03 08:00:00,61919.38,0.001065,541.4,0.008741,65.95,5.97e-06,0.3693,152.38,0.002461
2024-08-03 12:00:00,60879.0,0.001065,532.0,0.008736,64.86,5.91e-06,0.3598,146.2,0.0024013
2024-08-03 16:00:00,60246.0,0.001042,523.3,0.008689,62.75,5.84e-06,0.3518,140.42,0.0023313
2024-08-03 20:00:00,60697.99,0.001066,529.6,0.008725,64.65,6.01e-06,0.3646,142.52,0.0023478
2024-08-04 00:00:00,60735.0,0.00107,528.3,0.0087,65.05,5.98e-06,0.3626,144.32,0.002377
2024-08-04 04:00:00,60373.99,0.001069,523.9,0.008675,64.5,5.93e-06,0.3576,140.82,0.0023328
2024-08-04 08:00:00,60896.0,0.001067,525.6,0.008633,64.96,5.88e-06,0.3579,143.51,0.0023564
2024-08-04 12:00:00,59086.01,0.001066,501.9,0.008495,63.0,5.88e-06,0.3475,135.19,0.0022879
2024-08-04 16:00:00,59257.66,0.00107,507.7,0.008568,63.38,5.93e-06,0.3507,142.0,0.0023965
2024-08-04 20:00:00,58161.0,0.001075,496.9,0.008542,62.46,5.91e-06,0.3442,138.33,0.002378
2024-08-05 00:00:00,53890.87,0.001026,442.0,0.008199,55.28,5.71e-06,0.3078,126.14,0.00234
2024-08-05 04:00:00,52674.19,0.001029,439.4,0.008338,54.25,5.85e-06,0.3077,122.9,0.002333
2024-08-05 08:00:00,51340.0,0.001034,432.2,0.008415,53.1,5.77e-06,0.2959,115.96,0.0022586
2024-08-05 12:00:00,54321.09,0.001045,462.3,0.008512,56.81,5.89e-06,0.3195,130.44,0.0024013
2024-08-05 16:00:00,53470.09,0.001038,457.9,0.008562,55.46,5.79e-06,0.3101,128.76,0.0024083
2024-08-05 20:00:00,54018.81,0.001039,464.2,0.008595,56.08,5.77e-06,0.3119,129.78,0.002403
2024-08-06 00:00:00,55665.73,0.001037,478.8,0.008602,57.76,5.84e-06,0.3256,138.62,0.0024901
2024-08-06 04:00:00,55999.99,0.001047,492.2,0.008787,58.62,5.95e-06,0.3337,141.98,0.0025354
2024-08-06 08:00:00,55210.01,0.001038,478.4,0.008666,57.26,5.86e-06,0.3238,139.47,0.0025258
2024-08-06 12:00:00,56405.99,0.001042,487.9,0.00865,58.74,5.9e-06,0.3329,145.9,0.0025857
2024-08-06 16:00:00,56765.48,0.001033,488.2,0.008602,58.59,5.84e-06,0.3314,146.33,0.0025775
2024-08-06 20:00:00,56022.01,0.00104,484.8,0.008653,58.25,5.91e-06,0.331,144.4,0.0025775
2024-08-07 00:00:00,56862.0,0.001036,491.8,0.008646,58.92,5.92e-06,0.3368,151.62,0.0026662
2024-08-07 04:00:00,56920.91,0.00103,491.9,0.00864,58.6,5.87e-06,0.334,152.46,0.0026772
2024-08-07 08:00:00,56963.38,0.001018,489.2,0.008591,57.98,5.84e-06,0.3329,151.61,0.002662
2024-08-07 12:00:00,56094.5,0.001017,480.7,0.008568,57.07,5.77e-06,0.3239,148.46,0.0026465
2024-08-07 16:00:00,54759.22,0.001029,472.3,0.008622,56.35,5.86e-06,0.3207,143.16,0.0026136
2024-08-07 20:00:00,55134.16,0.001015,475.0,0.008613,55.99,5.88e-06,0.3241,144.77,0.0026257
2024-08-08 00:00:00,57049.74,0.001017,485.3,0.008507,57.97,5.87e-06,0.3348,153.09,0.0026833
2024-08-08 04:00:00,57193.49,0.001016,485.2,0.008485,58.11,5.85e-06,0.3342,153.65,0.002686
2024-08-08 08:00:00,57320.51,0.001012,488.5,0.008521,58.01,5.79e-06,0.3323,154.12,0.0026885
2024-08-08 12:00:00,59428.03,0.001,499.1,0.008399,59.46,5.72e-06,0.3397,160.6,0.0027018
2024-08-08 16:00:00,59414.51,0.001007,502.6,0.008461,59.8,5.72e-06,0.3398,155.81,0.0026227
2024-08-08 20:00:00,61685.99,0.000992,517.1,0.008382,61.16,5.7e-06,0.3516,163.13,0.0026446
2024-08-09 00:00:00,61358.39,0.000991,514.9,0.008392,60.78,5.73e-06,0.352,158.94,0.0025901
2024-08-09 04:00:00,60863.57,0.000997,509.4,0.008372,60.68,5.7e-06,0.3474,157.92,0.0025942
2024-08-09 08:00:00,60655.24,0.000997,507.0,0.00836,60.44,5.65e-06,0.3427,156.62,0.0025827
2024-08-09 12:00:00,59810.23,0.000998,501.7,0.008388,59.7,5.69e-06,0.3407,151.13,0.0025271
2024-08-09 16:00:00,60681.42,0.00099,506.7,0.008353,60.08,5.74e-06,0.3478,153.6,0.0025314
2024-08-09 20:00:00,60837.99,0.000998,508.7,0.008363,60.72,5.72e-06,0.3483,156.28,0.0025693
2024-08-10 00:00:00,60437.84,0.001001,509.5,0.008432,60.51,5.74e-06,0.3468,154.17,0.0025505
2024-08-10 04:00:00,60842.0,0.001,511.9,0.008414,60.8,5.7e-06,0.3469,155.43,0.0025544
2024-08-10 08:00:00,60920.88,0.001006,516.6,0.00848,61.27,5.71e-06,0.3478,154.85,0.002542
2024-08-10 12:00:00,60515.89,0.001008,514.4,0.008502,60.97,5.71e-06,0.3457,153.96,0.0025449
2024-08-10 16:00:00,61016.45,0.001,522.9,0.008568,61.0,5.71e-06,0.3479,154.51,0.0025321
2024-08-10 20:00:00,60923.51,0.001004,523.1,0.008587,61.16,5.68e-06,0.3457,154.01,0.0025278
2024-08-11 00:00:00,61085.01,0.001013,530.5,0.008682,61.84,5.73e-06,0.3497,155.69,0.0025484
2024-08-11 04:00:00,61257.0,0.001007,533.6,0.008711,61.65,5.76e-06,0.3527,156.69,0.0025582
2024-08-11 08:00:00,60669.15,0.001008,525.0,0.008653,61.12,5.73e-06,0.3475,153.66,0.0025335
2024-08-11 12:00:00,60127.29,0.001,520.2,0.00865,60.14,5.66e-06,0.3404,148.73,0.0024734
2024-08-11 16:00:00,59621.11,0.001014,512.2,0.008592,60.46,5.62e-06,0.3348,145.78,0.002445
2024-08-11 20:00:00,58712.59,0.001017,503.4,0.008575,59.73,5.58e-06,0.3276,141.57,0.0024103
2024-08-12 00:00:00,58509.5,0.001033,507.4,0.008669,60.4,5.64e-06,0.3304,143.92,0.0024596
2024-08-12 04:00:00,58674.61,0.001032,509.4,0.008681,60.57,5.71e-06,0.3348,145.94,0.0024873
2024-08-12 08:00:00,59851.7,0.00103,517.2,0.00864,61.66,5.73e-06,0.3427,150.25,0.0025106
2024-08-12 12:00:00,60207.37,0.001021,519.6,0.008634,61.42,5.67e-06,0.3409,147.58,0.0024515
2024-08-12 16:00:00,59043.98,0.001034,513.1,0.008688,60.99,5.69e-06,0.3358,143.75,0.0024345
2024-08-12 20:00:00,59346.64,0.001037,518.2,0.008731,61.5,5.72e-06,0.339,146.29,0.0024651
2024-08-13 00:00:00,59040.0,0.00105,516.1,0.008742,61.98,5.68e-06,0.3353,143.66,0.0024332
2024-08-13 04:00:00,59238.05,0.001045,523.2,0.008831,61.94,5.69e-06,0.3373,145.99,0.0024647
2024-08-13 08:00:00,58830.0,0.00105,520.6,0.008853,61.78,5.67e-06,0.3337,145.88,0.002479
2024-08-13 12:00:00,59472.26,0.001059,517.3,0.008695,62.99,5.67e-06,0.3367,146.08,0.002456
2024-08-13 16:00:00,60820.15,0.001039,522.1,0.00858,63.18,5.62e-06,0.342,146.55,0.002409
2024-08-13 20:00:00,60587.15,0.001047,524.2,0.00865,63.44,5.61e-06,0.34,146.65,0.0024205
2024-08-14 00:00:00,60952.83,0.001046,525.6,0.008622,63.75,5.58e-06,0.3397,145.14,0.002381
2024-08-14 04:00:00,60914.02,0.001044,526.5,0.008646,63.57,5.56e-06,0.339,145.73,0.0023921
2024-08-14 08:00:00,61296.87,0.001039,529.8,0.008647,63.64,5.57e-06,0.342,148.01,0.0024154
2024-08-14 12:00:00,59435.69,0.00108,525.2,0.008837,64.15,5.68e-06,0.3377,146.7,0.0024682
2024-08-14 16:00:00,58891.13,0.001091,524.2,0.008899,64.26,5.69e-06,0.335,144.24,0.0024493
2024-08-14 20:00:00,58683.39,0.001092,523.4,0.008918,64.06,5.72e-06,0.3352,143.71,0.002449
2024-08-15 00:00:00,58442.98,0.001101,522.5,0.008943,64.4,5.8e-06,0.3393,144.7,0.002476
2024-08-15 04:00:00,58060.37,0.001101,517.3,0.008909,63.98,5.8e-06,0.3365,142.51,0.0024554
2024-08-15 08:00:00,58745.36,0.001111,524.3,0.008925,65.26,5.71e-06,0.3356,143.13,0.0024367
2024-08-15 12:00:00,59682.84,0.001104,531.0,0.008895,65.95,5.68e-06,0.3383,145.95,0.002445
2024-08-15 16:00:00,57047.46,0.001126,513.9,0.009012,64.23,5.68e-06,0.3236,139.99,0.0024542
2024-08-15 20:00:00,57541.06,0.001135,519.2,0.009021,65.33,5.64e-06,0.3248,142.58,0.0024775
2024-08-16 00:00:00,57890.0,0.001129,515.5,0.008905,65.3,5.57e-06,0.3225,141.99,0.002453
2024-08-16 04:00:00,58456.99,0.00112,523.9,0.008959,65.43,5.72e-06,0.3349,144.53,0.0024724
2024-08-16 08:00:00,58400.0,0.001125,519.2,0.008892,65.7,5.73e-06,0.3342,141.97,0.0024311
2024-08-16 12:00:00,58071.06,0.001131,514.8,0.008864,65.71,5.58e-06,0.3242,137.91,0.0023745
2024-08-16 16:00:00,59683.39,0.001118,522.6,0.008756,66.73,5.56e-06,0.3319,140.94,0.0023614
2024-08-16 20:00:00,58874.6,0.00113,519.7,0.008827,66.49,5.61e-06,0.3301,139.04,0.0023616
2024-08-17 00:00:00,59158.37,0.001117,521.4,0.008814,66.07,5.55e-06,0.3286,138.89,0.0023475
2024-08-17 04:00:00,59248.0,0.001124,523.2,0.008829,66.58,5.56e-06,0.3299,139.45,0.0023535
2024-08-17 08:00:00,59137.12,0.001138,529.6,0.008955,67.29,5.61e-06,0.3318,139.12,0.0023525
2024-08-17 12:00:00,59388.11,0.001135,534.4,0.008998,67.37,5.64e-06,0.3354,140.18,0.0023605
2024-08-17 16:00:00,59473.19,0.001134,544.5,0.009154,67.43,5.63e-06,0.3352,141.11,0.0023723
2024-08-17 20:00:00,59491.99,0.001136,541.6,0.009107,67.59,5.67e-06,0.3373,141.93,0.0023857
2024-08-18 00:00:00,59337.42,0.001139,536.4,0.009039,67.58,5.63e-06,0.3336,141.17,0.0023788
2024-08-18 04:00:00,59573.39,0.00113,540.3,0.009069,67.34,5.62e-06,0.3349,141.55,0.0023763
2024-08-18 08:00:00,60024.01,0.001127,538.6,0.008973,67.61,5.62e-06,0.3375,144.62,0.0024095
2024-08-18 12:00:00,59863.99,0.001119,538.9,0.009003,66.98,5.66e-06,0.3387,145.8,0.002435
2024-08-18 16:00:00,59708.38,0.001116,538.1,0.009014,66.6,5.68e-06,0.3394,146.44,0.0024529
2024-08-18 20:00:00,58427.35,0.001135,531.2,0.009091,66.33,5.73e-06,0.3342,142.42,0.0024371
2024-08-19 00:00:00,58736.85,0.001127,537.2,0.009144,66.17,5.69e-06,0.3338,143.23,0.0024383
2024-08-19 04:00:00,58502.19,0.001138,533.7,0.009123,66.59,5.66e-06,0.3308,142.3,0.0024325
2024-08-19 08:00:00,58396.95,0.001144,537.0,0.009195,66.8,5.67e-06,0.3311,142.33,0.0024374
2024-08-19 12:00:00,58539.24,0.001134,543.5,0.009281,66.34,5.68e-06,0.3327,143.86,0.002458
2024-08-19 16:00:00,58967.53,0.001135,553.1,0.009378,66.93,5.68e-06,0.3354,142.95,0.0024236
2024-08-19 20:00:00,59438.5,0.001116,558.4,0.009395,66.32,5.67e-06,0.3367,144.29,0.002427
2024-08-20 00:00:00,60619.18,0.001103,569.4,0.009392,66.91,5.63e-06,0.3414,145.58,0.0024014
2024-08-20 04:00:00,60924.33,0.001103,569.0,0.009342,67.17,5.64e-06,0.3441,147.47,0.0024205
2024-08-20 08:00:00,60518.82,0.001093,568.0,0.009386,66.16,5.69e-06,0.3442,145.4,0.0024026
2024-08-20 12:00:00,58825.53,0.001083,561.5,0.009544,63.65,5.76e-06,0.3392,142.16,0.0024165
2024-08-20 16:00:00,59511.99,0.001085,573.1,0.009629,64.59,5.84e-06,0.3475,144.02,0.0024202
2024-08-20 20:00:00,59013.8,0.001092,569.4,0.009649,64.41,5.82e-06,0.3434,142.27,0.0024109
2024-08-21 00:00:00,59320.0,0.001081,564.2,0.009509,64.11,5.89e-06,0.3488,142.53,0.0024024
2024-08-21 04:00:00,59712.0,0.001064,560.7,0.00939,63.51,6.02e-06,0.359,143.18,0.0023975
2024-08-21 08:00:00,59361.14,0.001058,555.9,0.009364,62.77,5.91e-06,0.351,141.31,0.0023806
2024-08-21 12:00:00,59511.8,0.001052,554.6,0.009315,62.58,6.01e-06,0.3577,140.36,0.0023577
2024-08-21 16:00:00,61570.0,0.001045,571.9,0.009286,64.39,6.11e-06,0.3766,143.43,0.0023293
2024-08-21 20:00:00,61156.03,0.001051,570.1,0.009321,64.27,6.04e-06,0.3689,142.79,0.0023345
2024-08-22 00:00:00,60548.9,0.001044,570.0,0.009411,63.24,6.09e-06,0.3692,141.73,0.0023406
2024-08-22 04:00:00,60984.31,0.00104,576.7,0.009456,63.41,6e-06,0.3661,143.33,0.00235
2024-08-22 08:00:00,61336.09,0.001037,583.3,0.00951,63.6,6.1e-06,0.3738,144.53,0.0023566
2024-08-22 12:00:00,60407.4,0.001043,579.8,0.009596,63.05,6.12e-06,0.3697,142.63,0.0023615
2024-08-22 16:00:00,60308.0,0.001058,584.5,0.009696,63.77,6.14e-06,0.3703,142.74,0.0023678
2024-08-22 20:00:00,60375.84,0.001056,582.9,0.009655,63.77,6.24e-06,0.3763,143.22,0.0023724
2024-08-23 00:00:00,60593.31,0.001054,582.2,0.009607,63.85,6.19e-06,0.3749,144.48,0.0023845
2024-08-23 04:00:00,61069.27,0.00105,579.7,0.009491,64.11,6.27e-06,0.3824,145.15,0.0023768
2024-08-23 08:00:00,60741.68,0.001053,578.0,0.009516,63.93,6.25e-06,0.3797,143.49,0.0023626
2024-08-23 12:00:00,61533.05,0.001053,580.8,0.00944,64.78,6.22e-06,0.3828,144.4,0.0023465
2024-08-23 16:00:00,63628.84,0.001034,587.4,0.009233,65.84,6.12e-06,0.3894,149.7,0.0023529
2024-08-23 20:00:00,64037.24,0.001033,591.7,0.009238,66.1,6.11e-06,0.3912,153.26,0.002393
2024-08-24 00:00:00,63832.01,0.001035,578.8,0.009064,66.06,6.12e-06,0.3908,153.25,0.0023995
2024-08-24 04:00:00,64315.0,0.001035,579.0,0.009003,66.51,6.05e-06,0.389,154.61,0.0024044
2024-08-24 08:00:00,63905.01,0.001045,578.5,0.009049,66.77,6.15e-06,0.3928,157.34,0.0024618
2024-08-24 12:00:00,63976.0,0.001052,578.7,0.009045,67.3,6.17e-06,0.3947,159.46,0.0024924
2024-08-24 16:00:00,64210.6,0.001053,589.2,0.00918,67.53,6.21e-06,0.3985,160.57,0.0025009
2024-08-24 20:00:00,64157.01,0.001037,580.5,0.009049,66.57,6.13e-06,0.3935,160.67,0.0025048
2024-08-25 00:00:00,64101.01,0.001029,579.3,0.009044,66.01,6.04e-06,0.3869,158.3,0.0024688
2024-08-25 04:00:00,63868.26,0.001014,571.3,0.008945,64.73,5.94e-06,0.379,156.12,0.0024445
2024-08-25 08:00:00,63873.91,0.001019,574.0,0.008986,65.08,5.98e-06,0.3818,157.28,0.0024622
2024-08-25 12:00:00,64132.16,0.001018,575.1,0.008972,65.26,6.04e-06,0.3876,159.35,0.0024845
2024-08-25 16:00:00,64187.41,0.001014,575.7,0.00897,65.1,6.02e-06,0.3862,159.1,0.002479
2024-08-25 20:00:00,64220.0,0.00101,573.9,0.008935,64.82,5.99e-06,0.3849,158.92,0.0024745
2024-08-26 00:00:00,64114.99,0.001005,570.0,0.008891,64.38,5.98e-06,0.3835,160.11,0.0024975
2024-08-26 04:00:00,63627.01,0.001007,562.0,0.008833,64.05,5.93e-06,0.3772,159.11,0.002501
2024-08-26 08:00:00,63859.0,0.001005,563.9,0.008829,64.12,5.88e-06,0.3754,160.38,0.0025114
2024-08-26 12:00:00,63532.53,0.001012,558.5,0.008791,64.32,5.87e-06,0.3727,157.64,0.0024808
2024-08-26 16:00:00,63342.99,0.001009,552.9,0.008729,63.84,5.81e-06,0.3678,158.0,0.0024945
2024-08-26 20:00:00,62834.0,0.001003,548.2,0.008726,63.01,5.83e-06,0.3661,157.12,0.0025002
2024-08-27 00:00:00,62970.0,0.001006,552.8,0.008777,63.35,5.84e-06,0.368,158.53,0.0025179
2024-08-27 04:00:00,62902.31,0.001007,555.7,0.008835,63.29,5.86e-06,0.3684,157.72,0.0025076
2024-08-27 08:00:00,62417.0,0.001009,551.0,0.008825,62.93,5.83e-06,0.3636,154.26,0.0024711
2024-08-27 12:00:00,61709.13,0.001021,552.2,0.008946,62.96,5.87e-06,0.3626,153.75,0.0024922
2024-08-27 16:00:00,62102.01,0.001024,550.2,0.00886,63.53,5.87e-06,0.3644,154.98,0.0024956
2024-08-27 20:00:00,59415.0,0.001016,533.3,0.008976,60.38,5.89e-06,0.3503,146.79,0.0024705
2024-08-28 00:00:00,59629.01,0.001019,537.7,0.009019,60.8,5.91e-06,0.3524,148.17,0.002485
2024-08-28 04:00:00,58600.98,0.001024,532.7,0.00909,60.07,5.92e-06,0.3468,143.97,0.0024565
2024-08-28 08:00:00,59935.0,0.001027,543.6,0.009069,61.55,5.97e-06,0.3579,147.16,0.0024554
2024-08-28 12:00:00,59000.0,0.00103,533.4,0.009043,60.82,5.96e-06,0.3514,144.11,0.0024428
2024-08-28 16:00:00,58898.85,0.001041,534.1,0.009069,61.27,5.97e-06,0.3519,144.26,0.0024497
2024-08-28 20:00:00,59034.9,0.001047,537.0,0.009095,61.82,5.93e-06,0.3502,143.95,0.0024379
2024-08-29 00:00:00,59141.1,0.001051,540.4,0.009136,62.2,6e-06,0.3552,143.32,0.002423
2024-08-29 04:00:00,59583.88,0.001049,541.2,0.009084,62.51,6.01e-06,0.3582,144.66,0.0024281
2024-08-29 08:00:00,60067.06,0.001035,543.7,0.009051,62.18,6e-06,0.3606,145.63,0.0024242
2024-08-29 12:00:00,60779.99,0.001043,541.7,0.008909,63.4,6e-06,0.3646,146.06,0.0024035
2024-08-29 16:00:00,59258.0,0.001065,535.9,0.009041,63.13,5.98e-06,0.3542,140.28,0.0023671
2024-08-29 20:00:00,59359.01,0.001053,536.4,0.009035,62.47,6.03e-06,0.3578,140.0,0.0023585
2024-08-30 00:00:00,59032.01,0.001053,530.1,0.008979,62.19,6.03e-06,0.3558,138.75,0.0023501
2024-08-30 04:00:00,59271.1,0.001079,533.2,0.008992,63.98,5.99e-06,0.3555,139.02,0.0023452
2024-08-30 08:00:00,59396.0,0.00107,538.4,0.009062,63.56,5.92e-06,0.3513,138.66,0.0023343
2024-08-30 12:00:00,58094.99,0.001063,523.9,0.009016,61.78,5.85e-06,0.34,133.32,0.0022951
2024-08-30 16:00:00,58700.02,0.001101,531.6,0.009054,64.6,5.88e-06,0.3455,135.98,0.0023164
2024-08-30 20:00:00,59123.99,0.001099,535.2,0.009051,64.94,5.87e-06,0.3469,137.99,0.0023339
2024-08-31 00:00:00,59232.01,0.00111,537.3,0.009071,65.78,5.86e-06,0.3475,138.29,0.0023349
2024-08-31 04:00:00,59095.0,0.001112,535.6,0.009064,65.66,5.88e-06,0.3478,137.59,0.0023283
2024-08-31 08:00:00,59120.99,0.001112,536.6,0.009078,65.73,5.89e-06,0.3481,137.01,0.0023173
2024-08-31 12:00:00,59006.54,0.00111,535.8,0.009081,65.52,5.91e-06,0.3492,136.63,0.0023155
2024-08-31 16:00:00,58856.0,0.001106,533.5,0.009065,65.05,5.89e-06,0.3468,134.97,0.0022931
2024-08-31 20:00:00,58973.99,0.001102,532.9,0.009036,64.97,5.85e-06,0.345,135.35,0.0022951
2024-09-01 00:00:00,58524.21,0.001101,526.8,0.009002,64.43,5.89e-06,0.3448,134.07,0.0022909
2024-09-01 04:00:00,58478.64,0.001101,522.3,0.008933,64.37,5.89e-06,0.3446,132.81,0.0022712
2024-09-01 08:00:00,58240.52,0.001103,519.0,0.008914,64.25,5.9e-06,0.3432,131.91,0.002265
2024-09-01 12:00:00,58217.0,0.001106,520.9,0.008943,64.37,5.84e-06,0.3403,134.29,0.0023064
2024-09-01 16:00:00,58514.0,0.001104,520.2,0.008891,64.63,5.81e-06,0.3397,135.23,0.0023117
2024-09-01 20:00:00,57301.86,0.00111,512.4,0.008942,63.59,5.78e-06,0.3311,128.5,0.0022431
2024-09-02 00:00:00,57742.01,0.0011,515.2,0.008921,63.51,5.74e-06,0.3316,130.21,0.0022545
2024-09-02 04:00:00,57547.99,0.001092,503.1,0.008744,62.87,5.66e-06,0.3259,127.66,0.0022175
2024-09-02 08:00:00,58422.01,0.001094,519.1,0.008885,63.92,5.72e-06,0.3339,131.83,0.0022562
2024-09-02 12:00:00,58537.99,0.001099,522.2,0.008919,64.32,5.67e-06,0.3325,132.54,0.0022645
2024-09-02 16:00:00,58439.99,0.001112,522.2,0.008936,64.97,5.66e-06,0.3309,133.05,0.0022764
2024-09-02 20:00:00,59132.13,0.001105,526.3,0.008901,65.33,5.68e-06,0.3362,134.94,0.002282
2024-09-03 00:00:00,59110.99,0.001118,534.1,0.009036,66.08,5.66e-06,0.3351,135.51,0.0022925
2024-09-03 04:00:00,59112.0,0.001118,535.0,0.009053,66.07,5.64e-06,0.3334,134.6,0.0022771
2024-09-03 08:00:00,59072.0,0.001115,535.9,0.009073,65.83,5.59e-06,0.3302,134.36,0.002275
2024-09-03 12:00:00,57725.0,0.001125,522.0,0.009042,64.89,5.54e-06,0.3204,129.8,0.0022483
2024-09-03 16:00:00,58046.0,0.001123,524.4,0.009035,65.19,5.59e-06,0.3249,130.95,0.0022555
2024-09-03 20:00:00,57487.73,0.001119,518.7,0.009023,64.36,5.53e-06,0.3185,127.54,0.0022188
2024-09-04 00:00:00,56653.98,0.001144,512.6,0.00905,64.83,5.58e-06,0.3157,127.7,0.0022541
2024-09-04 04:00:00,56746.0,0.001153,510.2,0.008993,65.42,5.66e-06,0.3212,130.3,0.002296
2024-09-04 08:00:00,56573.0,0.001155,499.0,0.00882,65.33,5.62e-06,0.3175,128.43,0.0022704
2024-09-04 12:00:00,58134.0,0.001132,508.9,0.008754,65.8,5.6e-06,0.326,133.83,0.002302
2024-09-04 16:00:00,58058.01,0.00113,509.5,0.008776,65.59,5.56e-06,0.3231,133.19,0.0022944
2024-09-04 20:00:00,57970.9,0.001129,507.6,0.008758,65.42,5.57e-06,0.3231,133.64,0.0023052
2024-09-05 00:00:00,57135.42,0.001142,504.0,0.008824,65.22,5.61e-06,0.32,131.6,0.002303
2024-09-05 04:00:00,57155.1,0.001194,506.7,0.008864,68.3,5.66e-06,0.324,133.1,0.0023285
2024-09-05 08:00:00,56698.01,0.001169,504.5,0.008897,66.27,5.78e-06,0.3274,132.83,0.0023428
2024-09-05 12:00:00,55976.01,0.001164,501.3,0.008956,65.21,5.82e-06,0.3258,130.61,0.0023332
2024-09-05 16:00:00,56060.01,0.001161,499.5,0.008907,65.12,5.75e-06,0.3219,128.44,0.002291
2024-09-05 20:00:00,56180.0,0.001177,502.4,0.008941,66.08,5.79e-06,0.3251,129.41,0.0023039
2024-09-06 00:00:00,56588.0,0.001177,505.4,0.008931,66.56,5.79e-06,0.3278,130.7,0.0023097
2024-09-06 04:00:00,55804.29,0.001169,501.4,0.008984,65.22,5.74e-06,0.3199,128.09,0.0022958
2024-09-06 08:00:00,55999.09,0.001169,504.1,0.009003,65.44,5.74e-06,0.3217,130.24,0.002326
2024-09-06 12:00:00,54045.01,0.001184,492.5,0.009108,63.97,5.88e-06,0.3174,128.09,0.0023695
2024-09-06 16:00:00,53534.28,0.00118,482.3,0.009009,63.16,5.85e-06,0.3132,125.14,0.002338
2024-09-06 20:00:00,53962.97,0.001168,487.2,0.009028,63.05,5.84e-06,0.3148,125.05,0.0023169
2024-09-07 00:00:00,53818.91,0.001186,486.4,0.009037,63.82,5.92e-06,0.3184,125.17,0.0023256
2024-09-07 04:00:00,54286.0,0.001177,495.4,0.009122,63.89,5.97e-06,0.3235,127.62,0.002351
2024-09-07 08:00:00,54326.0,0.001167,492.7,0.00907,63.4,5.96e-06,0.3235,126.99,0.0023378
2024-09-07 12:00:00,54780.0,0.001149,497.9,0.009087,62.99,5.92e-06,0.3243,128.84,0.0023522
2024-09-07 16:00:00,54404.01,0.001151,495.8,0.009115,62.6,6.01e-06,0.3271,128.31,0.0023594
2024-09-07 20:00:00,54160.86,0.001147,493.5,0.009112,62.07,6.01e-06,0.3253,127.71,0.0023585
2024-09-08 00:00:00,54402.99,0.001139,496.6,0.009125,61.95,6.08e-06,0.3304,128.28,0.002358
2024-09-08 04:00:00,54436.25,0.00114,502.9,0.009238,62.09,6.15e-06,0.3346,129.59,0.0023805
2024-09-08 08:00:00,54556.08,0.001136,501.4,0.009192,61.93,6.22e-06,0.3389,130.08,0.0023845
2024-09-08 12:00:00,53687.0,0.001129,491.7,0.009157,60.63,6.19e-06,0.3321,126.74,0.0023605
2024-09-08 16:00:00,54337.01,0.001117,495.4,0.009118,60.7,6.19e-06,0.3362,128.71,0.002369
2024-09-08 20:00:00,54869.95,0.00111,503.1,0.00917,60.95,6.18e-06,0.339,130.15,0.0023711
2024-09-09 00:00:00,55115.0,0.001096,505.1,0.009164,60.38,6.26e-06,0.3446,128.59,0.0023332
2024-09-09 04:00:00,54974.01,0.001104,507.0,0.00922,60.68,6.23e-06,0.342,129.31,0.0023521
2024-09-09 08:00:00,55264.87,0.001095,505.3,0.009143,60.5,6.17e-06,0.3409,129.44,0.0023419
2024-09-09 12:00:00,55386.0,0.001085,506.1,0.009139,60.1,6.17e-06,0.3417,128.41,0.0023181
2024-09-09 16:00:00,57089.54,0.001076,520.1,0.009113,61.46,6.03e-06,0.3447,134.98,0.002364
2024-09-09 20:00:00,57042.0,0.001077,518.7,0.009092,61.42,6.01e-06,0.3435,135.08,0.0023676
2024-09-10 00:00:00,56524.74,0.001072,514.4,0.009101,60.59,5.99e-06,0.3391,132.91,0.002351
2024-09-10 04:00:00,57218.57,0.001069,520.2,0.009089,61.14,5.98e-06,0.3423,134.96,0.002359
2024-09-10 08:00:00,57228.0,0.001065,521.1,0.009108,60.91,6.01e-06,0.3438,135.23,0.0023632
2024-09-10 12:00:00,56596.0,0.001072,514.2,0.009084,60.67,6.03e-06,0.3412,134.14,0.0023704
2024-09-10 16:00:00,57952.01,0.001064,521.9,0.009005,61.62,5.93e-06,0.3436,136.65,0.0023583
2024-09-10 20:00:00,57635.99,0.001068,517.0,0.00897,61.51,5.96e-06,0.3431,135.63,0.0023533
2024-09-11 00:00:00,56819.55,0.00108,514.7,0.009058,61.38,5.98e-06,0.3397,133.65,0.0023512
2024-09-11 04:00:00,56712.0,0.001084,514.1,0.009064,61.48,6e-06,0.3399,132.45,0.002335
2024-09-11 08:00:00,56797.99,0.001078,515.0,0.009068,61.24,5.93e-06,0.3367,132.0,0.002324
2024-09-11 12:00:00,56701.23,0.001083,518.0,0.009132,61.4,5.95e-06,0.3376,131.17,0.0023132
2024-09-11 16:00:00,57585.5,0.001078,533.1,0.009259,62.07,6.03e-06,0.3476,132.7,0.002304
2024-09-11 20:00:00,57338.0,0.001084,530.1,0.009246,62.19,6.16e-06,0.3532,132.42,0.002309
2024-09-12 00:00:00,58232.72,0.001072,542.9,0.009324,62.38,6.1e-06,0.355,135.62,0.0023298
2024-09-12 04:00:00,58138.16,0.001067,541.9,0.009321,62.01,6.13e-06,0.3562,134.9,0.0023205
2024-09-12 08:00:00,58057.99,0.001065,544.9,0.009386,61.83,6.17e-06,0.3576,134.79,0.0023216
2024-09-12 12:00:00,57512.03,0.001082,535.4,0.009307,62.2,6.19e-06,0.3557,133.56,0.0023221
2024-09-12 16:00:00,58388.0,0.001082,541.6,0.009276,63.11,6.07e-06,0.3542,135.74,0.0023246
2024-09-12 20:00:00,58132.32,0.001081,544.5,0.009365,62.84,6.13e-06,0.3564,136.05,0.0023405
2024-09-13 00:00:00,57845.97,0.00108,542.7,0.009383,62.5,6.12e-06,0.354,134.44,0.0023241
2024-09-13 04:00:00,58109.31,0.001085,542.7,0.009337,63.06,6.14e-06,0.357,134.58,0.0023154
2024-09-13 08:00:00,57871.1,0.001094,546.0,0.009433,63.35,6.09e-06,0.3529,132.58,0.0022913
2024-09-13 12:00:00,59667.38,0.001089,553.6,0.009283,64.93,6.1e-06,0.364,136.59,0.0022896
2024-09-13 16:00:00,59743.99,0.00108,554.5,0.009282,64.51,6.01e-06,0.3589,138.04,0.0023106
2024-09-13 20:00:00,60498.0,0.001073,556.4,0.009195,64.91,5.96e-06,0.3606,139.02,0.0022984
2024-09-14 00:00:00,60329.37,0.001083,556.2,0.00922,65.32,5.95e-06,0.359,139.43,0.0023109
2024-09-14 04:00:00,60138.14,0.001087,554.0,0.009207,65.35,5.97e-06,0.3593,137.51,0.0022865
2024-09-14 08:00:00,59706.39,0.001102,551.3,0.009232,65.78,5.92e-06,0.3537,136.79,0.002291
2024-09-14 12:00:00,59876.0,0.001112,551.0,0.009202,66.55,5.93e-06,0.3546,137.39,0.0022946
2024-09-14 16:00:00,59810.0,0.001104,551.1,0.009213,66.03,5.9e-06,0.3528,136.58,0.0022835
2024-09-14 20:00:00,59993.03,0.001099,553.3,0.009224,65.91,5.9e-06,0.3539,137.14,0.0022862
2024-09-15 00:00:00,60155.93,0.001091,552.9,0.009191,65.66,5.89e-06,0.3543,137.45,0.0022851
2024-09-15 04:00:00,60196.0,0.001083,555.0,0.009218,65.2,5.9e-06,0.3557,137.16,0.0022785
2024-09-15 08:00:00,60000.51,0.001078,554.6,0.009243,64.66,5.82e-06,0.3492,135.61,0.0022595
2024-09-15 12:00:00,60335.41,0.001069,561.2,0.009302,64.51,5.78e-06,0.3487,135.76,0.0022497
2024-09-15 16:00:00,59878.22,0.001073,556.8,0.009299,64.27,5.72e-06,0.342,133.46,0.0022288
2024-09-15 20:00:00,59132.0,0.00107,553.4,0.009359,63.24,5.72e-06,0.3385,131.37,0.0022224
2024-09-16 00:00:00,58575.09,0.001076,545.3,0.009308,63.06,5.71e-06,0.3346,130.62,0.0022298
2024-09-16 04:00:00,58911.1,0.001074,550.4,0.009344,63.29,5.71e-06,0.3367,131.25,0.0022282
2024-09-16 08:00:00,58663.99,0.001076,547.5,0.00933,63.13,5.67e-06,0.3327,131.89,0.0022487
2024-09-16 12:00:00,57881.69,0.001084,535.4,0.009249,62.78,5.72e-06,0.331,131.46,0.0022716
2024-09-16 16:00:00,57943.99,0.001078,532.8,0.009197,62.44,5.68e-06,0.3295,131.13,0.002263
2024-09-16 20:00:00,58213.99,0.001075,533.7,0.009167,62.62,5.67e-06,0.3303,131.47,0.002258
2024-09-17 00:00:00,58060.0,0.001089,535.0,0.009215,63.2,5.72e-06,0.3324,131.12,0.0022584
2024-09-17 04:00:00,58695.39,0.001077,538.5,0.009176,63.25,5.69e-06,0.3337,132.25,0.0022536
2024-09-17 08:00:00,59080.99,0.001058,543.0,0.00919,62.48,5.61e-06,0.3313,131.95,0.0022333
2024-09-17 12:00:00,61135.5,0.001045,550.1,0.009001,63.88,5.58e-06,0.3407,134.67,0.0022025
2024-09-17 16:00:00,59967.99,0.001055,545.2,0.009091,63.23,5.56e-06,0.3336,132.23,0.0022051
2024-09-17 20:00:00,60313.99,0.001057,546.2,0.009056,63.77,5.54e-06,0.3338,131.54,0.0021811
2024-09-18 00:00:00,60509.99,0.00106,547.4,0.009048,64.17,5.57e-06,0.3366,131.68,0.0021765
2024-09-18 04:00:00,60428.01,0.001061,545.5,0.009028,64.12,5.52e-06,0.3339,131.35,0.0021735
2024-09-18 08:00:00,59846.0,0.00106,540.0,0.009022,63.42,5.52e-06,0.3307,129.42,0.002162
2024-09-18 12:00:00,59429.18,0.001054,538.2,0.009057,62.66,5.52e-06,0.3285,127.67,0.0021483
2024-09-18 16:00:00,60057.99,0.001065,545.1,0.009075,63.95,5.56e-06,0.3342,129.49,0.0021555
2024-09-18 20:00:00,61759.99,0.00105,559.5,0.009059,64.84,5.58e-06,0.3441,134.34,0.0021744
2024-09-19 00:00:00,62117.99,0.001046,560.1,0.009017,64.94,5.61e-06,0.349,138.01,0.0022216
2024-09-19 04:00:00,62093.99,0.001052,557.1,0.008975,65.27,5.59e-06,0.3477,138.56,0.0022315
2024-09-19 08:00:00,62645.44,0.001048,558.6,0.008917,65.65,5.57e-06,0.3492,139.48,0.0022265
2024-09-19 12:00:00,63154.04,0.001034,565.3,0.008951,65.35,5.57e-06,0.352,142.96,0.0022638
2024-09-19 16:00:00,63251.99,0.001038,566.0,0.008948,65.63,5.57e-06,0.3526,143.04,0.0022618
2024-09-19 20:00:00,62947.99,0.001039,567.0,0.009006,65.4,5.57e-06,0.351,142.89,0.0022695
2024-09-20 00:00:00,63742.16,0.001034,571.6,0.008964,65.95,5.63e-06,0.3588,144.66,0.0022691
2024-09-20 04:00:00,63524.8,0.001043,573.6,0.009028,66.23,5.66e-06,0.3596,151.04,0.0023771
2024-09-20 08:00:00,63440.0,0.001039,569.9,0.008985,65.94,5.62e-06,0.3565,150.58,0.0023736
2024-09-20 12:00:00,63153.99,0.001029,569.8,0.009023,64.97,5.61e-06,0.3547,147.88,0.0023411
2024-09-20 16:00:00,62809.13,0.001047,566.7,0.009022,65.81,5.59e-06,0.3517,146.67,0.0023351
2024-09-20 20:00:00,63201.05,0.001034,569.0,0.009003,65.33,5.58e-06,0.3522,146.66,0.002321
2024-09-21 00:00:00,62889.57,0.001038,567.8,0.009027,65.31,5.64e-06,0.3549,145.97,0.0023218
2024-09-21 04:00:00,63091.02,0.001041,582.6,0.009234,65.72,5.61e-06,0.3542,147.45,0.0023367
2024-09-21 08:00:00,63089.77,0.001041,580.3,0.009198,65.67,5.6e-06,0.3537,147.21,0.002333
2024-09-21 12:00:00,63167.98,0.001056,583.7,0.009239,66.65,5.62e-06,0.3558,147.64,0.0023371
2024-09-21 16:00:00,63203.59,0.001059,585.1,0.009256,66.95,5.64e-06,0.3564,147.38,0.0023315
2024-09-21 20:00:00,63348.96,0.001056,588.6,0.009293,66.84,5.65e-06,0.3584,149.41,0.0023589
2024-09-22 00:00:00,63106.0,0.001067,584.1,0.009256,67.35,5.63e-06,0.3552,148.09,0.0023462
2024-09-22 04:00:00,62936.0,0.001068,584.6,0.009287,67.17,5.61e-06,0.3535,147.17,0.002338
2024-09-22 08:00:00,62784.0,0.001071,581.4,0.009262,67.24,5.61e-06,0.3523,144.87,0.0023074
2024-09-22 12:00:00,62652.12,0.001067,580.6,0.009266,66.86,5.55e-06,0.3477,143.13,0.002285
2024-09-22 16:00:00,63160.0,0.001072,585.9,0.009276,67.75,5.55e-06,0.3505,144.68,0.0022903
2024-09-22 20:00:00,63578.76,0.001081,588.7,0.009257,68.68,5.53e-06,0.3517,144.63,0.0022749
2024-09-23 00:00:00,64354.0,0.001067,596.8,0.009273,68.68,5.54e-06,0.3571,147.73,0.0022958
2024-09-23 04:00:00,63548.82,0.001066,591.2,0.009302,67.68,5.56e-06,0.3532,145.52,0.0022894
2024-09-23 08:00:00,63435.04,0.001059,592.4,0.00934,67.15,5.57e-06,0.3537,143.57,0.0022635
2024-09-23 12:00:00,63618.0,0.001066,600.6,0.00944,67.81,5.6e-06,0.3566,144.21,0.0022675
2024-09-23 16:00:00,63298.56,0.001063,612.0,0.009667,67.28,5.7e-06,0.3611,143.31,0.0022645
2024-09-23 20:00:00,63339.99,0.001057,604.5,0.009546,66.96,5.74e-06,0.3637,144.79,0.0022856
2024-09-24 00:00:00,63124.0,0.001055,606.5,0.009605,66.62,5.74e-06,0.3623,146.63,0.0023229
2024-09-24 04:00:00,63559.92,0.00105,602.2,0.009472,66.74,5.8e-06,0.3684,147.19,0.0023159
2024-09-24 08:00:00,63478.34,0.00105,603.8,0.009512,66.67,5.82e-06,0.3694,146.46,0.0023073
2024-09-24 12:00:00,63159.99,0.001041,606.3,0.009601,65.76,5.89e-06,0.372,145.52,0.0023043
2024-09-24 16:00:00,64292.34,0.001038,609.4,0.009478,66.8,6.04e-06,0.3884,148.24,0.002306
2024-09-24 20:00:00,64262.7,0.001037,605.9,0.009429,66.7,6.04e-06,0.3878,152.73,0.0023763
2024-09-25 00:00:00,64460.0,0.001039,607.1,0.009418,66.99,6.06e-06,0.3905,152.0,0.0023579
2024-09-25 04:00:00,63843.33,0.001037,596.1,0.009337,66.25,5.97e-06,0.3813,149.77,0.0023458
2024-09-25 08:00:00,63838.01,0.001042,596.7,0.009345,66.5,5.99e-06,0.3828,150.98,0.002365
2024-09-25 12:00:00,63495.66,0.001062,593.2,0.009344,67.36,6.03e-06,0.3834,150.42,0.0023691
2024-09-25 16:00:00,63181.5,0.001059,587.0,0.009292,66.93,6.06e-06,0.3833,149.99,0.002374
2024-09-25 20:00:00,63152.01,0.001054,587.4,0.009302,66.55,6.04e-06,0.3809,147.98,0.0023433
2024-09-26 00:00:00,63514.34,0.001046,587.9,0.009256,66.46,6.07e-06,0.3856,149.22,0.002349
2024-09-26 04:00:00,63852.07,0.001057,595.8,0.009335,67.52,6.2e-06,0.3956,151.81,0.0023775
2024-09-26 08:00:00,64393.99,0.00105,595.3,0.009246,67.56,6.17e-06,0.3967,152.91,0.002374
2024-09-26 12:00:00,65229.03,0.001046,601.4,0.00922,68.22,6.16e-06,0.4017,157.11,0.0024085
2024-09-26 16:00:00,64711.06,0.001053,593.0,0.009163,68.18,6.14e-06,0.3978,155.51,0.0024035
2024-09-26 20:00:00,65173.99,0.001051,596.3,0.009151,68.54,6.16e-06,0.4014,155.55,0.0023867
2024-09-27 00:00:00,65366.01,0.001056,604.5,0.009248,68.97,6.27e-06,0.4096,155.72,0.0023815
2024-09-27 04:00:00,65460.02,0.001052,604.0,0.009225,68.88,6.23e-06,0.4079,157.47,0.0024054
2024-09-27 08:00:00,65437.35,0.001069,608.5,0.009297,69.9,6.15e-06,0.4027,156.08,0.0023851
2024-09-27 12:00:00,66006.01,0.001061,608.9,0.009226,70.09,6.13e-06,0.4045,159.03,0.0024092
2024-09-27 16:00:00,65657.99,0.001075,605.5,0.009221,70.64,6.1e-06,0.4009,157.59,0.0024004
2024-09-27 20:00:00,65769.95,0.001081,606.8,0.009228,71.13,6.11e-06,0.4017,157.64,0.0023969
2024-09-28 00:00:00,66063.76,0.001081,612.2,0.009266,71.42,6.12e-06,0.4039,158.65,0.002401
2024-09-28 04:00:00,65824.01,0.001069,602.4,0.009154,70.41,6.03e-06,0.397,156.39,0.0023758
2024-09-28 08:00:00,65798.01,0.001061,602.2,0.009152,69.85,6.09e-06,0.4009,157.17,0.0023885
2024-09-28 12:00:00,65619.13,0.001063,601.0,0.009158,69.77,6.12e-06,0.4016,156.87,0.0023906
2024-09-28 16:00:00,65724.0,0.001061,600.2,0.009132,69.73,6.1e-06,0.401,156.88,0.0023865
2024-09-28 20:00:00,65858.0,0.001062,601.1,0.009126,69.95,6.08e-06,0.4006,156.75,0.0023799
2024-09-29 00:00:00,65815.92,0.001057,600.4,0.009122,69.59,6.08e-06,0.4003,157.83,0.0023981
2024-09-29 04:00:00,65477.01,0.00105,593.4,0.009066,68.74,6.02e-06,0.3942,155.48,0.0023744
2024-09-29 08:00:00,65691.92,0.001051,597.3,0.009092,69.01,6.05e-06,0.3972,156.75,0.0023861
2024-09-29 12:00:00,65751.34,0.001063,596.9,0.009079,69.85,6.09e-06,0.4004,157.28,0.0023919
2024-09-29 16:00:00,65958.82,0.001064,599.6,0.009091,70.21,6.11e-06,0.4037,159.42,0.0024165
2024-09-29 20:00:00,65602.01,0.001056,595.6,0.009078,69.27,6.06e-06,0.3975,158.46,0.0024157
2024-09-30 00:00:00,64553.68,0.001051,578.0,0.008954,67.86,6.04e-06,0.3897,156.19,0.00242
2024-09-30 04:00:00,64562.01,0.001056,582.2,0.009017,68.25,6.05e-06,0.3905,156.86,0.0024295
2024-09-30 08:00:00,63819.44,0.001054,574.8,0.009007,67.26,6.04e-06,0.3853,155.6,0.0024381
2024-09-30 12:00:00,63561.41,0.001048,571.2,0.00899,66.62,5.96e-06,0.3784,154.16,0.0024258
2024-09-30 16:00:00,63488.0,0.001061,572.6,0.009021,67.32,5.97e-06,0.3792,155.06,0.0024422
2024-09-30 20:00:00,63327.59,0.001056,567.4,0.008959,66.82,5.9e-06,0.3733,152.49,0.0024088
2024-10-01 00:00:00,63723.48,0.001066,576.9,0.009051,67.9,5.99e-06,0.382,155.09,0.0024341
2024-10-01 04:00:00,64045.92,0.001065,581.1,0.009077,68.21,5.99e-06,0.3841,156.79,0.002448
2024-10-01 08:00:00,63734.0,0.001069,577.4,0.009061,68.11,6.03e-06,0.3843,156.46,0.0024552
2024-10-01 12:00:00,62628.85,0.001043,561.5,0.008965,65.29,5.86e-06,0.3664,149.61,0.0023883
2024-10-01 16:00:00,61755.99,0.00103,548.8,0.008887,63.66,5.72e-06,0.3532,145.42,0.0023553
2024-10-01 20:00:00,60805.78,0.001042,547.3,0.008999,63.41,5.79e-06,0.352,145.13,0.002387
2024-10-02 00:00:00,61750.47,0.001042,554.5,0.008979,64.3,5.86e-06,0.3619,147.21,0.0023845
2024-10-02 04:00:00,61727.4,0.001045,556.3,0.009011,64.54,5.82e-06,0.3592,147.75,0.0023944
2024-10-02 08:00:00,61164.01,0.001042,546.8,0.00894,63.73,5.73e-06,0.3506,146.14,0.0023894
2024-10-02 12:00:00,61874.01,0.001031,549.4,0.008879,63.77,5.69e-06,0.3519,147.46,0.0023838
2024-10-02 16:00:00,60190.01,0.001047,539.3,0.008957,62.98,5.64e-06,0.3392,139.98,0.0023253
2024-10-02 20:00:00,60649.28,0.001038,542.5,0.008945,62.95,5.66e-06,0.3432,140.18,0.0023115
2024-10-03 00:00:00,61463.99,0.001041,549.9,0.008946,63.95,5.69e-06,0.3492,142.88,0.0023246
2024-10-03 04:00:00,60926.0,0.00104,545.3,0.00895,63.32,5.62e-06,0.3426,139.9,0.0022964
2024-10-03 08:00:00,60764.74,0.001035,538.4,0.008859,62.87,5.58e-06,0.3392,136.85,0.0022523
2024-10-03 12:00:00,60641.5,0.001035,541.4,0.008928,62.77,5.59e-06,0.3391,135.58,0.002236
2024-10-03 16:00:00,61036.0,0.001038,545.8,0.008942,63.37,5.61e-06,0.3427,137.31,0.0022503
2024-10-03 20:00:00,60752.71,0.001044,544.8,0.008966,63.44,5.68e-06,0.3453,136.82,0.0022521
2024-10-04 00:00:00,60951.99,0.001051,546.8,0.008968,64.05,5.66e-06,0.3455,137.33,0.0022531
2024-10-04 04:00:00,61443.64,0.001048,550.6,0.008961,64.39,5.7e-06,0.3499,139.56,0.0022713
2024-10-04 08:00:00,61449.84,0.001048,553.4,0.009004,64.32,5.75e-06,0.3533,140.1,0.0022808
2024-10-04 12:00:00,61873.04,0.001044,553.7,0.008948,64.56,5.71e-06,0.353,142.43,0.0023022
2024-10-04 16:00:00,62368.0,0.001045,557.3,0.008932,65.14,5.66e-06,0.3534,143.89,0.0023065
2024-10-04 20:00:00,62086.0,0.001047,555.3,0.008946,64.95,5.66e-06,0.3517,143.24,0.0023058
2024-10-05 00:00:00,61861.99,0.001049,553.6,0.008947,64.91,5.66e-06,0.3497,141.83,0.0022928
2024-10-05 04:00:00,62076.19,0.00105,561.9,0.009052,65.18,5.73e-06,0.3555,143.8,0.0023169
2024-10-05 08:00:00,62180.0,0.001054,561.4,0.009028,65.51,5.68e-06,0.3531,143.45,0.0023069
2024-10-05 12:00:00,62167.66,0.001064,564.2,0.009076,66.15,5.68e-06,0.353,142.9,0.0022985
2024-10-05 16:00:00,61848.48,0.00106,560.6,0.009066,65.52,5.63e-06,0.348,142.16,0.0022986
2024-10-05 20:00:00,62058.0,0.001068,563.0,0.009071,66.29,5.66e-06,0.351,142.59,0.0022979
2024-10-06 00:00:00,61878.66,0.001072,561.9,0.009082,66.31,5.64e-06,0.3488,142.69,0.0023056
2024-10-06 04:00:00,61949.01,0.001081,562.5,0.009081,66.96,5.64e-06,0.3492,142.97,0.0023082
2024-10-06 08:00:00,62101.92,0.001087,562.6,0.009058,67.51,5.62e-06,0.3494,144.02,0.0023193
2024-10-06 12:00:00,62720.01,0.001074,567.3,0.009045,67.35,5.63e-06,0.3535,146.0,0.0023274
2024-10-06 16:00:00,62631.38,0.001073,565.8,0.009035,67.23,5.66e-06,0.3547,145.42,0.0023218
2024-10-06 20:00:00,62819.91,0.001068,570.3,0.009078,67.02,5.69e-06,0.3575,146.48,0.002332
2024-10-07 00:00:00,63530.51,0.001066,573.4,0.009025,67.68,5.75e-06,0.3654,149.94,0.0023602
2024-10-07 04:00:00,63531.99,0.001062,576.1,0.009068,67.41,5.7e-06,0.3626,148.02,0.0023297
2024-10-07 08:00:00,63135.44,0.001053,571.9,0.009056,66.47,5.67e-06,0.3578,147.43,0.0023345
2024-10-07 12:00:00,63651.6,0.001035,575.7,0.009042,65.9,5.62e-06,0.3583,148.71,0.0023363
2024-10-07 16:00:00,63382.0,0.001035,572.5,0.009036,65.64,5.63e-06,0.3572,147.09,0.0023202
2024-10-07 20:00:00,62224.0,0.001041,564.3,0.009068,64.77,5.64e-06,0.3512,143.96,0.0023134
2024-10-08 00:00:00,62629.8,0.001042,569.8,0.009097,65.26,5.68e-06,0.3557,144.71,0.0023102
2024-10-08 04:00:00,62319.99,0.001044,563.4,0.009042,65.07,5.65e-06,0.3521,143.08,0.0022964
2024-10-08 08:00:00,62624.01,0.001048,577.1,0.009212,65.58,5.61e-06,0.3518,144.49,0.0023069
2024-10-08 12:00:00,62288.01,0.001052,578.1,0.009281,65.55,5.54e-06,0.345,142.8,0.0022922
2024-10-08 16:00:00,62245.53,0.001056,585.5,0.009406,65.68,5.53e-06,0.3442,143.74,0.0023089
2024-10-08 20:00:00,62160.49,0.001056,580.8,0.009344,65.69,5.54e-06,0.3448,143.49,0.0023083
2024-10-09 00:00:00,62394.07,0.001052,576.5,0.009238,65.61,5.54e-06,0.3451,143.94,0.002307
2024-10-09 04:00:00,62276.78,0.001057,582.4,0.009351,65.79,5.53e-06,0.3445,143.17,0.0022992
2024-10-09 08:00:00,62200.0,0.001056,583.3,0.009374,65.69,5.51e-06,0.3427,143.2,0.002302
2024-10-09 12:00:00,62316.0,0.001048,581.0,0.009324,65.27,5.51e-06,0.3436,142.83,0.0022915
2024-10-09 16:00:00,61031.98,0.001062,571.8,0.009368,64.87,5.57e-06,0.3397,141.12,0.0023115
2024-10-09 20:00:00,60636.02,0.001066,570.7,0.009409,64.59,5.6e-06,0.3396,139.33,0.0022975
2024-10-10 00:00:00,60865.29,0.001066,569.4,0.009356,64.89,5.59e-06,0.3399,139.89,0.0022974
2024-10-10 04:00:00,60900.0,0.001062,570.2,0.009363,64.69,5.55e-06,0.3376,139.69,0.0022943
2024-10-10 08:00:00,61262.0,0.001052,570.6,0.009314,64.46,5.53e-06,0.3392,140.44,0.0022923
2024-10-10 12:00:00,60789.36,0.00106,565.6,0.009303,64.41,5.55e-06,0.3376,138.67,0.0022807
2024-10-10 16:00:00,59727.28,0.001075,559.6,0.009372,64.18,5.63e-06,0.3365,138.11,0.0023125
2024-10-10 20:00:00,60326.39,0.001066,563.9,0.009344,64.32,5.63e-06,0.3396,139.03,0.0023054
2024-10-11 00:00:00,60614.0,0.001073,564.0,0.009305,65.0,5.62e-06,0.3409,140.83,0.0023234
2024-10-11 04:00:00,60674.69,0.001065,560.5,0.009237,64.6,5.69e-06,0.3449,141.17,0.0023267
2024-10-11 08:00:00,61174.87,0.001065,567.8,0.009284,65.14,5.66e-06,0.3461,141.97,0.0023214
2024-10-11 12:00:00,62259.05,0.00105,571.9,0.009186,65.4,5.62e-06,0.3502,144.41,0.0023194
2024-10-11 16:00:00,63086.01,0.001042,574.2,0.009104,65.77,5.61e-06,0.3532,145.45,0.0023054
2024-10-11 20:00:00,62540.0,0.001048,573.6,0.009174,65.58,5.63e-06,0.3517,145.53,0.0023273
2024-10-12 00:00:00,62568.0,0.001042,576.6,0.009216,65.21,5.62e-06,0.3515,145.14,0.0023197
2024-10-12 04:00:00,62767.57,0.001052,575.3,0.009163,65.96,5.64e-06,0.3533,145.58,0.0023189
2024-10-12 08:00:00,62936.91,0.001054,576.4,0.009157,66.34,5.64e-06,0.3545,146.26,0.0023241
2024-10-12 12:00:00,63157.49,0.001051,575.9,0.009119,66.37,5.61e-06,0.3545,146.09,0.0023127
2024-10-12 16:00:00,63000.01,0.001052,577.5,0.009164,66.25,5.59e-06,0.3525,146.79,0.00233
2024-10-12 20:00:00,63206.22,0.001047,576.6,0.009121,66.19,5.59e-06,0.3532,146.4,0.0023163
2024-10-13 00:00:00,62712.31,0.001045,573.1,0.00914,65.53,5.66e-06,0.355,145.3,0.002317
2024-10-13 04:00:00,62843.48,0.001045,574.2,0.009135,65.68,5.7e-06,0.3588,146.42,0.0023298
2024-10-13 08:00:00,62561.33,0.001041,572.3,0.009147,65.08,5.63e-06,0.352,146.47,0.0023416
2024-10-13 12:00:00,62229.31,0.00104,566.9,0.009111,64.68,5.55e-06,0.3455,145.34,0.0023356
2024-10-13 16:00:00,62734.32,0.001031,570.8,0.009101,64.7,5.54e-06,0.3474,146.03,0.002328
2024-10-13 20:00:00,62870.02,0.001031,572.2,0.0091,64.8,5.55e-06,0.3486,147.74,0.0023503
2024-10-14 00:00:00,64299.99,0.001019,580.6,0.009032,65.52,5.53e-06,0.3559,152.51,0.0023723
2024-10-14 04:00:00,64620.87,0.001015,580.5,0.008984,65.56,5.5e-06,0.3556,153.04,0.0023685
2024-10-14 08:00:00,64920.06,0.001015,581.0,0.00895,65.91,5.47e-06,0.3558,153.16,0.002359
2024-10-14 12:00:00,65870.0,0.001017,588.2,0.00893,66.94,5.52e-06,0.3633,156.71,0.0023793
2024-10-14 16:00:00,65939.4,0.001015,588.7,0.008928,66.87,5.51e-06,0.3639,155.66,0.0023606
2024-10-14 20:00:00,66083.99,0.001012,589.1,0.008917,66.83,5.49e-06,0.3643,157.59,0.0023845
2024-10-15 00:00:00,65400.0,0.001022,584.7,0.008943,66.85,5.51e-06,0.3598,155.46,0.0023772
2024-10-15 04:00:00,65638.74,0.001019,584.7,0.008905,66.88,5.47e-06,0.3595,155.13,0.0023628
2024-10-15 08:00:00,65399.69,0.00101,585.3,0.00895,66.05,5.43e-06,0.3551,152.41,0.0023302
2024-10-15 12:00:00,66022.0,0.001004,589.2,0.008924,66.26,5.38e-06,0.3556,153.29,0.0023221
2024-10-15 16:00:00,66970.18,0.001041,594.6,0.008876,69.73,5.34e-06,0.3575,155.16,0.0023165
2024-10-15 20:00:00,67074.14,0.001057,594.5,0.008865,70.87,5.35e-06,0.3591,154.76,0.0023049
2024-10-16 00:00:00,67095.98,0.001066,593.9,0.008853,71.58,5.3e-06,0.3556,154.23,0.0022988
2024-10-16 04:00:00,66972.53,0.001059,591.0,0.008827,70.86,5.26e-06,0.3522,153.67,0.0022939
2024-10-16 08:00:00,67894.72,0.001054,599.3,0.008825,71.54,5.3e-06,0.3591,155.88,0.0022958
2024-10-16 12:00:00,67749.99,0.001032,595.4,0.00879,69.92,5.22e-06,0.3538,155.71,0.0022978
2024-10-16 16:00:00,67728.0,0.001038,601.6,0.00888,70.27,5.22e-06,0.3534,154.35,0.0022795
2024-10-16 20:00:00,67620.01,0.001037,600.9,0.008887,70.08,5.21e-06,0.3521,154.28,0.0022811
2024-10-17 00:00:00,67601.4,0.001049,604.1,0.008936,70.82,5.22e-06,0.353,154.62,0.0022871
2024-10-17 04:00:00,67303.18,0.001056,597.0,0.008872,71.06,5.17e-06,0.3484,152.61,0.0022675
2024-10-17 08:00:00,66872.43,0.001057,590.3,0.008829,70.74,5.14e-06,0.3435,151.31,0.0022624
2024-10-17 12:00:00,67590.66,0.001069,594.1,0.008792,72.22,5.17e-06,0.349,152.89,0.0022621
2024-10-17 16:00:00,66840.0,0.001093,588.8,0.00881,73.03,5.13e-06,0.3431,149.38,0.0022352
2024-10-17 20:00:00,67421.78,0.00108,592.9,0.008792,72.8,5.09e-06,0.3432,150.5,0.0022324
2024-10-18 00:00:00,67555.4,0.001082,594.1,0.008795,73.12,5.12e-06,0.3463,151.88,0.0022479
2024-10-18 04:00:00,67969.7,0.001064,597.7,0.008796,72.26,5.11e-06,0.3478,153.89,0.0022645
2024-10-18 08:00:00,67702.0,0.001063,595.0,0.008788,71.94,5.12e-06,0.3463,153.0,0.0022595
2024-10-18 12:00:00,68735.35,0.001066,600.7,0.008741,73.25,5.08e-06,0.3494,154.72,0.0022507
2024-10-18 16:00:00,68608.01,0.001073,599.5,0.008737,73.66,5.07e-06,0.3483,154.84,0.0022568
2024-10-18 20:00:00,68428.0,0.001069,599.2,0.008755,73.11,5.12e-06,0.3507,154.94,0.002264
2024-10-19 00:00:00,68450.01,0.001078,599.0,0.008751,73.75,5.19e-06,0.3549,154.56,0.0022582
2024-10-19 04:00:00,68346.54,0.001089,597.7,0.008746,74.42,5.17e-06,0.3532,154.56,0.0022612
2024-10-19 08:00:00,68090.3,0.001099,596.9,0.008767,74.84,5.14e-06,0.3495,153.83,0.0022593
2024-10-19 12:00:00,68226.93,0.0011,596.9,0.008749,74.97,5.15e-06,0.3517,156.51,0.0022941
2024-10-19 16:00:00,68181.98,0.001104,597.2,0.008756,75.22,5.12e-06,0.3497,156.37,0.0022932
2024-10-19 20:00:00,68378.0,0.001095,597.7,0.008745,74.9,5.14e-06,0.3513,159.79,0.0023361
2024-10-20 00:00:00,68188.0,0.0011,594.7,0.008721,75.03,5.13e-06,0.3498,159.03,0.0023327
2024-10-20 04:00:00,68378.0,0.001085,597.6,0.008739,74.14,5.13e-06,0.3507,158.78,0.0023228
2024-10-20 08:00:00,68420.01,0.001097,596.6,0.00872,75.07,5.16e-06,0.353,159.2,0.0023269
2024-10-20 12:00:00,68625.99,0.00109,599.1,0.008731,74.85,5.24e-06,0.3597,160.01,0.0023316
2024-10-20 16:00:00,68508.29,0.001082,598.4,0.008735,74.17,5.25e-06,0.36,160.38,0.0023416
2024-10-20 20:00:00,69031.99,0.001076,605.9,0.008777,74.3,5.29e-06,0.3649,167.4,0.0024245
2024-10-21 00:00:00,68939.99,0.001069,604.4,0.008768,73.71,5.31e-06,0.3667,169.51,0.0024582
2024-10-21 04:00:00,68514.0,0.00107,609.1,0.00889,73.31,5.35e-06,0.3662,168.64,0.0024614
2024-10-21 08:00:00,68238.01,0.00106,609.1,0.008924,72.36,5.3e-06,0.362,166.42,0.0024381
2024-10-21 12:00:00,67341.02,0.00106,595.8,0.00885,71.39,5.32e-06,0.358,165.27,0.0024543
2024-10-21 16:00:00,67763.0,0.001049,599.3,0.008846,71.04,5.3e-06,0.3595,167.81,0.0024758
2024-10-21 20:00:00,67377.5,0.00105,598.8,0.008885,70.77,5.35e-06,0.3609,166.17,0.0024662
2024-10-22 00:00:00,67390.02,0.001053,598.4,0.008879,70.93,5.41e-06,0.3642,166.45,0.0024698
2024-10-22 04:00:00,67402.0,0.00105,595.0,0.008827,70.72,5.43e-06,0.3657,167.11,0.0024789
2024-10-22 08:00:00,67299.15,0.001046,596.2,0.008858,70.42,5.38e-06,0.3618,167.88,0.0024949
2024-10-22 12:00:00,67282.27,0.001037,596.8,0.008868,69.74,5.4e-06,0.3632,167.78,0.0024944
2024-10-22 16:00:00,67482.98,0.001034,594.4,0.008808,69.77,5.39e-06,0.3637,168.48,0.0024966
2024-10-22 20:00:00,67426.0,0.001038,593.8,0.008805,70.04,5.41e-06,0.3645,167.59,0.0024854
2024-10-23 00:00:00,67082.1,0.00103,590.5,0.0088,69.14,5.41e-06,0.3631,165.51,0.002467
2024-10-23 04:00:00,66852.34,0.001033,584.1,0.008735,69.06,5.46e-06,0.3648,165.74,0.0024786
2024-10-23 08:00:00,66414.0,0.001037,582.3,0.008769,68.9,5.33e-06,0.3541,166.41,0.0025054
2024-10-23 12:00:00,66223.44,0.001043,579.8,0.008756,69.09,5.29e-06,0.3502,168.13,0.0025391
2024-10-23 16:00:00,66472.0,0.001049,582.2,0.008759,69.73,5.27e-06,0.3496,173.02,0.0026022
2024-10-23 20:00:00,66668.65,0.00105,584.9,0.008772,70.04,5.24e-06,0.3497,170.85,0.0025627
2024-10-24 00:00:00,67213.16,0.001041,590.4,0.008783,69.97,5.23e-06,0.3514,174.14,0.0025912
2024-10-24 04:00:00,67123.08,0.00104,590.6,0.008798,69.76,5.15e-06,0.3457,173.56,0.0025854
2024-10-24 08:00:00,67285.99,0.001039,591.2,0.008785,69.89,5.1e-06,0.3427,173.85,0.0025834
2024-10-24 12:00:00,67701.22,0.001047,592.4,0.008749,70.93,5.08e-06,0.3434,175.43,0.002592
2024-10-24 16:00:00,68309.79,0.001041,594.5,0.008705,71.08,5.11e-06,0.3485,177.4,0.0025977
2024-10-24 20:00:00,68198.28,0.001044,594.5,0.008716,71.18,5.08e-06,0.3465,177.19,0.0025982
2024-10-25 00:00:00,68008.0,0.001049,594.9,0.008749,71.34,5.07e-06,0.3445,174.68,0.0025684
2024-10-25 04:00:00,67531.97,0.001055,588.4,0.008715,71.25,5.03e-06,0.3392,171.9,0.0025453
2024-10-25 08:00:00,68105.79,0.001053,592.6,0.008702,71.77,5.04e-06,0.3431,173.65,0.0025499
2024-10-25 12:00:00,67690.01,0.001064,590.0,0.008716,72.0,5.05e-06,0.342,172.45,0.0025475
2024-10-25 16:00:00,66850.0,0.001061,585.2,0.008755,70.91,5.03e-06,0.3364,167.95,0.002513
2024-10-25 20:00:00,66698.33,0.001032,575.3,0.008625,68.84,4.89e-06,0.3261,164.9,0.0024731
2024-10-26 00:00:00,66914.0,0.001035,578.6,0.00865,69.37,4.95e-06,0.3316,165.64,0.0024755
2024-10-26 04:00:00,67007.99,0.001029,579.7,0.008653,68.97,4.96e-06,0.3322,167.35,0.0024975
2024-10-26 08:00:00,67138.0,0.001026,584.3,0.008703,68.87,4.92e-06,0.3307,168.65,0.0025121
2024-10-26 12:00:00,66886.49,0.001022,580.8,0.008685,68.38,4.87e-06,0.3256,168.63,0.0025209
2024-10-26 16:00:00,67177.99,0.00102,585.3,0.008715,68.53,4.94e-06,0.332,171.52,0.002553
2024-10-26 20:00:00,67092.76,0.001021,583.4,0.008694,68.47,4.97e-06,0.3337,170.88,0.0025464
2024-10-27 00:00:00,67289.57,0.001028,585.7,0.008705,69.11,4.96e-06,0.3338,172.14,0.0025584
2024-10-27 04:00:00,67204.01,0.001025,585.0,0.008704,68.91,4.96e-06,0.3337,173.27,0.0025782
2024-10-27 08:00:00,67128.04,0.001037,582.9,0.008683,69.71,4.98e-06,0.3337,174.02,0.0025929
2024-10-27 12:00:00,67791.99,0.001044,587.4,0.008666,70.74,5.01e-06,0.3398,175.77,0.0025934
2024-10-27 16:00:00,67850.0,0.001045,587.2,0.008654,70.91,5.01e-06,0.3395,177.21,0.002612
2024-10-27 20:00:00,68021.7,0.001045,589.2,0.008664,71.06,5e-06,0.3399,176.63,0.0025972
2024-10-28 00:00:00,67727.59,0.001043,587.1,0.008667,70.64,4.92e-06,0.3334,175.74,0.0025948
2024-10-28 04:00:00,68415.52,0.00104,591.6,0.008648,71.19,4.92e-06,0.3365,175.69,0.0025679
2024-10-28 08:00:00,68753.78,0.001029,594.7,0.00865,70.65,4.93e-06,0.339,176.95,0.0025738
2024-10-28 12:00:00,68494.2,0.001021,590.7,0.008624,69.9,4.87e-06,0.3335,173.39,0.0025318
2024-10-28 16:00:00,69629.98,0.001013,596.4,0.008566,70.55,4.92e-06,0.3423,176.42,0.0025332
2024-10-28 20:00:00,69962.21,0.001012,601.1,0.008591,70.8,4.91e-06,0.3437,178.29,0.0025483
2024-10-29 00:00:00,70938.14,0.001017,605.4,0.008536,72.19,4.92e-06,0.3491,181.81,0.0025623
2024-10-29 04:00:00,71017.97,0.001019,604.0,0.008508,72.39,4.89e-06,0.3474,180.16,0.0025365
2024-10-29 08:00:00,71452.01,0.001014,606.7,0.00849,72.45,4.86e-06,0.348,180.8,0.0025308
2024-10-29 12:00:00,72402.01,0.001012,609.9,0.008426,73.26,4.84e-06,0.3504,180.61,0.0024945
2024-10-29 16:00:00,72536.16,0.001007,603.7,0.008323,73.01,4.87e-06,0.3528,178.17,0.0024565
2024-10-29 20:00:00,72736.42,0.001017,606.3,0.008337,73.98,4.89e-06,0.3561,179.42,0.0024667
2024-10-30 00:00:00,72234.0,0.001016,602.8,0.008343,73.37,4.97e-06,0.359,180.09,0.0024931
2024-10-30 04:00:00,72227.99,0.001003,602.2,0.008336,72.46,4.94e-06,0.3566,178.69,0.0024742
2024-10-30 08:00:00,71983.99,0.000995,595.8,0.008279,71.6,4.88e-06,0.3519,175.71,0.0024406
2024-10-30 12:00:00,72061.34,0.001003,597.1,0.008285,72.28,4.93e-06,0.3546,173.93,0.0024139
2024-10-30 16:00:00,71822.01,0.001001,597.4,0.008316,71.95,4.95e-06,0.3551,174.29,0.0024265
2024-10-30 20:00:00,72344.74,0.000992,595.6,0.008231,71.76,4.91e-06,0.355,174.87,0.0024178
2024-10-31 00:00:00,72353.74,0.000991,592.6,0.008188,71.7,4.95e-06,0.3577,174.35,0.0024093
2024-10-31 04:00:00,72417.19,0.000979,587.6,0.008115,70.99,4.92e-06,0.3557,174.5,0.0024096
2024-10-31 08:00:00,72226.0,0.000988,586.7,0.008122,71.32,4.97e-06,0.3589,175.0,0.0024231
2024-10-31 12:00:00,70620.0,0.000996,580.7,0.008221,70.31,4.89e-06,0.3448,170.65,0.0024163
2024-10-31 16:00:00,70092.07,0.00098,573.2,0.008178,68.74,4.86e-06,0.3409,168.7,0.0024068
2024-10-31 20:00:00,70292.01,0.000987,576.6,0.0082,69.33,4.86e-06,0.3418,168.69,0.0023992
2024-11-01 00:00:00,69369.99,0.000997,578.8,0.008344,69.17,4.9e-06,0.3401,167.15,0.0024096
2024-11-01 04:00:00,69273.7,0.000984,574.7,0.008296,68.15,4.94e-06,0.3428,165.96,0.0023955
2024-11-01 08:00:00,70002.01,0.00099,577.4,0.008248,69.35,4.96e-06,0.3474,167.88,0.0023985
2024-11-01 12:00:00,69387.77,0.00101,572.1,0.008245,70.07,5.08e-06,0.3524,164.09,0.002365
2024-11-01 16:00:00,69268.0,0.001011,571.9,0.008256,70.05,5.1e-06,0.3532,166.6,0.0024049
2024-11-01 20:00:00,69496.01,0.001012,573.1,0.008243,70.27,5.14e-06,0.3575,166.1,0.0023894
2024-11-02 00:00:00,69599.99,0.001015,575.1,0.008262,70.69,5.19e-06,0.3611,167.0,0.0023993
2024-11-02 04:00:00,69813.91,0.001012,576.3,0.008255,70.59,5.12e-06,0.3569,167.64,0.002401
2024-11-02 08:00:00,69608.0,0.001017,573.1,0.008234,70.75,5.14e-06,0.3583,166.04,0.0023853
2024-11-02 12:00:00,69393.17,0.001005,566.8,0.008164,69.7,5.11e-06,0.3544,163.82,0.002361
2024-11-02 16:00:00,69510.0,0.000997,569.9,0.008197,69.29,5.07e-06,0.3518,165.15,0.0023761
2024-11-02 20:00:00,69374.74,0.000998,568.6,0.008198,69.2,5.02e-06,0.3482,166.17,0.0023957
2024-11-03 00:00:00,68379.89,0.000992,562.2,0.008221,67.85,4.99e-06,0.3405,161.94,0.0023685
2024-11-03 04:00:00,68397.42,0.000997,563.7,0.00824,68.18,4.98e-06,0.3408,163.53,0.002391
2024-11-03 08:00:00,68358.86,0.000983,557.4,0.008156,67.21,4.91e-06,0.3355,163.62,0.0023939
2024-11-03 12:00:00,68090.9,0.000968,551.8,0.008104,65.93,4.9e-06,0.3333,159.99,0.0023496
2024-11-03 16:00:00,68679.0,0.00097,557.1,0.008113,66.62,4.86e-06,0.3338,161.06,0.0023449
2024-11-03 20:00:00,68775.99,0.000972,557.7,0.008112,66.86,4.85e-06,0.3341,162.53,0.0023625
2024-11-04 00:00:00,69047.86,0.000973,562.6,0.008146,67.22,4.83e-06,0.3334,162.82,0.0023582
2024-11-04 04:00:00,68618.0,0.000966,558.91,0.008147,66.37,4.82e-06,0.3304,161.41,0.0023525
2024-11-04 08:00:00,68792.71,0.000974,560.06,0.008141,66.97,4.84e-06,0.3329,164.08,0.0023854
2024-11-04 12:00:00,68646.01,0.000974,559.72,0.008154,66.86,4.78e-06,0.3282,163.03,0.002375
2024-11-04 16:00:00,67856.0,0.000978,552.72,0.008145,66.31,4.83e-06,0.3283,159.59,0.0023522
2024-11-04 20:00:00,67850.01,0.000966,552.5,0.008142,65.56,4.81e-06,0.3263,157.95,0.0023279
2024-11-05 00:00:00,68243.0,0.000973,555.19,0.008136,66.38,4.84e-06,0.3302,159.66,0.0023395
2024-11-05 04:00:00,68893.99,0.000973,560.53,0.008137,67.03,4.81e-06,0.3313,162.04,0.0023521
2024-11-05 08:00:00,68810.03,0.000959,559.2,0.008126,66.0,4.81e-06,0.3315,162.39,0.0023597
2024-11-05 12:00:00,69639.99,0.00095,564.4,0.008108,66.12,4.79e-06,0.3339,165.94,0.0023825
2024-11-05 16:00:00,68995.99,0.000942,560.24,0.008122,65.08,4.78e-06,0.3298,164.09,0.002378
2024-11-05 20:00:00,69372.01,0.000943,563.21,0.008119,65.39,4.81e-06,0.3336,166.62,0.0024019
2024-11-06 00:00:00,74348.53,0.000928,581.59,0.007821,68.94,4.82e-06,0.3584,184.94,0.0024867
2024-11-06 04:00:00,73370.89,0.000949,583.69,0.007956,69.58,4.9e-06,0.3595,183.83,0.002505
2024-11-06 08:00:00,74272.01,0.000945,581.84,0.007834,70.26,4.82e-06,0.3582,186.72,0.0025135
2024-11-06 12:00:00,74298.0,0.000938,583.1,0.007849,69.77,4.76e-06,0.3533,185.51,0.0024972
2024-11-06 16:00:00,75823.55,0.000921,588.18,0.007757,69.85,4.72e-06,0.3574,188.36,0.0024845
2024-11-06 20:00:00,75571.99,0.00094,592.22,0.007835,71.01,4.8e-06,0.363,186.59,0.002469
2024-11-07 00:00:00,75048.01,0.000949,604.68,0.008058,71.24,4.97e-06,0.3733,189.08,0.0025198
2024-11-07 04:00:00,74757.58,0.000943,595.75,0.00797,70.55,4.93e-06,0.3688,188.01,0.002515
2024-11-07 08:00:00,74746.0,0.000947,592.28,0.007926,70.73,4.95e-06,0.3698,186.04,0.0024893
2024-11-07 12:00:00,76059.69,0.000939,597.9,0.00786,71.39,5.11e-06,0.3884,192.66,0.002533
2024-11-07 16:00:00,76530.39,0.00094,598.99,0.007827,71.87,5.14e-06,0.3933,197.0,0.0025738
2024-11-07 20:00:00,75857.89,0.000942,598.26,0.007885,71.45,5.36e-06,0.4065,196.35,0.0025883
2024-11-08 00:00:00,75890.79,0.000937,596.65,0.007863,71.08,5.56e-06,0.4218,198.15,0.0026113
2024-11-08 04:00:00,76148.49,0.000935,598.95,0.007866,71.18,5.62e-06,0.4279,200.38,0.0026315
2024-11-08 08:00:00,75934.46,0.000939,595.88,0.007848,71.25,5.73e-06,0.4349,203.06,0.0026735
2024-11-08 12:00:00,76427.72,0.000949,597.33,0.007816,72.49,5.89e-06,0.4501,200.99,0.0026296
2024-11-08 16:00:00,76912.58,0.000944,597.49,0.007768,72.65,5.77e-06,0.4438,199.55,0.0025946
2024-11-08 20:00:00,76509.78,0.000952,597.82,0.007811,72.78,5.81e-06,0.4447,199.85,0.0026123
2024-11-09 00:00:00,76341.47,0.000953,635.4,0.008321,72.74,5.63e-06,0.4295,198.97,0.0026064
2024-11-09 04:00:00,76529.08,0.000956,628.95,0.008219,73.17,5.68e-06,0.435,200.26,0.0026168
2024-11-09 08:00:00,76487.11,0.000963,625.71,0.00818,73.67,5.77e-06,0.4415,202.18,0.0026435
2024-11-09 12:00:00,76319.9,0.000948,616.54,0.008081,72.35,5.73e-06,0.4376,198.4,0.0025994
2024-11-09 16:00:00,76204.92,0.000945,615.98,0.008082,72.03,5.77e-06,0.4395,197.75,0.0025952
2024-11-09 20:00:00,76677.46,0.000965,624.66,0.008145,73.98,6.47e-06,0.4967,199.89,0.0026066
2024-11-10 00:00:00,77205.96,0.000977,627.66,0.00813,75.41,6.9e-06,0.5328,201.42,0.0026091
2024-11-10 04:00:00,78832.37,0.000965,629.53,0.007987,76.07,7.41e-06,0.5843,205.06,0.0026011
2024-11-10 08:00:00,79844.01,0.000967,641.53,0.008033,77.27,7.35e-06,0.5874,206.59,0.0025875
2024-11-10 12:00:00,79694.03,0.000974,639.91,0.008029,77.66,7.52e-06,0.599,212.23,0.0026634
2024-11-10 16:00:00,79748.99,0.00096,629.3,0.00789,76.56,7.68e-06,0.6126,208.47,0.0026137
2024-11-10 20:00:00,80370.01,0.000952,627.33,0.007805,76.58,7.34e-06,0.5901,210.07,0.0026136
2024-11-11 00:00:00,81612.23,0.000945,637.61,0.007813,77.17,7.33e-06,0.5982,210.0,0.0025731
2024-11-11 04:00:00,81109.1,0.000932,615.99,0.007594,75.57,7.07e-06,0.5734,208.01,0.0025647
2024-11-11 08:00:00,82134.0,0.000935,626.1,0.007622,76.8,7.27e-06,0.5968,217.62,0.002649
2024-11-11 12:00:00,84059.54,0.000933,625.85,0.007445,78.48,7.15e-06,0.6011,219.0,0.0026056
2024-11-11 16:00:00,86102.21,0.000909,635.17,0.007375,78.34,6.94e-06,0.5972,217.82,0.0025295
2024-11-11 20:00:00,88647.99,0.000903,659.63,0.007441,80.03,6.91e-06,0.6132,222.13,0.0025054
2024-11-12 00:00:00,88047.46,0.000899,653.81,0.007425,79.16,6.73e-06,0.5931,220.64,0.0025054
2024-11-12 04:00:00,88983.35,0.000895,648.57,0.007288,79.64,6.87e-06,0.6113,221.84,0.0024926
2024-11-12 08:00:00,87155.55,0.000882,626.52,0.007188,76.92,6.72e-06,0.5852,211.13,0.0024232
2024-11-12 12:00:00,86632.0,0.000873,625.44,0.00722,75.7,6.58e-06,0.5708,210.53,0.0024306
2024-11-12 16:00:00,88704.28,0.000866,628.3,0.007082,76.75,6.5e-06,0.5765,213.17,0.0024028
2024-11-12 20:00:00,87952.01,0.000872,625.33,0.00711,76.69,6.5e-06,0.5709,211.64,0.0024066
2024-11-13 00:00:00,87136.0,0.000846,606.1,0.006957,73.75,6.15e-06,0.5352,203.18,0.0023323
2024-11-13 04:00:00,87356.0,0.000841,607.52,0.006954,73.47,6.11e-06,0.534,205.22,0.002349
2024-11-13 08:00:00,87669.39,0.000838,610.08,0.00696,73.46,6.14e-06,0.5378,207.71,0.0023694
2024-11-13 12:00:00,92540.01,0.000827,628.82,0.006793,76.55,6.44e-06,0.5952,216.4,0.0023384
2024-11-13 16:00:00,90193.51,0.000824,612.01,0.006787,74.28,6.32e-06,0.5699,210.87,0.0023385
2024-11-13 20:00:00,90375.2,0.000834,620.68,0.006868,75.39,6.4e-06,0.5783,215.13,0.0023805
2024-11-14 00:00:00,89937.02,0.000927,626.51,0.006965,83.32,6.37e-06,0.5727,219.44,0.0024402
2024-11-14 04:00:00,90769.42,0.000906,659.82,0.007267,82.28,6.4e-06,0.581,218.12,0.0024031
2024-11-14 08:00:00,91491.86,0.00088,632.48,0.006914,80.46,6.21e-06,0.5679,216.04,0.0023611
2024-11-14 12:00:00,87947.99,0.000894,628.18,0.007143,78.62,6.23e-06,0.5482,210.84,0.0023968
2024-11-14 16:00:00,89463.99,0.000923,637.37,0.007125,82.64,6.32e-06,0.565,215.62,0.0024098
2024-11-14 20:00:00,87325.59,0.000943,622.3,0.00713,82.38,6.64e-06,0.5792,209.57,0.0024
2024-11-15 00:00:00,88218.21,0.000926,623.5,0.007067,81.71,6.74e-06,0.5943,209.02,0.0023698
2024-11-15 04:00:00,87612.0,0.000929,615.26,0.007023,81.46,6.73e-06,0.5897,209.18,0.0023875
2024-11-15 08:00:00,89741.25,0.000944,624.19,0.006955,84.73,6.84e-06,0.6135,213.58,0.0023797
2024-11-15 12:00:00,88445.41,0.000934,606.84,0.00686,82.56,7.32e-06,0.6472,208.32,0.0023556
2024-11-15 16:00:00,90377.89,0.000917,612.62,0.006779,82.86,7.51e-06,0.6779,212.38,0.00235
2024-11-15 20:00:00,91032.07,0.000919,619.37,0.006802,83.7,7.77e-06,0.7071,218.45,0.0023995
2024-11-16 00:00:00,91252.03,0.00092,624.67,0.006845,84.0,8.17e-06,0.7459,221.35,0.0024257
2024-11-16 04:00:00,91117.53,0.000955,623.26,0.006841,86.94,7.97e-06,0.7254,218.91,0.002403
2024-11-16 08:00:00,91169.69,0.000972,630.5,0.006916,88.64,8.26e-06,0.7524,218.9,0.0024011
2024-11-16 12:00:00,90521.2,0.000981,623.39,0.006886,88.86,8.23e-06,0.7454,215.03,0.0023753
2024-11-16 16:00:00,91100.24,0.00106,629.79,0.006913,96.59,8.33e-06,0.7588,216.27,0.0023743
2024-11-16 20:00:00,90586.92,0.001054,622.69,0.006875,95.42,8.19e-06,0.7416,215.71,0.0023806
2024-11-17 00:00:00,90247.86,0.001007,614.2,0.006804,90.87,7.92e-06,0.7149,221.37,0.0024524
2024-11-17 04:00:00,90550.8,0.001004,638.7,0.007053,90.87,7.93e-06,0.7178,237.23,0.0026196
2024-11-17 08:00:00,90684.19,0.00096,628.51,0.00693,87.01,7.81e-06,0.708,234.81,0.0025899
2024-11-17 12:00:00,90260.01,0.000979,624.8,0.006924,88.4,8.04e-06,0.7254,233.96,0.002592
2024-11-17 16:00:00,90044.0,0.000959,619.91,0.006886,86.4,7.95e-06,0.7162,235.4,0.0026136
2024-11-17 20:00:00,89855.99,0.00097,618.9,0.006885,87.2,7.81e-06,0.7026,237.47,0.0026429
2024-11-18 00:00:00,90668.58,0.001044,628.1,0.006928,94.62,8.14e-06,0.737,244.18,0.002692
2024-11-18 04:00:00,91719.9,0.001021,626.43,0.006823,93.6,8.3e-06,0.7612,242.05,0.0026395
2024-11-18 08:00:00,90275.13,0.001,615.87,0.006821,90.32,8.13e-06,0.7346,242.5,0.0026856
2024-11-18 12:00:00,92309.51,0.00098,624.25,0.006762,90.36,8.29e-06,0.7649,243.33,0.0026352
2024-11-18 16:00:00,90608.26,0.000965,616.61,0.006807,87.44,8.13e-06,0.7364,236.28,0.0026085
2024-11-18 20:00:00,90464.08,0.000986,618.93,0.006841,89.22,8.1e-06,0.7325,239.79,0.002651
2024-11-19 00:00:00,91428.0,0.000978,618.41,0.006766,89.42,8.23e-06,0.7527,240.61,0.0026318
2024-11-19 04:00:00,91620.01,0.000975,617.5,0.006741,89.32,8.24e-06,0.755,243.32,0.0026558
2024-11-19 08:00:00,91652.02,0.00096,618.24,0.006743,88.02,8.05e-06,0.7379,246.07,0.0026843
2024-11-19 12:00:00,92391.99,0.000945,615.13,0.006657,87.26,7.9e-06,0.7296,240.58,0.0026044
2024-11-19 16:00:00,93227.87,0.000937,616.17,0.00661,87.35,8e-06,0.7462,243.54,0.0026126
2024-11-19 20:00:00,92310.79,0.000939,615.5,0.006672,86.68,8e-06,0.7387,237.63,0.0025748
2024-11-20 00:00:00,92039.99,0.000923,611.01,0.006637,85.02,8.36e-06,0.7702,233.81,0.00254
2024-11-20 04:00:00,92850.38,0.000921,612.79,0.006602,85.5,8.5e-06,0.789,235.94,0.0025413
2024-11-20 08:00:00,93454.65,0.000921,612.18,0.00655,86.18,8.84e-06,0.8258,237.55,0.0025422
2024-11-20 12:00:00,94739.97,0.000913,615.12,0.006491,86.48,8.81e-06,0.8349,238.37,0.0025161
2024-11-20 16:00:00,94000.0,0.000887,604.34,0.006431,83.42,8.5e-06,0.7987,233.0,0.0024785
2024-11-20 20:00:00,94286.56,0.000885,605.39,0.006421,83.38,8.48e-06,0.8003,235.48,0.0024966
2024-11-21 00:00:00,95798.12,0.000875,601.97,0.006283,84.0,8.1e-06,0.776,235.82,0.002462
2024-11-21 04:00:00,96912.01,0.000929,612.49,0.00632,90.1,8.11e-06,0.785,241.47,0.002491
2024-11-21 08:00:00,97974.99,0.000916,609.74,0.006224,89.74,8.02e-06,0.7858,239.97,0.0024495
2024-11-21 12:00:00,96672.0,0.000914,616.72,0.00638,88.38,8.06e-06,0.7791,248.86,0.002575
2024-11-21 16:00:00,97829.83,0.000906,624.58,0.006383,88.7,8.13e-06,0.796,253.93,0.0025951
2024-11-21 20:00:00,98317.12,0.000911,621.86,0.006325,89.51,8.35e-06,0.8218,256.37,0.002608
2024-11-22 00:00:00,98836.5,0.000911,635.41,0.00643,90.0,8.8e-06,0.8705,262.48,0.0026559
2024-11-22 04:00:00,99173.7,0.000899,627.39,0.006325,89.22,8.63e-06,0.8554,259.22,0.0026131
2024-11-22 08:00:00,98870.38,0.000931,625.18,0.006324,91.99,9.25e-06,0.9139,259.26,0.0026222
2024-11-22 12:00:00,98664.0,0.00091,624.6,0.00633,89.91,9.38e-06,0.9262,256.38,0.0025979
2024-11-22 16:00:00,99079.74,0.000915,621.93,0.006276,90.84,9.76e-06,0.9675,254.04,0.0025631
2024-11-22 20:00:00,98892.0,0.000932,633.0,0.006401,92.2,1.029e-05,1.0175,256.9,0.0025977
2024-11-23 00:00:00,98666.67,0.001025,644.58,0.006532,101.09,1.107e-05,1.0921,257.2,0.0026069
2024-11-23 04:00:00,98560.85,0.001027,664.07,0.006738,101.3,1.111e-05,1.0943,258.26,0.0026207
2024-11-23 08:00:00,98429.99,0.001048,663.02,0.006738,103.14,1.103e-05,1.0849,256.14,0.0026018
2024-11-23 12:00:00,98400.0,0.001046,669.54,0.006805,102.89,1.122e-05,1.1032,259.71,0.0026393
2024-11-23 16:00:00,97504.0,0.001012,653.5,0.006702,98.71,1.094e-05,1.0668,254.39,0.0026091
2024-11-23 20:00:00,97672.4,0.001018,650.42,0.006658,99.5,1.092e-05,1.0658,254.89,0.0026096
2024-11-24 00:00:00,98200.1,0.001037,659.29,0.006713,101.83,1.101e-05,1.0817,258.57,0.0026334
2024-11-24 04:00:00,98431.05,0.001033,672.81,0.006837,101.52,1.09e-05,1.0729,256.63,0.0026072
2024-11-24 08:00:00,97280.03,0.000982,651.59,0.006698,95.43,1.031e-05,1.0038,248.39,0.0025534
2024-11-24 12:00:00,95901.51,0.000963,642.42,0.006697,92.33,9.89e-06,0.9485,244.17,0.0025459
2024-11-24 16:00:00,96320.02,0.000993,650.63,0.006757,95.39,1.021e-05,0.9824,248.58,0.0025809
2024-11-24 20:00:00,97900.04,0.00099,659.65,0.006738,96.92,1.044e-05,1.0226,252.73,0.0025813
2024-11-25 00:00:00,97898.8,0.000985,658.73,0.006728,96.47,1.036e-05,1.0128,252.46,0.0025785
2024-11-25 04:00:00,98047.34,0.000991,661.19,0.006743,97.24,1.059e-05,1.0386,253.28,0.0025832
2024-11-25 08:00:00,98188.09,0.000995,664.01,0.006763,97.7,1.068e-05,1.0484,252.17,0.002568
2024-11-25 12:00:00,96000.56,0.000999,648.63,0.006756,95.89,1.049e-05,1.0065,244.97,0.002552
2024-11-25 16:00:00,94669.48,0.001005,643.41,0.006795,95.15,1.06e-05,1.0031,239.65,0.0025316
2024-11-25 20:00:00,93010.01,0.000992,636.2,0.006837,92.26,1.014e-05,0.9435,234.18,0.0025175
2024-11-26 00:00:00,94464.0,0.000996,642.79,0.006804,94.06,1.028e-05,0.9712,237.45,0.0025139
2024-11-26 04:00:00,93785.71,0.000993,641.66,0.006839,93.09,1.023e-05,0.9594,235.73,0.0025135
2024-11-26 08:00:00,92356.85,0.000977,619.97,0.006711,90.37,9.8e-06,0.9051,227.73,0.0024664
2024-11-26 12:00:00,92813.0,0.000975,614.02,0.006616,90.45,9.76e-06,0.9067,227.36,0.0024498
2024-11-26 16:00:00,91683.89,0.000984,610.1,0.006653,90.18,1.026e-05,0.9409,229.03,0.0024975
2024-11-26 20:00:00,91965.16,0.001011,613.51,0.006671,92.82,1.045e-05,0.9603,230.69,0.002509
2024-11-27 00:00:00,92588.0,0.001001,616.5,0.006658,92.66,1.025e-05,0.9483,231.51,0.0025005
2024-11-27 04:00:00,93597.16,0.00102,622.1,0.006647,95.45,1.05e-05,0.9829,234.34,0.0025034
2024-11-27 08:00:00,93367.99,0.001016,625.03,0.006695,94.82,1.078e-05,1.007,235.0,0.0025165
2024-11-27 12:00:00,95556.01,0.001017,636.5,0.006657,97.25,1.082e-05,1.0341,240.59,0.0025174
2024-11-27 16:00:00,96627.99,0.001011,638.5,0.006608,97.62,1.054e-05,1.0179,239.07,0.0024741
2024-11-27 20:00:00,95863.11,0.001014,644.14,0.00672,97.23,1.056e-05,1.0116,241.96,0.0025247
2024-11-28 00:00:00,95471.43,0.001011,652.06,0.006829,96.56,1.054e-05,1.0061,240.01,0.002514
2024-11-28 04:00:00,95299.66,0.001007,649.84,0.006818,96.05,1.046e-05,0.9966,238.02,0.0024974
2024-11-28 08:00:00,95452.01,0.000993,659.97,0.006912,94.84,1.045e-05,0.9973,236.9,0.0024816
2024-11-28 12:00:00,95007.14,0.000988,646.05,0.006802,93.91,1.028e-05,0.9771,233.06,0.0024531
2024-11-28 16:00:00,95119.48,0.001002,657.51,0.00691,95.27,1.054e-05,1.0021,235.47,0.0024756
2024-11-28 20:00:00,95643.98,0.000999,653.83,0.006836,95.54,1.079e-05,1.0321,237.59,0.0024845
2024-11-29 00:00:00,96590.36,0.000998,657.71,0.006811,96.47,1.086e-05,1.0491,241.98,0.0025053
2024-11-29 04:00:00,95625.05,0.000991,649.63,0.006794,94.8,1.094e-05,1.0455,237.65,0.0024855
2024-11-29 08:00:00,97237.91,0.001001,656.51,0.00675,97.29,1.095e-05,1.0644,245.22,0.0025214
2024-11-29 12:00:00,98019.47,0.001034,659.67,0.00673,101.47,1.097e-05,1.0752,243.5,0.0024838
2024-11-29 16:00:00,97329.73,0.001049,653.92,0.00672,102.06,1.079e-05,1.0509,241.14,0.0024774
2024-11-29 20:00:00,97460.0,0.001075,654.67,0.006717,104.77,1.103e-05,1.0755,243.33,0.0024964
2024-11-30 00:00:00,96640.02,0.001046,656.84,0.006795,101.04,1.106e-05,1.0695,242.88,0.0025132
2024-11-30 04:00:00,96783.38,0.001055,673.01,0.006954,102.1,1.168e-05,1.1297,244.23,0.0025229
2024-11-30 08:00:00,96267.99,0.001056,658.23,0.006837,101.69,1.138e-05,1.095,241.46,0.0025086
2024-11-30 12:00:00,96645.41,0.001056,656.18,0.006789,102.03,1.13e-05,1.0922,239.87,0.0024821
2024-11-30 16:00:00,97019.68,0.001055,654.8,0.006749,102.33,1.12e-05,1.0858,239.92,0.0024732
2024-11-30 20:00:00,96407.99,0.001066,653.43,0.006779,102.74,1.119e-05,1.079,237.6,0.0024647
2024-12-01 00:00:00,96336.75,0.001051,651.78,0.006766,101.29,1.091e-05,1.051,235.67,0.0024455
2024-12-01 04:00:00,96472.97,0.001051,651.0,0.006749,101.36,1.095e-05,1.0561,235.46,0.0024406
2024-12-01 08:00:00,97108.89,0.001046,658.17,0.006777,101.53,1.103e-05,1.0715,237.09,0.0024414
2024-12-01 12:00:00,97028.02,0.00112,662.28,0.006825,108.7,1.106e-05,1.0735,238.5,0.0024582
2024-12-01 16:00:00,97178.73,0.001129,658.33,0.006775,109.8,1.125e-05,1.0939,236.29,0.0024314
2024-12-01 20:00:00,97185.18,0.001231,655.99,0.006748,119.55,1.183e-05,1.1496,236.8,0.0024364
2024-12-02 00:00:00,96483.75,0.001242,650.95,0.00675,119.84,1.181e-05,1.1394,228.47,0.0023679
2024-12-02 04:00:00,95999.99,0.00129,646.79,0.006739,123.82,1.189e-05,1.1412,228.62,0.0023815
2024-12-02 08:00:00,95128.68,0.00123,633.68,0.006663,117.09,1.127e-05,1.0727,224.77,0.0023627
2024-12-02 12:00:00,97048.0,0.001269,649.66,0.006692,123.16,1.243e-05,1.2061,229.21,0.0023611
2024-12-02 16:00:00,95816.0,0.001384,638.59,0.006664,132.6,1.272e-05,1.2187,223.98,0.0023375
2024-12-02 20:00:00,95840.62,0.001386,647.82,0.006759,132.93,1.254e-05,1.2022,225.72,0.0023564
2024-12-03 00:00:00,96079.36,0.001353,651.93,0.006786,129.95,1.35e-05,1.298,227.95,0.0023734
2024-12-03 04:00:00,95550.0,0.001352,648.06,0.006784,129.22,1.327e-05,1.2687,226.92,0.0023746
2024-12-03 08:00:00,94988.01,0.001412,650.74,0.006851,134.11,1.353e-05,1.2843,225.59,0.0023749
2024-12-03 12:00:00,95682.54,0.001323,642.71,0.006718,126.59,1.252e-05,1.1974,223.22,0.0023325
2024-12-03 16:00:00,95428.6,0.001348,689.99,0.007229,128.68,1.245e-05,1.189,228.16,0.0023913
2024-12-03 20:00:00,95849.69,0.001365,734.64,0.007665,130.89,1.244e-05,1.1914,233.92,0.0024402
2024-12-04 00:00:00,95770.32,0.00135,753.36,0.007866,129.29,1.262e-05,1.2091,237.7,0.0024819
2024-12-04 04:00:00,96588.81,0.00137,764.7,0.007915,132.36,1.272e-05,1.2288,236.58,0.0024496
2024-12-04 08:00:00,96190.41,0.001344,782.05,0.00813,129.27,1.273e-05,1.2237,235.98,0.0024536
2024-12-04 12:00:00,95742.81,0.001343,755.99,0.007895,128.56,1.244e-05,1.1905,233.72,0.0024412
2024-12-04 16:00:00,97209.64,0.001303,739.4,0.007608,126.58,1.224e-05,1.1901,232.67,0.002394
2024-12-04 20:00:00,98587.32,0.001356,739.53,0.007498,133.69,1.203e-05,1.1871,229.15,0.0023242
2024-12-05 00:00:00,102964.0,0.001242,714.29,0.006938,127.76,1.148e-05,1.1821,232.93,0.0022621
2024-12-05 04:00:00,102236.1,0.001257,729.61,0.007137,128.57,1.179e-05,1.206,233.89,0.0022878
2024-12-05 08:00:00,102566.91,0.001336,737.21,0.007189,137.18,1.193e-05,1.2237,241.79,0.0023581
2024-12-05 12:00:00,101292.01,0.001419,724.25,0.007149,143.79,1.194e-05,1.2105,239.06,0.0023598
2024-12-05 16:00:00,99028.0,0.001408,716.31,0.007236,139.33,1.201e-05,1.1888,233.07,0.0023545
2024-12-05 20:00:00,96945.63,0.0014,717.1,0.007397,135.78,1.197e-05,1.1597,235.84,0.0024328
2024-12-06 00:00:00,97735.29,0.001407,729.35,0.007463,137.35,1.216e-05,1.1883,241.98,0.0024755
2024-12-06 04:00:00,98138.54,0.001377,725.25,0.007391,135.2,1.211e-05,1.1886,239.3,0.0024383
2024-12-06 08:00:00,98069.62,0.001356,718.41,0.007327,133.04,1.185e-05,1.1618,234.13,0.0023876
2024-12-06 12:00:00,99309.99,0.001335,732.5,0.007377,132.52,1.214e-05,1.2059,238.02,0.0023965
2024-12-06 16:00:00,101439.99,0.001348,738.23,0.007277,136.75,1.207e-05,1.2243,239.7,0.002363
2024-12-06 20:00:00,99740.84,0.001362,730.22,0.007321,135.93,1.231e-05,1.2278,236.87,0.0023748
2024-12-07 00:00:00,99299.63,0.00136,735.51,0.007408,134.97,1.212e-05,1.2024,234.86,0.0023647
2024-12-07 04:00:00,99405.2,0.001378,738.45,0.007429,136.94,1.217e-05,1.2094,236.21,0.0023761
2024-12-07 08:00:00,99620.0,0.001381,746.04,0.007488,137.61,1.21e-05,1.206,238.15,0.0023907
2024-12-07 12:00:00,99756.01,0.001375,755.19,0.007572,137.25,1.222e-05,1.2194,240.84,0.0024145
2024-12-07 16:00:00,100077.45,0.001335,760.33,0.007597,133.63,1.207e-05,1.2081,241.67,0.0024144
2024-12-07 20:00:00,99831.99,0.001339,749.72,0.007508,133.79,1.213e-05,1.2103,238.14,0.0023854
2024-12-08 00:00:00,99934.82,0.001341,754.01,0.007546,133.99,1.209e-05,1.2084,240.66,0.0024081
2024-12-08 04:00:00,99675.11,0.001329,747.01,0.007497,132.5,1.207e-05,1.2022,237.6,0.0023841
2024-12-08 08:00:00,99701.16,0.001332,738.3,0.007406,132.76,1.211e-05,1.2073,235.96,0.0023663
2024-12-08 12:00:00,99912.01,0.001345,740.22,0.007409,134.37,1.189e-05,1.1875,237.35,0.0023753
2024-12-08 16:00:00,100100.98,0.001333,739.9,0.00739,133.41,1.181e-05,1.182,236.51,0.0023631
2024-12-08 20:00:00,101109.59,0.001334,742.0,0.007338,134.91,1.181e-05,1.1936,237.02,0.0023441
2024-12-09 00:00:00,99090.84,0.001308,721.61,0.007283,129.58,1.174e-05,1.1636,231.83,0.0023396
2024-12-09 04:00:00,99576.51,0.001276,720.51,0.007234,127.01,1.162e-05,1.1568,231.59,0.0023259
2024-12-09 08:00:00,98088.47,0.001241,715.65,0.007295,121.78,1.125e-05,1.1034,225.99,0.0023041
2024-12-09 12:00:00,97812.0,0.00126,715.3,0.007315,123.15,1.14e-05,1.1152,224.29,0.0022932
2024-12-09 16:00:00,97070.32,0.001256,717.34,0.007389,121.88,1.141e-05,1.107,221.95,0.0022865
2024-12-09 20:00:00,97276.47,0.001136,689.19,0.007085,110.44,1.032e-05,1.0034,216.63,0.0022272
2024-12-10 00:00:00,96931.99,0.001128,685.59,0.007071,109.52,1.022e-05,0.9913,215.8,0.002226
2024-12-10 04:00:00,97196.44,0.001173,692.9,0.007131,113.99,1.045e-05,1.0152,217.34,0.0022364
2024-12-10 08:00:00,97722.52,0.001149,697.95,0.007142,112.35,1.042e-05,1.0188,216.21,0.0022121
2024-12-10 12:00:00,95658.79,0.001096,657.34,0.006872,104.9,9.91e-06,0.9487,206.55,0.0021594
2024-12-10 16:00:00,95856.5,0.001118,672.6,0.007016,107.17,1.006e-05,0.9645,212.1,0.0022125
2024-12-10 20:00:00,96593.0,0.001137,676.8,0.007007,109.8,1.058e-05,1.0215,213.6,0.0022115
2024-12-11 00:00:00,97398.43,0.001125,678.98,0.006971,109.62,1.037e-05,1.0108,219.39,0.0022525
2024-12-11 04:00:00,97334.6,0.001119,677.37,0.006957,108.94,1.022e-05,0.9953,218.44,0.0022443
2024-12-11 08:00:00,98292.61,0.001148,688.9,0.007008,112.79,1.04e-05,1.0237,224.79,0.0022873
2024-12-11 12:00:00,100361.64,0.001163,695.01,0.006927,116.72,1.09e-05,1.0945,228.38,0.0022751
2024-12-11 16:00:00,101122.71,0.00116,707.32,0.006996,117.27,1.07e-05,1.0813,229.77,0.0022724
2024-12-11 20:00:00,101125.0,0.00116,711.21,0.007033,117.3,1.075e-05,1.0868,227.29,0.0022477
2024-12-12 00:00:00,101025.87,0.001192,718.41,0.007113,120.49,1.118e-05,1.1309,230.36,0.0022796
2024-12-12 04:00:00,100499.99,0.001209,714.61,0.007111,121.56,1.152e-05,1.1575,230.01,0.0022889
2024-12-12 08:00:00,100358.42,0.0012,713.7,0.007114,120.47,1.137e-05,1.1405,229.59,0.0022876
2024-12-12 12:00:00,101797.14,0.001195,714.49,0.007018,121.7,1.119e-05,1.1381,231.3,0.0022724
2024-12-12 16:00:00,99481.32,0.001196,704.4,0.007082,118.83,1.114e-05,1.108,227.24,0.0022846
2024-12-12 20:00:00,100004.29,0.001191,705.77,0.007058,119.24,1.123e-05,1.1231,226.96,0.0022692
2024-12-13 00:00:00,99729.09,0.00122,709.31,0.007114,121.6,1.111e-05,1.1076,227.17,0.0022781
2024-12-13 04:00:00,100130.0,0.00119,701.59,0.007007,119.25,1.086e-05,1.0886,224.81,0.0022453
2024-12-13 08:00:00,100353.37,0.001201,715.62,0.007132,120.44,1.091e-05,1.0947,225.61,0.0022483
2024-12-13 12:00:00,99873.16,0.001184,708.36,0.007093,118.41,1.087e-05,1.0842,221.13,0.002214
2024-12-13 16:00:00,101462.34,0.00119,727.52,0.00717,120.8,1.087e-05,1.1035,223.28,0.0022007
2024-12-13 20:00:00,101424.25,0.001228,725.72,0.007156,124.52,1.105e-05,1.1213,224.79,0.0022165
2024-12-14 00:00:00,102088.0,0.001208,731.0,0.007161,123.21,1.093e-05,1.1164,226.23,0.0022156
2024-12-14 04:00:00,101824.0,0.001204,728.46,0.007156,122.67,1.097e-05,1.1173,225.97,0.0022191
2024-12-14 08:00:00,101583.99,0.001197,719.84,0.007086,121.44,1.081e-05,1.098,224.36,0.0022089
2024-12-14 12:00:00,101625.12,0.001181,715.47,0.007041,119.96,1.062e-05,1.0789,222.56,0.0021903
2024-12-14 16:00:00,101313.54,0.001159,710.95,0.007018,117.49,1.046e-05,1.0594,218.03,0.0021523
2024-12-14 20:00:00,101420.0,0.001166,715.79,0.007059,118.21,1.046e-05,1.061,219.93,0.0021684
2024-12-15 00:00:00,101733.82,0.001152,713.25,0.007011,117.25,1.044e-05,1.0619,219.44,0.0021571
2024-12-15 04:00:00,101732.09,0.001135,706.37,0.006945,115.4,1.031e-05,1.0489,217.27,0.0021357
2024-12-15 08:00:00,102671.44,0.001142,713.88,0.006954,117.21,1.051e-05,1.0781,218.41,0.0021274
2024-12-15 12:00:00,102704.01,0.001169,716.49,0.006976,120.07,1.058e-05,1.0874,220.88,0.0021506
2024-12-15 16:00:00,103252.95,0.001153,719.17,0.006965,118.99,1.053e-05,1.0866,221.24,0.0021427
2024-12-15 20:00:00,104463.99,0.001159,718.87,0.006881,121.11,1.052e-05,1.0996,224.27,0.0021467
2024-12-16 00:00:00,104582.28,0.001152,711.27,0.0068,120.45,1.027e-05,1.0739,221.25,0.0021155
2024-12-16 04:00:00,104992.79,0.001145,715.45,0.006813,120.14,1.039e-05,1.0904,223.13,0.0021254
2024-12-16 08:00:00,103757.99,0.001118,705.17,0.006797,115.65,1.017e-05,1.0548,214.1,0.0020637
2024-12-16 12:00:00,106332.01,0.001112,718.41,0.006757,118.3,1.005e-05,1.0671,216.98,0.0020408
2024-12-16 16:00:00,106583.12,0.001127,726.71,0.006817,120.08,1.036e-05,1.1036,218.33,0.0020483
2024-12-16 20:00:00,106058.66,0.001113,720.58,0.006794,117.99,1.016e-05,1.0775,216.19,0.0020386
2024-12-17 00:00:00,106866.49,0.001104,722.1,0.006757,117.95,1.007e-05,1.0761,215.45,0.0020159
2024-12-17 04:00:00,106805.75,0.001095,716.09,0.006705,117.1,9.92e-06,1.0595,215.57,0.0020184
2024-12-17 08:00:00,106808.31,0.001114,720.31,0.006745,119.0,1.028e-05,1.0983,221.59,0.002075
2024-12-17 12:00:00,106478.47,0.001086,730.11,0.006855,115.71,1.005e-05,1.0706,220.53,0.0020705
2024-12-17 16:00:00,106475.89,0.001197,723.77,0.006798,127.57,1.008e-05,1.0724,227.45,0.0021363
2024-12-17 20:00:00,106133.74,0.001183,717.69,0.006761,125.63,9.91e-06,1.0522,223.15,0.0021026
2024-12-18 00:00:00,104763.98,0.001189,711.87,0.006795,124.5,9.9e-06,1.0369,217.5,0.0020772
2024-12-18 04:00:00,104250.75,0.001151,713.31,0.006842,120.07,9.81e-06,1.0229,215.91,0.0020714
2024-12-18 08:00:00,105028.33,0.001139,719.29,0.006848,119.65,9.99e-06,1.0502,217.85,0.0020746
2024-12-18 12:00:00,104428.54,0.001119,712.93,0.006829,116.96,9.8e-06,1.0228,217.73,0.0020855
2024-12-18 16:00:00,102817.82,0.001104,705.0,0.006855,113.51,9.83e-06,1.0096,211.69,0.0020596
2024-12-18 20:00:00,100204.01,0.001082,686.38,0.006851,108.35,9.67e-06,0.9681,206.53,0.002061
2024-12-19 00:00:00,101193.15,0.001079,700.68,0.006923,109.13,9.66e-06,0.9777,208.84,0.0020635
2024-12-19 04:00:00,101656.57,0.001075,701.86,0.006904,109.21,9.66e-06,0.9823,211.81,0.0020841
2024-12-19 08:00:00,102449.99,0.001086,704.17,0.006873,111.25,9.62e-06,0.9856,210.48,0.0020542
2024-12-19 12:00:00,100679.86,0.00106,689.9,0.006853,106.66,9.37e-06,0.9432,205.44,0.0020409
2024-12-19 16:00:00,97199.72,0.000998,658.9,0.006777,97.06,9.01e-06,0.877,191.88,0.0019731
2024-12-19 20:00:00,97461.86,0.001019,665.62,0.006829,99.36,9.04e-06,0.8806,193.81,0.0019889
2024-12-20 00:00:00,97106.02,0.001047,674.49,0.006945,101.79,9.31e-06,0.9049,196.36,0.0020221
2024-12-20 04:00:00,97832.53,0.001022,672.68,0.006875,100.01,9.07e-06,0.8889,191.37,0.0019565
2024-12-20 08:00:00,92723.98,0.000937,620.25,0.00669,86.81,8.23e-06,0.7624,176.01,0.0018991
2024-12-20 12:00:00,96991.62,0.000991,666.53,0.00687,96.12,9.04e-06,0.8763,189.89,0.0019579
2024-12-20 16:00:00,97116.0,0.00103,672.05,0.006921,100.08,9.38e-06,0.911,191.63,0.001973
2024-12-20 20:00:00,97805.44,0.001037,678.6,0.006938,101.38,9.71e-06,0.9501,194.48,0.0019886
2024-12-21 00:00:00,97487.46,0.001042,681.0,0.006985,101.64,9.72e-06,0.9483,194.28,0.0019929
2024-12-21 04:00:00,99040.0,0.001054,688.92,0.006957,104.35,1e-05,0.9888,198.81,0.0020071
2024-12-21 08:00:00,98262.08,0.001057,676.93,0.00689,103.74,9.77e-06,0.9597,192.94,0.001964
2024-12-21 12:00:00,97527.97,0.001033,667.27,0.006843,100.71,9.45e-06,0.9212,186.65,0.0019144
2024-12-21 16:00:00,97269.03,0.001038,659.39,0.006778,101.05,9.29e-06,0.9043,181.52,0.0018663
2024-12-21 20:00:00,97291.99,0.001043,663.49,0.00682,101.56,9.3e-06,0.9052,181.45,0.001865
2024-12-22 00:00:00,96994.37,0.001028,664.07,0.006848,99.71,9.28e-06,0.9001,182.56,0.0018824
2024-12-22 04:00:00,96210.24,0.001038,658.63,0.006847,99.92,9.25e-06,0.8904,184.32,0.0019155
2024-12-22 08:00:00,97101.28,0.001063,666.67,0.006865,103.28,9.4e-06,0.9125,186.69,0.0019227
2024-12-22 12:00:00,95377.72,0.001054,656.6,0.006885,100.61,9.3e-06,0.8876,181.87,0.0019067
2024-12-22 16:00:00,94836.55,0.001039,644.88,0.0068,98.62,9.21e-06,0.8749,178.49,0.0018822
2024-12-22 20:00:00,95186.27,0.001048,649.77,0.006828,99.78,9.28e-06,0.8834,180.52,0.001896
2024-12-23 00:00:00,96025.15,0.001086,664.52,0.00692,104.24,9.47e-06,0.9089,186.24,0.0019395
2024-12-23 04:00:00,95404.01,0.001069,662.09,0.00694,101.95,9.27e-06,0.8857,182.25,0.0019097
2024-12-23 08:00:00,95932.42,0.001067,673.96,0.007024,102.34,9.33e-06,0.8949,183.59,0.0019135
2024-12-23 12:00:00,93250.37,0.001068,671.82,0.007204,99.7,9.28e-06,0.8656,180.87,0.0019398
2024-12-23 16:00:00,93044.79,0.001104,685.14,0.007364,102.77,9.57e-06,0.8908,187.43,0.0020145
2024-12-23 20:00:00,94881.47,0.001126,694.16,0.007316,106.77,9.77e-06,0.9264,190.11,0.0020036
2024-12-24 00:00:00,94348.75,0.001123,692.7,0.007342,105.95,9.66e-06,0.9117,189.97,0.0020135
2024-12-24 04:00:00,94233.19,0.001126,692.8,0.007352,106.13,9.54e-06,0.8994,191.51,0.0020321
2024-12-24 08:00:00,94398.6,0.001137,686.56,0.007272,107.34,9.58e-06,0.9039,192.95,0.002044
2024-12-24 12:00:00,98300.0,0.001124,695.36,0.007076,110.42,9.61e-06,0.9446,197.79,0.0020121
2024-12-24 16:00:00,97581.09,0.001109,692.48,0.007094,108.21,9.49e-06,0.9258,195.25,0.0019994
2024-12-24 20:00:00,98663.58,0.001098,696.9,0.007063,108.35,9.49e-06,0.9358,197.09,0.001998
2024-12-25 00:00:00,98029.48,0.0011,703.67,0.007177,107.92,9.42e-06,0.9251,199.87,0.0020386
2024-12-25 04:00:00,98084.33,0.001098,702.29,0.00716,107.74,9.34e-06,0.9164,198.13,0.00202
2024-12-25 08:00:00,97907.61,0.001103,704.06,0.007193,107.95,9.31e-06,0.9115,195.79,0.0019996
2024-12-25 12:00:00,98519.98,0.0011,703.6,0.007143,108.43,9.26e-06,0.9128,198.27,0.0020121
2024-12-25 16:00:00,99018.52,0.001106,704.81,0.007119,109.47,9.26e-06,0.9168,199.25,0.0020123
2024-12-25 20:00:00,99429.6,0.001104,702.72,0.00707,109.82,9.22e-06,0.9176,197.44,0.001986
2024-12-26 00:00:00,98995.17,0.001093,706.32,0.007137,108.17,9.1e-06,0.9002,196.62,0.0019861
2024-12-26 04:00:00,97719.99,0.001089,706.81,0.007232,106.45,9.06e-06,0.8857,193.43,0.0019793
2024-12-26 08:00:00,95695.81,0.00109,696.29,0.007277,104.08,9.11e-06,0.8718,189.8,0.0019833
2024-12-26 12:00:00,96042.88,0.001068,691.7,0.007201,102.58,9.03e-06,0.8668,188.7,0.0019646
2024-12-26 16:00:00,96102.25,0.001068,692.22,0.007205,102.6,9e-06,0.8647,189.17,0.0019691
2024-12-26 20:00:00,95791.6,0.001068,689.4,0.007197,102.23,8.99e-06,0.8611,188.46,0.0019674
2024-12-27 00:00:00,96417.84,0.001074,689.15,0.007148,103.51,9.04e-06,0.871,189.44,0.0019644
2024-12-27 04:00:00,95104.76,0.001078,692.25,0.00728,102.52,9.08e-06,0.8637,186.67,0.0019629
2024-12-27 08:00:00,96952.38,0.001082,706.04,0.007283,104.88,9.34e-06,0.9057,191.32,0.0019732
2024-12-27 12:00:00,94573.75,0.001068,688.78,0.007283,100.99,9.25e-06,0.8745,184.13,0.0019472
2024-12-27 16:00:00,94750.0,0.001084,694.9,0.007336,102.65,9.42e-06,0.8929,186.9,0.001973
2024-12-27 20:00:00,94299.03,0.001066,691.85,0.007336,100.58,9.3e-06,0.8771,184.22,0.0019538
2024-12-28 00:00:00,94594.91,0.001062,697.07,0.00737,100.47,9.26e-06,0.8762,185.03,0.001956
2024-12-28 04:00:00,94381.99,0.001051,696.08,0.007376,99.2,9.2e-06,0.8681,185.13,0.0019616
2024-12-28 08:00:00,94754.83,0.001052,703.76,0.007426,99.66,9.22e-06,0.874,187.19,0.001976
2024-12-28 12:00:00,94447.29,0.001056,721.6,0.00764,99.76,9.27e-06,0.8759,190.18,0.0020139
2024-12-28 16:00:00,95027.76,0.001059,730.2,0.007684,100.61,9.3e-06,0.8844,193.76,0.002039
2024-12-28 20:00:00,95300.0,0.001057,722.13,0.007577,100.74,9.33e-06,0.8895,195.5,0.0020511
2024-12-29 00:00:00,95172.4,0.001058,715.55,0.007519,100.71,9.36e-06,0.8925,194.78,0.0020467
2024-12-29 04:00:00,95272.04,0.001059,716.2,0.007518,100.92,9.39e-06,0.895,196.04,0.0020581
2024-12-29 08:00:00,95032.57,0.001054,710.84,0.007481,100.18,9.42e-06,0.8956,196.09,0.0020638
2024-12-29 12:00:00,94511.12,0.001066,710.61,0.007519,100.78,9.35e-06,0.8839,195.14,0.0020647
2024-12-29 16:00:00,93612.89,0.001057,701.04,0.007489,98.99,9.29e-06,0.8695,192.71,0.0020586
2024-12-29 20:00:00,93738.2,0.001051,694.71,0.007412,98.51,9.17e-06,0.859,189.94,0.0020266
2024-12-30 00:00:00,93722.71,0.001073,696.49,0.00743,100.6,9.31e-06,0.8728,191.38,0.0020421
2024-12-30 04:00:00,93731.65,0.001085,697.58,0.007443,101.78,9.27e-06,0.8698,192.36,0.0020526
2024-12-30 08:00:00,93923.14,0.001088,700.7,0.007461,102.24,9.29e-06,0.8716,193.51,0.0020606
2024-12-30 12:00:00,92130.21,0.001068,695.16,0.007546,98.38,9.12e-06,0.8408,187.32,0.0020337
2024-12-30 16:00:00,94417.04,0.001072,710.21,0.007523,101.18,9.21e-06,0.8697,196.21,0.0020781
2024-12-30 20:00:00,92792.05,0.001072,705.36,0.0076,99.4,9.29e-06,0.8615,191.38,0.0020619
2024-12-31 00:00:00,92509.59,0.001063,706.92,0.007642,98.39,9.18e-06,0.8489,189.96,0.0020532
2024-12-31 04:00:00,92860.75,0.001063,701.16,0.007552,98.78,9.11e-06,0.8462,190.07,0.0020466
2024-12-31 08:00:00,94232.68,0.001087,704.28,0.007475,102.41,9.1e-06,0.8576,193.79,0.0020567
2024-12-31 12:00:00,95412.0,0.001092,710.56,0.007447,104.24,9.11e-06,0.8697,198.44,0.0020794
2024-12-31 16:00:00,94166.88,0.001093,703.39,0.007471,102.85,9.02e-06,0.8494,193.81,0.0020584
2024-12-31 20:00:00,93576.0,0.001104,702.3,0.007505,103.28,9.03e-06,0.8451,189.31,0.0020232
2025-01-01 00:00:00,93838.04,0.001112,705.58,0.00752,104.23,9.09e-06,0.8522,190.43,0.0020295
