timestamp,BTCUSDT_1d,LTCBTC_1d,BNBUSDT_1d,BNBBTC_1d,LTCUSDT_1d,ADABTC_1d,ADAUSDT_1d,SOLUSDT_1d,SOLBTC_1d
2020-08-11,11392.08,0.004751,21.2902,0.0018693,54.1,1.201e-05,0.13685,3.2985,0.00028856
2020-08-12,11564.33,0.004718,21.4919,0.00186,54.52,1.183e-05,0.1367,3.7558,0.0003245
2020-08-13,11780.0,0.00485,21.7667,0.0018488,57.14,1.184e-05,0.13944,3.73,0.00031625
2020-08-14,11760.54,0.004828,23.1047,0.0019644,56.78,1.176e-05,0.13826,3.4099,0.0002904
2020-08-15,11852.4,0.00505,23.0881,0.0019488,59.85,1.168e-05,0.13837,3.173,0.00026777
2020-08-16,11911.0,0.005365,23.529,0.0019752,63.87,1.165e-05,0.13882,3.3885,0.00028365
2020-08-17,12281.13,0.005472,23.4961,0.0019125,67.22,1.143e-05,0.14039,3.11,0.00025311
2020-08-18,11945.01,0.005477,22.9705,0.001924,65.4,1.147e-05,0.13691,3.3407,0.00028013
2020-08-19,11754.59,0.005282,22.3761,0.0019034,62.12,1.103e-05,0.12966,2.8868,0.00024662
2020-08-20,11853.55,0.005297,23.0888,0.0019473,62.8,1.132e-05,0.13413,3.2038,0.00027059
2020-08-21,11531.34,0.005127,22.0988,0.0019154,59.2,1.067e-05,0.12315,2.9317,0.00025399
2020-08-22,11662.96,0.005163,22.2044,0.001904,60.21,1.073e-05,0.12515,3.0126,0.00025867
2020-08-23,11648.13,0.005199,21.8555,0.0018764,60.55,1.043e-05,0.12141,3.25,0.00027932
2020-08-24,11748.2,0.005281,22.5953,0.0019234,62.02,1.052e-05,0.12361,3.3405,0.00028414
2020-08-25,11318.42,0.005154,21.3882,0.0018894,58.34,9.93e-06,0.11239,3.25,0.00028744
2020-08-26,11461.43,0.00507,22.1999,0.0019382,58.1,9.98e-06,0.11435,3.5684,0.00031025
2020-08-27,11330.38,0.004951,23.1127,0.0020401,56.1,9.47e-06,0.10725,3.4501,0.00030451
2020-08-28,11526.91,0.004979,23.0811,0.0020017,57.38,9.49e-06,0.10927,4.0063,0.00034775
2020-08-29,11465.84,0.004967,22.9398,0.0020012,56.97,1.014e-05,0.11623,3.9535,0.00034504
2020-08-30,11711.16,0.00537,23.6208,0.0020175,62.89,1.002e-05,0.11747,4.4309,0.0003774
2020-08-31,11649.51,0.00523,23.1477,0.0019875,60.92,1.052e-05,0.12253,4.7435,0.00040702
2020-09-01,11921.97,0.005259,24.7028,0.002073,62.69,1.044e-05,0.12445,4.3397,0.00036304
2020-09-02,11388.54,0.005098,24.7652,0.0021701,58.06,1.009e-05,0.11489,4.17,0.000366
2020-09-03,10140.85,0.004663,20.3592,0.0020095,47.28,9.32e-06,0.09446,3.5051,0.00034408
2020-09-04,10446.25,0.004818,20.9712,0.0020118,50.32,9.73e-06,0.10156,3.5301,0.00033838
2020-09-05,10166.69,0.004705,19.4698,0.001917,47.83,8.85e-06,0.09,2.6052,0.00025711
2020-09-06,10256.2,0.004673,23.142,0.0022592,47.92,9.04e-06,0.0926,3.0941,0.00030109
2020-09-07,10373.44,0.004706,22.4426,0.0021641,48.84,9.02e-06,0.0936,2.9237,0.00028269
2020-09-08,10126.65,0.004687,23.2837,0.0022978,47.47,9e-06,0.09101,2.468,0.00024351
2020-09-09,10219.2,0.004679,24.4716,0.0023971,47.82,9.13e-06,0.09331,3.6001,0.0003533
2020-09-10,10336.87,0.004708,24.5489,0.0023751,48.67,9.4e-06,0.09709,3.4761,0.00033644
2020-09-11,10387.89,0.004713,25.399,0.0024458,48.96,9.33e-06,0.09701,3.3965,0.00032731
2020-09-12,10440.92,0.004865,28.505,0.0027298,50.8,9.36e-06,0.09771,3.3316,0.00031948
2020-09-13,10332.83,0.004662,31.1656,0.0030149,48.15,9.2e-06,0.09507,3.2603,0.00031576
2020-09-14,10671.77,0.004598,31.2523,0.00293,49.08,9.05e-06,0.09663,3.2641,0.0003058
2020-09-15,10785.31,0.004479,27.1181,0.002513,48.31,8.64e-06,0.09313,2.9295,0.00027199
2020-09-16,10954.01,0.004358,27.8695,0.0025434,47.76,8.36e-06,0.09151,2.5327,0.00023145
2020-09-17,10939.99,0.004466,27.095,0.002477,48.85,8.6e-06,0.09408,2.8829,0.0002635
2020-09-18,10933.39,0.004437,27.629,0.0025292,48.54,8.32e-06,0.09093,3.1144,0.00028471
2020-09-19,11080.65,0.004378,27.2035,0.0024538,48.52,8.25e-06,0.09141,3.031,0.000273
2020-09-20,10920.28,0.004312,26.316,0.0024115,47.09,8.18e-06,0.08936,2.8628,0.00026233
2020-09-21,10417.22,0.004143,23.1232,0.0022193,43.16,7.66e-06,0.07983,2.7672,0.00026557
2020-09-22,10529.61,0.004222,24.0468,0.002284,44.47,7.73e-06,0.08146,2.9082,0.00027666
2020-09-23,10241.46,0.004198,22.8331,0.002229,42.96,7.48e-06,0.07663,2.8548,0.00027825
2020-09-24,10736.32,0.004184,24.5745,0.0022895,44.92,7.69e-06,0.08254,3.1433,0.00029247
2020-09-25,10686.67,0.004305,24.6924,0.0023095,46.02,9.07e-06,0.09693,3.1937,0.00029859
2020-09-26,10728.6,0.004288,26.1998,0.002442,46.03,8.89e-06,0.09547,3.1287,0.0002919
2020-09-27,10774.25,0.004274,26.251,0.0024344,46.05,9.39e-06,0.1013,3.1578,0.00029335
2020-09-28,10696.12,0.004228,26.9855,0.002524,45.23,9.38e-06,0.1003,2.9599,0.00027593
2020-09-29,10840.48,0.004217,28.8946,0.0026658,45.69,9.33e-06,0.1011,2.9505,0.00027199
2020-09-30,10776.59,0.004292,29.2656,0.0027166,46.24,9.4e-06,0.10136,2.8967,0.00026872
2020-10-01,10619.13,0.004356,27.4673,0.0025869,46.25,9.23e-06,0.09804,2.8669,0.00026971
2020-10-02,10570.4,0.004248,27.3369,0.0025883,44.88,8.79e-06,0.09286,2.6232,0.00024833
2020-10-03,10542.06,0.004318,28.1867,0.0026748,45.51,8.85e-06,0.09328,2.5439,0.00024135
2020-10-04,10666.63,0.004379,28.9668,0.0027166,46.69,9.08e-06,0.09686,2.5202,0.00023626
2020-10-05,10792.21,0.004294,28.6158,0.0026527,46.34,9.03e-06,0.09738,2.6522,0.00024558
2020-10-06,10599.66,0.004335,27.6812,0.0026135,45.99,8.76e-06,0.09289,2.174,0.0002051
2020-10-07,10666.39,0.004366,27.6898,0.0025964,46.55,8.79e-06,0.09374,2.3005,0.00021568
2020-10-08,10925.57,0.004323,27.7424,0.0025381,47.21,8.81e-06,0.09632,2.3638,0.00021648
2020-10-09,11050.64,0.004322,28.4076,0.0025694,47.78,9.16e-06,0.10129,2.5314,0.00022927
2020-10-10,11293.22,0.004327,28.4414,0.0025135,48.88,9.3e-06,0.10493,2.3999,0.00021293
2020-10-11,11369.02,0.00444,28.5271,0.0025092,50.48,9.38e-06,0.10648,2.4227,0.00021302
2020-10-12,11528.25,0.004386,30.6503,0.0026571,50.58,9.49e-06,0.10945,2.5836,0.00022423
2020-10-13,11420.56,0.00437,30.7256,0.0026902,49.89,9.57e-06,0.10925,2.4062,0.00021012
2020-10-14,11417.89,0.004362,30.838,0.0027001,49.79,9.37e-06,0.10703,2.3107,0.00020259
2020-10-15,11505.12,0.004307,31.3256,0.002726,49.53,9.27e-06,0.10666,2.2682,0.00019737
2020-10-16,11319.32,0.004205,30.0516,0.0026528,47.6,9.21e-06,0.10414,2.1398,0.00018922
2020-10-17,11360.2,0.00413,30.2414,0.0026613,46.93,9.32e-06,0.10598,2.2053,0.00019404
2020-10-18,11503.14,0.004133,30.6593,0.0026649,47.54,9.34e-06,0.10735,2.215,0.00019231
2020-10-19,11751.47,0.004084,29.9107,0.0025451,47.99,9.23e-06,0.10859,2.0592,0.00017518
2020-10-20,11909.99,0.003935,28.8227,0.0024199,46.88,8.59e-06,0.10238,1.885,0.00015864
2020-10-21,12780.96,0.004145,29.7329,0.0023253,52.98,8.28e-06,0.10589,1.8887,0.00014756
2020-10-22,12968.52,0.004191,30.6396,0.0023613,54.35,8.54e-06,0.11077,1.9582,0.00015095
2020-10-23,12923.07,0.004287,30.6377,0.0023707,55.42,8.36e-06,0.10805,1.959,0.00015171
2020-10-24,13111.73,0.004518,30.6639,0.0023373,59.23,8.23e-06,0.10797,1.9142,0.00014609
2020-10-25,13028.83,0.004515,30.128,0.0023131,58.84,8.16e-06,0.10639,1.7926,0.00013766
2020-10-26,13052.19,0.004351,31.0467,0.0023781,56.82,7.89e-06,0.10306,1.6799,0.00012858
2020-10-27,13636.17,0.004246,31.4826,0.0023081,57.91,7.52e-06,0.10256,1.711,0.00012519
2020-10-28,13266.4,0.004202,30.3338,0.0022866,55.77,7.44e-06,0.09869,1.518,0.00011447
2020-10-29,13455.7,0.004079,29.8702,0.0022177,54.87,7.08e-06,0.09531,1.4327,0.00010674
2020-10-30,13560.1,0.003984,28.4909,0.0021018,54.01,6.89e-06,0.0933,1.4381,0.00010629
2020-10-31,13791.0,0.004041,28.5058,0.0020662,55.72,6.73e-06,0.093,1.5497,0.00011231
2020-11-01,13761.5,0.00404,28.5318,0.0020729,55.6,7.14e-06,0.09827,1.608,0.0001168
2020-11-02,13549.37,0.003969,27.7983,0.0020514,53.8,6.81e-06,0.09221,1.4738,0.00010893
2020-11-03,14023.53,0.003848,26.8638,0.0019158,53.96,6.68e-06,0.09357,1.4118,0.00010063
2020-11-04,14144.01,0.003865,26.96,0.0019058,54.67,6.75e-06,0.0955,1.3912,9.823e-05
2020-11-05,15590.02,0.003781,27.6875,0.0017763,58.95,6.25e-06,0.09752,1.4007,8.984e-05
2020-11-06,15579.92,0.004055,29.0435,0.0018655,63.2,7.01e-06,0.1091,1.9,0.00012219
2020-11-07,14818.3,0.003976,27.7651,0.0018725,58.9,6.83e-06,0.10128,2.0215,0.00013645
2020-11-08,15475.1,0.003941,28.4101,0.0018367,61.02,6.88e-06,0.10655,2.1558,0.00013938
2020-11-09,15328.41,0.003864,28.0941,0.0018321,59.23,6.89e-06,0.10561,2.0299,0.00013286
2020-11-10,15297.21,0.003786,28.2188,0.0018437,57.93,6.92e-06,0.1059,2.2661,0.00014828
2020-11-11,15684.24,0.003777,28.016,0.0017851,59.27,6.75e-06,0.10599,2.0,0.00012769
2020-11-12,16291.86,0.003725,27.6874,0.0016998,60.72,6.42e-06,0.1046,1.9089,0.00011715
2020-11-13,16320.7,0.004041,28.1974,0.0017279,65.96,6.52e-06,0.10629,2.0141,0.00012342
2020-11-14,16070.45,0.003972,27.9311,0.0017383,63.85,6.47e-06,0.10411,1.9182,0.00011946
2020-11-15,15957.0,0.003904,27.6786,0.0017347,62.28,6.29e-06,0.10046,2.0407,0.00012809
2020-11-16,16713.57,0.00442,27.9451,0.0016731,73.84,6.22e-06,0.10387,2.2626,0.00013563
2020-11-17,17659.38,0.004322,28.5552,0.0016175,76.32,6.2e-06,0.10947,2.1998,0.00012446
2020-11-18,17776.12,0.004131,28.0931,0.0015805,73.42,5.99e-06,0.10658,2.1153,0.00011895
2020-11-19,17802.82,0.004581,28.1387,0.0015796,81.53,5.95e-06,0.1059,2.085,0.000117
2020-11-20,18655.67,0.004421,28.9715,0.0015526,82.53,6.34e-06,0.11828,2.1033,0.00011254
2020-11-21,18703.8,0.004658,30.5161,0.0016305,87.14,7.13e-06,0.13334,2.3822,0.00012739
2020-11-22,18414.43,0.004502,30.0226,0.0016306,82.87,7.92e-06,0.14599,2.1514,0.00011703
2020-11-23,18368.0,0.004849,30.995,0.0016882,89.03,8.41e-06,0.15445,2.2786,0.00012384
2020-11-24,19160.01,0.00466,33.9407,0.0017716,89.25,8.73e-06,0.16721,2.2823,0.00011899
2020-11-25,18719.11,0.004369,31.2953,0.0016711,81.75,8.28e-06,0.15473,2.2661,0.00012122
2020-11-26,17149.47,0.004139,28.2356,0.0016465,71.0,8.07e-06,0.13843,1.9111,0.00011146
2020-11-27,17139.52,0.004036,28.4606,0.0016602,69.15,8.27e-06,0.14178,1.861,0.00010863
2020-11-28,17719.85,0.004102,29.1766,0.0016458,72.7,9.31e-06,0.16489,1.8868,0.0001064
2020-11-29,18184.99,0.004337,30.1045,0.0016554,78.91,9.16e-06,0.16663,1.9153,0.00010531
2020-11-30,19695.87,0.004451,31.4935,0.0015982,87.65,8.74e-06,0.17204,1.9665,9.987e-05
2020-12-01,18764.96,0.004535,30.1996,0.0016097,85.08,8.29e-06,0.15562,1.9738,0.00010506
2020-12-02,19204.09,0.004632,30.2875,0.0015767,88.9,8.26e-06,0.15845,2.1209,0.00011016
2020-12-03,19421.9,0.004583,30.7065,0.001581,89.0,8.45e-06,0.16398,2.0967,0.00010806
2020-12-04,18650.52,0.004264,29.0231,0.0015571,79.52,7.93e-06,0.14781,1.8535,9.942e-05
2020-12-05,19147.66,0.004343,29.728,0.0015525,83.14,8.34e-06,0.15993,1.9795,0.00010349
2020-12-06,19359.4,0.004318,29.5026,0.0015238,83.55,8.19e-06,0.15873,1.8505,9.544e-05
2020-12-07,19166.9,0.00435,29.37,0.0015317,83.37,8.04e-06,0.15401,1.8272,9.557e-05
2020-12-08,18324.11,0.004189,27.6705,0.0015098,76.76,7.7e-06,0.1412,1.6631,9.07e-05
2020-12-09,18541.28,0.004175,28.1452,0.0015178,77.41,7.98e-06,0.14796,1.6592,8.943e-05
2020-12-10,18254.63,0.004093,27.6926,0.0015172,74.7,7.77e-06,0.14188,1.5683,8.597e-05
2020-12-11,18036.53,0.004005,27.3419,0.0015163,72.2,7.72e-06,0.13926,1.4389,7.973e-05
2020-12-12,18808.69,0.004077,28.1603,0.0014973,76.67,7.68e-06,0.14438,1.4912,7.925e-05
2020-12-13,19174.99,0.004289,29.1571,0.0015197,82.28,8.03e-06,0.15406,1.5701,8.182e-05
2020-12-14,19273.14,0.004273,30.0338,0.0015575,82.35,8.24e-06,0.15877,1.5946,8.256e-05
2020-12-15,19426.43,0.004187,29.5053,0.0015183,81.32,7.92e-06,0.15381,1.7586,9.05e-05
2020-12-16,21335.52,0.004358,30.5577,0.0014322,92.94,7.88e-06,0.16814,1.7829,8.346e-05
2020-12-17,22797.16,0.00443,30.2255,0.0013252,101.01,7.16e-06,0.16336,1.68,7.358e-05
2020-12-18,23107.39,0.004732,30.9882,0.0013408,109.34,7.14e-06,0.16502,1.7014,7.35e-05
2020-12-19,23821.61,0.005031,33.3167,0.0013979,119.85,6.9e-06,0.16433,1.6707,6.99e-05
2020-12-20,23455.52,0.004884,34.3148,0.0014615,114.58,6.91e-06,0.16201,1.5635,6.644e-05
2020-12-21,22719.71,0.004596,32.05,0.0014112,104.45,6.73e-06,0.15278,1.5331,6.766e-05
2020-12-22,23810.79,0.004802,33.5151,0.0014073,114.32,6.57e-06,0.15646,1.49,6.264e-05
2020-12-23,23232.76,0.00441,31.1843,0.0013421,102.45,5.88e-06,0.13635,1.198,5.16e-05
2020-12-24,23729.2,0.004685,32.4895,0.0013696,111.13,6.44e-06,0.15304,1.3612,5.733e-05
2020-12-25,24712.47,0.00517,33.1996,0.0013434,127.78,6.37e-06,0.15761,1.4464,5.865e-05
2020-12-26,26493.39,0.004894,33.6361,0.0012701,129.61,5.98e-06,0.15839,1.3258,5.01e-05
2020-12-27,26281.66,0.004864,33.674,0.0012801,127.88,5.89e-06,0.15467,1.3037,4.96e-05
2020-12-28,27079.41,0.004795,35.951,0.0013265,129.83,6.52e-06,0.17627,1.5172,5.609e-05
2020-12-29,27385.0,0.004703,39.0667,0.0014256,128.8,6.97e-06,0.19067,1.6704,6.099e-05
2020-12-30,28875.54,0.004503,38.1558,0.0013202,130.05,6.36e-06,0.18389,1.535,5.309e-05
2020-12-31,28923.63,0.004294,37.3588,0.0012917,124.21,6.27e-06,0.18134,1.5073,5.216e-05
2021-01-01,29331.69,0.004303,37.7762,0.0012871,126.24,5.97e-06,0.17509,1.8421,6.285e-05
2021-01-02,32178.33,0.004255,38.2331,0.0011885,136.96,5.52e-06,0.17742,1.7999,5.6e-05
2021-01-03,33000.05,0.004885,41.2575,0.0012489,161.24,6.25e-06,0.20615,2.1779,6.62e-05
2021-01-04,31988.71,0.004855,41.1333,0.0012841,155.34,7.04e-06,0.22528,2.4909,7.8e-05
2021-01-05,33949.53,0.004669,41.8219,0.0012319,158.43,7.62e-06,0.25873,2.1636,6.353e-05
2021-01-06,36769.36,0.004596,42.2417,0.0011489,168.92,9.06e-06,0.33309,1.9414,5.273e-05
2021-01-07,39432.28,0.004295,43.5728,0.0011052,169.35,7.58e-06,0.29928,2.3635,5.999e-05
2021-01-08,40582.81,0.004243,42.356,0.0010436,172.19,7.49e-06,0.30389,3.2214,7.945e-05
2021-01-09,40088.22,0.004424,43.8479,0.0010938,177.26,8.25e-06,0.33062,3.3829,8.431e-05
2021-01-10,38150.02,0.004458,42.4031,0.0011122,170.07,7.9e-06,0.30153,3.449,9.033e-05
2021-01-11,35404.47,0.003922,38.1674,0.0010777,138.87,7.77e-06,0.2757,3.1016,8.754e-05
2021-01-12,34051.24,0.003918,38.2541,0.001124,133.42,8.49e-06,0.28888,3.6354,0.00010662
2021-01-13,37371.38,0.003943,40.1114,0.001073,147.38,8.35e-06,0.3123,3.5242,9.448e-05
2021-01-14,39144.5,0.003894,41.8723,0.0010692,152.5,7.97e-06,0.31201,3.2921,8.386e-05
2021-01-15,36742.22,0.00391,40.8668,0.0011136,143.65,8.22e-06,0.30188,3.2475,8.825e-05
2021-01-16,35994.98,0.003988,43.142,0.001197,143.52,9.74e-06,0.35071,3.4247,9.521e-05
2021-01-17,35828.61,0.003985,45.8675,0.0012798,142.8,1.063e-05,0.38081,3.8268,0.00010659
2021-01-18,36631.27,0.004151,45.3412,0.0012377,151.96,1.014e-05,0.37123,3.7868,0.00010348
2021-01-19,35891.49,0.004231,42.5241,0.0011854,151.86,1.023e-05,0.3672,3.6287,0.00010125
2021-01-20,35468.23,0.00422,42.6069,0.0012003,149.69,1.058e-05,0.37532,3.7166,0.0001048
2021-01-21,30850.13,0.004207,38.6343,0.0012521,129.72,9.98e-06,0.30785,2.9899,9.685e-05
2021-01-22,32945.17,0.004178,40.8936,0.00124,137.66,1.059e-05,0.34867,3.3352,0.00010102
2021-01-23,32078.0,0.004291,40.9109,0.0012749,137.67,1.078e-05,0.34583,3.5079,0.00010916
2021-01-24,32259.9,0.004373,41.8263,0.001297,141.01,1.096e-05,0.35345,3.6278,0.00011261
2021-01-25,32254.2,0.004249,41.8347,0.0012958,137.07,1.064e-05,0.34308,3.7038,0.00011471
2021-01-26,32467.77,0.004148,41.8396,0.0012883,134.67,1.057e-05,0.3433,4.041,0.00012447
2021-01-27,30366.15,0.004034,40.8826,0.0013468,122.44,1.026e-05,0.31144,3.675,0.00012117
2021-01-28,33364.86,0.003994,42.5254,0.0012746,133.27,1.032e-05,0.34409,3.81,0.00011422
2021-01-29,34252.2,0.00393,42.8618,0.0012513,134.65,1.015e-05,0.34752,3.8293,0.00011183
2021-01-30,34262.88,0.003891,44.7849,0.0013066,133.36,1.063e-05,0.364,4.228,0.00012349
2021-01-31,33092.98,0.003909,44.3292,0.0013397,129.36,1.041e-05,0.34475,4.2525,0.00012835
2021-02-01,33526.37,0.003939,51.4781,0.0015347,132.0,1.219e-05,0.40876,4.6148,0.00013753
2021-02-02,35466.24,0.004,51.0071,0.0014374,141.98,1.198e-05,0.42498,5.2331,0.0001475
2021-02-03,37618.87,0.004146,52.12,0.0013863,155.93,1.174e-05,0.44189,5.7311,0.00015284
2021-02-04,36936.66,0.003927,55.9599,0.0015158,145.07,1.188e-05,0.43934,6.4085,0.00017371
2021-02-05,38290.24,0.004049,67.7005,0.0017671,155.05,1.401e-05,0.53917,6.7005,0.00017463
2021-02-06,39186.94,0.003968,72.8356,0.0018587,155.57,1.617e-05,0.63444,6.1225,0.00015616
2021-02-07,38795.69,0.003886,68.3542,0.0017635,150.76,1.705e-05,0.66109,6.6976,0.00017251
2021-02-08,46374.87,0.003609,79.8374,0.0017226,167.28,1.461e-05,0.67638,7.855,0.00016923
2021-02-09,46420.42,0.003911,107.3469,0.0023132,181.49,1.52e-05,0.70562,7.8005,0.00016785
2021-02-10,44807.58,0.004054,128.9711,0.0028728,181.56,2.098e-05,0.93966,9.09,0.00020269
2021-02-11,47969.51,0.003827,124.085,0.0025873,183.62,1.933e-05,0.92796,9.2004,0.000192
2021-02-12,47287.6,0.004157,136.6139,0.00289,196.69,1.953e-05,0.92426,9.2,0.00019459
2021-02-13,47153.69,0.00479,133.3496,0.0028252,225.76,1.935e-05,0.91299,8.7441,0.00018538
2021-02-14,48577.79,0.004394,135.8623,0.0027956,213.49,1.735e-05,0.84364,8.7158,0.00017924
2021-02-15,47911.1,0.004339,130.303,0.002713,207.83,1.796e-05,0.86143,8.8516,0.00018466
2021-02-16,49133.45,0.004278,130.183,0.0026462,210.26,1.771e-05,0.87,8.3002,0.00016871
2021-02-17,52119.71,0.004556,165.3233,0.0031723,237.49,1.712e-05,0.89206,8.2357,0.00015809
2021-02-18,51552.6,0.004396,195.6,0.0037934,226.59,1.774e-05,0.91442,8.9771,0.00017427
2021-02-19,55906.0,0.00423,333.111,0.0059603,236.5,1.656e-05,0.92581,11.4912,0.00020549
2021-02-20,55841.19,0.004059,253.0,0.0045382,226.65,1.996e-05,1.11568,9.9869,0.00017861
2021-02-21,57408.57,0.003958,295.2597,0.0051368,227.13,1.915e-05,1.09894,11.0753,0.00019289
2021-02-22,54087.67,0.003846,267.5147,0.0049418,208.32,2.027e-05,1.09703,14.4191,0.00026658
2021-02-23,48891.0,0.00363,231.3646,0.0047359,177.34,1.966e-05,0.96197,15.2244,0.00031111
2021-02-24,49676.2,0.003652,254.5056,0.0051203,181.43,2.11e-05,1.04902,17.1691,0.00034605
2021-02-25,47073.73,0.003808,234.9146,0.0049873,179.36,2.285e-05,1.07691,13.8442,0.00029494
2021-02-26,46276.87,0.003677,221.717,0.0047917,170.25,2.686e-05,1.24303,13.5962,0.00029354
2021-02-27,46106.43,0.003725,225.3853,0.0048864,171.76,2.85e-05,1.31402,13.1916,0.00028636
2021-02-28,45135.66,0.00366,210.2138,0.0046568,165.22,2.909e-05,1.31203,13.0887,0.00029005
2021-03-01,49587.03,0.003547,254.9637,0.0051393,175.89,2.615e-05,1.29627,14.9855,0.00030275
2021-03-02,48440.65,0.003696,239.6841,0.0049484,179.08,2.524e-05,1.2228,13.9438,0.00028727
2021-03-03,50349.37,0.003728,240.5701,0.0047779,187.64,2.408e-05,1.21311,14.0742,0.00027959
2021-03-04,48374.09,0.003735,229.6369,0.0047488,180.67,2.3e-05,1.11239,13.0508,0.00026998
2021-03-05,48751.71,0.003696,225.4714,0.0046243,180.23,2.378e-05,1.15908,12.5382,0.00025711
2021-03-06,48882.2,0.003741,226.3814,0.0046307,182.85,2.31e-05,1.129,13.0421,0.00026697
2021-03-07,50971.75,0.003742,240.11,0.0047078,190.75,2.217e-05,1.13042,13.8174,0.00027147
2021-03-08,52375.17,0.003663,240.5509,0.0045924,191.85,2.135e-05,1.11848,13.6028,0.0002598
2021-03-09,54884.5,0.003714,293.2052,0.0053456,203.81,2.181e-05,1.1972,14.839,0.00027079
2021-03-10,55851.59,0.003585,278.4499,0.004985,200.29,2.028e-05,1.13261,14.2048,0.00025457
2021-03-11,57773.16,0.003484,290.0301,0.0050191,201.36,1.947e-05,1.1243,16.031,0.00027842
2021-03-12,57221.72,0.003858,263.2201,0.0045966,220.84,1.805e-05,1.03207,14.5597,0.00025424
2021-03-13,61188.39,0.003695,276.2822,0.0045137,226.06,1.799e-05,1.1,15.3033,0.00024987
2021-03-14,58968.31,0.003628,263.238,0.0044645,213.94,1.786e-05,1.05243,14.4605,0.00024544
2021-03-15,55605.2,0.003608,254.5144,0.0045716,200.59,1.853e-05,1.03103,14.1577,0.00025435
2021-03-16,56900.75,0.003544,258.5352,0.0045439,201.6,2.197e-05,1.24924,13.6392,0.00023959
2021-03-17,58912.97,0.003496,269.7896,0.0045815,205.98,2.338e-05,1.377,14.2018,0.00024136
2021-03-18,57648.16,0.003464,261.4816,0.0045345,199.7,2.134e-05,1.22925,14.204,0.00024692
2021-03-19,58030.01,0.003446,262.935,0.0045328,199.96,2.232e-05,1.29474,14.1552,0.00024352
2021-03-20,58102.28,0.003444,264.3023,0.0045489,200.17,2.066e-05,1.20046,14.1894,0.00024384
2021-03-21,57351.56,0.003405,264.6513,0.0046157,195.31,2.068e-05,1.18561,14.3372,0.00024981
2021-03-22,54083.25,0.003433,254.7976,0.0047164,185.67,2.037e-05,1.1015,14.7964,0.00027311
2021-03-23,54340.89,0.003418,255.4646,0.004701,185.83,2.053e-05,1.11639,14.1552,0.0002605
2021-03-24,52303.65,0.003365,248.5236,0.0047512,176.05,2.042e-05,1.06902,13.5973,0.00025993
2021-03-25,51293.78,0.003344,233.9466,0.0045608,171.53,2.136e-05,1.0956,12.9787,0.00025299
2021-03-26,55025.59,0.003333,255.2105,0.0046352,183.45,2.205e-05,1.2142,14.7664,0.00026831
2021-03-27,55817.14,0.003297,269.2234,0.0048233,184.06,2.108e-05,1.17678,16.4589,0.00029483
2021-03-28,55777.63,0.003302,268.4263,0.0048162,184.24,2.133e-05,1.18983,18.0645,0.00032406
2021-03-29,57635.47,0.003361,275.2991,0.0047741,193.73,2.086e-05,1.20239,18.9504,0.00032844
2021-03-30,58746.57,0.003332,311.2962,0.0052984,195.74,2.062e-05,1.21189,19.0685,0.0003246
2021-03-31,58740.55,0.003348,302.3724,0.0051487,196.7,2.028e-05,1.19191,19.3861,0.00033011
2021-04-01,58720.44,0.003453,334.7991,0.0056989,202.86,2.014e-05,1.18377,19.0443,0.00032417
2021-04-02,58950.01,0.003587,338.2932,0.0057378,211.46,2.019e-05,1.18998,19.7501,0.0003351
2021-04-03,57051.94,0.003421,321.9497,0.0056437,195.23,2.037e-05,1.16238,22.5,0.00039411
2021-04-04,58202.01,0.003476,348.8617,0.0059976,202.21,2.031e-05,1.18206,23.7755,0.00040857
2021-04-05,59129.99,0.003746,368.0263,0.0062251,221.48,2.049e-05,1.2118,22.9717,0.00038917
2021-04-06,57991.15,0.004084,403.3648,0.0069545,237.04,2.159e-05,1.252,25.0548,0.00043259
2021-04-07,55953.45,0.003914,375.5538,0.0067051,219.05,2.097e-05,1.17359,26.5385,0.00047293
2021-04-08,58077.52,0.003895,418.7048,0.0072075,226.11,2.1e-05,1.21926,26.9384,0.00046423
2021-04-09,58142.54,0.003802,453.9937,0.0078031,221.12,2.069e-05,1.20201,27.6172,0.00047546
2021-04-10,59769.13,0.004292,471.2975,0.0078868,256.34,2.036e-05,1.21747,26.8021,0.00044807
2021-04-11,60002.43,0.004207,525.9275,0.0087662,252.31,2.106e-05,1.26355,27.8517,0.00046454
2021-04-12,59860.0,0.004084,596.7104,0.0099707,244.42,2.196e-05,1.31431,28.5424,0.00047752
2021-04-13,63575.0,0.004208,551.6442,0.0086716,267.59,2.222e-05,1.41246,27.4507,0.00043138
2021-04-14,62959.53,0.004427,550.0182,0.0087317,278.86,2.306e-05,1.45092,26.4067,0.00041963
2021-04-15,63159.98,0.00452,541.8824,0.0085783,285.63,2.341e-05,1.4782,27.7816,0.00043992
2021-04-16,61334.8,0.005027,508.2743,0.0082871,308.43,2.301e-05,1.40989,25.2996,0.00041273
2021-04-17,60006.66,0.005014,514.6861,0.0085721,300.86,2.28e-05,1.36802,24.85,0.00041438
2021-04-18,56150.01,0.00487,481.4367,0.0085732,273.36,2.274e-05,1.27693,32.3358,0.00057574
2021-04-19,55633.14,0.004696,504.0322,0.0090572,261.38,2.147e-05,1.1945,31.4711,0.00056545
2021-04-20,56425.0,0.004622,586.3635,0.0104,260.68,2.245e-05,1.26689,31.7028,0.00056155
2021-04-21,53787.63,0.00479,543.6327,0.0101148,257.69,2.237e-05,1.20358,32.5534,0.00060599
2021-04-22,51690.96,0.004889,505.2411,0.00977,252.5,2.213e-05,1.144,38.9,0.00075214
2021-04-23,51125.14,0.004721,526.5357,0.0103031,241.31,2.265e-05,1.15866,37.3893,0.00072856
2021-04-24,50047.84,0.004494,496.992,0.0099234,224.75,2.205e-05,1.10287,40.8401,0.000818
2021-04-25,49066.77,0.004563,505.0,0.0102933,223.88,2.223e-05,1.0913,47.405,0.00096689
2021-04-26,54001.39,0.004582,535.33,0.009912,247.42,2.292e-05,1.2375,43.878,0.00081216
2021-04-27,55011.97,0.004722,568.78,0.010341,259.77,2.375e-05,1.3063,43.147,0.00078465
2021-04-28,54846.22,0.004713,562.78,0.010259,258.51,2.438e-05,1.3379,44.833,0.00081745
2021-04-29,53555.0,0.004769,599.7,0.011201,255.31,2.438e-05,1.3063,42.484,0.000794
2021-04-30,57694.27,0.004699,622.65,0.010791,271.13,2.344e-05,1.3532,42.786,0.00074141
2021-05-01,57800.37,0.004788,620.0,0.010731,276.78,2.338e-05,1.3516,49.67,0.00085809
2021-05-02,56578.21,0.004752,621.78,0.010988,268.88,2.345e-05,1.3267,46.897,0.0008297
2021-05-03,57169.39,0.005156,676.15,0.011832,294.87,2.383e-05,1.3622,45.912,0.00080388
2021-05-04,53200.01,0.005738,609.3,0.011454,305.23,2.388e-05,1.2698,42.636,0.0008014
2021-05-05,57436.11,0.006198,651.1,0.01134,356.04,2.578e-05,1.4798,44.98,0.00078294
2021-05-06,56393.68,0.006288,633.99,0.011243,354.67,2.926e-05,1.6491,43.496,0.00077188
2021-05-07,57314.75,0.006017,624.3,0.01089,344.89,2.884e-05,1.653,43.182,0.00075251
2021-05-08,58862.05,0.005899,646.1,0.010978,347.1,2.754e-05,1.6211,45.612,0.0007751
2021-05-09,58240.84,0.006663,661.74,0.011367,387.8,3.033e-05,1.7663,44.33,0.00076139
2021-05-10,55816.14,0.006432,631.1,0.01131,358.89,2.942e-05,1.6423,42.854,0.00076869
2021-05-11,56670.02,0.006667,671.91,0.011854,377.6,3.11e-05,1.7632,44.538,0.00078615
2021-05-12,49631.32,0.006261,594.65,0.01197,310.4,3.163e-05,1.5694,43.709,0.00087594
2021-05-13,49670.97,0.006398,571.1,0.011496,317.95,3.882e-05,1.9296,41.049,0.00082629
2021-05-14,49841.45,0.006544,602.61,0.012094,326.23,4.028e-05,2.0069,42.7,0.00085614
2021-05-15,46762.99,0.006418,563.41,0.012047,300.3,4.653e-05,2.1744,43.486,0.00092874
2021-05-16,46431.5,0.006374,564.32,0.012144,295.89,4.955e-05,2.3002,46.85,0.00100974
2021-05-17,43538.04,0.006463,512.07,0.011762,281.53,4.664e-05,2.0307,46.708,0.00107402
2021-05-18,42849.78,0.006859,507.88,0.011853,293.98,4.675e-05,2.0036,55.977,0.00130717
2021-05-19,36690.09,0.005081,334.8,0.009132,185.93,4e-05,1.4663,34.988,0.00095469
2021-05-20,40526.64,0.005197,391.17,0.009653,210.74,4.441e-05,1.8006,44.42,0.001094
2021-05-21,37252.01,0.004828,326.01,0.008747,179.97,4.156e-05,1.5493,38.925,0.0010447
2021-05-22,37449.73,0.00452,299.76,0.008003,169.32,3.908e-05,1.4629,31.222,0.00083411
2021-05-23,34655.25,0.004109,260.72,0.00752,142.39,3.786e-05,1.3139,24.536,0.0007072
2021-05-24,38796.29,0.004774,345.64,0.00891,185.32,3.998e-05,1.55,31.416,0.00080747
2021-05-25,38324.72,0.004797,343.18,0.008958,183.76,4.049e-05,1.5532,29.973,0.00078159
2021-05-26,39241.91,0.005069,379.16,0.009661,198.91,4.532e-05,1.7791,35.43,0.0009031
2021-05-27,38529.98,0.005045,369.67,0.0096,194.32,4.297e-05,1.6552,33.747,0.00087623
2021-05-28,35663.49,0.004972,328.82,0.009223,177.33,4.241e-05,1.5133,28.989,0.00081275
2021-05-29,34605.15,0.004735,305.04,0.008816,164.01,4.055e-05,1.4029,27.388,0.00079243
2021-05-30,35641.27,0.004784,325.57,0.009135,170.51,4.421e-05,1.5751,28.588,0.00080113
2021-05-31,37253.81,0.005048,353.33,0.009485,187.97,4.662e-05,1.7373,32.75,0.00088039
2021-06-01,36693.09,0.004988,362.39,0.009876,182.99,4.734e-05,1.7363,30.938,0.00084348
2021-06-02,37568.68,0.004982,401.54,0.010687,187.14,4.668e-05,1.7534,33.994,0.00090477
2021-06-03,39246.79,0.004932,428.48,0.010922,193.5,4.703e-05,1.8453,39.602,0.00100815
2021-06-04,36829.0,0.004844,390.7,0.010604,178.44,4.638e-05,1.7077,37.338,0.00101421
2021-06-05,35513.2,0.004872,390.08,0.010983,172.94,4.663e-05,1.6551,39.633,0.00111748
2021-06-06,35796.31,0.004927,393.73,0.010998,176.41,4.684e-05,1.6771,42.205,0.00117944
2021-06-07,33552.79,0.004824,357.96,0.010662,161.95,4.663e-05,1.5659,38.235,0.00113915
2021-06-08,33380.81,0.004812,352.5,0.01056,160.63,4.74e-05,1.5819,41.245,0.00123613
2021-06-09,37388.05,0.004613,375.54,0.010044,172.56,4.355e-05,1.6279,42.032,0.00112438
2021-06-10,36675.72,0.004584,351.94,0.009597,168.16,4.178e-05,1.5328,41.105,0.0011204
2021-06-11,37331.98,0.004361,345.75,0.00926,162.83,3.85e-05,1.4371,36.157,0.00096838
2021-06-12,35546.11,0.004554,343.7,0.009671,161.8,4.161e-05,1.4789,36.476,0.00102645
2021-06-13,39020.57,0.004378,365.8,0.009377,170.85,3.989e-05,1.5566,38.706,0.00099263
2021-06-14,40516.29,0.004439,370.19,0.009138,179.89,3.889e-05,1.5769,39.694,0.00098031
2021-06-15,40144.04,0.004363,366.48,0.009131,175.15,3.874e-05,1.5552,39.536,0.00098469
2021-06-16,38349.01,0.004344,347.22,0.009056,166.57,3.873e-05,1.4851,39.728,0.00103542
2021-06-17,38092.97,0.004389,352.85,0.009265,167.08,3.892e-05,1.4826,39.265,0.00103025
2021-06-18,35819.84,0.004367,337.16,0.009413,156.34,3.955e-05,1.4163,36.82,0.00102821
2021-06-19,35483.72,0.004298,334.01,0.009408,152.49,3.901e-05,1.3839,35.19,0.00099098
2021-06-20,35600.16,0.004348,339.08,0.009526,154.88,4.006e-05,1.4263,35.257,0.00099039
2021-06-21,31608.93,0.003935,270.76,0.008566,124.46,3.712e-05,1.174,26.59,0.00084178
2021-06-22,32509.56,0.003682,262.1,0.00806,119.64,3.555e-05,1.1567,26.958,0.0008291
2021-06-23,33678.07,0.003834,296.25,0.008797,129.1,3.715e-05,1.2512,30.837,0.00091653
2021-06-24,34663.09,0.003883,308.62,0.008901,134.58,3.924e-05,1.3604,31.141,0.00089977
2021-06-25,31584.45,0.00396,280.81,0.008893,125.0,3.966e-05,1.2521,28.641,0.00090656
2021-06-26,32283.65,0.003929,279.65,0.008668,126.89,3.88e-05,1.2521,29.698,0.00091955
2021-06-27,34700.34,0.003822,290.87,0.008387,132.6,3.856e-05,1.338,31.897,0.00091956
2021-06-28,34494.89,0.003991,290.0,0.008409,137.69,3.844e-05,1.326,33.001,0.00095644
2021-06-29,35911.73,0.004017,300.79,0.008379,144.2,3.825e-05,1.373,33.97,0.00094583
2021-06-30,35045.0,0.004117,303.71,0.008666,144.26,3.953e-05,1.3853,35.51,0.00101389
2021-07-01,33504.69,0.00409,287.43,0.00858,137.02,3.973e-05,1.3313,33.271,0.00099323
2021-07-02,33786.55,0.004049,287.17,0.0085,136.85,4.128e-05,1.3946,34.0,0.00100661
2021-07-03,34669.13,0.004043,298.13,0.008602,140.17,4.052e-05,1.4045,34.498,0.00099458
2021-07-04,35286.51,0.004107,307.62,0.00872,144.95,4.141e-05,1.4615,34.28,0.00097166
2021-07-05,33690.14,0.004087,302.02,0.008965,137.71,4.166e-05,1.4039,32.908,0.00097602
2021-07-06,34220.01,0.004059,319.92,0.00935,138.87,4.137e-05,1.4157,34.226,0.00100013
2021-07-07,33862.12,0.004058,327.51,0.009677,137.41,4.146e-05,1.404,36.673,0.00108293
2021-07-08,32875.71,0.004018,310.14,0.009435,132.15,4.037e-05,1.327,33.142,0.00100843
2021-07-09,33815.81,0.003978,317.09,0.009379,134.58,3.994e-05,1.3504,33.315,0.00098562
2021-07-10,33502.87,0.004,316.12,0.009434,133.99,3.987e-05,1.3356,31.693,0.00094624
2021-07-11,34258.99,0.003919,322.16,0.0094,134.28,3.937e-05,1.3485,32.182,0.00093967
2021-07-12,33086.63,0.00403,316.12,0.009551,133.38,3.967e-05,1.3126,30.77,0.00093095
2021-07-13,32729.77,0.004016,308.94,0.00944,131.44,3.866e-05,1.265,29.136,0.00089065
2021-07-14,32820.02,0.003993,309.4,0.009426,131.07,3.849e-05,1.2635,31.365,0.00095573
2021-07-15,31880.0,0.003947,316.11,0.009915,125.86,3.847e-05,1.2258,28.545,0.00089527
2021-07-16,31383.87,0.003844,302.88,0.009654,120.65,3.731e-05,1.1708,26.271,0.00083709
2021-07-17,31520.07,0.003806,300.52,0.009534,119.95,3.719e-05,1.1721,26.802,0.00085009
2021-07-18,31778.56,0.003749,302.1,0.009507,119.17,3.717e-05,1.1813,26.673,0.0008391
2021-07-19,30839.65,0.003669,280.54,0.009098,113.13,3.639e-05,1.1225,24.509,0.0007943
2021-07-20,29790.35,0.003601,264.44,0.008877,107.29,3.539e-05,1.0539,23.474,0.00078789
2021-07-21,32144.51,0.003663,293.26,0.009123,117.74,3.642e-05,1.1711,26.7,0.0008303
2021-07-22,32287.83,0.003737,293.36,0.009087,120.67,3.673e-05,1.1856,27.699,0.00085738
2021-07-23,33634.09,0.003695,299.27,0.008899,124.24,3.591e-05,1.2077,28.516,0.00084859
2021-07-24,34258.14,0.003678,301.56,0.008803,125.99,3.599e-05,1.2327,28.616,0.00083559
2021-07-25,35381.02,0.003606,302.56,0.008551,127.68,3.471e-05,1.2284,28.248,0.00079792
2021-07-26,37237.6,0.003519,304.0,0.008158,131.06,3.369e-05,1.2551,28.184,0.00075762
2021-07-27,39457.87,0.003413,313.48,0.007946,134.74,3.243e-05,1.2799,28.103,0.00071262
2021-07-28,40019.56,0.003511,313.8,0.007845,140.42,3.217e-05,1.2875,27.875,0.00069702
2021-07-29,40016.48,0.003534,317.03,0.007923,141.44,3.213e-05,1.2856,31.235,0.00078113
2021-07-30,42206.37,0.003448,322.58,0.00764,145.51,3.105e-05,1.3108,32.354,0.0007664
2021-07-31,41461.83,0.003481,332.38,0.008019,144.37,3.183e-05,1.3193,36.744,0.00088655
2021-08-01,39845.44,0.003521,332.59,0.008345,140.31,3.298e-05,1.3142,34.165,0.00085769
2021-08-02,39147.82,0.003611,330.55,0.008443,141.35,3.343e-05,1.3083,33.167,0.00084739
2021-08-03,38207.05,0.003625,323.43,0.008465,138.49,3.584e-05,1.3696,34.105,0.00089251
2021-08-04,39723.18,0.003588,334.77,0.008427,142.57,3.465e-05,1.3765,35.76,0.00090077
2021-08-05,40862.46,0.003513,337.91,0.008269,143.53,3.392e-05,1.3859,37.353,0.0009135
2021-08-06,42836.87,0.003453,342.39,0.007994,147.95,3.274e-05,1.4025,39.525,0.000922
2021-08-07,44572.54,0.003498,356.18,0.007992,155.92,3.304e-05,1.4727,39.469,0.00088519
2021-08-08,43794.37,0.003417,341.79,0.007805,149.69,3.254e-05,1.4255,37.65,0.00085953
2021-08-09,46253.4,0.003596,354.32,0.007659,166.31,3.188e-05,1.4745,38.646,0.0008357
2021-08-10,45584.99,0.003628,371.92,0.00816,165.38,3.681e-05,1.678,40.64,0.00089242
2021-08-11,45511.0,0.003748,390.96,0.008588,170.6,3.939e-05,1.7934,41.621,0.00091463
2021-08-12,44399.0,0.003725,385.66,0.008685,165.38,4.127e-05,1.8324,41.102,0.00092495
2021-08-13,47800.0,0.003836,410.76,0.008592,183.31,4.473e-05,2.1386,44.83,0.00093858
2021-08-14,47068.51,0.003884,408.67,0.008684,182.76,4.648e-05,2.1878,44.14,0.00093739
2021-08-15,46973.82,0.00393,414.05,0.008817,184.6,4.613e-05,2.1667,53.531,0.00113935
2021-08-16,45901.29,0.003876,415.72,0.009059,177.93,4.514e-05,2.0714,62.016,0.00135106
2021-08-17,44695.95,0.003774,401.8,0.008988,168.61,4.305e-05,1.9239,64.123,0.00143631
2021-08-18,44705.29,0.003728,396.15,0.008867,166.65,4.708e-05,2.1043,72.663,0.00162433
2021-08-19,46760.62,0.003754,431.27,0.009223,175.59,5.222e-05,2.4411,72.764,0.00155608
2021-08-20,49322.47,0.003723,454.93,0.009223,183.59,4.978e-05,2.4557,78.643,0.00159574
2021-08-21,48821.87,0.003679,448.74,0.009192,179.63,4.988e-05,2.4341,73.801,0.00151124
2021-08-22,49239.22,0.003774,448.68,0.009111,185.91,5.495e-05,2.7049,72.775,0.00147807
2021-08-23,49488.85,0.003779,499.06,0.010088,187.01,5.89e-05,2.9152,75.623,0.00152795
2021-08-24,47674.01,0.003638,471.62,0.00989,173.42,5.704e-05,2.7187,70.527,0.0014799
2021-08-25,48973.32,0.003631,503.19,0.010276,177.75,5.594e-05,2.739,71.973,0.00147042
2021-08-26,46843.87,0.003581,478.1,0.010205,167.7,5.399e-05,2.528,74.92,0.0015978
2021-08-27,49069.9,0.003592,494.5,0.010079,176.2,6.003e-05,2.946,87.98,0.0017942
2021-08-28,48895.35,0.003593,486.2,0.009943,175.6,5.824e-05,2.847,96.22,0.0019677
2021-08-29,48767.83,0.003575,479.7,0.009839,174.3,5.845e-05,2.851,94.23,0.0019336
2021-08-30,46982.91,0.003563,460.3,0.009794,167.3,5.82e-05,2.734,110.25,0.002347
2021-08-31,47100.89,0.003641,463.9,0.009848,171.5,5.875e-05,2.767,108.27,0.002299
2021-09-01,48810.52,0.003705,489.4,0.01003,180.9,5.879e-05,2.869,110.71,0.0022678
2021-09-02,49246.64,0.003721,483.7,0.009816,183.3,6.009e-05,2.96,128.23,0.0026031
2021-09-03,49999.14,0.00426,488.5,0.00977,212.9,5.932e-05,2.966,146.4,0.0029281
2021-09-04,49915.64,0.004245,497.7,0.009967,211.9,5.672e-05,2.83,138.88,0.0027835
2021-09-05,51756.88,0.004486,504.8,0.009751,232.2,5.624e-05,2.91,142.0,0.0027424
2021-09-06,52663.9,0.004166,496.1,0.009419,219.4,5.379e-05,2.833,164.22,0.0031198
2021-09-07,46863.73,0.003805,418.7,0.008934,178.5,5.365e-05,2.514,173.46,0.0036994
2021-09-08,46048.31,0.003901,415.0,0.009012,179.7,5.363e-05,2.47,191.02,0.0041467
2021-09-09,46395.14,0.003888,421.3,0.009081,180.5,5.427e-05,2.518,187.9,0.0040493
2021-09-10,44850.91,0.003881,401.4,0.008951,174.1,5.316e-05,2.383,179.6,0.0040009
2021-09-11,45173.69,0.003954,405.1,0.008966,178.6,5.838e-05,2.638,179.04,0.0039664
2021-09-12,46025.24,0.003978,416.3,0.009046,183.0,5.606e-05,2.581,174.29,0.0037857
2021-09-13,44940.73,0.003991,399.1,0.008882,179.4,5.344e-05,2.402,169.53,0.0037769
2021-09-14,47111.52,0.003885,414.3,0.008797,183.1,5.088e-05,2.396,158.88,0.0033702
2021-09-15,48121.41,0.003929,431.3,0.00896,189.0,5.205e-05,2.505,158.79,0.0033005
2021-09-16,47737.82,0.003881,424.3,0.008886,185.2,5.062e-05,2.417,152.29,0.0031887
2021-09-17,47299.98,0.003805,406.6,0.008598,180.0,4.967e-05,2.35,147.58,0.003118
2021-09-18,48292.74,0.003755,410.7,0.008506,181.4,4.909e-05,2.371,169.22,0.0035035
2021-09-19,47241.75,0.003717,408.6,0.008647,175.6,4.831e-05,2.283,152.76,0.0032348
2021-09-20,43015.62,0.003656,364.1,0.008462,157.2,4.836e-05,2.079,132.77,0.0030864
2021-09-21,40734.38,0.003646,344.4,0.008458,148.5,4.879e-05,1.986,124.29,0.0030499
2021-09-22,43543.61,0.003705,379.0,0.008698,161.4,5.182e-05,2.257,148.02,0.0033984
2021-09-23,44865.26,0.003653,383.5,0.008548,163.9,5.186e-05,2.327,149.91,0.0033412
2021-09-24,42810.57,0.003553,355.0,0.008294,152.1,5.319e-05,2.277,139.13,0.0032501
2021-09-25,42670.64,0.003537,349.6,0.008193,151.0,5.39e-05,2.3,136.06,0.0031894
2021-09-26,43160.9,0.003493,344.0,0.007973,150.7,5.113e-05,2.207,135.64,0.0031426
2021-09-27,42147.35,0.00344,335.5,0.007958,145.0,5.054e-05,2.13,136.35,0.0032365
2021-09-28,41026.54,0.003425,333.0,0.008119,140.6,4.964e-05,2.037,132.2,0.0032222
2021-09-29,41524.28,0.003487,367.7,0.008853,144.7,4.972e-05,2.066,135.25,0.0032574
2021-09-30,43824.1,0.003499,387.5,0.008843,153.3,4.827e-05,2.115,141.37,0.0032264
2021-10-01,48141.61,0.003452,421.5,0.008754,166.2,4.687e-05,2.256,161.56,0.0033563
2021-10-02,47634.9,0.003546,427.1,0.008965,168.9,4.717e-05,2.247,168.98,0.0035481
2021-10-03,48200.01,0.003536,430.5,0.00893,170.5,4.67e-05,2.251,172.98,0.0035874
2021-10-04,49224.94,0.003404,426.3,0.008662,167.5,4.451e-05,2.191,167.13,0.0033967
2021-10-05,51471.99,0.003376,442.1,0.008591,173.8,4.337e-05,2.233,164.62,0.0031981
2021-10-06,55315.0,0.003226,434.9,0.007859,178.5,3.993e-05,2.209,153.87,0.0027808
2021-10-07,53785.22,0.003321,438.5,0.008151,178.6,4.235e-05,2.278,154.26,0.0028668
2021-10-08,53951.43,0.00326,419.2,0.00777,175.9,4.146e-05,2.237,158.86,0.0029443
2021-10-09,54949.72,0.003274,421.9,0.007677,179.9,4.128e-05,2.268,156.84,0.0028534
2021-10-10,54659.0,0.003198,404.1,0.00739,174.8,4.004e-05,2.189,147.55,0.0026995
2021-10-11,57471.35,0.003118,413.1,0.007188,179.1,3.778e-05,2.171,144.77,0.0025192
2021-10-12,55996.93,0.003084,444.2,0.007932,172.6,3.781e-05,2.118,152.32,0.0027208
2021-10-13,57367.0,0.003097,470.8,0.008205,177.6,3.817e-05,2.19,148.04,0.0025795
2021-10-14,57347.94,0.003162,472.7,0.008243,181.3,3.788e-05,2.172,150.02,0.0026165
2021-10-15,61672.42,0.003074,474.5,0.007691,189.6,3.594e-05,2.218,163.18,0.0026449
2021-10-16,60875.57,0.003057,465.8,0.00765,186.0,3.578e-05,2.179,157.54,0.0025879
2021-10-17,61528.33,0.002987,470.9,0.007656,183.7,3.508e-05,2.158,160.12,0.0026021
2021-10-18,62009.84,0.002993,484.9,0.007819,185.6,3.431e-05,2.128,157.12,0.0025335
2021-10-19,64280.59,0.002937,488.1,0.007593,188.8,3.281e-05,2.11,155.78,0.0024238
2021-10-20,66001.41,0.003143,501.3,0.007594,207.3,3.316e-05,2.19,176.72,0.0026781
2021-10-21,62193.15,0.003162,470.9,0.007571,196.8,3.435e-05,2.137,190.5,0.0030624
2021-10-22,60688.22,0.003146,479.3,0.007896,191.0,3.552e-05,2.156,196.29,0.003233
2021-10-23,61286.75,0.003203,485.5,0.00792,196.3,3.535e-05,2.166,197.75,0.0032265
2021-10-24,60852.22,0.00313,475.8,0.007817,190.4,3.482e-05,2.12,202.14,0.0033233
2021-10-25,63078.78,0.003097,485.1,0.007689,195.5,3.4e-05,2.144,209.7,0.003325
2021-10-26,60328.81,0.003276,478.1,0.007927,197.6,3.544e-05,2.137,199.85,0.0033129
2021-10-27,58413.44,0.003068,448.7,0.00768,179.3,3.272e-05,1.912,184.49,0.0031575
2021-10-28,60575.89,0.003134,491.9,0.008123,189.8,3.279e-05,1.987,195.42,0.003226
2021-10-29,62253.71,0.003159,530.3,0.008516,196.7,3.236e-05,2.015,200.41,0.0032194
2021-10-30,61859.19,0.003074,528.3,0.008541,190.2,3.162e-05,1.955,195.7,0.0031636
2021-10-31,61299.8,0.00313,524.6,0.008561,191.9,3.206e-05,1.964,202.49,0.003302
2021-11-01,60911.11,0.003246,551.3,0.00905,197.6,3.198e-05,1.949,203.9,0.003348
2021-11-02,63219.99,0.003177,554.4,0.008768,200.9,3.117e-05,1.971,220.82,0.0034939
2021-11-03,62896.48,0.003295,568.4,0.009037,207.3,3.277e-05,2.063,243.37,0.0038685
2021-11-04,61395.01,0.003305,558.7,0.009103,202.6,3.23e-05,1.983,247.07,0.0040231
2021-11-05,60937.12,0.003263,607.3,0.009964,198.9,3.251e-05,1.982,236.06,0.0038735
2021-11-06,61470.61,0.003214,637.7,0.010373,197.6,3.26e-05,2.005,258.44,0.0042031
2021-11-07,63273.59,0.003193,649.6,0.010265,202.0,3.194e-05,2.021,249.68,0.0039453
2021-11-08,67525.83,0.00339,653.5,0.009679,229.0,3.148e-05,2.125,248.26,0.0036773
2021-11-09,66947.66,0.003914,635.0,0.009485,262.0,3.391e-05,2.27,239.04,0.0035722
2021-11-10,64882.43,0.004014,614.1,0.00947,260.4,3.234e-05,2.097,233.09,0.0035936
2021-11-11,64774.26,0.004048,628.4,0.009703,262.3,3.21e-05,2.079,233.37,0.0036018
2021-11-12,64122.23,0.003917,626.9,0.009777,251.2,3.19e-05,2.045,228.48,0.0035635
2021-11-13,64380.0,0.004002,649.5,0.010089,257.7,3.185e-05,2.05,241.59,0.0037526
2021-11-14,65519.1,0.004264,650.8,0.009933,279.3,3.114e-05,2.04,238.64,0.0036425
2021-11-15,63606.74,0.004133,633.8,0.009966,263.0,3.173e-05,2.017,238.2,0.0037442
2021-11-16,60058.87,0.003833,588.7,0.009804,230.2,3.121e-05,1.874,219.04,0.0036469
2021-11-17,60344.87,0.003805,578.0,0.009579,229.6,3.11e-05,1.876,218.94,0.0036274
2021-11-18,56891.62,0.003588,531.8,0.009347,204.2,3.141e-05,1.786,195.01,0.0034294
2021-11-19,58052.24,0.003754,581.0,0.010007,217.9,3.208e-05,1.863,215.25,0.0037073
2021-11-20,59707.51,0.003797,604.3,0.010122,226.8,3.22e-05,1.922,217.63,0.0036455
2021-11-21,58622.02,0.003774,584.0,0.009965,221.1,3.131e-05,1.835,230.51,0.0039321
2021-11-22,56247.18,0.003717,559.3,0.009943,209.1,3.159e-05,1.776,215.59,0.0038331
2021-11-23,57541.27,0.003758,591.1,0.010271,216.2,3.041e-05,1.751,221.75,0.0038537
2021-11-24,57138.29,0.003712,590.3,0.010332,212.2,2.915e-05,1.666,205.7,0.0036004
2021-11-25,58960.36,0.003781,639.1,0.01084,222.9,2.841e-05,1.675,209.97,0.0035602
2021-11-26,53726.53,0.003643,587.3,0.010931,195.7,2.853e-05,1.533,192.42,0.0035832
2021-11-27,54721.03,0.003566,599.9,0.010964,195.1,2.821e-05,1.543,192.74,0.0035219
2021-11-28,57274.88,0.003483,611.3,0.010672,199.5,2.784e-05,1.594,200.69,0.003505
2021-11-29,57776.25,0.003556,623.4,0.010794,205.5,2.773e-05,1.601,204.09,0.0035332
2021-11-30,56950.56,0.00365,622.5,0.010933,207.8,2.73e-05,1.554,208.53,0.0036634
2021-12-01,57184.07,0.00365,627.5,0.010973,208.8,2.705e-05,1.548,229.81,0.0040175
2021-12-02,56480.34,0.003602,619.9,0.010977,203.5,3.045e-05,1.719,233.6,0.0041339
2021-12-03,53601.05,0.003505,595.0,0.011102,188.0,2.902e-05,1.556,211.65,0.0039495
2021-12-04,49152.47,0.003309,568.6,0.011569,162.7,2.889e-05,1.42,200.67,0.0040832
2021-12-05,49396.33,0.003166,557.8,0.011294,156.3,2.792e-05,1.378,196.43,0.0039768
2021-12-06,50441.92,0.003196,587.5,0.011647,161.3,2.815e-05,1.42,193.56,0.0038377
2021-12-07,50588.95,0.003201,578.7,0.011439,161.8,2.725e-05,1.378,190.19,0.0037601
2021-12-08,50471.19,0.00327,607.2,0.012032,165.1,2.767e-05,1.396,194.61,0.0038567
2021-12-09,47545.59,0.003183,570.2,0.011995,151.3,2.712e-05,1.289,181.11,0.0038095
2021-12-10,47140.54,0.003147,552.4,0.011718,148.3,2.568e-05,1.211,167.39,0.0035528
2021-12-11,49389.99,0.0032,564.5,0.011429,158.0,2.741e-05,1.354,172.15,0.0034846
2021-12-12,50053.9,0.003176,570.3,0.011393,159.0,2.689e-05,1.346,172.8,0.003452
2021-12-13,46702.75,0.003095,521.0,0.011152,144.6,2.62e-05,1.223,155.21,0.0033224
2021-12-14,48343.28,0.003111,528.1,0.010922,150.4,2.62e-05,1.266,161.26,0.0033375
2021-12-15,48864.98,0.003142,541.1,0.011075,153.6,2.683e-05,1.311,178.52,0.0036528
2021-12-16,47632.38,0.003125,526.2,0.011045,148.9,2.601e-05,1.24,176.86,0.0037129
2021-12-17,46131.2,0.003122,525.5,0.01139,144.1,2.639e-05,1.218,175.51,0.0038048
2021-12-18,46834.48,0.003174,533.9,0.011402,148.6,2.653e-05,1.242,182.78,0.0039032
2021-12-19,46681.23,0.003282,529.8,0.011347,153.2,2.664e-05,1.243,179.93,0.0038542
2021-12-20,46914.16,0.003255,524.0,0.01117,152.6,2.638e-05,1.237,173.9,0.0037071
2021-12-21,48889.88,0.003167,528.3,0.010809,154.7,2.618e-05,1.28,179.63,0.0036753
2021-12-22,48588.16,0.003197,533.6,0.01098,155.4,2.732e-05,1.327,178.4,0.0036692
2021-12-23,50838.81,0.00322,549.0,0.0108,163.6,2.9e-05,1.475,190.03,0.00374
2021-12-24,50820.0,0.003172,542.1,0.010668,161.2,2.742e-05,1.392,190.36,0.003747
2021-12-25,50399.66,0.003131,547.4,0.010859,157.8,2.882e-05,1.452,193.1,0.0038279
2021-12-26,50775.49,0.003067,546.4,0.010761,155.7,2.866e-05,1.455,197.81,0.0038955
2021-12-27,50701.44,0.003077,563.7,0.011116,155.9,2.989e-05,1.516,195.67,0.003859
2021-12-28,47543.74,0.003065,534.2,0.011233,145.7,2.942e-05,1.4,177.32,0.0037283
2021-12-29,46464.66,0.003132,514.5,0.011072,145.5,2.865e-05,1.332,170.63,0.0036747
2021-12-30,47120.87,0.003141,518.5,0.011004,148.0,2.882e-05,1.359,172.52,0.0036598
2021-12-31,46216.93,0.003163,511.4,0.011069,146.3,2.831e-05,1.308,169.99,0.0036794
2022-01-01,47722.65,0.003158,527.3,0.011052,150.8,2.889e-05,1.38,179.06,0.0037533
2022-01-02,47286.18,0.003195,531.0,0.01123,151.2,2.912e-05,1.377,176.35,0.0037293
2022-01-03,46446.1,0.003198,511.9,0.011019,148.5,2.841e-05,1.319,170.15,0.0036605
2022-01-04,45832.01,0.003195,506.9,0.011061,146.5,2.856e-05,1.309,167.72,0.0036591
2022-01-05,43451.13,0.003115,474.1,0.010911,135.4,2.829e-05,1.23,154.52,0.0035561
2022-01-06,43082.31,0.003156,472.6,0.010969,135.9,2.971e-05,1.28,150.26,0.0034863
2022-01-07,41566.48,0.003157,448.1,0.010782,131.4,2.91e-05,1.21,136.45,0.0032834
2022-01-08,41679.74,0.003108,429.9,0.010314,129.4,2.834e-05,1.181,142.14,0.0034108
2022-01-09,41864.62,0.003126,438.7,0.010479,130.9,2.795e-05,1.17,140.82,0.0033644
2022-01-10,41822.49,0.003026,424.7,0.010157,126.5,2.686e-05,1.123,135.86,0.0032506
2022-01-11,42729.29,0.00308,463.6,0.010848,131.6,2.779e-05,1.187,140.2,0.0032811
2022-01-12,43902.66,0.003233,487.8,0.011111,141.9,2.989e-05,1.312,151.51,0.003451
2022-01-13,42560.11,0.003212,475.2,0.011165,136.7,2.896e-05,1.233,146.14,0.0034328
2022-01-14,43059.96,0.003358,490.0,0.011379,144.7,3e-05,1.292,146.17,0.0033937
2022-01-15,43084.29,0.003428,494.5,0.011479,147.7,2.998e-05,1.291,147.64,0.0034263
2022-01-16,43071.66,0.003399,498.6,0.011575,146.4,3.276e-05,1.41,147.98,0.0034352
2022-01-17,42201.62,0.003581,475.2,0.01126,151.2,3.796e-05,1.603,139.8,0.0033121
2022-01-18,42352.12,0.00334,471.4,0.011129,141.5,3.443e-05,1.458,141.22,0.0033342
2022-01-19,41660.01,0.003268,461.9,0.011089,136.2,3.209e-05,1.337,135.25,0.0032444
2022-01-20,40680.91,0.003191,440.2,0.010819,129.7,3.097e-05,1.259,127.54,0.0031352
2022-01-21,36445.31,0.003143,383.9,0.010531,114.5,3.074e-05,1.12,112.27,0.0030803
2022-01-22,35071.42,0.003091,358.3,0.010217,108.4,3.053e-05,1.071,94.54,0.0026969
2022-01-23,36244.55,0.003097,383.9,0.010593,112.3,3.102e-05,1.124,99.78,0.0027519
2022-01-24,36660.35,0.002988,371.3,0.010124,109.5,2.908e-05,1.065,91.93,0.0025089
2022-01-25,36958.32,0.002917,385.1,0.010421,107.8,2.82e-05,1.043,94.67,0.0025616
2022-01-26,36809.34,0.002905,375.1,0.01019,106.9,2.927e-05,1.077,92.12,0.002503
2022-01-27,37160.1,0.002877,389.9,0.010492,106.9,2.807e-05,1.042,89.51,0.0024107
2022-01-28,37716.56,0.0029,385.9,0.010231,109.4,2.78e-05,1.048,91.34,0.0024222
2022-01-29,38166.84,0.002904,389.3,0.010199,110.8,2.776e-05,1.059,96.13,0.0025189
2022-01-30,37881.76,0.002866,377.2,0.009954,108.6,2.733e-05,1.035,93.29,0.0024622
2022-01-31,38466.9,0.002847,374.3,0.00973,109.5,2.733e-05,1.051,99.49,0.0025863
2022-02-01,38694.59,0.002973,384.2,0.009926,115.0,2.831e-05,1.096,110.02,0.0028426
2022-02-02,36896.36,0.002937,366.9,0.009948,108.3,2.783e-05,1.027,101.88,0.002759
2022-02-03,37311.61,0.002974,372.3,0.009977,111.0,2.842e-05,1.061,101.77,0.0027282
2022-02-04,41574.25,0.00292,399.5,0.009614,121.3,2.74e-05,1.138,112.62,0.0027082
2022-02-05,41382.59,0.002942,413.7,0.009999,121.7,2.719e-05,1.125,113.75,0.0027482
2022-02-06,42380.87,0.003011,419.9,0.00991,127.6,2.695e-05,1.143,115.28,0.0027201
2022-02-07,43839.99,0.003131,433.5,0.009887,137.4,2.733e-05,1.199,117.55,0.0026814
2022-02-08,44042.99,0.003037,407.8,0.00926,133.7,2.669e-05,1.176,113.45,0.0025746
2022-02-09,44372.72,0.003156,422.9,0.009528,140.1,2.692e-05,1.195,113.93,0.0025693
2022-02-10,43495.44,0.003092,414.7,0.009533,134.6,2.645e-05,1.15,106.17,0.0024392
2022-02-11,42373.73,0.002964,400.0,0.009439,125.6,2.547e-05,1.079,96.53,0.002278
2022-02-12,42217.87,0.003003,403.6,0.009556,126.7,2.508e-05,1.059,95.96,0.0022732
2022-02-13,42053.66,0.002987,397.9,0.009463,125.6,2.478e-05,1.042,92.85,0.0022067
2022-02-14,42535.94,0.002929,403.4,0.009484,124.6,2.467e-05,1.049,96.37,0.0022651
2022-02-15,44544.86,0.002955,432.4,0.009709,131.5,2.487e-05,1.107,105.52,0.0023691
2022-02-16,43873.56,0.002911,427.3,0.009739,127.7,2.468e-05,1.082,101.86,0.0023223
2022-02-17,40515.7,0.00287,402.4,0.009932,116.3,2.517e-05,1.02,93.52,0.0023084
2022-02-18,39974.44,0.002872,399.2,0.009984,114.9,2.49e-05,0.995,89.86,0.0022491
2022-02-19,40079.17,0.002883,399.8,0.009972,115.5,2.486e-05,0.996,91.27,0.0022774
2022-02-20,38386.89,0.002882,380.6,0.009918,110.6,2.427e-05,0.931,90.72,0.0023625
2022-02-21,37008.16,0.002778,356.6,0.009636,102.8,2.315e-05,0.856,82.96,0.0022422
2022-02-22,38230.33,0.002809,374.3,0.009787,107.4,2.322e-05,0.888,86.38,0.0022599
2022-02-23,37250.01,0.002831,365.6,0.009814,105.4,2.325e-05,0.866,84.59,0.00227
2022-02-24,38327.21,0.002718,361.2,0.009424,104.1,2.226e-05,0.853,89.36,0.002331
2022-02-25,39219.17,0.002785,375.0,0.009561,109.2,2.292e-05,0.898,92.71,0.0023653
2022-02-26,39116.72,0.002766,373.7,0.009553,108.2,2.268e-05,0.887,90.23,0.0023069
2022-02-27,37699.07,0.002732,360.1,0.009552,102.9,2.272e-05,0.856,85.63,0.002271
2022-02-28,43160.0,0.002635,395.6,0.009164,113.7,2.231e-05,0.962,99.68,0.0023097
2022-03-01,44421.2,0.002535,408.7,0.009201,112.5,2.17e-05,0.963,98.66,0.0022198
2022-03-02,43892.98,0.002514,409.3,0.009322,110.3,2.139e-05,0.939,100.68,0.0022938
2022-03-03,42454.0,0.002633,402.6,0.009482,111.7,2.124e-05,0.903,95.62,0.0022531
2022-03-04,39148.66,0.00258,374.2,0.009559,101.0,2.157e-05,0.844,88.32,0.0022569
2022-03-05,39397.96,0.002662,384.7,0.009761,104.9,2.196e-05,0.864,89.63,0.002274
2022-03-06,38420.81,0.002631,375.0,0.009762,101.1,2.141e-05,0.823,84.57,0.0022013
2022-03-07,37988.0,0.002589,380.6,0.010017,98.4,2.088e-05,0.793,81.66,0.0021491
2022-03-08,38730.63,0.002601,381.4,0.009848,100.7,2.07e-05,0.802,82.32,0.0021248
2022-03-09,41941.71,0.002548,393.2,0.009376,106.9,2.025e-05,0.849,88.06,0.0020996
2022-03-10,39422.0,0.002601,372.0,0.009438,102.5,2.046e-05,0.807,82.87,0.0021021
2022-03-11,38729.57,0.002699,371.9,0.009602,104.6,2.036e-05,0.788,80.67,0.0020829
2022-03-12,38807.36,0.002718,372.4,0.009594,105.6,2.035e-05,0.789,81.38,0.0020976
2022-03-13,37777.34,0.00269,361.4,0.009564,101.7,2.083e-05,0.786,78.73,0.0020835
2022-03-14,39671.37,0.002661,373.4,0.009411,105.6,2.024e-05,0.802,81.22,0.0020471
2022-03-15,39280.33,0.002722,371.7,0.00946,106.8,2.034e-05,0.8,82.84,0.0021074
2022-03-16,41114.0,0.002707,385.4,0.009374,111.4,2.04e-05,0.838,87.77,0.0021348
2022-03-17,40917.9,0.002694,391.8,0.009574,110.2,2.044e-05,0.835,87.8,0.0021463
2022-03-18,41757.51,0.002679,397.2,0.00951,111.9,2.04e-05,0.851,89.8,0.0021499
2022-03-19,42201.13,0.002767,399.9,0.009472,116.8,2.139e-05,0.903,92.31,0.0021874
2022-03-20,41262.11,0.002783,390.8,0.009471,114.9,2.129e-05,0.879,88.62,0.0021474
2022-03-21,41002.25,0.00283,396.0,0.009658,116.0,2.238e-05,0.917,88.59,0.0021604
2022-03-22,42364.13,0.002898,404.3,0.009542,122.7,2.3e-05,0.975,90.43,0.0021346
2022-03-23,42882.76,0.002855,408.4,0.009521,122.4,2.582e-05,1.108,94.89,0.0022125
2022-03-24,43991.46,0.002875,414.2,0.009415,126.5,2.569e-05,1.131,102.32,0.002326
2022-03-25,44313.16,0.002797,410.3,0.009262,123.9,2.474e-05,1.096,98.6,0.0022249
2022-03-26,44511.27,0.002803,415.8,0.009345,124.8,2.589e-05,1.152,101.73,0.0022858
2022-03-27,46827.76,0.002767,430.5,0.009197,129.7,2.529e-05,1.184,107.04,0.0022855
2022-03-28,47122.21,0.002705,430.2,0.009126,127.6,2.481e-05,1.17,105.75,0.0022443
2022-03-29,47434.8,0.002741,434.2,0.009155,130.1,2.507e-05,1.191,111.62,0.0023539
2022-03-30,47067.99,0.002785,442.1,0.009393,131.1,2.529e-05,1.189,120.82,0.0025668
2022-03-31,45510.34,0.002721,428.9,0.009424,123.8,2.509e-05,1.141,122.77,0.0026983
2022-04-01,46283.49,0.0027,447.7,0.009672,124.8,2.519e-05,1.165,134.52,0.0029064
2022-04-02,45811.0,0.002725,437.2,0.009543,124.8,2.522e-05,1.155,132.49,0.0028926
2022-04-03,46407.35,0.002776,450.4,0.0097,128.7,2.555e-05,1.186,136.9,0.0029498
2022-04-04,46580.51,0.002678,447.6,0.00961,124.8,2.602e-05,1.212,132.14,0.002835
2022-04-05,45497.55,0.002697,444.7,0.009773,122.7,2.573e-05,1.171,126.87,0.0027875
2022-04-06,43170.47,0.002587,420.1,0.009731,111.7,2.438e-05,1.052,112.95,0.0026179
2022-04-07,43444.19,0.002627,436.0,0.010038,114.1,2.507e-05,1.089,118.48,0.0027276
2022-04-08,42252.01,0.002619,421.5,0.009972,110.7,2.425e-05,1.024,109.92,0.0026015
2022-04-09,42753.97,0.002637,426.6,0.00998,112.7,2.444e-05,1.045,112.96,0.0026408
2022-04-10,42158.85,0.002616,418.1,0.009917,110.3,2.435e-05,1.027,111.07,0.0026342
2022-04-11,39530.45,0.002593,394.6,0.009983,102.4,2.327e-05,0.92,99.67,0.0025213
2022-04-12,40074.94,0.002617,413.6,0.010322,104.8,2.381e-05,0.955,103.22,0.0025755
2022-04-13,41147.79,0.002686,423.4,0.010289,110.5,2.368e-05,0.974,104.94,0.0025502
2022-04-14,39942.38,0.002689,414.7,0.010383,107.3,2.335e-05,0.933,100.77,0.002523
2022-04-15,40551.9,0.002737,417.3,0.010289,111.0,2.355e-05,0.956,101.31,0.0024987
2022-04-16,40378.71,0.002831,417.3,0.01033,114.3,2.355e-05,0.951,102.06,0.0025279
2022-04-17,39678.12,0.002742,406.6,0.01025,108.8,2.305e-05,0.914,100.15,0.0025239
2022-04-18,40801.13,0.002726,416.8,0.010215,111.3,2.296e-05,0.937,102.33,0.0025092
2022-04-19,41493.18,0.002743,422.3,0.010179,113.8,2.295e-05,0.952,108.51,0.002615
2022-04-20,41358.19,0.002705,418.4,0.010113,111.9,2.264e-05,0.937,105.59,0.0025527
2022-04-21,40480.01,0.002637,404.9,0.010002,106.8,2.247e-05,0.91,101.78,0.0025138
2022-04-22,39709.18,0.002654,406.6,0.010238,105.4,2.281e-05,0.906,100.55,0.0025321
2022-04-23,39441.6,0.002666,401.1,0.010168,105.1,2.249e-05,0.886,100.63,0.0025505
2022-04-24,39450.13,0.00265,398.8,0.010109,104.6,2.244e-05,0.886,99.23,0.0025145
2022-04-25,40426.08,0.002586,404.3,0.010001,104.6,2.219e-05,0.8974,100.99,0.0024977
2022-04-26,38112.65,0.002587,385.9,0.010127,98.6,2.166e-05,0.8259,95.7,0.0025114
2022-04-27,39235.72,0.002563,391.3,0.009977,100.5,2.142e-05,0.8401,98.36,0.0025072
2022-04-28,39742.07,0.002598,407.1,0.010243,103.3,2.121e-05,0.8432,98.24,0.0024718
2022-04-29,38596.11,0.0026,393.0,0.010179,100.4,2.085e-05,0.8048,93.96,0.0024343
2022-04-30,37630.8,0.002547,377.1,0.010021,95.8,2.008e-05,0.7556,84.63,0.0022498
2022-05-01,38468.35,0.00258,389.9,0.010135,99.3,2.052e-05,0.7895,89.68,0.0023314
2022-05-02,38525.16,0.002613,389.5,0.01011,100.7,2.027e-05,0.7809,87.5,0.0022713
2022-05-03,37728.95,0.002633,383.9,0.010169,99.4,2.043e-05,0.7711,85.86,0.0022757
2022-05-04,39690.0,0.002677,402.6,0.010142,106.3,2.265e-05,0.8985,92.77,0.0023385
2022-05-05,36552.97,0.002649,378.4,0.010351,96.8,2.158e-05,0.7884,84.52,0.0023126
2022-05-06,36013.77,0.002685,379.1,0.010527,96.7,2.174e-05,0.7832,81.68,0.0022678
2022-05-07,35472.39,0.002658,365.5,0.0103,94.3,2.143e-05,0.7604,78.86,0.0022223
2022-05-08,34038.4,0.002757,355.9,0.01045,93.9,2.174e-05,0.7403,75.38,0.0022147
2022-05-09,30076.31,0.002535,296.1,0.009848,76.2,2.003e-05,0.6019,62.16,0.002068
2022-05-10,31017.1,0.002584,319.1,0.010288,80.2,2.026e-05,0.6286,66.9,0.0021569
2022-05-11,29103.94,0.00229,271.5,0.009331,66.6,1.781e-05,0.5187,50.9,0.0017491
2022-05-12,29029.75,0.00222,269.0,0.009265,64.5,1.629e-05,0.4733,44.64,0.0015384
2022-05-13,29287.05,0.002318,290.6,0.009926,67.9,1.806e-05,0.529,48.92,0.0016705
2022-05-14,30086.74,0.002288,296.9,0.009872,68.9,1.785e-05,0.5372,52.43,0.0017427
2022-05-15,31328.89,0.002284,312.4,0.00997,71.6,1.91e-05,0.5981,58.83,0.0018781
2022-05-16,29874.01,0.002249,297.2,0.009949,67.3,1.864e-05,0.5569,53.79,0.0018019
2022-05-17,30444.93,0.002401,306.2,0.010058,73.2,1.898e-05,0.5778,57.02,0.0018728
2022-05-18,28715.32,0.002297,287.7,0.010017,66.0,1.762e-05,0.5059,49.93,0.0017386
2022-05-19,30319.23,0.002379,307.1,0.010122,72.1,1.759e-05,0.5334,52.2,0.0017208
2022-05-20,29201.01,0.002347,302.2,0.010354,68.6,1.768e-05,0.5162,49.43,0.0016936
2022-05-21,29445.06,0.002372,312.4,0.010613,69.8,1.795e-05,0.5286,50.31,0.0017086
2022-05-22,30293.94,0.002367,319.4,0.010545,71.7,1.788e-05,0.5416,52.48,0.0017329
2022-05-23,29109.15,0.002371,317.2,0.010895,69.1,1.763e-05,0.5134,49.17,0.0016889
2022-05-24,29654.58,0.00237,328.3,0.011072,70.2,1.76e-05,0.5219,49.67,0.0016752
2022-05-25,29542.15,0.002308,325.7,0.011021,68.2,1.741e-05,0.5146,47.98,0.0016237
2022-05-26,29201.35,0.002172,303.0,0.010375,63.5,1.638e-05,0.4789,43.44,0.0014874
2022-05-27,28629.8,0.00215,301.6,0.010535,61.6,1.595e-05,0.4566,41.17,0.0014381
2022-05-28,29031.33,0.00217,307.5,0.010597,63.0,1.601e-05,0.4646,44.25,0.0015244
2022-05-29,29468.1,0.00216,305.8,0.010379,63.6,1.636e-05,0.482,44.98,0.0015265
2022-05-30,31734.22,0.002177,321.8,0.010139,69.1,1.796e-05,0.5698,47.22,0.0014881
2022-05-31,31801.04,0.00215,320.9,0.010091,68.4,1.971e-05,0.6268,45.77,0.0014393
2022-06-01,29805.83,0.002104,300.4,0.010082,62.7,1.851e-05,0.5516,40.11,0.0013458
2022-06-02,30452.62,0.002115,308.3,0.010126,64.5,1.928e-05,0.5871,40.85,0.0013418
2022-06-03,29700.21,0.002107,298.6,0.010051,62.6,1.886e-05,0.56,38.28,0.0012886
2022-06-04,29864.04,0.002135,301.3,0.010091,63.7,1.898e-05,0.5665,39.0,0.0013057
2022-06-05,29919.21,0.002111,299.1,0.009998,63.2,1.896e-05,0.5674,38.52,0.0012877
2022-06-06,31373.1,0.002054,295.1,0.009405,64.5,1.942e-05,0.6091,42.39,0.0013512
2022-06-07,31125.33,0.002052,290.3,0.009324,63.8,1.973e-05,0.6141,39.31,0.0012626
2022-06-08,30204.77,0.002031,288.5,0.00955,61.3,2.122e-05,0.6408,38.83,0.0012857
2022-06-09,30109.93,0.002,289.9,0.009627,60.3,2.1e-05,0.6323,39.96,0.0013273
2022-06-10,29091.88,0.001949,286.4,0.009842,56.7,1.974e-05,0.5744,37.17,0.0012769
2022-06-11,28424.7,0.001834,269.9,0.009497,52.2,1.949e-05,0.554,33.93,0.0011939
2022-06-12,26574.53,0.001803,254.8,0.009585,47.9,1.845e-05,0.4904,30.61,0.001152
2022-06-13,22487.41,0.001934,223.0,0.009912,43.5,2.064e-05,0.4644,28.6,0.001272
2022-06-14,22136.41,0.002086,223.0,0.010076,46.15,2.182e-05,0.4831,29.59,0.0013362
2022-06-15,22583.72,0.002243,233.6,0.010344,50.65,2.367e-05,0.5348,34.76,0.0015394
2022-06-16,20401.31,0.002195,210.2,0.010306,44.78,2.334e-05,0.4762,30.12,0.0014763
2022-06-17,20468.81,0.002325,215.8,0.010544,47.6,2.38e-05,0.4872,30.71,0.0015005
2022-06-18,18970.79,0.002486,197.0,0.010379,47.18,2.397e-05,0.4549,32.02,0.0016873
2022-06-19,20574.0,0.002637,215.1,0.010452,54.29,2.356e-05,0.4848,34.19,0.0016623
2022-06-20,20573.89,0.002564,216.5,0.010526,52.77,2.39e-05,0.4915,35.24,0.0017137
2022-06-21,20723.52,0.002582,220.1,0.01062,53.52,2.322e-05,0.4813,36.42,0.0017572
2022-06-22,19987.99,0.002608,214.4,0.010726,52.13,2.298e-05,0.4594,34.12,0.0017074
2022-06-23,21110.13,0.002641,228.9,0.010845,55.74,2.273e-05,0.48,38.15,0.0018073
2022-06-24,21237.69,0.002629,240.2,0.011313,55.84,2.345e-05,0.4981,41.91,0.0019741
2022-06-25,21491.19,0.002739,239.7,0.01115,58.88,2.319e-05,0.4984,42.22,0.0019647
2022-06-26,21038.07,0.002691,233.9,0.011121,56.61,2.331e-05,0.4899,39.39,0.0018726
2022-06-27,20742.56,0.002695,233.8,0.011274,55.86,2.341e-05,0.4856,38.52,0.0018574
2022-06-28,20281.29,0.002599,226.9,0.011193,52.68,2.314e-05,0.4694,35.35,0.0017429
2022-06-29,20123.01,0.002667,219.7,0.010918,53.68,2.317e-05,0.4662,34.05,0.0016918
2022-06-30,19942.21,0.002701,219.6,0.011008,53.84,2.306e-05,0.4599,33.76,0.0016922
2022-07-01,19279.8,0.002655,216.9,0.011246,51.19,2.327e-05,0.4487,32.84,0.0017039
2022-07-02,19252.81,0.002626,218.3,0.011335,50.55,2.367e-05,0.4559,33.36,0.0017329
2022-07-03,19315.83,0.002638,219.2,0.011347,50.95,2.36e-05,0.4561,33.39,0.001729
2022-07-04,20236.71,0.002582,231.5,0.011438,52.26,2.32e-05,0.4695,36.71,0.0018144
2022-07-05,20175.83,0.002463,230.8,0.011436,49.7,2.266e-05,0.4571,35.4,0.0017545
2022-07-06,20564.51,0.002448,238.6,0.011603,50.34,2.247e-05,0.4623,37.04,0.0018014
2022-07-07,21624.98,0.002411,241.4,0.011163,52.15,2.209e-05,0.4776,38.46,0.0017783
2022-07-08,21594.75,0.002378,240.7,0.011141,51.35,2.159e-05,0.4661,38.12,0.0017652
2022-07-09,21591.83,0.002505,243.3,0.011269,54.09,2.215e-05,0.478,38.06,0.0017635
2022-07-10,20862.47,0.002498,234.7,0.011249,52.12,2.217e-05,0.4624,36.71,0.0017601
2022-07-11,19963.61,0.00244,225.6,0.011305,48.71,2.178e-05,0.4347,33.42,0.0016746
2022-07-12,19328.75,0.00245,220.6,0.011411,47.33,2.158e-05,0.4171,32.68,0.0016909
2022-07-13,20234.87,0.002449,230.5,0.011384,49.56,2.166e-05,0.4383,34.94,0.0017267
2022-07-14,20588.84,0.002493,238.5,0.011586,51.32,2.145e-05,0.4416,37.15,0.0018036
2022-07-15,20830.04,0.002485,238.5,0.011449,51.78,2.121e-05,0.4421,37.36,0.0017939
2022-07-16,21195.6,0.002598,249.8,0.011781,55.08,2.159e-05,0.4578,39.58,0.0018674
2022-07-17,20798.16,0.002681,247.8,0.011914,55.76,2.153e-05,0.4478,38.62,0.001857
2022-07-18,22432.58,0.002611,264.1,0.011768,58.6,2.185e-05,0.4904,43.52,0.0019392
2022-07-19,23396.62,0.002475,268.6,0.011475,57.9,2.204e-05,0.5152,44.87,0.0019176
2022-07-20,23223.3,0.002463,258.2,0.011118,57.2,2.114e-05,0.491,42.04,0.0018104
2022-07-21,23152.19,0.002506,265.6,0.011472,58.02,2.157e-05,0.4993,43.11,0.0018622
2022-07-22,22684.83,0.002472,262.4,0.011571,56.09,2.128e-05,0.4828,40.54,0.001787
2022-07-23,22451.07,0.00251,259.2,0.011544,56.32,2.303e-05,0.517,39.97,0.0017808
2022-07-24,22579.68,0.002586,261.4,0.011577,58.39,2.268e-05,0.512,40.93,0.0018133
2022-07-25,21310.9,0.002534,244.6,0.011481,54.0,2.23e-05,0.4752,36.65,0.0017206
2022-07-26,21254.67,0.002536,249.4,0.011736,53.88,2.201e-05,0.4677,36.25,0.0017065
2022-07-27,22952.45,0.00257,271.6,0.011829,59.01,2.225e-05,0.5111,40.23,0.0017528
2022-07-28,23842.93,0.002659,277.2,0.011624,63.41,2.152e-05,0.513,42.91,0.0017996
2022-07-29,23773.75,0.002551,293.6,0.012348,60.65,2.195e-05,0.5218,41.91,0.0017632
2022-07-30,23643.51,0.002555,287.8,0.012171,60.42,2.225e-05,0.5263,43.84,0.0018544
2022-07-31,23293.32,0.002565,283.4,0.012166,59.74,2.216e-05,0.5161,42.35,0.0018182
2022-08-01,23268.01,0.002556,283.2,0.012176,59.44,2.202e-05,0.5124,41.65,0.0017903
2022-08-02,22987.79,0.002526,283.8,0.012345,58.05,2.161e-05,0.4963,39.79,0.0017308
2022-08-03,22818.37,0.002529,297.5,0.013041,57.77,2.194e-05,0.5005,38.54,0.0016887
2022-08-04,22622.98,0.002637,311.8,0.013784,59.65,2.209e-05,0.4997,38.83,0.0017165
2022-08-05,23312.42,0.00268,315.9,0.01355,62.47,2.219e-05,0.5174,40.55,0.0017397
2022-08-06,22954.21,0.002651,315.2,0.013734,60.83,2.227e-05,0.5112,40.07,0.0017457
2022-08-07,23174.39,0.002637,322.8,0.01393,61.1,2.276e-05,0.5276,40.6,0.0017522
2022-08-08,23810.0,0.002629,324.9,0.013645,62.61,2.256e-05,0.5371,42.18,0.0017716
2022-08-09,23149.95,0.002556,324.4,0.014015,59.16,2.215e-05,0.5129,40.33,0.0017426
2022-08-10,23954.05,0.002571,328.8,0.013728,61.59,2.242e-05,0.5374,42.47,0.0017724
2022-08-11,23934.39,0.002584,323.6,0.013519,61.84,2.216e-05,0.5303,42.77,0.0017875
2022-08-12,24403.68,0.002577,327.9,0.01344,62.88,2.213e-05,0.5402,45.48,0.0018635
2022-08-13,24441.38,0.002611,324.3,0.013264,63.8,2.288e-05,0.5593,46.6,0.0019061
2022-08-14,24305.24,0.002597,317.6,0.013068,63.14,2.343e-05,0.5695,44.87,0.0018455
2022-08-15,24094.82,0.002518,319.5,0.013255,60.67,2.281e-05,0.5499,43.72,0.0018143
2022-08-16,23854.74,0.002569,316.1,0.013251,61.33,2.335e-05,0.557,43.08,0.0018063
2022-08-17,23342.66,0.002592,306.9,0.01315,60.52,2.306e-05,0.5384,40.54,0.0017368
2022-08-18,23191.2,0.002587,298.1,0.012847,60.02,2.208e-05,0.5119,39.52,0.0017036
2022-08-19,20834.39,0.002592,279.1,0.013399,53.99,2.16e-05,0.45,35.81,0.0017191
2022-08-20,21140.07,0.00256,283.7,0.013419,54.1,2.132e-05,0.4508,35.28,0.0016687
2022-08-21,21515.61,0.002587,301.9,0.014027,55.67,2.151e-05,0.4626,36.47,0.0016951
2022-08-22,21399.83,0.002673,300.0,0.014016,57.22,2.157e-05,0.4615,35.41,0.0016551
2022-08-23,21529.12,0.002652,299.3,0.0139,57.08,2.163e-05,0.4658,35.68,0.0016571
2022-08-24,21368.08,0.002642,296.4,0.013866,56.46,2.143e-05,0.4578,34.89,0.0016331
2022-08-25,21559.04,0.002627,301.2,0.01397,56.63,2.155e-05,0.4645,35.27,0.0016359
2022-08-26,20241.05,0.002603,279.6,0.013807,52.68,2.133e-05,0.4316,31.72,0.0015674
2022-08-27,20037.6,0.002645,277.9,0.013865,53.01,2.244e-05,0.4499,31.53,0.0015729
2022-08-28,19555.61,0.002731,276.5,0.014133,53.41,2.195e-05,0.4293,30.44,0.0015561
2022-08-29,20285.73,0.002749,285.9,0.01409,55.8,2.219e-05,0.4504,32.42,0.001598
2022-08-30,19811.66,0.002675,281.6,0.014216,53.01,2.287e-05,0.4531,31.47,0.0015885
2022-08-31,20050.02,0.002685,279.2,0.013926,53.84,2.225e-05,0.4462,31.5,0.0015711
2022-09-01,20131.46,0.002861,278.3,0.013828,57.58,2.272e-05,0.4575,31.61,0.00157
2022-09-02,19951.86,0.003057,277.5,0.013903,60.99,2.276e-05,0.4543,31.23,0.0015658
2022-09-03,19831.9,0.003034,277.8,0.014005,60.15,2.423e-05,0.4803,31.12,0.0015693
2022-09-04,20000.3,0.003045,279.1,0.013949,60.9,2.517e-05,0.5035,32.16,0.0016075
2022-09-05,19796.84,0.00305,276.9,0.013983,60.39,2.518e-05,0.4984,32.18,0.0016252
2022-09-06,18790.61,0.00288,262.5,0.013965,54.11,2.461e-05,0.4625,30.88,0.0016435
2022-09-07,19292.84,0.002971,278.9,0.01446,57.31,2.482e-05,0.4787,32.69,0.0016952
2022-09-08,19319.77,0.002999,280.5,0.014519,57.96,2.48e-05,0.479,33.61,0.0017395
2022-09-09,21360.11,0.002862,293.4,0.013732,61.13,2.352e-05,0.5022,34.67,0.0016234
2022-09-10,21648.34,0.002923,296.7,0.013703,63.28,2.365e-05,0.5121,35.03,0.0016186
2022-09-11,21826.87,0.002848,295.3,0.013527,62.16,2.335e-05,0.5098,34.99,0.0016031
2022-09-12,22395.74,0.00274,294.1,0.013127,61.38,2.238e-05,0.5012,37.44,0.0016716
2022-09-13,20173.57,0.002929,277.4,0.013754,59.1,2.298e-05,0.4635,33.0,0.0016355
2022-09-14,20226.71,0.002975,279.3,0.013813,60.18,2.378e-05,0.4809,34.12,0.0016869
2022-09-15,19701.88,0.00286,271.1,0.013756,56.34,2.366e-05,0.4662,33.07,0.0016786
2022-09-16,19803.3,0.002825,274.9,0.013881,55.95,2.397e-05,0.4746,32.25,0.0016283
2022-09-17,20113.62,0.002875,279.1,0.013875,57.83,2.416e-05,0.4859,33.68,0.0016748
2022-09-18,19416.18,0.002711,266.2,0.013714,52.63,2.305e-05,0.4477,31.1,0.0016016
2022-09-19,19537.02,0.002708,271.9,0.013921,52.91,2.317e-05,0.4527,32.62,0.00167
2022-09-20,18875.0,0.002771,266.3,0.014109,52.3,2.342e-05,0.4422,31.41,0.0016641
2022-09-21,18461.36,0.002767,264.0,0.014302,51.09,2.378e-05,0.4389,30.65,0.0016602
2022-09-22,19401.63,0.00276,275.3,0.01419,53.57,2.362e-05,0.4584,32.43,0.0016707
2022-09-23,19289.91,0.002862,276.7,0.014341,55.22,2.394e-05,0.4618,33.66,0.0017451
2022-09-24,18920.5,0.002823,274.4,0.014507,53.43,2.383e-05,0.4511,33.38,0.0017643
2022-09-25,18807.38,0.002793,274.3,0.014582,52.53,2.374e-05,0.4464,32.34,0.0017191
2022-09-26,19227.82,0.00278,276.1,0.014361,53.44,2.327e-05,0.4473,33.88,0.0017625
2022-09-27,19079.13,0.002759,272.3,0.014271,52.65,2.313e-05,0.4411,32.69,0.0017129
2022-09-28,19412.82,0.002745,281.6,0.014505,53.29,2.247e-05,0.4361,33.22,0.0017114
2022-09-29,19591.51,0.002754,284.1,0.014502,53.96,2.236e-05,0.4381,33.93,0.0017318
2022-09-30,19422.61,0.002753,284.8,0.01466,53.48,2.238e-05,0.4347,33.25,0.0017119
2022-10-01,19310.95,0.00274,282.9,0.014647,52.92,2.228e-05,0.43,32.44,0.0016801
2022-10-02,19056.8,0.002719,284.7,0.01494,51.82,2.201e-05,0.4194,32.06,0.0016825
2022-10-03,19629.08,0.002759,286.9,0.014621,54.17,2.178e-05,0.4276,32.89,0.001676
2022-10-04,20337.82,0.002717,296.2,0.014566,55.28,2.142e-05,0.4355,34.09,0.0016767
2022-10-05,20158.26,0.00271,294.2,0.014593,54.63,2.138e-05,0.4309,34.04,0.0016887
2022-10-06,19960.67,0.002681,287.0,0.014377,53.53,2.148e-05,0.4288,33.36,0.0016712
2022-10-07,19530.09,0.002706,282.3,0.014452,52.83,2.171e-05,0.424,32.98,0.0016886
2022-10-08,19417.96,0.002719,276.4,0.014235,52.79,2.173e-05,0.4219,32.58,0.001678
2022-10-09,19439.02,0.002773,278.2,0.014311,53.9,2.176e-05,0.423,32.92,0.0016932
2022-10-10,19131.87,0.00275,271.5,0.014191,52.63,2.098e-05,0.4012,31.96,0.0016704
2022-10-11,19060.0,0.002729,271.4,0.014236,52.03,2.051e-05,0.3908,30.8,0.0016159
2022-10-12,19155.53,0.002726,270.9,0.014139,52.23,1.991e-05,0.3814,31.16,0.0016263
2022-10-13,19375.13,0.002638,271.6,0.01402,51.1,1.945e-05,0.3768,30.49,0.0015736
2022-10-14,19176.93,0.002675,269.4,0.014051,51.31,1.912e-05,0.3667,30.0,0.0015642
2022-10-15,19069.39,0.002642,268.2,0.014067,50.39,1.91e-05,0.3641,29.59,0.0015519
2022-10-16,19262.98,0.00267,272.5,0.014147,51.43,1.921e-05,0.3703,30.17,0.0015656
2022-10-17,19549.86,0.002652,275.6,0.014099,51.82,1.906e-05,0.3723,31.21,0.0015967
2022-10-18,19327.44,0.002682,273.1,0.01413,51.86,1.874e-05,0.3624,30.15,0.0015597
2022-10-19,19123.97,0.002664,272.0,0.014218,50.94,1.829e-05,0.3497,28.86,0.001509
2022-10-20,19041.92,0.002689,269.0,0.014125,51.22,1.786e-05,0.3402,28.01,0.001471
2022-10-21,19164.37,0.002695,270.1,0.014092,51.63,1.822e-05,0.3492,28.1,0.0014659
2022-10-22,19204.35,0.002718,270.4,0.01408,52.18,1.829e-05,0.3513,28.01,0.0014582
2022-10-23,19570.4,0.00276,276.0,0.014099,54.03,1.851e-05,0.3621,29.28,0.0014959
2022-10-24,19329.72,0.002718,274.1,0.01418,52.54,1.848e-05,0.3573,28.3,0.0014644
2022-10-25,20080.07,0.002785,284.2,0.014154,55.92,1.992e-05,0.4,30.86,0.0015371
2022-10-26,20771.59,0.002714,290.2,0.013977,56.39,1.94e-05,0.403,31.29,0.0015064
2022-10-27,20295.11,0.002697,286.7,0.014135,54.75,1.913e-05,0.3884,30.58,0.0015071
2022-10-28,20591.84,0.002667,297.9,0.014467,54.92,1.964e-05,0.4044,32.07,0.0015569
2022-10-29,20809.67,0.00272,304.4,0.014628,56.6,2.019e-05,0.42,32.87,0.0015792
2022-10-30,20627.48,0.002683,313.5,0.015202,55.35,1.967e-05,0.4056,32.94,0.0015969
2022-10-31,20490.74,0.002685,325.7,0.015893,55.01,1.98e-05,0.4055,32.56,0.0015889
2022-11-01,20483.62,0.00269,323.9,0.015812,55.1,1.959e-05,0.4011,32.2,0.0015723
2022-11-02,20151.84,0.003024,320.2,0.015889,60.95,1.915e-05,0.3856,30.8,0.0015286
2022-11-03,20207.82,0.003061,329.5,0.016313,61.84,1.928e-05,0.3895,30.85,0.001527
2022-11-04,21148.52,0.003196,354.6,0.016768,67.58,1.994e-05,0.4216,33.74,0.0015952
2022-11-05,21299.37,0.003252,349.2,0.016395,69.23,2.002e-05,0.4264,36.9,0.0017323
2022-11-06,20905.58,0.003265,337.9,0.016166,68.26,1.924e-05,0.4021,32.62,0.0015602
2022-11-07,20591.13,0.003274,337.0,0.016363,67.42,1.963e-05,0.4041,29.62,0.0014388
2022-11-08,18547.23,0.003116,327.4,0.017649,57.82,2.006e-05,0.3722,24.38,0.0013147
2022-11-09,15922.81,0.003185,267.3,0.016783,50.68,1.994e-05,0.3175,14.08,0.0008848
2022-11-10,17601.15,0.00344,304.0,0.017272,60.56,2.095e-05,0.3687,17.66,0.0010035
2022-11-11,17070.31,0.003604,290.4,0.017015,61.49,2.085e-05,0.3556,16.45,0.0009645
2022-11-12,16812.08,0.003567,282.8,0.016827,59.94,2.02e-05,0.3397,14.58,0.0008671
2022-11-13,16329.85,0.003513,276.4,0.016931,57.37,2.019e-05,0.3298,13.18,0.0008071
2022-11-14,16619.46,0.003411,279.0,0.016789,56.7,1.999e-05,0.3323,14.0,0.0008421
2022-11-15,16900.57,0.003435,277.0,0.016393,58.01,1.995e-05,0.3373,14.32,0.0008478
2022-11-16,16662.76,0.003451,271.8,0.016311,57.49,1.992e-05,0.332,14.27,0.0008562
2022-11-17,16692.56,0.003748,267.9,0.016053,62.59,1.947e-05,0.325,13.65,0.0008174
2022-11-18,16700.45,0.003752,274.1,0.016408,62.62,1.952e-05,0.326,13.27,0.0007946
2022-11-19,16700.68,0.00383,272.6,0.016315,63.98,1.964e-05,0.328,12.84,0.000769
2022-11-20,16280.23,0.003815,264.2,0.016235,62.12,1.917e-05,0.312,12.27,0.0007536
2022-11-21,15781.29,0.003886,253.9,0.016098,61.31,1.931e-05,0.3046,11.83,0.0007498
2022-11-22,16226.94,0.004354,266.7,0.016437,70.66,1.926e-05,0.3126,12.44,0.0007667
2022-11-23,16603.11,0.004759,298.8,0.017988,79.02,1.918e-05,0.3185,14.36,0.0008644
2022-11-24,16598.95,0.004738,300.2,0.018085,78.66,1.905e-05,0.3163,14.59,0.0008791
2022-11-25,16522.14,0.004484,300.8,0.018209,74.1,1.905e-05,0.3146,14.03,0.0008492
2022-11-26,16458.57,0.004646,311.4,0.018915,76.47,1.907e-05,0.3138,14.17,0.0008604
2022-11-27,16428.78,0.00456,307.6,0.018724,74.92,1.903e-05,0.3126,14.12,0.0008594
2022-11-28,16212.91,0.004563,293.5,0.0181,73.97,1.89e-05,0.3066,13.32,0.0008222
2022-11-29,16442.53,0.00461,295.4,0.017967,75.8,1.881e-05,0.3092,13.34,0.0008119
2022-11-30,17163.64,0.004612,300.6,0.017509,79.16,1.858e-05,0.3187,14.16,0.0008249
2022-12-01,16977.37,0.004569,292.3,0.017217,77.57,1.853e-05,0.3145,13.51,0.0007958
2022-12-02,17092.74,0.00456,293.4,0.017169,77.94,1.867e-05,0.3191,13.71,0.000802
2022-12-03,16885.2,0.004529,290.4,0.017199,76.47,1.893e-05,0.3196,13.29,0.0007874
2022-12-04,17105.7,0.004506,291.8,0.017059,77.07,1.884e-05,0.3221,13.71,0.0008011
2022-12-05,16966.35,0.004726,288.4,0.017009,80.19,1.883e-05,0.3193,13.82,0.0008143
2022-12-06,17088.96,0.004675,290.2,0.016981,79.88,1.862e-05,0.3183,14.3,0.0008368
2022-12-07,16836.64,0.004568,284.2,0.016876,76.89,1.843e-05,0.3102,13.49,0.0008017
2022-12-08,17224.1,0.004545,290.4,0.016861,78.27,1.826e-05,0.3145,13.69,0.0007946
2022-12-09,17128.56,0.004453,286.0,0.016697,76.31,1.821e-05,0.3118,13.59,0.0007935
2022-12-10,17127.49,0.004458,288.2,0.016825,76.36,1.825e-05,0.3126,13.58,0.0007924
2022-12-11,17085.05,0.004478,284.4,0.016645,76.5,1.799e-05,0.3074,13.42,0.0007855
2022-12-12,17209.83,0.004429,276.1,0.016044,76.23,1.784e-05,0.3069,13.31,0.0007738
2022-12-13,17774.7,0.004354,272.2,0.015303,77.39,1.767e-05,0.3142,13.89,0.0007814
2022-12-14,17803.15,0.004231,267.7,0.015038,75.3,1.73e-05,0.3079,14.12,0.0007931
2022-12-15,17356.34,0.004171,258.8,0.014908,72.42,1.73e-05,0.3003,14.04,0.0008089
2022-12-16,16632.12,0.003985,231.2,0.0139,66.25,1.584e-05,0.2632,12.25,0.000736
2022-12-17,16776.52,0.003867,242.1,0.014433,64.89,1.592e-05,0.2672,12.51,0.000745
2022-12-18,16738.21,0.003847,251.0,0.014999,64.37,1.589e-05,0.2659,12.38,0.0007394
2022-12-19,16438.88,0.003855,240.4,0.014628,63.37,1.538e-05,0.2529,11.94,0.0007261
2022-12-20,16895.56,0.003881,251.4,0.014878,65.55,1.531e-05,0.2587,12.26,0.0007255
2022-12-21,16824.67,0.003888,246.2,0.014629,65.4,1.506e-05,0.2534,12.14,0.0007215
2022-12-22,16821.43,0.003935,245.8,0.014616,66.21,1.525e-05,0.2566,11.82,0.0007025
2022-12-23,16778.5,0.003917,246.2,0.014667,65.75,1.546e-05,0.2594,11.78,0.0007026
2022-12-24,16836.12,0.003907,244.5,0.014531,65.76,1.54e-05,0.2592,11.45,0.0006797
2022-12-25,16832.11,0.004109,243.2,0.014446,69.15,1.539e-05,0.2591,11.38,0.0006762
2022-12-26,16919.39,0.004182,244.3,0.01444,70.78,1.569e-05,0.2652,11.32,0.0006696
2022-12-27,16706.36,0.00411,246.7,0.014762,68.67,1.558e-05,0.2603,11.09,0.0006638
2022-12-28,16547.31,0.004008,244.5,0.014775,66.32,1.501e-05,0.2482,9.76,0.0005896
2022-12-29,16633.47,0.004008,246.3,0.014807,66.66,1.467e-05,0.244,9.64,0.0005797
2022-12-30,16607.48,0.00409,245.8,0.0148,67.94,1.48e-05,0.2458,9.9,0.0005962
2022-12-31,16542.4,0.00424,246.3,0.014888,70.14,1.486e-05,0.2458,9.97,0.0006029
2023-01-01,16616.75,0.004266,244.4,0.014706,70.91,1.504e-05,0.2499,9.99,0.0006006
2023-01-02,16672.87,0.004482,245.2,0.014713,74.74,1.521e-05,0.2538,11.28,0.0006766
2023-01-03,16675.18,0.00453,246.1,0.014759,75.57,1.516e-05,0.2529,13.37,0.000802
2023-01-04,16850.36,0.004477,258.9,0.015365,75.46,1.589e-05,0.2678,13.43,0.0007972
2023-01-05,16831.85,0.004411,256.7,0.015247,74.25,1.599e-05,0.2692,13.43,0.0007984
2023-01-06,16950.65,0.004478,259.9,0.01533,75.91,1.642e-05,0.2786,13.5,0.0007967
2023-01-07,16943.57,0.004508,261.3,0.015423,76.4,1.634e-05,0.2768,13.1,0.000773
2023-01-08,17127.83,0.004593,274.9,0.01605,78.68,1.736e-05,0.2974,14.45,0.0008444
2023-01-09,17178.26,0.00475,272.6,0.015867,81.62,1.845e-05,0.3168,16.25,0.0009466
2023-01-10,17440.66,0.004635,277.1,0.015896,80.83,1.848e-05,0.3222,16.2,0.000929
2023-01-11,17943.26,0.004686,284.8,0.015875,84.08,1.8e-05,0.323,16.36,0.0009128
2023-01-12,18846.62,0.004567,287.7,0.015267,86.09,1.747e-05,0.3293,16.59,0.0008809
2023-01-13,19930.01,0.004327,293.7,0.014739,86.23,1.734e-05,0.3456,18.29,0.0009183
2023-01-14,20954.92,0.004192,305.1,0.014564,87.84,1.683e-05,0.3525,24.24,0.0011573
2023-01-15,20871.5,0.004186,302.2,0.014474,87.37,1.68e-05,0.3507,22.89,0.0010972
2023-01-16,21185.65,0.004057,299.0,0.014117,85.91,1.653e-05,0.3504,23.58,0.0011133
2023-01-17,21134.81,0.004118,299.4,0.014165,87.02,1.635e-05,0.3455,22.86,0.001082
2023-01-18,20677.47,0.003996,286.7,0.013869,82.62,1.579e-05,0.3264,20.79,0.0010054
2023-01-19,21071.59,0.003996,294.6,0.013978,84.21,1.604e-05,0.3379,21.4,0.0010162
2023-01-20,22667.21,0.003984,305.1,0.013456,90.28,1.611e-05,0.3652,25.51,0.0011253
2023-01-21,22783.55,0.003859,299.0,0.013129,87.91,1.617e-05,0.3687,24.57,0.0010782
2023-01-22,22707.88,0.003855,303.0,0.013344,87.58,1.657e-05,0.3764,24.21,0.0010662
2023-01-23,22916.45,0.003922,305.1,0.013316,89.9,1.636e-05,0.375,24.33,0.0010614
2023-01-24,22632.89,0.003853,300.3,0.013269,87.19,1.584e-05,0.3587,22.78,0.0010062
2023-01-25,23060.94,0.003877,306.9,0.013309,89.38,1.619e-05,0.3732,24.52,0.0010635
2023-01-26,23009.65,0.003805,304.7,0.013246,87.52,1.65e-05,0.3796,24.33,0.001058
2023-01-27,23074.16,0.003851,308.0,0.01335,88.89,1.689e-05,0.3898,24.43,0.0010587
2023-01-28,23022.6,0.003897,306.1,0.0133,89.67,1.659e-05,0.3819,24.0,0.0010427
2023-01-29,23742.3,0.003995,317.2,0.013357,94.84,1.674e-05,0.3975,26.07,0.0010986
2023-01-30,22826.15,0.004002,307.2,0.013452,91.37,1.632e-05,0.3725,23.96,0.0010497
2023-01-31,23125.13,0.004069,312.0,0.013492,94.09,1.687e-05,0.3902,23.92,0.0010342
2023-02-01,23732.66,0.004228,317.0,0.013358,100.33,1.673e-05,0.397,25.0,0.0010536
2023-02-02,23488.94,0.0042,323.5,0.013774,98.64,1.695e-05,0.3981,24.32,0.0010351
2023-02-03,23431.9,0.004263,332.2,0.014178,99.86,1.724e-05,0.4038,24.69,0.0010535
2023-02-04,23326.84,0.004224,330.4,0.014163,98.51,1.711e-05,0.3994,24.34,0.0010433
2023-02-05,22932.91,0.004215,327.8,0.01429,96.63,1.711e-05,0.3923,23.47,0.0010234
2023-02-06,22762.52,0.004215,324.3,0.014248,95.93,1.679e-05,0.3823,22.66,0.0009953
2023-02-07,23240.46,0.004339,333.0,0.014325,100.86,1.715e-05,0.3989,23.82,0.0010253
2023-02-08,22963.0,0.004321,328.2,0.014292,99.22,1.716e-05,0.3942,23.22,0.001011
2023-02-09,21796.35,0.004225,306.2,0.014046,92.05,1.662e-05,0.3622,20.48,0.0009395
2023-02-10,21625.19,0.004315,305.8,0.01414,93.34,1.655e-05,0.3581,20.11,0.0009298
2023-02-11,21862.55,0.004312,310.4,0.014201,94.28,1.685e-05,0.3684,20.81,0.000952
2023-02-12,21783.54,0.004246,312.6,0.014351,92.51,1.671e-05,0.3641,21.49,0.0009871
2023-02-13,21773.97,0.004181,294.3,0.013514,91.05,1.649e-05,0.3593,20.77,0.0009535
2023-02-14,22199.84,0.004316,296.2,0.013339,95.82,1.742e-05,0.3867,21.84,0.0009838
2023-02-15,24324.05,0.004227,317.4,0.013044,102.82,1.722e-05,0.419,23.86,0.0009812
2023-02-16,23517.72,0.00419,304.4,0.012939,98.55,1.647e-05,0.3874,22.24,0.0009459
2023-02-17,24569.97,0.004076,313.0,0.012741,100.12,1.641e-05,0.4033,23.14,0.000942
2023-02-18,24631.95,0.004049,316.5,0.012851,99.71,1.647e-05,0.406,23.45,0.0009523
2023-02-19,24271.76,0.004014,311.5,0.012823,97.43,1.646e-05,0.3995,24.84,0.0010232
2023-02-20,24842.2,0.003861,315.4,0.012699,95.9,1.625e-05,0.4038,26.26,0.0010572
2023-02-21,24452.16,0.003836,311.5,0.012744,93.8,1.606e-05,0.3925,24.98,0.0010216
2023-02-22,24182.21,0.003939,312.4,0.012921,95.28,1.608e-05,0.3888,24.16,0.0009987
2023-02-23,23940.2,0.003952,308.3,0.012879,94.59,1.598e-05,0.3824,23.91,0.0009988
2023-02-24,23185.29,0.003949,302.3,0.013034,91.55,1.577e-05,0.3658,23.07,0.0009954
2023-02-25,23157.07,0.004023,302.4,0.013056,93.15,1.563e-05,0.362,22.37,0.0009661
2023-02-26,23554.85,0.004044,308.7,0.013102,95.27,1.566e-05,0.3691,23.25,0.0009877
2023-02-27,23492.09,0.004005,304.6,0.012972,94.07,1.551e-05,0.3647,22.68,0.0009652
2023-02-28,23141.57,0.004054,301.4,0.013026,93.8,1.521e-05,0.3517,21.89,0.0009459
2023-03-01,23628.97,0.004138,302.7,0.012804,97.78,1.524e-05,0.3601,22.51,0.0009528
2023-03-02,23465.32,0.004065,299.8,0.012778,95.39,1.494e-05,0.3504,22.0,0.0009374
2023-03-03,22354.34,0.004051,290.4,0.01299,90.56,1.535e-05,0.3431,21.42,0.0009579
2023-03-04,22346.57,0.003998,289.6,0.012957,89.34,1.506e-05,0.3366,20.98,0.000939
2023-03-05,22430.24,0.004009,288.7,0.012875,89.93,1.502e-05,0.337,20.97,0.0009353
2023-03-06,22410.0,0.003898,287.8,0.012847,87.36,1.475e-05,0.3305,20.63,0.0009203
2023-03-07,22197.96,0.003888,289.3,0.013032,86.29,1.488e-05,0.3306,20.25,0.0009111
2023-03-08,21705.44,0.003812,287.1,0.013227,82.76,1.464e-05,0.3175,18.41,0.000848
2023-03-09,20362.22,0.003767,277.1,0.013607,76.68,1.522e-05,0.3101,17.33,0.0008512
2023-03-10,20150.69,0.003544,277.4,0.013766,71.37,1.563e-05,0.3149,18.17,0.0009018
2023-03-11,20455.73,0.003382,276.0,0.013485,69.21,1.49e-05,0.3051,18.07,0.0008832
2023-03-12,21997.11,0.003466,288.1,0.013099,76.26,1.5e-05,0.3298,20.2,0.0009182
2023-03-13,24113.48,0.003378,307.9,0.012771,81.46,1.425e-05,0.3433,20.4,0.0008464
2023-03-14,24670.41,0.003403,308.4,0.012499,83.94,1.391e-05,0.3429,20.86,0.0008455
2023-03-15,24285.66,0.003147,306.3,0.012615,76.43,1.334e-05,0.3241,19.24,0.0007925
2023-03-16,24998.78,0.003155,329.4,0.013175,78.86,1.3e-05,0.3249,19.67,0.0007871
2023-03-17,27395.13,0.003122,338.9,0.012375,85.51,1.275e-05,0.3494,21.6,0.0007884
2023-03-18,26907.49,0.003085,331.0,0.012303,83.02,1.253e-05,0.3371,21.2,0.0007879
2023-03-19,27972.87,0.003002,336.7,0.012033,83.98,1.233e-05,0.3448,21.86,0.0007817
2023-03-20,27717.01,0.002816,332.5,0.011993,78.05,1.198e-05,0.3321,22.13,0.0007981
2023-03-21,28105.47,0.002934,334.4,0.011897,82.48,1.314e-05,0.3696,22.53,0.0008014
2023-03-22,27250.97,0.003202,321.1,0.011779,87.27,1.32e-05,0.3596,21.42,0.0007858
2023-03-23,28295.41,0.003309,329.4,0.011641,93.61,1.313e-05,0.3715,22.16,0.0007834
2023-03-24,27454.47,0.003409,322.1,0.011726,93.58,1.309e-05,0.3596,20.66,0.0007524
2023-03-25,27462.95,0.003332,322.4,0.011736,91.5,1.28e-05,0.3514,20.41,0.0007431
2023-03-26,27968.05,0.003338,328.6,0.011746,93.32,1.272e-05,0.3557,20.94,0.0007487
2023-03-27,27124.91,0.003289,310.6,0.011447,89.23,1.273e-05,0.3455,19.91,0.0007337
2023-03-28,27261.07,0.003269,313.2,0.011492,89.13,1.35e-05,0.3681,20.45,0.0007501
2023-03-29,28348.6,0.00322,313.7,0.011066,91.31,1.344e-05,0.3811,21.1,0.0007444
2023-03-30,28028.53,0.003178,316.4,0.011289,89.06,1.341e-05,0.3761,20.55,0.0007332
2023-03-31,28465.36,0.003147,316.9,0.01113,89.57,1.401e-05,0.3989,21.16,0.0007434
2023-04-01,28452.73,0.003253,314.9,0.011064,92.57,1.377e-05,0.3919,21.08,0.0007406
2023-04-02,28171.87,0.003294,313.7,0.011137,92.77,1.355e-05,0.3815,20.52,0.0007282
2023-04-03,27800.0,0.003343,308.8,0.011103,92.97,1.393e-05,0.3872,20.45,0.0007356
2023-04-04,28165.47,0.003286,310.8,0.011031,92.58,1.382e-05,0.3894,20.92,0.0007426
2023-04-05,28170.01,0.003289,313.9,0.011143,92.64,1.392e-05,0.3923,20.97,0.0007443
2023-04-06,28033.82,0.003244,312.3,0.011137,90.97,1.367e-05,0.3829,20.62,0.0007356
2023-04-07,27906.33,0.003246,310.3,0.011122,90.6,1.374e-05,0.3835,20.44,0.0007324
2023-04-08,27938.38,0.003217,310.5,0.011114,89.91,1.379e-05,0.3853,20.04,0.0007171
2023-04-09,28323.76,0.003199,312.8,0.011042,90.58,1.374e-05,0.3894,20.28,0.0007164
2023-04-10,29637.34,0.003164,318.5,0.010745,93.78,1.339e-05,0.3971,20.89,0.0007049
2023-04-11,30200.42,0.00312,322.3,0.010672,94.22,1.329e-05,0.4014,22.98,0.0007611
2023-04-12,29888.07,0.00308,319.9,0.010704,92.06,1.354e-05,0.4047,23.8,0.0007963
2023-04-13,30373.84,0.0031,324.7,0.010686,94.17,1.4e-05,0.4251,24.43,0.0008041
2023-04-14,30466.93,0.003161,328.9,0.010795,96.33,1.439e-05,0.4381,24.71,0.0008115
2023-04-15,30295.09,0.003192,333.0,0.010993,96.68,1.492e-05,0.4522,24.05,0.0007939
2023-04-16,30304.65,0.0033,347.7,0.011472,100.01,1.489e-05,0.4513,25.34,0.0008364
2023-04-17,29430.27,0.003359,340.0,0.011547,98.84,1.476e-05,0.4341,24.58,0.0008347
2023-04-18,30380.01,0.003355,343.1,0.011292,101.95,1.459e-05,0.4435,24.82,0.0008172
2023-04-19,28797.1,0.003142,322.4,0.011192,90.47,1.445e-05,0.4163,22.66,0.0007874
2023-04-20,28243.65,0.003193,318.1,0.01126,90.22,1.419e-05,0.4007,22.2,0.0007858
2023-04-21,27262.84,0.00313,321.2,0.011786,85.32,1.402e-05,0.3824,21.25,0.0007798
2023-04-22,27816.85,0.003128,332.2,0.011942,87.0,1.423e-05,0.3956,21.79,0.0007835
2023-04-23,27590.6,0.003144,330.7,0.011984,86.75,1.409e-05,0.3886,21.47,0.0007784
2023-04-24,27510.93,0.00321,331.2,0.012037,88.31,1.394e-05,0.3835,21.38,0.0007773
2023-04-25,28300.79,0.003216,338.4,0.011955,91.03,1.394e-05,0.3945,21.93,0.0007747
2023-04-26,28415.29,0.003101,330.6,0.011632,88.13,1.412e-05,0.4014,21.28,0.000749
2023-04-27,29472.77,0.003044,330.9,0.011224,89.73,1.392e-05,0.4101,22.33,0.0007577
2023-04-28,29311.7,0.003058,324.1,0.011055,89.63,1.378e-05,0.4043,23.34,0.0007965
2023-04-29,29230.45,0.003116,321.9,0.01101,91.08,1.376e-05,0.4024,23.19,0.0007932
2023-04-30,29233.21,0.003018,337.5,0.011547,88.22,1.353e-05,0.3956,22.74,0.0007777
2023-05-01,28068.26,0.003091,328.5,0.0117,86.75,1.378e-05,0.3868,21.96,0.0007821
2023-05-02,28669.86,0.003077,321.5,0.011216,88.2,1.366e-05,0.3916,22.25,0.0007759
2023-05-03,29026.16,0.003062,325.9,0.011229,88.88,1.358e-05,0.394,22.24,0.000766
2023-05-04,28838.16,0.003065,323.8,0.01123,88.38,1.343e-05,0.3873,21.74,0.0007535
2023-05-05,29505.61,0.003003,326.5,0.011067,88.61,1.336e-05,0.3942,22.82,0.0007732
2023-05-06,28848.2,0.002887,321.9,0.011161,83.26,1.314e-05,0.3787,21.91,0.0007596
2023-05-07,28430.1,0.002934,321.0,0.011288,83.42,1.322e-05,0.376,21.66,0.0007615
2023-05-08,27668.79,0.002809,313.8,0.011338,77.71,1.321e-05,0.3653,20.62,0.0007457
2023-05-09,27628.27,0.002893,312.1,0.011299,79.9,1.314e-05,0.3633,20.65,0.0007478
2023-05-10,27598.75,0.002933,314.3,0.011388,80.93,1.338e-05,0.3693,20.91,0.0007581
2023-05-11,26968.62,0.002999,307.5,0.011399,80.88,1.334e-05,0.3598,20.17,0.000748
2023-05-12,26795.01,0.003003,308.5,0.011516,80.45,1.382e-05,0.3705,20.9,0.0007803
2023-05-13,26775.28,0.002998,310.7,0.011605,80.26,1.361e-05,0.3646,20.84,0.0007783
2023-05-14,26917.62,0.003102,312.1,0.011596,83.5,1.378e-05,0.3711,20.93,0.0007779
2023-05-15,27162.14,0.003199,313.4,0.011535,86.89,1.35e-05,0.3669,20.99,0.0007725
2023-05-16,27033.84,0.00333,311.4,0.011518,89.99,1.362e-05,0.3682,20.67,0.000765
2023-05-17,27405.61,0.003425,314.3,0.011467,93.88,1.37e-05,0.3755,21.06,0.0007681
2023-05-18,26821.28,0.003371,309.3,0.01153,90.43,1.384e-05,0.3714,20.34,0.0007584
2023-05-19,26880.26,0.003415,308.9,0.011493,91.8,1.369e-05,0.3681,20.36,0.0007571
2023-05-20,27102.43,0.003409,310.6,0.011461,92.42,1.351e-05,0.3662,20.28,0.0007481
2023-05-21,26747.78,0.003446,306.4,0.011458,92.18,1.347e-05,0.3602,19.61,0.0007332
2023-05-22,26849.27,0.003385,309.0,0.011514,90.83,1.37e-05,0.3679,19.53,0.0007271
2023-05-23,27219.61,0.003369,313.5,0.011514,91.7,1.36e-05,0.3704,20.02,0.0007357
2023-05-24,26329.01,0.00326,306.0,0.011621,85.82,1.382e-05,0.3638,19.22,0.0007298
2023-05-25,26473.79,0.00327,304.5,0.011506,86.57,1.353e-05,0.3581,19.25,0.0007272
2023-05-26,26705.92,0.003262,306.8,0.01149,87.08,1.358e-05,0.3626,19.35,0.0007246
2023-05-27,26854.27,0.003298,307.4,0.011448,88.55,1.365e-05,0.3667,20.43,0.0007604
2023-05-28,28065.0,0.003258,314.1,0.011193,91.45,1.363e-05,0.3828,20.81,0.0007411
2023-05-29,27736.4,0.003276,311.6,0.011237,90.86,1.366e-05,0.3786,20.57,0.0007419
2023-05-30,27694.4,0.003333,311.5,0.011245,92.25,1.363e-05,0.3779,21.25,0.0007673
2023-05-31,27210.35,0.003322,306.8,0.011273,90.42,1.376e-05,0.3744,20.81,0.0007651
2023-06-01,26817.93,0.003512,304.9,0.01137,94.19,1.36e-05,0.3644,20.49,0.0007646
2023-06-02,27242.59,0.003505,307.2,0.01128,95.45,1.388e-05,0.3782,21.26,0.0007802
2023-06-03,27069.22,0.003547,306.6,0.011327,96.03,1.389e-05,0.3759,21.19,0.0007828
2023-06-04,27115.21,0.003473,305.0,0.011248,94.19,1.392e-05,0.3773,21.82,0.0008049
2023-06-05,25728.2,0.003409,276.9,0.010766,87.71,1.366e-05,0.3514,20.0,0.0007774
2023-06-06,27230.08,0.003339,281.2,0.010328,90.92,1.296e-05,0.3531,20.38,0.0007484
2023-06-07,26339.34,0.003373,259.3,0.009842,88.85,1.223e-05,0.3223,18.64,0.0007073
2023-06-08,26498.61,0.003341,262.0,0.009887,88.5,1.218e-05,0.3228,18.89,0.0007128
2023-06-09,26477.81,0.003373,260.5,0.00984,89.3,1.114e-05,0.2951,17.4,0.000657
2023-06-10,25841.21,0.002986,238.7,0.009241,77.13,1.064e-05,0.2747,15.61,0.0006044
2023-06-11,25925.55,0.002997,235.4,0.009076,77.68,1.049e-05,0.272,15.55,0.0005997
2023-06-12,25905.19,0.002992,231.3,0.008926,77.5,1.06e-05,0.2748,15.19,0.0005863
2023-06-13,25934.25,0.002989,244.2,0.009414,77.5,1.061e-05,0.2752,15.04,0.0005797
2023-06-14,25128.6,0.002912,237.9,0.009467,73.15,1.048e-05,0.2633,14.48,0.0005765
2023-06-15,25598.49,0.002915,236.4,0.009236,74.6,1.023e-05,0.262,14.77,0.0005774
2023-06-16,26345.0,0.002888,239.3,0.009085,76.13,9.99e-06,0.2632,15.31,0.0005815
2023-06-17,26516.99,0.002898,244.5,0.009224,76.86,1.005e-05,0.2667,15.64,0.00059
2023-06-18,26339.97,0.002932,244.1,0.009265,77.19,9.9e-06,0.261,15.45,0.0005861
2023-06-19,26844.35,0.002885,243.1,0.009052,77.48,9.81e-06,0.2634,16.1,0.0006
2023-06-20,28307.99,0.002837,247.7,0.008751,80.33,9.56e-06,0.2705,16.64,0.000588
2023-06-21,29993.89,0.002835,248.8,0.008296,85.05,9.54e-06,0.2862,17.23,0.0005749
2023-06-22,29884.92,0.002875,240.8,0.008059,85.93,9.71e-06,0.2899,16.62,0.0005566
2023-06-23,30688.5,0.002975,244.3,0.007965,91.26,9.67e-06,0.2966,17.13,0.0005585
2023-06-24,30527.43,0.002938,236.4,0.007743,89.71,9.48e-06,0.2892,16.64,0.0005452
2023-06-25,30462.66,0.002897,238.8,0.007842,88.2,9.58e-06,0.2921,16.96,0.0005567
2023-06-26,30267.99,0.002881,236.1,0.0078,87.21,9.27e-06,0.2805,16.27,0.0005377
2023-06-27,30692.44,0.00287,237.5,0.007736,88.07,9.33e-06,0.2867,16.63,0.0005416
2023-06-28,30077.41,0.002761,230.6,0.007665,83.02,8.87e-06,0.2669,15.97,0.0005311
2023-06-29,30447.31,0.002782,233.1,0.007655,84.73,9.04e-06,0.2752,17.99,0.0005912
2023-06-30,30472.0,0.003566,240.3,0.007888,108.7,9.41e-06,0.2869,18.86,0.0006188
2023-07-01,30585.9,0.003503,247.9,0.008103,107.1,9.55e-06,0.2924,18.7,0.0006112
2023-07-02,30617.03,0.00371,246.5,0.008049,113.58,9.52e-06,0.2916,19.45,0.0006356
2023-07-03,31156.2,0.003443,246.5,0.00791,107.27,9.52e-06,0.2967,19.26,0.0006181
2023-07-04,30766.51,0.003389,242.5,0.007881,104.27,9.5e-06,0.2924,19.13,0.0006219
2023-07-05,30504.81,0.003363,238.9,0.007831,102.6,9.31e-06,0.2839,19.0,0.0006226
2023-07-06,29895.43,0.003185,232.2,0.007769,95.25,9.32e-06,0.2784,19.61,0.0006556
2023-07-07,30344.7,0.003238,235.6,0.007764,98.23,9.38e-06,0.2844,21.5,0.0007086
2023-07-08,30284.63,0.00323,236.3,0.0078,97.79,9.59e-06,0.2907,21.81,0.0007205
2023-07-09,30160.71,0.003152,234.1,0.007761,95.08,9.43e-06,0.2844,21.32,0.000707
2023-07-10,30411.57,0.003182,246.2,0.008093,96.72,9.46e-06,0.2878,21.3,0.0007002
2023-07-11,30622.1,0.003159,248.6,0.008118,96.77,9.56e-06,0.2927,22.07,0.0007207
2023-07-12,30380.0,0.003167,243.9,0.008027,96.21,9.5e-06,0.289,21.94,0.0007221
2023-07-13,31454.23,0.003237,256.1,0.008143,101.85,1.133e-05,0.3567,26.01,0.0008271
2023-07-14,30312.01,0.003138,248.1,0.008184,95.13,1.082e-05,0.3277,26.67,0.0008801
2023-07-15,30289.52,0.003128,251.1,0.008288,94.78,1.076e-05,0.326,27.46,0.0009063
2023-07-16,30231.99,0.003073,242.3,0.008018,92.89,1.041e-05,0.3146,27.42,0.0009066
2023-07-17,30138.0,0.003059,244.1,0.008103,92.2,1.035e-05,0.3118,26.8,0.0008893
2023-07-18,29859.13,0.003067,240.2,0.008046,91.56,1.037e-05,0.3095,25.54,0.0008557
2023-07-19,29909.21,0.003075,240.8,0.008055,91.99,1.079e-05,0.3226,26.31,0.0008797
2023-07-20,29800.0,0.0031,242.8,0.008145,92.37,1.06e-05,0.3161,25.38,0.0008516
2023-07-21,29901.72,0.003147,243.7,0.00815,94.09,1.046e-05,0.3127,25.5,0.000853
2023-07-22,29794.0,0.003092,241.1,0.008092,92.09,1.041e-05,0.31,24.52,0.0008232
2023-07-23,30083.75,0.003098,242.5,0.008059,93.16,1.055e-05,0.3171,24.76,0.0008232
2023-07-24,29176.5,0.003056,238.9,0.008187,89.14,1.046e-05,0.3053,23.37,0.0008007
2023-07-25,29228.91,0.003061,237.7,0.008133,89.45,1.039e-05,0.3037,23.27,0.0007963
2023-07-26,29351.96,0.003089,239.0,0.008143,90.64,1.046e-05,0.3069,25.17,0.0008575
2023-07-27,29222.78,0.0031,240.6,0.008236,90.6,1.054e-05,0.3077,25.1,0.0008589
2023-07-28,29314.14,0.00312,241.9,0.008252,91.44,1.057e-05,0.3099,24.82,0.0008464
2023-07-29,29352.9,0.003214,242.4,0.008261,94.32,1.066e-05,0.313,25.17,0.0008573
2023-07-30,29281.09,0.003212,242.5,0.008284,94.03,1.077e-05,0.3156,24.25,0.0008281
2023-07-31,29232.25,0.003156,241.0,0.008243,92.28,1.051e-05,0.307,23.73,0.0008115
2023-08-01,29705.99,0.003162,247.7,0.008341,93.94,1.045e-05,0.3103,24.05,0.0008097
2023-08-02,29186.01,0.003001,240.7,0.008249,87.54,1.026e-05,0.2993,23.15,0.0007934
2023-08-03,29193.64,0.002827,241.1,0.008258,82.55,1.001e-05,0.2922,22.65,0.0007758
2023-08-04,29113.99,0.002823,241.7,0.008305,82.2,1.008e-05,0.2935,22.8,0.0007831
2023-08-05,29072.13,0.00286,243.2,0.008366,83.12,1.011e-05,0.2938,22.65,0.0007794
2023-08-06,29088.42,0.00284,243.2,0.008361,82.57,1.005e-05,0.2923,23.2,0.0007976
2023-08-07,29211.06,0.002824,242.1,0.008286,82.49,9.96e-06,0.291,23.12,0.0007916
2023-08-08,29770.42,0.002818,245.2,0.008232,83.86,9.99e-06,0.2974,24.22,0.0008132
2023-08-09,29581.99,0.002841,243.8,0.008244,84.08,1.018e-05,0.3013,24.38,0.0008243
2023-08-10,29455.75,0.002822,241.5,0.008198,83.14,1.007e-05,0.2965,24.62,0.0008358
2023-08-11,29426.03,0.002841,239.7,0.008148,83.58,9.96e-06,0.2933,24.62,0.0008369
2023-08-12,29430.17,0.002836,240.3,0.008164,83.47,9.92e-06,0.2919,24.91,0.0008464
2023-08-13,29303.84,0.002796,240.2,0.008196,81.92,9.88e-06,0.2894,24.23,0.0008267
2023-08-14,29430.93,0.00279,240.4,0.00817,82.11,9.88e-06,0.2906,25.18,0.0008558
2023-08-15,29200.0,0.002714,236.7,0.008111,79.26,9.66e-06,0.282,23.9,0.0008187
2023-08-16,28730.51,0.002595,232.0,0.008075,74.56,9.56e-06,0.2747,22.82,0.0007941
2023-08-17,26623.41,0.002434,218.1,0.008188,64.77,9.59e-06,0.2553,21.66,0.0008139
2023-08-18,26054.0,0.002456,216.1,0.008291,63.98,1.014e-05,0.264,21.34,0.0008192
2023-08-19,26100.01,0.002459,216.8,0.008311,64.18,1.031e-05,0.2688,21.9,0.0008388
2023-08-20,26189.99,0.002492,216.5,0.008268,65.25,1.033e-05,0.2703,21.77,0.0008313
2023-08-21,26126.92,0.002564,210.4,0.008052,67.0,1.007e-05,0.2628,21.2,0.0008112
2023-08-22,26056.0,0.002488,210.9,0.008096,64.83,9.93e-06,0.2588,20.59,0.0007899
2023-08-23,26432.72,0.002484,216.6,0.008195,65.64,1.015e-05,0.2681,21.74,0.0008223
2023-08-24,26180.05,0.002479,219.0,0.008365,64.88,1.016e-05,0.2659,21.06,0.0008044
2023-08-25,26060.01,0.0025,218.4,0.008382,65.13,1.003e-05,0.2612,20.42,0.0007835
2023-08-26,26017.37,0.002499,216.5,0.00832,65.01,1.004e-05,0.261,20.29,0.0007799
2023-08-27,26101.77,0.002506,218.4,0.008366,65.39,1.01e-05,0.2634,20.79,0.0007966
2023-08-28,26120.0,0.002508,218.8,0.008373,65.52,1.025e-05,0.2676,20.56,0.0007872
2023-08-29,27716.34,0.002483,226.9,0.008184,68.86,9.84e-06,0.2726,21.79,0.0007861
2023-08-30,27299.99,0.002478,223.8,0.008197,67.65,9.73e-06,0.2654,20.82,0.0007627
2023-08-31,25940.78,0.002462,216.7,0.008349,63.89,9.85e-06,0.2554,19.74,0.0007606
2023-09-01,25805.05,0.002442,213.7,0.008279,62.98,9.89e-06,0.2551,19.33,0.0007488
2023-09-02,25869.51,0.002498,214.4,0.00829,64.59,9.91e-06,0.2562,19.5,0.0007534
2023-09-03,25971.21,0.002462,214.4,0.008252,63.93,9.86e-06,0.2559,19.57,0.0007534
2023-09-04,25826.02,0.002469,215.2,0.008335,63.75,9.93e-06,0.2561,19.52,0.0007562
2023-09-05,25792.1,0.002448,214.6,0.008317,63.15,1e-05,0.2578,20.26,0.000786
2023-09-06,25759.95,0.00244,215.2,0.008354,62.87,1.001e-05,0.2577,19.64,0.0007624
2023-09-07,26255.0,0.002427,217.1,0.008269,63.71,9.83e-06,0.2579,19.92,0.0007587
2023-09-08,25910.5,0.002417,214.7,0.008283,62.61,9.82e-06,0.2544,19.61,0.0007568
2023-09-09,25901.61,0.002435,214.1,0.008271,63.06,9.79e-06,0.2533,19.44,0.0007506
2023-09-10,25841.61,0.002366,212.4,0.008216,61.11,9.64e-06,0.249,18.24,0.0007057
2023-09-11,25162.52,0.002339,206.1,0.008191,58.85,9.62e-06,0.2421,17.72,0.0007045
2023-09-12,25840.1,0.00232,210.7,0.008155,59.96,9.5e-06,0.2455,17.92,0.0006934
2023-09-13,26222.0,0.002363,212.5,0.008106,61.98,9.49e-06,0.2487,18.4,0.0007014
2023-09-14,26522.73,0.002369,212.2,0.008001,62.83,9.48e-06,0.2513,18.85,0.0007105
2023-09-15,26600.0,0.002478,214.1,0.008044,65.89,9.41e-06,0.2505,19.14,0.0007197
2023-09-16,26559.67,0.002461,214.9,0.008086,65.38,9.42e-06,0.2503,19.12,0.0007202
2023-09-17,26527.51,0.002396,216.5,0.008158,63.55,9.31e-06,0.2471,18.81,0.0007091
2023-09-18,26762.51,0.002462,216.0,0.00807,65.89,9.41e-06,0.2516,19.64,0.0007341
2023-09-19,27210.26,0.002473,217.2,0.007981,67.28,9.37e-06,0.2548,20.03,0.0007361
2023-09-20,27125.0,0.00238,214.4,0.007902,64.55,9.28e-06,0.2517,20.29,0.0007482
2023-09-21,26568.08,0.002435,210.8,0.007932,64.69,9.23e-06,0.2449,19.46,0.0007322
2023-09-22,26580.14,0.002421,211.1,0.00794,64.37,9.22e-06,0.2449,19.43,0.0007308
2023-09-23,26575.96,0.002449,210.5,0.007919,65.07,9.27e-06,0.2461,19.49,0.0007324
2023-09-24,26248.38,0.002422,208.3,0.007934,63.58,9.25e-06,0.2427,19.36,0.0007373
2023-09-25,26304.81,0.002445,209.9,0.007983,64.33,9.35e-06,0.2459,19.39,0.0007373
2023-09-26,26221.67,0.002433,212.6,0.008104,63.8,9.37e-06,0.2455,19.03,0.0007255
2023-09-27,26372.99,0.002409,212.0,0.008041,63.53,9.28e-06,0.2446,19.14,0.0007256
2023-09-28,27021.39,0.002413,215.0,0.007957,65.21,9.22e-06,0.2489,19.96,0.000739
2023-09-29,26906.96,0.002435,215.2,0.007996,65.55,9.27e-06,0.2494,20.28,0.0007536
2023-09-30,26962.56,0.002447,214.6,0.007959,65.97,9.42e-06,0.254,21.37,0.0007922
2023-10-01,27992.57,0.002436,218.2,0.007797,68.19,9.51e-06,0.2659,23.87,0.0008529
2023-10-02,27494.51,0.002399,214.6,0.007801,65.97,9.42e-06,0.2591,23.37,0.0008498
2023-10-03,27426.46,0.002388,213.5,0.007781,65.5,9.52e-06,0.261,23.6,0.0008608
2023-10-04,27778.57,0.002318,213.4,0.007677,64.4,9.31e-06,0.2589,23.13,0.0008327
2023-10-05,27410.39,0.002365,210.6,0.007683,64.8,9.49e-06,0.2602,22.7,0.0008277
2023-10-06,27931.09,0.002345,213.4,0.007638,65.5,9.48e-06,0.2646,23.41,0.0008379
2023-10-07,27956.67,0.00234,212.3,0.007591,65.45,9.26e-06,0.2587,23.3,0.000833
2023-10-08,27917.05,0.002341,211.4,0.007569,65.34,9.19e-06,0.2563,23.22,0.0008318
2023-10-09,27590.12,0.002286,205.8,0.007462,63.07,9.12e-06,0.2513,22.1,0.0008009
2023-10-10,27390.12,0.002322,208.6,0.007613,63.61,9.1e-06,0.249,22.11,0.0008073
2023-10-11,26875.52,0.00229,206.6,0.007686,61.55,9.22e-06,0.2481,22.01,0.0008189
2023-10-12,26759.63,0.002286,205.1,0.007667,61.12,9.2e-06,0.246,21.28,0.0007956
2023-10-13,26862.0,0.002292,206.1,0.00767,61.58,9.16e-06,0.2458,21.84,0.000813
2023-10-14,26852.48,0.002293,206.5,0.007691,61.62,9.19e-06,0.247,22.0,0.000819
2023-10-15,27154.15,0.00227,209.7,0.007724,61.63,9.11e-06,0.2473,21.93,0.0008076
2023-10-16,28500.78,0.002218,214.6,0.007531,63.19,8.82e-06,0.2513,23.95,0.0008403
2023-10-17,28395.91,0.002186,211.4,0.007444,62.07,8.68e-06,0.2463,23.93,0.0008427
2023-10-18,28320.0,0.002126,210.2,0.007426,60.23,8.58e-06,0.243,23.42,0.0008268
2023-10-19,28713.71,0.002153,211.2,0.007354,61.78,8.6e-06,0.2469,24.93,0.0008679
2023-10-20,29669.04,0.002137,212.1,0.007148,63.38,8.47e-06,0.2512,27.03,0.0009113
2023-10-21,29909.8,0.002165,214.2,0.007161,64.75,8.65e-06,0.2586,29.32,0.0009803
2023-10-22,29992.46,0.002176,217.8,0.007262,65.26,8.8e-06,0.2639,29.05,0.0009686
2023-10-23,33069.99,0.002089,228.5,0.006914,69.02,8.49e-06,0.2807,31.88,0.0009641
2023-10-24,33922.73,0.002039,225.2,0.006638,69.15,8.23e-06,0.2792,30.17,0.0008895
2023-10-25,34496.05,0.001992,222.1,0.006439,68.71,8.15e-06,0.2808,32.44,0.0009404
2023-10-26,34151.66,0.002014,223.2,0.006536,68.76,8.41e-06,0.2872,32.77,0.0009598
2023-10-27,33892.02,0.001976,224.1,0.006616,66.99,8.53e-06,0.2893,31.73,0.0009359
2023-10-28,34081.0,0.001988,225.7,0.00662,67.73,8.54e-06,0.2909,31.63,0.000928
2023-10-29,34525.89,0.001993,227.1,0.006575,68.79,8.55e-06,0.2954,32.83,0.0009509
2023-10-30,34474.73,0.002008,228.0,0.006614,69.21,8.78e-06,0.3031,34.94,0.0010135
2023-10-31,34639.77,0.00199,226.2,0.006531,68.89,8.46e-06,0.293,38.4,0.0011087
2023-11-01,35421.43,0.001974,227.9,0.006437,69.97,8.68e-06,0.3071,41.15,0.001162
2023-11-02,34941.59,0.001986,231.9,0.006635,69.43,9.25e-06,0.323,40.23,0.0011522
2023-11-03,34716.78,0.002001,230.2,0.006633,69.45,9.49e-06,0.3292,39.45,0.0011367
2023-11-04,35062.07,0.00201,237.1,0.006763,70.41,9.36e-06,0.3278,42.41,0.0012094
2023-11-05,35011.88,0.002046,244.0,0.006966,71.6,9.77e-06,0.3419,41.15,0.0011751
2023-11-06,35046.09,0.002125,255.1,0.007281,74.46,1.035e-05,0.3624,42.16,0.0012033
2023-11-07,35399.12,0.002075,246.2,0.006951,73.41,9.92e-06,0.3512,42.93,0.0012129
2023-11-08,35624.72,0.00205,246.7,0.006923,73.07,1.004e-05,0.3577,43.13,0.0012105
2023-11-09,36701.09,0.002014,251.6,0.006857,73.83,1.004e-05,0.3684,45.29,0.0012341
2023-11-10,37301.63,0.001964,251.0,0.006732,73.28,1.035e-05,0.3859,56.67,0.0015195
2023-11-11,37130.0,0.002027,251.5,0.006773,75.26,1.035e-05,0.3844,56.34,0.0015168
2023-11-12,37064.13,0.002021,247.4,0.006676,74.88,1.035e-05,0.3834,56.28,0.0015185
2023-11-13,36462.93,0.001949,241.1,0.006611,71.1,9.78e-06,0.3568,51.6,0.001415
2023-11-14,35551.19,0.001986,242.3,0.006813,70.61,1.007e-05,0.3579,56.81,0.0015985
2023-11-15,37858.2,0.001954,253.7,0.006704,74.03,1.001e-05,0.3788,65.43,0.0017301
2023-11-16,36163.51,0.001963,242.7,0.00671,70.97,1.025e-05,0.3706,57.8,0.0015984
2023-11-17,36613.92,0.001921,244.9,0.006687,70.29,1.003e-05,0.3671,58.51,0.0015984
2023-11-18,36568.1,0.00191,244.8,0.006694,69.86,1.032e-05,0.3772,58.56,0.001601
2023-11-19,37359.86,0.001889,246.4,0.006596,70.54,1.029e-05,0.384,61.1,0.0016371
2023-11-20,37448.78,0.001856,253.1,0.006757,69.51,1.015e-05,0.3804,56.57,0.0015108
2023-11-21,35741.65,0.001849,225.5,0.006311,66.15,9.97e-06,0.3566,51.65,0.0014437
2023-11-22,37408.34,0.001837,236.1,0.006312,68.7,1.017e-05,0.3805,57.56,0.0015388
2023-11-23,37294.28,0.001863,233.8,0.006269,69.51,1.039e-05,0.3873,56.51,0.0015151
2023-11-24,37713.57,0.001877,232.7,0.006172,70.73,1.024e-05,0.3862,56.86,0.001508
2023-11-25,37780.67,0.001902,234.4,0.006204,71.87,1.043e-05,0.3941,58.82,0.0015566
2023-11-26,37447.43,0.00187,231.7,0.006187,70.03,1.035e-05,0.3873,57.57,0.0015377
2023-11-27,37242.7,0.001857,227.2,0.006103,69.22,1.015e-05,0.3777,55.06,0.0014779
2023-11-28,37818.87,0.001844,229.6,0.00607,69.77,1.02e-05,0.3858,58.18,0.0015389
2023-11-29,37854.64,0.001849,227.3,0.006004,70.0,1.009e-05,0.3816,59.31,0.0015667
2023-11-30,37723.96,0.00184,227.6,0.006033,69.42,9.96e-06,0.3759,59.3,0.0015716
2023-12-01,38682.52,0.00185,228.5,0.005905,71.57,9.93e-06,0.3844,59.75,0.0015447
2023-12-02,39450.35,0.001831,229.0,0.005805,72.2,1.008e-05,0.3976,63.66,0.0016139
2023-12-03,39972.26,0.00181,228.1,0.005704,72.31,9.88e-06,0.3949,62.98,0.0015758
2023-12-04,41991.1,0.001736,233.5,0.00556,72.93,9.69e-06,0.4068,61.64,0.0014676
2023-12-05,44073.32,0.001686,231.2,0.005245,74.34,9.66e-06,0.4257,61.03,0.0013845
2023-12-06,43762.69,0.001654,229.4,0.005243,72.41,1.012e-05,0.4429,61.85,0.0014129
2023-12-07,43273.14,0.001711,232.6,0.005376,74.02,1.053e-05,0.4555,67.74,0.0015656
2023-12-08,44170.99,0.001777,238.9,0.005408,78.5,1.235e-05,0.5454,74.94,0.0016958
2023-12-09,43713.6,0.001746,237.7,0.005438,76.32,1.325e-05,0.5791,72.3,0.0016531
2023-12-10,43789.51,0.001762,239.8,0.005477,77.18,1.358e-05,0.5948,74.87,0.0017091
2023-12-11,41253.4,0.001762,246.4,0.005973,72.67,1.335e-05,0.5507,70.25,0.001703
2023-12-12,41492.39,0.001744,254.6,0.006136,72.37,1.394e-05,0.5784,68.6,0.0016531
2023-12-13,42869.03,0.001705,252.0,0.005879,73.12,1.557e-05,0.6675,70.62,0.0016475
2023-12-14,43022.26,0.001695,253.3,0.005887,72.93,1.496e-05,0.6433,75.68,0.0017575
2023-12-15,41940.3,0.001691,244.9,0.005839,70.93,1.432e-05,0.6004,72.51,0.0017296
2023-12-16,42278.03,0.001708,244.4,0.005781,72.19,1.438e-05,0.6078,73.72,0.0017428
2023-12-17,41374.65,0.001721,238.8,0.005776,71.18,1.404e-05,0.5804,70.87,0.0017117
2023-12-18,42657.8,0.001662,241.7,0.005666,70.85,1.412e-05,0.6021,74.42,0.0017442
2023-12-19,42275.99,0.001673,252.9,0.005981,70.73,1.363e-05,0.5761,73.0,0.0017281
2023-12-20,43668.93,0.0016,260.3,0.005963,69.83,1.351e-05,0.5894,82.21,0.0018839
2023-12-21,43861.8,0.001616,272.1,0.006203,70.93,1.448e-05,0.6351,93.84,0.0021401
2023-12-22,43969.04,0.001674,271.1,0.006165,73.58,1.416e-05,0.6226,97.9,0.0022262
2023-12-23,43702.16,0.001657,271.0,0.0062,72.45,1.402e-05,0.613,107.88,0.0024658
2023-12-24,42991.5,0.001653,264.5,0.006153,71.12,1.377e-05,0.5919,112.45,0.0026156
2023-12-25,43576.13,0.001657,266.9,0.006123,72.22,1.433e-05,0.6242,120.91,0.0027748
2023-12-26,42508.93,0.001722,297.7,0.007004,73.24,1.432e-05,0.6087,112.49,0.0026449
2023-12-27,43428.85,0.001748,324.1,0.007463,75.98,1.459e-05,0.6334,106.91,0.0024612
2023-12-28,42563.76,0.001797,322.6,0.007579,76.51,1.447e-05,0.6158,101.8,0.0023919
2023-12-29,42066.95,0.001741,313.7,0.007458,73.25,1.446e-05,0.6083,106.17,0.0025233
2023-12-30,42140.28,0.001737,317.1,0.007524,73.22,1.425e-05,0.6011,101.9,0.0024176
2023-12-31,42283.58,0.001723,311.8,0.007376,72.83,1.405e-05,0.594,101.72,0.0024051
2024-01-01,44179.55,0.001691,313.5,0.007097,74.72,1.411e-05,0.6232,109.91,0.0024874
2024-01-02,44946.91,0.001622,312.2,0.006947,72.97,1.347e-05,0.605,106.73,0.0023743
2024-01-03,42845.23,0.001522,315.8,0.007373,65.24,1.301e-05,0.5569,98.52,0.0023006
2024-01-04,44151.1,0.001505,323.7,0.007331,66.41,1.291e-05,0.5699,104.91,0.0023761
2024-01-05,44145.11,0.001495,317.5,0.007192,66.0,1.227e-05,0.5414,99.94,0.0022639
2024-01-06,43968.32,0.001494,307.5,0.006992,65.64,1.188e-05,0.5227,93.77,0.0021322
2024-01-07,43929.02,0.001462,302.4,0.006884,64.27,1.125e-05,0.4945,89.44,0.0020355
2024-01-08,46951.04,0.001444,303.7,0.006469,67.73,1.153e-05,0.5412,97.88,0.0020862
2024-01-09,46110.0,0.001453,301.1,0.006529,66.99,1.11e-05,0.5124,99.36,0.0021556
2024-01-10,46653.99,0.001503,305.8,0.006553,70.1,1.213e-05,0.566,102.0,0.0021879
2024-01-11,46339.16,0.001552,308.2,0.006652,71.88,1.255e-05,0.582,99.9,0.002156
2024-01-12,42782.73,0.001705,296.6,0.006933,72.97,1.279e-05,0.5476,92.12,0.0021527
2024-01-13,42847.99,0.00168,302.2,0.00705,71.98,1.282e-05,0.5491,95.85,0.0022374
2024-01-14,41732.35,0.001672,299.5,0.007175,69.78,1.258e-05,0.5251,93.81,0.0022469
2024-01-15,42511.1,0.001625,317.5,0.007468,69.13,1.24e-05,0.5276,94.36,0.00222
2024-01-16,43137.95,0.001609,315.2,0.007307,69.44,1.241e-05,0.5356,97.61,0.0022618
2024-01-17,42776.1,0.001624,309.4,0.007232,69.46,1.235e-05,0.5282,102.1,0.0023867
2024-01-18,41327.5,0.001647,313.0,0.007574,68.11,1.216e-05,0.5026,94.4,0.0022839
2024-01-19,41659.03,0.001711,314.7,0.007555,71.29,1.211e-05,0.5044,93.62,0.0022486
2024-01-20,41696.04,0.001711,317.2,0.007609,71.36,1.237e-05,0.516,92.88,0.0022274
2024-01-21,41580.33,0.001725,318.6,0.007664,71.75,1.211e-05,0.5032,91.09,0.0021907
2024-01-22,39568.02,0.001702,305.9,0.007732,67.36,1.209e-05,0.4786,83.84,0.0021198
2024-01-23,39897.6,0.001641,298.8,0.007488,65.5,1.196e-05,0.4773,84.35,0.002114
2024-01-24,40084.88,0.00165,293.1,0.007311,66.13,1.189e-05,0.4765,88.77,0.002215
2024-01-25,39961.09,0.00164,292.1,0.00731,65.5,1.168e-05,0.4666,86.91,0.0021753
2024-01-26,41823.51,0.001604,302.2,0.007223,67.05,1.159e-05,0.4849,92.28,0.002206
2024-01-27,42120.63,0.001615,305.6,0.007257,68.06,1.155e-05,0.4862,94.28,0.0022379
2024-01-28,42031.06,0.001626,305.3,0.00726,68.35,1.166e-05,0.4903,95.98,0.0022831
2024-01-29,43302.7,0.00158,310.7,0.007175,68.43,1.215e-05,0.526,101.68,0.0023478
2024-01-30,42941.1,0.001572,307.6,0.007164,67.47,1.197e-05,0.5136,101.4,0.002362
2024-01-31,42580.0,0.001567,300.5,0.007054,66.76,1.169e-05,0.4976,96.96,0.0022788
2024-02-01,43082.94,0.001567,300.2,0.006968,67.54,1.178e-05,0.5078,97.81,0.00227
2024-02-02,43200.0,0.001576,301.4,0.006976,68.05,1.191e-05,0.5146,100.58,0.0023283
2024-02-03,43011.09,0.001601,299.7,0.006967,68.81,1.191e-05,0.5124,97.96,0.002278
2024-02-04,42582.88,0.001573,304.7,0.007155,66.94,1.159e-05,0.4934,95.49,0.0022419
2024-02-05,42708.7,0.001586,301.2,0.007054,67.7,1.158e-05,0.4944,95.66,0.0022395
2024-02-06,43098.95,0.001584,302.7,0.007026,68.29,1.156e-05,0.4983,96.88,0.0022475
2024-02-07,44349.6,0.001548,307.3,0.006932,68.62,1.132e-05,0.5022,101.14,0.0022803
2024-02-08,45288.65,0.001558,319.2,0.007046,70.53,1.171e-05,0.5304,102.76,0.0022688
2024-02-09,47132.77,0.001498,324.0,0.006875,70.64,1.147e-05,0.5407,106.94,0.0022687
2024-02-10,47751.09,0.001483,323.0,0.006768,70.8,1.154e-05,0.5515,109.01,0.002283
2024-02-11,48299.99,0.001481,320.7,0.006642,71.55,1.121e-05,0.5414,107.46,0.0022251
2024-02-12,49917.27,0.001459,327.8,0.006568,72.82,1.12e-05,0.5592,111.64,0.002237
2024-02-13,49699.59,0.001388,324.7,0.006534,68.97,1.096e-05,0.5449,112.48,0.0022633
2024-02-14,51795.17,0.001348,333.9,0.006447,69.81,1.113e-05,0.5768,116.97,0.0022591
2024-02-15,51880.0,0.001345,354.2,0.006828,69.76,1.173e-05,0.6087,113.5,0.002188
2024-02-16,52124.11,0.001354,360.4,0.006913,70.59,1.148e-05,0.5986,110.33,0.0021167
2024-02-17,51642.64,0.001355,352.9,0.006831,69.97,1.179e-05,0.6096,108.92,0.0021089
2024-02-18,52137.67,0.001357,349.8,0.006707,70.8,1.188e-05,0.6193,112.24,0.0021528
2024-02-19,51774.73,0.001378,351.6,0.006792,71.3,1.218e-05,0.6308,111.53,0.0021544
2024-02-20,52258.82,0.001333,354.6,0.006784,69.65,1.191e-05,0.6216,108.31,0.0020727
2024-02-21,51849.39,0.00133,379.2,0.007315,68.9,1.154e-05,0.5988,105.03,0.0020261
2024-02-22,51288.42,0.001342,382.6,0.007459,68.8,1.143e-05,0.5858,101.76,0.0019835
2024-02-23,50744.15,0.001356,375.5,0.007401,68.8,1.147e-05,0.5824,99.9,0.0019692
2024-02-24,51568.22,0.001365,381.7,0.0074,70.41,1.158e-05,0.5969,104.01,0.0020169
2024-02-25,51728.85,0.001356,388.5,0.007511,70.16,1.144e-05,0.5914,103.47,0.002
2024-02-26,54476.47,0.00132,401.6,0.007371,71.93,1.137e-05,0.6191,109.9,0.0020174
2024-02-27,57037.34,0.001296,394.6,0.006919,73.97,1.094e-05,0.6239,108.36,0.0018999
2024-02-28,62432.1,0.001192,414.6,0.006642,74.48,1.007e-05,0.6287,119.03,0.0019074
2024-02-29,61130.98,0.001307,399.4,0.006531,79.92,1.071e-05,0.6547,125.68,0.002055
2024-03-01,62387.9,0.00136,407.4,0.006531,84.87,1.153e-05,0.7195,129.43,0.0020744
2024-03-02,61987.28,0.001524,410.9,0.006628,94.49,1.196e-05,0.7416,130.02,0.0020976
2024-03-03,63113.97,0.001437,414.5,0.006568,90.7,1.153e-05,0.7279,130.16,0.0020629
2024-03-04,68245.71,0.001302,418.4,0.006134,88.95,1.128e-05,0.7701,133.27,0.0019527
2024-03-05,63724.01,0.001286,394.1,0.006183,81.93,1.087e-05,0.6923,125.31,0.0019673
2024-03-06,66074.04,0.001299,429.4,0.006496,85.87,1.112e-05,0.7349,130.79,0.001979
2024-03-07,66823.17,0.001317,474.6,0.0071,88.0,1.112e-05,0.7427,143.82,0.0021519
2024-03-08,68124.19,0.001297,485.8,0.007134,88.32,1.061e-05,0.7228,144.79,0.0021248
2024-03-09,68313.27,0.001328,488.3,0.007146,90.67,1.086e-05,0.7416,144.29,0.002112
2024-03-10,68955.88,0.001267,528.9,0.007668,87.43,1.039e-05,0.7166,144.39,0.0020943
2024-03-11,72078.1,0.001441,523.0,0.007254,103.86,1.075e-05,0.7754,148.83,0.0020647
2024-03-12,71452.01,0.001364,537.5,0.007521,97.52,1.047e-05,0.7481,151.05,0.002114
2024-03-13,73072.41,0.001331,630.5,0.008628,97.24,1.046e-05,0.7638,163.9,0.0022426
2024-03-14,71388.94,0.001317,603.2,0.008449,94.08,1.052e-05,0.7509,176.65,0.0024743
2024-03-15,69499.85,0.001292,632.7,0.009107,89.75,1.046e-05,0.7274,183.95,0.0026465
2024-03-16,65300.63,0.001288,576.4,0.008824,84.12,1.009e-05,0.6591,182.05,0.002788
2024-03-17,68393.48,0.001256,571.7,0.008356,85.93,9.96e-06,0.6814,201.86,0.0029519
2024-03-18,67609.99,0.001283,555.4,0.008214,86.77,9.77e-06,0.6603,195.92,0.002897
2024-03-19,61937.4,0.001267,507.7,0.008194,78.45,9.46e-06,0.5864,169.82,0.0027419
2024-03-20,67840.51,0.001248,556.8,0.008205,84.65,9.42e-06,0.6396,191.77,0.0028267
2024-03-21,65501.27,0.001309,553.8,0.008454,85.75,9.65e-06,0.6318,179.46,0.0027399
2024-03-22,63796.64,0.001308,553.8,0.008681,83.4,9.64e-06,0.6147,175.21,0.0027452
2024-03-23,63990.01,0.001332,551.9,0.008622,85.26,9.73e-06,0.6232,172.65,0.0026978
2024-03-24,67209.99,0.001334,567.7,0.008448,89.65,9.62e-06,0.6468,183.88,0.0027356
2024-03-25,69880.01,0.001296,587.0,0.0084,90.58,9.39e-06,0.6567,188.99,0.0027041
2024-03-26,69988.0,0.001369,580.4,0.008291,95.77,9.5e-06,0.665,190.46,0.0027216
2024-03-27,69469.99,0.001347,574.3,0.008267,93.55,9.32e-06,0.6478,186.33,0.0026823
2024-03-28,70780.6,0.00133,583.4,0.008242,94.11,9.19e-06,0.6511,189.63,0.0026787
2024-03-29,69850.54,0.00156,612.5,0.008768,109.06,9.51e-06,0.6643,192.01,0.0027485
2024-03-30,69582.18,0.001477,600.7,0.008631,102.84,9.25e-06,0.6436,194.2,0.0027908
2024-03-31,71280.01,0.001474,606.7,0.008511,105.01,9.11e-06,0.6501,202.45,0.0028405
2024-04-01,69649.8,0.001425,575.8,0.008269,99.2,8.92e-06,0.6212,192.24,0.0027607
2024-04-02,65463.99,0.001631,551.4,0.008422,106.75,8.88e-06,0.5807,181.53,0.002773
2024-04-03,65963.28,0.00149,561.5,0.008514,98.33,8.64e-06,0.5693,185.05,0.0028053
2024-04-04,68487.79,0.001437,585.5,0.008549,98.38,8.51e-06,0.5831,184.0,0.0026866
2024-04-05,67820.62,0.001442,577.8,0.008522,97.82,8.47e-06,0.5741,174.37,0.0025712
2024-04-06,68896.0,0.001474,585.4,0.008499,101.6,8.47e-06,0.5836,178.68,0.0025941
2024-04-07,69360.39,0.00146,583.9,0.008416,101.21,8.49e-06,0.5892,179.52,0.0025885
2024-04-08,71620.0,0.001442,586.4,0.008185,103.27,8.57e-06,0.6137,180.68,0.0025229
2024-04-09,69146.0,0.001411,580.5,0.008395,97.53,8.54e-06,0.5912,172.42,0.0024931
2024-04-10,70631.08,0.001369,609.7,0.008634,96.71,8.3e-06,0.5862,173.31,0.0024538
2024-04-11,70006.23,0.001411,604.6,0.008635,98.78,8.36e-06,0.5858,172.37,0.0024623
2024-04-12,67116.52,0.001283,595.6,0.008874,86.08,7.49e-06,0.5027,153.16,0.002282
2024-04-13,63924.51,0.001211,553.1,0.008654,77.33,6.96e-06,0.4449,138.47,0.0021653
2024-04-14,65661.84,0.001215,566.4,0.008623,79.72,7.12e-06,0.4673,151.25,0.002305
2024-04-15,63419.99,0.001232,552.7,0.008714,78.1,7.27e-06,0.461,138.51,0.0021835
2024-04-16,63793.39,0.001253,537.6,0.008429,79.94,7.18e-06,0.4583,136.22,0.0021358
2024-04-17,61277.37,0.001308,534.1,0.008715,80.19,7.25e-06,0.444,131.84,0.0021511
2024-04-18,63470.08,0.001273,552.1,0.008696,80.75,7.21e-06,0.458,142.07,0.0022379
2024-04-19,63818.01,0.001267,554.0,0.008685,80.87,7.34e-06,0.4682,142.5,0.0022314
2024-04-20,64940.59,0.001309,570.9,0.008792,85.04,7.81e-06,0.5072,151.22,0.0023287
2024-04-21,64941.15,0.001296,579.6,0.008927,84.16,7.69e-06,0.4993,148.8,0.0022915
2024-04-22,66819.32,0.001278,604.5,0.009047,85.39,7.74e-06,0.5167,156.95,0.0023485
2024-04-23,66414.0,0.001281,606.2,0.009127,85.02,7.52e-06,0.5,154.75,0.0023301
2024-04-24,64289.59,0.001295,608.8,0.00947,83.25,7.39e-06,0.4746,147.78,0.0022987
2024-04-25,64498.34,0.001299,613.2,0.009507,83.78,7.3e-06,0.4705,144.84,0.0022459
2024-04-26,63770.01,0.001381,598.0,0.009376,88.1,7.25e-06,0.4631,139.23,0.0021832
2024-04-27,63461.98,0.001321,596.2,0.009395,83.88,7.37e-06,0.4675,141.31,0.002227
2024-04-28,63118.62,0.00133,600.2,0.009507,83.99,7.29e-06,0.4603,137.99,0.0021859
2024-04-29,63866.0,0.001308,592.8,0.009283,83.51,7.16e-06,0.4571,137.77,0.0021574
2024-04-30,60672.0,0.00131,578.4,0.009533,79.49,7.27e-06,0.4412,126.77,0.0020894
2024-05-01,58364.97,0.001373,561.8,0.009626,80.17,7.71e-06,0.4501,134.64,0.0023074
2024-05-02,59060.61,0.001355,560.5,0.009486,80.02,7.74e-06,0.4578,137.58,0.0023303
2024-05-03,62882.01,0.001301,587.0,0.009337,81.85,7.44e-06,0.4673,143.69,0.0022851
2024-05-04,63892.04,0.001278,585.7,0.009166,81.66,7.26e-06,0.4633,146.05,0.0022862
2024-05-05,64012.0,0.001271,592.0,0.009247,81.32,7.15e-06,0.458,145.73,0.0022765
2024-05-06,63165.19,0.001279,588.2,0.009311,80.79,7.19e-06,0.4541,152.82,0.0024199
2024-05-07,62312.08,0.001297,576.5,0.009252,80.84,7.09e-06,0.4414,148.03,0.0023756
2024-05-08,61193.03,0.001335,588.6,0.009615,81.7,7.38e-06,0.4518,142.18,0.0023231
2024-05-09,63074.01,0.001318,596.8,0.00946,83.08,7.35e-06,0.4635,152.57,0.0024195
2024-05-10,60799.99,0.00132,585.6,0.009633,80.22,7.37e-06,0.4479,146.01,0.0024024
2024-05-11,60825.99,0.001338,592.2,0.009734,81.39,7.22e-06,0.439,145.42,0.0023907
2024-05-12,61483.99,0.001325,594.8,0.009673,81.41,7.12e-06,0.4377,143.43,0.002333
2024-05-13,62940.08,0.001281,591.7,0.009402,80.62,6.94e-06,0.4368,147.54,0.0023438
2024-05-14,61577.49,0.00128,567.1,0.009209,78.79,6.96e-06,0.4285,142.03,0.0023069
2024-05-15,66206.5,0.001245,581.0,0.008776,82.45,6.84e-06,0.4524,158.52,0.0023941
2024-05-16,65235.21,0.001264,569.2,0.008725,82.43,7.05e-06,0.4597,159.37,0.002442
2024-05-17,67024.0,0.001256,580.9,0.008668,84.14,7.2e-06,0.4824,169.44,0.0025278
2024-05-18,66915.2,0.001253,580.3,0.008672,83.84,7.21e-06,0.482,172.4,0.0025765
2024-05-19,66274.01,0.001243,574.5,0.008669,82.4,7.04e-06,0.4672,169.93,0.0025649
2024-05-20,71446.62,0.001241,599.6,0.008396,88.64,7.03e-06,0.502,186.7,0.0026138
2024-05-21,70148.34,0.001259,618.5,0.008817,88.26,7.05e-06,0.4946,178.15,0.0025404
2024-05-22,69166.62,0.001241,614.8,0.008886,85.78,6.99e-06,0.4835,176.95,0.0025597
2024-05-23,67969.65,0.001258,599.3,0.008815,85.45,6.84e-06,0.4656,176.16,0.0025922
2024-05-24,68549.99,0.00124,600.3,0.008756,85.0,6.71e-06,0.4601,167.7,0.0024462
2024-05-25,69290.57,0.001227,602.4,0.008693,84.98,6.68e-06,0.4623,168.35,0.0024297
2024-05-26,68507.67,0.001225,600.2,0.008761,83.9,6.68e-06,0.4581,163.41,0.0023852
2024-05-27,69436.43,0.001227,603.9,0.008696,85.24,6.75e-06,0.4683,170.15,0.0024506
2024-05-28,68398.39,0.00122,601.7,0.008798,83.44,6.69e-06,0.4576,168.68,0.0024662
2024-05-29,67652.42,0.001236,595.7,0.008804,83.59,6.67e-06,0.4512,168.32,0.0024883
2024-05-30,68352.17,0.001235,595.1,0.008705,84.42,6.53e-06,0.4465,166.88,0.0024417
2024-05-31,67540.01,0.001232,593.7,0.008791,83.21,6.61e-06,0.447,165.65,0.0024527
2024-06-01,67766.85,0.001232,601.9,0.008879,83.48,6.64e-06,0.4499,166.14,0.0024516
2024-06-02,67765.63,0.001226,602.9,0.008897,83.11,6.59e-06,0.4465,163.15,0.0024078
2024-06-03,68809.9,0.001204,626.4,0.009102,82.82,6.65e-06,0.4573,164.89,0.0023963
2024-06-04,70537.84,0.001186,685.7,0.009721,83.65,6.54e-06,0.4615,171.78,0.0024347
2024-06-05,71108.0,0.001202,698.8,0.009827,85.44,6.48e-06,0.4613,173.54,0.0024405
2024-06-06,70799.06,0.001189,711.2,0.010044,84.19,6.47e-06,0.4582,170.15,0.0024033
2024-06-07,69355.6,0.001155,684.0,0.009861,80.13,6.48e-06,0.4492,162.5,0.0023437
2024-06-08,69310.46,0.001154,682.7,0.009849,79.97,6.31e-06,0.4368,157.83,0.0022775
2024-06-09,69648.14,0.001156,673.0,0.009663,80.49,6.37e-06,0.4442,162.12,0.0023277
2024-06-10,69540.0,0.001146,625.1,0.008991,79.66,6.34e-06,0.4406,159.05,0.0022873
2024-06-11,67314.24,0.001149,602.5,0.00895,77.32,6.27e-06,0.422,149.31,0.0022183
2024-06-12,68263.99,0.00115,619.4,0.009074,78.5,6.42e-06,0.4378,155.22,0.002274
2024-06-13,66773.01,0.001186,599.8,0.00898,79.15,6.31e-06,0.421,147.29,0.0022058
2024-06-14,66043.99,0.001175,603.3,0.009135,77.61,6.24e-06,0.412,143.05,0.0021663
2024-06-15,66228.25,0.001197,608.2,0.009182,79.23,6.25e-06,0.414,145.52,0.0021972
2024-06-16,66676.87,0.001184,610.8,0.00916,78.98,6.25e-06,0.4168,151.3,0.0022689
2024-06-17,66504.33,0.001152,604.3,0.009089,76.59,6.03e-06,0.4013,143.27,0.0021547
2024-06-18,65175.32,0.001116,588.6,0.009032,72.66,5.89e-06,0.3837,137.41,0.0021083
2024-06-19,64974.37,0.001136,599.3,0.009222,73.77,5.92e-06,0.3844,135.62,0.0020875
2024-06-20,64869.99,0.001151,587.7,0.009059,74.69,5.93e-06,0.3844,133.55,0.002059
2024-06-21,64143.56,0.001157,586.1,0.009141,74.17,5.86e-06,0.376,134.6,0.0020985
2024-06-22,64262.01,0.001161,591.1,0.009197,74.61,5.98e-06,0.3846,133.69,0.0020806
2024-06-23,63210.01,0.001161,577.5,0.009138,73.37,6.01e-06,0.38,128.69,0.0020354
2024-06-24,60293.3,0.001156,568.1,0.009423,69.68,6.27e-06,0.3777,132.33,0.0021947
2024-06-25,61806.01,0.001155,578.2,0.009356,71.35,6.34e-06,0.3918,136.58,0.0022098
2024-06-26,60864.99,0.001166,573.0,0.009417,71.02,6.32e-06,0.385,136.81,0.0022482
2024-06-27,61706.47,0.001188,581.7,0.009428,73.28,6.35e-06,0.3913,149.71,0.0024264
2024-06-28,60427.84,0.001206,567.4,0.009389,72.9,6.38e-06,0.3858,140.03,0.0023173
2024-06-29,60986.68,0.001229,570.0,0.009351,74.95,6.3e-06,0.3841,140.28,0.0022998
2024-06-30,62772.01,0.0012,582.2,0.009276,75.31,6.25e-06,0.3924,146.61,0.002336
2024-07-01,62899.99,0.001183,576.9,0.00917,74.38,6.41e-06,0.4032,146.67,0.0023317
2024-07-02,62135.47,0.001224,580.1,0.009335,76.04,6.73e-06,0.4184,154.03,0.0024785
2024-07-03,60208.58,0.001198,556.7,0.009244,72.08,6.76e-06,0.4069,140.84,0.0023386
2024-07-04,57050.01,0.001147,513.6,0.009,65.42,6.34e-06,0.3623,127.86,0.0022409
2024-07-05,56628.79,0.001092,497.7,0.008787,61.85,6.17e-06,0.3501,134.32,0.0023716
2024-07-06,58230.13,0.001124,526.0,0.009034,65.39,6.37e-06,0.3707,143.05,0.0024561
2024-07-07,55857.81,0.00111,490.7,0.008783,62.05,6.2e-06,0.3466,131.64,0.002356
2024-07-08,56714.62,0.001144,510.6,0.009001,64.92,6.51e-06,0.3691,139.81,0.002465
2024-07-09,58050.0,0.001126,516.9,0.008907,65.3,6.47e-06,0.3754,141.42,0.0024364
2024-07-10,57725.85,0.00116,524.7,0.009087,66.96,6.73e-06,0.3885,141.98,0.0024597
2024-07-11,57339.89,0.001174,524.8,0.009154,67.36,6.9e-06,0.3959,135.73,0.0023675
2024-07-12,57889.1,0.001197,533.8,0.00922,69.25,7.2e-06,0.4165,139.46,0.0024093
2024-07-13,59204.02,0.00118,532.4,0.008991,69.82,7.46e-06,0.4416,141.9,0.0023968
2024-07-14,60797.91,0.00115,544.8,0.00896,69.92,7.1e-06,0.4317,147.66,0.002429
2024-07-15,64724.14,0.001117,585.3,0.009039,72.29,6.88e-06,0.4449,159.38,0.0024617
2024-07-16,65043.99,0.001126,576.2,0.008858,73.21,6.74e-06,0.4381,160.62,0.0024695
2024-07-17,64087.99,0.001113,568.9,0.008875,71.38,6.81e-06,0.4359,155.5,0.0024265
2024-07-18,63987.92,0.00112,571.9,0.008938,71.63,6.61e-06,0.4234,159.22,0.0024887
2024-07-19,66660.0,0.001102,593.4,0.008902,73.4,6.58e-06,0.439,169.13,0.002537
2024-07-20,67139.96,0.001088,593.1,0.008836,73.03,6.51e-06,0.4373,173.6,0.002586
2024-07-21,68165.34,0.001086,602.5,0.008837,73.98,6.55e-06,0.4469,184.49,0.002706
2024-07-22,67532.01,0.001056,587.2,0.008695,71.26,6.31e-06,0.4262,178.9,0.0026484
2024-07-23,65936.01,0.001106,581.9,0.008827,72.92,6.22e-06,0.41,173.03,0.002624
2024-07-24,65376.0,0.00109,574.9,0.00879,71.29,6.21e-06,0.4063,178.06,0.0027234
2024-07-25,65799.95,0.001046,570.6,0.008674,68.79,6e-06,0.3948,171.85,0.0026116
2024-07-26,67907.99,0.001051,580.9,0.008555,71.31,6.15e-06,0.4172,183.06,0.0026952
2024-07-27,67896.5,0.001051,581.6,0.008567,71.32,6.16e-06,0.4176,183.92,0.0027082
2024-07-28,68249.88,0.001041,583.9,0.008555,71.07,5.96e-06,0.4073,184.9,0.0027097
2024-07-29,66784.69,0.001104,574.3,0.008599,73.69,6.03e-06,0.4031,182.57,0.0027338
2024-07-30,66188.0,0.001084,588.2,0.008886,71.69,6.06e-06,0.4015,179.16,0.002707
2024-07-31,64628.0,0.001086,576.5,0.008917,70.14,6.01e-06,0.3882,171.71,0.0026567
2024-08-01,65354.02,0.001064,575.1,0.008802,69.59,6.01e-06,0.3925,167.37,0.0025615
2024-08-02,61498.33,0.001059,542.9,0.008829,65.06,5.92e-06,0.3636,152.77,0.0024845
2024-08-03,60697.99,0.001066,529.6,0.008725,64.65,6.01e-06,0.3646,142.52,0.0023478
2024-08-04,58161.0,0.001075,496.9,0.008542,62.46,5.91e-06,0.3442,138.33,0.002378
2024-08-05,54018.81,0.001039,464.2,0.008595,56.08,5.77e-06,0.3119,129.78,0.002403
2024-08-06,56022.01,0.00104,484.8,0.008653,58.25,5.91e-06,0.331,144.4,0.0025775
2024-08-07,55134.16,0.001015,475.0,0.008613,55.99,5.88e-06,0.3241,144.77,0.0026257
2024-08-08,61685.99,0.000992,517.1,0.008382,61.16,5.7e-06,0.3516,163.13,0.0026446
2024-08-09,60837.99,0.000998,508.7,0.008363,60.72,5.72e-06,0.3483,156.28,0.0025693
2024-08-10,60923.51,0.001004,523.1,0.008587,61.16,5.68e-06,0.3457,154.01,0.0025278
2024-08-11,58712.59,0.001017,503.4,0.008575,59.73,5.58e-06,0.3276,141.57,0.0024103
2024-08-12,59346.64,0.001037,518.2,0.008731,61.5,5.72e-06,0.339,146.29,0.0024651
2024-08-13,60587.15,0.001047,524.2,0.00865,63.44,5.61e-06,0.34,146.65,0.0024205
2024-08-14,58683.39,0.001092,523.4,0.008918,64.06,5.72e-06,0.3352,143.71,0.002449
2024-08-15,57541.06,0.001135,519.2,0.009021,65.33,5.64e-06,0.3248,142.58,0.0024775
2024-08-16,58874.6,0.00113,519.7,0.008827,66.49,5.61e-06,0.3301,139.04,0.0023616
2024-08-17,59491.99,0.001136,541.6,0.009107,67.59,5.67e-06,0.3373,141.93,0.0023857
2024-08-18,58427.35,0.001135,531.2,0.009091,66.33,5.73e-06,0.3342,142.42,0.0024371
2024-08-19,59438.5,0.001116,558.4,0.009395,66.32,5.67e-06,0.3367,144.29,0.002427
2024-08-20,59013.8,0.001092,569.4,0.009649,64.41,5.82e-06,0.3434,142.27,0.0024109
2024-08-21,61156.03,0.001051,570.1,0.009321,64.27,6.04e-06,0.3689,142.79,0.0023345
2024-08-22,60375.84,0.001056,582.9,0.009655,63.77,6.24e-06,0.3763,143.22,0.0023724
2024-08-23,64037.24,0.001033,591.7,0.009238,66.1,6.11e-06,0.3912,153.26,0.002393
2024-08-24,64157.01,0.001037,580.5,0.009049,66.57,6.13e-06,0.3935,160.67,0.0025048
2024-08-25,64220.0,0.00101,573.9,0.008935,64.82,5.99e-06,0.3849,158.92,0.0024745
2024-08-26,62834.0,0.001003,548.2,0.008726,63.01,5.83e-06,0.3661,157.12,0.0025002
2024-08-27,59415.0,0.001016,533.3,0.008976,60.38,5.89e-06,0.3503,146.79,0.0024705
2024-08-28,59034.9,0.001047,537.0,0.009095,61.82,5.93e-06,0.3502,143.95,0.0024379
2024-08-29,59359.01,0.001053,536.4,0.009035,62.47,6.03e-06,0.3578,140.0,0.0023585
2024-08-30,59123.99,0.001099,535.2,0.009051,64.94,5.87e-06,0.3469,137.99,0.0023339
2024-08-31,58973.99,0.001102,532.9,0.009036,64.97,5.85e-06,0.345,135.35,0.0022951
2024-09-01,57301.86,0.00111,512.4,0.008942,63.59,5.78e-06,0.3311,128.5,0.0022431
2024-09-02,59132.13,0.001105,526.3,0.008901,65.33,5.68e-06,0.3362,134.94,0.002282
2024-09-03,57487.73,0.001119,518.7,0.009023,64.36,5.53e-06,0.3185,127.54,0.0022188
2024-09-04,57970.9,0.001129,507.6,0.008758,65.42,5.57e-06,0.3231,133.64,0.0023052
2024-09-05,56180.0,0.001177,502.4,0.008941,66.08,5.79e-06,0.3251,129.41,0.0023039
2024-09-06,53962.97,0.001168,487.2,0.009028,63.05,5.84e-06,0.3148,125.05,0.0023169
2024-09-07,54160.86,0.001147,493.5,0.009112,62.07,6.01e-06,0.3253,127.71,0.0023585
2024-09-08,54869.95,0.00111,503.1,0.00917,60.95,6.18e-06,0.339,130.15,0.0023711
2024-09-09,57042.0,0.001077,518.7,0.009092,61.42,6.01e-06,0.3435,135.08,0.0023676
2024-09-10,57635.99,0.001068,517.0,0.00897,61.51,5.96e-06,0.3431,135.63,0.0023533
2024-09-11,57338.0,0.001084,530.1,0.009246,62.19,6.16e-06,0.3532,132.42,0.002309
2024-09-12,58132.32,0.001081,544.5,0.009365,62.84,6.13e-06,0.3564,136.05,0.0023405
2024-09-13,60498.0,0.001073,556.4,0.009195,64.91,5.96e-06,0.3606,139.02,0.0022984
2024-09-14,59993.03,0.001099,553.3,0.009224,65.91,5.9e-06,0.3539,137.14,0.0022862
2024-09-15,59132.0,0.00107,553.4,0.009359,63.24,5.72e-06,0.3385,131.37,0.0022224
2024-09-16,58213.99,0.001075,533.7,0.009167,62.62,5.67e-06,0.3303,131.47,0.002258
2024-09-17,60313.99,0.001057,546.2,0.009056,63.77,5.54e-06,0.3338,131.54,0.0021811
2024-09-18,61759.99,0.00105,559.5,0.009059,64.84,5.58e-06,0.3441,134.34,0.0021744
2024-09-19,62947.99,0.001039,567.0,0.009006,65.4,5.57e-06,0.351,142.89,0.0022695
2024-09-20,63201.05,0.001034,569.0,0.009003,65.33,5.58e-06,0.3522,146.66,0.002321
2024-09-21,63348.96,0.001056,588.6,0.009293,66.84,5.65e-06,0.3584,149.41,0.0023589
2024-09-22,63578.76,0.001081,588.7,0.009257,68.68,5.53e-06,0.3517,144.63,0.0022749
2024-09-23,63339.99,0.001057,604.5,0.009546,66.96,5.74e-06,0.3637,144.79,0.0022856
2024-09-24,64262.7,0.001037,605.9,0.009429,66.7,6.04e-06,0.3878,152.73,0.0023763
2024-09-25,63152.01,0.001054,587.4,0.009302,66.55,6.04e-06,0.3809,147.98,0.0023433
2024-09-26,65173.99,0.001051,596.3,0.009151,68.54,6.16e-06,0.4014,155.55,0.0023867
2024-09-27,65769.95,0.001081,606.8,0.009228,71.13,6.11e-06,0.4017,157.64,0.0023969
2024-09-28,65858.0,0.001062,601.1,0.009126,69.95,6.08e-06,0.4006,156.75,0.0023799
2024-09-29,65602.01,0.001056,595.6,0.009078,69.27,6.06e-06,0.3975,158.46,0.0024157
2024-09-30,63327.59,0.001056,567.4,0.008959,66.82,5.9e-06,0.3733,152.49,0.0024088
2024-10-01,60805.78,0.001042,547.3,0.008999,63.41,5.79e-06,0.352,145.13,0.002387
2024-10-02,60649.28,0.001038,542.5,0.008945,62.95,5.66e-06,0.3432,140.18,0.0023115
2024-10-03,60752.71,0.001044,544.8,0.008966,63.44,5.68e-06,0.3453,136.82,0.0022521
2024-10-04,62086.0,0.001047,555.3,0.008946,64.95,5.66e-06,0.3517,143.24,0.0023058
2024-10-05,62058.0,0.001068,563.0,0.009071,66.29,5.66e-06,0.351,142.59,0.0022979
2024-10-06,62819.91,0.001068,570.3,0.009078,67.02,5.69e-06,0.3575,146.48,0.002332
2024-10-07,62224.0,0.001041,564.3,0.009068,64.77,5.64e-06,0.3512,143.96,0.0023134
2024-10-08,62160.49,0.001056,580.8,0.009344,65.69,5.54e-06,0.3448,143.49,0.0023083
2024-10-09,60636.02,0.001066,570.7,0.009409,64.59,5.6e-06,0.3396,139.33,0.0022975
2024-10-10,60326.39,0.001066,563.9,0.009344,64.32,5.63e-06,0.3396,139.03,0.0023054
2024-10-11,62540.0,0.001048,573.6,0.009174,65.58,5.63e-06,0.3517,145.53,0.0023273
2024-10-12,63206.22,0.001047,576.6,0.009121,66.19,5.59e-06,0.3532,146.4,0.0023163
2024-10-13,62870.02,0.001031,572.2,0.0091,64.8,5.55e-06,0.3486,147.74,0.0023503
2024-10-14,66083.99,0.001012,589.1,0.008917,66.83,5.49e-06,0.3643,157.59,0.0023845
2024-10-15,67074.14,0.001057,594.5,0.008865,70.87,5.35e-06,0.3591,154.76,0.0023049
2024-10-16,67620.01,0.001037,600.9,0.008887,70.08,5.21e-06,0.3521,154.28,0.0022811
2024-10-17,67421.78,0.00108,592.9,0.008792,72.8,5.09e-06,0.3432,150.5,0.0022324
2024-10-18,68428.0,0.001069,599.2,0.008755,73.11,5.12e-06,0.3507,154.94,0.002264
2024-10-19,68378.0,0.001095,597.7,0.008745,74.9,5.14e-06,0.3513,159.79,0.0023361
2024-10-20,69031.99,0.001076,605.9,0.008777,74.3,5.29e-06,0.3649,167.4,0.0024245
2024-10-21,67377.5,0.00105,598.8,0.008885,70.77,5.35e-06,0.3609,166.17,0.0024662
2024-10-22,67426.0,0.001038,593.8,0.008805,70.04,5.41e-06,0.3645,167.59,0.0024854
2024-10-23,66668.65,0.00105,584.9,0.008772,70.04,5.24e-06,0.3497,170.85,0.0025627
2024-10-24,68198.28,0.001044,594.5,0.008716,71.18,5.08e-06,0.3465,177.19,0.0025982
2024-10-25,66698.33,0.001032,575.3,0.008625,68.84,4.89e-06,0.3261,164.9,0.0024731
2024-10-26,67092.76,0.001021,583.4,0.008694,68.47,4.97e-06,0.3337,170.88,0.0025464
2024-10-27,68021.7,0.001045,589.2,0.008664,71.06,5e-06,0.3399,176.63,0.0025972
2024-10-28,69962.21,0.001012,601.1,0.008591,70.8,4.91e-06,0.3437,178.29,0.0025483
2024-10-29,72736.42,0.001017,606.3,0.008337,73.98,4.89e-06,0.3561,179.42,0.0024667
2024-10-30,72344.74,0.000992,595.6,0.008231,71.76,4.91e-06,0.355,174.87,0.0024178
2024-10-31,70292.01,0.000987,576.6,0.0082,69.33,4.86e-06,0.3418,168.69,0.0023992
2024-11-01,69496.01,0.001012,573.1,0.008243,70.27,5.14e-06,0.3575,166.1,0.0023894
2024-11-02,69374.74,0.000998,568.6,0.008198,69.2,5.02e-06,0.3482,166.17,0.0023957
2024-11-03,68775.99,0.000972,557.7,0.008112,66.86,4.85e-06,0.3341,162.53,0.0023625
2024-11-04,67850.01,0.000966,552.5,0.008142,65.56,4.81e-06,0.3263,157.95,0.0023279
2024-11-05,69372.01,0.000943,563.21,0.008119,65.39,4.81e-06,0.3336,166.62,0.0024019
2024-11-06,75571.99,0.00094,592.22,0.007835,71.01,4.8e-06,0.363,186.59,0.002469
2024-11-07,75857.89,0.000942,598.26,0.007885,71.45,5.36e-06,0.4065,196.35,0.0025883
2024-11-08,76509.78,0.000952,597.82,0.007811,72.78,5.81e-06,0.4447,199.85,0.0026123
2024-11-09,76677.46,0.000965,624.66,0.008145,73.98,6.47e-06,0.4967,199.89,0.0026066
2024-11-10,80370.01,0.000952,627.33,0.007805,76.58,7.34e-06,0.5901,210.07,0.0026136
2024-11-11,88647.99,0.000903,659.63,0.007441,80.03,6.91e-06,0.6132,222.13,0.0025054
2024-11-12,87952.01,0.000872,625.33,0.00711,76.69,6.5e-06,0.5709,211.64,0.0024066
2024-11-13,90375.2,0.000834,620.68,0.006868,75.39,6.4e-06,0.5783,215.13,0.0023805
2024-11-14,87325.59,0.000943,622.3,0.00713,82.38,6.64e-06,0.5792,209.57,0.0024
2024-11-15,91032.07,0.000919,619.37,0.006802,83.7,7.77e-06,0.7071,218.45,0.0023995
2024-11-16,90586.92,0.001054,622.69,0.006875,95.42,8.19e-06,0.7416,215.71,0.0023806
2024-11-17,89855.99,0.00097,618.9,0.006885,87.2,7.81e-06,0.7026,237.47,0.0026429
2024-11-18,90464.08,0.000986,618.93,0.006841,89.22,8.1e-06,0.7325,239.79,0.002651
2024-11-19,92310.79,0.000939,615.5,0.006672,86.68,8e-06,0.7387,237.63,0.0025748
2024-11-20,94286.56,0.000885,605.39,0.006421,83.38,8.48e-06,0.8003,235.48,0.0024966
2024-11-21,98317.12,0.000911,621.86,0.006325,89.51,8.35e-06,0.8218,256.37,0.002608
2024-11-22,98892.0,0.000932,633.0,0.006401,92.2,1.029e-05,1.0175,256.9,0.0025977
2024-11-23,97672.4,0.001018,650.42,0.006658,99.5,1.092e-05,1.0658,254.89,0.0026096
2024-11-24,97900.04,0.00099,659.65,0.006738,96.92,1.044e-05,1.0226,252.73,0.0025813
2024-11-25,93010.01,0.000992,636.2,0.006837,92.26,1.014e-05,0.9435,234.18,0.0025175
2024-11-26,91965.16,0.001011,613.51,0.006671,92.82,1.045e-05,0.9603,230.69,0.002509
2024-11-27,95863.11,0.001014,644.14,0.00672,97.23,1.056e-05,1.0116,241.96,0.0025247
2024-11-28,95643.98,0.000999,653.83,0.006836,95.54,1.079e-05,1.0321,237.59,0.0024845
2024-11-29,97460.0,0.001075,654.67,0.006717,104.77,1.103e-05,1.0755,243.33,0.0024964
2024-11-30,96407.99,0.001066,653.43,0.006779,102.74,1.119e-05,1.079,237.6,0.0024647
2024-12-01,97185.18,0.001231,655.99,0.006748,119.55,1.183e-05,1.1496,236.8,0.0024364
2024-12-02,95840.62,0.001386,647.82,0.006759,132.93,1.254e-05,1.2022,225.72,0.0023564
2024-12-03,95849.69,0.001365,734.64,0.007665,130.89,1.244e-05,1.1914,233.92,0.0024402
2024-12-04,98587.32,0.001356,739.53,0.007498,133.69,1.203e-05,1.1871,229.15,0.0023242
2024-12-05,96945.63,0.0014,717.1,0.007397,135.78,1.197e-05,1.1597,235.84,0.0024328
2024-12-06,99740.84,0.001362,730.22,0.007321,135.93,1.231e-05,1.2278,236.87,0.0023748
2024-12-07,99831.99,0.001339,749.72,0.007508,133.79,1.213e-05,1.2103,238.14,0.0023854
2024-12-08,101109.59,0.001334,742.0,0.007338,134.91,1.181e-05,1.1936,237.02,0.0023441
2024-12-09,97276.47,0.001136,689.19,0.007085,110.44,1.032e-05,1.0034,216.63,0.0022272
2024-12-10,96593.0,0.001137,676.8,0.007007,109.8,1.058e-05,1.0215,213.6,0.0022115
2024-12-11,101125.0,0.00116,711.21,0.007033,117.3,1.075e-05,1.0868,227.29,0.0022477
2024-12-12,100004.29,0.001191,705.77,0.007058,119.24,1.123e-05,1.1231,226.96,0.0022692
2024-12-13,101424.25,0.001228,725.72,0.007156,124.52,1.105e-05,1.1213,224.79,0.0022165
2024-12-14,101420.0,0.001166,715.79,0.007059,118.21,1.046e-05,1.061,219.93,0.0021684
2024-12-15,104463.99,0.001159,718.87,0.006881,121.11,1.052e-05,1.0996,224.27,0.0021467
2024-12-16,106058.66,0.001113,720.58,0.006794,117.99,1.016e-05,1.0775,216.19,0.0020386
2024-12-17,106133.74,0.001183,717.69,0.006761,125.63,9.91e-06,1.0522,223.15,0.0021026
2024-12-18,100204.01,0.001082,686.38,0.006851,108.35,9.67e-06,0.9681,206.53,0.002061
2024-12-19,97461.86,0.001019,665.62,0.006829,99.36,9.04e-06,0.8806,193.81,0.0019889
2024-12-20,97805.44,0.001037,678.6,0.006938,101.38,9.71e-06,0.9501,194.48,0.0019886
2024-12-21,97291.99,0.001043,663.49,0.00682,101.56,9.3e-06,0.9052,181.45,0.001865
2024-12-22,95186.27,0.001048,649.77,0.006828,99.78,9.28e-06,0.8834,180.52,0.001896
2024-12-23,94881.47,0.001126,694.16,0.007316,106.77,9.77e-06,0.9264,190.11,0.0020036
2024-12-24,98663.58,0.001098,696.9,0.007063,108.35,9.49e-06,0.9358,197.09,0.001998
2024-12-25,99429.6,0.001104,702.72,0.00707,109.82,9.22e-06,0.9176,197.44,0.001986
2024-12-26,95791.6,0.001068,689.4,0.007197,102.23,8.99e-06,0.8611,188.46,0.0019674
2024-12-27,94299.03,0.001066,691.85,0.007336,100.58,9.3e-06,0.8771,184.22,0.0019538
2024-12-28,95300.0,0.001057,722.13,0.007577,100.74,9.33e-06,0.8895,195.5,0.0020511
2024-12-29,93738.2,0.001051,694.71,0.007412,98.51,9.17e-06,0.859,189.94,0.0020266
2024-12-30,92792.05,0.001072,705.36,0.0076,99.4,9.29e-06,0.8615,191.38,0.0020619
2024-12-31,93576.0,0.001104,702.3,0.007505,103.28,9.03e-06,0.8451,189.31,0.0020232
2025-01-01,94591.79,0.001112,707.84,0.007484,105.24,9.74e-06,0.9222,194.28,0.002054
