timestamp,BTCUSDT_1d,ETHUSDT_1d,XRPUSDT_1d,BNBUSDT_1d,SOLUSDT_1d,ADAUSDT_1d,TRXUSDT_1d,LINKUSDT_1d,AVAXUSDT_1d
2020-09-22,10529.61,344.21,0.23302,24.0468,2.9082,0.08146,0.02499,8.7401,5.3193
2020-09-23,10241.46,320.72,0.22164,22.8331,2.8548,0.07663,0.02486,7.6364,3.535
2020-09-24,10736.32,348.97,0.23276,24.5745,3.1433,0.08254,0.02625,9.87,4.6411
2020-09-25,10686.67,351.92,0.24154,24.6924,3.1937,0.09693,0.02714,10.7279,4.7134
2020-09-26,10728.6,353.92,0.24153,26.1998,3.1287,0.09547,0.02718,10.3169,4.52
2020-09-27,10774.25,357.49,0.24334,26.251,3.1578,0.1013,0.02659,10.7939,4.6484
2020-09-28,10696.12,353.96,0.24107,26.9855,2.9599,0.1003,0.02625,10.283,4.2021
2020-09-29,10840.48,359.79,0.24285,28.8946,2.9505,0.1011,0.0263,10.135,4.1394
2020-09-30,10776.59,359.83,0.24171,29.2656,2.8967,0.10136,0.02621,9.8694,4.3293
2020-10-01,10619.13,352.85,0.23819,27.4673,2.8669,0.09804,0.02581,9.6394,4.15
2020-10-02,10570.4,345.6,0.23386,27.3369,2.6232,0.09286,0.0259,9.2167,3.9115
2020-10-03,10542.06,345.95,0.23273,28.1867,2.5439,0.09328,0.02719,9.269,4.0168
2020-10-04,10666.63,352.37,0.24794,28.9668,2.5202,0.09686,0.02644,9.3922,3.964
2020-10-05,10792.21,353.62,0.2503,28.6158,2.6522,0.09738,0.02643,9.6176,3.9813
2020-10-06,10599.66,340.75,0.24545,27.6812,2.174,0.09289,0.02556,8.7689,3.5424
2020-10-07,10666.39,341.58,0.2487,27.6898,2.3005,0.09374,0.02551,8.9799,3.442
2020-10-08,10925.57,350.95,0.25141,27.7424,2.3638,0.09632,0.02572,9.5594,3.9147
2020-10-09,11050.64,365.02,0.25293,28.4076,2.5314,0.10129,0.02627,10.3959,4.2491
2020-10-10,11293.22,370.52,0.25402,28.4414,2.3999,0.10493,0.02644,10.5198,4.023
2020-10-11,11369.02,374.16,0.25544,28.5271,2.4227,0.10648,0.02656,10.8515,4.096
2020-10-12,11528.25,386.51,0.25603,30.6503,2.5836,0.10945,0.02709,11.4259,4.41
2020-10-13,11420.56,381.04,0.2565,30.7256,2.4062,0.10925,0.0268,11.0016,4.4806
2020-10-14,11417.89,378.69,0.24906,30.838,2.3107,0.10703,0.02676,10.8896,4.1596
2020-10-15,11505.12,377.64,0.24596,31.3256,2.2682,0.10666,0.02652,10.7483,4.1269
2020-10-16,11319.32,365.5,0.24011,30.0516,2.1398,0.10414,0.02572,10.5877,4.0433
2020-10-17,11360.2,368.32,0.24057,30.2414,2.2053,0.10598,0.02574,10.6267,4.1946
2020-10-18,11503.14,378.11,0.24221,30.6593,2.215,0.10735,0.02594,10.9409,4.1195
2020-10-19,11751.47,379.3,0.24558,29.9107,2.0592,0.10859,0.02589,10.9147,4.05
2020-10-20,11909.99,368.52,0.24322,28.8227,1.885,0.10238,0.02592,9.8589,3.804
2020-10-21,12780.96,390.38,0.25088,29.7329,1.8887,0.10589,0.02667,10.7863,3.9585
2020-10-22,12968.52,413.98,0.25709,30.6396,1.9582,0.11077,0.02708,11.9539,4.3385
2020-10-23,12923.07,409.11,0.25471,30.6377,1.959,0.10805,0.02669,12.1586,4.2568
2020-10-24,13111.73,412.14,0.2562,30.6639,1.9142,0.10797,0.02706,12.7001,4.1821
2020-10-25,13028.83,405.86,0.25313,30.128,1.7926,0.10639,0.02699,12.1481,4.1479
2020-10-26,13052.19,392.52,0.2481,31.0467,1.6799,0.10306,0.02675,11.7096,4.148
2020-10-27,13636.17,403.45,0.25273,31.4826,1.711,0.10256,0.02701,11.9224,4.1217
2020-10-28,13266.4,388.23,0.2454,30.3338,1.518,0.09869,0.02688,11.4403,4.0596
2020-10-29,13455.7,387.13,0.24239,29.8702,1.4327,0.09531,0.02655,11.2772,3.7758
2020-10-30,13560.1,382.49,0.23905,28.4909,1.4381,0.0933,0.0256,11.09,3.7224
2020-10-31,13791.0,386.46,0.23968,28.5058,1.5497,0.093,0.02576,11.2277,3.6456
2020-11-01,13761.5,396.67,0.23999,28.5318,1.608,0.09827,0.02574,11.5722,3.6814
2020-11-02,13549.37,383.02,0.23523,27.7983,1.4738,0.09221,0.02445,10.7814,3.617
2020-11-03,14023.53,387.88,0.2396,26.8638,1.4118,0.09357,0.02442,10.3911,3.323
2020-11-04,14144.01,402.49,0.23758,26.96,1.3912,0.0955,0.0242,10.4713,3.1718
2020-11-05,15590.02,416.69,0.24561,27.6875,1.4007,0.09752,0.02493,10.9794,3.3348
2020-11-06,15579.92,455.91,0.25863,29.0435,1.9,0.1091,0.02616,12.1687,3.5913
2020-11-07,14818.3,435.21,0.2491,27.7651,2.0215,0.10128,0.02486,11.7638,3.4126
2020-11-08,15475.1,454.3,0.25374,28.4101,2.1558,0.10655,0.02535,12.71,3.4754
2020-11-09,15328.41,444.32,0.25059,28.0941,2.0299,0.10561,0.02479,12.5107,3.4125
2020-11-10,15297.21,450.34,0.2538,28.2188,2.2661,0.1059,0.02483,13.0017,3.5713
2020-11-11,15684.24,463.09,0.25581,28.016,2.0,0.10599,0.02498,12.753,3.4842
2020-11-12,16291.86,462.39,0.2549,27.6874,1.9089,0.1046,0.0249,12.4038,3.4243
2020-11-13,16320.7,476.43,0.2659,28.1974,2.0141,0.10629,0.0254,12.8687,3.6745
2020-11-14,16070.45,460.89,0.26824,27.9311,1.9182,0.10411,0.02513,12.5574,3.4894
2020-11-15,15957.0,448.08,0.26954,27.6786,2.0407,0.10046,0.02533,12.1192,3.5453
2020-11-16,16713.57,460.55,0.28813,27.9451,2.2626,0.10387,0.02549,12.6223,3.7
2020-11-17,17659.38,482.15,0.30247,28.5552,2.1998,0.10947,0.02649,13.3944,3.8355
2020-11-18,17776.12,478.41,0.29335,28.0931,2.1153,0.10658,0.02678,13.5598,3.7445
2020-11-19,17802.82,471.25,0.30358,28.1387,2.085,0.1059,0.02581,13.6187,3.6399
2020-11-20,18655.67,510.12,0.32991,28.9715,2.1033,0.11828,0.02629,14.0933,3.715
2020-11-21,18703.8,552.35,0.46283,30.5161,2.3822,0.13334,0.03057,15.4511,4.0281
2020-11-22,18414.43,560.03,0.44611,30.0226,2.1514,0.14599,0.02875,14.5098,3.8892
2020-11-23,18368.0,608.58,0.61579,30.995,2.2786,0.15445,0.03174,15.2746,4.0747
2020-11-24,19160.01,604.97,0.694,33.9407,2.2823,0.16721,0.03523,15.6703,4.26
2020-11-25,18719.11,569.5,0.63022,31.2953,2.2661,0.15473,0.03304,14.2016,4.0453
2020-11-26,17149.47,519.83,0.53654,28.2356,1.9111,0.13843,0.02942,12.603,3.5447
2020-11-27,17139.52,518.68,0.5623,28.4606,1.861,0.14178,0.02938,12.4989,3.5942
2020-11-28,17719.85,537.52,0.62579,29.1766,1.8868,0.16489,0.03047,13.0853,3.6271
2020-11-29,18184.99,576.3,0.60543,30.1045,1.9153,0.16663,0.03072,13.38,3.7013
2020-11-30,19695.87,616.66,0.66417,31.4935,1.9665,0.17204,0.03236,14.2677,3.7024
2020-12-01,18764.96,585.26,0.61088,30.1996,1.9738,0.15562,0.03024,13.3461,3.5543
2020-12-02,19204.09,596.89,0.62972,30.2875,2.1209,0.15845,0.03118,13.9799,3.74
2020-12-03,19421.9,615.85,0.63046,30.7065,2.0967,0.16398,0.03166,13.9749,3.8123
2020-12-04,18650.52,567.24,0.55367,29.0231,1.8535,0.14781,0.02947,12.68,3.5348
2020-12-05,19147.66,596.8,0.58517,29.728,1.9795,0.15993,0.03056,13.1748,3.6382
2020-12-06,19359.4,601.54,0.62107,29.5026,1.8505,0.15873,0.03091,13.5057,3.6055
2020-12-07,19166.9,591.28,0.60818,29.37,1.8272,0.15401,0.03029,13.0704,3.3895
2020-12-08,18324.11,554.94,0.5589,27.6705,1.6631,0.1412,0.0279,12.1356,3.1172
2020-12-09,18541.28,573.09,0.58265,28.1452,1.6592,0.14796,0.0287,12.6212,3.2652
2020-12-10,18254.63,558.99,0.57267,27.6926,1.5683,0.14188,0.02811,11.9172,3.1499
2020-12-11,18036.53,544.43,0.54945,27.3419,1.4389,0.13926,0.02778,11.6335,3.2375
2020-12-12,18808.69,568.04,0.50658,28.1603,1.4912,0.14438,0.02855,12.2259,3.3332
2020-12-13,19174.99,590.7,0.51365,29.1571,1.5701,0.15406,0.02921,12.9392,3.3405
2020-12-14,19273.14,586.29,0.4974,30.0338,1.5946,0.15877,0.0291,12.8502,3.1433
2020-12-15,19426.43,588.64,0.46793,29.5053,1.7586,0.15381,0.02918,12.6818,3.3014
2020-12-16,21335.52,637.18,0.56941,30.5577,1.7829,0.16814,0.03145,13.4852,3.3409
2020-12-17,22797.16,642.7,0.5769,30.2255,1.68,0.16336,0.03072,13.444,3.2079
2020-12-18,23107.39,653.85,0.58337,30.9882,1.7014,0.16502,0.03109,13.5001,3.4081
2020-12-19,23821.61,658.03,0.57666,33.3167,1.6707,0.16433,0.03124,13.4747,3.4651
2020-12-20,23455.52,638.18,0.55586,34.3148,1.5635,0.16201,0.03122,13.0604,3.304
2020-12-21,22719.71,607.58,0.51445,32.05,1.5331,0.15278,0.02926,12.3049,3.0892
2020-12-22,23810.79,636.45,0.44642,33.5151,1.49,0.15646,0.02885,12.7842,3.0761
2020-12-23,23232.76,585.56,0.2605,31.1843,1.198,0.13635,0.0248,10.9736,2.9465
2020-12-24,23729.2,612.31,0.33863,32.4895,1.3612,0.15304,0.02769,11.5724,3.1006
2020-12-25,24712.47,626.82,0.31768,33.1996,1.4464,0.15761,0.02854,11.5543,2.9517
2020-12-26,26493.39,637.44,0.29481,33.6361,1.3258,0.15839,0.0278,10.9809,2.9178
2020-12-27,26281.66,685.11,0.28407,33.674,1.3037,0.15467,0.02889,12.1541,2.9026
2020-12-28,27079.41,730.41,0.24845,35.951,1.5172,0.17627,0.02959,12.6081,2.9577
2020-12-29,27385.0,732.0,0.22142,39.0667,1.6704,0.19067,0.02767,11.7786,2.9248
2020-12-30,28875.54,752.17,0.21138,38.1558,1.535,0.18389,0.02695,11.2435,2.9162
2020-12-31,28923.63,736.42,0.21959,37.3588,1.5073,0.18134,0.02677,11.2364,3.1859
2021-01-01,29331.69,728.91,0.23746,37.7762,1.8421,0.17509,0.02685,11.8477,3.6497
2021-01-02,32178.33,774.56,0.22064,38.2331,1.7999,0.17742,0.02721,12.2215,3.4956
2021-01-03,33000.05,978.28,0.2254,41.2575,2.1779,0.20615,0.02949,13.6814,3.4691
2021-01-04,31988.71,1041.43,0.23565,41.1333,2.4909,0.22528,0.03095,13.5935,3.5999
2021-01-05,33949.53,1099.56,0.22573,41.8219,2.1636,0.25873,0.02852,14.5162,4.2501
2021-01-06,36769.36,1208.42,0.24854,42.2417,1.9414,0.33309,0.03046,17.2322,4.5788
2021-01-07,39432.28,1224.87,0.32389,43.5728,2.3635,0.29928,0.03095,15.9628,4.4707
2021-01-08,40582.81,1216.93,0.32032,42.356,3.2214,0.30389,0.0304,15.2381,5.7
2021-01-09,40088.22,1276.0,0.32419,43.8479,3.3829,0.33062,0.03382,17.5501,7.1877
2021-01-10,38150.02,1254.25,0.31491,42.4031,3.449,0.30153,0.03275,16.206,6.5416
2021-01-11,35404.47,1087.01,0.28743,38.1674,3.1016,0.2757,0.02897,14.6393,6.4713
2021-01-12,34051.24,1050.16,0.29254,38.2541,3.6354,0.28888,0.02865,13.9655,7.72
2021-01-13,37371.38,1129.89,0.30582,40.1114,3.5242,0.3123,0.03079,15.9356,8.4695
2021-01-14,39144.5,1231.62,0.29642,41.8723,3.2921,0.31201,0.03014,17.9804,9.3177
2021-01-15,36742.22,1168.53,0.27991,40.8668,3.2475,0.30188,0.02972,20.7375,9.3794
2021-01-16,35994.98,1227.83,0.27924,43.142,3.4247,0.35071,0.03008,20.1054,12.8421
2021-01-17,35828.61,1232.45,0.27746,45.8675,3.8268,0.38081,0.0302,23.2819,13.1746
2021-01-18,36631.27,1258.45,0.28528,45.3412,3.7868,0.37123,0.03164,22.0336,12.7035
2021-01-19,35891.49,1365.36,0.29396,42.5241,3.6287,0.3672,0.03063,20.5557,11.7367
2021-01-20,35468.23,1376.99,0.29539,42.6069,3.7166,0.37532,0.03046,21.8482,12.3768
2021-01-21,30850.13,1110.96,0.26802,38.6343,2.9899,0.30785,0.02762,18.4119,11.3225
2021-01-22,32945.17,1232.62,0.27217,40.8936,3.3352,0.34867,0.02857,21.5519,12.7097
2021-01-23,32078.0,1233.6,0.27167,40.9109,3.5079,0.34583,0.02925,24.8046,12.8669
2021-01-24,32259.9,1392.51,0.27339,41.8263,3.6278,0.35345,0.02999,24.7935,12.4801
2021-01-25,32254.2,1317.88,0.26757,41.8347,3.7038,0.34308,0.02949,23.3418,12.1816
2021-01-26,32467.77,1365.97,0.26834,41.8396,4.041,0.3433,0.02949,23.0981,12.2088
2021-01-27,30366.15,1239.03,0.25039,40.8826,3.675,0.31144,0.02823,20.9586,11.158
2021-01-28,33364.86,1329.69,0.26407,42.5254,3.81,0.34409,0.02955,23.0145,11.9615
2021-01-29,34252.2,1379.5,0.2829,42.8618,3.8293,0.34752,0.03335,22.748,11.6158
2021-01-30,34262.88,1378.05,0.44372,44.7849,4.228,0.364,0.03216,23.6399,12.0433
2021-01-31,33092.98,1312.55,0.49507,44.3292,4.2525,0.34475,0.03154,22.5613,13.4704
2021-02-01,33526.37,1374.17,0.37106,51.4781,4.6148,0.40876,0.03295,22.8757,13.2153
2021-02-02,35466.24,1511.87,0.37254,51.0071,5.2331,0.42498,0.03317,23.6582,13.4703
2021-02-03,37618.87,1664.49,0.39721,52.12,5.7311,0.44189,0.03452,25.087,14.84
2021-02-04,36936.66,1595.67,0.44545,55.9599,6.4085,0.43934,0.0331,24.492,15.2697
2021-02-05,38290.24,1719.19,0.45219,67.7005,6.7005,0.53917,0.03624,26.3034,17.8973
2021-02-06,39186.94,1676.35,0.44307,72.8356,6.1225,0.63444,0.03507,25.0231,18.1216
2021-02-07,38795.69,1611.62,0.41849,68.3542,6.6976,0.66109,0.03597,24.7254,23.705
2021-02-08,46374.87,1750.15,0.45099,79.8374,7.855,0.67638,0.04042,25.4115,30.056
2021-02-09,46420.42,1769.13,0.47636,107.3469,7.8005,0.70562,0.04608,27.6034,31.9194
2021-02-10,44807.58,1740.78,0.50429,128.9711,9.09,0.93966,0.04629,26.8121,54.6861
2021-02-11,47969.51,1785.62,0.52806,124.085,9.2004,0.92796,0.05681,27.8475,46.9673
2021-02-12,47287.6,1840.26,0.609,136.6139,9.2,0.92426,0.05515,30.6265,48.2978
2021-02-13,47153.69,1814.96,0.63309,133.3496,8.7441,0.91299,0.05995,34.1941,44.0832
2021-02-14,48577.79,1800.42,0.59211,135.8623,8.7158,0.84364,0.05519,33.1565,39.1711
2021-02-15,47911.1,1779.25,0.54976,130.303,8.8516,0.86143,0.05079,32.5899,38.309
2021-02-16,49133.45,1781.99,0.51995,130.183,8.3002,0.87,0.05202,31.9632,36.5402
2021-02-17,52119.71,1849.88,0.53467,165.3233,8.2357,0.89206,0.05256,32.2324,37.3003
2021-02-18,51552.6,1939.61,0.53204,195.6,8.9771,0.91442,0.05492,32.4801,40.9656
2021-02-19,55906.0,1955.0,0.56465,333.111,11.4912,0.92581,0.06073,34.6846,38.7274
2021-02-20,55841.19,1913.0,0.51167,253.0,9.9869,1.11568,0.05773,33.9387,35.9985
2021-02-21,57408.57,1933.53,0.54468,295.2597,11.0753,1.09894,0.05935,34.0915,36.1855
2021-02-22,54087.67,1777.58,0.56646,267.5147,14.4191,1.09703,0.05425,31.4542,32.1502
2021-02-23,48891.0,1577.89,0.47579,231.3646,15.2244,0.96197,0.04501,25.9249,27.5924
2021-02-24,49676.2,1623.39,0.4686,254.5056,17.1691,1.04902,0.048,28.0851,29.7396
2021-02-25,47073.73,1481.75,0.43601,234.9146,13.8442,1.07691,0.0452,24.7144,26.7
2021-02-26,46276.87,1444.59,0.42788,221.717,13.5962,1.24303,0.04517,25.1862,25.9695
2021-02-27,46106.43,1458.13,0.43589,225.3853,13.1916,1.31402,0.04652,26.1896,25.7616
2021-02-28,45135.66,1419.18,0.41565,210.2138,13.0887,1.31203,0.04562,24.7016,23.9566
2021-03-01,49587.03,1569.86,0.44537,254.9637,14.9855,1.29627,0.04784,27.7116,27.5107
2021-03-02,48440.65,1486.78,0.4357,239.6841,13.9438,1.2228,0.04687,28.4769,27.1101
2021-03-03,50349.37,1567.69,0.44846,240.5701,14.0742,1.21311,0.04883,29.85,27.22
2021-03-04,48374.09,1539.23,0.48096,229.6369,13.0508,1.11239,0.05142,27.6943,25.7781
2021-03-05,48751.71,1528.31,0.45457,225.4714,12.5382,1.15908,0.05019,27.8343,24.2414
2021-03-06,48882.2,1650.35,0.46285,226.3814,13.0421,1.129,0.05015,28.1479,24.911
2021-03-07,50971.75,1726.16,0.46558,240.11,13.8174,1.13042,0.05173,28.5932,26.6863
2021-03-08,52375.17,1833.18,0.47412,240.5509,13.6028,1.11848,0.05307,31.8469,25.6179
2021-03-09,54884.5,1870.51,0.4849,293.2052,14.839,1.1972,0.0532,31.4914,34.314
2021-03-10,55851.59,1795.12,0.46155,278.4499,14.2048,1.13261,0.05142,29.9036,29.5858
2021-03-11,57773.16,1825.78,0.45187,290.0301,16.031,1.1243,0.05151,30.1166,30.8005
2021-03-12,57221.72,1766.1,0.43934,263.2201,14.5597,1.03207,0.04997,28.3553,27.9561
2021-03-13,61188.39,1922.35,0.45787,276.2822,15.3033,1.1,0.05291,29.7384,30.8799
2021-03-14,58968.31,1848.1,0.43905,263.238,14.4605,1.05243,0.05105,28.5469,28.8423
2021-03-15,55605.2,1793.48,0.43574,254.5144,14.1577,1.03103,0.05069,27.5091,28.9472
2021-03-16,56900.75,1805.12,0.46024,258.5352,13.6392,1.24924,0.05237,27.9099,33.036
2021-03-17,58912.97,1823.58,0.4698,269.7896,14.2018,1.377,0.05483,31.0579,32.6789
2021-03-18,57648.16,1776.08,0.46893,261.4816,14.204,1.22925,0.05329,29.3949,33.2132
2021-03-19,58030.01,1809.1,0.46651,262.935,14.1552,1.29474,0.05862,29.777,37.3166
2021-03-20,58102.28,1806.1,0.52613,264.3023,14.1894,1.20046,0.0609,29.6465,34.2022
2021-03-21,57351.56,1782.98,0.51651,264.6513,14.3372,1.18561,0.06337,29.2097,32.8117
2021-03-22,54083.25,1680.97,0.5441,254.7976,14.7964,1.1015,0.05927,27.2431,29.17
2021-03-23,54340.89,1668.08,0.5498,255.4646,14.1552,1.11639,0.05852,26.7813,28.4704
2021-03-24,52303.65,1581.84,0.48021,248.5236,13.5973,1.06902,0.05568,24.8684,25.8387
2021-03-25,51293.78,1585.74,0.51058,233.9466,12.9787,1.0956,0.05528,25.535,25.825
2021-03-26,55025.59,1698.84,0.56357,255.2105,14.7664,1.2142,0.06464,27.3927,28.2527
2021-03-27,55817.14,1712.63,0.54752,269.2234,16.4589,1.17678,0.0636,26.8766,27.6225
2021-03-28,55777.63,1687.01,0.54552,268.4263,18.0645,1.18983,0.06362,26.6588,28.7167
2021-03-29,57635.47,1816.74,0.56538,275.2991,18.9504,1.20239,0.06475,28.0357,29.5
2021-03-30,58746.57,1840.46,0.5621,311.2962,19.0685,1.21189,0.06598,27.8301,29.6009
2021-03-31,58740.55,1919.37,0.56982,302.3724,19.3861,1.19191,0.09296,29.4167,28.7218
2021-04-01,58720.44,1968.05,0.57087,334.7991,19.0443,1.18377,0.08543,30.0684,28.2456
2021-04-02,58950.01,2133.69,0.60701,338.2932,19.7501,1.18998,0.09232,32.4864,29.0353
2021-04-03,57051.94,2008.52,0.57831,321.9497,22.5,1.16238,0.10143,29.293,28.1787
2021-04-04,58202.01,2075.69,0.635,348.8617,23.7755,1.18206,0.12761,30.7471,29.1573
2021-04-05,59129.99,2107.38,0.91584,368.0263,22.9717,1.2118,0.13655,32.3791,31.2559
2021-04-06,57991.15,2112.21,1.09663,403.3648,25.0548,1.252,0.12401,34.725,31.4635
2021-04-07,55953.45,1963.47,0.91542,375.5538,26.5385,1.17359,0.11045,31.109,29.5068
2021-04-08,58077.52,2080.46,1.05599,418.7048,26.9384,1.21926,0.12349,32.7884,30.751
2021-04-09,58142.54,2066.87,1.01721,453.9937,27.6172,1.20201,0.11584,31.5893,31.5178
2021-04-10,59769.13,2133.49,1.3728,471.2975,26.8021,1.21747,0.1263,31.8944,31.776
2021-04-11,60002.43,2151.36,1.35118,525.9275,27.8517,1.26355,0.12214,33.8811,31.5976
2021-04-12,59860.0,2137.69,1.46843,596.7104,28.5424,1.31431,0.12874,33.108,33.8055
2021-04-13,63575.0,2299.19,1.79611,551.6442,27.4507,1.41246,0.14622,35.5217,33.6462
2021-04-14,62959.53,2432.6,1.83468,550.0182,26.4067,1.45092,0.1404,41.3641,38.3391
2021-04-15,63159.98,2514.04,1.75781,541.8824,27.7816,1.4782,0.16421,42.5601,37.0174
2021-04-16,61334.8,2422.67,1.54805,508.2743,25.2996,1.40989,0.16091,41.9861,35.45
2021-04-17,60006.66,2317.6,1.53896,514.6861,24.85,1.36802,0.15535,39.9137,33.9342
2021-04-18,56150.01,2235.64,1.40797,481.4367,32.3358,1.27693,0.14302,39.0799,29.3348
2021-04-19,55633.14,2161.12,1.30945,504.0322,31.4711,1.1945,0.12993,35.7359,26.1827
2021-04-20,56425.0,2330.03,1.38501,586.3635,31.7028,1.26689,0.13279,38.9954,27.4058
2021-04-21,53787.63,2357.06,1.29097,543.6327,32.5534,1.20358,0.12273,36.2274,25.8131
2021-04-22,51690.96,2397.94,1.15489,505.2411,38.9,1.144,0.11001,35.1306,23.9703
2021-04-23,51125.14,2367.39,1.17073,526.5357,37.3893,1.15866,0.10915,35.2121,23.5317
2021-04-24,50047.84,2213.35,1.04833,496.992,40.8401,1.10287,0.10249,31.2443,21.8523
2021-04-25,49066.77,2320.49,1.0351,505.0,47.405,1.0913,0.10176,31.692,21.624
2021-04-26,54001.39,2532.6,1.3629,535.33,43.878,1.2375,0.11732,35.13,26.451
2021-04-27,55011.97,2666.13,1.4017,568.78,43.147,1.3063,0.12594,36.788,27.949
2021-04-28,54846.22,2748.24,1.3576,562.78,44.833,1.3379,0.12266,36.233,28.233
2021-04-29,53555.0,2757.04,1.3978,599.7,42.484,1.3063,0.12123,36.467,27.912
2021-04-30,57694.27,2772.42,1.5988,622.65,42.786,1.3532,0.13223,38.1,32.8
2021-05-01,57800.37,2944.77,1.651,620.0,49.67,1.3516,0.13112,41.257,31.805
2021-05-02,56578.21,2949.56,1.5605,621.78,46.897,1.3267,0.12759,39.461,31.28
2021-05-03,57169.39,3431.04,1.5546,676.15,45.912,1.3622,0.13159,42.052,35.871
2021-05-04,53200.01,3239.01,1.3877,609.3,42.636,1.2698,0.11917,45.527,30.287
2021-05-05,57436.11,3524.26,1.6133,651.1,44.98,1.4798,0.14654,49.575,35.258
2021-05-06,56393.68,3489.73,1.6028,633.99,43.496,1.6491,0.15216,47.154,38.003
2021-05-07,57314.75,3479.53,1.5793,624.3,43.182,1.653,0.14763,49.129,37.875
2021-05-08,58862.05,3910.26,1.5611,646.1,45.612,1.6211,0.14301,48.597,38.399
2021-05-09,58240.84,3923.95,1.5345,661.74,44.33,1.7663,0.14295,52.269,38.969
2021-05-10,55816.14,3945.88,1.3906,631.1,42.854,1.6423,0.12716,46.334,34.652
2021-05-11,56670.02,4173.45,1.4786,671.91,44.538,1.7632,0.13893,48.826,36.8
2021-05-12,49631.32,3823.21,1.2691,594.65,43.709,1.5694,0.11918,41.622,32.8
2021-05-13,49670.97,3717.91,1.364,571.1,41.049,1.9296,0.12159,43.287,35.075
2021-05-14,49841.45,4075.01,1.4,602.61,42.7,2.0069,0.12473,46.567,36.999
2021-05-15,46762.99,3646.68,1.4904,563.41,43.486,2.1744,0.12059,41.492,34.439
2021-05-16,46431.5,3582.1,1.4496,564.32,46.85,2.3002,0.11964,40.67,36.6
2021-05-17,43538.04,3282.51,1.4946,512.07,46.708,2.0307,0.11279,37.177,33.67
2021-05-18,42849.78,3375.07,1.5889,507.88,55.977,2.0036,0.11627,42.566,36.875
2021-05-19,36690.09,2438.92,1.0568,334.8,34.988,1.4663,0.07881,26.227,23.052
2021-05-20,40526.64,2768.62,1.1795,391.17,44.42,1.8006,0.08928,30.606,25.086
2021-05-21,37252.01,2430.98,1.0062,326.01,38.925,1.5493,0.0779,25.546,21.827
2021-05-22,37449.73,2294.87,0.9052,299.76,31.222,1.4629,0.07534,23.296,18.797
2021-05-23,34655.25,2096.39,0.7898,260.72,24.536,1.3139,0.06285,19.844,15.606
2021-05-24,38796.29,2648.43,0.993,345.64,31.416,1.55,0.07696,26.412,19.395
2021-05-25,38324.72,2705.11,0.9746,343.18,29.973,1.5532,0.07714,27.503,19.446
2021-05-26,39241.91,2884.94,1.0316,379.16,35.43,1.7791,0.08312,34.018,20.797
2021-05-27,38529.98,2742.23,0.9747,369.67,33.747,1.6552,0.07949,31.732,19.118
2021-05-28,35663.49,2412.1,0.8985,328.82,28.989,1.5133,0.07204,27.878,16.727
2021-05-29,34605.15,2278.74,0.8318,305.04,27.388,1.4029,0.06877,25.365,16.168
2021-05-30,35641.27,2385.98,0.9058,325.57,28.588,1.5751,0.07196,26.818,16.518
2021-05-31,37253.81,2706.15,1.0409,353.33,32.75,1.7373,0.07679,32.098,18.14
2021-06-01,36693.09,2634.57,1.0108,362.39,30.938,1.7363,0.07614,30.719,17.748
2021-06-02,37568.68,2706.22,1.0241,401.54,33.994,1.7534,0.07804,30.67,18.687
2021-06-03,39246.79,2857.25,1.045,428.48,39.602,1.8453,0.08223,32.198,20.268
2021-06-04,36829.0,2689.51,0.9683,390.7,37.338,1.7077,0.07714,28.826,18.243
2021-06-05,35513.2,2627.73,0.923,390.08,39.633,1.6551,0.07552,27.129,17.23
2021-06-06,35796.31,2711.92,0.947,393.73,42.205,1.6771,0.07745,27.532,17.383
2021-06-07,33552.79,2592.05,0.8618,357.96,38.235,1.5659,0.0717,24.584,15.536
2021-06-08,33380.81,2507.23,0.8731,352.5,41.245,1.5819,0.07242,24.076,14.792
2021-06-09,37388.05,2610.18,0.9218,375.54,42.032,1.6279,0.07536,25.585,15.4
2021-06-10,36675.72,2471.09,0.8686,351.94,41.105,1.5328,0.07257,23.114,14.193
2021-06-11,37331.98,2354.01,0.8471,345.75,36.157,1.4371,0.06919,21.478,13.408
2021-06-12,35546.11,2370.74,0.8326,343.7,36.476,1.4789,0.06804,21.67,13.545
2021-06-13,39020.57,2509.33,0.8832,365.8,38.706,1.5566,0.07153,23.312,14.761
2021-06-14,40516.29,2580.77,0.8906,370.19,39.694,1.5769,0.07203,24.973,15.113
2021-06-15,40144.04,2543.54,0.8663,366.48,39.536,1.5552,0.07174,24.482,14.714
2021-06-16,38349.01,2367.89,0.832,347.22,39.728,1.4851,0.06895,23.044,14.078
2021-06-17,38092.97,2373.28,0.8419,352.85,39.265,1.4826,0.0739,23.396,14.844
2021-06-18,35819.84,2234.09,0.7972,337.16,36.82,1.4163,0.06962,21.233,13.64
2021-06-19,35483.72,2164.67,0.7582,334.01,35.19,1.3839,0.06827,20.246,13.383
2021-06-20,35600.16,2243.47,0.7741,339.08,35.257,1.4263,0.06768,21.646,13.917
2021-06-21,31608.93,1885.49,0.6067,270.76,26.59,1.174,0.05351,17.365,11.2
2021-06-22,32509.56,1879.28,0.5468,262.1,26.958,1.1567,0.05103,16.85,10.578
2021-06-23,33678.07,1968.14,0.6383,296.25,30.837,1.2512,0.05797,18.395,11.456
2021-06-24,34663.09,1989.52,0.6731,308.62,31.141,1.3604,0.06611,19.06,11.493
2021-06-25,31584.45,1808.82,0.6111,280.81,28.641,1.2521,0.06139,16.87,10.235
2021-06-26,32283.65,1829.64,0.6162,279.65,29.698,1.2521,0.06274,16.952,10.318
2021-06-27,34700.34,1982.28,0.6484,290.87,31.897,1.338,0.06479,18.406,10.941
2021-06-28,34494.89,2084.41,0.6444,290.0,33.001,1.326,0.06532,18.83,11.322
2021-06-29,35911.73,2165.33,0.7063,300.79,33.97,1.373,0.06793,19.535,11.92
2021-06-30,35045.0,2275.68,0.7063,303.71,35.51,1.3853,0.06828,19.516,11.949
2021-07-01,33504.69,2106.41,0.6591,287.43,33.271,1.3313,0.06471,18.186,11.181
2021-07-02,33786.55,2154.13,0.6556,287.17,34.0,1.3946,0.06657,18.274,11.112
2021-07-03,34669.13,2226.99,0.6732,298.13,34.498,1.4045,0.06683,18.543,11.509
2021-07-04,35286.51,2322.69,0.696,307.62,34.28,1.4615,0.06736,19.242,12.345
2021-07-05,33690.14,2196.53,0.6526,302.02,32.908,1.4039,0.06448,18.362,12.042
2021-07-06,34220.01,2322.5,0.6648,319.92,34.226,1.4157,0.06494,20.073,13.384
2021-07-07,33862.12,2316.57,0.6522,327.51,36.673,1.404,0.06433,19.788,13.105
2021-07-08,32875.71,2116.33,0.6215,310.14,33.142,1.327,0.06106,18.353,12.098
2021-07-09,33815.81,2146.99,0.6369,317.09,33.315,1.3504,0.06219,18.656,12.552
2021-07-10,33502.87,2110.69,0.6246,316.12,31.693,1.3356,0.06142,18.204,12.015
2021-07-11,34258.99,2140.45,0.6364,322.16,32.182,1.3485,0.06184,18.383,12.433
2021-07-12,33086.63,2031.58,0.6288,316.12,30.77,1.3126,0.06004,17.518,12.157
2021-07-13,32729.77,1940.15,0.6192,308.94,29.136,1.265,0.05937,16.87,11.91
2021-07-14,32820.02,1994.58,0.6197,309.4,31.365,1.2635,0.05989,16.936,11.793
2021-07-15,31880.0,1919.51,0.5979,316.11,28.545,1.2258,0.05784,15.764,11.391
2021-07-16,31383.87,1876.26,0.5893,302.88,26.271,1.1708,0.05562,15.234,10.814
2021-07-17,31520.07,1899.59,0.5821,300.52,26.802,1.1721,0.05597,15.352,10.958
2021-07-18,31778.56,1891.64,0.5866,302.1,26.673,1.1813,0.05592,15.47,10.69
2021-07-19,30839.65,1818.73,0.557,280.54,24.509,1.1225,0.05345,14.528,10.183
2021-07-20,29790.35,1786.03,0.5284,264.44,23.474,1.0539,0.05045,13.742,9.639
2021-07-21,32144.51,1995.5,0.5719,293.26,26.7,1.1711,0.05388,15.297,10.425
2021-07-22,32287.83,2024.56,0.592,293.36,27.699,1.1856,0.05526,16.071,10.833
2021-07-23,33634.09,2124.25,0.6091,299.27,28.516,1.2077,0.056,16.502,11.086
2021-07-24,34258.14,2184.75,0.6085,301.56,28.616,1.2327,0.05727,16.683,11.142
2021-07-25,35381.02,2189.79,0.6069,302.56,28.248,1.2284,0.05791,16.746,11.247
2021-07-26,37237.6,2228.08,0.6234,304.0,28.184,1.2551,0.05842,18.028,11.46
2021-07-27,39457.87,2299.49,0.6451,313.48,28.103,1.2799,0.06019,19.489,11.917
2021-07-28,40019.56,2300.9,0.7327,313.8,27.875,1.2875,0.0607,19.109,12.32
2021-07-29,40016.48,2382.92,0.7488,317.03,31.235,1.2856,0.06185,19.37,12.433
2021-07-30,42206.37,2461.81,0.7521,322.58,32.354,1.3108,0.06325,22.269,12.978
2021-07-31,41461.83,2531.05,0.746,332.38,36.744,1.3193,0.06396,22.713,13.525
2021-08-01,39845.44,2555.69,0.7242,332.59,34.165,1.3142,0.0632,22.062,12.853
2021-08-02,39147.82,2606.93,0.738,330.55,33.167,1.3083,0.06463,23.472,12.993
2021-08-03,38207.05,2509.04,0.7136,323.43,34.105,1.3696,0.06403,23.942,12.557
2021-08-04,39723.18,2724.78,0.731,334.77,35.76,1.3765,0.06737,24.193,13.696
2021-08-05,40862.46,2826.99,0.7327,337.91,37.353,1.3859,0.07013,24.057,13.834
2021-08-06,42836.87,2891.58,0.7474,342.39,39.525,1.4025,0.07196,23.89,14.77
2021-08-07,44572.54,3160.31,0.8162,356.18,39.469,1.4727,0.07527,24.694,15.834
2021-08-08,43794.37,3011.85,0.7788,341.79,37.65,1.4255,0.07192,23.029,14.826
2021-08-09,46253.4,3160.52,0.817,354.32,38.646,1.4745,0.07395,24.197,16.169
2021-08-10,45584.99,3141.66,0.8511,371.92,40.64,1.678,0.07464,24.537,16.42
2021-08-11,45511.0,3160.5,1.0105,390.96,41.621,1.7934,0.08341,25.906,16.688
2021-08-12,44399.0,3045.96,0.966,385.66,41.102,1.8324,0.08415,24.944,16.575
2021-08-13,47800.0,3322.32,1.0901,410.76,44.83,2.1386,0.08951,27.748,18.031
2021-08-14,47068.51,3263.16,1.2791,408.67,44.14,2.1878,0.09264,27.144,18.093
2021-08-15,46973.82,3307.09,1.2839,414.05,53.531,2.1667,0.09295,27.901,18.762
2021-08-16,45901.29,3146.53,1.1855,415.72,62.016,2.0714,0.08936,27.944,19.071
2021-08-17,44695.95,3011.72,1.0978,401.8,64.123,1.9239,0.08509,26.146,23.446
2021-08-18,44705.29,3014.55,1.1431,396.15,72.663,2.1043,0.08456,25.341,29.993
2021-08-19,46760.62,3184.12,1.2347,431.27,72.764,2.4411,0.08825,27.096,30.653
2021-08-20,49322.47,3284.82,1.2629,454.93,78.643,2.4557,0.09059,28.678,39.155
2021-08-21,48821.87,3223.43,1.2158,448.74,73.801,2.4341,0.08799,27.844,43.676
2021-08-22,49239.22,3238.0,1.226,448.68,72.775,2.7049,0.08795,27.982,43.663
2021-08-23,49488.85,3321.28,1.2457,499.06,75.623,2.9152,0.08987,28.552,46.451
2021-08-24,47674.01,3170.62,1.1353,471.62,70.527,2.7187,0.08457,25.728,55.474
2021-08-25,48973.32,3226.87,1.1735,503.19,71.973,2.739,0.08758,26.612,46.208
2021-08-26,46843.87,3093.2,1.0712,478.1,74.92,2.528,0.08303,24.39,41.32
2021-08-27,49069.9,3273.45,1.1918,494.5,87.98,2.946,0.08828,26.04,50.14
2021-08-28,48895.35,3244.48,1.1459,486.2,96.22,2.847,0.08829,25.73,50.2
2021-08-29,48767.83,3223.47,1.1408,479.7,94.23,2.851,0.08847,25.76,47.39
2021-08-30,46982.91,3229.64,1.1002,460.3,110.25,2.734,0.08616,25.04,41.44
2021-08-31,47100.89,3429.2,1.1856,463.9,108.27,2.767,0.08875,26.7,39.5
2021-09-01,48810.52,3826.82,1.2362,489.4,110.71,2.869,0.095,29.72,42.47
2021-09-02,49246.64,3785.82,1.2533,483.7,128.23,2.96,0.09953,29.95,47.58
2021-09-03,49999.14,3938.11,1.2907,488.5,146.4,2.966,0.10161,30.75,45.89
2021-09-04,49915.64,3885.52,1.2548,497.7,138.88,2.83,0.10146,29.88,47.15
2021-09-05,51756.88,3950.29,1.3076,504.8,142.0,2.91,0.10519,33.55,48.15
2021-09-06,52663.9,3926.77,1.3894,496.1,164.22,2.833,0.10381,34.81,47.1
2021-09-07,46863.73,3434.57,1.1292,418.7,173.46,2.514,0.08539,28.26,37.93
2021-09-08,46048.31,3499.0,1.0998,415.0,191.02,2.47,0.09272,27.16,37.0
2021-09-09,46395.14,3424.93,1.0868,421.3,187.9,2.518,0.09303,28.01,40.77
2021-09-10,44850.91,3208.86,1.0552,401.4,179.6,2.383,0.09075,26.39,49.3
2021-09-11,45173.69,3267.21,1.0787,405.1,179.04,2.638,0.09555,26.99,57.02
2021-09-12,46025.24,3404.21,1.1181,416.3,174.29,2.581,0.11241,29.42,59.22
2021-09-13,44940.73,3285.35,1.0643,399.1,169.53,2.402,0.10462,26.96,53.15
2021-09-14,47111.52,3434.37,1.0963,414.3,158.88,2.396,0.11822,30.8,51.5
2021-09-15,48121.41,3613.55,1.1207,431.3,158.79,2.505,0.12069,30.67,57.84
2021-09-16,47737.82,3567.98,1.0902,424.3,152.29,2.417,0.11594,29.8,67.56
2021-09-17,47299.98,3399.81,1.0661,406.6,147.58,2.35,0.10545,27.72,70.11
2021-09-18,48292.74,3435.64,1.0751,410.7,169.22,2.371,0.10586,28.39,69.02
2021-09-19,47241.75,3328.62,1.0483,408.6,152.76,2.283,0.10369,27.36,70.07
2021-09-20,43015.62,2977.28,0.9216,364.1,132.77,2.079,0.0914,23.57,57.33
2021-09-21,40734.38,2765.9,0.8743,344.4,124.29,1.986,0.08826,21.42,58.98
2021-09-22,43543.61,3076.92,1.0033,379.0,148.02,2.257,0.09876,24.45,74.07
2021-09-23,44865.26,3152.5,1.0016,383.5,149.91,2.327,0.09923,25.41,76.44
2021-09-24,42810.57,2928.53,0.944,355.0,139.13,2.277,0.09226,23.26,72.31
2021-09-25,42670.64,2921.73,0.94,349.6,136.06,2.3,0.09055,24.51,68.28
2021-09-26,43160.9,3059.37,0.9436,344.0,135.64,2.207,0.08769,24.6,66.77
2021-09-27,42147.35,2925.59,0.9218,335.5,136.35,2.13,0.08599,23.01,66.33
2021-09-28,41026.54,2804.91,0.8928,333.0,132.2,2.037,0.08305,22.1,61.51
2021-09-29,41524.28,2850.45,0.9268,367.7,135.25,2.066,0.08581,22.85,65.46
2021-09-30,43824.1,3000.61,0.9533,387.5,141.37,2.115,0.08943,24.0,66.63
2021-10-01,48141.61,3309.91,1.0422,421.5,161.56,2.256,0.09481,26.31,67.67
2021-10-02,47634.9,3387.76,1.0359,427.1,168.98,2.247,0.09338,26.89,69.08
2021-10-03,48200.01,3417.73,1.0552,430.5,172.98,2.251,0.09494,27.57,68.69
2021-10-04,49224.94,3386.31,1.0425,426.3,167.13,2.191,0.09351,26.6,65.29
2021-10-05,51471.99,3515.27,1.0839,442.1,164.62,2.233,0.09618,27.23,64.6
2021-10-06,55315.0,3574.89,1.0765,434.9,153.87,2.209,0.09549,26.8,60.01
2021-10-07,53785.22,3587.47,1.0678,438.5,154.26,2.278,0.09547,26.83,61.52
2021-10-08,53951.43,3563.13,1.0636,419.2,158.86,2.237,0.09771,26.39,60.51
2021-10-09,54949.72,3574.82,1.1604,421.9,156.84,2.268,0.10306,27.45,60.63
2021-10-10,54659.0,3414.22,1.1352,404.1,147.55,2.189,0.09747,25.56,56.51
2021-10-11,57471.35,3542.12,1.1364,413.1,144.77,2.171,0.09707,25.22,55.3
2021-10-12,55996.93,3491.46,1.1018,444.2,152.32,2.118,0.09549,24.65,54.34
2021-10-13,57367.0,3607.42,1.1275,470.8,148.04,2.19,0.09793,25.66,55.01
2021-10-14,57347.94,3790.82,1.1336,472.7,150.02,2.172,0.09729,26.72,56.18
2021-10-15,61672.42,3868.99,1.1413,474.5,163.18,2.218,0.09861,27.01,56.36
2021-10-16,60875.57,3829.96,1.1343,465.8,157.54,2.179,0.09871,27.23,57.61
2021-10-17,61528.33,3846.85,1.0944,470.9,160.12,2.158,0.0987,26.54,56.1
2021-10-18,62009.84,3744.96,1.0827,484.9,157.12,2.128,0.0981,25.71,55.48
2021-10-19,64280.59,3877.03,1.0911,488.1,155.78,2.11,0.10055,25.91,56.8
2021-10-20,66001.41,4161.15,1.1455,501.3,176.72,2.19,0.10324,27.49,59.66
2021-10-21,62193.15,4052.99,1.0886,470.9,190.5,2.137,0.09958,28.26,61.48
2021-10-22,60688.22,3972.2,1.0885,479.3,196.29,2.156,0.09982,28.67,65.54
2021-10-23,61286.75,4167.12,1.0934,485.5,197.75,2.166,0.10066,31.36,65.38
2021-10-24,60852.22,4082.33,1.0821,475.8,202.14,2.12,0.09913,29.7,64.53
2021-10-25,63078.78,4220.37,1.0951,485.1,209.7,2.144,0.10074,32.38,69.73
2021-10-26,60328.81,4131.52,1.1075,478.1,199.85,2.137,0.10112,32.52,68.66
2021-10-27,58413.44,3922.0,0.995,448.7,184.49,1.912,0.09064,28.88,61.57
2021-10-28,60575.89,4286.02,1.0579,491.9,195.42,1.987,0.09527,30.19,64.34
2021-10-29,62253.71,4418.89,1.0825,530.3,200.41,2.015,0.0996,30.96,64.87
2021-10-30,61859.19,4322.68,1.0846,528.3,195.7,1.955,0.10111,29.79,62.35
2021-10-31,61299.8,4287.21,1.1128,524.6,202.49,1.964,0.10152,30.0,64.5
2021-11-01,60911.11,4319.43,1.0915,551.3,203.9,1.949,0.10048,31.66,64.93
2021-11-02,63219.99,4589.89,1.1349,554.4,220.82,1.971,0.10748,32.26,67.74
2021-11-03,62896.48,4603.35,1.2101,568.4,243.37,2.063,0.10587,31.96,75.55
2021-11-04,61395.01,4532.32,1.2004,558.7,247.07,1.983,0.10329,31.0,78.97
2021-11-05,60937.12,4474.24,1.1581,607.3,236.06,1.982,0.10346,32.86,74.19
2021-11-06,61470.61,4518.0,1.151,637.7,258.44,2.005,0.10252,32.05,78.72
2021-11-07,63273.59,4612.59,1.2198,649.6,249.68,2.021,0.1045,32.34,87.57
2021-11-08,67525.83,4807.98,1.2815,653.5,248.26,2.125,0.10993,34.46,91.18
2021-11-09,66947.66,4732.33,1.2571,635.0,239.04,2.27,0.11436,33.82,88.33
2021-11-10,64882.43,4628.78,1.1902,614.1,233.09,2.097,0.10662,34.21,85.23
2021-11-11,64774.26,4719.0,1.2142,628.4,233.37,2.079,0.10893,34.69,87.88
2021-11-12,64122.23,4665.46,1.1883,626.9,228.48,2.045,0.10796,34.26,84.78
2021-11-13,64380.0,4644.28,1.1892,649.5,241.59,2.05,0.11255,34.0,97.54
2021-11-14,65519.1,4626.5,1.1879,650.8,238.64,2.04,0.117,33.75,95.4
2021-11-15,63606.74,4563.78,1.172,633.8,238.2,2.017,0.1238,32.04,93.9
2021-11-16,60058.87,4209.76,1.0877,588.7,219.04,1.874,0.10934,29.16,97.84
2021-11-17,60344.87,4287.8,1.0953,578.0,218.94,1.876,0.11119,29.18,107.63
2021-11-18,56891.62,3996.9,1.0406,531.8,195.01,1.786,0.10038,26.55,100.63
2021-11-19,58052.24,4294.76,1.0892,581.0,215.25,1.863,0.10387,28.27,111.93
2021-11-20,59707.51,4412.17,1.0965,604.3,217.63,1.922,0.10519,28.36,125.83
2021-11-21,58622.02,4258.31,1.0569,584.0,230.51,1.835,0.10643,28.98,128.47
2021-11-22,56247.18,4085.97,1.0354,559.3,215.59,1.776,0.10182,26.77,134.84
2021-11-23,57541.27,4339.44,1.0661,591.1,221.75,1.751,0.10283,26.94,123.83
2021-11-24,57138.29,4269.36,1.0326,590.3,205.7,1.666,0.09785,25.58,115.24
2021-11-25,58960.36,4524.85,1.0438,639.1,209.97,1.675,0.10019,26.41,119.27
2021-11-26,53726.53,4041.2,0.9394,587.3,192.42,1.533,0.09229,23.96,104.27
2021-11-27,54721.03,4095.29,0.9452,599.9,192.74,1.543,0.09335,24.1,113.52
2021-11-28,57274.88,4294.78,0.9687,611.3,200.69,1.594,0.09518,24.76,110.42
2021-11-29,57776.25,4444.53,0.9898,623.4,204.09,1.601,0.09655,24.99,120.39
2021-11-30,56950.56,4630.26,0.9983,622.5,208.53,1.554,0.09652,25.31,120.41
2021-12-01,57184.07,4582.95,0.9899,627.5,229.81,1.548,0.09688,25.32,119.65
2021-12-02,56480.34,4511.21,0.9716,619.9,233.6,1.719,0.0975,24.55,107.78
2021-12-03,53601.05,4215.73,0.9211,595.0,211.65,1.556,0.09388,23.31,108.32
2021-12-04,49152.47,4117.25,0.8449,568.6,200.67,1.42,0.08696,20.64,93.05
2021-12-05,49396.33,4196.44,0.8045,557.8,196.43,1.378,0.08432,19.48,86.35
2021-12-06,50441.92,4347.59,0.8255,587.5,193.56,1.42,0.08729,19.8,92.97
2021-12-07,50588.95,4306.4,0.8154,578.7,190.19,1.378,0.08999,21.09,89.57
2021-12-08,50471.19,4436.91,0.8622,607.2,194.61,1.396,0.09237,22.91,93.19
2021-12-09,47545.59,4105.64,0.8583,570.2,181.11,1.289,0.08861,20.25,85.46
2021-12-10,47140.54,3897.94,0.7992,552.4,167.39,1.211,0.08771,18.56,80.61
2021-12-11,49389.99,4089.37,0.8392,564.5,172.15,1.354,0.0916,19.97,86.55
2021-12-12,50053.9,4130.0,0.8393,570.3,172.8,1.346,0.09101,20.41,88.0
2021-12-13,46702.75,3781.93,0.7818,521.0,155.21,1.223,0.08497,17.78,79.05
2021-12-14,48343.28,3858.99,0.8103,528.1,161.26,1.266,0.08707,18.44,87.17
2021-12-15,48864.98,4019.08,0.8262,541.1,178.52,1.311,0.08754,19.69,101.24
2021-12-16,47632.38,3958.11,0.8051,526.2,176.86,1.24,0.08533,18.76,98.21
2021-12-17,46131.2,3875.42,0.7966,525.5,175.51,1.218,0.07951,18.25,110.81
2021-12-18,46834.48,3959.93,0.8262,533.9,182.78,1.242,0.08042,19.54,115.9
2021-12-19,46681.23,3924.14,0.835,529.8,179.93,1.243,0.07944,18.86,107.61
2021-12-20,46914.16,3944.73,0.8798,524.0,173.9,1.237,0.07759,18.78,113.55
2021-12-21,48889.88,4014.15,0.9467,528.3,179.63,1.28,0.07884,19.42,123.24
2021-12-22,48588.16,3979.51,0.9537,533.6,178.4,1.327,0.07913,19.93,116.69
2021-12-23,50838.81,4111.41,0.9941,549.0,190.03,1.475,0.08274,22.17,121.4
2021-12-24,50820.0,4046.36,0.9115,542.1,190.36,1.392,0.08085,21.48,114.94
2021-12-25,50399.66,4094.83,0.9252,547.4,193.1,1.452,0.08153,22.1,115.01
2021-12-26,50775.49,4063.56,0.92,546.4,197.81,1.455,0.08149,22.98,115.02
2021-12-27,50701.44,4037.23,0.9269,563.7,195.67,1.516,0.08114,23.02,113.85
2021-12-28,47543.74,3792.75,0.8515,534.2,177.32,1.4,0.07713,20.37,107.06
2021-12-29,46464.66,3630.19,0.8171,514.5,170.63,1.332,0.0765,19.74,103.1
2021-12-30,47120.87,3709.27,0.8386,518.5,172.52,1.359,0.07782,19.93,101.75
2021-12-31,46216.93,3676.23,0.8297,511.4,169.99,1.308,0.07539,19.51,109.43
2022-01-01,47722.65,3765.54,0.8507,527.3,179.06,1.38,0.0766,20.76,114.13
2022-01-02,47286.18,3828.27,0.8586,531.0,176.35,1.377,0.07762,21.87,113.03
2022-01-03,46446.1,3765.89,0.8324,511.9,170.15,1.319,0.07705,23.72,108.11
2022-01-04,45832.01,3785.11,0.8228,506.9,167.72,1.309,0.07592,23.42,103.33
2022-01-05,43451.13,3540.63,0.7726,474.1,154.52,1.23,0.07112,25.24,97.42
2022-01-06,43082.31,3406.81,0.7791,472.6,150.26,1.28,0.07106,25.38,95.11
2022-01-07,41566.48,3199.24,0.7634,448.1,136.45,1.21,0.0682,25.98,86.74
2022-01-08,41679.74,3080.95,0.7452,429.9,142.14,1.181,0.06539,25.32,83.9
2022-01-09,41864.62,3151.97,0.753,438.7,140.82,1.17,0.06611,27.54,89.33
2022-01-10,41822.49,3082.68,0.7399,424.7,135.86,1.123,0.06342,27.98,84.36
2022-01-11,42729.29,3239.72,0.7703,463.6,140.2,1.187,0.06493,26.59,89.59
2022-01-12,43902.66,3371.26,0.7987,487.8,151.51,1.312,0.06806,26.75,95.94
2022-01-13,42560.11,3240.61,0.768,475.2,146.14,1.233,0.0662,24.86,89.65
2022-01-14,43059.96,3307.42,0.7732,490.0,146.17,1.292,0.06765,25.72,90.39
2022-01-15,43084.29,3326.04,0.7791,494.5,147.64,1.291,0.06842,25.17,92.98
2022-01-16,43071.66,3346.88,0.7784,498.6,147.98,1.41,0.06988,25.5,92.24
2022-01-17,42201.62,3209.67,0.7617,475.2,139.8,1.603,0.07085,23.79,86.67
2022-01-18,42352.12,3159.85,0.7509,471.4,141.22,1.458,0.06846,22.96,86.0
2022-01-19,41660.01,3084.02,0.7381,461.9,135.25,1.337,0.06915,21.55,82.61
2022-01-20,40680.91,3001.48,0.7199,440.2,127.54,1.259,0.06773,20.17,79.33
2022-01-21,36445.31,2568.15,0.6368,383.9,112.27,1.12,0.06103,17.42,66.06
2022-01-22,35071.42,2412.18,0.5966,358.3,94.54,1.071,0.0568,15.85,59.78
2022-01-23,36244.55,2539.01,0.6283,383.9,99.78,1.124,0.05752,16.64,64.83
2022-01-24,36660.35,2439.29,0.6118,371.3,91.93,1.065,0.05506,15.58,63.06
2022-01-25,36958.32,2458.83,0.618,385.1,94.67,1.043,0.05588,15.49,68.01
2022-01-26,36809.34,2462.99,0.6193,375.1,92.12,1.077,0.0562,15.23,65.87
2022-01-27,37160.1,2424.25,0.6088,389.9,89.51,1.042,0.05649,15.22,64.7
2022-01-28,37716.56,2544.99,0.6111,385.9,91.34,1.048,0.05757,16.15,67.01
2022-01-29,38166.84,2601.43,0.6174,389.3,96.13,1.059,0.06034,16.23,71.89
2022-01-30,37881.76,2601.68,0.6013,377.2,93.29,1.035,0.05863,17.77,67.96
2022-01-31,38466.9,2686.94,0.6174,374.3,99.49,1.051,0.05906,17.15,69.87
2022-02-01,38694.59,2787.23,0.6284,384.2,110.02,1.096,0.05979,16.98,73.33
2022-02-02,36896.36,2680.67,0.6006,366.9,101.88,1.027,0.05847,15.78,67.79
2022-02-03,37311.61,2695.46,0.6102,372.3,101.77,1.061,0.05981,16.3,68.44
2022-02-04,41574.25,2994.99,0.6555,399.5,112.62,1.138,0.06441,17.5,77.77
2022-02-05,41382.59,3012.65,0.6656,413.7,113.75,1.125,0.06467,17.76,77.01
2022-02-06,42380.87,3054.99,0.6825,419.9,115.28,1.143,0.06617,18.07,78.93
2022-02-07,43839.99,3139.77,0.8314,433.5,117.55,1.199,0.06852,18.88,83.2
2022-02-08,44042.99,3116.69,0.8763,407.8,113.45,1.176,0.06806,18.38,86.34
2022-02-09,44372.72,3243.94,0.8697,422.9,113.93,1.195,0.06991,18.67,90.05
2022-02-10,43495.44,3072.49,0.8253,414.7,106.17,1.15,0.0685,17.5,91.16
2022-02-11,42373.73,2927.54,0.7591,400.0,96.53,1.079,0.06399,16.21,81.75
2022-02-12,42217.87,2918.88,0.8223,403.6,95.96,1.059,0.06352,15.95,81.31
2022-02-13,42053.66,2871.13,0.8057,397.9,92.85,1.042,0.06427,15.6,77.91
2022-02-14,42535.94,2929.75,0.8012,403.4,96.37,1.049,0.06442,15.9,81.86
2022-02-15,44544.86,3183.52,0.8515,432.4,105.52,1.107,0.06685,17.34,92.97
2022-02-16,43873.56,3122.3,0.8366,427.3,101.86,1.082,0.0664,17.12,95.32
2022-02-17,40515.7,2891.87,0.769,402.4,93.52,1.02,0.06249,15.59,88.24
2022-02-18,39974.44,2779.48,0.784,399.2,89.86,0.995,0.06306,15.19,83.67
2022-02-19,40079.17,2763.63,0.8215,399.8,91.27,0.996,0.06348,15.51,85.01
2022-02-20,38386.89,2621.99,0.7769,380.6,90.72,0.931,0.06199,14.6,77.37
2022-02-21,37008.16,2568.02,0.7018,356.6,82.96,0.856,0.05954,13.51,70.04
2022-02-22,38230.33,2636.29,0.7209,374.3,86.38,0.888,0.06265,13.99,74.42
2022-02-23,37250.01,2579.71,0.6967,365.6,84.59,0.866,0.06081,13.35,73.47
2022-02-24,38327.21,2596.2,0.6963,361.2,89.36,0.853,0.0611,13.27,76.39
2022-02-25,39219.17,2768.49,0.7699,375.0,92.71,0.898,0.05943,14.36,80.98
2022-02-26,39116.72,2779.47,0.7508,373.7,90.23,0.887,0.05961,14.72,81.81
2022-02-27,37699.07,2616.79,0.7215,360.1,85.63,0.856,0.05807,13.64,75.07
2022-02-28,43160.0,2920.95,0.7809,395.6,99.68,0.962,0.06176,15.13,84.54
2022-03-01,44421.2,2976.33,0.7839,408.7,98.66,0.963,0.06219,15.35,86.89
2022-03-02,43892.98,2947.3,0.7687,409.3,100.68,0.939,0.06153,15.28,83.36
2022-03-03,42454.0,2833.99,0.7515,402.6,95.62,0.903,0.05995,14.89,78.5
2022-03-04,39148.66,2622.1,0.7127,374.2,88.32,0.844,0.05829,13.73,75.79
2022-03-05,39397.96,2665.15,0.754,384.7,89.63,0.864,0.06037,14.03,76.68
2022-03-06,38420.81,2551.29,0.7251,375.0,84.57,0.823,0.05889,13.32,72.51
2022-03-07,37988.0,2491.12,0.7197,380.6,81.66,0.793,0.05859,12.68,71.69
2022-03-08,38730.63,2575.97,0.7207,381.4,82.32,0.802,0.06054,13.08,73.0
2022-03-09,41941.71,2726.98,0.7658,393.2,88.06,0.849,0.0608,14.01,77.63
2022-03-10,39422.0,2606.7,0.7361,372.0,82.87,0.807,0.05989,13.17,73.93
2022-03-11,38729.57,2556.86,0.8029,371.9,80.67,0.788,0.06022,13.05,71.22
2022-03-12,38807.36,2568.8,0.7857,372.4,81.38,0.789,0.05967,13.15,70.94
2022-03-13,37777.34,2515.65,0.7602,361.4,78.73,0.786,0.05931,12.7,67.94
2022-03-14,39671.37,2589.41,0.7748,373.4,81.22,0.802,0.06007,13.41,68.97
2022-03-15,39280.33,2617.73,0.7657,371.7,82.84,0.8,0.0605,13.69,69.82
2022-03-16,41114.0,2773.81,0.7919,385.4,87.77,0.838,0.06107,14.66,74.08
2022-03-17,40917.9,2811.92,0.7935,391.8,87.8,0.835,0.06071,14.4,79.4
2022-03-18,41757.51,2938.92,0.7965,397.2,89.8,0.851,0.06162,15.01,85.71
2022-03-19,42201.13,2950.84,0.8194,399.9,92.31,0.903,0.06191,15.01,89.53
2022-03-20,41262.11,2861.38,0.8057,390.8,88.62,0.879,0.06156,14.54,84.84
2022-03-21,41002.25,2890.03,0.8373,396.0,88.59,0.917,0.06177,15.0,86.25
2022-03-22,42364.13,2969.64,0.8366,404.3,90.43,0.975,0.06344,15.43,83.98
2022-03-23,42882.76,3036.0,0.8376,408.4,94.89,1.108,0.06431,15.83,86.0
2022-03-24,43991.46,3110.76,0.8428,414.2,102.32,1.131,0.06564,16.17,87.56
2022-03-25,44313.16,3102.14,0.8239,410.3,98.6,1.096,0.06437,15.59,83.54
2022-03-26,44511.27,3145.0,0.8327,415.8,101.73,1.152,0.06632,15.83,85.86
2022-03-27,46827.76,3295.65,0.858,430.5,107.04,1.184,0.06899,16.87,89.88
2022-03-28,47122.21,3332.92,0.8641,430.2,105.75,1.17,0.0691,16.5,89.58
2022-03-29,47434.8,3400.51,0.8577,434.2,111.62,1.191,0.06936,16.98,92.74
2022-03-30,47067.99,3385.79,0.8613,442.1,120.82,1.189,0.07334,17.22,95.58
2022-03-31,45510.34,3281.51,0.8148,428.9,122.77,1.141,0.07388,16.91,97.41
2022-04-01,46283.49,3455.21,0.8277,447.7,134.52,1.165,0.07494,17.34,96.83
2022-04-02,45811.0,3443.77,0.824,437.2,132.49,1.155,0.07322,17.4,96.25
2022-04-03,46407.35,3521.91,0.8432,450.4,136.9,1.186,0.07312,18.08,98.05
2022-04-04,46580.51,3519.5,0.826,447.6,132.14,1.212,0.0707,17.5,96.16
2022-04-05,45497.55,3406.99,0.8164,444.7,126.87,1.171,0.06928,16.74,91.06
2022-04-06,43170.47,3168.51,0.7595,420.1,112.95,1.052,0.06308,15.41,82.94
2022-04-07,43444.19,3227.19,0.7871,436.0,118.48,1.089,0.06431,15.75,87.55
2022-04-08,42252.01,3192.39,0.7549,421.5,109.92,1.024,0.06259,15.13,83.66
2022-04-09,42753.97,3258.57,0.7622,426.6,112.96,1.045,0.06394,15.43,84.55
2022-04-10,42158.85,3203.04,0.7543,418.1,111.07,1.027,0.06238,15.24,81.01
2022-04-11,39530.45,2979.74,0.6948,394.6,99.67,0.92,0.05823,13.76,74.35
2022-04-12,40074.94,3027.66,0.7152,413.6,103.22,0.955,0.05991,13.98,76.31
2022-04-13,41147.79,3118.28,0.7232,423.4,104.94,0.974,0.0615,14.19,80.2
2022-04-14,39942.38,3021.98,0.7262,414.7,100.77,0.933,0.06013,13.65,76.81
2022-04-15,40551.9,3040.56,0.7858,417.3,101.31,0.956,0.06181,14.11,77.43
2022-04-16,40378.71,3059.3,0.7808,417.3,102.06,0.951,0.06186,14.14,77.74
2022-04-17,39678.12,2988.06,0.7519,406.6,100.15,0.914,0.06009,13.73,75.42
2022-04-18,40801.13,3055.56,0.7699,416.8,102.33,0.937,0.06148,14.06,77.73
2022-04-19,41493.18,3101.77,0.7749,422.3,108.51,0.952,0.0631,14.24,80.28
2022-04-20,41358.19,3076.04,0.7517,418.4,105.59,0.937,0.06261,14.02,78.21
2022-04-21,40480.01,2983.58,0.7328,404.9,101.78,0.91,0.07112,13.57,75.02
2022-04-22,39709.18,2962.39,0.7179,406.6,100.55,0.906,0.06661,13.58,74.03
2022-04-23,39441.6,2933.03,0.7057,401.1,100.63,0.886,0.06761,13.31,72.83
2022-04-24,39450.13,2921.0,0.6981,398.8,99.23,0.886,0.06567,13.26,71.51
2022-04-25,40426.08,3006.62,0.6931,404.3,100.99,0.8974,0.06531,13.44,72.88
2022-04-26,38112.65,2809.67,0.642,385.9,95.7,0.8259,0.0619,12.37,68.7
2022-04-27,39235.72,2888.96,0.6522,391.3,98.36,0.8401,0.06318,12.74,69.86
2022-04-28,39742.07,2936.93,0.6428,407.1,98.24,0.8432,0.06372,12.66,67.26
2022-04-29,38596.11,2817.13,0.6116,393.0,93.96,0.8048,0.06368,11.97,63.4
2022-04-30,37630.8,2726.66,0.5845,377.1,84.63,0.7556,0.06262,10.95,56.98
2022-05-01,38468.35,2824.81,0.607,389.9,89.68,0.7895,0.07079,11.31,58.77
2022-05-02,38525.16,2856.54,0.6143,389.5,87.5,0.7809,0.06894,11.17,60.34
2022-05-03,37728.95,2781.7,0.6047,383.9,85.86,0.7711,0.07261,11.12,59.63
2022-05-04,39690.0,2940.64,0.6459,402.6,92.77,0.8985,0.08629,12.2,67.27
2022-05-05,36552.97,2747.97,0.5981,378.4,84.52,0.7884,0.07451,10.91,59.04
2022-05-06,36013.77,2692.85,0.6022,379.1,81.68,0.7832,0.08629,10.79,57.0
2022-05-07,35472.39,2635.34,0.5808,365.5,78.86,0.7604,0.08351,10.21,55.04
2022-05-08,34038.4,2519.71,0.5662,355.9,75.38,0.7403,0.08794,10.0,51.62
2022-05-09,30076.31,2228.55,0.4873,296.1,62.16,0.6019,0.07272,8.1,41.2
2022-05-10,31017.1,2342.05,0.513,319.1,66.9,0.6286,0.07691,8.59,44.58
2022-05-11,29103.94,2084.99,0.4172,271.5,50.9,0.5187,0.07496,6.95,31.17
2022-05-12,29029.75,1960.22,0.3856,269.0,44.64,0.4733,0.06729,6.56,30.32
2022-05-13,29287.05,2009.69,0.4228,290.6,48.92,0.529,0.07426,7.15,32.21
2022-05-14,30086.74,2056.48,0.4262,296.9,52.43,0.5372,0.07243,7.26,33.93
2022-05-15,31328.89,2145.29,0.4481,312.4,58.83,0.5981,0.0724,7.96,36.57
2022-05-16,29874.01,2023.66,0.4231,297.2,53.79,0.5569,0.06917,7.42,32.56
2022-05-17,30444.93,2090.72,0.438,306.2,57.02,0.5778,0.07225,7.72,34.39
2022-05-18,28715.32,1915.11,0.4056,287.7,49.93,0.5059,0.071,6.81,29.58
2022-05-19,30319.23,2019.55,0.4205,307.1,52.2,0.5334,0.07357,7.22,30.39
2022-05-20,29201.01,1959.08,0.4101,302.2,49.43,0.5162,0.07124,6.87,28.8
2022-05-21,29445.06,1975.07,0.4145,312.4,50.31,0.5286,0.07404,7.06,29.89
2022-05-22,30293.94,2043.19,0.4218,319.4,52.48,0.5416,0.07815,7.33,31.71
2022-05-23,29109.15,1973.32,0.4052,317.2,49.17,0.5134,0.07616,7.02,29.06
2022-05-24,29654.58,1979.41,0.4086,328.3,49.67,0.5219,0.08064,7.23,29.08
2022-05-25,29542.15,1942.63,0.406,325.7,47.98,0.5146,0.0847,6.96,27.25
2022-05-26,29201.35,1792.23,0.392,303.0,43.44,0.4789,0.08223,6.57,23.43
2022-05-27,28629.8,1727.27,0.3819,301.6,41.17,0.4566,0.08083,6.29,22.58
2022-05-28,29031.33,1792.22,0.3863,307.5,44.25,0.4646,0.08118,6.58,24.76
2022-05-29,29468.1,1813.64,0.3891,305.8,44.98,0.482,0.08055,6.71,26.16
2022-05-30,31734.22,1998.78,0.4187,321.8,47.22,0.5698,0.08325,7.46,27.71
2022-05-31,31801.04,1941.9,0.4217,320.9,45.77,0.6268,0.08441,7.59,26.42
2022-06-01,29805.83,1817.95,0.398,300.4,40.11,0.5516,0.08356,6.93,23.68
2022-06-02,30452.62,1834.08,0.4055,308.3,40.85,0.5871,0.08432,7.19,24.63
2022-06-03,29700.21,1775.12,0.3904,298.6,38.28,0.56,0.0811,6.85,23.0
2022-06-04,29864.04,1804.58,0.3925,301.3,39.0,0.5665,0.08043,7.4,24.57
2022-06-05,29919.21,1806.23,0.3953,299.1,38.52,0.5674,0.08151,7.64,24.18
2022-06-06,31373.1,1859.84,0.4026,295.1,42.39,0.6091,0.08161,7.97,25.99
2022-06-07,31125.33,1813.33,0.4076,290.3,39.31,0.6141,0.08186,8.71,24.6
2022-06-08,30204.77,1791.88,0.4006,288.5,38.83,0.6408,0.08062,8.7,24.5
2022-06-09,30109.93,1788.81,0.4002,289.9,39.96,0.6323,0.08102,9.27,24.41
2022-06-10,29091.88,1662.91,0.3815,286.4,37.17,0.5744,0.07893,8.04,22.08
2022-06-11,28424.7,1532.89,0.3599,269.9,33.93,0.554,0.0762,7.04,19.9
2022-06-12,26574.53,1434.84,0.3433,254.8,30.61,0.4904,0.07618,6.27,17.29
2022-06-13,22487.41,1209.82,0.3118,223.0,28.6,0.4644,0.06387,5.93,16.11
2022-06-14,22136.41,1208.9,0.3214,223.0,29.59,0.4831,0.05559,6.74,16.55
2022-06-15,22583.72,1237.52,0.3436,233.6,34.76,0.5348,0.06302,7.33,18.31
2022-06-16,20401.31,1068.5,0.3132,210.2,30.12,0.4762,0.05923,6.36,15.79
2022-06-17,20468.81,1086.94,0.321,215.8,30.71,0.4872,0.05989,6.36,15.99
2022-06-18,18970.79,995.13,0.3075,197.0,32.02,0.4549,0.06089,5.92,14.83
2022-06-19,20574.0,1128.53,0.3264,215.1,34.19,0.4848,0.06132,6.6,16.16
2022-06-20,20573.89,1128.24,0.3227,216.5,35.24,0.4915,0.06115,6.98,17.1
2022-06-21,20723.52,1125.85,0.3294,220.1,36.42,0.4813,0.0649,6.86,16.9
2022-06-22,19987.99,1050.19,0.3223,214.4,34.12,0.4594,0.0631,6.63,16.09
2022-06-23,21110.13,1144.72,0.3358,228.9,38.15,0.48,0.0638,6.99,18.29
2022-06-24,21237.69,1225.02,0.3672,240.2,41.91,0.4981,0.06584,7.26,20.47
2022-06-25,21491.19,1242.36,0.3676,239.7,42.22,0.4984,0.0648,7.26,21.36
2022-06-26,21038.07,1197.79,0.3592,233.9,39.39,0.4899,0.06504,6.7,19.73
2022-06-27,20742.56,1192.51,0.3537,233.8,38.52,0.4856,0.06703,6.55,19.32
2022-06-28,20281.29,1144.05,0.3375,226.9,35.35,0.4694,0.06591,6.32,18.12
2022-06-29,20123.01,1100.21,0.3296,219.7,34.05,0.4662,0.06492,6.23,17.79
2022-06-30,19942.21,1071.01,0.3321,219.6,33.76,0.4599,0.06481,6.27,16.99
2022-07-01,19279.8,1059.73,0.3139,216.9,32.84,0.4487,0.06512,6.08,16.12
2022-07-02,19252.81,1067.01,0.3156,218.3,33.36,0.4559,0.06475,6.22,16.33
2022-07-03,19315.83,1074.26,0.3215,219.2,33.39,0.4561,0.06628,6.22,16.65
2022-07-04,20236.71,1151.0,0.3287,231.5,36.71,0.4695,0.06733,6.43,17.92
2022-07-05,20175.83,1132.5,0.3252,230.8,35.4,0.4571,0.06814,6.31,18.03
2022-07-06,20564.51,1186.57,0.3324,238.6,37.04,0.4623,0.06755,6.34,19.17
2022-07-07,21624.98,1237.49,0.3422,241.4,38.46,0.4776,0.06862,6.64,20.18
2022-07-08,21594.75,1214.04,0.3402,240.7,38.12,0.4661,0.06902,6.36,19.72
2022-07-09,21591.83,1217.02,0.3448,243.3,38.06,0.478,0.0698,6.48,19.89
2022-07-10,20862.47,1168.36,0.3255,234.7,36.71,0.4624,0.06763,6.2,19.16
2022-07-11,19963.61,1096.4,0.3152,225.6,33.42,0.4347,0.06475,6.04,17.35
2022-07-12,19328.75,1038.58,0.3116,220.6,32.68,0.4171,0.06461,5.94,16.75
2022-07-13,20234.87,1115.0,0.3237,230.5,34.94,0.4383,0.06624,6.175,18.83
2022-07-14,20588.84,1193.42,0.3338,238.5,37.15,0.4416,0.06679,6.275,19.76
2022-07-15,20830.04,1231.25,0.3342,238.5,37.36,0.4421,0.06703,6.325,19.35
2022-07-16,21195.6,1355.85,0.3505,249.8,39.58,0.4578,0.06895,6.595,21.25
2022-07-17,20798.16,1338.65,0.3433,247.8,38.62,0.4478,0.06744,6.347,20.63
2022-07-18,22432.58,1581.04,0.3653,264.1,43.52,0.4904,0.06882,7.037,23.95
2022-07-19,23396.62,1542.32,0.3729,268.6,44.87,0.5152,0.06909,7.254,24.72
2022-07-20,23223.3,1521.58,0.3635,258.2,42.04,0.491,0.06753,6.867,23.59
2022-07-21,23152.19,1575.45,0.3669,265.6,43.11,0.4993,0.06802,6.994,24.99
2022-07-22,22684.83,1535.27,0.3578,262.4,40.54,0.4828,0.067,6.782,23.63
2022-07-23,22451.07,1548.67,0.3592,259.2,39.97,0.517,0.06698,6.844,23.6
2022-07-24,22579.68,1597.7,0.3586,261.4,40.93,0.512,0.06683,7.094,23.79
2022-07-25,21310.9,1440.79,0.3362,244.6,36.65,0.4752,0.06369,6.431,20.92
2022-07-26,21254.67,1449.12,0.3372,249.4,36.25,0.4677,0.06536,6.341,20.71
2022-07-27,22952.45,1635.74,0.3594,271.6,40.23,0.5111,0.06866,6.86,23.39
2022-07-28,23842.93,1724.52,0.3739,277.2,42.91,0.513,0.06968,7.217,24.2
2022-07-29,23773.75,1721.68,0.3679,293.6,41.91,0.5218,0.06924,7.883,24.49
2022-07-30,23643.51,1697.0,0.3879,287.8,43.84,0.5263,0.06911,7.82,24.23
2022-07-31,23293.32,1678.12,0.3792,283.4,42.35,0.5161,0.06886,7.651,23.72
2022-08-01,23268.01,1630.28,0.3791,283.2,41.65,0.5124,0.06986,7.57,23.57
2022-08-02,22987.79,1630.91,0.3714,283.8,39.79,0.4963,0.06831,7.177,22.85
2022-08-03,22818.37,1618.16,0.3695,297.5,38.54,0.5005,0.06783,7.284,23.04
2022-08-04,22622.98,1607.96,0.371,311.8,38.83,0.4997,0.06891,7.364,23.36
2022-08-05,23312.42,1736.81,0.3764,315.9,40.55,0.5174,0.06989,7.878,24.95
2022-08-06,22954.21,1690.6,0.3715,315.2,40.07,0.5112,0.06947,7.792,26.63
2022-08-07,23174.39,1700.19,0.3722,322.8,40.6,0.5276,0.06962,8.343,27.9
2022-08-08,23810.0,1777.05,0.3787,324.9,42.18,0.5371,0.0701,8.608,27.91
2022-08-09,23149.95,1702.76,0.3672,324.4,40.33,0.5129,0.0684,8.742,27.42
2022-08-10,23954.05,1853.57,0.3814,328.8,42.47,0.5374,0.07038,9.055,29.18
2022-08-11,23934.39,1880.19,0.3802,323.6,42.77,0.5303,0.07034,8.958,28.53
2022-08-12,24403.68,1958.28,0.3796,327.9,45.48,0.5402,0.07045,9.324,29.34
2022-08-13,24441.38,1983.55,0.378,324.3,46.6,0.5593,0.06997,9.144,29.16
2022-08-14,24305.24,1935.31,0.3757,317.6,44.87,0.5695,0.07036,8.765,28.18
2022-08-15,24094.82,1899.06,0.3751,319.5,43.72,0.5499,0.06886,8.646,27.88
2022-08-16,23854.74,1876.67,0.377,316.1,43.08,0.557,0.06974,8.452,27.1
2022-08-17,23342.66,1834.25,0.3795,306.9,40.54,0.5384,0.06832,8.061,25.55
2022-08-18,23191.2,1846.39,0.3704,298.1,39.52,0.5119,0.06741,7.649,24.21
2022-08-19,20834.39,1609.01,0.3344,279.1,35.81,0.45,0.06407,6.899,22.44
2022-08-20,21140.07,1576.04,0.3368,283.7,35.28,0.4508,0.06579,6.9,22.3
2022-08-21,21515.61,1618.13,0.3449,301.9,36.47,0.4626,0.0659,7.082,22.97
2022-08-22,21399.83,1624.66,0.344,300.0,35.41,0.4615,0.06562,7.044,22.55
2022-08-23,21529.12,1665.41,0.3472,299.3,35.68,0.4658,0.06631,7.241,23.5
2022-08-24,21368.08,1656.56,0.3456,296.4,34.89,0.4578,0.06482,7.124,23.01
2022-08-25,21559.04,1695.11,0.3491,301.2,35.27,0.4645,0.06549,7.124,22.99
2022-08-26,20241.05,1508.18,0.3393,279.6,31.72,0.4316,0.06158,6.504,20.66
2022-08-27,20037.6,1491.06,0.3346,277.9,31.53,0.4499,0.0629,6.529,20.03
2022-08-28,19555.61,1426.76,0.3224,276.5,30.44,0.4293,0.06141,6.255,18.53
2022-08-29,20285.73,1551.8,0.3337,285.9,32.42,0.4504,0.06337,6.7,19.32
2022-08-30,19811.66,1524.59,0.3267,281.6,31.47,0.4531,0.06472,6.556,19.39
2022-08-31,20050.02,1554.1,0.3277,279.2,31.5,0.4462,0.06339,6.627,19.14
2022-09-01,20131.46,1586.16,0.3331,278.3,31.61,0.4575,0.06328,6.925,19.33
2022-09-02,19951.86,1575.35,0.3314,277.5,31.23,0.4543,0.06261,6.926,18.86
2022-09-03,19831.9,1557.46,0.3297,277.8,31.12,0.4803,0.0631,6.859,18.89
2022-09-04,20000.3,1579.28,0.3317,279.1,32.16,0.5035,0.06351,7.156,19.01
2022-09-05,19796.84,1617.8,0.3329,276.9,32.18,0.4984,0.06295,7.375,19.44
2022-09-06,18790.61,1559.01,0.3212,262.5,30.88,0.4625,0.06069,6.659,18.21
2022-09-07,19292.84,1630.0,0.3369,278.9,32.69,0.4787,0.06181,7.085,19.01
2022-09-08,19319.77,1635.37,0.3396,280.5,33.61,0.479,0.06126,7.406,19.13
2022-09-09,21360.11,1718.23,0.3568,293.4,34.67,0.5022,0.06343,7.742,20.38
2022-09-10,21648.34,1774.12,0.3573,296.7,35.03,0.5121,0.06474,7.904,20.44
2022-09-11,21826.87,1766.11,0.3552,295.3,34.99,0.5098,0.06419,8.028,20.68
2022-09-12,22395.74,1716.37,0.3598,294.1,37.44,0.5012,0.06386,7.762,21.38
2022-09-13,20173.57,1574.4,0.3326,277.4,33.0,0.4635,0.06068,7.025,18.87
2022-09-14,20226.71,1638.39,0.3415,279.3,34.12,0.4809,0.06162,7.456,19.12
2022-09-15,19701.88,1472.75,0.3261,271.1,33.07,0.4662,0.06131,7.566,18.21
2022-09-16,19803.3,1433.9,0.3552,274.9,32.25,0.4746,0.06132,7.656,18.05
2022-09-17,20113.62,1468.83,0.3762,279.1,33.68,0.4859,0.06228,8.092,18.48
2022-09-18,19416.18,1334.51,0.3576,266.2,31.1,0.4477,0.06077,7.523,16.7
2022-09-19,19537.02,1375.98,0.3848,271.9,32.62,0.4527,0.06028,7.301,17.28
2022-09-20,18875.0,1322.93,0.414,266.3,31.41,0.4422,0.05978,6.883,16.65
2022-09-21,18461.36,1245.78,0.3936,264.0,30.65,0.4389,0.05905,6.68,16.55
2022-09-22,19401.63,1326.46,0.4862,275.3,32.43,0.4584,0.06022,7.123,17.68
2022-09-23,19289.91,1327.25,0.5069,276.7,33.66,0.4618,0.06042,7.449,17.97
2022-09-24,18920.5,1317.13,0.4878,274.4,33.38,0.4511,0.05985,7.629,17.6
2022-09-25,18807.38,1294.63,0.4917,274.3,32.34,0.4464,0.0597,7.865,17.32
2022-09-26,19227.82,1336.17,0.4683,276.1,33.88,0.4473,0.05959,7.945,17.57
2022-09-27,19079.13,1328.02,0.4457,272.3,32.69,0.4411,0.05938,8.056,17.3
2022-09-28,19412.82,1337.2,0.4489,281.6,33.22,0.4361,0.05954,7.795,17.26
2022-09-29,19591.51,1335.7,0.4877,284.1,33.93,0.4381,0.06099,7.899,17.35
2022-09-30,19422.61,1328.72,0.4799,284.8,33.25,0.4347,0.06101,7.585,17.2
2022-10-01,19310.95,1311.79,0.4754,282.9,32.44,0.43,0.06049,7.394,16.95
2022-10-02,19056.8,1276.72,0.4485,284.7,32.06,0.4194,0.06093,7.11,16.53
2022-10-03,19629.08,1323.09,0.4621,286.9,32.89,0.4276,0.06137,7.33,17.14
2022-10-04,20337.82,1361.49,0.4795,296.2,34.09,0.4355,0.06236,7.723,17.44
2022-10-05,20158.26,1352.2,0.4887,294.2,34.04,0.4309,0.06245,7.875,17.39
2022-10-06,19960.67,1352.06,0.4934,287.0,33.36,0.4288,0.06277,7.632,17.04
2022-10-07,19530.09,1331.1,0.5177,282.3,32.98,0.424,0.06251,7.606,16.9
2022-10-08,19417.96,1315.48,0.517,276.4,32.58,0.4219,0.06205,7.455,16.79
2022-10-09,19439.02,1323.13,0.5325,278.2,32.92,0.423,0.06236,7.63,16.9
2022-10-10,19131.87,1290.03,0.4939,271.5,31.96,0.4012,0.06274,7.335,16.21
2022-10-11,19060.0,1280.11,0.4861,271.4,30.8,0.3908,0.06166,7.135,15.95
2022-10-12,19155.53,1294.44,0.4881,270.9,31.16,0.3814,0.06173,7.145,15.96
2022-10-13,19375.13,1287.08,0.4791,271.6,30.49,0.3768,0.061,7.027,15.66
2022-10-14,19176.93,1296.27,0.4883,269.4,30.0,0.3667,0.06393,6.887,15.67
2022-10-15,19069.39,1274.92,0.4818,268.2,29.59,0.3641,0.06174,6.886,15.43
2022-10-16,19262.98,1305.95,0.4766,272.5,30.17,0.3703,0.06187,7.173,15.75
2022-10-17,19549.86,1331.4,0.4804,275.6,31.21,0.3723,0.06265,7.328,16.18
2022-10-18,19327.44,1310.71,0.4658,273.1,30.15,0.3624,0.06218,7.127,15.88
2022-10-19,19123.97,1285.09,0.4504,272.0,28.86,0.3497,0.06174,6.772,15.06
2022-10-20,19041.92,1282.57,0.4465,269.0,28.01,0.3402,0.06215,6.657,15.14
2022-10-21,19164.37,1299.75,0.4614,270.1,28.1,0.3492,0.06167,6.809,15.69
2022-10-22,19204.35,1313.61,0.4653,270.4,28.01,0.3513,0.06158,6.868,15.69
2022-10-23,19570.4,1364.2,0.4688,276.0,29.28,0.3621,0.06188,7.066,16.31
2022-10-24,19329.72,1343.61,0.4529,274.1,28.3,0.3573,0.06131,6.906,15.75
2022-10-25,20080.07,1459.74,0.4605,284.2,30.86,0.4,0.06235,7.063,16.64
2022-10-26,20771.59,1566.1,0.4689,290.2,31.29,0.403,0.06341,7.157,17.0
2022-10-27,20295.11,1514.05,0.4615,286.7,30.58,0.3884,0.06296,6.892,16.88
2022-10-28,20591.84,1554.41,0.4744,297.9,32.07,0.4044,0.06356,7.109,18.33
2022-10-29,20809.67,1619.55,0.4701,304.4,32.87,0.42,0.06428,7.636,18.29
2022-10-30,20627.48,1590.44,0.4582,313.5,32.94,0.4056,0.0631,7.782,18.26
2022-10-31,20490.74,1572.69,0.4641,325.7,32.56,0.4055,0.06325,7.857,19.28
2022-11-01,20483.62,1578.48,0.4636,323.9,32.2,0.4011,0.06277,7.684,18.62
2022-11-02,20151.84,1518.34,0.4497,320.2,30.8,0.3856,0.06157,7.437,17.91
2022-11-03,20207.82,1531.01,0.4548,329.5,30.85,0.3895,0.06171,7.72,18.03
2022-11-04,21148.52,1644.78,0.5064,354.6,33.74,0.4216,0.06381,8.715,19.38
2022-11-05,21299.37,1626.98,0.493,349.2,36.9,0.4264,0.06363,8.663,19.61
2022-11-06,20905.58,1568.29,0.4709,337.9,32.62,0.4021,0.06268,8.101,18.23
2022-11-07,20591.13,1568.1,0.4648,337.0,29.62,0.4041,0.06227,8.956,18.08
2022-11-08,18547.23,1334.77,0.4059,327.4,24.38,0.3722,0.05872,7.708,16.02
2022-11-09,15922.81,1102.73,0.3331,267.3,14.08,0.3175,0.05338,6.231,12.91
2022-11-10,17601.15,1299.28,0.3942,304.0,17.66,0.3687,0.05782,7.21,15.42
2022-11-11,17070.31,1289.28,0.3843,290.4,16.45,0.3556,0.05601,7.044,14.13
2022-11-12,16812.08,1257.25,0.3636,282.8,14.58,0.3397,0.05502,6.281,13.09
2022-11-13,16329.85,1221.49,0.3408,276.4,13.18,0.3298,0.05084,6.078,13.02
2022-11-14,16619.46,1243.28,0.3776,279.0,14.0,0.3323,0.05015,6.291,13.14
2022-11-15,16900.57,1253.23,0.3888,277.0,14.32,0.3373,0.05074,6.421,13.51
2022-11-16,16662.76,1216.17,0.3752,271.8,14.27,0.332,0.05016,6.179,13.07
2022-11-17,16692.56,1200.43,0.3819,267.9,13.65,0.325,0.05006,6.225,12.87
2022-11-18,16700.45,1212.58,0.3829,274.1,13.27,0.326,0.05068,6.183,13.0
2022-11-19,16700.68,1217.67,0.3841,272.6,12.84,0.328,0.05215,6.146,12.89
2022-11-20,16280.23,1142.21,0.3608,264.2,12.27,0.312,0.05008,5.768,12.19
2022-11-21,15781.29,1107.34,0.3645,253.9,11.83,0.3046,0.05155,5.876,11.82
2022-11-22,16226.94,1139.6,0.3757,266.7,12.44,0.3126,0.05072,6.422,12.36
2022-11-23,16603.11,1184.52,0.3815,298.8,14.36,0.3185,0.0518,6.707,13.06
2022-11-24,16598.95,1203.73,0.4018,300.2,14.59,0.3163,0.05283,6.831,12.95
2022-11-25,16522.14,1199.3,0.4078,300.8,14.03,0.3146,0.05297,6.848,12.82
2022-11-26,16458.57,1205.6,0.396,311.4,14.17,0.3138,0.05279,7.156,12.78
2022-11-27,16428.78,1193.88,0.3962,307.6,14.12,0.3126,0.05327,6.902,12.86
2022-11-28,16212.91,1167.77,0.3888,293.5,13.32,0.3066,0.05299,7.194,12.45
2022-11-29,16442.53,1216.49,0.3981,295.4,13.34,0.3092,0.05326,7.318,12.47
2022-11-30,17163.64,1294.46,0.4078,300.6,14.16,0.3187,0.05461,7.672,13.15
2022-12-01,16977.37,1276.41,0.3969,292.3,13.51,0.3145,0.05415,7.681,12.9
2022-12-02,17092.74,1295.59,0.3961,293.4,13.71,0.3191,0.05445,7.61,13.58
2022-12-03,16885.2,1240.51,0.3873,290.4,13.29,0.3196,0.05358,7.235,13.4
2022-12-04,17105.7,1279.41,0.3895,291.8,13.71,0.3221,0.05309,7.444,13.93
2022-12-05,16966.35,1259.41,0.3893,288.4,13.82,0.3193,0.05334,7.275,13.6
2022-12-06,17088.96,1271.32,0.3914,290.2,14.3,0.3183,0.05364,7.132,13.67
2022-12-07,16836.64,1231.18,0.3835,284.2,13.49,0.3102,0.05312,6.881,13.28
2022-12-08,17224.1,1280.18,0.3941,290.4,13.69,0.3145,0.05448,7.0,13.42
2022-12-09,17128.56,1263.1,0.3889,286.0,13.59,0.3118,0.05464,6.863,13.46
2022-12-10,17127.49,1266.35,0.3865,288.2,13.58,0.3126,0.05483,6.858,13.49
2022-12-11,17085.05,1263.01,0.3809,284.4,13.42,0.3074,0.05397,6.7,12.98
2022-12-12,17209.83,1275.4,0.3874,276.1,13.31,0.3069,0.05352,6.701,13.0
2022-12-13,17774.7,1320.69,0.3952,272.2,13.89,0.3142,0.0545,6.926,13.76
2022-12-14,17803.15,1307.44,0.3853,267.7,14.12,0.3079,0.05558,6.718,13.71
2022-12-15,17356.34,1266.54,0.378,258.8,14.04,0.3003,0.05577,6.456,13.17
2022-12-16,16632.12,1166.83,0.3511,231.2,12.25,0.2632,0.05292,5.893,11.84
2022-12-17,16776.52,1187.16,0.3545,242.1,12.51,0.2672,0.05486,6.03,11.95
2022-12-18,16738.21,1183.06,0.3499,251.0,12.38,0.2659,0.05378,5.949,11.93
2022-12-19,16438.88,1167.82,0.3389,240.4,11.94,0.2529,0.05356,5.79,11.39
2022-12-20,16895.56,1216.94,0.3482,251.4,12.26,0.2587,0.05497,6.013,11.95
2022-12-21,16824.67,1213.78,0.3449,246.2,12.14,0.2534,0.05492,5.989,11.71
2022-12-22,16821.43,1217.71,0.3492,245.8,11.82,0.2566,0.05554,6.005,11.85
2022-12-23,16778.5,1219.99,0.3543,246.2,11.78,0.2594,0.05423,5.941,11.79
2022-12-24,16836.12,1220.41,0.3517,244.5,11.45,0.2592,0.05473,5.916,11.67
2022-12-25,16832.11,1218.51,0.3457,243.2,11.38,0.2591,0.05481,5.99,11.68
2022-12-26,16919.39,1228.11,0.3658,244.3,11.32,0.2652,0.05459,6.048,11.71
2022-12-27,16706.36,1211.55,0.3675,246.7,11.09,0.2603,0.05415,5.903,11.64
2022-12-28,16547.31,1190.15,0.3558,244.5,9.76,0.2482,0.05416,5.675,11.21
2022-12-29,16633.47,1200.49,0.3421,246.3,9.64,0.244,0.05402,5.601,10.98
2022-12-30,16607.48,1199.99,0.3451,245.8,9.9,0.2458,0.05439,5.475,10.87
2022-12-31,16542.4,1196.13,0.3389,246.3,9.97,0.2458,0.0545,5.575,10.9
2023-01-01,16616.75,1200.34,0.3387,244.4,9.99,0.2499,0.05481,5.628,10.87
2023-01-02,16672.87,1214.0,0.3482,245.2,11.28,0.2538,0.05517,5.691,11.16
2023-01-03,16675.18,1214.55,0.3436,246.1,13.37,0.2529,0.05483,5.621,11.38
2023-01-04,16850.36,1256.9,0.3472,258.9,13.43,0.2678,0.05477,5.809,12.08
2023-01-05,16831.85,1251.24,0.338,256.7,13.43,0.2692,0.05374,5.66,11.74
2023-01-06,16950.65,1269.14,0.3443,259.9,13.5,0.2786,0.05249,5.712,11.78
2023-01-07,16943.57,1264.07,0.3442,261.3,13.1,0.2768,0.05201,5.83,11.75
2023-01-08,17127.83,1290.16,0.3452,274.9,14.45,0.2974,0.05439,5.963,12.09
2023-01-09,17178.26,1320.39,0.349,272.6,16.25,0.3168,0.05461,6.065,12.19
2023-01-10,17440.66,1335.62,0.3507,277.1,16.2,0.3222,0.05486,6.166,12.73
2023-01-11,17943.26,1389.39,0.3728,284.8,16.36,0.323,0.05652,6.284,15.86
2023-01-12,18846.62,1415.92,0.3748,287.7,16.59,0.3293,0.0571,6.387,15.43
2023-01-13,19930.01,1451.2,0.3858,293.7,18.29,0.3456,0.0601,6.605,15.96
2023-01-14,20954.92,1549.9,0.3953,305.1,24.24,0.3525,0.06177,6.856,16.94
2023-01-15,20871.5,1552.52,0.3845,302.2,22.89,0.3507,0.06231,6.694,16.8
2023-01-16,21185.65,1576.94,0.3855,299.0,23.58,0.3504,0.06242,6.669,16.74
2023-01-17,21134.81,1565.57,0.3868,299.4,22.86,0.3455,0.06168,6.804,17.12
2023-01-18,20677.47,1511.43,0.3782,286.7,20.79,0.3264,0.05891,6.334,15.82
2023-01-19,21071.59,1551.09,0.3928,294.6,21.4,0.3379,0.06009,6.506,16.19
2023-01-20,22667.21,1658.52,0.4129,305.1,25.51,0.3652,0.06272,6.941,17.48
2023-01-21,22783.55,1626.66,0.4034,299.0,24.57,0.3687,0.06172,6.853,16.88
2023-01-22,22707.88,1627.44,0.4004,303.0,24.21,0.3764,0.06166,6.984,17.34
2023-01-23,22916.45,1626.29,0.4234,305.1,24.33,0.375,0.06273,7.015,17.97
2023-01-24,22632.89,1555.97,0.4078,300.3,22.78,0.3587,0.06019,6.661,17.0
2023-01-25,23060.94,1611.94,0.417,306.9,24.52,0.3732,0.0618,6.954,17.79
2023-01-26,23009.65,1601.09,0.4092,304.7,24.33,0.3796,0.06172,7.169,18.08
2023-01-27,23074.16,1597.62,0.4128,308.0,24.43,0.3898,0.06366,7.384,21.2
2023-01-28,23022.6,1572.1,0.4078,306.1,24.0,0.3819,0.06312,7.211,20.54
2023-01-29,23742.3,1644.72,0.4134,317.2,26.07,0.3975,0.06378,7.372,20.99
2023-01-30,22826.15,1566.2,0.3934,307.2,23.96,0.3725,0.06227,6.914,19.74
2023-01-31,23125.13,1585.33,0.4057,312.0,23.92,0.3902,0.06218,6.952,19.8
2023-02-01,23732.66,1641.68,0.4131,317.0,25.0,0.397,0.06312,7.214,20.95
2023-02-02,23488.94,1643.12,0.4098,323.5,24.32,0.3981,0.06383,7.099,21.21
2023-02-03,23431.9,1663.52,0.4117,332.2,24.69,0.4038,0.06416,7.294,21.36
2023-02-04,23326.84,1666.38,0.4106,330.4,24.34,0.3994,0.06384,7.237,21.04
2023-02-05,22932.91,1629.02,0.3984,327.8,23.47,0.3923,0.06411,6.985,20.08
2023-02-06,22762.52,1614.29,0.392,324.3,22.66,0.3823,0.06316,6.832,19.58
2023-02-07,23240.46,1671.03,0.4036,333.0,23.82,0.3989,0.06577,7.197,20.83
2023-02-08,22963.0,1650.43,0.3975,328.2,23.22,0.3942,0.06695,7.136,20.11
2023-02-09,21796.35,1545.35,0.3819,306.2,20.48,0.3622,0.06265,6.984,17.9
2023-02-10,21625.19,1513.06,0.3817,305.8,20.11,0.3581,0.06329,6.89,17.79
2023-02-11,21862.55,1538.51,0.3833,310.4,20.81,0.3684,0.06372,7.003,18.01
2023-02-12,21783.54,1514.83,0.3747,312.6,21.49,0.3641,0.06388,6.808,17.78
2023-02-13,21773.97,1505.24,0.3703,294.3,20.77,0.3593,0.0656,6.669,17.63
2023-02-14,22199.84,1555.71,0.3819,296.2,21.84,0.3867,0.06675,6.808,18.14
2023-02-15,24324.05,1674.92,0.4011,317.4,23.86,0.419,0.07085,7.281,19.94
2023-02-16,23517.72,1637.84,0.3841,304.4,22.24,0.3874,0.06683,7.011,18.59
2023-02-17,24569.97,1693.87,0.395,313.0,23.14,0.4033,0.07031,7.65,19.45
2023-02-18,24631.95,1691.62,0.3943,316.5,23.45,0.406,0.07014,7.989,19.54
2023-02-19,24271.76,1679.75,0.3863,311.5,24.84,0.3995,0.07038,8.014,19.81
2023-02-20,24842.2,1703.27,0.3984,315.4,26.26,0.4038,0.07197,8.017,20.82
2023-02-21,24452.16,1659.76,0.3919,311.5,24.98,0.3925,0.06948,7.64,20.98
2023-02-22,24182.21,1643.14,0.3953,312.4,24.16,0.3888,0.06944,7.717,20.32
2023-02-23,23940.2,1650.53,0.3882,308.3,23.91,0.3824,0.06955,7.935,19.71
2023-02-24,23185.29,1607.8,0.3783,302.3,23.07,0.3658,0.06787,7.466,18.39
2023-02-25,23157.07,1594.58,0.3778,302.4,22.37,0.362,0.06785,7.373,17.94
2023-02-26,23554.85,1641.36,0.3779,308.7,23.25,0.3691,0.06951,7.497,18.43
2023-02-27,23492.09,1633.45,0.3785,304.6,22.68,0.3647,0.06943,7.274,17.93
2023-02-28,23141.57,1605.23,0.3762,301.4,21.89,0.3517,0.06905,7.195,17.09
2023-03-01,23628.97,1665.22,0.3835,302.7,22.51,0.3601,0.06984,7.536,17.77
2023-03-02,23465.32,1647.86,0.3772,299.8,22.0,0.3504,0.06972,7.275,17.47
2023-03-03,22354.34,1569.45,0.3774,290.4,21.42,0.3431,0.06715,6.958,16.66
2023-03-04,22346.57,1566.73,0.3735,289.6,20.98,0.3366,0.0667,6.857,16.14
2023-03-05,22430.24,1564.58,0.3668,288.7,20.97,0.337,0.06725,6.945,16.14
2023-03-06,22410.0,1565.84,0.3695,287.8,20.63,0.3305,0.06739,6.854,16.52
2023-03-07,22197.96,1561.96,0.3801,289.3,20.25,0.3306,0.06629,6.881,16.17
2023-03-08,21705.44,1532.38,0.3889,287.1,18.41,0.3175,0.06532,6.577,15.12
2023-03-09,20362.22,1437.32,0.3706,277.1,17.33,0.3101,0.05863,6.16,14.41
2023-03-10,20150.69,1426.44,0.37,277.4,18.17,0.3149,0.05736,6.215,14.8
2023-03-11,20455.73,1471.97,0.3638,276.0,18.07,0.3051,0.05877,6.162,14.51
2023-03-12,21997.11,1580.33,0.3714,288.1,20.2,0.3298,0.06458,6.551,16.18
2023-03-13,24113.48,1673.45,0.3724,307.9,20.4,0.3433,0.06694,6.761,16.47
2023-03-14,24670.41,1699.4,0.3724,308.4,20.86,0.3429,0.06695,6.96,17.15
2023-03-15,24285.66,1649.96,0.3589,306.3,19.24,0.3241,0.06517,6.546,15.55
2023-03-16,24998.78,1673.73,0.3647,329.4,19.67,0.3249,0.06512,6.656,15.83
2023-03-17,27395.13,1789.27,0.3798,338.9,21.6,0.3494,0.06763,7.207,17.64
2023-03-18,26907.49,1758.84,0.3739,331.0,21.2,0.3371,0.06579,6.922,16.98
2023-03-19,27972.87,1780.68,0.3857,336.7,21.86,0.3448,0.0665,7.081,17.53
2023-03-20,27717.01,1732.78,0.3734,332.5,22.13,0.3321,0.06503,7.05,16.64
2023-03-21,28105.47,1801.23,0.4696,334.4,22.53,0.3696,0.067,7.375,17.44
2023-03-22,27250.97,1734.33,0.4213,321.1,21.42,0.3596,0.05978,7.173,16.74
2023-03-23,28295.41,1813.79,0.4438,329.4,22.16,0.3715,0.0652,7.61,17.54
2023-03-24,27454.47,1749.57,0.4259,322.1,20.66,0.3596,0.06341,7.191,16.95
2023-03-25,27462.95,1741.88,0.4429,322.4,20.41,0.3514,0.06368,7.075,16.89
2023-03-26,27968.05,1773.88,0.4479,328.6,20.94,0.3557,0.06412,7.261,17.12
2023-03-27,27124.91,1715.22,0.479,310.6,19.91,0.3455,0.06355,6.87,16.49
2023-03-28,27261.07,1772.99,0.5144,313.2,20.45,0.3681,0.06418,6.947,16.71
2023-03-29,28348.6,1793.07,0.5425,313.7,21.1,0.3811,0.06433,7.382,17.31
2023-03-30,28028.53,1793.61,0.5319,316.4,20.55,0.3761,0.06481,7.233,17.23
2023-03-31,28465.36,1821.52,0.5374,316.9,21.16,0.3989,0.06553,7.588,17.7
2023-04-01,28452.73,1820.79,0.5095,314.9,21.08,0.3919,0.06648,7.548,17.8
2023-04-02,28171.87,1794.51,0.518,313.7,20.52,0.3815,0.06518,7.255,17.25
2023-04-03,27800.0,1810.51,0.4959,308.8,20.45,0.3872,0.06574,7.245,17.11
2023-04-04,28165.47,1870.37,0.5026,310.8,20.92,0.3894,0.06573,7.37,17.65
2023-04-05,28170.01,1908.69,0.5055,313.9,20.97,0.3923,0.06616,7.321,18.0
2023-04-06,28033.82,1872.41,0.5028,312.3,20.62,0.3829,0.06608,7.201,17.97
2023-04-07,27906.33,1863.72,0.5126,310.3,20.44,0.3835,0.06603,7.267,17.6
2023-04-08,27938.38,1848.82,0.5048,310.5,20.04,0.3853,0.06613,7.13,17.45
2023-04-09,28323.76,1858.92,0.5054,312.8,20.28,0.3894,0.06662,7.203,17.54
2023-04-10,29637.34,1910.2,0.5176,318.5,20.89,0.3971,0.0673,7.343,17.94
2023-04-11,30200.42,1889.86,0.5167,322.3,22.98,0.4014,0.06632,7.301,18.14
2023-04-12,29888.07,1917.39,0.5049,319.9,23.8,0.4047,0.06514,7.23,18.26
2023-04-13,30373.84,2012.01,0.5125,324.7,24.43,0.4251,0.06523,7.458,18.84
2023-04-14,30466.93,2099.99,0.5227,328.9,24.71,0.4381,0.06619,7.743,19.22
2023-04-15,30295.09,2090.6,0.5192,333.0,24.05,0.4522,0.06588,8.005,19.07
2023-04-16,30304.65,2118.67,0.5209,347.7,25.34,0.4513,0.06655,8.14,20.17
2023-04-17,29430.27,2074.0,0.5109,340.0,24.58,0.4341,0.06574,8.16,20.51
2023-04-18,30380.01,2103.5,0.5324,343.1,24.82,0.4435,0.06681,8.578,21.2
2023-04-19,28797.1,1933.73,0.4911,322.4,22.66,0.4163,0.06563,7.752,18.98
2023-04-20,28243.65,1942.98,0.4752,318.1,22.2,0.4007,0.06542,7.512,18.3
2023-04-21,27262.84,1848.78,0.4491,321.2,21.25,0.3824,0.06497,7.113,16.94
2023-04-22,27816.85,1874.16,0.4719,332.2,21.79,0.3956,0.0661,7.175,17.21
2023-04-23,27590.6,1862.0,0.4647,330.7,21.47,0.3886,0.06671,7.082,16.84
2023-04-24,27510.93,1841.84,0.4611,331.2,21.38,0.3835,0.0661,7.068,16.92
2023-04-25,28300.79,1866.1,0.4695,338.4,21.93,0.3945,0.06584,7.274,17.63
2023-04-26,28415.29,1866.01,0.4618,330.6,21.28,0.4014,0.06507,7.004,17.18
2023-04-27,29472.77,1908.68,0.4667,330.9,22.33,0.4101,0.06576,7.17,17.72
2023-04-28,29311.7,1890.94,0.4796,324.1,23.34,0.4043,0.06667,7.04,17.55
2023-04-29,29230.45,1907.8,0.478,321.9,23.19,0.4024,0.068,7.185,17.49
2023-04-30,29233.21,1870.09,0.4705,337.5,22.74,0.3956,0.06713,7.025,17.1
2023-05-01,28068.26,1830.73,0.4649,328.5,21.96,0.3868,0.06851,6.898,16.65
2023-05-02,28669.86,1870.08,0.4645,321.5,22.25,0.3916,0.06922,6.987,16.84
2023-05-03,29026.16,1905.12,0.4632,325.9,22.24,0.394,0.06927,7.129,17.21
2023-05-04,28838.16,1877.07,0.4608,323.8,21.74,0.3873,0.0694,6.998,16.93
2023-05-05,29505.61,1993.3,0.4671,326.5,22.82,0.3942,0.07092,7.226,17.38
2023-05-06,28848.2,1896.33,0.4582,321.9,21.91,0.3787,0.07025,6.92,16.58
2023-05-07,28430.1,1870.4,0.449,321.0,21.66,0.376,0.0692,6.911,16.41
2023-05-08,27668.79,1847.56,0.4283,313.8,20.62,0.3653,0.0685,6.582,15.42
2023-05-09,27628.27,1846.52,0.4289,312.1,20.65,0.3633,0.06906,6.522,15.31
2023-05-10,27598.75,1840.84,0.4303,314.3,20.91,0.3693,0.06933,6.588,15.52
2023-05-11,26968.62,1794.3,0.4207,307.5,20.17,0.3598,0.06771,6.36,14.95
2023-05-12,26795.01,1807.45,0.4305,308.5,20.9,0.3705,0.06908,6.623,15.19
2023-05-13,26775.28,1795.11,0.424,310.7,20.84,0.3646,0.06934,6.491,14.91
2023-05-14,26917.62,1799.21,0.4253,312.1,20.93,0.3711,0.06939,6.547,15.03
2023-05-15,27162.14,1816.2,0.4273,313.4,20.99,0.3669,0.07026,6.635,15.08
2023-05-16,27033.84,1824.21,0.4425,311.4,20.67,0.3682,0.07055,6.659,14.9
2023-05-17,27405.61,1822.12,0.4484,314.3,21.06,0.3755,0.07121,6.758,15.17
2023-05-18,26821.28,1800.56,0.4596,309.3,20.34,0.3714,0.07016,6.531,14.68
2023-05-19,26880.26,1812.32,0.4675,308.9,20.36,0.3681,0.07067,6.51,14.68
2023-05-20,27102.43,1819.42,0.4685,310.6,20.28,0.3662,0.07257,6.503,14.63
2023-05-21,26747.78,1804.91,0.4575,306.4,19.61,0.3602,0.07501,6.43,14.31
2023-05-22,26849.27,1817.35,0.4618,309.0,19.53,0.3679,0.078,6.533,14.68
2023-05-23,27219.61,1854.05,0.4651,313.5,20.02,0.3704,0.07848,6.504,14.71
2023-05-24,26329.01,1799.89,0.453,306.0,19.22,0.3638,0.07686,6.32,14.14
2023-05-25,26473.79,1805.6,0.4538,304.5,19.25,0.3581,0.07677,6.278,14.08
2023-05-26,26705.92,1827.79,0.4684,306.8,19.35,0.3626,0.07538,6.344,14.33
2023-05-27,26854.27,1829.89,0.4714,307.4,20.43,0.3667,0.07716,6.438,14.56
2023-05-28,28065.0,1908.64,0.482,314.1,20.81,0.3828,0.07742,6.631,14.89
2023-05-29,27736.4,1892.6,0.4946,311.6,20.57,0.3786,0.0761,6.637,14.48
2023-05-30,27694.4,1900.59,0.5205,311.5,21.25,0.3779,0.07635,6.613,14.45
2023-05-31,27210.35,1873.63,0.5166,306.8,20.81,0.3744,0.07522,6.478,14.11
2023-06-01,26817.93,1861.78,0.5065,304.9,20.49,0.3644,0.07477,6.344,14.09
2023-06-02,27242.59,1906.68,0.5244,307.2,21.26,0.3782,0.08266,6.45,14.49
2023-06-03,27069.22,1892.06,0.5188,306.6,21.19,0.3759,0.08177,6.421,14.58
2023-06-04,27115.21,1890.01,0.5359,305.0,21.82,0.3773,0.08138,6.452,14.79
2023-06-05,25728.2,1810.5,0.509,276.9,20.0,0.3514,0.07832,6.054,13.87
2023-06-06,27230.08,1884.64,0.53,281.2,20.38,0.3531,0.07821,6.261,14.62
2023-06-07,26339.34,1832.13,0.5183,259.3,18.64,0.3223,0.07675,5.917,14.02
2023-06-08,26498.61,1845.64,0.5236,262.0,18.89,0.3228,0.07741,5.995,13.93
2023-06-09,26477.81,1840.37,0.538,260.5,17.4,0.2951,0.072,5.993,13.75
2023-06-10,25841.21,1751.53,0.5067,238.7,15.61,0.2747,0.06961,5.233,11.65
2023-06-11,25925.55,1752.76,0.5208,235.4,15.55,0.272,0.07025,5.175,11.58
2023-06-12,25905.19,1742.57,0.5251,231.3,15.19,0.2748,0.07115,5.16,11.52
2023-06-13,25934.25,1740.12,0.5192,244.2,15.04,0.2752,0.07192,5.3,11.8
2023-06-14,25128.6,1650.95,0.4801,237.9,14.48,0.2633,0.071,5.25,11.38
2023-06-15,25598.49,1666.96,0.4801,236.4,14.77,0.262,0.07098,5.312,11.41
2023-06-16,26345.0,1717.92,0.4759,239.3,15.31,0.2632,0.07053,5.324,11.55
2023-06-17,26516.99,1727.76,0.4794,244.5,15.64,0.2667,0.07164,5.279,11.62
2023-06-18,26339.97,1720.95,0.4868,244.1,15.45,0.261,0.07016,5.156,11.34
2023-06-19,26844.35,1737.11,0.4936,243.1,16.1,0.2634,0.06999,5.133,11.47
2023-06-20,28307.99,1791.99,0.4929,247.7,16.64,0.2705,0.07057,5.267,12.12
2023-06-21,29993.89,1889.11,0.4999,248.8,17.23,0.2862,0.07233,5.556,12.9
2023-06-22,29884.92,1872.01,0.4938,240.8,16.62,0.2899,0.07226,5.558,12.65
2023-06-23,30688.5,1892.63,0.4961,244.3,17.13,0.2966,0.07315,6.07,13.29
2023-06-24,30527.43,1874.96,0.4865,236.4,16.64,0.2892,0.0722,6.133,13.01
2023-06-25,30462.66,1898.8,0.4903,238.8,16.96,0.2921,0.07313,6.157,13.44
2023-06-26,30267.99,1858.97,0.479,236.1,16.27,0.2805,0.07383,6.057,13.15
2023-06-27,30692.44,1889.58,0.4838,237.5,16.63,0.2867,0.07432,6.198,13.2
2023-06-28,30077.41,1828.02,0.4647,230.6,15.97,0.2669,0.07375,5.815,12.34
2023-06-29,30447.31,1851.99,0.4747,233.1,17.99,0.2752,0.07445,5.891,12.67
2023-06-30,30472.0,1933.79,0.4729,240.3,18.86,0.2869,0.0762,6.313,13.03
2023-07-01,30585.9,1924.5,0.4732,247.9,18.7,0.2924,0.07726,6.503,12.99
2023-07-02,30617.03,1937.48,0.4845,246.5,19.45,0.2916,0.07603,6.54,13.13
2023-07-03,31156.2,1955.54,0.489,246.5,19.26,0.2967,0.07731,6.628,13.25
2023-07-04,30766.51,1936.2,0.4872,242.5,19.13,0.2924,0.07703,6.521,13.04
2023-07-05,30504.81,1910.36,0.4777,238.9,19.0,0.2839,0.07707,6.299,12.67
2023-07-06,29895.43,1846.17,0.4622,232.2,19.61,0.2784,0.07711,6.08,12.37
2023-07-07,30344.7,1870.91,0.4687,235.6,21.5,0.2844,0.07882,6.156,12.74
2023-07-08,30284.63,1865.24,0.4704,236.3,21.81,0.2907,0.08007,6.196,13.64
2023-07-09,30160.71,1862.8,0.468,234.1,21.32,0.2844,0.07748,6.15,13.58
2023-07-10,30411.57,1880.4,0.478,246.2,21.3,0.2878,0.07754,6.167,13.39
2023-07-11,30622.1,1878.3,0.4753,248.6,22.07,0.2927,0.07734,6.206,13.27
2023-07-12,30380.0,1871.82,0.471,243.9,21.94,0.289,0.07784,6.252,13.01
2023-07-13,31454.23,2004.49,0.8153,256.1,26.01,0.3567,0.08171,7.124,14.11
2023-07-14,30312.01,1937.83,0.7179,248.1,26.67,0.3277,0.07988,6.958,14.64
2023-07-15,30289.52,1931.41,0.7145,251.1,27.46,0.326,0.08082,6.918,14.84
2023-07-16,30231.99,1922.11,0.7468,242.3,27.42,0.3146,0.0798,6.607,14.29
2023-07-17,30138.0,1911.2,0.7374,244.1,26.8,0.3118,0.07997,7.186,14.4
2023-07-18,29859.13,1897.21,0.7779,240.2,25.54,0.3095,0.07978,6.911,13.8
2023-07-19,29909.21,1888.63,0.8199,240.8,26.31,0.3226,0.08031,6.915,13.99
2023-07-20,29800.0,1891.59,0.7942,242.8,25.38,0.3161,0.08073,8.361,13.88
2023-07-21,29901.72,1891.73,0.7713,243.7,25.5,0.3127,0.08043,8.133,13.98
2023-07-22,29794.0,1866.52,0.7331,241.1,24.52,0.31,0.0839,7.881,13.53
2023-07-23,30083.75,1888.73,0.7384,242.5,24.76,0.3171,0.08337,7.89,13.54
2023-07-24,29176.5,1850.0,0.7021,238.9,23.37,0.3053,0.08148,7.586,13.11
2023-07-25,29228.91,1857.66,0.7089,237.7,23.27,0.3037,0.0819,7.392,13.33
2023-07-26,29351.96,1872.0,0.7161,239.0,25.17,0.3069,0.08242,7.742,13.27
2023-07-27,29222.78,1861.28,0.7139,240.6,25.1,0.3077,0.08265,7.989,13.15
2023-07-28,29314.14,1874.19,0.712,241.9,24.82,0.3099,0.08506,7.77,13.22
2023-07-29,29352.9,1880.46,0.7121,242.4,25.17,0.313,0.08322,7.842,13.23
2023-07-30,29281.09,1861.79,0.7046,242.5,24.25,0.3156,0.07999,7.555,13.12
2023-07-31,29232.25,1856.14,0.6976,241.0,23.73,0.307,0.07792,7.547,12.82
2023-08-01,29705.99,1873.47,0.7069,247.7,24.05,0.3103,0.07866,7.641,12.89
2023-08-02,29186.01,1839.9,0.685,240.7,23.15,0.2993,0.07632,7.351,12.55
2023-08-03,29193.64,1835.81,0.663,241.1,22.65,0.2922,0.07714,7.125,12.44
2023-08-04,29113.99,1830.23,0.6356,241.7,22.8,0.2935,0.07679,7.143,12.41
2023-08-05,29072.13,1836.48,0.6288,243.2,22.65,0.2938,0.07754,7.231,12.45
2023-08-06,29088.42,1830.28,0.624,243.2,23.2,0.2923,0.07699,7.102,12.59
2023-08-07,29211.06,1829.1,0.6236,242.1,23.12,0.291,0.07685,7.324,12.47
2023-08-08,29770.42,1856.3,0.6418,245.2,24.22,0.2974,0.07677,7.461,12.68
2023-08-09,29581.99,1855.35,0.6433,243.8,24.38,0.3013,0.07674,7.678,12.62
2023-08-10,29455.75,1852.47,0.6331,241.5,24.62,0.2965,0.07734,7.619,12.48
2023-08-11,29426.03,1848.84,0.6318,239.7,24.62,0.2933,0.07723,7.492,12.44
2023-08-12,29430.17,1849.93,0.6276,240.3,24.91,0.2919,0.07751,7.442,12.39
2023-08-13,29303.84,1840.73,0.6256,240.2,24.23,0.2894,0.07711,7.369,12.27
2023-08-14,29430.93,1845.5,0.6343,240.4,25.18,0.2906,0.07748,7.412,12.37
2023-08-15,29200.0,1828.98,0.6104,236.7,23.9,0.282,0.07634,7.043,11.83
2023-08-16,28730.51,1807.81,0.5889,232.0,22.82,0.2747,0.07465,6.762,11.38
2023-08-17,26623.41,1681.49,0.5064,218.1,21.66,0.2553,0.07265,6.189,10.57
2023-08-18,26054.0,1661.59,0.5062,216.1,21.34,0.264,0.07297,6.176,10.81
2023-08-19,26100.01,1669.67,0.5199,216.8,21.9,0.2688,0.07408,6.181,10.81
2023-08-20,26189.99,1685.24,0.5384,216.5,21.77,0.2703,0.07591,6.22,10.86
2023-08-21,26126.92,1667.55,0.5245,210.4,21.2,0.2628,0.0751,6.174,10.36
2023-08-22,26056.0,1634.99,0.521,210.9,20.59,0.2588,0.07548,6.112,10.15
2023-08-23,26432.72,1679.61,0.5301,216.6,21.74,0.2681,0.0776,6.352,10.33
2023-08-24,26180.05,1661.16,0.5187,219.0,21.06,0.2659,0.07664,6.084,10.12
2023-08-25,26060.01,1653.8,0.5258,218.4,20.42,0.2612,0.07724,6.014,10.04
2023-08-26,26017.37,1647.04,0.5231,216.5,20.29,0.261,0.07745,6.006,10.09
2023-08-27,26101.77,1658.33,0.5236,218.4,20.79,0.2634,0.07755,6.03,10.2
2023-08-28,26120.0,1653.08,0.5232,218.8,20.56,0.2676,0.07634,5.981,10.37
2023-08-29,27716.34,1729.42,0.5398,226.9,21.79,0.2726,0.07732,6.194,10.81
2023-08-30,27299.99,1705.23,0.5284,223.8,20.82,0.2654,0.07562,5.925,10.41
2023-08-31,25940.78,1645.76,0.511,216.7,19.74,0.2554,0.07673,5.879,9.98
2023-09-01,25805.05,1629.12,0.498,213.7,19.33,0.2551,0.07608,5.941,9.92
2023-09-02,25869.51,1637.03,0.4988,214.4,19.5,0.2562,0.07702,5.972,9.92
2023-09-03,25971.21,1635.84,0.5047,214.4,19.57,0.2559,0.07703,6.027,9.88
2023-09-04,25826.02,1630.51,0.5087,215.2,19.52,0.2561,0.07751,6.012,9.81
2023-09-05,25792.1,1634.45,0.5056,214.6,20.26,0.2578,0.07746,6.137,9.91
2023-09-06,25759.95,1633.15,0.5033,215.2,19.64,0.2577,0.07893,6.302,9.95
2023-09-07,26255.0,1648.11,0.505,217.1,19.92,0.2579,0.07917,6.387,10.1
2023-09-08,25910.5,1636.44,0.505,214.7,19.61,0.2544,0.07915,6.28,9.93
2023-09-09,25901.61,1635.54,0.5038,214.1,19.44,0.2533,0.07917,6.165,9.84
2023-09-10,25841.61,1617.42,0.4969,212.4,18.24,0.249,0.0783,6.015,9.47
2023-09-11,25162.52,1551.85,0.4744,206.1,17.72,0.2421,0.07755,5.829,9.23
2023-09-12,25840.1,1592.97,0.4804,210.7,17.92,0.2455,0.08075,5.957,9.22
2023-09-13,26222.0,1607.62,0.4832,212.5,18.4,0.2487,0.08123,6.02,9.29
2023-09-14,26522.73,1626.47,0.4892,212.2,18.85,0.2513,0.08377,6.151,9.4
2023-09-15,26600.0,1641.29,0.5005,214.1,19.14,0.2505,0.08405,6.367,9.43
2023-09-16,26559.67,1634.4,0.4998,214.9,19.12,0.2503,0.08352,6.281,9.38
2023-09-17,26527.51,1622.48,0.4925,216.5,18.81,0.2471,0.08334,6.146,9.1
2023-09-18,26762.51,1636.66,0.503,216.0,19.64,0.2516,0.08388,6.567,9.11
2023-09-19,27210.26,1643.12,0.514,217.2,20.03,0.2548,0.08455,6.846,9.21
2023-09-20,27125.0,1622.26,0.5212,214.4,20.29,0.2517,0.08444,6.905,9.05
2023-09-21,26568.08,1583.94,0.5071,210.8,19.46,0.2449,0.08301,6.664,8.83
2023-09-22,26580.14,1593.08,0.5122,211.1,19.43,0.2449,0.08334,6.958,8.87
2023-09-23,26575.96,1593.86,0.5076,210.5,19.49,0.2461,0.08362,7.189,8.9
2023-09-24,26248.38,1580.71,0.5021,208.3,19.36,0.2427,0.0836,6.972,8.78
2023-09-25,26304.81,1588.33,0.5056,209.9,19.39,0.2459,0.08466,7.494,8.95
2023-09-26,26221.67,1594.01,0.5019,212.6,19.03,0.2455,0.08471,7.356,9.04
2023-09-27,26372.99,1598.64,0.4993,212.0,19.14,0.2446,0.0855,7.645,8.92
2023-09-28,27021.39,1652.99,0.5098,215.0,19.96,0.2489,0.08675,7.807,9.27
2023-09-29,26906.96,1667.45,0.5215,215.2,20.28,0.2494,0.08912,7.946,9.17
2023-09-30,26962.56,1670.89,0.5149,214.6,21.37,0.254,0.0886,8.191,9.24
2023-10-01,27992.57,1733.79,0.5241,218.2,23.87,0.2659,0.09011,8.054,9.75
2023-10-02,27494.51,1662.4,0.5123,214.6,23.37,0.2591,0.08744,7.47,9.31
2023-10-03,27426.46,1656.88,0.539,213.5,23.6,0.261,0.09071,7.409,9.42
2023-10-04,27778.57,1646.58,0.5326,213.4,23.13,0.2589,0.08891,7.674,10.1
2023-10-05,27410.39,1611.79,0.5227,210.6,22.7,0.2602,0.08824,7.465,10.14
2023-10-06,27931.09,1645.03,0.5255,213.4,23.41,0.2646,0.08719,7.639,10.66
2023-10-07,27956.67,1633.57,0.5216,212.3,23.3,0.2587,0.08808,7.524,10.35
2023-10-08,27917.05,1632.84,0.5174,211.4,23.22,0.2563,0.08802,7.673,10.09
2023-10-09,27590.12,1580.13,0.5027,205.8,22.1,0.2513,0.08613,7.276,9.54
2023-10-10,27390.12,1567.63,0.4965,208.6,22.11,0.249,0.08622,7.259,9.53
2023-10-11,26875.52,1566.87,0.4888,206.6,22.01,0.2481,0.08603,7.391,9.3
2023-10-12,26759.63,1539.61,0.483,205.1,21.28,0.246,0.08481,7.197,9.12
2023-10-13,26862.0,1552.16,0.4851,206.1,21.84,0.2458,0.08549,7.256,9.15
2023-10-14,26852.48,1554.94,0.4865,206.5,22.0,0.247,0.08501,7.331,9.15
2023-10-15,27154.15,1557.77,0.4874,209.7,21.93,0.2473,0.08667,7.423,9.17
2023-10-16,28500.78,1599.42,0.4978,214.6,23.95,0.2513,0.08885,7.525,9.4
2023-10-17,28395.91,1565.01,0.4912,211.4,23.93,0.2463,0.08854,7.32,9.1
2023-10-18,28320.0,1563.44,0.4878,210.2,23.42,0.243,0.08915,7.356,8.91
2023-10-19,28713.71,1566.57,0.5197,211.2,24.93,0.2469,0.08999,7.304,9.06
2023-10-20,29669.04,1603.89,0.5149,212.1,27.03,0.2512,0.09074,7.57,9.22
2023-10-21,29909.8,1628.94,0.5208,214.2,29.32,0.2586,0.0916,8.914,9.63
2023-10-22,29992.46,1663.7,0.5226,217.8,29.05,0.2639,0.09031,10.19,10.09
2023-10-23,33069.99,1765.46,0.5475,228.5,31.88,0.2807,0.09219,10.577,10.58
2023-10-24,33922.73,1784.98,0.5588,225.2,30.17,0.2792,0.09236,10.372,10.32
2023-10-25,34496.05,1787.15,0.5552,222.1,32.44,0.2808,0.09351,11.058,10.52
2023-10-26,34151.66,1803.38,0.5533,223.2,32.77,0.2872,0.09285,10.928,11.05
2023-10-27,33892.02,1779.4,0.543,224.1,31.73,0.2893,0.09353,11.185,10.59
2023-10-28,34081.0,1776.2,0.5446,225.7,31.63,0.2909,0.09433,10.923,10.97
2023-10-29,34525.89,1795.14,0.5561,227.1,32.83,0.2954,0.09489,11.081,11.37
2023-10-30,34474.73,1809.04,0.578,228.0,34.94,0.3031,0.09558,11.22,11.46
2023-10-31,34639.77,1814.67,0.5996,226.2,38.4,0.293,0.09715,11.353,11.33
2023-11-01,35421.43,1846.99,0.6085,227.9,41.15,0.3071,0.10014,11.638,12.23
2023-11-02,34941.59,1800.8,0.6054,231.9,40.23,0.323,0.09922,11.007,11.88
2023-11-03,34716.78,1832.71,0.6121,230.2,39.45,0.3292,0.09722,11.46,12.11
2023-11-04,35062.07,1855.54,0.6149,237.1,42.41,0.3278,0.09765,11.496,12.22
2023-11-05,35011.88,1891.71,0.6607,244.0,41.15,0.3419,0.09808,12.231,12.35
2023-11-06,35046.09,1900.95,0.7148,255.1,42.16,0.3624,0.09765,12.984,13.08
2023-11-07,35399.12,1885.27,0.685,246.2,42.93,0.3512,0.09658,13.04,12.81
2023-11-08,35624.72,1888.12,0.6869,246.7,43.13,0.3577,0.09833,14.919,12.99
2023-11-09,36701.09,2121.32,0.6665,251.6,45.29,0.3684,0.09889,14.603,12.96
2023-11-10,37301.63,2077.72,0.6595,251.0,56.67,0.3859,0.10622,15.493,14.74
2023-11-11,37130.0,2053.17,0.6626,251.5,56.34,0.3844,0.108,16.477,16.79
2023-11-12,37064.13,2044.68,0.6613,247.4,56.28,0.3834,0.10851,16.025,18.98
2023-11-13,36462.93,2053.65,0.6702,241.1,51.6,0.3568,0.10688,14.358,16.12
2023-11-14,35551.19,1979.39,0.6296,242.3,56.81,0.3579,0.10222,13.945,17.05
2023-11-15,37858.2,2058.48,0.6481,253.7,65.43,0.3788,0.10406,15.027,20.7
2023-11-16,36163.51,1961.77,0.6119,242.7,57.8,0.3706,0.10233,13.866,21.71
2023-11-17,36613.92,1960.82,0.6133,244.9,58.51,0.3671,0.10371,13.702,21.94
2023-11-18,36568.1,1962.6,0.6106,244.8,58.56,0.3772,0.1029,13.75,21.99
2023-11-19,37359.86,2011.47,0.6258,246.4,61.1,0.384,0.10349,14.908,22.85
2023-11-20,37448.78,2021.4,0.6122,253.1,56.57,0.3804,0.10096,14.477,20.85
2023-11-21,35741.65,1933.01,0.5788,225.5,51.65,0.3566,0.09612,13.359,19.02
2023-11-22,37408.34,2063.21,0.6109,236.1,57.56,0.3805,0.10115,14.212,20.78
2023-11-23,37294.28,2062.2,0.6209,233.8,56.51,0.3873,0.10208,14.398,20.64
2023-11-24,37713.57,2080.84,0.6212,232.7,56.86,0.3862,0.10455,14.482,20.89
2023-11-25,37780.67,2083.09,0.6228,234.4,58.82,0.3941,0.10895,14.762,21.36
2023-11-26,37447.43,2062.33,0.6157,231.7,57.57,0.3873,0.10778,14.766,21.06
2023-11-27,37242.7,2027.5,0.6039,227.2,55.06,0.3777,0.10193,14.186,20.35
2023-11-28,37818.87,2048.14,0.6107,229.6,58.18,0.3858,0.10295,14.521,20.68
2023-11-29,37854.64,2028.81,0.6091,227.3,59.31,0.3816,0.10343,14.511,21.12
2023-11-30,37723.96,2051.96,0.6063,227.6,59.3,0.3759,0.10347,14.412,21.39
2023-12-01,38682.52,2087.24,0.6125,228.5,59.75,0.3844,0.10306,14.988,21.87
2023-12-02,39450.35,2164.74,0.6208,229.0,63.66,0.3976,0.10317,15.992,22.24
2023-12-03,39972.26,2192.95,0.6229,228.1,62.98,0.3949,0.10308,15.705,21.94
2023-12-04,41991.1,2243.37,0.6245,233.5,61.64,0.4068,0.10384,15.813,22.68
2023-12-05,44073.32,2293.33,0.621,231.2,61.03,0.4257,0.10356,15.729,24.54
2023-12-06,43762.69,2232.7,0.64,229.4,61.85,0.4429,0.10476,15.268,26.2
2023-12-07,43273.14,2355.73,0.6432,232.6,67.74,0.4555,0.10416,15.691,26.28
2023-12-08,44170.99,2358.72,0.6721,238.9,74.94,0.5454,0.10663,16.925,30.44
2023-12-09,43713.6,2340.49,0.6584,237.7,72.3,0.5791,0.10664,16.196,31.91
2023-12-10,43789.51,2352.39,0.6617,239.8,74.87,0.5948,0.10784,16.367,37.14
2023-12-11,41253.4,2225.12,0.6187,246.4,70.25,0.5507,0.10383,14.768,38.04
2023-12-12,41492.39,2203.46,0.6192,254.6,68.6,0.5784,0.10359,14.523,37.49
2023-12-13,42869.03,2260.16,0.6275,252.0,70.62,0.6675,0.1043,14.77,38.99
2023-12-14,43022.26,2315.32,0.6316,253.3,75.68,0.6433,0.106,15.37,39.3
2023-12-15,41940.3,2220.5,0.6156,244.9,72.51,0.6004,0.10156,14.281,39.71
2023-12-16,42278.03,2228.96,0.6203,244.4,73.72,0.6078,0.10282,14.32,42.22
2023-12-17,41374.65,2196.52,0.6103,238.8,70.87,0.5804,0.10203,14.013,40.62
2023-12-18,42657.8,2219.43,0.6125,241.7,74.42,0.6021,0.1009,14.674,41.16
2023-12-19,42275.99,2177.91,0.6047,252.9,73.0,0.5761,0.1006,14.1,39.74
2023-12-20,43668.93,2202.17,0.6171,260.3,82.21,0.5894,0.10273,14.253,43.46
2023-12-21,43861.8,2239.61,0.6241,272.1,93.84,0.6351,0.10463,15.305,45.97
2023-12-22,43969.04,2324.54,0.6244,271.1,97.9,0.6226,0.10508,15.479,45.35
2023-12-23,43702.16,2308.2,0.6195,271.0,107.88,0.613,0.10676,15.682,48.05
2023-12-24,42991.5,2264.05,0.6121,264.5,112.45,0.5919,0.1062,15.262,47.68
2023-12-25,43576.13,2271.35,0.6462,266.9,120.91,0.6242,0.10586,15.585,48.18
2023-12-26,42508.93,2230.88,0.6219,297.7,112.49,0.6087,0.10305,15.092,44.41
2023-12-27,43428.85,2378.35,0.634,324.1,106.91,0.6334,0.10534,16.709,42.39
2023-12-28,42563.76,2344.15,0.6346,322.6,101.8,0.6158,0.10545,16.005,39.8
2023-12-29,42066.95,2299.2,0.623,313.7,106.17,0.6083,0.1056,15.54,40.18
2023-12-30,42140.28,2291.68,0.6207,317.1,101.9,0.6011,0.10595,15.167,39.33
2023-12-31,42283.58,2281.87,0.6156,311.8,101.72,0.594,0.10764,14.941,38.55
2024-01-01,44179.55,2352.04,0.6294,313.5,109.91,0.6232,0.10772,15.548,41.94
2024-01-02,44946.91,2355.34,0.6246,312.2,106.73,0.605,0.10834,15.166,40.61
2024-01-03,42845.23,2209.72,0.5823,315.8,98.52,0.5569,0.10675,14.148,36.8
2024-01-04,44151.1,2267.11,0.5868,323.7,104.91,0.5699,0.10696,14.526,38.72
2024-01-05,44145.11,2268.78,0.5757,317.5,99.94,0.5414,0.10438,14.091,36.46
2024-01-06,43968.32,2240.78,0.5679,307.5,93.77,0.5227,0.10387,13.436,34.61
2024-01-07,43929.02,2221.42,0.5515,302.4,89.44,0.4945,0.1028,13.151,33.64
2024-01-08,46951.04,2330.44,0.5776,303.7,97.88,0.5412,0.1042,14.139,36.08
2024-01-09,46110.0,2344.29,0.5669,301.1,99.36,0.5124,0.10277,13.716,34.65
2024-01-10,46653.99,2584.38,0.6008,305.8,102.0,0.566,0.10524,15.072,38.53
2024-01-11,46339.16,2618.01,0.6019,308.2,99.9,0.582,0.10619,15.022,39.29
2024-01-12,42782.73,2522.54,0.5699,296.6,92.12,0.5476,0.10684,14.151,35.93
2024-01-13,42847.99,2578.19,0.5747,302.2,95.85,0.5491,0.11424,14.345,36.49
2024-01-14,41732.35,2472.87,0.5763,299.5,93.81,0.5251,0.11121,14.755,35.29
2024-01-15,42511.1,2511.78,0.5757,317.5,94.36,0.5276,0.10865,15.185,35.61
2024-01-16,43137.95,2587.4,0.5757,315.2,97.61,0.5356,0.10807,15.271,35.57
2024-01-17,42776.1,2530.19,0.5685,309.4,102.1,0.5282,0.10838,15.761,36.06
2024-01-18,41327.5,2470.81,0.552,313.0,94.4,0.5026,0.10813,14.658,33.59
2024-01-19,41659.03,2492.0,0.5443,314.7,93.62,0.5044,0.1105,16.118,32.73
2024-01-20,41696.04,2472.01,0.5534,317.2,92.88,0.516,0.11006,15.781,32.89
2024-01-21,41580.33,2457.05,0.5464,318.6,91.09,0.5032,0.10895,15.396,32.54
2024-01-22,39568.02,2314.2,0.5275,305.9,83.84,0.4786,0.10931,14.598,29.53
2024-01-23,39897.6,2242.6,0.5183,298.8,84.35,0.4773,0.10722,14.3,30.63
2024-01-24,40084.88,2235.02,0.5181,293.1,88.77,0.4765,0.10882,14.243,31.2
2024-01-25,39961.09,2218.64,0.5138,292.1,86.91,0.4666,0.11212,13.744,30.51
2024-01-26,41823.51,2267.68,0.5323,302.2,92.28,0.4849,0.11448,14.187,32.26
2024-01-27,42120.63,2267.94,0.5303,305.6,94.28,0.4862,0.11244,14.345,33.28
2024-01-28,42031.06,2256.9,0.5241,305.3,95.98,0.4903,0.11224,14.48,34.82
2024-01-29,43302.7,2317.6,0.5352,310.7,101.68,0.526,0.11304,15.004,36.06
2024-01-30,42941.1,2343.01,0.5107,307.6,101.4,0.5136,0.11206,15.475,35.22
2024-01-31,42580.0,2283.14,0.5033,300.5,96.96,0.4976,0.11226,15.429,33.17
2024-02-01,43082.94,2304.28,0.5058,300.2,97.81,0.5078,0.11564,17.19,33.85
2024-02-02,43200.0,2309.06,0.5105,301.4,100.58,0.5146,0.11629,17.828,36.76
2024-02-03,43011.09,2296.49,0.5186,299.7,97.96,0.5124,0.11724,17.658,35.95
2024-02-04,42582.88,2289.79,0.5032,304.7,95.49,0.4934,0.11843,18.153,34.87
2024-02-05,42708.7,2301.83,0.5069,301.2,95.66,0.4944,0.11898,19.164,34.55
2024-02-06,43098.95,2372.64,0.505,302.7,96.88,0.4983,0.12101,18.287,34.16
2024-02-07,44349.6,2425.1,0.5138,307.3,101.14,0.5022,0.1236,18.817,35.28
2024-02-08,45288.65,2419.55,0.5147,319.2,102.76,0.5304,0.12189,18.212,35.42
2024-02-09,47132.77,2486.56,0.5262,324.0,106.94,0.5407,0.1237,18.47,38.0
2024-02-10,47751.09,2500.24,0.5239,323.0,109.01,0.5515,0.12436,19.084,40.2
2024-02-11,48299.99,2507.21,0.5261,320.7,107.46,0.5414,0.12422,20.146,39.72
2024-02-12,49917.27,2659.99,0.5315,327.8,111.64,0.5592,0.125,20.465,40.97
2024-02-13,49699.59,2639.99,0.5247,324.7,112.48,0.5449,0.12687,19.87,39.74
2024-02-14,51795.17,2774.81,0.5378,333.9,116.97,0.5768,0.12956,20.24,42.22
2024-02-15,51880.0,2822.59,0.5622,354.2,113.5,0.6087,0.13104,19.932,41.55
2024-02-16,52124.11,2801.8,0.5643,360.4,110.33,0.5986,0.13282,19.551,40.26
2024-02-17,51642.64,2785.93,0.5496,352.9,108.92,0.6096,0.1359,20.032,39.76
2024-02-18,52137.67,2881.2,0.5571,349.8,112.24,0.6193,0.13518,20.119,40.29
2024-02-19,51774.73,2944.8,0.5626,351.6,111.53,0.6308,0.13636,19.832,39.51
2024-02-20,52258.82,3014.81,0.5622,354.6,108.31,0.6216,0.13921,19.281,38.49
2024-02-21,51849.39,2967.9,0.5491,379.2,105.03,0.5988,0.13971,18.594,37.61
2024-02-22,51288.42,2971.4,0.541,382.6,101.76,0.5858,0.13901,18.121,36.78
2024-02-23,50744.15,2922.24,0.5342,375.5,99.9,0.5824,0.13817,17.935,35.92
2024-02-24,51568.22,2992.62,0.545,381.7,104.01,0.5969,0.13742,18.533,36.76
2024-02-25,51728.85,3112.59,0.5425,388.5,103.47,0.5914,0.13765,18.722,37.46
2024-02-26,54476.47,3175.94,0.5506,401.6,109.9,0.6191,0.13983,19.083,39.29
2024-02-27,57037.34,3242.36,0.5861,394.6,108.36,0.6239,0.14288,19.023,39.26
2024-02-28,62432.1,3383.1,0.575,414.6,119.03,0.6287,0.14214,19.43,40.33
2024-02-29,61130.98,3340.09,0.5867,399.4,125.68,0.6547,0.14049,19.274,40.97
2024-03-01,62387.9,3433.43,0.6013,407.4,129.43,0.7195,0.14148,20.051,42.67
2024-03-02,61987.28,3421.4,0.6442,410.9,130.02,0.7416,0.1412,21.398,44.35
2024-03-03,63113.97,3487.81,0.6271,414.5,130.16,0.7279,0.14065,20.507,42.58
2024-03-04,68245.71,3627.76,0.6477,418.4,133.27,0.7701,0.14026,20.416,43.08
2024-03-05,63724.01,3553.65,0.5912,394.1,125.31,0.6923,0.13585,18.973,39.43
2024-03-06,66074.04,3818.59,0.6121,429.4,130.79,0.7349,0.13775,20.085,41.56
2024-03-07,66823.17,3868.76,0.627,474.6,143.82,0.7427,0.13709,20.091,43.2
2024-03-08,68124.19,3883.36,0.62,485.8,144.79,0.7228,0.13662,19.699,42.61
2024-03-09,68313.27,3905.21,0.6197,488.3,144.29,0.7416,0.13579,19.972,42.92
2024-03-10,68955.88,3878.47,0.608,528.9,144.39,0.7166,0.13377,21.68,42.05
2024-03-11,72078.1,4064.8,0.723,523.0,148.83,0.7754,0.13372,21.277,49.09
2024-03-12,71452.01,3979.96,0.688,537.5,151.05,0.7481,0.13142,20.704,55.48
2024-03-13,73072.41,4004.79,0.6891,630.5,163.9,0.7638,0.13194,20.751,54.79
2024-03-14,71388.94,3881.7,0.669,603.2,176.65,0.7509,0.12913,20.88,53.95
2024-03-15,69499.85,3742.19,0.6342,632.7,183.95,0.7274,0.12633,19.63,58.36
2024-03-16,65300.63,3523.09,0.6031,576.4,182.05,0.6591,0.12527,18.115,53.44
2024-03-17,68393.48,3644.71,0.6191,571.7,201.86,0.6814,0.12624,18.666,58.45
2024-03-18,67609.99,3520.46,0.6453,555.4,195.92,0.6603,0.12408,18.301,60.65
2024-03-19,61937.4,3158.64,0.5845,507.7,169.82,0.5864,0.11244,16.805,53.63
2024-03-20,67840.51,3516.53,0.6107,556.8,191.77,0.6396,0.12071,18.412,57.06
2024-03-21,65501.27,3492.85,0.6404,553.8,179.46,0.6318,0.12115,18.458,53.82
2024-03-22,63796.64,3336.35,0.6115,553.8,175.21,0.6147,0.11737,18.367,53.44
2024-03-23,63990.01,3329.53,0.6167,551.9,172.65,0.6232,0.11823,18.063,53.45
2024-03-24,67209.99,3454.98,0.6325,567.7,183.88,0.6468,0.12014,18.518,55.68
2024-03-25,69880.01,3590.42,0.6406,587.0,188.99,0.6567,0.12043,19.375,57.76
2024-03-26,69988.0,3587.33,0.6317,580.4,190.46,0.665,0.12079,20.007,55.78
2024-03-27,69469.99,3501.19,0.6118,574.3,186.33,0.6478,0.11933,19.289,54.1
2024-03-28,70780.6,3560.49,0.6244,583.4,189.63,0.6511,0.12044,19.148,54.63
2024-03-29,69850.54,3509.74,0.6301,612.5,192.01,0.6643,0.11989,18.967,53.33
2024-03-30,69582.18,3505.64,0.6212,600.7,194.2,0.6436,0.12256,18.933,52.93
2024-03-31,71280.01,3645.29,0.6292,606.7,202.45,0.6501,0.12296,19.171,54.06
2024-04-01,69649.8,3503.8,0.611,575.8,192.24,0.6212,0.12051,18.358,51.38
2024-04-02,65463.99,3278.96,0.5854,551.4,181.53,0.5807,0.11662,17.952,46.86
2024-04-03,65963.28,3310.83,0.5742,561.5,185.05,0.5693,0.11712,17.687,45.89
2024-04-04,68487.79,3327.4,0.5935,585.5,184.0,0.5831,0.11915,17.791,46.5
2024-04-05,67820.62,3317.85,0.5871,577.8,174.37,0.5741,0.1179,17.325,45.3
2024-04-06,68896.0,3351.59,0.593,585.4,178.68,0.5836,0.11959,17.559,48.19
2024-04-07,69360.39,3454.2,0.5944,583.9,179.52,0.5892,0.12056,17.913,49.32
2024-04-08,71620.0,3694.61,0.6147,586.4,180.68,0.6137,0.12303,18.101,49.86
2024-04-09,69146.0,3506.39,0.6141,580.5,172.42,0.5912,0.12109,17.362,46.47
2024-04-10,70631.08,3545.64,0.6172,609.7,173.31,0.5862,0.1191,17.417,47.3
2024-04-11,70006.23,3502.52,0.6086,604.6,172.37,0.5858,0.1203,17.555,46.01
2024-04-12,67116.52,3237.43,0.5468,595.6,153.16,0.5027,0.1148,15.156,39.34
2024-04-13,63924.51,3007.01,0.4788,553.1,138.47,0.4449,0.11006,13.288,33.89
2024-04-14,65661.84,3155.11,0.5033,566.4,151.25,0.4673,0.11243,14.098,37.27
2024-04-15,63419.99,3101.99,0.4977,552.7,138.51,0.461,0.11146,13.58,35.16
2024-04-16,63793.39,3084.22,0.4965,537.6,136.22,0.4583,0.1118,13.46,34.76
2024-04-17,61277.37,2985.41,0.4951,534.1,131.84,0.444,0.10971,13.133,33.58
2024-04-18,63470.08,3064.4,0.5025,552.1,142.07,0.458,0.10925,13.887,34.85
2024-04-19,63818.01,3056.46,0.503,554.0,142.5,0.4682,0.10989,13.946,34.67
2024-04-20,64940.59,3155.79,0.5288,570.9,151.22,0.5072,0.11105,14.959,38.31
2024-04-21,64941.15,3147.67,0.5246,579.6,148.8,0.4993,0.11132,15.105,37.15
2024-04-22,66819.32,3200.2,0.556,604.5,156.95,0.5167,0.11223,15.445,39.19
2024-04-23,66414.0,3219.46,0.5445,606.2,154.75,0.5,0.11322,15.178,38.3
2024-04-24,64289.59,3140.8,0.5275,608.8,147.78,0.4746,0.11329,14.536,36.37
2024-04-25,64498.34,3155.8,0.5254,613.2,144.84,0.4705,0.11722,14.593,35.59
2024-04-26,63770.01,3131.3,0.5261,598.0,139.23,0.4631,0.12014,14.49,34.42
2024-04-27,63461.98,3255.56,0.5179,596.2,141.31,0.4675,0.11975,14.267,34.47
2024-04-28,63118.62,3263.45,0.5103,600.2,137.99,0.4603,0.12124,13.809,33.95
2024-04-29,63866.0,3216.73,0.5151,592.8,137.77,0.4571,0.11901,14.074,35.28
2024-04-30,60672.0,3014.05,0.5006,578.4,126.77,0.4412,0.11956,13.129,32.71
2024-05-01,58364.97,2972.46,0.5175,561.8,134.64,0.4501,0.12045,13.347,33.33
2024-05-02,59060.61,2986.19,0.518,560.5,137.58,0.4578,0.12226,13.59,33.58
2024-05-03,62882.01,3102.61,0.5317,587.0,143.69,0.4673,0.1227,14.093,35.54
2024-05-04,63892.04,3117.23,0.5302,585.7,146.05,0.4633,0.12226,14.316,37.36
2024-05-05,64012.0,3136.41,0.5296,592.0,145.73,0.458,0.12107,14.371,37.35
2024-05-06,63165.19,3062.6,0.5402,588.2,152.82,0.4541,0.11864,14.484,37.11
2024-05-07,62312.08,3005.69,0.5245,576.5,148.03,0.4414,0.12051,13.997,35.31
2024-05-08,61193.03,2974.21,0.5171,588.6,142.18,0.4518,0.12293,13.9,34.02
2024-05-09,63074.01,3036.23,0.5209,596.8,152.57,0.4635,0.1262,14.237,35.07
2024-05-10,60799.99,2909.99,0.5022,585.6,146.01,0.4479,0.12741,13.564,33.71
2024-05-11,60825.99,2912.45,0.5059,592.2,145.42,0.439,0.12638,13.306,33.49
2024-05-12,61483.99,2929.29,0.4993,594.8,143.43,0.4377,0.12738,13.559,33.14
2024-05-13,62940.08,2950.99,0.5053,591.7,147.54,0.4368,0.12561,13.393,32.46
2024-05-14,61577.49,2881.93,0.5002,567.1,142.03,0.4285,0.12546,12.98,31.58
2024-05-15,66206.5,3032.55,0.5188,581.0,158.52,0.4524,0.12633,13.865,34.66
2024-05-16,65235.21,2944.7,0.5157,569.2,159.37,0.4597,0.125,15.516,34.46
2024-05-17,67024.0,3092.01,0.5234,580.9,169.44,0.4824,0.12434,16.231,36.43
2024-05-18,66915.2,3122.94,0.5213,580.3,172.4,0.482,0.12299,16.329,37.24
2024-05-19,66274.01,3071.19,0.5096,574.5,169.93,0.4672,0.12117,16.56,35.6
2024-05-20,71446.62,3661.78,0.5377,599.6,186.7,0.502,0.12442,17.262,40.13
2024-05-21,70148.34,3789.6,0.537,618.5,178.15,0.4946,0.12361,16.739,41.2
2024-05-22,69166.62,3737.73,0.5268,614.8,176.95,0.4835,0.12007,16.354,40.0
2024-05-23,67969.65,3783.61,0.5289,599.3,176.16,0.4656,0.11532,16.596,38.52
2024-05-24,68549.99,3728.28,0.536,600.3,167.7,0.4601,0.11547,17.25,38.01
2024-05-25,69290.57,3749.26,0.5416,602.4,168.35,0.4623,0.11378,17.443,38.28
2024-05-26,68507.67,3826.47,0.5283,600.2,163.41,0.4581,0.11311,17.042,36.76
2024-05-27,69436.43,3894.22,0.534,603.9,170.15,0.4683,0.1125,18.786,38.26
2024-05-28,68398.39,3844.69,0.5287,601.7,168.68,0.4576,0.11118,18.528,37.02
2024-05-29,67652.42,3767.43,0.5238,595.7,168.32,0.4512,0.1121,18.453,36.2
2024-05-30,68352.17,3747.91,0.5186,595.1,166.88,0.4465,0.11198,17.944,35.98
2024-05-31,67540.01,3762.29,0.5176,593.7,165.65,0.447,0.11213,18.414,36.02
2024-06-01,67766.85,3815.82,0.5187,601.9,166.14,0.4499,0.11262,18.443,35.76
2024-06-02,67765.63,3780.91,0.5135,602.9,163.15,0.4465,0.11477,18.143,34.91
2024-06-03,68809.9,3767.06,0.5199,626.4,164.89,0.4573,0.11338,17.629,35.03
2024-06-04,70537.84,3810.23,0.5257,685.7,171.78,0.4615,0.11446,17.716,36.06
2024-06-05,71108.0,3865.99,0.5258,698.8,173.54,0.4613,0.11459,17.741,36.57
2024-06-06,70799.06,3813.46,0.5215,711.2,170.15,0.4582,0.11479,17.248,35.89
2024-06-07,69355.6,3678.32,0.4991,684.0,162.5,0.4492,0.11268,16.318,33.51
2024-06-08,69310.46,3681.57,0.4926,682.7,157.83,0.4368,0.11479,15.928,32.27
2024-06-09,69648.14,3706.4,0.4986,673.0,162.12,0.4442,0.11688,16.372,32.98
2024-06-10,69540.0,3667.85,0.4969,625.1,159.05,0.4406,0.11763,15.905,32.28
2024-06-11,67314.24,3497.33,0.4802,602.5,149.31,0.422,0.11658,14.988,31.55
2024-06-12,68263.99,3560.12,0.4916,619.4,155.22,0.4378,0.11649,16.006,33.27
2024-06-13,66773.01,3469.4,0.4769,599.8,147.29,0.421,0.11696,15.141,30.99
2024-06-14,66043.99,3481.8,0.4746,603.3,143.05,0.412,0.1165,14.744,30.29
2024-06-15,66228.25,3568.74,0.4908,608.2,145.52,0.414,0.1153,14.857,30.01
2024-06-16,66676.87,3624.41,0.4891,610.8,151.3,0.4168,0.1173,15.144,30.08
2024-06-17,66504.33,3511.46,0.5047,604.3,143.27,0.4013,0.11678,14.523,28.47
2024-06-18,65175.32,3483.42,0.491,588.6,137.41,0.3837,0.11544,13.986,26.6
2024-06-19,64974.37,3560.51,0.4933,599.3,135.62,0.3844,0.11582,14.345,26.94
2024-06-20,64869.99,3513.08,0.4888,587.7,133.55,0.3844,0.11679,14.255,27.58
2024-06-21,64143.56,3518.5,0.4889,586.1,134.6,0.376,0.11835,13.848,27.48
2024-06-22,64262.01,3495.75,0.4866,591.1,133.69,0.3846,0.11966,13.482,25.61
2024-06-23,63210.01,3420.91,0.4797,577.5,128.69,0.38,0.11924,13.194,25.09
2024-06-24,60293.3,3352.73,0.474,568.1,132.33,0.3777,0.11909,13.617,24.8
2024-06-25,61806.01,3394.91,0.4757,578.2,136.58,0.3918,0.12189,14.198,25.4
2024-06-26,60864.99,3371.44,0.4698,573.0,136.81,0.385,0.12268,13.915,25.82
2024-06-27,61706.47,3450.44,0.4753,581.7,149.71,0.3913,0.12201,14.433,27.91
2024-06-28,60427.84,3380.15,0.4716,567.4,140.03,0.3858,0.12321,13.778,27.96
2024-06-29,60986.68,3378.8,0.4727,570.0,140.28,0.3841,0.12553,13.543,27.76
2024-06-30,62772.01,3438.16,0.4761,582.2,146.61,0.3924,0.1247,14.281,29.36
2024-07-01,62899.99,3442.2,0.477,576.9,146.67,0.4032,0.12781,14.338,28.83
2024-07-02,62135.47,3421.35,0.4853,580.1,154.03,0.4184,0.12923,14.415,28.71
2024-07-03,60208.58,3295.48,0.4672,556.7,140.84,0.4069,0.1287,13.589,26.51
2024-07-04,57050.01,3059.7,0.4329,513.6,127.86,0.3623,0.1272,12.538,24.44
2024-07-05,56628.79,2981.78,0.4251,497.7,134.32,0.3501,0.12684,12.311,25.13
2024-07-06,58230.13,3066.83,0.4488,526.0,143.05,0.3707,0.12991,13.18,27.41
2024-07-07,55857.81,2931.0,0.4195,490.7,131.64,0.3466,0.12466,12.352,25.75
2024-07-08,56714.62,3019.01,0.4316,510.6,139.81,0.3691,0.12612,13.121,25.21
2024-07-09,58050.0,3066.65,0.4356,516.9,141.42,0.3754,0.12996,12.841,26.43
2024-07-10,57725.85,3101.05,0.4388,524.7,141.98,0.3885,0.13147,12.79,25.75
2024-07-11,57339.89,3099.57,0.4491,524.8,135.73,0.3959,0.13435,12.347,25.21
2024-07-12,57889.1,3133.88,0.4745,533.8,139.46,0.4165,0.13727,12.74,25.96
2024-07-13,59204.02,3175.93,0.5257,532.4,141.9,0.4416,0.13946,13.021,25.86
2024-07-14,60797.91,3245.08,0.5205,544.8,147.66,0.4317,0.13761,13.448,26.35
2024-07-15,64724.14,3483.39,0.5372,585.3,159.38,0.4449,0.1373,14.394,27.82
2024-07-16,65043.99,3444.13,0.5793,576.2,160.62,0.4381,0.13402,14.206,28.01
2024-07-17,64087.99,3387.05,0.626,568.9,155.5,0.4359,0.13358,13.737,27.24
2024-07-18,63987.92,3426.5,0.5697,571.9,159.22,0.4234,0.13449,13.593,27.14
2024-07-19,66660.0,3503.53,0.5733,593.4,169.13,0.439,0.13466,14.076,28.16
2024-07-20,67139.96,3517.5,0.5937,593.1,173.6,0.4373,0.13468,14.247,29.11
2024-07-21,68165.34,3535.92,0.5984,602.5,184.49,0.4469,0.13431,14.816,32.64
2024-07-22,67532.01,3439.6,0.608,587.2,178.9,0.4262,0.1324,13.93,31.87
2024-07-23,65936.01,3482.51,0.5975,581.9,173.03,0.41,0.134,13.91,29.82
2024-07-24,65376.0,3335.81,0.6179,574.9,178.06,0.4063,0.1343,13.4,28.38
2024-07-25,65799.95,3175.48,0.5996,570.6,171.85,0.3948,0.1356,12.94,27.24
2024-07-26,67907.99,3274.61,0.6034,580.9,183.06,0.4172,0.1375,13.53,28.72
2024-07-27,67896.5,3249.01,0.5956,581.6,183.92,0.4176,0.1372,13.54,28.04
2024-07-28,68249.88,3270.16,0.6012,583.9,184.9,0.4073,0.1386,13.3,27.4
2024-07-29,66784.69,3317.66,0.6019,574.3,182.57,0.4031,0.1375,13.53,27.01
2024-07-30,66188.0,3279.21,0.6277,588.2,179.16,0.4015,0.133,13.14,26.33
2024-07-31,64628.0,3232.74,0.623,576.5,171.71,0.3882,0.1287,12.83,25.7
2024-08-01,65354.02,3203.4,0.5964,575.1,167.37,0.3925,0.1283,12.88,25.71
2024-08-02,61498.33,2989.61,0.5607,542.9,152.77,0.3636,0.1236,11.93,23.6
2024-08-03,60697.99,2903.64,0.5558,529.6,142.52,0.3646,0.1255,11.68,22.67
2024-08-04,58161.0,2688.92,0.5228,496.9,138.33,0.3442,0.1264,10.88,21.25
2024-08-05,54018.81,2419.59,0.4889,464.2,129.78,0.3119,0.1215,9.49,19.54
2024-08-06,56022.01,2461.33,0.5062,484.8,144.4,0.331,0.1234,10.07,20.89
2024-08-07,55134.16,2342.8,0.6002,475.0,144.77,0.3241,0.1247,9.48,19.85
2024-08-08,61685.99,2682.5,0.6166,517.1,163.13,0.3516,0.127,10.75,22.73
2024-08-09,60837.99,2598.78,0.5805,508.7,156.28,0.3483,0.1283,10.53,21.74
2024-08-10,60923.51,2609.92,0.5841,523.1,154.01,0.3457,0.1291,10.55,21.59
2024-08-11,58712.59,2555.38,0.5528,503.4,141.57,0.3276,0.1277,10.0,20.4
2024-08-12,59346.64,2722.3,0.5684,518.2,146.29,0.339,0.1267,10.56,21.26
2024-08-13,60587.15,2702.44,0.577,524.2,146.65,0.34,0.1287,10.58,21.37
2024-08-14,58683.39,2661.45,0.5687,523.4,143.71,0.3352,0.1304,10.39,20.95
2024-08-15,57541.06,2569.89,0.5607,519.2,142.58,0.3248,0.1302,10.17,20.14
2024-08-16,58874.6,2592.73,0.5638,519.7,139.04,0.3301,0.1341,10.12,20.36
2024-08-17,59491.99,2614.51,0.5665,541.6,141.93,0.3373,0.1349,10.16,20.7
2024-08-18,58427.35,2612.15,0.5631,531.2,142.42,0.3342,0.1351,10.09,20.82
2024-08-19,59438.5,2636.36,0.5985,558.4,144.29,0.3367,0.1432,10.19,21.21
2024-08-20,59013.8,2572.82,0.5937,569.4,142.27,0.3434,0.1613,10.23,22.26
2024-08-21,61156.03,2630.71,0.5999,570.1,142.79,0.3689,0.1539,11.22,23.53
2024-08-22,60375.84,2622.88,0.5976,582.9,143.22,0.3763,0.1554,11.48,25.22
2024-08-23,64037.24,2762.48,0.6109,591.7,153.26,0.3912,0.1583,12.05,26.49
2024-08-24,64157.01,2768.0,0.6127,580.5,160.67,0.3935,0.1589,12.35,27.11
2024-08-25,64220.0,2746.13,0.6,573.9,158.92,0.3849,0.1664,12.1,26.92
2024-08-26,62834.0,2680.49,0.5874,548.2,157.12,0.3661,0.1616,11.83,25.94
2024-08-27,59415.0,2457.33,0.5666,533.3,146.79,0.3503,0.1579,11.16,24.09
2024-08-28,59034.9,2528.33,0.5693,537.0,143.95,0.3502,0.1583,11.17,23.45
2024-08-29,59359.01,2527.61,0.5619,536.4,140.0,0.3578,0.1599,10.94,22.89
2024-08-30,59123.99,2526.0,0.5667,535.2,137.99,0.3469,0.16,11.11,23.29
2024-08-31,58973.99,2513.01,0.5662,532.9,135.35,0.345,0.1577,11.02,22.81
2024-09-01,57301.86,2425.72,0.5472,512.4,128.5,0.3311,0.1556,10.37,21.42
2024-09-02,59132.13,2538.01,0.5677,526.3,134.94,0.3362,0.1542,10.77,22.37
2024-09-03,57487.73,2425.29,0.5572,518.7,127.54,0.3185,0.1503,10.31,21.38
2024-09-04,57970.9,2450.71,0.5579,507.6,133.64,0.3231,0.15,10.34,21.9
2024-09-05,56180.0,2368.81,0.5444,502.4,129.41,0.3251,0.1498,10.03,21.38
2024-09-06,53962.97,2225.23,0.5211,487.2,125.05,0.3148,0.1478,9.57,21.17
2024-09-07,54160.86,2273.58,0.5248,493.5,127.71,0.3253,0.1515,10.03,21.8
2024-09-08,54869.95,2297.3,0.5295,503.1,130.15,0.339,0.1532,10.35,23.25
2024-09-09,57042.0,2359.5,0.5395,518.7,135.08,0.3435,0.1546,10.53,23.84
2024-09-10,57635.99,2388.52,0.5408,517.0,135.63,0.3431,0.1531,10.58,24.36
2024-09-11,57338.0,2340.55,0.5348,530.1,132.42,0.3532,0.1534,10.4,23.28
2024-09-12,58132.32,2361.76,0.5626,544.5,136.05,0.3564,0.152,10.78,24.02
2024-09-13,60498.0,2439.19,0.5728,556.4,139.02,0.3606,0.149,11.45,24.91
2024-09-14,59993.03,2417.79,0.5956,553.3,137.14,0.3539,0.1475,11.29,25.32
2024-09-15,59132.0,2316.1,0.5706,553.4,131.37,0.3385,0.149,10.81,23.8
2024-09-16,58213.99,2295.68,0.5866,533.7,131.47,0.3303,0.1489,10.54,23.52
2024-09-17,60313.99,2341.8,0.5839,546.2,131.54,0.3338,0.15,10.63,23.77
2024-09-18,61759.99,2374.75,0.5852,559.5,134.34,0.3441,0.1496,10.89,24.68
2024-09-19,62947.99,2465.21,0.5868,567.0,142.89,0.351,0.1515,11.21,26.66
2024-09-20,63201.05,2561.4,0.5851,569.0,146.66,0.3522,0.152,11.44,27.67
2024-09-21,63348.96,2612.4,0.5976,588.6,149.41,0.3584,0.152,11.5,27.79
2024-09-22,63578.76,2581.0,0.5871,588.7,144.63,0.3517,0.1517,11.13,27.29
2024-09-23,63339.99,2646.97,0.5847,604.5,144.79,0.3637,0.1523,11.39,27.39
2024-09-24,64262.7,2653.2,0.5911,605.9,152.73,0.3878,0.1513,12.15,28.46
2024-09-25,63152.01,2579.95,0.5831,587.4,147.98,0.3809,0.15,12.11,27.28
2024-09-26,65173.99,2632.26,0.5905,596.3,155.55,0.4014,0.1532,12.56,29.16
2024-09-27,65769.95,2694.43,0.5888,606.8,157.64,0.4017,0.1552,12.67,30.43
2024-09-28,65858.0,2675.21,0.6138,601.1,156.75,0.4006,0.1551,12.95,29.28
2024-09-29,65602.01,2657.62,0.6412,595.6,158.46,0.3975,0.1565,12.46,29.04
2024-09-30,63327.59,2602.23,0.6114,567.4,152.49,0.3733,0.156,11.85,27.71
2024-10-01,60805.78,2447.79,0.5967,547.3,145.13,0.352,0.1536,11.01,25.82
2024-10-02,60649.28,2364.1,0.5383,542.5,140.18,0.3432,0.1544,10.66,25.33
2024-10-03,60752.71,2349.8,0.5217,544.8,136.82,0.3453,0.1577,10.66,24.66
2024-10-04,62086.0,2414.41,0.534,555.3,143.24,0.3517,0.1565,11.08,26.27
2024-10-05,62058.0,2414.66,0.5294,563.0,142.59,0.351,0.1535,11.27,25.67
2024-10-06,62819.91,2440.03,0.5336,570.3,146.48,0.3575,0.1543,11.27,26.94
2024-10-07,62224.0,2422.71,0.5286,564.3,143.96,0.3512,0.1559,11.16,26.56
2024-10-08,62160.49,2440.89,0.531,580.8,143.49,0.3448,0.16,10.82,26.34
2024-10-09,60636.02,2370.47,0.5245,570.7,139.33,0.3396,0.1605,10.53,25.76
2024-10-10,60326.39,2386.49,0.5305,563.9,139.03,0.3396,0.1588,10.56,25.86
2024-10-11,62540.0,2439.5,0.5388,573.6,145.53,0.3517,0.1598,10.91,27.45
2024-10-12,63206.22,2476.4,0.5393,576.6,146.4,0.3532,0.1625,11.01,28.64
2024-10-13,62870.02,2468.91,0.5321,572.2,147.74,0.3486,0.1626,10.75,29.06
2024-10-14,66083.99,2629.79,0.5483,589.1,157.59,0.3643,0.1606,11.28,29.07
2024-10-15,67074.14,2607.41,0.5417,594.5,154.76,0.3591,0.1588,11.45,28.21
2024-10-16,67620.01,2611.1,0.5482,600.9,154.28,0.3521,0.1601,11.24,28.02
2024-10-17,67421.78,2605.8,0.5441,592.9,150.5,0.3432,0.1594,11.03,27.31
2024-10-18,68428.0,2642.17,0.5465,599.2,154.94,0.3507,0.1585,11.48,28.1
2024-10-19,68378.0,2648.2,0.544,597.7,159.79,0.3513,0.1567,11.42,28.1
2024-10-20,69031.99,2746.91,0.5482,605.9,167.4,0.3649,0.1567,11.98,28.96
2024-10-21,67377.5,2666.7,0.5449,598.8,166.17,0.3609,0.1584,11.71,27.75
2024-10-22,67426.0,2622.81,0.5339,593.8,167.59,0.3645,0.1603,11.97,27.64
2024-10-23,66668.65,2524.61,0.5258,584.9,170.85,0.3497,0.1603,11.32,26.75
2024-10-24,68198.28,2535.82,0.532,594.5,177.19,0.3465,0.1646,11.62,26.83
2024-10-25,66698.33,2440.62,0.5022,575.3,164.9,0.3261,0.1626,11.13,24.93
2024-10-26,67092.76,2482.51,0.5134,583.4,170.88,0.3337,0.1652,11.01,25.41
2024-10-27,68021.7,2507.8,0.5168,589.2,176.63,0.3399,0.164,10.99,25.77
2024-10-28,69962.21,2567.48,0.5195,601.1,178.29,0.3437,0.1642,11.18,26.25
2024-10-29,72736.42,2638.8,0.5284,606.3,179.42,0.3561,0.1663,11.8,26.88
2024-10-30,72344.74,2659.19,0.5229,595.6,174.87,0.355,0.1692,12.39,26.18
2024-10-31,70292.01,2518.61,0.5095,576.6,168.69,0.3418,0.1684,11.41,25.03
2024-11-01,69496.01,2511.49,0.5131,573.1,166.1,0.3575,0.1674,11.25,24.78
2024-11-02,69374.74,2494.23,0.5103,568.6,166.17,0.3482,0.1661,11.19,24.12
2024-11-03,68775.99,2457.73,0.503,557.7,162.53,0.3341,0.1651,10.76,23.54
2024-11-04,67850.01,2398.21,0.5035,552.5,157.95,0.3263,0.1629,10.26,22.72
2024-11-05,69372.01,2422.55,0.514,563.21,166.62,0.3336,0.1602,10.83,23.99
2024-11-06,75571.99,2721.87,0.5418,592.22,186.59,0.363,0.1625,12.17,27.01
2024-11-07,75857.89,2895.47,0.5556,598.26,196.35,0.4065,0.1601,12.59,27.38
2024-11-08,76509.78,2961.75,0.5537,597.82,199.85,0.4447,0.1609,13.69,28.78
2024-11-09,76677.46,3126.21,0.5593,624.66,199.89,0.4967,0.1621,13.78,30.36
2024-11-10,80370.01,3183.21,0.5884,627.33,210.07,0.5901,0.1639,14.25,31.89
2024-11-11,88647.99,3371.59,0.6207,659.63,222.13,0.6132,0.1677,14.91,35.71
2024-11-12,87952.01,3243.8,0.704,625.33,211.64,0.5709,0.1873,13.95,33.96
2024-11-13,90375.2,3187.16,0.6898,620.68,215.13,0.5783,0.177,13.48,33.12
2024-11-14,87325.59,3058.82,0.7736,622.3,209.57,0.5792,0.1765,13.0,31.21
2024-11-15,91032.07,3090.01,0.8922,619.37,218.45,0.7071,0.1912,13.84,33.13
2024-11-16,90586.92,3132.87,1.1209,622.69,215.71,0.7416,0.2002,14.52,35.14
2024-11-17,89855.99,3076.0,1.0543,618.9,237.47,0.7026,0.1993,13.78,34.71
2024-11-18,90464.08,3207.8,1.1137,618.93,239.79,0.7325,0.2022,15.26,35.48
2024-11-19,92310.79,3107.44,1.1003,615.5,237.63,0.7387,0.1995,14.62,34.2
2024-11-20,94286.56,3069.97,1.1041,605.39,235.48,0.8003,0.1947,14.24,33.59
2024-11-21,98317.12,3355.81,1.247,621.86,256.37,0.8218,0.1985,14.89,35.84
2024-11-22,98892.0,3327.78,1.4726,633.0,256.9,1.0175,0.2048,16.57,43.17
2024-11-23,97672.4,3393.91,1.4685,650.42,254.89,1.0658,0.212,17.38,41.44
2024-11-24,97900.04,3361.2,1.4331,659.65,252.73,1.0226,0.2085,17.91,42.06
2024-11-25,93010.01,3414.49,1.4142,636.2,234.18,0.9435,0.1959,17.34,41.31
2024-11-26,91965.16,3324.73,1.3984,613.51,230.69,0.9603,0.1944,17.34,42.72
2024-11-27,95863.11,3653.28,1.4696,644.14,241.96,1.0116,0.2011,18.66,43.78
2024-11-28,95643.98,3578.79,1.5421,653.83,237.59,1.0321,0.2032,17.93,42.77
2024-11-29,97460.0,3592.21,1.8006,654.67,243.33,1.0755,0.2044,18.24,44.86
2024-11-30,96407.99,3703.6,1.9513,653.43,237.6,1.079,0.2049,19.0,44.81
2024-12-01,97185.18,3707.61,2.2937,655.99,236.8,1.1496,0.2072,18.92,45.09
2024-12-02,95840.62,3643.42,2.7245,647.82,225.72,1.2022,0.221,25.23,52.27
2024-12-03,95849.69,3614.51,2.5102,734.64,233.92,1.1914,0.4334,24.09,50.9
2024-12-04,98587.32,3837.8,2.3574,739.53,229.15,1.1871,0.3306,24.07,52.76
2024-12-05,96945.63,3785.2,2.2446,717.1,235.84,1.1597,0.3223,23.15,50.3
2024-12-06,99740.84,3998.87,2.4257,730.22,236.87,1.2278,0.3255,25.87,52.47
2024-12-07,99831.99,3996.22,2.6099,749.72,238.14,1.2103,0.3188,24.79,51.6
2024-12-08,101109.59,4004.15,2.6013,742.0,237.02,1.1936,0.3183,26.09,53.98
2024-12-09,97276.47,3712.0,2.2124,689.19,216.63,1.0034,0.2629,22.25,45.02
2024-12-10,96593.0,3628.25,2.3709,676.8,213.6,1.0215,0.2694,22.12,44.6
2024-12-11,101125.0,3831.81,2.3941,711.21,227.29,1.0868,0.2822,24.07,48.47
2024-12-12,100004.29,3881.61,2.3384,705.77,226.96,1.1231,0.2969,29.13,53.14
2024-12-13,101424.25,3906.8,2.4217,725.72,224.79,1.1213,0.2906,28.99,52.78
2024-12-14,101420.0,3870.29,2.4005,715.79,219.93,1.061,0.2823,29.12,49.85
2024-12-15,104463.99,3959.09,2.4469,718.87,224.27,1.0996,0.2856,29.26,50.76
2024-12-16,106058.66,3986.24,2.4841,720.58,216.19,1.0775,0.2967,28.73,48.98
2024-12-17,106133.74,3893.01,2.5673,717.69,223.15,1.0522,0.2796,27.86,47.92
2024-12-18,100204.01,3626.8,2.3103,686.38,206.53,0.9681,0.2581,24.86,42.78
2024-12-19,97461.86,3417.01,2.239,665.62,193.81,0.8806,0.2513,22.81,38.83
2024-12-20,97805.44,3472.21,2.2793,678.6,194.48,0.9501,0.2486,23.39,39.86
2024-12-21,97291.99,3338.92,2.238,663.49,181.45,0.9052,0.2449,22.13,37.42
2024-12-22,95186.27,3281.83,2.2031,649.77,180.52,0.8834,0.2442,22.08,36.57
2024-12-23,94881.47,3422.53,2.2617,694.16,190.11,0.9264,0.2526,24.55,39.11
2024-12-24,98663.58,3493.18,2.3238,696.9,197.09,0.9358,0.2564,25.42,41.25
2024-12-25,99429.6,3497.0,2.2973,702.72,197.44,0.9176,0.258,24.44,40.25
2024-12-26,95791.6,3335.05,2.1559,689.4,188.46,0.8611,0.2537,22.68,37.33
2024-12-27,94299.03,3333.51,2.1466,691.85,184.22,0.8771,0.2594,21.57,36.56
2024-12-28,95300.0,3404.0,2.1843,722.13,195.5,0.8895,0.2584,21.99,37.74
2024-12-29,93738.2,3356.48,2.0942,694.71,189.94,0.859,0.2578,20.96,35.84
2024-12-30,92792.05,3361.84,2.0587,705.36,191.38,0.8615,0.2534,20.58,35.97
2024-12-31,93576.0,3337.78,2.0836,702.3,189.31,0.8451,0.2548,20.01,35.71
2025-01-01,94591.79,3360.38,2.3328,707.84,194.28,0.9222,0.2559,21.73,37.78
