timestamp,open,high,low,close,volume,close_time,quote_av,trades,tb_base_av,tb_quote_av,ignore
2024-08-08 08:00:00,0.00007894,0.00011479,0.00007894,0.00010771,87138.87000000,1723118399999,9.36738230,6161,60225.47000000,6.46864403,0
2024-08-08 12:00:00,0.00010767,0.00010999,0.00010549,0.00010560,108030.04000000,1723132799999,11.66462597,6322,45636.50000000,4.92127002,0
2024-08-08 16:00:00,0.00010560,0.00010595,0.00010260,0.00010338,28122.00000000,1723147199999,2.93364517,1663,12265.61000000,1.27988127,0
2024-08-08 20:00:00,0.00010337,0.00010366,0.00009840,0.00010073,43047.99000000,1723161599999,4.33162637,2650,17167.27000000,1.72207061,0
2024-08-09 00:00:00,0.00010051,0.00010103,0.00009947,0.00010096,20226.65000000,1723175999999,2.02649077,768,9628.79000000,0.96451133,0
2024-08-09 04:00:00,0.00010106,0.00010791,0.00010106,0.00010540,60022.04000000,1723190399999,6.26597567,2659,34445.35000000,3.59204711,0
2024-08-09 08:00:00,0.00010517,0.00010755,0.00010492,0.00010517,37925.02000000,1723204799999,4.03808661,1385,25304.17000000,2.69562326,0
2024-08-09 12:00:00,0.00010522,0.00011350,0.00010522,0.00011273,126815.26000000,1723219199999,13.98328330,4365,104031.30000000,11.47783861,0
2024-08-09 16:00:00,0.00011271,0.00011350,0.00010808,0.00010850,29534.54000000,1723233599999,3.27551287,1412,13827.13000000,1.53740932,0
2024-08-09 20:00:00,0.00010856,0.00010926,0.00010723,0.00010870,12304.59000000,1723247999999,1.33584269,578,3876.74000000,0.42073686,0
2024-08-10 00:00:00,0.00010889,0.00011141,0.00010886,0.00011102,7753.93000000,1723262399999,0.85207582,575,4666.17000000,0.51212279,0
2024-08-10 04:00:00,0.00011097,0.00011162,0.00010996,0.00011025,16121.06000000,1723276799999,1.78121196,1144,3437.81000000,0.37990632,0
2024-08-10 08:00:00,0.00011033,0.00011260,0.00010967,0.00010967,31778.38000000,1723291199999,3.52934555,1739,13792.01000000,1.53172940,0
2024-08-10 12:00:00,0.00010985,0.00011098,0.00010911,0.00010924,7625.09000000,1723305599999,0.83887682,791,4894.84000000,0.53865971,0
2024-08-10 16:00:00,0.00010931,0.00011073,0.00010913,0.00010984,8924.45000000,1723319999999,0.98266503,785,6618.89000000,0.72970317,0
2024-08-10 20:00:00,0.00010984,0.00011022,0.00010920,0.00010952,5902.91000000,1723334399999,0.64927378,245,1236.75000000,0.13579676,0
2024-08-11 00:00:00,0.00010959,0.00011011,0.00010867,0.00010935,6896.46000000,1723348799999,0.75432520,305,2181.38000000,0.23864592,0
2024-08-11 04:00:00,0.00010931,0.00010956,0.00010742,0.00010761,18329.37000000,1723363199999,1.99849695,767,14576.05000000,1.59239475,0
2024-08-11 08:00:00,0.00010758,0.00010808,0.00010595,0.00010681,25436.14000000,1723377599999,2.72821882,1241,11938.98000000,1.28214818,0
2024-08-11 12:00:00,0.00010671,0.00010740,0.00010453,0.00010469,13088.57000000,1723391999999,1.38170217,563,8447.20000000,0.88959361,0
2024-08-11 16:00:00,0.00010471,0.00010559,0.00010405,0.00010435,10355.87000000,1723406399999,1.08332206,477,5978.34000000,0.62506018,0
2024-08-11 20:00:00,0.00010423,0.00010605,0.00010423,0.00010574,7307.18000000,1723420799999,0.76910041,451,5068.05000000,0.53323549,0
2024-08-12 00:00:00,0.00010553,0.00010649,0.00010500,0.00010541,2633.94000000,1723435199999,0.27823098,253,1534.30000000,0.16204913,0
2024-08-12 04:00:00,0.00010504,0.00010762,0.00010365,0.00010730,12110.88000000,1723449599999,1.26875097,754,4166.48000000,0.43793310,0
2024-08-12 08:00:00,0.00010718,0.00011034,0.00010689,0.00010966,21126.59000000,1723463999999,2.30236775,1238,11913.66000000,1.30045332,0
2024-08-12 12:00:00,0.00010975,0.00011114,0.00010800,0.00010814,22555.09000000,1723478399999,2.47417426,1278,8298.68000000,0.91242472,0
2024-08-12 16:00:00,0.00010812,0.00010911,0.00010650,0.00010675,7988.49000000,1723492799999,0.86304554,635,4289.99000000,0.46417410,0
2024-08-12 20:00:00,0.00010660,0.00010693,0.00010501,0.00010549,3534.03000000,1723507199999,0.37509062,388,1899.04000000,0.20193622,0
2024-08-13 00:00:00,0.00010550,0.00010580,0.00010489,0.00010549,3453.31000000,1723521599999,0.36310420,234,869.54000000,0.09157393,0
2024-08-13 04:00:00,0.00010552,0.00010744,0.00010501,0.00010677,8449.92000000,1723535999999,0.89709399,346,2133.67000000,0.22699639,0
2024-08-13 08:00:00,0.00010674,0.00010736,0.00010629,0.00010691,3189.85000000,1723550399999,0.34069734,293,1759.84000000,0.18805065,0
2024-08-13 12:00:00,0.00010698,0.00010933,0.00010558,0.00010603,30794.47000000,1723564799999,3.32497508,1296,14060.80000000,1.51666655,0
2024-08-13 16:00:00,0.00010614,0.00010714,0.00010463,0.00010654,10131.90000000,1723579199999,1.07114549,722,6599.65000000,0.69878306,0
2024-08-13 20:00:00,0.00010626,0.00010773,0.00010610,0.00010644,10067.51000000,1723593599999,1.07405216,1197,3901.50000000,0.41728445,0
2024-08-14 00:00:00,0.00010649,0.00010885,0.00010560,0.00010885,14027.12000000,1723607999999,1.50338801,389,12577.99000000,1.34817809,0
2024-08-14 04:00:00,0.00010883,0.00011142,0.00010794,0.00011095,14404.43000000,1723622399999,1.58284006,1573,10317.58000000,1.13352746,0
2024-08-14 08:00:00,0.00011094,0.00011879,0.00011067,0.00011600,81089.03000000,1723636799999,9.32616945,5490,45831.70000000,5.29606684,0
2024-08-14 12:00:00,0.00011603,0.00011754,0.00011486,0.00011704,56217.90000000,1723651199999,6.53222032,6328,30062.42000000,3.49678228,0
2024-08-14 16:00:00,0.00011701,0.00011960,0.00011692,0.00011908,39035.04000000,1723665599999,4.62938482,3990,17968.28000000,2.12959410,0
2024-08-14 20:00:00,0.00011910,0.00011913,0.00011707,0.00011748,18547.18000000,1723679999999,2.19346454,3396,4230.67000000,0.49968423,0
2024-08-15 00:00:00,0.00011740,0.00011758,0.00011470,0.00011536,35018.46000000,1723694399999,4.08260195,1857,14717.56000000,1.71356584,0
2024-08-15 04:00:00,0.00011523,0.00011596,0.00011387,0.00011533,26719.13000000,1723708799999,3.07658542,2861,10440.44000000,1.20264352,0
2024-08-15 08:00:00,0.00011525,0.00011558,0.00011067,0.00011211,53697.73000000,1723723199999,6.06073140,4423,29841.11000000,3.37333791,0
2024-08-15 12:00:00,0.00011193,0.00011277,0.00011146,0.00011224,55741.07000000,1723737599999,6.25732100,3880,37337.35000000,4.19226602,0
2024-08-15 16:00:00,0.00011218,0.00011386,0.00011154,0.00011362,64460.33000000,1723751999999,7.25808862,5516,32377.16000000,3.63857022,0
2024-08-15 20:00:00,0.00011358,0.00011595,0.00011322,0.00011465,31162.34000000,1723766399999,3.56956804,2910,18610.82000000,2.13363992,0
2024-08-16 00:00:00,0.00011460,0.00011558,0.00011291,0.00011456,32968.26000000,1723780799999,3.76689802,1620,26753.01000000,3.05754667,0
2024-08-16 04:00:00,0.00011448,0.00011817,0.00011351,0.00011364,85615.73000000,1723795199999,9.93806222,6547,51644.71000000,6.00435610,0
2024-08-16 08:00:00,0.00011356,0.00011383,0.00011014,0.00011111,65487.53000000,1723809599999,7.30250381,4076,12109.48000000,1.34965866,0
2024-08-16 12:00:00,0.00011108,0.00011154,0.00010995,0.00011122,79706.80000000,1723823999999,8.82956587,5121,41245.62000000,4.56388315,0
2024-08-16 16:00:00,0.00011122,0.00011157,0.00010879,0.00010968,43584.45000000,1723838399999,4.81279313,5270,16034.88000000,1.76883471,0
2024-08-16 20:00:00,0.00010974,0.00011139,0.00010927,0.00011114,18301.24000000,1723852799999,2.01659424,3394,6872.08000000,0.75685491,0
2024-08-17 00:00:00,0.00011104,0.00011131,0.00011006,0.00011097,39810.71000000,1723867199999,4.40158921,4077,29899.23000000,3.30455631,0
2024-08-17 04:00:00,0.00011095,0.00011127,0.00010988,0.00011053,16022.18000000,1723881599999,1.77114702,1824,9173.77000000,1.01454848,0
2024-08-17 08:00:00,0.00011055,0.00011061,0.00010800,0.00010853,28042.55000000,1723895999999,3.05887806,3425,8544.89000000,0.93350411,0
2024-08-17 12:00:00,0.00010850,0.00010917,0.00010823,0.00010887,27077.76000000,1723910399999,2.94286498,3349,18450.88000000,2.00502599,0
2024-08-17 16:00:00,0.00010887,0.00010892,0.00010828,0.00010858,10763.73000000,1723924799999,1.16904744,2250,5251.05000000,0.57043484,0
2024-08-17 20:00:00,0.00010859,0.00010896,0.00010827,0.00010833,9969.81000000,1723939199999,1.08295923,1199,4930.73000000,0.53565893,0
2024-08-18 00:00:00,0.00010825,0.00010957,0.00010765,0.00010957,7895.23000000,1723953599999,0.85649813,1540,4755.61000000,0.51661783,0
2024-08-18 04:00:00,0.00010953,0.00010990,0.00010869,0.00010954,8972.48000000,1723967999999,0.98051566,1357,4426.46000000,0.48408603,0
2024-08-18 08:00:00,0.00010959,0.00011040,0.00010887,0.00010972,13391.90000000,1723982399999,1.46997982,2196,6927.86000000,0.76063965,0
2024-08-18 12:00:00,0.00010963,0.00011328,0.00010946,0.00011166,37851.48000000,1723996799999,4.21153971,4019,16171.35000000,1.79858856,0
2024-08-18 16:00:00,0.00011163,0.00011392,0.00011080,0.00011388,9901.11000000,1724011199999,1.10688903,1843,4884.51000000,0.54632761,0
2024-08-18 20:00:00,0.00011387,0.00011960,0.00011320,0.00011779,43606.95000000,1724025599999,5.08921847,4840,32042.48000000,3.73979286,0
2024-08-19 00:00:00,0.00011785,0.00012037,0.00011760,0.00011941,23116.33000000,1724039999999,2.75181629,2500,10385.20000000,1.23559004,0
2024-08-19 04:00:00,0.00011940,0.00011994,0.00011562,0.00011591,31749.63000000,1724054399999,3.73689827,3232,13592.78000000,1.60397803,0
2024-08-19 08:00:00,0.00011609,0.00011739,0.00011562,0.00011621,44496.20000000,1724068799999,5.17670370,3901,20189.75000000,2.34566089,0
2024-08-19 12:00:00,0.00011621,0.00011674,0.00011483,0.00011522,27682.28000000,1724083199999,3.20551802,2774,11993.64000000,1.38846854,0
2024-08-19 16:00:00,0.00011518,0.00011682,0.00011456,0.00011488,24919.87000000,1724097599999,2.87467849,3452,16496.50000000,1.90181498,0
2024-08-19 20:00:00,0.00011494,0.00011588,0.00011455,0.00011487,49663.80000000,1724111999999,5.72564834,4148,43997.45000000,5.07283089,0
2024-08-20 00:00:00,0.00011490,0.00011530,0.00011253,0.00011272,9508.99000000,1724126399999,1.07909380,1288,4394.30000000,0.49916114,0
2024-08-20 04:00:00,0.00011265,0.00011303,0.00011184,0.00011273,12927.07000000,1724140799999,1.45352885,1291,5624.21000000,0.63218796,0
2024-08-20 08:00:00,0.00011269,0.00011310,0.00011217,0.00011267,10535.98000000,1724155199999,1.18716938,1312,3269.75000000,0.36816270,0
2024-08-20 12:00:00,0.00011268,0.00011299,0.00011000,0.00011259,23932.87000000,1724169599999,2.67249448,2926,7579.50000000,0.84603782,0
2024-08-20 16:00:00,0.00011266,0.00011346,0.00011199,0.00011220,13553.30000000,1724183999999,1.52796224,2206,9049.59000000,1.02017496,0
2024-08-20 20:00:00,0.00011220,0.00011341,0.00011200,0.00011292,25454.11000000,1724198399999,2.87339912,2243,6665.82000000,0.75207716,0
2024-08-21 00:00:00,0.00011296,0.00011301,0.00011181,0.00011181,8866.59000000,1724212799999,0.99449362,1286,3027.76000000,0.33994534,0
2024-08-21 04:00:00,0.00011181,0.00011216,0.00011141,0.00011181,16644.74000000,1724227199999,1.86200641,1605,5058.14000000,0.56513567,0
2024-08-21 08:00:00,0.00011168,0.00011400,0.00011138,0.00011385,16601.77000000,1724241599999,1.87177934,2251,11802.21000000,1.33051050,0
2024-08-21 12:00:00,0.00011386,0.00011411,0.00011198,0.00011235,9401.22000000,1724255999999,1.06117009,2142,4925.41000000,0.55636446,0
2024-08-21 16:00:00,0.00011235,0.00011256,0.00010763,0.00010783,16724.30000000,1724270399999,1.84718876,2601,7638.71000000,0.84481331,0
2024-08-21 20:00:00,0.00010775,0.00010787,0.00010597,0.00010622,37933.19000000,1724284799999,4.05195963,3693,24506.94000000,2.61712816,0
2024-08-22 00:00:00,0.00010620,0.00010913,0.00010581,0.00010886,14846.50000000,1724299199999,1.60177828,1768,9713.90000000,1.05088410,0
2024-08-22 04:00:00,0.00010884,0.00010884,0.00010582,0.00010649,11405.47000000,1724313599999,1.22260775,1475,5315.79000000,0.56904497,0
2024-08-22 08:00:00,0.00010640,0.00010795,0.00010640,0.00010645,12991.38000000,1724327999999,1.38895939,1688,7727.22000000,0.82602146,0
2024-08-22 12:00:00,0.00010644,0.00010832,0.00010635,0.00010791,13729.93000000,1724342399999,1.47558880,3034,9972.37000000,1.07220888,0
2024-08-22 16:00:00,0.00010795,0.00010919,0.00010751,0.00010780,12688.68000000,1724356799999,1.37590254,1562,5835.13000000,0.63277385,0
2024-08-22 20:00:00,0.00010778,0.00010817,0.00010732,0.00010773,7485.54000000,1724371199999,0.80571066,1468,3288.49000000,0.35403331,0
2024-08-23 00:00:00,0.00010767,0.00010783,0.00010724,0.00010768,5003.80000000,1724385599999,0.53794368,1237,2071.04000000,0.22272507,0
2024-08-23 04:00:00,0.00010758,0.00010821,0.00010753,0.00010763,7351.14000000,1724399999999,0.79274288,1302,2654.99000000,0.28629800,0
2024-08-23 08:00:00,0.00010766,0.00010835,0.00010745,0.00010792,8593.65000000,1724414399999,0.92739746,1571,3660.06000000,0.39497565,0
2024-08-23 12:00:00,0.00010786,0.00010809,0.00010611,0.00010708,14310.89000000,1724428799999,1.53422162,2702,5421.33000000,0.58088669,0
2024-08-23 16:00:00,0.00010704,0.00010754,0.00010542,0.00010585,23764.89000000,1724443199999,2.52626415,3528,11394.50000000,1.21302536,0
2024-08-23 20:00:00,0.00010585,0.00010661,0.00010457,0.00010463,15932.32000000,1724457599999,1.67950362,1325,5787.44000000,0.61022593,0
2024-08-24 00:00:00,0.00010467,0.00010576,0.00010395,0.00010540,7933.68000000,1724471999999,0.83251444,885,3513.03000000,0.36940651,0
2024-08-24 04:00:00,0.00010536,0.00010543,0.00010424,0.00010448,8199.31000000,1724486399999,0.85819919,1172,2809.15000000,0.29399962,0
2024-08-24 08:00:00,0.00010444,0.00010568,0.00010444,0.00010509,15079.12000000,1724500799999,1.58603461,1441,4014.99000000,0.42189639,0
2024-08-24 12:00:00,0.00010511,0.00010719,0.00010486,0.00010706,13237.83000000,1724515199999,1.40334968,2083,8329.21000000,0.88356273,0
2024-08-24 16:00:00,0.00010709,0.00010724,0.00010542,0.00010597,10263.55000000,1724529599999,1.09037931,1708,4783.00000000,0.50816705,0
2024-08-24 20:00:00,0.00010605,0.00010605,0.00008543,0.00009234,822668.29000000,1724543999999,76.06416918,29646,416068.95000000,38.81033801,0
2024-08-25 00:00:00,0.00009236,0.00009306,0.00008694,0.00009081,413636.81000000,1724558399999,36.99280401,13759,211865.32000000,18.92152497,0
2024-08-25 04:00:00,0.00009081,0.00009083,0.00008324,0.00008412,256693.30000000,1724572799999,22.33839464,11965,147683.61000000,12.90032517,0
2024-08-25 08:00:00,0.00008411,0.00009030,0.00008218,0.00008884,255805.65000000,1724587199999,22.21365807,13639,135428.61000000,11.77776197,0
2024-08-25 12:00:00,0.00008881,0.00009259,0.00008744,0.00009149,140464.21000000,1724601599999,12.59397195,11872,81783.15000000,7.33255456,0
2024-08-25 16:00:00,0.00009148,0.00009268,0.00008960,0.00009174,126735.69000000,1724615999999,11.54436998,10897,71965.88000000,6.55549173,0
2024-08-25 20:00:00,0.00009170,0.00009271,0.00008939,0.00008980,56475.88000000,1724630399999,5.15242955,5201,29146.51000000,2.65798608,0
2024-08-26 00:00:00,0.00008983,0.00009032,0.00008821,0.00008981,61669.29000000,1724644799999,5.52501045,4005,23926.10000000,2.14003421,0
2024-08-26 04:00:00,0.00008978,0.00009088,0.00008763,0.00008831,43374.66000000,1724659199999,3.86095411,4086,30595.73000000,2.72322736,0
2024-08-26 08:00:00,0.00008828,0.00008922,0.00008751,0.00008773,61084.45000000,1724673599999,5.39036702,6041,37100.28000000,3.27208480,0
2024-08-26 12:00:00,0.00008774,0.00009023,0.00008578,0.00008863,114464.31000000,1724687999999,10.02589888,10784,47290.16000000,4.15308905,0
2024-08-26 16:00:00,0.00008864,0.00008871,0.00008303,0.00008452,94423.49000000,1724702399999,8.07436903,6919,41197.22000000,3.54791651,0
2024-08-26 20:00:00,0.00008450,0.00008491,0.00007992,0.00008165,134788.42000000,1724716799999,11.01604218,10234,92550.34000000,7.56519166,0
2024-08-27 00:00:00,0.00008165,0.00008506,0.00008165,0.00008500,48451.13000000,1724731199999,4.05744953,4152,30992.54000000,2.59372392,0
2024-08-27 04:00:00,0.00008498,0.00008635,0.00008476,0.00008553,41676.97000000,1724745599999,3.56225537,4453,19909.38000000,1.70163545,0
2024-08-27 08:00:00,0.00008551,0.00008823,0.00008524,0.00008771,77695.70000000,1724759999999,6.77008448,7056,49037.05000000,4.27858917,0
2024-08-27 12:00:00,0.00008771,0.00008891,0.00008661,0.00008807,42652.14000000,1724774399999,3.75096354,5852,24636.74000000,2.16852095,0
2024-08-27 16:00:00,0.00008811,0.00009115,0.00008687,0.00008947,101223.95000000,1724788799999,9.01706638,6224,76670.44000000,6.83870609,0
2024-08-27 20:00:00,0.00008956,0.00009291,0.00008796,0.00009170,100375.14000000,1724803199999,8.98089484,6541,59678.71000000,5.34035372,0
2024-08-28 00:00:00,0.00009151,0.00009157,0.00008669,0.00008958,60320.39000000,1724817599999,5.35734024,2646,26660.24000000,2.37558998,0
2024-08-28 04:00:00,0.00008960,0.00009069,0.00008844,0.00008979,30472.74000000,1724831999999,2.73803698,3254,15071.07000000,1.35469282,0
2024-08-28 08:00:00,0.00008986,0.00009385,0.00008981,0.00009034,102582.07000000,1724846399999,9.38037379,5610,48373.75000000,4.43409878,0
2024-08-28 12:00:00,0.00009034,0.00009975,0.00008877,0.00009522,371028.22000000,1724860799999,35.27338146,19064,159944.47000000,15.09152724,0
2024-08-28 16:00:00,0.00009522,0.00009570,0.00008661,0.00009227,231666.54000000,1724875199999,21.30514001,11059,104117.59000000,9.60528176,0
2024-08-28 20:00:00,0.00009233,0.00009460,0.00009116,0.00009353,72607.78000000,1724889599999,6.73025939,4651,39622.78000000,3.67257960,0
2024-08-29 00:00:00,0.00009362,0.00009555,0.00009347,0.00009448,46062.04000000,1724903999999,4.34750179,3979,31030.00000000,2.92661094,0
2024-08-29 04:00:00,0.00009452,0.00009471,0.00009285,0.00009423,34350.50000000,1724918399999,3.21720343,5353,13117.86000000,1.22904222,0
2024-08-29 08:00:00,0.00009425,0.00009432,0.00009271,0.00009289,19037.13000000,1724932799999,1.78423881,2817,10414.68000000,0.97585315,0
2024-08-29 12:00:00,0.00009292,0.00009317,0.00009000,0.00009020,39512.04000000,1724947199999,3.63357386,5330,16586.28000000,1.52419120,0
2024-08-29 16:00:00,0.00009026,0.00009181,0.00008986,0.00009104,44200.88000000,1724961599999,4.00695732,5915,8380.41000000,0.76030804,0
2024-08-29 20:00:00,0.00009105,0.00009208,0.00009027,0.00009191,19620.84000000,1724975999999,1.78323757,1732,10296.89000000,0.93547185,0
2024-08-30 00:00:00,0.00009185,0.00009301,0.00009168,0.00009214,14734.92000000,1724990399999,1.36013795,1577,6436.94000000,0.59458356,0
2024-08-30 04:00:00,0.00009211,0.00009302,0.00009115,0.00009140,12330.09000000,1725004799999,1.13749525,2092,4867.97000000,0.44963211,0
2024-08-30 08:00:00,0.00009138,0.00009152,0.00009003,0.00009069,15652.04000000,1725019199999,1.42244331,2864,7216.75000000,0.65634761,0
2024-08-30 12:00:00,0.00009070,0.00009257,0.00009027,0.00009088,26508.27000000,1725033599999,2.41812492,4799,10396.18000000,0.94815267,0
2024-08-30 16:00:00,0.00009075,0.00009140,0.00008940,0.00009007,34366.22000000,1725047999999,3.10289946,3308,19851.25000000,1.78962472,0
2024-08-30 20:00:00,0.00009012,0.00009114,0.00009007,0.00009088,13270.97000000,1725062399999,1.20172383,1086,6929.03000000,0.62728289,0
2024-08-31 00:00:00,0.00009089,0.00009102,0.00009022,0.00009057,4292.27000000,1725076799999,0.38889015,1010,1758.14000000,0.15930268,0
2024-08-31 04:00:00,0.00009056,0.00009096,0.00009004,0.00009060,5837.03000000,1725091199999,0.52843116,873,2998.92000000,0.27170297,0
2024-08-31 08:00:00,0.00009051,0.00009064,0.00009001,0.00009005,21492.56000000,1725105599999,1.93971008,2053,18684.39000000,1.68621007,0
2024-08-31 12:00:00,0.00009006,0.00009159,0.00008919,0.00009152,19745.91000000,1725119999999,1.78415838,2167,13239.33000000,1.19855609,0
2024-08-31 16:00:00,0.00009153,0.00009223,0.00009090,0.00009134,19149.84000000,1725134399999,1.75209570,1719,11757.25000000,1.07626982,0
2024-08-31 20:00:00,0.00009134,0.00009214,0.00009133,0.00009199,14127.63000000,1725148799999,1.29494490,905,2952.53000000,0.27098718,0
2024-09-01 00:00:00,0.00009190,0.00009253,0.00009110,0.00009221,7228.08000000,1725163199999,0.66407139,1233,3703.65000000,0.34037927,0
2024-09-01 04:00:00,0.00009214,0.00009349,0.00009205,0.00009209,11561.39000000,1725177599999,1.07094896,1592,7199.42000000,0.66681362,0
2024-09-01 08:00:00,0.00009211,0.00009222,0.00009162,0.00009176,8630.22000000,1725191999999,0.79345025,1788,5040.78000000,0.46343766,0
2024-09-01 12:00:00,0.00009183,0.00009237,0.00009040,0.00009054,20444.33000000,1725206399999,1.86133015,2973,9005.15000000,0.81963975,0
2024-09-01 16:00:00,0.00009059,0.00009156,0.00009039,0.00009095,9603.94000000,1725220799999,0.87372257,2178,5014.46000000,0.45612412,0
2024-09-01 20:00:00,0.00009090,0.00009109,0.00008987,0.00009040,10870.09000000,1725235199999,0.98423057,1869,4654.51000000,0.42134893,0
2024-09-02 00:00:00,0.00009048,0.00009055,0.00008972,0.00008983,11935.42000000,1725249599999,1.07680867,1086,7436.65000000,0.67135239,0
2024-09-02 04:00:00,0.00008986,0.00008998,0.00008894,0.00008946,11825.93000000,1725263999999,1.05904883,2305,5622.29000000,0.50349696,0
2024-09-02 08:00:00,0.00008948,0.00008979,0.00008894,0.00008919,16502.42000000,1725278399999,1.47459439,3479,7316.02000000,0.65388164,0
2024-09-02 12:00:00,0.00008915,0.00008927,0.00008747,0.00008805,49714.75000000,1725292799999,4.38540239,4241,26962.81000000,2.37907245,0
2024-09-02 16:00:00,0.00008804,0.00008851,0.00008780,0.00008837,14065.71000000,1725307199999,1.24090487,2058,9035.31000000,0.79721882,0
2024-09-02 20:00:00,0.00008835,0.00008862,0.00008663,0.00008824,20169.36000000,1725321599999,1.76845202,1452,4414.27000000,0.38881375,0
2024-09-03 00:00:00,0.00008827,0.00008872,0.00008790,0.00008863,6969.01000000,1725335999999,0.61554472,1288,4355.89000000,0.38480823,0
2024-09-03 04:00:00,0.00008863,0.00008967,0.00008839,0.00008967,9887.35000000,1725350399999,0.87931965,1465,5056.79000000,0.44997380,0
2024-09-03 08:00:00,0.00008965,0.00008965,0.00008713,0.00008771,20037.15000000,1725364799999,1.76133632,2465,8882.38000000,0.78168434,0
2024-09-03 12:00:00,0.00008761,0.00008770,0.00008448,0.00008450,76906.33000000,1725379199999,6.60703195,5390,48978.96000000,4.21193349,0
2024-09-03 16:00:00,0.00008443,0.00008635,0.00008420,0.00008542,45078.10000000,1725393599999,3.85361116,2045,18939.78000000,1.62087013,0
2024-09-03 20:00:00,0.00008547,0.00008584,0.00008489,0.00008503,9727.36000000,1725407999999,0.83113631,1336,4511.05000000,0.38567294,0
2024-09-04 00:00:00,0.00008508,0.00008526,0.00008271,0.00008454,25184.07000000,1725422399999,2.11765824,2576,11008.97000000,0.92654706,0
2024-09-04 04:00:00,0.00008453,0.00008548,0.00008243,0.00008258,24958.20000000,1725436799999,2.10461632,3308,10974.92000000,0.92728821,0
2024-09-04 08:00:00,0.00008253,0.00008283,0.00008067,0.00008145,76388.83000000,1725451199999,6.25221582,4295,21922.92000000,1.79296044,0
2024-09-04 12:00:00,0.00008153,0.00008277,0.00008022,0.00008066,86896.31000000,1725465599999,7.08616410,6401,30229.24000000,2.46975607,0
2024-09-04 16:00:00,0.00008074,0.00008108,0.00007909,0.00007914,32482.06000000,1725479999999,2.59716711,3743,16389.04000000,1.30931381,0
2024-09-04 20:00:00,0.00007922,0.00008035,0.00007910,0.00007982,39486.56000000,1725494399999,3.14118982,1910,34664.13000000,2.75642802,0
2024-09-05 00:00:00,0.00007978,0.00008048,0.00007900,0.00007917,10591.12000000,1725508799999,0.84489730,1560,6510.10000000,0.51937304,0
2024-09-05 04:00:00,0.00007912,0.00008087,0.00007901,0.00008077,25147.02000000,1725523199999,2.01248637,2495,13263.69000000,1.06211024,0
2024-09-05 08:00:00,0.00008079,0.00008329,0.00008079,0.00008287,24182.49000000,1725537599999,1.98017768,2506,10772.90000000,0.88315114,0
2024-09-05 12:00:00,0.00008290,0.00008346,0.00008166,0.00008330,19264.73000000,1725551999999,1.58740563,2017,8608.53000000,0.70914940,0
2024-09-05 16:00:00,0.00008318,0.00008480,0.00008162,0.00008437,21319.60000000,1725566399999,1.78339634,2469,10193.46000000,0.85354219,0
2024-09-05 20:00:00,0.00008446,0.00008747,0.00008434,0.00008564,62639.82000000,1725580799999,5.38065178,2733,35078.36000000,3.01392075,0
2024-09-06 00:00:00,0.00008564,0.00008613,0.00008504,0.00008529,15967.07000000,1725595199999,1.36538153,1272,7051.11000000,0.60341463,0
2024-09-06 04:00:00,0.00008523,0.00008704,0.00008520,0.00008584,26096.83000000,1725609599999,2.25880644,2379,8672.00000000,0.74879372,0
2024-09-06 08:00:00,0.00008580,0.00008616,0.00008483,0.00008576,17977.31000000,1725623999999,1.53819027,2565,7729.03000000,0.66102126,0
2024-09-06 12:00:00,0.00008577,0.00008830,0.00008454,0.00008818,72932.29000000,1725638399999,6.29174119,3707,41306.53000000,3.56018193,0
2024-09-06 16:00:00,0.00008820,0.00008869,0.00008646,0.00008705,30228.05000000,1725652799999,2.65073926,2610,11364.26000000,0.99590120,0
2024-09-06 20:00:00,0.00008712,0.00008724,0.00008402,0.00008629,26743.14000000,1725667199999,2.28332121,1449,9944.77000000,0.85192157,0
2024-09-07 00:00:00,0.00008640,0.00008689,0.00008553,0.00008587,18071.52000000,1725681599999,1.55310870,1117,9919.56000000,0.85244608,0
2024-09-07 04:00:00,0.00008585,0.00008615,0.00008517,0.00008556,9559.82000000,1725695999999,0.81956677,1922,4386.24000000,0.37595686,0
2024-09-07 08:00:00,0.00008550,0.00008567,0.00008465,0.00008507,10140.86000000,1725710399999,0.86335565,1923,2873.77000000,0.24468088,0
2024-09-07 12:00:00,0.00008495,0.00008531,0.00008439,0.00008513,9162.71000000,1725724799999,0.77793953,1842,3981.39000000,0.33801218,0
2024-09-07 16:00:00,0.00008514,0.00008558,0.00008477,0.00008542,11605.09000000,1725739199999,0.98839950,1989,5377.81000000,0.45801754,0
2024-09-07 20:00:00,0.00008546,0.00008624,0.00008519,0.00008621,7025.35000000,1725753599999,0.60190775,1041,3031.20000000,0.25967717,0
2024-09-08 00:00:00,0.00008619,0.00008709,0.00008592,0.00008636,7095.39000000,1725767999999,0.61425047,1177,3497.61000000,0.30286868,0
2024-09-08 04:00:00,0.00008631,0.00008708,0.00008621,0.00008680,6246.35000000,1725782399999,0.54059488,1218,3067.88000000,0.26567161,0
2024-09-08 08:00:00,0.00008680,0.00008726,0.00008643,0.00008665,20217.00000000,1725796799999,1.75672983,3135,6434.98000000,0.55905703,0
2024-09-08 12:00:00,0.00008665,0.00008825,0.00008641,0.00008796,15003.84000000,1725811199999,1.30714770,2424,7297.04000000,0.63615398,0
2024-09-08 16:00:00,0.00008806,0.00008898,0.00008730,0.00008872,12151.63000000,1725825599999,1.06924717,1722,5860.41000000,0.51648492,0
2024-09-08 20:00:00,0.00008870,0.00009086,0.00008870,0.00008925,31711.11000000,1725839999999,2.84352565,2190,16839.66000000,1.50917345,0
2024-09-09 00:00:00,0.00008922,0.00008989,0.00008887,0.00008988,20588.76000000,1725854399999,1.84155269,872,10140.47000000,0.90697326,0
2024-09-09 04:00:00,0.00008979,0.00008992,0.00008891,0.00008983,10889.02000000,1725868799999,0.97404271,1469,4166.71000000,0.37284504,0
2024-09-09 08:00:00,0.00008984,0.00009351,0.00008983,0.00009325,118788.12000000,1725883199999,10.88878215,8595,70328.61000000,6.45086487,0
2024-09-09 12:00:00,0.00009328,0.00009360,0.00009133,0.00009174,57730.94000000,1725897599999,5.34858106,2773,23985.03000000,2.22297687,0
2024-09-09 16:00:00,0.00009176,0.00009201,0.00009047,0.00009082,23716.52000000,1725911999999,2.16198569,1543,10263.62000000,0.93551053,0
2024-09-09 20:00:00,0.00009088,0.00009203,0.00009008,0.00009140,17983.16000000,1725926399999,1.63337347,826,9937.25000000,0.90054924,0
2024-09-10 00:00:00,0.00009140,0.00009280,0.00009092,0.00009249,5819.76000000,1725940799999,0.53434556,566,2934.62000000,0.27024231,0
2024-09-10 04:00:00,0.00009249,0.00009328,0.00009088,0.00009131,8535.53000000,1725955199999,0.78633499,916,3530.99000000,0.32618063,0
2024-09-10 08:00:00,0.00009138,0.00009336,0.00009128,0.00009274,14025.59000000,1725969599999,1.29667086,2034,7470.83000000,0.69170056,0
2024-09-10 12:00:00,0.00009273,0.00009454,0.00009243,0.00009400,36088.57000000,1725983999999,3.37913811,3760,20060.50000000,1.87947569,0
2024-09-10 16:00:00,0.00009416,0.00009530,0.00009412,0.00009417,24481.17000000,1725998399999,2.31963064,2725,15887.11000000,1.50545832,0
2024-09-10 20:00:00,0.00009424,0.00009638,0.00009402,0.00009597,18319.33000000,1726012799999,1.74450317,969,13020.56000000,1.23993244,0
2024-09-11 00:00:00,0.00009602,0.00009619,0.00009292,0.00009359,24345.47000000,1726027199999,2.29310895,1761,6065.62000000,0.57045411,0
2024-09-11 04:00:00,0.00009370,0.00009419,0.00009209,0.00009335,22063.68000000,1726041599999,2.05166177,1845,9934.64000000,0.92317757,0
2024-09-11 08:00:00,0.00009329,0.00009341,0.00009208,0.00009219,9946.19000000,1726055999999,0.92171427,1612,4718.36000000,0.43714855,0
2024-09-11 12:00:00,0.00009206,0.00009350,0.00009153,0.00009263,20065.95000000,1726070399999,1.85766470,2647,10400.44000000,0.96267730,0
2024-09-11 16:00:00,0.00009259,0.00009318,0.00009161,0.00009218,8896.36000000,1726084799999,0.82033282,906,5631.57000000,0.51918614,0
2024-09-11 20:00:00,0.00009234,0.00009400,0.00009200,0.00009400,29218.47000000,1726099199999,2.72871083,537,14236.53000000,1.32885755,0
2024-09-12 00:00:00,0.00009400,0.00009432,0.00009246,0.00009316,6536.86000000,1726113599999,0.61227817,704,2643.21000000,0.24704904,0
2024-09-12 04:00:00,0.00009327,0.00009354,0.00009199,0.00009240,7112.07000000,1726127999999,0.66018124,1240,2928.38000000,0.27187578,0
2024-09-12 08:00:00,0.00009249,0.00009363,0.00009232,0.00009311,7227.34000000,1726142399999,0.67259094,848,5350.22000000,0.49787701,0
2024-09-12 12:00:00,0.00009319,0.00009530,0.00009236,0.00009530,33403.96000000,1726156799999,3.14526045,2135,27161.35000000,2.56069082,0
2024-09-12 16:00:00,0.00009530,0.00009829,0.00009482,0.00009605,29744.92000000,1726171199999,2.87071240,2247,21142.60000000,2.03923217,0
2024-09-12 20:00:00,0.00009612,0.00009640,0.00009531,0.00009606,8037.16000000,1726185599999,0.76990957,609,4729.92000000,0.45353694,0
2024-09-13 00:00:00,0.00009612,0.00009706,0.00009531,0.00009548,8052.37000000,1726199999999,0.77381165,683,4614.12000000,0.44401814,0
2024-09-13 04:00:00,0.00009543,0.00009593,0.00009484,0.00009503,4121.89000000,1726214399999,0.39328143,503,2417.25000000,0.23072909,0
2024-09-13 08:00:00,0.00009505,0.00009612,0.00009475,0.00009602,11358.44000000,1726228799999,1.08295319,1126,3413.98000000,0.32627761,0
2024-09-13 12:00:00,0.00009596,0.00009890,0.00009570,0.00009755,32397.04000000,1726243199999,3.15974663,3123,19357.28000000,1.88688611,0
2024-09-13 16:00:00,0.00009775,0.00009861,0.00009661,0.00009749,22999.80000000,1726257599999,2.24733176,1544,9391.85000000,0.91784720,0
2024-09-13 20:00:00,0.00009751,0.00009792,0.00009521,0.00009556,11054.31000000,1726271999999,1.06647450,966,6915.39000000,0.66752370,0
2024-09-14 00:00:00,0.00009548,0.00009653,0.00009509,0.00009545,5503.39000000,1726286399999,0.52636118,427,1870.77000000,0.17944298,0
2024-09-14 04:00:00,0.00009548,0.00009645,0.00009515,0.00009620,5465.16000000,1726300799999,0.52468279,634,3087.35000000,0.29648612,0
2024-09-14 08:00:00,0.00009620,0.00009713,0.00009507,0.00009528,13331.26000000,1726315199999,1.28200193,1423,5992.83000000,0.57582507,0
2024-09-14 12:00:00,0.00009527,0.00009567,0.00009432,0.00009470,15863.11000000,1726329599999,1.50746133,2715,5711.56000000,0.54304558,0
2024-09-14 16:00:00,0.00009471,0.00009565,0.00009461,0.00009489,21937.00000000,1726343999999,2.08652550,2563,17640.89000000,1.67804610,0
2024-09-14 20:00:00,0.00009482,0.00009491,0.00009421,0.00009465,2495.95000000,1726358399999,0.23609891,547,1315.98000000,0.12451535,0
2024-09-15 00:00:00,0.00009465,0.00009478,0.00009413,0.00009445,5170.01000000,1726372799999,0.48810942,572,4247.22000000,0.40093780,0
2024-09-15 04:00:00,0.00009428,0.00009540,0.00009395,0.00009539,6075.12000000,1726387199999,0.57503487,897,3953.98000000,0.37469580,0
2024-09-15 08:00:00,0.00009544,0.00009569,0.00009313,0.00009394,21835.27000000,1726401599999,2.05210390,2414,9109.66000000,0.85599041,0
2024-09-15 12:00:00,0.00009386,0.00009405,0.00009240,0.00009389,18517.91000000,1726415999999,1.72864552,1566,11899.18000000,1.11171584,0
2024-09-15 16:00:00,0.00009385,0.00009476,0.00009340,0.00009441,11536.63000000,1726430399999,1.08550546,1350,5679.89000000,0.53471218,0
2024-09-15 20:00:00,0.00009454,0.00009478,0.00009305,0.00009398,11826.73000000,1726444799999,1.11055008,1039,5497.48000000,0.51612333,0
2024-09-16 00:00:00,0.00009394,0.00009469,0.00009303,0.00009408,10123.70000000,1726459199999,0.94894137,942,4562.67000000,0.42811605,0
2024-09-16 04:00:00,0.00009400,0.00009500,0.00009400,0.00009484,5573.30000000,1726473599999,0.52655332,675,2798.06000000,0.26443031,0
2024-09-16 08:00:00,0.00009484,0.00009505,0.00009351,0.00009390,4337.32000000,1726487999999,0.40824877,761,1782.92000000,0.16780300,0
2024-09-16 12:00:00,0.00009394,0.00009465,0.00009339,0.00009403,14124.03000000,1726502399999,1.32598072,1331,5525.56000000,0.51853427,0
2024-09-16 16:00:00,0.00009408,0.00009422,0.00009245,0.00009371,10595.52000000,1726516799999,0.99050930,1046,3654.99000000,0.34198880,0
2024-09-16 20:00:00,0.00009364,0.00009436,0.00009342,0.00009422,5513.94000000,1726531199999,0.51839057,715,2864.46000000,0.26926361,0
2024-09-17 00:00:00,0.00009426,0.00009462,0.00009387,0.00009404,5641.08000000,1726545599999,0.53180387,480,2709.75000000,0.25556792,0
2024-09-17 04:00:00,0.00009396,0.00009477,0.00009369,0.00009447,10661.97000000,1726559999999,1.00448022,506,8781.29000000,0.82750143,0
2024-09-17 08:00:00,0.00009447,0.00009457,0.00009131,0.00009238,37652.82000000,1726574399999,3.48961901,2994,11293.22000000,1.04350191,0
2024-09-17 12:00:00,0.00009242,0.00009338,0.00009072,0.00009138,18679.43000000,1726588799999,1.71751847,1652,12861.43000000,1.18204364,0
2024-09-17 16:00:00,0.00009126,0.00009192,0.00009004,0.00009185,19251.87000000,1726603199999,1.74711589,1325,6078.38000000,0.55137591,0
2024-09-17 20:00:00,0.00009184,0.00009201,0.00009131,0.00009161,4635.83000000,1726617599999,0.42483078,524,2073.98000000,0.19014824,0
2024-09-18 00:00:00,0.00009153,0.00009184,0.00009093,0.00009115,3604.33000000,1726631999999,0.32940752,449,1099.16000000,0.10049438,0
2024-09-18 04:00:00,0.00009107,0.00009174,0.00009060,0.00009137,3732.88000000,1726646399999,0.34079076,464,1725.13000000,0.15762223,0
2024-09-18 08:00:00,0.00009143,0.00009302,0.00009132,0.00009216,9534.01000000,1726660799999,0.87747623,1738,4880.33000000,0.44934583,0
2024-09-18 12:00:00,0.00009219,0.00009311,0.00009174,0.00009200,10143.92000000,1726675199999,0.93730286,1877,4068.72000000,0.37616120,0
2024-09-18 16:00:00,0.00009195,0.00009272,0.00009049,0.00009228,26553.24000000,1726689599999,2.42058768,2504,9947.82000000,0.90779548,0
2024-09-18 20:00:00,0.00009230,0.00009356,0.00009136,0.00009137,18436.70000000,1726703999999,1.71136567,1657,5629.10000000,0.52225488,0
2024-09-19 00:00:00,0.00009134,0.00009226,0.00009040,0.00009165,15087.50000000,1726718399999,1.37681922,838,5759.95000000,0.52555730,0
2024-09-19 04:00:00,0.00009178,0.00009350,0.00009175,0.00009276,12087.63000000,1726732799999,1.11905997,777,7183.98000000,0.66520419,0
2024-09-19 08:00:00,0.00009276,0.00009290,0.00009182,0.00009237,6840.07000000,1726747199999,0.63112443,763,4069.63000000,0.37546716,0
2024-09-19 12:00:00,0.00009238,0.00009253,0.00009020,0.00009093,11243.31000000,1726761599999,1.02477430,1038,5891.02000000,0.53717388,0
2024-09-19 16:00:00,0.00009093,0.00009140,0.00009015,0.00009044,10838.74000000,1726775999999,0.98223045,1042,5411.62000000,0.49059504,0
2024-09-19 20:00:00,0.00009048,0.00009082,0.00009000,0.00009030,5814.04000000,1726790399999,0.52617481,443,2797.59000000,0.25311305,0
2024-09-20 00:00:00,0.00009028,0.00009064,0.00008924,0.00009051,7945.94000000,1726804799999,0.71285079,460,4745.84000000,0.42578127,0
2024-09-20 04:00:00,0.00009064,0.00009097,0.00009004,0.00009074,7220.53000000,1726819199999,0.65345348,701,4237.66000000,0.38366190,0
2024-09-20 08:00:00,0.00009076,0.00009131,0.00008936,0.00008969,24546.01000000,1726833599999,2.20931579,1357,14825.60000000,1.33520244,0
2024-09-20 12:00:00,0.00008964,0.00008994,0.00008851,0.00008857,75460.64000000,1726847999999,6.76779357,2288,7847.12000000,0.70212076,0
2024-09-20 16:00:00,0.00008854,0.00008955,0.00008835,0.00008907,12252.05000000,1726862399999,1.08827395,929,9173.98000000,0.81459385,0
2024-09-20 20:00:00,0.00008911,0.00008923,0.00008799,0.00008834,2727.97000000,1726876799999,0.24179499,400,1053.86000000,0.09343823,0
2024-09-21 00:00:00,0.00008840,0.00008840,0.00008705,0.00008729,6276.85000000,1726891199999,0.54960522,412,2121.59000000,0.18585312,0
2024-09-21 04:00:00,0.00008728,0.00008768,0.00008675,0.00008768,3967.45000000,1726905599999,0.34645102,433,2251.07000000,0.19640059,0
2024-09-21 08:00:00,0.00008764,0.00008851,0.00008747,0.00008845,5621.74000000,1726919999999,0.49455305,682,3575.85000000,0.31483550,0
2024-09-21 12:00:00,0.00008854,0.00008894,0.00008824,0.00008890,11661.83000000,1726934399999,1.03308522,893,5708.99000000,0.50595715,0
2024-09-21 16:00:00,0.00008891,0.00009006,0.00008884,0.00008893,68428.33000000,1726948799999,6.09314892,1345,63131.68000000,5.62019615,0
2024-09-21 20:00:00,0.00008896,0.00008970,0.00008892,0.00008953,4774.82000000,1726963199999,0.42691438,488,3420.18000000,0.30584992,0
2024-09-22 00:00:00,0.00008953,0.00009024,0.00008923,0.00009012,4487.46000000,1726977599999,0.40284189,437,2553.42000000,0.22928237,0
2024-09-22 04:00:00,0.00009020,0.00009035,0.00008939,0.00008989,7755.34000000,1726991999999,0.69631174,700,2198.05000000,0.19745538,0
2024-09-22 08:00:00,0.00008991,0.00008999,0.00008797,0.00008854,12338.22000000,1727006399999,1.09673441,952,6168.17000000,0.54718977,0
2024-09-22 12:00:00,0.00008851,0.00008926,0.00008788,0.00008904,7880.81000000,1727020799999,0.69765093,763,3998.52000000,0.35427117,0
2024-09-22 16:00:00,0.00008904,0.00008913,0.00008836,0.00008841,6706.27000000,1727035199999,0.59499062,942,3627.92000000,0.32186731,0
2024-09-22 20:00:00,0.00008833,0.00008911,0.00008778,0.00008841,5472.23000000,1727049599999,0.48347535,504,2864.15000000,0.25327293,0
2024-09-23 00:00:00,0.00008840,0.00008896,0.00008784,0.00008805,5135.45000000,1727063999999,0.45407009,487,2156.28000000,0.19072487,0
2024-09-23 04:00:00,0.00008805,0.00008933,0.00008789,0.00008900,8865.72000000,1727078399999,0.78551632,670,3984.14000000,0.35322082,0
2024-09-23 08:00:00,0.00008910,0.00008914,0.00008741,0.00008856,11053.56000000,1727092799999,0.97528418,1126,4238.04000000,0.37376175,0
2024-09-23 12:00:00,0.00008859,0.00008992,0.00008849,0.00008958,9143.11000000,1727107199999,0.81591983,1112,6064.19000000,0.54085106,0
2024-09-23 16:00:00,0.00008961,0.00009000,0.00008817,0.00008860,10491.65000000,1727121599999,0.93404007,938,3972.76000000,0.35335022,0
2024-09-23 20:00:00,0.00008860,0.00008920,0.00008838,0.00008902,3010.01000000,1727135999999,0.26735705,388,1143.12000000,0.10166976,0
2024-09-24 00:00:00,0.00008905,0.00008919,0.00008869,0.00008897,4351.27000000,1727150399999,0.38695580,364,2466.58000000,0.21936134,0
2024-09-24 04:00:00,0.00008897,0.00008902,0.00008792,0.00008797,2490.60000000,1727164799999,0.22044105,433,1018.53000000,0.09017047,0
2024-09-24 08:00:00,0.00008794,0.00008802,0.00008762,0.00008801,6782.75000000,1727179199999,0.59566316,963,3405.31000000,0.29916406,0
2024-09-24 12:00:00,0.00008792,0.00008817,0.00008692,0.00008702,11428.07000000,1727193599999,0.99975253,1375,5218.74000000,0.45626355,0
2024-09-24 16:00:00,0.00008705,0.00008821,0.00008662,0.00008710,18718.01000000,1727207999999,1.63571226,1397,12085.48000000,1.05658874,0
2024-09-24 20:00:00,0.00008722,0.00008798,0.00008690,0.00008733,8460.16000000,1727222399999,0.73833335,542,3795.75000000,0.33130646,0
2024-09-25 00:00:00,0.00008738,0.00008937,0.00008697,0.00008926,20994.13000000,1727236799999,1.85364679,677,15816.76000000,1.39798916,0
2024-09-25 04:00:00,0.00008937,0.00009041,0.00008711,0.00008833,20282.86000000,1727251199999,1.79516201,1373,9016.81000000,0.79920357,0
2024-09-25 08:00:00,0.00008833,0.00008994,0.00008826,0.00008942,10235.46000000,1727265599999,0.91149769,961,4611.58000000,0.41060817,0
2024-09-25 12:00:00,0.00008946,0.00008960,0.00008888,0.00008912,12544.33000000,1727279999999,1.12090743,1454,4099.29000000,0.36616124,0
2024-09-25 16:00:00,0.00008902,0.00009039,0.00008881,0.00009012,32330.16000000,1727294399999,2.90150124,1386,19900.78000000,1.78714278,0
2024-09-25 20:00:00,0.00009012,0.00009136,0.00009000,0.00009082,10112.53000000,1727308799999,0.91606308,844,4969.03000000,0.45031010,0
2024-09-26 00:00:00,0.00009078,0.00009226,0.00008969,0.00009091,8521.88000000,1727323199999,0.77404268,787,4498.81000000,0.40928173,0
2024-09-26 04:00:00,0.00009084,0.00009129,0.00009012,0.00009129,7401.66000000,1727337599999,0.67165740,714,2144.51000000,0.19465915,0
2024-09-26 08:00:00,0.00009129,0.00009201,0.00009038,0.00009044,228562.34000000,1727351999999,21.00917061,8258,10061.15000000,0.91653708,0
2024-09-26 12:00:00,0.00009049,0.00009054,0.00008883,0.00008945,32373.09000000,1727366399999,2.90164652,3253,16509.33000000,1.47802736,0
2024-09-26 16:00:00,0.00008947,0.00009062,0.00008818,0.00008921,25313.59000000,1727380799999,2.26292564,2001,18468.68000000,1.65267991,0
2024-09-26 20:00:00,0.00008919,0.00009037,0.00008871,0.00008889,10863.41000000,1727395199999,0.96912531,836,3803.23000000,0.33988372,0
2024-09-27 00:00:00,0.00008890,0.00008936,0.00008800,0.00008861,8675.83000000,1727409599999,0.76936253,826,3690.10000000,0.32715691,0
2024-09-27 04:00:00,0.00008862,0.00008934,0.00008853,0.00008854,8117.01000000,1727423999999,0.72212444,1034,4291.41000000,0.38190411,0
2024-09-27 08:00:00,0.00008863,0.00009021,0.00008857,0.00008993,14948.55000000,1727438399999,1.33539315,2103,6137.12000000,0.54799617,0
2024-09-27 12:00:00,0.00008999,0.00009231,0.00008966,0.00009070,59745.14000000,1727452799999,5.44132755,6544,13777.32000000,1.25488956,0
2024-09-27 16:00:00,0.00009070,0.00009292,0.00009047,0.00009184,25461.97000000,1727467199999,2.34465444,2086,11889.59000000,1.09506822,0
2024-09-27 20:00:00,0.00009190,0.00009214,0.00009077,0.00009097,6917.03000000,1727481599999,0.63285780,869,2396.78000000,0.21958445,0
2024-09-28 00:00:00,0.00009088,0.00009167,0.00009081,0.00009167,7102.69000000,1727495999999,0.64779848,408,2683.89000000,0.24470190,0
2024-09-28 04:00:00,0.00009147,0.00009186,0.00008960,0.00009020,10518.93000000,1727510399999,0.95296055,1195,4931.39000000,0.44682522,0
2024-09-28 08:00:00,0.00009017,0.00009040,0.00008901,0.00009035,10173.00000000,1727524799999,0.91516839,1247,2356.21000000,0.21221937,0
2024-09-28 12:00:00,0.00009036,0.00009061,0.00008858,0.00008927,19124.95000000,1727539199999,1.70852924,2252,8569.08000000,0.76524434,0
2024-09-28 16:00:00,0.00008927,0.00008977,0.00008899,0.00008953,9478.95000000,1727553599999,0.84658150,1337,3322.84000000,0.29705866,0
2024-09-28 20:00:00,0.00008953,0.00008965,0.00008892,0.00008939,4499.45000000,1727567999999,0.40231332,849,2387.56000000,0.21357152,0
2024-09-29 00:00:00,0.00008940,0.00008948,0.00008838,0.00008893,5117.96000000,1727582399999,0.45427655,645,1295.21000000,0.11498685,0
2024-09-29 04:00:00,0.00008883,0.00008883,0.00008757,0.00008765,13884.10000000,1727596799999,1.22719273,2248,5685.42000000,0.50331832,0
2024-09-29 08:00:00,0.00008770,0.00008882,0.00008765,0.00008856,9859.78000000,1727611199999,0.86970729,2013,3451.09000000,0.30441953,0
2024-09-29 12:00:00,0.00008858,0.00008880,0.00008775,0.00008880,12492.05000000,1727625599999,1.10298543,2362,4022.18000000,0.35522394,0
2024-09-29 16:00:00,0.00008885,0.00008924,0.00008843,0.00008913,7806.26000000,1727639999999,0.69402351,1701,2562.95000000,0.22797602,0
2024-09-29 20:00:00,0.00008923,0.00008987,0.00008810,0.00008907,28723.33000000,1727654399999,2.55710189,1188,14511.34000000,1.29951282,0
2024-09-30 00:00:00,0.00008914,0.00009027,0.00008877,0.00008992,9115.53000000,1727668799999,0.81694814,1149,2724.10000000,0.24403345,0
2024-09-30 04:00:00,0.00008984,0.00009040,0.00008942,0.00009039,6882.32000000,1727683199999,0.62004659,1313,2564.42000000,0.23101371,0
2024-09-30 08:00:00,0.00009040,0.00009115,0.00009016,0.00009101,18177.36000000,1727697599999,1.64934765,2078,7020.95000000,0.63743239,0
2024-09-30 12:00:00,0.00009098,0.00009142,0.00009070,0.00009083,10682.70000000,1727711999999,0.97259599,1392,6380.56000000,0.58094062,0
2024-09-30 16:00:00,0.00009080,0.00009230,0.00009080,0.00009207,46616.70000000,1727726399999,4.29110719,8466,38271.73000000,3.52543929,0
2024-09-30 20:00:00,0.00009214,0.00009226,0.00009005,0.00009022,8305.43000000,1727740799999,0.75698805,813,1868.09000000,0.17003673,0
2024-10-01 00:00:00,0.00009015,0.00009121,0.00008972,0.00009106,10498.87000000,1727755199999,0.94980092,747,4693.33000000,0.42541738,0
2024-10-01 04:00:00,0.00009106,0.00009124,0.00009069,0.00009091,6179.39000000,1727769599999,0.56205483,1067,3340.23000000,0.30386292,0
2024-10-01 08:00:00,0.00009079,0.00009151,0.00009058,0.00009107,8806.60000000,1727783999999,0.80247783,1248,3109.55000000,0.28340974,0
2024-10-01 12:00:00,0.00009103,0.00009121,0.00008578,0.00008735,50345.56000000,1727798399999,4.42483103,5218,17830.22000000,1.56983397,0
2024-10-01 16:00:00,0.00008726,0.00008800,0.00008468,0.00008688,65579.32000000,1727812799999,5.69499677,1936,45706.64000000,3.97678270,0
2024-10-01 20:00:00,0.00008686,0.00008842,0.00008679,0.00008841,8816.69000000,1727827199999,0.77315231,635,3452.31000000,0.30281887,0
2024-10-02 00:00:00,0.00008840,0.00008872,0.00008785,0.00008820,6332.36000000,1727841599999,0.55951640,489,2091.92000000,0.18476668,0
2024-10-02 04:00:00,0.00008821,0.00008928,0.00008788,0.00008885,3393.48000000,1727855999999,0.30085914,587,2241.71000000,0.19888295,0
2024-10-02 08:00:00,0.00008885,0.00008915,0.00008794,0.00008864,9207.61000000,1727870399999,0.81603667,1043,4784.34000000,0.42426285,0
2024-10-02 12:00:00,0.00008865,0.00008875,0.00008737,0.00008744,8839.64000000,1727884799999,0.77771279,940,4363.03000000,0.38387753,0
2024-10-02 16:00:00,0.00008744,0.00008883,0.00008670,0.00008866,20433.41000000,1727899199999,1.79530168,943,9524.53000000,0.83753935,0
2024-10-02 20:00:00,0.00008867,0.00008867,0.00008705,0.00008723,9769.79000000,1727913599999,0.85766319,582,4095.70000000,0.35948860,0
2024-10-03 00:00:00,0.00008726,0.00008744,0.00008500,0.00008651,45680.85000000,1727927999999,3.92613998,871,28016.38000000,2.40678390,0
2024-10-03 04:00:00,0.00008652,0.00008678,0.00008610,0.00008617,31826.67000000,1727942399999,2.75351624,1020,28614.51000000,2.47595860,0
2024-10-03 08:00:00,0.00008622,0.00008651,0.00008537,0.00008611,13016.98000000,1727956799999,1.11891515,740,6815.26000000,0.58544873,0
2024-10-03 12:00:00,0.00008625,0.00008740,0.00008589,0.00008692,13678.48000000,1727971199999,1.18529624,893,7147.58000000,0.61973641,0
2024-10-03 16:00:00,0.00008695,0.00008766,0.00008655,0.00008717,11223.88000000,1727985599999,0.97904144,816,6087.69000000,0.53137282,0
2024-10-03 20:00:00,0.00008719,0.00008774,0.00008686,0.00008774,5165.96000000,1727999999999,0.45133036,356,4044.53000000,0.35341079,0
2024-10-04 00:00:00,0.00008776,0.00008836,0.00008731,0.00008751,6283.78000000,1728014399999,0.55241491,451,3368.47000000,0.29647379,0
2024-10-04 04:00:00,0.00008759,0.00008788,0.00008675,0.00008675,2642.98000000,1728028799999,0.23027757,366,1376.12000000,0.11993882,0
2024-10-04 08:00:00,0.00008677,0.00008749,0.00008677,0.00008738,3411.84000000,1728043199999,0.29759645,371,1786.00000000,0.15577049,0
2024-10-04 12:00:00,0.00008744,0.00008768,0.00008655,0.00008718,13019.35000000,1728057599999,1.13361344,959,8400.72000000,0.73170636,0
2024-10-04 16:00:00,0.00008720,0.00008727,0.00008652,0.00008664,6667.53000000,1728071999999,0.57910248,699,4194.06000000,0.36436580,0
2024-10-04 20:00:00,0.00008669,0.00008705,0.00008652,0.00008699,42124.65000000,1728086399999,3.66040623,391,38984.47000000,3.38755754,0
2024-10-05 00:00:00,0.00008707,0.00008718,0.00008660,0.00008698,195251.63000000,1728100799999,16.92665686,849,185623.63000000,16.09028593,0
2024-10-05 04:00:00,0.00008692,0.00008726,0.00008681,0.00008699,3699.87000000,1728115199999,0.32217184,672,1900.16000000,0.16548403,0
2024-10-05 08:00:00,0.00008702,0.00008725,0.00008616,0.00008631,6644.17000000,1728129599999,0.57511895,933,1922.78000000,0.16643189,0
2024-10-05 12:00:00,0.00008627,0.00008634,0.00008543,0.00008577,7246.12000000,1728143999999,0.62173621,816,2089.98000000,0.17948842,0
2024-10-05 16:00:00,0.00008569,0.00008586,0.00008474,0.00008474,16044.98000000,1728158399999,1.36901369,774,8494.11000000,0.72554688,0
2024-10-05 20:00:00,0.00008473,0.00008479,0.00008400,0.00008432,14202.11000000,1728172799999,1.19855758,659,7131.39000000,0.60183774,0
2024-10-06 00:00:00,0.00008427,0.00008449,0.00008388,0.00008394,11337.90000000,1728187199999,0.95457369,454,2544.40000000,0.21427698,0
2024-10-06 04:00:00,0.00008392,0.00008420,0.00008364,0.00008384,6567.00000000,1728201599999,0.55094153,524,4315.33000000,0.36204483,0
2024-10-06 08:00:00,0.00008380,0.00008435,0.00008354,0.00008404,5106.28000000,1728215999999,0.42791968,638,2681.68000000,0.22471984,0
2024-10-06 12:00:00,0.00008412,0.00008500,0.00008392,0.00008399,11349.01000000,1728230399999,0.95615510,856,5425.61000000,0.45698162,0
2024-10-06 16:00:00,0.00008400,0.00008527,0.00008347,0.00008437,15462.30000000,1728244799999,1.30349888,792,9782.55000000,0.82509556,0
2024-10-06 20:00:00,0.00008436,0.00008499,0.00008427,0.00008457,4031.26000000,1728259199999,0.34147701,338,1293.05000000,0.10954671,0
2024-10-07 00:00:00,0.00008461,0.00008485,0.00008389,0.00008435,5773.55000000,1728273599999,0.48605626,375,2983.98000000,0.25115945,0
2024-10-07 04:00:00,0.00008430,0.00008435,0.00008382,0.00008395,4022.75000000,1728287999999,0.33798616,374,1369.87000000,0.11508041,0
2024-10-07 08:00:00,0.00008389,0.00008394,0.00008267,0.00008345,13263.58000000,1728302399999,1.10579642,630,3457.75000000,0.28823543,0
2024-10-07 12:00:00,0.00008329,0.00008359,0.00008223,0.00008283,15906.44000000,1728316799999,1.31670040,851,8314.16000000,0.68828968,0
2024-10-07 16:00:00,0.00008282,0.00008336,0.00008261,0.00008281,10079.39000000,1728331199999,0.83616823,711,3622.84000000,0.30064365,0
2024-10-07 20:00:00,0.00008282,0.00008423,0.00008282,0.00008352,17510.31000000,1728345599999,1.46346701,568,10424.00000000,0.87100157,0
2024-10-08 00:00:00,0.00008349,0.00008394,0.00008332,0.00008366,4454.01000000,1728359999999,0.37241231,327,1276.81000000,0.10670306,0
2024-10-08 04:00:00,0.00008368,0.00008374,0.00008260,0.00008311,13936.47000000,1728374399999,1.15654274,523,9829.80000000,0.81549302,0
2024-10-08 08:00:00,0.00008310,0.00008367,0.00008289,0.00008342,11744.05000000,1728388799999,0.97936098,772,4159.53000000,0.34674663,0
2024-10-08 12:00:00,0.00008351,0.00008365,0.00008240,0.00008319,22157.77000000,1728403199999,1.83992568,1111,9072.71000000,0.75294195,0
2024-10-08 16:00:00,0.00008315,0.00008384,0.00008307,0.00008362,11957.20000000,1728417599999,0.99822908,815,4045.37000000,0.33774509,0
2024-10-08 20:00:00,0.00008363,0.00008380,0.00008343,0.00008368,7379.89000000,1728431999999,0.61715627,420,4228.78000000,0.35356581,0
2024-10-09 00:00:00,0.00008369,0.00008399,0.00008342,0.00008343,11122.01000000,1728446399999,0.93316015,450,7569.57000000,0.63529109,0
2024-10-09 04:00:00,0.00008348,0.00008369,0.00008335,0.00008361,4451.36000000,1728460799999,0.37195602,405,2128.43000000,0.17791466,0
2024-10-09 08:00:00,0.00008361,0.00008432,0.00008354,0.00008388,6212.89000000,1728475199999,0.52081280,562,2730.29000000,0.22904194,0
2024-10-09 12:00:00,0.00008389,0.00008398,0.00008281,0.00008344,20878.77000000,1728489599999,1.74240161,1161,7283.24000000,0.60744350,0
2024-10-09 16:00:00,0.00008343,0.00008415,0.00008308,0.00008408,10749.10000000,1728503999999,0.89950323,722,4141.21000000,0.34619187,0
2024-10-09 20:00:00,0.00008408,0.00008412,0.00008276,0.00008355,10681.61000000,1728518399999,0.88890942,662,4668.86000000,0.38818058,0
2024-10-10 00:00:00,0.00008356,0.00008382,0.00008334,0.00008367,3357.34000000,1728532799999,0.28057300,381,553.77000000,0.04629410,0
2024-10-10 04:00:00,0.00008364,0.00008400,0.00008334,0.00008341,4202.86000000,1728547199999,0.35172281,599,1011.57000000,0.08475016,0
2024-10-10 08:00:00,0.00008340,0.00008344,0.00008269,0.00008301,35947.49000000,1728561599999,2.98014420,939,27831.98000000,2.30681545,0
2024-10-10 12:00:00,0.00008307,0.00008332,0.00008232,0.00008329,15063.79000000,1728575999999,1.24756516,867,6407.59000000,0.53049766,0
2024-10-10 16:00:00,0.00008323,0.00008522,0.00008294,0.00008483,26162.39000000,1728590399999,2.20498788,1416,11566.68000000,0.97441101,0
2024-10-10 20:00:00,0.00008488,0.00008519,0.00008465,0.00008517,9250.46000000,1728604799999,0.78558921,572,4108.99000000,0.34899150,0
2024-10-11 00:00:00,0.00008524,0.00008561,0.00008488,0.00008546,8000.08000000,1728619199999,0.68238302,506,3374.13000000,0.28780559,0
2024-10-11 04:00:00,0.00008548,0.00008548,0.00008492,0.00008500,3666.11000000,1728633599999,0.31199946,533,1366.27000000,0.11619706,0
2024-10-11 08:00:00,0.00008503,0.00008554,0.00008491,0.00008534,9716.45000000,1728647999999,0.82808171,952,4208.71000000,0.35855541,0
2024-10-11 12:00:00,0.00008542,0.00008542,0.00008419,0.00008438,11772.87000000,1728662399999,0.99606657,957,4998.23000000,0.42213580,0
2024-10-11 16:00:00,0.00008430,0.00008442,0.00008274,0.00008275,8095.97000000,1728676799999,0.67717404,910,4574.98000000,0.38256295,0
2024-10-11 20:00:00,0.00008282,0.00008378,0.00008277,0.00008336,4556.84000000,1728691199999,0.37995214,347,1795.40000000,0.14946285,0
2024-10-12 00:00:00,0.00008330,0.00008361,0.00008301,0.00008321,3406.92000000,1728705599999,0.28379480,242,1021.67000000,0.08513739,0
2024-10-12 04:00:00,0.00008324,0.00008374,0.00008288,0.00008343,4165.40000000,1728719999999,0.34759612,491,1538.63000000,0.12834830,0
2024-10-12 08:00:00,0.00008344,0.00008415,0.00008343,0.00008385,7698.65000000,1728734399999,0.64590341,819,3430.26000000,0.28782745,0
2024-10-12 12:00:00,0.00008387,0.00008409,0.00008344,0.00008362,8227.87000000,1728748799999,0.68915170,874,4010.93000000,0.33608028,0
2024-10-12 16:00:00,0.00008357,0.00008396,0.00008347,0.00008369,4418.77000000,1728763199999,0.36988559,566,2192.82000000,0.18353758,0
2024-10-12 20:00:00,0.00008370,0.00008384,0.00008283,0.00008297,5920.79000000,1728777599999,0.49354224,511,2107.18000000,0.17559814,0
2024-10-13 00:00:00,0.00008295,0.00008370,0.00008276,0.00008354,4767.19000000,1728791999999,0.39619463,403,1591.15000000,0.13235370,0
2024-10-13 04:00:00,0.00008354,0.00008445,0.00008348,0.00008430,4934.75000000,1728806399999,0.41485787,743,2713.18000000,0.22812904,0
2024-10-13 08:00:00,0.00008437,0.00008443,0.00008378,0.00008386,16161.24000000,1728820799999,1.35774728,828,6333.20000000,0.53211321,0
2024-10-13 12:00:00,0.00008386,0.00008451,0.00008302,0.00008302,20768.18000000,1728835199999,1.74660869,1420,3678.72000000,0.30849361,0
2024-10-13 16:00:00,0.00008302,0.00008325,0.00008180,0.00008224,11962.79000000,1728849599999,0.98590159,1143,4686.77000000,0.38646514,0
2024-10-13 20:00:00,0.00008221,0.00008284,0.00008217,0.00008255,14009.95000000,1728863999999,1.15708576,395,9825.32000000,0.81156972,0
2024-10-14 00:00:00,0.00008259,0.00008290,0.00008191,0.00008207,5911.96000000,1728878399999,0.48756510,357,2438.00000000,0.20096979,0
2024-10-14 04:00:00,0.00008214,0.00008270,0.00008185,0.00008185,13229.02000000,1728892799999,1.08857329,693,5423.21000000,0.44601047,0
2024-10-14 08:00:00,0.00008184,0.00008193,0.00008128,0.00008154,14761.25000000,1728907199999,1.20448350,1077,3532.73000000,0.28838529,0
2024-10-14 12:00:00,0.00008151,0.00008158,0.00008018,0.00008087,12295.24000000,1728921599999,0.99346772,990,6895.60000000,0.55724281,0
2024-10-14 16:00:00,0.00008083,0.00008160,0.00008059,0.00008071,17391.31000000,1728935999999,1.40997319,1376,11681.98000000,0.94718632,0
2024-10-14 20:00:00,0.00008075,0.00008094,0.00008046,0.00008054,4590.53000000,1728950399999,0.37055692,266,2231.43000000,0.18009461,0
2024-10-15 00:00:00,0.00008053,0.00008096,0.00008018,0.00008057,5310.43000000,1728964799999,0.42796110,337,2500.48000000,0.20151109,0
2024-10-15 04:00:00,0.00008043,0.00008062,0.00008004,0.00008022,6451.29000000,1728979199999,0.51810412,497,3883.53000000,0.31182372,0
2024-10-15 08:00:00,0.00008022,0.00008076,0.00007867,0.00007898,10658.03000000,1728993599999,0.85177628,893,5086.49000000,0.40583883,0
2024-10-15 12:00:00,0.00007895,0.00007984,0.00007811,0.00007896,19869.74000000,1729007999999,1.57156114,1015,13451.25000000,1.06439909,0
2024-10-15 16:00:00,0.00007891,0.00007894,0.00007747,0.00007766,7122.64000000,1729022399999,0.55702494,694,3401.19000000,0.26609133,0
2024-10-15 20:00:00,0.00007771,0.00007816,0.00007714,0.00007790,34967.74000000,1729036799999,2.72580195,1273,3279.66000000,0.25476849,0
2024-10-16 00:00:00,0.00007790,0.00007828,0.00007756,0.00007769,3523.26000000,1729051199999,0.27426243,204,1160.59000000,0.09035020,0
2024-10-16 04:00:00,0.00007765,0.00007771,0.00007738,0.00007756,3076.78000000,1729065599999,0.23874555,344,1190.32000000,0.09234833,0
2024-10-16 08:00:00,0.00007755,0.00007779,0.00007680,0.00007751,9485.25000000,1729079999999,0.73276873,751,3978.33000000,0.30730003,0
2024-10-16 12:00:00,0.00007756,0.00007833,0.00007729,0.00007745,18089.91000000,1729094399999,1.40815418,1173,7079.78000000,0.55104653,0
2024-10-16 16:00:00,0.00007741,0.00007755,0.00007712,0.00007721,5399.27000000,1729108799999,0.41726007,612,2773.34000000,0.21431852,0
2024-10-16 20:00:00,0.00007724,0.00007760,0.00007670,0.00007727,10411.26000000,1729123199999,0.80284809,306,918.45000000,0.07110529,0
2024-10-17 00:00:00,0.00007726,0.00007757,0.00007719,0.00007730,3196.59000000,1729137599999,0.24742978,278,1837.64000000,0.14227588,0
2024-10-17 04:00:00,0.00007726,0.00007737,0.00007683,0.00007702,5145.71000000,1729151999999,0.39694393,539,3195.68000000,0.24656097,0
2024-10-17 08:00:00,0.00007698,0.00007717,0.00007644,0.00007647,7274.30000000,1729166399999,0.55864430,518,2652.60000000,0.20379067,0
2024-10-17 12:00:00,0.00007643,0.00007777,0.00007641,0.00007707,17852.62000000,1729180799999,1.37972873,1153,9034.81000000,0.69793083,0
2024-10-17 16:00:00,0.00007704,0.00007733,0.00007653,0.00007712,8981.71000000,1729195199999,0.69063385,655,2441.94000000,0.18764783,0
2024-10-17 20:00:00,0.00007700,0.00007703,0.00007671,0.00007686,4033.56000000,1729209599999,0.31008501,242,700.21000000,0.05382272,0
2024-10-18 00:00:00,0.00007688,0.00007711,0.00007636,0.00007668,2149.21000000,1729223999999,0.16498554,260,751.45000000,0.05768345,0
2024-10-18 04:00:00,0.00007672,0.00007674,0.00007635,0.00007671,3441.91000000,1729238399999,0.26357819,431,1561.19000000,0.11955511,0
2024-10-18 08:00:00,0.00007677,0.00007709,0.00007662,0.00007703,4804.88000000,1729252799999,0.36914401,405,1908.14000000,0.14665371,0
2024-10-18 12:00:00,0.00007703,0.00007711,0.00007596,0.00007609,7623.86000000,1729267199999,0.58358755,478,2677.56000000,0.20507362,0
2024-10-18 16:00:00,0.00007611,0.00007661,0.00007602,0.00007611,7242.25000000,1729281599999,0.55202098,459,4024.77000000,0.30669683,0
2024-10-18 20:00:00,0.00007616,0.00007677,0.00007611,0.00007671,5170.53000000,1729295999999,0.39507291,265,1210.32000000,0.09253984,0
2024-10-19 00:00:00,0.00007672,0.00007709,0.00007666,0.00007697,2885.94000000,1729310399999,0.22178984,255,755.66000000,0.05809583,0
2024-10-19 04:00:00,0.00007700,0.00007721,0.00007688,0.00007701,3097.14000000,1729324799999,0.23868458,358,902.10000000,0.06952304,0
2024-10-19 08:00:00,0.00007702,0.00007724,0.00007670,0.00007681,7444.54000000,1729339199999,0.57307019,692,3238.41000000,0.24934700,0
2024-10-19 12:00:00,0.00007679,0.00007765,0.00007677,0.00007691,12763.00000000,1729353599999,0.98633818,665,9954.43000000,0.77038802,0
2024-10-19 16:00:00,0.00007690,0.00007727,0.00007673,0.00007701,5602.16000000,1729367999999,0.43097661,536,3189.82000000,0.24548691,0
2024-10-19 20:00:00,0.00007702,0.00007713,0.00007687,0.00007703,4233.01000000,1729382399999,0.32589900,287,1178.65000000,0.09078282,0
2024-10-20 00:00:00,0.00007705,0.00007737,0.00007702,0.00007719,2614.56000000,1729396799999,0.20180302,331,971.40000000,0.07497536,0
2024-10-20 04:00:00,0.00007716,0.00007775,0.00007699,0.00007740,13664.22000000,1729411199999,1.05848882,901,4424.09000000,0.34306352,0
2024-10-20 08:00:00,0.00007741,0.00007760,0.00007700,0.00007711,5196.00000000,1729425599999,0.40185133,585,2533.97000000,0.19599345,0
2024-10-20 12:00:00,0.00007706,0.00007741,0.00007686,0.00007711,7498.93000000,1729439999999,0.57801582,783,3328.34000000,0.25658501,0
2024-10-20 16:00:00,0.00007714,0.00007749,0.00007714,0.00007743,4082.64000000,1729454399999,0.31572259,367,1746.65000000,0.13508537,0
2024-10-20 20:00:00,0.00007741,0.00007791,0.00007694,0.00007761,10570.30000000,1729468799999,0.81742488,600,4608.72000000,0.35636106,0
2024-10-21 00:00:00,0.00007762,0.00007803,0.00007736,0.00007758,5194.41000000,1729483199999,0.40372575,324,1924.56000000,0.14959249,0
2024-10-21 04:00:00,0.00007755,0.00007796,0.00007732,0.00007783,4456.79000000,1729497599999,0.34633008,398,1440.10000000,0.11186579,0
2024-10-21 08:00:00,0.00007779,0.00007798,0.00007725,0.00007729,5907.79000000,1729511999999,0.45837151,481,2522.90000000,0.19586407,0
2024-10-21 12:00:00,0.00007729,0.00007773,0.00007692,0.00007740,8491.14000000,1729526399999,0.65634900,830,4044.31000000,0.31276611,0
2024-10-21 16:00:00,0.00007736,0.00007762,0.00007704,0.00007724,4761.99000000,1729540799999,0.36749774,415,1576.23000000,0.12178526,0
2024-10-21 20:00:00,0.00007715,0.00007729,0.00007700,0.00007708,3905.46000000,1729555199999,0.30133089,225,1120.54000000,0.08648337,0
2024-10-22 00:00:00,0.00007708,0.00007758,0.00007708,0.00007757,5332.48000000,1729569599999,0.41266544,258,3228.25000000,0.24993574,0
2024-10-22 04:00:00,0.00007756,0.00007817,0.00007741,0.00007806,4665.55000000,1729583999999,0.36291356,504,1092.83000000,0.08511869,0
2024-10-22 08:00:00,0.00007815,0.00007846,0.00007783,0.00007790,5763.56000000,1729598399999,0.44999580,580,2140.47000000,0.16707122,0
2024-10-22 12:00:00,0.00007792,0.00007820,0.00007770,0.00007790,9918.84000000,1729612799999,0.77246928,826,3678.93000000,0.28651046,0
2024-10-22 16:00:00,0.00007791,0.00007832,0.00007672,0.00007729,8757.44000000,1729627199999,0.67905716,528,1637.40000000,0.12720495,0
2024-10-22 20:00:00,0.00007727,0.00007762,0.00007726,0.00007748,1729.92000000,1729641599999,0.13391573,255,601.53000000,0.04655485,0
2024-10-23 00:00:00,0.00007748,0.00007761,0.00007734,0.00007743,2345.43000000,1729655999999,0.18171834,290,1273.49000000,0.09869447,0
2024-10-23 04:00:00,0.00007742,0.00007778,0.00007733,0.00007751,3846.21000000,1729670399999,0.29802971,325,787.81000000,0.06108875,0
2024-10-23 08:00:00,0.00007751,0.00007799,0.00007745,0.00007765,4882.98000000,1729684799999,0.37927952,386,2438.06000000,0.18930214,0
2024-10-23 12:00:00,0.00007755,0.00007768,0.00007723,0.00007748,5773.82000000,1729699199999,0.44747307,518,2130.41000000,0.16510350,0
2024-10-23 16:00:00,0.00007738,0.00007761,0.00007656,0.00007703,22178.48000000,1729713599999,1.70909321,1480,9743.22000000,0.75140520,0
2024-10-23 20:00:00,0.00007695,0.00007708,0.00007652,0.00007706,6882.73000000,1729727999999,0.52920412,413,1385.29000000,0.10638323,0
2024-10-24 00:00:00,0.00007709,0.00007717,0.00007658,0.00007670,1753.10000000,1729742399999,0.13469195,189,711.56000000,0.05467840,0
2024-10-24 04:00:00,0.00007664,0.00007691,0.00007650,0.00007661,3447.46000000,1729756799999,0.26447866,487,1615.82000000,0.12394419,0
2024-10-24 08:00:00,0.00007659,0.00007683,0.00007634,0.00007663,4601.23000000,1729771199999,0.35251716,404,1933.70000000,0.14809603,0
2024-10-24 12:00:00,0.00007661,0.00007673,0.00007590,0.00007608,8014.98000000,1729785599999,0.61184983,894,4783.88000000,0.36516532,0
2024-10-24 16:00:00,0.00007603,0.00007644,0.00007559,0.00007562,3387.47000000,1729799999999,0.25751014,507,1282.15000000,0.09758290,0
2024-10-24 20:00:00,0.00007563,0.00007573,0.00007500,0.00007516,5520.22000000,1729814399999,0.41595539,448,3424.62000000,0.25791452,0
2024-10-25 00:00:00,0.00007511,0.00007534,0.00007494,0.00007534,1653.50000000,1729828799999,0.12413218,220,539.03000000,0.04046834,0
2024-10-25 04:00:00,0.00007535,0.00007555,0.00007481,0.00007550,6690.73000000,1729843199999,0.50331077,518,3715.07000000,0.27968870,0
2024-10-25 08:00:00,0.00007548,0.00007573,0.00007411,0.00007421,8738.52000000,1729857599999,0.65526446,730,3431.08000000,0.25676453,0
2024-10-25 12:00:00,0.00007422,0.00007435,0.00007333,0.00007421,7336.85000000,1729871999999,0.54172196,920,4443.70000000,0.32797946,0
2024-10-25 16:00:00,0.00007419,0.00007428,0.00007324,0.00007389,11414.65000000,1729886399999,0.84227236,982,6288.54000000,0.46392115,0
2024-10-25 20:00:00,0.00007383,0.00007405,0.00006944,0.00007166,31038.68000000,1729900799999,2.21851136,927,12705.81000000,0.91358472,0
2024-10-26 00:00:00,0.00007159,0.00007286,0.00007118,0.00007284,10210.78000000,1729915199999,0.73567396,442,7528.91000000,0.54220956,0
2024-10-26 04:00:00,0.00007279,0.00007427,0.00007276,0.00007416,7680.40000000,1729929599999,0.56401844,693,4484.26000000,0.32923424,0
2024-10-26 08:00:00,0.00007422,0.00007454,0.00007341,0.00007352,4764.39000000,1729943999999,0.35295339,468,2104.66000000,0.15566940,0
2024-10-26 12:00:00,0.00007353,0.00007355,0.00007250,0.00007289,8521.55000000,1729958399999,0.62175613,1127,3490.93000000,0.25529110,0
2024-10-26 16:00:00,0.00007286,0.00007353,0.00007284,0.00007343,4934.36000000,1729972799999,0.36149319,608,3383.16000000,0.24789635,0
2024-10-26 20:00:00,0.00007342,0.00007347,0.00007307,0.00007337,3586.11000000,1729987199999,0.26288311,530,2706.97000000,0.19840745,0
2024-10-27 00:00:00,0.00007339,0.00007357,0.00007323,0.00007350,1446.60000000,1730001599999,0.10617077,213,1130.26000000,0.08294386,0
2024-10-27 04:00:00,0.00007350,0.00007390,0.00007330,0.00007390,4039.85000000,1730015999999,0.29729888,387,2827.58000000,0.20812613,0
2024-10-27 08:00:00,0.00007388,0.00007388,0.00007336,0.00007337,6121.97000000,1730030399999,0.45113242,550,3996.97000000,0.29470318,0
2024-10-27 12:00:00,0.00007337,0.00007338,0.00007259,0.00007292,6620.06000000,1730044799999,0.48306863,779,3146.01000000,0.22941221,0
2024-10-27 16:00:00,0.00007291,0.00007315,0.00007270,0.00007270,5340.85000000,1730059199999,0.38932259,741,3392.21000000,0.24725166,0
2024-10-27 20:00:00,0.00007272,0.00007343,0.00007256,0.00007343,4476.94000000,1730073599999,0.32601851,503,2393.05000000,0.17428866,0
2024-10-28 00:00:00,0.00007342,0.00007363,0.00007307,0.00007317,3835.08000000,1730087999999,0.28116091,303,1791.96000000,0.13139537,0
2024-10-28 04:00:00,0.00007313,0.00007325,0.00007261,0.00007286,5181.04000000,1730102399999,0.37833232,468,1908.25000000,0.13921252,0
2024-10-28 08:00:00,0.00007283,0.00007354,0.00007250,0.00007254,3460.49000000,1730116799999,0.25226555,481,1880.45000000,0.13708740,0
2024-10-28 12:00:00,0.00007253,0.00007324,0.00007190,0.00007286,13966.05000000,1730131199999,1.01387212,1259,9886.15000000,0.71839867,0
2024-10-28 16:00:00,0.00007283,0.00007308,0.00007143,0.00007175,12866.71000000,1730145599999,0.92738642,1025,4973.11000000,0.35843442,0
2024-10-28 20:00:00,0.00007182,0.00007218,0.00007155,0.00007175,10767.78000000,1730159999999,0.77351334,408,3359.21000000,0.24134618,0
2024-10-29 00:00:00,0.00007168,0.00007228,0.00007077,0.00007119,11727.91000000,1730174399999,0.83806722,417,3169.69000000,0.22640553,0
2024-10-29 04:00:00,0.00007117,0.00007122,0.00007056,0.00007062,5536.36000000,1730188799999,0.39231062,433,3546.68000000,0.25130829,0
2024-10-29 08:00:00,0.00007057,0.00007082,0.00007000,0.00007005,9361.04000000,1730203199999,0.65905963,583,4083.77000000,0.28735222,0
2024-10-29 12:00:00,0.00007005,0.00007140,0.00006950,0.00006963,18733.00000000,1730217599999,1.31996535,1060,13723.18000000,0.96828886,0
2024-10-29 16:00:00,0.00006965,0.00007074,0.00006934,0.00006974,16859.18000000,1730231999999,1.17943548,822,7147.31000000,0.49961812,0
2024-10-29 20:00:00,0.00006973,0.00006981,0.00006891,0.00006901,3973.99000000,1730246399999,0.27618839,375,1950.10000000,0.13568166,0
2024-10-30 00:00:00,0.00006896,0.00007010,0.00006896,0.00006998,3854.49000000,1730260799999,0.26797835,249,1422.24000000,0.09897339,0
2024-10-30 04:00:00,0.00006998,0.00007008,0.00006920,0.00006981,9121.90000000,1730275199999,0.63512569,475,4171.43000000,0.29031191,0
2024-10-30 08:00:00,0.00006984,0.00007004,0.00006927,0.00006932,13630.95000000,1730289599999,0.94861170,740,8403.13000000,0.58550566,0
2024-10-30 12:00:00,0.00006921,0.00006989,0.00006882,0.00006926,7838.30000000,1730303999999,0.54369151,570,5468.32000000,0.37917973,0
2024-10-30 16:00:00,0.00006925,0.00006956,0.00006919,0.00006947,4094.30000000,1730318399999,0.28391820,506,2694.38000000,0.18685794,0
2024-10-30 20:00:00,0.00006954,0.00006959,0.00006880,0.00006896,2446.97000000,1730332799999,0.16916711,282,1193.88000000,0.08254443,0
2024-10-31 00:00:00,0.00006898,0.00006931,0.00006875,0.00006881,2432.13000000,1730347199999,0.16770697,299,1251.23000000,0.08624241,0
2024-10-31 04:00:00,0.00006876,0.00006884,0.00006818,0.00006829,3197.20000000,1730361599999,0.21916948,410,1602.83000000,0.10987670,0
2024-10-31 08:00:00,0.00006829,0.00006832,0.00006773,0.00006826,7761.71000000,1730375999999,0.52833095,951,4881.42000000,0.33237276,0
2024-10-31 12:00:00,0.00006829,0.00006893,0.00006774,0.00006893,60863.26000000,1730390399999,4.13853521,1222,45300.98000000,3.07848988,0
2024-10-31 16:00:00,0.00006895,0.00006895,0.00006762,0.00006818,7983.95000000,1730404799999,0.54468802,588,3233.60000000,0.22045248,0
2024-10-31 20:00:00,0.00006818,0.00006892,0.00006818,0.00006892,4259.14000000,1730419199999,0.29198712,365,2139.23000000,0.14667677,0
2024-11-01 00:00:00,0.00006892,0.00006993,0.00006892,0.00006992,10674.22000000,1730433599999,0.74295646,433,3888.63000000,0.27011736,0
2024-11-01 04:00:00,0.00006999,0.00007006,0.00006942,0.00006983,4363.97000000,1730447999999,0.30442195,362,2820.93000000,0.19670379,0
2024-11-01 08:00:00,0.00006985,0.00007014,0.00006962,0.00006981,6095.97000000,1730462399999,0.42605217,538,4140.13000000,0.28933254,0
2024-11-01 12:00:00,0.00006986,0.00007088,0.00006891,0.00007076,15753.40000000,1730476799999,1.09959767,1298,9231.68000000,0.64458762,0
2024-11-01 16:00:00,0.00007078,0.00007132,0.00006988,0.00007087,10875.17000000,1730491199999,0.76903156,742,4062.91000000,0.28703193,0
2024-11-01 20:00:00,0.00007102,0.00007106,0.00007034,0.00007036,4650.80000000,1730505599999,0.32889163,377,1519.02000000,0.10730954,0
2024-11-02 00:00:00,0.00007044,0.00007110,0.00007039,0.00007090,9425.79000000,1730519999999,0.66635008,308,4975.44000000,0.35178303,0
2024-11-02 04:00:00,0.00007095,0.00007104,0.00007053,0.00007084,4101.83000000,1730534399999,0.29054738,402,2429.12000000,0.17203894,0
2024-11-02 08:00:00,0.00007085,0.00007119,0.00007075,0.00007079,5373.89000000,1730548799999,0.38114452,727,2475.23000000,0.17557000,0
2024-11-02 12:00:00,0.00007079,0.00007092,0.00007032,0.00007038,6351.19000000,1730563199999,0.44830939,756,3385.87000000,0.23901336,0
2024-11-02 16:00:00,0.00007041,0.00007058,0.00006996,0.00007010,5419.42000000,1730577599999,0.38085620,583,2500.99000000,0.17571359,0
2024-11-02 20:00:00,0.00007010,0.00007036,0.00006994,0.00007029,1828.45000000,1730591999999,0.12828458,255,1288.17000000,0.09036063,0
2024-11-03 00:00:00,0.00007027,0.00007058,0.00006954,0.00007007,7391.19000000,1730606399999,0.51756337,572,4559.52000000,0.31914544,0
2024-11-03 04:00:00,0.00007002,0.00007039,0.00006994,0.00007030,3016.17000000,1730620799999,0.21165411,232,1721.42000000,0.12080187,0
2024-11-03 08:00:00,0.00007032,0.00007076,0.00007014,0.00007020,5460.08000000,1730635199999,0.38447150,475,2232.94000000,0.15727436,0
2024-11-03 12:00:00,0.00007022,0.00007032,0.00006895,0.00006939,10461.69000000,1730649599999,0.72687643,775,7602.58000000,0.52823056,0
2024-11-03 16:00:00,0.00006931,0.00006982,0.00006913,0.00006976,9369.39000000,1730663999999,0.65126214,786,5534.86000000,0.38470548,0
2024-11-03 20:00:00,0.00006978,0.00007015,0.00006963,0.00007009,4774.65000000,1730678399999,0.33361751,301,2353.11000000,0.16447651,0
2024-11-04 00:00:00,0.00007010,0.00007063,0.00007008,0.00007046,6971.59000000,1730692799999,0.49136228,254,4040.93000000,0.28492675,0
2024-11-04 04:00:00,0.00007054,0.00007088,0.00007042,0.00007065,2738.41000000,1730707199999,0.19346949,168,944.27000000,0.06675151,0
2024-11-04 08:00:00,0.00007068,0.00007091,0.00007028,0.00007032,7657.20000000,1730721599999,0.54020273,657,3684.96000000,0.25998403,0
2024-11-04 12:00:00,0.00007031,0.00007050,0.00006991,0.00006993,5973.52000000,1730735999999,0.41989105,501,3785.75000000,0.26605719,0
2024-11-04 16:00:00,0.00006986,0.00007083,0.00006973,0.00007042,7976.75000000,1730750399999,0.56068556,496,3047.17000000,0.21403516,0
2024-11-04 20:00:00,0.00007046,0.00007079,0.00006919,0.00006925,10401.38000000,1730764799999,0.72822133,725,4560.44000000,0.31894719,0
2024-11-05 00:00:00,0.00006930,0.00006947,0.00006773,0.00006774,14446.69000000,1730779199999,0.98704861,691,7348.53000000,0.50200262,0
2024-11-05 04:00:00,0.00006775,0.00006787,0.00006642,0.00006673,34376.18000000,1730793599999,2.29943748,2380,6643.57000000,0.44607672,0
2024-11-05 08:00:00,0.00006672,0.00006706,0.00006601,0.00006699,14555.84000000,1730807999999,0.96941596,875,8631.73000000,0.57484598,0
2024-11-05 12:00:00,0.00006697,0.00006721,0.00006656,0.00006698,19634.23000000,1730822399999,1.31363693,1185,10650.64000000,0.71263082,0
2024-11-05 16:00:00,0.00006697,0.00006762,0.00006675,0.00006745,10009.44000000,1730836799999,0.67308020,577,5538.82000000,0.37275311,0
2024-11-05 20:00:00,0.00006746,0.00006765,0.00006682,0.00006728,5114.98000000,1730851199999,0.34411871,274,2225.42000000,0.14974846,0
2024-11-06 00:00:00,0.00006743,0.00006760,0.00006443,0.00006463,27616.62000000,1730865599999,1.81357625,1092,14846.02000000,0.97981956,0
2024-11-06 04:00:00,0.00006460,0.00006522,0.00006387,0.00006496,26284.52000000,1730879999999,1.69618058,1266,12882.49000000,0.83226361,0
2024-11-06 08:00:00,0.00006488,0.00006495,0.00006380,0.00006416,18100.96000000,1730894399999,1.16479456,1107,8831.26000000,0.56777148,0
2024-11-06 12:00:00,0.00006407,0.00006415,0.00006269,0.00006282,33167.35000000,1730908799999,2.09936524,1688,13833.18000000,0.87449345,0
2024-11-06 16:00:00,0.00006291,0.00006391,0.00006217,0.00006217,19370.99000000,1730923199999,1.22469989,665,9840.27000000,0.62187620,0
2024-11-06 20:00:00,0.00006218,0.00006358,0.00006200,0.00006344,35810.70000000,1730937599999,2.26245091,779,22542.97000000,1.42608354,0
2024-11-07 00:00:00,0.00006348,0.00006716,0.00006309,0.00006595,45808.34000000,1730951999999,2.98040432,1050,22136.38000000,1.44226957,0
2024-11-07 04:00:00,0.00006609,0.00006631,0.00006395,0.00006453,19336.81000000,1730966399999,1.26086455,1091,9622.66000000,0.62834397,0
2024-11-07 08:00:00,0.00006447,0.00006543,0.00006416,0.00006505,11260.97000000,1730980799999,0.73004765,557,4474.39000000,0.28977387,0
2024-11-07 12:00:00,0.00006508,0.00006564,0.00006437,0.00006470,12389.29000000,1730995199999,0.80409103,761,5043.29000000,0.32769650,0
2024-11-07 16:00:00,0.00006471,0.00006504,0.00006408,0.00006427,15575.45000000,1731009599999,1.00374822,1220,9379.11000000,0.60465346,0
2024-11-07 20:00:00,0.00006426,0.00006517,0.00006407,0.00006470,14079.60000000,1731023999999,0.90999619,944,8246.43000000,0.53269000,0
2024-11-08 00:00:00,0.00006470,0.00006538,0.00006414,0.00006419,13721.01000000,1731038399999,0.88925178,662,6101.44000000,0.39583795,0
2024-11-08 04:00:00,0.00006419,0.00006455,0.00006386,0.00006392,6686.08000000,1731052799999,0.42955199,683,3615.08000000,0.23219149,0
2024-11-08 08:00:00,0.00006389,0.00006465,0.00006379,0.00006462,11572.35000000,1731067199999,0.74221538,1097,4167.90000000,0.26732931,0
2024-11-08 12:00:00,0.00006462,0.00006530,0.00006454,0.00006506,14750.19000000,1731081599999,0.95872374,1361,7219.75000000,0.46921854,0
2024-11-08 16:00:00,0.00006503,0.00006521,0.00006342,0.00006352,18957.40000000,1731095999999,1.21623765,1335,8001.61000000,0.51355283,0
2024-11-08 20:00:00,0.00006355,0.00006454,0.00006334,0.00006438,9278.51000000,1731110399999,0.59342115,704,5143.15000000,0.32888261,0
2024-11-09 00:00:00,0.00006435,0.00006521,0.00006414,0.00006520,9025.95000000,1731124799999,0.58392143,719,4655.35000000,0.30139002,0
2024-11-09 04:00:00,0.00006521,0.00006728,0.00006488,0.00006718,20932.19000000,1731139199999,1.38642736,1679,10286.05000000,0.68116823,0
2024-11-09 08:00:00,0.00006721,0.00006821,0.00006641,0.00006816,51358.26000000,1731153599999,3.45895875,3036,16910.05000000,1.14095256,0
2024-11-09 12:00:00,0.00006821,0.00006935,0.00006820,0.00006911,32336.48000000,1731167999999,2.22086110,2062,20177.87000000,1.38549256,0
2024-11-09 16:00:00,0.00006913,0.00006932,0.00006793,0.00006831,20755.99000000,1731182399999,1.42262513,1998,8323.64000000,0.56994274,0
2024-11-09 20:00:00,0.00006830,0.00006910,0.00006820,0.00006833,9606.87000000,1731196799999,0.65995263,780,5873.82000000,0.40348416,0
2024-11-10 00:00:00,0.00006835,0.00007072,0.00006803,0.00007039,26459.61000000,1731211199999,1.83797123,1330,14820.57000000,1.03003339,0
2024-11-10 04:00:00,0.00007036,0.00007055,0.00006807,0.00006909,24059.81000000,1731225599999,1.66090306,2162,12376.14000000,0.85400248,0
2024-11-10 08:00:00,0.00006906,0.00007017,0.00006869,0.00006919,27298.99000000,1731239999999,1.89718763,1900,10883.46000000,0.75611135,0
2024-11-10 12:00:00,0.00006919,0.00006923,0.00006736,0.00006810,55674.68000000,1731254399999,3.80411758,3766,24341.85000000,1.66213645,0
2024-11-10 16:00:00,0.00006811,0.00006845,0.00006615,0.00006650,36509.43000000,1731268799999,2.46398247,2258,20153.28000000,1.36155349,0
2024-11-10 20:00:00,0.00006652,0.00006675,0.00006391,0.00006561,38602.02000000,1731283199999,2.52659374,1848,17338.10000000,1.13295807,0
2024-11-11 00:00:00,0.00006562,0.00006703,0.00006558,0.00006629,17376.93000000,1731297599999,1.15238137,1091,10052.24000000,0.66685472,0
2024-11-11 04:00:00,0.00006628,0.00006667,0.00006430,0.00006506,15268.28000000,1731311999999,0.99444207,909,7441.99000000,0.48538520,0
2024-11-11 08:00:00,0.00006508,0.00007087,0.00006467,0.00006506,28477.60000000,1731326399999,1.85790360,1916,15873.90000000,1.03815403,0
2024-11-11 12:00:00,0.00006506,0.00006518,0.00006375,0.00006379,25368.74000000,1731340799999,1.63449582,1285,12090.39000000,0.77889021,0
2024-11-11 16:00:00,0.00006374,0.00006448,0.00006215,0.00006230,39930.90000000,1731355199999,2.53368706,1537,17633.97000000,1.11670718,0
2024-11-11 20:00:00,0.00006233,0.00006258,0.00006058,0.00006199,62050.51000000,1731369599999,3.83192804,1610,42555.38000000,2.62809349,0
2024-11-12 00:00:00,0.00006204,0.00006289,0.00006041,0.00006249,32316.02000000,1731383999999,1.99530089,909,20069.18000000,1.23974313,0
2024-11-12 04:00:00,0.00006258,0.00006289,0.00006164,0.00006228,23257.49000000,1731398399999,1.44611219,1171,13069.37000000,0.81253675,0
2024-11-12 08:00:00,0.00006235,0.00006420,0.00005966,0.00006064,57391.93000000,1731412799999,3.53876576,2478,34014.41000000,2.09654888,0
2024-11-12 12:00:00,0.00006058,0.00006153,0.00005981,0.00006103,21450.39000000,1731427199999,1.30239936,1021,11165.15000000,0.67773477,0
2024-11-12 16:00:00,0.00006100,0.00006109,0.00006020,0.00006095,12570.73000000,1731441599999,0.76245620,751,7327.22000000,0.44438066,0
2024-11-12 20:00:00,0.00006096,0.00006296,0.00006056,0.00006218,18589.91000000,1731455999999,1.15099228,812,11124.91000000,0.68772117,0
2024-11-13 00:00:00,0.00006221,0.00006304,0.00006058,0.00006073,18462.97000000,1731470399999,1.14095424,761,8704.30000000,0.53796066,0
2024-11-13 04:00:00,0.00006072,0.00006098,0.00005954,0.00006007,21774.99000000,1731484799999,1.31162957,1817,8427.02000000,0.50734212,0
2024-11-13 08:00:00,0.00006008,0.00006045,0.00005944,0.00006015,52059.51000000,1731499199999,3.12172822,5540,8367.00000000,0.50157627,0
2024-11-13 12:00:00,0.00006007,0.00006077,0.00005831,0.00005835,35909.87000000,1731513599999,2.14504709,1549,17716.09000000,1.06023659,0
2024-11-13 16:00:00,0.00005839,0.00005850,0.00005728,0.00005734,23106.74000000,1731527999999,1.33473773,1016,10453.94000000,0.60385540,0
2024-11-13 20:00:00,0.00005755,0.00005874,0.00005730,0.00005819,14755.59000000,1731542399999,0.85750887,620,7979.97000000,0.46318662,0
2024-11-14 00:00:00,0.00005818,0.00006049,0.00005804,0.00006002,19596.95000000,1731556799999,1.15993844,541,10667.18000000,0.63086459,0
2024-11-14 04:00:00,0.00006000,0.00006082,0.00005974,0.00005977,12463.95000000,1731571199999,0.75010311,528,5190.09000000,0.31266097,0
2024-11-14 08:00:00,0.00005984,0.00006028,0.00005793,0.00005828,14635.70000000,1731585599999,0.86715276,833,8364.53000000,0.49604583,0
2024-11-14 12:00:00,0.00005827,0.00005950,0.00005810,0.00005946,20277.54000000,1731599999999,1.18875165,834,9263.45000000,0.54345097,0
2024-11-14 16:00:00,0.00005947,0.00006009,0.00005933,0.00005981,10424.61000000,1731614399999,0.62224074,473,6184.70000000,0.36922888,0
2024-11-14 20:00:00,0.00005990,0.00006167,0.00005960,0.00005995,21645.73000000,1731628799999,1.31282528,721,11721.40000000,0.71094478,0
2024-11-15 00:00:00,0.00005997,0.00006023,0.00005948,0.00005988,6195.37000000,1731643199999,0.37080701,309,3831.74000000,0.22932440,0
2024-11-15 04:00:00,0.00005989,0.00006004,0.00005914,0.00005987,8415.01000000,1731657599999,0.50199677,450,4521.70000000,0.26953487,0
2024-11-15 08:00:00,0.00005982,0.00005988,0.00005923,0.00005939,8475.47000000,1731671999999,0.50461164,394,3325.29000000,0.19804640,0
2024-11-15 12:00:00,0.00005949,0.00006079,0.00005893,0.00006033,20690.03000000,1731686399999,1.23960513,760,9590.27000000,0.57500414,0
2024-11-15 16:00:00,0.00006032,0.00006038,0.00005889,0.00005905,13314.89000000,1731700799999,0.79386666,676,6745.34000000,0.40181875,0
2024-11-15 20:00:00,0.00005898,0.00005932,0.00005845,0.00005913,10069.58000000,1731715199999,0.59336814,447,5546.44000000,0.32677789,0
2024-11-16 00:00:00,0.00005904,0.00005955,0.00005890,0.00005955,7095.78000000,1731729599999,0.42026654,257,4341.88000000,0.25699862,0
2024-11-16 04:00:00,0.00005959,0.00005986,0.00005890,0.00005938,8262.77000000,1731743999999,0.49015087,371,4475.18000000,0.26546819,0
2024-11-16 08:00:00,0.00005935,0.00006143,0.00005907,0.00006139,44636.56000000,1731758399999,2.70899312,1285,22255.40000000,1.34854298,0
2024-11-16 12:00:00,0.00006135,0.00006297,0.00006075,0.00006200,39608.88000000,1731772799999,2.45446294,1529,19706.24000000,1.22129780,0
2024-11-16 16:00:00,0.00006196,0.00006381,0.00006156,0.00006374,33509.87000000,1731787199999,2.10165144,1401,16379.54000000,1.02935553,0
2024-11-16 20:00:00,0.00006369,0.00006399,0.00006217,0.00006235,12374.80000000,1731801599999,0.77981124,509,6313.93000000,0.39809879,0
2024-11-17 00:00:00,0.00006235,0.00006304,0.00006028,0.00006090,17419.48000000,1731815999999,1.07000183,618,9614.82000000,0.59235883,0
2024-11-17 04:00:00,0.00006092,0.00006245,0.00006065,0.00006201,9089.66000000,1731830399999,0.56223424,447,4861.68000000,0.30049013,0
2024-11-17 08:00:00,0.00006202,0.00006240,0.00006009,0.00006011,20707.34000000,1731844799999,1.26156447,851,14853.21000000,0.90319461,0
2024-11-17 12:00:00,0.00006017,0.00006078,0.00006008,0.00006047,10698.46000000,1731859199999,0.64580905,1104,8115.51000000,0.48968939,0
2024-11-17 16:00:00,0.00006045,0.00006081,0.00005939,0.00005983,6173.63000000,1731873599999,0.37199142,399,3229.20000000,0.19458650,0
2024-11-17 20:00:00,0.00005977,0.00005996,0.00005952,0.00005990,13890.92000000,1731887999999,0.83057435,1254,4798.10000000,0.28693284,0
2024-11-18 00:00:00,0.00005991,0.00006070,0.00005979,0.00006064,5921.14000000,1731902399999,0.35626937,213,1922.69000000,0.11581478,0
2024-11-18 04:00:00,0.00006068,0.00006101,0.00006005,0.00006029,5378.06000000,1731916799999,0.32538877,370,3270.28000000,0.19793765,0
2024-11-18 08:00:00,0.00006027,0.00006032,0.00005940,0.00006018,9355.00000000,1731931199999,0.55946851,756,3601.82000000,0.21531652,0
2024-11-18 12:00:00,0.00006019,0.00006079,0.00005976,0.00005994,10672.71000000,1731945599999,0.64376596,939,5530.54000000,0.33397378,0
2024-11-18 16:00:00,0.00005979,0.00006146,0.00005961,0.00006079,12046.50000000,1731959999999,0.73085958,597,6604.92000000,0.40063334,0
2024-11-18 20:00:00,0.00006075,0.00006169,0.00006037,0.00006160,10216.50000000,1731974399999,0.62346779,377,6621.77000000,0.40414323,0
2024-11-19 00:00:00,0.00006168,0.00006241,0.00006143,0.00006147,7942.85000000,1731988799999,0.49228763,250,5353.70000000,0.33189091,0
2024-11-19 04:00:00,0.00006144,0.00006144,0.00006070,0.00006095,6830.78000000,1732003199999,0.41715760,436,2392.37000000,0.14618672,0
2024-11-19 08:00:00,0.00006093,0.00006152,0.00006074,0.00006096,7987.62000000,1732017599999,0.48870158,578,3490.42000000,0.21341598,0
2024-11-19 12:00:00,0.00006097,0.00006108,0.00005960,0.00005966,9543.70000000,1732031999999,0.57436921,672,5071.29000000,0.30487381,0
2024-11-19 16:00:00,0.00005965,0.00005995,0.00005857,0.00005891,6750.94000000,1732046399999,0.40003190,494,3968.41000000,0.23502827,0
2024-11-19 20:00:00,0.00005892,0.00005921,0.00005857,0.00005913,8653.55000000,1732060799999,0.50869484,360,2535.68000000,0.14917612,0
2024-11-20 00:00:00,0.00005902,0.00005905,0.00005795,0.00005847,5960.99000000,1732075199999,0.34917967,241,2290.65000000,0.13430591,0
2024-11-20 04:00:00,0.00005846,0.00005874,0.00005822,0.00005848,4520.55000000,1732089599999,0.26482123,227,3508.73000000,0.20554073,0
2024-11-20 08:00:00,0.00005846,0.00005863,0.00005789,0.00005794,3123.17000000,1732103999999,0.18218018,319,1860.58000000,0.10854953,0
2024-11-20 12:00:00,0.00005785,0.00005792,0.00005561,0.00005601,60902.38000000,1732118399999,3.45866826,1491,27653.06000000,1.57495343,0
2024-11-20 16:00:00,0.00005604,0.00005644,0.00005521,0.00005573,23067.80000000,1732132799999,1.28517127,887,9760.12000000,0.54415851,0
2024-11-20 20:00:00,0.00005563,0.00005678,0.00005539,0.00005608,4389.92000000,1732147199999,0.24702954,255,2003.79000000,0.11283771,0
2024-11-21 00:00:00,0.00005603,0.00005649,0.00005496,0.00005503,9351.72000000,1732161599999,0.52004018,395,3729.98000000,0.20829982,0
2024-11-21 04:00:00,0.00005503,0.00005657,0.00005456,0.00005657,53386.13000000,1732175999999,2.97387775,1975,37836.83000000,2.11068454,0
2024-11-21 08:00:00,0.00005658,0.00005774,0.00005513,0.00005563,46685.28000000,1732190399999,2.62175082,3046,17141.28000000,0.96859919,0
2024-11-21 12:00:00,0.00005552,0.00005710,0.00005552,0.00005664,63888.33000000,1732204799999,3.62319793,5082,10423.79000000,0.58979083,0
2024-11-21 16:00:00,0.00005672,0.00005704,0.00005560,0.00005606,10707.96000000,1732219199999,0.60299028,495,4560.85000000,0.25646568,0
2024-11-21 20:00:00,0.00005603,0.00005608,0.00005561,0.00005608,5913.90000000,1732233599999,0.33037820,283,3563.51000000,0.19906958,0
2024-11-22 00:00:00,0.00005607,0.00005654,0.00005567,0.00005608,7693.24000000,1732247999999,0.43186227,424,3244.94000000,0.18221200,0
2024-11-22 04:00:00,0.00005611,0.00005656,0.00005526,0.00005535,15557.38000000,1732262399999,0.87100106,677,9893.69000000,0.55381940,0
2024-11-22 08:00:00,0.00005531,0.00005602,0.00005531,0.00005589,8231.18000000,1732276799999,0.45854527,611,3605.77000000,0.20073953,0
2024-11-22 12:00:00,0.00005584,0.00005640,0.00005542,0.00005564,15944.28000000,1732291199999,0.89048478,984,7958.70000000,0.44464678,0
2024-11-22 16:00:00,0.00005575,0.00005584,0.00005468,0.00005535,24510.08000000,1732305599999,1.35084530,1162,20469.28000000,1.12770719,0
2024-11-22 20:00:00,0.00005534,0.00005563,0.00005397,0.00005510,30793.99000000,1732319999999,1.68766670,751,11326.39000000,0.62103348,0
2024-11-23 00:00:00,0.00005511,0.00005656,0.00005511,0.00005637,20256.91000000,1732334399999,1.13274588,697,10099.73000000,0.56383329,0
2024-11-23 04:00:00,0.00005636,0.00005740,0.00005611,0.00005724,18067.05000000,1732348799999,1.02201247,1031,9914.82000000,0.56106413,0
2024-11-23 08:00:00,0.00005725,0.00005805,0.00005689,0.00005760,31165.52000000,1732363199999,1.79363700,3026,11999.45000000,0.69050210,0
2024-11-23 12:00:00,0.00005769,0.00006519,0.00005753,0.00006372,161386.88000000,1732377599999,9.99981696,4769,70943.71000000,4.40735293,0
2024-11-23 16:00:00,0.00006345,0.00006740,0.00006208,0.00006453,79950.94000000,1732391999999,5.21655216,2739,50018.36000000,3.26701412,0
2024-11-23 20:00:00,0.00006466,0.00006673,0.00006320,0.00006456,26673.96000000,1732406399999,1.74052010,914,14437.16000000,0.94241363,0
2024-11-24 00:00:00,0.00006468,0.00006648,0.00006464,0.00006522,31237.56000000,1732420799999,2.04772211,850,12643.91000000,0.82904395,0
2024-11-24 04:00:00,0.00006522,0.00006705,0.00006498,0.00006531,31083.99000000,1732435199999,2.05295262,1329,19142.15000000,1.26567798,0
2024-11-24 08:00:00,0.00006528,0.00006557,0.00006165,0.00006180,36185.02000000,1732449599999,2.30726805,1425,15559.54000000,1.00023594,0
2024-11-24 12:00:00,0.00006170,0.00006243,0.00005994,0.00006131,53125.61000000,1732463999999,3.25564641,2636,24755.90000000,1.51887674,0
2024-11-24 16:00:00,0.00006132,0.00006444,0.00006108,0.00006289,33968.05000000,1732478399999,2.14085233,1382,14688.64000000,0.92304353,0
2024-11-24 20:00:00,0.00006280,0.00006330,0.00006250,0.00006278,13437.64000000,1732492799999,0.84497227,479,5568.23000000,0.35034173,0
2024-11-25 00:00:00,0.00006279,0.00006310,0.00006147,0.00006213,12108.90000000,1732507199999,0.75197166,615,5602.88000000,0.34826742,0
2024-11-25 04:00:00,0.00006201,0.00006294,0.00006187,0.00006228,11509.99000000,1732521599999,0.71791852,608,6129.05000000,0.38229639,0
2024-11-25 08:00:00,0.00006227,0.00006391,0.00006222,0.00006350,24529.06000000,1732535999999,1.54748876,1143,12219.28000000,0.77106450,0
2024-11-25 12:00:00,0.00006346,0.00006436,0.00006262,0.00006436,22784.22000000,1732550399999,1.44682801,1409,12271.80000000,0.77959275,0
2024-11-25 16:00:00,0.00006430,0.00006491,0.00006360,0.00006482,19909.41000000,1732564799999,1.28062681,978,9214.61000000,0.59301655,0
2024-11-25 20:00:00,0.00006484,0.00006587,0.00006427,0.00006546,16830.05000000,1732579199999,1.09663301,628,7642.35000000,0.49770157,0
2024-11-26 00:00:00,0.00006536,0.00006618,0.00006460,0.00006583,11675.32000000,1732593599999,0.76364026,418,6841.22000000,0.44784123,0
2024-11-26 04:00:00,0.00006559,0.00006664,0.00006523,0.00006555,95316.68000000,1732607999999,6.31827659,11720,13030.37000000,0.85912596,0
2024-11-26 08:00:00,0.00006548,0.00006566,0.00006202,0.00006312,29666.68000000,1732622399999,1.89031079,1791,15112.02000000,0.96212024,0
2024-11-26 12:00:00,0.00006314,0.00006463,0.00006282,0.00006341,22663.93000000,1732636799999,1.44485443,1932,11120.93000000,0.70942362,0
2024-11-26 16:00:00,0.00006340,0.00006471,0.00006303,0.00006471,9325.37000000,1732651199999,0.59432733,592,5418.50000000,0.34543770,0
2024-11-26 20:00:00,0.00006475,0.00006755,0.00006473,0.00006675,32534.87000000,1732665599999,2.14599825,1139,17439.02000000,1.15469090,0
2024-11-27 00:00:00,0.00006666,0.00006760,0.00006651,0.00006692,10632.84000000,1732679999999,0.71251589,383,5877.58000000,0.39430004,0
2024-11-27 04:00:00,0.00006684,0.00006769,0.00006671,0.00006749,9623.42000000,1732694399999,0.64673227,480,6205.20000000,0.41704577,0
2024-11-27 08:00:00,0.00006754,0.00006854,0.00006659,0.00006677,15458.44000000,1732708799999,1.04242814,708,9887.26000000,0.66726363,0
2024-11-27 12:00:00,0.00006678,0.00006695,0.00006570,0.00006576,22194.60000000,1732723199999,1.47179126,1047,15151.58000000,1.00480935,0
2024-11-27 16:00:00,0.00006574,0.00006767,0.00006573,0.00006619,32047.49000000,1732737599999,2.14173197,1083,22485.89000000,1.50328943,0
2024-11-27 20:00:00,0.00006617,0.00006686,0.00006582,0.00006650,6012.08000000,1732751999999,0.39850910,262,3823.53000000,0.25351166,0
2024-11-28 00:00:00,0.00006632,0.00006704,0.00006594,0.00006606,25461.61000000,1732766399999,1.68631611,845,18473.78000000,1.22233293,0
2024-11-28 04:00:00,0.00006603,0.00006651,0.00006592,0.00006611,4432.36000000,1732780799999,0.29339685,218,2711.86000000,0.17954417,0
2024-11-28 08:00:00,0.00006615,0.00006846,0.00006578,0.00006731,22090.16000000,1732795199999,1.48167331,904,16526.77000000,1.10993399,0
2024-11-28 12:00:00,0.00006737,0.00006936,0.00006671,0.00006802,36378.43000000,1732809599999,2.47942327,1904,20209.92000000,1.37543225,0
2024-11-28 16:00:00,0.00006815,0.00006906,0.00006707,0.00006779,64964.62000000,1732823999999,4.42711903,2640,40649.79000000,2.77880828,0
2024-11-28 20:00:00,0.00006770,0.00006814,0.00006724,0.00006734,8869.77000000,1732838399999,0.60168778,910,6794.31000000,0.46095747,0
2024-11-29 00:00:00,0.00006727,0.00006742,0.00006595,0.00006595,13747.78000000,1732852799999,0.91317141,528,8849.47000000,0.58735492,0
2024-11-29 04:00:00,0.00006596,0.00006754,0.00006578,0.00006615,13069.30000000,1732867199999,0.86744962,1573,7679.12000000,0.51027052,0
2024-11-29 08:00:00,0.00006623,0.00006685,0.00006618,0.00006627,7538.76000000,1732881599999,0.50022226,568,2147.93000000,0.14267498,0
2024-11-29 12:00:00,0.00006634,0.00006709,0.00006586,0.00006622,13407.81000000,1732895999999,0.89002400,667,7318.08000000,0.48568242,0
2024-11-29 16:00:00,0.00006619,0.00006683,0.00006569,0.00006623,13624.92000000,1732910399999,0.90076299,838,9122.44000000,0.60383000,0
2024-11-29 20:00:00,0.00006628,0.00006688,0.00006621,0.00006621,6426.66000000,1732924799999,0.42742532,279,3808.08000000,0.25338374,0
2024-11-30 00:00:00,0.00006618,0.00006774,0.00006615,0.00006737,7576.29000000,1732939199999,0.50844077,456,3035.15000000,0.20327569,0
2024-11-30 04:00:00,0.00006750,0.00006862,0.00006699,0.00006860,9052.20000000,1732953599999,0.61362314,474,5429.03000000,0.36803863,0
2024-11-30 08:00:00,0.00006856,0.00007009,0.00006796,0.00007003,81397.96000000,1732967999999,5.61583462,641,74279.47000000,5.12520961,0
2024-11-30 12:00:00,0.00007015,0.00007238,0.00006960,0.00007060,56852.72000000,1732982399999,4.02416921,2760,26852.19000000,1.90231785,0
2024-11-30 16:00:00,0.00007071,0.00007263,0.00006984,0.00007071,15143.81000000,1732996799999,1.08021566,427,12248.32000000,0.87601569,0
2024-11-30 20:00:00,0.00007069,0.00007156,0.00007069,0.00007074,9698.68000000,1733011199999,0.68963096,272,3845.60000000,0.27344094,0
2024-12-01 00:00:00,0.00007079,0.00007130,0.00006951,0.00006954,8679.10000000,1733025599999,0.60916254,286,4450.58000000,0.31228023,0
2024-12-01 04:00:00,0.00006950,0.00007060,0.00006931,0.00006976,14230.88000000,1733039999999,0.99333668,1104,3780.71000000,0.26372385,0
2024-12-01 08:00:00,0.00006972,0.00007025,0.00006862,0.00006973,14485.81000000,1733054399999,1.00818537,506,7638.93000000,0.53284109,0
2024-12-01 12:00:00,0.00006979,0.00007164,0.00006958,0.00007139,17278.99000000,1733068799999,1.21884729,793,13271.60000000,0.93483129,0
2024-12-01 16:00:00,0.00007133,0.00007178,0.00007049,0.00007066,10171.34000000,1733083199999,0.72369014,493,6059.82000000,0.43137004,0
2024-12-01 20:00:00,0.00007064,0.00007064,0.00006979,0.00007031,10567.65000000,1733097599999,0.74178128,367,7493.69000000,0.52614506,0
2024-12-02 00:00:00,0.00007030,0.00007042,0.00006849,0.00006874,15695.00000000,1733111999999,1.09032476,669,6492.14000000,0.45144684,0
2024-12-02 04:00:00,0.00006863,0.00006940,0.00006758,0.00006921,23601.28000000,1733126399999,1.61658996,1062,11356.14000000,0.77919374,0
2024-12-02 08:00:00,0.00006920,0.00006920,0.00006701,0.00006768,13251.87000000,1733140799999,0.89795979,676,7768.79000000,0.52627496,0
2024-12-02 12:00:00,0.00006763,0.00006992,0.00006743,0.00006864,26848.58000000,1733155199999,1.84634455,1382,13656.74000000,0.94086629,0
2024-12-02 16:00:00,0.00006870,0.00006870,0.00006721,0.00006813,31767.40000000,1733169599999,2.15327932,1262,16139.27000000,1.09333614,0
2024-12-02 20:00:00,0.00006815,0.00006862,0.00006776,0.00006853,13194.91000000,1733183999999,0.89992290,421,5581.64000000,0.38060574,0
2024-12-03 00:00:00,0.00006858,0.00006898,0.00006829,0.00006885,8649.83000000,1733198399999,0.59370042,219,2618.63000000,0.18002051,0
2024-12-03 04:00:00,0.00006878,0.00007048,0.00006878,0.00006959,21221.59000000,1733212799999,1.47987784,936,10147.88000000,0.70799822,0
2024-12-03 08:00:00,0.00006966,0.00007165,0.00006930,0.00007057,32426.60000000,1733227199999,2.27300112,1334,15036.92000000,1.05553106,0
2024-12-03 12:00:00,0.00007062,0.00007101,0.00006748,0.00006869,50112.81000000,1733241599999,3.46563910,1464,25749.41000000,1.78173724,0
2024-12-03 16:00:00,0.00006883,0.00007009,0.00006878,0.00006963,14441.12000000,1733255999999,1.00171914,645,6866.70000000,0.47599548,0
2024-12-03 20:00:00,0.00006967,0.00007104,0.00006857,0.00007058,34398.94000000,1733270399999,2.39832740,1749,15446.12000000,1.07428015,0
2024-12-04 00:00:00,0.00007070,0.00007255,0.00007069,0.00007182,44154.50000000,1733284799999,3.17133239,1264,13266.99000000,0.95248170,0
2024-12-04 04:00:00,0.00007179,0.00007471,0.00007179,0.00007428,36338.62000000,1733299199999,2.67803530,2046,24828.44000000,1.82964871,0
2024-12-04 08:00:00,0.00007421,0.00007433,0.00007298,0.00007415,18753.95000000,1733313599999,1.37820840,1625,12437.23000000,0.91446217,0
2024-12-04 12:00:00,0.00007414,0.00007459,0.00007316,0.00007372,63478.01000000,1733327999999,4.69950984,3095,38489.53000000,2.84792867,0
2024-12-04 16:00:00,0.00007375,0.00007394,0.00007184,0.00007194,21838.57000000,1733342399999,1.58059248,1093,11029.83000000,0.79937069,0
2024-12-04 20:00:00,0.00007180,0.00007180,0.00006883,0.00006991,37762.10000000,1733356799999,2.65458175,1223,20038.79000000,1.41096749,0
2024-12-05 00:00:00,0.00006972,0.00007021,0.00006505,0.00006552,72787.13000000,1733371199999,4.89345590,2104,41653.33000000,2.79084239,0
2024-12-05 04:00:00,0.00006552,0.00006791,0.00006523,0.00006770,37741.62000000,1733385599999,2.52623662,1841,17799.07000000,1.18939085,0
2024-12-05 08:00:00,0.00006765,0.00006837,0.00006699,0.00006837,17108.92000000,1733399999999,1.15502658,1433,11583.49000000,0.78177816,0
2024-12-05 12:00:00,0.00006838,0.00006868,0.00006702,0.00006833,25681.27000000,1733414399999,1.73617656,2695,7954.57000000,0.53895514,0
2024-12-05 16:00:00,0.00006834,0.00006922,0.00006800,0.00006887,15661.29000000,1733428799999,1.07620588,745,8691.14000000,0.59798900,0
2024-12-05 20:00:00,0.00006885,0.00007289,0.00006881,0.00007003,51122.34000000,1733443199999,3.60976987,1613,38985.21000000,2.75896557,0
2024-12-06 00:00:00,0.00007003,0.00007116,0.00006997,0.00007090,9198.67000000,1733457599999,0.64977318,449,4345.02000000,0.30722662,0
2024-12-06 04:00:00,0.00007090,0.00007120,0.00006977,0.00006982,9907.60000000,1733471999999,0.69726006,241,4424.45000000,0.31137259,0
2024-12-06 08:00:00,0.00006976,0.00006997,0.00006818,0.00006847,8166.58000000,1733486399999,0.56418221,442,3268.34000000,0.22553568,0
2024-12-06 12:00:00,0.00006844,0.00006865,0.00006773,0.00006800,9312.72000000,1733500799999,0.63488549,770,4286.99000000,0.29201937,0
2024-12-06 16:00:00,0.00006804,0.00006875,0.00006619,0.00006721,12853.04000000,1733515199999,0.86675974,805,4009.38000000,0.27113818,0
2024-12-06 20:00:00,0.00006711,0.00006822,0.00006694,0.00006813,6670.17000000,1733529599999,0.45085405,413,4294.25000000,0.29019512,0
2024-12-07 00:00:00,0.00006821,0.00006839,0.00006752,0.00006830,5105.98000000,1733543999999,0.34727854,258,3380.81000000,0.22999643,0
2024-12-07 04:00:00,0.00006837,0.00006918,0.00006833,0.00006865,4017.26000000,1733558399999,0.27631104,274,2646.38000000,0.18207925,0
2024-12-07 08:00:00,0.00006874,0.00006964,0.00006853,0.00006927,8567.95000000,1733572799999,0.59153718,550,3985.95000000,0.27561101,0
2024-12-07 12:00:00,0.00006928,0.00006964,0.00006897,0.00006931,6069.44000000,1733587199999,0.42079812,621,3073.05000000,0.21311598,0
2024-12-07 16:00:00,0.00006933,0.00006945,0.00006827,0.00006829,7345.32000000,1733601599999,0.50451585,797,3419.69000000,0.23455065,0
2024-12-07 20:00:00,0.00006827,0.00006854,0.00006801,0.00006812,5589.27000000,1733615999999,0.38138302,329,1958.35000000,0.13363450,0
2024-12-08 00:00:00,0.00006805,0.00006843,0.00006792,0.00006821,1780.80000000,1733630399999,0.12136681,199,1175.42000000,0.08008367,0
2024-12-08 04:00:00,0.00006819,0.00006857,0.00006748,0.00006806,8797.28000000,1733644799999,0.59880651,729,3542.51000000,0.24099242,0
2024-12-08 08:00:00,0.00006803,0.00006807,0.00006728,0.00006752,6683.19000000,1733659199999,0.45202552,535,2783.44000000,0.18831027,0
2024-12-08 12:00:00,0.00006743,0.00006770,0.00006719,0.00006752,7503.14000000,1733673599999,0.50637293,755,4883.81000000,0.32972234,0
2024-12-08 16:00:00,0.00006753,0.00006765,0.00006713,0.00006730,5239.06000000,1733687999999,0.35324780,507,2842.77000000,0.19180518,0
2024-12-08 20:00:00,0.00006728,0.00006766,0.00006698,0.00006698,7743.41000000,1733702399999,0.52223262,366,3302.13000000,0.22272362,0
2024-12-09 00:00:00,0.00006702,0.00006826,0.00006661,0.00006684,5102.97000000,1733716799999,0.34472646,403,1807.41000000,0.12198210,0
2024-12-09 04:00:00,0.00006683,0.00006727,0.00006614,0.00006636,6326.67000000,1733731199999,0.42120468,426,1937.13000000,0.12929155,0
2024-12-09 08:00:00,0.00006633,0.00006633,0.00006494,0.00006509,15916.71000000,1733745599999,1.04343833,1067,4101.91000000,0.26913217,0
2024-12-09 12:00:00,0.00006508,0.00006601,0.00006473,0.00006559,12140.08000000,1733759999999,0.79758741,797,8464.29000000,0.55644069,0
2024-12-09 16:00:00,0.00006557,0.00006638,0.00006536,0.00006609,8324.89000000,1733774399999,0.54835582,1001,4011.95000000,0.26437629,0
2024-12-09 20:00:00,0.00006608,0.00006608,0.00005502,0.00005944,86127.95000000,1733788799999,5.18122602,3641,43125.27000000,2.58964582,0
2024-12-10 00:00:00,0.00005940,0.00006035,0.00005789,0.00005924,31895.66000000,1733803199999,1.89151973,1359,17575.97000000,1.04520031,0
2024-12-10 04:00:00,0.00005920,0.00006089,0.00005864,0.00006065,12876.97000000,1733817599999,0.77153107,962,8339.00000000,0.49918823,0
2024-12-10 08:00:00,0.00006063,0.00006118,0.00006000,0.00006027,11708.12000000,1733831999999,0.70860887,1041,6727.41000000,0.40731340,0
2024-12-10 12:00:00,0.00006031,0.00006036,0.00005801,0.00005846,21018.20000000,1733846399999,1.24426178,1370,11577.24000000,0.68701002,0
2024-12-10 16:00:00,0.00005841,0.00006007,0.00005776,0.00006002,26356.66000000,1733860799999,1.55484478,1103,15092.76000000,0.89221494,0
2024-12-10 20:00:00,0.00006007,0.00006151,0.00006001,0.00006150,13180.40000000,1733875199999,0.80048338,803,7427.03000000,0.45156866,0
2024-12-11 00:00:00,0.00006150,0.00006157,0.00006015,0.00006146,9029.94000000,1733889599999,0.55079468,736,5263.51000000,0.32112308,0
2024-12-11 04:00:00,0.00006154,0.00006270,0.00006107,0.00006188,19574.39000000,1733903999999,1.21752812,1436,9438.61000000,0.58640737,0
2024-12-11 08:00:00,0.00006185,0.00006241,0.00006171,0.00006234,8372.01000000,1733918399999,0.51927073,911,5221.71000000,0.32398378,0
2024-12-11 12:00:00,0.00006236,0.00006313,0.00006228,0.00006254,14844.24000000,1733932799999,0.93162915,1143,8481.37000000,0.53228059,0
2024-12-11 16:00:00,0.00006246,0.00006399,0.00006197,0.00006207,23252.56000000,1733947199999,1.45899157,696,17741.49000000,1.11507439,0
2024-12-11 20:00:00,0.00006210,0.00006275,0.00006203,0.00006271,3598.62000000,1733961599999,0.22466358,272,2136.86000000,0.13325782,0
2024-12-12 00:00:00,0.00006281,0.00006424,0.00006277,0.00006338,8273.97000000,1733975999999,0.52579383,446,4716.67000000,0.29984735,0
2024-12-12 04:00:00,0.00006341,0.00006480,0.00006324,0.00006415,8324.55000000,1733990399999,0.53323218,848,4555.91000000,0.29255686,0
2024-12-12 08:00:00,0.00006412,0.00006420,0.00006292,0.00006324,9941.04000000,1734004799999,0.63177030,641,3740.74000000,0.23755617,0
2024-12-12 12:00:00,0.00006327,0.00006388,0.00006275,0.00006330,13202.44000000,1734019199999,0.83466182,874,5310.26000000,0.33613520,0
2024-12-12 16:00:00,0.00006327,0.00006662,0.00006291,0.00006322,23414.78000000,1734033599999,1.49375377,2219,10492.51000000,0.67106955,0
2024-12-12 20:00:00,0.00006330,0.00006378,0.00006285,0.00006342,8638.46000000,1734047999999,0.54718397,488,3950.21000000,0.24983559,0
2024-12-13 00:00:00,0.00006352,0.00006461,0.00006293,0.00006400,6726.45000000,1734062399999,0.42936975,339,4440.70000000,0.28385290,0
2024-12-13 04:00:00,0.00006405,0.00006500,0.00006303,0.00006372,5685.38000000,1734076799999,0.36290910,407,3027.71000000,0.19328615,0
2024-12-13 08:00:00,0.00006380,0.00006449,0.00006359,0.00006372,10671.60000000,1734091199999,0.68273582,761,5340.56000000,0.34189030,0
2024-12-13 12:00:00,0.00006369,0.00006414,0.00006249,0.00006252,7281.08000000,1734105599999,0.46106762,760,3774.95000000,0.23912950,0
2024-12-13 16:00:00,0.00006246,0.00006265,0.00006127,0.00006168,12251.26000000,1734119999999,0.75837926,1764,5584.30000000,0.34511268,0
2024-12-13 20:00:00,0.00006173,0.00006246,0.00006168,0.00006243,3859.78000000,1734134399999,0.23948887,353,2559.08000000,0.15880135,0
2024-12-14 00:00:00,0.00006239,0.00006296,0.00006174,0.00006186,6160.08000000,1734148799999,0.38407536,658,2319.09000000,0.14490260,0
2024-12-14 04:00:00,0.00006186,0.00006237,0.00006182,0.00006225,2294.49000000,1734163199999,0.14240908,401,1109.51000000,0.06891643,0
2024-12-14 08:00:00,0.00006225,0.00006262,0.00006135,0.00006140,9306.52000000,1734177599999,0.57695049,370,1588.14000000,0.09846292,0
2024-12-14 12:00:00,0.00006137,0.00006146,0.00006038,0.00006083,8371.25000000,1734191999999,0.50908060,585,4404.35000000,0.26816929,0
2024-12-14 16:00:00,0.00006079,0.00006097,0.00006022,0.00006074,4847.34000000,1734206399999,0.29361349,467,1595.25000000,0.09676355,0
2024-12-14 20:00:00,0.00006073,0.00006161,0.00006041,0.00006161,6490.62000000,1734220799999,0.39672893,673,2720.97000000,0.16631902,0
2024-12-15 00:00:00,0.00006161,0.00006178,0.00006093,0.00006098,3303.32000000,1734235199999,0.20266798,315,581.12000000,0.03578063,0
2024-12-15 04:00:00,0.00006099,0.00006121,0.00006012,0.00006046,3132.93000000,1734249599999,0.19038171,329,1388.83000000,0.08439971,0
2024-12-15 08:00:00,0.00006047,0.00006112,0.00006047,0.00006081,2662.17000000,1734263999999,0.16201840,399,1661.56000000,0.10112811,0
2024-12-15 12:00:00,0.00006083,0.00006192,0.00006057,0.00006176,8714.38000000,1734278399999,0.53570954,618,4511.26000000,0.27722981,0
2024-12-15 16:00:00,0.00006178,0.00006210,0.00006160,0.00006198,8048.19000000,1734292799999,0.49867034,293,6447.51000000,0.39960082,0
2024-12-15 20:00:00,0.00006202,0.00006219,0.00006077,0.00006114,8156.55000000,1734307199999,0.50084653,467,3434.64000000,0.21166345,0
2024-12-16 00:00:00,0.00006115,0.00006134,0.00006011,0.00006031,8210.16000000,1734321599999,0.49861518,445,3294.19000000,0.20064778,0
2024-12-16 04:00:00,0.00006029,0.00006100,0.00006024,0.00006099,4033.09000000,1734335999999,0.24459076,418,3033.52000000,0.18403512,0
2024-12-16 08:00:00,0.00006101,0.00006126,0.00005708,0.00005776,31775.26000000,1734350399999,1.86332089,1717,10180.32000000,0.59961937,0
2024-12-16 12:00:00,0.00005780,0.00005843,0.00005641,0.00005678,16509.27000000,1734364799999,0.94619933,870,7775.94000000,0.44722568,0
2024-12-16 16:00:00,0.00005680,0.00005772,0.00005650,0.00005727,13051.16000000,1734379199999,0.74800288,908,5494.56000000,0.31449216,0
2024-12-16 20:00:00,0.00005737,0.00005776,0.00005714,0.00005718,9016.72000000,1734393599999,0.51772252,457,5421.20000000,0.31121484,0
2024-12-17 00:00:00,0.00005713,0.00005723,0.00005662,0.00005713,4468.73000000,1734407999999,0.25450838,327,1405.01000000,0.07992640,0
2024-12-17 04:00:00,0.00005714,0.00005714,0.00005632,0.00005644,2342.45000000,1734422399999,0.13274135,358,922.64000000,0.05237252,0
2024-12-17 08:00:00,0.00005661,0.00005730,0.00005630,0.00005722,15874.49000000,1734436799999,0.90304733,1227,6499.71000000,0.37029543,0
2024-12-17 12:00:00,0.00005722,0.00005740,0.00005516,0.00005564,21348.41000000,1734451199999,1.20267812,1564,10183.97000000,0.57456127,0
2024-12-17 16:00:00,0.00005546,0.00005610,0.00005488,0.00005556,15807.44000000,1734465599999,0.87698357,695,7577.37000000,0.41946259,0
2024-12-17 20:00:00,0.00005569,0.00005580,0.00005447,0.00005475,11817.45000000,1734479999999,0.65112512,481,4430.42000000,0.24463135,0
2024-12-18 00:00:00,0.00005486,0.00005566,0.00005467,0.00005549,4497.26000000,1734494399999,0.24862414,328,2604.42000000,0.14403983,0
2024-12-18 04:00:00,0.00005550,0.00005578,0.00005464,0.00005466,10817.70000000,1734508799999,0.59744606,537,3464.78000000,0.19149681,0
2024-12-18 08:00:00,0.00005486,0.00005550,0.00005446,0.00005483,5525.74000000,1734523199999,0.30392349,455,1784.13000000,0.09811339,0
2024-12-18 12:00:00,0.00005492,0.00005505,0.00005360,0.00005460,15207.64000000,1734537599999,0.82507578,522,4940.32000000,0.26919976,0
2024-12-18 16:00:00,0.00005460,0.00005519,0.00005403,0.00005403,12227.90000000,1734551999999,0.67000563,437,2315.01000000,0.12678011,0
2024-12-18 20:00:00,0.00005406,0.00005520,0.00005200,0.00005428,26941.14000000,1734566399999,1.44132104,974,14677.27000000,0.78799161,0
2024-12-19 00:00:00,0.00005428,0.00005428,0.00005239,0.00005399,24255.70000000,1734580799999,1.29221747,527,16744.94000000,0.89071259,0
2024-12-19 04:00:00,0.00005389,0.00005425,0.00005372,0.00005402,6126.09000000,1734595199999,0.33038897,210,4187.45000000,0.22586035,0
2024-12-19 08:00:00,0.00005398,0.00005401,0.00005300,0.00005315,10981.69000000,1734609599999,0.58877078,351,7202.47000000,0.38646169,0
2024-12-19 12:00:00,0.00005317,0.00005339,0.00005243,0.00005280,12710.73000000,1734623999999,0.67324131,433,6859.16000000,0.36339248,0
2024-12-19 16:00:00,0.00005285,0.00005420,0.00005209,0.00005356,37290.84000000,1734638399999,1.97624015,954,20034.40000000,1.06395104,0
2024-12-19 20:00:00,0.00005362,0.00005422,0.00005306,0.00005322,20248.15000000,1734652799999,1.08579538,565,9552.23000000,0.51277808,0
2024-12-20 00:00:00,0.00005332,0.00005464,0.00005274,0.00005452,7746.00000000,1734667199999,0.41737802,267,4158.23000000,0.22471269,0
2024-12-20 04:00:00,0.00005461,0.00005480,0.00005304,0.00005341,12292.74000000,1734681599999,0.66087850,329,6833.94000000,0.36710798,0
2024-12-20 08:00:00,0.00005343,0.00005348,0.00005073,0.00005193,98721.92000000,1734695999999,5.08565874,1988,25646.44000000,1.32964184,0
2024-12-20 12:00:00,0.00005196,0.00005548,0.00005184,0.00005497,46313.44000000,1734710399999,2.51178797,1333,25322.93000000,1.37464892,0
2024-12-20 16:00:00,0.00005494,0.00005615,0.00005466,0.00005566,17086.54000000,1734724799999,0.94830428,512,7706.74000000,0.42608427,0
2024-12-20 20:00:00,0.00005560,0.00005605,0.00005560,0.00005576,11910.18000000,1734739199999,0.66415857,286,7491.83000000,0.41754085,0
2024-12-21 00:00:00,0.00005579,0.00005708,0.00005579,0.00005646,8351.27000000,1734753599999,0.47258816,256,4976.71000000,0.28153281,0
2024-12-21 04:00:00,0.00005653,0.00005729,0.00005616,0.00005656,8912.90000000,1734767999999,0.50691747,252,3339.46000000,0.19018847,0
2024-12-21 08:00:00,0.00005658,0.00005676,0.00005579,0.00005591,6513.85000000,1734782399999,0.36624161,268,3792.61000000,0.21331956,0
2024-12-21 12:00:00,0.00005590,0.00005590,0.00005422,0.00005483,12509.77000000,1734796799999,0.68663964,547,3819.59000000,0.20987091,0
2024-12-21 16:00:00,0.00005484,0.00005484,0.00005378,0.00005417,10558.81000000,1734811199999,0.57309707,474,6661.95000000,0.36188216,0
2024-12-21 20:00:00,0.00005436,0.00005465,0.00005411,0.00005450,2876.28000000,1734825599999,0.15647583,178,1707.79000000,0.09294405,0
2024-12-22 00:00:00,0.00005440,0.00005508,0.00005433,0.00005485,5439.01000000,1734839999999,0.29773899,168,2206.83000000,0.12100407,0
2024-12-22 04:00:00,0.00005488,0.00005540,0.00005419,0.00005536,7467.65000000,1734854399999,0.40966372,214,2508.77000000,0.13817020,0
2024-12-22 08:00:00,0.00005542,0.00005588,0.00005541,0.00005568,6521.69000000,1734868799999,0.36319899,214,3463.48000000,0.19288381,0
2024-12-22 12:00:00,0.00005571,0.00005665,0.00005570,0.00005658,10476.98000000,1734883199999,0.58965547,377,7549.12000000,0.42507143,0
2024-12-22 16:00:00,0.00005656,0.00005693,0.00005593,0.00005593,4926.76000000,1734897599999,0.27819986,254,2975.46000000,0.16798468,0
2024-12-22 20:00:00,0.00005597,0.00005679,0.00005578,0.00005662,4021.78000000,1734911999999,0.22666212,187,2431.56000000,0.13692705,0
2024-12-23 00:00:00,0.00005656,0.00005748,0.00005646,0.00005737,6003.96000000,1734926399999,0.34199506,239,3868.28000000,0.22040450,0
2024-12-23 04:00:00,0.00005721,0.00005734,0.00005658,0.00005669,3431.18000000,1734940799999,0.19508026,179,1800.65000000,0.10240360,0
2024-12-23 08:00:00,0.00005671,0.00005726,0.00005650,0.00005665,44180.70000000,1734955199999,2.51889039,394,39640.99000000,2.26024051,0
2024-12-23 12:00:00,0.00005670,0.00005797,0.00005616,0.00005777,17801.25000000,1734969599999,1.01460268,394,5768.19000000,0.33097106,0
2024-12-23 16:00:00,0.00005785,0.00005939,0.00005776,0.00005939,11543.21000000,1734983999999,0.67715964,581,7337.43000000,0.43034778,0
2024-12-23 20:00:00,0.00005945,0.00006008,0.00005879,0.00005898,24036.69000000,1734998399999,1.42290668,437,17027.17000000,1.00718372,0
2024-12-24 00:00:00,0.00005893,0.00005944,0.00005885,0.00005931,3486.46000000,1735012799999,0.20621390,169,2025.61000000,0.11978656,0
2024-12-24 04:00:00,0.00005931,0.00005988,0.00005929,0.00005945,5948.97000000,1735027199999,0.35462778,244,3152.63000000,0.18812065,0
2024-12-24 08:00:00,0.00005944,0.00006028,0.00005942,0.00005991,7593.73000000,1735041599999,0.45456872,238,5225.20000000,0.31277223,0
2024-12-24 12:00:00,0.00005994,0.00006035,0.00005857,0.00005871,15378.68000000,1735055999999,0.91586976,449,4043.83000000,0.24145732,0
2024-12-24 16:00:00,0.00005863,0.00005888,0.00005832,0.00005876,8993.71000000,1735070399999,0.52633435,199,7692.24000000,0.45012181,0
2024-12-24 20:00:00,0.00005867,0.00005887,0.00005801,0.00005879,5151.96000000,1735084799999,0.30119572,150,841.90000000,0.04932786,0
2024-12-25 00:00:00,0.00005879,0.00006045,0.00005879,0.00005995,8952.65000000,1735099199999,0.53579926,252,5292.91000000,0.31646823,0
2024-12-25 04:00:00,0.00006001,0.00006035,0.00005933,0.00005973,1688.49000000,1735113599999,0.10082563,123,1181.75000000,0.07054731,0
2024-12-25 08:00:00,0.00005972,0.00006056,0.00005964,0.00006038,5063.73000000,1735127999999,0.30520053,230,3005.90000000,0.18100578,0
2024-12-25 12:00:00,0.00006063,0.00006179,0.00006017,0.00006023,18241.87000000,1735142399999,1.11377607,519,11058.39000000,0.67498566,0
2024-12-25 16:00:00,0.00006023,0.00006098,0.00006020,0.00006035,6274.95000000,1735156799999,0.38018754,285,3297.90000000,0.19997047,0
2024-12-25 20:00:00,0.00006043,0.00006043,0.00005949,0.00005976,4365.62000000,1735171199999,0.26171878,238,1635.61000000,0.09803278,0
2024-12-26 00:00:00,0.00005969,0.00006026,0.00005965,0.00006008,3168.60000000,1735185599999,0.18985789,145,1306.02000000,0.07828326,0
2024-12-26 04:00:00,0.00006003,0.00006003,0.00005938,0.00005960,9744.84000000,1735199999999,0.58203106,316,4233.20000000,0.25306114,0
2024-12-26 08:00:00,0.00005967,0.00006040,0.00005914,0.00006025,10937.04000000,1735214399999,0.65362057,374,4713.70000000,0.28193762,0
2024-12-26 12:00:00,0.00006018,0.00006055,0.00005974,0.00005979,5663.56000000,1735228799999,0.34061570,330,3823.34000000,0.23009237,0
2024-12-26 16:00:00,0.00005961,0.00006011,0.00005922,0.00005976,6061.61000000,1735243199999,0.36209103,310,4311.02000000,0.25766845,0
2024-12-26 20:00:00,0.00005983,0.00006024,0.00005967,0.00005983,3194.98000000,1735257599999,0.19158770,191,1574.68000000,0.09449877,0
2024-12-27 00:00:00,0.00006005,0.00006005,0.00005968,0.00006002,1969.62000000,1735271999999,0.11794580,106,1054.77000000,0.06317091,0
2024-12-27 04:00:00,0.00006002,0.00006028,0.00005962,0.00005979,2686.82000000,1735286399999,0.16113462,153,1323.44000000,0.07935646,0
2024-12-27 08:00:00,0.00005970,0.00006071,0.00005948,0.00006017,8378.74000000,1735300799999,0.50423199,369,4289.28000000,0.25807742,0
2024-12-27 12:00:00,0.00006026,0.00006089,0.00006013,0.00006089,8973.07000000,1735315199999,0.54231171,445,4035.08000000,0.24386531,0
2024-12-27 16:00:00,0.00006094,0.00006195,0.00006056,0.00006127,6334.06000000,1735329599999,0.38887477,296,3638.60000000,0.22331654,0
2024-12-27 20:00:00,0.00006135,0.00006187,0.00006031,0.00006065,6792.70000000,1735343999999,0.41435632,217,2772.17000000,0.16873986,0
2024-12-28 00:00:00,0.00006078,0.00006108,0.00006052,0.00006066,2586.37000000,1735358399999,0.15722818,123,869.43000000,0.05292830,0
2024-12-28 04:00:00,0.00006071,0.00006073,0.00005957,0.00005984,5789.54000000,1735372799999,0.34794972,282,3216.06000000,0.19338569,0
2024-12-28 08:00:00,0.00005985,0.00006077,0.00005968,0.00006077,9868.10000000,1735387199999,0.59580334,893,3867.18000000,0.23341986,0
2024-12-28 12:00:00,0.00006076,0.00006190,0.00006071,0.00006125,8786.21000000,1735401599999,0.53823794,373,6079.32000000,0.37213330,0
2024-12-28 16:00:00,0.00006128,0.00006163,0.00006089,0.00006093,4224.12000000,1735415999999,0.25858983,260,2409.41000000,0.14743083,0
2024-12-28 20:00:00,0.00006094,0.00006130,0.00006087,0.00006088,2618.99000000,1735430399999,0.15997487,141,950.23000000,0.05804370,0
2024-12-29 00:00:00,0.00006109,0.00006152,0.00006099,0.00006126,1827.36000000,1735444799999,0.11201761,106,961.25000000,0.05895192,0
2024-12-29 04:00:00,0.00006133,0.00006133,0.00006063,0.00006104,2679.93000000,1735459199999,0.16308085,106,1184.69000000,0.07208240,0
2024-12-29 08:00:00,0.00006104,0.00006106,0.00006071,0.00006085,2251.72000000,1735473599999,0.13706192,169,846.33000000,0.05152542,0
2024-12-29 12:00:00,0.00006090,0.00006095,0.00006045,0.00006082,4752.50000000,1735487999999,0.28793688,257,2003.17000000,0.12143016,0
2024-12-29 16:00:00,0.00006076,0.00006104,0.00006035,0.00006086,4966.45000000,1735502399999,0.30163088,219,1093.50000000,0.06638306,0
2024-12-29 20:00:00,0.00006078,0.00006078,0.00005959,0.00006015,4858.87000000,1735516799999,0.29197376,181,2531.68000000,0.15211199,0
2024-12-30 00:00:00,0.00006009,0.00006078,0.00005983,0.00005986,6913.89000000,1735531199999,0.41679610,203,2638.92000000,0.15889790,0
2024-12-30 04:00:00,0.00005986,0.00006042,0.00005986,0.00006007,2136.56000000,1735545599999,0.12865687,113,808.17000000,0.04867380,0
2024-12-30 08:00:00,0.00006010,0.00006013,0.00005939,0.00005952,8851.12000000,1735559999999,0.52807423,835,3947.23000000,0.23552138,0
2024-12-30 12:00:00,0.00005953,0.00006016,0.00005918,0.00005965,11400.57000000,1735574399999,0.67968834,526,6322.93000000,0.37684581,0
2024-12-30 16:00:00,0.00005965,0.00005992,0.00005899,0.00005963,10815.59000000,1735588799999,0.64379718,364,6441.96000000,0.38384785,0
2024-12-30 20:00:00,0.00005966,0.00006036,0.00005951,0.00006010,6491.11000000,1735603199999,0.38984763,251,3557.40000000,0.21385363,0
2024-12-31 00:00:00,0.00006012,0.00006014,0.00005933,0.00005939,9224.68000000,1735617599999,0.55182758,235,5383.20000000,0.32199389,0
2024-12-31 04:00:00,0.00005940,0.00005953,0.00005924,0.00005940,1430.22000000,1735631999999,0.08489289,113,868.12000000,0.05152485,0
2024-12-31 08:00:00,0.00005939,0.00005948,0.00005891,0.00005915,3458.07000000,1735646399999,0.20469035,219,1596.58000000,0.09448438,0
2024-12-31 12:00:00,0.00005909,0.00005909,0.00005840,0.00005860,6626.98000000,1735660799999,0.38913491,289,3221.17000000,0.18911506,0
2024-12-31 16:00:00,0.00005864,0.00005904,0.00005845,0.00005868,3143.58000000,1735675199999,0.18471297,232,1871.39000000,0.10994264,0
2024-12-31 20:00:00,0.00005865,0.00005881,0.00005839,0.00005881,1171.05000000,1735689599999,0.06856306,81,833.00000000,0.04876815,0
2025-01-01 00:00:00,0.00005877,0.00005921,0.00005870,0.00005870,1917.57000000,1735703999999,0.11314630,105,1086.95000000,0.06411630,0
