timestamp,open,high,low,close,volume,close_time,quote_av,trades,tb_base_av,tb_quote_av,ignore
2024-08-08 08:00:00,4.35200000,6.47000000,4.35200000,6.16900000,2869883.21000000,1723118399999,17770802.06425000,68764,1622213.79000000,10058607.65860000,0
2024-08-08 12:00:00,6.17000000,6.36400000,6.13700000,6.27600000,2131600.93000000,1723132799999,13361362.51279000,54436,1039326.90000000,6517687.77081000,0
2024-08-08 16:00:00,6.27500000,6.31600000,6.12200000,6.14300000,1039866.24000000,1723147199999,6452998.08887000,25193,536890.31000000,3331159.78005000,0
2024-08-08 20:00:00,6.14200000,6.28100000,6.05600000,6.21800000,1160304.73000000,1723161599999,7146826.77259000,25216,633480.34000000,3905176.40593000,0
2024-08-09 00:00:00,6.21700000,6.21800000,6.08100000,6.19600000,741859.26000000,1723175999999,4562511.06548000,17448,376954.07000000,2317676.52705000,0
2024-08-09 04:00:00,6.19600000,6.60000000,6.19100000,6.40500000,3968253.33000000,1723190399999,25378857.31091000,94152,2005744.25000000,12823755.38733000,0
2024-08-09 08:00:00,6.40500000,6.62400000,6.37700000,6.37900000,1817492.83000000,1723204799999,11768122.93313000,45791,954682.30000000,6186222.78273000,0
2024-08-09 12:00:00,6.37900000,6.83200000,6.37600000,6.74100000,2987793.96000000,1723219199999,19722486.25206000,68223,1382577.63000000,9126279.92620000,0
2024-08-09 16:00:00,6.74100000,6.81700000,6.55100000,6.58200000,1235878.62000000,1723233599999,8255584.76657000,38335,570385.92000000,3810074.18344000,0
2024-08-09 20:00:00,6.58000000,6.63000000,6.51400000,6.61900000,476888.27000000,1723247999999,3136139.72679000,19656,234275.72000000,1540820.90327000,0
2024-08-10 00:00:00,6.61900000,6.73400000,6.60500000,6.70600000,698934.22000000,1723262399999,4665026.85798000,23040,310784.47000000,2073526.49298000,0
2024-08-10 04:00:00,6.70500000,6.73900000,6.63900000,6.71100000,601084.26000000,1723276799999,4020153.40707000,20330,296731.10000000,1983822.74203000,0
2024-08-10 08:00:00,6.71100000,6.84600000,6.66800000,6.67900000,2243674.99000000,1723291199999,15144947.56676000,42011,1125176.91000000,7584799.88077000,0
2024-08-10 12:00:00,6.67900000,6.73000000,6.59900000,6.60700000,713174.31000000,1723305599999,4751329.08794000,32862,395182.84000000,2632972.96355000,0
2024-08-10 16:00:00,6.60700000,6.72900000,6.60400000,6.70000000,596655.69000000,1723319999999,3988625.19552000,17642,291323.41000000,1947570.50241000,0
2024-08-10 20:00:00,6.70000000,6.72600000,6.66400000,6.67300000,279885.67000000,1723334399999,1872733.15038000,10374,133546.48000000,893505.79887000,0
2024-08-11 00:00:00,6.67400000,6.72500000,6.63100000,6.68100000,536585.23000000,1723348799999,3584150.38437000,11333,204320.41000000,1364020.60986000,0
2024-08-11 04:00:00,6.68000000,6.68400000,6.57600000,6.59600000,556677.26000000,1723363199999,3689307.90949000,13535,309279.30000000,2048541.75502000,0
2024-08-11 08:00:00,6.59600000,6.63900000,6.43900000,6.47600000,1086444.34000000,1723377599999,7102391.64225000,26864,497985.99000000,3255524.63188000,0
2024-08-11 12:00:00,6.47500000,6.49000000,6.28000000,6.29600000,977113.38000000,1723391999999,6236972.21194000,26408,463267.82000000,2958425.25736000,0
2024-08-11 16:00:00,6.29700000,6.35900000,6.21800000,6.22100000,856003.57000000,1723406399999,5391075.61907000,25890,448181.54000000,2821242.57553000,0
2024-08-11 20:00:00,6.22100000,6.24700000,6.15400000,6.21000000,602719.24000000,1723420799999,3738181.54055000,18752,312346.35000000,1936642.56357000,0
2024-08-12 00:00:00,6.21000000,6.24300000,6.13400000,6.16800000,497904.89000000,1723435199999,3079843.05914000,12938,209412.45000000,1294874.28095000,0
2024-08-12 04:00:00,6.16700000,6.31600000,6.05700000,6.29400000,1048096.56000000,1723449599999,6431810.69084000,18771,461078.52000000,2829464.13321000,0
2024-08-12 08:00:00,6.29400000,6.58600000,6.24300000,6.56000000,1837154.16000000,1723463999999,11768855.19841000,39798,867558.67000000,5556469.47803000,0
2024-08-12 12:00:00,6.56200000,6.63000000,6.35500000,6.50400000,1256419.18000000,1723478399999,8181596.48954000,31061,644113.37000000,4196501.99952000,0
2024-08-12 16:00:00,6.50400000,6.51600000,6.28200000,6.29800000,742833.73000000,1723492799999,4749138.48889000,19687,360437.28000000,2306431.26806000,0
2024-08-12 20:00:00,6.29900000,6.33300000,6.19200000,6.27000000,473860.04000000,1723507199999,2968928.69486000,16560,236704.78000000,1483539.22682000,0
2024-08-13 00:00:00,6.27100000,6.29200000,6.20500000,6.22900000,461540.94000000,1723521599999,2890605.95043000,13167,209724.05000000,1313665.15476000,0
2024-08-13 04:00:00,6.23000000,6.35600000,6.18600000,6.32000000,542428.54000000,1723535999999,3409585.73528000,17099,256183.36000000,1611106.74865000,0
2024-08-13 08:00:00,6.32000000,6.34800000,6.24000000,6.29200000,489503.53000000,1723550399999,3077555.71404000,17608,210205.71000000,1321413.89109000,0
2024-08-13 12:00:00,6.29000000,6.41900000,6.27500000,6.31400000,1338629.80000000,1723564799999,8504126.57928000,33617,731240.77000000,4643820.86497000,0
2024-08-13 16:00:00,6.31400000,6.49500000,6.30500000,6.46600000,1005368.38000000,1723579199999,6461002.83983000,29347,500744.45000000,3218461.86544000,0
2024-08-13 20:00:00,6.46600000,6.53100000,6.43300000,6.45600000,480511.03000000,1723593599999,3113011.14985000,13432,246233.51000000,1595461.26935000,0
2024-08-14 00:00:00,6.45500000,6.65000000,6.39200000,6.63000000,658514.62000000,1723607999999,4304858.46941000,17642,411535.99000000,2695900.80793000,0
2024-08-14 04:00:00,6.63000000,6.79000000,6.57700000,6.76000000,1053308.97000000,1723622399999,7048865.25036000,28572,563169.92000000,3770075.25852000,0
2024-08-14 08:00:00,6.76000000,7.26900000,6.71400000,7.10000000,4058180.19000000,1723636799999,28642784.83945000,98367,1915230.87000000,13511480.11313000,0
2024-08-14 12:00:00,7.10100000,7.15700000,6.85500000,6.95600000,3034463.69000000,1723651199999,21170914.08159000,87680,1419422.49000000,9898597.80678000,0
2024-08-14 16:00:00,6.95500000,7.08100000,6.92700000,7.01800000,1456596.25000000,1723665599999,10213539.92612000,44265,757618.19000000,5314054.48837000,0
2024-08-14 20:00:00,7.01800000,7.02600000,6.88800000,6.89000000,641712.70000000,1723679999999,4460692.48327000,23248,287293.14000000,1997038.06196000,0
2024-08-15 00:00:00,6.88900000,6.91400000,6.69600000,6.74500000,1166635.38000000,1723694399999,7921362.67356000,30092,597107.14000000,4050815.07994000,0
2024-08-15 04:00:00,6.74600000,6.74700000,6.62700000,6.69700000,903535.84000000,1723708799999,6036501.95766000,28095,442149.45000000,2955383.17881000,0
2024-08-15 08:00:00,6.69700000,6.72500000,6.47500000,6.58300000,1733490.37000000,1723723199999,11423506.98818000,37750,967909.23000000,6378009.57273000,0
2024-08-15 12:00:00,6.58300000,6.72200000,6.56200000,6.70200000,1940651.77000000,1723737599999,12904653.40626000,46534,1133273.09000000,7534077.97635000,0
2024-08-15 16:00:00,6.70200000,6.72700000,6.43000000,6.48300000,1689285.15000000,1723751999999,11109126.84043000,44520,743688.79000000,4898428.72637000,0
2024-08-15 20:00:00,6.48300000,6.64900000,6.45300000,6.59700000,894764.63000000,1723766399999,5868916.39438000,26241,536383.60000000,3517725.20087000,0
2024-08-16 00:00:00,6.59800000,6.63500000,6.54400000,6.63400000,1023414.31000000,1723780799999,6747169.35410000,21700,604352.80000000,3985321.77987000,0
2024-08-16 04:00:00,6.63400000,6.88600000,6.62000000,6.64200000,4587394.15000000,1723795199999,30951853.28388000,98982,2160302.73000000,14581670.20703000,0
2024-08-16 08:00:00,6.64200000,6.66100000,6.43300000,6.48800000,2757927.31000000,1723809599999,17967621.13406000,39691,1507649.45000000,9805892.58923000,0
2024-08-16 12:00:00,6.48800000,6.50600000,6.37600000,6.45800000,1999515.60000000,1723823999999,12875450.86839000,51541,923317.26000000,5946911.28236000,0
2024-08-16 16:00:00,6.45800000,6.57600000,6.45600000,6.54300000,1254486.99000000,1723838399999,8162249.92315000,32069,689107.44000000,4483393.15928000,0
2024-08-16 20:00:00,6.54500000,6.55500000,6.48100000,6.53800000,546581.85000000,1723852799999,3565744.87173000,17380,246961.96000000,1611267.92994000,0
2024-08-17 00:00:00,6.53700000,6.57800000,6.50000000,6.56600000,491125.52000000,1723867199999,3213370.53690000,15420,268879.68000000,1760481.20489000,0
2024-08-17 04:00:00,6.56600000,6.57800000,6.50000000,6.55100000,420670.27000000,1723881599999,2751054.20724000,15319,179882.06000000,1176261.37928000,0
2024-08-17 08:00:00,6.55200000,6.55600000,6.38200000,6.41800000,1336508.85000000,1723895999999,8619882.26464000,26454,475313.17000000,3068638.27135000,0
2024-08-17 12:00:00,6.41800000,6.49000000,6.40800000,6.46500000,655137.46000000,1723910399999,4226103.83784000,19162,326107.04000000,2104189.22324000,0
2024-08-17 16:00:00,6.46400000,6.49400000,6.43300000,6.45700000,400293.56000000,1723924799999,2587337.50217000,13421,200771.62000000,1297872.25341000,0
2024-08-17 20:00:00,6.45800000,6.47700000,6.42700000,6.43800000,229489.04000000,1723939199999,1480115.38102000,8029,110623.76000000,713562.42539000,0
2024-08-18 00:00:00,6.43900000,6.51600000,6.40900000,6.49900000,374848.79000000,1723953599999,2422294.70195000,10842,177820.62000000,1149736.79132000,0
2024-08-18 04:00:00,6.49900000,6.54700000,6.45800000,6.52300000,552335.78000000,1723967999999,3596494.01875000,15334,285704.78000000,1860807.69148000,0
2024-08-18 08:00:00,6.52400000,6.61400000,6.49000000,6.57700000,843835.21000000,1723982399999,5538623.33174000,20902,448245.14000000,2944280.12377000,0
2024-08-18 12:00:00,6.57700000,6.77700000,6.56800000,6.68100000,1389198.21000000,1723996799999,9274410.62392000,27376,767374.19000000,5122536.91804000,0
2024-08-18 16:00:00,6.68100000,6.79800000,6.61100000,6.79700000,601382.33000000,1724011199999,4022147.38560000,18159,329787.91000000,2208753.02031000,0
2024-08-18 20:00:00,6.79600000,7.10400000,6.75600000,6.88700000,2034562.26000000,1724025599999,14141368.80418000,49367,1092594.62000000,7601182.34040000,0
2024-08-19 00:00:00,6.88700000,7.06800000,6.86100000,7.01300000,1441214.59000000,1724039999999,10035502.19423000,38430,780299.94000000,5427993.40973000,0
2024-08-19 04:00:00,7.01300000,7.03400000,6.77100000,6.78200000,1394558.22000000,1724054399999,9614235.72964000,35618,566825.57000000,3909796.88241000,0
2024-08-19 08:00:00,6.78200000,6.85200000,6.70900000,6.78500000,1120292.88000000,1724068799999,7594351.59525000,28506,550456.67000000,3733211.38904000,0
2024-08-19 12:00:00,6.78500000,6.83700000,6.72000000,6.74500000,909666.60000000,1724083199999,6157825.63011000,24726,446251.33000000,3021664.22218000,0
2024-08-19 16:00:00,6.74500000,6.86200000,6.73000000,6.77800000,1285982.40000000,1724097599999,8736249.84857000,29270,680640.12000000,4624338.79648000,0
2024-08-19 20:00:00,6.77800000,6.84700000,6.75900000,6.83200000,1266575.87000000,1724111999999,8633619.12328000,25385,631841.03000000,4305936.78158000,0
2024-08-20 00:00:00,6.83200000,6.93200000,6.80900000,6.83000000,848861.17000000,1724126399999,5820045.41386000,19349,380168.08000000,2606890.09257000,0
2024-08-20 04:00:00,6.83000000,6.88700000,6.80900000,6.86500000,893265.36000000,1724140799999,6120271.98905000,18909,400734.59000000,2746103.38407000,0
2024-08-20 08:00:00,6.86400000,6.87500000,6.80900000,6.81900000,703971.47000000,1724155199999,4814390.08187000,16906,305387.24000000,2088633.62314000,0
2024-08-20 12:00:00,6.81800000,6.84900000,6.59200000,6.62500000,1425228.25000000,1724169599999,9536937.27113000,31103,625173.29000000,4185044.06548000,0
2024-08-20 16:00:00,6.62500000,6.68100000,6.61500000,6.67300000,684256.11000000,1724183999999,4553026.19263000,15942,388372.82000000,2583956.71721000,0
2024-08-20 20:00:00,6.67400000,6.73200000,6.65800000,6.66400000,485836.52000000,1724198399999,3252846.62716000,12106,243232.14000000,1628669.01337000,0
2024-08-21 00:00:00,6.66500000,6.67800000,6.60900000,6.63000000,479542.64000000,1724212799999,3184765.46177000,13581,221899.37000000,1473892.76619000,0
2024-08-21 04:00:00,6.62900000,6.68600000,6.61800000,6.67500000,500987.36000000,1724227199999,3334828.55599000,12811,254724.94000000,1696019.60242000,0
2024-08-21 08:00:00,6.67400000,6.76700000,6.63000000,6.75900000,852876.44000000,1724241599999,5708755.70132000,19367,424453.73000000,2842111.91233000,0
2024-08-21 12:00:00,6.75900000,6.77200000,6.63600000,6.68600000,1063962.56000000,1724255999999,7142437.46926000,58658,500364.35000000,3359801.22627000,0
2024-08-21 16:00:00,6.68600000,6.74500000,6.62600000,6.64300000,819811.05000000,1724270399999,5488494.33952000,39596,408392.49000000,2734958.30613000,0
2024-08-21 20:00:00,6.64400000,6.64900000,6.47900000,6.49600000,1595799.07000000,1724284799999,10449492.33180000,60382,785027.12000000,5141858.83473000,0
2024-08-22 00:00:00,6.49600000,6.60000000,6.46000000,6.59300000,1026702.49000000,1724299199999,6707861.83627000,42138,551876.22000000,3605928.79927000,0
2024-08-22 04:00:00,6.59200000,6.59300000,6.43000000,6.49500000,981880.02000000,1724313599999,6391804.01542000,34687,445183.55000000,2896775.99398000,0
2024-08-22 08:00:00,6.49500000,6.58000000,6.48600000,6.52800000,996854.32000000,1724327999999,6506159.44929000,37398,546104.23000000,3565203.02934000,0
2024-08-22 12:00:00,6.52800000,6.55600000,6.49000000,6.51800000,944999.29000000,1724342399999,6162109.63856000,39732,357230.16000000,2330466.23008000,0
2024-08-22 16:00:00,6.51800000,6.59000000,6.49400000,6.50000000,819464.87000000,1724356799999,5365558.62546000,28617,307046.49000000,2010713.82974000,0
2024-08-22 20:00:00,6.50000000,6.53500000,6.48600000,6.50400000,366701.65000000,1724371199999,2386175.58190000,20868,177580.20000000,1155770.69715000,0
2024-08-23 00:00:00,6.50400000,6.55400000,6.49300000,6.52100000,494358.40000000,1724385599999,3225778.63463000,25601,238949.70000000,1559327.60136000,0
2024-08-23 04:00:00,6.52100000,6.62300000,6.51500000,6.57500000,788750.52000000,1724399999999,5185799.69903000,30864,398728.42000000,2621970.64529000,0
2024-08-23 08:00:00,6.57400000,6.64400000,6.55100000,6.55500000,802045.83000000,1724414399999,5289597.20028000,32747,378030.33000000,2494097.57672000,0
2024-08-23 12:00:00,6.55500000,6.62000000,6.50000000,6.58800000,1210326.45000000,1724428799999,7952774.68412000,52103,597025.96000000,3923735.88463000,0
2024-08-23 16:00:00,6.58800000,6.76000000,6.57400000,6.73300000,1676670.38000000,1724443199999,11192451.71550000,59419,901070.44000000,6012839.88006000,0
2024-08-23 20:00:00,6.73200000,6.81400000,6.68600000,6.70000000,1259571.63000000,1724457599999,8516466.16900000,43944,610128.59000000,4126531.26349000,0
2024-08-24 00:00:00,6.70100000,6.75700000,6.65100000,6.72800000,795510.74000000,1724471999999,5338793.48722000,29325,415464.13000000,2789215.29501000,0
2024-08-24 04:00:00,6.72800000,6.74200000,6.66600000,6.72000000,519507.28000000,1724486399999,3479218.52847000,22946,227256.27000000,1522934.15530000,0
2024-08-24 08:00:00,6.72000000,6.79900000,6.70600000,6.71500000,941155.57000000,1724500799999,6354222.10617000,27590,468274.75000000,3161213.07118000,0
2024-08-24 12:00:00,6.71600000,6.86000000,6.70800000,6.85100000,1217626.37000000,1724515199999,8277944.24904000,38657,715737.94000000,4870611.05380000,0
2024-08-24 16:00:00,6.85000000,6.87800000,6.75500000,6.80500000,903923.41000000,1724529599999,6165398.34740000,42720,412589.55000000,2815786.17486000,0
2024-08-24 20:00:00,6.80500000,6.81400000,5.45200000,5.92700000,33451389.06000000,1724543999999,195424307.63629000,707687,15813942.29000000,92355274.92959000,0
2024-08-25 00:00:00,5.92600000,5.99400000,5.56700000,5.81900000,15077288.92000000,1724558399999,87110201.46181000,387874,7657922.91000000,44226254.67412000,0
2024-08-25 04:00:00,5.81900000,5.81900000,5.32200000,5.37300000,9796074.84000000,1724572799999,54900254.97019000,279858,4464490.87000000,25028000.24420000,0
2024-08-25 08:00:00,5.37400000,5.77100000,5.24500000,5.67400000,11772397.65000000,1724587199999,65080197.79172000,361301,6096332.94000000,33710396.40314000,0
2024-08-25 12:00:00,5.67400000,5.95000000,5.59300000,5.87300000,8336250.75000000,1724601599999,47904932.27379000,302521,4365437.76000000,25091319.56362000,0
2024-08-25 16:00:00,5.87300000,5.95000000,5.73700000,5.88800000,8054402.04000000,1724615999999,47072916.00450000,262951,3874054.34000000,22651218.70025000,0
2024-08-25 20:00:00,5.88700000,5.97600000,5.75500000,5.77000000,4222279.72000000,1724630399999,24782958.77651000,174713,2000233.96000000,11747975.45473000,0
2024-08-26 00:00:00,5.77000000,5.80500000,5.63100000,5.75700000,3436076.73000000,1724644799999,19660110.42375000,116867,1497277.40000000,8569777.29190000,0
2024-08-26 04:00:00,5.75700000,5.83000000,5.58400000,5.62000000,3242455.13000000,1724659199999,18461255.74325000,109438,1551071.37000000,8837458.11951000,0
2024-08-26 08:00:00,5.62100000,5.70700000,5.59000000,5.60100000,3480179.83000000,1724673599999,19621194.86880000,109540,1489588.21000000,8401742.91846000,0
2024-08-26 12:00:00,5.60200000,5.73100000,5.47000000,5.63100000,6607310.97000000,1724687999999,36842823.44807000,235814,3024593.71000000,16886343.32673000,0
2024-08-26 16:00:00,5.63100000,5.64100000,5.25200000,5.35300000,6664669.22000000,1724702399999,36224498.44636000,211729,3156328.60000000,17164282.44932000,0
2024-08-26 20:00:00,5.35400000,5.37900000,5.03000000,5.13200000,5718205.64000000,1724716799999,29549521.75748000,182251,2636578.75000000,13615916.66410000,0
2024-08-27 00:00:00,5.13200000,5.35800000,5.13100000,5.35400000,2867940.74000000,1724731199999,15121767.99690000,114415,1528592.23000000,8061438.04146000,0
2024-08-27 04:00:00,5.35400000,5.43500000,5.32900000,5.38000000,3308216.33000000,1724745599999,17810985.79792000,108003,1674043.10000000,9015099.18470000,0
2024-08-27 08:00:00,5.38100000,5.54800000,5.34800000,5.47500000,6210832.31000000,1724759999999,33867238.86952000,207657,2631749.22000000,14354789.48784000,0
2024-08-27 12:00:00,5.47500000,5.52900000,5.39100000,5.43700000,3663426.51000000,1724774399999,19993390.46717000,139577,1758098.25000000,9596879.52816000,0
2024-08-27 16:00:00,5.43700000,5.66800000,5.35800000,5.56200000,4813689.63000000,1724788799999,26531672.38490000,187136,2503237.83000000,13804347.56315000,0
2024-08-27 20:00:00,5.56200000,5.56300000,5.20000000,5.43800000,5096619.76000000,1724803199999,27409923.42012000,209809,2304334.47000000,12407240.61839000,0
2024-08-28 00:00:00,5.43800000,5.43800000,5.11100000,5.34000000,4469952.10000000,1724817599999,23539722.51984000,114430,2109446.20000000,11111610.82617000,0
2024-08-28 04:00:00,5.34000000,5.37200000,5.24300000,5.26500000,2098294.30000000,1724831999999,11158229.36555000,88701,928081.68000000,4937850.39429000,0
2024-08-28 08:00:00,5.26500000,5.58400000,5.26300000,5.41500000,4641555.25000000,1724846399999,25360747.28517000,187722,2365015.67000000,12917080.99563000,0
2024-08-28 12:00:00,5.41600000,5.98000000,5.30400000,5.61500000,17733888.80000000,1724860799999,100507280.30298000,550621,8941253.81000000,50715961.85071000,0
2024-08-28 16:00:00,5.61400000,5.65000000,5.13400000,5.43900000,8720448.95000000,1724875199999,47673616.79787000,342894,4036409.60000000,22119751.99020000,0
2024-08-28 20:00:00,5.43900000,5.59200000,5.37700000,5.52100000,3566381.10000000,1724889599999,19553947.02503000,143847,1877390.33000000,10296221.76743000,0
2024-08-29 00:00:00,5.52100000,5.65800000,5.52100000,5.58700000,2678652.69000000,1724903999999,14962143.44581000,83035,1451271.06000000,8107992.48168000,0
2024-08-29 04:00:00,5.58800000,5.63000000,5.50600000,5.62000000,2083760.53000000,1724918399999,11606346.03624000,102287,993202.85000000,5538078.52961000,0
2024-08-29 08:00:00,5.61900000,5.62600000,5.56200000,5.58100000,1694459.61000000,1724932799999,9473062.95495000,83665,821939.01000000,4595635.71063000,0
2024-08-29 12:00:00,5.58000000,5.60000000,5.46900000,5.48700000,2259994.17000000,1724947199999,12538281.09459000,100245,929801.58000000,5158904.58211000,0
2024-08-29 16:00:00,5.48700000,5.51400000,5.35800000,5.39600000,2490850.72000000,1724961599999,13582481.64963000,122601,1146531.34000000,6259343.60875000,0
2024-08-29 20:00:00,5.39600000,5.46800000,5.36000000,5.45400000,1005203.66000000,1724975999999,5433740.59713000,58136,431911.36000000,2334627.97837000,0
2024-08-30 00:00:00,5.45400000,5.51400000,5.42000000,5.43800000,1073099.92000000,1724990399999,5868534.40966000,55081,471989.91000000,2581439.56336000,0
2024-08-30 04:00:00,5.43700000,5.47900000,5.39700000,5.41500000,1162227.29000000,1725004799999,6324409.97916000,57003,484764.09000000,2638699.13030000,0
2024-08-30 08:00:00,5.41400000,5.45000000,5.35500000,5.38700000,825544.23000000,1725019199999,4460815.85413000,51916,318516.02000000,1721023.07848000,0
2024-08-30 12:00:00,5.38700000,5.44900000,5.25600000,5.27900000,2163548.02000000,1725033599999,11591531.52955000,123597,845947.76000000,4536149.69025000,0
2024-08-30 16:00:00,5.27800000,5.34100000,5.26100000,5.29100000,1777030.42000000,1725047999999,9420521.00506000,98847,828537.53000000,4391447.39608000,0
2024-08-30 20:00:00,5.29100000,5.39800000,5.29100000,5.37100000,773464.79000000,1725062399999,4140187.41962000,33825,407965.75000000,2183472.11284000,0
2024-08-31 00:00:00,5.37100000,5.39800000,5.34200000,5.36400000,510002.83000000,1725076799999,2736945.17150000,28534,211860.92000000,1136764.87550000,0
2024-08-31 04:00:00,5.36400000,5.39700000,5.33100000,5.35300000,648823.46000000,1725091199999,3479235.30767000,32306,318825.00000000,1710191.01534000,0
2024-08-31 08:00:00,5.35300000,5.36000000,5.30700000,5.32600000,560285.64000000,1725105599999,2986993.54180000,28692,252981.90000000,1348856.02533000,0
2024-08-31 12:00:00,5.32500000,5.40700000,5.27500000,5.40000000,2097463.96000000,1725119999999,11196427.41748000,57242,1420728.30000000,7588858.57029000,0
2024-08-31 16:00:00,5.40000000,5.44300000,5.35900000,5.37800000,1249057.66000000,1725134399999,6738910.47836000,56047,614091.43000000,3316228.00795000,0
2024-08-31 20:00:00,5.37700000,5.43900000,5.37500000,5.42000000,797755.54000000,1725148799999,4320708.29732000,39405,418003.81000000,2263519.69483000,0
2024-09-01 00:00:00,5.42100000,5.45700000,5.34400000,5.39700000,802369.71000000,1725163199999,4334818.18287000,38770,318353.38000000,1719144.16801000,0
2024-09-01 04:00:00,5.39800000,5.44600000,5.35600000,5.38700000,871636.60000000,1725177599999,4701308.23012000,54280,444997.86000000,2400013.48310000,0
2024-09-01 08:00:00,5.38600000,5.39300000,5.31600000,5.34500000,660562.68000000,1725191999999,3532536.35935000,47255,299216.32000000,1599941.42508000,0
2024-09-01 12:00:00,5.34500000,5.36600000,5.20900000,5.27400000,1302163.81000000,1725206399999,6861670.24962000,84458,613794.88000000,3233300.85487000,0
2024-09-01 16:00:00,5.27300000,5.35700000,5.25100000,5.32100000,785751.01000000,1725220799999,4166477.89966000,58849,379915.23000000,2014348.33633000,0
2024-09-01 20:00:00,5.32000000,5.33900000,5.15000000,5.18400000,1114242.07000000,1725235199999,5815399.26680000,75211,479641.99000000,2505922.09551000,0
2024-09-02 00:00:00,5.18300000,5.21300000,5.15100000,5.18800000,651171.05000000,1725249599999,3374708.60406000,40575,297996.64000000,1544402.74823000,0
2024-09-02 04:00:00,5.18700000,5.19900000,5.11100000,5.14900000,814875.38000000,1725263999999,4200257.34707000,47401,346339.55000000,1786271.27200000,0
2024-09-02 08:00:00,5.14800000,5.24700000,5.13800000,5.21100000,1187268.83000000,1725278399999,6181484.77629000,73428,622978.26000000,3244282.11671000,0
2024-09-02 12:00:00,5.21100000,5.22200000,5.08000000,5.15200000,2061286.55000000,1725292799999,10611980.39157000,97822,978756.22000000,5041113.12591000,0
2024-09-02 16:00:00,5.15300000,5.18000000,5.11900000,5.16300000,786210.34000000,1725307199999,4053932.52927000,52977,395818.08000000,2041308.49583000,0
2024-09-02 20:00:00,5.16400000,5.24600000,5.15300000,5.21900000,922897.53000000,1725321599999,4803698.51468000,51084,457150.85000000,2380280.24482000,0
2024-09-03 00:00:00,5.21800000,5.27900000,5.19100000,5.23900000,822039.41000000,1725335999999,4308977.87224000,53927,460868.41000000,2416335.37495000,0
2024-09-03 04:00:00,5.24000000,5.30000000,5.22500000,5.29800000,674381.26000000,1725350399999,3540628.14286000,37724,375559.02000000,1972169.82386000,0
2024-09-03 08:00:00,5.29900000,5.30000000,5.13800000,5.18100000,1788082.41000000,1725364799999,9283140.77892000,77841,839642.62000000,4357273.50179000,0
2024-09-03 12:00:00,5.18100000,5.19800000,4.86700000,4.88000000,4058208.66000000,1725379199999,20275666.31459000,167368,1869914.27000000,9339364.50664000,0
2024-09-03 16:00:00,4.88000000,5.04000000,4.85600000,4.96300000,1808229.18000000,1725393599999,8943880.88761000,81379,967391.22000000,4792305.40057000,0
2024-09-03 20:00:00,4.96300000,4.99800000,4.87600000,4.88900000,681560.94000000,1725407999999,3370058.89977000,42988,320836.07000000,1587723.06950000,0
2024-09-04 00:00:00,4.88900000,4.92500000,4.60200000,4.79000000,2813431.63000000,1725422399999,13369430.69861000,128595,1344870.82000000,6391148.64094000,0
2024-09-04 04:00:00,4.79100000,4.83600000,4.68000000,4.68400000,2337019.34000000,1725436799999,11118242.64052000,79979,1198962.50000000,5698928.92983000,0
2024-09-04 08:00:00,4.68400000,4.70800000,4.55500000,4.60700000,4393446.88000000,1725451199999,20378090.61440000,136503,2318865.99000000,10754468.24984000,0
2024-09-04 12:00:00,4.60600000,4.71700000,4.58100000,4.68900000,2683517.17000000,1725465599999,12498439.63431000,139260,1384836.93000000,6448050.55019000,0
2024-09-04 16:00:00,4.68800000,4.74100000,4.56500000,4.60000000,1898605.06000000,1725479999999,8841522.32216000,107222,929492.79000000,4330983.53924000,0
2024-09-04 20:00:00,4.60000000,4.67300000,4.58600000,4.62500000,861346.91000000,1725494399999,3986289.63298000,42614,428283.66000000,1982425.61945000,0
2024-09-05 00:00:00,4.62600000,4.65200000,4.51700000,4.52500000,1352597.19000000,1725508799999,6216890.92562000,67424,612678.83000000,2816357.67753000,0
2024-09-05 04:00:00,4.52400000,4.62400000,4.51400000,4.61700000,1104099.92000000,1725523199999,5045002.28018000,62105,538917.57000000,2461577.97990000,0
2024-09-05 08:00:00,4.61600000,4.72400000,4.61600000,4.69900000,1928590.46000000,1725537599999,8994205.85124000,75296,1012162.92000000,4722158.91446000,0
2024-09-05 12:00:00,4.69800000,4.70900000,4.60700000,4.66100000,2312277.91000000,1725551999999,10787131.68182000,107187,1065964.24000000,4973624.65432000,0
2024-09-05 16:00:00,4.66100000,4.79300000,4.58200000,4.73000000,1769278.07000000,1725566399999,8325368.81261000,84939,965038.48000000,4544615.90390000,0
2024-09-05 20:00:00,4.73000000,4.91700000,4.72400000,4.81000000,3994419.30000000,1725580799999,19220137.65702000,110872,2345643.35000000,11283144.32879000,0
2024-09-06 00:00:00,4.81000000,4.88400000,4.76100000,4.82600000,1498292.20000000,1725595199999,7230974.16645000,54281,781687.37000000,3772030.43352000,0
2024-09-06 04:00:00,4.82500000,4.91000000,4.77700000,4.79000000,1679522.42000000,1725609599999,8147286.68756000,70498,846429.93000000,4109247.23924000,0
2024-09-06 08:00:00,4.78900000,4.82300000,4.72300000,4.80200000,1408617.74000000,1725623999999,6739196.80698000,75977,710020.38000000,3396758.62218000,0
2024-09-06 12:00:00,4.80300000,4.87700000,4.69200000,4.76900000,3889657.06000000,1725638399999,18564406.03951000,159766,1962546.59000000,9373804.80817000,0
2024-09-06 16:00:00,4.76900000,4.80500000,4.62700000,4.66500000,2105426.02000000,1725652799999,9929046.66610000,96286,1018548.66000000,4804102.32168000,0
2024-09-06 20:00:00,4.66500000,4.68700000,4.44400000,4.65600000,2181172.40000000,1725667199999,9956763.36613000,93517,1045284.48000000,4774810.40192000,0
2024-09-07 00:00:00,4.65800000,4.69100000,4.60300000,4.61800000,1019173.63000000,1725681599999,4721748.20475000,35902,446264.53000000,2067749.95908000,0
2024-09-07 04:00:00,4.61900000,4.67900000,4.60600000,4.64600000,896695.13000000,1725695999999,4163088.94915000,40851,431622.26000000,2003413.86959000,0
2024-09-07 08:00:00,4.64500000,4.65200000,4.60600000,4.62100000,912087.15000000,1725710399999,4219024.78537000,40583,415683.60000000,1923275.31200000,0
2024-09-07 12:00:00,4.62000000,4.67400000,4.60100000,4.66300000,802560.06000000,1725724799999,3719984.10345000,43172,409184.02000000,1896637.72501000,0
2024-09-07 16:00:00,4.66300000,4.67600000,4.59000000,4.64700000,792335.90000000,1725739199999,3668902.70271000,39626,406150.84000000,1881021.12521000,0
2024-09-07 20:00:00,4.64600000,4.67100000,4.60700000,4.67000000,431053.96000000,1725753599999,1998765.98383000,25251,220038.84000000,1020458.25922000,0
2024-09-08 00:00:00,4.67000000,4.73400000,4.64600000,4.69300000,712098.51000000,1725767999999,3345916.69659000,31691,360574.17000000,1694336.42791000,0
2024-09-08 04:00:00,4.69400000,4.73900000,4.68900000,4.72300000,718550.39000000,1725782399999,3387634.42113000,38429,326836.29000000,1540992.29847000,0
2024-09-08 08:00:00,4.72400000,4.76800000,4.71300000,4.72700000,951028.47000000,1725796799999,4504887.89762000,47181,453742.03000000,2149850.09702000,0
2024-09-08 12:00:00,4.72700000,4.75400000,4.67100000,4.72400000,1320964.35000000,1725811199999,6235942.95246000,60391,609470.17000000,2877338.96810000,0
2024-09-08 16:00:00,4.72400000,4.84100000,4.70200000,4.82100000,1755403.74000000,1725825599999,8363305.00005000,53407,817027.43000000,3894198.01435000,0
2024-09-08 20:00:00,4.82000000,4.94500000,4.81700000,4.89600000,1885965.85000000,1725839999999,9233439.18474000,66309,919521.56000000,4501759.37296000,0
2024-09-09 00:00:00,4.89600000,4.96400000,4.88300000,4.95100000,1225615.79000000,1725854399999,6034761.09756000,44978,603075.18000000,2970145.67956000,0
2024-09-09 04:00:00,4.95200000,4.95200000,4.87100000,4.93900000,846685.36000000,1725868799999,4152758.87272000,39205,356831.06000000,1749507.66768000,0
2024-09-09 08:00:00,4.93800000,5.16700000,4.93600000,5.15300000,2941958.59000000,1725883199999,14905605.06789000,98887,1754682.08000000,8886317.67312000,0
2024-09-09 12:00:00,5.15300000,5.17300000,5.04700000,5.08400000,1996023.54000000,1725897599999,10185350.70698000,86216,900286.01000000,4594182.01828000,0
2024-09-09 16:00:00,5.08300000,5.20000000,5.08000000,5.18900000,1999074.46000000,1725911999999,10285146.30874000,80739,1067585.20000000,5494633.42023000,0
2024-09-09 20:00:00,5.18800000,5.27000000,5.13600000,5.21900000,1272310.04000000,1725926399999,6625168.36729000,51569,661282.86000000,3443074.87386000,0
2024-09-10 00:00:00,5.21900000,5.26000000,5.16800000,5.23000000,1110859.84000000,1725940799999,5789968.03362000,40283,528885.87000000,2757350.65018000,0
2024-09-10 04:00:00,5.23000000,5.27900000,5.18500000,5.22300000,1109654.46000000,1725955199999,5799244.59358000,46677,564677.71000000,2951868.40777000,0
2024-09-10 08:00:00,5.22300000,5.34100000,5.21400000,5.30800000,1145352.59000000,1725969599999,6041432.81762000,51360,585792.69000000,3091866.77307000,0
2024-09-10 12:00:00,5.30700000,5.38800000,5.25400000,5.32000000,1414381.99000000,1725983999999,7525379.45532000,68790,757087.81000000,4029859.25111000,0
2024-09-10 16:00:00,5.32000000,5.48100000,5.31900000,5.45900000,1672310.91000000,1725998399999,9066763.05128000,68434,905776.04000000,4910027.44247000,0
2024-09-10 20:00:00,5.45900000,5.56000000,5.42500000,5.52900000,1506918.62000000,1726012799999,8282013.55994000,44010,895669.28000000,4924575.35191000,0
2024-09-11 00:00:00,5.52900000,5.55300000,5.29000000,5.32000000,2745777.06000000,1726027199999,14820199.88212000,97567,1082072.83000000,5834523.12037000,0
2024-09-11 04:00:00,5.32000000,5.34800000,5.18300000,5.29400000,1996462.16000000,1726041599999,10515939.32696000,90191,891869.95000000,4698665.03212000,0
2024-09-11 08:00:00,5.29300000,5.29500000,5.20900000,5.23300000,893676.11000000,1726055999999,4687289.21049000,65201,398145.26000000,2088096.05985000,0
2024-09-11 12:00:00,5.23300000,5.28100000,5.15500000,5.24900000,1930325.36000000,1726070399999,10068728.32927000,132927,901314.75000000,4705319.95383000,0
2024-09-11 16:00:00,5.24900000,5.34700000,5.24400000,5.31300000,1057871.94000000,1726084799999,5612437.75218000,57543,572047.69000000,3036439.34025000,0
2024-09-11 20:00:00,5.31400000,5.39400000,5.28800000,5.38900000,938990.40000000,1726099199999,5010963.44136000,34770,551264.23000000,2940308.35461000,0
2024-09-12 00:00:00,5.39000000,5.44500000,5.37200000,5.42700000,1115151.50000000,1726113599999,6033011.02328000,41537,516233.59000000,2793714.67877000,0
2024-09-12 04:00:00,5.42700000,5.45000000,5.35000000,5.37700000,1013470.26000000,1726127999999,5468652.49336000,38537,381040.66000000,2056557.19141000,0
2024-09-12 08:00:00,5.37600000,5.44600000,5.37500000,5.41000000,960088.04000000,1726142399999,5189308.00458000,40866,481456.48000000,2603956.88976000,0
2024-09-12 12:00:00,5.41100000,5.48800000,5.34000000,5.48400000,2143963.74000000,1726156799999,11616052.51851000,81952,999399.47000000,5420693.42993000,0
2024-09-12 16:00:00,5.48500000,5.69500000,5.47200000,5.60800000,3213400.91000000,1726171199999,18048615.73492000,104824,1610008.13000000,9038474.29673000,0
2024-09-12 20:00:00,5.60700000,5.60800000,5.53800000,5.58300000,896525.70000000,1726185599999,4993658.37781000,41355,489725.04000000,2727871.09721000,0
2024-09-13 00:00:00,5.58400000,5.63500000,5.52100000,5.52300000,1062329.01000000,1726199999999,5931060.02842000,51160,527972.50000000,2950108.30491000,0
2024-09-13 04:00:00,5.52200000,5.55700000,5.47700000,5.52400000,1055288.68000000,1726214399999,5827313.99679000,45791,514071.83000000,2840287.35148000,0
2024-09-13 08:00:00,5.52300000,5.57300000,5.51200000,5.55800000,827562.69000000,1726228799999,4585827.44313000,43381,452331.50000000,2506513.25506000,0
2024-09-13 12:00:00,5.55800000,5.88700000,5.52000000,5.82700000,3469981.34000000,1726243199999,19784974.59777000,118957,1805468.20000000,10313591.66199000,0
2024-09-13 16:00:00,5.82700000,5.88400000,5.76100000,5.82100000,1935324.85000000,1726257599999,11255235.58744000,85139,895237.68000000,5209433.05195000,0
2024-09-13 20:00:00,5.82100000,5.84800000,5.76500000,5.78100000,1129053.97000000,1726271999999,6563655.52802000,45922,577775.38000000,3358639.07928000,0
2024-09-14 00:00:00,5.78100000,5.83800000,5.73700000,5.76000000,702576.54000000,1726286399999,4064845.05397000,27608,336135.16000000,1945887.13075000,0
2024-09-14 04:00:00,5.76000000,5.79200000,5.73800000,5.78700000,497686.40000000,1726300799999,2869741.17524000,29287,266237.80000000,1535512.21984000,0
2024-09-14 08:00:00,5.78600000,5.83200000,5.67300000,5.69000000,1358551.72000000,1726315199999,7814361.20219000,51751,575151.93000000,3310308.15748000,0
2024-09-14 12:00:00,5.68900000,5.72300000,5.65700000,5.66900000,1139793.10000000,1726329599999,6480461.94939000,47061,574871.86000000,3269133.83359000,0
2024-09-14 16:00:00,5.67000000,5.71500000,5.64800000,5.67500000,582238.74000000,1726343999999,3311227.79334000,39657,298938.29000000,1700239.54207000,0
2024-09-14 20:00:00,5.67500000,5.69100000,5.64800000,5.67600000,328214.81000000,1726358399999,1862546.03169000,21723,176520.83000000,1001886.23309000,0
2024-09-15 00:00:00,5.67600000,5.70800000,5.66400000,5.67800000,322115.66000000,1726372799999,1830951.73190000,20164,157880.95000000,897512.18583000,0
2024-09-15 04:00:00,5.67800000,5.74500000,5.64600000,5.74400000,557046.10000000,1726387199999,3171684.08022000,30233,286056.17000000,1629978.57066000,0
2024-09-15 08:00:00,5.74400000,5.76300000,5.57900000,5.63800000,2197499.39000000,1726401599999,12416070.61767000,64280,814271.78000000,4601224.38540000,0
2024-09-15 12:00:00,5.63700000,5.67000000,5.56400000,5.66500000,1512805.75000000,1726415999999,8499142.92043000,51055,791222.55000000,4444389.19148000,0
2024-09-15 16:00:00,5.66500000,5.68000000,5.60000000,5.65600000,1208474.90000000,1726430399999,6820003.81772000,49786,629600.54000000,3552905.65548000,0
2024-09-15 20:00:00,5.65700000,5.68000000,5.51400000,5.55400000,750907.79000000,1726444799999,4188262.49473000,45065,335475.03000000,1871082.63569000,0
2024-09-16 00:00:00,5.55400000,5.55900000,5.41500000,5.51100000,1016158.11000000,1726459199999,5577571.07792000,51743,454202.06000000,2493848.79749000,0
2024-09-16 04:00:00,5.51000000,5.59900000,5.49400000,5.58600000,706117.11000000,1726473599999,3915520.15518000,34857,386584.04000000,2144856.18957000,0
2024-09-16 08:00:00,5.58700000,5.60200000,5.48300000,5.51000000,1106974.44000000,1726487999999,6115837.43576000,62625,492062.79000000,2719315.29148000,0
2024-09-16 12:00:00,5.51100000,5.51300000,5.40200000,5.44400000,1780340.06000000,1726502399999,9703045.09800000,93638,810576.56000000,4417376.42503000,0
2024-09-16 16:00:00,5.44400000,5.45200000,5.36600000,5.42200000,1241354.78000000,1726516799999,6716722.09312000,54506,471375.38000000,2551076.46902000,0
2024-09-16 20:00:00,5.42300000,5.48600000,5.41100000,5.48500000,428886.01000000,1726531199999,2335378.77537000,26960,226499.17000000,1233909.49008000,0
2024-09-17 00:00:00,5.48500000,5.51100000,5.44000000,5.46000000,717041.65000000,1726545599999,3922314.75046000,32952,306834.91000000,1678762.66266000,0
2024-09-17 04:00:00,5.46100000,5.55800000,5.45100000,5.54500000,865074.94000000,1726559999999,4768213.16343000,34837,483718.35000000,2666179.39325000,0
2024-09-17 08:00:00,5.54500000,5.55800000,5.40500000,5.46100000,2103382.71000000,1726574399999,11502567.91077000,58477,845898.22000000,4623305.23722000,0
2024-09-17 12:00:00,5.46100000,5.59600000,5.45100000,5.58000000,1920894.72000000,1726588799999,10624174.32262000,82009,1145152.71000000,6336534.27372000,0
2024-09-17 16:00:00,5.57900000,5.58800000,5.47700000,5.50700000,1324055.38000000,1726603199999,7311703.03299000,50033,660056.95000000,3643150.96329000,0
2024-09-17 20:00:00,5.50700000,5.54300000,5.49100000,5.52200000,485551.88000000,1726617599999,2676564.27891000,24661,246349.78000000,1358228.93915000,0
2024-09-18 00:00:00,5.52200000,5.54500000,5.47700000,5.50900000,510774.73000000,1726631999999,2815243.00055000,24398,253385.13000000,1396778.27896000,0
2024-09-18 04:00:00,5.50900000,5.54400000,5.46800000,5.52100000,469847.85000000,1726646399999,2587553.51419000,28436,243696.97000000,1342187.94116000,0
2024-09-18 08:00:00,5.52100000,5.57300000,5.45400000,5.51800000,1119889.49000000,1726660799999,6176667.58576000,62527,577022.01000000,3183647.86507000,0
2024-09-18 12:00:00,5.51900000,5.57100000,5.44200000,5.46500000,1079653.24000000,1726675199999,5955648.04777000,76454,545924.41000000,3012541.89526000,0
2024-09-18 16:00:00,5.46500000,5.55700000,5.42500000,5.53900000,1561518.64000000,1726689599999,8598277.03679000,105635,813170.42000000,4477336.84587000,0
2024-09-18 20:00:00,5.53900000,5.64500000,5.50900000,5.64100000,983136.25000000,1726703999999,5509429.09932000,51685,516483.14000000,2893576.92294000,0
2024-09-19 00:00:00,5.64100000,5.73000000,5.60400000,5.69900000,1726706.67000000,1726718399999,9781612.00592000,61596,918272.68000000,5205542.42513000,0
2024-09-19 04:00:00,5.69800000,5.80000000,5.69800000,5.75700000,1167965.86000000,1726732799999,6707587.27922000,56810,648539.33000000,3724144.22198000,0
2024-09-19 08:00:00,5.75800000,5.79300000,5.69400000,5.79200000,789820.87000000,1726747199999,4536603.40277000,54046,426246.18000000,2449358.45603000,0
2024-09-19 12:00:00,5.79200000,5.81300000,5.70700000,5.74300000,1412420.30000000,1726761599999,8128730.49430000,73678,700467.91000000,4033962.66265000,0
2024-09-19 16:00:00,5.74200000,5.79200000,5.72000000,5.72100000,1014560.17000000,1726775999999,5840518.74791000,61495,484202.94000000,2787742.90769000,0
2024-09-19 20:00:00,5.72000000,5.73400000,5.66300000,5.68300000,431964.42000000,1726790399999,2460567.15518000,32714,198098.41000000,1128545.03335000,0
2024-09-20 00:00:00,5.68300000,5.76800000,5.59200000,5.76700000,850168.21000000,1726804799999,4818367.33479000,41665,454301.80000000,2577614.63045000,0
2024-09-20 04:00:00,5.76800000,5.80600000,5.73300000,5.76700000,1445230.55000000,1726819199999,8347502.54664000,55295,695147.78000000,4013986.64606000,0
2024-09-20 08:00:00,5.76700000,5.79800000,5.66200000,5.68900000,1292355.58000000,1726833599999,7395990.86794000,61455,651490.86000000,3728700.04980000,0
2024-09-20 12:00:00,5.68900000,5.71200000,5.59100000,5.59400000,1417325.03000000,1726847999999,7993283.80484000,86595,627786.68000000,3540516.94290000,0
2024-09-20 16:00:00,5.59400000,5.62000000,5.56300000,5.59700000,845203.09000000,1726862399999,4723801.60838000,51370,545074.16000000,3046651.03740000,0
2024-09-20 20:00:00,5.59800000,5.62000000,5.54800000,5.58500000,382188.60000000,1726876799999,2135781.44702000,27182,197447.62000000,1103780.44350000,0
2024-09-21 00:00:00,5.58500000,5.58700000,5.47400000,5.48800000,757487.89000000,1726891199999,4180598.41434000,34550,313741.44000000,1733574.75365000,0
2024-09-21 04:00:00,5.48800000,5.53200000,5.44900000,5.53200000,449307.21000000,1726905599999,2466801.40528000,29558,223622.77000000,1228913.48930000,0
2024-09-21 08:00:00,5.53200000,5.58400000,5.52600000,5.57800000,478506.47000000,1726919999999,2656277.51176000,27707,263739.94000000,1463532.99849000,0
2024-09-21 12:00:00,5.57900000,5.62300000,5.56900000,5.61700000,810647.18000000,1726934399999,4534849.66569000,40806,379781.77000000,2124683.66695000,0
2024-09-21 16:00:00,5.61600000,5.70800000,5.61100000,5.62200000,769369.53000000,1726948799999,4345310.77405000,41443,412889.75000000,2331557.43012000,0
2024-09-21 20:00:00,5.62200000,5.68500000,5.61800000,5.67300000,317495.65000000,1726963199999,1793904.11709000,21637,167298.20000000,945438.18522000,0
2024-09-22 00:00:00,5.67300000,5.69700000,5.63000000,5.69000000,595477.65000000,1726977599999,3373999.08204000,36888,336225.36000000,1904961.45948000,0
2024-09-22 04:00:00,5.69100000,5.70300000,5.62600000,5.66000000,474210.36000000,1726991999999,2682835.05100000,28547,193225.30000000,1093220.03006000,0
2024-09-22 08:00:00,5.66000000,5.67500000,5.50000000,5.55900000,829567.76000000,1727006399999,4633642.87438000,44148,392356.93000000,2191816.40275000,0
2024-09-22 12:00:00,5.55900000,5.59700000,5.50000000,5.57700000,589068.75000000,1727020799999,3268119.73996000,39806,292922.81000000,1626274.01504000,0
2024-09-22 16:00:00,5.57700000,5.60700000,5.53200000,5.58400000,358360.80000000,1727035199999,1998638.00990000,35324,193329.57000000,1078368.73207000,0
2024-09-22 20:00:00,5.58300000,5.63600000,5.51800000,5.62000000,561373.62000000,1727049599999,3137649.79492000,33729,314453.71000000,1757489.44453000,0
2024-09-23 00:00:00,5.62000000,5.70000000,5.54400000,5.66700000,720297.59000000,1727063999999,4067102.85833000,44076,401891.71000000,2269452.14963000,0
2024-09-23 04:00:00,5.66800000,5.69500000,5.61000000,5.66300000,994098.41000000,1727078399999,5619049.91931000,44274,435548.49000000,2461227.78789000,0
2024-09-23 08:00:00,5.66300000,5.66700000,5.56100000,5.61900000,755492.37000000,1727092799999,4232655.67188000,44085,340421.84000000,1906002.69377000,0
2024-09-23 12:00:00,5.61800000,5.72500000,5.61000000,5.70000000,1012747.83000000,1727107199999,5744362.05918000,63739,541353.78000000,3069898.78495000,0
2024-09-23 16:00:00,5.69900000,5.72400000,5.60100000,5.60800000,1456069.24000000,1727121599999,8203250.03071000,55348,799640.47000000,4501347.04667000,0
2024-09-23 20:00:00,5.60800000,5.64800000,5.60000000,5.64000000,312894.81000000,1727135999999,1759000.77991000,21579,147668.37000000,830195.31181000,0
2024-09-24 00:00:00,5.64000000,5.65200000,5.57000000,5.61700000,478641.53000000,1727150399999,2682689.02079000,23702,219447.77000000,1229815.95035000,0
2024-09-24 04:00:00,5.61800000,5.62600000,5.57200000,5.59100000,495136.60000000,1727164799999,2773836.25266000,25083,223039.30000000,1249933.59352000,0
2024-09-24 08:00:00,5.59000000,5.61200000,5.56000000,5.58400000,685836.31000000,1727179199999,3832570.83709000,31142,316212.06000000,1767247.49785000,0
2024-09-24 12:00:00,5.58400000,5.61300000,5.45900000,5.49700000,1448425.29000000,1727193599999,8011126.87456000,77006,683861.44000000,3780733.61469000,0
2024-09-24 16:00:00,5.49700000,5.63000000,5.47200000,5.60100000,1184399.05000000,1727207999999,6579186.93746000,57161,682767.05000000,3791123.39577000,0
2024-09-24 20:00:00,5.60100000,5.64700000,5.59100000,5.61600000,920799.26000000,1727222399999,5172499.99592000,41574,494880.29000000,2780541.29256000,0
2024-09-25 00:00:00,5.61600000,5.76200000,5.57700000,5.75700000,1748485.41000000,1727236799999,9934269.38059000,60716,1030971.85000000,5869583.55214000,0
2024-09-25 04:00:00,5.75700000,5.82700000,5.56000000,5.63900000,2094879.39000000,1727251199999,11953827.39855000,86628,1053371.32000000,6021165.85932000,0
2024-09-25 08:00:00,5.63900000,5.72000000,5.62900000,5.70900000,1206937.17000000,1727265599999,6853762.77566000,60999,650698.57000000,3693315.03577000,0
2024-09-25 12:00:00,5.70800000,5.72000000,5.64000000,5.66200000,770440.54000000,1727279999999,4381989.09943000,70423,368126.02000000,2094515.94314000,0
2024-09-25 16:00:00,5.66200000,5.71200000,5.62100000,5.69300000,760503.91000000,1727294399999,4313707.08204000,69673,362104.55000000,2054997.43389000,0
2024-09-25 20:00:00,5.69300000,5.78300000,5.68500000,5.73600000,688598.14000000,1727308799999,3948593.25368000,58450,351272.39000000,2015161.71624000,0
2024-09-26 00:00:00,5.73700000,5.84900000,5.62400000,5.77000000,1280924.62000000,1727323199999,7361979.85050000,75696,699178.45000000,4021094.91795000,0
2024-09-26 04:00:00,5.77100000,5.83000000,5.71000000,5.82700000,794128.69000000,1727337599999,4585601.17195000,60383,381756.43000000,2206287.15669000,0
2024-09-26 08:00:00,5.82700000,5.87700000,5.74400000,5.82500000,2136389.24000000,1727351999999,12432629.44253000,109733,997377.57000000,5813174.97121000,0
2024-09-26 12:00:00,5.82500000,5.84300000,5.75000000,5.83500000,1960477.76000000,1727366399999,11368695.92377000,177666,1010212.94000000,5860377.74883000,0
2024-09-26 16:00:00,5.83500000,5.94000000,5.74400000,5.77400000,2443765.96000000,1727380799999,14249802.74452000,168660,1354582.48000000,7903004.07014000,0
2024-09-26 20:00:00,5.77300000,5.81000000,5.74600000,5.79200000,667029.51000000,1727395199999,3854065.21758000,61449,316596.87000000,1829851.85294000,0
2024-09-27 00:00:00,5.79200000,5.82700000,5.71200000,5.79200000,991782.69000000,1727409599999,5723206.28944000,73823,427697.53000000,2468609.97835000,0
2024-09-27 04:00:00,5.79300000,5.84600000,5.78300000,5.79700000,972048.24000000,1727423999999,5654484.66504000,85958,501245.65000000,2916528.48733000,0
2024-09-27 08:00:00,5.79800000,5.93700000,5.79700000,5.88300000,1290520.30000000,1727438399999,7575687.17121000,112911,721906.56000000,4239558.44112000,0
2024-09-27 12:00:00,5.88200000,6.08300000,5.86100000,5.98600000,3301251.22000000,1727452799999,19812688.88936000,229541,1745841.00000000,10479915.13417000,0
2024-09-27 16:00:00,5.98700000,6.13400000,5.97600000,6.03300000,1889707.70000000,1727467199999,11461029.82958000,150022,906774.49000000,5500764.30619000,0
2024-09-27 20:00:00,6.03300000,6.06700000,5.96300000,5.98100000,704025.11000000,1727481599999,4231250.70833000,52735,339093.92000000,2038983.63590000,0
2024-09-28 00:00:00,5.98000000,6.06500000,5.97100000,6.05500000,575971.17000000,1727495999999,3466456.60708000,51250,359785.41000000,2165245.41695000,0
2024-09-28 04:00:00,6.05400000,6.06900000,5.88800000,5.93700000,1070497.52000000,1727510399999,6390102.89823000,82257,437259.87000000,2610460.52088000,0
2024-09-28 08:00:00,5.93700000,5.94600000,5.82600000,5.94600000,942516.60000000,1727524799999,5563444.62548000,97557,449955.31000000,2656534.34902000,0
2024-09-28 12:00:00,5.94600000,5.94700000,5.81400000,5.85800000,1136634.51000000,1727539199999,6663346.26957000,100410,535038.51000000,3136024.53236000,0
2024-09-28 16:00:00,5.85900000,5.90200000,5.83200000,5.88500000,580652.67000000,1727553599999,3407996.73140000,58084,332952.28000000,1954072.86689000,0
2024-09-28 20:00:00,5.88500000,5.89500000,5.81800000,5.88500000,343259.88000000,1727567999999,2013721.93948000,36220,162192.70000000,951637.34152000,0
2024-09-29 00:00:00,5.88500000,5.89200000,5.80800000,5.84500000,493491.24000000,1727582399999,2883434.72519000,48227,222596.37000000,1300602.02673000,0
2024-09-29 04:00:00,5.84600000,5.84700000,5.73400000,5.74400000,737817.82000000,1727596799999,4271415.47439000,65981,255627.21000000,1481194.15051000,0
2024-09-29 08:00:00,5.74300000,5.83200000,5.73500000,5.81800000,749142.89000000,1727611199999,4343724.50126000,69743,423714.27000000,2457815.86597000,0
2024-09-29 12:00:00,5.81800000,5.84000000,5.75500000,5.83800000,704655.07000000,1727625599999,4088262.36857000,83728,380438.97000000,2208000.23418000,0
2024-09-29 16:00:00,5.83900000,5.88700000,5.80500000,5.88500000,501678.38000000,1727639999999,2934243.98261000,56313,273158.70000000,1597821.16571000,0
2024-09-29 20:00:00,5.88500000,5.91000000,5.81400000,5.84700000,499527.54000000,1727654399999,2930250.46064000,35215,224461.13000000,1317733.81704000,0
2024-09-30 00:00:00,5.84700000,5.87000000,5.73800000,5.80400000,1039608.84000000,1727668799999,6025027.38740000,72656,482401.26000000,2793706.26754000,0
2024-09-30 04:00:00,5.80400000,5.84000000,5.75800000,5.83500000,448402.88000000,1727683199999,2604973.68868000,51383,207978.00000000,1208666.35695000,0
2024-09-30 08:00:00,5.83600000,5.84700000,5.71500000,5.80700000,960694.34000000,1727697599999,5556195.02530000,82881,436701.25000000,2526841.03914000,0
2024-09-30 12:00:00,5.80800000,5.83100000,5.76800000,5.77300000,680974.81000000,1727711999999,3958650.14185000,72369,349686.19000000,2033559.64764000,0
2024-09-30 16:00:00,5.77300000,5.88900000,5.76800000,5.84500000,853290.02000000,1727726399999,4973545.60186000,68480,463049.58000000,2700237.30670000,0
2024-09-30 20:00:00,5.84500000,5.87200000,5.65800000,5.70800000,723287.07000000,1727740799999,4178307.62674000,39146,322900.57000000,1869465.62305000,0
2024-10-01 00:00:00,5.70800000,5.81200000,5.66400000,5.80200000,785716.65000000,1727755199999,4505892.25630000,67256,342090.54000000,1962754.64974000,0
2024-10-01 04:00:00,5.80300000,5.83100000,5.78100000,5.81600000,517314.25000000,1727769599999,3005475.78687000,51377,272006.21000000,1580648.05905000,0
2024-10-01 08:00:00,5.81700000,5.84200000,5.78500000,5.80500000,649355.92000000,1727783999999,3781137.50100000,46547,316696.22000000,1844420.95672000,0
2024-10-01 12:00:00,5.80400000,5.81900000,5.31800000,5.46800000,3790792.97000000,1727798399999,21037436.98316000,206429,1676996.13000000,9291978.28252000,0
2024-10-01 16:00:00,5.46800000,5.51200000,5.17200000,5.36500000,3833958.70000000,1727812799999,20578033.24715000,242712,1886282.84000000,10136860.54963000,0
2024-10-01 20:00:00,5.36500000,5.38600000,5.24700000,5.37800000,1318957.36000000,1727827199999,7029638.25057000,97032,593911.46000000,3168152.27312000,0
2024-10-02 00:00:00,5.37800000,5.45800000,5.34000000,5.44800000,812118.96000000,1727841599999,4391971.91918000,59698,406084.83000000,2198702.16534000,0
2024-10-02 04:00:00,5.44700000,5.51200000,5.41200000,5.48400000,611201.54000000,1727855999999,3337443.83217000,48307,313336.93000000,1711804.33666000,0
2024-10-02 08:00:00,5.48400000,5.50000000,5.35800000,5.42200000,1432926.93000000,1727870399999,7783378.27323000,72111,619219.79000000,3367446.14164000,0
2024-10-02 12:00:00,5.42200000,5.42600000,5.32800000,5.41400000,1137553.53000000,1727884799999,6125942.33475000,85924,540690.82000000,2912082.40768000,0
2024-10-02 16:00:00,5.41300000,5.48100000,5.25000000,5.33600000,1864465.95000000,1727899199999,10039420.75181000,111591,1018616.89000000,5491505.61893000,0
2024-10-02 20:00:00,5.33600000,5.37600000,5.27900000,5.29000000,977783.59000000,1727913599999,5206491.46614000,56785,399632.19000000,2128386.01324000,0
2024-10-03 00:00:00,5.28900000,5.31800000,5.21500000,5.31700000,2117528.62000000,1727927999999,11139018.32272000,83673,994971.91000000,5239725.96048000,0
2024-10-03 04:00:00,5.31700000,5.32600000,5.24000000,5.25200000,589467.14000000,1727942399999,3122258.59596000,41948,321284.54000000,1702143.61945000,0
2024-10-03 08:00:00,5.25300000,5.26700000,5.13500000,5.23300000,1230537.27000000,1727956799999,6409447.50182000,90449,570698.24000000,2972863.15435000,0
2024-10-03 12:00:00,5.23300000,5.31800000,5.17100000,5.27100000,1467178.67000000,1727971199999,7685946.14314000,110668,738700.51000000,3871732.89668000,0
2024-10-03 16:00:00,5.27000000,5.32400000,5.21200000,5.32100000,951736.29000000,1727985599999,5019405.68834000,70702,472101.19000000,2489951.99153000,0
2024-10-03 20:00:00,5.32100000,5.33700000,5.26700000,5.33200000,348961.57000000,1727999999999,1852930.29360000,32951,183866.50000000,976227.45754000,0
2024-10-04 00:00:00,5.33200000,5.40300000,5.30400000,5.34000000,766402.89000000,1728014399999,4106403.16966000,48517,364943.54000000,1955374.21875000,0
2024-10-04 04:00:00,5.34000000,5.37500000,5.31000000,5.33100000,344880.34000000,1728028799999,1842854.19196000,28280,204499.91000000,1092790.18304000,0
2024-10-04 08:00:00,5.33100000,5.37700000,5.33000000,5.37000000,360555.39000000,1728043199999,1931165.86635000,32618,222266.99000000,1190646.38469000,0
2024-10-04 12:00:00,5.37000000,5.47900000,5.30800000,5.39800000,1004373.69000000,1728057599999,5389220.07656000,61199,590943.58000000,3174557.02650000,0
2024-10-04 16:00:00,5.39800000,5.42000000,5.36600000,5.40600000,589980.98000000,1728071999999,3182029.16026000,39093,312133.47000000,1683441.37717000,0
2024-10-04 20:00:00,5.40500000,5.41600000,5.38700000,5.40100000,270971.84000000,1728086399999,1463646.54357000,16186,137559.51000000,743253.36567000,0
2024-10-05 00:00:00,5.40100000,5.42000000,5.35900000,5.38000000,489257.70000000,1728100799999,2635946.87002000,21430,191230.71000000,1029809.65911000,0
2024-10-05 04:00:00,5.38100000,5.42800000,5.37300000,5.40000000,449814.07000000,1728115199999,2432229.08589000,34870,156864.40000000,847759.54701000,0
2024-10-05 08:00:00,5.40100000,5.42500000,5.36200000,5.36600000,649316.89000000,1728129599999,3496875.54155000,46383,197744.77000000,1065140.28082000,0
2024-10-05 12:00:00,5.36700000,5.37400000,5.30600000,5.32800000,620754.03000000,1728143999999,3311407.09386000,52036,223272.40000000,1190967.10699000,0
2024-10-05 16:00:00,5.32700000,5.34200000,5.23900000,5.24000000,937269.31000000,1728158399999,4952246.84763000,60297,386156.31000000,2041316.52467000,0
2024-10-05 20:00:00,5.23900000,5.24800000,5.18300000,5.23400000,504525.27000000,1728172799999,2635270.38683000,44813,187815.47000000,980975.29946000,0
2024-10-06 00:00:00,5.23400000,5.24700000,5.19200000,5.19400000,437290.08000000,1728187199999,2281053.56271000,43116,155922.23000000,813257.12187000,0
2024-10-06 04:00:00,5.19400000,5.22300000,5.18300000,5.19200000,624350.44000000,1728201599999,3243856.59423000,40007,230752.85000000,1198902.26420000,0
2024-10-06 08:00:00,5.19200000,5.24200000,5.17600000,5.22000000,571253.34000000,1728215999999,2969755.89712000,40276,241504.45000000,1256229.79334000,0
2024-10-06 12:00:00,5.22100000,5.29700000,5.21000000,5.26700000,1205271.12000000,1728230399999,6328965.41034000,72440,534090.49000000,2805758.29512000,0
2024-10-06 16:00:00,5.26700000,5.46000000,5.22500000,5.28400000,1238801.56000000,1728244799999,6557910.36114000,52555,815901.64000000,4324307.85928000,0
2024-10-06 20:00:00,5.28300000,5.33600000,5.28000000,5.31500000,405929.62000000,1728259199999,2153539.71413000,31345,175473.84000000,931150.89035000,0
2024-10-07 00:00:00,5.31500000,5.38900000,5.30100000,5.35800000,840277.69000000,1728273599999,4503315.16538000,61468,420748.74000000,2255551.04097000,0
2024-10-07 04:00:00,5.35800000,5.36600000,5.31900000,5.32900000,420785.97000000,1728287999999,2247425.57925000,30127,195669.72000000,1045136.02612000,0
2024-10-07 08:00:00,5.32800000,5.34000000,5.19800000,5.26900000,1065954.10000000,1728302399999,5610679.22643000,69074,460570.34000000,2422908.42112000,0
2024-10-07 12:00:00,5.26800000,5.31800000,5.23000000,5.27300000,941739.14000000,1728316799999,4966635.33071000,80933,455432.29000000,2403159.67453000,0
2024-10-07 16:00:00,5.27300000,5.31800000,5.20800000,5.24800000,841307.66000000,1728331199999,4428210.94940000,65532,419092.89000000,2207934.88011000,0
2024-10-07 20:00:00,5.24800000,5.40000000,5.19100000,5.19800000,1228904.61000000,1728345599999,6486162.82159000,54472,754209.24000000,3987365.70579000,0
2024-10-08 00:00:00,5.19800000,5.25500000,5.19200000,5.23900000,567345.24000000,1728359999999,2964408.13575000,46414,292780.98000000,1529374.27057000,0
2024-10-08 04:00:00,5.23800000,5.25700000,5.13700000,5.18000000,1013911.11000000,1728374399999,5258406.02378000,76179,448085.75000000,2324348.41284000,0
2024-10-08 08:00:00,5.18100000,5.23600000,5.15700000,5.22400000,756361.69000000,1728388799999,3938595.90515000,55026,346549.15000000,1804577.96567000,0
2024-10-08 12:00:00,5.22400000,5.34500000,5.14100000,5.18100000,2062359.65000000,1728403199999,10735645.88817000,104565,1250362.89000000,6513551.46724000,0
2024-10-08 16:00:00,5.18100000,5.22000000,5.16000000,5.20600000,577836.06000000,1728417599999,3000085.39931000,52564,315832.48000000,1639840.54825000,0
2024-10-08 20:00:00,5.20600000,5.23300000,5.17600000,5.19900000,398999.92000000,1728431999999,2078412.55319000,38699,208345.59000000,1085415.89007000,0
2024-10-09 00:00:00,5.19800000,5.24100000,5.19300000,5.20700000,677647.72000000,1728446399999,3536986.81960000,52383,372048.71000000,1942080.96787000,0
2024-10-09 04:00:00,5.20700000,5.23200000,5.19700000,5.20600000,462193.96000000,1728460799999,2409289.89274000,40127,193037.99000000,1006257.90012000,0
2024-10-09 08:00:00,5.20600000,5.24400000,5.18800000,5.21700000,619514.94000000,1728475199999,3227834.36782000,44903,292515.81000000,1524095.72606000,0
2024-10-09 12:00:00,5.21600000,5.23800000,5.11600000,5.20000000,1541321.47000000,1728489599999,7978044.40811000,89600,822894.34000000,4263677.04944000,0
2024-10-09 16:00:00,5.19900000,5.20500000,5.10800000,5.13300000,768013.44000000,1728503999999,3953394.27201000,60021,389697.08000000,2006057.22709000,0
2024-10-09 20:00:00,5.13200000,5.13200000,5.00000000,5.06600000,1148127.30000000,1728518399999,5802241.64594000,63661,555985.14000000,2807953.92163000,0
2024-10-10 00:00:00,5.06600000,5.09800000,5.03600000,5.09200000,710693.80000000,1728532799999,3606065.60695000,37233,396422.87000000,2010715.13476000,0
2024-10-10 04:00:00,5.09100000,5.12000000,5.07600000,5.08000000,508357.00000000,1728547199999,2592281.37149000,28709,232486.24000000,1185278.31462000,0
2024-10-10 08:00:00,5.07900000,5.08900000,5.01700000,5.08800000,833785.90000000,1728561599999,4217738.28384000,50534,466136.38000000,2356495.27166000,0
2024-10-10 12:00:00,5.08700000,5.09200000,5.00000000,5.06300000,1005439.23000000,1728575999999,5064661.76850000,78575,519935.71000000,2617939.17979000,0
2024-10-10 16:00:00,5.06200000,5.08100000,4.99700000,5.07000000,939329.27000000,1728590399999,4734293.48974000,75079,441413.73000000,2223845.64622000,0
2024-10-10 20:00:00,5.07000000,5.14000000,5.05700000,5.13800000,453778.32000000,1728604799999,2312200.72126000,29866,190266.81000000,969791.68874000,0
2024-10-11 00:00:00,5.13800000,5.19000000,5.12200000,5.18100000,505917.40000000,1728619199999,2609894.39641000,35456,214485.93000000,1106494.96061000,0
2024-10-11 04:00:00,5.18100000,5.18500000,5.14500000,5.15900000,334075.89000000,1728633599999,1726004.20867000,24394,146356.91000000,756045.74363000,0
2024-10-11 08:00:00,5.15900000,5.23700000,5.15600000,5.22200000,573651.01000000,1728647999999,2981258.00036000,38018,270468.29000000,1405386.48294000,0
2024-10-11 12:00:00,5.22300000,5.26500000,5.19400000,5.25400000,751885.54000000,1728662399999,3931257.49904000,56725,349594.31000000,1828079.72403000,0
2024-10-11 16:00:00,5.25500000,5.26600000,5.21400000,5.22200000,582788.18000000,1728676799999,3054329.86576000,40969,302345.76000000,1584329.77853000,0
2024-10-11 20:00:00,5.22200000,5.25300000,5.19800000,5.20900000,437304.70000000,1728691199999,2286205.25768000,30719,162170.66000000,847663.76294000,0
2024-10-12 00:00:00,5.21000000,5.25100000,5.19700000,5.20800000,489780.70000000,1728705599999,2557926.91517000,38516,216509.95000000,1130586.47378000,0
2024-10-12 04:00:00,5.20700000,5.25100000,5.15100000,5.23800000,680393.47000000,1728719999999,3550941.70229000,28327,246461.18000000,1287667.07937000,0
2024-10-12 08:00:00,5.23800000,5.31300000,5.23200000,5.27500000,733524.59000000,1728734399999,3872916.74643000,44765,341680.25000000,1804533.66748000,0
2024-10-12 12:00:00,5.27600000,5.30100000,5.26100000,5.27900000,529267.32000000,1728748799999,2795998.96673000,47379,252835.61000000,1335508.46010000,0
2024-10-12 16:00:00,5.27800000,5.31300000,5.25500000,5.27500000,419847.59000000,1728763199999,2217858.09562000,33632,221722.33000000,1171100.07275000,0
2024-10-12 20:00:00,5.27500000,5.29000000,5.24100000,5.24100000,275809.59000000,1728777599999,1452051.63762000,22785,117122.89000000,616778.31416000,0
2024-10-13 00:00:00,5.24100000,5.26100000,5.20900000,5.23900000,347022.89000000,1728791999999,1817133.51052000,24955,189738.83000000,993135.88909000,0
2024-10-13 04:00:00,5.23900000,5.30200000,5.23800000,5.29900000,453992.34000000,1728806399999,2397038.10477000,25117,174387.70000000,920665.70487000,0
2024-10-13 08:00:00,5.29900000,5.30800000,5.23800000,5.24500000,439410.09000000,1728820799999,2316085.84756000,34187,207094.29000000,1091014.66183000,0
2024-10-13 12:00:00,5.24600000,5.30300000,5.16400000,5.16500000,868795.39000000,1728835199999,4554323.16302000,57800,445286.40000000,2331862.89903000,0
2024-10-13 16:00:00,5.16500000,5.21500000,5.11300000,5.16000000,1046049.54000000,1728849599999,5398529.06464000,63355,452796.44000000,2335156.05058000,0
2024-10-13 20:00:00,5.16000000,5.21600000,5.14400000,5.19200000,643035.57000000,1728863999999,3332627.78149000,41415,327454.61000000,1696780.40991000,0
2024-10-14 00:00:00,5.19300000,5.27900000,5.15900000,5.27000000,1036988.68000000,1728878399999,5410044.48936000,48921,579735.73000000,3022773.88473000,0
2024-10-14 04:00:00,5.27100000,5.29900000,5.24000000,5.29000000,925200.61000000,1728892799999,4881959.00731000,61000,475197.33000000,2506985.51682000,0
2024-10-14 08:00:00,5.29000000,5.30500000,5.26300000,5.29300000,730123.72000000,1728907199999,3859074.90010000,46624,368583.31000000,1948210.26372000,0
2024-10-14 12:00:00,5.29300000,5.34000000,5.25400000,5.32800000,1357183.41000000,1728921599999,7192351.45995000,79093,743814.22000000,3941551.76838000,0
2024-10-14 16:00:00,5.32700000,5.36000000,5.30200000,5.32500000,1121547.69000000,1728935999999,5979863.86916000,54093,604220.46000000,3221349.78589000,0
2024-10-14 20:00:00,5.32500000,5.35700000,5.32000000,5.32300000,587797.03000000,1728950399999,3133035.09217000,28150,302185.68000000,1610836.45237000,0
2024-10-15 00:00:00,5.32300000,5.34300000,5.26400000,5.26600000,1031841.58000000,1728964799999,5473113.97714000,46443,462218.88000000,2450954.06819000,0
2024-10-15 04:00:00,5.26600000,5.29100000,5.22800000,5.26700000,743216.88000000,1728979199999,3908127.07227000,43953,389827.33000000,2049155.47070000,0
2024-10-15 08:00:00,5.26600000,5.31000000,5.13500000,5.16600000,1705430.55000000,1728993599999,8942926.72843000,88179,891518.06000000,4671082.09877000,0
2024-10-15 12:00:00,5.16600000,5.31200000,5.12300000,5.21100000,3344768.16000000,1729007999999,17444605.72763000,206804,1740646.36000000,9074446.87613000,0
2024-10-15 16:00:00,5.21100000,5.26100000,5.18900000,5.20500000,1380055.78000000,1729022399999,7209480.01279000,75470,654595.74000000,3419285.24821000,0
2024-10-15 20:00:00,5.20500000,5.22600000,5.13400000,5.22400000,774638.91000000,1729036799999,4008857.97408000,45382,355514.92000000,1838469.35390000,0
2024-10-16 00:00:00,5.22400000,5.25000000,5.19800000,5.21200000,534771.10000000,1729051199999,2795923.77145000,39964,202862.37000000,1060283.30446000,0
2024-10-16 04:00:00,5.21100000,5.21800000,5.17000000,5.19500000,862290.94000000,1729065599999,4482860.79828000,38469,500949.89000000,2604013.01154000,0
2024-10-16 08:00:00,5.19400000,5.27400000,5.18400000,5.26300000,968837.10000000,1729079999999,5069598.55888000,36736,499488.84000000,2612925.50996000,0
2024-10-16 12:00:00,5.26300000,5.30000000,5.24000000,5.24300000,1391661.51000000,1729094399999,7341015.05598000,61140,655910.29000000,3461112.42481000,0
2024-10-16 16:00:00,5.24300000,5.25900000,5.20500000,5.23200000,506080.73000000,1729108799999,2649892.36671000,30279,252878.74000000,1323696.68267000,0
2024-10-16 20:00:00,5.23100000,5.25800000,5.22500000,5.22700000,368434.68000000,1729123199999,1932009.68829000,19306,129050.20000000,676616.37125000,0
2024-10-17 00:00:00,5.22600000,5.26000000,5.21300000,5.22400000,355660.37000000,1729137599999,1861458.78000000,21875,176690.05000000,924453.60248000,0
2024-10-17 04:00:00,5.22400000,5.23000000,5.15600000,5.18600000,767600.96000000,1729151999999,3984785.74551000,28358,398510.61000000,2068481.59214000,0
2024-10-17 08:00:00,5.18500000,5.21200000,5.10500000,5.11000000,1085492.18000000,1729166399999,5598760.92563000,36549,572937.47000000,2956249.30423000,0
2024-10-17 12:00:00,5.11000000,5.24200000,5.10500000,5.20600000,1650490.26000000,1729180799999,8550956.04538000,68181,1012518.14000000,5245986.08986000,0
2024-10-17 16:00:00,5.20500000,5.20800000,5.11600000,5.15000000,931140.97000000,1729195199999,4798766.46715000,46325,576074.38000000,2967978.82184000,0
2024-10-17 20:00:00,5.15000000,5.18300000,5.13300000,5.18300000,575873.95000000,1729209599999,2970025.30815000,19687,234753.11000000,1210639.04990000,0
2024-10-18 00:00:00,5.18300000,5.22200000,5.17300000,5.18400000,512108.85000000,1729223999999,2661144.63954000,31272,242047.74000000,1257523.29506000,0
2024-10-18 04:00:00,5.18400000,5.22200000,5.18200000,5.21800000,320002.43000000,1729238399999,1665837.66230000,25081,152043.29000000,791460.01328000,0
2024-10-18 08:00:00,5.21800000,5.22900000,5.20000000,5.21300000,456534.32000000,1729252799999,2381232.45104000,25996,251915.75000000,1314119.81149000,0
2024-10-18 12:00:00,5.21400000,5.24200000,5.19900000,5.23200000,758612.72000000,1729267199999,3961335.13756000,41536,368029.05000000,1921788.29902000,0
2024-10-18 16:00:00,5.23300000,5.26500000,5.22000000,5.22300000,711757.92000000,1729281599999,3732091.50991000,31112,455125.80000000,2386915.78042000,0
2024-10-18 20:00:00,5.22400000,5.25200000,5.21300000,5.25000000,212226.07000000,1729295999999,1109977.36178000,13913,106433.82000000,556488.70314000,0
2024-10-19 00:00:00,5.25000000,5.28400000,5.23800000,5.26700000,350388.97000000,1729310399999,1843435.08118000,18866,134596.42000000,708171.63242000,0
2024-10-19 04:00:00,5.26700000,5.28200000,5.25400000,5.26400000,265117.54000000,1729324799999,1396647.22014000,15261,125142.17000000,659193.01826000,0
2024-10-19 08:00:00,5.26400000,5.28200000,5.22900000,5.23000000,332124.35000000,1729339199999,1746697.73645000,21574,168714.24000000,887311.74962000,0
2024-10-19 12:00:00,5.23000000,5.25700000,5.22800000,5.24700000,200746.52000000,1729353599999,1052867.63944000,18127,98388.65000000,515957.70237000,0
2024-10-19 16:00:00,5.24700000,5.27900000,5.22300000,5.25200000,330931.70000000,1729367999999,1735870.50914000,18444,205642.42000000,1078855.27823000,0
2024-10-19 20:00:00,5.25200000,5.27100000,5.24300000,5.26700000,217123.30000000,1729382399999,1142011.07959000,15626,99925.86000000,525520.90819000,0
2024-10-20 00:00:00,5.26900000,5.27800000,5.25000000,5.26500000,196889.21000000,1729396799999,1037419.49718000,13326,65621.85000000,345526.42266000,0
2024-10-20 04:00:00,5.26400000,5.31000000,5.25200000,5.29200000,432379.69000000,1729411199999,2285434.10778000,21858,223173.41000000,1179888.99570000,0
2024-10-20 08:00:00,5.29300000,5.30800000,5.26400000,5.27500000,276465.66000000,1729425599999,1461703.99371000,17571,136172.08000000,719898.92478000,0
2024-10-20 12:00:00,5.27500000,5.31100000,5.24400000,5.29100000,793474.27000000,1729439999999,4189507.56234000,42709,420362.79000000,2219418.35167000,0
2024-10-20 16:00:00,5.29100000,5.31400000,5.28600000,5.30400000,413225.63000000,1729454399999,2190615.77188000,24419,222646.37000000,1180205.33697000,0
2024-10-20 20:00:00,5.30400000,5.38000000,5.29900000,5.35800000,772659.67000000,1729468799999,4122727.58880000,40159,389847.08000000,2080742.56971000,0
2024-10-21 00:00:00,5.35800000,5.40800000,5.31600000,5.34900000,706391.43000000,1729483199999,3788595.92631000,41611,369202.28000000,1979626.02125000,0
2024-10-21 04:00:00,5.34800000,5.39100000,5.32000000,5.33200000,735914.94000000,1729497599999,3937733.37564000,31576,414907.66000000,2219416.74225000,0
2024-10-21 08:00:00,5.33100000,5.34900000,5.26900000,5.27600000,823152.07000000,1729511999999,4365504.25315000,42787,418483.08000000,2218893.52270000,0
2024-10-21 12:00:00,5.27500000,5.28500000,5.17100000,5.21000000,1854292.99000000,1729526399999,9672262.33171000,75471,989497.97000000,5162476.62372000,0
2024-10-21 16:00:00,5.21000000,5.23700000,5.16500000,5.23000000,812255.56000000,1729540799999,4228976.01213000,35122,474599.79000000,2470514.96659000,0
2024-10-21 20:00:00,5.23100000,5.24400000,5.18900000,5.19400000,470680.28000000,1729555199999,2457118.53561000,19405,309719.48000000,1616869.92494000,0
2024-10-22 00:00:00,5.19500000,5.23600000,5.14700000,5.22800000,1028231.24000000,1729569599999,5347858.87015000,43701,549909.14000000,2858277.84254000,0
2024-10-22 04:00:00,5.22700000,5.28700000,5.21400000,5.26500000,678703.36000000,1729583999999,3566953.26917000,23929,364464.93000000,1914822.92169000,0
2024-10-22 08:00:00,5.26500000,5.27300000,5.19600000,5.24300000,1154120.36000000,1729598399999,6044095.08593000,61854,633692.85000000,3317497.96017000,0
2024-10-22 12:00:00,5.24200000,5.26900000,5.18800000,5.24200000,1189637.21000000,1729612799999,6226576.43993000,66162,654230.50000000,3422503.96444000,0
2024-10-22 16:00:00,5.24300000,5.26500000,5.20100000,5.21600000,783661.84000000,1729627199999,4097654.70867000,40242,469147.81000000,2452978.75600000,0
2024-10-22 20:00:00,5.21600000,5.24600000,5.21200000,5.22300000,317493.04000000,1729641599999,1660106.23502000,18589,169111.76000000,883978.15258000,0
2024-10-23 00:00:00,5.22400000,5.24700000,5.17600000,5.19600000,402861.08000000,1729655999999,2096911.07107000,22490,234848.34000000,1222384.95434000,0
2024-10-23 04:00:00,5.19500000,5.22600000,5.17200000,5.18200000,382973.78000000,1729670399999,1991097.52922000,27501,205895.41000000,1069795.31513000,0
2024-10-23 08:00:00,5.18200000,5.19700000,5.14000000,5.15200000,661116.15000000,1729684799999,3416076.14874000,34268,358139.48000000,1850340.75455000,0
2024-10-23 12:00:00,5.15200000,5.17700000,5.11200000,5.13000000,892650.17000000,1729699199999,4591514.01831000,46760,423357.03000000,2175606.80506000,0
2024-10-23 16:00:00,5.13000000,5.14700000,5.01500000,5.11700000,1472917.98000000,1729713599999,7486639.00511000,72069,773342.65000000,3930037.71475000,0
2024-10-23 20:00:00,5.11700000,5.14300000,5.08800000,5.14000000,597888.48000000,1729727999999,3054478.54498000,30587,200390.49000000,1023764.71602000,0
2024-10-24 00:00:00,5.14000000,5.18500000,5.12000000,5.15300000,485160.19000000,1729742399999,2504939.54902000,30792,222390.34000000,1148154.97266000,0
2024-10-24 04:00:00,5.15300000,5.18600000,5.14000000,5.14100000,350426.38000000,1729756799999,1809734.27571000,19771,156364.39000000,807278.34760000,0
2024-10-24 08:00:00,5.14100000,5.15900000,5.09400000,5.15600000,600203.62000000,1729771199999,3080920.45636000,33238,361930.70000000,1857719.51192000,0
2024-10-24 12:00:00,5.15600000,5.18000000,5.14000000,5.14900000,685398.83000000,1729785599999,3538707.59418000,39977,370555.54000000,1913452.07698000,0
2024-10-24 16:00:00,5.14900000,5.17000000,5.14500000,5.16400000,539743.91000000,1729799999999,2784661.12141000,26329,226164.63000000,1166800.27574000,0
2024-10-24 20:00:00,5.16400000,5.17100000,5.11600000,5.12800000,740251.61000000,1729814399999,3809911.81509000,22513,345166.85000000,1776603.97900000,0
2024-10-25 00:00:00,5.12900000,5.13400000,5.09200000,5.12400000,350710.46000000,1729828799999,1792047.29090000,21436,169487.08000000,866043.20562000,0
2024-10-25 04:00:00,5.12400000,5.13100000,5.06200000,5.09600000,685126.06000000,1729843199999,3488475.23956000,41263,392597.74000000,1998456.85470000,0
2024-10-25 08:00:00,5.09600000,5.12600000,5.04900000,5.05600000,1073668.38000000,1729857599999,5468267.34392000,40268,469117.52000000,2387895.16416000,0
2024-10-25 12:00:00,5.05600000,5.05900000,4.99700000,5.02000000,1494633.49000000,1729871999999,7522424.45862000,56758,808659.14000000,4070426.43299000,0
2024-10-25 16:00:00,5.01900000,5.02700000,4.89300000,4.93900000,1898377.66000000,1729886399999,9416157.79223000,116937,923058.65000000,4575372.93363000,0
2024-10-25 20:00:00,4.93800000,4.95600000,4.56000000,4.77600000,3633200.65000000,1729900799999,17339526.17367000,136303,1733296.68000000,8263414.93230000,0
2024-10-26 00:00:00,4.77600000,4.87800000,4.73800000,4.87400000,1226865.26000000,1729915199999,5895660.88545000,73597,568429.38000000,2729509.36666000,0
2024-10-26 04:00:00,4.87300000,4.98000000,4.86900000,4.97100000,950444.13000000,1729929599999,4690561.48649000,40695,361318.33000000,1783488.36150000,0
2024-10-26 08:00:00,4.97100000,5.00000000,4.92200000,4.93600000,808762.54000000,1729943999999,4016118.09729000,35942,389002.71000000,1930918.54397000,0
2024-10-26 12:00:00,4.93600000,4.94200000,4.84000000,4.87500000,1144896.95000000,1729958399999,5590176.61184000,56056,574505.82000000,2805220.67476000,0
2024-10-26 16:00:00,4.87400000,4.93400000,4.86900000,4.93200000,599758.24000000,1729972799999,2944652.71067000,32235,294856.69000000,1447506.25570000,0
2024-10-26 20:00:00,4.93200000,4.94800000,4.91100000,4.92500000,337855.47000000,1729987199999,1665097.03138000,16272,166096.44000000,818361.57448000,0
2024-10-27 00:00:00,4.92400000,4.94900000,4.90400000,4.94700000,271780.39000000,1730001599999,1337960.65545000,14903,117293.53000000,577188.66600000,0
2024-10-27 04:00:00,4.94700000,4.96600000,4.92000000,4.96200000,343225.40000000,1730015999999,1696723.10298000,18080,204282.93000000,1009794.26238000,0
2024-10-27 08:00:00,4.96200000,4.97200000,4.92400000,4.92500000,436815.76000000,1730030399999,2159590.45968000,24523,190253.40000000,940436.72694000,0
2024-10-27 12:00:00,4.92500000,4.94900000,4.90500000,4.94300000,647234.53000000,1730044799999,3187914.98759000,33017,282246.43000000,1390268.20783000,0
2024-10-27 16:00:00,4.94300000,4.96100000,4.91900000,4.93200000,339928.51000000,1730059199999,1679526.98678000,22607,180813.49000000,893319.39797000,0
2024-10-27 20:00:00,4.93200000,4.99800000,4.92700000,4.99700000,422699.63000000,1730073599999,2096079.84005000,22521,178226.58000000,883662.80521000,0
2024-10-28 00:00:00,4.99700000,5.01100000,4.95000000,4.95600000,528590.18000000,1730087999999,2631398.99632000,34059,292579.58000000,1455430.45747000,0
2024-10-28 04:00:00,4.95600000,4.99900000,4.92700000,4.98500000,534905.65000000,1730102399999,2654665.42448000,33619,248923.49000000,1234097.86686000,0
2024-10-28 08:00:00,4.98600000,5.03400000,4.97000000,4.98700000,684040.60000000,1730116799999,3419130.26773000,34640,343966.55000000,1719218.62444000,0
2024-10-28 12:00:00,4.98600000,5.03000000,4.95300000,4.99000000,1177912.85000000,1730131199999,5884021.66088000,64422,754336.00000000,3768668.91615000,0
2024-10-28 16:00:00,4.98900000,5.03200000,4.92800000,5.00000000,909552.85000000,1730145599999,4534007.78373000,62186,458967.38000000,2285569.02628000,0
2024-10-28 20:00:00,5.00000000,5.05400000,4.99600000,5.01700000,688484.37000000,1730159999999,3460071.55202000,34677,307912.78000000,1547842.57061000,0
2024-10-29 00:00:00,5.01700000,5.08200000,5.00700000,5.05100000,874967.18000000,1730174399999,4418587.15812000,39627,417871.79000000,2110385.05643000,0
2024-10-29 04:00:00,5.05000000,5.05900000,5.00600000,5.01300000,827221.11000000,1730188799999,4164658.62626000,25513,497835.63000000,2506873.18913000,0
2024-10-29 08:00:00,5.01400000,5.04200000,4.99900000,5.00600000,817903.52000000,1730203199999,4102868.77463000,28550,515091.31000000,2584491.46156000,0
2024-10-29 12:00:00,5.00600000,5.07900000,4.98700000,5.04200000,1598740.66000000,1730217599999,8052752.31552000,59060,1036479.81000000,5220843.60705000,0
2024-10-29 16:00:00,5.04300000,5.14700000,5.04100000,5.05800000,1670166.15000000,1730231999999,8511971.45463000,75730,905140.21000000,4611553.06312000,0
2024-10-29 20:00:00,5.05800000,5.06100000,5.00800000,5.02000000,673666.42000000,1730246399999,3392057.13794000,32030,326998.28000000,1646378.68680000,0
2024-10-30 00:00:00,5.02000000,5.06400000,4.99300000,5.05400000,729706.36000000,1730260799999,3666737.85270000,30896,380445.50000000,1911124.40785000,0
2024-10-30 04:00:00,5.05400000,5.06900000,5.00700000,5.04300000,1053699.68000000,1730275199999,5313479.86507000,35265,522811.93000000,2634561.84830000,0
2024-10-30 08:00:00,5.04200000,5.08100000,4.97600000,4.98200000,1721935.11000000,1730289599999,8670449.50597000,58773,1078283.35000000,5431922.25406000,0
2024-10-30 12:00:00,4.98300000,5.03800000,4.95900000,4.99000000,1774010.40000000,1730303999999,8847297.50003000,74327,878722.98000000,4381630.43879000,0
2024-10-30 16:00:00,4.99000000,5.01200000,4.96500000,4.99400000,759474.10000000,1730318399999,3790234.23999000,33493,356906.56000000,1780716.70786000,0
2024-10-30 20:00:00,4.99300000,5.02500000,4.98000000,4.98900000,740235.77000000,1730332799999,3702582.52375000,31622,378641.62000000,1893349.94078000,0
2024-10-31 00:00:00,4.99000000,5.00800000,4.97200000,4.97500000,478600.58000000,1730347199999,2389258.58176000,25985,206158.56000000,1028849.58812000,0
2024-10-31 04:00:00,4.97500000,4.98000000,4.92500000,4.94400000,645688.26000000,1730361599999,3198860.29850000,27579,299148.52000000,1481335.66546000,0
2024-10-31 08:00:00,4.94400000,4.94800000,4.89100000,4.93000000,537062.24000000,1730375999999,2643513.78772000,37761,297414.65000000,1463803.02574000,0
2024-10-31 12:00:00,4.93000000,4.93700000,4.82100000,4.86800000,1572501.56000000,1730390399999,7656513.26239000,79134,845989.27000000,4117614.52295000,0
2024-10-31 16:00:00,4.86900000,4.86900000,4.75800000,4.77800000,1595785.68000000,1730404799999,7672346.39422000,62123,817234.95000000,3926055.93414000,0
2024-10-31 20:00:00,4.77700000,4.85200000,4.77500000,4.84600000,628367.13000000,1730419199999,3026453.39851000,29261,323444.57000000,1557078.00634000,0
2024-11-01 00:00:00,4.84700000,4.87100000,4.79100000,4.85500000,809711.00000000,1730433599999,3916778.11371000,43518,406053.75000000,1962791.07352000,0
2024-11-01 04:00:00,4.85500000,4.87600000,4.79600000,4.83800000,659317.12000000,1730447999999,3189691.24406000,36694,343551.47000000,1660558.14815000,0
2024-11-01 08:00:00,4.83800000,4.92300000,4.83000000,4.88600000,732737.87000000,1730462399999,3575614.94214000,34634,271685.19000000,1326206.65725000,0
2024-11-01 12:00:00,4.88500000,4.95100000,4.86100000,4.91200000,1291922.75000000,1730476799999,6351617.08421000,80940,674589.75000000,3315123.28641000,0
2024-11-01 16:00:00,4.91300000,4.94800000,4.89300000,4.91100000,700914.44000000,1730491199999,3449600.46032000,53556,313484.00000000,1542273.36573000,0
2024-11-01 20:00:00,4.91100000,4.92700000,4.85800000,4.89400000,333525.56000000,1730505599999,1630591.16094000,23529,195224.00000000,954009.06885000,0
2024-11-02 00:00:00,4.89400000,4.94400000,4.89400000,4.93500000,341060.31000000,1730519999999,1680207.70976000,19312,123676.03000000,609326.69250000,0
2024-11-02 04:00:00,4.93600000,4.95100000,4.90100000,4.94700000,228342.96000000,1730534399999,1126680.44581000,19532,106065.37000000,523104.69000000,0
2024-11-02 08:00:00,4.94700000,4.96200000,4.91800000,4.92400000,360931.31000000,1730548799999,1782391.59562000,23495,160884.95000000,794569.42474000,0
2024-11-02 12:00:00,4.92500000,4.93600000,4.86300000,4.88500000,612313.53000000,1730563199999,2997993.75079000,43010,386934.10000000,1894253.76497000,0
2024-11-02 16:00:00,4.88600000,4.91500000,4.84500000,4.87300000,510656.95000000,1730577599999,2490209.46493000,30964,249641.71000000,1216749.15298000,0
2024-11-02 20:00:00,4.87400000,4.88800000,4.85400000,4.87400000,194828.94000000,1730591999999,949520.24303000,14697,87457.52000000,426226.07985000,0
2024-11-03 00:00:00,4.87400000,4.88400000,4.73200000,4.78700000,981957.51000000,1730606399999,4707894.04242000,60766,533712.56000000,2558507.14578000,0
2024-11-03 04:00:00,4.78800000,4.82700000,4.78500000,4.81000000,400219.40000000,1730620799999,1924993.70135000,27853,208558.85000000,1002946.24600000,0
2024-11-03 08:00:00,4.81000000,4.84300000,4.79000000,4.79100000,429986.66000000,1730635199999,2070790.96027000,25027,210432.85000000,1013352.78169000,0
2024-11-03 12:00:00,4.79200000,4.81900000,4.66400000,4.72400000,1150328.89000000,1730649599999,5429804.85379000,78338,682596.36000000,3222691.68794000,0
2024-11-03 16:00:00,4.72500000,4.79200000,4.71300000,4.78900000,850751.04000000,1730663999999,4043840.88305000,53560,352984.29000000,1676817.02908000,0
2024-11-03 20:00:00,4.78900000,4.84800000,4.77900000,4.81800000,521957.32000000,1730678399999,2515155.77420000,33112,225573.66000000,1086921.53043000,0
2024-11-04 00:00:00,4.81800000,4.89700000,4.79700000,4.86500000,435557.44000000,1730692799999,2113834.78143000,37437,187405.29000000,908943.94875000,0
2024-11-04 04:00:00,4.86600000,4.90900000,4.84500000,4.84700000,373252.36000000,1730707199999,1819082.10283000,25220,212374.87000000,1034468.15998000,0
2024-11-04 08:00:00,4.84700000,4.87600000,4.82200000,4.83900000,584480.44000000,1730721599999,2833403.32254000,42497,343071.19000000,1662419.23754000,0
2024-11-04 12:00:00,4.83900000,4.87600000,4.78600000,4.80000000,512457.67000000,1730735999999,2473771.06779000,42103,303458.55000000,1464212.44572000,0
2024-11-04 16:00:00,4.80100000,4.80100000,4.74600000,4.77800000,550415.52000000,1730750399999,2627750.36691000,40986,261153.08000000,1246442.44547000,0
2024-11-04 20:00:00,4.77800000,4.78200000,4.67400000,4.69900000,913525.90000000,1730764799999,4310913.94670000,60168,453430.61000000,2138932.48411000,0
2024-11-05 00:00:00,4.69800000,4.72300000,4.62000000,4.62200000,1113643.22000000,1730779199999,5199660.58390000,56732,432957.67000000,2020358.79873000,0
2024-11-05 04:00:00,4.62300000,4.64600000,4.57900000,4.59600000,1993986.00000000,1730793599999,9184811.03637000,93696,681991.50000000,3140593.16073000,0
2024-11-05 08:00:00,4.59700000,4.63500000,4.54200000,4.61100000,1980226.84000000,1730807999999,9082145.36699000,94260,804329.93000000,3687070.85930000,0
2024-11-05 12:00:00,4.61100000,4.69500000,4.57700000,4.66000000,1561844.01000000,1730822399999,7246617.55406000,113526,786811.98000000,3648345.78461000,0
2024-11-05 16:00:00,4.66000000,4.73400000,4.63700000,4.65400000,1032698.08000000,1730836799999,4850273.02619000,86570,521421.75000000,2447353.07604000,0
2024-11-05 20:00:00,4.65400000,4.72000000,4.63200000,4.66800000,675523.91000000,1730851199999,3159711.74219000,59976,308898.92000000,1444161.90144000,0
2024-11-06 00:00:00,4.66800000,4.85100000,4.66800000,4.80600000,2539461.88000000,1730865599999,12119819.59575000,126552,1137287.62000000,5426370.30740000,0
2024-11-06 04:00:00,4.80500000,4.83900000,4.74200000,4.76500000,2484009.54000000,1730879999999,11909948.10263000,115571,1141907.82000000,5471350.63044000,0
2024-11-06 08:00:00,4.76600000,4.77600000,4.64500000,4.76100000,2266416.60000000,1730894399999,10708859.14695000,50387,1049005.05000000,4954911.00416000,0
2024-11-06 12:00:00,4.76100000,4.78000000,4.64700000,4.67300000,3638600.10000000,1730908799999,17088402.10814000,57265,1462705.77000000,6860967.47225000,0
2024-11-06 16:00:00,4.67300000,4.76600000,4.66400000,4.71300000,1638397.75000000,1730923199999,7731665.04190000,38459,741495.52000000,3499865.03423000,0
2024-11-06 20:00:00,4.71300000,4.81400000,4.69700000,4.79600000,1684826.77000000,1730937599999,8016910.83122000,38411,726813.66000000,3458579.95190000,0
2024-11-07 00:00:00,4.79600000,5.24000000,4.76500000,4.95500000,5237479.07000000,1730951999999,25703104.67373000,85348,2821105.86000000,13877956.11019000,0
2024-11-07 04:00:00,4.95500000,4.97000000,4.75900000,4.82300000,2468831.73000000,1730966399999,12015857.53355000,49016,1081865.40000000,5267420.36121000,0
2024-11-07 08:00:00,4.82300000,4.90000000,4.81300000,4.85800000,1195559.28000000,1730980799999,5806152.35101000,34746,551778.68000000,2678844.08076000,0
2024-11-07 12:00:00,4.85800000,4.92100000,4.80100000,4.91900000,1416597.99000000,1730995199999,6904942.47767000,41639,639745.05000000,3116312.66167000,0
2024-11-07 16:00:00,4.91900000,4.98300000,4.86600000,4.91900000,1609853.09000000,1731009599999,7912617.39964000,43025,901433.77000000,4431331.81865000,0
2024-11-07 20:00:00,4.91900000,4.97400000,4.87100000,4.90800000,957984.29000000,1731023999999,4719895.70131000,31464,450982.81000000,2221765.06715000,0
2024-11-08 00:00:00,4.90800000,4.97500000,4.85000000,4.87100000,1100790.70000000,1731038399999,5415089.93412000,34229,515670.58000000,2535471.39036000,0
2024-11-08 04:00:00,4.87100000,4.90400000,4.84600000,4.86800000,698703.54000000,1731052799999,3409769.80888000,27450,314340.75000000,1533936.99369000,0
2024-11-08 08:00:00,4.86900000,4.91200000,4.83300000,4.90700000,1036005.18000000,1731067199999,5046392.89856000,30196,435925.59000000,2122999.22215000,0
2024-11-08 12:00:00,4.90700000,4.97900000,4.90300000,4.97000000,1896239.05000000,1731081599999,9373225.31204000,41350,758213.33000000,3747805.27321000,0
2024-11-08 16:00:00,4.96900000,4.97800000,4.82500000,4.89100000,1533034.74000000,1731095999999,7507963.06195000,31870,743574.21000000,3639815.51179000,0
2024-11-08 20:00:00,4.89000000,4.93100000,4.84600000,4.92500000,708991.84000000,1731110399999,3467897.56842000,12577,338225.42000000,1652276.05793000,0
2024-11-09 00:00:00,4.92500000,4.98100000,4.90000000,4.98100000,992216.08000000,1731124799999,4902159.76906000,15916,411853.47000000,2034775.69660000,0
2024-11-09 04:00:00,4.98100000,5.14500000,4.95500000,5.14100000,2322260.30000000,1731139199999,11740377.28865000,35109,1119776.60000000,5660641.65992000,0
2024-11-09 08:00:00,5.14100000,5.23200000,5.08100000,5.21400000,4377540.89000000,1731153599999,22558045.94121000,51070,2113086.32000000,10882432.67640000,0
2024-11-09 12:00:00,5.21500000,5.29800000,5.20100000,5.27700000,3313972.01000000,1731167999999,17399376.21876000,50748,1612056.19000000,8466455.15333000,0
2024-11-09 16:00:00,5.27700000,5.29000000,5.14600000,5.20400000,1724143.59000000,1731182399999,8989410.47746000,31664,856601.34000000,4466264.73199000,0
2024-11-09 20:00:00,5.20500000,5.29700000,5.19800000,5.24100000,1128991.28000000,1731196799999,5936498.30430000,21422,637481.78000000,3352334.27034000,0
2024-11-10 00:00:00,5.24200000,5.47100000,5.22200000,5.43400000,2991781.23000000,1731211199999,16008385.15447000,48545,1641353.17000000,8787720.72447000,0
2024-11-10 04:00:00,5.43500000,5.47700000,5.38900000,5.44800000,2077372.99000000,1731225599999,11280778.09679000,44358,1005213.72000000,5458346.76500000,0
2024-11-10 08:00:00,5.44900000,5.57800000,5.42800000,5.52600000,2468754.62000000,1731239999999,13605188.22297000,49275,1228230.56000000,6770928.28460000,0
2024-11-10 12:00:00,5.52600000,5.54000000,5.33700000,5.42700000,3563501.83000000,1731254399999,19325432.37069000,68918,1575804.42000000,8543530.81802000,0
2024-11-10 16:00:00,5.42800000,5.51000000,5.25300000,5.30500000,3080212.17000000,1731268799999,16664931.66808000,64624,1496713.71000000,8094099.84923000,0
2024-11-10 20:00:00,5.30500000,5.32700000,5.02000000,5.27400000,3741795.59000000,1731283199999,19444611.33770000,73271,1934790.93000000,10050447.26045000,0
2024-11-11 00:00:00,5.27600000,5.44800000,5.26500000,5.41500000,2161678.29000000,1731297599999,11619785.49967000,43238,1066476.81000000,5737883.19393000,0
2024-11-11 04:00:00,5.41400000,5.43700000,5.18700000,5.27600000,2382267.64000000,1731311999999,12607454.99206000,46646,1196532.55000000,6330835.92505000,0
2024-11-11 08:00:00,5.27700000,5.35800000,5.24900000,5.34300000,2374134.15000000,1731326399999,12614378.93290000,36201,1214030.57000000,6453324.02119000,0
2024-11-11 12:00:00,5.34300000,5.42000000,5.24100000,5.35900000,3177258.63000000,1731340799999,16891903.30192000,58671,1477286.09000000,7856083.18387000,0
2024-11-11 16:00:00,5.36000000,5.44400000,5.35400000,5.36600000,2692265.79000000,1731355199999,14551660.02798000,53635,1233706.84000000,6665957.77875000,0
2024-11-11 20:00:00,5.36700000,5.51700000,5.33800000,5.49700000,2737802.05000000,1731369599999,14849643.80004000,42987,1241717.95000000,6735829.22022000,0
2024-11-12 00:00:00,5.49700000,5.52600000,5.33100000,5.51000000,2667819.21000000,1731383999999,14534214.79397000,51290,1262567.89000000,6876858.77713000,0
2024-11-12 04:00:00,5.50900000,5.61900000,5.44900000,5.55400000,3804710.05000000,1731398399999,21035957.59431000,67507,1780814.47000000,9844484.33341000,0
2024-11-12 08:00:00,5.55400000,5.72400000,5.08800000,5.28700000,7180271.85000000,1731412799999,38775198.32609000,144084,3425736.29000000,18474205.79578000,0
2024-11-12 12:00:00,5.28600000,5.34400000,5.14200000,5.28600000,3482743.36000000,1731427199999,18269892.27449000,76886,1539400.35000000,8074493.10909000,0
2024-11-12 16:00:00,5.28600000,5.41400000,5.20100000,5.40600000,2072740.54000000,1731441599999,11031279.58626000,39189,937612.71000000,4985884.94218000,0
2024-11-12 20:00:00,5.40600000,5.56500000,5.39100000,5.46900000,1799120.44000000,1731455999999,9862380.58049000,39101,809130.86000000,4437560.61203000,0
2024-11-13 00:00:00,5.47000000,5.56400000,5.28400000,5.28900000,2593866.70000000,1731470399999,14095668.62738000,56993,1230064.77000000,6682342.71741000,0
2024-11-13 04:00:00,5.28900000,5.34500000,5.14900000,5.25300000,2587480.20000000,1731484799999,13524403.73121000,53564,1314376.15000000,6868449.77396000,0
2024-11-13 08:00:00,5.25100000,5.31800000,5.18300000,5.27300000,1739622.61000000,1731499199999,9135156.08877000,36358,793894.13000000,4164877.69553000,0
2024-11-13 12:00:00,5.27300000,5.48100000,5.25100000,5.40500000,3259391.54000000,1731513599999,17537057.60589000,71952,1539502.82000000,8278698.25868000,0
2024-11-13 16:00:00,5.40400000,5.41900000,5.16800000,5.18800000,2510553.92000000,1731527999999,13331923.60095000,53711,1124039.43000000,5965760.24113000,0
2024-11-13 20:00:00,5.18800000,5.27900000,5.12500000,5.25800000,1747414.87000000,1731542399999,9094918.66915000,37619,847587.82000000,4405418.13113000,0
2024-11-14 00:00:00,5.25800000,5.45700000,5.22400000,5.39300000,2121262.24000000,1731556799999,11340675.51572000,42455,994434.28000000,5307175.91648000,0
2024-11-14 04:00:00,5.39400000,5.48200000,5.35300000,5.42600000,1733982.63000000,1731571199999,9395846.33911000,34441,810611.35000000,4393415.09292000,0
2024-11-14 08:00:00,5.42600000,5.46300000,5.27000000,5.33300000,2609573.69000000,1731585599999,14105456.30599000,47835,986208.03000000,5321190.72658000,0
2024-11-14 12:00:00,5.33200000,5.36600000,5.18600000,5.22800000,2062659.19000000,1731599999999,10877479.57708000,43660,996631.94000000,5252418.65539000,0
2024-11-14 16:00:00,5.22900000,5.35500000,5.20800000,5.35300000,1221790.28000000,1731614399999,6487556.62999000,26683,498878.95000000,2648874.40591000,0
2024-11-14 20:00:00,5.35400000,5.43500000,5.17200000,5.23600000,2272147.32000000,1731628799999,12097140.11213000,44436,1111295.81000000,5909199.57327000,0
2024-11-15 00:00:00,5.23500000,5.31600000,5.20300000,5.28500000,1120140.89000000,1731643199999,5901674.12692000,24657,552008.22000000,2906850.15013000,0
2024-11-15 04:00:00,5.28400000,5.29000000,5.15200000,5.24500000,1290110.26000000,1731657599999,6746796.34118000,27085,647271.69000000,3380151.27488000,0
2024-11-15 08:00:00,5.24500000,5.33800000,5.20300000,5.33700000,1138350.45000000,1731671999999,6017321.80709000,35213,546716.78000000,2889776.80268000,0
2024-11-15 12:00:00,5.33600000,5.39900000,5.30100000,5.33400000,2315897.55000000,1731686399999,12395817.87218000,156977,1146080.05000000,6133317.40245000,0
2024-11-15 16:00:00,5.33300000,5.39300000,5.29600000,5.33000000,1495656.51000000,1731700799999,7997118.31279000,80414,741646.59000000,3963821.12597000,0
2024-11-15 20:00:00,5.33000000,5.42100000,5.32800000,5.38100000,1118089.45000000,1731715199999,6010822.30358000,38497,543390.76000000,2921976.45673000,0
2024-11-16 00:00:00,5.38100000,5.44200000,5.35800000,5.43600000,993301.57000000,1731729599999,5371211.05662000,29911,486445.94000000,2629721.15211000,0
2024-11-16 04:00:00,5.43700000,5.47700000,5.37000000,5.40700000,907638.78000000,1731743999999,4917618.63133000,32076,463414.05000000,2510216.34773000,0
2024-11-16 08:00:00,5.40700000,5.61900000,5.39000000,5.59600000,2946588.01000000,1731758399999,16266593.00670000,82400,1524169.73000000,8410167.01270000,0
2024-11-16 12:00:00,5.59600000,5.72700000,5.49600000,5.61300000,4004945.89000000,1731772799999,22599578.71080000,108378,2004495.90000000,11311145.06568000,0
2024-11-16 16:00:00,5.61400000,5.81500000,5.55300000,5.80700000,2669120.75000000,1731787199999,15216753.73691000,66589,1420501.80000000,8102822.66504000,0
2024-11-16 20:00:00,5.80600000,5.83200000,5.61900000,5.64800000,1619536.05000000,1731801599999,9280193.44169000,45550,841652.13000000,4821827.36001000,0
2024-11-17 00:00:00,5.64800000,5.72500000,5.38700000,5.50100000,2235440.16000000,1731815999999,12378864.88942000,63334,1201044.46000000,6652910.88302000,0
2024-11-17 04:00:00,5.50100000,5.66200000,5.47200000,5.61500000,1834453.09000000,1731830399999,10266004.66212000,48837,832597.22000000,4654650.28140000,0
2024-11-17 08:00:00,5.61500000,5.65700000,5.45100000,5.45200000,1559307.47000000,1731844799999,8684059.25757000,40224,821441.24000000,4572224.25545000,0
2024-11-17 12:00:00,5.45300000,5.52100000,5.43700000,5.46000000,1098580.78000000,1731859199999,6014900.16872000,44515,566554.99000000,3101351.19810000,0
2024-11-17 16:00:00,5.45900000,5.50200000,5.33200000,5.38100000,1215174.82000000,1731873599999,6582754.00058000,37343,656433.28000000,3555678.98484000,0
2024-11-17 20:00:00,5.38100000,5.40800000,5.29000000,5.38300000,1250911.51000000,1731887999999,6691494.39646000,35381,623963.48000000,3338046.70092000,0
2024-11-18 00:00:00,5.38300000,5.50100000,5.36000000,5.49800000,774937.69000000,1731902399999,4214283.83010000,20399,337858.56000000,1837485.19253000,0
2024-11-18 04:00:00,5.49700000,5.54400000,5.46700000,5.52800000,863511.37000000,1731916799999,4759954.86682000,27402,402797.52000000,2219858.46780000,0
2024-11-18 08:00:00,5.52900000,5.53900000,5.40100000,5.43500000,1052541.25000000,1731931199999,5764545.52023000,34494,527631.80000000,2889185.63576000,0
2024-11-18 12:00:00,5.43500000,5.54400000,5.39000000,5.52400000,1235723.90000000,1731945599999,6753604.22361000,46626,584734.67000000,3194473.90889000,0
2024-11-18 16:00:00,5.52500000,5.56100000,5.44500000,5.51000000,1552045.17000000,1731959999999,8565838.82346000,47822,777631.90000000,4291337.35609000,0
2024-11-18 20:00:00,5.50900000,5.61400000,5.48800000,5.57600000,1332628.74000000,1731974399999,7422756.97578000,34268,707085.61000000,3941502.84953000,0
2024-11-19 00:00:00,5.57700000,5.67900000,5.55800000,5.61400000,1000276.20000000,1731988799999,5634317.83239000,25387,471284.46000000,2655336.06456000,0
2024-11-19 04:00:00,5.61400000,5.64000000,5.55600000,5.58600000,931208.98000000,1732003199999,5223086.47491000,26753,556179.90000000,3119691.13158000,0
2024-11-19 08:00:00,5.58500000,5.64100000,5.55900000,5.58800000,1082969.29000000,1732017599999,6071352.91562000,38887,455104.94000000,2551573.74681000,0
2024-11-19 12:00:00,5.58900000,5.62900000,5.47000000,5.51300000,1535829.50000000,1732031999999,8485734.81541000,44517,683499.21000000,3778276.04533000,0
2024-11-19 16:00:00,5.51300000,5.53900000,5.48500000,5.49300000,779746.43000000,1732046399999,4296578.65145000,25059,369964.15000000,2038877.53915000,0
2024-11-19 20:00:00,5.49400000,5.50700000,5.37100000,5.44700000,946860.79000000,1732060799999,5137189.79489000,28765,484953.98000000,2630532.62190000,0
2024-11-20 00:00:00,5.44800000,5.44800000,5.31300000,5.38800000,1075115.22000000,1732075199999,5791334.99960000,21857,569886.83000000,3069568.68692000,0
2024-11-20 04:00:00,5.38700000,5.43500000,5.35500000,5.42900000,499861.41000000,1732089599999,2704345.25990000,26511,270433.84000000,1463447.22547000,0
2024-11-20 08:00:00,5.42900000,5.46400000,5.37700000,5.41500000,765167.86000000,1732103999999,4155045.88511000,29192,342166.67000000,1858439.37573000,0
2024-11-20 12:00:00,5.41600000,5.45800000,5.20000000,5.30900000,3140184.15000000,1732118399999,16746095.83649000,70290,1174411.32000000,6283355.05080000,0
2024-11-20 16:00:00,5.30900000,5.33100000,5.18800000,5.23800000,2611965.57000000,1732132799999,13694725.06688000,72677,1069201.49000000,5606745.77450000,0
2024-11-20 20:00:00,5.23800000,5.35800000,5.21500000,5.28900000,730739.74000000,1732147199999,3875782.78067000,23562,337637.64000000,1787851.92480000,0
2024-11-21 00:00:00,5.29000000,5.36000000,5.22200000,5.27100000,1572965.12000000,1732161599999,8327332.50646000,39571,813573.32000000,4307949.31610000,0
2024-11-21 04:00:00,5.27100000,5.49000000,5.27000000,5.48300000,2633562.45000000,1732175999999,14247721.06947000,63538,1372926.54000000,7431313.41338000,0
2024-11-21 08:00:00,5.48400000,5.59300000,5.40400000,5.44000000,3501434.90000000,1732190399999,19214532.77265000,79212,1818688.50000000,9975367.62432000,0
2024-11-21 12:00:00,5.44000000,5.55900000,5.41300000,5.47700000,2475722.21000000,1732204799999,13629628.15897000,71326,1195040.85000000,6576988.99936000,0
2024-11-21 16:00:00,5.47800000,5.53900000,5.47800000,5.48200000,1033306.99000000,1732219199999,5693004.89675000,40413,438186.59000000,2414320.86558000,0
2024-11-21 20:00:00,5.48300000,5.52100000,5.45100000,5.50700000,620038.58000000,1732233599999,3398004.83603000,18606,248385.18000000,1361540.73915000,0
2024-11-22 00:00:00,5.50700000,5.56800000,5.44900000,5.54300000,1198028.22000000,1732247999999,6617324.66154000,33021,603029.16000000,3331899.60938000,0
2024-11-22 04:00:00,5.54300000,5.59600000,5.48300000,5.48500000,1630163.88000000,1732262399999,9043827.85587000,43221,868486.43000000,4818373.37470000,0
2024-11-22 08:00:00,5.48600000,5.53500000,5.46100000,5.52300000,1010031.43000000,1732276799999,5548507.27094000,38088,530216.60000000,2912545.52667000,0
2024-11-22 12:00:00,5.52300000,5.57000000,5.41200000,5.49600000,1711124.40000000,1732291199999,9390362.50739000,53149,862910.85000000,4735147.39285000,0
2024-11-22 16:00:00,5.49600000,5.50000000,5.42500000,5.48600000,927795.14000000,1732305599999,5076609.76450000,39637,460292.25000000,2518332.94624000,0
2024-11-22 20:00:00,5.48500000,5.51500000,5.33400000,5.45000000,4039391.79000000,1732319999999,21899915.16318000,66471,1377852.90000000,7476970.79157000,0
2024-11-23 00:00:00,5.45000000,5.57600000,5.44100000,5.56200000,2409327.11000000,1732334399999,13311485.61601000,66351,1220470.04000000,6744419.11192000,0
2024-11-23 04:00:00,5.56200000,5.66300000,5.51700000,5.64400000,2604274.46000000,1732348799999,14536064.88194000,60726,1365890.14000000,7624727.78432000,0
2024-11-23 08:00:00,5.64300000,5.71600000,5.59000000,5.67100000,2236180.67000000,1732363199999,12652331.53311000,69140,1002669.56000000,5679038.36157000,0
2024-11-23 12:00:00,5.67100000,6.62500000,5.66500000,6.27000000,10795752.35000000,1732377599999,66042489.76498000,261508,6070986.44000000,37205688.86125000,0
2024-11-23 16:00:00,6.27000000,6.60100000,6.06200000,6.29700000,8470927.40000000,1732391999999,54091699.39922000,226219,4516454.95000000,28859767.49139000,0
2024-11-23 20:00:00,6.29800000,6.53300000,6.13600000,6.31300000,2632249.25000000,1732406399999,16714059.18501000,71830,1279056.33000000,8125418.65007000,0
2024-11-24 00:00:00,6.31400000,6.51500000,6.30100000,6.40600000,2333915.60000000,1732420799999,14994229.35865000,55962,1118053.51000000,7181320.86796000,0
2024-11-24 04:00:00,6.40700000,6.59000000,6.35900000,6.42700000,2747542.83000000,1732435199999,17815534.10050000,76512,1392054.91000000,9027190.84848000,0
2024-11-24 08:00:00,6.42700000,6.45800000,6.00000000,6.00100000,3215528.64000000,1732449599999,19956459.68298000,84984,1486072.35000000,9238822.18520000,0
2024-11-24 12:00:00,6.00300000,6.08200000,5.77900000,5.87800000,4323075.75000000,1732463999999,25702183.90713000,115806,2052880.77000000,12206133.02941000,0
2024-11-24 16:00:00,5.87700000,6.21000000,5.85200000,6.05600000,2375619.42000000,1732478399999,14441785.56866000,69404,1285022.24000000,7812200.79416000,0
2024-11-24 20:00:00,6.05500000,6.18500000,6.03500000,6.15100000,822381.96000000,1732492799999,5034637.25888000,23086,407366.34000000,2493068.52913000,0
2024-11-25 00:00:00,6.15100000,6.18000000,5.95500000,6.07400000,1413848.53000000,1732507199999,8582877.73462000,44183,628410.55000000,3814601.94807000,0
2024-11-25 04:00:00,6.07500000,6.15600000,6.05700000,6.10700000,1181737.15000000,1732521599999,7219515.45489000,34841,572093.65000000,3495129.81397000,0
2024-11-25 08:00:00,6.10700000,6.29700000,6.09600000,6.22900000,2220228.77000000,1732535999999,13771786.18297000,58862,1147136.18000000,7120089.09622000,0
2024-11-25 12:00:00,6.23000000,6.25800000,5.91600000,6.17100000,3134938.04000000,1732550399999,19192632.50110000,71499,1585270.96000000,9701141.51628000,0
2024-11-25 16:00:00,6.17100000,6.22000000,6.05100000,6.13300000,1750500.12000000,1732564799999,10721276.15423000,40336,792838.86000000,4855702.86416000,0
2024-11-25 20:00:00,6.13200000,6.24600000,5.97000000,6.07900000,1961365.17000000,1732579199999,12013947.00577000,47601,919649.51000000,5631204.72955000,0
2024-11-26 00:00:00,6.07900000,6.27500000,6.04200000,6.21100000,1383731.57000000,1732593599999,8547892.46457000,31490,640461.05000000,3957109.23165000,0
2024-11-26 04:00:00,6.20900000,6.31500000,6.10500000,6.14100000,1696136.12000000,1732607999999,10551553.54807000,43377,889549.51000000,5532706.14222000,0
2024-11-26 08:00:00,6.14200000,6.15000000,5.68500000,5.83000000,4247648.69000000,1732622399999,25103565.47719000,72628,2094075.80000000,12364528.19745000,0
2024-11-26 12:00:00,5.83000000,6.01500000,5.78300000,5.88500000,2051352.23000000,1732636799999,12090281.64257000,43105,1028364.27000000,6060974.50878000,0
2024-11-26 16:00:00,5.88500000,5.99600000,5.80700000,5.93600000,1373529.78000000,1732651199999,8120795.77259000,27491,681688.99000000,4028956.57224000,0
2024-11-26 20:00:00,5.93700000,6.26500000,5.90200000,6.13600000,2758547.13000000,1732665599999,16779758.19902000,44306,1623983.88000000,9904592.27098000,0
2024-11-27 00:00:00,6.13700000,6.28400000,6.11200000,6.19300000,1436794.03000000,1732679999999,8916752.53940000,31965,738209.67000000,4578102.40732000,0
2024-11-27 04:00:00,6.19200000,6.34100000,6.17300000,6.32200000,1329815.65000000,1732694399999,8312998.67206000,25961,669800.23000000,4187739.97255000,0
2024-11-27 08:00:00,6.32300000,6.37400000,6.21900000,6.23200000,1540537.46000000,1732708799999,9683687.17373000,33928,752807.57000000,4729986.83556000,0
2024-11-27 12:00:00,6.23200000,6.38300000,6.13000000,6.28800000,2007483.41000000,1732723199999,12561646.67987000,38355,1142202.92000000,7148249.94136000,0
2024-11-27 16:00:00,6.28900000,6.50800000,6.28500000,6.39500000,3313926.46000000,1732737599999,21239855.03330000,49059,1941915.96000000,12449805.67245000,0
2024-11-27 20:00:00,6.39500000,6.43400000,6.33100000,6.37200000,667900.19000000,1732751999999,4260796.19659000,16625,367899.40000000,2347339.90534000,0
2024-11-28 00:00:00,6.37200000,6.46600000,6.25100000,6.30900000,1423226.94000000,1732766399999,9050013.11070000,26827,725458.30000000,4608053.24318000,0
2024-11-28 04:00:00,6.31000000,6.37700000,6.26800000,6.30200000,686212.97000000,1732780799999,4341627.39958000,14460,323405.24000000,2044834.03123000,0
2024-11-28 08:00:00,6.30300000,6.50800000,6.23400000,6.42900000,2928839.49000000,1732795199999,18660238.41736000,40499,1711133.54000000,10916981.88988000,0
2024-11-28 12:00:00,6.42900000,6.61700000,6.35700000,6.46400000,2859755.20000000,1732809599999,18548305.87056000,51075,1453236.23000000,9434208.96350000,0
2024-11-28 16:00:00,6.46400000,6.54600000,6.32200000,6.44900000,2211274.02000000,1732823999999,14296477.65143000,43368,1093251.37000000,7078744.70419000,0
2024-11-28 20:00:00,6.44900000,6.50800000,6.40900000,6.43600000,676499.69000000,1732838399999,4373331.46457000,16355,371120.59000000,2398866.58936000,0
2024-11-29 00:00:00,6.43600000,6.45400000,6.35300000,6.37000000,818437.95000000,1732852799999,5236782.73527000,15896,421886.61000000,2700132.20168000,0
2024-11-29 04:00:00,6.37100000,6.42000000,6.32100000,6.32300000,772584.04000000,1732867199999,4920133.37103000,19400,385397.17000000,2454250.08691000,0
2024-11-29 08:00:00,6.32300000,6.45900000,6.32200000,6.45000000,667180.68000000,1732881599999,4273202.56473000,16216,358709.41000000,2297524.87692000,0
2024-11-29 12:00:00,6.45100000,6.54000000,6.42800000,6.48900000,1278468.83000000,1732895999999,8281696.59644000,25901,658830.12000000,4268479.93614000,0
2024-11-29 16:00:00,6.49000000,6.51900000,6.38300000,6.44800000,946099.48000000,1732910399999,6087261.50505000,18943,459605.79000000,2955859.68782000,0
2024-11-29 20:00:00,6.44900000,6.51300000,6.44600000,6.45000000,716466.69000000,1732924799999,4644088.90406000,13020,403663.02000000,2616938.12440000,0
2024-11-30 00:00:00,6.44900000,6.55000000,6.42400000,6.51400000,707153.27000000,1732939199999,4592823.80252000,15424,345018.73000000,2240822.35944000,0
2024-11-30 04:00:00,6.51400000,6.64900000,6.48000000,6.63900000,1305129.57000000,1732953599999,8549956.51813000,29068,628789.03000000,4122009.61813000,0
2024-11-30 08:00:00,6.64000000,6.75100000,6.55700000,6.75000000,1817915.30000000,1732967999999,12076756.42711000,44314,896578.80000000,5961652.94229000,0
2024-11-30 12:00:00,6.75000000,6.99700000,6.70800000,6.83300000,3909598.92000000,1732982399999,26768072.50925000,93901,2015872.59000000,13794246.80676000,0
2024-11-30 16:00:00,6.83300000,6.91700000,6.74900000,6.86100000,888609.66000000,1732996799999,6066810.16067000,20734,416883.08000000,2846738.30976000,0
2024-11-30 20:00:00,6.86000000,6.93200000,6.81300000,6.82100000,783188.55000000,1733011199999,5387845.94633000,18060,336894.61000000,2317265.43048000,0
2024-12-01 00:00:00,6.82200000,6.88900000,6.65900000,6.69800000,892655.89000000,1733025599999,6032562.86072000,22420,427062.35000000,2884855.42932000,0
2024-12-01 04:00:00,6.69800000,6.81000000,6.66600000,6.73100000,827432.32000000,1733039999999,5573354.94113000,19036,466073.70000000,3140630.97279000,0
2024-12-01 08:00:00,6.73000000,6.81300000,6.70800000,6.78500000,1084449.02000000,1733054399999,7340355.03480000,23872,568342.70000000,3846223.01124000,0
2024-12-01 12:00:00,6.78500000,6.96300000,6.73200000,6.92100000,1686597.39000000,1733068799999,11548598.62316000,38901,915708.93000000,6272266.32147000,0
2024-12-01 16:00:00,6.92200000,6.97700000,6.83900000,6.86600000,853724.12000000,1733083199999,5909044.56361000,30624,460469.67000000,3187437.08303000,0
2024-12-01 20:00:00,6.86500000,6.88100000,6.75200000,6.83600000,742473.76000000,1733097599999,5066722.08674000,19724,390785.19000000,2666358.21235000,0
2024-12-02 00:00:00,6.83700000,6.89300000,6.59400000,6.62200000,1631709.27000000,1733111999999,11064967.71985000,36966,758682.77000000,5147023.57633000,0
2024-12-02 04:00:00,6.62100000,6.68200000,6.50700000,6.64500000,1994751.39000000,1733126399999,13165549.58151000,40595,945069.17000000,6238473.78605000,0
2024-12-02 08:00:00,6.64400000,6.64800000,6.35400000,6.43200000,2266902.01000000,1733140799999,14620311.17564000,45734,1071353.75000000,6911455.20943000,0
2024-12-02 12:00:00,6.43200000,6.75900000,6.40800000,6.66600000,2124117.65000000,1733155199999,14053749.66498000,42699,1084287.42000000,7184075.86024000,0
2024-12-02 16:00:00,6.66600000,6.67900000,6.37900000,6.52900000,1997307.70000000,1733169599999,12987299.11676000,45665,994740.17000000,6469970.37618000,0
2024-12-02 20:00:00,6.53000000,6.57400000,6.45600000,6.56800000,1091569.40000000,1733183999999,7117921.26838000,27672,513687.39000000,3349939.53106000,0
2024-12-03 00:00:00,6.56800000,6.63600000,6.51900000,6.61000000,946452.44000000,1733198399999,6226475.79012000,22545,472571.88000000,3108466.32484000,0
2024-12-03 04:00:00,6.60900000,6.77900000,6.57700000,6.65300000,1898378.40000000,1733212799999,12680923.75250000,39944,933273.92000000,6233354.09580000,0
2024-12-03 08:00:00,6.65400000,6.79900000,6.55900000,6.71100000,2107877.20000000,1733227199999,14078332.34068000,50068,1224777.91000000,8177066.57479000,0
2024-12-03 12:00:00,6.71100000,6.73900000,6.31500000,6.58600000,4040724.88000000,1733241599999,26383612.08246000,95811,1970350.33000000,12872003.95987000,0
2024-12-03 16:00:00,6.58600000,6.68300000,6.52900000,6.65100000,1689454.96000000,1733255999999,11179997.83105000,38254,878184.37000000,5809117.24550000,0
2024-12-03 20:00:00,6.65200000,6.82300000,6.55000000,6.77300000,1692880.73000000,1733270399999,11341222.96228000,34797,764676.91000000,5120515.57555000,0
2024-12-04 00:00:00,6.77400000,6.97700000,6.77400000,6.87600000,2064151.15000000,1733284799999,14208531.40502000,43176,1074297.73000000,7395381.15256000,0
2024-12-04 04:00:00,6.87600000,7.20000000,6.87500000,7.16200000,4542654.66000000,1733299199999,32218101.51515000,87680,2317090.65000000,16424154.33573000,0
2024-12-04 08:00:00,7.16200000,7.18000000,7.04500000,7.13600000,2067472.10000000,1733313599999,14691067.68166000,38123,961108.72000000,6828262.58509000,0
2024-12-04 12:00:00,7.13500000,7.15100000,7.00700000,7.05900000,2643634.68000000,1733327999999,18742789.75057000,57122,1307078.61000000,9268277.26418000,0
2024-12-04 16:00:00,7.05900000,7.07400000,6.80200000,6.98100000,2547375.32000000,1733342399999,17646537.67902000,54734,1403892.70000000,9725023.68323000,0
2024-12-04 20:00:00,6.98000000,7.02500000,6.80800000,6.89600000,1778976.33000000,1733356799999,12326338.22505000,34165,972284.29000000,6735204.80824000,0
2024-12-05 00:00:00,6.89600000,6.91000000,6.59100000,6.74700000,2901694.81000000,1733371199999,19592539.84588000,55808,1515552.38000000,10230452.11611000,0
2024-12-05 04:00:00,6.74700000,6.93300000,6.73600000,6.92300000,1488343.15000000,1733385599999,10181331.14450000,28934,779904.13000000,5336785.86288000,0
2024-12-05 08:00:00,6.92300000,7.01400000,6.88000000,7.00700000,1562176.34000000,1733399999999,10816684.37088000,37717,857065.54000000,5933982.71426000,0
2024-12-05 12:00:00,7.00800000,7.03300000,6.84100000,6.92200000,2544788.02000000,1733414399999,17676330.39771000,49863,1285495.96000000,8922478.53937000,0
2024-12-05 16:00:00,6.92200000,6.98800000,6.80100000,6.81500000,1835004.39000000,1733428799999,12685121.82542000,43862,914940.38000000,6325186.93753000,0
2024-12-05 20:00:00,6.81300000,6.89800000,6.61000000,6.79300000,2315448.11000000,1733443199999,15719603.18649000,53574,1081149.88000000,7341379.09432000,0
2024-12-06 00:00:00,6.79300000,6.95300000,6.75400000,6.92800000,1483066.79000000,1733457599999,10221418.48510000,36976,701990.34000000,4839410.30228000,0
2024-12-06 04:00:00,6.92900000,6.95300000,6.84400000,6.84600000,1157326.78000000,1733471999999,7972518.47195000,31528,544462.99000000,3749791.38941000,0
2024-12-06 08:00:00,6.84600000,6.90100000,6.66900000,6.71400000,1895782.53000000,1733486399999,12806464.81729000,45941,908400.89000000,6140534.10804000,0
2024-12-06 12:00:00,6.71400000,6.80500000,6.62100000,6.75500000,2297816.72000000,1733500799999,15424618.06581000,51591,1001397.29000000,6724671.18553000,0
2024-12-06 16:00:00,6.75500000,6.82200000,6.73800000,6.81800000,1349894.80000000,1733515199999,9167347.57165000,33657,522343.96000000,3547936.45629000,0
2024-12-06 20:00:00,6.81800000,6.83500000,6.75700000,6.79800000,837884.68000000,1733529599999,5698978.62204000,25422,349828.72000000,2379011.71842000,0
2024-12-07 00:00:00,6.79800000,6.83200000,6.74800000,6.78400000,670798.08000000,1733543999999,4559199.49854000,23312,302142.57000000,2054366.45940000,0
2024-12-07 04:00:00,6.78400000,6.87000000,6.77300000,6.83300000,902389.78000000,1733558399999,6165720.33712000,25934,363025.43000000,2481201.04380000,0
2024-12-07 08:00:00,6.83300000,6.92800000,6.81500000,6.90000000,1255984.02000000,1733572799999,8643264.67282000,33749,654813.86000000,4506514.80713000,0
2024-12-07 12:00:00,6.90100000,6.93100000,6.85000000,6.91100000,1151565.77000000,1733587199999,7935070.34961000,34660,504716.45000000,3478548.35399000,0
2024-12-07 16:00:00,6.91000000,6.92700000,6.81200000,6.83500000,769089.00000000,1733601599999,5276503.95518000,31964,294079.15000000,2016813.55334000,0
2024-12-07 20:00:00,6.83400000,6.85100000,6.78800000,6.79600000,609464.37000000,1733615999999,4160124.68819000,24352,257391.94000000,1756905.37515000,0
2024-12-08 00:00:00,6.79800000,6.84700000,6.78200000,6.81800000,447956.18000000,1733630399999,3052918.20142000,24315,201798.60000000,1375153.80100000,0
2024-12-08 04:00:00,6.81700000,6.84500000,6.70500000,6.78500000,934975.64000000,1733644799999,6332793.63558000,29157,372182.01000000,2521497.59890000,0
2024-12-08 08:00:00,6.78400000,6.78800000,6.64600000,6.73100000,1246113.94000000,1733659199999,8358273.27257000,37721,489304.43000000,3282074.96870000,0
2024-12-08 12:00:00,6.73100000,6.77400000,6.68000000,6.74600000,701381.31000000,1733673599999,4726003.70123000,28171,307703.87000000,2073613.38178000,0
2024-12-08 16:00:00,6.74600000,6.75600000,6.69100000,6.73600000,532991.74000000,1733687999999,3582896.74434000,24706,228287.44000000,1534406.75939000,0
2024-12-08 20:00:00,6.73600000,6.79000000,6.71000000,6.78000000,447049.06000000,1733702399999,3019771.79730000,20929,192426.54000000,1299822.98203000,0
2024-12-09 00:00:00,6.78000000,6.81500000,6.55800000,6.62200000,1230787.24000000,1733716799999,8234060.26109000,36454,557043.41000000,3726480.40325000,0
2024-12-09 04:00:00,6.62200000,6.69300000,6.51000000,6.60500000,1785136.62000000,1733731199999,11807081.44716000,43677,1031942.09000000,6829269.44651000,0
2024-12-09 08:00:00,6.60400000,6.60600000,6.37100000,6.39200000,1821042.45000000,1733745599999,11771783.29439000,39226,715085.93000000,4624958.40143000,0
2024-12-09 12:00:00,6.39400000,6.56200000,6.34000000,6.41300000,1795334.06000000,1733759999999,11600214.66146000,32634,674089.72000000,4357286.41474000,0
2024-12-09 16:00:00,6.41400000,6.48400000,6.38500000,6.41100000,753186.00000000,1733774399999,4851190.24790000,17171,385433.87000000,2482133.65081000,0
2024-12-09 20:00:00,6.41100000,6.42300000,5.30000000,5.77800000,9704229.52000000,1733788799999,56194308.40255000,189089,4649813.65000000,26931746.76118000,0
2024-12-10 00:00:00,5.77800000,5.91900000,5.52400000,5.74500000,3834727.12000000,1733803199999,22056518.46653000,80019,1762789.55000000,10157707.40069000,0
2024-12-10 04:00:00,5.74600000,5.92100000,5.62400000,5.89700000,1669934.29000000,1733817599999,9711533.23456000,31640,795949.52000000,4633179.05795000,0
2024-12-10 08:00:00,5.89600000,5.97200000,5.84400000,5.89500000,2377554.21000000,1733831999999,14033700.89680000,45735,1316100.59000000,7770693.09371000,0
2024-12-10 12:00:00,5.89500000,5.91100000,5.57500000,5.58800000,2876487.08000000,1733846399999,16496549.70582000,50358,1373273.45000000,7879570.64537000,0
2024-12-10 16:00:00,5.59000000,5.76800000,5.49600000,5.75500000,2783091.78000000,1733860799999,15590693.27992000,54121,1266963.37000000,7097760.27721000,0
2024-12-10 20:00:00,5.75600000,5.96300000,5.74700000,5.93800000,1119894.66000000,1733875199999,6576113.12124000,18991,535950.21000000,3146503.61260000,0
2024-12-11 00:00:00,5.93800000,5.99600000,5.76300000,5.98800000,1355503.20000000,1733889599999,7971791.43051000,27274,704351.12000000,4138139.79238000,0
2024-12-11 04:00:00,5.98800000,6.12400000,5.94200000,6.02100000,1294047.55000000,1733903999999,7816378.84599000,22755,644263.88000000,3893822.05385000,0
2024-12-11 08:00:00,6.02100000,6.13700000,6.02100000,6.12800000,1288111.91000000,1733918399999,7833667.49601000,27377,648723.18000000,3947488.66400000,0
2024-12-11 12:00:00,6.12800000,6.30800000,6.12400000,6.27500000,1883054.59000000,1733932799999,11698020.18630000,38168,858879.81000000,5333005.85193000,0
2024-12-11 16:00:00,6.27600000,6.32300000,6.19500000,6.28000000,1017383.81000000,1733947199999,6381927.98534000,21483,568905.11000000,3568633.21389000,0
2024-12-11 20:00:00,6.28000000,6.35600000,6.27900000,6.34200000,719156.75000000,1733961599999,4546363.55299000,15450,356131.19000000,2251064.89738000,0
2024-12-12 00:00:00,6.34400000,6.48400000,6.34400000,6.40400000,1393102.26000000,1733975999999,8952862.28951000,29470,623471.34000000,4006185.17306000,0
2024-12-12 04:00:00,6.40800000,6.51900000,6.36800000,6.44500000,1246797.51000000,1733990399999,8048581.43341000,24007,608590.00000000,3929879.45092000,0
2024-12-12 08:00:00,6.44600000,6.47400000,6.31600000,6.35100000,976140.93000000,1734004799999,6245066.36499000,22234,460690.97000000,2945964.80714000,0
2024-12-12 12:00:00,6.35000000,6.45600000,6.33700000,6.44200000,1267091.22000000,1734019199999,8103094.11599000,31659,638508.07000000,4082644.80344000,0
2024-12-12 16:00:00,6.44100000,6.48800000,6.26900000,6.29100000,1223209.09000000,1734033599999,7829193.62713000,31766,671055.33000000,4294564.56436000,0
2024-12-12 20:00:00,6.29000000,6.38300000,6.25900000,6.34300000,1032462.14000000,1734047999999,6534209.27083000,20246,604406.38000000,3824890.53416000,0
2024-12-13 00:00:00,6.34300000,6.40500000,6.27100000,6.38400000,767645.96000000,1734062399999,4872041.64990000,16370,425901.54000000,2699674.11381000,0
2024-12-13 04:00:00,6.38400000,6.41900000,6.28700000,6.37900000,589942.19000000,1734076799999,3749176.28006000,16357,305286.53000000,1939128.81511000,0
2024-12-13 08:00:00,6.37900000,6.45400000,6.35300000,6.39100000,870810.05000000,1734091199999,5587123.25037000,23260,434360.71000000,2785693.98744000,0
2024-12-13 12:00:00,6.39200000,6.43500000,6.22200000,6.24200000,1169103.37000000,1734105599999,7430610.94432000,24041,564738.31000000,3592919.73071000,0
2024-12-13 16:00:00,6.24100000,6.30600000,6.21700000,6.26400000,836118.54000000,1734119999999,5225653.32479000,19269,430868.35000000,2693087.51862000,0
2024-12-13 20:00:00,6.26400000,6.33700000,6.23800000,6.33000000,375942.31000000,1734134399999,2363745.97752000,10461,180491.67000000,1134443.87761000,0
2024-12-14 00:00:00,6.33200000,6.39900000,6.30600000,6.31700000,571307.14000000,1734148799999,3629700.25235000,11691,297104.63000000,1887318.69867000,0
2024-12-14 04:00:00,6.31600000,6.35400000,6.29000000,6.33800000,234308.03000000,1734163199999,1480981.31974000,6951,110872.37000000,700670.08727000,0
2024-12-14 08:00:00,6.33800000,6.36700000,6.22900000,6.23600000,851038.09000000,1734177599999,5344359.99034000,16006,415413.92000000,2605414.37475000,0
2024-12-14 12:00:00,6.23500000,6.24800000,6.10100000,6.17900000,1165255.17000000,1734191999999,7181514.32411000,22090,527399.61000000,3253469.40809000,0
2024-12-14 16:00:00,6.17800000,6.20300000,6.07200000,6.15500000,713601.50000000,1734206399999,4373699.80239000,14351,328166.53000000,2011244.85242000,0
2024-12-14 20:00:00,6.15500000,6.25000000,6.07900000,6.25000000,537417.32000000,1734220799999,3321662.91428000,9110,271311.31000000,1676239.66025000,0
2024-12-15 00:00:00,6.24900000,6.29100000,6.19700000,6.20600000,465287.56000000,1734235199999,2903073.12092000,8623,229453.53000000,1430998.63406000,0
2024-12-15 04:00:00,6.20600000,6.26500000,6.10200000,6.15100000,450532.52000000,1734249599999,2787007.21783000,10550,259168.41000000,1601484.70086000,0
2024-12-15 08:00:00,6.15000000,6.25200000,6.13800000,6.24500000,347842.37000000,1734263999999,2162210.19820000,9524,164472.71000000,1022798.20684000,0
2024-12-15 12:00:00,6.24400000,6.36300000,6.22300000,6.34900000,776257.41000000,1734278399999,4900441.88717000,16157,432021.18000000,2727381.33979000,0
2024-12-15 16:00:00,6.34900000,6.40400000,6.34200000,6.39900000,539525.81000000,1734292799999,3442445.22325000,10598,262487.49000000,1675256.56344000,0
2024-12-15 20:00:00,6.39900000,6.43100000,6.24000000,6.39100000,911421.36000000,1734307199999,5796068.19758000,17112,372451.00000000,2364605.65977000,0
2024-12-16 00:00:00,6.39200000,6.46700000,6.29000000,6.30400000,906239.01000000,1734321599999,5790437.93521000,16425,487160.89000000,3111044.97955000,0
2024-12-16 04:00:00,6.30500000,6.40600000,6.29300000,6.40400000,402826.16000000,1734335999999,2565316.53204000,10223,214972.05000000,1368865.09965000,0
2024-12-16 08:00:00,6.40400000,6.41400000,5.91800000,5.99200000,5602132.00000000,1734350399999,34289059.34327000,74921,1995094.39000000,12214094.10492000,0
2024-12-16 12:00:00,5.99200000,6.10300000,5.97100000,6.03600000,2301680.11000000,1734364799999,13873809.96597000,34682,902384.64000000,5443032.52051000,0
2024-12-16 16:00:00,6.03600000,6.18100000,6.02900000,6.11100000,1744061.09000000,1734379199999,10676151.08931000,29331,976450.85000000,5978125.90919000,0
2024-12-16 20:00:00,6.11100000,6.13000000,6.04600000,6.05900000,807169.48000000,1734393599999,4914967.69104000,15542,434677.90000000,2646446.10824000,0
2024-12-17 00:00:00,6.06000000,6.10800000,5.99000000,6.10400000,846223.08000000,1734407999999,5115239.52029000,17255,393944.98000000,2378926.58387000,0
2024-12-17 04:00:00,6.10500000,6.10500000,5.99000000,6.03400000,649991.38000000,1734422399999,3923915.73332000,14399,298035.04000000,1798398.32005000,0
2024-12-17 08:00:00,6.03400000,6.14300000,6.03400000,6.11200000,999991.90000000,1734436799999,6094161.03516000,16436,509052.12000000,3104979.27379000,0
2024-12-17 12:00:00,6.11200000,6.14700000,5.84900000,5.92500000,2026939.89000000,1734451199999,12171519.70339000,32952,920528.22000000,5520268.49695000,0
2024-12-17 16:00:00,5.92500000,6.02500000,5.87800000,5.91800000,1325980.98000000,1734465599999,7883916.42568000,21565,636768.69000000,3782882.67094000,0
2024-12-17 20:00:00,5.91900000,5.93700000,5.76100000,5.82200000,1343548.73000000,1734479999999,7851526.38352000,22526,608453.03000000,3558292.95851000,0
2024-12-18 00:00:00,5.82100000,5.86200000,5.77200000,5.81100000,855363.26000000,1734494399999,4981518.21618000,15903,410213.71000000,2388822.67690000,0
2024-12-18 04:00:00,5.81000000,5.81100000,5.68300000,5.71500000,1929192.01000000,1734508799999,11073527.44014000,36821,1006900.98000000,5778925.00849000,0
2024-12-18 08:00:00,5.71500000,5.81200000,5.65200000,5.76000000,1305932.93000000,1734523199999,7500750.23270000,25964,669606.32000000,3844528.33364000,0
2024-12-18 12:00:00,5.76000000,5.78200000,5.65500000,5.70000000,2077917.84000000,1734537599999,11861696.43835000,35106,994534.95000000,5675431.90640000,0
2024-12-18 16:00:00,5.69900000,5.77200000,5.55200000,5.55200000,2159911.69000000,1734551999999,12266918.65344000,40433,1031802.88000000,5857487.52529000,0
2024-12-18 20:00:00,5.55100000,5.70500000,5.20000000,5.43800000,4886472.61000000,1734566399999,26565956.68247000,90494,2551841.48000000,13884283.32937000,0
2024-12-19 00:00:00,5.43900000,5.47400000,5.18400000,5.46100000,3008672.87000000,1734580799999,16085659.42670000,47340,1425486.28000000,7621112.30214000,0
2024-12-19 04:00:00,5.46100000,5.49300000,5.43100000,5.49200000,1539406.07000000,1734595199999,8403328.86823000,22254,804336.47000000,4390678.39613000,0
2024-12-19 08:00:00,5.49200000,5.49300000,5.42100000,5.44700000,1695050.28000000,1734609599999,9243168.21817000,24601,898357.22000000,4898430.76284000,0
2024-12-19 12:00:00,5.44700000,5.45600000,5.23800000,5.32300000,1849929.43000000,1734623999999,9913842.82197000,28041,1005588.07000000,5390425.17539000,0
2024-12-19 16:00:00,5.32300000,5.39500000,5.10000000,5.20900000,5963405.02000000,1734638399999,31084417.92900000,84151,2712785.04000000,14139759.34410000,0
2024-12-19 20:00:00,5.21000000,5.30800000,5.07500000,5.20000000,2720978.13000000,1734652799999,14170205.94562000,36907,1211625.95000000,6306480.97948000,0
2024-12-20 00:00:00,5.20100000,5.32900000,5.11900000,5.29600000,2664003.30000000,1734667199999,13917121.36688000,45201,1478413.37000000,7726195.15265000,0
2024-12-20 04:00:00,5.29700000,5.33000000,5.13800000,5.22300000,1469075.99000000,1734681599999,7697583.30722000,20691,791350.78000000,4146906.61525000,0
2024-12-20 08:00:00,5.22400000,5.23500000,4.77500000,4.82000000,9686694.02000000,1734695999999,47747191.03546000,131123,4261965.84000000,21047915.82799000,0
2024-12-20 12:00:00,4.82000000,5.39800000,4.79700000,5.33100000,3429988.36000000,1734710399999,17622649.41164000,55120,1753957.44000000,8993870.93061000,0
2024-12-20 16:00:00,5.33000000,5.46000000,5.29500000,5.40700000,1880527.55000000,1734724799999,10130677.97486000,29683,1023900.24000000,5519683.35058000,0
2024-12-20 20:00:00,5.40800000,5.47100000,5.32000000,5.45000000,670529.94000000,1734739199999,3622809.71703000,13059,338028.11000000,1826211.60745000,0
2024-12-21 00:00:00,5.45100000,5.57900000,5.44800000,5.50700000,907109.36000000,1734753599999,5002418.23347000,15166,387958.75000000,2139413.73902000,0
2024-12-21 04:00:00,5.50900000,5.66900000,5.49500000,5.60800000,1064021.23000000,1734767999999,5968763.16957000,16765,482031.96000000,2703428.60858000,0
2024-12-21 08:00:00,5.60800000,5.63300000,5.46000000,5.49100000,999523.85000000,1734782399999,5536369.94544000,17521,517046.22000000,2864040.14135000,0
2024-12-21 12:00:00,5.49100000,5.49400000,5.22500000,5.35100000,1733473.61000000,1734796799999,9251598.93549000,31794,870806.96000000,4648958.00463000,0
2024-12-21 16:00:00,5.35100000,5.35300000,5.20800000,5.28000000,1035731.79000000,1734811199999,5474837.54573000,23696,539020.75000000,2850152.18591000,0
2024-12-21 20:00:00,5.28000000,5.33800000,5.23000000,5.31100000,656345.55000000,1734825599999,3471367.29096000,14637,327616.43000000,1732644.60818000,0
2024-12-22 00:00:00,5.31100000,5.35900000,5.25000000,5.32200000,509520.80000000,1734839999999,2707951.81973000,11781,231403.27000000,1228583.37639000,0
2024-12-22 04:00:00,5.32100000,5.33900000,5.19500000,5.32500000,748139.03000000,1734854399999,3950974.92186000,14309,330787.28000000,1746820.09531000,0
2024-12-22 08:00:00,5.32500000,5.43700000,5.32400000,5.41000000,713903.16000000,1734868799999,3845671.55602000,13180,342940.35000000,1847411.40854000,0
2024-12-22 12:00:00,5.41000000,5.50200000,5.32100000,5.39800000,1227064.86000000,1734883199999,6634762.75918000,24418,562975.50000000,3040818.48344000,0
2024-12-22 16:00:00,5.39800000,5.44900000,5.29500000,5.30900000,506612.95000000,1734897599999,2729369.88921000,12163,229349.71000000,1235758.11991000,0
2024-12-22 20:00:00,5.30800000,5.43900000,5.26600000,5.38100000,722564.07000000,1734911999999,3874803.68666000,14708,385049.51000000,2062622.47428000,0
2024-12-23 00:00:00,5.38200000,5.50700000,5.29300000,5.49100000,857155.91000000,1734926399999,4628182.09662000,19039,415657.45000000,2243942.31304000,0
2024-12-23 04:00:00,5.49000000,5.52100000,5.36300000,5.41200000,763763.46000000,1734940799999,4156832.51131000,14042,405984.85000000,2209021.03073000,0
2024-12-23 08:00:00,5.41300000,5.50200000,5.39800000,5.44000000,630595.94000000,1734955199999,3437052.61457000,11950,312850.40000000,1705415.93274000,0
2024-12-23 12:00:00,5.43900000,5.47500000,5.37300000,5.38900000,1022107.11000000,1734969599999,5547211.32363000,17943,528701.68000000,2869807.39373000,0
2024-12-23 16:00:00,5.39000000,5.55400000,5.38500000,5.53000000,788096.96000000,1734983999999,4329310.61701000,16601,381960.39000000,2098002.87254000,0
2024-12-23 20:00:00,5.52900000,5.64000000,5.52700000,5.59700000,736097.50000000,1734998399999,4115079.80773000,16575,369489.38000000,2065554.84787000,0
2024-12-24 00:00:00,5.59800000,5.62000000,5.51100000,5.59700000,531535.54000000,1735012799999,2963532.45329000,10489,257088.76000000,1432604.14783000,0
2024-12-24 04:00:00,5.59700000,5.65300000,5.58700000,5.60000000,612190.10000000,1735027199999,3443111.42202000,12157,316271.04000000,1779516.68007000,0
2024-12-24 08:00:00,5.60000000,5.67500000,5.59500000,5.65400000,666423.33000000,1735041599999,3760743.59338000,13154,340377.84000000,1921570.49380000,0
2024-12-24 12:00:00,5.65500000,5.78900000,5.62600000,5.76600000,1157694.98000000,1735055999999,6622487.67177000,21819,528499.71000000,3019940.95323000,0
2024-12-24 16:00:00,5.76500000,5.83200000,5.73100000,5.73100000,704301.97000000,1735070399999,4069872.64410000,14417,342947.73000000,1981751.10186000,0
2024-12-24 20:00:00,5.73200000,5.80000000,5.68200000,5.79700000,358571.42000000,1735084799999,2060062.55180000,9499,184318.74000000,1059042.49582000,0
2024-12-25 00:00:00,5.79700000,5.94000000,5.79700000,5.88200000,756007.07000000,1735099199999,4448534.23372000,17504,340270.97000000,2002204.54254000,0
2024-12-25 04:00:00,5.88200000,5.92400000,5.83000000,5.85900000,428506.00000000,1735113599999,2512396.09381000,12320,229527.67000000,1345426.50299000,0
2024-12-25 08:00:00,5.85900000,5.97800000,5.85700000,5.91100000,837778.16000000,1735127999999,4963408.96325000,18883,479465.44000000,2840961.36140000,0
2024-12-25 12:00:00,5.91100000,6.10400000,5.89000000,5.93400000,1891120.39000000,1735142399999,11352399.49772000,32544,916200.76000000,5501488.35105000,0
2024-12-25 16:00:00,5.93600000,6.01200000,5.92600000,5.97900000,886643.91000000,1735156799999,5290535.48174000,16258,466279.32000000,2780709.52833000,0
2024-12-25 20:00:00,5.98000000,5.99300000,5.87700000,5.94800000,528784.53000000,1735171199999,3134151.98267000,10711,277138.59000000,1643128.23679000,0
2024-12-26 00:00:00,5.94800000,6.00600000,5.88200000,5.94800000,684288.73000000,1735185599999,4062285.53491000,12776,351213.53000000,2084445.97227000,0
2024-12-26 04:00:00,5.94800000,5.94800000,5.81200000,5.82800000,455990.80000000,1735199999999,2675341.66934000,11690,204653.20000000,1200624.27553000,0
2024-12-26 08:00:00,5.83000000,5.84000000,5.65800000,5.76200000,1111424.24000000,1735214399999,6371167.78095000,22481,558322.46000000,3200272.68189000,0
2024-12-26 12:00:00,5.76000000,5.81400000,5.69700000,5.74000000,715562.20000000,1735228799999,4112853.37444000,17460,358093.00000000,2058130.00561000,0
2024-12-26 16:00:00,5.73900000,5.77800000,5.66300000,5.74500000,456708.72000000,1735243199999,2616057.38809000,11454,261880.31000000,1499651.72074000,0
2024-12-26 20:00:00,5.74500000,5.77900000,5.68900000,5.73300000,430693.94000000,1735257599999,2470675.18003000,9303,219184.71000000,1257159.07261000,0
2024-12-27 00:00:00,5.73300000,5.78800000,5.69900000,5.78800000,392253.65000000,1735271999999,2256356.56495000,9221,202998.63000000,1167821.63696000,0
2024-12-27 04:00:00,5.78700000,5.81300000,5.64300000,5.67300000,602291.00000000,1735286399999,3452992.56826000,14194,242369.04000000,1390761.42918000,0
2024-12-27 08:00:00,5.67300000,5.87300000,5.67100000,5.83100000,850571.95000000,1735300799999,4935762.33570000,21468,432228.18000000,2508318.20745000,0
2024-12-27 12:00:00,5.83000000,5.86400000,5.70000000,5.76000000,838098.35000000,1735315199999,4838537.79514000,22275,402892.29000000,2328975.64389000,0
2024-12-27 16:00:00,5.75900000,5.86300000,5.70100000,5.80700000,702810.23000000,1735329599999,4066805.71028000,15031,283919.27000000,1641715.50339000,0
2024-12-27 20:00:00,5.80800000,5.84500000,5.68100000,5.73400000,858129.59000000,1735343999999,4941888.92395000,11982,306306.34000000,1762593.17669000,0
2024-12-28 00:00:00,5.73600000,5.76600000,5.70400000,5.74100000,283597.57000000,1735358399999,1627119.66646000,7588,121095.21000000,694646.28787000,0
2024-12-28 04:00:00,5.74000000,5.74900000,5.62300000,5.64500000,686473.50000000,1735372799999,3899080.64437000,14487,303579.85000000,1723382.51568000,0
2024-12-28 08:00:00,5.64500000,5.76000000,5.63100000,5.75900000,496668.44000000,1735387199999,2831056.46927000,11217,210999.92000000,1202560.45004000,0
2024-12-28 12:00:00,5.75900000,5.88700000,5.74900000,5.78400000,800016.82000000,1735401599999,4650020.86792000,16134,351027.59000000,2039695.62381000,0
2024-12-28 16:00:00,5.78400000,5.84400000,5.77900000,5.78800000,602468.51000000,1735415999999,3502060.90635000,11156,240680.22000000,1398183.94757000,0
2024-12-28 20:00:00,5.78800000,5.84800000,5.78400000,5.81300000,393808.18000000,1735430399999,2289313.88243000,9108,157550.37000000,915940.29190000,0
2024-12-29 00:00:00,5.81300000,5.84800000,5.79800000,5.84000000,265487.33000000,1735444799999,1546067.68714000,5893,105280.85000000,613191.15704000,0
2024-12-29 04:00:00,5.84000000,5.84200000,5.76000000,5.81500000,314245.79000000,1735459199999,1822925.96163000,6539,128809.23000000,747587.94653000,0
2024-12-29 08:00:00,5.81500000,5.82000000,5.77100000,5.78700000,249001.90000000,1735473599999,1441559.77030000,7129,106075.11000000,614047.65016000,0
2024-12-29 12:00:00,5.78700000,5.79700000,5.69600000,5.74100000,588439.22000000,1735487999999,3377446.97694000,13362,267859.74000000,1537478.62533000,0
2024-12-29 16:00:00,5.74100000,5.75900000,5.65700000,5.69500000,548383.31000000,1735502399999,3124435.63559000,10717,192510.58000000,1097316.06260000,0
2024-12-29 20:00:00,5.69400000,5.69400000,5.57300000,5.63400000,445099.96000000,1735516799999,2503534.93545000,10283,186252.74000000,1047468.85632000,0
2024-12-30 00:00:00,5.63500000,5.71700000,5.60300000,5.61100000,575076.54000000,1735531199999,3252622.66502000,11306,241166.91000000,1363667.37165000,0
2024-12-30 04:00:00,5.61000000,5.67000000,5.60000000,5.63300000,358192.45000000,1735545599999,2017181.89370000,7260,147227.06000000,828978.28253000,0
2024-12-30 08:00:00,5.63300000,5.65500000,5.55000000,5.59400000,411344.93000000,1735559999999,2302831.49825000,9738,212443.94000000,1188843.05681000,0
2024-12-30 12:00:00,5.59300000,5.62900000,5.46200000,5.49700000,1105402.51000000,1735574399999,6120215.76309000,19496,505240.45000000,2798848.77560000,0
2024-12-30 16:00:00,5.49700000,5.63300000,5.47500000,5.63200000,694612.84000000,1735588799999,3847797.42441000,16316,305283.96000000,1690368.79705000,0
2024-12-30 20:00:00,5.63300000,5.66400000,5.52700000,5.58100000,536495.95000000,1735603199999,2997810.89947000,11749,251416.28000000,1404887.21340000,0
2024-12-31 00:00:00,5.58100000,5.58500000,5.48300000,5.49400000,536712.25000000,1735617599999,2962393.11646000,12853,266682.70000000,1471244.64810000,0
2024-12-31 04:00:00,5.49400000,5.52900000,5.47400000,5.51800000,404787.63000000,1735631999999,2228409.21366000,11191,203636.52000000,1121331.62336000,0
2024-12-31 08:00:00,5.51700000,5.59600000,5.51300000,5.57400000,455831.83000000,1735646399999,2538478.41285000,11296,256394.44000000,1427789.82295000,0
2024-12-31 12:00:00,5.57400000,5.64600000,5.55700000,5.59400000,531160.31000000,1735660799999,2976056.41249000,11936,260214.31000000,1457286.07968000,0
2024-12-31 16:00:00,5.59400000,5.60700000,5.48200000,5.52200000,593192.09000000,1735675199999,3288896.20946000,13495,270186.45000000,1496575.33053000,0
2024-12-31 20:00:00,5.52200000,5.52300000,5.47700000,5.50900000,206780.68000000,1735689599999,1135824.84309000,6513,137474.68000000,755106.57783000,0
2025-01-01 00:00:00,5.50700000,5.55600000,5.49900000,5.50800000,150154.92000000,1735703999999,830574.45627000,4714,75538.00000000,417704.82655000,0
