timestamp,open,high,low,close,volume,close_time,quote_av,trades,tb_base_av,tb_quote_av,ignore
2023-05-03 12:00:00,0.00000348,0.00014300,0.00000348,0.00004594,20193085.00000000,1683129599999,983.18244541,45276,7887527.60000000,373.93796625,0
2023-05-03 16:00:00,0.00004600,0.00004925,0.00004543,0.00004655,4536341.70000000,1683143999999,215.52788800,10681,2242602.50000000,106.58963365,0
2023-05-03 20:00:00,0.00004662,0.00004875,0.00004619,0.00004828,2317698.80000000,1683158399999,110.37372334,5211,1091415.30000000,51.94473241,0
2023-05-04 00:00:00,0.00004833,0.00005168,0.00004721,0.00004831,3034142.90000000,1683172799999,151.13346795,6685,1445328.00000000,71.99161916,0
2023-05-04 04:00:00,0.00004828,0.00004898,0.00004640,0.00004723,1635082.70000000,1683187199999,77.58662026,3832,833673.60000000,39.52700555,0
2023-05-04 08:00:00,0.00004721,0.00004809,0.00004453,0.00004462,1906460.00000000,1683201599999,88.88043196,4559,1142392.70000000,53.34524995,0
2023-05-04 12:00:00,0.00004471,0.00004670,0.00004447,0.00004613,1299538.30000000,1683215999999,59.48700294,3752,725528.50000000,33.23619046,0
2023-05-04 16:00:00,0.00004612,0.00004659,0.00004563,0.00004615,483982.00000000,1683230399999,22.30392053,1928,273523.00000000,12.61061092,0
2023-05-04 20:00:00,0.00004616,0.00004661,0.00004538,0.00004608,387089.70000000,1683244799999,17.81617893,1275,243990.70000000,11.23811290,0
2023-05-05 00:00:00,0.00004622,0.00004644,0.00004323,0.00004349,890954.50000000,1683259199999,39.67891121,2312,441500.50000000,19.69683861,0
2023-05-05 04:00:00,0.00004347,0.00004417,0.00004314,0.00004390,471217.80000000,1683273599999,20.58875451,1300,273253.90000000,11.93630354,0
2023-05-05 08:00:00,0.00004390,0.00004746,0.00004343,0.00004615,1518561.10000000,1683287999999,69.55045009,3637,923696.10000000,42.47140149,0
2023-05-05 12:00:00,0.00004622,0.00004708,0.00004425,0.00004448,1141973.80000000,1683302399999,52.38030808,5097,607495.50000000,27.88816659,0
2023-05-05 16:00:00,0.00004448,0.00004497,0.00004351,0.00004429,709219.50000000,1683316799999,31.27524775,2853,411648.40000000,18.15193645,0
2023-05-05 20:00:00,0.00004425,0.00004455,0.00004361,0.00004428,469239.70000000,1683331199999,20.71753560,2213,273861.70000000,12.09590088,0
2023-05-06 00:00:00,0.00004432,0.00004635,0.00004377,0.00004584,968440.10000000,1683345599999,43.54877524,3783,579647.30000000,26.06301754,0
2023-05-06 04:00:00,0.00004577,0.00004682,0.00004516,0.00004582,746192.70000000,1683359999999,34.39371425,3133,455246.80000000,21.01150706,0
2023-05-06 08:00:00,0.00004584,0.00004587,0.00004444,0.00004525,783926.90000000,1683374399999,35.32474721,2766,367647.80000000,16.58070423,0
2023-05-06 12:00:00,0.00004534,0.00004728,0.00004418,0.00004668,1081940.40000000,1683388799999,49.33728169,3672,527267.00000000,24.12907510,0
2023-05-06 16:00:00,0.00004674,0.00004710,0.00004510,0.00004604,762573.30000000,1683403199999,34.93469615,2553,459224.70000000,21.03934228,0
2023-05-06 20:00:00,0.00004604,0.00004643,0.00004530,0.00004610,286657.70000000,1683417599999,13.18452048,1204,128881.80000000,5.92904203,0
2023-05-07 00:00:00,0.00004608,0.00004668,0.00004470,0.00004498,617045.50000000,1683431999999,28.14524050,2162,216644.90000000,9.87580065,0
2023-05-07 04:00:00,0.00004494,0.00004539,0.00004482,0.00004494,161180.90000000,1683446399999,7.27116145,861,73793.50000000,3.33239236,0
2023-05-07 08:00:00,0.00004497,0.00004546,0.00004459,0.00004477,520423.20000000,1683460799999,23.35786055,1390,343959.00000000,15.42145567,0
2023-05-07 12:00:00,0.00004478,0.00004517,0.00004423,0.00004440,364731.30000000,1683475199999,16.32862786,1349,136760.60000000,6.13341448,0
2023-05-07 16:00:00,0.00004445,0.00004476,0.00004403,0.00004427,228114.40000000,1683489599999,10.14086119,1057,98277.80000000,4.37284155,0
2023-05-07 20:00:00,0.00004431,0.00004484,0.00004291,0.00004371,276338.90000000,1683503999999,12.14598446,1287,120223.60000000,5.27435979,0
2023-05-08 00:00:00,0.00004371,0.00004373,0.00003500,0.00004118,1997339.50000000,1683518399999,82.21215684,7812,787644.60000000,32.48749676,0
2023-05-08 04:00:00,0.00004117,0.00004129,0.00003980,0.00004040,1095532.50000000,1683532799999,44.47739585,3960,675986.60000000,27.42415066,0
2023-05-08 08:00:00,0.00004041,0.00004150,0.00004038,0.00004096,694416.40000000,1683547199999,28.52513592,2552,359856.10000000,14.77896909,0
2023-05-08 12:00:00,0.00004096,0.00004160,0.00004066,0.00004110,862285.10000000,1683561599999,35.50352706,2517,523947.30000000,21.57186783,0
2023-05-08 16:00:00,0.00004110,0.00004116,0.00003725,0.00003817,1301013.90000000,1683575999999,50.76467661,4408,656865.70000000,25.65811874,0
2023-05-08 20:00:00,0.00003820,0.00004200,0.00003820,0.00004107,1460804.60000000,1683590399999,58.81715393,4927,943734.50000000,37.97818827,0
2023-05-09 00:00:00,0.00004100,0.00004134,0.00004004,0.00004033,559755.20000000,1683604799999,22.70523269,1720,287178.60000000,11.64945612,0
2023-05-09 04:00:00,0.00004045,0.00004188,0.00003987,0.00004159,660167.10000000,1683619199999,26.75799906,2212,381600.30000000,15.47890511,0
2023-05-09 08:00:00,0.00004156,0.00004156,0.00004017,0.00004120,713856.60000000,1683633599999,29.20176641,2578,329768.20000000,13.49151148,0
2023-05-09 12:00:00,0.00004119,0.00004274,0.00004079,0.00004199,1188498.10000000,1683647999999,49.48121217,4284,605630.20000000,25.21979347,0
2023-05-09 16:00:00,0.00004199,0.00004301,0.00004162,0.00004284,878240.20000000,1683662399999,37.21696730,3484,426511.20000000,18.07237635,0
2023-05-09 20:00:00,0.00004276,0.00004400,0.00004171,0.00004285,776619.20000000,1683676799999,33.29324109,3622,432871.20000000,18.54562037,0
2023-05-10 00:00:00,0.00004279,0.00004431,0.00004227,0.00004340,1205832.20000000,1683691199999,52.46598446,4550,624719.20000000,27.16336571,0
2023-05-10 04:00:00,0.00004335,0.00004368,0.00004194,0.00004261,971000.70000000,1683705599999,41.36534137,3787,459088.70000000,19.56443950,0
2023-05-10 08:00:00,0.00004257,0.00004276,0.00004041,0.00004140,2160324.10000000,1683719999999,89.85451494,6493,1006069.10000000,41.86856135,0
2023-05-10 12:00:00,0.00004140,0.00004389,0.00004106,0.00004274,2458075.10000000,1683734399999,104.61519633,7170,1211243.50000000,51.53118764,0
2023-05-10 16:00:00,0.00004271,0.00004285,0.00004091,0.00004253,1080318.80000000,1683748799999,45.50062541,3929,509930.90000000,21.50091915,0
2023-05-10 20:00:00,0.00004256,0.00004326,0.00004234,0.00004281,1072269.00000000,1683763199999,45.89387890,2910,427685.20000000,18.30987524,0
2023-05-11 00:00:00,0.00004272,0.00004282,0.00004129,0.00004131,401651.20000000,1683777599999,16.80950142,2142,127444.60000000,5.32562065,0
2023-05-11 04:00:00,0.00004128,0.00004175,0.00004097,0.00004141,263040.70000000,1683791999999,10.85943212,1579,130045.30000000,5.36653660,0
2023-05-11 08:00:00,0.00004141,0.00004171,0.00004091,0.00004115,224878.00000000,1683806399999,9.28230296,1444,136864.10000000,5.64803714,0
2023-05-11 12:00:00,0.00004112,0.00004150,0.00003989,0.00004031,723092.40000000,1683820799999,29.29070176,3148,436949.60000000,17.69713497,0
2023-05-11 16:00:00,0.00004031,0.00004071,0.00003855,0.00003905,1766302.60000000,1683835199999,69.58698267,4819,1143753.80000000,45.06146766,0
2023-05-11 20:00:00,0.00003903,0.00004017,0.00003873,0.00003980,729921.90000000,1683849599999,28.83460598,2523,392197.70000000,15.49621000,0
2023-05-12 00:00:00,0.00003980,0.00004001,0.00003850,0.00003875,739037.70000000,1683863999999,28.97598385,3140,374059.80000000,14.66219827,0
2023-05-12 04:00:00,0.00003872,0.00003975,0.00003843,0.00003959,532065.90000000,1683878399999,20.77899733,2262,196439.50000000,7.67928956,0
2023-05-12 08:00:00,0.00003961,0.00004069,0.00003957,0.00003980,318387.80000000,1683892799999,12.73558079,1889,133766.10000000,5.35142587,0
2023-05-12 12:00:00,0.00003979,0.00004075,0.00003966,0.00003989,669800.40000000,1683907199999,26.99788329,2479,256739.90000000,10.33947720,0
2023-05-12 16:00:00,0.00003991,0.00004120,0.00003970,0.00004098,453342.80000000,1683921599999,18.32180497,1661,206002.90000000,8.33137655,0
2023-05-12 20:00:00,0.00004099,0.00004193,0.00004080,0.00004162,520116.10000000,1683935999999,21.45272029,1804,280308.50000000,11.55046007,0
2023-05-13 00:00:00,0.00004161,0.00004194,0.00004054,0.00004091,452457.80000000,1683950399999,18.60374642,1328,281370.40000000,11.58113205,0
2023-05-13 04:00:00,0.00004086,0.00004136,0.00004072,0.00004128,56595.00000000,1683964799999,2.31803590,454,26753.40000000,1.09580158,0
2023-05-13 08:00:00,0.00004130,0.00004203,0.00004097,0.00004203,129914.20000000,1683979199999,5.39489106,907,56590.40000000,2.35038615,0
2023-05-13 12:00:00,0.00004200,0.00004248,0.00004091,0.00004094,467781.60000000,1683993599999,19.41519671,2213,227629.30000000,9.44766027,0
2023-05-13 16:00:00,0.00004097,0.00004132,0.00004054,0.00004084,364825.10000000,1684007999999,14.90067686,1498,181439.40000000,7.41290027,0
2023-05-13 20:00:00,0.00004094,0.00004106,0.00004065,0.00004106,107545.00000000,1684022399999,4.38781976,581,64200.40000000,2.61861268,0
2023-05-14 00:00:00,0.00004100,0.00004103,0.00004001,0.00004056,130287.40000000,1684036799999,5.27048985,840,66008.40000000,2.66856708,0
2023-05-14 04:00:00,0.00004056,0.00004104,0.00004036,0.00004090,65972.00000000,1684051199999,2.69093050,492,33050.10000000,1.34783605,0
2023-05-14 08:00:00,0.00004086,0.00004259,0.00004074,0.00004198,542365.90000000,1684065599999,22.61993332,1609,271958.20000000,11.38075190,0
2023-05-14 12:00:00,0.00004204,0.00004428,0.00004173,0.00004403,655484.60000000,1684079999999,28.33814345,2762,348897.40000000,15.07022792,0
2023-05-14 16:00:00,0.00004401,0.00004450,0.00004254,0.00004261,660265.50000000,1684094399999,28.75302826,2095,300185.10000000,13.04515536,0
2023-05-14 20:00:00,0.00004262,0.00004336,0.00004243,0.00004306,287155.30000000,1684108799999,12.33268859,1015,109567.40000000,4.70896222,0
2023-05-15 00:00:00,0.00004299,0.00004547,0.00004202,0.00004497,739698.00000000,1684123199999,32.55149966,3215,379351.60000000,16.70087808,0
2023-05-15 04:00:00,0.00004488,0.00004510,0.00004410,0.00004432,660091.50000000,1684137599999,29.42087287,2824,302072.70000000,13.47591306,0
2023-05-15 08:00:00,0.00004432,0.00004575,0.00004426,0.00004447,801902.70000000,1684151999999,36.01664890,3554,356743.80000000,16.02640973,0
2023-05-15 12:00:00,0.00004442,0.00004554,0.00004436,0.00004495,588424.30000000,1684166399999,26.38672909,2769,293712.00000000,13.15852628,0
2023-05-15 16:00:00,0.00004496,0.00004531,0.00004379,0.00004441,460103.40000000,1684180799999,20.45382536,2217,197265.20000000,8.76106992,0
2023-05-15 20:00:00,0.00004444,0.00004476,0.00004353,0.00004394,238682.20000000,1684195199999,10.58861853,1256,108549.20000000,4.82220146,0
2023-05-16 00:00:00,0.00004396,0.00004431,0.00004333,0.00004344,372884.50000000,1684209599999,16.34516962,1787,167030.00000000,7.32819310,0
2023-05-16 04:00:00,0.00004345,0.00004394,0.00004301,0.00004370,362502.90000000,1684223999999,15.78095830,1762,163311.60000000,7.11269890,0
2023-05-16 08:00:00,0.00004370,0.00004400,0.00004322,0.00004329,316606.80000000,1684238399999,13.78082564,1389,132714.60000000,5.77777747,0
2023-05-16 12:00:00,0.00004332,0.00004349,0.00004278,0.00004300,433583.90000000,1684252799999,18.67586098,2001,190943.40000000,8.21741997,0
2023-05-16 16:00:00,0.00004304,0.00004336,0.00004230,0.00004324,298515.50000000,1684267199999,12.79659398,1400,166987.00000000,7.16421690,0
2023-05-16 20:00:00,0.00004315,0.00004345,0.00004291,0.00004304,106736.10000000,1684281599999,4.60868258,598,50331.80000000,2.17428516,0
2023-05-17 00:00:00,0.00004313,0.00004410,0.00004272,0.00004366,174479.60000000,1684295999999,7.60879787,969,80182.90000000,3.49272588,0
2023-05-17 04:00:00,0.00004363,0.00004375,0.00004271,0.00004287,234051.80000000,1684310399999,10.08746821,1098,105318.40000000,4.54048477,0
2023-05-17 08:00:00,0.00004278,0.00004292,0.00004164,0.00004213,307379.20000000,1684324799999,13.03248923,1500,118735.70000000,5.04182730,0
2023-05-17 12:00:00,0.00004211,0.00004387,0.00004199,0.00004372,685494.10000000,1684339199999,29.46626730,2688,379664.60000000,16.34021235,0
2023-05-17 16:00:00,0.00004378,0.00004430,0.00004295,0.00004366,677349.70000000,1684353599999,29.49428275,2572,307220.90000000,13.38213252,0
2023-05-17 20:00:00,0.00004371,0.00004437,0.00004349,0.00004419,478614.60000000,1684367999999,21.03310722,1957,250772.20000000,11.02366820,0
2023-05-18 00:00:00,0.00004424,0.00004471,0.00004333,0.00004385,615423.30000000,1684382399999,26.93597023,2347,350493.50000000,15.34734208,0
2023-05-18 04:00:00,0.00004387,0.00004400,0.00004329,0.00004356,320816.70000000,1684396799999,13.99528518,1403,186369.60000000,8.12827986,0
2023-05-18 08:00:00,0.00004355,0.00004362,0.00004264,0.00004315,562324.70000000,1684411199999,24.24086218,2076,219699.50000000,9.48917329,0
2023-05-18 12:00:00,0.00004315,0.00004326,0.00004246,0.00004284,427536.90000000,1684425599999,18.29032592,1730,250828.40000000,10.73042562,0
2023-05-18 16:00:00,0.00004277,0.00004305,0.00004250,0.00004259,224855.30000000,1684439999999,9.61190700,1180,110363.30000000,4.72010228,0
2023-05-18 20:00:00,0.00004261,0.00004306,0.00004231,0.00004253,166320.90000000,1684454399999,7.10553699,724,75913.80000000,3.24567868,0
2023-05-19 00:00:00,0.00004253,0.00004269,0.00004219,0.00004269,186355.40000000,1684468799999,7.89976954,761,106153.80000000,4.50209592,0
2023-05-19 04:00:00,0.00004268,0.00004277,0.00004213,0.00004224,166374.00000000,1684483199999,7.05717188,883,83374.00000000,3.53573758,0
2023-05-19 08:00:00,0.00004224,0.00004235,0.00004181,0.00004207,217326.30000000,1684497599999,9.14900449,1213,122841.00000000,5.17277324,0
2023-05-19 12:00:00,0.00004211,0.00004234,0.00004172,0.00004212,221332.70000000,1684511999999,9.31662776,1419,108443.80000000,4.56862147,0
2023-05-19 16:00:00,0.00004212,0.00004245,0.00004204,0.00004215,128834.30000000,1684526399999,5.43865838,795,77275.40000000,3.26250676,0
2023-05-19 20:00:00,0.00004213,0.00004234,0.00004202,0.00004205,65519.50000000,1684540799999,2.76185070,381,42442.90000000,1.78897029,0
2023-05-20 00:00:00,0.00004207,0.00004211,0.00004160,0.00004180,154552.60000000,1684555199999,6.45512489,897,86189.40000000,3.60050430,0
2023-05-20 04:00:00,0.00004180,0.00004187,0.00004131,0.00004162,167533.60000000,1684569599999,6.97406278,865,72670.20000000,3.02646466,0
2023-05-20 08:00:00,0.00004164,0.00004181,0.00004155,0.00004165,63750.00000000,1684583999999,2.65755455,438,39410.40000000,1.64287244,0
2023-05-20 12:00:00,0.00004165,0.00004188,0.00004151,0.00004173,163472.20000000,1684598399999,6.80829955,796,96160.40000000,4.00477641,0
2023-05-20 16:00:00,0.00004175,0.00004195,0.00004142,0.00004155,130897.70000000,1684612799999,5.45079171,779,94994.20000000,3.95352996,0
2023-05-20 20:00:00,0.00004156,0.00004175,0.00004141,0.00004147,71444.20000000,1684627199999,2.96831774,431,47735.60000000,1.98358846,0
2023-05-21 00:00:00,0.00004149,0.00004184,0.00004140,0.00004152,278210.80000000,1684641599999,11.61269419,654,73840.80000000,3.07288142,0
2023-05-21 04:00:00,0.00004155,0.00004253,0.00004146,0.00004205,330865.60000000,1684655999999,13.91750523,1703,182053.30000000,7.65804442,0
2023-05-21 08:00:00,0.00004205,0.00004222,0.00004165,0.00004180,329165.40000000,1684670399999,13.83039865,1117,96181.30000000,4.03185879,0
2023-05-21 12:00:00,0.00004180,0.00004189,0.00003927,0.00004001,693893.70000000,1684684799999,28.14702075,3333,356011.50000000,14.42826474,0
2023-05-21 16:00:00,0.00004001,0.00004017,0.00003937,0.00004002,593219.40000000,1684699199999,23.63411102,2799,295600.10000000,11.77740352,0
2023-05-21 20:00:00,0.00004002,0.00004025,0.00003985,0.00004010,148881.90000000,1684713599999,5.96557535,765,70174.10000000,2.81429262,0
2023-05-22 00:00:00,0.00004010,0.00004024,0.00003883,0.00003927,767029.80000000,1684727999999,30.13081147,2813,506358.40000000,19.87822068,0
2023-05-22 04:00:00,0.00003928,0.00003956,0.00003899,0.00003937,399573.20000000,1684742399999,15.65987566,1462,225591.90000000,8.83974857,0
2023-05-22 08:00:00,0.00003934,0.00003971,0.00003931,0.00003958,183413.50000000,1684756799999,7.24848042,914,98849.50000000,3.90729298,0
2023-05-22 12:00:00,0.00003958,0.00003985,0.00003916,0.00003928,513704.70000000,1684771199999,20.24910183,2434,307614.00000000,12.12400550,0
2023-05-22 16:00:00,0.00003928,0.00003940,0.00003912,0.00003914,192800.60000000,1684785599999,7.57265050,854,120514.90000000,4.73389385,0
2023-05-22 20:00:00,0.00003915,0.00003932,0.00003901,0.00003910,225602.50000000,1684799999999,8.83185241,935,168843.80000000,6.60975125,0
2023-05-23 00:00:00,0.00003912,0.00004011,0.00003887,0.00003974,501528.20000000,1684814399999,19.70868066,2392,361314.90000000,14.18771727,0
2023-05-23 04:00:00,0.00003976,0.00003983,0.00003922,0.00003943,255495.00000000,1684828799999,10.08862422,1224,150006.10000000,5.92402235,0
2023-05-23 08:00:00,0.00003943,0.00003967,0.00003923,0.00003939,169887.60000000,1684843199999,6.69192995,800,102635.10000000,4.04351644,0
2023-05-23 12:00:00,0.00003943,0.00003958,0.00003865,0.00003879,492038.80000000,1684857599999,19.13107266,2076,345317.20000000,13.41638801,0
2023-05-23 16:00:00,0.00003880,0.00003902,0.00003873,0.00003893,67196.40000000,1684871999999,2.61272874,500,42876.10000000,1.66718251,0
2023-05-23 20:00:00,0.00003896,0.00003897,0.00003766,0.00003871,410320.40000000,1684886399999,15.73160804,2183,232721.40000000,8.92172738,0
2023-05-24 00:00:00,0.00003867,0.00003867,0.00003768,0.00003825,392473.90000000,1684900799999,15.03257913,2053,194845.40000000,7.46870268,0
2023-05-24 04:00:00,0.00003822,0.00003824,0.00003600,0.00003667,1554111.10000000,1684915199999,57.32568742,6880,851521.20000000,31.38172819,0
2023-05-24 08:00:00,0.00003667,0.00003711,0.00003656,0.00003687,491756.40000000,1684929599999,18.11463609,2151,320958.70000000,11.82124393,0
2023-05-24 12:00:00,0.00003688,0.00003710,0.00003598,0.00003701,1092552.10000000,1684943999999,39.96785583,4418,596486.60000000,21.82860060,0
2023-05-24 16:00:00,0.00003702,0.00003741,0.00003657,0.00003705,328822.30000000,1684958399999,12.15961224,1636,189908.10000000,7.02293337,0
2023-05-24 20:00:00,0.00003705,0.00003734,0.00003700,0.00003721,251851.20000000,1684972799999,9.36292391,1149,134715.10000000,5.00939905,0
2023-05-25 00:00:00,0.00003721,0.00003754,0.00003624,0.00003700,305007.00000000,1684987199999,11.22912518,1783,113748.40000000,4.19107597,0
2023-05-25 04:00:00,0.00003701,0.00003716,0.00003659,0.00003662,315499.30000000,1685001599999,11.65289991,1460,158575.50000000,5.86218931,0
2023-05-25 08:00:00,0.00003660,0.00003789,0.00003660,0.00003774,528851.60000000,1685015999999,19.69831848,2569,242039.80000000,9.02416388,0
2023-05-25 12:00:00,0.00003773,0.00003821,0.00003695,0.00003707,866895.80000000,1685030399999,32.66059819,3261,411359.40000000,15.49521296,0
2023-05-25 16:00:00,0.00003707,0.00003741,0.00003691,0.00003720,191955.10000000,1685044799999,7.12779798,970,106415.90000000,3.95130244,0
2023-05-25 20:00:00,0.00003721,0.00003723,0.00003699,0.00003710,91586.00000000,1685059199999,3.39758685,465,51824.30000000,1.92245813,0
2023-05-26 00:00:00,0.00003710,0.00003739,0.00003682,0.00003697,200273.00000000,1685073599999,7.42352550,1079,94124.00000000,3.49070399,0
2023-05-26 04:00:00,0.00003700,0.00003730,0.00003656,0.00003715,220565.50000000,1685087999999,8.13692379,1067,132767.80000000,4.90118140,0
2023-05-26 08:00:00,0.00003717,0.00003769,0.00003706,0.00003729,447785.30000000,1685102399999,16.75216053,1397,151660.00000000,5.66397459,0
2023-05-26 12:00:00,0.00003728,0.00003773,0.00003703,0.00003737,766072.30000000,1685116799999,28.69055527,2217,225115.70000000,8.42250494,0
2023-05-26 16:00:00,0.00003735,0.00003739,0.00003682,0.00003697,165621.80000000,1685131199999,6.13476454,808,73171.80000000,2.70947746,0
2023-05-26 20:00:00,0.00003699,0.00003722,0.00003696,0.00003711,78828.70000000,1685145599999,2.92235308,492,52459.80000000,1.94483153,0
2023-05-27 00:00:00,0.00003712,0.00003719,0.00003689,0.00003718,102128.00000000,1685159999999,3.78359156,506,43350.70000000,1.60594523,0
2023-05-27 04:00:00,0.00003714,0.00003800,0.00003711,0.00003754,452624.20000000,1685174399999,16.99514892,1923,256587.50000000,9.63826343,0
2023-05-27 08:00:00,0.00003751,0.00003756,0.00003724,0.00003736,149575.00000000,1685188799999,5.59291527,768,72788.20000000,2.72154191,0
2023-05-27 12:00:00,0.00003735,0.00003751,0.00003710,0.00003717,107042.50000000,1685203199999,3.98581959,646,52044.80000000,1.93812177,0
2023-05-27 16:00:00,0.00003715,0.00003717,0.00003692,0.00003708,177443.80000000,1685217599999,6.57688894,655,120693.80000000,4.47418628,0
2023-05-27 20:00:00,0.00003709,0.00003730,0.00003701,0.00003717,87966.00000000,1685231999999,3.26521279,419,51231.30000000,1.90213158,0
2023-05-28 00:00:00,0.00003716,0.00003741,0.00003703,0.00003710,132075.30000000,1685246399999,4.91381928,696,86463.40000000,3.21719778,0
2023-05-28 04:00:00,0.00003709,0.00003713,0.00003679,0.00003702,191728.50000000,1685260799999,7.08474713,724,127052.40000000,4.69546906,0
2023-05-28 08:00:00,0.00003702,0.00003782,0.00003681,0.00003726,214064.50000000,1685275199999,7.98510712,1287,107959.80000000,4.02835735,0
2023-05-28 12:00:00,0.00003730,0.00003771,0.00003715,0.00003763,319574.50000000,1685289599999,11.95567207,1162,140266.30000000,5.24662450,0
2023-05-28 16:00:00,0.00003759,0.00003855,0.00003742,0.00003761,583065.30000000,1685303999999,22.16037550,3274,252893.20000000,9.61847016,0
2023-05-28 20:00:00,0.00003761,0.00003812,0.00003718,0.00003783,419206.60000000,1685318399999,15.80087410,2051,209917.80000000,7.91330479,0
2023-05-29 00:00:00,0.00003783,0.00003786,0.00003695,0.00003708,305709.50000000,1685332799999,11.38841061,1580,164166.10000000,6.11176652,0
2023-05-29 04:00:00,0.00003710,0.00003754,0.00003671,0.00003746,484989.40000000,1685347199999,18.01505182,1851,243635.50000000,9.04739158,0
2023-05-29 08:00:00,0.00003746,0.00003893,0.00003741,0.00003864,1113590.30000000,1685361599999,42.69224734,4629,475910.00000000,18.23069698,0
2023-05-29 12:00:00,0.00003859,0.00003937,0.00003789,0.00003803,1310964.50000000,1685375999999,50.74626754,5481,685284.10000000,26.56732437,0
2023-05-29 16:00:00,0.00003805,0.00003851,0.00003760,0.00003785,446396.90000000,1685390399999,16.98446633,2284,233175.10000000,8.85914646,0
2023-05-29 20:00:00,0.00003788,0.00003818,0.00003722,0.00003748,376974.10000000,1685404799999,14.21182349,1534,156130.90000000,5.87866792,0
2023-05-30 00:00:00,0.00003750,0.00003808,0.00003714,0.00003783,228343.40000000,1685419199999,8.61826464,1171,124291.30000000,4.69063788,0
2023-05-30 04:00:00,0.00003785,0.00003791,0.00003711,0.00003712,341877.80000000,1685433599999,12.79228853,1584,209772.10000000,7.84840092,0
2023-05-30 08:00:00,0.00003715,0.00003754,0.00003670,0.00003716,484929.10000000,1685447999999,18.01392393,2033,244741.60000000,9.08061735,0
2023-05-30 12:00:00,0.00003716,0.00003722,0.00003583,0.00003615,789369.80000000,1685462399999,28.85107491,3100,467856.30000000,17.11438427,0
2023-05-30 16:00:00,0.00003617,0.00003644,0.00003600,0.00003613,277557.20000000,1685476799999,10.05408397,1212,175091.20000000,6.34096854,0
2023-05-30 20:00:00,0.00003615,0.00003650,0.00003603,0.00003618,117890.50000000,1685491199999,4.27550793,742,63542.60000000,2.30513222,0
2023-05-31 00:00:00,0.00003615,0.00003637,0.00003549,0.00003584,223280.60000000,1685505599999,8.01367167,1198,117830.80000000,4.23126372,0
2023-05-31 04:00:00,0.00003580,0.00003601,0.00003530,0.00003582,367006.40000000,1685519999999,13.10730749,1328,247098.50000000,8.82109811,0
2023-05-31 08:00:00,0.00003580,0.00003588,0.00003527,0.00003538,137378.30000000,1685534399999,4.89262707,914,81454.30000000,2.90057298,0
2023-05-31 12:00:00,0.00003539,0.00003590,0.00003502,0.00003563,233743.60000000,1685548799999,8.29195930,1420,91061.10000000,3.22803548,0
2023-05-31 16:00:00,0.00003559,0.00003606,0.00003553,0.00003572,102039.60000000,1685563199999,3.65750456,717,47643.40000000,1.70851796,0
2023-05-31 20:00:00,0.00003574,0.00003599,0.00003540,0.00003579,96417.70000000,1685577599999,3.45218094,593,48804.40000000,1.74686671,0
2023-06-01 00:00:00,0.00003580,0.00003598,0.00003553,0.00003568,114524.70000000,1685591999999,4.08965370,772,61577.80000000,2.19915775,0
2023-06-01 04:00:00,0.00003572,0.00003588,0.00003510,0.00003526,158697.90000000,1685606399999,5.63942872,830,71364.40000000,2.53633164,0
2023-06-01 08:00:00,0.00003524,0.00003571,0.00003519,0.00003555,69385.10000000,1685620799999,2.46462037,440,44163.30000000,1.56859371,0
2023-06-01 12:00:00,0.00003559,0.00003636,0.00003547,0.00003578,292785.10000000,1685635199999,10.50145220,1758,136842.10000000,4.90835421,0
2023-06-01 16:00:00,0.00003575,0.00003611,0.00003562,0.00003573,174960.20000000,1685649599999,6.27623068,1103,96223.00000000,3.45282272,0
2023-06-01 20:00:00,0.00003574,0.00003587,0.00003517,0.00003528,123551.90000000,1685663999999,4.38464861,773,59881.80000000,2.12710641,0
2023-06-02 00:00:00,0.00003525,0.00003527,0.00003386,0.00003434,575539.00000000,1685678399999,19.76006410,3290,245519.40000000,8.42466113,0
2023-06-02 04:00:00,0.00003436,0.00003466,0.00003401,0.00003444,257604.60000000,1685692799999,8.86602269,1424,128629.40000000,4.43235783,0
2023-06-02 08:00:00,0.00003444,0.00003547,0.00003444,0.00003519,374783.30000000,1685707199999,13.16828581,1705,211496.80000000,7.42940149,0
2023-06-02 12:00:00,0.00003521,0.00003538,0.00003473,0.00003491,259449.70000000,1685721599999,9.07270558,1321,127331.40000000,4.45306730,0
2023-06-02 16:00:00,0.00003492,0.00003507,0.00003423,0.00003490,248464.20000000,1685735999999,8.60165971,1281,122783.70000000,4.24824165,0
2023-06-02 20:00:00,0.00003493,0.00003500,0.00003449,0.00003456,202449.50000000,1685750399999,7.03604000,1072,110545.20000000,3.84332264,0
2023-06-03 00:00:00,0.00003454,0.00003455,0.00003403,0.00003426,116487.30000000,1685764799999,3.99356695,887,67483.80000000,2.31382719,0
2023-06-03 04:00:00,0.00003427,0.00003469,0.00003341,0.00003463,1106377.20000000,1685779199999,37.39014900,3461,943256.40000000,31.85327440,0
2023-06-03 08:00:00,0.00003462,0.00003510,0.00003441,0.00003461,306198.40000000,1685793599999,10.64923218,1880,172666.50000000,6.00618662,0
2023-06-03 12:00:00,0.00003460,0.00003519,0.00003452,0.00003468,284666.70000000,1685807999999,9.90346935,1496,153679.40000000,5.34987078,0
2023-06-03 16:00:00,0.00003469,0.00003471,0.00003395,0.00003416,163138.30000000,1685822399999,5.59148110,1014,76296.50000000,2.61608886,0
2023-06-03 20:00:00,0.00003413,0.00003450,0.00003405,0.00003450,103761.90000000,1685836799999,3.55211719,635,69214.80000000,2.36922916,0
2023-06-04 00:00:00,0.00003447,0.00003508,0.00003438,0.00003475,405040.40000000,1685851199999,14.10379767,1858,222678.80000000,7.75373529,0
2023-06-04 04:00:00,0.00003478,0.00003563,0.00003472,0.00003535,318272.80000000,1685865599999,11.22817490,1895,157226.10000000,5.54675228,0
2023-06-04 08:00:00,0.00003533,0.00003585,0.00003512,0.00003537,222572.00000000,1685879999999,7.89203124,1477,86993.70000000,3.08630269,0
2023-06-04 12:00:00,0.00003539,0.00003575,0.00003499,0.00003552,272893.40000000,1685894399999,9.65991716,1446,139789.70000000,4.94971216,0
2023-06-04 16:00:00,0.00003551,0.00003576,0.00003507,0.00003520,101792.50000000,1685908799999,3.60159886,994,36162.20000000,1.27998329,0
2023-06-04 20:00:00,0.00003523,0.00003600,0.00003507,0.00003539,546840.30000000,1685923199999,19.46866267,1627,165204.60000000,5.86647480,0
2023-06-05 00:00:00,0.00003542,0.00003584,0.00003436,0.00003465,423098.40000000,1685937599999,14.80446324,2602,201143.90000000,7.04287348,0
2023-06-05 04:00:00,0.00003464,0.00003472,0.00003397,0.00003435,312557.80000000,1685951999999,10.71173873,1958,143761.40000000,4.92404933,0
2023-06-05 08:00:00,0.00003435,0.00003436,0.00003390,0.00003413,187249.80000000,1685966399999,6.39989456,1071,87801.90000000,3.00231071,0
2023-06-05 12:00:00,0.00003411,0.00003415,0.00003005,0.00003008,2231564.30000000,1685980799999,72.67109048,8334,1214004.40000000,39.59242852,0
2023-06-05 16:00:00,0.00003007,0.00003174,0.00002931,0.00003159,1858486.90000000,1685995199999,57.05663740,8305,878191.60000000,26.98793020,0
2023-06-05 20:00:00,0.00003158,0.00003197,0.00003136,0.00003176,384209.90000000,1686009599999,12.16701557,2098,166952.20000000,5.29369743,0
2023-06-06 00:00:00,0.00003177,0.00003188,0.00003129,0.00003166,237995.80000000,1686023999999,7.50815659,1175,119804.90000000,3.77795956,0
2023-06-06 04:00:00,0.00003167,0.00003185,0.00003104,0.00003112,174686.60000000,1686038399999,5.49739632,901,84271.50000000,2.65139102,0
2023-06-06 08:00:00,0.00003113,0.00003141,0.00003106,0.00003110,304332.40000000,1686052799999,9.50984535,1047,82051.80000000,2.56243327,0
2023-06-06 12:00:00,0.00003112,0.00003152,0.00002974,0.00003119,954320.50000000,1686067199999,29.27760434,5348,447622.40000000,13.72801771,0
2023-06-06 16:00:00,0.00003121,0.00003160,0.00003063,0.00003106,558857.40000000,1686081599999,17.41154193,3057,307748.20000000,9.59299055,0
2023-06-06 20:00:00,0.00003109,0.00003109,0.00003043,0.00003050,273243.40000000,1686095999999,8.36467531,1083,165399.00000000,5.05923229,0
2023-06-07 00:00:00,0.00003052,0.00003052,0.00002900,0.00002936,427186.80000000,1686110399999,12.63186682,1984,196708.10000000,5.80263777,0
2023-06-07 04:00:00,0.00002940,0.00002963,0.00002918,0.00002935,146784.20000000,1686124799999,4.32069392,718,73556.90000000,2.16627167,0
2023-06-07 08:00:00,0.00002938,0.00002968,0.00002883,0.00002950,294210.50000000,1686139199999,8.62671984,1861,137144.60000000,4.02172592,0
2023-06-07 12:00:00,0.00002949,0.00002952,0.00002827,0.00002870,458568.80000000,1686153599999,13.19600076,2681,203710.70000000,5.86396904,0
2023-06-07 16:00:00,0.00002867,0.00002879,0.00002828,0.00002873,217592.00000000,1686167999999,6.22526219,1162,91998.60000000,2.63392752,0
2023-06-07 20:00:00,0.00002870,0.00002898,0.00002842,0.00002873,152853.70000000,1686182399999,4.38054785,927,72747.30000000,2.08564173,0
2023-06-08 00:00:00,0.00002873,0.00003000,0.00002866,0.00002903,419735.90000000,1686196799999,12.31145834,2437,225651.40000000,6.61807308,0
2023-06-08 04:00:00,0.00002905,0.00002926,0.00002842,0.00002857,422610.90000000,1686211199999,12.12831641,1973,232230.80000000,6.65644916,0
2023-06-08 08:00:00,0.00002857,0.00002860,0.00002736,0.00002803,846647.80000000,1686225599999,23.57748914,3737,541991.40000000,15.06216192,0
2023-06-08 12:00:00,0.00002804,0.00002855,0.00002780,0.00002782,415319.30000000,1686239999999,11.68582310,1808,228536.70000000,6.41921291,0
2023-06-08 16:00:00,0.00002781,0.00002781,0.00002703,0.00002745,491962.50000000,1686254399999,13.46281625,2295,278634.80000000,7.63280576,0
2023-06-08 20:00:00,0.00002744,0.00002781,0.00002740,0.00002749,266653.80000000,1686268799999,7.37452937,1177,95843.30000000,2.64969970,0
2023-06-09 00:00:00,0.00002753,0.00002780,0.00002691,0.00002763,244007.50000000,1686283199999,6.66017332,1662,116537.60000000,3.17725857,0
2023-06-09 04:00:00,0.00002764,0.00002833,0.00002753,0.00002807,560515.50000000,1686297599999,15.61965733,2424,298088.30000000,8.31217812,0
2023-06-09 08:00:00,0.00002804,0.00002851,0.00002796,0.00002840,521731.10000000,1686311999999,14.69606976,2116,322957.90000000,9.09652586,0
2023-06-09 12:00:00,0.00002841,0.00002859,0.00002801,0.00002825,192102.00000000,1686326399999,5.44083172,1398,87568.80000000,2.47944422,0
2023-06-09 16:00:00,0.00002824,0.00002857,0.00002737,0.00002755,377433.70000000,1686340799999,10.54345158,1998,210594.30000000,5.87049915,0
2023-06-09 20:00:00,0.00002753,0.00002824,0.00002750,0.00002788,198332.10000000,1686355199999,5.54610981,1234,90497.20000000,2.53126772,0
2023-06-10 00:00:00,0.00002790,0.00002800,0.00002514,0.00002531,1445123.50000000,1686369599999,37.74016183,5247,837987.00000000,21.68719743,0
2023-06-10 04:00:00,0.00002532,0.00002555,0.00001974,0.00002283,2281177.70000000,1686383999999,51.25477635,10363,1200834.20000000,26.85047531,0
2023-06-10 08:00:00,0.00002285,0.00002393,0.00002267,0.00002360,1398275.50000000,1686398399999,32.70317655,5137,585941.10000000,13.69776012,0
2023-06-10 12:00:00,0.00002360,0.00002378,0.00002291,0.00002321,629721.50000000,1686412799999,14.67324829,3000,330317.30000000,7.69924093,0
2023-06-10 16:00:00,0.00002320,0.00002451,0.00002311,0.00002378,608569.10000000,1686427199999,14.54607990,3690,300324.30000000,7.18070486,0
2023-06-10 20:00:00,0.00002377,0.00002390,0.00002344,0.00002360,153927.10000000,1686441599999,3.63180223,1213,58837.50000000,1.38839480,0
2023-06-11 00:00:00,0.00002360,0.00002372,0.00002293,0.00002321,286263.20000000,1686455999999,6.63849490,1786,135257.30000000,3.13675130,0
2023-06-11 04:00:00,0.00002322,0.00002415,0.00002286,0.00002361,1377193.90000000,1686470399999,32.61580222,3924,754760.50000000,17.88155634,0
2023-06-11 08:00:00,0.00002362,0.00002415,0.00002344,0.00002377,957603.80000000,1686484799999,22.79724939,2056,482631.60000000,11.46735149,0
2023-06-11 12:00:00,0.00002379,0.00002387,0.00002303,0.00002328,540079.70000000,1686499199999,12.64291485,2618,234705.10000000,5.49569055,0
2023-06-11 16:00:00,0.00002330,0.00002379,0.00002330,0.00002371,213436.70000000,1686513599999,5.03441688,1398,135196.10000000,3.19094571,0
2023-06-11 20:00:00,0.00002368,0.00002378,0.00002315,0.00002335,169661.50000000,1686527999999,3.96832359,988,71921.00000000,1.68604258,0
2023-06-12 00:00:00,0.00002336,0.00002338,0.00002213,0.00002307,944824.20000000,1686542399999,21.53130496,3779,621157.30000000,14.15453527,0
2023-06-12 04:00:00,0.00002309,0.00002395,0.00002309,0.00002346,560261.20000000,1686556799999,13.23897217,2595,331795.30000000,7.83051818,0
2023-06-12 08:00:00,0.00002349,0.00002617,0.00002349,0.00002545,3112634.80000000,1686571199999,78.95091211,10629,1988007.60000000,50.39671553,0
2023-06-12 12:00:00,0.00002548,0.00002628,0.00002519,0.00002579,1685866.20000000,1686585599999,43.29665587,4563,881192.80000000,22.63105422,0
2023-06-12 16:00:00,0.00002578,0.00002657,0.00002503,0.00002528,1016653.70000000,1686599999999,26.08924416,4885,549903.00000000,14.11327696,0
2023-06-12 20:00:00,0.00002528,0.00002579,0.00002525,0.00002559,379913.30000000,1686614399999,9.71412551,2304,235738.40000000,6.02924002,0
2023-06-13 00:00:00,0.00002561,0.00002753,0.00002555,0.00002725,1743348.70000000,1686628799999,46.68879412,6748,1175436.10000000,31.46038531,0
2023-06-13 04:00:00,0.00002721,0.00002729,0.00002646,0.00002687,1074357.30000000,1686643199999,28.78652784,3805,645887.30000000,17.29213303,0
2023-06-13 08:00:00,0.00002686,0.00002753,0.00002643,0.00002666,1034856.70000000,1686657599999,27.92906133,4015,508842.40000000,13.74044556,0
2023-06-13 12:00:00,0.00002663,0.00002790,0.00002594,0.00002603,2519322.80000000,1686671999999,68.08697133,6915,1400563.60000000,37.85563921,0
2023-06-13 16:00:00,0.00002601,0.00002690,0.00002581,0.00002670,1010456.40000000,1686686399999,26.54426698,2948,552021.50000000,14.51267032,0
2023-06-13 20:00:00,0.00002672,0.00002701,0.00002661,0.00002691,270106.50000000,1686700799999,7.24294945,1656,148973.70000000,3.99768544,0
2023-06-14 00:00:00,0.00002690,0.00002740,0.00002641,0.00002686,941796.40000000,1686715199999,25.33294915,3312,501600.80000000,13.48070011,0
2023-06-14 04:00:00,0.00002687,0.00002704,0.00002585,0.00002610,442007.60000000,1686729599999,11.66903296,2246,242182.50000000,6.40164337,0
2023-06-14 08:00:00,0.00002610,0.00002684,0.00002603,0.00002639,648559.20000000,1686743999999,17.09074254,2423,427578.20000000,11.27350028,0
2023-06-14 12:00:00,0.00002637,0.00002651,0.00002595,0.00002602,357073.50000000,1686758399999,9.37333418,1998,162172.30000000,4.25791910,0
2023-06-14 16:00:00,0.00002600,0.00002652,0.00002530,0.00002593,587082.40000000,1686772799999,15.23693255,3851,285084.40000000,7.40194381,0
2023-06-14 20:00:00,0.00002596,0.00002602,0.00002520,0.00002591,1212585.20000000,1686787199999,31.03008347,3458,638802.60000000,16.34959781,0
2023-06-15 00:00:00,0.00002590,0.00002612,0.00002521,0.00002567,293342.40000000,1686801599999,7.50238869,1534,103211.60000000,2.63803066,0
2023-06-15 04:00:00,0.00002565,0.00002571,0.00002502,0.00002519,192739.50000000,1686815999999,4.89848635,1163,61668.80000000,1.56616928,0
2023-06-15 08:00:00,0.00002521,0.00002603,0.00002493,0.00002571,352984.90000000,1686830399999,8.92040542,1774,190379.80000000,4.82327232,0
2023-06-15 12:00:00,0.00002571,0.00002626,0.00002545,0.00002569,457384.80000000,1686844799999,11.81847970,2053,160487.60000000,4.15924208,0
2023-06-15 16:00:00,0.00002573,0.00002576,0.00002515,0.00002561,632497.30000000,1686859199999,16.05904886,1549,309948.40000000,7.86353361,0
2023-06-15 20:00:00,0.00002562,0.00002565,0.00002520,0.00002538,195927.50000000,1686873599999,4.97364133,782,120590.20000000,3.06024453,0
2023-06-16 00:00:00,0.00002536,0.00002558,0.00002501,0.00002554,124072.10000000,1686887999999,3.13572346,816,77914.50000000,1.97369098,0
2023-06-16 04:00:00,0.00002551,0.00002600,0.00002545,0.00002557,344011.10000000,1686902399999,8.84826469,1444,244361.60000000,6.28719015,0
2023-06-16 08:00:00,0.00002555,0.00002578,0.00002464,0.00002484,199711.90000000,1686916799999,5.02388246,1084,61522.20000000,1.54903014,0
2023-06-16 12:00:00,0.00002483,0.00002509,0.00002468,0.00002487,304884.20000000,1686931199999,7.57869599,1286,131691.30000000,3.27360416,0
2023-06-16 16:00:00,0.00002487,0.00002604,0.00002480,0.00002604,650307.00000000,1686945599999,16.62517124,2268,305289.50000000,7.80963525,0
2023-06-16 20:00:00,0.00002601,0.00002733,0.00002574,0.00002685,1444181.40000000,1686959999999,38.69047738,4330,863093.50000000,23.16814300,0
2023-06-17 00:00:00,0.00002683,0.00002807,0.00002674,0.00002771,1522574.90000000,1686974399999,42.00631922,4711,952273.90000000,26.21133326,0
2023-06-17 04:00:00,0.00002769,0.00002915,0.00002752,0.00002864,1577148.60000000,1686988799999,44.72175311,5526,877812.90000000,24.94555014,0
2023-06-17 08:00:00,0.00002864,0.00002894,0.00002816,0.00002851,550191.30000000,1687003199999,15.68724850,2361,285365.60000000,8.13784686,0
2023-06-17 12:00:00,0.00002850,0.00002947,0.00002784,0.00002838,977494.50000000,1687017599999,27.85699610,3603,550123.70000000,15.67097195,0
2023-06-17 16:00:00,0.00002838,0.00002923,0.00002817,0.00002827,702969.80000000,1687031999999,20.12027534,2850,357484.50000000,10.22007573,0
2023-06-17 20:00:00,0.00002824,0.00002882,0.00002813,0.00002843,297209.90000000,1687046399999,8.46148102,1589,173789.00000000,4.94904521,0
2023-06-18 00:00:00,0.00002840,0.00002942,0.00002804,0.00002905,540740.80000000,1687060799999,15.54673407,2690,302971.60000000,8.69574151,0
2023-06-18 04:00:00,0.00002902,0.00002987,0.00002858,0.00002883,1665995.20000000,1687075199999,48.88167500,4420,855283.20000000,25.08807747,0
2023-06-18 08:00:00,0.00002880,0.00002891,0.00002835,0.00002877,399659.10000000,1687089599999,11.45987979,1756,221832.50000000,6.35889738,0
2023-06-18 12:00:00,0.00002875,0.00002875,0.00002821,0.00002845,231522.40000000,1687103999999,6.58798788,1445,139891.80000000,3.98060306,0
2023-06-18 16:00:00,0.00002843,0.00002862,0.00002777,0.00002796,583654.20000000,1687118399999,16.39176166,2024,326150.20000000,9.13942246,0
2023-06-18 20:00:00,0.00002797,0.00002797,0.00002698,0.00002736,532804.50000000,1687132799999,14.57266048,2277,279655.70000000,7.64699733,0
2023-06-19 00:00:00,0.00002733,0.00002754,0.00002692,0.00002739,379036.20000000,1687147199999,10.33492408,1519,218150.20000000,5.94722854,0
2023-06-19 04:00:00,0.00002737,0.00002907,0.00002735,0.00002857,840496.10000000,1687161599999,23.92140435,2786,423590.90000000,12.06079361,0
2023-06-19 08:00:00,0.00002861,0.00002924,0.00002847,0.00002890,744429.80000000,1687175999999,21.50977840,2150,320616.10000000,9.25235738,0
2023-06-19 12:00:00,0.00002888,0.00002921,0.00002821,0.00002853,730834.00000000,1687190399999,21.08123597,2262,348132.20000000,10.03180008,0
2023-06-19 16:00:00,0.00002854,0.00002935,0.00002829,0.00002869,533914.40000000,1687204799999,15.35561160,2716,248983.80000000,7.16322150,0
2023-06-19 20:00:00,0.00002872,0.00002959,0.00002868,0.00002924,667048.60000000,1687219199999,19.53911506,2498,276004.30000000,8.07868246,0
2023-06-20 00:00:00,0.00002921,0.00003017,0.00002902,0.00002963,1236837.20000000,1687233599999,36.61691890,4111,589956.90000000,17.48330720,0
2023-06-20 04:00:00,0.00002967,0.00002981,0.00002900,0.00002909,860781.70000000,1687247999999,25.13092605,2469,369887.40000000,10.81237570,0
2023-06-20 08:00:00,0.00002910,0.00002910,0.00002861,0.00002891,543812.90000000,1687262399999,15.66851901,1832,326227.50000000,9.39872646,0
2023-06-20 12:00:00,0.00002888,0.00002899,0.00002797,0.00002820,769771.10000000,1687276799999,21.93331152,2525,418150.20000000,11.88404457,0
2023-06-20 16:00:00,0.00002818,0.00002867,0.00002781,0.00002845,688208.30000000,1687291199999,19.43928875,3209,379746.20000000,10.71962988,0
2023-06-20 20:00:00,0.00002848,0.00002935,0.00002807,0.00002892,621629.10000000,1687305599999,17.88753086,2405,253472.00000000,7.28740701,0
2023-06-21 00:00:00,0.00002889,0.00002940,0.00002786,0.00002840,918078.80000000,1687319999999,26.23575542,3139,382350.30000000,10.88769585,0
2023-06-21 04:00:00,0.00002841,0.00002852,0.00002769,0.00002778,542390.50000000,1687334399999,15.21204398,1893,241092.30000000,6.75910531,0
2023-06-21 08:00:00,0.00002776,0.00002776,0.00002703,0.00002742,981796.80000000,1687348799999,26.73631318,2577,681573.60000000,18.54520873,0
2023-06-21 12:00:00,0.00002740,0.00002753,0.00002639,0.00002672,1233152.40000000,1687363199999,32.96969573,2958,865270.30000000,23.08581578,0
2023-06-21 16:00:00,0.00002674,0.00002812,0.00002661,0.00002735,1890392.00000000,1687377599999,51.72371666,5658,835167.90000000,22.84142864,0
2023-06-21 20:00:00,0.00002737,0.00002774,0.00002700,0.00002771,777042.40000000,1687391999999,21.19194262,2074,530572.70000000,14.46378390,0
2023-06-22 00:00:00,0.00002771,0.00002950,0.00002739,0.00002840,1004290.00000000,1687406399999,28.29597896,3775,412089.50000000,11.66165928,0
2023-06-22 04:00:00,0.00002839,0.00002894,0.00002737,0.00002784,851642.00000000,1687420799999,23.84719832,3001,458215.00000000,12.80853690,0
2023-06-22 08:00:00,0.00002782,0.00002808,0.00002690,0.00002715,827925.50000000,1687435199999,22.85878811,2155,448557.60000000,12.37252390,0
2023-06-22 12:00:00,0.00002714,0.00002830,0.00002713,0.00002758,939158.10000000,1687449599999,25.83395333,3146,474952.00000000,13.06598249,0
2023-06-22 16:00:00,0.00002757,0.00002779,0.00002715,0.00002728,267223.20000000,1687463999999,7.34745033,1250,126754.70000000,3.48564054,0
2023-06-22 20:00:00,0.00002729,0.00002734,0.00002633,0.00002686,548237.00000000,1687478399999,14.77112480,1519,243963.10000000,6.56877397,0
2023-06-23 00:00:00,0.00002689,0.00002706,0.00002658,0.00002696,236498.30000000,1687492799999,6.34179783,1172,134040.30000000,3.59259030,0
2023-06-23 04:00:00,0.00002695,0.00002704,0.00002644,0.00002667,265409.50000000,1687507199999,7.08528682,1102,175882.70000000,4.69574265,0
2023-06-23 08:00:00,0.00002668,0.00002673,0.00002598,0.00002642,1520286.60000000,1687521599999,40.12292706,3043,1132462.50000000,29.89167450,0
2023-06-23 12:00:00,0.00002641,0.00002669,0.00002618,0.00002643,1060540.30000000,1687535999999,27.99511862,2252,515444.90000000,13.60702922,0
2023-06-23 16:00:00,0.00002641,0.00002665,0.00002590,0.00002614,490620.40000000,1687550399999,12.92221119,1695,263327.30000000,6.93422219,0
2023-06-23 20:00:00,0.00002615,0.00002645,0.00002595,0.00002602,243158.30000000,1687564799999,6.35109343,878,105929.30000000,2.76614952,0
2023-06-24 00:00:00,0.00002601,0.00002601,0.00002563,0.00002585,285793.80000000,1687579199999,7.35687133,833,117951.30000000,3.03481875,0
2023-06-24 04:00:00,0.00002583,0.00002583,0.00002459,0.00002511,481936.70000000,1687593599999,12.15106970,1475,257174.50000000,6.46408802,0
2023-06-24 08:00:00,0.00002511,0.00002538,0.00002505,0.00002522,250948.50000000,1687607999999,6.32665899,701,131802.60000000,3.32595714,0
2023-06-24 12:00:00,0.00002520,0.00002544,0.00002387,0.00002455,702631.90000000,1687622399999,17.30788239,2422,515886.50000000,12.70279522,0
2023-06-24 16:00:00,0.00002453,0.00002459,0.00002418,0.00002438,409062.30000000,1687636799999,9.99172754,1243,360383.70000000,8.80456650,0
2023-06-24 20:00:00,0.00002437,0.00002483,0.00002433,0.00002464,268474.00000000,1687651199999,6.58879390,651,150822.80000000,3.69934706,0
2023-06-25 00:00:00,0.00002466,0.00002508,0.00002428,0.00002500,175908.50000000,1687665599999,4.34025953,1007,58160.20000000,1.43653908,0
2023-06-25 04:00:00,0.00002499,0.00002518,0.00002461,0.00002504,410608.50000000,1687679999999,10.22006863,1225,140839.60000000,3.49705152,0
2023-06-25 08:00:00,0.00002505,0.00002537,0.00002498,0.00002512,250632.70000000,1687694399999,6.30272984,951,82007.30000000,2.06123728,0
2023-06-25 12:00:00,0.00002511,0.00002524,0.00002426,0.00002441,474061.60000000,1687708799999,11.67377011,1387,286819.50000000,7.06820529,0
2023-06-25 16:00:00,0.00002438,0.00002468,0.00002433,0.00002462,118974.10000000,1687723199999,2.91631941,687,44615.40000000,1.09458477,0
2023-06-25 20:00:00,0.00002460,0.00002476,0.00002443,0.00002445,76162.00000000,1687737599999,1.87072938,332,42802.60000000,1.05121912,0
2023-06-26 00:00:00,0.00002445,0.00002458,0.00002388,0.00002412,370770.80000000,1687751999999,8.97677064,1070,177012.60000000,4.29830774,0
2023-06-26 04:00:00,0.00002411,0.00002487,0.00002398,0.00002441,427186.70000000,1687766399999,10.38818918,1487,288677.10000000,7.01002011,0
2023-06-26 08:00:00,0.00002441,0.00002491,0.00002435,0.00002465,572867.30000000,1687780799999,14.11350265,2163,361441.30000000,8.90577744,0
2023-06-26 12:00:00,0.00002464,0.00002482,0.00002442,0.00002470,302604.80000000,1687795199999,7.46001513,917,50935.20000000,1.25599048,0
2023-06-26 16:00:00,0.00002469,0.00002476,0.00002400,0.00002414,177099.10000000,1687809599999,4.29950939,1008,84896.70000000,2.05618925,0
2023-06-26 20:00:00,0.00002417,0.00002417,0.00002363,0.00002400,198542.30000000,1687823999999,4.73370314,1030,99427.10000000,2.36816608,0
2023-06-27 00:00:00,0.00002400,0.00002489,0.00002369,0.00002458,336876.70000000,1687838399999,8.20887114,1627,150603.40000000,3.65475129,0
2023-06-27 04:00:00,0.00002457,0.00002487,0.00002398,0.00002410,302534.20000000,1687852799999,7.35262380,1350,123631.00000000,2.99087550,0
2023-06-27 08:00:00,0.00002412,0.00002412,0.00002364,0.00002368,152778.80000000,1687867199999,3.64378282,534,70983.90000000,1.69351402,0
2023-06-27 12:00:00,0.00002370,0.00002384,0.00002297,0.00002333,469958.30000000,1687881599999,10.93368665,1398,316433.60000000,7.36314843,0
2023-06-27 16:00:00,0.00002335,0.00002375,0.00002333,0.00002354,397386.80000000,1687895999999,9.34484807,994,140447.30000000,3.29969881,0
2023-06-27 20:00:00,0.00002350,0.00002362,0.00002341,0.00002347,102358.00000000,1687910399999,2.40911891,235,47389.90000000,1.11575015,0
2023-06-28 00:00:00,0.00002346,0.00002346,0.00002307,0.00002339,192029.30000000,1687924799999,4.44611144,456,130839.90000000,3.02813912,0
2023-06-28 04:00:00,0.00002336,0.00002343,0.00002258,0.00002267,282807.10000000,1687939199999,6.45993378,771,134620.90000000,3.07322130,0
2023-06-28 08:00:00,0.00002264,0.00002264,0.00002219,0.00002231,424109.80000000,1687953599999,9.47839030,875,216836.30000000,4.84373782,0
2023-06-28 12:00:00,0.00002230,0.00002250,0.00002206,0.00002242,680304.30000000,1687967999999,15.12584974,1818,517983.60000000,11.50998021,0
2023-06-28 16:00:00,0.00002244,0.00002249,0.00002133,0.00002179,483347.40000000,1687982399999,10.57920504,1102,259997.60000000,5.67938862,0
2023-06-28 20:00:00,0.00002179,0.00002225,0.00002174,0.00002207,74027.40000000,1687996799999,1.63100446,226,30120.30000000,0.66315295,0
2023-06-29 00:00:00,0.00002205,0.00002232,0.00002190,0.00002200,156426.10000000,1688011199999,3.44859994,408,102002.00000000,2.24804880,0
2023-06-29 04:00:00,0.00002198,0.00002216,0.00002192,0.00002204,94993.80000000,1688025599999,2.09246373,220,71852.70000000,1.58351022,0
2023-06-29 08:00:00,0.00002200,0.00002250,0.00002188,0.00002227,247677.20000000,1688039999999,5.48202015,584,144752.50000000,3.20649179,0
2023-06-29 12:00:00,0.00002226,0.00002331,0.00002224,0.00002232,2148044.40000000,1688054399999,49.00109307,4122,977861.80000000,22.31505138,0
2023-06-29 16:00:00,0.00002232,0.00002250,0.00002195,0.00002216,435769.40000000,1688068799999,9.66712539,775,243008.00000000,5.38306202,0
2023-06-29 20:00:00,0.00002216,0.00002245,0.00002200,0.00002235,360182.40000000,1688083199999,8.04130004,591,136983.50000000,3.05107912,0
2023-06-30 00:00:00,0.00002235,0.00002278,0.00002204,0.00002259,473308.70000000,1688097599999,10.63576482,876,198790.50000000,4.45797901,0
2023-06-30 04:00:00,0.00002260,0.00002277,0.00002239,0.00002245,439938.80000000,1688111999999,9.93316168,792,141768.30000000,3.20311197,0
2023-06-30 08:00:00,0.00002248,0.00002287,0.00002247,0.00002262,138392.30000000,1688126399999,3.13948281,307,77018.00000000,1.74805050,0
2023-06-30 12:00:00,0.00002261,0.00002291,0.00002119,0.00002199,1228797.40000000,1688140799999,27.29325797,2610,660998.30000000,14.62313278,0
2023-06-30 16:00:00,0.00002196,0.00002276,0.00002192,0.00002258,494420.00000000,1688155199999,11.15092507,1598,181001.60000000,4.06704341,0
2023-06-30 20:00:00,0.00002260,0.00002273,0.00002253,0.00002258,70503.60000000,1688169599999,1.59486859,320,28409.60000000,0.64304227,0
2023-07-01 00:00:00,0.00002264,0.00002265,0.00002217,0.00002230,94921.50000000,1688183999999,2.12316233,467,17958.00000000,0.40104685,0
2023-07-01 04:00:00,0.00002232,0.00002238,0.00002198,0.00002222,101620.60000000,1688198399999,2.25038434,400,27738.60000000,0.61408469,0
2023-07-01 08:00:00,0.00002220,0.00002227,0.00002192,0.00002205,69338.70000000,1688212799999,1.52961341,242,12998.10000000,0.28656471,0
2023-07-01 12:00:00,0.00002198,0.00002237,0.00002198,0.00002209,179286.20000000,1688227199999,3.98573145,395,64939.00000000,1.44399650,0
2023-07-01 16:00:00,0.00002211,0.00002261,0.00002207,0.00002218,210697.50000000,1688241599999,4.70635932,638,121369.30000000,2.70797995,0
2023-07-01 20:00:00,0.00002218,0.00002256,0.00002210,0.00002253,136712.20000000,1688255999999,3.06194783,301,124279.80000000,2.78489664,0
2023-07-02 00:00:00,0.00002255,0.00002255,0.00002197,0.00002203,98858.40000000,1688270399999,2.19418620,505,76740.90000000,1.70265178,0
2023-07-02 04:00:00,0.00002200,0.00002244,0.00002195,0.00002238,42870.90000000,1688284799999,0.95603630,218,27421.30000000,0.61249044,0
2023-07-02 08:00:00,0.00002240,0.00002254,0.00002214,0.00002226,66414.10000000,1688299199999,1.48343384,265,44535.70000000,0.99483838,0
2023-07-02 12:00:00,0.00002226,0.00002229,0.00002187,0.00002207,357310.30000000,1688313599999,7.89209595,527,170432.80000000,3.76929067,0
2023-07-02 16:00:00,0.00002206,0.00002209,0.00002188,0.00002202,444230.70000000,1688327999999,9.73917646,518,179593.70000000,3.93635671,0
2023-07-02 20:00:00,0.00002202,0.00002267,0.00002193,0.00002254,198125.00000000,1688342399999,4.45091312,953,89210.60000000,1.99917242,0
2023-07-03 00:00:00,0.00002252,0.00002335,0.00002248,0.00002293,859538.20000000,1688356799999,19.75273931,2313,402041.10000000,9.23054889,0
2023-07-03 04:00:00,0.00002293,0.00002295,0.00002251,0.00002265,379138.40000000,1688371199999,8.60555874,1200,277671.20000000,6.30081179,0
2023-07-03 08:00:00,0.00002267,0.00002281,0.00002256,0.00002268,586472.10000000,1688385599999,13.29806558,951,338226.80000000,7.66457635,0
2023-07-03 12:00:00,0.00002267,0.00002280,0.00002242,0.00002262,754939.60000000,1688399999999,17.05946153,889,377369.80000000,8.51275880,0
2023-07-03 16:00:00,0.00002261,0.00002308,0.00002232,0.00002252,352434.50000000,1688414399999,7.96838542,734,193491.60000000,4.37999403,0
2023-07-03 20:00:00,0.00002255,0.00002261,0.00002230,0.00002241,630657.30000000,1688428799999,14.12287686,665,369793.70000000,8.26923418,0
2023-07-04 00:00:00,0.00002246,0.00002306,0.00002225,0.00002301,247742.00000000,1688443199999,5.58738406,805,124073.10000000,2.80535361,0
2023-07-04 04:00:00,0.00002299,0.00002326,0.00002264,0.00002299,403308.00000000,1688457599999,9.23471203,1229,124901.00000000,2.86591807,0
2023-07-04 08:00:00,0.00002300,0.00002378,0.00002273,0.00002316,458482.50000000,1688471999999,10.64909121,1405,216714.60000000,5.03845801,0
2023-07-04 12:00:00,0.00002315,0.00002330,0.00002250,0.00002261,773349.40000000,1688486399999,17.71175721,1136,423644.20000000,9.68237871,0
2023-07-04 16:00:00,0.00002259,0.00002271,0.00002216,0.00002231,185790.50000000,1688500799999,4.16013676,600,113669.20000000,2.54359775,0
2023-07-04 20:00:00,0.00002234,0.00002254,0.00002225,0.00002227,50004.50000000,1688515199999,1.12099614,169,21042.40000000,0.47129308,0
2023-07-05 00:00:00,0.00002227,0.00002241,0.00002205,0.00002226,83324.40000000,1688529599999,1.84771944,301,21021.90000000,0.46648429,0
2023-07-05 04:00:00,0.00002227,0.00002242,0.00002216,0.00002235,60483.60000000,1688543999999,1.34608440,239,12561.30000000,0.28005948,0
2023-07-05 08:00:00,0.00002238,0.00002239,0.00002154,0.00002208,660297.40000000,1688558399999,14.55813183,1496,308989.40000000,6.82193734,0
2023-07-05 12:00:00,0.00002206,0.00002216,0.00002160,0.00002171,383215.30000000,1688572799999,8.37262442,694,209458.70000000,4.57183220,0
2023-07-05 16:00:00,0.00002171,0.00002171,0.00002125,0.00002147,620833.10000000,1688587199999,13.32993554,977,325012.10000000,6.97389948,0
2023-07-05 20:00:00,0.00002149,0.00002183,0.00002146,0.00002170,183332.60000000,1688601599999,3.97388663,284,153088.40000000,3.31864618,0
2023-07-06 00:00:00,0.00002168,0.00002196,0.00002168,0.00002187,96582.20000000,1688615999999,2.10430851,166,47495.30000000,1.03718637,0
2023-07-06 04:00:00,0.00002185,0.00002196,0.00002168,0.00002170,84198.90000000,1688630399999,1.83623147,149,22173.00000000,0.48262752,0
2023-07-06 08:00:00,0.00002174,0.00002177,0.00002142,0.00002153,364290.80000000,1688644799999,7.87612222,355,228286.00000000,4.93515615,0
2023-07-06 12:00:00,0.00002152,0.00002159,0.00002120,0.00002145,382951.80000000,1688659199999,8.17946784,966,263691.00000000,5.63375851,0
2023-07-06 16:00:00,0.00002142,0.00002235,0.00002130,0.00002195,349015.50000000,1688673599999,7.70960127,612,125373.50000000,2.76534575,0
2023-07-06 20:00:00,0.00002194,0.00002201,0.00002165,0.00002169,125436.20000000,1688687999999,2.74083840,223,54610.70000000,1.19301978,0
2023-07-07 00:00:00,0.00002170,0.00002181,0.00002149,0.00002175,160369.40000000,1688702399999,3.47179484,364,116534.60000000,2.52052803,0
2023-07-07 04:00:00,0.00002174,0.00002190,0.00002143,0.00002155,108383.30000000,1688716799999,2.34970714,878,29776.90000000,0.64603330,0
2023-07-07 08:00:00,0.00002153,0.00002184,0.00002147,0.00002169,92379.00000000,1688731199999,2.00695920,307,31740.90000000,0.68891401,0
2023-07-07 12:00:00,0.00002168,0.00002192,0.00002153,0.00002172,125387.80000000,1688745599999,2.72222204,442,51843.10000000,1.12717969,0
2023-07-07 16:00:00,0.00002175,0.00002177,0.00002145,0.00002164,62465.00000000,1688759999999,1.34790606,205,9315.00000000,0.20103376,0
2023-07-07 20:00:00,0.00002165,0.00002178,0.00002162,0.00002178,37983.90000000,1688774399999,0.82508199,149,34965.90000000,0.75958487,0
2023-07-08 00:00:00,0.00002180,0.00002205,0.00002172,0.00002182,225965.50000000,1688788799999,4.95473741,467,52785.10000000,1.15667065,0
2023-07-08 04:00:00,0.00002178,0.00002188,0.00002175,0.00002183,8189.60000000,1688803199999,0.17858480,110,4327.60000000,0.09444868,0
2023-07-08 08:00:00,0.00002185,0.00002206,0.00002156,0.00002171,443832.60000000,1688817599999,9.73404459,387,219993.30000000,4.82861819,0
2023-07-08 12:00:00,0.00002168,0.00002168,0.00002157,0.00002159,5972.20000000,1688831999999,0.12914165,65,1850.40000000,0.04001584,0
2023-07-08 16:00:00,0.00002157,0.00002167,0.00002138,0.00002145,123646.20000000,1688846399999,2.65760493,152,84263.40000000,1.81196853,0
2023-07-08 20:00:00,0.00002141,0.00002158,0.00002133,0.00002156,193020.00000000,1688860799999,4.12488507,225,156008.60000000,3.33392130,0
2023-07-09 00:00:00,0.00002157,0.00002189,0.00002148,0.00002173,94785.70000000,1688875199999,2.05745506,545,63766.60000000,1.38512502,0
2023-07-09 04:00:00,0.00002172,0.00002173,0.00002158,0.00002160,31924.60000000,1688889599999,0.69026239,120,5522.10000000,0.11961711,0
2023-07-09 08:00:00,0.00002160,0.00002175,0.00002160,0.00002168,10951.50000000,1688903999999,0.23789761,47,8458.10000000,0.18376557,0
2023-07-09 12:00:00,0.00002166,0.00002195,0.00002160,0.00002176,98140.40000000,1688918399999,2.13515354,262,57236.10000000,1.24578484,0
2023-07-09 16:00:00,0.00002176,0.00002198,0.00002174,0.00002189,7503.60000000,1688932799999,0.16398504,94,2954.30000000,0.06461437,0
2023-07-09 20:00:00,0.00002191,0.00002193,0.00002173,0.00002187,73853.90000000,1688947199999,1.61384865,169,35544.00000000,0.77701837,0
2023-07-10 00:00:00,0.00002183,0.00002183,0.00002120,0.00002125,117857.60000000,1688961599999,2.52208469,408,64164.20000000,1.37594708,0
2023-07-10 04:00:00,0.00002121,0.00002127,0.00002110,0.00002118,246398.40000000,1688975999999,5.20377296,190,118447.70000000,2.49958839,0
2023-07-10 08:00:00,0.00002117,0.00002123,0.00002090,0.00002114,78325.30000000,1688990399999,1.64958454,202,48717.20000000,1.02791404,0
2023-07-10 12:00:00,0.00002117,0.00002171,0.00002110,0.00002150,528861.10000000,1689004799999,11.31314404,579,262332.00000000,5.59783735,0
2023-07-10 16:00:00,0.00002149,0.00002160,0.00002141,0.00002143,49070.00000000,1689019199999,1.05426899,202,38687.30000000,0.83120793,0
2023-07-10 20:00:00,0.00002146,0.00002168,0.00002144,0.00002155,35731.50000000,1689033599999,0.76908095,121,11112.00000000,0.23943655,0
2023-07-11 00:00:00,0.00002153,0.00002170,0.00002132,0.00002170,63287.40000000,1689047999999,1.36074123,172,45211.30000000,0.97450109,0
2023-07-11 04:00:00,0.00002171,0.00002197,0.00002163,0.00002171,134246.30000000,1689062399999,2.92040253,262,46422.00000000,1.01302542,0
2023-07-11 08:00:00,0.00002172,0.00002180,0.00002145,0.00002146,140424.60000000,1689076799999,3.03800329,247,19070.50000000,0.41095317,0
2023-07-11 12:00:00,0.00002145,0.00002148,0.00002116,0.00002123,186673.90000000,1689091199999,3.96817020,415,145388.20000000,3.08822158,0
2023-07-11 16:00:00,0.00002124,0.00002141,0.00002124,0.00002128,14084.30000000,1689105599999,0.30023420,95,8745.00000000,0.18636304,0
2023-07-11 20:00:00,0.00002123,0.00002144,0.00002123,0.00002141,30339.20000000,1689119999999,0.64752650,83,29447.30000000,0.62854299,0
2023-07-12 00:00:00,0.00002143,0.00002163,0.00002140,0.00002161,52536.10000000,1689134399999,1.13102394,129,40602.00000000,0.87430526,0
2023-07-12 04:00:00,0.00002159,0.00002239,0.00002152,0.00002205,441408.10000000,1689148799999,9.75495033,952,281914.70000000,6.23067719,0
2023-07-12 08:00:00,0.00002203,0.00002228,0.00002198,0.00002198,140645.30000000,1689163199999,3.11257846,376,57366.90000000,1.26983969,0
2023-07-12 12:00:00,0.00002198,0.00002213,0.00002171,0.00002171,376496.00000000,1689177599999,8.25520767,517,152080.30000000,3.33231266,0
2023-07-12 16:00:00,0.00002172,0.00002172,0.00002127,0.00002134,252070.10000000,1689191999999,5.39089183,610,70767.00000000,1.51719804,0
2023-07-12 20:00:00,0.00002133,0.00002161,0.00002130,0.00002159,128711.40000000,1689206399999,2.74970942,178,55137.90000000,1.18064456,0
2023-07-13 00:00:00,0.00002158,0.00002163,0.00002141,0.00002160,114692.60000000,1689220799999,2.46513701,203,89437.70000000,1.92379970,0
2023-07-13 04:00:00,0.00002159,0.00002171,0.00002146,0.00002162,357026.90000000,1689235199999,7.72334905,472,232102.70000000,5.02260919,0
2023-07-13 08:00:00,0.00002163,0.00002175,0.00002156,0.00002164,88296.00000000,1689249599999,1.91237151,239,56689.80000000,1.22888678,0
2023-07-13 12:00:00,0.00002162,0.00002198,0.00002149,0.00002198,124378.60000000,1689263999999,2.70843097,544,65989.60000000,1.44082508,0
2023-07-13 16:00:00,0.00002199,0.00002282,0.00002180,0.00002191,1816905.50000000,1689278399999,40.41480646,4035,494963.80000000,11.03292635,0
2023-07-13 20:00:00,0.00002193,0.00002231,0.00002193,0.00002221,110272.50000000,1689292799999,2.44759815,364,42951.20000000,0.95294114,0
2023-07-14 00:00:00,0.00002222,0.00002339,0.00002222,0.00002243,667674.70000000,1689307199999,15.18235247,2233,251559.00000000,5.72352414,0
2023-07-14 04:00:00,0.00002243,0.00002310,0.00002239,0.00002267,369381.90000000,1689321599999,8.39467200,771,189986.30000000,4.31239843,0
2023-07-14 08:00:00,0.00002267,0.00002311,0.00002259,0.00002311,83138.50000000,1689335999999,1.90158486,379,54512.60000000,1.24899064,0
2023-07-14 12:00:00,0.00002310,0.00002347,0.00002276,0.00002324,155496.20000000,1689350399999,3.60333997,502,37053.10000000,0.85939555,0
2023-07-14 16:00:00,0.00002326,0.00002441,0.00002193,0.00002207,915680.70000000,1689364799999,20.92219545,2847,349737.80000000,8.02080260,0
2023-07-14 20:00:00,0.00002207,0.00002248,0.00002196,0.00002245,218122.00000000,1689379199999,4.85532693,538,157360.70000000,3.50568544,0
2023-07-15 00:00:00,0.00002246,0.00002248,0.00002215,0.00002217,68687.50000000,1689393599999,1.53574071,239,21620.50000000,0.48300688,0
2023-07-15 04:00:00,0.00002215,0.00002265,0.00002206,0.00002252,71823.10000000,1689407999999,1.59748059,457,33788.80000000,0.75308254,0
2023-07-15 08:00:00,0.00002253,0.00002301,0.00002239,0.00002273,153001.90000000,1689422399999,3.48687470,537,57098.70000000,1.29992180,0
2023-07-15 12:00:00,0.00002272,0.00002277,0.00002240,0.00002252,38702.80000000,1689436799999,0.87379405,454,5468.70000000,0.12352677,0
2023-07-15 16:00:00,0.00002251,0.00002282,0.00002244,0.00002260,38507.90000000,1689451199999,0.87131949,453,16555.70000000,0.37550138,0
2023-07-15 20:00:00,0.00002256,0.00002258,0.00002233,0.00002253,23635.80000000,1689465599999,0.53035078,218,15619.20000000,0.35046621,0
2023-07-16 00:00:00,0.00002254,0.00002288,0.00002237,0.00002255,106672.20000000,1689479999999,2.41703928,901,51562.70000000,1.16992665,0
2023-07-16 04:00:00,0.00002251,0.00002273,0.00002251,0.00002256,52237.10000000,1689494399999,1.18066523,353,42078.10000000,0.95120238,0
2023-07-16 08:00:00,0.00002255,0.00002283,0.00002251,0.00002266,61256.10000000,1689508799999,1.39202686,696,21914.30000000,0.49823378,0
2023-07-16 12:00:00,0.00002267,0.00002275,0.00002253,0.00002273,54155.00000000,1689523199999,1.22746619,344,40620.20000000,0.92091022,0
2023-07-16 16:00:00,0.00002267,0.00002278,0.00002228,0.00002233,219828.40000000,1689537599999,4.94655850,490,140487.10000000,3.15466601,0
2023-07-16 20:00:00,0.00002230,0.00002254,0.00002201,0.00002225,87722.10000000,1689551999999,1.95269163,351,34278.00000000,0.76334577,0
2023-07-17 00:00:00,0.00002224,0.00002242,0.00002203,0.00002242,31244.50000000,1689566399999,0.69517829,246,14976.10000000,0.33347395,0
2023-07-17 04:00:00,0.00002241,0.00002294,0.00002237,0.00002281,60605.70000000,1689580799999,1.37790978,256,22992.50000000,0.52244890,0
2023-07-17 08:00:00,0.00002278,0.00002340,0.00002221,0.00002278,435774.70000000,1689595199999,10.01750870,1624,214235.50000000,4.91861958,0
2023-07-17 12:00:00,0.00002280,0.00002418,0.00002256,0.00002319,702492.10000000,1689609599999,16.48274170,2636,308144.40000000,7.23793745,0
2023-07-17 16:00:00,0.00002315,0.00002325,0.00002262,0.00002311,129965.90000000,1689623999999,2.98851904,1133,36904.40000000,0.84982838,0
2023-07-17 20:00:00,0.00002311,0.00002404,0.00002288,0.00002389,693022.30000000,1689638399999,16.43133109,1294,334305.50000000,7.92359247,0
2023-07-18 00:00:00,0.00002389,0.00002602,0.00002389,0.00002528,2583023.30000000,1689652799999,64.98239715,7529,1197324.90000000,30.05494526,0
2023-07-18 04:00:00,0.00002528,0.00002531,0.00002357,0.00002439,1121240.00000000,1689667199999,27.27025707,3466,393655.30000000,9.58090265,0
2023-07-18 08:00:00,0.00002435,0.00002541,0.00002409,0.00002466,1030396.30000000,1689681599999,25.53654079,3366,589274.30000000,14.62223562,0
2023-07-18 12:00:00,0.00002464,0.00002492,0.00002409,0.00002453,731276.70000000,1689695999999,17.90334209,2691,339047.80000000,8.30548202,0
2023-07-18 16:00:00,0.00002452,0.00002551,0.00002441,0.00002524,1014877.40000000,1689710399999,25.46869756,3194,431949.50000000,10.84264581,0
2023-07-18 20:00:00,0.00002523,0.00002536,0.00002456,0.00002466,479838.70000000,1689724799999,11.98045832,1081,356836.20000000,8.90585977,0
2023-07-19 00:00:00,0.00002465,0.00002585,0.00002449,0.00002519,512387.60000000,1689739199999,12.89373689,1575,290455.90000000,7.32525250,0
2023-07-19 04:00:00,0.00002519,0.00002532,0.00002423,0.00002428,157372.90000000,1689753599999,3.88582598,594,80977.40000000,1.99292436,0
2023-07-19 08:00:00,0.00002426,0.00002433,0.00002391,0.00002425,319086.20000000,1689767999999,7.70374699,866,182371.00000000,4.40830706,0
2023-07-19 12:00:00,0.00002425,0.00002425,0.00002368,0.00002382,671121.80000000,1689782399999,16.03952173,2319,334075.30000000,7.98590631,0
2023-07-19 16:00:00,0.00002379,0.00002408,0.00002364,0.00002388,160684.80000000,1689796799999,3.82674555,807,80374.50000000,1.91367598,0
2023-07-19 20:00:00,0.00002384,0.00002390,0.00002353,0.00002375,389139.00000000,1689811199999,9.24730492,633,166913.70000000,3.95623983,0
2023-07-20 00:00:00,0.00002372,0.00002406,0.00002359,0.00002378,267873.90000000,1689825599999,6.39722568,1088,169721.50000000,4.05617268,0
2023-07-20 04:00:00,0.00002381,0.00002394,0.00002365,0.00002368,66061.00000000,1689839999999,1.56953279,481,21660.80000000,0.51539933,0
2023-07-20 08:00:00,0.00002369,0.00002396,0.00002356,0.00002359,232095.10000000,1689854399999,5.52478283,561,78264.30000000,1.86314189,0
2023-07-20 12:00:00,0.00002361,0.00002363,0.00002301,0.00002311,389919.70000000,1689868799999,9.12600972,804,242019.50000000,5.66093338,0
2023-07-20 16:00:00,0.00002311,0.00002333,0.00002305,0.00002315,132662.70000000,1689883199999,3.07396620,290,52482.60000000,1.21507524,0
2023-07-20 20:00:00,0.00002317,0.00002318,0.00002294,0.00002307,66035.90000000,1689897599999,1.52420937,262,17219.70000000,0.39810100,0
2023-07-21 00:00:00,0.00002307,0.00002326,0.00002286,0.00002316,86226.90000000,1689911999999,1.97991080,903,72045.30000000,1.65320823,0
2023-07-21 04:00:00,0.00002319,0.00002320,0.00002273,0.00002283,36699.00000000,1689926399999,0.84115681,342,12918.50000000,0.29714021,0
2023-07-21 08:00:00,0.00002282,0.00002295,0.00002257,0.00002279,48782.10000000,1689940799999,1.11231884,342,15332.50000000,0.35006106,0
2023-07-21 12:00:00,0.00002279,0.00002297,0.00002274,0.00002279,86240.20000000,1689955199999,1.96927515,408,24155.30000000,0.55173701,0
2023-07-21 16:00:00,0.00002281,0.00002314,0.00002269,0.00002290,58627.80000000,1689969599999,1.34374529,484,24622.30000000,0.56655503,0
2023-07-21 20:00:00,0.00002286,0.00002297,0.00002280,0.00002288,9267.30000000,1689983999999,0.21215323,135,4016.30000000,0.09205080,0
2023-07-22 00:00:00,0.00002286,0.00002332,0.00002286,0.00002306,250733.10000000,1689998399999,5.80548296,1064,142365.30000000,3.29779239,0
2023-07-22 04:00:00,0.00002308,0.00002323,0.00002296,0.00002315,60794.00000000,1690012799999,1.40408033,395,38311.70000000,0.88505022,0
2023-07-22 08:00:00,0.00002313,0.00002314,0.00002282,0.00002301,43472.00000000,1690027199999,0.99819734,214,19035.90000000,0.43674277,0
2023-07-22 12:00:00,0.00002302,0.00002310,0.00002290,0.00002308,29904.00000000,1690041599999,0.68859477,222,17535.20000000,0.40399300,0
2023-07-22 16:00:00,0.00002307,0.00002325,0.00002299,0.00002323,26360.10000000,1690055999999,0.61021211,534,18624.70000000,0.43107928,0
2023-07-22 20:00:00,0.00002323,0.00002362,0.00002312,0.00002327,242611.60000000,1690070399999,5.68800761,1043,103596.20000000,2.42818586,0
2023-07-23 00:00:00,0.00002328,0.00002359,0.00002316,0.00002339,121385.40000000,1690084799999,2.84282822,1067,49731.50000000,1.16428748,0
2023-07-23 04:00:00,0.00002337,0.00002337,0.00002296,0.00002299,63084.80000000,1690099199999,1.46528347,463,3366.00000000,0.07805715,0
2023-07-23 08:00:00,0.00002302,0.00002315,0.00002298,0.00002301,32324.60000000,1690113599999,0.74606610,142,2715.10000000,0.06265287,0
2023-07-23 12:00:00,0.00002306,0.00002306,0.00002279,0.00002285,53628.90000000,1690127999999,1.22887321,262,45618.80000000,1.04557733,0
2023-07-23 16:00:00,0.00002289,0.00002294,0.00002270,0.00002270,74754.10000000,1690142399999,1.70829766,294,41079.50000000,0.93905621,0
2023-07-23 20:00:00,0.00002267,0.00002278,0.00002249,0.00002257,109590.60000000,1690156799999,2.47625290,389,84303.90000000,1.90548078,0
2023-07-24 00:00:00,0.00002254,0.00002261,0.00002223,0.00002233,101954.30000000,1690171199999,2.28396015,643,45426.90000000,1.01886526,0
2023-07-24 04:00:00,0.00002230,0.00002242,0.00002214,0.00002236,77219.10000000,1690185599999,1.72476541,313,43474.70000000,0.97142039,0
2023-07-24 08:00:00,0.00002231,0.00002236,0.00002100,0.00002145,525049.40000000,1690199999999,11.33893039,1246,228954.10000000,4.93768644,0
2023-07-24 12:00:00,0.00002144,0.00002187,0.00002143,0.00002177,214364.00000000,1690214399999,4.62000172,539,163793.00000000,3.52983643,0
2023-07-24 16:00:00,0.00002180,0.00002183,0.00002164,0.00002168,66199.80000000,1690228799999,1.43882920,175,37381.10000000,0.81242024,0
2023-07-24 20:00:00,0.00002168,0.00002191,0.00002163,0.00002183,105061.70000000,1690243199999,2.28426628,180,59905.50000000,1.30097039,0
2023-07-25 00:00:00,0.00002180,0.00002234,0.00002180,0.00002202,382299.00000000,1690257599999,8.43510183,784,174678.00000000,3.85376473,0
2023-07-25 04:00:00,0.00002201,0.00002202,0.00002164,0.00002166,57829.50000000,1690271999999,1.26599921,415,6399.60000000,0.13985603,0
2023-07-25 08:00:00,0.00002166,0.00002203,0.00002165,0.00002181,137091.20000000,1690286399999,3.00035469,468,32243.40000000,0.70373664,0
2023-07-25 12:00:00,0.00002185,0.00002191,0.00002156,0.00002170,106041.70000000,1690300799999,2.30063553,550,59728.20000000,1.29678626,0
2023-07-25 16:00:00,0.00002166,0.00002171,0.00002142,0.00002162,125352.00000000,1690315199999,2.70715717,296,92102.50000000,1.99108634,0
2023-07-25 20:00:00,0.00002161,0.00002197,0.00002159,0.00002179,115669.30000000,1690329599999,2.52903973,463,57024.80000000,1.24555292,0
2023-07-26 00:00:00,0.00002180,0.00002186,0.00002145,0.00002165,67793.70000000,1690343999999,1.46578732,357,35531.30000000,0.76858882,0
2023-07-26 04:00:00,0.00002163,0.00002168,0.00002156,0.00002157,22477.50000000,1690358399999,0.48599979,146,7195.70000000,0.15568916,0
2023-07-26 08:00:00,0.00002156,0.00002159,0.00002135,0.00002142,35796.80000000,1690372799999,0.76809048,354,17643.30000000,0.37867172,0
2023-07-26 12:00:00,0.00002141,0.00002153,0.00002138,0.00002151,48908.20000000,1690387199999,1.05014128,115,44495.40000000,0.95535929,0
2023-07-26 16:00:00,0.00002146,0.00002181,0.00002104,0.00002164,492158.90000000,1690401599999,10.47317588,1597,351964.90000000,7.47807240,0
2023-07-26 20:00:00,0.00002165,0.00002174,0.00002140,0.00002165,361001.80000000,1690415999999,7.78267809,765,229981.30000000,4.95494866,0
2023-07-27 00:00:00,0.00002161,0.00002177,0.00002152,0.00002172,62420.90000000,1690430399999,1.35200720,483,38441.50000000,0.83296652,0
2023-07-27 04:00:00,0.00002173,0.00002180,0.00002168,0.00002172,227095.80000000,1690444799999,4.93667024,459,81850.70000000,1.78023451,0
2023-07-27 08:00:00,0.00002172,0.00002201,0.00002171,0.00002183,328218.40000000,1690459199999,7.17540934,737,159742.50000000,3.49102425,0
2023-07-27 12:00:00,0.00002182,0.00002185,0.00002162,0.00002166,113739.20000000,1690473599999,2.47594995,748,30050.70000000,0.65446233,0
2023-07-27 16:00:00,0.00002165,0.00002168,0.00002145,0.00002163,50690.70000000,1690487999999,1.09409292,417,21056.00000000,0.45366534,0
2023-07-27 20:00:00,0.00002163,0.00002180,0.00002156,0.00002156,76666.20000000,1690502399999,1.66053990,255,38896.00000000,0.84191265,0
2023-07-28 00:00:00,0.00002159,0.00002171,0.00002152,0.00002159,152922.90000000,1690516799999,3.30664826,328,57928.00000000,1.25279984,0
2023-07-28 04:00:00,0.00002157,0.00002161,0.00002144,0.00002154,132426.50000000,1690531199999,2.84485401,267,101190.50000000,2.17376298,0
2023-07-28 08:00:00,0.00002156,0.00002169,0.00002151,0.00002168,41165.80000000,1690545599999,0.88879854,133,25190.70000000,0.54375844,0
2023-07-28 12:00:00,0.00002168,0.00002190,0.00002165,0.00002167,157899.10000000,1690559999999,3.44438374,390,110771.40000000,2.41845601,0
2023-07-28 16:00:00,0.00002165,0.00002165,0.00002147,0.00002152,43137.80000000,1690574399999,0.93059205,133,25524.60000000,0.55058556,0
2023-07-28 20:00:00,0.00002147,0.00002154,0.00002146,0.00002149,50163.00000000,1690588799999,1.07878042,117,40126.90000000,0.86303283,0
2023-07-29 00:00:00,0.00002148,0.00002155,0.00002141,0.00002144,31286.10000000,1690603199999,0.67201726,109,17081.30000000,0.36694764,0
2023-07-29 04:00:00,0.00002146,0.00002149,0.00002138,0.00002147,10561.40000000,1690617599999,0.22654719,109,4182.60000000,0.08976607,0
2023-07-29 08:00:00,0.00002145,0.00002146,0.00002136,0.00002145,7831.90000000,1690631999999,0.16783991,56,5160.70000000,0.11068379,0
2023-07-29 12:00:00,0.00002144,0.00002162,0.00002142,0.00002159,49663.50000000,1690646399999,1.06702117,153,42306.60000000,0.90863886,0
2023-07-29 16:00:00,0.00002158,0.00002172,0.00002156,0.00002169,23336.50000000,1690660799999,0.50487157,137,12899.40000000,0.27915285,0
2023-07-29 20:00:00,0.00002168,0.00002183,0.00002164,0.00002177,56967.70000000,1690675199999,1.23835705,129,47048.40000000,1.02280956,0
2023-07-30 00:00:00,0.00002174,0.00002180,0.00002168,0.00002171,55256.30000000,1690689599999,1.20213548,164,18556.40000000,0.40402829,0
2023-07-30 04:00:00,0.00002170,0.00002175,0.00002156,0.00002156,12839.40000000,1690703999999,0.27822434,55,3566.40000000,0.07725717,0
2023-07-30 08:00:00,0.00002155,0.00002163,0.00002148,0.00002157,61540.20000000,1690718399999,1.32637707,193,55734.10000000,1.20140378,0
2023-07-30 12:00:00,0.00002156,0.00002157,0.00002141,0.00002143,16534.60000000,1690732799999,0.35504273,128,7731.50000000,0.16610174,0
2023-07-30 16:00:00,0.00002143,0.00002148,0.00002106,0.00002118,129272.60000000,1690747199999,2.74990778,489,85917.20000000,1.82548478,0
2023-07-30 20:00:00,0.00002117,0.00002124,0.00002061,0.00002119,218533.70000000,1690761599999,4.58392668,1080,140999.90000000,2.95934451,0
2023-07-31 00:00:00,0.00002118,0.00002123,0.00002105,0.00002106,49132.10000000,1690775999999,1.03834570,329,29429.50000000,0.62166428,0
2023-07-31 04:00:00,0.00002104,0.00002108,0.00002087,0.00002100,85762.60000000,1690790399999,1.79629982,299,70932.70000000,1.48596143,0
2023-07-31 08:00:00,0.00002100,0.00002122,0.00002100,0.00002122,23146.50000000,1690804799999,0.48805749,303,16479.50000000,0.34783819,0
2023-07-31 12:00:00,0.00002123,0.00002149,0.00002116,0.00002138,416883.30000000,1690819199999,8.88467699,960,268826.00000000,5.72605697,0
2023-07-31 16:00:00,0.00002141,0.00002156,0.00002123,0.00002123,75586.20000000,1690833599999,1.62224268,426,46053.00000000,0.99035674,0
2023-07-31 20:00:00,0.00002130,0.00002168,0.00002119,0.00002161,152099.10000000,1690847999999,3.26684724,660,66709.30000000,1.43135094,0
2023-08-01 00:00:00,0.00002158,0.00002178,0.00002117,0.00002140,286986.40000000,1690862399999,6.14657846,1234,130909.80000000,2.80383830,0
2023-08-01 04:00:00,0.00002137,0.00002178,0.00002127,0.00002178,143555.00000000,1690876799999,3.08224927,829,96387.50000000,2.07209256,0
2023-08-01 08:00:00,0.00002174,0.00002204,0.00002174,0.00002189,398797.40000000,1690891199999,8.73370343,1125,203558.10000000,4.45899615,0
2023-08-01 12:00:00,0.00002189,0.00002225,0.00002170,0.00002207,235081.00000000,1690905599999,5.16382576,1024,133235.00000000,2.92878080,0
2023-08-01 16:00:00,0.00002207,0.00002218,0.00002176,0.00002182,195216.90000000,1690919999999,4.29346022,752,46530.10000000,1.02550621,0
2023-08-01 20:00:00,0.00002180,0.00002191,0.00002175,0.00002177,62779.70000000,1690934399999,1.37049718,390,25977.20000000,0.56748225,0
2023-08-02 00:00:00,0.00002176,0.00002182,0.00002149,0.00002167,177295.10000000,1690948799999,3.83899794,773,116470.40000000,2.52328300,0
2023-08-02 04:00:00,0.00002167,0.00002167,0.00002134,0.00002137,136428.00000000,1690963199999,2.93851570,590,78994.70000000,1.70169876,0
2023-08-02 08:00:00,0.00002139,0.00002151,0.00002139,0.00002145,243326.50000000,1690977599999,5.22000200,717,235589.40000000,5.05399695,0
2023-08-02 12:00:00,0.00002143,0.00002143,0.00002110,0.00002119,324602.20000000,1690991999999,6.89617925,1235,290652.70000000,6.17500802,0
2023-08-02 16:00:00,0.00002121,0.00002121,0.00002100,0.00002105,112600.20000000,1691006399999,2.37554104,514,83525.70000000,1.76270581,0
2023-08-02 20:00:00,0.00002104,0.00002109,0.00002096,0.00002103,67963.10000000,1691020799999,1.42963767,347,41377.10000000,0.87073311,0
2023-08-03 00:00:00,0.00002102,0.00002118,0.00002091,0.00002091,85359.50000000,1691035199999,1.79670789,270,48163.30000000,1.01434257,0
2023-08-03 04:00:00,0.00002093,0.00002096,0.00002056,0.00002064,413255.90000000,1691049599999,8.57724371,693,256683.50000000,5.33303995,0
2023-08-03 08:00:00,0.00002063,0.00002068,0.00002030,0.00002052,162912.40000000,1691063999999,3.33266284,660,100348.80000000,2.05262898,0
2023-08-03 12:00:00,0.00002047,0.00002066,0.00002003,0.00002011,504774.60000000,1691078399999,10.30945033,1026,228274.00000000,4.65672176,0
2023-08-03 16:00:00,0.00002008,0.00002022,0.00002003,0.00002019,271393.20000000,1691092799999,5.45794062,369,157500.50000000,3.16741971,0
2023-08-03 20:00:00,0.00002018,0.00002042,0.00002016,0.00002032,324920.10000000,1691107199999,6.58979530,647,221376.60000000,4.48900499,0
2023-08-04 00:00:00,0.00002031,0.00002056,0.00002028,0.00002044,106328.00000000,1691121599999,2.17274810,497,61076.70000000,1.24854395,0
2023-08-04 04:00:00,0.00002043,0.00002046,0.00002025,0.00002025,123320.50000000,1691135999999,2.51061131,473,40183.30000000,0.81844599,0
2023-08-04 08:00:00,0.00002026,0.00002040,0.00002020,0.00002032,95179.70000000,1691150399999,1.93336509,255,57203.00000000,1.16228997,0
2023-08-04 12:00:00,0.00002031,0.00002051,0.00002031,0.00002040,152792.00000000,1691164799999,3.12020403,385,62733.50000000,1.28163679,0
2023-08-04 16:00:00,0.00002039,0.00002051,0.00002019,0.00002030,176941.90000000,1691179199999,3.59221105,388,106747.60000000,2.16841349,0
2023-08-04 20:00:00,0.00002033,0.00002040,0.00002011,0.00002035,114336.40000000,1691193599999,2.31539423,383,68785.60000000,1.39231814,0
2023-08-05 00:00:00,0.00002037,0.00002038,0.00002001,0.00002012,72601.70000000,1691207999999,1.46230829,243,30550.70000000,0.61537345,0
2023-08-05 04:00:00,0.00002016,0.00002022,0.00002002,0.00002021,48117.60000000,1691222399999,0.96948253,156,34453.10000000,0.69421254,0
2023-08-05 08:00:00,0.00002021,0.00002028,0.00002014,0.00002014,15847.20000000,1691236799999,0.32076522,72,9300.00000000,0.18828883,0
2023-08-05 12:00:00,0.00002016,0.00002026,0.00002008,0.00002013,72735.30000000,1691251199999,1.46541156,230,28310.10000000,0.57084549,0
2023-08-05 16:00:00,0.00002010,0.00002037,0.00002010,0.00002024,84409.90000000,1691265599999,1.71036173,336,59098.30000000,1.19753587,0
2023-08-05 20:00:00,0.00002025,0.00002038,0.00002021,0.00002038,84113.00000000,1691279999999,1.70822560,201,53831.80000000,1.09287223,0
2023-08-06 00:00:00,0.00002034,0.00002059,0.00002034,0.00002047,165498.20000000,1691294399999,3.39126711,554,47539.20000000,0.97306428,0
2023-08-06 04:00:00,0.00002049,0.00002085,0.00002049,0.00002072,766277.50000000,1691308799999,15.83642653,1669,274747.40000000,5.66636120,0
2023-08-06 08:00:00,0.00002074,0.00002093,0.00002069,0.00002071,327768.50000000,1691323199999,6.81503303,691,97312.00000000,2.02267388,0
2023-08-06 12:00:00,0.00002072,0.00002075,0.00002043,0.00002053,281377.90000000,1691337599999,5.79181087,945,58417.90000000,1.20250819,0
2023-08-06 16:00:00,0.00002055,0.00002076,0.00002030,0.00002035,372489.30000000,1691351999999,7.62533778,1157,133879.30000000,2.74412700,0
2023-08-06 20:00:00,0.00002037,0.00002051,0.00002033,0.00002037,101819.00000000,1691366399999,2.07851511,519,68671.40000000,1.40214616,0
2023-08-07 00:00:00,0.00002041,0.00002053,0.00002028,0.00002040,138924.60000000,1691380799999,2.83742502,604,58393.80000000,1.19304479,0
2023-08-07 04:00:00,0.00002042,0.00002053,0.00002027,0.00002030,253751.20000000,1691395199999,5.17191429,618,109590.50000000,2.23306778,0
2023-08-07 08:00:00,0.00002030,0.00002037,0.00002026,0.00002031,69853.00000000,1691409599999,1.41920450,288,41868.50000000,0.85090115,0
2023-08-07 12:00:00,0.00002031,0.00002034,0.00002007,0.00002020,247038.10000000,1691423999999,4.99126929,895,144639.80000000,2.92285720,0
2023-08-07 16:00:00,0.00002018,0.00002020,0.00001948,0.00001992,327795.70000000,1691438399999,6.48521676,1415,203635.10000000,4.02752042,0
2023-08-07 20:00:00,0.00001992,0.00002001,0.00001990,0.00001995,31193.50000000,1691452799999,0.62228190,131,22585.70000000,0.45066451,0
2023-08-08 00:00:00,0.00001995,0.00001995,0.00001975,0.00001975,216473.90000000,1691467199999,4.29563874,452,95490.00000000,1.89614665,0
2023-08-08 04:00:00,0.00001976,0.00002007,0.00001971,0.00002001,177424.50000000,1691481599999,3.53246712,691,81848.40000000,1.63013227,0
2023-08-08 08:00:00,0.00001998,0.00002016,0.00001986,0.00002012,159909.30000000,1691495999999,3.20435884,579,81467.10000000,1.63263381,0
2023-08-08 12:00:00,0.00002010,0.00002012,0.00001997,0.00002007,146566.10000000,1691510399999,2.94038367,855,51679.60000000,1.03664583,0
2023-08-08 16:00:00,0.00002006,0.00002006,0.00001984,0.00001990,93947.30000000,1691524799999,1.87388403,644,36084.30000000,0.71984162,0
2023-08-08 20:00:00,0.00001991,0.00002013,0.00001987,0.00001996,209672.10000000,1691539199999,4.19515326,515,122049.70000000,2.44288657,0
2023-08-09 00:00:00,0.00001997,0.00002002,0.00001992,0.00001997,65567.00000000,1691553599999,1.30895525,261,36379.30000000,0.72648788,0
2023-08-09 04:00:00,0.00001995,0.00002017,0.00001994,0.00002011,84706.10000000,1691567999999,1.69588707,408,41323.60000000,0.82925261,0
2023-08-09 08:00:00,0.00002012,0.00002022,0.00002005,0.00002007,111239.00000000,1691582399999,2.23957008,480,53870.60000000,1.08518977,0
2023-08-09 12:00:00,0.00002007,0.00002093,0.00002005,0.00002026,719790.40000000,1691596799999,14.76206716,2963,422677.90000000,8.67159338,0
2023-08-09 16:00:00,0.00002024,0.00002032,0.00002014,0.00002020,190573.90000000,1691611199999,3.85590898,740,60261.50000000,1.21923468,0
2023-08-09 20:00:00,0.00002020,0.00002021,0.00001995,0.00002011,75756.10000000,1691625599999,1.51912861,404,22886.70000000,0.45866306,0
2023-08-10 00:00:00,0.00002010,0.00002026,0.00002007,0.00002022,98482.70000000,1691639999999,1.98462776,185,73014.30000000,1.47120056,0
2023-08-10 04:00:00,0.00002018,0.00002040,0.00002002,0.00002005,186120.60000000,1691654399999,3.75721117,803,91144.50000000,1.84353548,0
2023-08-10 08:00:00,0.00002007,0.00002010,0.00001993,0.00002004,63562.60000000,1691668799999,1.27210589,285,28991.10000000,0.58085586,0
2023-08-10 12:00:00,0.00002000,0.00002042,0.00002000,0.00002038,155762.00000000,1691683199999,3.15053464,835,82777.90000000,1.67624388,0
2023-08-10 16:00:00,0.00002036,0.00002058,0.00002034,0.00002053,90973.60000000,1691697599999,1.86304184,553,63102.00000000,1.29211259,0
2023-08-10 20:00:00,0.00002050,0.00002054,0.00002045,0.00002054,35161.00000000,1691711999999,0.72052806,216,16786.30000000,0.34413724,0
2023-08-11 00:00:00,0.00002055,0.00002072,0.00002052,0.00002061,67529.10000000,1691726399999,1.39414956,677,54326.70000000,1.12215659,0
2023-08-11 04:00:00,0.00002061,0.00002096,0.00002061,0.00002070,85885.80000000,1691740799999,1.78822846,1026,51866.10000000,1.08047565,0
2023-08-11 08:00:00,0.00002070,0.00002081,0.00002057,0.00002060,67661.30000000,1691755199999,1.40043111,448,26703.60000000,0.55287429,0
2023-08-11 12:00:00,0.00002063,0.00002063,0.00002045,0.00002046,51814.70000000,1691769599999,1.06292009,303,22230.40000000,0.45662202,0
2023-08-11 16:00:00,0.00002046,0.00002050,0.00002035,0.00002036,38071.70000000,1691783999999,0.77651780,334,24564.50000000,0.50109747,0
2023-08-11 20:00:00,0.00002037,0.00002059,0.00002032,0.00002056,24551.10000000,1691798399999,0.50205574,294,20693.50000000,0.42342191,0
2023-08-12 00:00:00,0.00002055,0.00002067,0.00002048,0.00002051,47118.80000000,1691812799999,0.96946376,350,31538.50000000,0.64899946,0
2023-08-12 04:00:00,0.00002053,0.00002066,0.00002053,0.00002060,34410.10000000,1691827199999,0.70880190,202,5288.60000000,0.10898284,0
2023-08-12 08:00:00,0.00002063,0.00002080,0.00002063,0.00002079,28633.80000000,1691841599999,0.59270238,177,24068.30000000,0.49803703,0
2023-08-12 12:00:00,0.00002079,0.00002087,0.00002062,0.00002066,51233.00000000,1691855999999,1.06137093,287,20668.10000000,0.42886932,0
2023-08-12 16:00:00,0.00002067,0.00002076,0.00002063,0.00002063,17545.00000000,1691870399999,0.36281022,263,8992.70000000,0.18602566,0
2023-08-12 20:00:00,0.00002063,0.00002071,0.00002062,0.00002063,30466.30000000,1691884799999,0.62899029,145,13844.50000000,0.28592454,0
2023-08-13 00:00:00,0.00002063,0.00002067,0.00002053,0.00002057,30838.30000000,1691899199999,0.63539078,308,18530.50000000,0.38186353,0
2023-08-13 04:00:00,0.00002057,0.00002063,0.00002049,0.00002057,22340.00000000,1691913599999,0.45926056,184,11715.00000000,0.24075252,0
2023-08-13 08:00:00,0.00002059,0.00002078,0.00002056,0.00002069,17386.60000000,1691927999999,0.35917965,271,12152.40000000,0.25097871,0
2023-08-13 12:00:00,0.00002066,0.00002088,0.00002062,0.00002065,58842.00000000,1691942399999,1.22016583,375,17882.00000000,0.37115890,0
2023-08-13 16:00:00,0.00002065,0.00002083,0.00002056,0.00002080,26002.00000000,1691956799999,0.53673564,430,12220.70000000,0.25257899,0
2023-08-13 20:00:00,0.00002081,0.00002081,0.00002029,0.00002042,143360.30000000,1691971199999,2.93152455,845,62042.70000000,1.26601343,0
2023-08-14 00:00:00,0.00002039,0.00002043,0.00002016,0.00002032,99722.50000000,1691985599999,2.02813176,264,59646.90000000,1.21499220,0
2023-08-14 04:00:00,0.00002034,0.00002045,0.00002034,0.00002043,27914.80000000,1691999999999,0.56993618,143,23160.10000000,0.47291631,0
2023-08-14 08:00:00,0.00002042,0.00002047,0.00002032,0.00002039,40144.50000000,1692014399999,0.81892774,204,15773.60000000,0.32165947,0
2023-08-14 12:00:00,0.00002036,0.00002042,0.00002026,0.00002034,78077.80000000,1692028799999,1.58934438,384,35654.60000000,0.72611999,0
2023-08-14 16:00:00,0.00002031,0.00002038,0.00002018,0.00002026,137917.10000000,1692043199999,2.79151096,414,55560.90000000,1.12487814,0
2023-08-14 20:00:00,0.00002027,0.00002039,0.00002027,0.00002039,25990.80000000,1692057599999,0.52805475,186,19085.00000000,0.38784053,0
2023-08-15 00:00:00,0.00002036,0.00002047,0.00002014,0.00002016,146067.30000000,1692071999999,2.95583598,453,91803.80000000,1.85631292,0
2023-08-15 04:00:00,0.00002018,0.00002019,0.00001998,0.00002011,80796.80000000,1692086399999,1.62243031,431,35267.40000000,0.70868119,0
2023-08-15 08:00:00,0.00002011,0.00002013,0.00001997,0.00002000,47479.40000000,1692100799999,0.95194864,197,20896.50000000,0.41898381,0
2023-08-15 12:00:00,0.00001997,0.00002005,0.00001989,0.00001997,87597.40000000,1692115199999,1.74994186,268,54268.60000000,1.08440437,0
2023-08-15 16:00:00,0.00001997,0.00002006,0.00001798,0.00001903,526659.70000000,1692129599999,10.11198030,1837,272877.50000000,5.22503471,0
2023-08-15 20:00:00,0.00001902,0.00001936,0.00001899,0.00001922,246097.00000000,1692143999999,4.72425609,617,156894.90000000,3.01062166,0
2023-08-16 00:00:00,0.00001922,0.00001977,0.00001908,0.00001957,1214955.70000000,1692158399999,23.76140153,2369,784237.40000000,15.33214985,0
2023-08-16 04:00:00,0.00001956,0.00001978,0.00001916,0.00001927,645727.20000000,1692172799999,12.55882203,1241,261870.30000000,5.10217284,0
2023-08-16 08:00:00,0.00001924,0.00001924,0.00001888,0.00001895,460568.80000000,1692187199999,8.77181237,862,284043.00000000,5.41417773,0
2023-08-16 12:00:00,0.00001894,0.00001897,0.00001848,0.00001848,360830.80000000,1692201599999,6.76051179,920,179807.00000000,3.37104534,0
2023-08-16 16:00:00,0.00001847,0.00001875,0.00001840,0.00001851,298767.90000000,1692215999999,5.56262916,652,148764.10000000,2.76697405,0
2023-08-16 20:00:00,0.00001851,0.00001859,0.00001768,0.00001837,590843.20000000,1692230399999,10.76120900,1289,296425.80000000,5.40038969,0
2023-08-17 00:00:00,0.00001836,0.00001876,0.00001800,0.00001852,588480.30000000,1692244799999,10.81976465,1495,370919.20000000,6.82242949,0
2023-08-17 04:00:00,0.00001848,0.00001863,0.00001844,0.00001862,123531.10000000,1692259199999,2.29020135,389,63725.00000000,1.18219323,0
2023-08-17 08:00:00,0.00001863,0.00001873,0.00001846,0.00001858,270841.80000000,1692273599999,5.03185533,508,112643.90000000,2.09462854,0
2023-08-17 12:00:00,0.00001857,0.00001869,0.00001836,0.00001856,262184.50000000,1692287999999,4.85981375,516,151613.10000000,2.81190661,0
2023-08-17 16:00:00,0.00001853,0.00001880,0.00001851,0.00001865,374643.70000000,1692302399999,6.96913789,987,314634.70000000,5.85506365,0
2023-08-17 20:00:00,0.00001864,0.00001876,0.00001746,0.00001784,946998.50000000,1692316799999,16.98240595,2208,481255.80000000,8.64642425,0
2023-08-18 00:00:00,0.00001785,0.00001808,0.00001761,0.00001789,1628911.20000000,1692331199999,28.97968856,1382,859959.20000000,15.29783159,0
2023-08-18 04:00:00,0.00001789,0.00001809,0.00001776,0.00001807,217407.70000000,1692345599999,3.89579881,431,118744.80000000,2.12829427,0
2023-08-18 08:00:00,0.00001806,0.00001817,0.00001792,0.00001809,284916.00000000,1692359999999,5.14922832,386,184272.00000000,3.32999610,0
2023-08-18 12:00:00,0.00001807,0.00001841,0.00001801,0.00001835,107361.40000000,1692374399999,1.95717723,323,42176.60000000,0.76896679,0
2023-08-18 16:00:00,0.00001835,0.00001846,0.00001814,0.00001825,196448.40000000,1692388799999,3.59519878,439,88628.90000000,1.62251890,0
2023-08-18 20:00:00,0.00001826,0.00001876,0.00001826,0.00001857,74867.00000000,1692403199999,1.38350620,318,46317.00000000,0.85529162,0
2023-08-19 00:00:00,0.00001856,0.00001912,0.00001854,0.00001910,293732.40000000,1692417599999,5.54403485,547,179927.90000000,3.39356868,0
2023-08-19 04:00:00,0.00001908,0.00001952,0.00001906,0.00001918,358893.50000000,1692431999999,6.92042090,592,112270.30000000,2.15545673,0
2023-08-19 08:00:00,0.00001918,0.00001963,0.00001912,0.00001935,180906.10000000,1692446399999,3.51768292,450,91617.10000000,1.78242215,0
2023-08-19 12:00:00,0.00001937,0.00001939,0.00001918,0.00001932,61304.00000000,1692460799999,1.18084697,278,39560.20000000,0.76184373,0
2023-08-19 16:00:00,0.00001933,0.00002160,0.00001933,0.00002123,1815508.50000000,1692475199999,37.65911347,4191,1050580.00000000,21.78149556,0
2023-08-19 20:00:00,0.00002122,0.00002149,0.00002063,0.00002143,870313.80000000,1692489599999,18.29979543,2298,513753.80000000,10.81200305,0
2023-08-20 00:00:00,0.00002145,0.00002184,0.00002091,0.00002111,706560.70000000,1692503999999,15.05949617,1686,351704.90000000,7.51415625,0
2023-08-20 04:00:00,0.00002111,0.00002135,0.00002063,0.00002114,379641.10000000,1692518399999,7.98159519,1135,197407.70000000,4.15534692,0
2023-08-20 08:00:00,0.00002117,0.00002179,0.00002095,0.00002150,417059.10000000,1692532799999,8.91169835,1352,248104.90000000,5.29870983,0
2023-08-20 12:00:00,0.00002153,0.00002197,0.00002091,0.00002100,738223.80000000,1692547199999,15.92638551,1922,402961.80000000,8.70702097,0
2023-08-20 16:00:00,0.00002100,0.00002110,0.00002075,0.00002081,206320.30000000,1692561599999,4.31067181,671,99304.60000000,2.07533604,0
2023-08-20 20:00:00,0.00002083,0.00002098,0.00002050,0.00002076,173993.30000000,1692575999999,3.59922232,557,62868.90000000,1.30180016,0
2023-08-21 00:00:00,0.00002073,0.00002094,0.00002021,0.00002031,129182.80000000,1692590399999,2.65676575,697,45213.30000000,0.93102445,0
2023-08-21 04:00:00,0.00002033,0.00002045,0.00002012,0.00002034,101332.10000000,1692604799999,2.05296057,533,55324.40000000,1.12246158,0
2023-08-21 08:00:00,0.00002033,0.00002045,0.00001993,0.00002034,167828.40000000,1692619199999,3.39697723,736,68461.30000000,1.38874871,0
2023-08-21 12:00:00,0.00002029,0.00002042,0.00001935,0.00001971,184427.00000000,1692633599999,3.68465309,690,91093.40000000,1.82492736,0
2023-08-21 16:00:00,0.00001972,0.00001983,0.00001958,0.00001978,209048.40000000,1692647999999,4.12483056,457,67919.60000000,1.34005394,0
2023-08-21 20:00:00,0.00001976,0.00001987,0.00001967,0.00001969,61218.80000000,1692662399999,1.21149492,184,47671.80000000,0.94356467,0
2023-08-22 00:00:00,0.00001970,0.00001978,0.00001936,0.00001972,195666.30000000,1692676799999,3.84263211,426,125781.60000000,2.46834854,0
2023-08-22 04:00:00,0.00001969,0.00002027,0.00001955,0.00002010,155843.00000000,1692691199999,3.12236308,663,87353.90000000,1.74594019,0
2023-08-22 08:00:00,0.00002010,0.00002143,0.00002010,0.00002094,738972.60000000,1692705599999,15.36847738,1757,351967.50000000,7.35443838,0
2023-08-22 12:00:00,0.00002101,0.00002137,0.00002042,0.00002044,516468.90000000,1692719999999,10.73575483,1544,272938.70000000,5.67888239,0
2023-08-22 16:00:00,0.00002043,0.00002083,0.00001997,0.00002027,566009.20000000,1692734399999,11.48412198,1370,242395.30000000,4.93959891,0
2023-08-22 20:00:00,0.00002029,0.00002099,0.00002020,0.00002057,305174.90000000,1692748799999,6.28838519,1047,196027.50000000,4.04210812,0
2023-08-23 00:00:00,0.00002058,0.00002224,0.00002056,0.00002175,1140144.10000000,1692763199999,24.71502768,2450,725165.40000000,15.72054656,0
2023-08-23 04:00:00,0.00002178,0.00002237,0.00002175,0.00002197,862986.00000000,1692777599999,19.03448459,1581,339636.50000000,7.49265653,0
2023-08-23 08:00:00,0.00002195,0.00002255,0.00002195,0.00002218,599439.20000000,1692791999999,13.37995200,1283,349039.20000000,7.80258486,0
2023-08-23 12:00:00,0.00002219,0.00002284,0.00002191,0.00002243,732221.90000000,1692806399999,16.38187307,2001,354653.80000000,7.93193771,0
2023-08-23 16:00:00,0.00002241,0.00002364,0.00002234,0.00002282,570145.90000000,1692820799999,13.09110647,1939,310161.00000000,7.12257009,0
2023-08-23 20:00:00,0.00002281,0.00002309,0.00002261,0.00002276,417079.10000000,1692835199999,9.54286669,1235,271603.40000000,6.21625345,0
2023-08-24 00:00:00,0.00002277,0.00002343,0.00002235,0.00002271,1244913.50000000,1692849599999,28.52964363,2672,814081.80000000,18.67044630,0
2023-08-24 04:00:00,0.00002272,0.00002300,0.00002248,0.00002287,309645.60000000,1692863999999,7.05017854,779,228427.00000000,5.20380860,0
2023-08-24 08:00:00,0.00002289,0.00002296,0.00002217,0.00002222,269655.50000000,1692878399999,6.04084847,691,168328.10000000,3.76886374,0
2023-08-24 12:00:00,0.00002223,0.00002230,0.00002194,0.00002200,641669.60000000,1692892799999,14.18415216,1233,383155.70000000,8.46920652,0
2023-08-24 16:00:00,0.00002199,0.00002209,0.00002163,0.00002181,377223.60000000,1692907199999,8.24747555,1014,111787.80000000,2.44396683,0
2023-08-24 20:00:00,0.00002178,0.00002195,0.00002143,0.00002187,464017.40000000,1692921599999,10.05268110,1034,208902.90000000,4.53916263,0
2023-08-25 00:00:00,0.00002187,0.00002187,0.00002087,0.00002089,358040.00000000,1692935999999,7.62312080,977,191855.50000000,4.08032447,0
2023-08-25 04:00:00,0.00002087,0.00002093,0.00002051,0.00002082,333505.30000000,1692950399999,6.90606496,925,219192.40000000,4.53751051,0
2023-08-25 08:00:00,0.00002083,0.00002113,0.00002073,0.00002097,201630.70000000,1692964799999,4.22549486,547,98503.40000000,2.06409844,0
2023-08-25 12:00:00,0.00002091,0.00002173,0.00002078,0.00002132,365486.50000000,1692979199999,7.74746350,1279,180374.20000000,3.82623368,0
2023-08-25 16:00:00,0.00002128,0.00002129,0.00002075,0.00002111,139099.00000000,1692993599999,2.92235182,601,75550.80000000,1.58434453,0
2023-08-25 20:00:00,0.00002104,0.00002147,0.00002098,0.00002136,127319.60000000,1693007999999,2.70649664,406,70726.80000000,1.50391591,0
2023-08-26 00:00:00,0.00002138,0.00002264,0.00002098,0.00002216,825083.70000000,1693022399999,18.07739541,2487,439601.10000000,9.59624816,0
2023-08-26 04:00:00,0.00002214,0.00002264,0.00002199,0.00002241,442276.70000000,1693036799999,9.89315829,1432,304069.20000000,6.80883423,0
2023-08-26 08:00:00,0.00002242,0.00002319,0.00002242,0.00002297,665564.70000000,1693051199999,15.23692014,1614,388867.60000000,8.89703361,0
2023-08-26 12:00:00,0.00002293,0.00002314,0.00002252,0.00002271,442388.60000000,1693065599999,10.08470284,1157,308271.20000000,7.02934721,0
2023-08-26 16:00:00,0.00002273,0.00002277,0.00002214,0.00002249,300097.40000000,1693079999999,6.75020197,1003,195977.20000000,4.41020146,0
2023-08-26 20:00:00,0.00002249,0.00002282,0.00002226,0.00002259,286782.70000000,1693094399999,6.45754863,929,159934.20000000,3.60872062,0
2023-08-27 00:00:00,0.00002257,0.00002290,0.00002205,0.00002223,253731.80000000,1693108799999,5.68008450,813,133452.90000000,2.98830054,0
2023-08-27 04:00:00,0.00002221,0.00002233,0.00002212,0.00002220,107181.70000000,1693123199999,2.38244943,298,68465.90000000,1.52267724,0
2023-08-27 08:00:00,0.00002216,0.00002254,0.00002216,0.00002234,179015.20000000,1693137599999,3.99518038,522,115007.90000000,2.56691836,0
2023-08-27 12:00:00,0.00002229,0.00002262,0.00002217,0.00002224,123857.10000000,1693151999999,2.77228004,374,63982.50000000,1.43107697,0
2023-08-27 16:00:00,0.00002225,0.00002266,0.00002218,0.00002234,145371.40000000,1693166399999,3.25427700,488,82160.80000000,1.84061395,0
2023-08-27 20:00:00,0.00002231,0.00002243,0.00002217,0.00002234,84939.20000000,1693180799999,1.89494491,202,22495.10000000,0.50219194,0
2023-08-28 00:00:00,0.00002233,0.00002233,0.00002110,0.00002123,322940.40000000,1693195199999,6.94751179,1333,198611.30000000,4.25909555,0
2023-08-28 04:00:00,0.00002127,0.00002127,0.00002083,0.00002091,527665.90000000,1693209599999,11.09152904,1093,295855.10000000,6.21426920,0
2023-08-28 08:00:00,0.00002087,0.00002103,0.00002070,0.00002091,177241.80000000,1693223999999,3.69960859,664,116930.70000000,2.44189630,0
2023-08-28 12:00:00,0.00002091,0.00002105,0.00002069,0.00002077,175944.10000000,1693238399999,3.66705510,547,123829.10000000,2.58055380,0
2023-08-28 16:00:00,0.00002079,0.00002090,0.00002062,0.00002087,65400.90000000,1693252799999,1.35960018,257,56673.20000000,1.17832357,0
2023-08-28 20:00:00,0.00002082,0.00002108,0.00002080,0.00002099,110271.30000000,1693267199999,2.30371801,303,68145.20000000,1.42215126,0
2023-08-29 00:00:00,0.00002095,0.00002113,0.00001947,0.00002007,465687.80000000,1693281599999,9.48491445,1318,220606.00000000,4.49270232,0
2023-08-29 04:00:00,0.00002005,0.00002015,0.00001983,0.00001994,113280.10000000,1693295999999,2.26388798,442,80164.00000000,1.60179344,0
2023-08-29 08:00:00,0.00001996,0.00002005,0.00001967,0.00001967,88011.00000000,1693310399999,1.74587877,398,47994.20000000,0.95268577,0
2023-08-29 12:00:00,0.00001967,0.00001997,0.00001925,0.00001940,607695.80000000,1693324799999,11.98871151,1019,276817.60000000,5.47274184,0
2023-08-29 16:00:00,0.00001943,0.00001943,0.00001901,0.00001911,259914.80000000,1693339199999,4.97586760,673,168485.60000000,3.22509973,0
2023-08-29 20:00:00,0.00001912,0.00001991,0.00001912,0.00001968,429430.90000000,1693353599999,8.40527851,1148,351637.80000000,6.88313590,0
2023-08-30 00:00:00,0.00001967,0.00001970,0.00001911,0.00001921,410839.20000000,1693367999999,7.93774383,1147,353526.50000000,6.83149136,0
2023-08-30 04:00:00,0.00001918,0.00001939,0.00001914,0.00001926,119014.20000000,1693382399999,2.29432050,454,74086.50000000,1.42907216,0
2023-08-30 08:00:00,0.00001932,0.00001943,0.00001917,0.00001917,150379.50000000,1693396799999,2.89788097,458,102458.40000000,1.97436354,0
2023-08-30 12:00:00,0.00001918,0.00001930,0.00001903,0.00001919,231307.70000000,1693411199999,4.43391246,558,195606.40000000,3.75042489,0
2023-08-30 16:00:00,0.00001917,0.00001923,0.00001910,0.00001919,68070.20000000,1693425599999,1.30452394,279,40310.20000000,0.77254294,0
2023-08-30 20:00:00,0.00001916,0.00001929,0.00001913,0.00001925,54309.40000000,1693439999999,1.04415734,264,19393.70000000,0.37296313,0
2023-08-31 00:00:00,0.00001924,0.00001924,0.00001889,0.00001891,102991.00000000,1693454399999,1.95980214,286,70295.20000000,1.33686597,0
2023-08-31 04:00:00,0.00001890,0.00001906,0.00001890,0.00001901,52443.10000000,1693468799999,0.99567098,138,48419.00000000,0.91930127,0
2023-08-31 08:00:00,0.00001900,0.00001910,0.00001892,0.00001905,84698.20000000,1693483199999,1.61140351,247,45330.40000000,0.86262410,0
2023-08-31 12:00:00,0.00001906,0.00001909,0.00001853,0.00001863,160426.60000000,1693497599999,3.00535124,738,92453.90000000,1.72945304,0
2023-08-31 16:00:00,0.00001862,0.00001916,0.00001849,0.00001910,145559.80000000,1693511999999,2.73773837,898,103613.20000000,1.94890678,0
2023-08-31 20:00:00,0.00001912,0.00001942,0.00001909,0.00001929,54746.90000000,1693526399999,1.05664961,301,23185.70000000,0.44714400,0
2023-09-01 00:00:00,0.00001929,0.00001980,0.00001928,0.00001962,97732.30000000,1693540799999,1.91162266,393,67023.40000000,1.30969416,0
2023-09-01 04:00:00,0.00001964,0.00001978,0.00001950,0.00001958,56070.40000000,1693555199999,1.10012617,201,34511.50000000,0.67625809,0
2023-09-01 08:00:00,0.00001959,0.00001964,0.00001928,0.00001934,62373.20000000,1693569599999,1.21173198,368,35301.40000000,0.68547313,0
2023-09-01 12:00:00,0.00001934,0.00001943,0.00001916,0.00001931,96959.10000000,1693583999999,1.86789125,442,41624.60000000,0.80225796,0
2023-09-01 16:00:00,0.00001931,0.00001933,0.00001877,0.00001896,103615.40000000,1693598399999,1.97146808,565,33558.40000000,0.63946611,0
2023-09-01 20:00:00,0.00001895,0.00001901,0.00001881,0.00001895,34280.00000000,1693612799999,0.64830767,179,27013.60000000,0.51088385,0
2023-09-02 00:00:00,0.00001893,0.00001913,0.00001889,0.00001913,48308.70000000,1693627199999,0.91765816,336,36694.40000000,0.69753008,0
2023-09-02 04:00:00,0.00001912,0.00001954,0.00001911,0.00001918,110572.80000000,1693641599999,2.13365671,336,52659.30000000,1.01622364,0
2023-09-02 08:00:00,0.00001921,0.00001931,0.00001883,0.00001896,120814.70000000,1693655999999,2.29793074,590,79522.50000000,1.51161750,0
2023-09-02 12:00:00,0.00001899,0.00001899,0.00001874,0.00001898,77030.00000000,1693670399999,1.45766025,387,54368.80000000,1.02952493,0
2023-09-02 16:00:00,0.00001901,0.00001907,0.00001872,0.00001893,37953.30000000,1693684799999,0.71954240,196,25611.90000000,0.48557991,0
2023-09-02 20:00:00,0.00001892,0.00001899,0.00001882,0.00001899,15439.30000000,1693699199999,0.29147024,154,11503.70000000,0.21716608,0
2023-09-03 00:00:00,0.00001896,0.00001941,0.00001896,0.00001913,153619.50000000,1693713599999,2.95320462,856,79068.90000000,1.51748695,0
2023-09-03 04:00:00,0.00001908,0.00001913,0.00001875,0.00001876,100551.90000000,1693727999999,1.90746467,198,84980.00000000,1.61325504,0
2023-09-03 08:00:00,0.00001874,0.00001874,0.00001843,0.00001856,316278.60000000,1693742399999,5.86712628,604,256627.20000000,4.75715206,0
2023-09-03 12:00:00,0.00001855,0.00001863,0.00001850,0.00001850,143216.10000000,1693756799999,2.65711225,253,128397.60000000,2.38222795,0
2023-09-03 16:00:00,0.00001849,0.00001873,0.00001831,0.00001871,112807.00000000,1693771199999,2.09519957,366,48113.90000000,0.89109854,0
2023-09-03 20:00:00,0.00001862,0.00001876,0.00001856,0.00001863,62830.90000000,1693785599999,1.17355941,261,36011.40000000,0.67272254,0
2023-09-04 00:00:00,0.00001866,0.00001893,0.00001866,0.00001870,167546.60000000,1693799999999,3.14946306,531,37053.30000000,0.69674392,0
2023-09-04 04:00:00,0.00001869,0.00001882,0.00001860,0.00001880,41410.20000000,1693814399999,0.77492966,278,13287.90000000,0.24887264,0
2023-09-04 08:00:00,0.00001875,0.00001893,0.00001857,0.00001860,179053.80000000,1693828799999,3.35657174,696,102180.30000000,1.91376711,0
2023-09-04 12:00:00,0.00001858,0.00001887,0.00001848,0.00001881,158020.10000000,1693843199999,2.94588189,508,107076.50000000,1.99459585,0
2023-09-04 16:00:00,0.00001880,0.00001919,0.00001863,0.00001872,133991.20000000,1693857599999,2.51945811,823,91548.90000000,1.72236698,0
2023-09-04 20:00:00,0.00001871,0.00001874,0.00001842,0.00001869,96990.40000000,1693871999999,1.80060548,320,49033.30000000,0.91210388,0
2023-09-05 00:00:00,0.00001871,0.00001872,0.00001826,0.00001838,91009.50000000,1693886399999,1.67994488,363,42372.10000000,0.78324129,0
2023-09-05 04:00:00,0.00001840,0.00001849,0.00001833,0.00001842,70029.60000000,1693900799999,1.28789077,292,26750.80000000,0.49215613,0
2023-09-05 08:00:00,0.00001849,0.00001866,0.00001837,0.00001863,66414.20000000,1693915199999,1.22725501,341,49060.80000000,0.90675943,0
2023-09-05 12:00:00,0.00001862,0.00001883,0.00001850,0.00001863,94268.40000000,1693929599999,1.76184869,721,41395.90000000,0.77305465,0
2023-09-05 16:00:00,0.00001864,0.00001900,0.00001862,0.00001882,63792.20000000,1693943999999,1.20392285,514,33780.60000000,0.63805870,0
2023-09-05 20:00:00,0.00001882,0.00001912,0.00001878,0.00001903,23944.60000000,1693958399999,0.45535282,424,15485.00000000,0.29475291,0
2023-09-06 00:00:00,0.00001903,0.00001910,0.00001882,0.00001884,81628.70000000,1693972799999,1.54516638,360,29386.30000000,0.55665956,0
2023-09-06 04:00:00,0.00001886,0.00001886,0.00001859,0.00001869,244839.80000000,1693987199999,4.56712462,726,165883.60000000,3.09157116,0
2023-09-06 08:00:00,0.00001870,0.00001901,0.00001864,0.00001901,119231.70000000,1694001599999,2.24358815,290,42797.40000000,0.80551952,0
2023-09-06 12:00:00,0.00001901,0.00001910,0.00001882,0.00001891,86707.80000000,1694015999999,1.63978216,507,43908.50000000,0.83106380,0
2023-09-06 16:00:00,0.00001890,0.00001923,0.00001845,0.00001860,376954.30000000,1694030399999,7.08468613,1556,207824.60000000,3.89756179,0
2023-09-06 20:00:00,0.00001860,0.00001872,0.00001860,0.00001869,58048.10000000,1694044799999,1.08377860,125,50709.30000000,0.94672111,0
2023-09-07 00:00:00,0.00001870,0.00001878,0.00001860,0.00001877,140841.10000000,1694059199999,2.63306806,360,107631.90000000,2.01322531,0
2023-09-07 04:00:00,0.00001875,0.00001883,0.00001862,0.00001872,106246.20000000,1694073599999,1.98616905,226,93877.70000000,1.75503577,0
2023-09-07 08:00:00,0.00001873,0.00001883,0.00001854,0.00001857,66615.80000000,1694087999999,1.24227148,232,13358.20000000,0.24957364,0
2023-09-07 12:00:00,0.00001857,0.00001871,0.00001856,0.00001864,20708.90000000,1694102399999,0.38619654,131,12584.60000000,0.23449954,0
2023-09-07 16:00:00,0.00001865,0.00001872,0.00001853,0.00001856,48351.90000000,1694116799999,0.90112883,140,17599.10000000,0.32817701,0
2023-09-07 20:00:00,0.00001858,0.00001862,0.00001840,0.00001852,94218.00000000,1694131199999,1.73990221,224,63431.90000000,1.17162606,0
2023-09-08 00:00:00,0.00001849,0.00001873,0.00001841,0.00001858,184271.00000000,1694145599999,3.41397652,345,68059.70000000,1.26092133,0
2023-09-08 04:00:00,0.00001858,0.00001861,0.00001834,0.00001850,88461.60000000,1694159999999,1.63438453,252,24280.80000000,0.44765998,0
2023-09-08 08:00:00,0.00001849,0.00001859,0.00001842,0.00001850,71171.20000000,1694174399999,1.31655663,277,40035.00000000,0.74053681,0
2023-09-08 12:00:00,0.00001851,0.00001862,0.00001851,0.00001853,14935.40000000,1694188799999,0.27714443,90,7468.80000000,0.13861084,0
2023-09-08 16:00:00,0.00001850,0.00001864,0.00001848,0.00001858,21349.10000000,1694203199999,0.39712030,78,18190.60000000,0.33851469,0
2023-09-08 20:00:00,0.00001858,0.00001861,0.00001856,0.00001860,18251.60000000,1694217599999,0.33906844,81,7906.90000000,0.14687468,0
2023-09-09 00:00:00,0.00001856,0.00001866,0.00001846,0.00001859,32139.50000000,1694231999999,0.59585245,119,8739.40000000,0.16226833,0
2023-09-09 04:00:00,0.00001858,0.00001876,0.00001855,0.00001867,24756.20000000,1694246399999,0.46095978,199,9174.10000000,0.17099449,0
2023-09-09 08:00:00,0.00001866,0.00001872,0.00001860,0.00001866,15711.00000000,1694260799999,0.29321986,87,7427.30000000,0.13862940,0
2023-09-09 12:00:00,0.00001861,0.00001863,0.00001852,0.00001858,30293.10000000,1694275199999,0.56152786,102,6577.40000000,0.12210361,0
2023-09-09 16:00:00,0.00001860,0.00001862,0.00001848,0.00001851,4360.60000000,1694289599999,0.08091338,36,1390.20000000,0.02580265,0
2023-09-09 20:00:00,0.00001855,0.00001864,0.00001855,0.00001858,5760.60000000,1694303999999,0.10708151,47,4142.20000000,0.07700542,0
2023-09-10 00:00:00,0.00001856,0.00001858,0.00001837,0.00001848,44603.60000000,1694318399999,0.82371111,202,18989.20000000,0.35125799,0
2023-09-10 04:00:00,0.00001848,0.00001848,0.00001750,0.00001795,312304.50000000,1694332799999,5.56742293,1268,191629.70000000,3.41297101,0
2023-09-10 08:00:00,0.00001792,0.00001793,0.00001781,0.00001787,241464.10000000,1694347199999,4.31438056,605,42864.70000000,0.76617463,0
2023-09-10 12:00:00,0.00001787,0.00001796,0.00001758,0.00001774,45441.60000000,1694361599999,0.80954329,255,27215.90000000,0.48581194,0
2023-09-10 16:00:00,0.00001771,0.00001771,0.00001737,0.00001744,55903.00000000,1694375999999,0.97986768,265,12596.50000000,0.22090531,0
2023-09-10 20:00:00,0.00001746,0.00001767,0.00001746,0.00001761,53865.70000000,1694390399999,0.94847601,162,40061.20000000,0.70581525,0
2023-09-11 00:00:00,0.00001762,0.00001762,0.00001732,0.00001751,124204.20000000,1694404799999,2.17503288,313,53844.00000000,0.94381152,0
2023-09-11 04:00:00,0.00001743,0.00001753,0.00001732,0.00001734,85195.60000000,1694419199999,1.48916088,165,74769.90000000,1.30748091,0
2023-09-11 08:00:00,0.00001734,0.00001735,0.00001650,0.00001682,600205.50000000,1694433599999,10.13270941,1299,525102.10000000,8.86047472,0
2023-09-11 12:00:00,0.00001683,0.00001722,0.00001674,0.00001722,86145.20000000,1694447999999,1.45787838,316,32371.00000000,0.54818684,0
2023-09-11 16:00:00,0.00001720,0.00001725,0.00001671,0.00001683,71010.40000000,1694462399999,1.20032346,386,27782.30000000,0.47073897,0
2023-09-11 20:00:00,0.00001681,0.00001696,0.00001678,0.00001695,76036.00000000,1694476799999,1.28181695,267,70714.10000000,1.19199842,0
2023-09-12 00:00:00,0.00001695,0.00001759,0.00001692,0.00001722,275542.50000000,1694491199999,4.76908026,697,181767.70000000,3.13786967,0
2023-09-12 04:00:00,0.00001724,0.00001732,0.00001713,0.00001723,149091.30000000,1694505599999,2.56471012,611,81938.10000000,1.41034761,0
2023-09-12 08:00:00,0.00001720,0.00001745,0.00001705,0.00001716,450554.80000000,1694519999999,7.76347553,735,192163.20000000,3.31190972,0
2023-09-12 12:00:00,0.00001717,0.00001719,0.00001649,0.00001650,742261.30000000,1694534399999,12.53086045,834,471361.50000000,7.92983623,0
2023-09-12 16:00:00,0.00001649,0.00001650,0.00001629,0.00001642,415798.50000000,1694548799999,6.81395500,756,397832.60000000,6.51926897,0
2023-09-12 20:00:00,0.00001642,0.00001657,0.00001637,0.00001656,40244.40000000,1694563199999,0.66281805,169,29066.90000000,0.47872546,0
2023-09-13 00:00:00,0.00001656,0.00001674,0.00001637,0.00001642,31378.10000000,1694577599999,0.51688840,166,6467.00000000,0.10700688,0
2023-09-13 04:00:00,0.00001641,0.00001704,0.00001619,0.00001658,187629.90000000,1694591999999,3.10163973,532,132531.90000000,2.18725879,0
2023-09-13 08:00:00,0.00001659,0.00001682,0.00001657,0.00001666,85296.10000000,1694606399999,1.42530057,254,55644.40000000,0.93055612,0
2023-09-13 12:00:00,0.00001668,0.00001673,0.00001651,0.00001656,59714.30000000,1694620799999,0.98930173,324,9396.70000000,0.15600541,0
2023-09-13 16:00:00,0.00001654,0.00001661,0.00001646,0.00001660,79546.80000000,1694635199999,1.31241063,239,44853.30000000,0.73954305,0
2023-09-13 20:00:00,0.00001661,0.00001692,0.00001656,0.00001687,347743.60000000,1694649599999,5.85531769,619,114374.60000000,1.92125280,0
2023-09-14 00:00:00,0.00001690,0.00001708,0.00001677,0.00001681,117615.10000000,1694663999999,1.99112939,414,47854.30000000,0.81041426,0
2023-09-14 04:00:00,0.00001681,0.00001684,0.00001665,0.00001665,140951.80000000,1694678399999,2.35729693,331,48066.30000000,0.80453208,0
2023-09-14 08:00:00,0.00001665,0.00001673,0.00001660,0.00001667,64189.90000000,1694692799999,1.06859588,129,39473.60000000,0.65691881,0
2023-09-14 12:00:00,0.00001667,0.00001669,0.00001644,0.00001659,580544.20000000,1694707199999,9.60550220,540,347175.20000000,5.74267602,0
2023-09-14 16:00:00,0.00001655,0.00001658,0.00001650,0.00001658,101863.70000000,1694721599999,1.68341632,133,39549.30000000,0.65380642,0
2023-09-14 20:00:00,0.00001659,0.00001696,0.00001656,0.00001675,467709.20000000,1694735999999,7.86703492,570,182437.60000000,3.05903002,0
2023-09-15 00:00:00,0.00001680,0.00001680,0.00001655,0.00001669,104160.10000000,1694750399999,1.73350682,243,42844.50000000,0.71434331,0
2023-09-15 04:00:00,0.00001669,0.00001681,0.00001637,0.00001640,446944.90000000,1694764799999,7.40210943,510,296938.70000000,4.90744991,0
2023-09-15 08:00:00,0.00001640,0.00001646,0.00001631,0.00001639,17287.40000000,1694779199999,0.28328614,104,9520.00000000,0.15593147,0
2023-09-15 12:00:00,0.00001641,0.00001667,0.00001641,0.00001667,52034.80000000,1694793599999,0.85986414,248,25331.50000000,0.41898575,0
2023-09-15 16:00:00,0.00001667,0.00001669,0.00001653,0.00001668,40040.60000000,1694807999999,0.66490581,125,9608.30000000,0.15970363,0
2023-09-15 20:00:00,0.00001670,0.00001681,0.00001663,0.00001675,43968.40000000,1694822399999,0.73545876,184,24571.80000000,0.41062808,0
2023-09-16 00:00:00,0.00001679,0.00001738,0.00001675,0.00001705,150179.70000000,1694836799999,2.57454402,537,56089.10000000,0.95791806,0
2023-09-16 04:00:00,0.00001705,0.00001730,0.00001694,0.00001728,86004.50000000,1694851199999,1.47520113,416,54421.90000000,0.93325048,0
2023-09-16 08:00:00,0.00001727,0.00001751,0.00001704,0.00001742,123590.20000000,1694865599999,2.12940037,314,55881.50000000,0.96327725,0
2023-09-16 12:00:00,0.00001742,0.00001758,0.00001701,0.00001714,235355.80000000,1694879999999,4.04859517,811,120544.40000000,2.07788309,0
2023-09-16 16:00:00,0.00001715,0.00001725,0.00001708,0.00001716,17886.80000000,1694894399999,0.30676279,173,13590.90000000,0.23313181,0
2023-09-16 20:00:00,0.00001718,0.00001757,0.00001718,0.00001757,25191.50000000,1694908799999,0.43912121,143,22259.40000000,0.38808706,0
2023-09-17 00:00:00,0.00001757,0.00001757,0.00001688,0.00001701,79059.80000000,1694923199999,1.34991127,432,43789.30000000,0.74697812,0
2023-09-17 04:00:00,0.00001695,0.00001698,0.00001671,0.00001671,54695.80000000,1694937599999,0.92197525,159,38626.30000000,0.65162458,0
2023-09-17 08:00:00,0.00001671,0.00001684,0.00001671,0.00001677,13253.80000000,1694951999999,0.22230613,93,7847.70000000,0.13170122,0
2023-09-17 12:00:00,0.00001677,0.00001681,0.00001668,0.00001670,65976.00000000,1694966399999,1.10390579,168,19493.70000000,0.32636830,0
2023-09-17 16:00:00,0.00001669,0.00001670,0.00001645,0.00001659,69778.00000000,1694980799999,1.15552379,294,42764.70000000,0.70840380,0
2023-09-17 20:00:00,0.00001660,0.00001660,0.00001607,0.00001640,163977.10000000,1694995199999,2.67277531,500,74000.50000000,1.20603434,0
2023-09-18 00:00:00,0.00001637,0.00001653,0.00001614,0.00001653,109390.40000000,1695009599999,1.78278496,368,51315.40000000,0.83763755,0
2023-09-18 04:00:00,0.00001655,0.00001655,0.00001639,0.00001644,27003.90000000,1695023999999,0.44463519,115,11584.00000000,0.19071470,0
2023-09-18 08:00:00,0.00001643,0.00001659,0.00001638,0.00001640,37307.40000000,1695038399999,0.61358471,166,6321.90000000,0.10405231,0
2023-09-18 12:00:00,0.00001641,0.00001649,0.00001627,0.00001640,39818.70000000,1695052799999,0.65262064,284,15544.30000000,0.25430311,0
2023-09-18 16:00:00,0.00001641,0.00001645,0.00001633,0.00001641,64690.80000000,1695067199999,1.06178404,188,53956.20000000,0.88581652,0
2023-09-18 20:00:00,0.00001644,0.00001687,0.00001644,0.00001673,323701.70000000,1695081599999,5.43315063,558,62710.80000000,1.04535856,0
2023-09-19 00:00:00,0.00001674,0.00001702,0.00001674,0.00001691,72668.70000000,1695095999999,1.22516365,328,28007.20000000,0.47309691,0
2023-09-19 04:00:00,0.00001697,0.00001702,0.00001664,0.00001666,16236.40000000,1695110399999,0.27360778,158,5970.70000000,0.10065772,0
2023-09-19 08:00:00,0.00001668,0.00001674,0.00001656,0.00001662,30170.70000000,1695124799999,0.50144377,199,15597.70000000,0.25907397,0
2023-09-19 12:00:00,0.00001663,0.00001668,0.00001645,0.00001647,252920.90000000,1695139199999,4.20137503,298,167108.80000000,2.77652802,0
2023-09-19 16:00:00,0.00001647,0.00001661,0.00001645,0.00001653,10141.00000000,1695153599999,0.16772378,114,7063.20000000,0.11690536,0
2023-09-19 20:00:00,0.00001653,0.00001672,0.00001651,0.00001670,45667.30000000,1695167999999,0.75781101,196,22547.20000000,0.37394183,0
2023-09-20 00:00:00,0.00001670,0.00001670,0.00001634,0.00001641,49931.50000000,1695182399999,0.82674003,194,15751.00000000,0.26080617,0
2023-09-20 04:00:00,0.00001638,0.00001647,0.00001635,0.00001640,48405.30000000,1695196799999,0.79379358,242,17871.70000000,0.29306058,0
2023-09-20 08:00:00,0.00001638,0.00001639,0.00001627,0.00001632,56305.20000000,1695211199999,0.91913825,186,26384.60000000,0.43078569,0
2023-09-20 12:00:00,0.00001632,0.00001634,0.00001625,0.00001630,15102.70000000,1695225599999,0.24567324,95,2816.00000000,0.04588846,0
2023-09-20 16:00:00,0.00001630,0.00001643,0.00001627,0.00001639,54003.50000000,1695239999999,0.88267353,190,33732.10000000,0.55154004,0
2023-09-20 20:00:00,0.00001639,0.00001647,0.00001634,0.00001647,13863.40000000,1695254399999,0.22718809,74,6934.70000000,0.11372998,0
2023-09-21 00:00:00,0.00001648,0.00001691,0.00001646,0.00001680,117673.40000000,1695268799999,1.97098824,681,80760.40000000,1.35251236,0
2023-09-21 04:00:00,0.00001674,0.00001676,0.00001640,0.00001648,80405.70000000,1695283199999,1.33143963,401,19767.30000000,0.32636265,0
2023-09-21 08:00:00,0.00001648,0.00001649,0.00001630,0.00001639,79290.00000000,1695297599999,1.29966625,206,65357.90000000,1.07135965,0
2023-09-21 12:00:00,0.00001639,0.00001657,0.00001637,0.00001650,293395.80000000,1695311999999,4.82007416,323,164198.30000000,2.69987542,0
2023-09-21 16:00:00,0.00001652,0.00001656,0.00001642,0.00001653,72476.60000000,1695326399999,1.19676133,133,7262.40000000,0.11982985,0
2023-09-21 20:00:00,0.00001654,0.00001662,0.00001644,0.00001653,70782.70000000,1695340799999,1.17044679,344,34954.60000000,0.57723155,0
2023-09-22 00:00:00,0.00001657,0.00001663,0.00001639,0.00001663,37641.10000000,1695355199999,0.61887596,244,28363.60000000,0.46634403,0
2023-09-22 04:00:00,0.00001663,0.00001668,0.00001654,0.00001659,42230.60000000,1695369599999,0.70184932,116,18614.90000000,0.30955042,0
2023-09-22 08:00:00,0.00001659,0.00001666,0.00001656,0.00001665,27666.20000000,1695383999999,0.45987258,90,21144.80000000,0.35157600,0
2023-09-22 12:00:00,0.00001665,0.00001666,0.00001654,0.00001657,44154.10000000,1695398399999,0.73361805,197,22892.70000000,0.38059437,0
2023-09-22 16:00:00,0.00001658,0.00001669,0.00001649,0.00001660,38228.60000000,1695412799999,0.63278360,206,24520.00000000,0.40566407,0
2023-09-22 20:00:00,0.00001660,0.00001676,0.00001656,0.00001675,48103.50000000,1695427199999,0.80340107,183,15089.80000000,0.25196109,0
2023-09-23 00:00:00,0.00001675,0.00001689,0.00001662,0.00001666,95830.00000000,1695441599999,1.60957202,409,43352.60000000,0.72849820,0
2023-09-23 04:00:00,0.00001664,0.00001683,0.00001663,0.00001680,72008.90000000,1695455999999,1.20778763,225,63419.50000000,1.06379995,0
2023-09-23 08:00:00,0.00001678,0.00001697,0.00001678,0.00001683,27638.60000000,1695470399999,0.46618154,179,16350.30000000,0.27604739,0
2023-09-23 12:00:00,0.00001684,0.00001688,0.00001657,0.00001658,56984.30000000,1695484799999,0.95043619,326,43396.40000000,0.72405883,0
2023-09-23 16:00:00,0.00001657,0.00001667,0.00001655,0.00001665,25174.10000000,1695499199999,0.41801965,159,16012.10000000,0.26579480,0
2023-09-23 20:00:00,0.00001666,0.00001676,0.00001666,0.00001676,8028.60000000,1695513599999,0.13422306,102,6231.20000000,0.10420844,0
2023-09-24 00:00:00,0.00001678,0.00001680,0.00001657,0.00001657,12713.20000000,1695527999999,0.21161153,104,6276.20000000,0.10444886,0
2023-09-24 04:00:00,0.00001659,0.00001667,0.00001658,0.00001666,22523.70000000,1695542399999,0.37417404,97,17199.30000000,0.28559411,0
2023-09-24 08:00:00,0.00001666,0.00001675,0.00001656,0.00001675,35279.50000000,1695556799999,0.58686973,136,27273.40000000,0.45363302,0
2023-09-24 12:00:00,0.00001677,0.00001747,0.00001656,0.00001680,901463.40000000,1695571199999,15.34863275,2457,394434.80000000,6.72989426,0
2023-09-24 16:00:00,0.00001681,0.00001688,0.00001671,0.00001679,84960.20000000,1695585599999,1.42742101,260,36033.80000000,0.60539900,0
2023-09-24 20:00:00,0.00001678,0.00001681,0.00001662,0.00001668,90524.00000000,1695599999999,1.51407457,233,45070.70000000,0.75427736,0
2023-09-25 00:00:00,0.00001673,0.00001677,0.00001662,0.00001669,119422.60000000,1695614399999,1.99256487,265,25021.30000000,0.41831462,0
2023-09-25 04:00:00,0.00001671,0.00001682,0.00001670,0.00001674,38950.60000000,1695628799999,0.65217257,242,29286.90000000,0.49042775,0
2023-09-25 08:00:00,0.00001673,0.00001695,0.00001673,0.00001693,143770.20000000,1695643199999,2.42704697,405,133030.50000000,2.24557775,0
2023-09-25 12:00:00,0.00001690,0.00001708,0.00001682,0.00001705,43151.90000000,1695657599999,0.73108703,278,17987.60000000,0.30419145,0
2023-09-25 16:00:00,0.00001700,0.00001700,0.00001674,0.00001687,159169.20000000,1695671999999,2.67731448,453,138476.80000000,2.32871782,0
2023-09-25 20:00:00,0.00001685,0.00001692,0.00001680,0.00001683,28263.50000000,1695686399999,0.47628814,123,15831.00000000,0.26705622,0
2023-09-26 00:00:00,0.00001682,0.00001691,0.00001675,0.00001678,28397.20000000,1695700799999,0.47826613,171,8203.80000000,0.13801882,0
2023-09-26 04:00:00,0.00001677,0.00001686,0.00001675,0.00001685,28005.90000000,1695715199999,0.47098462,123,14245.00000000,0.23960559,0
2023-09-26 08:00:00,0.00001685,0.00001685,0.00001662,0.00001681,118920.30000000,1695729599999,1.99491866,328,42556.20000000,0.71124599,0
2023-09-26 12:00:00,0.00001679,0.00001682,0.00001671,0.00001680,78064.40000000,1695743999999,1.30875947,244,29604.80000000,0.49645788,0
2023-09-26 16:00:00,0.00001682,0.00001686,0.00001678,0.00001683,21901.30000000,1695758399999,0.36836408,152,9091.70000000,0.15295454,0
2023-09-26 20:00:00,0.00001682,0.00001684,0.00001663,0.00001672,22576.50000000,1695772799999,0.37802038,126,13304.90000000,0.22293472,0
2023-09-27 00:00:00,0.00001671,0.00001678,0.00001659,0.00001669,18550.70000000,1695787199999,0.31005312,125,4356.00000000,0.07261606,0
2023-09-27 04:00:00,0.00001666,0.00001670,0.00001663,0.00001666,14286.10000000,1695801599999,0.23806127,65,3694.70000000,0.06157567,0
2023-09-27 08:00:00,0.00001665,0.00001673,0.00001654,0.00001655,75505.80000000,1695815999999,1.25659027,330,24124.60000000,0.40190977,0
2023-09-27 12:00:00,0.00001655,0.00001659,0.00001638,0.00001647,146031.60000000,1695830399999,2.41079362,340,110279.10000000,1.82155214,0
2023-09-27 16:00:00,0.00001644,0.00001651,0.00001639,0.00001643,10921.50000000,1695844799999,0.17968849,102,5560.50000000,0.09154120,0
2023-09-27 20:00:00,0.00001646,0.00001661,0.00001643,0.00001658,42462.20000000,1695859199999,0.70180751,155,17679.60000000,0.29141376,0
2023-09-28 00:00:00,0.00001656,0.00001665,0.00001650,0.00001654,29066.40000000,1695873599999,0.48085223,135,10265.20000000,0.17001559,0
2023-09-28 04:00:00,0.00001654,0.00001661,0.00001652,0.00001658,29404.00000000,1695887999999,0.48718913,114,7836.90000000,0.12995808,0
2023-09-28 08:00:00,0.00001656,0.00001666,0.00001651,0.00001651,42799.70000000,1695902399999,0.71094373,213,18231.50000000,0.30279254,0
2023-09-28 12:00:00,0.00001655,0.00001658,0.00001638,0.00001638,91021.30000000,1695916799999,1.50344894,215,59991.40000000,0.99210827,0
2023-09-28 16:00:00,0.00001638,0.00001656,0.00001637,0.00001656,74195.60000000,1695931199999,1.22275806,210,54890.30000000,0.90428446,0
2023-09-28 20:00:00,0.00001656,0.00001658,0.00001650,0.00001655,72133.40000000,1695945599999,1.19078552,124,10231.60000000,0.16920982,0
2023-09-29 00:00:00,0.00001658,0.00001667,0.00001642,0.00001667,56203.30000000,1695959999999,0.92888894,188,16048.20000000,0.26489979,0
2023-09-29 04:00:00,0.00001668,0.00001738,0.00001663,0.00001714,298742.10000000,1695974399999,5.10083773,772,202925.80000000,3.46341717,0
2023-09-29 08:00:00,0.00001714,0.00001840,0.00001708,0.00001791,844770.80000000,1695988799999,15.09230765,2589,561891.50000000,10.06088141,0
2023-09-29 12:00:00,0.00001793,0.00001798,0.00001762,0.00001772,527613.60000000,1696003199999,9.37171254,1583,185271.70000000,3.29261639,0
2023-09-29 16:00:00,0.00001770,0.00001791,0.00001767,0.00001779,78084.10000000,1696017599999,1.39112291,283,37650.00000000,0.67104869,0
2023-09-29 20:00:00,0.00001779,0.00001809,0.00001779,0.00001780,149511.90000000,1696031999999,2.67502677,307,119680.00000000,2.14120421,0
2023-09-30 00:00:00,0.00001779,0.00001804,0.00001733,0.00001752,179573.70000000,1696046399999,3.16481754,1002,85422.60000000,1.51131861,0
2023-09-30 04:00:00,0.00001751,0.00001751,0.00001728,0.00001733,38585.90000000,1696060799999,0.67218272,227,21418.60000000,0.37328498,0
2023-09-30 08:00:00,0.00001733,0.00001733,0.00001719,0.00001722,40206.20000000,1696075199999,0.69379589,198,27887.50000000,0.48124763,0
2023-09-30 12:00:00,0.00001721,0.00001751,0.00001718,0.00001746,168314.10000000,1696089599999,2.92197777,498,48957.90000000,0.84854723,0
2023-09-30 16:00:00,0.00001745,0.00001771,0.00001745,0.00001765,22843.40000000,1696103999999,0.40106905,153,16688.90000000,0.29282919,0
2023-09-30 20:00:00,0.00001762,0.00001762,0.00001741,0.00001743,40924.30000000,1696118399999,0.71571765,142,8812.10000000,0.15439741,0
2023-10-01 00:00:00,0.00001743,0.00001744,0.00001721,0.00001742,75659.90000000,1696132799999,1.30888377,382,36048.30000000,0.62382248,0
2023-10-01 04:00:00,0.00001743,0.00001775,0.00001738,0.00001752,66302.90000000,1696147199999,1.16727091,367,19257.20000000,0.33875402,0
2023-10-01 08:00:00,0.00001752,0.00001781,0.00001734,0.00001769,285467.90000000,1696161599999,5.03455568,889,56503.80000000,0.99583719,0
2023-10-01 12:00:00,0.00001771,0.00001795,0.00001759,0.00001770,115889.80000000,1696175999999,2.05722340,586,47944.90000000,0.85094482,0
2023-10-01 16:00:00,0.00001769,0.00001804,0.00001768,0.00001802,50891.50000000,1696190399999,0.91224973,324,30237.20000000,0.54193878,0
2023-10-01 20:00:00,0.00001796,0.00001823,0.00001771,0.00001811,300000.00000000,1696204799999,5.40577131,975,123902.00000000,2.23939709,0
2023-10-02 00:00:00,0.00001811,0.00001812,0.00001769,0.00001769,50695.10000000,1696219199999,0.90525589,242,15523.50000000,0.27771044,0
2023-10-02 04:00:00,0.00001769,0.00001769,0.00001749,0.00001755,58871.00000000,1696233599999,1.03538447,246,34664.90000000,0.60990205,0
2023-10-02 08:00:00,0.00001751,0.00001753,0.00001732,0.00001734,36149.40000000,1696247999999,0.62958214,205,12925.80000000,0.22531657,0
2023-10-02 12:00:00,0.00001735,0.00001736,0.00001691,0.00001698,60270.80000000,1696262399999,1.03331589,266,37535.50000000,0.64430305,0
2023-10-02 16:00:00,0.00001702,0.00001709,0.00001664,0.00001681,83577.20000000,1696276799999,1.41156134,568,32311.80000000,0.54607006,0
2023-10-02 20:00:00,0.00001682,0.00001698,0.00001668,0.00001694,93664.30000000,1696291199999,1.57838519,340,34347.50000000,0.57868256,0
2023-10-03 00:00:00,0.00001694,0.00001705,0.00001684,0.00001685,50855.10000000,1696305599999,0.86173817,304,29352.00000000,0.49711987,0
2023-10-03 04:00:00,0.00001683,0.00001683,0.00001656,0.00001669,125825.90000000,1696319999999,2.10466412,815,63419.90000000,1.06014842,0
2023-10-03 08:00:00,0.00001667,0.00001670,0.00001633,0.00001641,206793.20000000,1696334399999,3.42153923,548,130242.80000000,2.15766729,0
2023-10-03 12:00:00,0.00001640,0.00001656,0.00001626,0.00001653,428917.60000000,1696348799999,7.04716149,676,215079.20000000,3.53037792,0
2023-10-03 16:00:00,0.00001653,0.00001664,0.00001644,0.00001645,101092.80000000,1696363199999,1.66886749,220,61203.60000000,1.00920783,0
2023-10-03 20:00:00,0.00001644,0.00001651,0.00001609,0.00001619,222818.30000000,1696377599999,3.63620399,496,141339.40000000,2.30249540,0
2023-10-04 00:00:00,0.00001619,0.00001620,0.00001563,0.00001604,183257.30000000,1696391999999,2.92043116,795,106217.30000000,1.69333594,0
2023-10-04 04:00:00,0.00001597,0.00001623,0.00001595,0.00001616,79107.00000000,1696406399999,1.27461304,235,36613.60000000,0.58809909,0
2023-10-04 08:00:00,0.00001616,0.00001624,0.00001599,0.00001607,164309.70000000,1696420799999,2.64416816,338,85688.10000000,1.37832135,0
2023-10-04 12:00:00,0.00001608,0.00001614,0.00001568,0.00001587,74763.40000000,1696435199999,1.18739309,329,30812.40000000,0.48910581,0
2023-10-04 16:00:00,0.00001587,0.00001596,0.00001581,0.00001586,56494.50000000,1696449599999,0.89822317,142,23421.60000000,0.37235307,0
2023-10-04 20:00:00,0.00001585,0.00001595,0.00001585,0.00001591,20915.00000000,1696463999999,0.33290612,73,18921.30000000,0.30119005,0
2023-10-05 00:00:00,0.00001591,0.00001603,0.00001576,0.00001592,23264.00000000,1696478399999,0.36989913,153,13822.10000000,0.21989932,0
2023-10-05 04:00:00,0.00001590,0.00001601,0.00001589,0.00001595,16865.30000000,1696492799999,0.26872601,114,10428.80000000,0.16619209,0
2023-10-05 08:00:00,0.00001595,0.00001596,0.00001581,0.00001582,38799.60000000,1696507199999,0.61751360,115,31422.80000000,0.50032559,0
2023-10-05 12:00:00,0.00001583,0.00001606,0.00001580,0.00001588,862563.70000000,1696521599999,13.74276136,1328,278007.70000000,4.42908515,0
2023-10-05 16:00:00,0.00001586,0.00001598,0.00001581,0.00001589,176434.90000000,1696535999999,2.80297298,304,94292.80000000,1.49712382,0
2023-10-05 20:00:00,0.00001590,0.00001595,0.00001583,0.00001583,39620.00000000,1696550399999,0.63002711,134,17846.40000000,0.28363061,0
2023-10-06 00:00:00,0.00001585,0.00001588,0.00001581,0.00001585,20735.30000000,1696564799999,0.32842755,84,13924.00000000,0.22051934,0
2023-10-06 04:00:00,0.00001582,0.00001594,0.00001580,0.00001587,17928.20000000,1696579199999,0.28457958,105,10162.60000000,0.16151560,0
2023-10-06 08:00:00,0.00001586,0.00001596,0.00001566,0.00001566,44761.50000000,1696593599999,0.71010499,133,18302.20000000,0.29018156,0
2023-10-06 12:00:00,0.00001566,0.00001610,0.00001566,0.00001593,142036.20000000,1696607999999,2.26626583,351,57752.40000000,0.91914842,0
2023-10-06 16:00:00,0.00001593,0.00001600,0.00001588,0.00001588,46862.80000000,1696622399999,0.74714160,105,14439.70000000,0.23007135,0
2023-10-06 20:00:00,0.00001589,0.00001593,0.00001583,0.00001586,18909.40000000,1696636799999,0.30022754,97,8543.90000000,0.13574775,0
2023-10-07 00:00:00,0.00001588,0.00001633,0.00001587,0.00001617,170266.30000000,1696651199999,2.76630465,522,119621.30000000,1.94380317,0
2023-10-07 04:00:00,0.00001617,0.00001644,0.00001608,0.00001611,127365.10000000,1696665599999,2.06965320,413,55760.50000000,0.90618632,0
2023-10-07 08:00:00,0.00001613,0.00001616,0.00001577,0.00001584,77139.40000000,1696679999999,1.22968781,432,35510.30000000,0.56680609,0
2023-10-07 12:00:00,0.00001582,0.00001590,0.00001579,0.00001580,11321.70000000,1696694399999,0.17916282,61,3893.20000000,0.06171081,0
2023-10-07 16:00:00,0.00001580,0.00001587,0.00001573,0.00001575,310918.10000000,1696708799999,4.89665030,387,266167.40000000,4.19152270,0
2023-10-07 20:00:00,0.00001576,0.00001585,0.00001575,0.00001581,165666.90000000,1696723199999,2.60999124,138,139319.20000000,2.19477824,0
2023-10-08 00:00:00,0.00001582,0.00001587,0.00001577,0.00001579,6330.70000000,1696737599999,0.10003627,40,3399.70000000,0.05372777,0
2023-10-08 04:00:00,0.00001577,0.00001578,0.00001571,0.00001578,45398.20000000,1696751999999,0.71450246,75,39020.00000000,0.61410140,0
2023-10-08 08:00:00,0.00001578,0.00001582,0.00001565,0.00001567,34735.40000000,1696766399999,0.54550493,88,8315.80000000,0.13085534,0
2023-10-08 12:00:00,0.00001568,0.00001576,0.00001567,0.00001569,18724.80000000,1696780799999,0.29443613,91,12221.40000000,0.19209629,0
2023-10-08 16:00:00,0.00001570,0.00001573,0.00001566,0.00001571,27483.10000000,1696795199999,0.43149076,182,18780.70000000,0.29507600,0
2023-10-08 20:00:00,0.00001568,0.00001573,0.00001565,0.00001569,9672.20000000,1696809599999,0.15164100,133,6314.60000000,0.09902297,0
2023-10-09 00:00:00,0.00001567,0.00001568,0.00001561,0.00001568,9913.30000000,1696823999999,0.15518380,41,3993.40000000,0.06247016,0
2023-10-09 04:00:00,0.00001566,0.00001569,0.00001551,0.00001557,46602.40000000,1696838399999,0.72488305,194,34295.30000000,0.53304922,0
2023-10-09 08:00:00,0.00001557,0.00001557,0.00001460,0.00001499,651326.40000000,1696852799999,9.82476695,1406,473935.90000000,7.14220661,0
2023-10-09 12:00:00,0.00001499,0.00001512,0.00001499,0.00001502,29042.30000000,1696867199999,0.43711522,112,17134.60000000,0.25748533,0
2023-10-09 16:00:00,0.00001499,0.00001501,0.00001479,0.00001493,142420.80000000,1696881599999,2.12786465,322,50204.60000000,0.74925967,0
2023-10-09 20:00:00,0.00001492,0.00001510,0.00001486,0.00001509,189924.00000000,1696895999999,2.85557316,259,90385.00000000,1.35714693,0
2023-10-10 00:00:00,0.00001509,0.00001511,0.00001495,0.00001502,39288.80000000,1696910399999,0.59184748,92,12934.70000000,0.19485828,0
2023-10-10 04:00:00,0.00001501,0.00001509,0.00001500,0.00001508,20915.90000000,1696924799999,0.31481196,69,17541.60000000,0.26403781,0
2023-10-10 08:00:00,0.00001506,0.00001511,0.00001502,0.00001504,15320.10000000,1696939199999,0.23061014,86,7182.40000000,0.10814212,0
2023-10-10 12:00:00,0.00001504,0.00001518,0.00001501,0.00001512,19564.50000000,1696953599999,0.29516098,108,7786.40000000,0.11745773,0
2023-10-10 16:00:00,0.00001511,0.00001519,0.00001511,0.00001515,23663.90000000,1696967999999,0.35875018,58,19217.10000000,0.29132953,0
2023-10-10 20:00:00,0.00001519,0.00001520,0.00001507,0.00001517,16095.70000000,1696982399999,0.24376851,75,7927.50000000,0.12002876,0
2023-10-11 00:00:00,0.00001520,0.00001521,0.00001492,0.00001510,67527.50000000,1696996799999,1.01937281,201,33903.40000000,0.51095965,0
2023-10-11 04:00:00,0.00001512,0.00001514,0.00001502,0.00001511,24298.60000000,1697011199999,0.36662153,95,11759.50000000,0.17748998,0
2023-10-11 08:00:00,0.00001512,0.00001517,0.00001509,0.00001516,16906.70000000,1697025599999,0.25619035,82,9297.20000000,0.14087750,0
2023-10-11 12:00:00,0.00001516,0.00001517,0.00001498,0.00001512,102896.20000000,1697039999999,1.55201545,240,23562.90000000,0.35498880,0
2023-10-11 16:00:00,0.00001511,0.00001521,0.00001511,0.00001516,14797.10000000,1697054399999,0.22432940,71,7547.90000000,0.11432096,0
2023-10-11 20:00:00,0.00001516,0.00001537,0.00001516,0.00001527,38280.40000000,1697068799999,0.58587125,102,11756.70000000,0.17997552,0
2023-10-12 00:00:00,0.00001524,0.00001524,0.00001514,0.00001522,5275.40000000,1697083199999,0.08015874,32,2733.20000000,0.04155009,0
2023-10-12 04:00:00,0.00001523,0.00001534,0.00001522,0.00001530,7625.90000000,1697097599999,0.11652042,51,5432.80000000,0.08302658,0
2023-10-12 08:00:00,0.00001530,0.00001539,0.00001503,0.00001520,32387.00000000,1697111999999,0.49166919,305,14016.60000000,0.21269191,0
2023-10-12 12:00:00,0.00001522,0.00001530,0.00001517,0.00001524,33511.70000000,1697126399999,0.51019057,162,23193.20000000,0.35299054,0
2023-10-12 16:00:00,0.00001523,0.00001523,0.00001509,0.00001519,45623.70000000,1697140799999,0.69100976,224,29435.70000000,0.44598185,0
2023-10-12 20:00:00,0.00001516,0.00001529,0.00001516,0.00001523,11002.50000000,1697155199999,0.16789909,124,4978.40000000,0.07598036,0
2023-10-13 00:00:00,0.00001522,0.00001523,0.00001515,0.00001516,4992.50000000,1697169599999,0.07582033,37,2136.90000000,0.03248141,0
2023-10-13 04:00:00,0.00001516,0.00001522,0.00001516,0.00001522,8765.10000000,1697183999999,0.13320635,35,1780.60000000,0.02705813,0
2023-10-13 08:00:00,0.00001521,0.00001527,0.00001521,0.00001527,17998.30000000,1697198399999,0.27438421,84,3906.00000000,0.05952334,0
2023-10-13 12:00:00,0.00001529,0.00001582,0.00001527,0.00001548,163362.90000000,1697212799999,2.53840670,593,108627.10000000,1.68769987,0
2023-10-13 16:00:00,0.00001548,0.00001556,0.00001532,0.00001534,13844.60000000,1697227199999,0.21406431,136,7947.50000000,0.12299535,0
2023-10-13 20:00:00,0.00001535,0.00001541,0.00001531,0.00001539,67704.40000000,1697241599999,1.04078943,136,10430.50000000,0.16034530,0
2023-10-14 00:00:00,0.00001537,0.00001550,0.00001532,0.00001540,12747.70000000,1697255999999,0.19686525,143,8858.10000000,0.13677788,0
2023-10-14 04:00:00,0.00001544,0.00001553,0.00001544,0.00001550,44417.50000000,1697270399999,0.68664511,82,41163.50000000,0.63628507,0
2023-10-14 08:00:00,0.00001550,0.00001556,0.00001546,0.00001546,9263.00000000,1697284799999,0.14375885,85,3384.30000000,0.05249612,0
2023-10-14 12:00:00,0.00001548,0.00001550,0.00001539,0.00001549,8016.30000000,1697299199999,0.12385837,100,4088.50000000,0.06320939,0
2023-10-14 16:00:00,0.00001550,0.00001555,0.00001547,0.00001555,13823.00000000,1697313599999,0.21438499,118,7493.20000000,0.11615153,0
2023-10-14 20:00:00,0.00001553,0.00001561,0.00001547,0.00001549,27628.50000000,1697327999999,0.42835834,80,24465.30000000,0.37926377,0
2023-10-15 00:00:00,0.00001548,0.00001549,0.00001518,0.00001522,217409.00000000,1697342399999,3.32573196,499,150194.70000000,2.29653122,0
2023-10-15 04:00:00,0.00001522,0.00001522,0.00001512,0.00001519,161195.50000000,1697356799999,2.44527957,261,127585.60000000,1.93590441,0
2023-10-15 08:00:00,0.00001518,0.00001528,0.00001517,0.00001521,18927.20000000,1697371199999,0.28828613,107,12744.10000000,0.19425674,0
2023-10-15 12:00:00,0.00001520,0.00001526,0.00001510,0.00001517,97036.90000000,1697385599999,1.47214796,300,30702.60000000,0.46629606,0
2023-10-15 16:00:00,0.00001517,0.00001521,0.00001511,0.00001518,69416.80000000,1697399999999,1.05076024,177,56708.40000000,0.85837638,0
2023-10-15 20:00:00,0.00001516,0.00001518,0.00001506,0.00001511,49245.00000000,1697414399999,0.74513620,200,20118.10000000,0.30453433,0
2023-10-16 00:00:00,0.00001511,0.00001536,0.00001511,0.00001517,52711.20000000,1697428799999,0.80169873,135,45498.70000000,0.69176614,0
2023-10-16 04:00:00,0.00001518,0.00001518,0.00001499,0.00001499,118734.70000000,1697443199999,1.79361848,334,78011.50000000,1.17928382,0
2023-10-16 08:00:00,0.00001500,0.00001506,0.00001494,0.00001495,70026.60000000,1697457599999,1.05099659,170,59044.50000000,0.88618986,0
2023-10-16 12:00:00,0.00001493,0.00001495,0.00001416,0.00001452,752751.80000000,1697471999999,10.91217254,1306,444264.10000000,6.43481830,0
2023-10-16 16:00:00,0.00001452,0.00001452,0.00001427,0.00001441,50592.70000000,1697486399999,0.72887196,202,33526.20000000,0.48316572,0
2023-10-16 20:00:00,0.00001441,0.00001450,0.00001439,0.00001440,97035.50000000,1697500799999,1.40324251,172,75711.50000000,1.09517789,0
2023-10-17 00:00:00,0.00001439,0.00001454,0.00001437,0.00001445,222369.20000000,1697515199999,3.20241223,304,199413.50000000,2.87081358,0
2023-10-17 04:00:00,0.00001445,0.00001458,0.00001397,0.00001401,135399.60000000,1697529599999,1.93281606,598,70130.80000000,1.00258803,0
2023-10-17 08:00:00,0.00001401,0.00001407,0.00001387,0.00001397,75001.70000000,1697543999999,1.04823942,236,39438.20000000,0.55144888,0
2023-10-17 12:00:00,0.00001396,0.00001396,0.00001312,0.00001344,671857.70000000,1697558399999,9.12273283,1705,468707.30000000,6.37022957,0
2023-10-17 16:00:00,0.00001342,0.00001346,0.00001326,0.00001329,72787.70000000,1697572799999,0.97232284,264,47366.50000000,0.63313597,0
2023-10-17 20:00:00,0.00001329,0.00001343,0.00001327,0.00001340,97841.90000000,1697587199999,1.31082962,215,36729.20000000,0.49175863,0
2023-10-18 00:00:00,0.00001341,0.00001348,0.00001283,0.00001300,156349.30000000,1697601599999,2.04337061,562,90720.30000000,1.18499199,0
2023-10-18 04:00:00,0.00001301,0.00001316,0.00001298,0.00001309,71821.90000000,1697615999999,0.93946237,276,41586.90000000,0.54431552,0
2023-10-18 08:00:00,0.00001310,0.00001333,0.00001306,0.00001324,53630.10000000,1697630399999,0.70652745,171,30112.90000000,0.39576300,0
2023-10-18 12:00:00,0.00001325,0.00001328,0.00001314,0.00001325,55025.50000000,1697644799999,0.72667711,225,13829.70000000,0.18268624,0
2023-10-18 16:00:00,0.00001324,0.00001375,0.00001318,0.00001358,282797.90000000,1697659199999,3.80866121,805,198657.90000000,2.67629191,0
2023-10-18 20:00:00,0.00001360,0.00001361,0.00001343,0.00001352,51003.70000000,1697673599999,0.68816310,158,21154.90000000,0.28547829,0
2023-10-19 00:00:00,0.00001350,0.00001350,0.00001303,0.00001336,528547.20000000,1697687999999,7.01462923,874,200246.60000000,2.64196238,0
2023-10-19 04:00:00,0.00001333,0.00001340,0.00001320,0.00001320,26347.10000000,1697702399999,0.35134355,140,11136.50000000,0.14866169,0
2023-10-19 08:00:00,0.00001321,0.00001321,0.00001276,0.00001289,315508.70000000,1697716799999,4.10905012,523,153360.70000000,1.99038621,0
2023-10-19 12:00:00,0.00001287,0.00001297,0.00001281,0.00001284,60932.00000000,1697731199999,0.78538272,218,43935.90000000,0.56638601,0
2023-10-19 16:00:00,0.00001282,0.00001289,0.00001279,0.00001282,18341.40000000,1697745599999,0.23556216,154,8876.20000000,0.11408418,0
2023-10-19 20:00:00,0.00001283,0.00001293,0.00001273,0.00001291,27124.20000000,1697759999999,0.34727644,135,16375.90000000,0.20968783,0
2023-10-20 00:00:00,0.00001290,0.00001311,0.00001275,0.00001280,110232.80000000,1697774399999,1.42254758,333,40586.40000000,0.52350486,0
2023-10-20 04:00:00,0.00001280,0.00001298,0.00001278,0.00001290,50136.50000000,1697788799999,0.64662789,271,22887.60000000,0.29518424,0
2023-10-20 08:00:00,0.00001291,0.00001293,0.00001263,0.00001263,195335.10000000,1697803199999,2.49714275,355,57840.50000000,0.73958381,0
2023-10-20 12:00:00,0.00001264,0.00001287,0.00001262,0.00001287,103671.50000000,1697817599999,1.32090777,394,33502.70000000,0.42761146,0
2023-10-20 16:00:00,0.00001287,0.00001316,0.00001273,0.00001297,320818.70000000,1697831999999,4.18237061,513,181691.50000000,2.36699319,0
2023-10-20 20:00:00,0.00001296,0.00001307,0.00001289,0.00001290,15147.40000000,1697846399999,0.19684283,79,10295.90000000,0.13394124,0
2023-10-21 00:00:00,0.00001290,0.00001303,0.00001286,0.00001291,16339.80000000,1697860799999,0.21109324,61,5201.60000000,0.06713422,0
2023-10-21 04:00:00,0.00001290,0.00001308,0.00001289,0.00001305,31762.80000000,1697875199999,0.41383538,153,16613.40000000,0.21641585,0
2023-10-21 08:00:00,0.00001304,0.00001313,0.00001299,0.00001309,93788.40000000,1697889599999,1.22300019,174,43708.80000000,0.56976749,0
2023-10-21 12:00:00,0.00001310,0.00001333,0.00001290,0.00001322,750676.50000000,1697903999999,9.85266558,1174,287494.10000000,3.75331337,0
2023-10-21 16:00:00,0.00001321,0.00001334,0.00001311,0.00001317,387563.80000000,1697918399999,5.13593865,390,287943.20000000,3.81599276,0
2023-10-21 20:00:00,0.00001318,0.00001318,0.00001300,0.00001307,17595.30000000,1697932799999,0.23012730,91,9050.90000000,0.11845615,0
2023-10-22 00:00:00,0.00001305,0.00001322,0.00001295,0.00001320,21295.80000000,1697947199999,0.27863084,128,11505.30000000,0.15061167,0
2023-10-22 04:00:00,0.00001319,0.00001398,0.00001313,0.00001346,1149109.50000000,1697961599999,15.51723008,1391,518755.40000000,7.02560839,0
2023-10-22 08:00:00,0.00001346,0.00001353,0.00001323,0.00001334,67394.30000000,1697975999999,0.90241928,396,34731.00000000,0.46553009,0
2023-10-22 12:00:00,0.00001333,0.00001339,0.00001317,0.00001326,31967.30000000,1697990399999,0.42548345,172,15592.80000000,0.20761278,0
2023-10-22 16:00:00,0.00001329,0.00001335,0.00001326,0.00001327,55675.70000000,1698004799999,0.74012986,107,6737.50000000,0.08956673,0
2023-10-22 20:00:00,0.00001327,0.00001347,0.00001327,0.00001347,54149.30000000,1698019199999,0.72691503,221,17948.40000000,0.24063909,0
2023-10-23 00:00:00,0.00001347,0.00001367,0.00001336,0.00001336,171767.40000000,1698033599999,2.32131006,577,75664.00000000,1.02423137,0
2023-10-23 04:00:00,0.00001335,0.00001356,0.00001299,0.00001306,152703.20000000,1698047999999,2.02242338,544,53711.50000000,0.71098966,0
2023-10-23 08:00:00,0.00001307,0.00001312,0.00001293,0.00001299,40079.40000000,1698062399999,0.52294173,376,21371.70000000,0.27888963,0
2023-10-23 12:00:00,0.00001299,0.00001309,0.00001288,0.00001289,89243.50000000,1698076799999,1.15939011,214,64679.50000000,0.84070862,0
2023-10-23 16:00:00,0.00001289,0.00001308,0.00001283,0.00001294,125079.40000000,1698091199999,1.61823640,226,65842.70000000,0.85248048,0
2023-10-23 20:00:00,0.00001292,0.00001292,0.00001203,0.00001274,602824.00000000,1698105599999,7.48071837,1478,223640.60000000,2.76785785,0
2023-10-24 00:00:00,0.00001271,0.00001297,0.00001238,0.00001238,1375209.10000000,1698119999999,17.40810657,1674,275967.90000000,3.50297361,0
2023-10-24 04:00:00,0.00001247,0.00001268,0.00001242,0.00001250,378720.40000000,1698134399999,4.73999292,917,94725.30000000,1.18700837,0
2023-10-24 08:00:00,0.00001251,0.00001339,0.00001250,0.00001305,1299051.30000000,1698148799999,16.88586708,3198,600908.50000000,7.82024937,0
2023-10-24 12:00:00,0.00001306,0.00001311,0.00001247,0.00001263,370036.00000000,1698163199999,4.74139177,1255,100656.70000000,1.28718327,0
2023-10-24 16:00:00,0.00001263,0.00001288,0.00001256,0.00001284,219050.90000000,1698177599999,2.78605003,437,108163.10000000,1.37724163,0
2023-10-24 20:00:00,0.00001283,0.00001286,0.00001267,0.00001280,145490.20000000,1698191999999,1.86486916,334,103989.20000000,1.33424915,0
2023-10-25 00:00:00,0.00001280,0.00001293,0.00001268,0.00001268,78624.20000000,1698206399999,1.00495841,461,41323.80000000,0.52844545,0
2023-10-25 04:00:00,0.00001269,0.00001285,0.00001247,0.00001253,98341.80000000,1698220799999,1.24956882,537,61230.50000000,0.77956845,0
2023-10-25 08:00:00,0.00001254,0.00001276,0.00001249,0.00001259,275699.30000000,1698235199999,3.50028812,503,159138.60000000,2.02141299,0
2023-10-25 12:00:00,0.00001259,0.00001288,0.00001252,0.00001283,501645.70000000,1698249599999,6.40521548,1135,162916.60000000,2.08158927,0
2023-10-25 16:00:00,0.00001290,0.00001290,0.00001229,0.00001251,565157.20000000,1698263999999,7.02882964,1254,317383.50000000,3.93702971,0
2023-10-25 20:00:00,0.00001249,0.00001270,0.00001241,0.00001264,156652.30000000,1698278399999,1.96323123,557,118868.50000000,1.49052367,0
2023-10-26 00:00:00,0.00001267,0.00001284,0.00001244,0.00001281,121215.70000000,1698292799999,1.53402962,600,49217.20000000,0.62352680,0
2023-10-26 04:00:00,0.00001282,0.00001321,0.00001259,0.00001320,232418.70000000,1698307199999,3.00024202,784,53840.40000000,0.69478539,0
2023-10-26 08:00:00,0.00001316,0.00001332,0.00001281,0.00001297,158129.70000000,1698321599999,2.07173394,701,56846.20000000,0.74321151,0
2023-10-26 12:00:00,0.00001296,0.00001307,0.00001234,0.00001253,136695.50000000,1698335999999,1.73294407,551,59063.00000000,0.74391986,0
2023-10-26 16:00:00,0.00001253,0.00001271,0.00001242,0.00001267,277513.40000000,1698350399999,3.48112384,613,108011.20000000,1.35263146,0
2023-10-26 20:00:00,0.00001266,0.00001297,0.00001264,0.00001288,301363.60000000,1698364799999,3.84805075,477,165149.10000000,2.10537530,0
2023-10-27 00:00:00,0.00001284,0.00001328,0.00001270,0.00001280,195076.70000000,1698379199999,2.53966516,1287,108769.40000000,1.41873239,0
2023-10-27 04:00:00,0.00001281,0.00001295,0.00001274,0.00001283,98872.50000000,1698393599999,1.26941492,440,57450.60000000,0.73745166,0
2023-10-27 08:00:00,0.00001280,0.00001293,0.00001273,0.00001280,28494.00000000,1698407999999,0.36598817,294,15517.10000000,0.19951846,0
2023-10-27 12:00:00,0.00001281,0.00001335,0.00001270,0.00001286,157280.00000000,1698422399999,2.04277379,947,58123.60000000,0.75732457,0
2023-10-27 16:00:00,0.00001285,0.00001288,0.00001257,0.00001276,113608.60000000,1698436799999,1.44503711,780,42058.00000000,0.53605689,0
2023-10-27 20:00:00,0.00001277,0.00001282,0.00001271,0.00001271,18584.30000000,1698451199999,0.23735325,119,11725.60000000,0.14985068,0
2023-10-28 00:00:00,0.00001271,0.00001320,0.00001271,0.00001307,175941.50000000,1698465599999,2.29012475,1441,95489.90000000,1.24318023,0
2023-10-28 04:00:00,0.00001308,0.00001376,0.00001305,0.00001361,379730.10000000,1698479999999,5.10757119,1576,198689.20000000,2.67408988,0
2023-10-28 08:00:00,0.00001360,0.00001387,0.00001341,0.00001341,187235.90000000,1698494399999,2.54615342,939,83516.60000000,1.13344562,0
2023-10-28 12:00:00,0.00001346,0.00001398,0.00001328,0.00001387,553929.70000000,1698508799999,7.57308178,2043,269487.00000000,3.66966464,0
2023-10-28 16:00:00,0.00001386,0.00001386,0.00001353,0.00001354,63927.60000000,1698523199999,0.87207933,652,26595.00000000,0.36341705,0
2023-10-28 20:00:00,0.00001356,0.00001373,0.00001352,0.00001371,128165.20000000,1698537599999,1.75279769,422,87319.50000000,1.19427551,0
2023-10-29 00:00:00,0.00001371,0.00001378,0.00001327,0.00001334,307218.60000000,1698551999999,4.13520636,779,210539.50000000,2.83279859,0
2023-10-29 04:00:00,0.00001334,0.00001351,0.00001333,0.00001351,63376.20000000,1698566399999,0.85058434,188,56749.30000000,0.76170070,0
2023-10-29 08:00:00,0.00001351,0.00001355,0.00001322,0.00001323,47558.70000000,1698580799999,0.63481246,181,19017.20000000,0.25438072,0
2023-10-29 12:00:00,0.00001324,0.00001345,0.00001320,0.00001333,95960.70000000,1698595199999,1.27587246,313,57882.90000000,0.77035119,0
2023-10-29 16:00:00,0.00001335,0.00001340,0.00001309,0.00001319,48440.30000000,1698609599999,0.64025865,297,20865.10000000,0.27613947,0
2023-10-29 20:00:00,0.00001319,0.00001329,0.00001309,0.00001312,42897.40000000,1698623999999,0.56696483,257,26165.20000000,0.34601775,0
2023-10-30 00:00:00,0.00001312,0.00001329,0.00001295,0.00001320,71558.20000000,1698638399999,0.93853731,441,31156.60000000,0.40915827,0
2023-10-30 04:00:00,0.00001318,0.00001326,0.00001306,0.00001314,157786.60000000,1698652799999,2.07718941,447,115512.80000000,1.52077873,0
2023-10-30 08:00:00,0.00001312,0.00001373,0.00001311,0.00001346,388133.70000000,1698667199999,5.20185649,844,169455.60000000,2.27028419,0
2023-10-30 12:00:00,0.00001348,0.00001354,0.00001324,0.00001327,98039.20000000,1698681599999,1.31293427,520,45482.80000000,0.60855344,0
2023-10-30 16:00:00,0.00001332,0.00001335,0.00001300,0.00001329,116320.70000000,1698695999999,1.53216891,476,54101.00000000,0.71295509,0
2023-10-30 20:00:00,0.00001329,0.00001346,0.00001325,0.00001343,49998.30000000,1698710399999,0.66858566,261,39823.40000000,0.53236451,0
2023-10-31 00:00:00,0.00001344,0.00001375,0.00001332,0.00001334,258727.40000000,1698724799999,3.49066006,690,87290.70000000,1.18424500,0
2023-10-31 04:00:00,0.00001335,0.00001342,0.00001317,0.00001319,52693.50000000,1698739199999,0.70156208,321,32348.00000000,0.43073735,0
2023-10-31 08:00:00,0.00001318,0.00001337,0.00001304,0.00001327,188613.60000000,1698753599999,2.50228104,471,66790.20000000,0.88580379,0
2023-10-31 12:00:00,0.00001328,0.00001331,0.00001231,0.00001258,563857.90000000,1698767999999,7.22471026,1549,324438.70000000,4.14800597,0
2023-10-31 16:00:00,0.00001252,0.00001279,0.00001250,0.00001273,129330.10000000,1698782399999,1.63642797,451,43174.10000000,0.54828181,0
2023-10-31 20:00:00,0.00001273,0.00001284,0.00001271,0.00001278,119497.30000000,1698796799999,1.52512310,201,71083.50000000,0.90755775,0
2023-11-01 00:00:00,0.00001278,0.00001292,0.00001274,0.00001277,113792.80000000,1698811199999,1.45501076,208,18980.20000000,0.24335713,0
2023-11-01 04:00:00,0.00001276,0.00001280,0.00001240,0.00001258,123955.50000000,1698825599999,1.55733516,589,39674.70000000,0.50077339,0
2023-11-01 08:00:00,0.00001260,0.00001270,0.00001246,0.00001262,28133.70000000,1698839999999,0.35379812,182,16236.90000000,0.20432997,0
2023-11-01 12:00:00,0.00001259,0.00001281,0.00001253,0.00001273,226260.70000000,1698854399999,2.86784461,691,130272.10000000,1.65193720,0
2023-11-01 16:00:00,0.00001276,0.00001341,0.00001270,0.00001333,227684.30000000,1698868799999,2.97842365,863,144721.60000000,1.89159444,0
2023-11-01 20:00:00,0.00001337,0.00001361,0.00001308,0.00001313,328626.40000000,1698883199999,4.36252594,675,207355.60000000,2.75027239,0
2023-11-02 00:00:00,0.00001315,0.00001341,0.00001302,0.00001341,291907.70000000,1698897599999,3.84056822,593,91578.80000000,1.20467603,0
2023-11-02 04:00:00,0.00001343,0.00001351,0.00001308,0.00001315,304478.20000000,1698911999999,4.03122820,617,137443.00000000,1.81824733,0
2023-11-02 08:00:00,0.00001314,0.00001350,0.00001306,0.00001346,250607.10000000,1698926399999,3.31580150,540,156140.50000000,2.06230563,0
2023-11-02 12:00:00,0.00001340,0.00001342,0.00001284,0.00001298,271942.40000000,1698940799999,3.56461172,591,123484.50000000,1.61518655,0
2023-11-02 16:00:00,0.00001298,0.00001313,0.00001287,0.00001309,76210.60000000,1698955199999,0.99265687,281,44154.20000000,0.57493149,0
2023-11-02 20:00:00,0.00001311,0.00001319,0.00001301,0.00001312,56661.90000000,1698969599999,0.74072906,198,34007.10000000,0.44449857,0
2023-11-03 00:00:00,0.00001310,0.00001310,0.00001270,0.00001285,109488.60000000,1698983999999,1.41208359,300,65159.70000000,0.84074059,0
2023-11-03 04:00:00,0.00001283,0.00001289,0.00001276,0.00001279,58276.70000000,1698998399999,0.74645081,164,33817.60000000,0.43335926,0
2023-11-03 08:00:00,0.00001271,0.00001285,0.00001266,0.00001275,62009.50000000,1699012799999,0.78987782,160,33597.40000000,0.42792637,0
2023-11-03 12:00:00,0.00001273,0.00001286,0.00001270,0.00001286,54202.20000000,1699027199999,0.69298575,137,41316.10000000,0.52835917,0
2023-11-03 16:00:00,0.00001285,0.00001293,0.00001279,0.00001291,25426.30000000,1699041599999,0.32676560,261,7224.50000000,0.09322046,0
2023-11-03 20:00:00,0.00001291,0.00001313,0.00001291,0.00001311,110134.10000000,1699055999999,1.43418834,200,28778.50000000,0.37403306,0
2023-11-04 00:00:00,0.00001306,0.00001335,0.00001302,0.00001325,168418.20000000,1699070399999,2.20606910,273,57142.40000000,0.75148582,0
2023-11-04 04:00:00,0.00001324,0.00001328,0.00001311,0.00001313,50120.30000000,1699084799999,0.66152616,102,11176.10000000,0.14789292,0
2023-11-04 08:00:00,0.00001316,0.00001343,0.00001308,0.00001327,151789.70000000,1699099199999,2.01892142,208,43380.60000000,0.57639708,0
2023-11-04 12:00:00,0.00001327,0.00001338,0.00001307,0.00001313,41245.20000000,1699113599999,0.54500349,183,25497.80000000,0.33716340,0
2023-11-04 16:00:00,0.00001309,0.00001429,0.00001309,0.00001413,506741.80000000,1699127999999,6.99812618,987,237045.90000000,3.27216249,0
2023-11-04 20:00:00,0.00001404,0.00001490,0.00001399,0.00001444,456466.80000000,1699142399999,6.63322078,1149,259525.00000000,3.76968660,0
2023-11-05 00:00:00,0.00001444,0.00001495,0.00001440,0.00001457,434523.10000000,1699156799999,6.35908243,820,196950.20000000,2.88174662,0
2023-11-05 04:00:00,0.00001450,0.00001468,0.00001412,0.00001412,253954.20000000,1699171199999,3.65869783,425,97385.40000000,1.41199582,0
2023-11-05 08:00:00,0.00001414,0.00001449,0.00001396,0.00001437,246225.30000000,1699185599999,3.48273234,640,88166.40000000,1.25116007,0
2023-11-05 12:00:00,0.00001442,0.00001452,0.00001385,0.00001394,274730.30000000,1699199999999,3.88957074,578,81519.50000000,1.15423605,0
2023-11-05 16:00:00,0.00001395,0.00001410,0.00001395,0.00001404,50707.90000000,1699214399999,0.71144445,212,29129.90000000,0.40889057,0
2023-11-05 20:00:00,0.00001408,0.00001437,0.00001402,0.00001431,50963.70000000,1699228799999,0.71993272,129,27199.10000000,0.38536135,0
2023-11-06 00:00:00,0.00001422,0.00001453,0.00001412,0.00001441,95871.50000000,1699243199999,1.37562096,193,38173.80000000,0.54868556,0
2023-11-06 04:00:00,0.00001441,0.00001443,0.00001400,0.00001430,100666.00000000,1699257599999,1.43113964,323,58600.40000000,0.83593242,0
2023-11-06 08:00:00,0.00001419,0.00001464,0.00001412,0.00001458,449650.50000000,1699271999999,6.46205479,524,206746.40000000,2.96250571,0
2023-11-06 12:00:00,0.00001449,0.00001529,0.00001440,0.00001484,460862.40000000,1699286399999,6.88816396,1757,260451.90000000,3.89190691,0
2023-11-06 16:00:00,0.00001486,0.00001486,0.00001458,0.00001475,166600.70000000,1699300799999,2.45602545,352,98063.70000000,1.44762093,0
2023-11-06 20:00:00,0.00001475,0.00001508,0.00001461,0.00001508,71502.70000000,1699315199999,1.05816030,299,48758.10000000,0.72201788,0
2023-11-07 00:00:00,0.00001503,0.00001503,0.00001459,0.00001477,143495.60000000,1699329599999,2.11510806,428,39896.50000000,0.58943746,0
2023-11-07 04:00:00,0.00001479,0.00001512,0.00001473,0.00001503,478023.50000000,1699343999999,7.14150075,482,104405.50000000,1.56216477,0
2023-11-07 08:00:00,0.00001506,0.00001506,0.00001460,0.00001472,180581.40000000,1699358399999,2.66509773,378,70122.90000000,1.03639285,0
2023-11-07 12:00:00,0.00001475,0.00001492,0.00001431,0.00001455,313608.90000000,1699372799999,4.58312165,622,185513.00000000,2.70725423,0
2023-11-07 16:00:00,0.00001457,0.00001479,0.00001422,0.00001467,131474.80000000,1699387199999,1.90468298,391,74817.70000000,1.08352204,0
2023-11-07 20:00:00,0.00001469,0.00001487,0.00001456,0.00001482,227280.10000000,1699401599999,3.34243200,531,81067.30000000,1.19184438,0
2023-11-08 00:00:00,0.00001479,0.00001530,0.00001467,0.00001498,454061.30000000,1699415999999,6.83290788,1429,206507.20000000,3.11092856,0
2023-11-08 04:00:00,0.00001497,0.00001527,0.00001485,0.00001516,186278.60000000,1699430399999,2.81097266,891,118643.70000000,1.79022569,0
2023-11-08 08:00:00,0.00001515,0.00001546,0.00001500,0.00001545,290487.60000000,1699444799999,4.41245064,1149,208802.10000000,3.17083042,0
2023-11-08 12:00:00,0.00001546,0.00001696,0.00001542,0.00001642,1190957.30000000,1699459199999,19.28668177,5105,639204.40000000,10.32765468,0
2023-11-08 16:00:00,0.00001642,0.00001681,0.00001614,0.00001634,523998.90000000,1699473599999,8.62895070,2494,311840.60000000,5.13807166,0
2023-11-08 20:00:00,0.00001634,0.00001656,0.00001616,0.00001626,162816.20000000,1699487999999,2.65602111,931,85410.20000000,1.39282714,0
2023-11-09 00:00:00,0.00001622,0.00001650,0.00001587,0.00001611,529913.70000000,1699502399999,8.56326654,1235,308983.70000000,5.00589858,0
2023-11-09 04:00:00,0.00001609,0.00001651,0.00001601,0.00001608,332898.70000000,1699516799999,5.41325614,1123,183647.10000000,2.98197949,0
2023-11-09 08:00:00,0.00001607,0.00001618,0.00001548,0.00001559,452749.30000000,1699531199999,7.17880880,1744,176527.90000000,2.79640693,0
2023-11-09 12:00:00,0.00001559,0.00001597,0.00001502,0.00001518,897920.70000000,1699545599999,13.98044505,2961,385588.30000000,6.00495236,0
2023-11-09 16:00:00,0.00001516,0.00001525,0.00001332,0.00001471,998843.90000000,1699559999999,14.61063179,3892,552464.90000000,8.08622942,0
2023-11-09 20:00:00,0.00001471,0.00001540,0.00001438,0.00001533,322176.20000000,1699574399999,4.76885005,1664,208798.50000000,3.10218149,0
2023-11-10 00:00:00,0.00001528,0.00001554,0.00001519,0.00001526,90368.50000000,1699588799999,1.39130516,313,50684.60000000,0.78085878,0
2023-11-10 04:00:00,0.00001531,0.00001545,0.00001494,0.00001509,108078.00000000,1699603199999,1.64551603,514,52672.10000000,0.80398825,0
2023-11-10 08:00:00,0.00001510,0.00001531,0.00001480,0.00001514,268441.00000000,1699617599999,4.07384484,1114,100808.30000000,1.52872130,0
2023-11-10 12:00:00,0.00001514,0.00001521,0.00001447,0.00001474,286137.70000000,1699631999999,4.22899676,1359,190884.50000000,2.81968254,0
2023-11-10 16:00:00,0.00001474,0.00001507,0.00001465,0.00001504,135642.90000000,1699646399999,2.00889622,667,89278.50000000,1.32272632,0
2023-11-10 20:00:00,0.00001502,0.00001673,0.00001500,0.00001634,1035954.60000000,1699660799999,16.69832411,5237,567939.10000000,9.15194802,0
2023-11-11 00:00:00,0.00001635,0.00001643,0.00001560,0.00001571,704760.40000000,1699675199999,11.27971226,3460,274243.80000000,4.39169880,0
2023-11-11 04:00:00,0.00001571,0.00001583,0.00001539,0.00001563,203849.20000000,1699689599999,3.18269837,980,110039.90000000,1.71695329,0
2023-11-11 08:00:00,0.00001563,0.00001607,0.00001550,0.00001586,186864.00000000,1699703999999,2.95817565,953,107973.50000000,1.70832942,0
2023-11-11 12:00:00,0.00001587,0.00001608,0.00001573,0.00001597,208531.40000000,1699718399999,3.32005784,882,110771.20000000,1.76278375,0
2023-11-11 16:00:00,0.00001599,0.00001628,0.00001578,0.00001625,165867.90000000,1699732799999,2.66723219,1168,99899.00000000,1.60793983,0
2023-11-11 20:00:00,0.00001618,0.00001632,0.00001579,0.00001594,321542.30000000,1699747199999,5.18075488,1110,212950.70000000,3.43079347,0
2023-11-12 00:00:00,0.00001594,0.00001600,0.00001520,0.00001556,179383.80000000,1699761599999,2.78327439,1036,98846.60000000,1.53415906,0
2023-11-12 04:00:00,0.00001556,0.00001616,0.00001546,0.00001608,203245.80000000,1699775999999,3.21546432,941,93484.20000000,1.47493025,0
2023-11-12 08:00:00,0.00001610,0.00001738,0.00001590,0.00001700,987416.70000000,1699790399999,16.47459059,3809,438205.40000000,7.32591740,0
2023-11-12 12:00:00,0.00001697,0.00001700,0.00001616,0.00001627,779062.50000000,1699804799999,12.77159142,2486,503329.00000000,8.22997765,0
2023-11-12 16:00:00,0.00001627,0.00001701,0.00001618,0.00001695,521466.80000000,1699819199999,8.68616012,1756,217438.50000000,3.62513035,0
2023-11-12 20:00:00,0.00001695,0.00001719,0.00001654,0.00001667,197672.10000000,1699833599999,3.36358936,994,93567.30000000,1.59449035,0
2023-11-13 00:00:00,0.00001667,0.00001742,0.00001651,0.00001652,258214.70000000,1699847999999,4.39039610,1294,103988.60000000,1.76364787,0
2023-11-13 04:00:00,0.00001658,0.00001685,0.00001635,0.00001685,147283.80000000,1699862399999,2.44643560,975,92693.00000000,1.54058378,0
2023-11-13 08:00:00,0.00001685,0.00001763,0.00001676,0.00001691,798105.10000000,1699876799999,13.75647502,3462,477735.50000000,8.23186297,0
2023-11-13 12:00:00,0.00001688,0.00001791,0.00001675,0.00001724,1485702.10000000,1699891199999,25.63658544,3374,538423.20000000,9.22443080,0
2023-11-13 16:00:00,0.00001725,0.00001765,0.00001685,0.00001726,619060.80000000,1699905599999,10.58892135,1753,409194.40000000,6.99782357,0
2023-11-13 20:00:00,0.00001727,0.00001730,0.00001648,0.00001648,201595.80000000,1699919999999,3.37141838,1214,54595.70000000,0.92121237,0
2023-11-14 00:00:00,0.00001648,0.00001659,0.00001598,0.00001654,590513.80000000,1699934399999,9.61055666,2156,439621.60000000,7.14559945,0
2023-11-14 04:00:00,0.00001652,0.00001720,0.00001651,0.00001678,210344.50000000,1699948799999,3.54080379,966,115911.20000000,1.95056764,0
2023-11-14 08:00:00,0.00001674,0.00001714,0.00001572,0.00001582,465571.50000000,1699963199999,7.68181826,1719,200072.20000000,3.29246805,0
2023-11-14 12:00:00,0.00001588,0.00001657,0.00001579,0.00001628,430973.50000000,1699977599999,6.96306397,1718,210703.70000000,3.40250589,0
2023-11-14 16:00:00,0.00001634,0.00001640,0.00001544,0.00001586,199108.40000000,1699991999999,3.15024420,972,81351.40000000,1.29135426,0
2023-11-14 20:00:00,0.00001595,0.00001608,0.00001593,0.00001593,39612.00000000,1700006399999,0.63378468,160,24562.10000000,0.39313866,0
2023-11-15 00:00:00,0.00001593,0.00001608,0.00001580,0.00001588,320390.00000000,1700020799999,5.08929308,708,144132.50000000,2.28999573,0
2023-11-15 04:00:00,0.00001585,0.00001640,0.00001584,0.00001636,130102.80000000,1700035199999,2.10329025,646,77952.50000000,1.26184884,0
2023-11-15 08:00:00,0.00001637,0.00001658,0.00001615,0.00001649,194820.40000000,1700049599999,3.19061761,785,77912.80000000,1.27757381,0
2023-11-15 12:00:00,0.00001652,0.00001667,0.00001625,0.00001642,353227.50000000,1700063999999,5.80184825,1233,133882.30000000,2.20328340,0
2023-11-15 16:00:00,0.00001638,0.00001694,0.00001609,0.00001636,522285.50000000,1700078399999,8.61149324,1428,250034.90000000,4.10575552,0
2023-11-15 20:00:00,0.00001633,0.00001641,0.00001606,0.00001634,205631.70000000,1700092799999,3.33797790,713,135053.20000000,2.19077781,0
2023-11-16 00:00:00,0.00001636,0.00001670,0.00001631,0.00001670,132407.00000000,1700107199999,2.19339618,1037,86407.10000000,1.43323436,0
2023-11-16 04:00:00,0.00001667,0.00001709,0.00001660,0.00001676,321542.50000000,1700121599999,5.41476442,1286,114442.90000000,1.92567755,0
2023-11-16 08:00:00,0.00001676,0.00001681,0.00001592,0.00001636,486245.50000000,1700135999999,7.91353342,1711,254915.60000000,4.14420146,0
2023-11-16 12:00:00,0.00001635,0.00001636,0.00001562,0.00001577,686427.80000000,1700150399999,10.91431314,3156,473604.70000000,7.52178200,0
2023-11-16 16:00:00,0.00001577,0.00001594,0.00001544,0.00001581,604228.70000000,1700164799999,9.44905084,1255,368151.90000000,5.75257611,0
2023-11-16 20:00:00,0.00001583,0.00001586,0.00001534,0.00001564,231713.60000000,1700179199999,3.62633610,1089,159463.70000000,2.49780094,0
2023-11-17 00:00:00,0.00001561,0.00001600,0.00001559,0.00001592,92061.20000000,1700193599999,1.46327712,637,63710.80000000,1.01287635,0
2023-11-17 04:00:00,0.00001592,0.00001603,0.00001563,0.00001567,76517.10000000,1700207999999,1.21235531,650,34636.80000000,0.54919634,0
2023-11-17 08:00:00,0.00001567,0.00001582,0.00001508,0.00001525,404684.70000000,1700222399999,6.29110589,1505,182680.30000000,2.83956393,0
2023-11-17 12:00:00,0.00001519,0.00001556,0.00001462,0.00001465,564685.90000000,1700236799999,8.46284804,1736,324342.80000000,4.85878810,0
2023-11-17 16:00:00,0.00001466,0.00001508,0.00001458,0.00001501,456596.70000000,1700251199999,6.75168007,1398,194019.60000000,2.87270735,0
2023-11-17 20:00:00,0.00001498,0.00001518,0.00001484,0.00001513,137596.50000000,1700265599999,2.06546691,712,93017.20000000,1.39422830,0
2023-11-18 00:00:00,0.00001511,0.00001514,0.00001472,0.00001474,55844.10000000,1700279999999,0.83351402,479,30050.70000000,0.44975474,0
2023-11-18 04:00:00,0.00001473,0.00001492,0.00001421,0.00001463,101279.30000000,1700294399999,1.47491567,791,41896.40000000,0.60929323,0
2023-11-18 08:00:00,0.00001456,0.00001480,0.00001455,0.00001464,49591.10000000,1700308799999,0.73025893,430,19606.70000000,0.28861490,0
2023-11-18 12:00:00,0.00001464,0.00001491,0.00001444,0.00001491,89003.90000000,1700323199999,1.30823210,728,35334.70000000,0.51740235,0
2023-11-18 16:00:00,0.00001490,0.00001543,0.00001476,0.00001496,482129.20000000,1700337599999,7.22891486,1015,229886.70000000,3.44244080,0
2023-11-18 20:00:00,0.00001496,0.00001498,0.00001482,0.00001491,140863.00000000,1700351999999,2.09795822,465,71014.40000000,1.05874215,0
2023-11-19 00:00:00,0.00001492,0.00001492,0.00001451,0.00001477,126263.40000000,1700366399999,1.84932984,961,59710.70000000,0.87220094,0
2023-11-19 04:00:00,0.00001476,0.00001510,0.00001470,0.00001500,58823.60000000,1700380799999,0.87372030,798,30055.40000000,0.44799721,0
2023-11-19 08:00:00,0.00001500,0.00001509,0.00001460,0.00001484,275992.40000000,1700395199999,4.08792373,1264,182516.20000000,2.70465523,0
2023-11-19 12:00:00,0.00001483,0.00001490,0.00001471,0.00001489,198532.90000000,1700409599999,2.94334159,1049,93667.60000000,1.38832632,0
2023-11-19 16:00:00,0.00001489,0.00001511,0.00001483,0.00001510,180259.00000000,1700423999999,2.68953644,648,43313.90000000,0.64713797,0
2023-11-19 20:00:00,0.00001509,0.00001512,0.00001493,0.00001512,233520.10000000,1700438399999,3.50849388,747,47584.20000000,0.71487003,0
2023-11-20 00:00:00,0.00001502,0.00001527,0.00001501,0.00001509,93868.00000000,1700452799999,1.42077264,567,53448.20000000,0.80990035,0
2023-11-20 04:00:00,0.00001508,0.00001525,0.00001497,0.00001525,49559.20000000,1700467199999,0.74752154,544,28458.30000000,0.42942480,0
2023-11-20 08:00:00,0.00001523,0.00001545,0.00001497,0.00001509,125826.70000000,1700481599999,1.91691701,665,46747.60000000,0.71281267,0
2023-11-20 12:00:00,0.00001508,0.00001523,0.00001491,0.00001513,64086.00000000,1700495999999,0.96797693,420,28327.50000000,0.42789673,0
2023-11-20 16:00:00,0.00001510,0.00001539,0.00001486,0.00001489,575082.90000000,1700510399999,8.66774307,1333,410840.10000000,6.18504607,0
2023-11-20 20:00:00,0.00001489,0.00001502,0.00001457,0.00001480,83749.10000000,1700524799999,1.24022758,537,53301.30000000,0.79066919,0
2023-11-21 00:00:00,0.00001480,0.00001510,0.00001460,0.00001484,67350.20000000,1700539199999,0.99956663,733,30843.10000000,0.45796019,0
2023-11-21 04:00:00,0.00001486,0.00001558,0.00001478,0.00001504,362666.50000000,1700553599999,5.52964394,1306,142719.10000000,2.18438001,0
2023-11-21 08:00:00,0.00001504,0.00001524,0.00001486,0.00001492,411251.80000000,1700567999999,6.18409831,1055,221257.40000000,3.32060862,0
2023-11-21 12:00:00,0.00001493,0.00001503,0.00001438,0.00001457,578635.40000000,1700582399999,8.48404115,1293,383114.70000000,5.61991915,0
2023-11-21 16:00:00,0.00001459,0.00001473,0.00001401,0.00001418,241570.70000000,1700596799999,3.47662525,784,162744.70000000,2.34947960,0
2023-11-21 20:00:00,0.00001417,0.00001442,0.00001372,0.00001406,513378.70000000,1700611199999,7.22796636,1188,265580.00000000,3.74840913,0
2023-11-22 00:00:00,0.00001403,0.00001434,0.00001402,0.00001433,118593.60000000,1700625599999,1.68424481,626,56059.80000000,0.79691660,0
2023-11-22 04:00:00,0.00001434,0.00001443,0.00001430,0.00001434,47505.90000000,1700639999999,0.68150714,342,21021.40000000,0.30187593,0
2023-11-22 08:00:00,0.00001435,0.00001452,0.00001430,0.00001443,67969.10000000,1700654399999,0.97813951,273,43269.20000000,0.62310658,0
2023-11-22 12:00:00,0.00001450,0.00001470,0.00001442,0.00001463,196762.10000000,1700668799999,2.86619089,683,89211.20000000,1.30199695,0
2023-11-22 16:00:00,0.00001462,0.00001503,0.00001462,0.00001498,195465.10000000,1700683199999,2.88989628,708,136719.20000000,2.02048108,0
2023-11-22 20:00:00,0.00001498,0.00001501,0.00001478,0.00001487,168882.30000000,1700697599999,2.51299737,380,105301.50000000,1.56606987,0
2023-11-23 00:00:00,0.00001488,0.00001568,0.00001478,0.00001561,605256.20000000,1700711999999,9.31193571,1578,353395.70000000,5.43783408,0
2023-11-23 04:00:00,0.00001560,0.00001580,0.00001540,0.00001546,554301.80000000,1700726399999,8.61152566,1366,305397.10000000,4.73779194,0
2023-11-23 08:00:00,0.00001546,0.00001565,0.00001533,0.00001555,137145.50000000,1700740799999,2.12268206,714,64367.20000000,0.99732853,0
2023-11-23 12:00:00,0.00001554,0.00001590,0.00001527,0.00001538,1156603.90000000,1700755199999,18.08915303,2548,543015.00000000,8.48937263,0
2023-11-23 16:00:00,0.00001540,0.00001591,0.00001534,0.00001578,252050.30000000,1700769599999,3.94571798,1155,176450.20000000,2.76255921,0
2023-11-23 20:00:00,0.00001579,0.00001594,0.00001568,0.00001577,460758.60000000,1700783999999,7.28963167,844,81520.20000000,1.28834156,0
2023-11-24 00:00:00,0.00001578,0.00001590,0.00001558,0.00001575,141477.70000000,1700798399999,2.22439302,542,102192.90000000,1.60626552,0
2023-11-24 04:00:00,0.00001573,0.00001649,0.00001564,0.00001626,628576.50000000,1700812799999,10.22037942,2025,438040.20000000,7.12644921,0
2023-11-24 08:00:00,0.00001627,0.00001707,0.00001618,0.00001649,782535.60000000,1700827199999,13.01648965,2732,409595.80000000,6.78884268,0
2023-11-24 12:00:00,0.00001644,0.00001663,0.00001626,0.00001639,179254.70000000,1700841599999,2.94232660,882,75742.60000000,1.24315848,0
2023-11-24 16:00:00,0.00001640,0.00001681,0.00001626,0.00001627,268862.80000000,1700855999999,4.43096627,1175,128461.70000000,2.12447759,0
2023-11-24 20:00:00,0.00001627,0.00001669,0.00001622,0.00001665,195945.10000000,1700870399999,3.23993497,609,69711.10000000,1.15195729,0
2023-11-25 00:00:00,0.00001663,0.00001825,0.00001649,0.00001791,1305850.40000000,1700884799999,23.08004590,5192,815111.60000000,14.39062293,0
2023-11-25 04:00:00,0.00001789,0.00001798,0.00001723,0.00001727,595605.60000000,1700899199999,10.51760473,1734,235690.20000000,4.17139613,0
2023-11-25 08:00:00,0.00001729,0.00001736,0.00001694,0.00001700,355098.80000000,1700913599999,6.09900780,1478,120653.30000000,2.07294627,0
2023-11-25 12:00:00,0.00001701,0.00001768,0.00001701,0.00001740,358676.00000000,1700927999999,6.23646712,1223,207362.80000000,3.60995997,0
2023-11-25 16:00:00,0.00001736,0.00001756,0.00001718,0.00001724,341923.10000000,1700942399999,5.95351779,1044,132575.40000000,2.29937708,0
2023-11-25 20:00:00,0.00001724,0.00001739,0.00001717,0.00001735,117620.00000000,1700956799999,2.02649903,384,73866.30000000,1.27309893,0
2023-11-26 00:00:00,0.00001735,0.00001773,0.00001678,0.00001729,589717.90000000,1700971199999,10.12093110,2105,262163.70000000,4.51319645,0
2023-11-26 04:00:00,0.00001733,0.00001743,0.00001691,0.00001691,243444.80000000,1700985599999,4.17121513,740,91813.50000000,1.56706767,0
2023-11-26 08:00:00,0.00001696,0.00001697,0.00001653,0.00001657,216594.40000000,1700999999999,3.63101545,653,111989.40000000,1.88152981,0
2023-11-26 12:00:00,0.00001658,0.00001683,0.00001641,0.00001659,443972.30000000,1701014399999,7.41002732,1255,139167.10000000,2.32341916,0
2023-11-26 16:00:00,0.00001659,0.00001725,0.00001631,0.00001709,334266.70000000,1701028799999,5.65306081,1731,173162.30000000,2.92093955,0
2023-11-26 20:00:00,0.00001704,0.00001711,0.00001691,0.00001695,153952.00000000,1701043199999,2.62408853,590,54858.60000000,0.93407537,0
2023-11-27 00:00:00,0.00001695,0.00001725,0.00001646,0.00001656,168265.20000000,1701057599999,2.81689538,1056,86362.00000000,1.44192563,0
2023-11-27 04:00:00,0.00001657,0.00001668,0.00001588,0.00001609,154480.60000000,1701071999999,2.52012395,804,60842.20000000,0.99715114,0
2023-11-27 08:00:00,0.00001608,0.00001628,0.00001597,0.00001615,160771.10000000,1701086399999,2.59326940,624,62996.90000000,1.01859097,0
2023-11-27 12:00:00,0.00001616,0.00001619,0.00001571,0.00001579,229947.60000000,1701100799999,3.66349497,1020,71788.00000000,1.14198818,0
2023-11-27 16:00:00,0.00001580,0.00001611,0.00001569,0.00001579,638028.90000000,1701115199999,10.14143862,1153,239103.20000000,3.79824317,0
2023-11-27 20:00:00,0.00001581,0.00001595,0.00001566,0.00001594,87213.90000000,1701129599999,1.37878449,631,56616.80000000,0.89716138,0
2023-11-28 00:00:00,0.00001593,0.00001598,0.00001567,0.00001574,79231.20000000,1701143999999,1.25395032,590,43033.80000000,0.68125380,0
2023-11-28 04:00:00,0.00001574,0.00001576,0.00001529,0.00001545,140754.20000000,1701158399999,2.18284729,695,71652.70000000,1.10973291,0
2023-11-28 08:00:00,0.00001543,0.00001583,0.00001541,0.00001583,114349.70000000,1701172799999,1.78360704,508,58458.40000000,0.91347110,0
2023-11-28 12:00:00,0.00001581,0.00001613,0.00001564,0.00001601,264604.40000000,1701187199999,4.21670228,1566,175808.70000000,2.80255572,0
2023-11-28 16:00:00,0.00001599,0.00001651,0.00001593,0.00001641,768585.70000000,1701201599999,12.54136307,1563,256796.50000000,4.17097358,0
2023-11-28 20:00:00,0.00001642,0.00001652,0.00001623,0.00001635,92064.20000000,1701215999999,1.50531501,519,67086.50000000,1.09706498,0
2023-11-29 00:00:00,0.00001634,0.00001643,0.00001586,0.00001595,178140.00000000,1701230399999,2.87952047,668,82405.00000000,1.32840006,0
2023-11-29 04:00:00,0.00001594,0.00001627,0.00001589,0.00001595,101597.10000000,1701244799999,1.63536495,637,68116.60000000,1.09622064,0
2023-11-29 08:00:00,0.00001597,0.00001619,0.00001571,0.00001573,222586.90000000,1701259199999,3.53669420,758,134290.70000000,2.13884322,0
2023-11-29 12:00:00,0.00001574,0.00001585,0.00001541,0.00001545,644581.20000000,1701273599999,10.12416356,1375,188460.30000000,2.94897893,0
2023-11-29 16:00:00,0.00001545,0.00001568,0.00001536,0.00001567,162670.00000000,1701287999999,2.52318017,566,71329.90000000,1.10759111,0
2023-11-29 20:00:00,0.00001567,0.00001593,0.00001560,0.00001589,210308.10000000,1701302399999,3.31764493,540,98249.80000000,1.55094924,0
2023-11-30 00:00:00,0.00001585,0.00001639,0.00001584,0.00001616,153066.20000000,1701316799999,2.47356181,1028,79824.20000000,1.29016801,0
2023-11-30 04:00:00,0.00001616,0.00001710,0.00001592,0.00001608,1295822.00000000,1701331199999,21.47933902,3764,462987.00000000,7.65933517,0
2023-11-30 08:00:00,0.00001607,0.00001615,0.00001558,0.00001598,351983.60000000,1701345599999,5.58751872,850,87315.50000000,1.38562306,0
2023-11-30 12:00:00,0.00001600,0.00001607,0.00001568,0.00001588,115682.40000000,1701359999999,1.83146222,693,54340.10000000,0.86192827,0
2023-11-30 16:00:00,0.00001585,0.00001595,0.00001572,0.00001579,190988.80000000,1701374399999,3.03058594,689,125492.30000000,1.99169804,0
2023-11-30 20:00:00,0.00001578,0.00001587,0.00001573,0.00001582,24092.20000000,1701388799999,0.38043587,192,11006.30000000,0.17380330,0
2023-12-01 00:00:00,0.00001583,0.00001614,0.00001570,0.00001608,256278.40000000,1701403199999,4.08454496,927,167113.00000000,2.66335208,0
2023-12-01 04:00:00,0.00001607,0.00001627,0.00001600,0.00001606,79416.00000000,1701417599999,1.28056316,454,41081.60000000,0.66277396,0
2023-12-01 08:00:00,0.00001606,0.00001611,0.00001580,0.00001587,84742.70000000,1701431999999,1.35005720,476,41788.50000000,0.66544806,0
2023-12-01 12:00:00,0.00001586,0.00001616,0.00001586,0.00001598,115391.80000000,1701446399999,1.84790619,647,74912.20000000,1.20024286,0
2023-12-01 16:00:00,0.00001598,0.00001615,0.00001576,0.00001586,120324.20000000,1701460799999,1.92292608,907,60627.70000000,0.97060548,0
2023-12-01 20:00:00,0.00001584,0.00001586,0.00001575,0.00001585,94461.60000000,1701475199999,1.49234878,386,72497.80000000,1.14523612,0
2023-12-02 00:00:00,0.00001586,0.00001593,0.00001562,0.00001579,406630.50000000,1701489599999,6.38962336,931,304045.70000000,4.77571545,0
2023-12-02 04:00:00,0.00001579,0.00001584,0.00001572,0.00001582,62983.60000000,1701503999999,0.99431844,236,46519.40000000,0.73456551,0
2023-12-02 08:00:00,0.00001582,0.00001603,0.00001582,0.00001594,241285.60000000,1701518399999,3.84901903,688,64419.80000000,1.02779476,0
2023-12-02 12:00:00,0.00001592,0.00001615,0.00001583,0.00001600,358170.80000000,1701532799999,5.72776694,1067,211326.60000000,3.37865173,0
2023-12-02 16:00:00,0.00001599,0.00001610,0.00001586,0.00001590,136022.50000000,1701547199999,2.17107667,771,75083.10000000,1.19878388,0
2023-12-02 20:00:00,0.00001588,0.00001604,0.00001574,0.00001585,52928.70000000,1701561599999,0.84042203,255,34815.40000000,0.55315440,0
2023-12-03 00:00:00,0.00001585,0.00001595,0.00001555,0.00001561,181574.20000000,1701575999999,2.85136745,642,119940.90000000,1.88267333,0
2023-12-03 04:00:00,0.00001560,0.00001570,0.00001554,0.00001565,34558.40000000,1701590399999,0.53926232,228,26958.40000000,0.42069294,0
2023-12-03 08:00:00,0.00001565,0.00001577,0.00001552,0.00001560,70743.60000000,1701604799999,1.10870429,476,32834.10000000,0.51461242,0
2023-12-03 12:00:00,0.00001560,0.00001560,0.00001523,0.00001531,141581.50000000,1701619199999,2.18453090,579,40540.30000000,0.62372699,0
2023-12-03 16:00:00,0.00001528,0.00001554,0.00001511,0.00001538,177024.60000000,1701633599999,2.70495867,904,85399.00000000,1.30589207,0
2023-12-03 20:00:00,0.00001535,0.00001563,0.00001530,0.00001542,143897.80000000,1701647999999,2.22967306,948,60870.30000000,0.94265667,0
2023-12-04 00:00:00,0.00001537,0.00001545,0.00001520,0.00001538,232424.70000000,1701662399999,3.55618226,846,88228.50000000,1.35108891,0
2023-12-04 04:00:00,0.00001539,0.00001565,0.00001501,0.00001511,160052.20000000,1701676799999,2.44634850,1140,72937.70000000,1.11537022,0
2023-12-04 08:00:00,0.00001514,0.00001521,0.00001334,0.00001442,810486.70000000,1701691199999,11.57680338,2381,489038.20000000,6.99982660,0
2023-12-04 12:00:00,0.00001440,0.00001477,0.00001425,0.00001462,447586.60000000,1701705599999,6.48884773,2114,275562.60000000,3.99623670,0
2023-12-04 16:00:00,0.00001462,0.00001500,0.00001462,0.00001473,231216.80000000,1701719999999,3.42264144,1125,109328.10000000,1.61668251,0
2023-12-04 20:00:00,0.00001478,0.00001513,0.00001472,0.00001498,138672.90000000,1701734399999,2.07208768,768,58301.60000000,0.87126611,0
2023-12-05 00:00:00,0.00001499,0.00001540,0.00001484,0.00001495,219905.20000000,1701748799999,3.33550407,781,107655.60000000,1.63329916,0
2023-12-05 04:00:00,0.00001494,0.00001574,0.00001492,0.00001525,398406.50000000,1701763199999,6.13239880,1319,171000.80000000,2.63493446,0
2023-12-05 08:00:00,0.00001524,0.00001531,0.00001494,0.00001500,392096.50000000,1701777599999,5.91146658,1347,266800.90000000,4.02230742,0
2023-12-05 12:00:00,0.00001497,0.00001527,0.00001486,0.00001510,251665.50000000,1701791999999,3.77785047,981,177022.00000000,2.65642436,0
2023-12-05 16:00:00,0.00001507,0.00001514,0.00001432,0.00001444,264389.80000000,1701806399999,3.85619774,811,68233.50000000,1.00122044,0
2023-12-05 20:00:00,0.00001445,0.00001479,0.00001425,0.00001462,552164.70000000,1701820799999,8.01615708,1214,381591.50000000,5.54237924,0
2023-12-06 00:00:00,0.00001461,0.00001568,0.00001443,0.00001453,497269.10000000,1701835199999,7.36104035,1845,223615.10000000,3.30314602,0
2023-12-06 04:00:00,0.00001449,0.00001461,0.00001414,0.00001437,125965.70000000,1701849599999,1.80890149,451,81194.60000000,1.16616628,0
2023-12-06 08:00:00,0.00001438,0.00001458,0.00001391,0.00001406,349793.30000000,1701863999999,4.97886201,1113,127675.90000000,1.82445061,0
2023-12-06 12:00:00,0.00001408,0.00001435,0.00001398,0.00001434,137808.20000000,1701878399999,1.94236947,673,95562.00000000,1.34489816,0
2023-12-06 16:00:00,0.00001431,0.00001470,0.00001430,0.00001451,147840.60000000,1701892799999,2.14516867,454,93119.40000000,1.35145217,0
2023-12-06 20:00:00,0.00001451,0.00001455,0.00001409,0.00001418,337581.60000000,1701907199999,4.82990134,1144,174939.60000000,2.50191405,0
2023-12-07 00:00:00,0.00001418,0.00001431,0.00001401,0.00001415,82339.20000000,1701921599999,1.16762623,528,48504.20000000,0.68749562,0
2023-12-07 04:00:00,0.00001413,0.00001462,0.00001412,0.00001446,325869.80000000,1701935999999,4.70526852,1311,153371.00000000,2.21387149,0
2023-12-07 08:00:00,0.00001445,0.00001460,0.00001407,0.00001426,352825.00000000,1701950399999,5.04431107,1584,166834.00000000,2.38848246,0
2023-12-07 12:00:00,0.00001424,0.00001481,0.00001410,0.00001465,312763.20000000,1701964799999,4.52130601,1790,167971.70000000,2.42818614,0
2023-12-07 16:00:00,0.00001463,0.00001582,0.00001462,0.00001517,929865.80000000,1701979199999,14.13379294,4625,349498.10000000,5.33596290,0
2023-12-07 20:00:00,0.00001518,0.00001576,0.00001516,0.00001553,429647.90000000,1701993599999,6.67259793,2236,228800.60000000,3.55242904,0
2023-12-08 00:00:00,0.00001552,0.00001598,0.00001544,0.00001562,469154.90000000,1702007999999,7.37702349,1532,161572.70000000,2.53479765,0
2023-12-08 04:00:00,0.00001560,0.00001595,0.00001546,0.00001567,285013.20000000,1702022399999,4.49257328,1269,114901.60000000,1.80910903,0
2023-12-08 08:00:00,0.00001568,0.00001602,0.00001547,0.00001599,225589.40000000,1702036799999,3.56234393,1067,119757.60000000,1.89212352,0
2023-12-08 12:00:00,0.00001599,0.00001599,0.00001553,0.00001567,211391.60000000,1702051199999,3.30916740,974,144250.50000000,2.25685780,0
2023-12-08 16:00:00,0.00001567,0.00001631,0.00001566,0.00001606,210227.90000000,1702065599999,3.37278905,1210,128218.80000000,2.05446874,0
2023-12-08 20:00:00,0.00001605,0.00001622,0.00001577,0.00001593,212940.30000000,1702079999999,3.41330350,711,108887.30000000,1.74734282,0
2023-12-09 00:00:00,0.00001592,0.00001611,0.00001569,0.00001596,168120.30000000,1702094399999,2.66852069,721,96477.10000000,1.53221857,0
2023-12-09 04:00:00,0.00001597,0.00001607,0.00001582,0.00001603,169085.00000000,1702108799999,2.69776832,559,40799.30000000,0.65155447,0
2023-12-09 08:00:00,0.00001602,0.00001617,0.00001560,0.00001597,267155.30000000,1702123199999,4.26631850,966,118478.40000000,1.89002840,0
2023-12-09 12:00:00,0.00001595,0.00001651,0.00001584,0.00001633,215965.90000000,1702137599999,3.48484118,1016,119578.30000000,1.93120608,0
2023-12-09 16:00:00,0.00001630,0.00001633,0.00001569,0.00001585,218007.80000000,1702151999999,3.47244216,1129,150407.80000000,2.39310726,0
2023-12-09 20:00:00,0.00001581,0.00001582,0.00001539,0.00001551,179026.20000000,1702166399999,2.79292602,812,107547.30000000,1.67741222,0
2023-12-10 00:00:00,0.00001556,0.00001602,0.00001552,0.00001597,101314.90000000,1702180799999,1.61073810,409,71778.90000000,1.14146943,0
2023-12-10 04:00:00,0.00001601,0.00001630,0.00001577,0.00001590,159869.60000000,1702195199999,2.55926007,615,88044.80000000,1.41124145,0
2023-12-10 08:00:00,0.00001588,0.00001588,0.00001531,0.00001562,268664.80000000,1702209599999,4.20065965,959,186898.60000000,2.92356728,0
2023-12-10 12:00:00,0.00001561,0.00001574,0.00001547,0.00001565,79404.50000000,1702223999999,1.23908907,502,49345.80000000,0.77061533,0
2023-12-10 16:00:00,0.00001569,0.00001577,0.00001539,0.00001562,68911.10000000,1702238399999,1.07304462,595,37738.00000000,0.58681320,0
2023-12-10 20:00:00,0.00001563,0.00001589,0.00001563,0.00001580,159999.00000000,1702252799999,2.52751331,707,84169.20000000,1.32968901,0
2023-12-11 00:00:00,0.00001578,0.00001649,0.00001489,0.00001574,589128.00000000,1702267199999,9.29338119,2966,255526.00000000,4.01808193,0
2023-12-11 04:00:00,0.00001569,0.00001597,0.00001546,0.00001547,386665.70000000,1702281599999,6.11093643,1056,155951.00000000,2.46197985,0
2023-12-11 08:00:00,0.00001551,0.00001560,0.00001534,0.00001547,131722.80000000,1702295999999,2.04145457,473,60814.00000000,0.94211803,0
2023-12-11 12:00:00,0.00001549,0.00001557,0.00001494,0.00001520,260618.00000000,1702310399999,3.96911782,916,101713.40000000,1.54692510,0
2023-12-11 16:00:00,0.00001516,0.00001526,0.00001495,0.00001519,185085.50000000,1702324799999,2.79914594,714,130674.30000000,1.97660169,0
2023-12-11 20:00:00,0.00001520,0.00001532,0.00001511,0.00001523,123831.00000000,1702339199999,1.88344384,362,61929.20000000,0.94309699,0
2023-12-12 00:00:00,0.00001525,0.00001586,0.00001512,0.00001562,391112.70000000,1702353599999,6.03815549,1103,109944.80000000,1.69505589,0
2023-12-12 04:00:00,0.00001565,0.00001574,0.00001536,0.00001560,419957.80000000,1702367999999,6.54522710,895,175752.00000000,2.74087765,0
2023-12-12 08:00:00,0.00001565,0.00001570,0.00001530,0.00001531,277987.90000000,1702382399999,4.30737974,1015,51177.50000000,0.79142292,0
2023-12-12 12:00:00,0.00001531,0.00001574,0.00001505,0.00001537,432684.00000000,1702396799999,6.65992249,1619,187193.90000000,2.88018005,0
2023-12-12 16:00:00,0.00001538,0.00001557,0.00001517,0.00001549,154589.40000000,1702411199999,2.37581630,576,84879.10000000,1.30743099,0
2023-12-12 20:00:00,0.00001551,0.00001593,0.00001539,0.00001589,346755.00000000,1702425599999,5.44547138,1607,113571.40000000,1.78090169,0
2023-12-13 00:00:00,0.00001590,0.00001604,0.00001520,0.00001531,184011.20000000,1702439999999,2.87452989,1074,80562.30000000,1.25783238,0
2023-12-13 04:00:00,0.00001528,0.00001541,0.00001486,0.00001506,195639.70000000,1702454399999,2.95945006,819,118499.60000000,1.79440710,0
2023-12-13 08:00:00,0.00001505,0.00001523,0.00001499,0.00001502,135011.80000000,1702468799999,2.03898515,533,82103.20000000,1.23881256,0
2023-12-13 12:00:00,0.00001504,0.00001537,0.00001501,0.00001534,87133.80000000,1702483199999,1.32400502,621,57671.90000000,0.87495725,0
2023-12-13 16:00:00,0.00001531,0.00001538,0.00001510,0.00001535,78784.70000000,1702497599999,1.20253287,570,46434.80000000,0.70949158,0
2023-12-13 20:00:00,0.00001528,0.00001546,0.00001508,0.00001524,160467.60000000,1702511999999,2.44868176,859,61953.90000000,0.94635485,0
2023-12-14 00:00:00,0.00001525,0.00001528,0.00001503,0.00001510,131116.30000000,1702526399999,1.98716159,631,30891.80000000,0.46827794,0
2023-12-14 04:00:00,0.00001511,0.00001528,0.00001504,0.00001516,123911.80000000,1702540799999,1.87875689,453,81243.80000000,1.23340131,0
2023-12-14 08:00:00,0.00001517,0.00001557,0.00001507,0.00001547,575957.90000000,1702555199999,8.81266130,1771,379689.70000000,5.80992313,0
2023-12-14 12:00:00,0.00001545,0.00001547,0.00001506,0.00001528,159027.40000000,1702569599999,2.43168554,909,59052.50000000,0.90196012,0
2023-12-14 16:00:00,0.00001528,0.00001547,0.00001509,0.00001509,148354.00000000,1702583999999,2.26786455,902,54951.40000000,0.84082834,0
2023-12-14 20:00:00,0.00001511,0.00001538,0.00001507,0.00001522,112970.10000000,1702598399999,1.72093352,569,66162.50000000,1.00853691,0
2023-12-15 00:00:00,0.00001520,0.00001525,0.00001482,0.00001517,268568.70000000,1702612799999,4.05400408,973,183601.70000000,2.77451071,0
2023-12-15 04:00:00,0.00001516,0.00001529,0.00001489,0.00001489,148400.80000000,1702627199999,2.23470577,631,90709.80000000,1.36683568,0
2023-12-15 08:00:00,0.00001489,0.00001519,0.00001485,0.00001507,271438.80000000,1702641599999,4.08666894,657,171504.40000000,2.58014912,0
2023-12-15 12:00:00,0.00001510,0.00001511,0.00001480,0.00001506,198060.70000000,1702655999999,2.96061481,789,80982.10000000,1.21211262,0
2023-12-15 16:00:00,0.00001505,0.00001527,0.00001498,0.00001511,105377.00000000,1702670399999,1.59370626,553,68250.50000000,1.03217396,0
2023-12-15 20:00:00,0.00001511,0.00001516,0.00001467,0.00001472,124210.20000000,1702684799999,1.86273944,649,49774.50000000,0.74772365,0
2023-12-16 00:00:00,0.00001471,0.00001477,0.00001439,0.00001470,103297.20000000,1702699199999,1.50325665,908,43554.90000000,0.63548127,0
2023-12-16 04:00:00,0.00001471,0.00001480,0.00001463,0.00001470,50635.10000000,1702713599999,0.74606391,181,27399.50000000,0.40399066,0
2023-12-16 08:00:00,0.00001473,0.00001500,0.00001471,0.00001499,77339.20000000,1702727999999,1.15178307,232,40020.40000000,0.59551206,0
2023-12-16 12:00:00,0.00001501,0.00001516,0.00001493,0.00001506,102134.50000000,1702742399999,1.53295923,397,25305.00000000,0.38070267,0
2023-12-16 16:00:00,0.00001506,0.00001524,0.00001486,0.00001494,137452.10000000,1702756799999,2.07600565,779,45581.00000000,0.68849192,0
2023-12-16 20:00:00,0.00001495,0.00001509,0.00001481,0.00001496,70166.80000000,1702771199999,1.04952032,311,38937.00000000,0.58229226,0
2023-12-17 00:00:00,0.00001496,0.00001506,0.00001485,0.00001486,43574.40000000,1702785599999,0.65183183,518,27162.80000000,0.40655338,0
2023-12-17 04:00:00,0.00001489,0.00001492,0.00001452,0.00001454,92454.50000000,1702799999999,1.35817645,406,49236.60000000,0.72255543,0
2023-12-17 08:00:00,0.00001453,0.00001480,0.00001452,0.00001470,39812.20000000,1702814399999,0.58555827,420,20852.60000000,0.30758090,0
2023-12-17 12:00:00,0.00001469,0.00001472,0.00001450,0.00001472,85340.00000000,1702828799999,1.24581398,393,39128.60000000,0.57165509,0
2023-12-17 16:00:00,0.00001469,0.00001490,0.00001465,0.00001484,588979.10000000,1702843199999,8.74724795,649,434251.10000000,6.45231409,0
2023-12-17 20:00:00,0.00001484,0.00001489,0.00001464,0.00001475,48347.90000000,1702857599999,0.71304333,223,20185.30000000,0.29831738,0
2023-12-18 00:00:00,0.00001475,0.00001495,0.00001430,0.00001457,267459.70000000,1702871999999,3.88714218,870,132739.90000000,1.93324482,0
2023-12-18 04:00:00,0.00001457,0.00001466,0.00001438,0.00001438,42882.70000000,1702886399999,0.62542067,465,20014.50000000,0.29181823,0
2023-12-18 08:00:00,0.00001442,0.00001449,0.00001389,0.00001419,147428.40000000,1702900799999,2.08587474,848,53116.40000000,0.75308173,0
2023-12-18 12:00:00,0.00001420,0.00001432,0.00001409,0.00001423,63688.40000000,1702915199999,0.90552006,368,21186.70000000,0.30103512,0
2023-12-18 16:00:00,0.00001423,0.00001438,0.00001419,0.00001430,39376.60000000,1702929599999,0.56306482,179,34673.60000000,0.49590782,0
2023-12-18 20:00:00,0.00001430,0.00001452,0.00001417,0.00001432,164064.80000000,1702943999999,2.34335265,472,114129.80000000,1.63063590,0
2023-12-19 00:00:00,0.00001431,0.00001454,0.00001412,0.00001451,260003.50000000,1702958399999,3.72883318,693,130846.20000000,1.87981477,0
2023-12-19 04:00:00,0.00001452,0.00001541,0.00001436,0.00001506,262999.10000000,1702972799999,3.90325308,1435,147686.00000000,2.19085569,0
2023-12-19 08:00:00,0.00001504,0.00001513,0.00001457,0.00001478,475021.00000000,1702987199999,7.00927683,1439,230840.60000000,3.40547294,0
2023-12-19 12:00:00,0.00001481,0.00001524,0.00001453,0.00001510,419206.20000000,1703001599999,6.24118476,1622,168993.30000000,2.51368984,0
2023-12-19 16:00:00,0.00001512,0.00001700,0.00001511,0.00001644,2758834.20000000,1703015999999,45.06310244,7837,1596253.50000000,26.45568580,0
2023-12-19 20:00:00,0.00001643,0.00001676,0.00001584,0.00001604,519393.00000000,1703030399999,8.53292867,1863,185879.20000000,3.05380663,0
2023-12-20 00:00:00,0.00001608,0.00001617,0.00001526,0.00001554,616549.10000000,1703044799999,9.61985185,2749,267211.70000000,4.17632895,0
2023-12-20 04:00:00,0.00001551,0.00001740,0.00001527,0.00001700,1457679.60000000,1703059199999,23.61415823,4442,860679.50000000,13.94789759,0
2023-12-20 08:00:00,0.00001700,0.00001721,0.00001602,0.00001637,1453080.40000000,1703073599999,23.82315560,5007,669809.70000000,10.97842461,0
2023-12-20 12:00:00,0.00001636,0.00001636,0.00001577,0.00001604,600207.00000000,1703087999999,9.64126849,1803,383494.20000000,6.14913800,0
2023-12-20 16:00:00,0.00001604,0.00001618,0.00001557,0.00001561,424980.80000000,1703102399999,6.74695898,1725,224936.20000000,3.57873186,0
2023-12-20 20:00:00,0.00001564,0.00001583,0.00001552,0.00001575,339179.80000000,1703116799999,5.31790280,816,137038.00000000,2.14436134,0
2023-12-21 00:00:00,0.00001575,0.00001604,0.00001549,0.00001586,359281.70000000,1703131199999,5.68261398,1632,195429.70000000,3.10059805,0
2023-12-21 04:00:00,0.00001583,0.00001648,0.00001580,0.00001610,707575.00000000,1703145599999,11.38154120,2411,408591.30000000,6.56672976,0
2023-12-21 08:00:00,0.00001611,0.00001617,0.00001585,0.00001599,311424.20000000,1703159999999,4.98216305,1435,214273.30000000,3.42897401,0
2023-12-21 12:00:00,0.00001598,0.00001602,0.00001537,0.00001556,177216.20000000,1703174399999,2.76607325,1319,54198.80000000,0.84472870,0
2023-12-21 16:00:00,0.00001554,0.00001597,0.00001554,0.00001590,280716.10000000,1703188799999,4.42966380,1058,139510.70000000,2.19679221,0
2023-12-21 20:00:00,0.00001587,0.00001594,0.00001555,0.00001568,376497.40000000,1703203199999,5.95815118,948,116350.70000000,1.84085460,0
2023-12-22 00:00:00,0.00001568,0.00001595,0.00001543,0.00001550,250557.50000000,1703217599999,3.93182664,1368,123610.50000000,1.93903197,0
2023-12-22 04:00:00,0.00001550,0.00001553,0.00001502,0.00001523,246585.80000000,1703231999999,3.75737307,1118,114443.90000000,1.74806188,0
2023-12-22 08:00:00,0.00001523,0.00001554,0.00001521,0.00001551,211645.30000000,1703246399999,3.25485384,1224,99221.20000000,1.52922965,0
2023-12-22 12:00:00,0.00001551,0.00001580,0.00001544,0.00001579,269389.20000000,1703260799999,4.20304899,1264,129936.30000000,2.02929631,0
2023-12-22 16:00:00,0.00001579,0.00001587,0.00001537,0.00001545,239887.60000000,1703275199999,3.76297365,1115,71644.30000000,1.11844004,0
2023-12-22 20:00:00,0.00001544,0.00001596,0.00001544,0.00001581,393228.40000000,1703289599999,6.14469905,1097,205678.70000000,3.21111504,0
2023-12-23 00:00:00,0.00001579,0.00001699,0.00001575,0.00001630,1582729.10000000,1703303999999,26.07898053,4288,800925.90000000,13.15429049,0
2023-12-23 04:00:00,0.00001629,0.00001660,0.00001614,0.00001643,299837.50000000,1703318399999,4.91816886,1377,101665.20000000,1.66998910,0
2023-12-23 08:00:00,0.00001644,0.00001706,0.00001633,0.00001683,630155.40000000,1703332799999,10.57852456,2752,270379.30000000,4.52438759,0
2023-12-23 12:00:00,0.00001679,0.00001696,0.00001615,0.00001618,505010.00000000,1703347199999,8.32193942,2269,248722.50000000,4.08794961,0
2023-12-23 16:00:00,0.00001618,0.00001666,0.00001617,0.00001657,150979.30000000,1703361599999,2.47337016,947,93889.50000000,1.53819472,0
2023-12-23 20:00:00,0.00001656,0.00001735,0.00001645,0.00001724,581446.80000000,1703375999999,9.84238012,2123,331845.10000000,5.61592240,0
2023-12-24 00:00:00,0.00001724,0.00001749,0.00001657,0.00001663,579799.40000000,1703390399999,9.81562581,2553,349305.10000000,5.91960950,0
2023-12-24 04:00:00,0.00001663,0.00001688,0.00001646,0.00001649,461177.00000000,1703404799999,7.68990833,1620,321076.70000000,5.35965977,0
2023-12-24 08:00:00,0.00001649,0.00001660,0.00001628,0.00001645,305562.40000000,1703419199999,5.02578047,1042,166183.30000000,2.73507311,0
2023-12-24 12:00:00,0.00001644,0.00001692,0.00001641,0.00001667,161492.00000000,1703433599999,2.69517467,900,84694.10000000,1.41408909,0
2023-12-24 16:00:00,0.00001668,0.00001695,0.00001664,0.00001691,374008.60000000,1703447999999,6.28881040,723,254912.40000000,4.28624366,0
2023-12-24 20:00:00,0.00001692,0.00001699,0.00001645,0.00001662,254066.30000000,1703462399999,4.23532897,1409,70315.20000000,1.17506801,0
2023-12-25 00:00:00,0.00001661,0.00001700,0.00001654,0.00001685,133716.40000000,1703476799999,2.23672368,1011,57367.90000000,0.95871755,0
2023-12-25 04:00:00,0.00001685,0.00001723,0.00001682,0.00001702,251666.90000000,1703491199999,4.28798658,1016,142120.60000000,2.42437719,0
2023-12-25 08:00:00,0.00001703,0.00001717,0.00001687,0.00001708,160262.50000000,1703505599999,2.72822273,943,74767.90000000,1.27380557,0
2023-12-25 12:00:00,0.00001709,0.00001768,0.00001694,0.00001743,1005834.20000000,1703519999999,17.42858863,3358,484926.40000000,8.40791468,0
2023-12-25 16:00:00,0.00001746,0.00001901,0.00001745,0.00001866,1394055.40000000,1703534399999,25.56257442,5890,778435.50000000,14.29638490,0
2023-12-25 20:00:00,0.00001867,0.00001894,0.00001833,0.00001875,524801.00000000,1703548799999,9.80925143,2323,263885.20000000,4.93286764,0
2023-12-26 00:00:00,0.00001875,0.00002040,0.00001870,0.00002013,1323437.30000000,1703563199999,26.09686547,5095,758025.60000000,14.94924513,0
2023-12-26 04:00:00,0.00002010,0.00002044,0.00001890,0.00001970,887665.70000000,1703577599999,17.41733544,3956,330259.00000000,6.47839856,0
2023-12-26 08:00:00,0.00001968,0.00002047,0.00001928,0.00001989,910884.40000000,1703591999999,18.09336527,5186,448431.60000000,8.92275979,0
2023-12-26 12:00:00,0.00001986,0.00002107,0.00001941,0.00001955,1444203.10000000,1703606399999,29.13407641,6280,747835.20000000,15.07473242,0
2023-12-26 16:00:00,0.00001955,0.00002064,0.00001858,0.00002060,632445.70000000,1703620799999,12.49632598,3113,313554.10000000,6.22765396,0
2023-12-26 20:00:00,0.00002060,0.00002140,0.00002046,0.00002077,1141107.80000000,1703635199999,23.87447383,4005,473630.90000000,9.89686444,0
2023-12-27 00:00:00,0.00002082,0.00002168,0.00001991,0.00001994,1141842.20000000,1703649599999,24.01677439,4495,669522.60000000,14.11549951,0
2023-12-27 04:00:00,0.00001995,0.00002020,0.00001937,0.00001944,351661.10000000,1703663999999,6.95142605,1809,158715.80000000,3.13886594,0
2023-12-27 08:00:00,0.00001943,0.00002004,0.00001941,0.00001965,333119.10000000,1703678399999,6.57186797,1403,187677.40000000,3.70499960,0
2023-12-27 12:00:00,0.00001965,0.00002015,0.00001950,0.00001973,621834.90000000,1703692799999,12.28664101,2394,311632.50000000,6.15871357,0
2023-12-27 16:00:00,0.00001975,0.00001975,0.00001911,0.00001929,319988.10000000,1703707199999,6.21153438,1440,178627.70000000,3.47127118,0
2023-12-27 20:00:00,0.00001929,0.00001940,0.00001895,0.00001911,213751.10000000,1703721599999,4.09617096,792,127213.60000000,2.43746755,0
2023-12-28 00:00:00,0.00001909,0.00001958,0.00001900,0.00001925,325500.40000000,1703735999999,6.27955719,1581,158881.00000000,3.06406729,0
2023-12-28 04:00:00,0.00001925,0.00001973,0.00001853,0.00001860,647217.90000000,1703750399999,12.31450185,2134,319062.00000000,6.07150335,0
2023-12-28 08:00:00,0.00001866,0.00002005,0.00001860,0.00001998,664836.30000000,1703764799999,12.89953718,2920,381344.50000000,7.41320818,0
2023-12-28 12:00:00,0.00002004,0.00002004,0.00001823,0.00001893,780141.20000000,1703779199999,14.73575738,2598,291357.10000000,5.50242455,0
2023-12-28 16:00:00,0.00001894,0.00001916,0.00001878,0.00001902,184339.30000000,1703793599999,3.49305397,636,104039.20000000,1.97157979,0
2023-12-28 20:00:00,0.00001898,0.00001899,0.00001862,0.00001870,123963.20000000,1703807999999,2.32749113,595,76021.70000000,1.42784448,0
2023-12-29 00:00:00,0.00001872,0.00001880,0.00001803,0.00001843,217162.80000000,1703822399999,3.98631836,859,112930.20000000,2.07347587,0
2023-12-29 04:00:00,0.00001846,0.00001854,0.00001815,0.00001819,524116.70000000,1703836799999,9.59873259,1408,264585.50000000,4.84874097,0
2023-12-29 08:00:00,0.00001820,0.00001969,0.00001817,0.00001952,1221353.70000000,1703851199999,23.47798612,3925,731712.80000000,14.08006629,0
2023-12-29 12:00:00,0.00001950,0.00001958,0.00001910,0.00001919,379328.20000000,1703865599999,7.34188200,1289,161834.80000000,3.13574986,0
2023-12-29 16:00:00,0.00001926,0.00001941,0.00001890,0.00001923,490108.50000000,1703879999999,9.39136635,1623,151321.40000000,2.90186591,0
2023-12-29 20:00:00,0.00001920,0.00001926,0.00001891,0.00001915,132777.00000000,1703894399999,2.52793523,679,84653.40000000,1.61041773,0
2023-12-30 00:00:00,0.00001914,0.00001920,0.00001878,0.00001885,156170.00000000,1703908799999,2.96223210,675,104763.90000000,1.98576960,0
2023-12-30 04:00:00,0.00001885,0.00001902,0.00001882,0.00001888,77901.60000000,1703923199999,1.47391115,604,49852.60000000,0.94258479,0
2023-12-30 08:00:00,0.00001887,0.00001887,0.00001844,0.00001853,570145.60000000,1703937599999,10.66122452,1529,385620.80000000,7.21922845,0
2023-12-30 12:00:00,0.00001853,0.00001901,0.00001836,0.00001862,324343.80000000,1703951999999,6.01979015,831,171441.30000000,3.18305156,0
2023-12-30 16:00:00,0.00001864,0.00001925,0.00001861,0.00001925,230919.40000000,1703966399999,4.35493409,625,149656.60000000,2.82266163,0
2023-12-30 20:00:00,0.00001921,0.00001942,0.00001895,0.00001917,500598.30000000,1703980799999,9.60814683,1141,269424.60000000,5.17014195,0
2023-12-31 00:00:00,0.00001919,0.00001961,0.00001874,0.00001891,472811.70000000,1703995199999,9.05442332,1477,265937.40000000,5.08944892,0
2023-12-31 04:00:00,0.00001892,0.00001943,0.00001892,0.00001932,194365.90000000,1704009599999,3.73906498,664,139967.00000000,2.69373946,0
2023-12-31 08:00:00,0.00001929,0.00001941,0.00001914,0.00001933,203286.80000000,1704023999999,3.91780986,736,116405.60000000,2.24732736,0
2023-12-31 12:00:00,0.00001925,0.00001944,0.00001887,0.00001888,505005.90000000,1704038399999,9.67595482,1017,256839.90000000,4.91977808,0
2023-12-31 16:00:00,0.00001897,0.00001912,0.00001878,0.00001885,69184.10000000,1704052799999,1.31121849,115,36129.70000000,0.68533162,0
2023-12-31 20:00:00,0.00001882,0.00001889,0.00001815,0.00001833,247416.00000000,1704067199999,4.56806064,775,135783.80000000,2.50882180,0
2024-01-01 00:00:00,0.00001833,0.00001860,0.00001816,0.00001821,225755.10000000,1704081599999,4.13607943,632,59166.60000000,1.08823217,0
2024-01-01 04:00:00,0.00001819,0.00001826,0.00001789,0.00001811,208866.10000000,1704095999999,3.76287502,949,127288.10000000,2.29458212,0
2024-01-01 08:00:00,0.00001813,0.00001841,0.00001804,0.00001838,161888.40000000,1704110399999,2.95326509,703,91774.40000000,1.67726599,0
2024-01-01 12:00:00,0.00001836,0.00001888,0.00001824,0.00001888,127433.40000000,1704124799999,2.35639870,487,79699.70000000,1.48051250,0
2024-01-01 16:00:00,0.00001884,0.00001953,0.00001861,0.00001926,539951.70000000,1704139199999,10.30153240,1542,292615.60000000,5.58829537,0
2024-01-01 20:00:00,0.00001928,0.00001947,0.00001906,0.00001906,122309.40000000,1704153599999,2.35599904,631,48001.40000000,0.92557418,0
2024-01-02 00:00:00,0.00001909,0.00001952,0.00001862,0.00001935,386340.80000000,1704167999999,7.37316850,1127,198967.90000000,3.79961292,0
2024-01-02 04:00:00,0.00001935,0.00002035,0.00001932,0.00001956,513692.40000000,1704182399999,10.17522683,1996,244221.30000000,4.83469529,0
2024-01-02 08:00:00,0.00001956,0.00002008,0.00001907,0.00001916,640022.20000000,1704196799999,12.49052943,1741,147345.60000000,2.89053243,0
2024-01-02 12:00:00,0.00001926,0.00001933,0.00001880,0.00001894,297345.70000000,1704211199999,5.67620532,903,181724.30000000,3.46900937,0
2024-01-02 16:00:00,0.00001894,0.00001990,0.00001892,0.00001990,238984.60000000,1704225599999,4.67576125,846,180070.60000000,3.51994416,0
2024-01-02 20:00:00,0.00001992,0.00002071,0.00001971,0.00002012,532860.10000000,1704239999999,10.74231946,2072,233903.70000000,4.71247230,0
2024-01-03 00:00:00,0.00002015,0.00002095,0.00001950,0.00001960,367973.60000000,1704254399999,7.44672847,2001,137026.00000000,2.78778242,0
2024-01-03 04:00:00,0.00001960,0.00002016,0.00001956,0.00001964,108821.70000000,1704268799999,2.15839989,997,62907.10000000,1.24879034,0
2024-01-03 08:00:00,0.00001961,0.00001983,0.00001923,0.00001945,402177.10000000,1704283199999,7.86820116,1511,242603.50000000,4.75121581,0
2024-01-03 12:00:00,0.00001945,0.00001958,0.00001640,0.00001931,1558549.20000000,1704297599999,29.00195370,4270,936385.20000000,17.44876098,0
2024-01-03 16:00:00,0.00001932,0.00001977,0.00001879,0.00001956,355745.40000000,1704311999999,6.80618233,1168,177983.40000000,3.41834144,0
2024-01-03 20:00:00,0.00001953,0.00002042,0.00001937,0.00001968,277717.20000000,1704326399999,5.50560277,996,146222.10000000,2.89760613,0
2024-01-04 00:00:00,0.00001972,0.00002012,0.00001924,0.00001972,369543.80000000,1704340799999,7.27680892,1974,159023.80000000,3.14458354,0
2024-01-04 04:00:00,0.00001970,0.00002018,0.00001927,0.00001927,195824.70000000,1704355199999,3.84749373,1063,78836.00000000,1.55104886,0
2024-01-04 08:00:00,0.00001932,0.00001932,0.00001878,0.00001902,256721.90000000,1704369599999,4.90529031,914,91244.80000000,1.74030939,0
2024-01-04 12:00:00,0.00001902,0.00001966,0.00001877,0.00001935,239890.60000000,1704383999999,4.59016630,1441,123923.70000000,2.37655898,0
2024-01-04 16:00:00,0.00001933,0.00001943,0.00001900,0.00001923,222824.50000000,1704398399999,4.27406084,1024,84024.50000000,1.61390659,0
2024-01-04 20:00:00,0.00001928,0.00001946,0.00001907,0.00001934,471078.00000000,1704412799999,9.05192384,1447,234609.10000000,4.51843273,0
2024-01-05 00:00:00,0.00001935,0.00001940,0.00001832,0.00001878,588038.20000000,1704427199999,11.15856430,2193,154663.40000000,2.93645054,0
2024-01-05 04:00:00,0.00001875,0.00001875,0.00001825,0.00001830,151772.40000000,1704441599999,2.80526198,856,77089.60000000,1.42586574,0
2024-01-05 08:00:00,0.00001829,0.00001840,0.00001779,0.00001782,171103.50000000,1704455999999,3.10085205,1067,71610.00000000,1.29737135,0
2024-01-05 12:00:00,0.00001784,0.00001895,0.00001761,0.00001895,532317.50000000,1704470399999,9.66294429,1223,186652.70000000,3.38928825,0
2024-01-05 16:00:00,0.00001894,0.00001958,0.00001877,0.00001936,586529.40000000,1704484799999,11.27306746,1498,250307.70000000,4.81540868,0
2024-01-05 20:00:00,0.00001938,0.00002042,0.00001919,0.00002036,505306.20000000,1704499199999,9.96623429,1503,251355.90000000,4.96080068,0
2024-01-06 00:00:00,0.00002036,0.00002040,0.00001880,0.00001891,364580.90000000,1704513599999,7.12896656,1070,120528.90000000,2.35640442,0
2024-01-06 04:00:00,0.00001892,0.00001947,0.00001858,0.00001943,356844.20000000,1704527999999,6.77698667,918,175149.70000000,3.33898365,0
2024-01-06 08:00:00,0.00001948,0.00002039,0.00001933,0.00002016,708436.60000000,1704542399999,14.20551788,1780,306629.30000000,6.14006404,0
2024-01-06 12:00:00,0.00002016,0.00002057,0.00001972,0.00001980,550189.70000000,1704556799999,11.06803947,1353,309243.50000000,6.21372349,0
2024-01-06 16:00:00,0.00001978,0.00001981,0.00001877,0.00001888,238877.50000000,1704571199999,4.57491029,624,81518.60000000,1.55526588,0
2024-01-06 20:00:00,0.00001890,0.00001898,0.00001870,0.00001894,149075.50000000,1704585599999,2.80950484,291,71885.40000000,1.35588410,0
2024-01-07 00:00:00,0.00001889,0.00001930,0.00001871,0.00001880,246718.60000000,1704599999999,4.69939540,652,61917.40000000,1.17771794,0
2024-01-07 04:00:00,0.00001882,0.00001900,0.00001862,0.00001862,239991.60000000,1704614399999,4.51689175,538,76302.40000000,1.43376035,0
2024-01-07 08:00:00,0.00001861,0.00001917,0.00001840,0.00001901,316854.50000000,1704628799999,5.97636809,804,148293.30000000,2.78941008,0
2024-01-07 12:00:00,0.00001900,0.00001954,0.00001858,0.00001869,379415.10000000,1704643199999,7.23981287,893,134880.90000000,2.57590766,0
2024-01-07 16:00:00,0.00001870,0.00001916,0.00001831,0.00001911,360136.40000000,1704657599999,6.73021906,695,151814.90000000,2.84091770,0
2024-01-07 20:00:00,0.00001900,0.00001922,0.00001808,0.00001826,321035.30000000,1704671999999,5.97787293,634,130111.20000000,2.43492182,0
2024-01-08 00:00:00,0.00001822,0.00001844,0.00001667,0.00001706,1084561.90000000,1704686399999,18.81618545,1838,411146.20000000,7.09140749,0
2024-01-08 04:00:00,0.00001709,0.00001779,0.00001700,0.00001749,897876.40000000,1704700799999,15.73649159,1157,573389.30000000,10.04104170,0
2024-01-08 08:00:00,0.00001746,0.00001762,0.00001724,0.00001731,162755.70000000,1704715199999,2.83745183,347,100218.10000000,1.74943201,0
2024-01-08 12:00:00,0.00001733,0.00001852,0.00001733,0.00001840,985407.40000000,1704729599999,17.60235061,1695,380997.90000000,6.80372284,0
2024-01-08 16:00:00,0.00001844,0.00001935,0.00001798,0.00001830,386579.00000000,1704743999999,7.18382474,1181,207317.80000000,3.86095653,0
2024-01-08 20:00:00,0.00001829,0.00001854,0.00001800,0.00001833,280764.50000000,1704758399999,5.12801094,494,146037.40000000,2.66272145,0
2024-01-09 00:00:00,0.00001832,0.00001858,0.00001783,0.00001796,236954.50000000,1704772799999,4.28072346,648,89129.30000000,1.61228454,0
2024-01-09 04:00:00,0.00001796,0.00001832,0.00001791,0.00001811,130908.40000000,1704787199999,2.36976672,429,83266.00000000,1.50808276,0
2024-01-09 08:00:00,0.00001819,0.00001834,0.00001759,0.00001768,179949.90000000,1704801599999,3.20618931,493,102924.90000000,1.83686031,0
2024-01-09 12:00:00,0.00001769,0.00001812,0.00001734,0.00001768,417321.50000000,1704815999999,7.32902293,772,287115.70000000,5.03508362,0
2024-01-09 16:00:00,0.00001767,0.00001767,0.00001691,0.00001700,133840.70000000,1704830399999,2.31093216,438,68714.20000000,1.18712881,0
2024-01-09 20:00:00,0.00001701,0.00001763,0.00001658,0.00001735,228983.80000000,1704844799999,3.92176113,855,110241.20000000,1.89527778,0
2024-01-10 00:00:00,0.00001729,0.00001810,0.00001717,0.00001749,188991.90000000,1704859199999,3.32019775,456,42780.60000000,0.75398834,0
2024-01-10 04:00:00,0.00001747,0.00001780,0.00001734,0.00001737,464705.20000000,1704873599999,8.19015460,374,174267.80000000,3.05721092,0
2024-01-10 08:00:00,0.00001749,0.00001787,0.00001726,0.00001749,267282.10000000,1704887999999,4.71603009,445,101772.50000000,1.79306777,0
2024-01-10 12:00:00,0.00001744,0.00001744,0.00001699,0.00001728,159704.70000000,1704902399999,2.75176048,547,91331.80000000,1.57380461,0
2024-01-10 16:00:00,0.00001731,0.00001745,0.00001706,0.00001721,148960.80000000,1704916799999,2.56802879,447,67677.90000000,1.16830558,0
2024-01-10 20:00:00,0.00001724,0.00001841,0.00001710,0.00001800,468038.20000000,1704931199999,8.36927523,1528,191259.10000000,3.42880729,0
2024-01-11 00:00:00,0.00001810,0.00002000,0.00001791,0.00001975,1153748.10000000,1704945599999,21.77152794,2660,691488.00000000,12.99601884,0
2024-01-11 04:00:00,0.00001978,0.00002132,0.00001950,0.00002121,1319683.00000000,1704959999999,27.11481826,3614,480004.00000000,9.87153690,0
2024-01-11 08:00:00,0.00002121,0.00002226,0.00002118,0.00002170,1486702.20000000,1704974399999,32.30071906,4462,694880.40000000,15.10296996,0
2024-01-11 12:00:00,0.00002172,0.00002257,0.00002070,0.00002145,1184116.50000000,1704988799999,25.53147450,4167,459942.80000000,9.96103554,0
2024-01-11 16:00:00,0.00002148,0.00002352,0.00002125,0.00002347,1393741.60000000,1705003199999,31.42763444,4622,633959.40000000,14.33937330,0
2024-01-11 20:00:00,0.00002350,0.00002455,0.00002287,0.00002355,940915.00000000,1705017599999,22.19974537,3637,512606.20000000,12.09192854,0
2024-01-12 00:00:00,0.00002353,0.00002446,0.00002274,0.00002372,860943.80000000,1705031999999,20.26105338,3185,373642.80000000,8.78765682,0
2024-01-12 04:00:00,0.00002368,0.00002444,0.00002322,0.00002435,771629.10000000,1705046399999,18.41762713,2519,387039.60000000,9.22844927,0
2024-01-12 08:00:00,0.00002434,0.00002640,0.00002353,0.00002588,1632330.50000000,1705060799999,40.58525596,5240,881701.30000000,22.00305768,0
2024-01-12 12:00:00,0.00002587,0.00002709,0.00002478,0.00002620,1700176.60000000,1705075199999,43.99721528,5934,790233.30000000,20.45643335,0
2024-01-12 16:00:00,0.00002623,0.00002730,0.00002513,0.00002662,1549548.90000000,1705089599999,40.92705028,5544,764286.50000000,20.21788222,0
2024-01-12 20:00:00,0.00002661,0.00002753,0.00002583,0.00002728,1388233.80000000,1705103999999,37.05708665,4886,729278.90000000,19.45404421,0
2024-01-13 00:00:00,0.00002732,0.00002827,0.00002634,0.00002767,869285.20000000,1705118399999,23.75408946,3575,477066.70000000,13.03529506,0
2024-01-13 04:00:00,0.00002769,0.00002999,0.00002737,0.00002921,1251542.60000000,1705132799999,36.35009091,4999,665155.00000000,19.30344670,0
2024-01-13 08:00:00,0.00002921,0.00003163,0.00002914,0.00003111,2138838.80000000,1705147199999,65.45159672,8233,1259308.90000000,38.53548290,0
2024-01-13 12:00:00,0.00003105,0.00003136,0.00002861,0.00002952,1126170.30000000,1705161599999,33.47906681,4565,535489.90000000,15.91778524,0
2024-01-13 16:00:00,0.00002956,0.00003095,0.00002904,0.00003064,685622.60000000,1705175999999,20.70264906,2992,333084.60000000,10.06201803,0
2024-01-13 20:00:00,0.00003066,0.00003113,0.00003001,0.00003008,514622.60000000,1705190399999,15.77207441,1689,232114.40000000,7.11690146,0
2024-01-14 00:00:00,0.00003014,0.00003065,0.00002881,0.00002921,473700.40000000,1705204799999,14.07585464,2242,208985.60000000,6.20860363,0
2024-01-14 04:00:00,0.00002924,0.00003069,0.00002894,0.00003018,396293.10000000,1705219199999,11.80581625,1691,184991.80000000,5.51169011,0
2024-01-14 08:00:00,0.00003015,0.00003154,0.00002949,0.00002973,573041.40000000,1705233599999,17.50258238,2818,274869.90000000,8.39474223,0
2024-01-14 12:00:00,0.00002972,0.00003003,0.00002910,0.00002944,366953.20000000,1705247999999,10.84390740,1688,200569.80000000,5.92776356,0
2024-01-14 16:00:00,0.00002949,0.00002997,0.00002887,0.00002935,534921.30000000,1705262399999,15.68952350,1934,247930.40000000,7.27651701,0
2024-01-14 20:00:00,0.00002935,0.00003079,0.00002918,0.00002996,299463.00000000,1705276799999,8.99882801,2126,118290.80000000,3.55118166,0
2024-01-15 00:00:00,0.00003011,0.00003136,0.00002975,0.00003066,674979.90000000,1705291199999,20.60631579,3267,288722.40000000,8.81508446,0
2024-01-15 04:00:00,0.00003067,0.00003374,0.00003067,0.00003351,1481256.70000000,1705305599999,48.59148867,6384,726942.20000000,23.80466386,0
2024-01-15 08:00:00,0.00003349,0.00003402,0.00003274,0.00003322,1085534.90000000,1705319999999,36.28611967,4173,495317.80000000,16.56063249,0
2024-01-15 12:00:00,0.00003323,0.00003351,0.00003194,0.00003254,1070041.30000000,1705334399999,34.78690118,4420,422741.90000000,13.75366589,0
2024-01-15 16:00:00,0.00003258,0.00003340,0.00003220,0.00003246,490898.90000000,1705348799999,16.11291757,2689,274635.60000000,9.00816708,0
2024-01-15 20:00:00,0.00003248,0.00003256,0.00003195,0.00003223,266855.20000000,1705363199999,8.61810313,1392,162563.30000000,5.25293027,0
2024-01-16 00:00:00,0.00003223,0.00003282,0.00003148,0.00003172,485386.60000000,1705377599999,15.55160472,2503,239921.20000000,7.67005223,0
2024-01-16 04:00:00,0.00003167,0.00003181,0.00003036,0.00003059,609234.60000000,1705391999999,18.85603877,2248,312188.00000000,9.69483052,0
2024-01-16 08:00:00,0.00003057,0.00003077,0.00002952,0.00003057,372102.20000000,1705406399999,11.26231416,1510,155903.60000000,4.73732640,0
2024-01-16 12:00:00,0.00003055,0.00003056,0.00002922,0.00002942,642008.50000000,1705420799999,19.12193906,2747,381512.80000000,11.36894550,0
2024-01-16 16:00:00,0.00002942,0.00002955,0.00002878,0.00002898,166848.20000000,1705435199999,4.87063255,1265,90753.40000000,2.65138887,0
2024-01-16 20:00:00,0.00002901,0.00002966,0.00002888,0.00002946,239915.60000000,1705449599999,7.05294256,1329,129132.10000000,3.79780081,0
2024-01-17 00:00:00,0.00002944,0.00003086,0.00002929,0.00003017,505199.40000000,1705463999999,15.31779604,3598,324572.60000000,9.85238629,0
2024-01-17 04:00:00,0.00003017,0.00003068,0.00002808,0.00002863,560556.70000000,1705478399999,16.27842436,3863,291300.50000000,8.45837480,0
2024-01-17 08:00:00,0.00002859,0.00002933,0.00002832,0.00002911,386955.50000000,1705492799999,11.17682253,2688,266326.20000000,7.69390545,0
2024-01-17 12:00:00,0.00002912,0.00002999,0.00002911,0.00002981,248322.90000000,1705507199999,7.31996998,2677,126319.60000000,3.72283896,0
2024-01-17 16:00:00,0.00002981,0.00003140,0.00002979,0.00003098,333483.60000000,1705521599999,10.20660602,2535,182857.70000000,5.59869488,0
2024-01-17 20:00:00,0.00003101,0.00003102,0.00002985,0.00003029,342364.60000000,1705535999999,10.42247746,1613,150208.50000000,4.57383986,0
2024-01-18 00:00:00,0.00003027,0.00003089,0.00002939,0.00003025,434777.70000000,1705550399999,13.14110448,2817,202591.60000000,6.11091678,0
2024-01-18 04:00:00,0.00003031,0.00003147,0.00003014,0.00003077,465100.80000000,1705564799999,14.33859748,2261,231215.70000000,7.12929551,0
2024-01-18 08:00:00,0.00003077,0.00003106,0.00002970,0.00002985,638272.80000000,1705579199999,19.36742528,2622,293558.00000000,8.91648445,0
2024-01-18 12:00:00,0.00002982,0.00002991,0.00002846,0.00002848,785696.50000000,1705593599999,22.78349230,2669,397392.00000000,11.52396044,0
2024-01-18 16:00:00,0.00002848,0.00002866,0.00002728,0.00002815,1533668.00000000,1705607999999,43.01591989,4547,700210.40000000,19.67364890,0
2024-01-18 20:00:00,0.00002819,0.00002868,0.00002797,0.00002803,297410.90000000,1705622399999,8.42448621,1382,163054.10000000,4.61929293,0
2024-01-19 00:00:00,0.00002807,0.00002823,0.00002682,0.00002738,320914.20000000,1705636799999,8.77919306,2422,139791.30000000,3.81940650,0
2024-01-19 04:00:00,0.00002740,0.00002748,0.00002695,0.00002709,182232.50000000,1705651199999,4.94821614,1469,116309.30000000,3.15807745,0
2024-01-19 08:00:00,0.00002708,0.00002817,0.00002698,0.00002792,454388.40000000,1705665599999,12.57280647,2746,295237.70000000,8.16579767,0
2024-01-19 12:00:00,0.00002793,0.00002869,0.00002746,0.00002799,273404.20000000,1705679999999,7.66389575,2714,170553.10000000,4.78312113,0
2024-01-19 16:00:00,0.00002796,0.00002837,0.00002677,0.00002801,582434.10000000,1705694399999,15.98217688,4426,275383.70000000,7.57480535,0
2024-01-19 20:00:00,0.00002799,0.00002841,0.00002791,0.00002798,282052.30000000,1705708799999,7.94237190,1797,149392.70000000,4.20744665,0
2024-01-20 00:00:00,0.00002798,0.00002799,0.00002697,0.00002705,226706.60000000,1705723199999,6.23253073,1295,132887.90000000,3.65207769,0
2024-01-20 04:00:00,0.00002705,0.00002721,0.00002649,0.00002671,473938.40000000,1705737599999,12.70404348,1984,278031.60000000,7.44273169,0
2024-01-20 08:00:00,0.00002667,0.00002673,0.00002571,0.00002589,594507.50000000,1705751999999,15.49371329,3355,324634.60000000,8.45838030,0
2024-01-20 12:00:00,0.00002590,0.00002613,0.00002560,0.00002570,282191.10000000,1705766399999,7.28877634,1751,124799.50000000,3.22667369,0
2024-01-20 16:00:00,0.00002570,0.00002632,0.00002544,0.00002623,189129.00000000,1705780799999,4.88941156,1208,107456.90000000,2.77670949,0
2024-01-20 20:00:00,0.00002625,0.00002648,0.00002613,0.00002644,194778.40000000,1705795199999,5.13696658,977,87686.70000000,2.31253671,0
2024-01-21 00:00:00,0.00002640,0.00002696,0.00002592,0.00002668,179870.40000000,1705809599999,4.71921391,1299,89877.10000000,2.35825273,0
2024-01-21 04:00:00,0.00002665,0.00002708,0.00002621,0.00002664,292840.20000000,1705823999999,7.79523193,1442,196322.50000000,5.22214572,0
2024-01-21 08:00:00,0.00002663,0.00002700,0.00002645,0.00002660,263703.80000000,1705838399999,7.06053639,1376,122836.10000000,3.28641364,0
2024-01-21 12:00:00,0.00002660,0.00002677,0.00002590,0.00002598,335044.90000000,1705852799999,8.82602127,1711,153126.30000000,4.03224749,0
2024-01-21 16:00:00,0.00002600,0.00002631,0.00002577,0.00002588,116707.60000000,1705867199999,3.03460119,856,58892.80000000,1.53291879,0
2024-01-21 20:00:00,0.00002592,0.00002592,0.00002539,0.00002552,147257.50000000,1705881599999,3.78678414,995,84372.40000000,2.17077845,0
2024-01-22 00:00:00,0.00002554,0.00002566,0.00002443,0.00002479,383770.50000000,1705895999999,9.54287364,1467,155700.50000000,3.87116382,0
2024-01-22 04:00:00,0.00002483,0.00002552,0.00002471,0.00002526,203558.80000000,1705910399999,5.12371677,821,98472.90000000,2.47696566,0
2024-01-22 08:00:00,0.00002529,0.00002639,0.00002505,0.00002585,371770.70000000,1705924799999,9.54464373,3179,206696.40000000,5.31285901,0
2024-01-22 12:00:00,0.00002584,0.00002659,0.00002577,0.00002632,386673.10000000,1705939199999,10.11484980,2936,191563.00000000,5.01117631,0
2024-01-22 16:00:00,0.00002632,0.00002754,0.00002629,0.00002718,564563.50000000,1705953599999,15.21424582,3318,295794.00000000,7.96581848,0
2024-01-22 20:00:00,0.00002722,0.00002807,0.00002681,0.00002712,394426.80000000,1705967999999,10.84122997,2006,188623.10000000,5.18505745,0
2024-01-23 00:00:00,0.00002713,0.00002764,0.00002583,0.00002741,547295.80000000,1705982399999,14.55225525,2728,233171.70000000,6.23158443,0
2024-01-23 04:00:00,0.00002735,0.00002816,0.00002692,0.00002692,428124.20000000,1705996799999,11.82271168,2464,223878.10000000,6.18680556,0
2024-01-23 08:00:00,0.00002691,0.00002795,0.00002607,0.00002781,888242.80000000,1706011199999,24.06308154,5339,595366.90000000,16.13171693,0
2024-01-23 12:00:00,0.00002783,0.00002968,0.00002751,0.00002943,1123548.90000000,1706025599999,32.12388930,4921,617044.90000000,17.58550418,0
2024-01-23 16:00:00,0.00002943,0.00003099,0.00002872,0.00002903,1488958.70000000,1706039999999,44.36498502,7283,787427.20000000,23.47507048,0
2024-01-23 20:00:00,0.00002906,0.00003014,0.00002840,0.00002969,723371.80000000,1706054399999,21.15639220,3951,393098.00000000,11.50271428,0
2024-01-24 00:00:00,0.00002972,0.00002994,0.00002868,0.00002905,366904.70000000,1706068799999,10.68498641,2127,226069.80000000,6.57770101,0
2024-01-24 04:00:00,0.00002906,0.00003069,0.00002906,0.00003066,623052.70000000,1706083199999,18.74647955,3061,315243.80000000,9.48836750,0
2024-01-24 08:00:00,0.00003066,0.00003188,0.00003025,0.00003152,854310.90000000,1706097599999,26.56188722,3679,437082.10000000,13.59178591,0
2024-01-24 12:00:00,0.00003152,0.00003254,0.00003106,0.00003170,705337.10000000,1706111999999,22.39873695,3944,348186.40000000,11.05910802,0
2024-01-24 16:00:00,0.00003167,0.00003279,0.00003150,0.00003257,532997.20000000,1706126399999,17.22594151,3257,286499.70000000,9.26048184,0
2024-01-24 20:00:00,0.00003256,0.00003266,0.00003179,0.00003224,289444.50000000,1706140799999,9.33172018,2014,154104.20000000,4.96631032,0
2024-01-25 00:00:00,0.00003224,0.00003229,0.00003062,0.00003114,449737.90000000,1706155199999,14.07542766,2174,194147.60000000,6.08378990,0
2024-01-25 04:00:00,0.00003116,0.00003217,0.00003101,0.00003195,388517.50000000,1706169599999,12.27659946,2291,225453.50000000,7.12871176,0
2024-01-25 08:00:00,0.00003194,0.00003206,0.00002994,0.00003013,390326.20000000,1706183999999,12.09748374,2056,223241.10000000,6.92195662,0
2024-01-25 12:00:00,0.00003014,0.00003048,0.00002937,0.00002993,702504.90000000,1706198399999,21.09269485,3419,405070.70000000,12.17939175,0
2024-01-25 16:00:00,0.00002991,0.00003045,0.00002928,0.00003027,272841.60000000,1706212799999,8.13145224,1740,123596.60000000,3.68748938,0
2024-01-25 20:00:00,0.00003022,0.00003022,0.00002936,0.00002949,144205.10000000,1706227199999,4.29118010,788,68100.80000000,2.01629458,0
2024-01-26 00:00:00,0.00002938,0.00002983,0.00002900,0.00002929,356454.90000000,1706241599999,10.50017604,1436,134273.00000000,3.95044434,0
2024-01-26 04:00:00,0.00002927,0.00003033,0.00002925,0.00003009,214705.10000000,1706255999999,6.38854035,1158,130705.60000000,3.88557240,0
2024-01-26 08:00:00,0.00003009,0.00003061,0.00002980,0.00003042,382599.90000000,1706270399999,11.53792294,2069,238848.70000000,7.20633256,0
2024-01-26 12:00:00,0.00003046,0.00003139,0.00002970,0.00003123,467213.70000000,1706284799999,14.22371879,2686,240583.20000000,7.34042084,0
2024-01-26 16:00:00,0.00003121,0.00003452,0.00003121,0.00003434,1214177.90000000,1706299199999,39.95364211,7258,710819.70000000,23.45625644,0
2024-01-26 20:00:00,0.00003438,0.00003499,0.00003354,0.00003489,728818.00000000,1706313599999,24.94227218,3948,388184.50000000,13.29300634,0
2024-01-27 00:00:00,0.00003489,0.00003576,0.00003378,0.00003446,585903.50000000,1706327999999,20.30300089,3117,287008.20000000,9.95915693,0
2024-01-27 04:00:00,0.00003450,0.00003490,0.00003311,0.00003324,262310.20000000,1706342399999,8.97940281,1619,119432.90000000,4.09317730,0
2024-01-27 08:00:00,0.00003321,0.00003401,0.00003287,0.00003299,348328.20000000,1706356799999,11.67345191,1807,193635.80000000,6.49820694,0
2024-01-27 12:00:00,0.00003297,0.00003389,0.00003292,0.00003346,366886.30000000,1706371199999,12.28647396,1934,242625.70000000,8.12608746,0
2024-01-27 16:00:00,0.00003348,0.00003384,0.00003278,0.00003336,211266.00000000,1706385599999,7.03621597,1080,119075.80000000,3.97117883,0
2024-01-27 20:00:00,0.00003336,0.00003342,0.00003280,0.00003310,144150.20000000,1706399999999,4.77004516,384,120769.30000000,3.99622365,0
2024-01-28 00:00:00,0.00003309,0.00003416,0.00003295,0.00003405,371099.50000000,1706414399999,12.48685842,1469,217169.00000000,7.31265869,0
2024-01-28 04:00:00,0.00003403,0.00003507,0.00003310,0.00003314,292936.50000000,1706428799999,10.00359040,1724,128907.40000000,4.40606333,0
2024-01-28 08:00:00,0.00003308,0.00003337,0.00003262,0.00003279,236637.60000000,1706443199999,7.78550158,1049,93375.20000000,3.07688679,0
2024-01-28 12:00:00,0.00003271,0.00003276,0.00003145,0.00003202,395866.90000000,1706457599999,12.66036303,1710,210605.40000000,6.73224169,0
2024-01-28 16:00:00,0.00003202,0.00003217,0.00003161,0.00003184,239259.60000000,1706471999999,7.63593974,1063,90454.30000000,2.88844157,0
2024-01-28 20:00:00,0.00003186,0.00003228,0.00003144,0.00003172,249715.40000000,1706486399999,7.93621319,1142,155459.80000000,4.94191149,0
2024-01-29 00:00:00,0.00003165,0.00003344,0.00003164,0.00003282,347588.40000000,1706500799999,11.37743038,2118,198278.60000000,6.47707521,0
2024-01-29 04:00:00,0.00003280,0.00003342,0.00003269,0.00003310,184174.90000000,1706515199999,6.10436993,1209,80256.60000000,2.65928025,0
2024-01-29 08:00:00,0.00003311,0.00003473,0.00003311,0.00003437,392977.20000000,1706529599999,13.41710361,2142,153585.00000000,5.24753707,0
2024-01-29 12:00:00,0.00003432,0.00003459,0.00003355,0.00003377,420253.50000000,1706543999999,14.26440080,1832,106945.00000000,3.63691521,0
2024-01-29 16:00:00,0.00003379,0.00003676,0.00003352,0.00003598,1047890.40000000,1706558399999,37.51155743,5961,452717.20000000,16.18309811,0
2024-01-29 20:00:00,0.00003602,0.00003649,0.00003552,0.00003610,417722.40000000,1706572799999,15.04191195,1997,249553.00000000,8.98376813,0
2024-01-30 00:00:00,0.00003608,0.00003803,0.00003571,0.00003675,694872.60000000,1706587199999,25.55434348,3636,426176.40000000,15.69648677,0
2024-01-30 04:00:00,0.00003677,0.00003753,0.00003636,0.00003732,300990.80000000,1706601599999,11.15026268,1724,158179.40000000,5.85522049,0
2024-01-30 08:00:00,0.00003732,0.00003768,0.00003666,0.00003699,260850.00000000,1706615999999,9.68949433,1672,130832.80000000,4.85577049,0
2024-01-30 12:00:00,0.00003703,0.00003705,0.00003521,0.00003550,470445.20000000,1706630399999,17.03171093,2719,234700.20000000,8.54253794,0
2024-01-30 16:00:00,0.00003550,0.00003576,0.00003500,0.00003543,219154.70000000,1706644799999,7.75434545,1238,77925.20000000,2.75663535,0
2024-01-30 20:00:00,0.00003535,0.00003621,0.00003499,0.00003593,123096.40000000,1706659199999,4.38829046,1030,62007.80000000,2.20576573,0
2024-01-31 00:00:00,0.00003598,0.00003619,0.00003456,0.00003568,434082.50000000,1706673599999,15.32713485,2198,212181.00000000,7.49264454,0
2024-01-31 04:00:00,0.00003570,0.00003803,0.00003565,0.00003791,484954.10000000,1706687999999,17.99755875,2474,275265.20000000,10.25406531,0
2024-01-31 08:00:00,0.00003789,0.00003812,0.00003601,0.00003671,745368.50000000,1706702399999,27.60027797,3476,378744.20000000,14.10903443,0
2024-01-31 12:00:00,0.00003676,0.00003798,0.00003658,0.00003704,711772.00000000,1706716799999,26.59360368,3651,409193.90000000,15.27810254,0
2024-01-31 16:00:00,0.00003704,0.00003713,0.00003620,0.00003700,297511.30000000,1706731199999,10.91860552,1912,182333.60000000,6.68972174,0
2024-01-31 20:00:00,0.00003702,0.00003703,0.00003564,0.00003567,399135.60000000,1706745599999,14.50338125,2298,199592.40000000,7.25347788,0
2024-02-01 00:00:00,0.00003567,0.00003681,0.00003467,0.00003467,1018151.80000000,1706759999999,36.64825743,3885,513517.90000000,18.59877501,0
2024-02-01 04:00:00,0.00003469,0.00003550,0.00003454,0.00003501,609029.40000000,1706774399999,21.31211039,2890,324923.40000000,11.37880418,0
2024-02-01 08:00:00,0.00003506,0.00003523,0.00003400,0.00003447,458620.90000000,1706788799999,15.85011081,2293,264071.00000000,9.13242947,0
2024-02-01 12:00:00,0.00003447,0.00003498,0.00003421,0.00003442,337872.50000000,1706803199999,11.69444704,2101,186456.00000000,6.44967246,0
2024-02-01 16:00:00,0.00003448,0.00003594,0.00003387,0.00003581,611088.50000000,1706817599999,21.23227625,2710,355161.60000000,12.32959596,0
2024-02-01 20:00:00,0.00003578,0.00003637,0.00003523,0.00003541,238983.40000000,1706831999999,8.52726997,1318,133934.20000000,4.77226209,0
2024-02-02 00:00:00,0.00003541,0.00003569,0.00003485,0.00003506,217511.20000000,1706846399999,7.65271515,1188,113163.20000000,3.97848540,0
2024-02-02 04:00:00,0.00003506,0.00003520,0.00003476,0.00003499,168506.90000000,1706860799999,5.88700910,924,57269.50000000,2.00090381,0
2024-02-02 08:00:00,0.00003496,0.00003500,0.00003379,0.00003412,275109.70000000,1706875199999,9.43329664,1614,125625.20000000,4.30203039,0
2024-02-02 12:00:00,0.00003414,0.00003438,0.00003380,0.00003406,218667.90000000,1706889599999,7.44129849,1126,121266.30000000,4.12716277,0
2024-02-02 16:00:00,0.00003402,0.00003474,0.00003394,0.00003403,200577.40000000,1706903999999,6.88311654,1126,115400.20000000,3.95617664,0
2024-02-02 20:00:00,0.00003399,0.00003436,0.00003377,0.00003384,105252.40000000,1706918399999,3.58563579,546,61381.00000000,2.09059049,0
2024-02-03 00:00:00,0.00003385,0.00003431,0.00003246,0.00003265,383356.40000000,1706932799999,12.69690147,1870,198036.60000000,6.55365329,0
2024-02-03 04:00:00,0.00003266,0.00003295,0.00003229,0.00003243,202924.10000000,1706947199999,6.62465194,963,126593.20000000,4.13294672,0
2024-02-03 08:00:00,0.00003248,0.00003283,0.00003227,0.00003255,82708.60000000,1706961599999,2.68869930,519,38030.50000000,1.23683327,0
2024-02-03 12:00:00,0.00003256,0.00003321,0.00003251,0.00003302,98738.30000000,1706975999999,3.24769845,753,59480.40000000,1.95622387,0
2024-02-03 16:00:00,0.00003302,0.00003414,0.00003302,0.00003374,217291.00000000,1706990399999,7.30412729,1160,99720.50000000,3.35056017,0
2024-02-03 20:00:00,0.00003375,0.00003376,0.00003324,0.00003342,55574.00000000,1707004799999,1.85790283,356,23524.40000000,0.78623446,0
2024-02-04 00:00:00,0.00003342,0.00003465,0.00003317,0.00003442,229144.00000000,1707019199999,7.81659714,1186,109617.10000000,3.73754673,0
2024-02-04 04:00:00,0.00003442,0.00003461,0.00003399,0.00003443,157623.70000000,1707033599999,5.39288911,757,68377.10000000,2.33857590,0
2024-02-04 08:00:00,0.00003445,0.00003535,0.00003438,0.00003490,349910.60000000,1707047999999,12.23647669,1511,146883.80000000,5.13908893,0
2024-02-04 12:00:00,0.00003496,0.00003567,0.00003481,0.00003556,175193.80000000,1707062399999,6.15753310,930,88122.70000000,3.09680485,0
2024-02-04 16:00:00,0.00003551,0.00003589,0.00003511,0.00003512,230560.60000000,1707076799999,8.16978811,950,67812.00000000,2.40323369,0
2024-02-04 20:00:00,0.00003513,0.00003524,0.00003439,0.00003443,259734.20000000,1707091199999,9.04207976,1050,98365.70000000,3.42391577,0
2024-02-05 00:00:00,0.00003438,0.00003472,0.00003374,0.00003435,286318.80000000,1707105599999,9.78393960,1259,125348.10000000,4.28516128,0
2024-02-05 04:00:00,0.00003438,0.00003572,0.00003433,0.00003521,272055.10000000,1707119999999,9.55223075,1218,151016.00000000,5.30255896,0
2024-02-05 08:00:00,0.00003521,0.00003620,0.00003510,0.00003576,226066.60000000,1707134399999,8.08650071,1271,99236.00000000,3.54648312,0
2024-02-05 12:00:00,0.00003578,0.00003823,0.00003562,0.00003679,759979.40000000,1707148799999,28.15760294,4023,381415.90000000,14.12960830,0
2024-02-05 16:00:00,0.00003679,0.00003760,0.00003652,0.00003725,338197.70000000,1707163199999,12.56379252,1941,158140.10000000,5.87211441,0
2024-02-05 20:00:00,0.00003724,0.00003731,0.00003652,0.00003685,235945.50000000,1707177599999,8.70210507,1253,72516.60000000,2.67149492,0
2024-02-06 00:00:00,0.00003693,0.00003767,0.00003647,0.00003728,264708.70000000,1707191999999,9.86284817,1549,154301.30000000,5.75505999,0
2024-02-06 04:00:00,0.00003728,0.00003729,0.00003606,0.00003623,262258.60000000,1707206399999,9.59996138,1232,157854.00000000,5.77852063,0
2024-02-06 08:00:00,0.00003628,0.00003686,0.00003555,0.00003582,405629.80000000,1707220799999,14.64535690,2164,201686.70000000,7.28797775,0
2024-02-06 12:00:00,0.00003581,0.00003591,0.00003532,0.00003584,194223.90000000,1707235199999,6.91503862,994,119855.60000000,4.27017060,0
2024-02-06 16:00:00,0.00003581,0.00003619,0.00003546,0.00003590,88411.30000000,1707249599999,3.16379013,537,37296.70000000,1.33596792,0
2024-02-06 20:00:00,0.00003589,0.00003595,0.00003518,0.00003518,120522.00000000,1707263999999,4.27806845,634,53144.70000000,1.88728408,0
2024-02-07 00:00:00,0.00003535,0.00003615,0.00003516,0.00003615,323786.50000000,1707278399999,11.50821949,1088,129756.20000000,4.60955374,0
2024-02-07 04:00:00,0.00003615,0.00003615,0.00003523,0.00003526,289865.10000000,1707292799999,10.30572499,943,93560.70000000,3.33086449,0
2024-02-07 08:00:00,0.00003523,0.00003630,0.00003464,0.00003591,462548.40000000,1707307199999,16.46897654,2010,195098.90000000,6.95595056,0
2024-02-07 12:00:00,0.00003589,0.00003592,0.00003469,0.00003489,244631.60000000,1707321599999,8.64929919,1295,113001.30000000,3.99883526,0
2024-02-07 16:00:00,0.00003491,0.00003527,0.00003440,0.00003441,215229.40000000,1707335999999,7.49752278,1123,122858.80000000,4.27523599,0
2024-02-07 20:00:00,0.00003445,0.00003524,0.00003436,0.00003476,249986.80000000,1707350399999,8.68460916,1176,143594.10000000,4.98364226,0
2024-02-08 00:00:00,0.00003475,0.00003554,0.00003468,0.00003477,215036.90000000,1707364799999,7.56157554,1022,94626.60000000,3.32827302,0
2024-02-08 04:00:00,0.00003471,0.00003497,0.00003432,0.00003460,75436.30000000,1707379199999,2.60387130,454,33288.20000000,1.14948685,0
2024-02-08 08:00:00,0.00003458,0.00003469,0.00003397,0.00003420,192121.40000000,1707393599999,6.60019197,806,69807.20000000,2.39879686,0
2024-02-08 12:00:00,0.00003421,0.00003445,0.00003398,0.00003411,349780.30000000,1707407999999,11.95328705,1118,120532.20000000,4.11813673,0
2024-02-08 16:00:00,0.00003413,0.00003418,0.00003334,0.00003336,291625.20000000,1707422399999,9.83776708,988,153585.60000000,5.18197456,0
2024-02-08 20:00:00,0.00003339,0.00003391,0.00003333,0.00003369,199617.60000000,1707436799999,6.70920334,768,76433.20000000,2.56613921,0
2024-02-09 00:00:00,0.00003366,0.00003450,0.00003356,0.00003405,237387.30000000,1707451199999,8.10550406,1054,68847.60000000,2.34910071,0
2024-02-09 04:00:00,0.00003405,0.00003415,0.00003371,0.00003383,150812.60000000,1707465599999,5.12592446,537,60719.20000000,2.06486303,0
2024-02-09 08:00:00,0.00003380,0.00003380,0.00003302,0.00003315,434707.30000000,1707479999999,14.56941833,871,64957.00000000,2.17017607,0
2024-02-09 12:00:00,0.00003315,0.00003538,0.00003309,0.00003531,778860.40000000,1707494399999,26.62949967,3358,340622.30000000,11.65371460,0
2024-02-09 16:00:00,0.00003535,0.00003753,0.00003509,0.00003743,644499.10000000,1707508799999,23.38356120,3818,335979.30000000,12.18329992,0
2024-02-09 20:00:00,0.00003747,0.00003816,0.00003726,0.00003737,515242.60000000,1707523199999,19.38758342,2933,145857.20000000,5.49831507,0
2024-02-10 00:00:00,0.00003738,0.00003843,0.00003738,0.00003753,894767.40000000,1707537599999,33.84995344,3519,231762.40000000,8.79040997,0
2024-02-10 04:00:00,0.00003753,0.00003757,0.00003647,0.00003725,475529.70000000,1707551999999,17.55666769,2206,318209.80000000,11.75099929,0
2024-02-10 08:00:00,0.00003724,0.00003733,0.00003620,0.00003631,380520.70000000,1707566399999,13.94826579,1729,226151.80000000,8.28387720,0
2024-02-10 12:00:00,0.00003631,0.00003734,0.00003618,0.00003693,468015.60000000,1707580799999,17.28612605,2227,333296.10000000,12.31815541,0
2024-02-10 16:00:00,0.00003690,0.00003702,0.00003610,0.00003626,169359.10000000,1707595199999,6.18620365,933,91949.90000000,3.35896619,0
2024-02-10 20:00:00,0.00003628,0.00003667,0.00003609,0.00003630,183538.80000000,1707609599999,6.66783865,976,93826.90000000,3.40730569,0
2024-02-11 00:00:00,0.00003636,0.00003691,0.00003570,0.00003583,302371.90000000,1707623999999,10.99220396,1485,145988.30000000,5.31003086,0
2024-02-11 04:00:00,0.00003582,0.00003722,0.00003579,0.00003644,184674.80000000,1707638399999,6.72666458,1100,99481.90000000,3.62034016,0
2024-02-11 08:00:00,0.00003641,0.00003665,0.00003564,0.00003568,145387.40000000,1707652799999,5.24795530,896,83288.80000000,3.00764273,0
2024-02-11 12:00:00,0.00003569,0.00003572,0.00003495,0.00003505,179180.30000000,1707667199999,6.31956615,1046,89537.80000000,3.15882544,0
2024-02-11 16:00:00,0.00003509,0.00003560,0.00003500,0.00003509,139928.80000000,1707681599999,4.93936640,636,83830.20000000,2.95759741,0
2024-02-11 20:00:00,0.00003512,0.00003545,0.00003508,0.00003510,46858.80000000,1707695999999,1.65226782,350,26472.00000000,0.93388075,0
2024-02-12 00:00:00,0.00003512,0.00003641,0.00003497,0.00003609,420150.10000000,1707710399999,14.94267566,1972,204625.00000000,7.28273443,0
2024-02-12 04:00:00,0.00003610,0.00003641,0.00003564,0.00003600,214335.20000000,1707724799999,7.72358169,1150,102344.60000000,3.68743062,0
2024-02-12 08:00:00,0.00003603,0.00003683,0.00003575,0.00003670,214989.60000000,1707739199999,7.82261747,1259,100257.00000000,3.65148349,0
2024-02-12 12:00:00,0.00003671,0.00003813,0.00003551,0.00003564,876774.60000000,1707753599999,31.88902569,4500,344273.70000000,12.58357654,0
2024-02-12 16:00:00,0.00003565,0.00003661,0.00003546,0.00003577,472726.50000000,1707767999999,17.04377446,2746,200336.00000000,7.22702557,0
2024-02-12 20:00:00,0.00003576,0.00003581,0.00003503,0.00003528,233234.70000000,1707782399999,8.23125660,1250,127112.30000000,4.49260934,0
2024-02-13 00:00:00,0.00003530,0.00003587,0.00003471,0.00003497,257714.50000000,1707796799999,9.13554902,1476,107646.50000000,3.81873937,0
2024-02-13 04:00:00,0.00003494,0.00003602,0.00003494,0.00003579,274694.30000000,1707811199999,9.75051338,1479,151352.20000000,5.37529582,0
2024-02-13 08:00:00,0.00003578,0.00003724,0.00003563,0.00003721,495565.60000000,1707825599999,18.07363433,2863,217615.20000000,7.92921513,0
2024-02-13 12:00:00,0.00003717,0.00003762,0.00003623,0.00003660,433198.10000000,1707839999999,15.96425154,2597,169976.50000000,6.26700840,0
2024-02-13 16:00:00,0.00003661,0.00003768,0.00003631,0.00003749,328530.50000000,1707854399999,12.16413989,1875,118464.60000000,4.37518234,0
2024-02-13 20:00:00,0.00003751,0.00003769,0.00003705,0.00003734,242600.30000000,1707868799999,9.07123710,1627,116317.30000000,4.34878547,0
2024-02-14 00:00:00,0.00003734,0.00003793,0.00003678,0.00003709,288120.40000000,1707883199999,10.73986305,1695,184199.00000000,6.85842234,0
2024-02-14 04:00:00,0.00003710,0.00003779,0.00003671,0.00003769,162837.40000000,1707897599999,6.06542687,1175,85043.90000000,3.16709319,0
2024-02-14 08:00:00,0.00003768,0.00003815,0.00003698,0.00003755,481134.80000000,1707911999999,18.00971722,2867,222005.00000000,8.31043047,0
2024-02-14 12:00:00,0.00003754,0.00003819,0.00003677,0.00003704,472346.00000000,1707926399999,17.63240452,2708,235657.80000000,8.82597145,0
2024-02-14 16:00:00,0.00003705,0.00003770,0.00003655,0.00003721,191654.20000000,1707940799999,7.11234319,1213,83453.70000000,3.09704312,0
2024-02-14 20:00:00,0.00003720,0.00003725,0.00003669,0.00003681,166609.80000000,1707955199999,6.16216291,1083,81820.30000000,3.02650450,0
2024-02-15 00:00:00,0.00003679,0.00003720,0.00003622,0.00003623,403444.60000000,1707969599999,14.86323947,2095,202761.40000000,7.46803632,0
2024-02-15 04:00:00,0.00003621,0.00003622,0.00003571,0.00003595,270042.50000000,1707983999999,9.71009619,1347,104950.20000000,3.77366198,0
2024-02-15 08:00:00,0.00003591,0.00003701,0.00003575,0.00003630,253556.50000000,1707998399999,9.21171704,1665,128490.50000000,4.67225856,0
2024-02-15 12:00:00,0.00003627,0.00003647,0.00003543,0.00003562,238819.10000000,1708012799999,8.59553626,1639,100585.40000000,3.62074127,0
2024-02-15 16:00:00,0.00003561,0.00003585,0.00003518,0.00003571,193224.10000000,1708027199999,6.84839121,1320,110019.10000000,3.90048394,0
2024-02-15 20:00:00,0.00003581,0.00003610,0.00003555,0.00003591,101963.40000000,1708041599999,3.65577774,809,51477.60000000,1.84576864,0
2024-02-16 00:00:00,0.00003592,0.00003620,0.00003548,0.00003566,90936.40000000,1708055999999,3.25456432,733,44727.90000000,1.60362066,0
2024-02-16 04:00:00,0.00003568,0.00003569,0.00003503,0.00003510,90714.10000000,1708070399999,3.20687316,768,39821.30000000,1.40825052,0
2024-02-16 08:00:00,0.00003510,0.00003533,0.00003449,0.00003470,185854.80000000,1708084799999,6.48100765,1209,106081.70000000,3.69997947,0
2024-02-16 12:00:00,0.00003473,0.00003498,0.00003375,0.00003448,368171.60000000,1708099199999,12.62091077,2334,204487.50000000,7.00979878,0
2024-02-16 16:00:00,0.00003449,0.00003489,0.00003425,0.00003448,97014.40000000,1708113599999,3.34789756,803,55437.00000000,1.91429965,0
2024-02-16 20:00:00,0.00003447,0.00003487,0.00003443,0.00003466,54666.90000000,1708127999999,1.89423573,445,29685.30000000,1.02896461,0
2024-02-17 00:00:00,0.00003471,0.00003479,0.00003422,0.00003424,73088.60000000,1708142399999,2.51837595,509,25451.50000000,0.87694107,0
2024-02-17 04:00:00,0.00003423,0.00003425,0.00003385,0.00003416,127071.10000000,1708156799999,4.33356884,652,54496.90000000,1.85709967,0
2024-02-17 08:00:00,0.00003413,0.00003415,0.00003379,0.00003399,168122.30000000,1708171199999,5.71197535,768,98642.90000000,3.35293789,0
2024-02-17 12:00:00,0.00003393,0.00003413,0.00003356,0.00003394,224969.10000000,1708185599999,7.61321536,1282,136318.90000000,4.60987890,0
2024-02-17 16:00:00,0.00003394,0.00003422,0.00003390,0.00003410,34556.10000000,1708199999999,1.17739716,329,14825.70000000,0.50526127,0
2024-02-17 20:00:00,0.00003414,0.00003422,0.00003383,0.00003421,106195.60000000,1708214399999,3.61048894,587,39556.10000000,1.34410133,0
2024-02-18 00:00:00,0.00003418,0.00003482,0.00003394,0.00003404,337517.80000000,1708228799999,11.57842111,1579,204247.30000000,7.00148013,0
2024-02-18 04:00:00,0.00003406,0.00003435,0.00003370,0.00003395,131750.00000000,1708243199999,4.47604138,899,70754.10000000,2.40412075,0
2024-02-18 08:00:00,0.00003394,0.00003446,0.00003380,0.00003443,135183.80000000,1708257599999,4.60975614,894,86780.10000000,2.95948197,0
2024-02-18 12:00:00,0.00003446,0.00003467,0.00003424,0.00003449,174328.40000000,1708271999999,5.99861857,1078,105876.50000000,3.64210459,0
2024-02-18 16:00:00,0.00003450,0.00003485,0.00003422,0.00003451,140740.10000000,1708286399999,4.87793558,978,70921.50000000,2.45919391,0
2024-02-18 20:00:00,0.00003449,0.00003469,0.00003429,0.00003456,125957.60000000,1708300799999,4.34516056,749,59219.10000000,2.04394194,0
2024-02-19 00:00:00,0.00003453,0.00003463,0.00003411,0.00003423,100696.00000000,1708315199999,3.45470426,655,42309.10000000,1.45230966,0
2024-02-19 04:00:00,0.00003412,0.00003499,0.00003391,0.00003481,306476.00000000,1708329599999,10.57213343,1356,155904.60000000,5.37972829,0
2024-02-19 08:00:00,0.00003479,0.00003479,0.00003426,0.00003428,170013.80000000,1708343999999,5.86923405,927,75347.00000000,2.59855545,0
2024-02-19 12:00:00,0.00003426,0.00003426,0.00003374,0.00003390,130803.80000000,1708358399999,4.44670324,952,54948.40000000,1.86799005,0
2024-02-19 16:00:00,0.00003385,0.00003434,0.00003360,0.00003423,99704.10000000,1708372799999,3.37679035,904,43579.50000000,1.47618890,0
2024-02-19 20:00:00,0.00003417,0.00003444,0.00003401,0.00003426,54661.20000000,1708387199999,1.87382140,405,25798.00000000,0.88400427,0
2024-02-20 00:00:00,0.00003426,0.00003430,0.00003305,0.00003337,174216.90000000,1708401599999,5.85274224,1134,71256.20000000,2.39824624,0
2024-02-20 04:00:00,0.00003340,0.00003372,0.00003327,0.00003359,75200.90000000,1708415999999,2.52783812,506,44683.80000000,1.50225077,0
2024-02-20 08:00:00,0.00003363,0.00003364,0.00003261,0.00003313,182478.30000000,1708430399999,6.04666496,1285,82233.30000000,2.72641480,0
2024-02-20 12:00:00,0.00003308,0.00003318,0.00003144,0.00003219,447622.20000000,1708444799999,14.58374767,2466,294503.30000000,9.61997765,0
2024-02-20 16:00:00,0.00003220,0.00003242,0.00003185,0.00003221,331843.90000000,1708459199999,10.67198996,1315,177245.70000000,5.69407169,0
2024-02-20 20:00:00,0.00003225,0.00003333,0.00003222,0.00003284,245375.80000000,1708473599999,8.07326075,1300,109048.20000000,3.57912620,0
2024-02-21 00:00:00,0.00003285,0.00003285,0.00003219,0.00003240,72464.30000000,1708487999999,2.34981314,455,27069.20000000,0.87596107,0
2024-02-21 04:00:00,0.00003250,0.00003252,0.00003186,0.00003222,88754.60000000,1708502399999,2.85042862,600,31168.80000000,1.00115162,0
2024-02-21 08:00:00,0.00003230,0.00003240,0.00003186,0.00003198,71819.90000000,1708516799999,2.30530822,618,31491.80000000,1.01153044,0
2024-02-21 12:00:00,0.00003205,0.00003336,0.00003193,0.00003321,251840.40000000,1708531199999,8.24781706,1527,122314.10000000,4.00699216,0
2024-02-21 16:00:00,0.00003327,0.00003360,0.00003224,0.00003252,153592.80000000,1708545599999,5.05032183,1041,79363.30000000,2.60972036,0
2024-02-21 20:00:00,0.00003250,0.00003269,0.00003229,0.00003264,196715.30000000,1708559999999,6.39662723,823,66506.50000000,2.16293630,0
2024-02-22 00:00:00,0.00003264,0.00003265,0.00003190,0.00003209,210611.00000000,1708574399999,6.79044360,935,136214.50000000,4.38567776,0
2024-02-22 04:00:00,0.00003206,0.00003284,0.00003197,0.00003276,155208.30000000,1708588799999,5.03005768,815,50315.30000000,1.63322474,0
2024-02-22 08:00:00,0.00003274,0.00003311,0.00003244,0.00003267,114101.30000000,1708603199999,3.74696620,805,40223.70000000,1.32155884,0
2024-02-22 12:00:00,0.00003266,0.00003332,0.00003246,0.00003277,198519.70000000,1708617599999,6.52046885,1156,93831.10000000,3.08089144,0
2024-02-22 16:00:00,0.00003277,0.00003423,0.00003263,0.00003412,225514.10000000,1708631999999,7.56199863,1346,103741.70000000,3.47755971,0
2024-02-22 20:00:00,0.00003407,0.00003415,0.00003349,0.00003352,222682.30000000,1708646399999,7.53291236,1307,69216.60000000,2.34030864,0
2024-02-23 00:00:00,0.00003352,0.00003402,0.00003322,0.00003324,238477.40000000,1708660799999,8.04402632,1193,65228.60000000,2.19986132,0
2024-02-23 04:00:00,0.00003328,0.00003352,0.00003299,0.00003325,145459.80000000,1708675199999,4.84093411,773,62539.10000000,2.08066903,0
2024-02-23 08:00:00,0.00003317,0.00003322,0.00003276,0.00003287,124995.40000000,1708689599999,4.11802564,672,75336.60000000,2.48029715,0
2024-02-23 12:00:00,0.00003288,0.00003288,0.00003154,0.00003162,307482.10000000,1708703999999,9.89358195,1668,176905.90000000,5.66970101,0
2024-02-23 16:00:00,0.00003160,0.00003189,0.00003089,0.00003183,473453.70000000,1708718399999,14.85261864,2406,293658.10000000,9.21211822,0
2024-02-23 20:00:00,0.00003183,0.00003197,0.00003138,0.00003162,279258.30000000,1708732799999,8.82320252,1017,219130.70000000,6.91789527,0
2024-02-24 00:00:00,0.00003157,0.00003161,0.00003068,0.00003120,121040.90000000,1708747199999,3.76349868,813,56809.70000000,1.76593239,0
2024-02-24 04:00:00,0.00003121,0.00003166,0.00003115,0.00003155,88298.50000000,1708761599999,2.77605261,556,50728.90000000,1.59523491,0
2024-02-24 08:00:00,0.00003158,0.00003187,0.00003144,0.00003176,254469.20000000,1708775999999,8.03163500,1040,52889.10000000,1.67325896,0
2024-02-24 12:00:00,0.00003178,0.00003203,0.00003137,0.00003201,131952.40000000,1708790399999,4.17701749,835,65242.50000000,2.06948135,0
2024-02-24 16:00:00,0.00003202,0.00003256,0.00003201,0.00003209,153772.70000000,1708804799999,4.95277138,1110,79610.40000000,2.56457802,0
2024-02-24 20:00:00,0.00003212,0.00003225,0.00003168,0.00003172,94013.70000000,1708819199999,3.00369438,479,17508.30000000,0.55985937,0
2024-02-25 00:00:00,0.00003171,0.00003178,0.00003135,0.00003148,48085.40000000,1708833599999,1.52177317,256,24647.30000000,0.78061251,0
2024-02-25 04:00:00,0.00003148,0.00003173,0.00003131,0.00003157,138889.90000000,1708847999999,4.37970539,476,62586.20000000,1.97154795,0
2024-02-25 08:00:00,0.00003152,0.00003167,0.00003136,0.00003167,59288.40000000,1708862399999,1.86839441,289,22319.30000000,0.70354368,0
2024-02-25 12:00:00,0.00003168,0.00003184,0.00003145,0.00003148,30279.70000000,1708876799999,0.95846394,295,13810.00000000,0.43744950,0
2024-02-25 16:00:00,0.00003148,0.00003188,0.00003145,0.00003162,124072.60000000,1708891199999,3.94168860,539,21517.30000000,0.68241938,0
2024-02-25 20:00:00,0.00003163,0.00003189,0.00003159,0.00003180,63824.80000000,1708905599999,2.02919071,383,22447.20000000,0.71372418,0
2024-02-26 00:00:00,0.00003177,0.00003199,0.00003153,0.00003193,71669.80000000,1708919999999,2.27429821,422,32206.30000000,1.02213140,0
2024-02-26 04:00:00,0.00003195,0.00003203,0.00003143,0.00003150,127815.90000000,1708934399999,4.06048922,814,47657.00000000,1.51334765,0
2024-02-26 08:00:00,0.00003151,0.00003156,0.00003100,0.00003120,355027.00000000,1708948799999,11.09257533,1274,111178.90000000,3.48735097,0
2024-02-26 12:00:00,0.00003113,0.00003126,0.00003060,0.00003083,178412.10000000,1708963199999,5.51597320,988,39474.20000000,1.22158347,0
2024-02-26 16:00:00,0.00003081,0.00003168,0.00003056,0.00003148,284761.40000000,1708977599999,8.88240365,1748,157386.90000000,4.91494051,0
2024-02-26 20:00:00,0.00003150,0.00003150,0.00003053,0.00003066,202899.80000000,1708991999999,6.25308966,1152,100661.60000000,3.10168761,0
2024-02-27 00:00:00,0.00003066,0.00003066,0.00002938,0.00002993,372968.40000000,1709006399999,11.17259155,1925,139405.60000000,4.17249580,0
2024-02-27 04:00:00,0.00002994,0.00003007,0.00002935,0.00002939,116839.60000000,1709020799999,3.45757499,589,56334.40000000,1.66693506,0
2024-02-27 08:00:00,0.00002938,0.00002968,0.00002929,0.00002938,93231.20000000,1709035199999,2.74730883,619,48974.90000000,1.44239424,0
2024-02-27 12:00:00,0.00002935,0.00002935,0.00002830,0.00002841,202181.80000000,1709049599999,5.81968304,1250,74269.30000000,2.13906796,0
2024-02-27 16:00:00,0.00002841,0.00002847,0.00002782,0.00002798,456011.20000000,1709063999999,12.84242142,1619,315950.20000000,8.90109830,0
2024-02-27 20:00:00,0.00002797,0.00002857,0.00002793,0.00002831,83600.30000000,1709078399999,2.36066707,540,48179.60000000,1.36042165,0
2024-02-28 00:00:00,0.00002831,0.00002852,0.00002815,0.00002821,85013.00000000,1709092799999,2.41339150,439,37614.40000000,1.06695868,0
2024-02-28 04:00:00,0.00002825,0.00002839,0.00002777,0.00002782,138451.50000000,1709107199999,3.88357603,668,50519.30000000,1.41804397,0
2024-02-28 08:00:00,0.00002778,0.00002896,0.00002675,0.00002791,649650.90000000,1709121599999,18.22533840,3465,294465.60000000,8.24664009,0
2024-02-28 12:00:00,0.00002790,0.00002826,0.00002704,0.00002721,405958.90000000,1709135999999,11.23002192,1986,165761.90000000,4.58674459,0
2024-02-28 16:00:00,0.00002726,0.00002749,0.00002274,0.00002528,929616.80000000,1709150399999,23.77892766,4665,368178.30000000,9.45744958,0
2024-02-28 20:00:00,0.00002528,0.00002608,0.00002515,0.00002536,253213.70000000,1709164799999,6.50796411,1908,135762.50000000,3.48977590,0
2024-02-29 00:00:00,0.00002537,0.00002659,0.00002535,0.00002607,322541.50000000,1709179199999,8.37366705,1933,140678.00000000,3.64815319,0
2024-02-29 04:00:00,0.00002610,0.00002610,0.00002495,0.00002550,317694.30000000,1709193599999,8.08179306,1687,201476.70000000,5.12906540,0
2024-02-29 08:00:00,0.00002550,0.00002740,0.00002527,0.00002627,587523.10000000,1709207999999,15.69446098,3205,274436.20000000,7.34932849,0
2024-02-29 12:00:00,0.00002628,0.00002699,0.00002605,0.00002669,248829.10000000,1709222399999,6.61098541,1437,128277.80000000,3.41529611,0
2024-02-29 16:00:00,0.00002671,0.00002753,0.00002630,0.00002725,232106.60000000,1709236799999,6.23508713,1414,110897.40000000,2.97623785,0
2024-02-29 20:00:00,0.00002723,0.00002766,0.00002619,0.00002741,291766.20000000,1709251199999,7.91078190,1763,151141.90000000,4.10126231,0
2024-03-01 00:00:00,0.00002744,0.00002784,0.00002699,0.00002723,314046.40000000,1709265599999,8.61870642,1364,126118.10000000,3.46316305,0
2024-03-01 04:00:00,0.00002726,0.00002845,0.00002722,0.00002755,365777.40000000,1709279999999,10.21556330,1774,209097.10000000,5.83543540,0
2024-03-01 08:00:00,0.00002755,0.00002763,0.00002710,0.00002719,221699.10000000,1709294399999,6.06916024,1046,123965.90000000,3.39508192,0
2024-03-01 12:00:00,0.00002715,0.00002793,0.00002694,0.00002761,306343.60000000,1709308799999,8.38055683,1394,154545.70000000,4.22091201,0
2024-03-01 16:00:00,0.00002766,0.00002771,0.00002687,0.00002699,158658.30000000,1709323199999,4.35696525,819,49495.10000000,1.35199145,0
2024-03-01 20:00:00,0.00002700,0.00002716,0.00002670,0.00002714,235807.50000000,1709337599999,6.32728812,912,153618.90000000,4.11881702,0
2024-03-02 00:00:00,0.00002709,0.00002733,0.00002642,0.00002693,320702.70000000,1709351999999,8.66931368,1906,153513.50000000,4.14775272,0
2024-03-02 04:00:00,0.00002692,0.00002694,0.00002653,0.00002676,247814.70000000,1709366399999,6.61504034,1437,123156.80000000,3.28613536,0
2024-03-02 08:00:00,0.00002677,0.00002681,0.00002598,0.00002607,401201.60000000,1709380799999,10.51605830,1677,150343.50000000,3.94141329,0
2024-03-02 12:00:00,0.00002606,0.00002625,0.00002584,0.00002595,190053.00000000,1709395199999,4.95806871,1041,104994.90000000,2.73714200,0
2024-03-02 16:00:00,0.00002594,0.00002608,0.00002575,0.00002592,134987.20000000,1709409599999,3.50243918,717,52436.70000000,1.36124346,0
2024-03-02 20:00:00,0.00002592,0.00002617,0.00002576,0.00002615,140921.30000000,1709423999999,3.65880524,848,83648.90000000,2.17317924,0
2024-03-03 00:00:00,0.00002615,0.00002622,0.00002592,0.00002598,94455.10000000,1709438399999,2.46137938,640,38874.10000000,1.01340482,0
2024-03-03 04:00:00,0.00002598,0.00002628,0.00002306,0.00002503,579915.80000000,1709452799999,14.56498528,2904,303401.50000000,7.65896343,0
2024-03-03 08:00:00,0.00002503,0.00002544,0.00002482,0.00002540,222886.00000000,1709467199999,5.62336644,1416,152203.20000000,3.84319575,0
2024-03-03 12:00:00,0.00002538,0.00002552,0.00002506,0.00002531,177599.00000000,1709481599999,4.48715233,1048,83725.80000000,2.11563675,0
2024-03-03 16:00:00,0.00002531,0.00002534,0.00002495,0.00002500,74250.80000000,1709495999999,1.86486418,583,35499.30000000,0.89207695,0
2024-03-03 20:00:00,0.00002500,0.00002506,0.00002469,0.00002470,44836.90000000,1709510399999,1.11566039,401,24823.10000000,0.61776805,0
2024-03-04 00:00:00,0.00002474,0.00002485,0.00002402,0.00002416,122912.80000000,1709524799999,3.00830832,984,61146.00000000,1.49586382,0
2024-03-04 04:00:00,0.00002417,0.00002435,0.00002391,0.00002393,105688.00000000,1709539199999,2.54912581,604,46981.50000000,1.13340468,0
2024-03-04 08:00:00,0.00002395,0.00002395,0.00002315,0.00002322,214485.80000000,1709553599999,5.03769082,1525,99573.10000000,2.34226070,0
2024-03-04 12:00:00,0.00002318,0.00002337,0.00002238,0.00002274,947210.30000000,1709567999999,21.68458568,3210,549396.70000000,12.55602777,0
2024-03-04 16:00:00,0.00002273,0.00002287,0.00002152,0.00002219,642417.20000000,1709582399999,14.19486734,2593,290889.40000000,6.42116832,0
2024-03-04 20:00:00,0.00002227,0.00002235,0.00002174,0.00002176,328547.60000000,1709596799999,7.25067739,1614,161862.00000000,3.56492398,0
2024-03-05 00:00:00,0.00002178,0.00002181,0.00002129,0.00002157,260087.50000000,1709611199999,5.61661301,1351,66113.80000000,1.42561574,0
2024-03-05 04:00:00,0.00002156,0.00002366,0.00002156,0.00002312,1013547.70000000,1709625599999,23.33156965,5596,442465.30000000,10.18246512,0
2024-03-05 08:00:00,0.00002312,0.00002326,0.00002284,0.00002296,310332.20000000,1709639999999,7.14711609,1775,147068.10000000,3.38734349,0
2024-03-05 12:00:00,0.00002295,0.00002306,0.00002162,0.00002254,453537.20000000,1709654399999,10.05104987,2131,176173.90000000,3.88616276,0
2024-03-05 16:00:00,0.00002264,0.00002437,0.00002000,0.00002162,1029674.30000000,1709668799999,23.37637574,5393,487735.70000000,11.25140712,0
2024-03-05 20:00:00,0.00002151,0.00002192,0.00002081,0.00002192,511863.70000000,1709683199999,11.03451344,2885,336618.00000000,7.27242917,0
2024-03-06 00:00:00,0.00002191,0.00002243,0.00002162,0.00002242,251729.80000000,1709697599999,5.52700914,1263,149650.50000000,3.28698866,0
2024-03-06 04:00:00,0.00002242,0.00002277,0.00002180,0.00002208,505554.40000000,1709711999999,11.28564621,2577,273600.20000000,6.11569469,0
2024-03-06 08:00:00,0.00002210,0.00002242,0.00002169,0.00002169,413031.90000000,1709726399999,9.10959845,1765,186785.30000000,4.11671836,0
2024-03-06 12:00:00,0.00002169,0.00002179,0.00002124,0.00002143,330360.50000000,1709740799999,7.11946085,1251,177180.20000000,3.82066545,0
2024-03-06 16:00:00,0.00002148,0.00002166,0.00002134,0.00002155,219727.40000000,1709755199999,4.71326651,779,119784.30000000,2.56901646,0
2024-03-06 20:00:00,0.00002155,0.00002249,0.00002135,0.00002231,363768.00000000,1709769599999,8.00221144,1330,176257.20000000,3.88927238,0
2024-03-07 00:00:00,0.00002233,0.00002336,0.00002230,0.00002328,384823.80000000,1709783999999,8.84106218,1647,272046.10000000,6.25084094,0
2024-03-07 04:00:00,0.00002324,0.00002431,0.00002279,0.00002328,377681.20000000,1709798399999,8.85936974,2134,162501.90000000,3.81909200,0
2024-03-07 08:00:00,0.00002319,0.00002324,0.00002282,0.00002294,237215.60000000,1709812799999,5.45843089,1060,104053.50000000,2.39773291,0
2024-03-07 12:00:00,0.00002291,0.00002311,0.00002270,0.00002282,176262.60000000,1709827199999,4.02684700,919,81421.70000000,1.86264809,0
2024-03-07 16:00:00,0.00002284,0.00002300,0.00002243,0.00002257,125217.10000000,1709841599999,2.84120611,629,52161.60000000,1.18173993,0
2024-03-07 20:00:00,0.00002261,0.00002414,0.00002233,0.00002363,446944.60000000,1709855999999,10.47803299,2107,232543.50000000,5.44590926,0
2024-03-08 00:00:00,0.00002364,0.00002390,0.00002313,0.00002320,163869.40000000,1709870399999,3.86856586,924,84424.10000000,1.99297189,0
2024-03-08 04:00:00,0.00002319,0.00002374,0.00002306,0.00002316,210798.30000000,1709884799999,4.92997631,1116,111404.40000000,2.60678447,0
2024-03-08 08:00:00,0.00002316,0.00002340,0.00002283,0.00002283,153405.80000000,1709899199999,3.54738994,866,67345.30000000,1.55794336,0
2024-03-08 12:00:00,0.00002285,0.00002308,0.00002155,0.00002226,324974.20000000,1709913599999,7.28177881,1701,137170.50000000,3.08576759,0
2024-03-08 16:00:00,0.00002228,0.00002258,0.00002210,0.00002214,159369.40000000,1709927999999,3.55351255,826,109177.10000000,2.43504751,0
2024-03-08 20:00:00,0.00002209,0.00002280,0.00002197,0.00002267,78479.20000000,1709942399999,1.76066198,560,38407.00000000,0.86033601,0
2024-03-09 00:00:00,0.00002264,0.00002264,0.00002237,0.00002248,143864.60000000,1709956799999,3.23925925,780,79236.90000000,1.78422947,0
2024-03-09 04:00:00,0.00002248,0.00002269,0.00002237,0.00002266,138468.00000000,1709971199999,3.11843513,618,73287.70000000,1.65009690,0
2024-03-09 08:00:00,0.00002267,0.00002310,0.00002240,0.00002309,203493.60000000,1709985599999,4.62361305,992,105605.60000000,2.40454863,0
2024-03-09 12:00:00,0.00002306,0.00002446,0.00002306,0.00002442,862533.80000000,1709999999999,20.48106812,2991,347943.40000000,8.26488596,0
2024-03-09 16:00:00,0.00002441,0.00002443,0.00002339,0.00002340,319819.20000000,1710014399999,7.62346348,1315,166600.70000000,3.96899893,0
2024-03-09 20:00:00,0.00002343,0.00002354,0.00002302,0.00002318,204805.90000000,1710028799999,4.75729317,718,106278.70000000,2.46655707,0
2024-03-10 00:00:00,0.00002319,0.00002400,0.00002311,0.00002331,327789.90000000,1710043199999,7.73264260,1815,210122.10000000,4.95479621,0
2024-03-10 04:00:00,0.00002330,0.00002347,0.00002299,0.00002347,185355.10000000,1710057599999,4.29767323,913,102157.60000000,2.36903324,0
2024-03-10 08:00:00,0.00002347,0.00002348,0.00002263,0.00002273,379139.40000000,1710071999999,8.72533383,1462,172418.40000000,3.96569277,0
2024-03-10 12:00:00,0.00002273,0.00002278,0.00002229,0.00002237,244777.50000000,1710086399999,5.51625805,1180,126675.90000000,2.85750743,0
2024-03-10 16:00:00,0.00002238,0.00002246,0.00002225,0.00002244,79004.70000000,1710100799999,1.76786188,315,32051.50000000,0.71681707,0
2024-03-10 20:00:00,0.00002245,0.00002257,0.00002222,0.00002254,77085.30000000,1710115199999,1.72882797,456,38104.80000000,0.85600611,0
2024-03-11 00:00:00,0.00002255,0.00002279,0.00002197,0.00002245,259040.80000000,1710129599999,5.80873444,1408,127482.50000000,2.85498487,0
2024-03-11 04:00:00,0.00002245,0.00002249,0.00002175,0.00002197,225741.10000000,1710143999999,4.99943283,857,90567.50000000,2.00691005,0
2024-03-11 08:00:00,0.00002197,0.00002237,0.00002166,0.00002171,140263.30000000,1710158399999,3.08530190,799,60890.10000000,1.33724270,0
2024-03-11 12:00:00,0.00002174,0.00002179,0.00002131,0.00002143,272362.40000000,1710172799999,5.87054474,1055,194530.00000000,4.19233605,0
2024-03-11 16:00:00,0.00002146,0.00002159,0.00002105,0.00002153,379094.40000000,1710187199999,8.08411483,1531,148096.40000000,3.16048199,0
2024-03-11 20:00:00,0.00002154,0.00002191,0.00002154,0.00002184,110864.10000000,1710201599999,2.40800885,604,70039.80000000,1.52055425,0
2024-03-12 00:00:00,0.00002175,0.00002269,0.00002174,0.00002235,153161.40000000,1710215999999,3.40122732,1013,79825.70000000,1.77149661,0
2024-03-12 04:00:00,0.00002243,0.00002245,0.00002148,0.00002150,192882.60000000,1710230399999,4.22743409,1088,96978.60000000,2.11506049,0
2024-03-12 08:00:00,0.00002150,0.00002155,0.00002100,0.00002119,207963.00000000,1710244799999,4.41179891,966,57841.20000000,1.22955273,0
2024-03-12 12:00:00,0.00002119,0.00002179,0.00002098,0.00002169,380611.40000000,1710259199999,8.10867120,1556,176215.40000000,3.76978752,0
2024-03-12 16:00:00,0.00002171,0.00002282,0.00002083,0.00002263,632642.80000000,1710273599999,13.86400368,2498,283690.50000000,6.20050627,0
2024-03-12 20:00:00,0.00002257,0.00002264,0.00002211,0.00002240,163334.40000000,1710287999999,3.64470572,778,80200.30000000,1.78997040,0
2024-03-13 00:00:00,0.00002233,0.00002360,0.00002224,0.00002261,565049.60000000,1710302399999,12.99394366,2770,280834.00000000,6.46474541,0
2024-03-13 04:00:00,0.00002260,0.00002270,0.00002231,0.00002235,252601.20000000,1710316799999,5.68262724,1230,117886.10000000,2.65265309,0
2024-03-13 08:00:00,0.00002237,0.00002240,0.00002184,0.00002190,226226.60000000,1710331199999,4.99092891,1204,98758.50000000,2.17946388,0
2024-03-13 12:00:00,0.00002195,0.00002227,0.00002175,0.00002210,460405.10000000,1710345599999,10.15744431,1761,207884.20000000,4.58888723,0
2024-03-13 16:00:00,0.00002213,0.00002225,0.00002189,0.00002190,216844.40000000,1710359999999,4.77898081,1037,75713.00000000,1.66929818,0
2024-03-13 20:00:00,0.00002189,0.00002223,0.00002182,0.00002218,124112.70000000,1710374399999,2.73049159,645,64910.00000000,1.42757332,0
2024-03-14 00:00:00,0.00002220,0.00002279,0.00002212,0.00002245,472589.70000000,1710388799999,10.62683856,1817,130593.00000000,2.93114585,0
2024-03-14 04:00:00,0.00002246,0.00002259,0.00002183,0.00002199,205337.80000000,1710403199999,4.55814662,1071,90478.70000000,2.00483595,0
2024-03-14 08:00:00,0.00002199,0.00002222,0.00002156,0.00002169,183810.90000000,1710417599999,4.04200351,1019,74977.20000000,1.65023778,0
2024-03-14 12:00:00,0.00002169,0.00002175,0.00002106,0.00002153,238741.20000000,1710431999999,5.12413289,1441,126864.40000000,2.72359298,0
2024-03-14 16:00:00,0.00002158,0.00002176,0.00002144,0.00002169,158208.80000000,1710446399999,3.42362082,1007,85105.60000000,1.84236312,0
2024-03-14 20:00:00,0.00002173,0.00002201,0.00002149,0.00002195,131933.70000000,1710460799999,2.86434454,729,87923.00000000,1.91123440,0
2024-03-15 00:00:00,0.00002201,0.00002209,0.00002087,0.00002155,319602.30000000,1710475199999,6.90706271,1818,159233.60000000,3.44199038,0
2024-03-15 04:00:00,0.00002153,0.00002170,0.00002139,0.00002150,132876.30000000,1710489599999,2.85866610,780,49672.30000000,1.06982073,0
2024-03-15 08:00:00,0.00002153,0.00002153,0.00002045,0.00002091,730154.50000000,1710503999999,15.26044413,2453,383714.00000000,8.04411479,0
2024-03-15 12:00:00,0.00002092,0.00002100,0.00002040,0.00002087,633867.60000000,1710518399999,13.14419174,2474,370678.40000000,7.68702164,0
2024-03-15 16:00:00,0.00002085,0.00002093,0.00002066,0.00002069,151088.00000000,1710532799999,3.14244640,952,97615.90000000,2.03096217,0
2024-03-15 20:00:00,0.00002067,0.00002172,0.00002051,0.00002146,342024.60000000,1710547199999,7.26357765,1724,197118.10000000,4.18288295,0
2024-03-16 00:00:00,0.00002149,0.00002407,0.00002131,0.00002350,2341494.30000000,1710561599999,53.64102999,9774,879714.70000000,20.17318829,0
2024-03-16 04:00:00,0.00002351,0.00002417,0.00002295,0.00002356,761301.20000000,1710575999999,17.88280155,3228,315545.30000000,7.42187202,0
2024-03-16 08:00:00,0.00002356,0.00002487,0.00002350,0.00002382,875327.30000000,1710590399999,21.20966902,3748,361342.30000000,8.74149330,0
2024-03-16 12:00:00,0.00002381,0.00002411,0.00002273,0.00002406,740022.10000000,1710604799999,17.49938937,3755,425600.00000000,10.08497868,0
2024-03-16 16:00:00,0.00002406,0.00002499,0.00002308,0.00002382,992117.10000000,1710619199999,23.91992448,4972,465899.50000000,11.24730336,0
2024-03-16 20:00:00,0.00002384,0.00002503,0.00002318,0.00002501,771501.40000000,1710633599999,18.77559465,3815,357241.20000000,8.70253270,0
2024-03-17 00:00:00,0.00002503,0.00002503,0.00002308,0.00002340,507579.40000000,1710647999999,11.98797928,2648,194442.20000000,4.59995979,0
2024-03-17 04:00:00,0.00002338,0.00002343,0.00002226,0.00002233,244385.20000000,1710662399999,5.55091963,1534,94640.80000000,2.14955397,0
2024-03-17 08:00:00,0.00002233,0.00002309,0.00002231,0.00002270,670524.30000000,1710676799999,15.26507767,2390,379619.30000000,8.63484009,0
2024-03-17 12:00:00,0.00002271,0.00002296,0.00002247,0.00002288,459012.80000000,1710691199999,10.42059221,1824,192428.40000000,4.37222297,0
2024-03-17 16:00:00,0.00002286,0.00002318,0.00002265,0.00002274,389231.30000000,1710705599999,8.87587856,1087,224066.40000000,5.11077922,0
2024-03-17 20:00:00,0.00002273,0.00002366,0.00002267,0.00002366,226711.20000000,1710719999999,5.24231660,1044,141283.10000000,3.27093963,0
2024-03-18 00:00:00,0.00002367,0.00002433,0.00002332,0.00002384,610429.00000000,1710734399999,14.62186929,2854,236496.30000000,5.66980005,0
2024-03-18 04:00:00,0.00002388,0.00002554,0.00002371,0.00002550,691682.80000000,1710748799999,17.12956712,3126,325793.20000000,8.05502766,0
2024-03-18 08:00:00,0.00002545,0.00002550,0.00002410,0.00002412,604967.40000000,1710763199999,14.96320109,2853,267704.00000000,6.62970698,0
2024-03-18 12:00:00,0.00002412,0.00002474,0.00002351,0.00002354,592964.30000000,1710777599999,14.28472525,2663,264800.70000000,6.37393237,0
2024-03-18 16:00:00,0.00002353,0.00002430,0.00002266,0.00002289,382168.60000000,1710791999999,8.96758183,2028,223611.10000000,5.27354653,0
2024-03-18 20:00:00,0.00002288,0.00002313,0.00002245,0.00002250,183557.20000000,1710806399999,4.19469617,952,105012.30000000,2.40057243,0
2024-03-19 00:00:00,0.00002250,0.00002315,0.00002212,0.00002267,403156.80000000,1710820799999,9.11113750,2223,176741.10000000,4.01334891,0
2024-03-19 04:00:00,0.00002267,0.00002411,0.00002245,0.00002395,465594.50000000,1710835199999,10.71633824,2098,252649.20000000,5.82611728,0
2024-03-19 08:00:00,0.00002395,0.00002574,0.00002367,0.00002564,582380.10000000,1710849599999,14.57158725,2963,302870.80000000,7.57299795,0
2024-03-19 12:00:00,0.00002566,0.00002700,0.00002530,0.00002669,1030895.60000000,1710863999999,26.91691265,4676,325262.00000000,8.52620286,0
2024-03-19 16:00:00,0.00002670,0.00002683,0.00002577,0.00002622,666315.00000000,1710878399999,17.40001529,2758,363472.60000000,9.45140919,0
2024-03-19 20:00:00,0.00002620,0.00002675,0.00002584,0.00002658,482931.10000000,1710892799999,12.69653058,2357,211328.10000000,5.54983034,0
2024-03-20 00:00:00,0.00002658,0.00002658,0.00002509,0.00002510,741213.70000000,1710907199999,18.98055613,3507,260517.80000000,6.65242586,0
2024-03-20 04:00:00,0.00002515,0.00002525,0.00002461,0.00002502,580009.80000000,1710921599999,14.46594131,2279,409391.30000000,10.21582347,0
2024-03-20 08:00:00,0.00002499,0.00002571,0.00002481,0.00002518,509626.20000000,1710935999999,12.87273827,1918,337683.50000000,8.52281238,0
2024-03-20 12:00:00,0.00002514,0.00002550,0.00002431,0.00002435,461754.50000000,1710950399999,11.50802528,1758,243820.00000000,6.06727334,0
2024-03-20 16:00:00,0.00002438,0.00002540,0.00002422,0.00002487,928759.80000000,1710964799999,23.06228240,3071,484134.70000000,12.04456588,0
2024-03-20 20:00:00,0.00002485,0.00002629,0.00002484,0.00002585,690878.50000000,1710979199999,17.69796052,2940,384357.20000000,9.88992569,0
2024-03-21 00:00:00,0.00002586,0.00002764,0.00002568,0.00002749,927639.40000000,1710993599999,25.04665953,4636,478543.30000000,12.93421776,0
2024-03-21 04:00:00,0.00002752,0.00002815,0.00002697,0.00002765,497948.30000000,1711007999999,13.74819506,2808,236635.60000000,6.53651122,0
2024-03-21 08:00:00,0.00002766,0.00002831,0.00002718,0.00002779,380019.00000000,1711022399999,10.54870253,2401,178193.60000000,4.94834892,0
2024-03-21 12:00:00,0.00002777,0.00002900,0.00002734,0.00002771,1052070.20000000,1711036799999,29.47621887,5409,452730.70000000,12.69586418,0
2024-03-21 16:00:00,0.00002770,0.00002871,0.00002750,0.00002809,762580.20000000,1711051199999,21.42712731,3580,271143.30000000,7.60597083,0
2024-03-21 20:00:00,0.00002812,0.00002847,0.00002753,0.00002790,292964.90000000,1711065599999,8.17245259,1596,170529.60000000,4.75186677,0
2024-03-22 00:00:00,0.00002782,0.00002782,0.00002707,0.00002721,226962.20000000,1711079999999,6.19737685,1298,110380.00000000,3.01260584,0
2024-03-22 04:00:00,0.00002724,0.00002761,0.00002700,0.00002755,319051.10000000,1711094399999,8.70402644,1417,126739.40000000,3.45690428,0
2024-03-22 08:00:00,0.00002754,0.00002811,0.00002695,0.00002787,308974.80000000,1711108799999,8.47863471,1669,111662.40000000,3.06606505,0
2024-03-22 12:00:00,0.00002789,0.00002859,0.00002736,0.00002812,337437.20000000,1711123199999,9.42135343,2122,125881.50000000,3.51504595,0
2024-03-22 16:00:00,0.00002812,0.00002842,0.00002732,0.00002752,180215.40000000,1711137599999,5.03028601,1205,83382.60000000,2.32736446,0
2024-03-22 20:00:00,0.00002748,0.00002748,0.00002670,0.00002715,99730.30000000,1711151999999,2.70338369,811,45625.00000000,1.23619709,0
2024-03-23 00:00:00,0.00002714,0.00002714,0.00002637,0.00002639,207686.00000000,1711166399999,5.55493638,1054,70803.40000000,1.89934846,0
2024-03-23 04:00:00,0.00002639,0.00002689,0.00002637,0.00002648,150072.30000000,1711180799999,3.99855019,930,53228.40000000,1.41814223,0
2024-03-23 08:00:00,0.00002649,0.00002657,0.00002610,0.00002620,125085.80000000,1711195199999,3.28683784,897,72227.30000000,1.89761644,0
2024-03-23 12:00:00,0.00002619,0.00002640,0.00002598,0.00002599,96155.30000000,1711209599999,2.51879810,810,44338.30000000,1.16203542,0
2024-03-23 16:00:00,0.00002598,0.00002603,0.00002538,0.00002581,153423.20000000,1711223999999,3.94959643,1077,68879.20000000,1.77187622,0
2024-03-23 20:00:00,0.00002578,0.00002584,0.00002558,0.00002571,101179.10000000,1711238399999,2.59841182,691,58461.80000000,1.50075692,0
2024-03-24 00:00:00,0.00002568,0.00002587,0.00002560,0.00002579,77228.70000000,1711252799999,1.98554177,499,38263.30000000,0.98392142,0
2024-03-24 04:00:00,0.00002579,0.00002586,0.00002522,0.00002522,141150.00000000,1711267199999,3.58488052,791,76766.90000000,1.94747534,0
2024-03-24 08:00:00,0.00002520,0.00002533,0.00002511,0.00002520,137739.40000000,1711281599999,3.47644087,635,79963.90000000,2.01701655,0
2024-03-24 12:00:00,0.00002511,0.00002555,0.00002506,0.00002555,124578.70000000,1711295999999,3.14732880,637,58929.80000000,1.48940770,0
2024-03-24 16:00:00,0.00002546,0.00002551,0.00002506,0.00002517,70516.10000000,1711310399999,1.78417417,472,39638.10000000,1.00322373,0
2024-03-24 20:00:00,0.00002511,0.00002547,0.00002495,0.00002497,164426.90000000,1711324799999,4.15714002,964,88307.00000000,2.23349720,0
2024-03-25 00:00:00,0.00002497,0.00002534,0.00002482,0.00002507,92403.90000000,1711339199999,2.31625578,486,25511.20000000,0.64135369,0
2024-03-25 04:00:00,0.00002506,0.00002554,0.00002502,0.00002547,244114.90000000,1711353599999,6.17441927,1242,126454.10000000,3.19705413,0
2024-03-25 08:00:00,0.00002546,0.00002571,0.00002497,0.00002503,131175.70000000,1711367999999,3.32977644,762,47767.30000000,1.21406189,0
2024-03-25 12:00:00,0.00002503,0.00002513,0.00002451,0.00002455,262240.50000000,1711382399999,6.49430809,1505,126219.10000000,3.12710667,0
2024-03-25 16:00:00,0.00002459,0.00002480,0.00002429,0.00002440,89116.80000000,1711396799999,2.18862647,651,47424.00000000,1.16519547,0
2024-03-25 20:00:00,0.00002436,0.00002464,0.00002430,0.00002437,88160.10000000,1711411199999,2.15518413,472,55172.40000000,1.34902743,0
2024-03-26 00:00:00,0.00002438,0.00002498,0.00002420,0.00002491,129198.60000000,1711425599999,3.18096343,764,63304.10000000,1.55823076,0
2024-03-26 04:00:00,0.00002494,0.00002530,0.00002477,0.00002509,190591.90000000,1711439999999,4.77309188,841,81502.80000000,2.04009869,0
2024-03-26 08:00:00,0.00002503,0.00002569,0.00002476,0.00002566,168245.40000000,1711454399999,4.23093510,963,67705.70000000,1.70202761,0
2024-03-26 12:00:00,0.00002569,0.00002607,0.00002500,0.00002585,419755.50000000,1711468799999,10.72680181,2128,172230.10000000,4.39981638,0
2024-03-26 16:00:00,0.00002589,0.00002684,0.00002550,0.00002683,930207.50000000,1711483199999,24.57073596,4362,527779.80000000,13.95140826,0
2024-03-26 20:00:00,0.00002685,0.00002718,0.00002639,0.00002699,241306.00000000,1711497599999,6.46894685,1539,128316.40000000,3.44039961,0
2024-03-27 00:00:00,0.00002697,0.00002966,0.00002637,0.00002909,1632122.30000000,1711511999999,46.09298838,7554,675375.90000000,19.09530784,0
2024-03-27 04:00:00,0.00002907,0.00002944,0.00002832,0.00002870,935864.40000000,1711526399999,27.08225065,4426,416733.10000000,12.06223817,0
2024-03-27 08:00:00,0.00002870,0.00002967,0.00002758,0.00002951,1108589.40000000,1711540799999,31.78536682,5152,518345.60000000,14.87686697,0
2024-03-27 12:00:00,0.00002951,0.00003116,0.00002896,0.00003057,1107772.60000000,1711555199999,33.07020510,6293,516069.00000000,15.45260222,0
2024-03-27 16:00:00,0.00003057,0.00003158,0.00003028,0.00003109,720996.80000000,1711569599999,22.30989923,3707,366131.30000000,11.31916132,0
2024-03-27 20:00:00,0.00003109,0.00003142,0.00002988,0.00002988,479391.30000000,1711583999999,14.64583414,2325,199897.70000000,6.10095683,0
2024-03-28 00:00:00,0.00002986,0.00003124,0.00002849,0.00002908,1457375.60000000,1711598399999,43.13415098,6185,762040.40000000,22.60078721,0
2024-03-28 04:00:00,0.00002909,0.00002933,0.00002850,0.00002866,440261.80000000,1711612799999,12.73118369,2060,201406.00000000,5.82049032,0
2024-03-28 08:00:00,0.00002866,0.00002911,0.00002801,0.00002822,425326.60000000,1711627199999,12.08066488,2048,227117.30000000,6.44433190,0
2024-03-28 12:00:00,0.00002819,0.00002868,0.00002776,0.00002780,438648.50000000,1711641599999,12.38772677,1932,186493.10000000,5.25546544,0
2024-03-28 16:00:00,0.00002781,0.00002835,0.00002778,0.00002822,153892.60000000,1711655999999,4.32298840,720,77883.00000000,2.18435185,0
2024-03-28 20:00:00,0.00002823,0.00002868,0.00002808,0.00002856,208854.80000000,1711670399999,5.91564630,833,127209.40000000,3.60034123,0
2024-03-29 00:00:00,0.00002854,0.00003033,0.00002835,0.00003025,674114.70000000,1711684799999,19.98990339,3710,332013.60000000,9.83940488,0
2024-03-29 04:00:00,0.00003027,0.00003048,0.00002961,0.00002985,850283.40000000,1711699199999,25.58184872,3487,265506.80000000,7.98424034,0
2024-03-29 08:00:00,0.00002983,0.00003046,0.00002861,0.00002873,358686.60000000,1711713599999,10.67252523,1752,100642.80000000,2.98794758,0
2024-03-29 12:00:00,0.00002867,0.00002871,0.00002774,0.00002809,439548.30000000,1711727999999,12.37439434,1769,210070.00000000,5.91472990,0
2024-03-29 16:00:00,0.00002811,0.00002820,0.00002783,0.00002787,130062.80000000,1711742399999,3.64361674,611,87835.90000000,2.46057706,0
2024-03-29 20:00:00,0.00002782,0.00002783,0.00002723,0.00002725,217152.70000000,1711756799999,5.98438774,876,129080.10000000,3.55808172,0
2024-03-30 00:00:00,0.00002724,0.00002781,0.00002688,0.00002765,283568.50000000,1711771199999,7.76028471,1337,198689.80000000,5.44078353,0
2024-03-30 04:00:00,0.00002764,0.00002782,0.00002731,0.00002747,108626.90000000,1711785599999,3.00036785,588,46562.40000000,1.28793366,0
2024-03-30 08:00:00,0.00002745,0.00002758,0.00002701,0.00002716,245648.70000000,1711799999999,6.69316255,1031,115231.60000000,3.14286647,0
2024-03-30 12:00:00,0.00002712,0.00002788,0.00002701,0.00002757,142425.40000000,1711814399999,3.92028435,871,66991.10000000,1.84440503,0
2024-03-30 16:00:00,0.00002755,0.00002781,0.00002724,0.00002737,91168.40000000,1711828799999,2.51210076,508,35677.10000000,0.98487031,0
2024-03-30 20:00:00,0.00002734,0.00002738,0.00002680,0.00002701,63504.20000000,1711843199999,1.71971124,457,27162.80000000,0.73530246,0
2024-03-31 00:00:00,0.00002703,0.00002743,0.00002678,0.00002719,106492.00000000,1711857599999,2.88442680,706,57492.60000000,1.55743402,0
2024-03-31 04:00:00,0.00002721,0.00002722,0.00002662,0.00002680,167766.20000000,1711871999999,4.50330061,931,82658.10000000,2.21766256,0
2024-03-31 08:00:00,0.00002679,0.00002682,0.00002657,0.00002669,138910.60000000,1711886399999,3.70327089,554,70103.90000000,1.86782818,0
2024-03-31 12:00:00,0.00002671,0.00002694,0.00002659,0.00002670,89430.70000000,1711900799999,2.38901522,496,39677.30000000,1.06066984,0
2024-03-31 16:00:00,0.00002670,0.00002700,0.00002667,0.00002698,55179.20000000,1711915199999,1.48223849,391,26543.90000000,0.71296424,0
2024-03-31 20:00:00,0.00002694,0.00002715,0.00002674,0.00002686,172731.10000000,1711929599999,4.65839826,891,66641.60000000,1.79806836,0
2024-04-01 00:00:00,0.00002685,0.00002770,0.00002677,0.00002720,331546.10000000,1711943999999,9.05711675,1883,172148.70000000,4.69922481,0
2024-04-01 04:00:00,0.00002717,0.00002759,0.00002600,0.00002711,446989.70000000,1711958399999,12.10911915,2391,211365.80000000,5.73342453,0
2024-04-01 08:00:00,0.00002715,0.00002854,0.00002676,0.00002832,923607.30000000,1711972799999,25.87636868,3627,375025.20000000,10.48572211,0
2024-04-01 12:00:00,0.00002834,0.00002913,0.00002805,0.00002848,648574.30000000,1711987199999,18.58985089,2512,327721.90000000,9.38809446,0
2024-04-01 16:00:00,0.00002847,0.00002870,0.00002735,0.00002773,675909.80000000,1712001599999,18.80678270,2287,256455.00000000,7.14364945,0
2024-04-01 20:00:00,0.00002771,0.00002819,0.00002771,0.00002784,96741.00000000,1712015999999,2.70785174,524,47153.40000000,1.31973922,0
2024-04-02 00:00:00,0.00002785,0.00002895,0.00002767,0.00002862,644587.80000000,1712030399999,18.32015495,2916,296889.50000000,8.43852097,0
2024-04-02 04:00:00,0.00002870,0.00002887,0.00002728,0.00002736,482296.40000000,1712044799999,13.54208275,1591,216528.70000000,6.07597073,0
2024-04-02 08:00:00,0.00002733,0.00002739,0.00002643,0.00002671,606083.50000000,1712059199999,16.23478276,1737,293358.10000000,7.85059296,0
2024-04-02 12:00:00,0.00002672,0.00002723,0.00002671,0.00002693,236260.50000000,1712073599999,6.36235708,861,135902.90000000,3.65743586,0
2024-04-02 16:00:00,0.00002691,0.00002705,0.00002665,0.00002681,185930.10000000,1712087999999,4.98988225,608,96830.30000000,2.59442149,0
2024-04-02 20:00:00,0.00002680,0.00002693,0.00002647,0.00002647,96311.10000000,1712102399999,2.57610442,406,38226.20000000,1.02226214,0
2024-04-03 00:00:00,0.00002649,0.00002670,0.00002575,0.00002625,489265.30000000,1712116799999,12.82591736,1436,325081.80000000,8.51898309,0
2024-04-03 04:00:00,0.00002625,0.00002658,0.00002615,0.00002621,207856.30000000,1712131199999,5.47766295,763,89288.50000000,2.35254472,0
2024-04-03 08:00:00,0.00002620,0.00002659,0.00002605,0.00002622,203630.60000000,1712145599999,5.36566034,657,121622.30000000,3.20684633,0
2024-04-03 12:00:00,0.00002623,0.00002629,0.00002575,0.00002596,239363.70000000,1712159999999,6.23235877,686,129922.30000000,3.38466134,0
2024-04-03 16:00:00,0.00002594,0.00002600,0.00002525,0.00002541,83567.40000000,1712174399999,2.13218804,434,27965.00000000,0.71291530,0
2024-04-03 20:00:00,0.00002539,0.00002543,0.00002497,0.00002529,184383.10000000,1712188799999,4.62571390,575,140411.40000000,3.51939796,0
2024-04-04 00:00:00,0.00002527,0.00002578,0.00002525,0.00002566,105997.60000000,1712203199999,2.70159278,491,65338.40000000,1.66521773,0
2024-04-04 04:00:00,0.00002561,0.00002609,0.00002550,0.00002551,66345.20000000,1712217599999,1.70892737,376,29442.30000000,0.75877504,0
2024-04-04 08:00:00,0.00002552,0.00002577,0.00002547,0.00002571,53228.00000000,1712231999999,1.36516054,225,29707.50000000,0.76131297,0
2024-04-04 12:00:00,0.00002562,0.00002584,0.00002544,0.00002552,207358.20000000,1712246399999,5.32119566,608,93082.30000000,2.39031889,0
2024-04-04 16:00:00,0.00002550,0.00002555,0.00002484,0.00002492,167050.00000000,1712260799999,4.19106808,499,51329.80000000,1.29063780,0
2024-04-04 20:00:00,0.00002491,0.00002493,0.00002449,0.00002458,183180.90000000,1712275199999,4.51599535,568,104149.10000000,2.56911700,0
2024-04-05 00:00:00,0.00002458,0.00002458,0.00002375,0.00002400,242324.50000000,1712289599999,5.83467848,1195,98563.50000000,2.37654863,0
2024-04-05 04:00:00,0.00002399,0.00002402,0.00002353,0.00002364,134077.90000000,1712303999999,3.18660685,962,68038.40000000,1.61706315,0
2024-04-05 08:00:00,0.00002364,0.00002373,0.00002322,0.00002335,145306.40000000,1712318399999,3.41391917,900,90488.40000000,2.12686376,0
2024-04-05 12:00:00,0.00002334,0.00002395,0.00002322,0.00002372,323265.70000000,1712332799999,7.66713129,1327,147748.70000000,3.50152091,0
2024-04-05 16:00:00,0.00002371,0.00002391,0.00002364,0.00002391,82436.90000000,1712347199999,1.95997330,814,37776.80000000,0.89830291,0
2024-04-05 20:00:00,0.00002392,0.00002406,0.00002370,0.00002370,131879.80000000,1712361599999,3.14639950,827,76624.90000000,1.82752302,0
2024-04-06 00:00:00,0.00002369,0.00002403,0.00002363,0.00002395,128808.90000000,1712375999999,3.07534358,863,41112.30000000,0.98132941,0
2024-04-06 04:00:00,0.00002395,0.00002417,0.00002385,0.00002395,103686.00000000,1712390399999,2.48685973,1131,35146.50000000,0.84258911,0
2024-04-06 08:00:00,0.00002395,0.00002415,0.00002390,0.00002390,53848.80000000,1712404799999,1.29381369,689,16956.10000000,0.40758180,0
2024-04-06 12:00:00,0.00002391,0.00002395,0.00002372,0.00002392,108482.90000000,1712419199999,2.58434062,862,60989.90000000,1.45235868,0
2024-04-06 16:00:00,0.00002394,0.00002397,0.00002353,0.00002357,39444.80000000,1712433599999,0.93737634,610,7374.40000000,0.17542904,0
2024-04-06 20:00:00,0.00002357,0.00002373,0.00002353,0.00002358,68335.90000000,1712447999999,1.61491988,689,30685.80000000,0.72551940,0
2024-04-07 00:00:00,0.00002354,0.00002392,0.00002346,0.00002392,62725.10000000,1712462399999,1.48531778,686,23715.80000000,0.56132569,0
2024-04-07 04:00:00,0.00002394,0.00002402,0.00002341,0.00002346,264546.20000000,1712476799999,6.25791774,1159,136284.90000000,3.21709984,0
2024-04-07 08:00:00,0.00002346,0.00002363,0.00002334,0.00002363,72292.60000000,1712491199999,1.69812926,677,34933.00000000,0.82142631,0
2024-04-07 12:00:00,0.00002364,0.00002390,0.00002352,0.00002352,63096.20000000,1712505599999,1.49741705,726,24148.20000000,0.57263785,0
2024-04-07 16:00:00,0.00002352,0.00002359,0.00002343,0.00002349,66994.60000000,1712519999999,1.57507678,687,32332.60000000,0.76050192,0
2024-04-07 20:00:00,0.00002351,0.00002366,0.00002345,0.00002365,103041.10000000,1712534399999,2.42536880,747,65868.20000000,1.55102838,0
2024-04-08 00:00:00,0.00002362,0.00002395,0.00002342,0.00002345,115382.70000000,1712548799999,2.73569595,611,62701.40000000,1.48957848,0
2024-04-08 04:00:00,0.00002340,0.00002350,0.00002337,0.00002342,36791.10000000,1712563199999,0.86148425,124,28168.70000000,0.65967310,0
2024-04-08 08:00:00,0.00002342,0.00002362,0.00002316,0.00002334,252103.90000000,1712577599999,5.89006856,810,116377.30000000,2.71695372,0
2024-04-08 12:00:00,0.00002331,0.00002362,0.00002318,0.00002351,169276.30000000,1712591999999,3.96052614,487,75567.00000000,1.76714083,0
2024-04-08 16:00:00,0.00002350,0.00002364,0.00002338,0.00002349,121180.90000000,1712606399999,2.84306208,329,84982.10000000,1.99342949,0
2024-04-08 20:00:00,0.00002345,0.00002397,0.00002345,0.00002389,68791.80000000,1712620799999,1.63777984,255,36556.30000000,0.86993487,0
2024-04-09 00:00:00,0.00002386,0.00002395,0.00002345,0.00002352,167889.70000000,1712635199999,3.96660691,471,63356.80000000,1.49547540,0
2024-04-09 04:00:00,0.00002350,0.00002375,0.00002333,0.00002335,108096.10000000,1712649599999,2.53653313,490,46264.90000000,1.08536148,0
2024-04-09 08:00:00,0.00002337,0.00002349,0.00002308,0.00002316,183134.90000000,1712663999999,4.25477625,495,73456.20000000,1.70637314,0
2024-04-09 12:00:00,0.00002315,0.00002320,0.00002281,0.00002305,407034.50000000,1712678399999,9.33078896,1277,255398.00000000,5.85317989,0
2024-04-09 16:00:00,0.00002304,0.00002344,0.00002301,0.00002322,96083.50000000,1712692799999,2.23792361,450,49496.60000000,1.15204084,0
2024-04-09 20:00:00,0.00002324,0.00002330,0.00002275,0.00002277,135145.20000000,1712707199999,3.10258629,356,49304.70000000,1.13594519,0
2024-04-10 00:00:00,0.00002276,0.00002289,0.00002212,0.00002241,148972.30000000,1712721599999,3.34290920,617,74200.30000000,1.66829540,0
2024-04-10 04:00:00,0.00002240,0.00002259,0.00002234,0.00002253,45682.00000000,1712735999999,1.02605597,225,24166.90000000,0.54261060,0
2024-04-10 08:00:00,0.00002254,0.00002259,0.00002157,0.00002207,608965.00000000,1712750399999,13.41060268,1801,306350.50000000,6.75184337,0
2024-04-10 12:00:00,0.00002204,0.00002205,0.00002162,0.00002196,169063.30000000,1712764799999,3.70588102,608,95239.10000000,2.08841043,0
2024-04-10 16:00:00,0.00002193,0.00002211,0.00002156,0.00002161,135765.60000000,1712779199999,2.96618284,502,77935.20000000,1.70240888,0
2024-04-10 20:00:00,0.00002169,0.00002179,0.00002145,0.00002154,147249.30000000,1712793599999,3.17751821,461,97609.00000000,2.10650816,0
2024-04-11 00:00:00,0.00002152,0.00002172,0.00002133,0.00002141,79551.20000000,1712807999999,1.71138748,280,58231.60000000,1.25289825,0
2024-04-11 04:00:00,0.00002143,0.00002185,0.00002139,0.00002178,105667.30000000,1712822399999,2.27603426,285,51337.30000000,1.10819116,0
2024-04-11 08:00:00,0.00002182,0.00002191,0.00002125,0.00002125,131279.20000000,1712836799999,2.83901548,513,59912.30000000,1.29750565,0
2024-04-11 12:00:00,0.00002128,0.00002154,0.00002117,0.00002127,109546.60000000,1712851199999,2.33509983,444,65927.70000000,1.40580446,0
2024-04-11 16:00:00,0.00002127,0.00002143,0.00002118,0.00002130,96854.40000000,1712865599999,2.06127320,404,56114.40000000,1.19411398,0
2024-04-11 20:00:00,0.00002127,0.00002136,0.00002113,0.00002127,299247.70000000,1712879999999,6.35233243,848,50767.70000000,1.07853725,0
2024-04-12 00:00:00,0.00002130,0.00002133,0.00002118,0.00002121,64682.70000000,1712894399999,1.37450142,268,41945.70000000,0.89101698,0
2024-04-12 04:00:00,0.00002123,0.00002124,0.00002081,0.00002083,81682.80000000,1712908799999,1.71866966,276,28113.30000000,0.59176689,0
2024-04-12 08:00:00,0.00002080,0.00002094,0.00002063,0.00002075,301401.70000000,1712923199999,6.25240461,478,219818.10000000,4.55906111,0
2024-04-12 12:00:00,0.00002073,0.00002074,0.00002023,0.00002030,161891.80000000,1712937599999,3.31167234,641,67188.60000000,1.37459835,0
2024-04-12 16:00:00,0.00002029,0.00002040,0.00001586,0.00001774,1450015.70000000,1712951999999,26.29342556,5227,591134.20000000,10.65230228,0
2024-04-12 20:00:00,0.00001772,0.00001858,0.00001772,0.00001847,262610.70000000,1712966399999,4.79344388,758,168323.90000000,3.07394315,0
2024-04-13 00:00:00,0.00001846,0.00001858,0.00001777,0.00001797,266731.50000000,1712980799999,4.84593023,979,97217.40000000,1.77218867,0
2024-04-13 04:00:00,0.00001793,0.00001841,0.00001787,0.00001825,89147.80000000,1712995199999,1.62496494,669,65876.80000000,1.20138842,0
2024-04-13 08:00:00,0.00001823,0.00001839,0.00001795,0.00001824,148657.90000000,1713009599999,2.70879712,332,93381.30000000,1.70230779,0
2024-04-13 12:00:00,0.00001822,0.00001840,0.00001793,0.00001793,53060.30000000,1713023999999,0.96513355,249,19021.00000000,0.34668681,0
2024-04-13 16:00:00,0.00001797,0.00001797,0.00001578,0.00001608,792336.30000000,1713038399999,13.24725145,2135,376151.50000000,6.31063212,0
2024-04-13 20:00:00,0.00001614,0.00001670,0.00001467,0.00001660,1512744.40000000,1713052799999,24.00677195,4362,853202.10000000,13.53822282,0
2024-04-14 00:00:00,0.00001660,0.00001690,0.00001627,0.00001685,595781.00000000,1713067199999,9.95902828,1173,253796.30000000,4.22313423,0
2024-04-14 04:00:00,0.00001686,0.00001798,0.00001677,0.00001798,675610.70000000,1713081599999,11.73429723,1094,408500.70000000,7.09707533,0
2024-04-14 08:00:00,0.00001793,0.00001803,0.00001748,0.00001756,431805.10000000,1713095999999,7.71716506,1080,198882.70000000,3.56242987,0
2024-04-14 12:00:00,0.00001762,0.00001793,0.00001726,0.00001775,200482.60000000,1713110399999,3.51178955,647,105381.00000000,1.84914638,0
2024-04-14 16:00:00,0.00001780,0.00001833,0.00001764,0.00001798,312419.40000000,1713124799999,5.64563112,916,140556.90000000,2.53804514,0
2024-04-14 20:00:00,0.00001796,0.00001840,0.00001766,0.00001824,120045.30000000,1713139199999,2.16388498,439,74546.40000000,1.34452080,0
2024-04-15 00:00:00,0.00001825,0.00001825,0.00001778,0.00001795,72586.30000000,1713153599999,1.30578372,377,33883.70000000,0.61030300,0
2024-04-15 04:00:00,0.00001796,0.00001883,0.00001781,0.00001861,262742.30000000,1713167999999,4.82726553,701,128408.70000000,2.36623475,0
2024-04-15 08:00:00,0.00001860,0.00001933,0.00001836,0.00001931,459035.30000000,1713182399999,8.61944475,1200,276367.30000000,5.18411308,0
2024-04-15 12:00:00,0.00001931,0.00001963,0.00001879,0.00001897,328141.30000000,1713196799999,6.31568754,891,137038.00000000,2.64175813,0
2024-04-15 16:00:00,0.00001897,0.00001901,0.00001779,0.00001861,252383.50000000,1713211199999,4.62047401,881,94711.30000000,1.74508896,0
2024-04-15 20:00:00,0.00001861,0.00001868,0.00001829,0.00001847,37591.00000000,1713225599999,0.69460191,209,15902.40000000,0.29415758,0
2024-04-16 00:00:00,0.00001845,0.00001857,0.00001802,0.00001816,196279.30000000,1713239999999,3.57528493,554,152855.40000000,2.78193464,0
2024-04-16 04:00:00,0.00001817,0.00001881,0.00001789,0.00001877,183563.80000000,1713254399999,3.36005596,624,98403.70000000,1.80758732,0
2024-04-16 08:00:00,0.00001878,0.00001906,0.00001842,0.00001900,205311.30000000,1713268799999,3.85602241,633,87928.30000000,1.65397221,0
2024-04-16 12:00:00,0.00001897,0.00001898,0.00001826,0.00001853,90883.20000000,1713283199999,1.68379406,375,43549.90000000,0.80545242,0
2024-04-16 16:00:00,0.00001847,0.00001914,0.00001840,0.00001890,131887.20000000,1713297599999,2.47850928,387,74228.20000000,1.39363433,0
2024-04-16 20:00:00,0.00001894,0.00001932,0.00001886,0.00001919,61724.10000000,1713311999999,1.18073303,235,25525.20000000,0.48826635,0
2024-04-17 00:00:00,0.00001915,0.00001930,0.00001893,0.00001902,58399.10000000,1713326399999,1.11663469,267,31359.20000000,0.60025450,0
2024-04-17 04:00:00,0.00001903,0.00001931,0.00001891,0.00001929,81322.50000000,1713340799999,1.55554177,298,51835.00000000,0.99254458,0
2024-04-17 08:00:00,0.00001933,0.00001942,0.00001891,0.00001897,79722.90000000,1713355199999,1.52673455,318,31022.30000000,0.59559144,0
2024-04-17 12:00:00,0.00001901,0.00002118,0.00001893,0.00002090,791738.80000000,1713369599999,15.85191402,2946,448824.20000000,9.00940268,0
2024-04-17 16:00:00,0.00002081,0.00002199,0.00002057,0.00002182,409110.10000000,1713383999999,8.71438143,1712,174996.50000000,3.75224045,0
2024-04-17 20:00:00,0.00002179,0.00002186,0.00002046,0.00002054,151087.20000000,1713398399999,3.19045203,665,55920.00000000,1.18373599,0
2024-04-18 00:00:00,0.00002057,0.00002075,0.00001999,0.00002034,65761.90000000,1713412799999,1.33986786,495,32194.70000000,0.65825658,0
2024-04-18 04:00:00,0.00002032,0.00002082,0.00001979,0.00001985,175607.90000000,1713427199999,3.57059569,525,75325.50000000,1.52802055,0
2024-04-18 08:00:00,0.00001988,0.00002008,0.00001975,0.00001989,168707.80000000,1713441599999,3.36843933,453,123077.10000000,2.45729481,0
2024-04-18 12:00:00,0.00001990,0.00001993,0.00001933,0.00001939,201823.80000000,1713455999999,3.94933347,725,106543.70000000,2.08315258,0
2024-04-18 16:00:00,0.00001945,0.00001965,0.00001914,0.00001958,91196.20000000,1713470399999,1.77197323,396,66779.40000000,1.29912075,0
2024-04-18 20:00:00,0.00001958,0.00001980,0.00001953,0.00001978,48277.90000000,1713484799999,0.95114289,249,20969.00000000,0.41327622,0
2024-04-19 00:00:00,0.00001976,0.00001976,0.00001904,0.00001948,126032.30000000,1713499199999,2.44305450,678,58380.40000000,1.13133301,0
2024-04-19 04:00:00,0.00001951,0.00001970,0.00001936,0.00001941,107984.60000000,1713513599999,2.10708568,422,64493.70000000,1.25803066,0
2024-04-19 08:00:00,0.00001944,0.00002018,0.00001942,0.00001994,91664.10000000,1713527999999,1.82213783,552,45966.60000000,0.91403400,0
2024-04-19 12:00:00,0.00001996,0.00002060,0.00001982,0.00002030,142636.70000000,1713542399999,2.89923207,652,68498.00000000,1.39058521,0
2024-04-19 16:00:00,0.00002032,0.00002165,0.00002032,0.00002150,170115.20000000,1713556799999,3.60235878,751,105446.60000000,2.23182737,0
2024-04-19 20:00:00,0.00002151,0.00002159,0.00002081,0.00002090,69152.90000000,1713571199999,1.46302154,334,19551.70000000,0.41114391,0
2024-04-20 00:00:00,0.00002085,0.00002110,0.00002060,0.00002074,66815.00000000,1713585599999,1.39016276,303,32813.80000000,0.68276596,0
2024-04-20 04:00:00,0.00002067,0.00002151,0.00002067,0.00002137,37780.00000000,1713599999999,0.80022348,208,20480.60000000,0.43330000,0
2024-04-20 08:00:00,0.00002134,0.00002134,0.00002072,0.00002080,32656.40000000,1713614399999,0.68645612,207,13896.80000000,0.29204304,0
2024-04-20 12:00:00,0.00002085,0.00002123,0.00002081,0.00002104,25737.50000000,1713628799999,0.54048307,223,10825.30000000,0.22714290,0
2024-04-20 16:00:00,0.00002104,0.00002154,0.00002093,0.00002148,125171.60000000,1713643199999,2.65877164,392,76015.60000000,1.61382734,0
2024-04-20 20:00:00,0.00002154,0.00002212,0.00002145,0.00002198,40983.00000000,1713657599999,0.89570811,252,19988.00000000,0.43549626,0
2024-04-21 00:00:00,0.00002196,0.00002224,0.00002150,0.00002162,66032.50000000,1713671999999,1.43389122,357,35427.80000000,0.76871950,0
2024-04-21 04:00:00,0.00002159,0.00002163,0.00002138,0.00002160,28517.90000000,1713686399999,0.61401520,132,8661.90000000,0.18685661,0
2024-04-21 08:00:00,0.00002159,0.00002173,0.00002121,0.00002129,160057.40000000,1713700799999,3.43258410,332,55280.60000000,1.19267318,0
2024-04-21 12:00:00,0.00002130,0.00002132,0.00002093,0.00002116,61599.80000000,1713715199999,1.29768571,253,32673.80000000,0.68858621,0
2024-04-21 16:00:00,0.00002117,0.00002125,0.00002087,0.00002123,61808.70000000,1713729599999,1.29752000,346,17712.30000000,0.37329084,0
2024-04-21 20:00:00,0.00002119,0.00002138,0.00002106,0.00002109,26568.50000000,1713743999999,0.56469723,176,5036.60000000,0.10699337,0
2024-04-22 00:00:00,0.00002116,0.00002148,0.00002094,0.00002126,70156.40000000,1713758399999,1.49173960,384,51983.50000000,1.10583075,0
2024-04-22 04:00:00,0.00002126,0.00002144,0.00002116,0.00002138,53466.80000000,1713772799999,1.14089565,270,23795.90000000,0.50788478,0
2024-04-22 08:00:00,0.00002136,0.00002182,0.00002108,0.00002144,54322.70000000,1713787199999,1.16818944,340,29098.60000000,0.62766459,0
2024-04-22 12:00:00,0.00002144,0.00002157,0.00002100,0.00002112,55300.30000000,1713801599999,1.17360538,304,16753.10000000,0.35585360,0
2024-04-22 16:00:00,0.00002114,0.00002141,0.00002090,0.00002090,77607.80000000,1713815999999,1.64220431,300,33200.00000000,0.70281762,0
2024-04-22 20:00:00,0.00002090,0.00002098,0.00002077,0.00002080,34553.20000000,1713830399999,0.72097647,186,20653.50000000,0.43091899,0
2024-04-23 00:00:00,0.00002080,0.00002115,0.00002062,0.00002071,84363.70000000,1713844799999,1.76646261,280,39707.90000000,0.83515833,0
2024-04-23 04:00:00,0.00002069,0.00002078,0.00002032,0.00002038,17593.50000000,1713859199999,0.36255135,176,5276.40000000,0.10859205,0
2024-04-23 08:00:00,0.00002040,0.00002049,0.00002025,0.00002035,42746.40000000,1713873599999,0.87283782,176,23685.70000000,0.48389776,0
2024-04-23 12:00:00,0.00002034,0.00002062,0.00002024,0.00002054,138775.80000000,1713887999999,2.83933633,266,120109.00000000,2.45776868,0
2024-04-23 16:00:00,0.00002055,0.00002058,0.00001967,0.00001996,69054.30000000,1713902399999,1.38370774,377,27065.40000000,0.54152243,0
2024-04-23 20:00:00,0.00001995,0.00002005,0.00001982,0.00001995,64676.80000000,1713916799999,1.28699037,237,13526.60000000,0.26961635,0
2024-04-24 00:00:00,0.00001996,0.00002013,0.00001974,0.00002004,109237.60000000,1713931199999,2.18095458,308,49268.90000000,0.98413339,0
2024-04-24 04:00:00,0.00002004,0.00002010,0.00001974,0.00001979,38338.90000000,1713945599999,0.76549445,204,19041.20000000,0.38005047,0
2024-04-24 08:00:00,0.00001979,0.00002006,0.00001970,0.00002001,34268.80000000,1713959999999,0.68021857,223,11157.80000000,0.22153192,0
2024-04-24 12:00:00,0.00002004,0.00002021,0.00001958,0.00001964,232573.10000000,1713974399999,4.63212031,914,101450.50000000,2.01851634,0
2024-04-24 16:00:00,0.00001965,0.00001987,0.00001954,0.00001987,115775.90000000,1713988799999,2.27851273,327,48219.70000000,0.94933493,0
2024-04-24 20:00:00,0.00001986,0.00001991,0.00001937,0.00001943,28170.00000000,1714003199999,0.55205304,197,8777.00000000,0.17186945,0
2024-04-25 00:00:00,0.00001944,0.00001959,0.00001909,0.00001914,109110.90000000,1714017599999,2.10053335,364,45376.90000000,0.87248289,0
2024-04-25 04:00:00,0.00001916,0.00001930,0.00001889,0.00001908,133085.60000000,1714031999999,2.54934250,466,50313.20000000,0.96409954,0
2024-04-25 08:00:00,0.00001905,0.00001908,0.00001882,0.00001893,49649.80000000,1714046399999,0.93996445,258,22115.40000000,0.41893463,0
2024-04-25 12:00:00,0.00001891,0.00001932,0.00001883,0.00001930,177781.20000000,1714060799999,3.39118008,378,123430.90000000,2.35337579,0
2024-04-25 16:00:00,0.00001926,0.00001929,0.00001895,0.00001907,27188.10000000,1714075199999,0.51913303,181,14087.90000000,0.26882629,0
2024-04-25 20:00:00,0.00001902,0.00001922,0.00001892,0.00001898,57338.90000000,1714089599999,1.09064026,226,44151.80000000,0.83973609,0
2024-04-26 00:00:00,0.00001897,0.00001906,0.00001852,0.00001852,209547.90000000,1714103999999,3.91425901,671,63823.60000000,1.19218128,0
2024-04-26 04:00:00,0.00001851,0.00001865,0.00001829,0.00001845,205460.50000000,1714118399999,3.79113210,539,119202.80000000,2.20379728,0
2024-04-26 08:00:00,0.00001847,0.00001855,0.00001826,0.00001834,72496.80000000,1714132799999,1.33480721,163,12205.00000000,0.22450134,0
2024-04-26 12:00:00,0.00001833,0.00001864,0.00001825,0.00001858,33807.80000000,1714147199999,0.62282449,171,18336.40000000,0.33783055,0
2024-04-26 16:00:00,0.00001860,0.00001860,0.00001842,0.00001857,12735.90000000,1714161599999,0.23563090,84,7693.70000000,0.14243629,0
2024-04-26 20:00:00,0.00001857,0.00001859,0.00001826,0.00001837,7327.60000000,1714175999999,0.13499244,83,4375.50000000,0.08067173,0
2024-04-27 00:00:00,0.00001842,0.00001857,0.00001790,0.00001836,51953.40000000,1714190399999,0.94340237,368,17310.00000000,0.31547301,0
2024-04-27 04:00:00,0.00001841,0.00001867,0.00001841,0.00001858,19056.40000000,1714204799999,0.35463122,286,12226.70000000,0.22754581,0
2024-04-27 08:00:00,0.00001857,0.00001921,0.00001855,0.00001896,35671.90000000,1714219199999,0.67205443,329,28531.00000000,0.53732276,0
2024-04-27 12:00:00,0.00001893,0.00001930,0.00001885,0.00001912,60497.30000000,1714233599999,1.15373994,267,33378.30000000,0.63622944,0
2024-04-27 16:00:00,0.00001908,0.00001939,0.00001896,0.00001901,55566.20000000,1714247999999,1.06497046,246,27122.80000000,0.52044436,0
2024-04-27 20:00:00,0.00001901,0.00001917,0.00001893,0.00001908,10825.20000000,1714262399999,0.20670983,81,6353.30000000,0.12142161,0
2024-04-28 00:00:00,0.00001906,0.00001955,0.00001902,0.00001949,32292.20000000,1714276799999,0.62317348,173,17860.80000000,0.34443555,0
2024-04-28 04:00:00,0.00001955,0.00001966,0.00001945,0.00001959,54999.10000000,1714291199999,1.07737166,163,32472.10000000,0.63566935,0
2024-04-28 08:00:00,0.00001958,0.00001971,0.00001944,0.00001947,37343.90000000,1714305599999,0.72935469,158,18885.00000000,0.36948089,0
2024-04-28 12:00:00,0.00001951,0.00001973,0.00001951,0.00001971,11819.20000000,1714319999999,0.23202715,113,9531.90000000,0.18716276,0
2024-04-28 16:00:00,0.00001969,0.00001975,0.00001952,0.00001961,7960.10000000,1714334399999,0.15598462,92,4312.90000000,0.08451694,0
2024-04-28 20:00:00,0.00001960,0.00001966,0.00001926,0.00001928,55851.70000000,1714348799999,1.08642212,286,7087.90000000,0.13796899,0
2024-04-29 00:00:00,0.00001927,0.00001947,0.00001904,0.00001910,90412.40000000,1714363199999,1.74466752,379,27054.40000000,0.52244551,0
2024-04-29 04:00:00,0.00001905,0.00001935,0.00001901,0.00001911,13770.50000000,1714377599999,0.26437881,194,5253.00000000,0.10096235,0
2024-04-29 08:00:00,0.00001908,0.00001917,0.00001886,0.00001906,16956.80000000,1714391999999,0.32187957,195,4280.70000000,0.08140499,0
2024-04-29 12:00:00,0.00001907,0.00001926,0.00001895,0.00001900,65614.30000000,1714406399999,1.25743492,243,52271.40000000,1.00196625,0
2024-04-29 16:00:00,0.00001905,0.00001910,0.00001879,0.00001887,34064.60000000,1714420799999,0.64646006,207,17128.80000000,0.32576668,0
2024-04-29 20:00:00,0.00001884,0.00001891,0.00001855,0.00001867,35020.20000000,1714435199999,0.65642609,236,20363.70000000,0.38186121,0
2024-04-30 00:00:00,0.00001867,0.00001869,0.00001838,0.00001839,42731.10000000,1714449599999,0.79081804,264,29149.40000000,0.53905259,0
2024-04-30 04:00:00,0.00001840,0.00001846,0.00001834,0.00001840,128297.20000000,1714463999999,2.36286729,643,66888.30000000,1.23212782,0
2024-04-30 08:00:00,0.00001841,0.00001885,0.00001832,0.00001838,120093.40000000,1714478399999,2.23116999,679,54903.30000000,1.02068136,0
2024-04-30 12:00:00,0.00001839,0.00001913,0.00001802,0.00001818,492962.80000000,1714492799999,9.16218784,2055,316284.60000000,5.88891752,0
2024-04-30 16:00:00,0.00001815,0.00001850,0.00001780,0.00001847,108945.60000000,1714507199999,1.97280699,587,28721.50000000,0.52016537,0
2024-04-30 20:00:00,0.00001851,0.00001907,0.00001840,0.00001886,187594.30000000,1714521599999,3.50319228,604,44909.80000000,0.83876684,0
2024-05-01 00:00:00,0.00001882,0.00001935,0.00001881,0.00001896,71640.10000000,1714535999999,1.36746103,458,40848.80000000,0.78108815,0
2024-05-01 04:00:00,0.00001893,0.00001915,0.00001845,0.00001909,59632.70000000,1714550399999,1.11517328,683,30883.20000000,0.57883808,0
2024-05-01 08:00:00,0.00001906,0.00001947,0.00001903,0.00001917,128140.70000000,1714564799999,2.46305784,893,85015.40000000,1.63421296,0
2024-05-01 12:00:00,0.00001920,0.00001940,0.00001912,0.00001932,65564.10000000,1714579199999,1.25933296,345,24667.80000000,0.47373293,0
2024-05-01 16:00:00,0.00001929,0.00001961,0.00001908,0.00001960,100578.90000000,1714593599999,1.94988350,682,55835.50000000,1.08267161,0
2024-05-01 20:00:00,0.00001960,0.00001982,0.00001958,0.00001966,99595.60000000,1714607999999,1.96365902,448,54911.70000000,1.08204569,0
2024-05-02 00:00:00,0.00001965,0.00001968,0.00001939,0.00001939,76160.50000000,1714622399999,1.48654864,342,63234.20000000,1.23446332,0
2024-05-02 04:00:00,0.00001938,0.00001944,0.00001908,0.00001909,63685.30000000,1714636799999,1.22150885,317,33643.70000000,0.64555348,0
2024-05-02 08:00:00,0.00001910,0.00001973,0.00001910,0.00001962,53976.60000000,1714651199999,1.05118948,353,31243.00000000,0.60599163,0
2024-05-02 12:00:00,0.00001965,0.00001970,0.00001922,0.00001926,99385.50000000,1714665599999,1.93644762,547,45005.70000000,0.87700129,0
2024-05-02 16:00:00,0.00001923,0.00001925,0.00001889,0.00001894,72478.20000000,1714679999999,1.38455426,334,41396.00000000,0.79061133,0
2024-05-02 20:00:00,0.00001894,0.00001916,0.00001885,0.00001899,32811.30000000,1714694399999,0.62520504,268,14473.10000000,0.27552168,0
2024-05-03 00:00:00,0.00001902,0.00001921,0.00001893,0.00001895,30254.00000000,1714708799999,0.57522735,248,16012.90000000,0.30441377,0
2024-05-03 04:00:00,0.00001893,0.00001901,0.00001838,0.00001842,61986.80000000,1714723199999,1.15725601,530,31945.50000000,0.59516272,0
2024-05-03 08:00:00,0.00001842,0.00001857,0.00001804,0.00001808,39225.90000000,1714737599999,0.71986040,314,19693.60000000,0.36077530,0
2024-05-03 12:00:00,0.00001808,0.00001843,0.00001795,0.00001836,144254.30000000,1714751999999,2.62424718,819,97820.80000000,1.77979234,0
2024-05-03 16:00:00,0.00001835,0.00001847,0.00001761,0.00001776,302728.80000000,1714766399999,5.37317731,674,137110.70000000,2.43162702,0
2024-05-03 20:00:00,0.00001777,0.00001786,0.00001742,0.00001772,201705.50000000,1714780799999,3.55721607,1129,122954.90000000,2.17160240,0
2024-05-04 00:00:00,0.00001769,0.00001772,0.00001737,0.00001740,159519.70000000,1714795199999,2.80041961,981,120908.50000000,2.12412734,0
2024-05-04 04:00:00,0.00001739,0.00001747,0.00001719,0.00001724,225517.10000000,1714809599999,3.90531549,595,114228.20000000,1.97772277,0
2024-05-04 08:00:00,0.00001725,0.00001749,0.00001720,0.00001721,122304.40000000,1714823999999,2.11617956,445,58609.50000000,1.01539701,0
2024-05-04 12:00:00,0.00001723,0.00001728,0.00001703,0.00001720,284076.60000000,1714838399999,4.87264525,619,175518.90000000,3.01191387,0
2024-05-04 16:00:00,0.00001718,0.00001723,0.00001697,0.00001701,176355.70000000,1714852799999,3.00730027,873,120732.50000000,2.05687282,0
2024-05-04 20:00:00,0.00001702,0.00001710,0.00001698,0.00001708,63525.20000000,1714867199999,1.08277541,390,55154.70000000,0.94013272,0
2024-05-05 00:00:00,0.00001707,0.00001709,0.00001685,0.00001691,55028.50000000,1714881599999,0.93170676,358,22732.20000000,0.38461338,0
2024-05-05 04:00:00,0.00001688,0.00001688,0.00001668,0.00001682,109505.50000000,1714895999999,1.83441637,417,80397.50000000,1.34678702,0
2024-05-05 08:00:00,0.00001683,0.00001696,0.00001674,0.00001691,23581.00000000,1714910399999,0.39705732,198,10857.60000000,0.18290322,0
2024-05-05 12:00:00,0.00001689,0.00001743,0.00001678,0.00001711,123443.70000000,1714924799999,2.13076836,656,26346.30000000,0.45401168,0
2024-05-05 16:00:00,0.00001712,0.00001745,0.00001707,0.00001734,43004.90000000,1714939199999,0.74496437,375,20762.30000000,0.36015011,0
2024-05-05 20:00:00,0.00001735,0.00001737,0.00001706,0.00001711,53005.50000000,1714953599999,0.91259754,187,18591.30000000,0.31968824,0
2024-05-06 00:00:00,0.00001713,0.00001778,0.00001713,0.00001737,282192.80000000,1714967999999,4.95548674,1208,148418.40000000,2.60352482,0
2024-05-06 04:00:00,0.00001732,0.00001769,0.00001726,0.00001761,116937.10000000,1714982399999,2.05392186,513,71704.10000000,1.25917491,0
2024-05-06 08:00:00,0.00001757,0.00001768,0.00001738,0.00001768,84958.80000000,1714996799999,1.48823702,551,39805.00000000,0.69726189,0
2024-05-06 12:00:00,0.00001769,0.00001769,0.00001712,0.00001728,114043.80000000,1715011199999,1.97743353,693,48572.20000000,0.84102678,0
2024-05-06 16:00:00,0.00001725,0.00001737,0.00001717,0.00001720,76720.30000000,1715025599999,1.32449061,431,33202.10000000,0.57385679,0
2024-05-06 20:00:00,0.00001719,0.00001742,0.00001717,0.00001731,106225.60000000,1715039999999,1.83746220,373,72796.60000000,1.25828683,0
2024-05-07 00:00:00,0.00001730,0.00001778,0.00001720,0.00001750,76143.30000000,1715054399999,1.33299726,532,34418.10000000,0.60238254,0
2024-05-07 04:00:00,0.00001749,0.00001784,0.00001734,0.00001755,168535.70000000,1715068799999,2.96275372,642,102561.60000000,1.80847130,0
2024-05-07 08:00:00,0.00001752,0.00001755,0.00001723,0.00001724,42727.50000000,1715083199999,0.74285919,357,16623.50000000,0.28890020,0
2024-05-07 12:00:00,0.00001722,0.00001812,0.00001720,0.00001774,159640.20000000,1715097599999,2.80881893,1043,83805.10000000,1.49285863,0
2024-05-07 16:00:00,0.00001773,0.00001785,0.00001745,0.00001762,48142.70000000,1715111999999,0.84978731,380,23935.50000000,0.42305591,0
2024-05-07 20:00:00,0.00001763,0.00001780,0.00001725,0.00001733,48363.50000000,1715126399999,0.84926007,376,13981.10000000,0.24591849,0
2024-05-08 00:00:00,0.00001730,0.00001732,0.00001703,0.00001708,25705.30000000,1715140799999,0.44083208,220,13810.40000000,0.23710863,0
2024-05-08 04:00:00,0.00001707,0.00001711,0.00001680,0.00001688,147401.50000000,1715155199999,2.49698383,450,99505.90000000,1.68536216,0
2024-05-08 08:00:00,0.00001686,0.00001691,0.00001670,0.00001688,51926.40000000,1715169599999,0.87256078,393,23585.30000000,0.39658304,0
2024-05-08 12:00:00,0.00001689,0.00001724,0.00001682,0.00001702,119065.50000000,1715183999999,2.02620316,843,59197.00000000,1.01063393,0
2024-05-08 16:00:00,0.00001701,0.00001702,0.00001659,0.00001668,23777.80000000,1715198399999,0.40018387,365,10123.90000000,0.17072061,0
2024-05-08 20:00:00,0.00001671,0.00001677,0.00001639,0.00001652,72747.90000000,1715212799999,1.20419529,467,54443.80000000,0.90141395,0
2024-05-09 00:00:00,0.00001651,0.00001651,0.00001604,0.00001605,44362.10000000,1715227199999,0.72025903,412,12685.30000000,0.20668988,0
2024-05-09 04:00:00,0.00001604,0.00001635,0.00001582,0.00001628,103035.10000000,1715241599999,1.66853301,496,62971.30000000,1.02188484,0
2024-05-09 08:00:00,0.00001627,0.00001645,0.00001617,0.00001639,57174.20000000,1715255999999,0.92871059,308,33543.80000000,0.54423314,0
2024-05-09 12:00:00,0.00001638,0.00001639,0.00001622,0.00001622,47067.00000000,1715270399999,0.76784383,270,29119.90000000,0.47536145,0
2024-05-09 16:00:00,0.00001622,0.00001627,0.00001602,0.00001620,124801.60000000,1715284799999,2.01924834,355,50918.80000000,0.82427332,0
2024-05-09 20:00:00,0.00001618,0.00001651,0.00001597,0.00001625,281170.40000000,1715299199999,4.58259037,914,118969.10000000,1.93699767,0
2024-05-10 00:00:00,0.00001626,0.00001675,0.00001622,0.00001665,113343.40000000,1715313599999,1.87503987,543,56479.70000000,0.93718115,0
2024-05-10 04:00:00,0.00001665,0.00001685,0.00001662,0.00001681,122893.30000000,1715327999999,2.05328493,583,40645.50000000,0.68046767,0
2024-05-10 08:00:00,0.00001682,0.00001724,0.00001679,0.00001712,101821.10000000,1715342399999,1.73035498,359,51771.20000000,0.87895666,0
2024-05-10 12:00:00,0.00001706,0.00001766,0.00001698,0.00001705,318602.10000000,1715356799999,5.50699929,1484,157397.30000000,2.71238219,0
2024-05-10 16:00:00,0.00001699,0.00001716,0.00001682,0.00001701,85947.80000000,1715371199999,1.45355278,792,22134.30000000,0.37530610,0
2024-05-10 20:00:00,0.00001699,0.00001700,0.00001651,0.00001658,75681.10000000,1715385599999,1.26638948,784,33607.30000000,0.56409517,0
2024-05-11 00:00:00,0.00001656,0.00001691,0.00001652,0.00001672,85240.70000000,1715399999999,1.42566010,436,45856.20000000,0.76705996,0
2024-05-11 04:00:00,0.00001669,0.00001673,0.00001659,0.00001663,39153.10000000,1715414399999,0.65216268,228,30421.70000000,0.50682994,0
2024-05-11 08:00:00,0.00001662,0.00001665,0.00001637,0.00001639,224373.10000000,1715428799999,3.68889202,1736,98551.10000000,1.62128901,0
2024-05-11 12:00:00,0.00001639,0.00001660,0.00001639,0.00001658,60139.50000000,1715443199999,0.99273194,280,46400.70000000,0.76600271,0
2024-05-11 16:00:00,0.00001659,0.00001663,0.00001639,0.00001639,15921.90000000,1715457599999,0.26326804,116,9183.10000000,0.15226825,0
2024-05-11 20:00:00,0.00001638,0.00001643,0.00001631,0.00001631,60386.50000000,1715471999999,0.98805291,287,44721.20000000,0.73160195,0
2024-05-12 00:00:00,0.00001632,0.00001646,0.00001632,0.00001644,17133.50000000,1715486399999,0.28060402,170,9768.10000000,0.16008199,0
2024-05-12 04:00:00,0.00001644,0.00001660,0.00001638,0.00001641,28019.00000000,1715500799999,0.46141787,254,8296.20000000,0.13684258,0
2024-05-12 08:00:00,0.00001639,0.00001657,0.00001634,0.00001650,57571.50000000,1715515199999,0.94809919,243,47058.00000000,0.77505131,0
2024-05-12 12:00:00,0.00001653,0.00001665,0.00001648,0.00001653,22996.50000000,1715529599999,0.38085789,158,13623.70000000,0.22572744,0
2024-05-12 16:00:00,0.00001652,0.00001653,0.00001637,0.00001645,70474.20000000,1715543999999,1.15999515,277,11513.00000000,0.18981277,0
2024-05-12 20:00:00,0.00001643,0.00001647,0.00001629,0.00001632,33830.40000000,1715558399999,0.55466625,170,15448.70000000,0.25341193,0
2024-05-13 00:00:00,0.00001634,0.00001643,0.00001549,0.00001574,97902.30000000,1715572799999,1.54418052,719,18735.00000000,0.29679573,0
2024-05-13 04:00:00,0.00001571,0.00001584,0.00001557,0.00001577,84115.50000000,1715587199999,1.32079369,282,58569.80000000,0.91963170,0
2024-05-13 08:00:00,0.00001579,0.00001590,0.00001556,0.00001562,81615.20000000,1715601599999,1.28011127,458,40660.20000000,0.63679331,0
2024-05-13 12:00:00,0.00001562,0.00001577,0.00001552,0.00001569,98551.50000000,1715615999999,1.54383639,522,62087.50000000,0.97314192,0
2024-05-13 16:00:00,0.00001568,0.00001579,0.00001549,0.00001559,60645.80000000,1715630399999,0.94893501,288,23907.80000000,0.37362562,0
2024-05-13 20:00:00,0.00001560,0.00001560,0.00001535,0.00001541,30905.90000000,1715644799999,0.47843605,269,11181.60000000,0.17330744,0
2024-05-14 00:00:00,0.00001538,0.00001548,0.00001525,0.00001531,73055.90000000,1715659199999,1.12549540,261,54866.30000000,0.84504205,0
2024-05-14 04:00:00,0.00001533,0.00001540,0.00001513,0.00001530,65168.90000000,1715673599999,0.99878265,355,27253.10000000,0.41740049,0
2024-05-14 08:00:00,0.00001531,0.00001531,0.00001505,0.00001508,736002.80000000,1715687999999,11.16276240,625,48491.60000000,0.73477893,0
2024-05-14 12:00:00,0.00001507,0.00001514,0.00001463,0.00001474,1044502.60000000,1715702399999,15.58443662,1542,185640.90000000,2.76492930,0
2024-05-14 16:00:00,0.00001476,0.00001476,0.00001446,0.00001462,250030.40000000,1715716799999,3.65221331,1123,122066.70000000,1.77890931,0
2024-05-14 20:00:00,0.00001461,0.00001461,0.00001451,0.00001456,187809.70000000,1715731199999,2.73163731,302,35039.40000000,0.51021904,0
2024-05-15 00:00:00,0.00001456,0.00001494,0.00001444,0.00001491,271582.40000000,1715745599999,3.95508477,503,69916.60000000,1.02297441,0
2024-05-15 04:00:00,0.00001488,0.00001488,0.00001458,0.00001458,28724.20000000,1715759999999,0.42342964,260,12263.30000000,0.18106741,0
2024-05-15 08:00:00,0.00001459,0.00001472,0.00001443,0.00001447,183763.50000000,1715774399999,2.67821064,1399,67260.10000000,0.97604519,0
2024-05-15 12:00:00,0.00001447,0.00001499,0.00001438,0.00001474,867781.80000000,1715788799999,12.73548600,2235,335088.80000000,4.92218188,0
2024-05-15 16:00:00,0.00001475,0.00001547,0.00001466,0.00001545,245216.20000000,1715803199999,3.72278000,1028,95896.70000000,1.45580519,0
2024-05-15 20:00:00,0.00001546,0.00001558,0.00001492,0.00001498,416751.90000000,1715817599999,6.40056829,975,295541.60000000,4.54708406,0
2024-05-16 00:00:00,0.00001499,0.00001505,0.00001481,0.00001505,143476.90000000,1715831999999,2.13629709,707,36881.20000000,0.54815159,0
2024-05-16 04:00:00,0.00001505,0.00001541,0.00001498,0.00001534,321195.30000000,1715846399999,4.91356426,2038,90442.70000000,1.37760521,0
2024-05-16 08:00:00,0.00001534,0.00001589,0.00001533,0.00001572,160037.00000000,1715860799999,2.50457708,1181,58015.10000000,0.90665250,0
2024-05-16 12:00:00,0.00001570,0.00001624,0.00001542,0.00001585,334044.60000000,1715875199999,5.27619688,2343,160612.10000000,2.54411521,0
2024-05-16 16:00:00,0.00001583,0.00001599,0.00001569,0.00001590,64416.20000000,1715889599999,1.02204021,417,39142.40000000,0.62162261,0
2024-05-16 20:00:00,0.00001587,0.00001587,0.00001554,0.00001570,34831.80000000,1715903999999,0.54704796,430,17969.00000000,0.28197424,0
2024-05-17 00:00:00,0.00001569,0.00001612,0.00001551,0.00001597,58975.00000000,1715918399999,0.93404811,515,35851.60000000,0.56773252,0
2024-05-17 04:00:00,0.00001595,0.00001614,0.00001566,0.00001583,136823.00000000,1715932799999,2.16562871,743,94471.40000000,1.49313792,0
2024-05-17 08:00:00,0.00001587,0.00001607,0.00001575,0.00001593,128277.50000000,1715947199999,2.04073768,546,85534.00000000,1.36098109,0
2024-05-17 12:00:00,0.00001590,0.00001600,0.00001574,0.00001599,161802.70000000,1715961599999,2.56056737,687,108388.30000000,1.71401353,0
2024-05-17 16:00:00,0.00001590,0.00001666,0.00001589,0.00001640,190628.80000000,1715975999999,3.11139329,982,106381.00000000,1.73465992,0
2024-05-17 20:00:00,0.00001644,0.00001651,0.00001604,0.00001604,48938.50000000,1715990399999,0.79903654,782,16555.10000000,0.26995102,0
2024-05-18 00:00:00,0.00001604,0.00001628,0.00001597,0.00001619,79339.60000000,1716004799999,1.27827324,394,65421.60000000,1.05381945,0
2024-05-18 04:00:00,0.00001615,0.00001629,0.00001603,0.00001607,92935.40000000,1716019199999,1.50435365,553,66609.70000000,1.07864635,0
2024-05-18 08:00:00,0.00001608,0.00001621,0.00001596,0.00001603,280176.80000000,1716033599999,4.49606074,873,208640.40000000,3.34814179,0
2024-05-18 12:00:00,0.00001603,0.00001613,0.00001575,0.00001611,153240.10000000,1716047999999,2.43674152,767,85975.50000000,1.36731790,0
2024-05-18 16:00:00,0.00001609,0.00001618,0.00001603,0.00001608,34211.60000000,1716062399999,0.55066531,208,17454.30000000,0.28105529,0
2024-05-18 20:00:00,0.00001603,0.00001621,0.00001601,0.00001616,63315.60000000,1716076799999,1.02092048,353,38239.50000000,0.61680770,0
2024-05-19 00:00:00,0.00001615,0.00001622,0.00001603,0.00001603,53365.30000000,1716091199999,0.86070980,422,27938.20000000,0.45133147,0
2024-05-19 04:00:00,0.00001603,0.00001613,0.00001592,0.00001592,28008.80000000,1716105599999,0.44897309,267,16128.40000000,0.25856439,0
2024-05-19 08:00:00,0.00001591,0.00001597,0.00001567,0.00001570,35413.60000000,1716119999999,0.56058091,343,14880.00000000,0.23509054,0
2024-05-19 12:00:00,0.00001571,0.00001571,0.00001534,0.00001542,150702.70000000,1716134399999,2.33272700,2216,36804.30000000,0.57290546,0
2024-05-19 16:00:00,0.00001539,0.00001563,0.00001530,0.00001557,49571.80000000,1716148799999,0.76748689,492,25816.80000000,0.39957854,0
2024-05-19 20:00:00,0.00001557,0.00001566,0.00001543,0.00001552,49739.90000000,1716163199999,0.77298324,234,24248.60000000,0.37736280,0
2024-05-20 00:00:00,0.00001549,0.00001556,0.00001525,0.00001538,48336.80000000,1716177599999,0.74511465,547,11335.80000000,0.17516467,0
2024-05-20 04:00:00,0.00001542,0.00001578,0.00001536,0.00001577,62275.90000000,1716191999999,0.97266809,663,31510.10000000,0.49274666,0
2024-05-20 08:00:00,0.00001577,0.00001619,0.00001577,0.00001614,299273.60000000,1716206399999,4.80684994,1222,184097.80000000,2.95343183,0
2024-05-20 12:00:00,0.00001611,0.00001690,0.00001611,0.00001654,285319.20000000,1716220799999,4.72888295,1275,107829.20000000,1.77938147,0
2024-05-20 16:00:00,0.00001657,0.00001674,0.00001609,0.00001619,361664.60000000,1716235199999,5.92870749,3343,134966.90000000,2.21793537,0
2024-05-20 20:00:00,0.00001618,0.00001638,0.00001596,0.00001608,328673.10000000,1716249599999,5.32855250,1241,256705.90000000,4.16209883,0
2024-05-21 00:00:00,0.00001606,0.00001645,0.00001600,0.00001629,268390.00000000,1716263999999,4.35381892,1521,185625.10000000,3.01341556,0
2024-05-21 04:00:00,0.00001630,0.00001650,0.00001594,0.00001602,92948.60000000,1716278399999,1.50692365,571,59910.30000000,0.97213163,0
2024-05-21 08:00:00,0.00001607,0.00001627,0.00001604,0.00001605,70002.70000000,1716292799999,1.12865387,663,30148.80000000,0.48636540,0
2024-05-21 12:00:00,0.00001603,0.00001638,0.00001587,0.00001616,409125.40000000,1716307199999,6.63063035,2642,124246.60000000,2.00211486,0
2024-05-21 16:00:00,0.00001618,0.00001645,0.00001614,0.00001621,242622.50000000,1716321599999,3.95710470,1497,70495.50000000,1.15159643,0
2024-05-21 20:00:00,0.00001622,0.00001630,0.00001610,0.00001627,46648.80000000,1716335999999,0.75594741,421,13754.50000000,0.22306361,0
2024-05-22 00:00:00,0.00001627,0.00001641,0.00001605,0.00001614,164827.50000000,1716350399999,2.68026846,877,18717.70000000,0.30448840,0
2024-05-22 04:00:00,0.00001613,0.00001653,0.00001598,0.00001629,216582.70000000,1716364799999,3.52670462,2268,50246.10000000,0.81683537,0
2024-05-22 08:00:00,0.00001626,0.00001626,0.00001587,0.00001588,169402.00000000,1716379199999,2.71497774,1031,84097.50000000,1.34909446,0
2024-05-22 12:00:00,0.00001590,0.00001606,0.00001556,0.00001601,262163.10000000,1716393599999,4.12184257,2067,152156.00000000,2.39594268,0
2024-05-22 16:00:00,0.00001600,0.00001611,0.00001573,0.00001585,154009.70000000,1716407999999,2.44774109,1276,87513.00000000,1.39081914,0
2024-05-22 20:00:00,0.00001586,0.00001608,0.00001573,0.00001598,79536.90000000,1716422399999,1.26705521,1028,50052.60000000,0.79815395,0
2024-05-23 00:00:00,0.00001598,0.00001635,0.00001591,0.00001629,79299.60000000,1716436799999,1.28082803,682,36942.90000000,0.59764928,0
2024-05-23 04:00:00,0.00001627,0.00001627,0.00001586,0.00001600,52374.80000000,1716451199999,0.83899575,628,25642.60000000,0.41057513,0
2024-05-23 08:00:00,0.00001600,0.00001605,0.00001577,0.00001599,141575.70000000,1716465599999,2.25738196,1332,95576.80000000,1.52452956,0
2024-05-23 12:00:00,0.00001602,0.00001618,0.00001539,0.00001566,294964.10000000,1716479999999,4.64710873,2773,177122.40000000,2.79307608,0
2024-05-23 16:00:00,0.00001565,0.00001580,0.00001556,0.00001565,74714.10000000,1716494399999,1.17073972,850,32335.50000000,0.50694283,0
2024-05-23 20:00:00,0.00001561,0.00001597,0.00001509,0.00001583,253499.00000000,1716508799999,3.93737435,1492,106182.20000000,1.65932823,0
2024-05-24 00:00:00,0.00001581,0.00001600,0.00001577,0.00001589,33462.30000000,1716523199999,0.53114441,350,13324.00000000,0.21191116,0
2024-05-24 04:00:00,0.00001588,0.00001597,0.00001544,0.00001567,64174.80000000,1716537599999,1.00575646,649,30057.10000000,0.47071226,0
2024-05-24 08:00:00,0.00001567,0.00001580,0.00001555,0.00001568,94120.70000000,1716551999999,1.47098115,525,55197.90000000,0.86291690,0
2024-05-24 12:00:00,0.00001564,0.00001574,0.00001546,0.00001546,86259.70000000,1716566399999,1.34584873,731,27724.50000000,0.43279890,0
2024-05-24 16:00:00,0.00001545,0.00001546,0.00001524,0.00001525,38751.50000000,1716580799999,0.59529399,356,10284.20000000,0.15799995,0
2024-05-24 20:00:00,0.00001528,0.00001561,0.00001527,0.00001558,42356.70000000,1716595199999,0.65231000,318,23726.60000000,0.36575229,0
2024-05-25 00:00:00,0.00001557,0.00001575,0.00001550,0.00001573,24637.20000000,1716609599999,0.38591587,247,13064.00000000,0.20466628,0
2024-05-25 04:00:00,0.00001574,0.00001575,0.00001549,0.00001549,22385.80000000,1716623999999,0.34901510,502,9733.30000000,0.15161966,0
2024-05-25 08:00:00,0.00001549,0.00001553,0.00001533,0.00001540,43775.70000000,1716638399999,0.67662582,657,26597.80000000,0.41126117,0
2024-05-25 12:00:00,0.00001538,0.00001547,0.00001523,0.00001547,35309.60000000,1716652799999,0.54119297,631,16317.90000000,0.25049766,0
2024-05-25 16:00:00,0.00001545,0.00001548,0.00001528,0.00001530,52484.30000000,1716667199999,0.80921259,431,16541.90000000,0.25529143,0
2024-05-25 20:00:00,0.00001529,0.00001535,0.00001521,0.00001535,24733.20000000,1716681599999,0.37774252,316,7370.90000000,0.11264912,0
2024-05-26 00:00:00,0.00001532,0.00001546,0.00001519,0.00001526,135690.70000000,1716695999999,2.08257310,950,74281.60000000,1.14086794,0
2024-05-26 04:00:00,0.00001525,0.00001525,0.00001503,0.00001506,100437.70000000,1716710399999,1.51911562,840,33732.80000000,0.51036348,0
2024-05-26 08:00:00,0.00001505,0.00001507,0.00001489,0.00001495,129665.70000000,1716724799999,1.94404982,681,70314.50000000,1.05480239,0
2024-05-26 12:00:00,0.00001495,0.00001513,0.00001483,0.00001506,87156.60000000,1716739199999,1.30289236,1429,43491.20000000,0.65073296,0
2024-05-26 16:00:00,0.00001506,0.00001520,0.00001502,0.00001518,32822.20000000,1716753599999,0.49545367,258,13827.80000000,0.20910890,0
2024-05-26 20:00:00,0.00001519,0.00001533,0.00001509,0.00001518,19797.80000000,1716767999999,0.30109703,304,11779.50000000,0.17908311,0
2024-05-27 00:00:00,0.00001521,0.00001527,0.00001511,0.00001515,28027.40000000,1716782399999,0.42514685,313,11007.30000000,0.16707170,0
2024-05-27 04:00:00,0.00001516,0.00001529,0.00001504,0.00001508,35305.20000000,1716796799999,0.53575592,440,21475.90000000,0.32622262,0
2024-05-27 08:00:00,0.00001504,0.00001552,0.00001503,0.00001548,44179.60000000,1716811199999,0.67716358,605,28323.50000000,0.43427960,0
2024-05-27 12:00:00,0.00001545,0.00001552,0.00001519,0.00001521,73917.70000000,1716825599999,1.13577007,971,32162.10000000,0.49427513,0
2024-05-27 16:00:00,0.00001520,0.00001541,0.00001520,0.00001525,48259.50000000,1716839999999,0.73980945,576,35162.00000000,0.53903164,0
2024-05-27 20:00:00,0.00001528,0.00001549,0.00001527,0.00001548,248766.70000000,1716854399999,3.82845601,4471,44735.10000000,0.68861338,0
2024-05-28 00:00:00,0.00001546,0.00001548,0.00001512,0.00001522,53761.20000000,1716868799999,0.82061368,665,19981.40000000,0.30500375,0
2024-05-28 04:00:00,0.00001522,0.00001523,0.00001499,0.00001515,232713.20000000,1716883199999,3.51659369,2624,57130.30000000,0.86303554,0
2024-05-28 08:00:00,0.00001516,0.00001529,0.00001511,0.00001529,39095.60000000,1716897599999,0.59447290,543,15415.70000000,0.23439279,0
2024-05-28 12:00:00,0.00001527,0.00001539,0.00001515,0.00001528,56535.40000000,1716911999999,0.86259429,705,26663.30000000,0.40697879,0
2024-05-28 16:00:00,0.00001526,0.00001533,0.00001518,0.00001520,40379.40000000,1716926399999,0.61574688,791,10814.20000000,0.16503067,0
2024-05-28 20:00:00,0.00001522,0.00001528,0.00001501,0.00001507,19675.10000000,1716940799999,0.29772312,272,7656.60000000,0.11588084,0
2024-05-29 00:00:00,0.00001507,0.00001510,0.00001489,0.00001503,52018.60000000,1716955199999,0.77947114,450,31687.30000000,0.47447467,0
2024-05-29 04:00:00,0.00001506,0.00001525,0.00001506,0.00001520,28730.80000000,1716969599999,0.43636424,333,15634.80000000,0.23754536,0
2024-05-29 08:00:00,0.00001523,0.00001540,0.00001511,0.00001523,93723.40000000,1716983999999,1.42828188,735,54600.30000000,0.83029000,0
2024-05-29 12:00:00,0.00001525,0.00001539,0.00001516,0.00001528,63400.30000000,1716998399999,0.96950808,923,40557.20000000,0.62023363,0
2024-05-29 16:00:00,0.00001527,0.00001532,0.00001506,0.00001507,110289.30000000,1717012799999,1.67462936,820,39425.50000000,0.59817667,0
2024-05-29 20:00:00,0.00001506,0.00001511,0.00001496,0.00001501,31575.60000000,1717027199999,0.47462183,324,10164.50000000,0.15296905,0
2024-05-30 00:00:00,0.00001504,0.00001517,0.00001503,0.00001514,31177.70000000,1717041599999,0.47082310,295,15918.00000000,0.24061875,0
2024-05-30 04:00:00,0.00001515,0.00001516,0.00001454,0.00001460,97587.00000000,1717055999999,1.44382917,918,44691.60000000,0.66208582,0
2024-05-30 08:00:00,0.00001460,0.00001509,0.00001455,0.00001499,93315.20000000,1717070399999,1.37874377,947,63798.70000000,0.94248001,0
2024-05-30 12:00:00,0.00001498,0.00001505,0.00001484,0.00001492,66128.10000000,1717084799999,0.98942052,474,30430.40000000,0.45454213,0
2024-05-30 16:00:00,0.00001492,0.00001497,0.00001478,0.00001490,48174.60000000,1717099199999,0.71723775,451,17472.10000000,0.25993610,0
2024-05-30 20:00:00,0.00001489,0.00001492,0.00001476,0.00001484,253197.40000000,1717113599999,3.74624524,644,220474.20000000,3.26182344,0
2024-05-31 00:00:00,0.00001482,0.00001487,0.00001477,0.00001484,22137.20000000,1717127999999,0.32817193,266,11515.90000000,0.17082779,0
2024-05-31 04:00:00,0.00001486,0.00001487,0.00001462,0.00001483,46043.10000000,1717142399999,0.67911953,490,23464.10000000,0.34605561,0
2024-05-31 08:00:00,0.00001483,0.00001488,0.00001476,0.00001488,38695.60000000,1717156799999,0.57344740,421,19041.60000000,0.28224235,0
2024-05-31 12:00:00,0.00001487,0.00001511,0.00001482,0.00001496,73068.80000000,1717171199999,1.09528331,708,33660.60000000,0.50481661,0
2024-05-31 16:00:00,0.00001497,0.00001516,0.00001489,0.00001515,32832.30000000,1717185599999,0.49398266,364,18224.90000000,0.27438169,0
2024-05-31 20:00:00,0.00001514,0.00001526,0.00001510,0.00001515,63349.50000000,1717199999999,0.96311622,655,15567.70000000,0.23629974,0
2024-06-01 00:00:00,0.00001517,0.00001520,0.00001499,0.00001502,31495.20000000,1717214399999,0.47605845,303,12641.40000000,0.19108186,0
2024-06-01 04:00:00,0.00001500,0.00001502,0.00001494,0.00001496,14233.80000000,1717228799999,0.21306111,397,3880.90000000,0.05813365,0
2024-06-01 08:00:00,0.00001497,0.00001516,0.00001496,0.00001512,20228.40000000,1717243199999,0.30498793,340,11552.30000000,0.17423172,0
2024-06-01 12:00:00,0.00001510,0.00001528,0.00001504,0.00001518,36321.00000000,1717257599999,0.55045561,714,16404.60000000,0.24864781,0
2024-06-01 16:00:00,0.00001518,0.00001526,0.00001515,0.00001516,45235.10000000,1717271999999,0.68717284,962,23747.10000000,0.36082960,0
2024-06-01 20:00:00,0.00001517,0.00001518,0.00001510,0.00001512,95758.30000000,1717286399999,1.45213330,978,67010.90000000,1.01656225,0
2024-06-02 00:00:00,0.00001511,0.00001519,0.00001504,0.00001505,49030.10000000,1717300799999,0.74135153,676,11918.40000000,0.18026525,0
2024-06-02 04:00:00,0.00001505,0.00001512,0.00001496,0.00001499,50589.80000000,1717315199999,0.75975520,565,29568.90000000,0.44414520,0
2024-06-02 08:00:00,0.00001499,0.00001505,0.00001496,0.00001498,40726.70000000,1717329599999,0.61054621,553,27210.30000000,0.40799965,0
2024-06-02 12:00:00,0.00001496,0.00001523,0.00001496,0.00001521,63769.60000000,1717343999999,0.96535980,680,38839.40000000,0.58799352,0
2024-06-02 16:00:00,0.00001521,0.00001524,0.00001492,0.00001517,30885.00000000,1717358399999,0.46685355,439,15511.90000000,0.23447697,0
2024-06-02 20:00:00,0.00001518,0.00001518,0.00001493,0.00001500,22029.90000000,1717372799999,0.33169207,231,6642.40000000,0.09996248,0
2024-06-03 00:00:00,0.00001498,0.00001537,0.00001496,0.00001520,93539.80000000,1717387199999,1.42309776,565,54278.10000000,0.82465090,0
2024-06-03 04:00:00,0.00001522,0.00001526,0.00001501,0.00001523,117167.10000000,1717401599999,1.77563680,1562,47572.80000000,0.72163012,0
2024-06-03 08:00:00,0.00001522,0.00001530,0.00001510,0.00001517,92374.70000000,1717415999999,1.40207407,845,27465.40000000,0.41785867,0
2024-06-03 12:00:00,0.00001518,0.00001520,0.00001490,0.00001495,106228.10000000,1717430399999,1.59623358,1017,44330.70000000,0.66729169,0
2024-06-03 16:00:00,0.00001495,0.00001513,0.00001490,0.00001510,26352.50000000,1717444799999,0.39523868,308,18205.00000000,0.27312173,0
2024-06-03 20:00:00,0.00001509,0.00001518,0.00001504,0.00001511,19871.20000000,1717459199999,0.30009498,314,11280.70000000,0.17046542,0
2024-06-04 00:00:00,0.00001512,0.00001529,0.00001509,0.00001511,36791.90000000,1717473599999,0.55806822,361,21882.50000000,0.33188038,0
2024-06-04 04:00:00,0.00001511,0.00001511,0.00001499,0.00001503,29069.30000000,1717487999999,0.43781656,340,9968.70000000,0.15012491,0
2024-06-04 08:00:00,0.00001503,0.00001507,0.00001472,0.00001475,125256.10000000,1717502399999,1.86108906,861,53268.20000000,0.79043440,0
2024-06-04 12:00:00,0.00001475,0.00001476,0.00001464,0.00001467,100518.60000000,1717516799999,1.47781867,845,44048.90000000,0.64775240,0
2024-06-04 16:00:00,0.00001465,0.00001484,0.00001455,0.00001478,89158.40000000,1717531199999,1.30609669,811,45441.10000000,0.66540582,0
2024-06-04 20:00:00,0.00001479,0.00001496,0.00001470,0.00001494,54174.30000000,1717545599999,0.80331516,724,35420.70000000,0.52574900,0
2024-06-05 00:00:00,0.00001494,0.00001498,0.00001477,0.00001493,72779.80000000,1717559999999,1.08220537,562,27020.60000000,0.40216882,0
2024-06-05 04:00:00,0.00001494,0.00001522,0.00001485,0.00001519,110026.70000000,1717574399999,1.65901816,715,54615.70000000,0.82208212,0
2024-06-05 08:00:00,0.00001517,0.00001537,0.00001513,0.00001532,130732.90000000,1717588799999,1.99693910,760,68368.60000000,1.04613801,0
2024-06-05 12:00:00,0.00001531,0.00001548,0.00001526,0.00001537,168073.90000000,1717603199999,2.57994786,1568,57777.50000000,0.88675821,0
2024-06-05 16:00:00,0.00001535,0.00001537,0.00001520,0.00001532,81348.80000000,1717617599999,1.24371392,556,33354.80000000,0.51047984,0
2024-06-05 20:00:00,0.00001532,0.00001556,0.00001532,0.00001553,47305.10000000,1717631999999,0.72969308,426,24587.40000000,0.37918153,0
2024-06-06 00:00:00,0.00001552,0.00001596,0.00001545,0.00001565,271862.40000000,1717646399999,4.25495376,1337,224495.00000000,3.51232507,0
2024-06-06 04:00:00,0.00001562,0.00001578,0.00001550,0.00001550,124131.50000000,1717660799999,1.94017530,850,31716.00000000,0.49608536,0
2024-06-06 08:00:00,0.00001550,0.00001580,0.00001546,0.00001572,75490.10000000,1717675199999,1.18376107,692,41121.90000000,0.64486781,0
2024-06-06 12:00:00,0.00001570,0.00001574,0.00001552,0.00001567,71862.00000000,1717689599999,1.12230689,646,34748.20000000,0.54229392,0
2024-06-06 16:00:00,0.00001567,0.00001583,0.00001555,0.00001558,73386.70000000,1717703999999,1.15210533,862,42710.70000000,0.67083696,0
2024-06-06 20:00:00,0.00001560,0.00001587,0.00001548,0.00001572,119077.80000000,1717718399999,1.86761886,871,73672.90000000,1.15540071,0
2024-06-07 00:00:00,0.00001574,0.00001603,0.00001570,0.00001597,128970.30000000,1717732799999,2.04992005,930,78662.70000000,1.25087014,0
2024-06-07 04:00:00,0.00001597,0.00001639,0.00001590,0.00001616,253088.80000000,1717747199999,4.10542886,2528,122887.80000000,1.99222261,0
2024-06-07 08:00:00,0.00001616,0.00001636,0.00001604,0.00001616,141801.90000000,1717761599999,2.29922736,1574,67843.50000000,1.10119713,0
2024-06-07 12:00:00,0.00001615,0.00001634,0.00001583,0.00001634,216546.50000000,1717775999999,3.48842937,2387,114172.20000000,1.84046498,0
2024-06-07 16:00:00,0.00001632,0.00001632,0.00001429,0.00001527,570694.40000000,1717790399999,8.67659049,3533,283340.50000000,4.31420464,0
2024-06-07 20:00:00,0.00001527,0.00001578,0.00001522,0.00001560,169234.80000000,1717804799999,2.61255162,1100,113285.40000000,1.74968051,0
2024-06-08 00:00:00,0.00001558,0.00001617,0.00001552,0.00001611,256683.50000000,1717819199999,4.06725589,2412,145932.40000000,2.31188237,0
2024-06-08 04:00:00,0.00001610,0.00001685,0.00001603,0.00001652,483180.10000000,1717833599999,7.92439825,3654,279926.30000000,4.58755311,0
2024-06-08 08:00:00,0.00001652,0.00001658,0.00001568,0.00001568,294246.50000000,1717847999999,4.76365032,2573,157125.50000000,2.53508860,0
2024-06-08 12:00:00,0.00001568,0.00001620,0.00001539,0.00001606,380553.40000000,1717862399999,6.01442503,3863,230560.70000000,3.64420931,0
2024-06-08 16:00:00,0.00001606,0.00001648,0.00001598,0.00001606,141821.50000000,1717876799999,2.29872618,2309,73976.50000000,1.19970998,0
2024-06-08 20:00:00,0.00001606,0.00001614,0.00001575,0.00001594,88771.50000000,1717891199999,1.42025862,1018,49130.60000000,0.78640328,0
2024-06-09 00:00:00,0.00001593,0.00001606,0.00001540,0.00001545,96886.60000000,1717905599999,1.51289832,1160,40930.00000000,0.63964777,0
2024-06-09 04:00:00,0.00001547,0.00001614,0.00001536,0.00001600,176303.50000000,1717919999999,2.77375650,2471,95190.90000000,1.49483698,0
2024-06-09 08:00:00,0.00001600,0.00001628,0.00001593,0.00001593,102982.90000000,1717934399999,1.65920281,1321,49177.50000000,0.79220240,0
2024-06-09 12:00:00,0.00001593,0.00001603,0.00001552,0.00001569,214215.40000000,1717948799999,3.36644944,2536,149233.80000000,2.34348434,0
2024-06-09 16:00:00,0.00001570,0.00001601,0.00001563,0.00001595,126955.40000000,1717963199999,2.01442526,1350,76988.50000000,1.22180971,0
2024-06-09 20:00:00,0.00001595,0.00001597,0.00001561,0.00001571,61899.50000000,1717977599999,0.97483312,620,31845.40000000,0.50120710,0
2024-06-10 00:00:00,0.00001570,0.00001575,0.00001533,0.00001536,116872.00000000,1717991999999,1.82118303,1357,77773.80000000,1.21319062,0
2024-06-10 04:00:00,0.00001535,0.00001540,0.00001492,0.00001494,191476.70000000,1718006399999,2.91583234,2621,88009.70000000,1.34067252,0
2024-06-10 08:00:00,0.00001494,0.00001552,0.00001494,0.00001541,147774.80000000,1718020799999,2.24587228,1146,62939.80000000,0.95481924,0
2024-06-10 12:00:00,0.00001542,0.00001550,0.00001517,0.00001528,81038.70000000,1718035199999,1.24233439,1365,52239.40000000,0.80138927,0
2024-06-10 16:00:00,0.00001527,0.00001528,0.00001497,0.00001505,110355.50000000,1718049599999,1.66674425,1058,61030.40000000,0.92148869,0
2024-06-10 20:00:00,0.00001504,0.00001504,0.00001484,0.00001487,73889.50000000,1718063999999,1.10376884,703,42084.80000000,0.62886560,0
2024-06-11 00:00:00,0.00001486,0.00001500,0.00001450,0.00001481,151876.70000000,1718078399999,2.24135819,1217,57450.60000000,0.84997844,0
2024-06-11 04:00:00,0.00001480,0.00001507,0.00001479,0.00001504,114006.60000000,1718092799999,1.70364778,1104,54348.90000000,0.81189052,0
2024-06-11 08:00:00,0.00001505,0.00001559,0.00001500,0.00001541,145833.80000000,1718107199999,2.23761903,1764,79404.40000000,1.21704926,0
2024-06-11 12:00:00,0.00001541,0.00001543,0.00001473,0.00001498,216402.20000000,1718121599999,3.26272820,2403,88649.00000000,1.33501682,0
2024-06-11 16:00:00,0.00001498,0.00001517,0.00001483,0.00001489,149071.40000000,1718135999999,2.23652232,2241,88728.70000000,1.33329334,0
2024-06-11 20:00:00,0.00001490,0.00001497,0.00001473,0.00001474,74430.10000000,1718150399999,1.10142903,655,20351.50000000,0.30244695,0
2024-06-12 00:00:00,0.00001474,0.00001489,0.00001433,0.00001476,276805.70000000,1718164799999,4.01377259,2246,67489.60000000,0.99114035,0
2024-06-12 04:00:00,0.00001474,0.00001495,0.00001468,0.00001482,57473.50000000,1718179199999,0.85150725,801,38419.70000000,0.56917712,0
2024-06-12 08:00:00,0.00001481,0.00001485,0.00001455,0.00001456,43992.30000000,1718193599999,0.64777101,515,21120.90000000,0.31081534,0
2024-06-12 12:00:00,0.00001455,0.00001494,0.00001455,0.00001493,159735.40000000,1718207999999,2.36386461,1513,94253.70000000,1.39555734,0
2024-06-12 16:00:00,0.00001492,0.00001514,0.00001485,0.00001495,164134.90000000,1718222399999,2.45826680,1987,80630.00000000,1.20836700,0
2024-06-12 20:00:00,0.00001495,0.00001503,0.00001486,0.00001492,38135.50000000,1718236799999,0.57013534,659,20240.00000000,0.30274621,0
2024-06-13 00:00:00,0.00001491,0.00001496,0.00001444,0.00001466,78544.20000000,1718251199999,1.15485506,768,46033.50000000,0.67699919,0
2024-06-13 04:00:00,0.00001466,0.00001481,0.00001460,0.00001464,54277.40000000,1718265599999,0.79787968,709,24597.60000000,0.36200026,0
2024-06-13 08:00:00,0.00001463,0.00001468,0.00001455,0.00001457,29302.90000000,1718279999999,0.42847089,417,15464.90000000,0.22630697,0
2024-06-13 12:00:00,0.00001456,0.00001483,0.00001456,0.00001472,136608.60000000,1718294399999,2.00709464,859,69703.80000000,1.02520367,0
2024-06-13 16:00:00,0.00001472,0.00001483,0.00001464,0.00001472,33433.30000000,1718308799999,0.49304052,453,20816.60000000,0.30713761,0
2024-06-13 20:00:00,0.00001472,0.00001472,0.00001438,0.00001446,34872.90000000,1718323199999,0.50700468,482,14305.70000000,0.20797124,0
2024-06-14 00:00:00,0.00001447,0.00001458,0.00001431,0.00001451,63673.30000000,1718337599999,0.91931035,1445,36078.40000000,0.52128966,0
2024-06-14 04:00:00,0.00001450,0.00001489,0.00001450,0.00001479,92082.20000000,1718351999999,1.35074547,994,52287.70000000,0.76637384,0
2024-06-14 08:00:00,0.00001479,0.00001491,0.00001474,0.00001488,32370.80000000,1718366399999,0.47975318,460,17132.70000000,0.25395191,0
2024-06-14 12:00:00,0.00001487,0.00001492,0.00001443,0.00001445,65259.30000000,1718380799999,0.95770242,710,26826.60000000,0.39385949,0
2024-06-14 16:00:00,0.00001444,0.00001444,0.00001375,0.00001394,175188.70000000,1718395199999,2.45701723,2272,74674.40000000,1.04776187,0
2024-06-14 20:00:00,0.00001395,0.00001419,0.00001393,0.00001408,41048.40000000,1718409599999,0.57718806,672,24735.80000000,0.34746869,0
2024-06-15 00:00:00,0.00001408,0.00001426,0.00001402,0.00001425,35745.70000000,1718423999999,0.50381250,550,18081.20000000,0.25533682,0
2024-06-15 04:00:00,0.00001425,0.00001445,0.00001418,0.00001439,54266.40000000,1718438399999,0.78045849,480,28052.80000000,0.40328549,0
2024-06-15 08:00:00,0.00001440,0.00001442,0.00001422,0.00001425,12349.10000000,1718452799999,0.17673823,337,4825.70000000,0.06915050,0
2024-06-15 12:00:00,0.00001425,0.00001442,0.00001416,0.00001434,86830.40000000,1718467199999,1.24073649,1087,48407.30000000,0.69089219,0
2024-06-15 16:00:00,0.00001435,0.00001447,0.00001427,0.00001427,26198.20000000,1718481599999,0.37644023,660,9900.80000000,0.14235151,0
2024-06-15 20:00:00,0.00001429,0.00001431,0.00001420,0.00001425,15979.70000000,1718495999999,0.22790975,286,8612.10000000,0.12300026,0
2024-06-16 00:00:00,0.00001425,0.00001425,0.00001403,0.00001405,27593.60000000,1718510399999,0.38955407,469,7928.20000000,0.11179144,0
2024-06-16 04:00:00,0.00001404,0.00001429,0.00001398,0.00001426,20541.90000000,1718524799999,0.29017966,350,11557.50000000,0.16356849,0
2024-06-16 08:00:00,0.00001425,0.00001428,0.00001413,0.00001416,12397.00000000,1718539199999,0.17588689,202,4312.20000000,0.06124463,0
2024-06-16 12:00:00,0.00001415,0.00001430,0.00001411,0.00001430,18034.60000000,1718553599999,0.25587627,299,11367.10000000,0.16137952,0
2024-06-16 16:00:00,0.00001429,0.00001435,0.00001426,0.00001433,16618.00000000,1718567999999,0.23783779,323,8407.40000000,0.12040857,0
2024-06-16 20:00:00,0.00001432,0.00001455,0.00001431,0.00001455,48879.70000000,1718582399999,0.70421227,504,20348.70000000,0.29350127,0
2024-06-17 00:00:00,0.00001455,0.00001474,0.00001424,0.00001428,74795.20000000,1718596799999,1.08605367,1027,36944.40000000,0.53663324,0
2024-06-17 04:00:00,0.00001429,0.00001429,0.00001383,0.00001389,79129.00000000,1718611199999,1.10876303,1291,30194.60000000,0.42388151,0
2024-06-17 08:00:00,0.00001387,0.00001392,0.00001339,0.00001369,115055.90000000,1718625599999,1.57142398,1358,43631.40000000,0.59684715,0
2024-06-17 12:00:00,0.00001370,0.00001383,0.00001361,0.00001369,61225.20000000,1718639999999,0.84028462,642,22245.90000000,0.30539103,0
2024-06-17 16:00:00,0.00001367,0.00001389,0.00001322,0.00001379,130055.90000000,1718654399999,1.76678483,1144,61673.20000000,0.84037387,0
2024-06-17 20:00:00,0.00001380,0.00001380,0.00001335,0.00001340,49017.10000000,1718668799999,0.66808867,684,31293.80000000,0.42768209,0
2024-06-18 00:00:00,0.00001341,0.00001342,0.00001162,0.00001248,613710.80000000,1718683199999,7.61295417,3372,164808.10000000,2.05294988,0
2024-06-18 04:00:00,0.00001246,0.00001271,0.00001243,0.00001248,137202.10000000,1718697599999,1.72508173,1568,43844.70000000,0.55062845,0
2024-06-18 08:00:00,0.00001248,0.00001252,0.00001216,0.00001228,177483.00000000,1718711999999,2.19190034,1036,70219.70000000,0.86886871,0
2024-06-18 12:00:00,0.00001229,0.00001230,0.00001197,0.00001221,297828.50000000,1718726399999,3.61582257,2130,125978.70000000,1.53112941,0
2024-06-18 16:00:00,0.00001220,0.00001220,0.00001182,0.00001211,193151.40000000,1718740799999,2.31420522,1841,100293.60000000,1.20300790,0
2024-06-18 20:00:00,0.00001211,0.00001237,0.00001203,0.00001228,145563.50000000,1718755199999,1.77147894,1021,71266.10000000,0.86738006,0
2024-06-19 00:00:00,0.00001227,0.00001278,0.00001220,0.00001270,75833.20000000,1718769599999,0.95370356,833,47765.10000000,0.60041144,0
2024-06-19 04:00:00,0.00001271,0.00001278,0.00001260,0.00001266,50512.40000000,1718783999999,0.64094530,601,21243.40000000,0.26962831,0
2024-06-19 08:00:00,0.00001267,0.00001278,0.00001257,0.00001278,92952.50000000,1718798399999,1.17669500,872,60389.30000000,0.76440464,0
2024-06-19 12:00:00,0.00001276,0.00001312,0.00001276,0.00001305,215661.00000000,1718812799999,2.79509195,1718,146274.50000000,1.89251150,0
2024-06-19 16:00:00,0.00001306,0.00001334,0.00001303,0.00001327,117664.30000000,1718827199999,1.55394508,1093,75456.80000000,0.99573481,0
2024-06-19 20:00:00,0.00001327,0.00001346,0.00001315,0.00001333,35644.20000000,1718841599999,0.47397507,724,13126.50000000,0.17454622,0
2024-06-20 00:00:00,0.00001332,0.00001357,0.00001325,0.00001329,63702.70000000,1718855999999,0.85416337,948,28647.70000000,0.38440539,0
2024-06-20 04:00:00,0.00001329,0.00001356,0.00001320,0.00001356,49442.90000000,1718870399999,0.66077880,909,23545.20000000,0.31483827,0
2024-06-20 08:00:00,0.00001355,0.00001391,0.00001354,0.00001385,109007.20000000,1718884799999,1.49716520,1487,49638.50000000,0.68162513,0
2024-06-20 12:00:00,0.00001387,0.00001392,0.00001364,0.00001373,123079.60000000,1718899199999,1.69291171,1444,58873.50000000,0.81056814,0
2024-06-20 16:00:00,0.00001373,0.00001404,0.00001356,0.00001398,89535.30000000,1718913599999,1.23636127,1571,47792.50000000,0.66134138,0
2024-06-20 20:00:00,0.00001398,0.00001402,0.00001371,0.00001378,38439.10000000,1718927999999,0.53294231,656,15632.30000000,0.21687192,0
2024-06-21 00:00:00,0.00001378,0.00001407,0.00001364,0.00001404,163573.00000000,1718942399999,2.26116268,2162,108388.10000000,1.49772253,0
2024-06-21 04:00:00,0.00001404,0.00001417,0.00001374,0.00001382,92101.50000000,1718956799999,1.27950453,1247,42539.10000000,0.59081556,0
2024-06-21 08:00:00,0.00001383,0.00001423,0.00001363,0.00001421,176961.80000000,1718971199999,2.45327492,2723,98176.30000000,1.36135251,0
2024-06-21 12:00:00,0.00001419,0.00001421,0.00001376,0.00001406,107121.50000000,1718985599999,1.49639871,1753,53370.20000000,0.74540575,0
2024-06-21 16:00:00,0.00001405,0.00001430,0.00001382,0.00001410,142715.90000000,1718999999999,2.00186713,1877,84727.00000000,1.18692941,0
2024-06-21 20:00:00,0.00001409,0.00001435,0.00001405,0.00001434,169174.10000000,1719014399999,2.41040475,1632,54099.60000000,0.77033382,0
2024-06-22 00:00:00,0.00001434,0.00001437,0.00001401,0.00001434,86388.40000000,1719028799999,1.22825460,1756,41721.80000000,0.59370019,0
2024-06-22 04:00:00,0.00001435,0.00001437,0.00001400,0.00001403,254980.40000000,1719043199999,3.58703946,2638,116387.60000000,1.63860828,0
2024-06-22 08:00:00,0.00001402,0.00001407,0.00001386,0.00001406,230995.30000000,1719057599999,3.23405135,1916,119192.50000000,1.66988917,0
2024-06-22 12:00:00,0.00001406,0.00001409,0.00001387,0.00001393,89002.80000000,1719071999999,1.24212343,1213,60388.20000000,0.84283494,0
2024-06-22 16:00:00,0.00001394,0.00001400,0.00001388,0.00001390,81696.60000000,1719086399999,1.13868674,1204,55210.60000000,0.76956781,0
2024-06-22 20:00:00,0.00001391,0.00001392,0.00001381,0.00001386,57810.50000000,1719100799999,0.80288826,781,32193.70000000,0.44774659,0
2024-06-23 00:00:00,0.00001387,0.00001403,0.00001385,0.00001402,205472.90000000,1719115199999,2.86025425,2114,156774.30000000,2.18245671,0
2024-06-23 04:00:00,0.00001402,0.00001417,0.00001387,0.00001411,120639.50000000,1719129599999,1.69412694,1419,51676.10000000,0.72433844,0
2024-06-23 08:00:00,0.00001409,0.00001449,0.00001407,0.00001419,162785.60000000,1719143999999,2.33315993,2089,75255.00000000,1.07839735,0
2024-06-23 12:00:00,0.00001418,0.00001469,0.00001417,0.00001422,409002.10000000,1719158399999,5.90084293,3344,143791.60000000,2.06662315,0
2024-06-23 16:00:00,0.00001421,0.00001424,0.00001397,0.00001403,338387.10000000,1719172799999,4.75799300,2347,163096.20000000,2.29479643,0
2024-06-23 20:00:00,0.00001403,0.00001412,0.00001380,0.00001393,177656.90000000,1719187199999,2.48262529,1268,72870.50000000,1.01945405,0
2024-06-24 00:00:00,0.00001395,0.00001407,0.00001358,0.00001361,347103.50000000,1719201599999,4.79750527,2478,133945.90000000,1.85215197,0
2024-06-24 04:00:00,0.00001362,0.00001367,0.00001333,0.00001337,215219.10000000,1719215999999,2.89244033,1835,100566.40000000,1.35088974,0
2024-06-24 08:00:00,0.00001337,0.00001401,0.00001315,0.00001398,241829.60000000,1719230399999,3.26612472,2484,106244.50000000,1.43963315,0
2024-06-24 12:00:00,0.00001399,0.00001427,0.00001381,0.00001390,147109.10000000,1719244799999,2.07190081,1732,58337.60000000,0.82211874,0
2024-06-24 16:00:00,0.00001388,0.00001447,0.00001388,0.00001426,256034.40000000,1719259199999,3.63800169,2096,108518.80000000,1.54144946,0
2024-06-24 20:00:00,0.00001425,0.00001491,0.00001413,0.00001484,378423.70000000,1719273599999,5.53155987,2833,130838.90000000,1.90031432,0
2024-06-25 00:00:00,0.00001484,0.00001493,0.00001464,0.00001467,75320.60000000,1719287999999,1.11133611,710,35590.20000000,0.52562484,0
2024-06-25 04:00:00,0.00001468,0.00001477,0.00001458,0.00001459,34929.20000000,1719302399999,0.51294348,570,16407.60000000,0.24118125,0
2024-06-25 08:00:00,0.00001457,0.00001458,0.00001432,0.00001447,64327.20000000,1719316799999,0.92880168,1057,25647.20000000,0.37051086,0
2024-06-25 12:00:00,0.00001448,0.00001456,0.00001434,0.00001454,90299.40000000,1719331199999,1.30468733,1276,41359.30000000,0.59778566,0
2024-06-25 16:00:00,0.00001455,0.00001455,0.00001417,0.00001429,241543.90000000,1719345599999,3.46399505,1503,96133.10000000,1.37585813,0
2024-06-25 20:00:00,0.00001430,0.00001431,0.00001417,0.00001421,82264.10000000,1719359999999,1.17275731,856,37132.70000000,0.52976940,0
2024-06-26 00:00:00,0.00001421,0.00001429,0.00001405,0.00001406,47654.10000000,1719374399999,0.67616069,516,23539.40000000,0.33421018,0
2024-06-26 04:00:00,0.00001406,0.00001408,0.00001370,0.00001386,175022.10000000,1719388799999,2.42541704,846,32868.90000000,0.45767533,0
2024-06-26 08:00:00,0.00001385,0.00001386,0.00001374,0.00001378,61748.50000000,1719403199999,0.85135193,608,36390.90000000,0.50160303,0
2024-06-26 12:00:00,0.00001378,0.00001424,0.00001354,0.00001354,255548.60000000,1719417599999,3.54558394,1777,187480.20000000,2.60848337,0
2024-06-26 16:00:00,0.00001354,0.00001367,0.00001346,0.00001367,47885.10000000,1719431999999,0.64922933,721,18734.30000000,0.25412177,0
2024-06-26 20:00:00,0.00001368,0.00001383,0.00001363,0.00001363,48039.10000000,1719446399999,0.66029275,686,22703.30000000,0.31218246,0
2024-06-27 00:00:00,0.00001363,0.00001378,0.00001359,0.00001371,44605.10000000,1719460799999,0.61154344,557,16847.00000000,0.23100389,0
2024-06-27 04:00:00,0.00001372,0.00001377,0.00001358,0.00001375,47386.70000000,1719475199999,0.64894418,507,20093.00000000,0.27554395,0
2024-06-27 08:00:00,0.00001374,0.00001374,0.00001364,0.00001369,47847.40000000,1719489599999,0.65521097,619,15233.00000000,0.20864960,0
2024-06-27 12:00:00,0.00001370,0.00001401,0.00001370,0.00001381,113421.10000000,1719503999999,1.57443573,1307,30718.00000000,0.42640189,0
2024-06-27 16:00:00,0.00001382,0.00001385,0.00001357,0.00001359,43996.70000000,1719518399999,0.60225620,661,17899.80000000,0.24513137,0
2024-06-27 20:00:00,0.00001358,0.00001364,0.00001352,0.00001355,94410.90000000,1719532799999,1.28286192,668,74943.60000000,1.01856004,0
2024-06-28 00:00:00,0.00001355,0.00001361,0.00001340,0.00001343,82402.60000000,1719547199999,1.11198974,741,20508.00000000,0.27720576,0
2024-06-28 04:00:00,0.00001342,0.00001351,0.00001336,0.00001350,128589.80000000,1719561599999,1.72543044,621,78144.70000000,1.04884782,0
2024-06-28 08:00:00,0.00001349,0.00001351,0.00001336,0.00001340,51640.80000000,1719575999999,0.69293472,536,23840.30000000,0.31994015,0
2024-06-28 12:00:00,0.00001339,0.00001350,0.00001327,0.00001338,106051.40000000,1719590399999,1.41821354,1344,37894.20000000,0.50710334,0
2024-06-28 16:00:00,0.00001340,0.00001340,0.00001297,0.00001324,168290.40000000,1719604799999,2.20699019,1493,70660.90000000,0.92623928,0
2024-06-28 20:00:00,0.00001325,0.00001329,0.00001308,0.00001308,66363.80000000,1719619199999,0.87325096,510,36858.50000000,0.48475183,0
2024-06-29 00:00:00,0.00001309,0.00001322,0.00001307,0.00001317,27438.80000000,1719633599999,0.36103562,370,11597.60000000,0.15258376,0
2024-06-29 04:00:00,0.00001317,0.00001320,0.00001304,0.00001315,30564.50000000,1719647999999,0.40052695,355,10197.40000000,0.13366466,0
2024-06-29 08:00:00,0.00001315,0.00001322,0.00001309,0.00001310,54242.10000000,1719662399999,0.71314227,651,13011.70000000,0.17107028,0
2024-06-29 12:00:00,0.00001310,0.00001315,0.00001302,0.00001309,39464.10000000,1719676799999,0.51585097,400,13882.40000000,0.18165460,0
2024-06-29 16:00:00,0.00001308,0.00001309,0.00001296,0.00001303,16492.60000000,1719691199999,0.21518035,272,7492.60000000,0.09774174,0
2024-06-29 20:00:00,0.00001302,0.00001305,0.00001281,0.00001284,28123.90000000,1719705599999,0.36277040,423,8484.00000000,0.10942881,0
2024-06-30 00:00:00,0.00001282,0.00001291,0.00001270,0.00001284,45992.80000000,1719719999999,0.58922839,673,17357.00000000,0.22254055,0
2024-06-30 04:00:00,0.00001285,0.00001298,0.00001278,0.00001296,36690.20000000,1719734399999,0.47216123,436,16725.40000000,0.21550469,0
2024-06-30 08:00:00,0.00001296,0.00001309,0.00001295,0.00001300,51541.90000000,1719748799999,0.67101740,472,23363.30000000,0.30409461,0
2024-06-30 12:00:00,0.00001298,0.00001309,0.00001291,0.00001302,36977.40000000,1719763199999,0.48073298,494,21207.90000000,0.27570309,0
2024-06-30 16:00:00,0.00001302,0.00001308,0.00001299,0.00001303,19369.90000000,1719777599999,0.25256604,378,8463.70000000,0.11035552,0
2024-06-30 20:00:00,0.00001303,0.00001311,0.00001298,0.00001306,62633.30000000,1719791999999,0.81775178,635,20230.40000000,0.26424219,0
2024-07-01 00:00:00,0.00001306,0.00001316,0.00001301,0.00001305,80230.00000000,1719806399999,1.04904955,659,36470.10000000,0.47685184,0
2024-07-01 04:00:00,0.00001306,0.00001312,0.00001301,0.00001306,46466.10000000,1719820799999,0.60696327,385,29539.10000000,0.38599377,0
2024-07-01 08:00:00,0.00001306,0.00001309,0.00001295,0.00001297,57083.10000000,1719835199999,0.74427207,653,32563.00000000,0.42469634,0
2024-07-01 12:00:00,0.00001298,0.00001303,0.00001283,0.00001287,39131.80000000,1719849599999,0.50549490,582,16529.10000000,0.21383411,0
2024-07-01 16:00:00,0.00001286,0.00001309,0.00001285,0.00001306,36704.40000000,1719863999999,0.47528326,642,17836.90000000,0.23101174,0
2024-07-01 20:00:00,0.00001307,0.00001309,0.00001283,0.00001287,14952.40000000,1719878399999,0.19332940,304,4250.20000000,0.05502477,0
2024-07-02 00:00:00,0.00001286,0.00001290,0.00001270,0.00001283,46521.20000000,1719892799999,0.59689644,581,20961.80000000,0.26906515,0
2024-07-02 04:00:00,0.00001282,0.00001302,0.00001282,0.00001295,37651.10000000,1719907199999,0.48795668,548,14809.20000000,0.19193241,0
2024-07-02 08:00:00,0.00001294,0.00001307,0.00001292,0.00001305,18155.00000000,1719921599999,0.23584683,419,9124.00000000,0.11858074,0
2024-07-02 12:00:00,0.00001304,0.00001325,0.00001304,0.00001315,55724.60000000,1719935999999,0.73379304,805,27790.90000000,0.36606101,0
2024-07-02 16:00:00,0.00001315,0.00001336,0.00001299,0.00001335,51601.70000000,1719950399999,0.67901577,549,35731.30000000,0.47007888,0
2024-07-02 20:00:00,0.00001336,0.00001338,0.00001324,0.00001328,100891.50000000,1719964799999,1.34676328,509,59273.70000000,0.79124409,0
2024-07-03 00:00:00,0.00001329,0.00001332,0.00001306,0.00001316,62340.70000000,1719979199999,0.82448430,746,34060.90000000,0.45082993,0
2024-07-03 04:00:00,0.00001315,0.00001344,0.00001307,0.00001336,67303.90000000,1719993599999,0.89489918,695,40436.50000000,0.53793038,0
2024-07-03 08:00:00,0.00001336,0.00001354,0.00001326,0.00001334,138083.50000000,1720007999999,1.85379395,1654,59280.00000000,0.79606424,0
2024-07-03 12:00:00,0.00001333,0.00001333,0.00001308,0.00001317,38583.20000000,1720022399999,0.50893515,758,18003.20000000,0.23749989,0
2024-07-03 16:00:00,0.00001316,0.00001316,0.00001283,0.00001297,71075.80000000,1720036799999,0.92327707,1007,38536.10000000,0.50157378,0
2024-07-03 20:00:00,0.00001296,0.00001299,0.00001277,0.00001289,50733.50000000,1720051199999,0.65524311,676,33912.60000000,0.43824232,0
2024-07-04 00:00:00,0.00001288,0.00001296,0.00001244,0.00001271,243921.30000000,1720065599999,3.08280293,1786,80211.50000000,1.01478893,0
2024-07-04 04:00:00,0.00001270,0.00001289,0.00001268,0.00001278,218930.00000000,1720079999999,2.80182645,1602,156744.40000000,2.00773526,0
2024-07-04 08:00:00,0.00001276,0.00001298,0.00001251,0.00001255,272116.00000000,1720094399999,3.45135759,1923,168599.10000000,2.14024519,0
2024-07-04 12:00:00,0.00001256,0.00001260,0.00001213,0.00001232,348939.10000000,1720108799999,4.29590819,2513,151644.50000000,1.86972001,0
2024-07-04 16:00:00,0.00001232,0.00001235,0.00001209,0.00001215,109019.30000000,1720123199999,1.33012470,1067,72372.40000000,0.88199136,0
2024-07-04 20:00:00,0.00001215,0.00001225,0.00001170,0.00001180,145497.30000000,1720137599999,1.73081126,1345,65174.20000000,0.77919868,0
2024-07-05 00:00:00,0.00001180,0.00001180,0.00001042,0.00001074,1041338.90000000,1720151999999,11.48998386,5111,399913.50000000,4.41883010,0
2024-07-05 04:00:00,0.00001074,0.00001139,0.00001063,0.00001121,354143.80000000,1720166399999,3.94881948,2281,193893.70000000,2.16296488,0
2024-07-05 08:00:00,0.00001119,0.00001152,0.00001083,0.00001152,422651.30000000,1720180799999,4.69769112,3176,274647.90000000,3.04801583,0
2024-07-05 12:00:00,0.00001151,0.00001174,0.00001126,0.00001135,302460.10000000,1720195199999,3.49158118,2151,177131.30000000,2.04962869,0
2024-07-05 16:00:00,0.00001135,0.00001156,0.00001126,0.00001143,115486.70000000,1720209599999,1.31688312,1221,64294.60000000,0.73385342,0
2024-07-05 20:00:00,0.00001141,0.00001151,0.00001131,0.00001137,48061.30000000,1720223999999,0.54826646,685,23249.50000000,0.26540434,0
2024-07-06 00:00:00,0.00001136,0.00001174,0.00001133,0.00001161,77231.10000000,1720238399999,0.89057485,846,47870.30000000,0.55190415,0
2024-07-06 04:00:00,0.00001161,0.00001191,0.00001154,0.00001186,51862.90000000,1720252799999,0.60763449,805,24514.40000000,0.28709116,0
2024-07-06 08:00:00,0.00001185,0.00001193,0.00001174,0.00001183,54751.30000000,1720267199999,0.64867342,829,30137.50000000,0.35741176,0
2024-07-06 12:00:00,0.00001183,0.00001184,0.00001169,0.00001175,49197.00000000,1720281599999,0.57920113,570,32581.50000000,0.38377271,0
2024-07-06 16:00:00,0.00001175,0.00001191,0.00001170,0.00001182,57229.20000000,1720295999999,0.67433197,863,28671.40000000,0.33805648,0
2024-07-06 20:00:00,0.00001183,0.00001206,0.00001183,0.00001191,58481.60000000,1720310399999,0.69702887,786,34384.50000000,0.40934027,0
2024-07-07 00:00:00,0.00001191,0.00001194,0.00001164,0.00001189,76236.70000000,1720324799999,0.90016865,645,40029.10000000,0.47273581,0
2024-07-07 04:00:00,0.00001190,0.00001197,0.00001175,0.00001186,53250.20000000,1720339199999,0.63160001,725,23339.20000000,0.27689152,0
2024-07-07 08:00:00,0.00001187,0.00001214,0.00001181,0.00001211,47251.50000000,1720353599999,0.56420877,767,26026.10000000,0.31096706,0
2024-07-07 12:00:00,0.00001209,0.00001211,0.00001156,0.00001162,97450.90000000,1720367999999,1.14941898,1086,43361.20000000,0.51186967,0
2024-07-07 16:00:00,0.00001163,0.00001184,0.00001162,0.00001163,30968.10000000,1720382399999,0.36351407,478,16150.30000000,0.18969024,0
2024-07-07 20:00:00,0.00001162,0.00001164,0.00001134,0.00001145,40816.80000000,1720396799999,0.46839027,584,24300.30000000,0.27882275,0
2024-07-08 00:00:00,0.00001145,0.00001170,0.00001125,0.00001158,76783.40000000,1720411199999,0.87844412,884,36306.40000000,0.41587494,0
2024-07-08 04:00:00,0.00001159,0.00001173,0.00001142,0.00001153,61150.40000000,1720425599999,0.70842063,733,38930.30000000,0.45105153,0
2024-07-08 08:00:00,0.00001151,0.00001217,0.00001151,0.00001214,308935.30000000,1720439999999,3.64917633,3687,119654.30000000,1.41543105,0
2024-07-08 12:00:00,0.00001214,0.00001215,0.00001192,0.00001198,128563.60000000,1720454399999,1.54487627,1563,64933.10000000,0.78074422,0
2024-07-08 16:00:00,0.00001197,0.00001202,0.00001187,0.00001199,57012.20000000,1720468799999,0.68162407,592,34428.60000000,0.41181397,0
2024-07-08 20:00:00,0.00001197,0.00001201,0.00001184,0.00001187,30150.90000000,1720483199999,0.35943148,439,14765.50000000,0.17609722,0
2024-07-09 00:00:00,0.00001186,0.00001204,0.00001183,0.00001201,54084.70000000,1720497599999,0.64496895,684,28181.30000000,0.33621502,0
2024-07-09 04:00:00,0.00001200,0.00001209,0.00001183,0.00001208,37762.70000000,1720511999999,0.45153623,451,16720.20000000,0.20025656,0
2024-07-09 08:00:00,0.00001208,0.00001209,0.00001191,0.00001195,42416.40000000,1720526399999,0.50860284,600,22540.40000000,0.27038981,0
2024-07-09 12:00:00,0.00001194,0.00001228,0.00001191,0.00001226,103435.10000000,1720540799999,1.25013653,1124,58907.30000000,0.71233154,0
2024-07-09 16:00:00,0.00001224,0.00001274,0.00001222,0.00001269,321037.80000000,1720555199999,3.96250082,2387,76599.40000000,0.95340302,0
2024-07-09 20:00:00,0.00001269,0.00001302,0.00001253,0.00001281,217619.70000000,1720569599999,2.78788543,1841,135798.70000000,1.74032540,0
2024-07-10 00:00:00,0.00001281,0.00001285,0.00001252,0.00001263,107844.90000000,1720583999999,1.36525561,1253,56460.40000000,0.71474225,0
2024-07-10 04:00:00,0.00001262,0.00001295,0.00001249,0.00001284,219585.10000000,1720598399999,2.80368353,2107,120734.10000000,1.54045422,0
2024-07-10 08:00:00,0.00001284,0.00001285,0.00001266,0.00001273,113041.20000000,1720612799999,1.43878661,1098,29900.80000000,0.38108057,0
2024-07-10 12:00:00,0.00001273,0.00001273,0.00001247,0.00001265,226789.70000000,1720627199999,2.85562563,1518,91655.20000000,1.15518875,0
2024-07-10 16:00:00,0.00001265,0.00001284,0.00001261,0.00001275,45047.70000000,1720641599999,0.57327117,593,24455.20000000,0.31128844,0
2024-07-10 20:00:00,0.00001273,0.00001278,0.00001264,0.00001278,70813.70000000,1720655999999,0.90055709,528,34543.40000000,0.43995492,0
2024-07-11 00:00:00,0.00001279,0.00001298,0.00001271,0.00001275,136514.70000000,1720670399999,1.75687190,929,50478.80000000,0.65031144,0
2024-07-11 04:00:00,0.00001275,0.00001303,0.00001274,0.00001289,58846.70000000,1720684799999,0.75969526,696,33758.60000000,0.43546325,0
2024-07-11 08:00:00,0.00001288,0.00001298,0.00001282,0.00001294,114928.00000000,1720699199999,1.48056640,1245,89166.00000000,1.14851584,0
2024-07-11 12:00:00,0.00001293,0.00001327,0.00001287,0.00001306,394853.50000000,1720713599999,5.16495706,3231,266203.20000000,3.47893085,0
2024-07-11 16:00:00,0.00001305,0.00001339,0.00001300,0.00001324,329929.30000000,1720727999999,4.38845071,1937,81401.40000000,1.07995459,0
2024-07-11 20:00:00,0.00001324,0.00001334,0.00001311,0.00001319,365829.70000000,1720742399999,4.81643604,2367,279466.00000000,3.67499566,0
2024-07-12 00:00:00,0.00001319,0.00001347,0.00001318,0.00001327,154515.00000000,1720756799999,2.05770465,1140,35281.80000000,0.47016792,0
2024-07-12 04:00:00,0.00001326,0.00001340,0.00001313,0.00001315,91904.10000000,1720771199999,1.21873661,1017,53489.60000000,0.70990976,0
2024-07-12 08:00:00,0.00001314,0.00001320,0.00001279,0.00001280,110849.50000000,1720785599999,1.44642723,1130,50910.70000000,0.66505713,0
2024-07-12 12:00:00,0.00001279,0.00001302,0.00001269,0.00001276,85361.90000000,1720799999999,1.09542101,818,60970.70000000,0.78290622,0
2024-07-12 16:00:00,0.00001277,0.00001286,0.00001266,0.00001285,189716.20000000,1720814399999,2.41945578,2117,94307.30000000,1.20296192,0
2024-07-12 20:00:00,0.00001286,0.00001292,0.00001277,0.00001292,39961.60000000,1720828799999,0.51420023,589,9529.20000000,0.12255514,0
2024-07-13 00:00:00,0.00001292,0.00001300,0.00001288,0.00001296,21495.60000000,1720843199999,0.27815091,403,11269.40000000,0.14591985,0
2024-07-13 04:00:00,0.00001296,0.00001296,0.00001286,0.00001288,17230.40000000,1720857599999,0.22242135,358,7341.10000000,0.09479215,0
2024-07-13 08:00:00,0.00001289,0.00001300,0.00001285,0.00001296,27522.50000000,1720871999999,0.35559105,408,13471.70000000,0.17408939,0
2024-07-13 12:00:00,0.00001295,0.00001301,0.00001277,0.00001291,86629.50000000,1720886399999,1.12386897,1388,68661.70000000,0.89177619,0
2024-07-13 16:00:00,0.00001290,0.00001294,0.00001280,0.00001282,14017.40000000,1720900799999,0.18046741,270,5895.70000000,0.07592462,0
2024-07-13 20:00:00,0.00001282,0.00001290,0.00001271,0.00001280,33296.90000000,1720915199999,0.42558291,477,13225.80000000,0.16935711,0
2024-07-14 00:00:00,0.00001280,0.00001296,0.00001277,0.00001291,97290.80000000,1720929599999,1.25747262,574,20528.30000000,0.26492956,0
2024-07-14 04:00:00,0.00001292,0.00001342,0.00001292,0.00001329,163354.60000000,1720943999999,2.16743458,1822,94104.50000000,1.24823957,0
2024-07-14 08:00:00,0.00001329,0.00001365,0.00001323,0.00001348,196137.10000000,1720958399999,2.62968674,1572,115351.80000000,1.54536710,0
2024-07-14 12:00:00,0.00001347,0.00001359,0.00001317,0.00001322,76560.80000000,1720972799999,1.02649746,998,23223.10000000,0.31123436,0
2024-07-14 16:00:00,0.00001322,0.00001329,0.00001317,0.00001325,39517.20000000,1720987199999,0.52308561,585,19342.10000000,0.25615603,0
2024-07-14 20:00:00,0.00001325,0.00001328,0.00001315,0.00001327,51578.10000000,1721001599999,0.68209126,692,23581.50000000,0.31207892,0
2024-07-15 00:00:00,0.00001328,0.00001331,0.00001290,0.00001293,87248.80000000,1721015999999,1.14461874,1033,23413.50000000,0.30604107,0
2024-07-15 04:00:00,0.00001293,0.00001293,0.00001270,0.00001285,69016.00000000,1721030399999,0.88436397,881,31107.60000000,0.39897764,0
2024-07-15 08:00:00,0.00001285,0.00001290,0.00001268,0.00001279,65387.10000000,1721044799999,0.83422028,819,31144.50000000,0.39697373,0
2024-07-15 12:00:00,0.00001280,0.00001295,0.00001269,0.00001280,96587.10000000,1721059199999,1.23437063,1342,54263.20000000,0.69314854,0
2024-07-15 16:00:00,0.00001279,0.00001296,0.00001275,0.00001287,94168.90000000,1721073599999,1.20908259,1487,59325.50000000,0.76172042,0
2024-07-15 20:00:00,0.00001286,0.00001311,0.00001283,0.00001304,78188.00000000,1721087999999,1.01543088,1060,35397.00000000,0.45995217,0
2024-07-16 00:00:00,0.00001303,0.00001341,0.00001299,0.00001329,106260.80000000,1721102399999,1.40380428,1447,60492.90000000,0.80017149,0
2024-07-16 04:00:00,0.00001330,0.00001350,0.00001314,0.00001318,216989.00000000,1721116799999,2.89096537,2440,93588.60000000,1.24539339,0
2024-07-16 08:00:00,0.00001319,0.00001329,0.00001301,0.00001307,107307.30000000,1721131199999,1.40454401,2709,33689.30000000,0.44297025,0
2024-07-16 12:00:00,0.00001307,0.00001347,0.00001300,0.00001333,164873.50000000,1721145599999,2.17348842,2215,58613.00000000,0.77481855,0
2024-07-16 16:00:00,0.00001334,0.00001362,0.00001324,0.00001352,92457.70000000,1721159999999,1.24260529,1321,50251.70000000,0.67616883,0
2024-07-16 20:00:00,0.00001353,0.00001366,0.00001332,0.00001333,58124.90000000,1721174399999,0.78172140,664,14786.60000000,0.19964965,0
2024-07-17 00:00:00,0.00001333,0.00001341,0.00001310,0.00001312,70092.30000000,1721188799999,0.93088087,1352,18741.10000000,0.24908985,0
2024-07-17 04:00:00,0.00001311,0.00001342,0.00001304,0.00001338,57668.90000000,1721203199999,0.76373522,1365,28806.80000000,0.38185550,0
2024-07-17 08:00:00,0.00001338,0.00001364,0.00001322,0.00001334,61328.30000000,1721217599999,0.82310789,1602,29478.10000000,0.39558207,0
2024-07-17 12:00:00,0.00001333,0.00001364,0.00001328,0.00001336,78380.40000000,1721231999999,1.05690877,1340,36547.90000000,0.49313668,0
2024-07-17 16:00:00,0.00001337,0.00001340,0.00001319,0.00001327,103570.30000000,1721246399999,1.37988948,1121,44566.20000000,0.59310605,0
2024-07-17 20:00:00,0.00001328,0.00001339,0.00001307,0.00001310,41459.50000000,1721260799999,0.54871957,737,16913.40000000,0.22410122,0
2024-07-18 00:00:00,0.00001311,0.00001319,0.00001307,0.00001308,31142.30000000,1721275199999,0.40848470,572,10649.90000000,0.13980542,0
2024-07-18 04:00:00,0.00001310,0.00001312,0.00001295,0.00001299,41613.80000000,1721289599999,0.54238664,714,22272.60000000,0.29006873,0
2024-07-18 08:00:00,0.00001300,0.00001309,0.00001297,0.00001308,76014.30000000,1721303999999,0.99017479,758,19270.40000000,0.25134610,0
2024-07-18 12:00:00,0.00001308,0.00001321,0.00001281,0.00001283,111203.10000000,1721318399999,1.44868834,1659,68597.30000000,0.89419925,0
2024-07-18 16:00:00,0.00001283,0.00001283,0.00001244,0.00001257,114558.20000000,1721332799999,1.44511215,1320,58686.20000000,0.74122246,0
2024-07-18 20:00:00,0.00001256,0.00001270,0.00001246,0.00001268,14857.60000000,1721347199999,0.18693329,238,7765.60000000,0.09773777,0
2024-07-19 00:00:00,0.00001268,0.00001278,0.00001259,0.00001273,54293.10000000,1721361599999,0.69055513,672,29199.40000000,0.37172845,0
2024-07-19 04:00:00,0.00001273,0.00001278,0.00001266,0.00001269,22311.00000000,1721375999999,0.28378849,459,10562.40000000,0.13439334,0
2024-07-19 08:00:00,0.00001268,0.00001275,0.00001262,0.00001268,34724.10000000,1721390399999,0.44025609,652,15153.70000000,0.19231380,0
2024-07-19 12:00:00,0.00001268,0.00001284,0.00001261,0.00001284,109961.00000000,1721404799999,1.39474637,1841,71132.30000000,0.90292052,0
2024-07-19 16:00:00,0.00001284,0.00001291,0.00001267,0.00001268,80198.80000000,1721419199999,1.02682547,1046,35868.90000000,0.45916886,0
2024-07-19 20:00:00,0.00001269,0.00001288,0.00001269,0.00001281,46455.50000000,1721433599999,0.59483546,681,26270.10000000,0.33646742,0
2024-07-20 00:00:00,0.00001280,0.00001295,0.00001278,0.00001286,54234.50000000,1721447999999,0.69622354,654,20816.60000000,0.26767182,0
2024-07-20 04:00:00,0.00001286,0.00001332,0.00001286,0.00001324,112954.30000000,1721462399999,1.48146818,1018,67421.40000000,0.88548736,0
2024-07-20 08:00:00,0.00001323,0.00001336,0.00001297,0.00001300,91809.30000000,1721476799999,1.21549510,1157,40371.80000000,0.53499608,0
2024-07-20 12:00:00,0.00001299,0.00001301,0.00001276,0.00001293,63531.80000000,1721491199999,0.81741871,850,27567.10000000,0.35485917,0
2024-07-20 16:00:00,0.00001293,0.00001294,0.00001264,0.00001264,100611.10000000,1721505599999,1.27872154,1069,69199.70000000,0.87880483,0
2024-07-20 20:00:00,0.00001264,0.00001268,0.00001259,0.00001266,47189.80000000,1721519999999,0.59582135,450,13834.60000000,0.17482599,0
2024-07-21 00:00:00,0.00001267,0.00001274,0.00001261,0.00001266,43516.50000000,1721534399999,0.55159595,390,33202.40000000,0.42096394,0
2024-07-21 04:00:00,0.00001265,0.00001265,0.00001247,0.00001253,72565.50000000,1721548799999,0.91365573,830,32867.90000000,0.41335067,0
2024-07-21 08:00:00,0.00001252,0.00001261,0.00001251,0.00001259,17162.30000000,1721563199999,0.21566411,257,7923.80000000,0.09958940,0
2024-07-21 12:00:00,0.00001258,0.00001262,0.00001248,0.00001256,39168.60000000,1721577599999,0.49194520,400,29210.80000000,0.36691962,0
2024-07-21 16:00:00,0.00001255,0.00001264,0.00001231,0.00001240,97393.50000000,1721591999999,1.21601404,826,40558.20000000,0.50612480,0
2024-07-21 20:00:00,0.00001240,0.00001263,0.00001240,0.00001261,121411.40000000,1721606399999,1.51751771,699,40620.40000000,0.50708803,0
2024-07-22 00:00:00,0.00001261,0.00001326,0.00001255,0.00001278,172917.70000000,1721620799999,2.25146861,1464,98462.40000000,1.28158674,0
2024-07-22 04:00:00,0.00001279,0.00001282,0.00001245,0.00001251,97401.40000000,1721635199999,1.22330926,785,55867.70000000,0.70146930,0
2024-07-22 08:00:00,0.00001250,0.00001264,0.00001247,0.00001259,124597.30000000,1721649599999,1.55994563,661,74107.00000000,0.92753988,0
2024-07-22 12:00:00,0.00001258,0.00001261,0.00001244,0.00001251,75240.40000000,1721663999999,0.94258355,980,27225.60000000,0.34120575,0
2024-07-22 16:00:00,0.00001252,0.00001258,0.00001245,0.00001248,32393.70000000,1721678399999,0.40565052,472,17176.40000000,0.21525736,0
2024-07-22 20:00:00,0.00001247,0.00001254,0.00001227,0.00001230,52480.70000000,1721692799999,0.65202296,625,20683.20000000,0.25661890,0
2024-07-23 00:00:00,0.00001230,0.00001252,0.00001230,0.00001244,27463.30000000,1721707199999,0.34145927,300,15420.90000000,0.19174807,0
2024-07-23 04:00:00,0.00001242,0.00001243,0.00001226,0.00001229,49556.60000000,1721721599999,0.61064459,567,23660.40000000,0.29142567,0
2024-07-23 08:00:00,0.00001229,0.00001261,0.00001229,0.00001250,80342.40000000,1721735999999,1.00314227,793,51594.30000000,0.64312318,0
2024-07-23 12:00:00,0.00001250,0.00001272,0.00001240,0.00001245,260938.20000000,1721750399999,3.26630840,1472,182464.60000000,2.28541556,0
2024-07-23 16:00:00,0.00001243,0.00001257,0.00001216,0.00001250,84268.30000000,1721764799999,1.03823300,681,52268.70000000,0.64344804,0
2024-07-23 20:00:00,0.00001249,0.00001254,0.00001230,0.00001236,30277.40000000,1721779199999,0.37591374,225,12064.30000000,0.15010996,0
2024-07-24 00:00:00,0.00001235,0.00001243,0.00001214,0.00001222,31731.50000000,1721793599999,0.38943154,342,12592.50000000,0.15440137,0
2024-07-24 04:00:00,0.00001221,0.00001221,0.00001204,0.00001215,29878.60000000,1721807999999,0.36234687,352,13539.80000000,0.16425607,0
2024-07-24 08:00:00,0.00001214,0.00001226,0.00001208,0.00001225,44893.40000000,1721822399999,0.54611927,430,25590.50000000,0.31155424,0
2024-07-24 12:00:00,0.00001224,0.00001237,0.00001217,0.00001217,76568.40000000,1721836799999,0.94080060,745,43015.80000000,0.52866844,0
2024-07-24 16:00:00,0.00001216,0.00001221,0.00001210,0.00001212,26577.60000000,1721851199999,0.32287496,333,13456.70000000,0.16351976,0
2024-07-24 20:00:00,0.00001211,0.00001214,0.00001174,0.00001179,56244.20000000,1721865599999,0.66745682,537,24202.60000000,0.28685749,0
2024-07-25 00:00:00,0.00001179,0.00001179,0.00001149,0.00001158,90774.20000000,1721879999999,1.05700826,748,47379.80000000,0.55213508,0
2024-07-25 04:00:00,0.00001159,0.00001167,0.00001151,0.00001161,66512.00000000,1721894399999,0.77126444,554,38253.10000000,0.44392209,0
2024-07-25 08:00:00,0.00001160,0.00001172,0.00001152,0.00001158,136059.80000000,1721908799999,1.57892507,1308,40296.70000000,0.46636690,0
2024-07-25 12:00:00,0.00001157,0.00001160,0.00001134,0.00001139,45207.70000000,1721923199999,0.51654161,515,20346.90000000,0.23238177,0
2024-07-25 16:00:00,0.00001137,0.00001145,0.00001107,0.00001115,53852.90000000,1721937599999,0.60224758,449,31602.30000000,0.35305242,0
2024-07-25 20:00:00,0.00001114,0.00001145,0.00001102,0.00001140,140709.10000000,1721951999999,1.58312019,639,46983.90000000,0.52942599,0
2024-07-26 00:00:00,0.00001139,0.00001141,0.00001129,0.00001132,199022.10000000,1721966399999,2.25715445,452,176094.20000000,1.99706369,0
2024-07-26 04:00:00,0.00001132,0.00001163,0.00001132,0.00001156,54776.70000000,1721980799999,0.62982504,501,34845.60000000,0.40140162,0
2024-07-26 08:00:00,0.00001155,0.00001163,0.00001142,0.00001146,32754.40000000,1721995199999,0.37858491,475,14624.30000000,0.16914987,0
2024-07-26 12:00:00,0.00001147,0.00001158,0.00001136,0.00001157,39639.00000000,1722009599999,0.45386165,428,20207.80000000,0.23149207,0
2024-07-26 16:00:00,0.00001156,0.00001172,0.00001154,0.00001158,43556.50000000,1722023999999,0.50745654,411,14378.30000000,0.16766237,0
2024-07-26 20:00:00,0.00001159,0.00001165,0.00001155,0.00001160,22968.20000000,1722038399999,0.26627167,268,17884.20000000,0.20734249,0
2024-07-27 00:00:00,0.00001159,0.00001160,0.00001145,0.00001147,11560.80000000,1722052799999,0.13305896,158,4502.10000000,0.05184396,0
2024-07-27 04:00:00,0.00001147,0.00001164,0.00001147,0.00001159,12590.40000000,1722067199999,0.14557981,189,7477.50000000,0.08638379,0
2024-07-27 08:00:00,0.00001159,0.00001161,0.00001142,0.00001149,26760.60000000,1722081599999,0.30858079,272,18573.50000000,0.21434009,0
2024-07-27 12:00:00,0.00001149,0.00001152,0.00001128,0.00001134,57230.10000000,1722095999999,0.65204519,530,23875.60000000,0.27210620,0
2024-07-27 16:00:00,0.00001134,0.00001148,0.00001129,0.00001142,95391.30000000,1722110399999,1.08398017,923,56827.70000000,0.64569906,0
2024-07-27 20:00:00,0.00001144,0.00001165,0.00001137,0.00001156,164284.00000000,1722124799999,1.89826792,1076,61239.60000000,0.70627483,0
2024-07-28 00:00:00,0.00001155,0.00001155,0.00001137,0.00001138,16927.30000000,1722139199999,0.19376621,240,8522.40000000,0.09756081,0
2024-07-28 04:00:00,0.00001138,0.00001144,0.00001129,0.00001143,15875.90000000,1722153599999,0.18012031,199,7710.40000000,0.08753632,0
2024-07-28 08:00:00,0.00001143,0.00001148,0.00001140,0.00001141,11422.60000000,1722167999999,0.13069118,185,5193.50000000,0.05944536,0
2024-07-28 12:00:00,0.00001140,0.00001142,0.00001127,0.00001128,40432.50000000,1722182399999,0.45776466,636,34040.50000000,0.38524883,0
2024-07-28 16:00:00,0.00001129,0.00001129,0.00001110,0.00001114,59394.40000000,1722196799999,0.66663610,244,26796.60000000,0.30080395,0
2024-07-28 20:00:00,0.00001113,0.00001113,0.00001094,0.00001099,34809.30000000,1722211199999,0.38432638,386,15362.20000000,0.16945181,0
2024-07-29 00:00:00,0.00001100,0.00001126,0.00001092,0.00001114,94581.60000000,1722225599999,1.05230079,752,37159.10000000,0.41275590,0
2024-07-29 04:00:00,0.00001115,0.00001127,0.00001111,0.00001121,90784.90000000,1722239999999,1.01623333,729,50251.00000000,0.56260957,0
2024-07-29 08:00:00,0.00001122,0.00001125,0.00001113,0.00001113,52664.10000000,1722254399999,0.58884031,393,38160.70000000,0.42651172,0
2024-07-29 12:00:00,0.00001112,0.00001120,0.00001104,0.00001109,131078.50000000,1722268799999,1.45696527,924,54556.60000000,0.60669420,0
2024-07-29 16:00:00,0.00001108,0.00001129,0.00001105,0.00001112,89275.30000000,1722283199999,0.99447663,672,46450.50000000,0.51743960,0
2024-07-29 20:00:00,0.00001111,0.00001117,0.00001101,0.00001108,42104.40000000,1722297599999,0.46605228,380,16942.50000000,0.18766387,0
2024-07-30 00:00:00,0.00001109,0.00001123,0.00001105,0.00001114,78724.00000000,1722311999999,0.87720971,448,43701.00000000,0.48700250,0
2024-07-30 04:00:00,0.00001115,0.00001123,0.00001112,0.00001117,28372.40000000,1722326399999,0.31722649,225,15576.70000000,0.17423752,0
2024-07-30 08:00:00,0.00001116,0.00001116,0.00001094,0.00001100,32182.30000000,1722340799999,0.35558145,430,12577.80000000,0.13912198,0
2024-07-30 12:00:00,0.00001100,0.00001110,0.00001096,0.00001104,46095.90000000,1722355199999,0.50828214,528,25671.90000000,0.28315311,0
2024-07-30 16:00:00,0.00001103,0.00001106,0.00001068,0.00001071,99639.50000000,1722369599999,1.08182930,773,50263.50000000,0.54599814,0
2024-07-30 20:00:00,0.00001071,0.00001071,0.00001052,0.00001069,69535.80000000,1722383999999,0.73936074,555,31195.20000000,0.33149218,0
2024-07-31 00:00:00,0.00001070,0.00001078,0.00001063,0.00001072,62826.50000000,1722398399999,0.67284792,428,35913.30000000,0.38467415,0
2024-07-31 04:00:00,0.00001073,0.00001084,0.00001069,0.00001082,29224.50000000,1722412799999,0.31473197,295,13742.10000000,0.14801783,0
2024-07-31 08:00:00,0.00001081,0.00001083,0.00001075,0.00001081,26773.60000000,1722427199999,0.28922226,389,13417.70000000,0.14496065,0
2024-07-31 12:00:00,0.00001080,0.00001090,0.00001080,0.00001081,26009.50000000,1722441599999,0.28215123,319,13003.80000000,0.14109990,0
2024-07-31 16:00:00,0.00001080,0.00001089,0.00001074,0.00001084,44308.80000000,1722455999999,0.47925792,471,23136.70000000,0.25034176,0
2024-07-31 20:00:00,0.00001083,0.00001100,0.00001076,0.00001095,189719.30000000,1722470399999,2.05963963,1049,79161.50000000,0.86065849,0
2024-08-01 00:00:00,0.00001095,0.00001115,0.00001090,0.00001109,52441.70000000,1722484799999,0.57958536,455,28182.20000000,0.31153618,0
2024-08-01 04:00:00,0.00001109,0.00001113,0.00001071,0.00001072,54668.80000000,1722499199999,0.59554303,532,24183.60000000,0.26340706,0
2024-08-01 08:00:00,0.00001072,0.00001094,0.00001069,0.00001087,45143.80000000,1722513599999,0.48971390,522,21997.20000000,0.23850279,0
2024-08-01 12:00:00,0.00001086,0.00001109,0.00001071,0.00001097,155630.30000000,1722527999999,1.69556366,1122,90823.70000000,0.98931208,0
2024-08-01 16:00:00,0.00001098,0.00001098,0.00001044,0.00001091,215893.90000000,1722542399999,2.31095659,1522,156767.30000000,1.67733225,0
2024-08-01 20:00:00,0.00001089,0.00001089,0.00001058,0.00001064,66925.70000000,1722556799999,0.71487551,564,29284.00000000,0.31318850,0
2024-08-02 00:00:00,0.00001065,0.00001081,0.00001057,0.00001067,82970.70000000,1722571199999,0.88758371,690,49901.60000000,0.53384156,0
2024-08-02 04:00:00,0.00001068,0.00001072,0.00001042,0.00001050,61000.30000000,1722585599999,0.64393083,599,41688.60000000,0.44077622,0
2024-08-02 08:00:00,0.00001050,0.00001050,0.00001039,0.00001047,48795.60000000,1722599999999,0.50883086,370,14064.00000000,0.14680511,0
2024-08-02 12:00:00,0.00001048,0.00001058,0.00001024,0.00001041,122321.60000000,1722614399999,1.27315311,1172,58078.30000000,0.60460044,0
2024-08-02 16:00:00,0.00001040,0.00001041,0.00001021,0.00001032,221679.40000000,1722628799999,2.29622769,497,88524.30000000,0.91682981,0
2024-08-02 20:00:00,0.00001034,0.00001050,0.00001029,0.00001038,71529.60000000,1722643199999,0.74203891,544,38988.60000000,0.40434188,0
2024-08-03 00:00:00,0.00001037,0.00001054,0.00001023,0.00001044,126026.20000000,1722657599999,1.31146665,786,64026.50000000,0.66554579,0
2024-08-03 04:00:00,0.00001043,0.00001057,0.00001040,0.00001050,18177.40000000,1722671999999,0.19052070,231,9683.90000000,0.10159140,0
2024-08-03 08:00:00,0.00001049,0.00001052,0.00001043,0.00001045,35149.90000000,1722686399999,0.36844278,377,20889.50000000,0.21902246,0
2024-08-03 12:00:00,0.00001044,0.00001051,0.00001030,0.00001032,33768.60000000,1722700799999,0.35204922,374,11476.00000000,0.11955752,0
2024-08-03 16:00:00,0.00001031,0.00001032,0.00000986,0.00000990,122030.10000000,1722715199999,1.23369196,1478,49437.70000000,0.50082079,0
2024-08-03 20:00:00,0.00000990,0.00001012,0.00000986,0.00001007,70096.30000000,1722729599999,0.69998558,552,24050.00000000,0.23997196,0
2024-08-04 00:00:00,0.00001005,0.00001027,0.00001004,0.00001022,138616.00000000,1722743999999,1.41707909,546,127332.20000000,1.30257771,0
2024-08-04 04:00:00,0.00001023,0.00001029,0.00001020,0.00001021,17595.00000000,1722758399999,0.17996518,343,7644.60000000,0.07818762,0
2024-08-04 08:00:00,0.00001020,0.00001032,0.00001018,0.00001027,35918.00000000,1722772799999,0.36852970,335,6883.90000000,0.07062445,0
2024-08-04 12:00:00,0.00001026,0.00001026,0.00000984,0.00000984,98414.60000000,1722787199999,0.97787164,1018,45567.60000000,0.45265790,0
2024-08-04 16:00:00,0.00000985,0.00001022,0.00000975,0.00001018,488666.00000000,1722801599999,4.86923030,1934,238195.80000000,2.38468175,0
2024-08-04 20:00:00,0.00001016,0.00001023,0.00000988,0.00000993,99467.60000000,1722815999999,0.99824587,493,41433.10000000,0.42041973,0
2024-08-05 00:00:00,0.00000993,0.00001013,0.00000943,0.00000971,1518159.90000000,1722830399999,14.77390107,6046,769147.20000000,7.49966738,0
2024-08-05 04:00:00,0.00000971,0.00001012,0.00000953,0.00000982,1638103.50000000,1722844799999,15.98569620,5570,847703.10000000,8.28234832,0
2024-08-05 08:00:00,0.00000982,0.00000982,0.00000916,0.00000941,724845.90000000,1722859199999,6.85801925,2637,274602.60000000,2.61598000,0
2024-08-05 12:00:00,0.00000941,0.00001015,0.00000931,0.00001009,2270119.40000000,1722873599999,22.12378695,6393,986866.90000000,9.59139824,0
2024-08-05 16:00:00,0.00001008,0.00001015,0.00000987,0.00000996,963136.70000000,1722887999999,9.65560442,1884,607322.60000000,6.09906406,0
2024-08-05 20:00:00,0.00000995,0.00000996,0.00000969,0.00000991,144562.20000000,1722902399999,1.41963553,651,75205.20000000,0.73793464,0
2024-08-06 00:00:00,0.00000990,0.00001040,0.00000989,0.00001016,233334.90000000,1722916799999,2.38550415,1061,126377.40000000,1.29149645,0
2024-08-06 04:00:00,0.00001016,0.00001061,0.00001015,0.00001057,90063.30000000,1722931199999,0.93709726,1078,47832.40000000,0.49794237,0
2024-08-06 08:00:00,0.00001056,0.00001058,0.00001038,0.00001041,48865.90000000,1722945599999,0.51118949,819,24771.00000000,0.25930514,0
2024-08-06 12:00:00,0.00001042,0.00001077,0.00001034,0.00001061,78122.00000000,1722959999999,0.82490776,1147,43721.50000000,0.46223253,0
2024-08-06 16:00:00,0.00001060,0.00001061,0.00001045,0.00001054,55173.10000000,1722974399999,0.58194916,865,33914.30000000,0.35790392,0
2024-08-06 20:00:00,0.00001056,0.00001081,0.00001055,0.00001072,33794.30000000,1722988799999,0.36166625,406,20760.30000000,0.22220607,0
2024-08-07 00:00:00,0.00001071,0.00001085,0.00001059,0.00001080,67564.50000000,1723003199999,0.72592578,714,33992.10000000,0.36554273,0
2024-08-07 04:00:00,0.00001080,0.00001087,0.00001069,0.00001077,31635.80000000,1723017599999,0.34117135,224,18431.30000000,0.19857330,0
2024-08-07 08:00:00,0.00001079,0.00001114,0.00001070,0.00001092,128299.20000000,1723031999999,1.40689313,968,76112.90000000,0.83568132,0
2024-08-07 12:00:00,0.00001091,0.00001136,0.00001085,0.00001134,331413.70000000,1723046399999,3.69769409,2966,161832.40000000,1.80443894,0
2024-08-07 16:00:00,0.00001131,0.00001151,0.00001115,0.00001144,216698.40000000,1723060799999,2.45216304,1838,154620.90000000,1.74666132,0
2024-08-07 20:00:00,0.00001143,0.00001149,0.00001114,0.00001118,70902.30000000,1723075199999,0.80063240,788,27959.70000000,0.31600402,0
2024-08-08 00:00:00,0.00001116,0.00001125,0.00001086,0.00001112,134423.90000000,1723089599999,1.48648060,1001,62047.30000000,0.68735816,0
2024-08-08 04:00:00,0.00001112,0.00001156,0.00001104,0.00001107,115901.10000000,1723103999999,1.31310578,1009,59845.90000000,0.67591908,0
2024-08-08 08:00:00,0.00001107,0.00001145,0.00001107,0.00001140,90275.10000000,1723118399999,1.02033427,691,30814.20000000,0.34851991,0
2024-08-08 12:00:00,0.00001140,0.00001213,0.00001123,0.00001207,473459.90000000,1723132799999,5.59368925,3293,267343.90000000,3.16211963,0
2024-08-08 16:00:00,0.00001207,0.00001305,0.00001187,0.00001304,399567.00000000,1723147199999,4.99740326,2671,221457.70000000,2.77722297,0
2024-08-08 20:00:00,0.00001304,0.00001394,0.00001291,0.00001381,1040596.30000000,1723161599999,13.83086177,5447,533314.60000000,7.09660727,0
2024-08-09 00:00:00,0.00001381,0.00001415,0.00001359,0.00001373,423433.90000000,1723175999999,5.86744648,2334,222823.50000000,3.09187897,0
2024-08-09 04:00:00,0.00001374,0.00001394,0.00001354,0.00001390,146939.50000000,1723190399999,2.01958913,1031,73368.60000000,1.00930265,0
2024-08-09 08:00:00,0.00001390,0.00001395,0.00001363,0.00001374,137421.70000000,1723204799999,1.89821330,1166,55893.50000000,0.77229986,0
2024-08-09 12:00:00,0.00001381,0.00001449,0.00001378,0.00001411,393223.00000000,1723219199999,5.56014226,3085,201938.10000000,2.85536450,0
2024-08-09 16:00:00,0.00001412,0.00001440,0.00001386,0.00001415,190730.00000000,1723233599999,2.70258006,1871,94379.90000000,1.33848412,0
2024-08-09 20:00:00,0.00001414,0.00001420,0.00001396,0.00001404,132837.60000000,1723247999999,1.86848090,1054,72849.10000000,1.02494199,0
2024-08-10 00:00:00,0.00001406,0.00001453,0.00001399,0.00001426,210544.20000000,1723262399999,2.99165933,2026,106256.30000000,1.51138943,0
2024-08-10 04:00:00,0.00001425,0.00001474,0.00001423,0.00001466,165681.60000000,1723276799999,2.40901214,1796,89851.90000000,1.30702949,0
2024-08-10 08:00:00,0.00001463,0.00001476,0.00001414,0.00001466,228398.20000000,1723291199999,3.30234104,2239,139451.50000000,2.01549841,0
2024-08-10 12:00:00,0.00001463,0.00001569,0.00001453,0.00001550,473953.10000000,1723305599999,7.22858018,4319,261573.20000000,3.99024697,0
2024-08-10 16:00:00,0.00001550,0.00001568,0.00001490,0.00001523,242221.10000000,1723319999999,3.70250397,2468,123320.10000000,1.88633528,0
2024-08-10 20:00:00,0.00001522,0.00001544,0.00001488,0.00001509,161030.30000000,1723334399999,2.43518078,1326,72167.20000000,1.09281920,0
2024-08-11 00:00:00,0.00001507,0.00001509,0.00001438,0.00001446,249519.00000000,1723348799999,3.69555493,2059,140236.30000000,2.08202131,0
2024-08-11 04:00:00,0.00001449,0.00001481,0.00001444,0.00001450,162754.40000000,1723363199999,2.38161837,1179,94841.20000000,1.38760233,0
2024-08-11 08:00:00,0.00001448,0.00001470,0.00001437,0.00001458,88660.60000000,1723377599999,1.28897371,1047,45825.50000000,0.66674211,0
2024-08-11 12:00:00,0.00001460,0.00001544,0.00001449,0.00001500,293878.30000000,1723391999999,4.40967550,2426,175795.90000000,2.63821388,0
2024-08-11 16:00:00,0.00001498,0.00001533,0.00001486,0.00001486,166327.60000000,1723406399999,2.51295394,1677,68045.10000000,1.03132875,0
2024-08-11 20:00:00,0.00001488,0.00001559,0.00001461,0.00001488,569910.70000000,1723420799999,8.56803414,3710,253368.10000000,3.81837712,0
2024-08-12 00:00:00,0.00001490,0.00001629,0.00001490,0.00001564,832716.30000000,1723435199999,13.14032388,5397,431175.20000000,6.79880441,0
2024-08-12 04:00:00,0.00001564,0.00001581,0.00001518,0.00001530,280076.50000000,1723449599999,4.34505781,2737,110046.70000000,1.70738145,0
2024-08-12 08:00:00,0.00001537,0.00001797,0.00001537,0.00001751,1611173.50000000,1723463999999,27.22209113,14779,881708.60000000,14.82746020,0
2024-08-12 12:00:00,0.00001751,0.00001846,0.00001743,0.00001801,1449164.80000000,1723478399999,25.87225945,13342,754770.20000000,13.49366197,0
2024-08-12 16:00:00,0.00001799,0.00001808,0.00001697,0.00001706,428281.20000000,1723492799999,7.50646582,3957,203543.60000000,3.56995015,0
2024-08-12 20:00:00,0.00001707,0.00001740,0.00001697,0.00001708,253575.80000000,1723507199999,4.35861509,2195,133375.40000000,2.29381889,0
2024-08-13 00:00:00,0.00001707,0.00001707,0.00001628,0.00001638,494324.00000000,1723521599999,8.26412721,3718,238627.90000000,3.99035498,0
2024-08-13 04:00:00,0.00001638,0.00001670,0.00001617,0.00001658,154478.40000000,1723535999999,2.54133552,1699,84924.90000000,1.39694667,0
2024-08-13 08:00:00,0.00001658,0.00001684,0.00001640,0.00001673,169319.60000000,1723550399999,2.81453666,2168,86372.20000000,1.43521134,0
2024-08-13 12:00:00,0.00001672,0.00001691,0.00001563,0.00001587,385209.80000000,1723564799999,6.23265584,4357,171068.30000000,2.75761294,0
2024-08-13 16:00:00,0.00001588,0.00001605,0.00001547,0.00001563,311576.30000000,1723579199999,4.89682797,3326,185372.60000000,2.91898043,0
2024-08-13 20:00:00,0.00001564,0.00001590,0.00001555,0.00001576,81153.70000000,1723593599999,1.27643652,1043,48941.90000000,0.76977794,0
2024-08-14 00:00:00,0.00001578,0.00001604,0.00001538,0.00001541,199893.10000000,1723607999999,3.15146691,1821,91046.20000000,1.43839068,0
2024-08-14 04:00:00,0.00001541,0.00001566,0.00001528,0.00001536,105411.70000000,1723622399999,1.62804535,1518,46684.30000000,0.72115395,0
2024-08-14 08:00:00,0.00001535,0.00001547,0.00001498,0.00001504,167781.90000000,1723636799999,2.55094323,2136,90125.50000000,1.37107430,0
2024-08-14 12:00:00,0.00001506,0.00001536,0.00001496,0.00001518,304941.20000000,1723651199999,4.60842074,3042,127372.90000000,1.92630944,0
2024-08-14 16:00:00,0.00001519,0.00001532,0.00001503,0.00001505,101823.40000000,1723665599999,1.54380701,1244,48296.60000000,0.73483005,0
2024-08-14 20:00:00,0.00001506,0.00001600,0.00001502,0.00001592,107947.70000000,1723679999999,1.67989672,1878,61270.60000000,0.95384124,0
2024-08-15 00:00:00,0.00001592,0.00001594,0.00001547,0.00001556,118895.10000000,1723694399999,1.87014662,1703,49012.00000000,0.76950079,0
2024-08-15 04:00:00,0.00001553,0.00001571,0.00001521,0.00001553,136533.00000000,1723708799999,2.11105690,1262,52068.30000000,0.80452580,0
2024-08-15 08:00:00,0.00001553,0.00001554,0.00001496,0.00001530,119243.50000000,1723723199999,1.81346942,1193,69304.00000000,1.05412491,0
2024-08-15 12:00:00,0.00001529,0.00001578,0.00001427,0.00001428,284064.20000000,1723737599999,4.24440108,2491,109402.90000000,1.64158878,0
2024-08-15 16:00:00,0.00001433,0.00001480,0.00001403,0.00001471,449009.90000000,1723751999999,6.47728388,3764,262396.70000000,3.77610801,0
2024-08-15 20:00:00,0.00001470,0.00001494,0.00001443,0.00001468,167497.00000000,1723766399999,2.44992928,1371,117936.20000000,1.72309581,0
2024-08-16 00:00:00,0.00001469,0.00001519,0.00001463,0.00001492,146648.20000000,1723780799999,2.19158584,1357,65312.50000000,0.97766436,0
2024-08-16 04:00:00,0.00001489,0.00001516,0.00001480,0.00001482,157972.60000000,1723795199999,2.36765503,1430,61457.80000000,0.91879346,0
2024-08-16 08:00:00,0.00001484,0.00001497,0.00001446,0.00001446,106052.40000000,1723809599999,1.56079648,792,42721.20000000,0.62974366,0
2024-08-16 12:00:00,0.00001448,0.00001450,0.00001390,0.00001406,405608.60000000,1723823999999,5.72642876,3058,245803.60000000,3.47310768,0
2024-08-16 16:00:00,0.00001408,0.00001435,0.00001370,0.00001375,410628.00000000,1723838399999,5.76310342,4062,165717.50000000,2.32172894,0
2024-08-16 20:00:00,0.00001379,0.00001404,0.00001374,0.00001379,91010.80000000,1723852799999,1.26508771,720,26395.30000000,0.36671961,0
2024-08-17 00:00:00,0.00001378,0.00001388,0.00001353,0.00001358,148935.80000000,1723867199999,2.04687590,1022,114538.20000000,1.57640535,0
2024-08-17 04:00:00,0.00001358,0.00001392,0.00001355,0.00001372,64687.30000000,1723881599999,0.89285132,697,32805.80000000,0.45336781,0
2024-08-17 08:00:00,0.00001371,0.00001378,0.00001359,0.00001368,44691.80000000,1723895999999,0.61123182,474,19078.50000000,0.26108202,0
2024-08-17 12:00:00,0.00001364,0.00001415,0.00001360,0.00001383,592051.60000000,1723910399999,8.15670401,3988,232724.90000000,3.21363344,0
2024-08-17 16:00:00,0.00001381,0.00001429,0.00001360,0.00001361,169836.50000000,1723924799999,2.38287786,1694,88269.30000000,1.24073576,0
2024-08-17 20:00:00,0.00001364,0.00001400,0.00001358,0.00001392,146369.90000000,1723939199999,2.00926695,1060,56041.90000000,0.77030157,0
2024-08-18 00:00:00,0.00001392,0.00001428,0.00001386,0.00001394,154523.40000000,1723953599999,2.17529003,1262,82843.30000000,1.16710464,0
2024-08-18 04:00:00,0.00001396,0.00001427,0.00001390,0.00001416,66015.90000000,1723967999999,0.93245549,759,32159.00000000,0.45410394,0
2024-08-18 08:00:00,0.00001415,0.00001425,0.00001368,0.00001373,111440.30000000,1723982399999,1.54912847,1304,70350.30000000,0.97661159,0
2024-08-18 12:00:00,0.00001372,0.00001388,0.00001367,0.00001386,105448.30000000,1723996799999,1.45378753,1348,58108.70000000,0.80111237,0
2024-08-18 16:00:00,0.00001384,0.00001425,0.00001381,0.00001400,137261.20000000,1724011199999,1.93188722,1367,75068.70000000,1.05667540,0
2024-08-18 20:00:00,0.00001400,0.00001436,0.00001400,0.00001410,66979.30000000,1724025599999,0.94755917,733,35850.70000000,0.50735078,0
2024-08-19 00:00:00,0.00001410,0.00001447,0.00001387,0.00001446,213873.40000000,1724039999999,3.02337919,1658,107343.60000000,1.52313884,0
2024-08-19 04:00:00,0.00001445,0.00001467,0.00001431,0.00001435,194182.50000000,1724054399999,2.82668906,1310,100961.80000000,1.47047775,0
2024-08-19 08:00:00,0.00001433,0.00001436,0.00001410,0.00001422,147893.30000000,1724068799999,2.10278831,1199,87156.30000000,1.23898566,0
2024-08-19 12:00:00,0.00001420,0.00001456,0.00001407,0.00001444,116660.40000000,1724083199999,1.68152944,1358,50783.00000000,0.73243474,0
2024-08-19 16:00:00,0.00001445,0.00001525,0.00001434,0.00001515,305533.80000000,1724097599999,4.53589439,2555,169156.50000000,2.50967806,0
2024-08-19 20:00:00,0.00001516,0.00001547,0.00001505,0.00001517,343976.50000000,1724111999999,5.25688800,2078,155039.10000000,2.37064560,0
2024-08-20 00:00:00,0.00001514,0.00001530,0.00001482,0.00001482,232949.90000000,1724126399999,3.51348702,1735,116914.70000000,1.76505853,0
2024-08-20 04:00:00,0.00001484,0.00001515,0.00001483,0.00001493,210605.10000000,1724140799999,3.14822858,1609,124213.30000000,1.85754246,0
2024-08-20 08:00:00,0.00001495,0.00001501,0.00001453,0.00001457,118910.40000000,1724155199999,1.75783703,1436,44632.40000000,0.65979528,0
2024-08-20 12:00:00,0.00001460,0.00001493,0.00001443,0.00001486,253658.00000000,1724169599999,3.71932197,1704,121282.30000000,1.78491115,0
2024-08-20 16:00:00,0.00001487,0.00001498,0.00001472,0.00001474,100084.10000000,1724183999999,1.48560738,919,37078.50000000,0.54995639,0
2024-08-20 20:00:00,0.00001477,0.00001481,0.00001466,0.00001477,27008.10000000,1724198399999,0.39780729,328,12908.80000000,0.19016578,0
2024-08-21 00:00:00,0.00001476,0.00001490,0.00001463,0.00001469,53631.70000000,1724212799999,0.78948259,497,14728.80000000,0.21766722,0
2024-08-21 04:00:00,0.00001472,0.00001475,0.00001448,0.00001451,154917.70000000,1724227199999,2.26069323,765,29514.70000000,0.43216558,0
2024-08-21 08:00:00,0.00001454,0.00001455,0.00001427,0.00001433,159149.30000000,1724241599999,2.29055265,1053,40681.30000000,0.58624771,0
2024-08-21 12:00:00,0.00001432,0.00001437,0.00001404,0.00001408,131452.00000000,1724255999999,1.86291197,1429,34622.90000000,0.49091364,0
2024-08-21 16:00:00,0.00001408,0.00001422,0.00001393,0.00001393,68217.60000000,1724270399999,0.96118361,990,34206.10000000,0.48237997,0
2024-08-21 20:00:00,0.00001395,0.00001405,0.00001385,0.00001387,103272.50000000,1724284799999,1.44193740,979,54731.30000000,0.76453216,0
2024-08-22 00:00:00,0.00001391,0.00001433,0.00001385,0.00001408,122908.10000000,1724299199999,1.72668014,1099,65224.70000000,0.91968502,0
2024-08-22 04:00:00,0.00001406,0.00001406,0.00001374,0.00001379,206717.10000000,1724313599999,2.86925919,1367,24805.50000000,0.34630892,0
2024-08-22 08:00:00,0.00001379,0.00001396,0.00001378,0.00001386,126306.00000000,1724327999999,1.75256557,1204,79832.80000000,1.10776639,0
2024-08-22 12:00:00,0.00001385,0.00001395,0.00001378,0.00001388,107476.10000000,1724342399999,1.49064032,1601,48480.90000000,0.67271996,0
2024-08-22 16:00:00,0.00001389,0.00001399,0.00001385,0.00001393,31696.40000000,1724356799999,0.44132635,439,17269.00000000,0.24041683,0
2024-08-22 20:00:00,0.00001393,0.00001412,0.00001392,0.00001409,116468.40000000,1724371199999,1.63694733,1262,30378.50000000,0.42678235,0
2024-08-23 00:00:00,0.00001411,0.00001443,0.00001404,0.00001422,63926.00000000,1724385599999,0.90843899,813,30406.30000000,0.43202965,0
2024-08-23 04:00:00,0.00001423,0.00001452,0.00001423,0.00001439,92972.40000000,1724399999999,1.33942697,1204,47679.80000000,0.68731077,0
2024-08-23 08:00:00,0.00001441,0.00001504,0.00001436,0.00001481,192196.20000000,1724414399999,2.83521277,1900,98823.00000000,1.45974352,0
2024-08-23 12:00:00,0.00001486,0.00001620,0.00001461,0.00001596,951762.70000000,1724428799999,14.67102757,6511,533658.20000000,8.21453425,0
2024-08-23 16:00:00,0.00001597,0.00001646,0.00001569,0.00001586,916087.30000000,1724443199999,14.70873767,6772,523864.50000000,8.40310364,0
2024-08-23 20:00:00,0.00001587,0.00001613,0.00001563,0.00001585,572405.50000000,1724457599999,9.09784431,2482,228774.90000000,3.63859264,0
2024-08-24 00:00:00,0.00001586,0.00001597,0.00001548,0.00001550,302752.80000000,1724471999999,4.73638942,1601,169382.60000000,2.65159223,0
2024-08-24 04:00:00,0.00001554,0.00001631,0.00001550,0.00001583,256740.30000000,1724486399999,4.08045630,1855,147380.60000000,2.34146533,0
2024-08-24 08:00:00,0.00001582,0.00001594,0.00001563,0.00001573,239909.70000000,1724500799999,3.78599539,1712,90803.70000000,1.43503514,0
2024-08-24 12:00:00,0.00001573,0.00001598,0.00001568,0.00001591,99888.60000000,1724515199999,1.57970851,1416,51053.10000000,0.80803735,0
2024-08-24 16:00:00,0.00001589,0.00001643,0.00001588,0.00001599,224987.40000000,1724529599999,3.62668563,2136,119028.20000000,1.91775915,0
2024-08-24 20:00:00,0.00001599,0.00001603,0.00001577,0.00001587,106769.70000000,1724543999999,1.69489752,979,34571.10000000,0.54912152,0
2024-08-25 00:00:00,0.00001587,0.00001587,0.00001524,0.00001555,167430.10000000,1724558399999,2.61239663,1588,54028.00000000,0.84147846,0
2024-08-25 04:00:00,0.00001555,0.00001556,0.00001501,0.00001514,130965.10000000,1724572799999,2.00562763,1410,53395.10000000,0.81900956,0
2024-08-25 08:00:00,0.00001510,0.00001548,0.00001505,0.00001530,81339.30000000,1724587199999,1.24533675,807,46596.50000000,0.71345049,0
2024-08-25 12:00:00,0.00001529,0.00001580,0.00001527,0.00001562,122163.70000000,1724601599999,1.90403164,1069,70821.60000000,1.10254541,0
2024-08-25 16:00:00,0.00001562,0.00001579,0.00001554,0.00001564,72059.50000000,1724615999999,1.12857174,1592,30072.10000000,0.47123653,0
2024-08-25 20:00:00,0.00001563,0.00001587,0.00001546,0.00001555,84617.40000000,1724630399999,1.32528879,907,44985.70000000,0.70503031,0
2024-08-26 00:00:00,0.00001557,0.00001574,0.00001531,0.00001550,158289.80000000,1724644799999,2.44877806,1597,61506.30000000,0.95205313,0
2024-08-26 04:00:00,0.00001549,0.00001559,0.00001525,0.00001527,127725.80000000,1724659199999,1.96712310,1070,61366.40000000,0.94602400,0
2024-08-26 08:00:00,0.00001528,0.00001542,0.00001516,0.00001523,121912.90000000,1724673599999,1.86165460,1859,73686.10000000,1.12520953,0
2024-08-26 12:00:00,0.00001522,0.00001525,0.00001489,0.00001507,231021.60000000,1724687999999,3.47509275,3224,138110.00000000,2.07830715,0
2024-08-26 16:00:00,0.00001507,0.00001512,0.00001473,0.00001488,164309.00000000,1724702399999,2.45421130,2113,83807.60000000,1.25224042,0
2024-08-26 20:00:00,0.00001486,0.00001489,0.00001474,0.00001474,85231.80000000,1724716799999,1.26156702,738,55385.20000000,0.81997217,0
2024-08-27 00:00:00,0.00001478,0.00001546,0.00001477,0.00001532,200034.80000000,1724731199999,3.04013511,2175,123720.50000000,1.88080148,0
2024-08-27 04:00:00,0.00001534,0.00001538,0.00001489,0.00001489,479283.40000000,1724745599999,7.34064567,5359,66154.30000000,1.00840273,0
2024-08-27 08:00:00,0.00001488,0.00001502,0.00001430,0.00001444,265476.70000000,1724759999999,3.87897978,3068,125300.70000000,1.82945428,0
2024-08-27 12:00:00,0.00001444,0.00001464,0.00001422,0.00001459,434044.40000000,1724774399999,6.25078206,4858,237560.80000000,3.42873790,0
2024-08-27 16:00:00,0.00001461,0.00001530,0.00001450,0.00001454,849586.20000000,1724788799999,12.51300363,4575,615607.60000000,9.03826394,0
2024-08-27 20:00:00,0.00001453,0.00001458,0.00001414,0.00001426,561028.20000000,1724803199999,8.04160823,4540,296662.50000000,4.25494425,0
2024-08-28 00:00:00,0.00001426,0.00001426,0.00001382,0.00001416,334772.80000000,1724817599999,4.70308126,3319,162918.40000000,2.29090903,0
2024-08-28 04:00:00,0.00001414,0.00001418,0.00001392,0.00001392,163923.20000000,1724831999999,2.30736891,1631,80987.20000000,1.14030684,0
2024-08-28 08:00:00,0.00001394,0.00001414,0.00001383,0.00001390,278980.90000000,1724846399999,3.91387916,3111,143446.50000000,2.01253544,0
2024-08-28 12:00:00,0.00001388,0.00001414,0.00001360,0.00001366,308955.20000000,1724860799999,4.26873782,2760,159470.90000000,2.20583220,0
2024-08-28 16:00:00,0.00001365,0.00001398,0.00001304,0.00001388,1017458.20000000,1724875199999,13.68671499,6587,494238.80000000,6.65080028,0
2024-08-28 20:00:00,0.00001389,0.00001403,0.00001360,0.00001372,212191.40000000,1724889599999,2.93147360,1395,86444.50000000,1.19558000,0
2024-08-29 00:00:00,0.00001371,0.00001417,0.00001371,0.00001383,172084.00000000,1724903999999,2.40200259,1152,87989.70000000,1.22828130,0
2024-08-29 04:00:00,0.00001384,0.00001396,0.00001371,0.00001394,112880.30000000,1724918399999,1.56483984,849,60405.00000000,0.83779386,0
2024-08-29 08:00:00,0.00001391,0.00001419,0.00001384,0.00001400,665353.60000000,1724932799999,9.41184849,5651,83169.70000000,1.17014039,0
2024-08-29 12:00:00,0.00001399,0.00001401,0.00001378,0.00001389,136008.20000000,1724947199999,1.89107635,1391,64135.80000000,0.89174082,0
2024-08-29 16:00:00,0.00001385,0.00001393,0.00001345,0.00001354,153074.20000000,1724961599999,2.09907138,1515,78773.80000000,1.07998382,0
2024-08-29 20:00:00,0.00001354,0.00001368,0.00001349,0.00001353,119195.90000000,1724975999999,1.61642025,707,56566.00000000,0.76784723,0
2024-08-30 00:00:00,0.00001352,0.00001366,0.00001342,0.00001355,85069.70000000,1724990399999,1.15312819,748,40382.40000000,0.54772007,0
2024-08-30 04:00:00,0.00001355,0.00001376,0.00001353,0.00001372,89159.20000000,1725004799999,1.21778734,510,44983.90000000,0.61490561,0
2024-08-30 08:00:00,0.00001374,0.00001383,0.00001357,0.00001357,47032.40000000,1725019199999,0.64230374,648,27698.00000000,0.37832394,0
2024-08-30 12:00:00,0.00001356,0.00001370,0.00001321,0.00001325,302106.40000000,1725033599999,4.06116356,2738,152107.40000000,2.04616850,0
2024-08-30 16:00:00,0.00001325,0.00001412,0.00001323,0.00001381,342728.90000000,1725047999999,4.69931212,1949,181239.30000000,2.48694271,0
2024-08-30 20:00:00,0.00001383,0.00001413,0.00001365,0.00001407,219426.50000000,1725062399999,3.04148628,886,105431.30000000,1.46221937,0
2024-08-31 00:00:00,0.00001406,0.00001406,0.00001387,0.00001392,60718.50000000,1725076799999,0.84857632,318,27889.60000000,0.38985743,0
2024-08-31 04:00:00,0.00001397,0.00001401,0.00001377,0.00001385,55792.40000000,1725091199999,0.77284403,409,31198.00000000,0.43216226,0
2024-08-31 08:00:00,0.00001387,0.00001390,0.00001368,0.00001374,67627.70000000,1725105599999,0.93182746,546,33184.00000000,0.45758712,0
2024-08-31 12:00:00,0.00001373,0.00001377,0.00001365,0.00001372,53831.90000000,1725119999999,0.73792251,346,27212.80000000,0.37308384,0
2024-08-31 16:00:00,0.00001371,0.00001374,0.00001333,0.00001354,38415.00000000,1725134399999,0.52019198,365,17205.70000000,0.23269371,0
2024-08-31 20:00:00,0.00001355,0.00001365,0.00001346,0.00001349,28527.50000000,1725148799999,0.38698246,177,14981.00000000,0.20342857,0
2024-09-01 00:00:00,0.00001350,0.00001373,0.00001339,0.00001369,102676.90000000,1725163199999,1.39086452,420,48020.50000000,0.65009754,0
2024-09-01 04:00:00,0.00001367,0.00001376,0.00001352,0.00001368,81573.10000000,1725177599999,1.11255178,568,42063.90000000,0.57338510,0
2024-09-01 08:00:00,0.00001371,0.00001371,0.00001355,0.00001356,79492.70000000,1725191999999,1.08189902,432,29499.10000000,0.40094993,0
2024-09-01 12:00:00,0.00001358,0.00001393,0.00001340,0.00001382,153382.90000000,1725206399999,2.08098997,1039,83594.30000000,1.13414830,0
2024-09-01 16:00:00,0.00001383,0.00001387,0.00001346,0.00001381,91872.00000000,1725220799999,1.25690411,837,50004.60000000,0.68556910,0
2024-09-01 20:00:00,0.00001380,0.00001386,0.00001322,0.00001330,146575.10000000,1725235199999,1.97291689,804,68859.00000000,0.92761535,0
2024-09-02 00:00:00,0.00001328,0.00001370,0.00001325,0.00001354,185113.20000000,1725249599999,2.50135900,1041,90056.70000000,1.21720165,0
2024-09-02 04:00:00,0.00001354,0.00001354,0.00001290,0.00001293,335120.00000000,1725263999999,4.39429955,1797,162597.40000000,2.12961665,0
2024-09-02 08:00:00,0.00001294,0.00001340,0.00001293,0.00001330,269230.40000000,1725278399999,3.54949469,1347,142501.10000000,1.87883739,0
2024-09-02 12:00:00,0.00001329,0.00001339,0.00001307,0.00001326,262864.70000000,1725292799999,3.47471607,1476,107231.30000000,1.41947430,0
2024-09-02 16:00:00,0.00001326,0.00001334,0.00001308,0.00001317,65383.10000000,1725307199999,0.86227792,517,31232.00000000,0.41177688,0
2024-09-02 20:00:00,0.00001317,0.00001350,0.00001316,0.00001331,86812.80000000,1725321599999,1.15766778,666,42437.50000000,0.56578370,0
2024-09-03 00:00:00,0.00001329,0.00001348,0.00001318,0.00001337,115941.90000000,1725335999999,1.54695284,526,64543.00000000,0.86123715,0
2024-09-03 04:00:00,0.00001337,0.00001403,0.00001324,0.00001388,276527.40000000,1725350399999,3.80135254,1436,160700.40000000,2.21168066,0
2024-09-03 08:00:00,0.00001386,0.00001421,0.00001365,0.00001406,271979.90000000,1725364799999,3.80235655,1936,151156.60000000,2.11547121,0
2024-09-03 12:00:00,0.00001404,0.00001407,0.00001358,0.00001360,242608.60000000,1725379199999,3.34799881,1603,122501.00000000,1.69163200,0
2024-09-03 16:00:00,0.00001360,0.00001414,0.00001353,0.00001404,176129.50000000,1725393599999,2.44697736,1441,103744.20000000,1.44119303,0
2024-09-03 20:00:00,0.00001403,0.00001411,0.00001361,0.00001365,219554.50000000,1725407999999,3.04792611,1089,128406.60000000,1.78196792,0
2024-09-04 00:00:00,0.00001367,0.00001421,0.00001337,0.00001420,525103.20000000,1725422399999,7.17983006,2083,240186.40000000,3.28936890,0
2024-09-04 04:00:00,0.00001419,0.00001434,0.00001383,0.00001404,283977.70000000,1725436799999,4.00335302,1629,164425.00000000,2.31769881,0
2024-09-04 08:00:00,0.00001402,0.00001403,0.00001353,0.00001365,114390.30000000,1725451199999,1.57388553,1438,50008.20000000,0.68823017,0
2024-09-04 12:00:00,0.00001364,0.00001437,0.00001361,0.00001415,556844.10000000,1725465599999,7.87906334,3703,292537.00000000,4.13855898,0
2024-09-04 16:00:00,0.00001414,0.00001428,0.00001399,0.00001399,293502.20000000,1725479999999,4.14967043,2021,138497.10000000,1.95921078,0
2024-09-04 20:00:00,0.00001400,0.00001404,0.00001386,0.00001395,90846.60000000,1725494399999,1.26860510,667,47569.00000000,0.66442064,0
2024-09-05 00:00:00,0.00001394,0.00001422,0.00001389,0.00001400,153036.70000000,1725508799999,2.14327981,979,68877.40000000,0.96524210,0
2024-09-05 04:00:00,0.00001399,0.00001468,0.00001399,0.00001463,325979.80000000,1725523199999,4.68647036,2221,177648.90000000,2.55335546,0
2024-09-05 08:00:00,0.00001464,0.00001467,0.00001438,0.00001442,316383.10000000,1725537599999,4.58944873,1814,155489.90000000,2.25574179,0
2024-09-05 12:00:00,0.00001440,0.00001458,0.00001408,0.00001419,493694.00000000,1725551999999,7.06254004,3272,222289.00000000,3.18316233,0
2024-09-05 16:00:00,0.00001419,0.00001423,0.00001394,0.00001397,117743.40000000,1725566399999,1.65552044,1151,61066.90000000,0.85980540,0
2024-09-05 20:00:00,0.00001397,0.00001433,0.00001394,0.00001418,97035.50000000,1725580799999,1.37337422,719,54574.20000000,0.77288841,0
2024-09-06 00:00:00,0.00001418,0.00001473,0.00001418,0.00001462,215978.80000000,1725595199999,3.13091435,1113,125406.50000000,1.81739782,0
2024-09-06 04:00:00,0.00001462,0.00001486,0.00001452,0.00001476,242529.90000000,1725609599999,3.56357420,1804,166873.40000000,2.45341064,0
2024-09-06 08:00:00,0.00001475,0.00001513,0.00001460,0.00001494,390713.20000000,1725623999999,5.79031300,3165,236499.60000000,3.50103477,0
2024-09-06 12:00:00,0.00001493,0.00001578,0.00001492,0.00001569,1350246.70000000,1725638399999,20.84224966,10778,572636.00000000,8.84441937,0
2024-09-06 16:00:00,0.00001570,0.00001573,0.00001523,0.00001544,755309.90000000,1725652799999,11.69833123,3643,376887.10000000,5.83288516,0
2024-09-06 20:00:00,0.00001543,0.00001557,0.00001490,0.00001552,812861.10000000,1725667199999,12.36507339,2953,405353.90000000,6.17317700,0
2024-09-07 00:00:00,0.00001552,0.00001602,0.00001547,0.00001547,534111.60000000,1725681599999,8.38306856,1535,294669.70000000,4.62390412,0
2024-09-07 04:00:00,0.00001546,0.00001622,0.00001534,0.00001604,871146.00000000,1725695999999,13.75798534,4213,524301.90000000,8.27068330,0
2024-09-07 08:00:00,0.00001603,0.00001620,0.00001590,0.00001592,470746.60000000,1725710399999,7.54765208,3228,210298.70000000,3.37152567,0
2024-09-07 12:00:00,0.00001590,0.00001597,0.00001569,0.00001593,240607.90000000,1725724799999,3.81403639,2252,142126.20000000,2.25215425,0
2024-09-07 16:00:00,0.00001594,0.00001683,0.00001580,0.00001671,632973.70000000,1725739199999,10.32482569,4184,339646.80000000,5.54365591,0
2024-09-07 20:00:00,0.00001672,0.00001690,0.00001633,0.00001645,442945.40000000,1725753599999,7.36941494,2735,231000.00000000,3.84481731,0
2024-09-08 00:00:00,0.00001646,0.00001680,0.00001630,0.00001678,380462.50000000,1725767999999,6.29738432,2201,192730.10000000,3.18505717,0
2024-09-08 04:00:00,0.00001678,0.00001734,0.00001677,0.00001731,419418.70000000,1725782399999,7.14672830,2835,187040.60000000,3.19414093,0
2024-09-08 08:00:00,0.00001729,0.00001809,0.00001727,0.00001748,1043225.90000000,1725796799999,18.48890061,10224,532885.30000000,9.44907097,0
2024-09-08 12:00:00,0.00001749,0.00001776,0.00001713,0.00001721,715686.80000000,1725811199999,12.48517684,4530,363265.10000000,6.34133070,0
2024-09-08 16:00:00,0.00001723,0.00001751,0.00001711,0.00001724,390742.80000000,1725825599999,6.74963645,2701,249152.30000000,4.30008494,0
2024-09-08 20:00:00,0.00001725,0.00001753,0.00001703,0.00001711,592994.00000000,1725839999999,10.24982216,2910,384239.20000000,6.64574518,0
2024-09-09 00:00:00,0.00001712,0.00001720,0.00001661,0.00001665,284126.40000000,1725854399999,4.80995596,1323,139582.20000000,2.36310845,0
2024-09-09 04:00:00,0.00001667,0.00001877,0.00001649,0.00001656,630653.90000000,1725868799999,10.53675992,2477,503508.30000000,8.42998373,0
2024-09-09 08:00:00,0.00001655,0.00001686,0.00001653,0.00001676,352801.80000000,1725883199999,5.87453516,2805,174270.80000000,2.90153902,0
2024-09-09 12:00:00,0.00001676,0.00001679,0.00001624,0.00001628,281838.00000000,1725897599999,4.64197186,3507,126629.70000000,2.08716837,0
2024-09-09 16:00:00,0.00001629,0.00001670,0.00001626,0.00001669,495556.70000000,1725911999999,8.13943461,3292,267039.20000000,4.38748392,0
2024-09-09 20:00:00,0.00001670,0.00001697,0.00001644,0.00001680,905851.10000000,1725926399999,15.09198664,4433,394341.90000000,6.57513428,0
2024-09-10 00:00:00,0.00001678,0.00001712,0.00001651,0.00001661,370347.50000000,1725940799999,6.18841934,2217,160840.00000000,2.68995452,0
2024-09-10 04:00:00,0.00001660,0.00001665,0.00001613,0.00001622,544595.40000000,1725955199999,8.89771715,2620,242079.50000000,3.96201997,0
2024-09-10 08:00:00,0.00001622,0.00001632,0.00001606,0.00001628,285287.80000000,1725969599999,4.61716038,1918,141635.90000000,2.29321360,0
2024-09-10 12:00:00,0.00001626,0.00001629,0.00001607,0.00001607,329243.40000000,1725983999999,5.32079458,2107,158735.90000000,2.56658653,0
2024-09-10 16:00:00,0.00001608,0.00001615,0.00001597,0.00001604,285741.30000000,1725998399999,4.59272743,1871,131308.30000000,2.11073811,0
2024-09-10 20:00:00,0.00001605,0.00001612,0.00001590,0.00001593,150759.90000000,1726012799999,2.41291476,694,81985.70000000,1.31244830,0
2024-09-11 00:00:00,0.00001594,0.00001602,0.00001558,0.00001561,335442.40000000,1726027199999,5.27859064,1333,157731.10000000,2.48142899,0
2024-09-11 04:00:00,0.00001563,0.00001570,0.00001552,0.00001565,206295.90000000,1726041599999,3.21747884,860,88417.80000000,1.38043145,0
2024-09-11 08:00:00,0.00001566,0.00001574,0.00001551,0.00001552,185978.20000000,1726055999999,2.90465052,1164,123428.70000000,1.92969340,0
2024-09-11 12:00:00,0.00001551,0.00001575,0.00001548,0.00001553,487555.50000000,1726070399999,7.61139838,3266,208301.30000000,3.25073054,0
2024-09-11 16:00:00,0.00001555,0.00001604,0.00001554,0.00001576,281858.10000000,1726084799999,4.45280258,1824,163324.10000000,2.58001808,0
2024-09-11 20:00:00,0.00001580,0.00001626,0.00001579,0.00001623,154308.80000000,1726099199999,2.48695587,918,84354.80000000,1.35848225,0
2024-09-12 00:00:00,0.00001622,0.00001756,0.00001617,0.00001728,966928.00000000,1726113599999,16.55753343,6179,438962.30000000,7.51802673,0
2024-09-12 04:00:00,0.00001731,0.00001795,0.00001725,0.00001754,769279.90000000,1726127999999,13.51498729,4194,443084.30000000,7.78254131,0
2024-09-12 08:00:00,0.00001752,0.00001803,0.00001748,0.00001793,356783.00000000,1726142399999,6.33044998,3488,202769.10000000,3.59091496,0
2024-09-12 12:00:00,0.00001793,0.00001848,0.00001766,0.00001778,958970.30000000,1726156799999,17.24015016,6702,555634.90000000,10.00439859,0
2024-09-12 16:00:00,0.00001780,0.00001782,0.00001716,0.00001779,605874.80000000,1726171199999,10.57805255,3559,170405.50000000,2.99868585,0
2024-09-12 20:00:00,0.00001777,0.00001802,0.00001761,0.00001789,195283.20000000,1726185599999,3.47623231,1817,94721.50000000,1.68615036,0
2024-09-13 00:00:00,0.00001790,0.00001800,0.00001754,0.00001780,99101.80000000,1726199999999,1.75876359,900,54896.50000000,0.97488220,0
2024-09-13 04:00:00,0.00001780,0.00001784,0.00001739,0.00001741,88909.90000000,1726214399999,1.56367785,859,36947.20000000,0.65007822,0
2024-09-13 08:00:00,0.00001741,0.00001800,0.00001707,0.00001717,608289.80000000,1726228799999,10.50504368,4125,415344.40000000,7.17722805,0
2024-09-13 12:00:00,0.00001719,0.00001748,0.00001703,0.00001723,260381.50000000,1726243199999,4.50043772,2716,138950.10000000,2.40260210,0
2024-09-13 16:00:00,0.00001721,0.00001758,0.00001708,0.00001718,333081.20000000,1726257599999,5.74458358,3210,179588.70000000,3.09544084,0
2024-09-13 20:00:00,0.00001717,0.00001721,0.00001686,0.00001699,117955.20000000,1726271999999,2.00754288,1681,51909.10000000,0.88374319,0
2024-09-14 00:00:00,0.00001699,0.00001750,0.00001686,0.00001727,226230.30000000,1726286399999,3.87439155,2277,90093.70000000,1.54301312,0
2024-09-14 04:00:00,0.00001729,0.00001779,0.00001712,0.00001717,260604.20000000,1726300799999,4.54810555,1816,153084.50000000,2.67880525,0
2024-09-14 08:00:00,0.00001718,0.00001725,0.00001688,0.00001696,154872.70000000,1726315199999,2.64304681,1218,79184.30000000,1.35216987,0
2024-09-14 12:00:00,0.00001697,0.00001717,0.00001684,0.00001697,169162.10000000,1726329599999,2.87993992,1412,104018.20000000,1.77114847,0
2024-09-14 16:00:00,0.00001696,0.00001720,0.00001686,0.00001686,159072.70000000,1726343999999,2.70755447,1331,80286.60000000,1.36717603,0
2024-09-14 20:00:00,0.00001688,0.00001747,0.00001680,0.00001742,291905.80000000,1726358399999,5.00739330,2111,167704.80000000,2.87399030,0
2024-09-15 00:00:00,0.00001741,0.00001845,0.00001736,0.00001793,472301.80000000,1726372799999,8.54784631,2674,294973.60000000,5.34571380,0
2024-09-15 04:00:00,0.00001795,0.00001818,0.00001766,0.00001782,138295.60000000,1726387199999,2.47478657,1138,65888.90000000,1.18086829,0
2024-09-15 08:00:00,0.00001779,0.00001871,0.00001775,0.00001823,674270.70000000,1726401599999,12.29251330,5602,450310.40000000,8.20468592,0
2024-09-15 12:00:00,0.00001821,0.00001825,0.00001783,0.00001796,233462.80000000,1726415999999,4.21243458,2822,82777.50000000,1.49707344,0
2024-09-15 16:00:00,0.00001797,0.00001896,0.00001781,0.00001874,546503.90000000,1726430399999,10.07567538,4504,266288.40000000,4.92352343,0
2024-09-15 20:00:00,0.00001871,0.00001878,0.00001819,0.00001824,281400.70000000,1726444799999,5.18330468,3520,111626.40000000,2.05697588,0
2024-09-16 00:00:00,0.00001824,0.00001871,0.00001807,0.00001859,307875.80000000,1726459199999,5.64414602,2081,167152.70000000,3.06573039,0
2024-09-16 04:00:00,0.00001857,0.00001894,0.00001814,0.00001878,287087.30000000,1726473599999,5.33839159,2569,144922.60000000,2.69646693,0
2024-09-16 08:00:00,0.00001877,0.00001910,0.00001862,0.00001874,368318.80000000,1726487999999,6.95451711,2463,191543.00000000,3.61743745,0
2024-09-16 12:00:00,0.00001873,0.00001893,0.00001837,0.00001837,365100.40000000,1726502399999,6.79720169,2926,198804.20000000,3.70383748,0
2024-09-16 16:00:00,0.00001839,0.00001850,0.00001779,0.00001806,288816.50000000,1726516799999,5.22748172,1840,150133.90000000,2.71426982,0
2024-09-16 20:00:00,0.00001807,0.00001811,0.00001773,0.00001790,122839.10000000,1726531199999,2.19577373,807,48689.00000000,0.87112724,0
2024-09-17 00:00:00,0.00001789,0.00001854,0.00001767,0.00001845,294626.90000000,1726545599999,5.33038911,1838,142930.40000000,2.58640826,0
2024-09-17 04:00:00,0.00001843,0.00001904,0.00001836,0.00001885,324139.30000000,1726559999999,6.06862614,2714,132125.00000000,2.47046382,0
2024-09-17 08:00:00,0.00001885,0.00002010,0.00001885,0.00002005,773267.20000000,1726574399999,15.07442290,5233,452497.90000000,8.82758604,0
2024-09-17 12:00:00,0.00002003,0.00002005,0.00001871,0.00001885,830146.10000000,1726588799999,16.19497204,5431,370791.00000000,7.24590719,0
2024-09-17 16:00:00,0.00001883,0.00001908,0.00001871,0.00001904,395373.20000000,1726603199999,7.48669033,3458,87613.20000000,1.65806322,0
2024-09-17 20:00:00,0.00001905,0.00001962,0.00001902,0.00001938,124591.40000000,1726617599999,2.41125529,1112,60848.70000000,1.17825100,0
2024-09-18 00:00:00,0.00001937,0.00002045,0.00001902,0.00001988,687196.20000000,1726631999999,13.55256226,4221,400443.10000000,7.89650646,0
2024-09-18 04:00:00,0.00001985,0.00002002,0.00001954,0.00001995,248918.00000000,1726646399999,4.92937403,2938,109729.80000000,2.17278790,0
2024-09-18 08:00:00,0.00001993,0.00002003,0.00001933,0.00001948,375075.40000000,1726660799999,7.38334377,3958,138082.30000000,2.71232367,0
2024-09-18 12:00:00,0.00001949,0.00002005,0.00001949,0.00001961,329937.00000000,1726675199999,6.53567601,3346,156915.80000000,3.11461645,0
2024-09-18 16:00:00,0.00001962,0.00002080,0.00001949,0.00002055,1145568.80000000,1726689599999,23.16463026,7440,707971.40000000,14.25987795,0
2024-09-18 20:00:00,0.00002055,0.00002135,0.00002045,0.00002129,452116.50000000,1726703999999,9.48914581,2972,265674.30000000,5.58043403,0
2024-09-19 00:00:00,0.00002129,0.00002241,0.00002123,0.00002204,698498.20000000,1726718399999,15.36366381,4705,400454.50000000,8.81219310,0
2024-09-19 04:00:00,0.00002203,0.00002237,0.00002184,0.00002195,229230.00000000,1726732799999,5.06715855,2365,115382.40000000,2.55056692,0
2024-09-19 08:00:00,0.00002195,0.00002195,0.00002125,0.00002173,473398.40000000,1726747199999,10.19512169,2925,176404.70000000,3.80619989,0
2024-09-19 12:00:00,0.00002171,0.00002186,0.00002093,0.00002104,340876.10000000,1726761599999,7.29206330,2335,147791.10000000,3.16474557,0
2024-09-19 16:00:00,0.00002105,0.00002135,0.00002064,0.00002131,330080.20000000,1726775999999,6.90935305,2263,156187.10000000,3.27672344,0
2024-09-19 20:00:00,0.00002132,0.00002242,0.00002125,0.00002191,370820.20000000,1726790399999,8.09064515,2612,197533.80000000,4.30328411,0
2024-09-20 00:00:00,0.00002193,0.00002290,0.00002155,0.00002233,501312.10000000,1726804799999,11.18435999,3419,228855.50000000,5.11420498,0
2024-09-20 04:00:00,0.00002231,0.00002345,0.00002213,0.00002345,647327.00000000,1726819199999,14.69126622,3672,300033.90000000,6.79898037,0
2024-09-20 08:00:00,0.00002344,0.00002476,0.00002311,0.00002451,762646.60000000,1726833599999,18.25273692,4883,404245.80000000,9.67682407,0
2024-09-20 12:00:00,0.00002453,0.00002462,0.00002311,0.00002381,1054038.50000000,1726847999999,25.02128861,5180,444906.00000000,10.55487871,0
2024-09-20 16:00:00,0.00002383,0.00002409,0.00002310,0.00002380,5579212.30000000,1726862399999,131.11536659,10672,5227799.10000000,122.85334584,0
2024-09-20 20:00:00,0.00002380,0.00002407,0.00002306,0.00002326,181214.30000000,1726876799999,4.27262176,1475,84954.00000000,2.00878091,0
2024-09-21 00:00:00,0.00002325,0.00002391,0.00002312,0.00002327,253019.90000000,1726891199999,5.93475934,2212,122348.90000000,2.87464938,0
2024-09-21 04:00:00,0.00002328,0.00002362,0.00002283,0.00002345,253267.50000000,1726905599999,5.87064019,1941,110979.80000000,2.57336625,0
2024-09-21 08:00:00,0.00002346,0.00002390,0.00002341,0.00002361,182645.60000000,1726919999999,4.30615367,1410,90846.00000000,2.14186362,0
2024-09-21 12:00:00,0.00002360,0.00002382,0.00002329,0.00002357,245090.40000000,1726934399999,5.76973385,1773,114616.30000000,2.69943616,0
2024-09-21 16:00:00,0.00002359,0.00002368,0.00002323,0.00002356,156012.80000000,1726948799999,3.64692027,952,83781.40000000,1.96058353,0
2024-09-21 20:00:00,0.00002355,0.00002373,0.00002337,0.00002337,52042.40000000,1726963199999,1.22527999,608,26260.80000000,0.61863739,0
2024-09-22 00:00:00,0.00002341,0.00002367,0.00002291,0.00002321,179908.80000000,1726977599999,4.17333285,1481,101186.60000000,2.34835007,0
2024-09-22 04:00:00,0.00002319,0.00002321,0.00002260,0.00002309,201127.10000000,1726991999999,4.60423557,1132,78347.90000000,1.79502655,0
2024-09-22 08:00:00,0.00002310,0.00002382,0.00002305,0.00002371,185014.10000000,1727006399999,4.35041050,1413,101094.90000000,2.38047341,0
2024-09-22 12:00:00,0.00002371,0.00002515,0.00002356,0.00002407,838940.20000000,1727020799999,20.46848241,6666,402874.20000000,9.82277092,0
2024-09-22 16:00:00,0.00002407,0.00002585,0.00002394,0.00002562,3029785.80000000,1727035199999,77.11903424,12992,2592567.40000000,66.08807822,0
2024-09-22 20:00:00,0.00002560,0.00002562,0.00002430,0.00002493,2055655.80000000,1727049599999,51.89592103,9546,1519522.50000000,38.50307737,0
2024-09-23 00:00:00,0.00002493,0.00002555,0.00002447,0.00002501,607324.30000000,1727063999999,15.19761470,4819,317617.20000000,7.94992579,0
2024-09-23 04:00:00,0.00002500,0.00002566,0.00002450,0.00002457,497517.50000000,1727078399999,12.54870532,5051,193936.40000000,4.87733529,0
2024-09-23 08:00:00,0.00002457,0.00002460,0.00002388,0.00002409,253653.80000000,1727092799999,6.15885735,2553,129401.30000000,3.14574318,0
2024-09-23 12:00:00,0.00002407,0.00002455,0.00002385,0.00002433,265600.50000000,1727107199999,6.41837885,3169,108777.90000000,2.63530090,0
2024-09-23 16:00:00,0.00002433,0.00002477,0.00002414,0.00002435,176010.70000000,1727121599999,4.29662902,1849,92162.80000000,2.24938584,0
2024-09-23 20:00:00,0.00002437,0.00002453,0.00002410,0.00002424,169934.00000000,1727135999999,4.12450386,1272,100967.10000000,2.44971815,0
2024-09-24 00:00:00,0.00002425,0.00002507,0.00002410,0.00002444,199564.60000000,1727150399999,4.89327843,2776,102636.40000000,2.51857415,0
2024-09-24 04:00:00,0.00002445,0.00002459,0.00002373,0.00002414,175150.00000000,1727164799999,4.20304455,2823,95601.30000000,2.29192101,0
2024-09-24 08:00:00,0.00002417,0.00002485,0.00002396,0.00002412,298815.90000000,1727179199999,7.31433646,4022,148575.50000000,3.64502215,0
2024-09-24 12:00:00,0.00002410,0.00002558,0.00002384,0.00002517,5577905.70000000,1727193599999,139.32849511,39430,4994535.10000000,124.77747640,0
2024-09-24 16:00:00,0.00002519,0.00002640,0.00002496,0.00002609,533567.50000000,1727207999999,13.79493634,6743,272309.50000000,7.05472325,0
2024-09-24 20:00:00,0.00002609,0.00002783,0.00002579,0.00002711,738506.80000000,1727222399999,19.95005437,5613,333375.80000000,9.00142533,0
2024-09-25 00:00:00,0.00002713,0.00002745,0.00002679,0.00002731,307022.90000000,1727236799999,8.32894904,3054,156585.40000000,4.25052070,0
2024-09-25 04:00:00,0.00002730,0.00002765,0.00002674,0.00002731,339999.60000000,1727251199999,9.24710175,5052,150498.70000000,4.09474744,0
2024-09-25 08:00:00,0.00002731,0.00002754,0.00002696,0.00002696,289622.20000000,1727265599999,7.89682809,4388,135844.10000000,3.70608059,0
2024-09-25 12:00:00,0.00002695,0.00002723,0.00002663,0.00002674,468663.70000000,1727279999999,12.61281600,4192,259350.50000000,6.98801626,0
2024-09-25 16:00:00,0.00002677,0.00002693,0.00002643,0.00002668,450334.10000000,1727294399999,12.01290247,7084,132051.50000000,3.52127830,0
2024-09-25 20:00:00,0.00002668,0.00002703,0.00002605,0.00002690,342368.80000000,1727308799999,9.08931118,3770,168313.00000000,4.47711275,0
2024-09-26 00:00:00,0.00002688,0.00002728,0.00002647,0.00002716,301231.60000000,1727323199999,8.10522738,3392,143990.80000000,3.87146270,0
2024-09-26 04:00:00,0.00002713,0.00002717,0.00002633,0.00002659,229428.10000000,1727337599999,6.12301130,4679,97969.30000000,2.62220773,0
2024-09-26 08:00:00,0.00002657,0.00002676,0.00002613,0.00002657,407973.50000000,1727351999999,10.77146808,5857,261736.70000000,6.91100277,0
2024-09-26 12:00:00,0.00002656,0.00002696,0.00002616,0.00002629,787402.00000000,1727366399999,20.82550241,7708,468640.00000000,12.39596225,0
2024-09-26 16:00:00,0.00002629,0.00002684,0.00002595,0.00002668,394540.90000000,1727380799999,10.41638598,4305,186598.60000000,4.92773613,0
2024-09-26 20:00:00,0.00002669,0.00002669,0.00002469,0.00002515,836466.30000000,1727395199999,21.31734529,5542,372378.00000000,9.51833648,0
2024-09-27 00:00:00,0.00002519,0.00002580,0.00002504,0.00002546,287563.90000000,1727409599999,7.30329369,2574,143101.60000000,3.63876337,0
2024-09-27 04:00:00,0.00002549,0.00002649,0.00002541,0.00002606,485192.90000000,1727423999999,12.71877457,5138,261313.20000000,6.84956061,0
2024-09-27 08:00:00,0.00002609,0.00002623,0.00002573,0.00002623,229391.90000000,1727438399999,5.94905498,2707,112799.70000000,2.92645071,0
2024-09-27 12:00:00,0.00002621,0.00002630,0.00002494,0.00002547,533438.80000000,1727452799999,13.59951115,4567,236690.70000000,6.03499490,0
2024-09-27 16:00:00,0.00002548,0.00002550,0.00002456,0.00002499,348443.90000000,1727467199999,8.70959344,3524,152059.20000000,3.79553526,0
2024-09-27 20:00:00,0.00002500,0.00002560,0.00002491,0.00002520,230600.70000000,1727481599999,5.83457153,2045,123822.50000000,3.13385089,0
2024-09-28 00:00:00,0.00002519,0.00002544,0.00002472,0.00002481,164109.70000000,1727495999999,4.11621321,1176,80480.60000000,2.01916070,0
2024-09-28 04:00:00,0.00002483,0.00002489,0.00002441,0.00002482,192310.00000000,1727510399999,4.73833563,1746,99491.90000000,2.45325159,0
2024-09-28 08:00:00,0.00002482,0.00002508,0.00002462,0.00002469,223272.30000000,1727524799999,5.55392994,2114,95573.70000000,2.37839835,0
2024-09-28 12:00:00,0.00002469,0.00002520,0.00002456,0.00002507,230202.40000000,1727539199999,5.73975907,1854,104679.30000000,2.61114065,0
2024-09-28 16:00:00,0.00002505,0.00002525,0.00002485,0.00002504,293712.00000000,1727553599999,7.36636744,4243,154184.90000000,3.86814768,0
2024-09-28 20:00:00,0.00002505,0.00002576,0.00002475,0.00002562,262500.70000000,1727567999999,6.62267113,2557,157911.20000000,3.96913669,0
2024-09-29 00:00:00,0.00002564,0.00002613,0.00002527,0.00002553,278532.80000000,1727582399999,7.17841372,2210,155546.30000000,4.01452642,0
2024-09-29 04:00:00,0.00002554,0.00002571,0.00002491,0.00002496,211128.10000000,1727596799999,5.34225454,2810,130289.90000000,3.29646242,0
2024-09-29 08:00:00,0.00002493,0.00002589,0.00002488,0.00002558,309134.60000000,1727611199999,7.90733483,3489,174974.10000000,4.47557302,0
2024-09-29 12:00:00,0.00002557,0.00002752,0.00002557,0.00002730,1228635.50000000,1727625599999,32.96499630,10531,676645.60000000,18.18620799,0
2024-09-29 16:00:00,0.00002731,0.00002810,0.00002731,0.00002774,564360.80000000,1727639999999,15.66334645,6605,309403.30000000,8.59167591,0
2024-09-29 20:00:00,0.00002775,0.00002782,0.00002658,0.00002680,328419.20000000,1727654399999,8.93806936,2751,156323.90000000,4.26189821,0
2024-09-30 00:00:00,0.00002681,0.00002714,0.00002631,0.00002693,366899.40000000,1727668799999,9.75599825,2644,234752.50000000,6.23450239,0
2024-09-30 04:00:00,0.00002691,0.00002777,0.00002678,0.00002762,442656.00000000,1727683199999,12.10251641,11205,145889.70000000,3.97603466,0
2024-09-30 08:00:00,0.00002759,0.00002763,0.00002707,0.00002743,386605.00000000,1727697599999,10.57099438,5071,191073.70000000,5.22337428,0
2024-09-30 12:00:00,0.00002741,0.00002783,0.00002716,0.00002747,416857.90000000,1727711999999,11.43769842,6532,189453.60000000,5.20146297,0
2024-09-30 16:00:00,0.00002748,0.00002900,0.00002747,0.00002844,620137.90000000,1727726399999,17.54432947,6636,377524.60000000,10.68306631,0
2024-09-30 20:00:00,0.00002845,0.00002876,0.00002782,0.00002803,446154.90000000,1727740799999,12.67003656,5601,164772.80000000,4.66996547,0
2024-10-01 00:00:00,0.00002803,0.00002985,0.00002787,0.00002971,629153.90000000,1727755199999,18.25472783,5529,307951.20000000,8.94660591,0
2024-10-01 04:00:00,0.00002970,0.00003032,0.00002885,0.00002901,605969.30000000,1727769599999,17.89305673,7862,274325.80000000,8.11142449,0
2024-10-01 08:00:00,0.00002897,0.00002989,0.00002879,0.00002968,229240.90000000,1727783999999,6.77146971,3768,128729.00000000,3.80497241,0
2024-10-01 12:00:00,0.00002969,0.00002988,0.00002761,0.00002867,2564307.00000000,1727798399999,73.46776673,18880,1060805.60000000,30.43255276,0
2024-10-01 16:00:00,0.00002867,0.00002890,0.00002717,0.00002803,1857826.30000000,1727812799999,52.52794420,14125,932862.20000000,26.36114162,0
2024-10-01 20:00:00,0.00002805,0.00002931,0.00002789,0.00002891,791839.30000000,1727827199999,22.70545927,5549,472359.40000000,13.55415250,0
2024-10-02 00:00:00,0.00002891,0.00002974,0.00002862,0.00002942,484694.50000000,1727841599999,14.14500411,4115,255025.80000000,7.44873000,0
2024-10-02 04:00:00,0.00002942,0.00003130,0.00002929,0.00003067,833169.40000000,1727855999999,25.37669264,5954,471182.90000000,14.35336618,0
2024-10-02 08:00:00,0.00003067,0.00003123,0.00002979,0.00002994,608996.30000000,1727870399999,18.60913719,6150,311674.30000000,9.53252793,0
2024-10-02 12:00:00,0.00002995,0.00003094,0.00002947,0.00003057,775730.90000000,1727884799999,23.44821933,6992,416109.00000000,12.57446192,0
2024-10-02 16:00:00,0.00003057,0.00003065,0.00002889,0.00003013,1077136.30000000,1727899199999,31.82695283,6046,723649.80000000,21.33544857,0
2024-10-02 20:00:00,0.00003014,0.00003066,0.00002936,0.00003060,399878.90000000,1727913599999,11.93091454,3991,206000.90000000,6.14864937,0
2024-10-03 00:00:00,0.00003059,0.00003277,0.00003043,0.00003169,1257124.90000000,1727927999999,40.05651709,9681,729207.10000000,23.21985973,0
2024-10-03 04:00:00,0.00003171,0.00003173,0.00003043,0.00003055,305225.20000000,1727942399999,9.50844954,2745,151091.30000000,4.71359313,0
2024-10-03 08:00:00,0.00003058,0.00003163,0.00003005,0.00003082,630101.30000000,1727956799999,19.42287182,4654,309524.80000000,9.54145717,0
2024-10-03 12:00:00,0.00003083,0.00003131,0.00002704,0.00002829,1527870.40000000,1727971199999,44.33045070,10304,632022.50000000,18.30693541,0
2024-10-03 16:00:00,0.00002828,0.00002886,0.00002665,0.00002848,2185454.10000000,1727985599999,60.94593309,9373,1130592.70000000,31.55192591,0
2024-10-03 20:00:00,0.00002847,0.00002864,0.00002728,0.00002738,459411.00000000,1727999999999,12.75248530,2529,197836.70000000,5.48394207,0
2024-10-04 00:00:00,0.00002737,0.00002806,0.00002666,0.00002710,449798.90000000,1728014399999,12.31797716,2980,184474.80000000,5.04987554,0
2024-10-04 04:00:00,0.00002712,0.00002812,0.00002704,0.00002759,289134.60000000,1728028799999,8.01105113,1935,145235.90000000,4.02206397,0
2024-10-04 08:00:00,0.00002759,0.00002921,0.00002744,0.00002831,469206.40000000,1728043199999,13.42987443,3385,228826.90000000,6.55064728,0
2024-10-04 12:00:00,0.00002834,0.00002949,0.00002780,0.00002827,773610.00000000,1728057599999,22.16251770,4866,445622.70000000,12.77159480,0
2024-10-04 16:00:00,0.00002829,0.00002882,0.00002783,0.00002865,333544.90000000,1728071999999,9.44757470,2468,180946.40000000,5.12539458,0
2024-10-04 20:00:00,0.00002865,0.00002886,0.00002803,0.00002853,229840.20000000,1728086399999,6.54964204,1220,71337.20000000,2.03272389,0
2024-10-05 00:00:00,0.00002857,0.00002875,0.00002736,0.00002737,172093.00000000,1728100799999,4.81152888,1300,87496.30000000,2.44381101,0
2024-10-05 04:00:00,0.00002738,0.00002799,0.00002738,0.00002773,141021.00000000,1728115199999,3.90651557,928,61220.30000000,1.69747446,0
2024-10-05 08:00:00,0.00002770,0.00002796,0.00002721,0.00002753,174621.90000000,1728129599999,4.81561825,1253,88246.50000000,2.43429396,0
2024-10-05 12:00:00,0.00002755,0.00002778,0.00002738,0.00002744,135711.70000000,1728143999999,3.73759144,993,53200.30000000,1.46712014,0
2024-10-05 16:00:00,0.00002744,0.00002854,0.00002732,0.00002801,175103.40000000,1728158399999,4.92256092,1584,94418.40000000,2.65303520,0
2024-10-05 20:00:00,0.00002801,0.00002833,0.00002748,0.00002827,85663.90000000,1728172799999,2.38981487,950,41240.20000000,1.15169238,0
2024-10-06 00:00:00,0.00002826,0.00002850,0.00002792,0.00002798,180286.70000000,1728187199999,5.07410759,1410,95437.50000000,2.68663750,0
2024-10-06 04:00:00,0.00002797,0.00002812,0.00002761,0.00002788,123608.00000000,1728201599999,3.44192063,936,35753.50000000,0.99699382,0
2024-10-06 08:00:00,0.00002788,0.00002818,0.00002769,0.00002771,127966.10000000,1728215999999,3.57441266,1330,79769.70000000,2.22900036,0
2024-10-06 12:00:00,0.00002767,0.00002844,0.00002762,0.00002793,318051.10000000,1728230399999,8.90287591,2134,204585.90000000,5.72806163,0
2024-10-06 16:00:00,0.00002795,0.00002967,0.00002793,0.00002922,469064.90000000,1728244799999,13.62823751,3587,241208.40000000,7.00525047,0
2024-10-06 20:00:00,0.00002921,0.00002954,0.00002887,0.00002931,263921.20000000,1728259199999,7.70858481,1802,146624.50000000,4.28439357,0
2024-10-07 00:00:00,0.00002930,0.00003037,0.00002927,0.00002985,333113.30000000,1728273599999,9.95204027,2956,161902.80000000,4.84029265,0
2024-10-07 04:00:00,0.00002981,0.00003034,0.00002980,0.00003025,175804.90000000,1728287999999,5.28956231,1527,75461.50000000,2.26882727,0
2024-10-07 08:00:00,0.00003026,0.00003135,0.00003026,0.00003112,522050.10000000,1728302399999,16.12116849,4304,332079.60000000,10.26405960,0
2024-10-07 12:00:00,0.00003109,0.00003327,0.00003069,0.00003272,1337896.90000000,1728316799999,42.89272354,9926,754613.00000000,24.27860999,0
2024-10-07 16:00:00,0.00003275,0.00003393,0.00003229,0.00003325,3722858.80000000,1728331199999,123.19792279,11932,1998215.30000000,66.48720668,0
2024-10-07 20:00:00,0.00003328,0.00003331,0.00003222,0.00003241,403048.60000000,1728345599999,13.21876284,3679,180438.80000000,5.92113799,0
2024-10-08 00:00:00,0.00003243,0.00003396,0.00003239,0.00003366,416348.80000000,1728359999999,13.80857416,3655,246153.60000000,8.16533903,0
2024-10-08 04:00:00,0.00003364,0.00003400,0.00003164,0.00003188,871591.90000000,1728374399999,28.52851674,6331,437172.20000000,14.30181858,0
2024-10-08 08:00:00,0.00003187,0.00003264,0.00003175,0.00003252,338111.00000000,1728388799999,10.92919116,2725,185424.50000000,5.99237028,0
2024-10-08 12:00:00,0.00003249,0.00003258,0.00003128,0.00003166,822180.80000000,1728403199999,26.20566931,6227,433358.10000000,13.80279712,0
2024-10-08 16:00:00,0.00003170,0.00003186,0.00003107,0.00003180,373400.70000000,1728417599999,11.73369358,2883,176178.60000000,5.53921159,0
2024-10-08 20:00:00,0.00003180,0.00003232,0.00003172,0.00003196,230326.40000000,1728431999999,7.37421455,2366,137614.70000000,4.40846174,0
2024-10-09 00:00:00,0.00003196,0.00003213,0.00003119,0.00003135,244031.50000000,1728446399999,7.71024354,2371,113650.10000000,3.59094556,0
2024-10-09 04:00:00,0.00003130,0.00003178,0.00003079,0.00003082,265919.80000000,1728460799999,8.32409772,1984,106504.90000000,3.33242942,0
2024-10-09 08:00:00,0.00003080,0.00003096,0.00003046,0.00003068,276519.60000000,1728475199999,8.47163033,2360,149647.50000000,4.58382764,0
2024-10-09 12:00:00,0.00003068,0.00003199,0.00003030,0.00003188,786718.20000000,1728489599999,24.48530990,7199,580706.40000000,18.10172210,0
2024-10-09 16:00:00,0.00003184,0.00003208,0.00003096,0.00003106,438770.50000000,1728503999999,13.79768446,4071,212867.20000000,6.70096475,0
2024-10-09 20:00:00,0.00003104,0.00003111,0.00003048,0.00003092,379562.00000000,1728518399999,11.65350869,3142,200923.30000000,6.17781784,0
2024-10-10 00:00:00,0.00003093,0.00003129,0.00003070,0.00003071,167601.80000000,1728532799999,5.19018797,1735,75925.10000000,2.35490254,0
2024-10-10 04:00:00,0.00003071,0.00003099,0.00003039,0.00003039,182417.50000000,1728547199999,5.60085617,3679,122485.80000000,3.76105952,0
2024-10-10 08:00:00,0.00003039,0.00003048,0.00002942,0.00003028,386166.40000000,1728561599999,11.54799848,4324,214918.30000000,6.43728624,0
2024-10-10 12:00:00,0.00003026,0.00003038,0.00002933,0.00002980,443525.80000000,1728575999999,13.22480235,5868,189882.30000000,5.66714568,0
2024-10-10 16:00:00,0.00002977,0.00003050,0.00002930,0.00003024,394305.10000000,1728590399999,11.77435010,7554,206705.00000000,6.18077962,0
2024-10-10 20:00:00,0.00003025,0.00003066,0.00003007,0.00003041,230775.00000000,1728604799999,6.99712367,3860,133453.50000000,4.04578648,0
2024-10-11 00:00:00,0.00003039,0.00003060,0.00003011,0.00003018,97117.90000000,1728619199999,2.94213960,1656,46315.60000000,1.40335392,0
2024-10-11 04:00:00,0.00003020,0.00003058,0.00002960,0.00003042,238344.30000000,1728633599999,7.17669980,3366,114559.00000000,3.45622709,0
2024-10-11 08:00:00,0.00003042,0.00003187,0.00003035,0.00003155,500976.40000000,1728647999999,15.66832419,5124,262794.10000000,8.20984648,0
2024-10-11 12:00:00,0.00003157,0.00003352,0.00003156,0.00003262,867848.40000000,1728662399999,28.39075304,8979,491393.20000000,16.09196408,0
2024-10-11 16:00:00,0.00003264,0.00003284,0.00003223,0.00003235,318615.80000000,1728676799999,10.34873908,3651,185823.50000000,6.03513762,0
2024-10-11 20:00:00,0.00003236,0.00003308,0.00003213,0.00003282,493878.70000000,1728691199999,16.12671416,4488,178325.30000000,5.81959236,0
2024-10-12 00:00:00,0.00003284,0.00003331,0.00003210,0.00003223,382432.80000000,1728705599999,12.51739337,4380,266134.70000000,8.71658595,0
2024-10-12 04:00:00,0.00003224,0.00003241,0.00003196,0.00003220,140130.90000000,1728719999999,4.51204327,2433,77288.20000000,2.48880782,0
2024-10-12 08:00:00,0.00003218,0.00003440,0.00003211,0.00003374,533281.40000000,1728734399999,17.75171767,8822,349501.20000000,11.60651511,0
2024-10-12 12:00:00,0.00003377,0.00003597,0.00003367,0.00003495,882084.40000000,1728748799999,30.89312809,13228,509828.90000000,17.84715940,0
2024-10-12 16:00:00,0.00003495,0.00003552,0.00003489,0.00003535,653903.10000000,1728763199999,23.02041740,9248,328086.40000000,11.52317456,0
2024-10-12 20:00:00,0.00003536,0.00003620,0.00003529,0.00003545,229797.30000000,1728777599999,8.20888689,3851,130689.10000000,4.67221942,0
2024-10-13 00:00:00,0.00003547,0.00003629,0.00003515,0.00003534,342471.90000000,1728791999999,12.24919603,6077,179601.90000000,6.42456717,0
2024-10-13 04:00:00,0.00003534,0.00003585,0.00003519,0.00003552,183589.70000000,1728806399999,6.51351567,3995,92966.40000000,3.30016995,0
2024-10-13 08:00:00,0.00003553,0.00003577,0.00003437,0.00003462,216238.30000000,1728820799999,7.57057578,3997,108304.10000000,3.79309703,0
2024-10-13 12:00:00,0.00003464,0.00003504,0.00003418,0.00003452,292361.60000000,1728835199999,10.13345479,4505,96891.00000000,3.36207451,0
2024-10-13 16:00:00,0.00003451,0.00003577,0.00003449,0.00003567,345482.20000000,1728849599999,12.16816857,4894,185747.50000000,6.54346463,0
2024-10-13 20:00:00,0.00003566,0.00003770,0.00003539,0.00003730,475347.60000000,1728863999999,17.48267627,7712,248970.00000000,9.14580350,0
2024-10-14 00:00:00,0.00003727,0.00003741,0.00003522,0.00003539,594230.60000000,1728878399999,21.45575147,7302,322334.00000000,11.63961724,0
2024-10-14 04:00:00,0.00003539,0.00003540,0.00003486,0.00003503,409405.40000000,1728892799999,14.37662700,6066,210788.40000000,7.40508402,0
2024-10-14 08:00:00,0.00003502,0.00003502,0.00003442,0.00003456,483663.40000000,1728907199999,16.74647449,6853,173510.60000000,6.00650070,0
2024-10-14 12:00:00,0.00003455,0.00003475,0.00003405,0.00003428,430490.50000000,1728921599999,14.78047732,5569,216755.10000000,7.44150762,0
2024-10-14 16:00:00,0.00003426,0.00003441,0.00003385,0.00003396,274035.00000000,1728935999999,9.34910410,3283,125378.20000000,4.27873605,0
2024-10-14 20:00:00,0.00003394,0.00003433,0.00003373,0.00003405,327123.20000000,1728950399999,11.13621807,4089,164588.80000000,5.60130257,0
2024-10-15 00:00:00,0.00003406,0.00003411,0.00003300,0.00003386,811539.30000000,1728964799999,27.21253683,5326,319835.30000000,10.72052924,0
2024-10-15 04:00:00,0.00003388,0.00003417,0.00003334,0.00003397,284409.00000000,1728979199999,9.60938862,3655,136407.50000000,4.60406704,0
2024-10-15 08:00:00,0.00003398,0.00003462,0.00003210,0.00003229,797543.60000000,1728993599999,26.62072660,7612,360855.00000000,12.03573149,0
2024-10-15 12:00:00,0.00003228,0.00003302,0.00003142,0.00003145,1311105.50000000,1729007999999,42.16551360,13699,728630.60000000,23.44463343,0
2024-10-15 16:00:00,0.00003145,0.00003171,0.00003080,0.00003099,527885.20000000,1729022399999,16.50517493,6360,249071.40000000,7.79094845,0
2024-10-15 20:00:00,0.00003100,0.00003105,0.00002971,0.00003072,864523.80000000,1729036799999,26.17408612,5771,427719.90000000,12.96706264,0
2024-10-16 00:00:00,0.00003070,0.00003073,0.00002964,0.00002964,288467.50000000,1729051199999,8.66813521,3508,127557.80000000,3.84265391,0
2024-10-16 04:00:00,0.00002968,0.00003071,0.00002951,0.00003027,204989.60000000,1729065599999,6.20828810,3493,106262.50000000,3.22091204,0
2024-10-16 08:00:00,0.00003024,0.00003085,0.00002990,0.00003027,537268.50000000,1729079999999,16.38092410,8055,300900.20000000,9.17021076,0
2024-10-16 12:00:00,0.00003026,0.00003059,0.00002919,0.00002939,496787.80000000,1729094399999,14.86746748,5839,220773.70000000,6.60982878,0
2024-10-16 16:00:00,0.00002942,0.00003023,0.00002941,0.00003008,220942.80000000,1729108799999,6.59989363,3617,109841.40000000,3.28277662,0
2024-10-16 20:00:00,0.00003012,0.00003184,0.00003012,0.00003081,580924.20000000,1729123199999,18.09201650,6402,252698.10000000,7.87375778,0
2024-10-17 00:00:00,0.00003082,0.00003204,0.00003082,0.00003186,425680.30000000,1729137599999,13.44229573,4487,201344.90000000,6.34617530,0
2024-10-17 04:00:00,0.00003188,0.00003188,0.00003110,0.00003128,306998.70000000,1729151999999,9.66834237,4744,124150.70000000,3.91025050,0
2024-10-17 08:00:00,0.00003130,0.00003152,0.00003016,0.00003024,281863.90000000,1729166399999,8.68736207,3402,147532.00000000,4.55840745,0
2024-10-17 12:00:00,0.00003025,0.00003090,0.00003025,0.00003060,317115.80000000,1729180799999,9.70621458,4899,176885.80000000,5.41328450,0
2024-10-17 16:00:00,0.00003059,0.00003066,0.00002985,0.00003049,167941.40000000,1729195199999,5.08392466,2358,79855.90000000,2.41728878,0
2024-10-17 20:00:00,0.00003050,0.00003100,0.00003001,0.00003003,116394.90000000,1729209599999,3.54680333,1374,74247.90000000,2.26249490,0
2024-10-18 00:00:00,0.00003004,0.00003044,0.00002988,0.00003015,237673.40000000,1729223999999,7.16417094,2509,117897.00000000,3.55352011,0
2024-10-18 04:00:00,0.00003017,0.00003035,0.00002997,0.00003013,120323.50000000,1729238399999,3.62958304,1777,45802.90000000,1.38108668,0
2024-10-18 08:00:00,0.00003016,0.00003089,0.00003012,0.00003057,127261.90000000,1729252799999,3.88327892,2201,50863.90000000,1.55261517,0
2024-10-18 12:00:00,0.00003055,0.00003069,0.00003020,0.00003036,313590.50000000,1729267199999,9.55764082,6049,160626.70000000,4.89585213,0
2024-10-18 16:00:00,0.00003036,0.00003123,0.00003021,0.00003093,349020.40000000,1729281599999,10.76941383,5656,178184.50000000,5.50037901,0
2024-10-18 20:00:00,0.00003093,0.00003119,0.00003064,0.00003108,111972.40000000,1729295999999,3.46299483,1590,51364.60000000,1.58830380,0
2024-10-19 00:00:00,0.00003106,0.00003106,0.00003041,0.00003060,142628.40000000,1729310399999,4.36823591,1604,80574.60000000,2.46452836,0
2024-10-19 04:00:00,0.00003062,0.00003069,0.00003004,0.00003015,131473.00000000,1729324799999,3.97505128,2002,54319.10000000,1.64182996,0
2024-10-19 08:00:00,0.00003014,0.00003040,0.00002996,0.00003007,205550.90000000,1729339199999,6.20713280,2722,123999.00000000,3.74531678,0
2024-10-19 12:00:00,0.00003007,0.00003036,0.00003005,0.00003022,89153.20000000,1729353599999,2.69195965,1593,50605.00000000,1.52806313,0
2024-10-19 16:00:00,0.00003023,0.00003046,0.00003010,0.00003021,41931.60000000,1729367999999,1.27006638,856,22798.70000000,0.69074702,0
2024-10-19 20:00:00,0.00003022,0.00003036,0.00003008,0.00003019,55283.40000000,1729382399999,1.66953372,576,24522.60000000,0.74026359,0
2024-10-20 00:00:00,0.00003020,0.00003044,0.00003003,0.00003036,44055.90000000,1729396799999,1.33189886,727,20407.10000000,0.61731778,0
2024-10-20 04:00:00,0.00003035,0.00003035,0.00002997,0.00003024,131549.30000000,1729411199999,3.95761348,1549,53069.80000000,1.59716350,0
2024-10-20 08:00:00,0.00003024,0.00003096,0.00003012,0.00003081,142135.70000000,1729425599999,4.33944345,2511,79735.30000000,2.43620130,0
2024-10-20 12:00:00,0.00003081,0.00003123,0.00003024,0.00003110,366570.20000000,1729439999999,11.28811163,4615,198486.10000000,6.11367682,0
2024-10-20 16:00:00,0.00003111,0.00003122,0.00003076,0.00003079,202055.60000000,1729454399999,6.25750580,3542,97410.80000000,3.00702294,0
2024-10-20 20:00:00,0.00003078,0.00003114,0.00003070,0.00003087,171929.70000000,1729468799999,5.31276598,1674,83939.00000000,2.59474885,0
2024-10-21 00:00:00,0.00003083,0.00003139,0.00003055,0.00003112,258346.70000000,1729483199999,7.99796524,2337,99864.00000000,3.09108596,0
2024-10-21 04:00:00,0.00003114,0.00003114,0.00003041,0.00003060,124720.30000000,1729497599999,3.82544668,1648,61999.50000000,1.90177556,0
2024-10-21 08:00:00,0.00003063,0.00003070,0.00003016,0.00003024,143061.70000000,1729511999999,4.35451202,1848,68410.00000000,2.08330602,0
2024-10-21 12:00:00,0.00003022,0.00003038,0.00002971,0.00003015,386254.40000000,1729526399999,11.59750450,3960,198676.30000000,5.96497304,0
2024-10-21 16:00:00,0.00003012,0.00003022,0.00002986,0.00003001,196434.20000000,1729540799999,5.90053099,2003,106262.70000000,3.19281411,0
2024-10-21 20:00:00,0.00002996,0.00003024,0.00002979,0.00002983,121421.40000000,1729555199999,3.64705001,1238,61103.30000000,1.83540490,0
2024-10-22 00:00:00,0.00002983,0.00003011,0.00002970,0.00002996,264458.60000000,1729569599999,7.90482196,2814,128916.30000000,3.85475641,0
2024-10-22 04:00:00,0.00002995,0.00002999,0.00002971,0.00002972,92415.10000000,1729583999999,2.75679354,962,48470.60000000,1.44604282,0
2024-10-22 08:00:00,0.00002972,0.00002974,0.00002890,0.00002900,556489.30000000,1729598399999,16.26593893,6939,351640.30000000,10.26860117,0
2024-10-22 12:00:00,0.00002903,0.00002908,0.00002810,0.00002865,517559.90000000,1729612799999,14.78728831,7003,223854.00000000,6.39325956,0
2024-10-22 16:00:00,0.00002867,0.00002882,0.00002842,0.00002877,202542.60000000,1729627199999,5.79868439,2496,118882.70000000,3.40365106,0
2024-10-22 20:00:00,0.00002880,0.00002890,0.00002869,0.00002873,67479.40000000,1729641599999,1.94321936,864,32125.00000000,0.92516236,0
2024-10-23 00:00:00,0.00002878,0.00002884,0.00002851,0.00002862,86011.70000000,1729655999999,2.46833558,987,40424.00000000,1.16040362,0
2024-10-23 04:00:00,0.00002860,0.00002891,0.00002819,0.00002833,131528.30000000,1729670399999,3.75913162,1673,52827.70000000,1.50878511,0
2024-10-23 08:00:00,0.00002830,0.00002843,0.00002808,0.00002820,165789.80000000,1729684799999,4.68423552,3275,88534.40000000,2.50155060,0
2024-10-23 12:00:00,0.00002820,0.00002933,0.00002817,0.00002892,433676.10000000,1729699199999,12.46322851,7208,140193.40000000,4.02903320,0
2024-10-23 16:00:00,0.00002892,0.00002957,0.00002890,0.00002939,478849.30000000,1729713599999,13.98278335,3840,232705.10000000,6.79885706,0
2024-10-23 20:00:00,0.00002939,0.00003004,0.00002937,0.00002968,175057.30000000,1729727999999,5.19642749,2035,91563.70000000,2.71881150,0
2024-10-24 00:00:00,0.00002969,0.00002980,0.00002941,0.00002970,210744.60000000,1729742399999,6.23137292,1517,94336.40000000,2.79004567,0
2024-10-24 04:00:00,0.00002967,0.00003042,0.00002959,0.00002994,208397.50000000,1729756799999,6.26014198,2406,105067.00000000,3.15692559,0
2024-10-24 08:00:00,0.00002995,0.00002998,0.00002942,0.00002969,149172.80000000,1729771199999,4.41979767,2155,68267.50000000,2.02294018,0
2024-10-24 12:00:00,0.00002971,0.00003006,0.00002908,0.00002913,363045.30000000,1729785599999,10.76157196,5585,198708.10000000,5.89631108,0
2024-10-24 16:00:00,0.00002915,0.00002930,0.00002872,0.00002876,161893.20000000,1729799999999,4.68629618,1644,88441.80000000,2.55923616,0
2024-10-24 20:00:00,0.00002877,0.00002877,0.00002827,0.00002840,243747.90000000,1729814399999,6.94941601,1627,151729.30000000,4.32593982,0
2024-10-25 00:00:00,0.00002842,0.00002852,0.00002813,0.00002815,147987.70000000,1729828799999,4.18736994,1052,45435.90000000,1.28628588,0
2024-10-25 04:00:00,0.00002819,0.00002845,0.00002794,0.00002839,285918.00000000,1729843199999,8.03219361,2450,215127.20000000,6.04098525,0
2024-10-25 08:00:00,0.00002835,0.00002852,0.00002824,0.00002843,139407.50000000,1729857599999,3.96379669,1117,63057.80000000,1.79236302,0
2024-10-25 12:00:00,0.00002842,0.00002842,0.00002757,0.00002770,256675.70000000,1729871999999,7.16415512,2766,131549.10000000,3.66883955,0
2024-10-25 16:00:00,0.00002768,0.00002773,0.00002699,0.00002737,549102.40000000,1729886399999,14.96371389,4185,267915.20000000,7.30221801,0
2024-10-25 20:00:00,0.00002737,0.00002753,0.00002507,0.00002628,1018143.30000000,1729900799999,26.68618151,5305,368232.00000000,9.70941430,0
2024-10-26 00:00:00,0.00002626,0.00002637,0.00002548,0.00002629,667027.80000000,1729915199999,17.27786704,3291,407175.10000000,10.58533202,0
2024-10-26 04:00:00,0.00002627,0.00002672,0.00002604,0.00002642,290914.30000000,1729929599999,7.67171951,2291,139028.10000000,3.66624101,0
2024-10-26 08:00:00,0.00002644,0.00002750,0.00002642,0.00002743,421658.10000000,1729943999999,11.44961573,6908,167139.10000000,4.52276239,0
2024-10-26 12:00:00,0.00002747,0.00002749,0.00002644,0.00002658,284283.00000000,1729958399999,7.69169909,3689,158707.00000000,4.29316135,0
2024-10-26 16:00:00,0.00002661,0.00002679,0.00002647,0.00002660,170441.50000000,1729972799999,4.54438536,2842,55319.80000000,1.47557235,0
2024-10-26 20:00:00,0.00002659,0.00002689,0.00002646,0.00002675,89836.90000000,1729987199999,2.39672319,1429,41569.10000000,1.10897975,0
2024-10-27 00:00:00,0.00002674,0.00002700,0.00002649,0.00002692,165088.80000000,1730001599999,4.41439844,4308,53210.90000000,1.42289635,0
2024-10-27 04:00:00,0.00002693,0.00002714,0.00002681,0.00002712,73872.80000000,1730015999999,1.99078447,693,33776.30000000,0.91082569,0
2024-10-27 08:00:00,0.00002711,0.00002716,0.00002650,0.00002664,157887.40000000,1730030399999,4.22266706,1961,80986.50000000,2.16742904,0
2024-10-27 12:00:00,0.00002664,0.00002678,0.00002615,0.00002624,189512.80000000,1730044799999,5.01042910,1808,103481.40000000,2.73455659,0
2024-10-27 16:00:00,0.00002623,0.00002656,0.00002551,0.00002562,1882678.70000000,1730059199999,48.48012404,10067,730392.20000000,18.86135029,0
2024-10-27 20:00:00,0.00002562,0.00002638,0.00002546,0.00002582,252992.80000000,1730073599999,6.54714652,1680,131391.30000000,3.39770695,0
2024-10-28 00:00:00,0.00002581,0.00002586,0.00002462,0.00002471,511913.70000000,1730087999999,12.98999880,5172,350270.40000000,8.90437977,0
2024-10-28 04:00:00,0.00002471,0.00002546,0.00002445,0.00002541,478064.90000000,1730102399999,11.97883797,4323,189582.10000000,4.75366424,0
2024-10-28 08:00:00,0.00002540,0.00002551,0.00002463,0.00002467,476133.10000000,1730116799999,11.89190919,3715,213102.20000000,5.31979766,0
2024-10-28 12:00:00,0.00002468,0.00002485,0.00002383,0.00002416,588517.20000000,1730131199999,14.34355356,4831,315557.40000000,7.69348368,0
2024-10-28 16:00:00,0.00002412,0.00002425,0.00002335,0.00002407,732606.90000000,1730145599999,17.45279225,4532,340231.90000000,8.10995926,0
2024-10-28 20:00:00,0.00002406,0.00002558,0.00002404,0.00002535,734236.70000000,1730159999999,18.36396609,3257,368665.90000000,9.21348484,0
2024-10-29 00:00:00,0.00002534,0.00002702,0.00002526,0.00002649,2748464.70000000,1730174399999,73.11277501,7943,1610363.60000000,42.88859927,0
2024-10-29 04:00:00,0.00002652,0.00002658,0.00002582,0.00002590,399668.20000000,1730188799999,10.45902613,2130,181574.10000000,4.75072233,0
2024-10-29 08:00:00,0.00002594,0.00002814,0.00002593,0.00002771,2042511.10000000,1730203199999,55.66844626,10245,1222844.30000000,33.39565555,0
2024-10-29 12:00:00,0.00002772,0.00002836,0.00002745,0.00002780,1803983.80000000,1730217599999,50.15551708,16094,975832.60000000,27.13792699,0
2024-10-29 16:00:00,0.00002779,0.00002882,0.00002741,0.00002753,1951594.60000000,1730231999999,54.76698417,8499,1013551.50000000,28.46631641,0
2024-10-29 20:00:00,0.00002759,0.00002866,0.00002738,0.00002848,505636.10000000,1730246399999,14.18232338,2360,248412.60000000,6.97031736,0
2024-10-30 00:00:00,0.00002847,0.00002944,0.00002831,0.00002888,1057220.50000000,1730260799999,30.52502587,4562,478872.20000000,13.82347993,0
2024-10-30 04:00:00,0.00002883,0.00002895,0.00002837,0.00002839,319745.40000000,1730275199999,9.14843885,1868,182800.50000000,5.22742926,0
2024-10-30 08:00:00,0.00002842,0.00002864,0.00002799,0.00002806,220898.90000000,1730289599999,6.24833752,1192,114174.10000000,3.23232466,0
2024-10-30 12:00:00,0.00002804,0.00002846,0.00002755,0.00002762,328126.90000000,1730303999999,9.17795947,2455,180963.70000000,5.06680239,0
2024-10-30 16:00:00,0.00002768,0.00002846,0.00002756,0.00002830,217631.10000000,1730318399999,6.11729919,1406,111031.90000000,3.12293547,0
2024-10-30 20:00:00,0.00002830,0.00002907,0.00002802,0.00002878,321333.00000000,1730332799999,9.16387431,2104,168316.80000000,4.80034717,0
2024-10-31 00:00:00,0.00002880,0.00002901,0.00002827,0.00002843,358715.60000000,1730347199999,10.24112237,1738,160675.70000000,4.58871012,0
2024-10-31 04:00:00,0.00002841,0.00002880,0.00002816,0.00002865,190869.20000000,1730361599999,5.43952786,1793,87472.40000000,2.49176673,0
2024-10-31 08:00:00,0.00002864,0.00002864,0.00002792,0.00002824,230126.80000000,1730375999999,6.47212601,2280,110183.10000000,3.09861656,0
2024-10-31 12:00:00,0.00002819,0.00002878,0.00002777,0.00002865,624434.40000000,1730390399999,17.62836833,4255,344334.20000000,9.73626771,0
2024-10-31 16:00:00,0.00002863,0.00002874,0.00002755,0.00002793,496386.50000000,1730404799999,13.88292176,7271,148731.40000000,4.17465558,0
2024-10-31 20:00:00,0.00002793,0.00002834,0.00002787,0.00002805,184498.80000000,1730419199999,5.18517748,1376,104738.80000000,2.94418783,0
2024-11-01 00:00:00,0.00002804,0.00002907,0.00002804,0.00002851,469706.80000000,1730433599999,13.42307332,2081,236095.80000000,6.74390701,0
2024-11-01 04:00:00,0.00002852,0.00002869,0.00002777,0.00002791,208063.10000000,1730447999999,5.85621015,1402,97925.50000000,2.75769064,0
2024-11-01 08:00:00,0.00002792,0.00002807,0.00002763,0.00002792,163709.40000000,1730462399999,4.55404760,1449,95671.10000000,2.66071238,0
2024-11-01 12:00:00,0.00002787,0.00002957,0.00002786,0.00002813,1840921.10000000,1730476799999,53.28641675,12691,942705.90000000,27.31185589,0
2024-11-01 16:00:00,0.00002811,0.00002887,0.00002798,0.00002856,579099.20000000,1730491199999,16.46553784,3854,297171.60000000,8.45024504,0
2024-11-01 20:00:00,0.00002858,0.00002898,0.00002831,0.00002861,346700.00000000,1730505599999,9.91135599,2076,247219.00000000,7.06263506,0
2024-11-02 00:00:00,0.00002860,0.00002898,0.00002814,0.00002814,308092.00000000,1730519999999,8.79559590,1415,144773.00000000,4.12956623,0
2024-11-02 04:00:00,0.00002813,0.00002828,0.00002785,0.00002798,465866.00000000,1730534399999,13.06239658,3261,193182.90000000,5.42518089,0
2024-11-02 08:00:00,0.00002798,0.00002805,0.00002760,0.00002769,285560.30000000,1730548799999,7.94800960,2067,122646.90000000,3.41751418,0
2024-11-02 12:00:00,0.00002767,0.00002779,0.00002731,0.00002758,364889.60000000,1730563199999,10.06042328,3394,191749.10000000,5.28852047,0
2024-11-02 16:00:00,0.00002758,0.00002770,0.00002698,0.00002721,214726.80000000,1730577599999,5.84538139,2889,73987.10000000,2.02269609,0
2024-11-02 20:00:00,0.00002718,0.00002770,0.00002717,0.00002752,84343.00000000,1730591999999,2.31668095,921,38204.70000000,1.04937591,0
2024-11-03 00:00:00,0.00002752,0.00002761,0.00002652,0.00002701,399602.10000000,1730606399999,10.84028826,2838,185078.10000000,5.02079327,0
2024-11-03 04:00:00,0.00002702,0.00002771,0.00002701,0.00002762,214236.10000000,1730620799999,5.87994322,1204,98393.40000000,2.69997829,0
2024-11-03 08:00:00,0.00002761,0.00002763,0.00002711,0.00002713,291743.50000000,1730635199999,7.93955981,2051,217589.00000000,5.91523796,0
2024-11-03 12:00:00,0.00002714,0.00002728,0.00002619,0.00002709,414585.20000000,1730649599999,11.08460645,3066,215033.20000000,5.75168921,0
2024-11-03 16:00:00,0.00002703,0.00002738,0.00002671,0.00002681,210254.00000000,1730663999999,5.68150859,1655,109324.40000000,2.95437786,0
2024-11-03 20:00:00,0.00002686,0.00002853,0.00002680,0.00002833,723840.90000000,1730678399999,20.08549465,5604,298356.10000000,8.28673883,0
2024-11-04 00:00:00,0.00002835,0.00002853,0.00002753,0.00002757,451699.40000000,1730692799999,12.65533715,2651,210763.90000000,5.91508168,0
2024-11-04 04:00:00,0.00002756,0.00002771,0.00002717,0.00002735,246361.80000000,1730707199999,6.75563006,2361,129090.40000000,3.54544339,0
2024-11-04 08:00:00,0.00002736,0.00002763,0.00002709,0.00002734,245593.60000000,1730721599999,6.71730705,2191,126321.10000000,3.45678498,0
2024-11-04 12:00:00,0.00002735,0.00002779,0.00002723,0.00002759,245019.20000000,1730735999999,6.73967339,2013,115635.30000000,3.18446805,0
2024-11-04 16:00:00,0.00002755,0.00002794,0.00002720,0.00002726,383613.70000000,1730750399999,10.54838625,2176,195006.90000000,5.36264858,0
2024-11-04 20:00:00,0.00002726,0.00002743,0.00002676,0.00002728,336354.80000000,1730764799999,9.12111163,2413,166362.20000000,4.51228895,0
2024-11-05 00:00:00,0.00002729,0.00002775,0.00002726,0.00002765,160002.90000000,1730779199999,4.39883049,1134,75732.20000000,2.08239689,0
2024-11-05 04:00:00,0.00002768,0.00002828,0.00002759,0.00002796,207345.40000000,1730793599999,5.80679006,1320,100416.40000000,2.81247058,0
2024-11-05 08:00:00,0.00002796,0.00002843,0.00002788,0.00002839,196871.20000000,1730807999999,5.52771389,1689,95493.80000000,2.68180260,0
2024-11-05 12:00:00,0.00002839,0.00002946,0.00002812,0.00002873,796516.60000000,1730822399999,22.93746880,5068,372738.90000000,10.74588669,0
2024-11-05 16:00:00,0.00002872,0.00002917,0.00002826,0.00002839,397080.10000000,1730836799999,11.40692557,3531,198108.40000000,5.69178981,0
2024-11-05 20:00:00,0.00002839,0.00002899,0.00002818,0.00002896,253217.50000000,1730851199999,7.21562023,1917,147814.80000000,4.21270887,0
2024-11-06 00:00:00,0.00002897,0.00003105,0.00002878,0.00003068,2618167.60000000,1730865599999,78.56264200,14487,1349823.20000000,40.52626700,0
2024-11-06 04:00:00,0.00003069,0.00003137,0.00003035,0.00003042,1873329.80000000,1730879999999,57.74711955,12891,969863.00000000,29.90532137,0
2024-11-06 08:00:00,0.00003044,0.00003128,0.00002976,0.00003113,1140670.90000000,1730894399999,34.76161892,6843,530728.60000000,16.18054488,0
2024-11-06 12:00:00,0.00003113,0.00003116,0.00003032,0.00003034,764112.80000000,1730908799999,23.55623738,5525,312626.10000000,9.63967488,0
2024-11-06 16:00:00,0.00003033,0.00003058,0.00002998,0.00003025,533751.90000000,1730923199999,16.12549877,3464,274687.40000000,8.29754983,0
2024-11-06 20:00:00,0.00003022,0.00003091,0.00002992,0.00003050,723037.50000000,1730937599999,21.89906288,4316,380498.40000000,11.52819154,0
2024-11-07 00:00:00,0.00003049,0.00003147,0.00003019,0.00003069,819566.60000000,1730951999999,25.22636178,5134,428788.80000000,13.19877470,0
2024-11-07 04:00:00,0.00003069,0.00003083,0.00002967,0.00002993,365865.10000000,1730966399999,11.05289382,5926,139988.00000000,4.23424380,0
2024-11-07 08:00:00,0.00002993,0.00003038,0.00002976,0.00003012,177910.20000000,1730980799999,5.35074187,2254,95693.90000000,2.87790634,0
2024-11-07 12:00:00,0.00003012,0.00003115,0.00002995,0.00003112,381253.70000000,1730995199999,11.64138724,3058,213601.80000000,6.53254740,0
2024-11-07 16:00:00,0.00003107,0.00003121,0.00003036,0.00003069,571699.90000000,1731009599999,17.55305571,4225,282894.60000000,8.68819525,0
2024-11-07 20:00:00,0.00003070,0.00003075,0.00003005,0.00003057,369152.90000000,1731023999999,11.19645536,2593,183264.30000000,5.56059573,0
2024-11-08 00:00:00,0.00003058,0.00003127,0.00002990,0.00003053,310333.90000000,1731038399999,9.45960729,2823,147386.30000000,4.49987921,0
2024-11-08 04:00:00,0.00003047,0.00003069,0.00003009,0.00003011,148184.00000000,1731052799999,4.50309617,2038,70522.90000000,2.14362493,0
2024-11-08 08:00:00,0.00003013,0.00003065,0.00002999,0.00003027,185594.30000000,1731067199999,5.63540109,3176,82045.30000000,2.49155374,0
2024-11-08 12:00:00,0.00003027,0.00003088,0.00002993,0.00003013,439113.70000000,1731081599999,13.29937456,7803,249183.90000000,7.53874172,0
2024-11-08 16:00:00,0.00003010,0.00003021,0.00002907,0.00002943,494946.50000000,1731095999999,14.58225976,4169,234757.30000000,6.91461369,0
2024-11-08 20:00:00,0.00002942,0.00003013,0.00002930,0.00002990,156744.80000000,1731110399999,4.64786421,1498,88969.90000000,2.63959212,0
2024-11-09 00:00:00,0.00002989,0.00003020,0.00002922,0.00002938,198590.90000000,1731124799999,5.90022681,1788,100657.00000000,2.99248136,0
2024-11-09 04:00:00,0.00002939,0.00003003,0.00002935,0.00002965,175677.00000000,1731139199999,5.21114797,2585,81596.10000000,2.42137752,0
2024-11-09 08:00:00,0.00002964,0.00003046,0.00002963,0.00003025,195550.80000000,1731153599999,5.89735427,4113,97888.50000000,2.95189691,0
2024-11-09 12:00:00,0.00003027,0.00003156,0.00003004,0.00003121,410042.70000000,1731167999999,12.65614441,3761,236535.50000000,7.30137131,0
2024-11-09 16:00:00,0.00003121,0.00003265,0.00003064,0.00003257,580357.80000000,1731182399999,18.38888467,6429,317563.40000000,10.07270063,0
2024-11-09 20:00:00,0.00003255,0.00003720,0.00003235,0.00003578,1755611.00000000,1731196799999,61.42477319,14165,961304.40000000,33.68037006,0
2024-11-10 00:00:00,0.00003583,0.00003715,0.00003512,0.00003654,1119184.80000000,1731211199999,40.65701949,8180,625100.90000000,22.72199957,0
2024-11-10 04:00:00,0.00003654,0.00003715,0.00003552,0.00003713,1091177.80000000,1731225599999,39.46050017,12122,587132.80000000,21.23648304,0
2024-11-10 08:00:00,0.00003714,0.00003974,0.00003653,0.00003798,2293828.70000000,1731239999999,87.95130233,30151,1179016.60000000,45.17118225,0
2024-11-10 12:00:00,0.00003798,0.00003865,0.00003668,0.00003764,1060603.30000000,1731254399999,39.77476465,9303,519867.60000000,19.51356713,0
2024-11-10 16:00:00,0.00003773,0.00003840,0.00003686,0.00003701,1296280.80000000,1731268799999,49.05312699,9888,650288.60000000,24.61345156,0
2024-11-10 20:00:00,0.00003700,0.00003800,0.00003571,0.00003774,1087327.70000000,1731283199999,40.37825681,8921,550526.60000000,20.46915294,0
2024-11-11 00:00:00,0.00003773,0.00004044,0.00003765,0.00004000,1532793.60000000,1731297599999,60.22509432,14374,851551.10000000,33.51076205,0
2024-11-11 04:00:00,0.00003992,0.00004044,0.00003825,0.00003903,965121.00000000,1731311999999,37.77332607,10226,488602.70000000,19.12556248,0
2024-11-11 08:00:00,0.00003904,0.00004011,0.00003834,0.00003966,589068.90000000,1731326399999,23.04377592,8185,269049.50000000,10.53328416,0
2024-11-11 12:00:00,0.00003969,0.00004003,0.00003821,0.00003844,1327370.00000000,1731340799999,52.07175658,13249,644546.90000000,25.28589231,0
2024-11-11 16:00:00,0.00003848,0.00003851,0.00003648,0.00003657,1017696.70000000,1731355199999,38.18696899,9515,506016.00000000,19.00718781,0
2024-11-11 20:00:00,0.00003657,0.00003742,0.00003587,0.00003693,2553242.50000000,1731369599999,93.40388830,15732,1380028.00000000,50.53461500,0
2024-11-12 00:00:00,0.00003692,0.00003693,0.00003502,0.00003592,1436612.80000000,1731383999999,51.16879971,10949,688486.20000000,24.53002574,0
2024-11-12 04:00:00,0.00003588,0.00003603,0.00003490,0.00003503,819535.60000000,1731398399999,29.06224949,8509,412678.80000000,14.63802498,0
2024-11-12 08:00:00,0.00003504,0.00003564,0.00003303,0.00003432,2419492.00000000,1731412799999,82.67482073,21642,1157647.10000000,39.57366775,0
2024-11-12 12:00:00,0.00003433,0.00003543,0.00003375,0.00003499,1095339.20000000,1731427199999,37.81563242,10298,583892.40000000,20.16439261,0
2024-11-12 16:00:00,0.00003503,0.00003589,0.00003461,0.00003505,1066074.40000000,1731441599999,37.66116415,8859,521139.70000000,18.41321786,0
2024-11-12 20:00:00,0.00003507,0.00003785,0.00003409,0.00003655,1050144.80000000,1731455999999,37.77608156,9135,544159.50000000,19.55074313,0
2024-11-13 00:00:00,0.00003656,0.00003657,0.00003354,0.00003359,733611.30000000,1731470399999,25.56525032,6469,325418.30000000,11.35513406,0
2024-11-13 04:00:00,0.00003359,0.00003437,0.00003291,0.00003407,891261.80000000,1731484799999,30.06138841,8463,393985.10000000,13.28567717,0
2024-11-13 08:00:00,0.00003408,0.00003742,0.00003393,0.00003631,1130935.90000000,1731499199999,40.71651032,11990,572649.70000000,20.54807800,0
2024-11-13 12:00:00,0.00003633,0.00003699,0.00003519,0.00003695,2202325.60000000,1731513599999,79.17773683,21897,1095353.90000000,39.41271727,0
2024-11-13 16:00:00,0.00003695,0.00003716,0.00003521,0.00003575,1605036.30000000,1731527999999,57.73611963,15844,857408.20000000,30.86342898,0
2024-11-13 20:00:00,0.00003575,0.00003680,0.00003553,0.00003657,676945.30000000,1731542399999,24.48813189,5883,370907.00000000,13.42875601,0
2024-11-14 00:00:00,0.00003655,0.00003806,0.00003624,0.00003742,816201.80000000,1731556799999,30.30496291,7743,387393.30000000,14.39903991,0
2024-11-14 04:00:00,0.00003739,0.00003931,0.00003706,0.00003745,1260226.90000000,1731571199999,48.25541177,12155,654392.20000000,25.09993287,0
2024-11-14 08:00:00,0.00003747,0.00003747,0.00003590,0.00003618,530881.00000000,1731585599999,19.52156449,6413,195071.40000000,7.18591203,0
2024-11-14 12:00:00,0.00003607,0.00003791,0.00003589,0.00003775,581262.30000000,1731599999999,21.35379023,11170,285250.40000000,10.51384703,0
2024-11-14 16:00:00,0.00003772,0.00003852,0.00003742,0.00003829,308344.30000000,1731614399999,11.69518384,5119,130746.90000000,4.96242645,0
2024-11-14 20:00:00,0.00003825,0.00003928,0.00003765,0.00003839,619871.40000000,1731628799999,23.79426294,7120,359656.20000000,13.81395846,0
2024-11-15 00:00:00,0.00003842,0.00003879,0.00003598,0.00003628,394531.40000000,1731643199999,14.72029183,6619,167001.70000000,6.28022020,0
2024-11-15 04:00:00,0.00003627,0.00003743,0.00003551,0.00003729,292308.50000000,1731657599999,10.61177857,3539,141210.70000000,5.14528757,0
2024-11-15 08:00:00,0.00003729,0.00003833,0.00003695,0.00003767,222945.00000000,1731671999999,8.42890064,3841,119478.20000000,4.51948234,0
2024-11-15 12:00:00,0.00003764,0.00003852,0.00003754,0.00003819,867082.50000000,1731686399999,33.04742397,11424,570696.00000000,21.77488669,0
2024-11-15 16:00:00,0.00003826,0.00003826,0.00003645,0.00003720,338658.80000000,1731700799999,12.62500053,4130,146597.80000000,5.44604807,0
2024-11-15 20:00:00,0.00003714,0.00004032,0.00003699,0.00003966,736235.00000000,1731715199999,28.54663344,7426,428350.00000000,16.58522259,0
2024-11-16 00:00:00,0.00003967,0.00004266,0.00003939,0.00004256,748036.20000000,1731729599999,30.71026228,8552,440915.90000000,18.11320503,0
2024-11-16 04:00:00,0.00004257,0.00004268,0.00004068,0.00004108,547174.00000000,1731743999999,22.69566613,7714,249013.50000000,10.34852574,0
2024-11-16 08:00:00,0.00004110,0.00004308,0.00004080,0.00004150,906279.00000000,1731758399999,38.12143776,12459,550423.00000000,23.17019791,0
2024-11-16 12:00:00,0.00004146,0.00004189,0.00004007,0.00004014,493378.30000000,1731772799999,20.20546003,9502,203485.00000000,8.34294827,0
2024-11-16 16:00:00,0.00004015,0.00004186,0.00003984,0.00004141,438986.00000000,1731787199999,17.88278041,6338,271503.80000000,11.07297120,0
2024-11-16 20:00:00,0.00004141,0.00004169,0.00004085,0.00004151,312025.60000000,1731801599999,12.86305951,3976,199435.30000000,8.22170152,0
2024-11-17 00:00:00,0.00004152,0.00004194,0.00004000,0.00004094,481802.60000000,1731815999999,19.74012259,6758,233991.30000000,9.61227750,0
2024-11-17 04:00:00,0.00004084,0.00004129,0.00003965,0.00004121,691640.70000000,1731830399999,27.95316716,6539,298895.40000000,12.09244012,0
2024-11-17 08:00:00,0.00004117,0.00004228,0.00004075,0.00004075,342086.00000000,1731844799999,14.19520170,6863,179018.40000000,7.43395994,0
2024-11-17 12:00:00,0.00004078,0.00004296,0.00004078,0.00004226,487298.70000000,1731859199999,20.37379782,8529,293416.00000000,12.26510271,0
2024-11-17 16:00:00,0.00004228,0.00004352,0.00004200,0.00004261,583638.50000000,1731873599999,24.89253060,8577,328933.00000000,14.02044554,0
2024-11-17 20:00:00,0.00004258,0.00004328,0.00004134,0.00004209,652286.00000000,1731887999999,27.43294499,13583,207381.50000000,8.72034416,0
2024-11-18 00:00:00,0.00004211,0.00004278,0.00004161,0.00004273,249084.80000000,1731902399999,10.54218225,4009,142256.10000000,6.02313936,0
2024-11-18 04:00:00,0.00004273,0.00004310,0.00004114,0.00004123,623122.40000000,1731916799999,25.98902204,7116,379490.20000000,15.83582429,0
2024-11-18 08:00:00,0.00004124,0.00004126,0.00004015,0.00004064,440606.60000000,1731931199999,17.95154887,7761,300245.20000000,12.23930325,0
2024-11-18 12:00:00,0.00004064,0.00004186,0.00003990,0.00004076,727423.80000000,1731945599999,29.69140625,13472,358635.50000000,14.63147719,0
2024-11-18 16:00:00,0.00004079,0.00004129,0.00004002,0.00004036,327839.50000000,1731959999999,13.36824289,5730,188647.70000000,7.69803619,0
2024-11-18 20:00:00,0.00004034,0.00004130,0.00004018,0.00004088,249684.90000000,1731974399999,10.20063740,2866,100247.40000000,4.09654316,0
2024-11-19 00:00:00,0.00004090,0.00004114,0.00004053,0.00004098,173515.20000000,1731988799999,7.07026622,1937,109997.20000000,4.48215124,0
2024-11-19 04:00:00,0.00004096,0.00004161,0.00004041,0.00004124,148454.40000000,1732003199999,6.10149686,1986,74929.80000000,3.08013478,0
2024-11-19 08:00:00,0.00004128,0.00004146,0.00004022,0.00004038,364885.40000000,1732017599999,14.79139959,4122,218169.00000000,8.83796246,0
2024-11-19 12:00:00,0.00004035,0.00004066,0.00003935,0.00003969,585511.30000000,1732031999999,23.32195686,7814,339258.80000000,13.50222592,0
2024-11-19 16:00:00,0.00003969,0.00004085,0.00003957,0.00004085,710606.70000000,1732046399999,28.65201755,9509,329310.30000000,13.29016298,0
2024-11-19 20:00:00,0.00004085,0.00004120,0.00003971,0.00004035,660636.80000000,1732060799999,26.72182701,6554,267606.30000000,10.84070128,0
2024-11-20 00:00:00,0.00004034,0.00004146,0.00004004,0.00004124,203273.80000000,1732075199999,8.31833325,3318,100248.80000000,4.10391909,0
2024-11-20 04:00:00,0.00004123,0.00004160,0.00004074,0.00004100,268989.40000000,1732089599999,11.09252229,3416,120842.90000000,4.98392852,0
2024-11-20 08:00:00,0.00004094,0.00004108,0.00003907,0.00003920,437044.20000000,1732103999999,17.47989674,6499,166061.70000000,6.64776986,0
2024-11-20 12:00:00,0.00003919,0.00003957,0.00003865,0.00003920,574408.30000000,1732118399999,22.40376389,9351,304262.70000000,11.86761825,0
2024-11-20 16:00:00,0.00003921,0.00003952,0.00003670,0.00003699,1101460.50000000,1732132799999,41.61493283,12332,521373.70000000,19.74152177,0
2024-11-20 20:00:00,0.00003694,0.00003831,0.00003658,0.00003738,578531.00000000,1732147199999,21.69464079,4919,348637.60000000,13.06209313,0
2024-11-21 00:00:00,0.00003738,0.00003834,0.00003618,0.00003623,753252.50000000,1732161599999,27.98264978,6572,374161.70000000,13.89815570,0
2024-11-21 04:00:00,0.00003624,0.00003745,0.00003577,0.00003631,1789941.20000000,1732175999999,65.57038108,17873,944293.00000000,34.62030259,0
2024-11-21 08:00:00,0.00003628,0.00003679,0.00003409,0.00003555,1052322.60000000,1732190399999,37.03671249,13674,546707.70000000,19.25226611,0
2024-11-21 12:00:00,0.00003553,0.00003798,0.00003549,0.00003676,1630634.40000000,1732204799999,60.41867308,16038,667851.90000000,24.73443007,0
2024-11-21 16:00:00,0.00003683,0.00003732,0.00003602,0.00003664,560718.40000000,1732219199999,20.62823618,5244,263986.20000000,9.70793992,0
2024-11-21 20:00:00,0.00003665,0.00003746,0.00003649,0.00003685,356646.00000000,1732233599999,13.22907342,2983,140222.80000000,5.18468585,0
2024-11-22 00:00:00,0.00003686,0.00003691,0.00003566,0.00003646,431240.80000000,1732247999999,15.59563042,3931,259389.90000000,9.37870605,0
2024-11-22 04:00:00,0.00003646,0.00003701,0.00003561,0.00003573,470163.60000000,1732262399999,17.11858770,4252,234993.10000000,8.55834367,0
2024-11-22 08:00:00,0.00003577,0.00003628,0.00003562,0.00003626,499583.40000000,1732276799999,17.99378772,4618,271977.60000000,9.80087432,0
2024-11-22 12:00:00,0.00003625,0.00003657,0.00003533,0.00003550,962161.50000000,1732291199999,34.47354799,10983,563811.30000000,20.18073034,0
2024-11-22 16:00:00,0.00003550,0.00003552,0.00003412,0.00003453,1079023.30000000,1732305599999,37.43838800,7940,509496.00000000,17.67557981,0
2024-11-22 20:00:00,0.00003453,0.00003611,0.00003451,0.00003606,1275054.70000000,1732319999999,44.81176826,7134,469713.90000000,16.51075180,0
2024-11-23 00:00:00,0.00003606,0.00003635,0.00003520,0.00003578,736432.20000000,1732334399999,26.38878352,6847,248389.70000000,8.90287676,0
2024-11-23 04:00:00,0.00003579,0.00003695,0.00003573,0.00003677,620126.00000000,1732348799999,22.49677182,6849,396174.70000000,14.34602084,0
2024-11-23 08:00:00,0.00003677,0.00003698,0.00003590,0.00003592,359302.10000000,1732363199999,13.06818093,5229,180182.90000000,6.55368618,0
2024-11-23 12:00:00,0.00003593,0.00003705,0.00003583,0.00003635,468841.50000000,1732377599999,17.10412859,5900,205868.00000000,7.50294867,0
2024-11-23 16:00:00,0.00003636,0.00003666,0.00003493,0.00003524,717281.50000000,1732391999999,25.41901965,7179,324245.40000000,11.50172588,0
2024-11-23 20:00:00,0.00003520,0.00003572,0.00003440,0.00003521,879821.30000000,1732406399999,30.83344963,7846,334816.60000000,11.72647841,0
2024-11-24 00:00:00,0.00003519,0.00003633,0.00003501,0.00003596,296730.10000000,1732420799999,10.62137451,3184,144940.00000000,5.18892012,0
2024-11-24 04:00:00,0.00003598,0.00003605,0.00003496,0.00003527,193776.50000000,1732435199999,6.84212400,3004,98733.00000000,3.48687393,0
2024-11-24 08:00:00,0.00003527,0.00003533,0.00003403,0.00003413,503001.50000000,1732449599999,17.57763809,11447,117032.00000000,4.07282387,0
2024-11-24 12:00:00,0.00003415,0.00003501,0.00003260,0.00003406,3814662.20000000,1732463999999,129.45022750,54553,715432.10000000,24.32281415,0
2024-11-24 16:00:00,0.00003409,0.00003507,0.00003393,0.00003486,491349.80000000,1732478399999,16.85781544,5339,214870.20000000,7.38058478,0
2024-11-24 20:00:00,0.00003485,0.00003496,0.00003430,0.00003469,206844.60000000,1732492799999,7.16352640,2579,91155.10000000,3.15762062,0
2024-11-25 00:00:00,0.00003468,0.00003504,0.00003375,0.00003431,431754.80000000,1732507199999,14.83138250,4306,225297.10000000,7.72906741,0
2024-11-25 04:00:00,0.00003430,0.00003532,0.00003426,0.00003492,255629.40000000,1732521599999,8.91200958,3067,137662.10000000,4.79760651,0
2024-11-25 08:00:00,0.00003494,0.00003536,0.00003452,0.00003469,292180.20000000,1732535999999,10.22507604,3703,158486.60000000,5.54650512,0
2024-11-25 12:00:00,0.00003468,0.00003482,0.00003361,0.00003447,562665.90000000,1732550399999,19.22406415,7768,319051.40000000,10.89198084,0
2024-11-25 16:00:00,0.00003449,0.00003476,0.00003301,0.00003363,886206.50000000,1732564799999,29.76530321,12495,159808.80000000,5.37778184,0
2024-11-25 20:00:00,0.00003364,0.00003457,0.00003303,0.00003433,609224.30000000,1732579199999,20.50659909,5737,330293.50000000,11.12618132,0
2024-11-26 00:00:00,0.00003431,0.00003485,0.00003394,0.00003419,165907.20000000,1732593599999,5.70627396,2111,76251.00000000,2.62322377,0
2024-11-26 04:00:00,0.00003417,0.00003454,0.00003408,0.00003434,189736.50000000,1732607999999,6.51478427,4637,134512.00000000,4.61999865,0
2024-11-26 08:00:00,0.00003431,0.00003437,0.00003250,0.00003329,1151938.10000000,1732622399999,38.19415963,11622,378958.80000000,12.61590216,0
2024-11-26 12:00:00,0.00003329,0.00003703,0.00003322,0.00003615,2185681.50000000,1732636799999,77.70490977,24629,1375340.40000000,48.83356002,0
2024-11-26 16:00:00,0.00003616,0.00003740,0.00003596,0.00003688,1270762.70000000,1732651199999,46.73698879,20509,685635.60000000,25.27268753,0
2024-11-26 20:00:00,0.00003688,0.00003800,0.00003684,0.00003800,1086187.00000000,1732665599999,40.65489422,10322,757701.80000000,28.37000061,0
2024-11-27 00:00:00,0.00003800,0.00003807,0.00003580,0.00003589,404084.30000000,1732679999999,14.78991415,3007,190998.00000000,7.00388013,0
2024-11-27 04:00:00,0.00003588,0.00003651,0.00003541,0.00003628,189093.00000000,1732694399999,6.78486757,2517,99313.30000000,3.56666041,0
2024-11-27 08:00:00,0.00003627,0.00003660,0.00003601,0.00003633,346819.30000000,1732708799999,12.59104888,7050,128492.80000000,4.66929574,0
2024-11-27 12:00:00,0.00003632,0.00003642,0.00003551,0.00003586,376943.30000000,1732723199999,13.55779204,5192,188075.10000000,6.76599174,0
2024-11-27 16:00:00,0.00003585,0.00003616,0.00003551,0.00003579,200292.80000000,1732737599999,7.17441942,3243,101710.20000000,3.64538228,0
2024-11-27 20:00:00,0.00003579,0.00003619,0.00003559,0.00003582,199243.20000000,1732751999999,7.14630147,2883,93762.50000000,3.36413176,0
2024-11-28 00:00:00,0.00003582,0.00003725,0.00003541,0.00003655,449687.60000000,1732766399999,16.41634765,8350,306207.50000000,11.19113097,0
2024-11-28 04:00:00,0.00003657,0.00003817,0.00003638,0.00003792,479094.80000000,1732780799999,17.99216890,5728,302010.20000000,11.33515790,0
2024-11-28 08:00:00,0.00003791,0.00003830,0.00003695,0.00003708,365920.50000000,1732795199999,13.78699016,4365,183779.30000000,6.94969864,0
2024-11-28 12:00:00,0.00003710,0.00003722,0.00003599,0.00003600,301282.20000000,1732809599999,11.04948375,4637,104590.40000000,3.83691015,0
2024-11-28 16:00:00,0.00003600,0.00003668,0.00003598,0.00003635,136090.00000000,1732823999999,4.94423308,2669,58857.70000000,2.13913386,0
2024-11-28 20:00:00,0.00003637,0.00003668,0.00003595,0.00003600,91105.40000000,1732838399999,3.30871862,1567,40950.80000000,1.48828078,0
2024-11-29 00:00:00,0.00003600,0.00003616,0.00003560,0.00003563,144421.30000000,1732852799999,5.17876034,1986,72421.00000000,2.59703488,0
2024-11-29 04:00:00,0.00003566,0.00003593,0.00003513,0.00003517,208336.90000000,1732867199999,7.37026029,2644,111373.20000000,3.93926095,0
2024-11-29 08:00:00,0.00003520,0.00003543,0.00003504,0.00003524,1052525.50000000,1732881599999,37.17676655,25346,132648.80000000,4.67816488,0
2024-11-29 12:00:00,0.00003524,0.00003625,0.00003492,0.00003579,809186.90000000,1732895999999,28.66753559,13257,461490.70000000,16.34619640,0
2024-11-29 16:00:00,0.00003580,0.00003645,0.00003563,0.00003589,551630.70000000,1732910399999,19.84300952,5438,275658.00000000,9.92835544,0
2024-11-29 20:00:00,0.00003589,0.00003612,0.00003553,0.00003575,251133.10000000,1732924799999,8.99662721,3356,117780.70000000,4.22006542,0
2024-11-30 00:00:00,0.00003576,0.00003598,0.00003527,0.00003569,154676.70000000,1732939199999,5.50273968,2231,83662.20000000,2.97618186,0
2024-11-30 04:00:00,0.00003569,0.00003592,0.00003540,0.00003570,126695.30000000,1732953599999,4.52001405,1822,61551.90000000,2.19673361,0
2024-11-30 08:00:00,0.00003571,0.00003638,0.00003550,0.00003560,222747.00000000,1732967999999,8.00603612,2702,124760.90000000,4.48597970,0
2024-11-30 12:00:00,0.00003558,0.00003594,0.00003537,0.00003594,141619.00000000,1732982399999,5.04504297,3358,51592.50000000,1.84069862,0
2024-11-30 16:00:00,0.00003594,0.00003648,0.00003594,0.00003615,162820.30000000,1732996799999,5.89399602,2079,80057.80000000,2.89762086,0
2024-11-30 20:00:00,0.00003612,0.00003648,0.00003599,0.00003606,84287.00000000,1733011199999,3.05211983,1373,45259.50000000,1.63926160,0
2024-12-01 00:00:00,0.00003604,0.00003629,0.00003479,0.00003486,202038.60000000,1733025599999,7.13605491,3225,87302.60000000,3.08219222,0
2024-12-01 04:00:00,0.00003486,0.00003527,0.00003480,0.00003523,101811.40000000,1733039999999,3.57031631,1721,47765.10000000,1.67421166,0
2024-12-01 08:00:00,0.00003518,0.00003537,0.00003501,0.00003528,88486.60000000,1733054399999,3.11706215,2405,38691.60000000,1.36298296,0
2024-12-01 12:00:00,0.00003525,0.00003617,0.00003524,0.00003608,149390.90000000,1733068799999,5.31584223,2710,81022.50000000,2.88391254,0
2024-12-01 16:00:00,0.00003607,0.00003631,0.00003548,0.00003564,191297.80000000,1733083199999,6.85043145,3132,95418.80000000,3.41686279,0
2024-12-01 20:00:00,0.00003562,0.00003583,0.00003508,0.00003577,385909.00000000,1733097599999,13.63729234,3542,122574.40000000,4.34036270,0
2024-12-02 00:00:00,0.00003581,0.00003588,0.00003419,0.00003423,2430965.90000000,1733111999999,85.33350838,14544,382562.00000000,13.41425379,0
2024-12-02 04:00:00,0.00003423,0.00003463,0.00003405,0.00003447,503762.30000000,1733126399999,17.31502701,8175,223016.60000000,7.68093459,0
2024-12-02 08:00:00,0.00003446,0.00003454,0.00003350,0.00003378,997574.40000000,1733140799999,33.74321374,9528,189384.40000000,6.43327691,0
2024-12-02 12:00:00,0.00003379,0.00003418,0.00003372,0.00003406,225005.40000000,1733155199999,7.64293634,3110,126024.40000000,4.28249622,0
2024-12-02 16:00:00,0.00003406,0.00003420,0.00003353,0.00003392,511310.50000000,1733169599999,17.31671651,4811,300295.20000000,10.17536121,0
2024-12-02 20:00:00,0.00003387,0.00003552,0.00003384,0.00003538,268014.70000000,1733183999999,9.28823702,2945,151483.50000000,5.26306720,0
2024-12-03 00:00:00,0.00003537,0.00003551,0.00003481,0.00003504,355053.30000000,1733198399999,12.43278719,2664,186881.70000000,6.54150846,0
2024-12-03 04:00:00,0.00003506,0.00003726,0.00003502,0.00003710,913855.70000000,1733212799999,33.10884837,9601,460172.10000000,16.67263771,0
2024-12-03 08:00:00,0.00003711,0.00003938,0.00003711,0.00003849,2975167.90000000,1733227199999,114.43534614,28935,2431952.80000000,93.57249261,0
2024-12-03 12:00:00,0.00003846,0.00004077,0.00003797,0.00003936,2714643.30000000,1733241599999,107.06632664,33103,1328125.30000000,52.53447802,0
2024-12-03 16:00:00,0.00003937,0.00004008,0.00003872,0.00003961,669531.90000000,1733255999999,26.37173306,9488,256025.50000000,10.09018189,0
2024-12-03 20:00:00,0.00003964,0.00003995,0.00003853,0.00003855,1033309.40000000,1733270399999,40.76494570,8975,210624.50000000,8.28124369,0
2024-12-04 00:00:00,0.00003857,0.00003940,0.00003765,0.00003810,841776.40000000,1733284799999,32.28644051,8115,534765.70000000,20.52455805,0
2024-12-04 04:00:00,0.00003808,0.00003867,0.00003805,0.00003828,218263.00000000,1733299199999,8.37276578,3244,110541.10000000,4.24081022,0
2024-12-04 08:00:00,0.00003829,0.00003933,0.00003809,0.00003880,332548.20000000,1733313599999,12.90403258,5881,127062.30000000,4.93240932,0
2024-12-04 12:00:00,0.00003878,0.00003894,0.00003783,0.00003847,547242.50000000,1733327999999,20.93509813,6906,217376.50000000,8.33144115,0
2024-12-04 16:00:00,0.00003847,0.00003867,0.00003726,0.00003785,1014885.40000000,1733342399999,38.20507645,13820,205392.90000000,7.78202809,0
2024-12-04 20:00:00,0.00003786,0.00003813,0.00003650,0.00003726,1060029.20000000,1733356799999,39.50146544,11496,457485.20000000,17.08768877,0
2024-12-05 00:00:00,0.00003728,0.00003948,0.00003591,0.00003675,3629773.50000000,1733371199999,135.42234341,39635,1719945.10000000,64.34579919,0
2024-12-05 04:00:00,0.00003677,0.00003762,0.00003620,0.00003709,804767.70000000,1733385599999,29.58624113,10149,351992.40000000,12.97395673,0
2024-12-05 08:00:00,0.00003708,0.00003776,0.00003685,0.00003766,642264.50000000,1733399999999,23.97596469,8574,361975.60000000,13.51699520,0
2024-12-05 12:00:00,0.00003767,0.00004303,0.00003764,0.00004270,3650381.60000000,1733414399999,149.88052340,38602,2387824.10000000,98.08426421,0
2024-12-05 16:00:00,0.00004273,0.00004294,0.00004114,0.00004153,1273055.10000000,1733428799999,53.34755085,16535,647167.90000000,27.10488896,0
2024-12-05 20:00:00,0.00004155,0.00004444,0.00004140,0.00004362,2352277.70000000,1733443199999,100.17251425,21760,1703217.00000000,72.32566039,0
2024-12-06 00:00:00,0.00004360,0.00004460,0.00004281,0.00004444,1597393.30000000,1733457599999,70.16248729,19344,582795.10000000,25.63309861,0
2024-12-06 04:00:00,0.00004444,0.00004570,0.00004353,0.00004569,1007757.60000000,1733471999999,45.03069607,10461,665528.50000000,29.80230813,0
2024-12-06 08:00:00,0.00004570,0.00004570,0.00004239,0.00004275,811781.30000000,1733486399999,35.63032594,8986,406393.20000000,17.81403300,0
2024-12-06 12:00:00,0.00004274,0.00004303,0.00004131,0.00004139,753043.30000000,1733500799999,31.53328726,8043,319069.60000000,13.37573557,0
2024-12-06 16:00:00,0.00004138,0.00004223,0.00004124,0.00004155,457459.10000000,1733515199999,19.12618716,6588,223438.10000000,9.35107628,0
2024-12-06 20:00:00,0.00004153,0.00004250,0.00004152,0.00004228,378534.30000000,1733529599999,15.89791005,3703,184751.20000000,7.75782671,0
2024-12-07 00:00:00,0.00004227,0.00004299,0.00004149,0.00004299,204903.30000000,1733543999999,8.64242257,2565,103928.40000000,4.38268485,0
2024-12-07 04:00:00,0.00004297,0.00004438,0.00004279,0.00004347,469942.90000000,1733558399999,20.52323408,5526,247925.90000000,10.82955150,0
2024-12-07 08:00:00,0.00004348,0.00004393,0.00004309,0.00004389,240424.70000000,1733572799999,10.46961188,4301,85538.50000000,3.72596546,0
2024-12-07 12:00:00,0.00004391,0.00004466,0.00004299,0.00004346,415955.90000000,1733587199999,18.22079410,5508,224336.40000000,9.83015687,0
2024-12-07 16:00:00,0.00004351,0.00004352,0.00004237,0.00004261,299497.60000000,1733601599999,12.84053580,4417,147922.80000000,6.34634254,0
2024-12-07 20:00:00,0.00004258,0.00004351,0.00004244,0.00004267,189840.30000000,1733615999999,8.13163101,2645,98001.60000000,4.19711211,0
2024-12-08 00:00:00,0.00004267,0.00004391,0.00004254,0.00004332,159309.80000000,1733630399999,6.91009850,2337,86296.50000000,3.74226126,0
2024-12-08 04:00:00,0.00004331,0.00004390,0.00004254,0.00004259,159109.90000000,1733644799999,6.86388478,2070,58921.10000000,2.53732816,0
2024-12-08 08:00:00,0.00004260,0.00004262,0.00004171,0.00004219,152191.20000000,1733659199999,6.40459178,2990,71612.80000000,3.01501500,0
2024-12-08 12:00:00,0.00004215,0.00004220,0.00004168,0.00004168,111294.20000000,1733673599999,4.67619035,1842,52924.10000000,2.22398311,0
2024-12-08 16:00:00,0.00004168,0.00004200,0.00004144,0.00004193,164262.70000000,1733687999999,6.84778773,2584,103166.60000000,4.30073081,0
2024-12-08 20:00:00,0.00004195,0.00004218,0.00004179,0.00004182,117296.70000000,1733702399999,4.92662216,1757,60076.40000000,2.52346006,0
2024-12-09 00:00:00,0.00004182,0.00004300,0.00004141,0.00004211,304470.80000000,1733716799999,12.85227802,3884,118757.90000000,5.02014024,0
2024-12-09 04:00:00,0.00004209,0.00004287,0.00004101,0.00004119,316693.60000000,1733731199999,13.24056401,4064,141308.90000000,5.92746905,0
2024-12-09 08:00:00,0.00004117,0.00004117,0.00003988,0.00004014,719950.50000000,1733745599999,29.08395943,11186,221797.30000000,8.96536387,0
2024-12-09 12:00:00,0.00004015,0.00004099,0.00003980,0.00004046,520932.10000000,1733759999999,21.03650276,7568,264065.80000000,10.68594730,0
2024-12-09 16:00:00,0.00004050,0.00004208,0.00004035,0.00004156,339057.10000000,1733774399999,14.05571242,4407,226331.60000000,9.37575248,0
2024-12-09 20:00:00,0.00004153,0.00004156,0.00003580,0.00003946,1607324.20000000,1733788799999,61.99588078,20767,707581.10000000,27.30752702,0
2024-12-10 00:00:00,0.00003945,0.00003947,0.00003698,0.00003824,1288982.40000000,1733803199999,48.85163498,12022,315504.50000000,12.05092347,0
2024-12-10 04:00:00,0.00003818,0.00003925,0.00003754,0.00003895,415902.50000000,1733817599999,16.07821837,4856,239373.70000000,9.26261553,0
2024-12-10 08:00:00,0.00003891,0.00003935,0.00003852,0.00003871,232671.80000000,1733831999999,9.05214789,4449,97310.00000000,3.78732776,0
2024-12-10 12:00:00,0.00003876,0.00003974,0.00003763,0.00003817,2227689.90000000,1733846399999,85.59329016,19570,1209401.90000000,46.59312373,0
2024-12-10 16:00:00,0.00003816,0.00003837,0.00003666,0.00003778,709398.60000000,1733860799999,26.66211472,12834,337619.70000000,12.69820875,0
2024-12-10 20:00:00,0.00003780,0.00003861,0.00003769,0.00003845,217760.90000000,1733875199999,8.31427631,4636,100462.50000000,3.83509225,0
2024-12-11 00:00:00,0.00003845,0.00003856,0.00003721,0.00003814,1287182.10000000,1733889599999,48.31478110,14694,167136.40000000,6.30310003,0
2024-12-11 04:00:00,0.00003821,0.00003837,0.00003730,0.00003730,360987.80000000,1733903999999,13.55678389,6830,64860.00000000,2.45042113,0
2024-12-11 08:00:00,0.00003732,0.00003850,0.00003721,0.00003817,400567.50000000,1733918399999,15.18017924,5084,125330.00000000,4.77508942,0
2024-12-11 12:00:00,0.00003817,0.00004020,0.00003817,0.00004004,553078.30000000,1733932799999,21.66922422,8691,333008.40000000,13.06832071,0
2024-12-11 16:00:00,0.00004005,0.00004283,0.00004003,0.00004277,2113857.80000000,1733947199999,88.40380014,20766,1339114.30000000,55.93874026,0
2024-12-11 20:00:00,0.00004280,0.00004349,0.00004224,0.00004324,387246.70000000,1733961599999,16.55940309,5692,188235.10000000,8.05318345,0
2024-12-12 00:00:00,0.00004322,0.00004843,0.00004309,0.00004768,2581771.50000000,1733975999999,119.40052864,26304,1622581.90000000,75.03178826,0
2024-12-12 04:00:00,0.00004772,0.00004827,0.00004676,0.00004821,566821.10000000,1733990399999,26.88609814,8018,299201.20000000,14.17553370,0
2024-12-12 08:00:00,0.00004822,0.00004836,0.00004628,0.00004699,724122.80000000,1734004799999,34.13742715,9311,342134.20000000,16.14596356,0
2024-12-12 12:00:00,0.00004701,0.00004724,0.00004471,0.00004496,951193.10000000,1734019199999,43.91826453,12551,282137.20000000,12.98361600,0
2024-12-12 16:00:00,0.00004498,0.00004648,0.00004481,0.00004586,395377.90000000,1734033599999,18.07700031,7887,238802.20000000,10.92909418,0
2024-12-12 20:00:00,0.00004583,0.00004655,0.00004547,0.00004621,380114.60000000,1734047999999,17.49505175,4396,288533.60000000,13.27692075,0
2024-12-13 00:00:00,0.00004621,0.00004746,0.00004617,0.00004675,398417.40000000,1734062399999,18.63703172,5735,225880.60000000,10.56801336,0
2024-12-13 04:00:00,0.00004671,0.00004673,0.00004565,0.00004647,262278.10000000,1734076799999,12.05736495,4900,191148.60000000,8.77978331,0
2024-12-13 08:00:00,0.00004642,0.00004774,0.00004619,0.00004746,249474.20000000,1734091199999,11.74293381,4684,105678.80000000,4.97204353,0
2024-12-13 12:00:00,0.00004746,0.00004866,0.00004697,0.00004760,850960.10000000,1734105599999,40.79971153,14267,492239.50000000,23.65593312,0
2024-12-13 16:00:00,0.00004761,0.00004834,0.00004632,0.00004692,356755.90000000,1734119999999,16.89597723,7762,140070.70000000,6.64509103,0
2024-12-13 20:00:00,0.00004690,0.00004759,0.00004663,0.00004693,176702.80000000,1734134399999,8.32508405,3197,74408.40000000,3.50506311,0
2024-12-14 00:00:00,0.00004695,0.00004737,0.00004651,0.00004667,150415.70000000,1734148799999,7.05689074,3045,66946.00000000,3.14037317,0
2024-12-14 04:00:00,0.00004666,0.00004681,0.00004624,0.00004643,113401.70000000,1734163199999,5.27570659,2149,70018.40000000,3.25690643,0
2024-12-14 08:00:00,0.00004641,0.00004652,0.00004561,0.00004580,91599.50000000,1734177599999,4.21050058,2163,32007.30000000,1.47103053,0
2024-12-14 12:00:00,0.00004577,0.00004588,0.00004456,0.00004499,510818.60000000,1734191999999,23.07315963,8725,144738.60000000,6.54087230,0
2024-12-14 16:00:00,0.00004488,0.00004493,0.00004309,0.00004418,326001.90000000,1734206399999,14.44517541,4767,112105.70000000,4.95471352,0
2024-12-14 20:00:00,0.00004410,0.00004437,0.00004359,0.00004396,100673.10000000,1734220799999,4.42280612,1814,48762.40000000,2.14337953,0
2024-12-15 00:00:00,0.00004396,0.00004420,0.00004341,0.00004351,242698.80000000,1734235199999,10.60002236,3115,148229.20000000,6.46616044,0
2024-12-15 04:00:00,0.00004351,0.00004370,0.00004282,0.00004307,329678.90000000,1734249599999,14.30903872,4333,282809.20000000,12.27942532,0
2024-12-15 08:00:00,0.00004305,0.00004366,0.00004305,0.00004345,75990.40000000,1734263999999,3.29966561,1517,43697.90000000,1.89818569,0
2024-12-15 12:00:00,0.00004338,0.00004519,0.00004323,0.00004480,400714.30000000,1734278399999,17.77733721,5898,209878.50000000,9.29880943,0
2024-12-15 16:00:00,0.00004481,0.00004654,0.00004450,0.00004636,253114.50000000,1734292799999,11.51636076,3741,99654.70000000,4.52030476,0
2024-12-15 20:00:00,0.00004635,0.00004683,0.00004493,0.00004579,465366.50000000,1734307199999,21.32073834,7841,205697.30000000,9.42630261,0
2024-12-16 00:00:00,0.00004581,0.00004685,0.00004531,0.00004548,701871.10000000,1734321599999,32.27391300,12041,344560.40000000,15.83502731,0
2024-12-16 04:00:00,0.00004551,0.00004615,0.00004527,0.00004578,105177.90000000,1734335999999,4.80245341,2316,41808.70000000,1.90855824,0
2024-12-16 08:00:00,0.00004578,0.00004616,0.00004462,0.00004464,627425.30000000,1734350399999,28.48197491,8319,345383.50000000,15.69125722,0
2024-12-16 12:00:00,0.00004464,0.00004614,0.00004462,0.00004490,313304.80000000,1734364799999,14.16117657,5856,188080.50000000,8.50332792,0
2024-12-16 16:00:00,0.00004490,0.00004511,0.00004381,0.00004407,852034.00000000,1734379199999,37.91068833,13548,413365.90000000,18.42096068,0
2024-12-16 20:00:00,0.00004407,0.00004441,0.00004356,0.00004364,154323.20000000,1734393599999,6.79776917,2432,76961.60000000,3.39274043,0
2024-12-17 00:00:00,0.00004363,0.00004395,0.00004310,0.00004370,226417.50000000,1734407999999,9.81158126,2604,55154.70000000,2.39667371,0
2024-12-17 04:00:00,0.00004369,0.00004462,0.00004354,0.00004454,110627.70000000,1734422399999,4.89289242,1947,50854.60000000,2.25001053,0
2024-12-17 08:00:00,0.00004453,0.00004470,0.00004386,0.00004458,217195.50000000,1734436799999,9.63283941,4517,105474.60000000,4.67770702,0
2024-12-17 12:00:00,0.00004463,0.00004531,0.00004417,0.00004459,460462.40000000,1734451199999,20.62057980,6858,252613.50000000,11.31420289,0
2024-12-17 16:00:00,0.00004458,0.00004458,0.00004323,0.00004360,551460.70000000,1734465599999,24.02145710,5764,259847.90000000,11.31223066,0
2024-12-17 20:00:00,0.00004359,0.00004405,0.00004328,0.00004369,199022.90000000,1734479999999,8.68188229,3525,100500.40000000,4.38975691,0
2024-12-18 00:00:00,0.00004374,0.00004394,0.00004293,0.00004307,203924.90000000,1734494399999,8.83973351,3184,78587.90000000,3.40769185,0
2024-12-18 04:00:00,0.00004308,0.00004373,0.00004287,0.00004319,290375.30000000,1734508799999,12.55268986,3672,126222.90000000,5.46002380,0
2024-12-18 08:00:00,0.00004320,0.00004371,0.00004309,0.00004334,67102.20000000,1734523199999,2.91277861,1347,30131.00000000,1.30720066,0
2024-12-18 12:00:00,0.00004335,0.00004416,0.00004266,0.00004370,439192.40000000,1734537599999,19.05058217,5686,174882.00000000,7.59190577,0
2024-12-18 16:00:00,0.00004371,0.00004568,0.00004371,0.00004398,793704.00000000,1734551999999,35.53652177,9426,417650.20000000,18.76238546,0
2024-12-18 20:00:00,0.00004397,0.00004423,0.00004206,0.00004330,980694.80000000,1734566399999,42.59990370,15241,449911.40000000,19.56471567,0
2024-12-19 00:00:00,0.00004327,0.00004375,0.00004115,0.00004355,787644.10000000,1734580799999,33.34686991,11427,306135.80000000,12.96114004,0
2024-12-19 04:00:00,0.00004351,0.00004367,0.00004301,0.00004311,167297.30000000,1734595199999,7.24658099,2324,73524.40000000,3.18586548,0
2024-12-19 08:00:00,0.00004307,0.00004476,0.00004235,0.00004439,345277.40000000,1734609599999,14.96410367,5708,191872.00000000,8.32532636,0
2024-12-19 12:00:00,0.00004439,0.00004483,0.00004337,0.00004380,518615.30000000,1734623999999,22.86665668,7239,290182.20000000,12.80733777,0
2024-12-19 16:00:00,0.00004382,0.00004382,0.00004100,0.00004163,1224047.40000000,1734638399999,51.92584067,18275,521636.70000000,22.17857183,0
2024-12-19 20:00:00,0.00004164,0.00004259,0.00004108,0.00004184,761596.60000000,1734652799999,31.81644046,12026,395683.90000000,16.54414749,0
2024-12-20 00:00:00,0.00004182,0.00004298,0.00004135,0.00004184,329261.60000000,1734667199999,13.93741128,5202,186152.20000000,7.88119502,0
2024-12-20 04:00:00,0.00004185,0.00004212,0.00004034,0.00004071,503426.80000000,1734681599999,20.70210967,7292,319454.00000000,13.13366016,0
2024-12-20 08:00:00,0.00004070,0.00004070,0.00003768,0.00003778,1514027.70000000,1734695999999,59.06207589,20175,691268.20000000,26.99430371,0
2024-12-20 12:00:00,0.00003779,0.00004475,0.00003775,0.00004421,2217779.60000000,1734710399999,93.08043430,24312,1107716.50000000,46.48321660,0
2024-12-20 16:00:00,0.00004423,0.00004714,0.00004374,0.00004638,1259364.30000000,1734724799999,58.04237392,13871,675547.80000000,31.11000221,0
2024-12-20 20:00:00,0.00004633,0.00004749,0.00004592,0.00004684,346519.80000000,1734739199999,16.16909231,5737,187835.70000000,8.76646331,0
2024-12-21 00:00:00,0.00004685,0.00004728,0.00004619,0.00004713,225512.50000000,1734753599999,10.53307788,3729,125651.10000000,5.86991221,0
2024-12-21 04:00:00,0.00004711,0.00004982,0.00004707,0.00004836,723994.10000000,1734767999999,35.34195726,9728,455250.90000000,22.23469776,0
2024-12-21 08:00:00,0.00004838,0.00004871,0.00004742,0.00004820,383939.70000000,1734782399999,18.49319107,4701,143093.00000000,6.89160462,0
2024-12-21 12:00:00,0.00004820,0.00004872,0.00004663,0.00004730,670232.80000000,1734796799999,31.94061926,9149,266269.70000000,12.71428467,0
2024-12-21 16:00:00,0.00004734,0.00004777,0.00004364,0.00004420,652900.70000000,1734811199999,29.68547406,8913,226111.10000000,10.32397332,0
2024-12-21 20:00:00,0.00004421,0.00004545,0.00004411,0.00004478,713110.50000000,1734825599999,32.04045089,8015,475923.60000000,21.38817574,0
2024-12-22 00:00:00,0.00004483,0.00004642,0.00004444,0.00004623,206951.00000000,1734839999999,9.41182286,3722,114814.50000000,5.22498869,0
2024-12-22 04:00:00,0.00004620,0.00004710,0.00004528,0.00004646,266406.50000000,1734854399999,12.31321844,4339,152891.50000000,7.07903308,0
2024-12-22 08:00:00,0.00004644,0.00004731,0.00004588,0.00004612,355652.00000000,1734868799999,16.56129652,4921,190695.30000000,8.88312618,0
2024-12-22 12:00:00,0.00004612,0.00004647,0.00004407,0.00004417,541061.60000000,1734883199999,24.44641655,6459,256201.40000000,11.60077701,0
2024-12-22 16:00:00,0.00004417,0.00004615,0.00004374,0.00004501,344265.20000000,1734897599999,15.53008741,4588,182736.10000000,8.25699848,0
2024-12-22 20:00:00,0.00004505,0.00004569,0.00004454,0.00004546,193042.30000000,1734911999999,8.70775957,2819,105862.80000000,4.77441311,0
2024-12-23 00:00:00,0.00004546,0.00004667,0.00004490,0.00004597,548081.90000000,1734926399999,25.03101299,6099,279370.70000000,12.80245930,0
2024-12-23 04:00:00,0.00004601,0.00004619,0.00004435,0.00004475,211765.90000000,1734940799999,9.58038984,3077,102019.00000000,4.61649255,0
2024-12-23 08:00:00,0.00004474,0.00004551,0.00004457,0.00004507,263596.90000000,1734955199999,11.91301390,2922,166668.10000000,7.53312162,0
2024-12-23 12:00:00,0.00004518,0.00004524,0.00004371,0.00004429,369723.70000000,1734969599999,16.42432741,5188,167386.10000000,7.42851204,0
2024-12-23 16:00:00,0.00004430,0.00004731,0.00004428,0.00004694,307565.20000000,1734983999999,14.12296084,5037,189194.40000000,8.69183944,0
2024-12-23 20:00:00,0.00004692,0.00004999,0.00004691,0.00004975,808703.00000000,1734998399999,39.45968064,10130,477711.10000000,23.37840450,0
2024-12-24 00:00:00,0.00004970,0.00005041,0.00004862,0.00004929,553987.20000000,1735012799999,27.52241624,5900,358381.90000000,17.84466982,0
2024-12-24 04:00:00,0.00004928,0.00004978,0.00004895,0.00004896,153299.80000000,1735027199999,7.55908241,2279,86004.20000000,4.23985272,0
2024-12-24 08:00:00,0.00004895,0.00004898,0.00004757,0.00004829,262914.60000000,1735041599999,12.66758137,3825,126942.90000000,6.12631923,0
2024-12-24 12:00:00,0.00004826,0.00004876,0.00004691,0.00004695,337651.40000000,1735055999999,16.23027039,4805,161107.00000000,7.74695644,0
2024-12-24 16:00:00,0.00004699,0.00004794,0.00004629,0.00004719,327464.00000000,1735070399999,15.37765051,5063,141310.20000000,6.64206895,0
2024-12-24 20:00:00,0.00004719,0.00004724,0.00004652,0.00004667,153120.10000000,1735084799999,7.16509215,2403,67691.10000000,3.16830389,0
2024-12-25 00:00:00,0.00004667,0.00004719,0.00004630,0.00004649,140448.00000000,1735099199999,6.55019071,1917,88525.20000000,4.12873623,0
2024-12-25 04:00:00,0.00004651,0.00004706,0.00004615,0.00004617,124265.50000000,1735113599999,5.79739149,1923,51394.50000000,2.39825521,0
2024-12-25 08:00:00,0.00004626,0.00004653,0.00004551,0.00004569,154125.30000000,1735127999999,7.08997747,3182,77570.90000000,3.56484490,0
2024-12-25 12:00:00,0.00004569,0.00004601,0.00004542,0.00004557,115255.90000000,1735142399999,5.26245925,1821,66928.10000000,3.05666370,0
2024-12-25 16:00:00,0.00004557,0.00004631,0.00004557,0.00004617,215973.90000000,1735156799999,9.92924403,2368,103865.50000000,4.77335745,0
2024-12-25 20:00:00,0.00004623,0.00004636,0.00004519,0.00004521,104361.90000000,1735171199999,4.77814803,1638,33470.10000000,1.53320433,0
2024-12-26 00:00:00,0.00004524,0.00004540,0.00004455,0.00004464,120678.50000000,1735185599999,5.41721356,1987,59049.70000000,2.65089078,0
2024-12-26 04:00:00,0.00004462,0.00004488,0.00004431,0.00004465,119587.10000000,1735199999999,5.33861469,1544,49037.40000000,2.19005152,0
2024-12-26 08:00:00,0.00004468,0.00004535,0.00004383,0.00004452,1366314.10000000,1735214399999,60.60351319,12076,695176.50000000,30.62816658,0
2024-12-26 12:00:00,0.00004450,0.00004480,0.00004405,0.00004418,85846.50000000,1735228799999,3.81357088,1743,39290.40000000,1.74630856,0
2024-12-26 16:00:00,0.00004413,0.00004472,0.00004351,0.00004383,173787.40000000,1735243199999,7.65457574,2182,57041.60000000,2.51648791,0
2024-12-26 20:00:00,0.00004379,0.00004441,0.00004351,0.00004388,63468.10000000,1735257599999,2.78380283,1326,27674.70000000,1.21492371,0
2024-12-27 00:00:00,0.00004389,0.00004429,0.00004365,0.00004394,133192.50000000,1735271999999,5.86852312,2032,83619.50000000,3.68549075,0
2024-12-27 04:00:00,0.00004399,0.00004442,0.00004341,0.00004422,132921.30000000,1735286399999,5.83463121,1677,42304.30000000,1.86118277,0
2024-12-27 08:00:00,0.00004427,0.00004557,0.00004427,0.00004508,166996.70000000,1735300799999,7.51070742,3024,83818.40000000,3.76943719,0
2024-12-27 12:00:00,0.00004511,0.00004511,0.00004339,0.00004348,273133.10000000,1735315199999,11.97685228,3496,124869.60000000,5.47588110,0
2024-12-27 16:00:00,0.00004350,0.00004514,0.00004317,0.00004433,303754.50000000,1735329599999,13.48983060,4030,205317.20000000,9.12696210,0
2024-12-27 20:00:00,0.00004430,0.00004435,0.00004308,0.00004328,213559.10000000,1735343999999,9.26057917,2181,65384.10000000,2.84351926,0
2024-12-28 00:00:00,0.00004337,0.00004347,0.00004252,0.00004296,958864.20000000,1735358399999,41.29639539,8750,60217.80000000,2.58855048,0
2024-12-28 04:00:00,0.00004294,0.00004300,0.00004220,0.00004221,74361.70000000,1735372799999,3.17036119,1441,31839.00000000,1.35897871,0
2024-12-28 08:00:00,0.00004220,0.00004377,0.00004217,0.00004367,88280.50000000,1735387199999,3.80227430,1433,43635.20000000,1.88045982,0
2024-12-28 12:00:00,0.00004361,0.00004378,0.00004287,0.00004331,194228.40000000,1735401599999,8.40532407,2507,57659.60000000,2.49990855,0
2024-12-28 16:00:00,0.00004332,0.00004427,0.00004326,0.00004399,98415.20000000,1735415999999,4.32148037,1475,53721.40000000,2.35971688,0
2024-12-28 20:00:00,0.00004401,0.00004468,0.00004391,0.00004421,257045.80000000,1735430399999,11.37347110,2368,51223.80000000,2.26617344,0
2024-12-29 00:00:00,0.00004422,0.00004440,0.00004389,0.00004422,57172.90000000,1735444799999,2.52246450,927,24763.80000000,1.09298157,0
2024-12-29 04:00:00,0.00004425,0.00004477,0.00004395,0.00004474,109659.30000000,1735459199999,4.87169559,1300,67520.40000000,3.00036592,0
2024-12-29 08:00:00,0.00004475,0.00004492,0.00004404,0.00004431,70461.60000000,1735473599999,3.13459077,1188,30088.80000000,1.33912423,0
2024-12-29 12:00:00,0.00004431,0.00004480,0.00004378,0.00004408,76026.80000000,1735487999999,3.36030086,1474,36725.00000000,1.62341069,0
2024-12-29 16:00:00,0.00004409,0.00004419,0.00004360,0.00004397,96462.40000000,1735502399999,4.23756944,1601,40131.20000000,1.76272732,0
2024-12-29 20:00:00,0.00004394,0.00004411,0.00004342,0.00004363,116257.50000000,1735516799999,5.08104419,2185,52905.00000000,2.31291857,0
2024-12-30 00:00:00,0.00004362,0.00004457,0.00004357,0.00004411,109002.80000000,1735531199999,4.80087959,1510,67307.50000000,2.96242520,0
2024-12-30 04:00:00,0.00004406,0.00004433,0.00004361,0.00004378,72913.10000000,1735545599999,3.19792793,1117,37907.30000000,1.66256389,0
2024-12-30 08:00:00,0.00004378,0.00004415,0.00004304,0.00004354,141779.40000000,1735559999999,6.18883728,1640,86592.20000000,3.78251717,0
2024-12-30 12:00:00,0.00004355,0.00004423,0.00004270,0.00004368,243012.60000000,1735574399999,10.55569532,4187,126888.80000000,5.51306262,0
2024-12-30 16:00:00,0.00004366,0.00004601,0.00004357,0.00004600,322596.40000000,1735588799999,14.52135458,5183,159602.30000000,7.17438266,0
2024-12-30 20:00:00,0.00004601,0.00004629,0.00004470,0.00004506,216766.70000000,1735603199999,9.80205034,3359,93218.30000000,4.22196468,0
2024-12-31 00:00:00,0.00004505,0.00004516,0.00004386,0.00004431,168553.90000000,1735617599999,7.46685444,1680,63338.20000000,2.80485229,0
2024-12-31 04:00:00,0.00004430,0.00004495,0.00004399,0.00004487,101403.20000000,1735631999999,4.48928009,1392,60438.80000000,2.67545473,0
2024-12-31 08:00:00,0.00004492,0.00004599,0.00004463,0.00004493,278203.80000000,1735646399999,12.60268833,3420,114594.20000000,5.19479374,0
2024-12-31 12:00:00,0.00004498,0.00004504,0.00004418,0.00004473,322115.40000000,1735660799999,14.32099298,3804,199698.50000000,8.87682612,0
2024-12-31 16:00:00,0.00004474,0.00004531,0.00004440,0.00004476,163805.10000000,1735675199999,7.34235517,2191,75982.90000000,3.40672355,0
2024-12-31 20:00:00,0.00004476,0.00004506,0.00004402,0.00004405,87675.40000000,1735689599999,3.90232801,1342,37434.40000000,1.66722765,0
2025-01-01 00:00:00,0.00004404,0.00004490,0.00004404,0.00004490,90368.90000000,1735703999999,4.01544632,1122,30075.80000000,1.33671677,0
