timestamp,open,high,low,close,volume,close_time,quote_av,trades,tb_base_av,tb_quote_av,ignore
2024-08-08 10:00:00,0.00007894,0.00011479,0.00007894,0.00010794,54064.16000000,1723114799999,5.80714079,3401,35096.66000000,3.76198648,0
2024-08-08 11:00:00,0.00010792,0.00010844,0.00010647,0.00010771,33074.71000000,1723118399999,3.56024151,2760,25128.81000000,2.70665755,0
2024-08-08 12:00:00,0.00010767,0.00010830,0.00010603,0.00010804,26960.65000000,1723121999999,2.89669359,2065,8431.82000000,0.90617090,0
2024-08-08 13:00:00,0.00010804,0.00010958,0.00010771,0.00010913,31686.64000000,1723125599999,3.45243721,2391,8397.08000000,0.91373038,0
2024-08-08 14:00:00,0.00010913,0.00010999,0.00010729,0.00010759,28127.66000000,1723129199999,3.04956286,1147,17745.66000000,1.92165609,0
2024-08-08 15:00:00,0.00010759,0.00010769,0.00010549,0.00010560,21255.09000000,1723132799999,2.26593231,719,11061.94000000,1.17971265,0
2024-08-08 16:00:00,0.00010560,0.00010595,0.00010436,0.00010454,10011.12000000,1723136399999,1.05282615,559,4482.67000000,0.47179082,0
2024-08-08 17:00:00,0.00010453,0.00010481,0.00010306,0.00010389,10532.54000000,1723139999999,1.09437424,634,3522.78000000,0.36590452,0
2024-08-08 18:00:00,0.00010391,0.00010453,0.00010346,0.00010436,3700.25000000,1723143599999,0.38522244,227,1974.04000000,0.20553063,0
2024-08-08 19:00:00,0.00010436,0.00010436,0.00010260,0.00010338,3878.09000000,1723147199999,0.40122234,243,2286.12000000,0.23665530,0
2024-08-08 20:00:00,0.00010337,0.00010366,0.00010248,0.00010250,3476.99000000,1723150799999,0.35758849,185,761.96000000,0.07839699,0
2024-08-08 21:00:00,0.00010254,0.00010276,0.00010045,0.00010076,9700.13000000,1723154399999,0.98717528,532,3033.72000000,0.30821868,0
2024-08-08 22:00:00,0.00010070,0.00010134,0.00009900,0.00009908,17532.47000000,1723157999999,1.75618778,1552,3485.20000000,0.34934592,0
2024-08-08 23:00:00,0.00009884,0.00010133,0.00009840,0.00010073,12338.40000000,1723161599999,1.23067482,381,9886.39000000,0.98610902,0
2024-08-09 00:00:00,0.00010051,0.00010072,0.00009999,0.00010023,5234.48000000,1723165199999,0.52565368,245,1724.78000000,0.17316844,0
2024-08-09 01:00:00,0.00010038,0.00010048,0.00009947,0.00009988,7325.63000000,1723168799999,0.73248275,270,5371.24000000,0.53702014,0
2024-08-09 02:00:00,0.00010000,0.00010044,0.00009986,0.00009998,6213.05000000,1723172399999,0.62203714,146,1386.58000000,0.13885212,0
2024-08-09 03:00:00,0.00010008,0.00010103,0.00009999,0.00010096,1453.49000000,1723175999999,0.14631720,107,1146.19000000,0.11547063,0
2024-08-09 04:00:00,0.00010106,0.00010620,0.00010106,0.00010305,24841.13000000,1723179599999,2.55715390,1083,14189.12000000,1.45770807,0
2024-08-09 05:00:00,0.00010317,0.00010540,0.00010298,0.00010456,12649.40000000,1723183199999,1.32172172,439,8990.80000000,0.94021583,0
2024-08-09 06:00:00,0.00010447,0.00010791,0.00010432,0.00010682,10617.28000000,1723186799999,1.12743442,537,7012.40000000,0.74240489,0
2024-08-09 07:00:00,0.00010704,0.00010747,0.00010485,0.00010540,11914.23000000,1723190399999,1.25966563,600,4253.03000000,0.45171832,0
2024-08-09 08:00:00,0.00010517,0.00010755,0.00010492,0.00010641,23208.29000000,1723193999999,2.47143170,665,15687.46000000,1.67201028,0
2024-08-09 09:00:00,0.00010642,0.00010707,0.00010585,0.00010683,3513.87000000,1723197599999,0.37411258,135,2249.46000000,0.23941373,0
2024-08-09 10:00:00,0.00010704,0.00010741,0.00010620,0.00010636,6069.09000000,1723201199999,0.64749822,311,3471.83000000,0.37025586,0
2024-08-09 11:00:00,0.00010636,0.00010680,0.00010517,0.00010517,5133.77000000,1723204799999,0.54504411,274,3895.42000000,0.41394339,0
2024-08-09 12:00:00,0.00010522,0.00010705,0.00010522,0.00010705,3568.72000000,1723208399999,0.37856033,221,1661.81000000,0.17624673,0
2024-08-09 13:00:00,0.00010689,0.00010945,0.00010666,0.00010894,53244.88000000,1723211999999,5.80384131,1768,46657.65000000,5.09019156,0
2024-08-09 14:00:00,0.00010890,0.00011040,0.00010755,0.00010966,9443.64000000,1723215599999,1.02966303,620,5685.56000000,0.61983028,0
2024-08-09 15:00:00,0.00010966,0.00011350,0.00010914,0.00011273,60558.02000000,1723219199999,6.77121863,1756,50026.28000000,5.59157004,0
2024-08-09 16:00:00,0.00011271,0.00011350,0.00011041,0.00011054,14227.42000000,1723222799999,1.59682235,672,7734.67000000,0.86812019,0
2024-08-09 17:00:00,0.00011068,0.00011093,0.00010920,0.00011056,7687.71000000,1723226399999,0.84585478,369,3557.76000000,0.39221292,0
2024-08-09 18:00:00,0.00011060,0.00011101,0.00010912,0.00010930,3781.43000000,1723229999999,0.41611589,171,1151.54000000,0.12645728,0
2024-08-09 19:00:00,0.00010916,0.00010949,0.00010808,0.00010850,3837.98000000,1723233599999,0.41671985,200,1383.16000000,0.15061893,0
2024-08-09 20:00:00,0.00010856,0.00010911,0.00010805,0.00010824,8113.07000000,1723237199999,0.88188696,304,1692.60000000,0.18393202,0
2024-08-09 21:00:00,0.00010813,0.00010926,0.00010779,0.00010779,1601.30000000,1723240799999,0.17390817,122,727.65000000,0.07916276,0
2024-08-09 22:00:00,0.00010779,0.00010847,0.00010723,0.00010798,1925.70000000,1723244399999,0.20799591,92,1069.27000000,0.11563047,0
2024-08-09 23:00:00,0.00010809,0.00010902,0.00010809,0.00010870,664.52000000,1723247999999,0.07205165,60,387.22000000,0.04201161,0
2024-08-10 00:00:00,0.00010889,0.00011003,0.00010886,0.00010917,3187.61000000,1723251599999,0.34933328,278,2340.11000000,0.25650564,0
2024-08-10 01:00:00,0.00010938,0.00011039,0.00010915,0.00011020,2044.50000000,1723255199999,0.22384139,95,1531.70000000,0.16767407,0
2024-08-10 02:00:00,0.00010994,0.00011080,0.00010951,0.00011080,1506.85000000,1723258799999,0.16617126,120,324.11000000,0.03569885,0
2024-08-10 03:00:00,0.00011080,0.00011141,0.00011057,0.00011102,1014.97000000,1723262399999,0.11272989,82,470.25000000,0.05224423,0
2024-08-10 04:00:00,0.00011097,0.00011162,0.00011075,0.00011104,691.30000000,1723265999999,0.07681256,66,412.16000000,0.04579212,0
2024-08-10 05:00:00,0.00011102,0.00011102,0.00011016,0.00011048,2376.81000000,1723269599999,0.26258381,92,1029.99000000,0.11389544,0
2024-08-10 06:00:00,0.00011048,0.00011094,0.00010996,0.00011072,1626.31000000,1723273199999,0.17942561,68,903.21000000,0.09961822,0
2024-08-10 07:00:00,0.00011079,0.00011100,0.00011010,0.00011025,11426.64000000,1723276799999,1.26238998,918,1092.45000000,0.12060054,0
2024-08-10 08:00:00,0.00011033,0.00011260,0.00011021,0.00011247,6251.98000000,1723280399999,0.69794875,514,4354.34000000,0.48560129,0
2024-08-10 09:00:00,0.00011248,0.00011248,0.00011118,0.00011182,2812.55000000,1723283999999,0.31440969,262,1587.45000000,0.17757290,0
2024-08-10 10:00:00,0.00011195,0.00011245,0.00010980,0.00011048,19379.06000000,1723287599999,2.14956089,758,5585.31000000,0.61896104,0
2024-08-10 11:00:00,0.00011042,0.00011078,0.00010967,0.00010967,3334.79000000,1723291199999,0.36742622,205,2264.91000000,0.24959417,0
2024-08-10 12:00:00,0.00010985,0.00011057,0.00010956,0.00011037,1398.26000000,1723294799999,0.15396176,195,1123.63000000,0.12374245,0
2024-08-10 13:00:00,0.00011041,0.00011098,0.00010990,0.00011008,2764.77000000,1723298399999,0.30562418,300,1804.36000000,0.19949556,0
2024-08-10 14:00:00,0.00011004,0.00011026,0.00010935,0.00010951,1847.57000000,1723301999999,0.20259744,124,675.44000000,0.07405040,0
2024-08-10 15:00:00,0.00010943,0.00010976,0.00010911,0.00010924,1614.49000000,1723305599999,0.17669344,172,1291.41000000,0.14137130,0
2024-08-10 16:00:00,0.00010931,0.00011014,0.00010913,0.00010988,1381.63000000,1723309199999,0.15129168,164,356.21000000,0.03900932,0
2024-08-10 17:00:00,0.00010978,0.00011073,0.00010969,0.00011048,4713.36000000,1723312799999,0.52064542,156,4399.09000000,0.48597151,0
2024-08-10 18:00:00,0.00011059,0.00011059,0.00010932,0.00010986,1345.23000000,1723316399999,0.14755912,138,675.96000000,0.07415680,0
2024-08-10 19:00:00,0.00010985,0.00011014,0.00010978,0.00010984,1484.23000000,1723319999999,0.16316881,327,1187.63000000,0.13056554,0
2024-08-10 20:00:00,0.00010984,0.00011022,0.00010966,0.00010968,3739.96000000,1723323599999,0.41202175,57,245.84000000,0.02703529,0
2024-08-10 21:00:00,0.00010965,0.00011016,0.00010920,0.00010985,1068.37000000,1723327199999,0.11718594,80,514.52000000,0.05647259,0
2024-08-10 22:00:00,0.00010969,0.00011006,0.00010944,0.00010979,746.25000000,1723330799999,0.08184832,70,189.77000000,0.02084120,0
2024-08-10 23:00:00,0.00010964,0.00010997,0.00010952,0.00010952,348.33000000,1723334399999,0.03821777,38,286.62000000,0.03144768,0
2024-08-11 00:00:00,0.00010959,0.00010959,0.00010884,0.00010917,387.32000000,1723337999999,0.04224148,54,81.84000000,0.00892437,0
2024-08-11 01:00:00,0.00010886,0.00010974,0.00010867,0.00010974,334.30000000,1723341599999,0.03644358,46,112.10000000,0.01222475,0
2024-08-11 02:00:00,0.00010980,0.00011011,0.00010918,0.00010943,4311.55000000,1723345199999,0.47177896,112,789.49000000,0.08642537,0
2024-08-11 03:00:00,0.00010971,0.00010971,0.00010909,0.00010935,1863.29000000,1723348799999,0.20386118,93,1197.95000000,0.13107143,0
2024-08-11 04:00:00,0.00010931,0.00010956,0.00010900,0.00010941,13582.50000000,1723352399999,1.48493761,432,13024.63000000,1.42407658,0
2024-08-11 05:00:00,0.00010917,0.00010946,0.00010855,0.00010855,1210.07000000,1723355999999,0.13177240,77,314.91000000,0.03433785,0
2024-08-11 06:00:00,0.00010863,0.00010888,0.00010851,0.00010861,723.23000000,1723359599999,0.07856625,68,568.05000000,0.06170793,0
2024-08-11 07:00:00,0.00010860,0.00010865,0.00010742,0.00010761,2813.57000000,1723363199999,0.30322069,190,668.46000000,0.07227239,0
2024-08-11 08:00:00,0.00010758,0.00010808,0.00010758,0.00010780,1647.84000000,1723366799999,0.17782246,90,337.99000000,0.03647989,0
2024-08-11 09:00:00,0.00010795,0.00010804,0.00010686,0.00010731,15028.24000000,1723370399999,1.61569251,802,8141.45000000,0.87660556,0
2024-08-11 10:00:00,0.00010733,0.00010733,0.00010595,0.00010622,7517.24000000,1723373999999,0.80230580,247,2878.79000000,0.30715416,0
2024-08-11 11:00:00,0.00010622,0.00010694,0.00010622,0.00010681,1242.82000000,1723377599999,0.13239805,102,580.75000000,0.06190857,0
2024-08-11 12:00:00,0.00010671,0.00010740,0.00010580,0.00010599,5466.98000000,1723381199999,0.58199997,224,2222.38000000,0.23681961,0
2024-08-11 13:00:00,0.00010596,0.00010608,0.00010558,0.00010592,478.39000000,1723384799999,0.05060788,110,154.02000000,0.01631092,0
2024-08-11 14:00:00,0.00010600,0.00010620,0.00010509,0.00010509,1909.66000000,1723388399999,0.20169272,95,1509.49000000,0.15951196,0
2024-08-11 15:00:00,0.00010529,0.00010529,0.00010453,0.00010469,5233.54000000,1723391999999,0.54740160,134,4561.31000000,0.47695112,0
2024-08-11 16:00:00,0.00010471,0.00010484,0.00010405,0.00010468,3947.99000000,1723395599999,0.41148191,113,2956.08000000,0.30799347,0
2024-08-11 17:00:00,0.00010467,0.00010559,0.00010467,0.00010498,1341.34000000,1723399199999,0.14093848,110,756.95000000,0.07955457,0
2024-08-11 18:00:00,0.00010504,0.00010541,0.00010465,0.00010519,1588.79000000,1723402799999,0.16685153,115,1194.64000000,0.12554019,0
2024-08-11 19:00:00,0.00010526,0.00010534,0.00010420,0.00010435,3477.75000000,1723406399999,0.36405014,139,1070.67000000,0.11197195,0
2024-08-11 20:00:00,0.00010423,0.00010605,0.00010423,0.00010537,3673.19000000,1723409999999,0.38543505,212,2448.37000000,0.25669855,0
2024-08-11 21:00:00,0.00010551,0.00010599,0.00010539,0.00010540,2267.72000000,1723413599999,0.23971785,114,1614.02000000,0.17058340,0
2024-08-11 22:00:00,0.00010539,0.00010586,0.00010509,0.00010538,702.26000000,1723417199999,0.07405321,64,489.24000000,0.05159158,0
2024-08-11 23:00:00,0.00010550,0.00010577,0.00010491,0.00010574,664.01000000,1723420799999,0.06989430,61,516.42000000,0.05436196,0
2024-08-12 00:00:00,0.00010553,0.00010649,0.00010540,0.00010601,1013.36000000,1723424399999,0.10730914,116,425.28000000,0.04511884,0
2024-08-12 01:00:00,0.00010601,0.00010628,0.00010534,0.00010534,326.22000000,1723427999999,0.03456947,34,128.66000000,0.01365563,0
2024-08-12 02:00:00,0.00010542,0.00010586,0.00010500,0.00010561,934.56000000,1723431599999,0.09840922,60,819.10000000,0.08625741,0
2024-08-12 03:00:00,0.00010537,0.00010588,0.00010524,0.00010541,359.80000000,1723435199999,0.03794315,43,161.26000000,0.01701725,0
2024-08-12 04:00:00,0.00010504,0.00010517,0.00010366,0.00010385,8233.01000000,1723438799999,0.86048172,245,1476.83000000,0.15395028,0
2024-08-12 05:00:00,0.00010370,0.00010418,0.00010365,0.00010387,391.43000000,1723442399999,0.04068079,64,294.10000000,0.03058078,0
2024-08-12 06:00:00,0.00010393,0.00010446,0.00010386,0.00010446,441.17000000,1723445999999,0.04597195,72,251.41000000,0.02619737,0
2024-08-12 07:00:00,0.00010446,0.00010762,0.00010425,0.00010730,3045.27000000,1723449599999,0.32161651,373,2144.14000000,0.22720467,0
2024-08-12 08:00:00,0.00010718,0.00010866,0.00010689,0.00010724,2945.75000000,1723453199999,0.31715998,169,781.44000000,0.08419785,0
2024-08-12 09:00:00,0.00010733,0.00010827,0.00010705,0.00010827,1221.05000000,1723456799999,0.13151481,89,557.29000000,0.06011502,0
2024-08-12 10:00:00,0.00010827,0.00010984,0.00010821,0.00010968,8446.88000000,1723460399999,0.92174956,478,4006.82000000,0.43711736,0
2024-08-12 11:00:00,0.00010966,0.00011034,0.00010892,0.00010966,8512.91000000,1723463999999,0.93194340,502,6568.11000000,0.71902309,0
2024-08-12 12:00:00,0.00010975,0.00011109,0.00010965,0.00011077,3330.40000000,1723467599999,0.36854004,234,2143.51000000,0.23734734,0
2024-08-12 13:00:00,0.00011067,0.00011090,0.00010968,0.00011005,6517.97000000,1723471199999,0.71746774,250,1322.83000000,0.14576628,0
2024-08-12 14:00:00,0.00010986,0.00011114,0.00010808,0.00010808,6376.90000000,1723474799999,0.70093182,477,3805.65000000,0.41786560,0
2024-08-12 15:00:00,0.00010820,0.00010898,0.00010800,0.00010814,6329.82000000,1723478399999,0.68723466,317,1026.69000000,0.11144550,0
2024-08-12 16:00:00,0.00010812,0.00010873,0.00010771,0.00010832,2583.25000000,1723481999999,0.27937079,221,1947.42000000,0.21055905,0
2024-08-12 17:00:00,0.00010838,0.00010863,0.00010774,0.00010810,2023.47000000,1723485599999,0.21921372,145,1577.55000000,0.17100355,0
2024-08-12 18:00:00,0.00010829,0.00010911,0.00010758,0.00010766,2332.21000000,1723489199999,0.25234327,143,546.36000000,0.05925332,0
2024-08-12 19:00:00,0.00010755,0.00010764,0.00010650,0.00010675,1049.56000000,1723492799999,0.11211776,126,218.66000000,0.02335818,0
2024-08-12 20:00:00,0.00010660,0.00010693,0.00010604,0.00010653,1496.23000000,1723496399999,0.15939643,154,1122.36000000,0.11957623,0
2024-08-12 21:00:00,0.00010636,0.00010680,0.00010587,0.00010629,826.39000000,1723499999999,0.08784802,97,347.52000000,0.03699092,0
2024-08-12 22:00:00,0.00010639,0.00010658,0.00010516,0.00010549,381.94000000,1723503599999,0.04037036,78,114.56000000,0.01214831,0
2024-08-12 23:00:00,0.00010527,0.00010607,0.00010501,0.00010549,829.47000000,1723507199999,0.08747581,59,314.60000000,0.03322076,0
2024-08-13 00:00:00,0.00010550,0.00010556,0.00010494,0.00010494,1261.50000000,1723510799999,0.13253052,101,137.21000000,0.01443369,0
2024-08-13 01:00:00,0.00010490,0.00010548,0.00010489,0.00010518,1361.51000000,1723514399999,0.14302695,51,274.76000000,0.02889856,0
2024-08-13 02:00:00,0.00010518,0.00010560,0.00010499,0.00010556,151.10000000,1723517999999,0.01590567,18,139.73000000,0.01470873,0
2024-08-13 03:00:00,0.00010580,0.00010580,0.00010530,0.00010549,679.20000000,1723521599999,0.07164106,64,317.84000000,0.03353295,0
2024-08-13 04:00:00,0.00010552,0.00010612,0.00010501,0.00010610,539.98000000,1723525199999,0.05685750,41,219.08000000,0.02312315,0
2024-08-13 05:00:00,0.00010615,0.00010619,0.00010567,0.00010613,160.33000000,1723528799999,0.01697184,30,85.77000000,0.00908447,0
2024-08-13 06:00:00,0.00010617,0.00010668,0.00010545,0.00010586,7180.16000000,1723532399999,0.76227538,162,1395.03000000,0.14829720,0
2024-08-13 07:00:00,0.00010634,0.00010744,0.00010632,0.00010677,569.45000000,1723535999999,0.06098927,113,433.79000000,0.04649157,0
2024-08-13 08:00:00,0.00010674,0.00010736,0.00010661,0.00010680,1142.17000000,1723539599999,0.12213827,53,428.77000000,0.04594118,0
2024-08-13 09:00:00,0.00010673,0.00010702,0.00010658,0.00010700,746.74000000,1723543199999,0.07972359,89,654.44000000,0.06987692,0
2024-08-13 10:00:00,0.00010688,0.00010698,0.00010645,0.00010660,1014.87000000,1723546799999,0.10835482,103,532.98000000,0.05690980,0
2024-08-13 11:00:00,0.00010639,0.00010701,0.00010629,0.00010691,286.07000000,1723550399999,0.03048066,48,143.65000000,0.01532275,0
2024-08-13 12:00:00,0.00010698,0.00010933,0.00010678,0.00010774,27764.94000000,1723553999999,3.00211246,900,12782.93000000,1.38038637,0
2024-08-13 13:00:00,0.00010763,0.00010779,0.00010648,0.00010694,1044.79000000,1723557599999,0.11205368,108,575.10000000,0.06171503,0
2024-08-13 14:00:00,0.00010684,0.00010706,0.00010580,0.00010581,1290.20000000,1723561199999,0.13725494,170,236.79000000,0.02520808,0
2024-08-13 15:00:00,0.00010583,0.00010627,0.00010558,0.00010603,694.54000000,1723564799999,0.07355400,118,465.98000000,0.04935707,0
2024-08-13 16:00:00,0.00010614,0.00010625,0.00010497,0.00010518,3909.99000000,1723568399999,0.41207817,407,2458.16000000,0.25920064,0
2024-08-13 17:00:00,0.00010536,0.00010583,0.00010463,0.00010527,2588.93000000,1723571999999,0.27257426,154,1013.31000000,0.10670849,0
2024-08-13 18:00:00,0.00010537,0.00010661,0.00010496,0.00010641,872.46000000,1723575599999,0.09200460,69,704.63000000,0.07427895,0
2024-08-13 19:00:00,0.00010657,0.00010714,0.00010595,0.00010654,2760.52000000,1723579199999,0.29448846,92,2423.55000000,0.25859498,0
2024-08-13 20:00:00,0.00010626,0.00010688,0.00010610,0.00010641,4152.73000000,1723582799999,0.44148925,115,512.45000000,0.05453710,0
2024-08-13 21:00:00,0.00010634,0.00010702,0.00010618,0.00010654,1463.64000000,1723586399999,0.15592818,349,901.51000000,0.09602265,0
2024-08-13 22:00:00,0.00010657,0.00010773,0.00010642,0.00010745,2602.47000000,1723589999999,0.27912594,503,2047.28000000,0.21954932,0
2024-08-13 23:00:00,0.00010740,0.00010743,0.00010644,0.00010644,1848.67000000,1723593599999,0.19750879,230,440.26000000,0.04717538,0
2024-08-14 00:00:00,0.00010649,0.00010682,0.00010595,0.00010611,202.45000000,1723597199999,0.02151735,51,99.15000000,0.01054163,0
2024-08-14 01:00:00,0.00010608,0.00010609,0.00010560,0.00010564,300.67000000,1723600799999,0.03179684,39,125.22000000,0.01326033,0
2024-08-14 02:00:00,0.00010583,0.00010636,0.00010583,0.00010636,184.55000000,1723604399999,0.01958968,41,133.49000000,0.01416973,0
2024-08-14 03:00:00,0.00010604,0.00010885,0.00010600,0.00010885,13339.45000000,1723607999999,1.43048414,258,12220.13000000,1.31020640,0
2024-08-14 04:00:00,0.00010883,0.00010970,0.00010794,0.00010913,4090.16000000,1723611599999,0.44477058,162,3181.34000000,0.34594644,0
2024-08-14 05:00:00,0.00010949,0.00011039,0.00010949,0.00010970,3051.34000000,1723615199999,0.33539166,254,2290.09000000,0.25180450,0
2024-08-14 06:00:00,0.00010974,0.00011063,0.00010942,0.00011011,2792.17000000,1723618799999,0.30748613,563,1978.24000000,0.21793102,0
2024-08-14 07:00:00,0.00011042,0.00011142,0.00011004,0.00011095,4470.76000000,1723622399999,0.49519169,594,2867.91000000,0.31784550,0
2024-08-14 08:00:00,0.00011094,0.00011185,0.00011067,0.00011174,19383.16000000,1723625999999,2.16109358,1549,4274.33000000,0.47586860,0
2024-08-14 09:00:00,0.00011180,0.00011656,0.00011139,0.00011542,26475.98000000,1723629599999,3.04625981,1847,17613.97000000,2.02332467,0
2024-08-14 10:00:00,0.00011541,0.00011879,0.00011541,0.00011677,31642.86000000,1723633199999,3.70154643,1891,21086.39000000,2.46441216,0
2024-08-14 11:00:00,0.00011686,0.00011723,0.00011558,0.00011600,3587.03000000,1723636799999,0.41726963,203,2857.01000000,0.33246141,0
2024-08-14 12:00:00,0.00011603,0.00011656,0.00011501,0.00011511,13890.63000000,1723640399999,1.60979126,1347,7489.66000000,0.86849481,0
2024-08-14 13:00:00,0.00011507,0.00011620,0.00011486,0.00011569,10592.61000000,1723643999999,1.22230343,1723,3824.98000000,0.44137730,0
2024-08-14 14:00:00,0.00011555,0.00011713,0.00011543,0.00011594,22743.25000000,1723647599999,2.64992782,2083,13134.40000000,1.53085471,0
2024-08-14 15:00:00,0.00011599,0.00011754,0.00011590,0.00011704,8991.41000000,1723651199999,1.05019781,1175,5613.38000000,0.65605546,0
2024-08-14 16:00:00,0.00011701,0.00011857,0.00011692,0.00011849,12547.58000000,1723654799999,1.47958965,1540,8085.59000000,0.95368623,0
2024-08-14 17:00:00,0.00011851,0.00011960,0.00011833,0.00011938,8823.77000000,1723658399999,1.04990519,1028,5685.16000000,0.67617501,0
2024-08-14 18:00:00,0.00011939,0.00011948,0.00011832,0.00011922,12949.75000000,1723661999999,1.53801783,918,2163.86000000,0.25723325,0
2024-08-14 19:00:00,0.00011924,0.00011948,0.00011867,0.00011908,4713.94000000,1723665599999,0.56187215,504,2033.67000000,0.24249961,0
2024-08-14 20:00:00,0.00011910,0.00011913,0.00011808,0.00011829,9762.07000000,1723669199999,1.15777120,1484,1083.59000000,0.12847884,0
2024-08-14 21:00:00,0.00011826,0.00011853,0.00011756,0.00011801,3456.69000000,1723672799999,0.40805054,752,939.52000000,0.11090877,0
2024-08-14 22:00:00,0.00011810,0.00011842,0.00011753,0.00011811,3548.54000000,1723676399999,0.41861026,775,1844.77000000,0.21766258,0
2024-08-14 23:00:00,0.00011783,0.00011785,0.00011707,0.00011748,1779.88000000,1723679999999,0.20903254,385,362.79000000,0.04263404,0
2024-08-15 00:00:00,0.00011740,0.00011758,0.00011648,0.00011648,23614.39000000,1723683599999,2.76372919,623,7553.71000000,0.88433929,0
2024-08-15 01:00:00,0.00011644,0.00011653,0.00011470,0.00011591,2790.64000000,1723687199999,0.32275859,397,1209.44000000,0.13993054,0
2024-08-15 02:00:00,0.00011602,0.00011653,0.00011496,0.00011500,3126.18000000,1723690799999,0.36109843,437,1368.59000000,0.15810456,0
2024-08-15 03:00:00,0.00011493,0.00011617,0.00011473,0.00011536,5487.25000000,1723694399999,0.63501574,400,4585.82000000,0.53119145,0
2024-08-15 04:00:00,0.00011523,0.00011542,0.00011401,0.00011454,2468.00000000,1723697999999,0.28258474,450,550.42000000,0.06316621,0
2024-08-15 05:00:00,0.00011458,0.00011475,0.00011396,0.00011402,1912.76000000,1723701599999,0.21871090,252,1308.17000000,0.14962121,0
2024-08-15 06:00:00,0.00011389,0.00011503,0.00011387,0.00011503,3841.28000000,1723705199999,0.44044277,566,1471.85000000,0.16869864,0
2024-08-15 07:00:00,0.00011509,0.00011596,0.00011486,0.00011533,18497.09000000,1723708799999,2.13484701,1593,7110.00000000,0.82115746,0
2024-08-15 08:00:00,0.00011525,0.00011558,0.00011392,0.00011395,4651.89000000,1723712399999,0.53380953,1122,1522.62000000,0.17516080,0
2024-08-15 09:00:00,0.00011392,0.00011406,0.00011201,0.00011323,24568.00000000,1723715999999,2.78095173,1512,16115.85000000,1.82583452,0
2024-08-15 10:00:00,0.00011332,0.00011343,0.00011067,0.00011213,18318.37000000,1723719599999,2.05446667,1214,9134.91000000,1.02773947,0
2024-08-15 11:00:00,0.00011219,0.00011279,0.00011153,0.00011211,6159.47000000,1723723199999,0.69150347,575,3067.73000000,0.34460312,0
2024-08-15 12:00:00,0.00011193,0.00011271,0.00011146,0.00011195,11356.49000000,1723726799999,1.27292820,1038,2723.71000000,0.30533742,0
2024-08-15 13:00:00,0.00011186,0.00011267,0.00011182,0.00011219,10061.99000000,1723730399999,1.12941032,1038,8474.10000000,0.95120296,0
2024-08-15 14:00:00,0.00011222,0.00011277,0.00011191,0.00011243,18178.53000000,1723733999999,2.04234143,898,15615.56000000,1.75454626,0
2024-08-15 15:00:00,0.00011241,0.00011263,0.00011163,0.00011224,16144.06000000,1723737599999,1.81264105,906,10523.98000000,1.18117938,0
2024-08-15 16:00:00,0.00011218,0.00011258,0.00011154,0.00011223,15941.87000000,1723741199999,1.78589180,1524,13564.38000000,1.51931925,0
2024-08-15 17:00:00,0.00011226,0.00011261,0.00011157,0.00011231,10420.28000000,1723744799999,1.16982919,875,8506.23000000,0.95528111,0
2024-08-15 18:00:00,0.00011236,0.00011334,0.00011198,0.00011277,28452.49000000,1723748399999,3.20938490,1415,4827.26000000,0.54306261,0
2024-08-15 19:00:00,0.00011280,0.00011386,0.00011242,0.00011362,9645.69000000,1723751999999,1.09298273,1702,5479.29000000,0.62090725,0
2024-08-15 20:00:00,0.00011358,0.00011595,0.00011322,0.00011536,11353.25000000,1723755599999,1.29795543,1351,6060.86000000,0.69356340,0
2024-08-15 21:00:00,0.00011532,0.00011558,0.00011420,0.00011460,10287.60000000,1723759199999,1.18120815,916,5707.25000000,0.65639238,0
2024-08-15 22:00:00,0.00011455,0.00011476,0.00011370,0.00011425,6059.39000000,1723762799999,0.69257956,281,4477.24000000,0.51187730,0
2024-08-15 23:00:00,0.00011432,0.00011530,0.00011412,0.00011465,3462.10000000,1723766399999,0.39782490,362,2365.47000000,0.27180684,0
2024-08-16 00:00:00,0.00011460,0.00011548,0.00011447,0.00011470,2414.49000000,1723769999999,0.27754328,382,1581.97000000,0.18195038,0
2024-08-16 01:00:00,0.00011463,0.00011531,0.00011400,0.00011408,3292.47000000,1723773599999,0.37753208,287,1329.21000000,0.15227899,0
2024-08-16 02:00:00,0.00011400,0.00011558,0.00011311,0.00011330,19310.81000000,1723777199999,2.20717184,545,16584.75000000,1.89757115,0
2024-08-16 03:00:00,0.00011341,0.00011457,0.00011291,0.00011456,7950.49000000,1723780799999,0.90465082,406,7257.08000000,0.82574615,0
2024-08-16 04:00:00,0.00011448,0.00011674,0.00011439,0.00011658,24460.84000000,1723784399999,2.82733965,2419,22531.74000000,2.60353725,0
2024-08-16 05:00:00,0.00011656,0.00011817,0.00011631,0.00011681,37332.22000000,1723787999999,4.38007294,2260,22922.55000000,2.69098990,0
2024-08-16 06:00:00,0.00011681,0.00011684,0.00011351,0.00011429,20342.17000000,1723791599999,2.33402499,1326,4922.55000000,0.56537086,0
2024-08-16 07:00:00,0.00011427,0.00011433,0.00011359,0.00011364,3480.50000000,1723795199999,0.39662464,542,1267.87000000,0.14445809,0
2024-08-16 08:00:00,0.00011356,0.00011383,0.00011299,0.00011314,4027.43000000,1723798799999,0.45653075,657,954.33000000,0.10822072,0
2024-08-16 09:00:00,0.00011312,0.00011329,0.00011060,0.00011089,39513.19000000,1723802399999,4.41466291,1651,5522.61000000,0.61709420,0
2024-08-16 10:00:00,0.00011088,0.00011122,0.00011014,0.00011107,14531.83000000,1723805999999,1.60773967,901,3277.37000000,0.36280947,0
2024-08-16 11:00:00,0.00011107,0.00011155,0.00011046,0.00011111,7415.08000000,1723809599999,0.82357048,867,2355.17000000,0.26153427,0
2024-08-16 12:00:00,0.00011108,0.00011140,0.00011054,0.00011117,17753.67000000,1723813199999,1.96913612,1097,11029.04000000,1.22312885,0
2024-08-16 13:00:00,0.00011120,0.00011140,0.00011012,0.00011037,9636.45000000,1723816799999,1.06561903,901,4294.15000000,0.47490976,0
2024-08-16 14:00:00,0.00011022,0.00011091,0.00010995,0.00011080,27841.50000000,1723820399999,3.07608497,1524,22804.52000000,2.51952406,0
2024-08-16 15:00:00,0.00011080,0.00011154,0.00011057,0.00011122,24475.18000000,1723823999999,2.71872575,1599,3117.91000000,0.34632048,0
2024-08-16 16:00:00,0.00011122,0.00011157,0.00011068,0.00011073,17083.47000000,1723827599999,1.89965190,1212,4744.41000000,0.52748330,0
2024-08-16 17:00:00,0.00011070,0.00011124,0.00010991,0.00010991,9364.25000000,1723831199999,1.03544947,2288,4515.03000000,0.49928515,0
2024-08-16 18:00:00,0.00010993,0.00011012,0.00010879,0.00010933,8007.45000000,1723834799999,0.87677081,811,3881.91000000,0.42535923,0
2024-08-16 19:00:00,0.00010928,0.00011007,0.00010895,0.00010968,9129.28000000,1723838399999,1.00092095,959,2893.53000000,0.31670703,0
2024-08-16 20:00:00,0.00010974,0.00011011,0.00010927,0.00010960,7094.38000000,1723841999999,0.77847014,1108,2702.14000000,0.29651791,0
2024-08-16 21:00:00,0.00010976,0.00011019,0.00010967,0.00011009,4036.72000000,1723845599999,0.44379556,1181,1812.74000000,0.19932044,0
2024-08-16 22:00:00,0.00010995,0.00011096,0.00010979,0.00011091,2186.18000000,1723849199999,0.24149522,488,1120.94000000,0.12386883,0
2024-08-16 23:00:00,0.00011093,0.00011139,0.00011057,0.00011114,4983.96000000,1723852799999,0.55283332,617,1236.26000000,0.13714773,0
2024-08-17 00:00:00,0.00011104,0.00011108,0.00011031,0.00011046,8403.90000000,1723856399999,0.92878598,780,6841.46000000,0.75584036,0
2024-08-17 01:00:00,0.00011046,0.00011101,0.00011008,0.00011022,25246.69000000,1723859999999,2.79035864,2387,19695.95000000,2.17626914,0
2024-08-17 02:00:00,0.00011022,0.00011090,0.00011006,0.00011090,3040.66000000,1723863599999,0.33601295,534,1674.60000000,0.18511038,0
2024-08-17 03:00:00,0.00011081,0.00011131,0.00011069,0.00011097,3119.46000000,1723867199999,0.34643164,376,1687.22000000,0.18733643,0
2024-08-17 04:00:00,0.00011095,0.00011127,0.00011065,0.00011067,4259.21000000,1723870799999,0.47282847,411,2675.41000000,0.29719072,0
2024-08-17 05:00:00,0.00011064,0.00011092,0.00011046,0.00011066,1842.32000000,1723874399999,0.20391542,346,1046.36000000,0.11581069,0
2024-08-17 06:00:00,0.00011063,0.00011067,0.00011016,0.00011016,6389.40000000,1723877999999,0.70519397,581,4002.40000000,0.44176862,0
2024-08-17 07:00:00,0.00011018,0.00011058,0.00010988,0.00011053,3531.25000000,1723881599999,0.38920916,486,1449.60000000,0.15977845,0
2024-08-17 08:00:00,0.00011055,0.00011061,0.00010986,0.00010986,3298.36000000,1723885199999,0.36348513,635,1391.86000000,0.15337359,0
2024-08-17 09:00:00,0.00010989,0.00011026,0.00010963,0.00010992,4480.41000000,1723888799999,0.49234156,847,2333.46000000,0.25635936,0
2024-08-17 10:00:00,0.00010992,0.00011002,0.00010800,0.00010843,17481.25000000,1723892399999,1.90115776,1468,3544.06000000,0.38538889,0
2024-08-17 11:00:00,0.00010834,0.00010874,0.00010810,0.00010853,2782.53000000,1723895999999,0.30189361,475,1275.51000000,0.13838227,0
2024-08-17 12:00:00,0.00010850,0.00010906,0.00010840,0.00010881,3508.67000000,1723899599999,0.38166486,662,1374.82000000,0.14949490,0
2024-08-17 13:00:00,0.00010880,0.00010917,0.00010823,0.00010859,9810.44000000,1723903199999,1.06575547,1105,7586.80000000,0.82415390,0
2024-08-17 14:00:00,0.00010861,0.00010884,0.00010841,0.00010861,9250.75000000,1723906799999,1.00501680,845,7079.28000000,0.76921102,0
2024-08-17 15:00:00,0.00010863,0.00010904,0.00010853,0.00010887,4507.90000000,1723910399999,0.49042785,737,2409.98000000,0.26216617,0
2024-08-17 16:00:00,0.00010887,0.00010892,0.00010857,0.00010863,2733.14000000,1723913999999,0.29721605,717,1587.45000000,0.17262339,0
2024-08-17 17:00:00,0.00010863,0.00010892,0.00010836,0.00010852,2926.98000000,1723917599999,0.31802427,736,1374.45000000,0.14941793,0
2024-08-17 18:00:00,0.00010852,0.00010880,0.00010833,0.00010855,2945.64000000,1723921199999,0.31972983,443,1265.98000000,0.13741190,0
2024-08-17 19:00:00,0.00010856,0.00010861,0.00010828,0.00010858,2157.97000000,1723924799999,0.23407729,354,1023.17000000,0.11098162,0
2024-08-17 20:00:00,0.00010859,0.00010896,0.00010859,0.00010883,1557.70000000,1723928399999,0.16949985,282,835.41000000,0.09089770,0
2024-08-17 21:00:00,0.00010883,0.00010886,0.00010846,0.00010873,4223.14000000,1723931999999,0.45868267,331,1543.40000000,0.16769148,0
2024-08-17 22:00:00,0.00010866,0.00010886,0.00010841,0.00010841,2598.79000000,1723935599999,0.28227889,267,1752.69000000,0.19035545,0
2024-08-17 23:00:00,0.00010841,0.00010862,0.00010827,0.00010833,1590.18000000,1723939199999,0.17249782,319,799.23000000,0.08671430,0
2024-08-18 00:00:00,0.00010825,0.00010841,0.00010798,0.00010798,1774.53000000,1723942799999,0.19190530,396,682.76000000,0.07389141,0
2024-08-18 01:00:00,0.00010797,0.00010831,0.00010765,0.00010827,603.35000000,1723946399999,0.06514247,176,292.93000000,0.03160903,0
2024-08-18 02:00:00,0.00010827,0.00010856,0.00010767,0.00010774,2579.89000000,1723949999999,0.27926849,449,1438.98000000,0.15581814,0
2024-08-18 03:00:00,0.00010781,0.00010957,0.00010781,0.00010957,2937.46000000,1723953599999,0.32018187,519,2340.94000000,0.25529925,0
2024-08-18 04:00:00,0.00010953,0.00010954,0.00010877,0.00010934,3340.84000000,1723957199999,0.36429014,512,1092.01000000,0.11913129,0
2024-08-18 05:00:00,0.00010927,0.00010947,0.00010869,0.00010946,1277.55000000,1723960799999,0.13935272,268,702.26000000,0.07662138,0
2024-08-18 06:00:00,0.00010947,0.00010971,0.00010904,0.00010966,1946.12000000,1723964399999,0.21292673,259,1096.62000000,0.11999070,0
2024-08-18 07:00:00,0.00010968,0.00010990,0.00010945,0.00010954,2407.97000000,1723967999999,0.26394607,318,1535.57000000,0.16834266,0
2024-08-18 08:00:00,0.00010959,0.00010985,0.00010887,0.00010973,1769.74000000,1723971599999,0.19350653,323,733.39000000,0.08018915,0
2024-08-18 09:00:00,0.00010982,0.00011040,0.00010968,0.00011005,4760.56000000,1723975199999,0.52372406,784,2676.40000000,0.29440648,0
2024-08-18 10:00:00,0.00011010,0.00011020,0.00010945,0.00010950,5021.59000000,1723978799999,0.55135095,773,2513.49000000,0.27605389,0
2024-08-18 11:00:00,0.00010958,0.00010986,0.00010909,0.00010972,1840.01000000,1723982399999,0.20139828,316,1004.58000000,0.10999013,0
2024-08-18 12:00:00,0.00010963,0.00011065,0.00010946,0.00011040,6496.30000000,1723985999999,0.71657630,855,5418.02000000,0.59777322,0
2024-08-18 13:00:00,0.00011042,0.00011214,0.00011042,0.00011188,13166.47000000,1723989599999,1.46195177,1402,3004.84000000,0.33381091,0
2024-08-18 14:00:00,0.00011194,0.00011328,0.00011132,0.00011163,5003.50000000,1723993199999,0.56115601,1032,2115.35000000,0.23739090,0
2024-08-18 15:00:00,0.00011164,0.00011212,0.00011126,0.00011166,13185.21000000,1723996799999,1.47185563,730,5633.14000000,0.62961353,0
2024-08-18 16:00:00,0.00011163,0.00011166,0.00011100,0.00011124,2372.27000000,1724000399999,0.26406746,449,1135.16000000,0.12634192,0
2024-08-18 17:00:00,0.00011125,0.00011160,0.00011080,0.00011134,2993.34000000,1724003999999,0.33326286,644,1262.82000000,0.14056806,0
2024-08-18 18:00:00,0.00011137,0.00011241,0.00011128,0.00011241,2670.74000000,1724007599999,0.29867879,308,1485.72000000,0.16620753,0
2024-08-18 19:00:00,0.00011248,0.00011392,0.00011222,0.00011388,1864.76000000,1724011199999,0.21087992,442,1000.81000000,0.11321010,0
2024-08-18 20:00:00,0.00011387,0.00011529,0.00011320,0.00011509,9339.51000000,1724014799999,1.06747481,1192,6529.52000000,0.74640057,0
2024-08-18 21:00:00,0.00011515,0.00011713,0.00011479,0.00011713,11212.82000000,1724018399999,1.30366134,981,9513.70000000,1.10662640,0
2024-08-18 22:00:00,0.00011713,0.00011960,0.00011686,0.00011753,16153.01000000,1724021999999,1.90639109,1781,12154.87000000,1.43445339,0
2024-08-18 23:00:00,0.00011771,0.00011799,0.00011712,0.00011779,6901.61000000,1724025599999,0.81169123,886,3844.39000000,0.45231250,0
2024-08-19 00:00:00,0.00011785,0.00011917,0.00011760,0.00011869,6836.96000000,1724029199999,0.80886893,606,4349.90000000,0.51475399,0
2024-08-19 01:00:00,0.00011869,0.00011988,0.00011837,0.00011911,7604.44000000,1724032799999,0.90578255,883,2261.82000000,0.26942795,0
2024-08-19 02:00:00,0.00011906,0.00012037,0.00011834,0.00012034,5854.49000000,1724036399999,0.69916348,620,2798.31000000,0.33445727,0
2024-08-19 03:00:00,0.00012032,0.00012037,0.00011941,0.00011941,2820.44000000,1724039999999,0.33800133,391,975.17000000,0.11695083,0
2024-08-19 04:00:00,0.00011940,0.00011994,0.00011880,0.00011895,4574.96000000,1724043599999,0.54521044,703,2024.33000000,0.24123373,0
2024-08-19 05:00:00,0.00011893,0.00011926,0.00011793,0.00011813,6585.00000000,1724047199999,0.77988702,665,4307.93000000,0.51029123,0
2024-08-19 06:00:00,0.00011813,0.00011880,0.00011659,0.00011682,11044.26000000,1724050799999,1.30004893,1017,4615.43000000,0.54435570,0
2024-08-19 07:00:00,0.00011681,0.00011783,0.00011562,0.00011591,9545.41000000,1724054399999,1.11175188,847,2645.09000000,0.30809737,0
2024-08-19 08:00:00,0.00011609,0.00011652,0.00011605,0.00011610,5301.26000000,1724057999999,0.61589662,677,1628.87000000,0.18939524,0
2024-08-19 09:00:00,0.00011618,0.00011725,0.00011610,0.00011681,3084.61000000,1724061599999,0.35984293,594,1553.97000000,0.18122491,0
2024-08-19 10:00:00,0.00011680,0.00011739,0.00011582,0.00011594,23507.21000000,1724065199999,2.73800037,1547,13547.13000000,1.57345773,0
2024-08-19 11:00:00,0.00011592,0.00011640,0.00011562,0.00011621,12603.12000000,1724068799999,1.46296378,1083,3459.78000000,0.40158301,0
2024-08-19 12:00:00,0.00011621,0.00011626,0.00011511,0.00011550,4603.81000000,1724072399999,0.53182652,649,2217.85000000,0.25623651,0
2024-08-19 13:00:00,0.00011560,0.00011674,0.00011514,0.00011670,14387.46000000,1724075999999,1.66798438,690,5292.31000000,0.61344714,0
2024-08-19 14:00:00,0.00011670,0.00011672,0.00011535,0.00011558,4913.53000000,1724079599999,0.57007208,653,2230.78000000,0.25896616,0
2024-08-19 15:00:00,0.00011557,0.00011586,0.00011483,0.00011522,3777.48000000,1724083199999,0.43563504,782,2252.70000000,0.25981873,0
2024-08-19 16:00:00,0.00011518,0.00011628,0.00011502,0.00011570,4167.80000000,1724086799999,0.48161815,839,2594.42000000,0.30000507,0
2024-08-19 17:00:00,0.00011571,0.00011682,0.00011497,0.00011516,6394.43000000,1724090399999,0.74199679,661,2683.27000000,0.31195603,0
2024-08-19 18:00:00,0.00011520,0.00011563,0.00011476,0.00011538,3439.20000000,1724093999999,0.39600309,713,1073.96000000,0.12362491,0
2024-08-19 19:00:00,0.00011538,0.00011541,0.00011456,0.00011488,10918.44000000,1724097599999,1.25506046,1239,10144.85000000,1.16622897,0
2024-08-19 20:00:00,0.00011494,0.00011520,0.00011455,0.00011517,4278.81000000,1724101199999,0.49188848,782,3167.98000000,0.36428857,0
2024-08-19 21:00:00,0.00011517,0.00011588,0.00011490,0.00011546,26512.62000000,1724104799999,3.05768215,1552,23540.95000000,2.71489993,0
2024-08-19 22:00:00,0.00011542,0.00011571,0.00011495,0.00011495,15775.66000000,1724108399999,1.82005167,1508,14792.95000000,1.70668959,0
2024-08-19 23:00:00,0.00011494,0.00011528,0.00011465,0.00011487,3096.71000000,1724111999999,0.35602604,306,2495.57000000,0.28695280,0
2024-08-20 00:00:00,0.00011490,0.00011530,0.00011366,0.00011366,3431.56000000,1724115599999,0.39278391,448,1859.58000000,0.21289507,0
2024-08-20 01:00:00,0.00011368,0.00011368,0.00011263,0.00011288,2674.58000000,1724119199999,0.30236381,333,712.27000000,0.08058206,0
2024-08-20 02:00:00,0.00011280,0.00011313,0.00011261,0.00011275,1986.88000000,1724122799999,0.22423677,278,1047.19000000,0.11816103,0
2024-08-20 03:00:00,0.00011274,0.00011327,0.00011253,0.00011272,1415.97000000,1724126399999,0.15970931,229,775.26000000,0.08752298,0
2024-08-20 04:00:00,0.00011265,0.00011278,0.00011197,0.00011209,5664.23000000,1724129999999,0.63677989,323,643.12000000,0.07220247,0
2024-08-20 05:00:00,0.00011209,0.00011271,0.00011192,0.00011248,3522.79000000,1724133599999,0.39564534,359,2914.22000000,0.32727339,0
2024-08-20 06:00:00,0.00011240,0.00011258,0.00011184,0.00011252,1320.34000000,1724137199999,0.14835766,280,955.54000000,0.10738513,0
2024-08-20 07:00:00,0.00011254,0.00011303,0.00011235,0.00011273,2419.71000000,1724140799999,0.27274596,329,1111.33000000,0.12532697,0
2024-08-20 08:00:00,0.00011269,0.00011291,0.00011217,0.00011258,2489.30000000,1724144399999,0.28021874,312,804.83000000,0.09054451,0
2024-08-20 09:00:00,0.00011250,0.00011280,0.00011233,0.00011272,1368.90000000,1724147999999,0.15405739,218,710.48000000,0.07995630,0
2024-08-20 10:00:00,0.00011271,0.00011285,0.00011221,0.00011285,1560.33000000,1724151599999,0.17557073,241,820.02000000,0.09226253,0
2024-08-20 11:00:00,0.00011280,0.00011310,0.00011254,0.00011267,5117.45000000,1724155199999,0.57732252,541,934.42000000,0.10539936,0
2024-08-20 12:00:00,0.00011268,0.00011287,0.00011184,0.00011197,4966.18000000,1724158799999,0.55721733,399,808.91000000,0.09112904,0
2024-08-20 13:00:00,0.00011178,0.00011190,0.00011045,0.00011055,9155.03000000,1724162399999,1.02253120,1104,1209.43000000,0.13490598,0
2024-08-20 14:00:00,0.00011048,0.00011151,0.00011000,0.00011151,5638.36000000,1724165999999,0.62441464,828,2893.52000000,0.32067825,0
2024-08-20 15:00:00,0.00011152,0.00011299,0.00011152,0.00011259,4173.30000000,1724169599999,0.46833131,595,2667.64000000,0.29932455,0
2024-08-20 16:00:00,0.00011266,0.00011328,0.00011220,0.00011313,4989.68000000,1724173199999,0.56145912,876,3976.90000000,0.44731853,0
2024-08-20 17:00:00,0.00011318,0.00011346,0.00011294,0.00011296,4782.69000000,1724176799999,0.54172403,676,3220.94000000,0.36488542,0
2024-08-20 18:00:00,0.00011300,0.00011300,0.00011199,0.00011262,1943.79000000,1724180399999,0.21857595,402,872.84000000,0.09811730,0
2024-08-20 19:00:00,0.00011261,0.00011269,0.00011202,0.00011220,1837.14000000,1724183999999,0.20620314,252,978.91000000,0.10985371,0
2024-08-20 20:00:00,0.00011220,0.00011284,0.00011200,0.00011284,8852.05000000,1724187599999,0.99451476,540,3205.59000000,0.36074775,0
2024-08-20 21:00:00,0.00011284,0.00011341,0.00011281,0.00011299,14714.67000000,1724191199999,1.66563841,1410,2698.91000000,0.30525745,0
2024-08-20 22:00:00,0.00011298,0.00011330,0.00011265,0.00011306,982.24000000,1724194799999,0.11093841,115,282.70000000,0.03196781,0
2024-08-20 23:00:00,0.00011306,0.00011334,0.00011285,0.00011292,905.15000000,1724198399999,0.10230754,178,478.62000000,0.05410415,0
2024-08-21 00:00:00,0.00011296,0.00011301,0.00011200,0.00011231,2108.07000000,1724201999999,0.23699602,285,1100.61000000,0.12379917,0
2024-08-21 01:00:00,0.00011225,0.00011251,0.00011202,0.00011210,2147.89000000,1724205599999,0.24102400,301,1088.83000000,0.12217883,0
2024-08-21 02:00:00,0.00011210,0.00011231,0.00011189,0.00011199,3630.32000000,1724209199999,0.40675507,521,558.97000000,0.06269627,0
2024-08-21 03:00:00,0.00011201,0.00011211,0.00011181,0.00011181,980.31000000,1724212799999,0.10971853,179,279.35000000,0.03127107,0
2024-08-21 04:00:00,0.00011181,0.00011196,0.00011154,0.00011190,1165.03000000,1724216399999,0.13021897,233,625.01000000,0.06986450,0
2024-08-21 05:00:00,0.00011188,0.00011202,0.00011180,0.00011181,966.53000000,1724219999999,0.10814490,278,490.84000000,0.05492766,0
2024-08-21 06:00:00,0.00011183,0.00011216,0.00011153,0.00011185,10033.60000000,1724223599999,1.12340621,810,868.80000000,0.09711804,0
2024-08-21 07:00:00,0.00011186,0.00011208,0.00011141,0.00011181,4479.58000000,1724227199999,0.50023633,284,3073.49000000,0.34322547,0
2024-08-21 08:00:00,0.00011168,0.00011213,0.00011138,0.00011206,3139.10000000,1724230799999,0.35120900,292,2361.98000000,0.26431385,0
2024-08-21 09:00:00,0.00011209,0.00011247,0.00011205,0.00011213,1813.29000000,1724234399999,0.20360273,520,608.85000000,0.06835433,0
2024-08-21 10:00:00,0.00011211,0.00011354,0.00011208,0.00011304,3205.06000000,1724237999999,0.36237795,737,1638.36000000,0.18518335,0
2024-08-21 11:00:00,0.00011308,0.00011400,0.00011290,0.00011385,8444.32000000,1724241599999,0.95458966,702,7193.02000000,0.81265897,0
2024-08-21 12:00:00,0.00011386,0.00011411,0.00011275,0.00011281,2853.12000000,1724245199999,0.32389078,699,1672.63000000,0.19005399,0
2024-08-21 13:00:00,0.00011281,0.00011295,0.00011198,0.00011207,2477.69000000,1724248799999,0.27891858,553,1159.14000000,0.13046634,0
2024-08-21 14:00:00,0.00011228,0.00011342,0.00011201,0.00011322,2448.63000000,1724252399999,0.27593242,432,1504.90000000,0.16963462,0
2024-08-21 15:00:00,0.00011316,0.00011317,0.00011205,0.00011235,1621.78000000,1724255999999,0.18242831,458,588.74000000,0.06620951,0
2024-08-21 16:00:00,0.00011235,0.00011256,0.00011197,0.00011211,2571.34000000,1724259599999,0.28902114,409,1315.01000000,0.14786424,0
2024-08-21 17:00:00,0.00011212,0.00011212,0.00011144,0.00011144,2304.14000000,1724263199999,0.25750200,544,1154.68000000,0.12899618,0
2024-08-21 18:00:00,0.00011143,0.00011151,0.00011015,0.00011029,3033.99000000,1724266799999,0.33647411,599,1676.48000000,0.18600000,0
2024-08-21 19:00:00,0.00011030,0.00011063,0.00010763,0.00010783,8814.83000000,1724270399999,0.96419151,1049,3492.54000000,0.38195289,0
2024-08-21 20:00:00,0.00010775,0.00010787,0.00010620,0.00010625,27811.57000000,1724273999999,2.97432785,2737,17226.28000000,1.84193928,0
2024-08-21 21:00:00,0.00010624,0.00010706,0.00010618,0.00010698,4464.90000000,1724277599999,0.47607916,454,3324.31000000,0.35443446,0
2024-08-21 22:00:00,0.00010689,0.00010689,0.00010597,0.00010631,3320.83000000,1724281199999,0.35311931,264,2874.38000000,0.30567349,0
2024-08-21 23:00:00,0.00010625,0.00010657,0.00010619,0.00010622,2335.89000000,1724284799999,0.24843331,238,1081.97000000,0.11508093,0
2024-08-22 00:00:00,0.00010620,0.00010673,0.00010581,0.00010673,1822.57000000,1724288399999,0.19350174,250,1095.46000000,0.11637501,0
2024-08-22 01:00:00,0.00010670,0.00010740,0.00010652,0.00010726,3254.65000000,1724291999999,0.34760598,263,1016.30000000,0.10874312,0
2024-08-22 02:00:00,0.00010724,0.00010872,0.00010724,0.00010839,2545.89000000,1724295599999,0.27516388,338,1181.48000000,0.12754728,0
2024-08-22 03:00:00,0.00010837,0.00010913,0.00010831,0.00010886,7223.39000000,1724299199999,0.78550668,917,6420.66000000,0.69821869,0
2024-08-22 04:00:00,0.00010884,0.00010884,0.00010767,0.00010767,1390.45000000,1724302799999,0.15073305,214,381.63000000,0.04140367,0
2024-08-22 05:00:00,0.00010776,0.00010799,0.00010759,0.00010789,2180.55000000,1724306399999,0.23510660,241,857.51000000,0.09247991,0
2024-08-22 06:00:00,0.00010782,0.00010782,0.00010582,0.00010672,5690.99000000,1724309999999,0.60794496,679,2814.69000000,0.30039978,0
2024-08-22 07:00:00,0.00010670,0.00010697,0.00010633,0.00010649,2143.48000000,1724313599999,0.22882314,341,1261.96000000,0.13476161,0
2024-08-22 08:00:00,0.00010640,0.00010712,0.00010640,0.00010708,1574.99000000,1724317199999,0.16790548,361,1143.10000000,0.12187339,0
2024-08-22 09:00:00,0.00010700,0.00010711,0.00010653,0.00010668,2988.03000000,1724320799999,0.31941849,382,1853.10000000,0.19814835,0
2024-08-22 10:00:00,0.00010673,0.00010795,0.00010660,0.00010673,5845.73000000,1724324399999,0.62627024,477,3398.30000000,0.36389310,0
2024-08-22 11:00:00,0.00010674,0.00010708,0.00010640,0.00010645,2582.63000000,1724327999999,0.27536518,468,1332.72000000,0.14210662,0
2024-08-22 12:00:00,0.00010644,0.00010767,0.00010635,0.00010760,3108.86000000,1724331599999,0.33247784,631,1958.05000000,0.20961847,0
2024-08-22 13:00:00,0.00010763,0.00010787,0.00010715,0.00010717,2118.18000000,1724335199999,0.22793155,349,845.06000000,0.09095642,0
2024-08-22 14:00:00,0.00010732,0.00010788,0.00010729,0.00010753,5681.21000000,1724338799999,0.61119222,1387,5005.89000000,0.53853028,0
2024-08-22 15:00:00,0.00010753,0.00010832,0.00010726,0.00010791,2821.68000000,1724342399999,0.30398719,667,2163.37000000,0.23310371,0
2024-08-22 16:00:00,0.00010795,0.00010862,0.00010785,0.00010857,3942.18000000,1724345999999,0.42675558,517,2154.24000000,0.23317499,0
2024-08-22 17:00:00,0.00010860,0.00010902,0.00010849,0.00010899,1302.35000000,1724349599999,0.14153221,420,986.42000000,0.10720710,0
2024-08-22 18:00:00,0.00010909,0.00010919,0.00010855,0.00010873,1534.90000000,1724353199999,0.16710783,248,945.86000000,0.10299116,0
2024-08-22 19:00:00,0.00010865,0.00010885,0.00010751,0.00010780,5909.25000000,1724356799999,0.64050692,377,1748.61000000,0.18940060,0
2024-08-22 20:00:00,0.00010778,0.00010817,0.00010740,0.00010763,2466.08000000,1724360399999,0.26577740,241,1196.80000000,0.12900941,0
2024-08-22 21:00:00,0.00010757,0.00010769,0.00010732,0.00010745,2244.56000000,1724363999999,0.24138277,512,1297.04000000,0.13949385,0
2024-08-22 22:00:00,0.00010746,0.00010778,0.00010743,0.00010752,1167.40000000,1724367599999,0.12554890,310,215.14000000,0.02314768,0
2024-08-22 23:00:00,0.00010754,0.00010787,0.00010740,0.00010773,1607.50000000,1724371199999,0.17300159,405,579.51000000,0.06238237,0
2024-08-23 00:00:00,0.00010767,0.00010776,0.00010724,0.00010756,1122.16000000,1724374799999,0.12062154,601,458.99000000,0.04933996,0
2024-08-23 01:00:00,0.00010760,0.00010783,0.00010724,0.00010737,1474.17000000,1724378399999,0.15861475,231,822.67000000,0.08853060,0
2024-08-23 02:00:00,0.00010738,0.00010756,0.00010733,0.00010745,1224.19000000,1724381999999,0.13150968,252,421.00000000,0.04522702,0
2024-08-23 03:00:00,0.00010745,0.00010775,0.00010732,0.00010768,1183.28000000,1724385599999,0.12719771,153,368.38000000,0.03962749,0
2024-08-23 04:00:00,0.00010758,0.00010810,0.00010754,0.00010792,870.34000000,1724389199999,0.09378460,204,560.50000000,0.06040804,0
2024-08-23 05:00:00,0.00010791,0.00010814,0.00010756,0.00010798,2995.34000000,1724392799999,0.32328062,346,965.96000000,0.10418993,0
2024-08-23 06:00:00,0.00010795,0.00010821,0.00010753,0.00010812,1729.61000000,1724396399999,0.18651030,296,723.63000000,0.07806761,0
2024-08-23 07:00:00,0.00010814,0.00010816,0.00010754,0.00010763,1755.85000000,1724399999999,0.18916736,456,404.90000000,0.04363242,0
2024-08-23 08:00:00,0.00010766,0.00010815,0.00010759,0.00010789,1998.06000000,1724403599999,0.21538365,280,987.78000000,0.10644933,0
2024-08-23 09:00:00,0.00010782,0.00010835,0.00010761,0.00010773,2177.54000000,1724407199999,0.23519861,413,670.39000000,0.07242242,0
2024-08-23 10:00:00,0.00010778,0.00010805,0.00010745,0.00010774,2126.50000000,1724410799999,0.22932300,367,667.95000000,0.07204662,0
2024-08-23 11:00:00,0.00010774,0.00010833,0.00010774,0.00010792,2291.55000000,1724414399999,0.24749220,511,1333.94000000,0.14405728,0
2024-08-23 12:00:00,0.00010786,0.00010809,0.00010760,0.00010764,1642.21000000,1724417999999,0.17719376,274,993.63000000,0.10727465,0
2024-08-23 13:00:00,0.00010768,0.00010806,0.00010755,0.00010755,2496.17000000,1724421599999,0.26901843,588,486.25000000,0.05242487,0
2024-08-23 14:00:00,0.00010755,0.00010755,0.00010611,0.00010731,6286.03000000,1724425199999,0.67235323,1143,2105.73000000,0.22482585,0
2024-08-23 15:00:00,0.00010732,0.00010747,0.00010663,0.00010708,3886.48000000,1724428799999,0.41565620,697,1835.72000000,0.19636132,0
2024-08-23 16:00:00,0.00010704,0.00010754,0.00010693,0.00010722,3871.10000000,1724432399999,0.41500984,752,2560.73000000,0.27454662,0
2024-08-23 17:00:00,0.00010722,0.00010747,0.00010559,0.00010591,10396.33000000,1724435999999,1.10542679,1174,3608.78000000,0.38480258,0
2024-08-23 18:00:00,0.00010596,0.00010634,0.00010556,0.00010634,5696.67000000,1724439599999,0.60320753,979,3486.55000000,0.36937838,0
2024-08-23 19:00:00,0.00010634,0.00010636,0.00010542,0.00010585,3800.79000000,1724443199999,0.40261999,623,1738.44000000,0.18429778,0
2024-08-23 20:00:00,0.00010585,0.00010661,0.00010584,0.00010619,1983.05000000,1724446799999,0.21034910,349,1086.23000000,0.11520239,0
2024-08-23 21:00:00,0.00010623,0.00010650,0.00010501,0.00010540,7992.12000000,1724450399999,0.84363079,553,2794.83000000,0.29491961,0
2024-08-23 22:00:00,0.00010540,0.00010569,0.00010457,0.00010490,3677.66000000,1724453999999,0.38641140,254,1168.26000000,0.12273993,0
2024-08-23 23:00:00,0.00010501,0.00010515,0.00010461,0.00010463,2279.49000000,1724457599999,0.23911233,169,738.12000000,0.07736400,0
2024-08-24 00:00:00,0.00010467,0.00010497,0.00010395,0.00010479,2584.27000000,1724461199999,0.26952148,226,357.73000000,0.03737213,0
2024-08-24 01:00:00,0.00010480,0.00010537,0.00010480,0.00010536,2573.24000000,1724464799999,0.27026942,213,1683.82000000,0.17681523,0
2024-08-24 02:00:00,0.00010537,0.00010576,0.00010527,0.00010549,1416.22000000,1724468399999,0.14946646,201,929.75000000,0.09815027,0
2024-08-24 03:00:00,0.00010555,0.00010562,0.00010507,0.00010540,1359.95000000,1724471999999,0.14325708,245,541.73000000,0.05706888,0
2024-08-24 04:00:00,0.00010536,0.00010543,0.00010464,0.00010464,2764.40000000,1724475599999,0.29031910,318,849.68000000,0.08921669,0
2024-08-24 05:00:00,0.00010474,0.00010474,0.00010431,0.00010444,1293.48000000,1724479199999,0.13515358,181,185.72000000,0.01941625,0
2024-08-24 06:00:00,0.00010446,0.00010485,0.00010424,0.00010442,2034.32000000,1724482799999,0.21266201,366,1034.06000000,0.10807511,0
2024-08-24 07:00:00,0.00010442,0.00010464,0.00010429,0.00010448,2107.11000000,1724486399999,0.22006450,307,739.69000000,0.07729157,0
2024-08-24 08:00:00,0.00010444,0.00010498,0.00010444,0.00010465,829.39000000,1724489999999,0.08688295,142,411.39000000,0.04310895,0
2024-08-24 09:00:00,0.00010467,0.00010560,0.00010456,0.00010538,2362.04000000,1724493599999,0.24789531,422,1530.44000000,0.16068688,0
2024-08-24 10:00:00,0.00010538,0.00010568,0.00010480,0.00010526,10165.27000000,1724497199999,1.06996122,584,1474.83000000,0.15512053,0
2024-08-24 11:00:00,0.00010525,0.00010556,0.00010484,0.00010509,1722.42000000,1724500799999,0.18129513,293,598.33000000,0.06298003,0
2024-08-24 12:00:00,0.00010511,0.00010580,0.00010486,0.00010571,1396.02000000,1724504399999,0.14705377,270,741.85000000,0.07814169,0
2024-08-24 13:00:00,0.00010572,0.00010579,0.00010533,0.00010559,2679.71000000,1724507999999,0.28293120,444,1179.89000000,0.12454535,0
2024-08-24 14:00:00,0.00010558,0.00010600,0.00010539,0.00010595,1745.27000000,1724511599999,0.18434242,517,860.80000000,0.09093622,0
2024-08-24 15:00:00,0.00010597,0.00010719,0.00010597,0.00010706,7416.83000000,1724515199999,0.78902229,852,5546.67000000,0.58993947,0
2024-08-24 16:00:00,0.00010709,0.00010724,0.00010650,0.00010667,3745.32000000,1724518799999,0.39982926,525,1901.64000000,0.20301909,0
2024-08-24 17:00:00,0.00010665,0.00010666,0.00010561,0.00010563,2413.10000000,1724522399999,0.25634681,461,748.31000000,0.07950103,0
2024-08-24 18:00:00,0.00010560,0.00010596,0.00010542,0.00010568,2943.31000000,1724525999999,0.31122882,492,1405.05000000,0.14859251,0
2024-08-24 19:00:00,0.00010568,0.00010605,0.00010565,0.00010597,1161.82000000,1724529599999,0.12297442,230,728.00000000,0.07705442,0
2024-08-24 20:00:00,0.00010605,0.00010605,0.00009485,0.00009635,178419.71000000,1724533199999,17.60073211,5216,124925.46000000,12.29203239,0
2024-08-24 21:00:00,0.00009632,0.00009779,0.00009032,0.00009362,243722.06000000,1724536799999,22.81211733,10221,124691.34000000,11.67932031,0
2024-08-24 22:00:00,0.00009374,0.00009398,0.00008543,0.00008835,278086.03000000,1724540399999,24.62891529,8591,94796.57000000,8.37417569,0
2024-08-24 23:00:00,0.00008857,0.00009315,0.00008670,0.00009234,122440.49000000,1724543999999,11.02240445,5618,71655.58000000,6.46480962,0
2024-08-25 00:00:00,0.00009236,0.00009306,0.00008744,0.00008838,91082.04000000,1724547599999,8.24474960,4032,60443.73000000,5.47699283,0
2024-08-25 01:00:00,0.00008837,0.00008953,0.00008694,0.00008930,197906.15000000,1724551199999,17.46552277,5201,98897.94000000,8.67675586,0
2024-08-25 02:00:00,0.00008920,0.00009121,0.00008910,0.00009063,88720.82000000,1724554799999,8.00734642,2228,28031.74000000,2.53160698,0
2024-08-25 03:00:00,0.00009067,0.00009197,0.00009019,0.00009081,35927.80000000,1724558399999,3.27518522,2298,24491.91000000,2.23616930,0
2024-08-25 04:00:00,0.00009081,0.00009083,0.00008938,0.00009023,19198.67000000,1724561999999,1.72687514,1905,7853.82000000,0.70671346,0
2024-08-25 05:00:00,0.00009023,0.00009035,0.00008832,0.00008855,26275.84000000,1724565599999,2.34259758,2500,15102.04000000,1.34633559,0
2024-08-25 06:00:00,0.00008856,0.00008862,0.00008675,0.00008777,85973.91000000,1724569199999,7.55614509,3431,63615.69000000,5.59658536,0
2024-08-25 07:00:00,0.00008779,0.00008815,0.00008324,0.00008412,125244.88000000,1724572799999,10.71277683,4129,61112.06000000,5.25069076,0
2024-08-25 08:00:00,0.00008411,0.00008633,0.00008218,0.00008604,77826.41000000,1724576399999,6.57594654,3956,43180.02000000,3.65142058,0
2024-08-25 09:00:00,0.00008613,0.00009011,0.00008481,0.00008903,83292.06000000,1724579999999,7.28021534,3589,43856.61000000,3.85326982,0
2024-08-25 10:00:00,0.00008908,0.00008908,0.00008681,0.00008754,50595.78000000,1724583599999,4.45152218,2972,16377.53000000,1.43585293,0
2024-08-25 11:00:00,0.00008751,0.00009030,0.00008720,0.00008884,44091.40000000,1724587199999,3.90597401,3122,32014.45000000,2.83721864,0
2024-08-25 12:00:00,0.00008881,0.00008978,0.00008799,0.00008895,28892.82000000,1724590799999,2.56612252,2797,14333.93000000,1.27115125,0
2024-08-25 13:00:00,0.00008891,0.00008898,0.00008744,0.00008819,22401.52000000,1724594399999,1.97286948,2274,13300.42000000,1.17202919,0
2024-08-25 14:00:00,0.00008815,0.00008909,0.00008784,0.00008867,23758.64000000,1724597999999,2.10224867,2442,15096.06000000,1.33633197,0
2024-08-25 15:00:00,0.00008862,0.00009259,0.00008858,0.00009149,65411.23000000,1724601599999,5.95273128,4359,39052.74000000,3.55304215,0
2024-08-25 16:00:00,0.00009148,0.00009268,0.00008960,0.00008997,48567.94000000,1724605199999,4.41793996,3836,32098.12000000,2.91880425,0
2024-08-25 17:00:00,0.00008994,0.00009126,0.00008994,0.00009049,30003.28000000,1724608799999,2.71818182,3176,14499.94000000,1.31381066,0
2024-08-25 18:00:00,0.00009049,0.00009212,0.00009022,0.00009200,22575.00000000,1724612399999,2.06154084,1975,12046.82000000,1.10084019,0
2024-08-25 19:00:00,0.00009201,0.00009245,0.00009112,0.00009174,25589.47000000,1724615999999,2.34670736,1910,13321.00000000,1.22203663,0
2024-08-25 20:00:00,0.00009170,0.00009208,0.00009072,0.00009164,16533.80000000,1724619599999,1.51322006,1601,10137.27000000,0.92796425,0
2024-08-25 21:00:00,0.00009159,0.00009241,0.00009113,0.00009190,16773.56000000,1724623199999,1.53799135,1668,6832.67000000,0.62626122,0
2024-08-25 22:00:00,0.00009192,0.00009271,0.00009063,0.00009111,11885.05000000,1724626799999,1.08583239,1067,6250.02000000,0.57058080,0
2024-08-25 23:00:00,0.00009109,0.00009112,0.00008939,0.00008980,11283.47000000,1724630399999,1.01538575,865,5926.55000000,0.53317981,0
2024-08-26 00:00:00,0.00008983,0.00009030,0.00008874,0.00009004,39642.94000000,1724633999999,3.56087478,1170,13057.59000000,1.17101314,0
2024-08-26 01:00:00,0.00009014,0.00009032,0.00008851,0.00008876,11524.41000000,1724637599999,1.02806879,1139,4276.91000000,0.38114053,0
2024-08-26 02:00:00,0.00008879,0.00008947,0.00008821,0.00008931,5518.04000000,1724641199999,0.48998157,1020,3215.10000000,0.28546604,0
2024-08-26 03:00:00,0.00008929,0.00008992,0.00008904,0.00008981,4983.90000000,1724644799999,0.44608531,676,3376.50000000,0.30241450,0
2024-08-26 04:00:00,0.00008978,0.00009088,0.00008978,0.00009021,8684.33000000,1724648399999,0.78523508,889,5445.73000000,0.49225055,0
2024-08-26 05:00:00,0.00009028,0.00009045,0.00008926,0.00008937,5652.11000000,1724651999999,0.50899641,693,4381.95000000,0.39476274,0
2024-08-26 06:00:00,0.00008930,0.00008944,0.00008794,0.00008800,19502.34000000,1724655599999,1.72665865,1633,15434.35000000,1.36633449,0
2024-08-26 07:00:00,0.00008800,0.00008847,0.00008763,0.00008831,9535.88000000,1724659199999,0.84006397,871,5333.70000000,0.46987958,0
2024-08-26 08:00:00,0.00008828,0.00008882,0.00008794,0.00008833,14152.20000000,1724662799999,1.25107228,714,3682.29000000,0.32564457,0
2024-08-26 09:00:00,0.00008837,0.00008903,0.00008809,0.00008873,7608.36000000,1724666399999,0.67352717,764,4081.29000000,0.36128547,0
2024-08-26 10:00:00,0.00008874,0.00008922,0.00008793,0.00008806,21478.84000000,1724669999999,1.89590271,2402,16812.42000000,1.48301399,0
2024-08-26 11:00:00,0.00008806,0.00008847,0.00008751,0.00008773,17845.05000000,1724673599999,1.56986486,2161,12524.28000000,1.10214077,0
2024-08-26 12:00:00,0.00008774,0.00008778,0.00008578,0.00008718,46191.46000000,1724677199999,3.99959299,4270,13385.09000000,1.16057406,0
2024-08-26 13:00:00,0.00008717,0.00008814,0.00008691,0.00008737,17838.29000000,1724680799999,1.56209952,2373,9917.99000000,0.86890330,0
2024-08-26 14:00:00,0.00008736,0.00008845,0.00008729,0.00008819,20840.61000000,1724684399999,1.83096378,2083,9833.14000000,0.86361593,0
2024-08-26 15:00:00,0.00008819,0.00009023,0.00008796,0.00008863,29593.95000000,1724687999999,2.63324259,2058,14153.94000000,1.25999576,0
2024-08-26 16:00:00,0.00008864,0.00008871,0.00008727,0.00008764,12916.02000000,1724691599999,1.13749744,1491,9790.65000000,0.86156484,0
2024-08-26 17:00:00,0.00008759,0.00008763,0.00008507,0.00008507,22281.50000000,1724695199999,1.92463716,2384,13242.05000000,1.14701661,0
2024-08-26 18:00:00,0.00008508,0.00008556,0.00008303,0.00008537,46556.28000000,1724698799999,3.93701036,2345,10917.71000000,0.92341638,0
2024-08-26 19:00:00,0.00008537,0.00008576,0.00008417,0.00008452,12669.69000000,1724702399999,1.07522407,699,7246.81000000,0.61591868,0
2024-08-26 20:00:00,0.00008450,0.00008491,0.00008372,0.00008376,10540.29000000,1724705999999,0.88600396,771,6045.73000000,0.50822053,0
2024-08-26 21:00:00,0.00008374,0.00008388,0.00007992,0.00008139,85455.27000000,1724709599999,6.98508043,5624,61427.02000000,5.02415832,0
2024-08-26 22:00:00,0.00008137,0.00008168,0.00008053,0.00008134,29275.72000000,1724713199999,2.37320205,2588,18289.41000000,1.48222600,0
2024-08-26 23:00:00,0.00008131,0.00008165,0.00008052,0.00008165,9517.14000000,1724716799999,0.77175574,1251,6788.18000000,0.55058681,0
2024-08-27 00:00:00,0.00008165,0.00008438,0.00008165,0.00008405,19808.08000000,1724720399999,1.65101726,1934,12604.87000000,1.04890764,0
2024-08-27 01:00:00,0.00008407,0.00008455,0.00008337,0.00008409,8567.31000000,1724723999999,0.71987715,736,6087.21000000,0.51165190,0
2024-08-27 02:00:00,0.00008409,0.00008409,0.00008300,0.00008349,11562.44000000,1724727599999,0.96718389,675,8143.80000000,0.68216403,0
2024-08-27 03:00:00,0.00008346,0.00008506,0.00008346,0.00008500,8513.30000000,1724731199999,0.71937123,807,4156.66000000,0.35100035,0
2024-08-27 04:00:00,0.00008498,0.00008568,0.00008476,0.00008524,11170.40000000,1724734799999,0.95260860,916,6429.53000000,0.54826223,0
2024-08-27 05:00:00,0.00008523,0.00008591,0.00008508,0.00008582,7963.80000000,1724738399999,0.68119743,936,3594.34000000,0.30766519,0
2024-08-27 06:00:00,0.00008579,0.00008595,0.00008496,0.00008522,13825.57000000,1724741999999,1.18012374,1362,5807.51000000,0.49558678,0
2024-08-27 07:00:00,0.00008521,0.00008635,0.00008514,0.00008553,8717.20000000,1724745599999,0.74832560,1239,4078.00000000,0.35012125,0
2024-08-27 08:00:00,0.00008551,0.00008760,0.00008524,0.00008726,13798.88000000,1724749199999,1.18766330,1257,6143.89000000,0.52911384,0
2024-08-27 09:00:00,0.00008725,0.00008812,0.00008641,0.00008791,16268.34000000,1724752799999,1.42114175,1428,7035.27000000,0.61514885,0
2024-08-27 10:00:00,0.00008794,0.00008823,0.00008674,0.00008686,33084.16000000,1724756399999,2.89726457,3316,26078.53000000,2.28407254,0
2024-08-27 11:00:00,0.00008686,0.00008793,0.00008611,0.00008771,14544.32000000,1724759999999,1.26401486,1055,9779.36000000,0.85025394,0
2024-08-27 12:00:00,0.00008771,0.00008799,0.00008661,0.00008799,9281.31000000,1724763599999,0.80941064,917,3182.88000000,0.27764337,0
2024-08-27 13:00:00,0.00008785,0.00008858,0.00008745,0.00008788,5429.18000000,1724767199999,0.47724877,848,2799.23000000,0.24615480,0
2024-08-27 14:00:00,0.00008790,0.00008885,0.00008741,0.00008796,15385.65000000,1724770799999,1.35412970,2229,9653.67000000,0.84900430,0
2024-08-27 15:00:00,0.00008795,0.00008891,0.00008764,0.00008807,12556.00000000,1724774399999,1.11017443,1858,9000.96000000,0.79571848,0
2024-08-27 16:00:00,0.00008811,0.00008870,0.00008722,0.00008743,11013.54000000,1724777999999,0.96965676,1020,5054.74000000,0.44449089,0
2024-08-27 17:00:00,0.00008743,0.00008792,0.00008687,0.00008758,10048.88000000,1724781599999,0.87789059,976,5926.23000000,0.51774037,0
2024-08-27 18:00:00,0.00008737,0.00009058,0.00008734,0.00008998,46175.94000000,1724785199999,4.10693553,1952,38454.95000000,3.42113258,0
2024-08-27 19:00:00,0.00009022,0.00009115,0.00008915,0.00008947,33985.59000000,1724788799999,3.06258350,2276,27234.52000000,2.45534225,0
2024-08-27 20:00:00,0.00008956,0.00008956,0.00008843,0.00008851,11445.69000000,1724792399999,1.01713692,948,7098.00000000,0.63062297,0
2024-08-27 21:00:00,0.00008852,0.00008922,0.00008796,0.00008890,30405.63000000,1724795999999,2.69617398,2264,18795.47000000,1.66664205,0
2024-08-27 22:00:00,0.00008901,0.00009079,0.00008887,0.00009029,45180.04000000,1724799599999,4.05317866,2577,26843.91000000,2.41070576,0
2024-08-27 23:00:00,0.00009025,0.00009291,0.00009003,0.00009170,13343.78000000,1724803199999,1.21440528,752,6941.33000000,0.63238294,0
2024-08-28 00:00:00,0.00009151,0.00009157,0.00009030,0.00009054,9187.96000000,1724806799999,0.83490383,333,5871.75000000,0.53317263,0
2024-08-28 01:00:00,0.00009060,0.00009062,0.00008669,0.00008845,28512.93000000,1724810399999,2.51756177,1050,7794.91000000,0.68946481,0
2024-08-28 02:00:00,0.00008846,0.00008864,0.00008699,0.00008858,14429.08000000,1724813999999,1.26894711,809,7879.16000000,0.69248616,0
2024-08-28 03:00:00,0.00008861,0.00009071,0.00008853,0.00008958,8190.42000000,1724817599999,0.73592753,454,5114.42000000,0.46046638,0
2024-08-28 04:00:00,0.00008960,0.00008982,0.00008867,0.00008893,3934.93000000,1724821199999,0.35085223,547,1827.45000000,0.16290349,0
2024-08-28 05:00:00,0.00008893,0.00009026,0.00008844,0.00008984,9688.49000000,1724824799999,0.86773973,1092,4971.88000000,0.44553146,0
2024-08-28 06:00:00,0.00008986,0.00009069,0.00008976,0.00009018,8452.88000000,1724828399999,0.76263350,661,3619.78000000,0.32692889,0
2024-08-28 07:00:00,0.00009016,0.00009067,0.00008956,0.00008979,8396.44000000,1724831999999,0.75681152,954,4651.96000000,0.41932898,0
2024-08-28 08:00:00,0.00008986,0.00009119,0.00008981,0.00009060,44927.43000000,1724835599999,4.07004440,1862,19692.80000000,1.78087438,0
2024-08-28 09:00:00,0.00009066,0.00009385,0.00009054,0.00009179,38661.81000000,1724839199999,3.57382408,2227,21592.62000000,2.00174102,0
2024-08-28 10:00:00,0.00009179,0.00009319,0.00009151,0.00009165,6498.15000000,1724842799999,0.59870124,797,3035.63000000,0.28004370,0
2024-08-28 11:00:00,0.00009193,0.00009300,0.00009002,0.00009034,12494.68000000,1724846399999,1.13780407,724,4052.70000000,0.37143968,0
2024-08-28 12:00:00,0.00009034,0.00009136,0.00009011,0.00009101,17915.12000000,1724849999999,1.62545467,1879,13349.23000000,1.21112301,0
2024-08-28 13:00:00,0.00009096,0.00009121,0.00008877,0.00008953,26336.22000000,1724853599999,2.36611692,2213,15567.77000000,1.40067955,0
2024-08-28 14:00:00,0.00008952,0.00009975,0.00008952,0.00009507,277095.17000000,1724857199999,26.57772786,12096,108933.45000000,10.38770546,0
2024-08-28 15:00:00,0.00009509,0.00009610,0.00009300,0.00009522,49681.71000000,1724860799999,4.70408201,2876,22094.02000000,2.09201922,0
2024-08-28 16:00:00,0.00009522,0.00009561,0.00009252,0.00009326,46471.43000000,1724864399999,4.36232480,2902,29049.93000000,2.71971094,0
2024-08-28 17:00:00,0.00009327,0.00009331,0.00009122,0.00009247,22011.49000000,1724867999999,2.03416895,1776,8164.57000000,0.75562395,0
2024-08-28 18:00:00,0.00009250,0.00009570,0.00009239,0.00009327,29183.55000000,1724871599999,2.74172652,2357,10908.21000000,1.02427931,0
2024-08-28 19:00:00,0.00009325,0.00009484,0.00008661,0.00009227,134000.07000000,1724875199999,12.16691974,4024,55994.88000000,5.10566756,0
2024-08-28 20:00:00,0.00009233,0.00009460,0.00009116,0.00009159,26174.27000000,1724878799999,2.41654384,1346,15048.36000000,1.39009081,0
2024-08-28 21:00:00,0.00009166,0.00009404,0.00009134,0.00009253,21350.26000000,1724882399999,1.98433322,1402,10594.24000000,0.98581415,0
2024-08-28 22:00:00,0.00009250,0.00009290,0.00009171,0.00009272,10222.30000000,1724885999999,0.94189049,865,6919.60000000,0.63730230,0
2024-08-28 23:00:00,0.00009278,0.00009384,0.00009263,0.00009353,14860.95000000,1724889599999,1.38749184,1038,7060.58000000,0.65937234,0
2024-08-29 00:00:00,0.00009362,0.00009533,0.00009347,0.00009514,9710.33000000,1724893199999,0.91879268,1082,5495.40000000,0.52003693,0
2024-08-29 01:00:00,0.00009510,0.00009555,0.00009355,0.00009405,26362.05000000,1724896799999,2.48412982,1427,20356.10000000,1.91691284,0
2024-08-29 02:00:00,0.00009409,0.00009521,0.00009409,0.00009458,7165.07000000,1724900399999,0.67799791,700,3809.80000000,0.36048184,0
2024-08-29 03:00:00,0.00009459,0.00009461,0.00009406,0.00009448,2824.59000000,1724903999999,0.26658138,770,1368.70000000,0.12917933,0
2024-08-29 04:00:00,0.00009452,0.00009471,0.00009362,0.00009402,4444.31000000,1724907599999,0.41780656,1113,2445.30000000,0.22997019,0
2024-08-29 05:00:00,0.00009401,0.00009411,0.00009285,0.00009308,5457.91000000,1724911199999,0.50988590,1258,2156.02000000,0.20136204,0
2024-08-29 06:00:00,0.00009314,0.00009416,0.00009310,0.00009344,10600.01000000,1724914799999,0.99156366,1621,5148.02000000,0.48157816,0
2024-08-29 07:00:00,0.00009339,0.00009445,0.00009330,0.00009423,13848.27000000,1724918399999,1.29794731,1361,3368.52000000,0.31613183,0
2024-08-29 08:00:00,0.00009425,0.00009427,0.00009367,0.00009399,6856.76000000,1724921999999,0.64462549,1071,2879.46000000,0.27072459,0
2024-08-29 09:00:00,0.00009394,0.00009432,0.00009333,0.00009346,7094.53000000,1724925599999,0.66532522,625,4865.16000000,0.45627258,0
2024-08-29 10:00:00,0.00009355,0.00009384,0.00009327,0.00009338,2232.92000000,1724929199999,0.20881188,542,1056.85000000,0.09881831,0
2024-08-29 11:00:00,0.00009340,0.00009358,0.00009271,0.00009289,2852.92000000,1724932799999,0.26547622,579,1613.21000000,0.15003767,0
2024-08-29 12:00:00,0.00009292,0.00009317,0.00009235,0.00009244,17412.72000000,1724936399999,1.61539867,2172,5993.15000000,0.55555758,0
2024-08-29 13:00:00,0.00009248,0.00009252,0.00009151,0.00009166,7906.36000000,1724939999999,0.72803025,1394,4567.77000000,0.42082137,0
2024-08-29 14:00:00,0.00009165,0.00009170,0.00009092,0.00009099,4699.29000000,1724943599999,0.42867833,843,1587.59000000,0.14493835,0
2024-08-29 15:00:00,0.00009105,0.00009113,0.00009000,0.00009020,9493.67000000,1724947199999,0.86146661,921,4437.77000000,0.40287390,0
2024-08-29 16:00:00,0.00009026,0.00009079,0.00008986,0.00009061,18995.80000000,1724950799999,1.71713967,2464,2553.69000000,0.23068479,0
2024-08-29 17:00:00,0.00009066,0.00009107,0.00009041,0.00009057,16750.40000000,1724954399999,1.52041953,2052,2574.65000000,0.23361696,0
2024-08-29 18:00:00,0.00009057,0.00009181,0.00009045,0.00009103,4767.72000000,1724957999999,0.43384125,861,2018.28000000,0.18366898,0
2024-08-29 19:00:00,0.00009100,0.00009142,0.00009077,0.00009104,3686.96000000,1724961599999,0.33555687,538,1233.79000000,0.11233731,0
2024-08-29 20:00:00,0.00009105,0.00009117,0.00009030,0.00009057,13205.10000000,1724965199999,1.19783451,532,7497.93000000,0.68015478,0
2024-08-29 21:00:00,0.00009052,0.00009074,0.00009027,0.00009067,1809.84000000,1724968799999,0.16385952,266,900.46000000,0.08153769,0
2024-08-29 22:00:00,0.00009069,0.00009176,0.00009069,0.00009148,2107.33000000,1724972399999,0.19209361,370,941.13000000,0.08581577,0
2024-08-29 23:00:00,0.00009139,0.00009208,0.00009139,0.00009191,2498.57000000,1724975999999,0.22944993,564,957.37000000,0.08796361,0
2024-08-30 00:00:00,0.00009185,0.00009251,0.00009168,0.00009248,7893.87000000,1724979599999,0.72697754,532,3131.15000000,0.28857951,0
2024-08-30 01:00:00,0.00009246,0.00009294,0.00009222,0.00009293,3078.91000000,1724983199999,0.28512323,526,1500.96000000,0.13904825,0
2024-08-30 02:00:00,0.00009294,0.00009301,0.00009250,0.00009254,1435.48000000,1724986799999,0.13307674,195,344.79000000,0.03198535,0
2024-08-30 03:00:00,0.00009252,0.00009257,0.00009198,0.00009214,2326.66000000,1724990399999,0.21496044,324,1460.04000000,0.13497045,0
2024-08-30 04:00:00,0.00009211,0.00009233,0.00009184,0.00009224,1651.78000000,1724993999999,0.15223726,319,568.29000000,0.05235815,0
2024-08-30 05:00:00,0.00009216,0.00009302,0.00009192,0.00009282,1912.93000000,1724997599999,0.17687295,400,796.93000000,0.07364109,0
2024-08-30 06:00:00,0.00009278,0.00009294,0.00009167,0.00009171,5645.77000000,1725001199999,0.52264480,860,2565.53000000,0.23770022,0
2024-08-30 07:00:00,0.00009171,0.00009196,0.00009115,0.00009140,3119.61000000,1725004799999,0.28574024,513,937.22000000,0.08593265,0
2024-08-30 08:00:00,0.00009138,0.00009152,0.00009106,0.00009134,5628.85000000,1725008399999,0.51406213,700,3349.54000000,0.30584698,0
2024-08-30 09:00:00,0.00009126,0.00009126,0.00009082,0.00009093,2059.00000000,1725011999999,0.18745956,466,738.87000000,0.06727924,0
2024-08-30 10:00:00,0.00009097,0.00009102,0.00009003,0.00009017,5095.84000000,1725015599999,0.46121500,811,1697.48000000,0.15365111,0
2024-08-30 11:00:00,0.00009016,0.00009076,0.00009014,0.00009069,2868.35000000,1725019199999,0.25970662,887,1430.86000000,0.12957028,0
2024-08-30 12:00:00,0.00009070,0.00009098,0.00009027,0.00009081,8039.53000000,1725022799999,0.72895494,2064,3575.93000000,0.32436271,0
2024-08-30 13:00:00,0.00009081,0.00009148,0.00009076,0.00009103,4605.78000000,1725026399999,0.41948001,801,1918.94000000,0.17478657,0
2024-08-30 14:00:00,0.00009102,0.00009226,0.00009081,0.00009206,3321.42000000,1725029999999,0.30413687,729,1445.14000000,0.13236298,0
2024-08-30 15:00:00,0.00009210,0.00009257,0.00009060,0.00009088,10541.54000000,1725033599999,0.96555310,1205,3456.17000000,0.31664041,0
2024-08-30 16:00:00,0.00009075,0.00009140,0.00009047,0.00009066,8856.26000000,1725037199999,0.80521161,844,4164.11000000,0.37840512,0
2024-08-30 17:00:00,0.00009064,0.00009125,0.00009018,0.00009031,7848.26000000,1725040799999,0.71189984,1079,2855.98000000,0.25932005,0
2024-08-30 18:00:00,0.00009035,0.00009039,0.00008944,0.00008944,12859.74000000,1725044399999,1.15462905,822,10714.43000000,0.96170735,0
2024-08-30 19:00:00,0.00008943,0.00009007,0.00008940,0.00009007,4801.96000000,1725047999999,0.43115896,563,2116.73000000,0.19019220,0
2024-08-30 20:00:00,0.00009012,0.00009085,0.00009007,0.00009071,5050.98000000,1725051599999,0.45621100,563,3932.48000000,0.35518496,0
2024-08-30 21:00:00,0.00009070,0.00009100,0.00009036,0.00009052,4100.52000000,1725055199999,0.37177767,240,953.90000000,0.08645142,0
2024-08-30 22:00:00,0.00009047,0.00009114,0.00009027,0.00009099,3071.01000000,1725058799999,0.27851805,172,1355.86000000,0.12327924,0
2024-08-30 23:00:00,0.00009095,0.00009096,0.00009071,0.00009088,1048.46000000,1725062399999,0.09521711,111,686.79000000,0.06236727,0
2024-08-31 00:00:00,0.00009089,0.00009102,0.00009053,0.00009055,1099.80000000,1725065999999,0.09981059,142,390.93000000,0.03548120,0
2024-08-31 01:00:00,0.00009051,0.00009063,0.00009022,0.00009043,968.24000000,1725069599999,0.08759057,241,356.12000000,0.03221397,0
2024-08-31 02:00:00,0.00009046,0.00009071,0.00009030,0.00009065,1032.14000000,1725073199999,0.09338937,315,437.58000000,0.03960244,0
2024-08-31 03:00:00,0.00009065,0.00009082,0.00009050,0.00009057,1192.09000000,1725076799999,0.10809962,312,573.51000000,0.05200507,0
2024-08-31 04:00:00,0.00009056,0.00009095,0.00009051,0.00009086,1109.08000000,1725080399999,0.10059796,152,748.26000000,0.06787093,0
2024-08-31 05:00:00,0.00009088,0.00009096,0.00009004,0.00009023,1523.70000000,1725083999999,0.13775839,190,376.71000000,0.03410590,0
2024-08-31 06:00:00,0.00009028,0.00009060,0.00009009,0.00009051,1007.85000000,1725087599999,0.09107762,242,479.80000000,0.04339533,0
2024-08-31 07:00:00,0.00009052,0.00009085,0.00009041,0.00009060,2196.40000000,1725091199999,0.19899719,289,1394.15000000,0.12633081,0
2024-08-31 08:00:00,0.00009051,0.00009064,0.00009027,0.00009031,1350.72000000,1725094799999,0.12211719,285,713.85000000,0.06453987,0
2024-08-31 09:00:00,0.00009029,0.00009054,0.00009019,0.00009027,1601.15000000,1725098399999,0.14467523,405,770.07000000,0.06959553,0
2024-08-31 10:00:00,0.00009027,0.00009045,0.00009013,0.00009024,16855.38000000,1725101999999,1.52108823,1106,16288.41000000,1.46991105,0
2024-08-31 11:00:00,0.00009024,0.00009025,0.00009001,0.00009005,1685.31000000,1725105599999,0.15182943,257,912.06000000,0.08216362,0
2024-08-31 12:00:00,0.00009006,0.00009006,0.00008925,0.00008926,3136.70000000,1725109199999,0.28100985,485,929.59000000,0.08322320,0
2024-08-31 13:00:00,0.00008927,0.00008986,0.00008919,0.00008970,2716.01000000,1725112799999,0.24319109,540,1865.42000000,0.16709472,0
2024-08-31 14:00:00,0.00008971,0.00009047,0.00008950,0.00009024,3849.66000000,1725116399999,0.34590371,458,2091.67000000,0.18797617,0
2024-08-31 15:00:00,0.00009024,0.00009159,0.00009002,0.00009152,10043.54000000,1725119999999,0.91405373,684,8352.65000000,0.76026200,0
2024-08-31 16:00:00,0.00009153,0.00009196,0.00009090,0.00009136,4361.97000000,1725123599999,0.39873164,499,2371.47000000,0.21699894,0
2024-08-31 17:00:00,0.00009131,0.00009223,0.00009110,0.00009165,9234.09000000,1725127199999,0.84645753,594,5550.42000000,0.50925342,0
2024-08-31 18:00:00,0.00009168,0.00009177,0.00009115,0.00009148,1507.38000000,1725130799999,0.13784447,333,966.94000000,0.08842668,0
2024-08-31 19:00:00,0.00009149,0.00009159,0.00009108,0.00009134,4046.40000000,1725134399999,0.36906206,293,2868.42000000,0.26159078,0
2024-08-31 20:00:00,0.00009134,0.00009193,0.00009133,0.00009164,1099.79000000,1725137999999,0.10079793,228,602.92000000,0.05526142,0
2024-08-31 21:00:00,0.00009175,0.00009200,0.00009140,0.00009183,10237.16000000,1725141599999,0.93780465,268,765.03000000,0.07015182,0
2024-08-31 22:00:00,0.00009185,0.00009204,0.00009162,0.00009196,1774.18000000,1725145199999,0.16294291,214,839.97000000,0.07715052,0
2024-08-31 23:00:00,0.00009196,0.00009214,0.00009166,0.00009199,1016.50000000,1725148799999,0.09339941,195,744.61000000,0.06842342,0
2024-09-01 00:00:00,0.00009190,0.00009249,0.00009160,0.00009248,1794.36000000,1725152399999,0.16514599,247,987.14000000,0.09085977,0
2024-09-01 01:00:00,0.00009248,0.00009253,0.00009138,0.00009138,2957.45000000,1725155999999,0.27176437,455,1166.57000000,0.10734865,0
2024-09-01 02:00:00,0.00009135,0.00009199,0.00009110,0.00009175,1556.64000000,1725159599999,0.14245220,363,987.55000000,0.09036283,0
2024-09-01 03:00:00,0.00009179,0.00009232,0.00009179,0.00009221,919.63000000,1725163199999,0.08470883,168,562.39000000,0.05180802,0
2024-09-01 04:00:00,0.00009214,0.00009302,0.00009211,0.00009295,2682.08000000,1725166799999,0.24839878,251,2342.75000000,0.21696157,0
2024-09-01 05:00:00,0.00009306,0.00009349,0.00009267,0.00009284,3013.73000000,1725170399999,0.28052495,502,1569.98000000,0.14611929,0
2024-09-01 06:00:00,0.00009280,0.00009299,0.00009205,0.00009236,3477.93000000,1725173999999,0.32158388,341,2367.54000000,0.21884600,0
2024-09-01 07:00:00,0.00009228,0.00009268,0.00009205,0.00009209,2387.65000000,1725177599999,0.22044135,498,919.15000000,0.08488676,0
2024-09-01 08:00:00,0.00009211,0.00009217,0.00009185,0.00009201,1679.25000000,1725181199999,0.15452205,427,690.18000000,0.06351493,0
2024-09-01 09:00:00,0.00009196,0.00009222,0.00009182,0.00009189,1636.46000000,1725184799999,0.15059964,413,871.14000000,0.08016550,0
2024-09-01 10:00:00,0.00009188,0.00009205,0.00009162,0.00009187,2087.97000000,1725188399999,0.19181610,590,909.05000000,0.08352839,0
2024-09-01 11:00:00,0.00009190,0.00009212,0.00009176,0.00009176,3226.54000000,1725191999999,0.29651246,358,2570.41000000,0.23622884,0
2024-09-01 12:00:00,0.00009183,0.00009237,0.00009176,0.00009199,3003.73000000,1725195599999,0.27667346,730,1689.43000000,0.15560077,0
2024-09-01 13:00:00,0.00009196,0.00009212,0.00009058,0.00009070,7072.47000000,1725199199999,0.64491324,650,2383.05000000,0.21697270,0
2024-09-01 14:00:00,0.00009074,0.00009107,0.00009040,0.00009055,7782.25000000,1725202799999,0.70544344,1038,3960.93000000,0.35900776,0
2024-09-01 15:00:00,0.00009056,0.00009087,0.00009041,0.00009054,2585.88000000,1725206399999,0.23430001,555,971.74000000,0.08805852,0
2024-09-01 16:00:00,0.00009059,0.00009094,0.00009039,0.00009093,2397.91000000,1725209999999,0.21725953,544,1497.46000000,0.13568299,0
2024-09-01 17:00:00,0.00009093,0.00009117,0.00009065,0.00009110,2425.34000000,1725213599999,0.22056838,509,1236.56000000,0.11249704,0
2024-09-01 18:00:00,0.00009108,0.00009156,0.00009100,0.00009114,2679.34000000,1725217199999,0.24446640,659,1169.12000000,0.10670002,0
2024-09-01 19:00:00,0.00009113,0.00009138,0.00009091,0.00009095,2101.35000000,1725220799999,0.19142826,466,1111.32000000,0.10124407,0
2024-09-01 20:00:00,0.00009090,0.00009109,0.00009075,0.00009093,2070.09000000,1725224399999,0.18819168,303,691.31000000,0.06285758,0
2024-09-01 21:00:00,0.00009093,0.00009109,0.00009072,0.00009084,1680.25000000,1725227999999,0.15277986,431,734.33000000,0.06677078,0
2024-09-01 22:00:00,0.00009075,0.00009108,0.00008987,0.00009008,5315.81000000,1725231599999,0.48046646,834,2443.60000000,0.22084229,0
2024-09-01 23:00:00,0.00009006,0.00009069,0.00008990,0.00009040,1803.94000000,1725235199999,0.16279257,301,785.27000000,0.07087828,0
2024-09-02 00:00:00,0.00009048,0.00009055,0.00008998,0.00008998,7605.73000000,1725238799999,0.68688237,292,5878.53000000,0.53101792,0
2024-09-02 01:00:00,0.00009006,0.00009054,0.00008994,0.00009042,1116.58000000,1725242399999,0.10075149,173,534.15000000,0.04817761,0
2024-09-02 02:00:00,0.00009043,0.00009044,0.00008988,0.00008992,1248.50000000,1725245999999,0.11255565,236,429.61000000,0.03871761,0
2024-09-02 03:00:00,0.00008990,0.00009011,0.00008972,0.00008983,1964.61000000,1725249599999,0.17661916,385,594.36000000,0.05343925,0
2024-09-02 04:00:00,0.00008986,0.00008997,0.00008894,0.00008894,2235.37000000,1725253199999,0.19995360,419,819.26000000,0.07326493,0
2024-09-02 05:00:00,0.00008894,0.00008967,0.00008894,0.00008967,2262.91000000,1725256799999,0.20215188,516,1082.39000000,0.09669843,0
2024-09-02 06:00:00,0.00008967,0.00008998,0.00008944,0.00008986,3327.72000000,1725260399999,0.29841957,779,1867.38000000,0.16749700,0
2024-09-02 07:00:00,0.00008985,0.00008993,0.00008940,0.00008946,3999.93000000,1725263999999,0.35852378,591,1853.26000000,0.16603660,0
2024-09-02 08:00:00,0.00008948,0.00008979,0.00008920,0.00008957,4367.00000000,1725267599999,0.39076920,881,2003.40000000,0.17928860,0
2024-09-02 09:00:00,0.00008959,0.00008969,0.00008901,0.00008929,5536.65000000,1725271199999,0.49460966,899,1922.75000000,0.17188700,0
2024-09-02 10:00:00,0.00008940,0.00008968,0.00008902,0.00008905,3954.65000000,1725274799999,0.35349765,1057,1834.09000000,0.16398586,0
2024-09-02 11:00:00,0.00008910,0.00008943,0.00008894,0.00008919,2644.12000000,1725278399999,0.23571788,642,1555.78000000,0.13872018,0
2024-09-02 12:00:00,0.00008915,0.00008927,0.00008882,0.00008902,2486.85000000,1725281999999,0.22133630,584,611.46000000,0.05447255,0
2024-09-02 13:00:00,0.00008905,0.00008906,0.00008823,0.00008827,14336.84000000,1725285599999,1.27282519,1083,8354.94000000,0.74213217,0
2024-09-02 14:00:00,0.00008828,0.00008833,0.00008747,0.00008790,11163.73000000,1725289199999,0.98140464,1200,6106.36000000,0.53687068,0
2024-09-02 15:00:00,0.00008790,0.00008843,0.00008754,0.00008805,21727.33000000,1725292799999,1.90983626,1374,11890.05000000,1.04559705,0
2024-09-02 16:00:00,0.00008804,0.00008842,0.00008780,0.00008802,5241.90000000,1725296399999,0.46166029,691,3604.31000000,0.31752135,0
2024-09-02 17:00:00,0.00008810,0.00008850,0.00008806,0.00008849,2337.55000000,1725299999999,0.20640784,519,1341.74000000,0.11850739,0
2024-09-02 18:00:00,0.00008846,0.00008847,0.00008808,0.00008825,3657.12000000,1725303599999,0.32291606,363,2857.38000000,0.25235001,0
2024-09-02 19:00:00,0.00008826,0.00008851,0.00008820,0.00008837,2829.14000000,1725307199999,0.24992068,485,1231.88000000,0.10884007,0
2024-09-02 20:00:00,0.00008835,0.00008862,0.00008805,0.00008847,4441.25000000,1725310799999,0.39240286,612,1440.08000000,0.12725560,0
2024-09-02 21:00:00,0.00008838,0.00008858,0.00008663,0.00008781,13257.73000000,1725314399999,1.15837066,494,1857.24000000,0.16317543,0
2024-09-02 22:00:00,0.00008784,0.00008830,0.00008784,0.00008829,1441.90000000,1725317999999,0.12694906,166,786.42000000,0.06922032,0
2024-09-02 23:00:00,0.00008809,0.00008834,0.00008804,0.00008824,1028.48000000,1725321599999,0.09072944,180,330.53000000,0.02916240,0
2024-09-03 00:00:00,0.00008827,0.00008866,0.00008790,0.00008866,3514.23000000,1725325199999,0.31029954,374,2410.10000000,0.21285955,0
2024-09-03 01:00:00,0.00008869,0.00008872,0.00008813,0.00008828,1203.51000000,1725328799999,0.10638270,386,675.77000000,0.05973594,0
2024-09-03 02:00:00,0.00008824,0.00008847,0.00008808,0.00008830,1276.67000000,1725332399999,0.11266270,315,747.58000000,0.06598412,0
2024-09-03 03:00:00,0.00008826,0.00008870,0.00008823,0.00008863,974.60000000,1725335999999,0.08619978,213,522.44000000,0.04622862,0
2024-09-03 04:00:00,0.00008863,0.00008903,0.00008846,0.00008870,3509.04000000,1725339599999,0.31168805,306,1086.21000000,0.09642250,0
2024-09-03 05:00:00,0.00008863,0.00008880,0.00008839,0.00008880,1513.45000000,1725343199999,0.13398587,421,703.66000000,0.06230045,0
2024-09-03 06:00:00,0.00008880,0.00008902,0.00008878,0.00008885,1227.42000000,1725346799999,0.10911957,332,486.91000000,0.04329461,0
2024-09-03 07:00:00,0.00008886,0.00008967,0.00008884,0.00008967,3637.44000000,1725350399999,0.32452616,406,2780.01000000,0.24795624,0
2024-09-03 08:00:00,0.00008965,0.00008965,0.00008737,0.00008811,11405.67000000,1725353999999,1.00448849,1276,5188.83000000,0.45736058,0
2024-09-03 09:00:00,0.00008812,0.00008837,0.00008790,0.00008792,2129.05000000,1725357599999,0.18767588,404,1518.02000000,0.13381955,0
2024-09-03 10:00:00,0.00008792,0.00008800,0.00008713,0.00008741,4552.25000000,1725361199999,0.39844962,472,1237.67000000,0.10838637,0
2024-09-03 11:00:00,0.00008741,0.00008771,0.00008730,0.00008771,1950.18000000,1725364799999,0.17072233,313,937.86000000,0.08211784,0
2024-09-03 12:00:00,0.00008761,0.00008770,0.00008737,0.00008752,14165.73000000,1725368399999,1.24098829,601,12339.29000000,1.08109386,0
2024-09-03 13:00:00,0.00008754,0.00008765,0.00008477,0.00008559,22141.13000000,1725371999999,1.90099234,2024,8751.80000000,0.75111513,0
2024-09-03 14:00:00,0.00008563,0.00008601,0.00008507,0.00008564,15533.00000000,1725375599999,1.32989454,1824,7909.79000000,0.67717788,0
2024-09-03 15:00:00,0.00008564,0.00008564,0.00008448,0.00008450,25066.47000000,1725379199999,2.13515678,941,19978.08000000,1.70254662,0
2024-09-03 16:00:00,0.00008443,0.00008552,0.00008420,0.00008524,6008.66000000,1725382799999,0.51022838,635,2627.26000000,0.22346992,0
2024-09-03 17:00:00,0.00008525,0.00008549,0.00008489,0.00008509,13286.84000000,1725386399999,1.13207054,615,3123.13000000,0.26622667,0
2024-09-03 18:00:00,0.00008502,0.00008600,0.00008496,0.00008562,18905.21000000,1725389999999,1.62006033,463,7315.43000000,0.62605953,0
2024-09-03 19:00:00,0.00008562,0.00008635,0.00008539,0.00008542,6877.39000000,1725393599999,0.59125191,332,5873.96000000,0.50511401,0
2024-09-03 20:00:00,0.00008547,0.00008584,0.00008545,0.00008550,1887.25000000,1725397199999,0.16163213,259,835.95000000,0.07158455,0
2024-09-03 21:00:00,0.00008544,0.00008579,0.00008538,0.00008544,2577.55000000,1725400799999,0.22062864,341,1303.61000000,0.11164848,0
2024-09-03 22:00:00,0.00008540,0.00008569,0.00008536,0.00008544,1447.64000000,1725404399999,0.12382004,374,768.79000000,0.06575906,0
2024-09-03 23:00:00,0.00008544,0.00008556,0.00008489,0.00008503,3814.92000000,1725407999999,0.32505550,362,1602.70000000,0.13668085,0
2024-09-04 00:00:00,0.00008508,0.00008526,0.00008417,0.00008417,3658.71000000,1725411599999,0.31010955,428,1946.63000000,0.16501213,0
2024-09-04 01:00:00,0.00008443,0.00008456,0.00008271,0.00008420,14726.94000000,1725415199999,1.23357462,1223,5783.06000000,0.48468648,0
2024-09-04 02:00:00,0.00008422,0.00008471,0.00008418,0.00008441,3930.22000000,1725418799999,0.33208696,568,1795.63000000,0.15171107,0
2024-09-04 03:00:00,0.00008444,0.00008462,0.00008419,0.00008454,2868.20000000,1725422399999,0.24188711,357,1483.65000000,0.12513738,0
2024-09-04 04:00:00,0.00008453,0.00008530,0.00008450,0.00008523,3653.13000000,1725425999999,0.30997219,523,1973.47000000,0.16742758,0
2024-09-04 05:00:00,0.00008520,0.00008548,0.00008474,0.00008490,5294.39000000,1725429599999,0.45038711,883,3122.69000000,0.26561919,0
2024-09-04 06:00:00,0.00008494,0.00008537,0.00008423,0.00008433,5462.24000000,1725433199999,0.46330765,883,2423.35000000,0.20546873,0
2024-09-04 07:00:00,0.00008434,0.00008446,0.00008243,0.00008258,10548.44000000,1725436799999,0.88094937,1019,3455.41000000,0.28877271,0
2024-09-04 08:00:00,0.00008253,0.00008283,0.00008101,0.00008272,51154.68000000,1725440399999,4.19200667,1921,9193.72000000,0.75325816,0
2024-09-04 09:00:00,0.00008273,0.00008282,0.00008107,0.00008188,10126.35000000,1725443999999,0.82984932,1065,4562.08000000,0.37413359,0
2024-09-04 10:00:00,0.00008188,0.00008243,0.00008067,0.00008117,7964.01000000,1725447599999,0.64959695,831,3731.15000000,0.30465599,0
2024-09-04 11:00:00,0.00008127,0.00008161,0.00008080,0.00008145,7143.79000000,1725451199999,0.58076288,478,4435.97000000,0.36091270,0
2024-09-04 12:00:00,0.00008153,0.00008277,0.00008109,0.00008215,12045.98000000,1725454799999,0.98567113,641,9348.05000000,0.76491882,0
2024-09-04 13:00:00,0.00008225,0.00008267,0.00008198,0.00008226,9373.20000000,1725458399999,0.77159723,930,6026.05000000,0.49602719,0
2024-09-04 14:00:00,0.00008225,0.00008262,0.00008142,0.00008145,35644.49000000,1725461999999,2.91473675,2971,6614.43000000,0.54231978,0
2024-09-04 15:00:00,0.00008144,0.00008161,0.00008022,0.00008066,29832.64000000,1725465599999,2.41415899,1859,8240.71000000,0.66649028,0
2024-09-04 16:00:00,0.00008074,0.00008108,0.00008003,0.00008014,12016.46000000,1725469199999,0.96798665,1462,4778.42000000,0.38522883,0
2024-09-04 17:00:00,0.00008008,0.00008049,0.00008001,0.00008021,4140.32000000,1725472799999,0.33215477,908,2297.12000000,0.18433158,0
2024-09-04 18:00:00,0.00008020,0.00008020,0.00007918,0.00007962,5118.33000000,1725476399999,0.40821079,679,2335.09000000,0.18638301,0
2024-09-04 19:00:00,0.00007960,0.00007976,0.00007909,0.00007914,11206.95000000,1725479999999,0.88881490,694,6978.41000000,0.55337039,0
2024-09-04 20:00:00,0.00007922,0.00007972,0.00007910,0.00007950,31937.91000000,1725483599999,2.53833848,826,31305.48000000,2.48813749,0
2024-09-04 21:00:00,0.00007950,0.00008035,0.00007946,0.00008029,2525.75000000,1725487199999,0.20185110,366,1225.39000000,0.09794832,0
2024-09-04 22:00:00,0.00008027,0.00008027,0.00007965,0.00007993,2366.07000000,1725490799999,0.18907586,362,1072.13000000,0.08566367,0
2024-09-04 23:00:00,0.00007992,0.00008004,0.00007957,0.00007982,2656.83000000,1725494399999,0.21192438,356,1061.13000000,0.08467854,0
2024-09-05 00:00:00,0.00007978,0.00007978,0.00007927,0.00007932,2005.15000000,1725497999999,0.15948039,450,865.79000000,0.06887386,0
2024-09-05 01:00:00,0.00007927,0.00008007,0.00007900,0.00007994,2348.27000000,1725501599999,0.18651694,276,1764.06000000,0.14012495,0
2024-09-05 02:00:00,0.00007989,0.00008048,0.00007970,0.00008025,2597.12000000,1725505199999,0.20781165,388,1855.47000000,0.14849982,0
2024-09-05 03:00:00,0.00008024,0.00008040,0.00007911,0.00007917,3640.58000000,1725508799999,0.29108832,446,2024.78000000,0.16187441,0
2024-09-05 04:00:00,0.00007912,0.00008032,0.00007901,0.00008025,5842.78000000,1725512399999,0.46685092,354,3113.24000000,0.24913489,0
2024-09-05 05:00:00,0.00008024,0.00008036,0.00007961,0.00008000,7739.30000000,1725515999999,0.61903547,642,2277.38000000,0.18217332,0
2024-09-05 06:00:00,0.00008003,0.00008027,0.00007976,0.00008020,7755.77000000,1725519599999,0.62036296,861,5850.34000000,0.46805721,0
2024-09-05 07:00:00,0.00008025,0.00008087,0.00007998,0.00008077,3809.17000000,1725523199999,0.30623702,638,2022.73000000,0.16274482,0
2024-09-05 08:00:00,0.00008079,0.00008150,0.00008079,0.00008117,6236.52000000,1725526799999,0.50666566,495,2987.37000000,0.24271353,0
2024-09-05 09:00:00,0.00008118,0.00008228,0.00008116,0.00008194,7779.36000000,1725530399999,0.63536402,465,2322.68000000,0.19000823,0
2024-09-05 10:00:00,0.00008199,0.00008237,0.00008178,0.00008236,3488.45000000,1725533999999,0.28635498,602,2386.52000000,0.19592063,0
2024-09-05 11:00:00,0.00008238,0.00008329,0.00008199,0.00008287,6678.16000000,1725537599999,0.55179302,944,3076.33000000,0.25450875,0
2024-09-05 12:00:00,0.00008290,0.00008293,0.00008230,0.00008264,3171.02000000,1725541199999,0.26192723,530,1265.68000000,0.10451986,0
2024-09-05 13:00:00,0.00008268,0.00008284,0.00008192,0.00008228,2644.03000000,1725544799999,0.21800146,352,867.11000000,0.07146968,0
2024-09-05 14:00:00,0.00008218,0.00008257,0.00008166,0.00008253,8760.71000000,1725548399999,0.71889674,583,4536.59000000,0.37230996,0
2024-09-05 15:00:00,0.00008254,0.00008346,0.00008217,0.00008330,4688.97000000,1725551999999,0.38858020,552,1939.15000000,0.16084990,0
2024-09-05 16:00:00,0.00008318,0.00008318,0.00008162,0.00008178,2524.44000000,1725555599999,0.20804527,478,847.47000000,0.06980540,0
2024-09-05 17:00:00,0.00008176,0.00008277,0.00008176,0.00008267,1698.08000000,1725559199999,0.13997624,593,913.83000000,0.07532274,0
2024-09-05 18:00:00,0.00008268,0.00008422,0.00008266,0.00008416,8873.13000000,1725562799999,0.74081772,755,3910.25000000,0.32633761,0
2024-09-05 19:00:00,0.00008418,0.00008480,0.00008404,0.00008437,8223.95000000,1725566399999,0.69455711,643,4521.91000000,0.38207644,0
2024-09-05 20:00:00,0.00008446,0.00008747,0.00008434,0.00008613,30767.01000000,1725569999999,2.64568194,1031,14197.72000000,1.22080458,0
2024-09-05 21:00:00,0.00008613,0.00008726,0.00008484,0.00008506,17574.87000000,1725573599999,1.51230417,827,12063.75000000,1.03935759,0
2024-09-05 22:00:00,0.00008500,0.00008595,0.00008465,0.00008582,11131.57000000,1725577199999,0.95099149,552,7426.66000000,0.63447687,0
2024-09-05 23:00:00,0.00008582,0.00008633,0.00008544,0.00008564,3166.37000000,1725580799999,0.27167418,323,1390.23000000,0.11928171,0
2024-09-06 00:00:00,0.00008564,0.00008603,0.00008504,0.00008580,5363.72000000,1725584399999,0.45891809,398,3776.03000000,0.32295117,0
2024-09-06 01:00:00,0.00008577,0.00008613,0.00008534,0.00008564,1595.24000000,1725587999999,0.13674512,210,659.92000000,0.05656180,0
2024-09-06 02:00:00,0.00008570,0.00008606,0.00008544,0.00008583,3121.21000000,1725591599999,0.26752474,304,1841.54000000,0.15786283,0
2024-09-06 03:00:00,0.00008575,0.00008582,0.00008513,0.00008529,5886.90000000,1725595199999,0.50219358,360,773.62000000,0.06603883,0
2024-09-06 04:00:00,0.00008523,0.00008575,0.00008520,0.00008541,2525.83000000,1725598799999,0.21609397,331,1845.68000000,0.15795414,0
2024-09-06 05:00:00,0.00008546,0.00008680,0.00008545,0.00008676,3167.37000000,1725602399999,0.27323923,519,1824.17000000,0.15737555,0
2024-09-06 06:00:00,0.00008673,0.00008694,0.00008641,0.00008684,12625.44000000,1725605999999,1.09630568,751,2309.03000000,0.20027895,0
2024-09-06 07:00:00,0.00008680,0.00008704,0.00008562,0.00008584,7778.19000000,1725609599999,0.67316756,778,2693.12000000,0.23318508,0
2024-09-06 08:00:00,0.00008580,0.00008616,0.00008548,0.00008593,4810.96000000,1725613199999,0.41270489,791,1176.78000000,0.10096447,0
2024-09-06 09:00:00,0.00008599,0.00008600,0.00008483,0.00008538,6786.49000000,1725616799999,0.57933530,670,3006.48000000,0.25649494,0
2024-09-06 10:00:00,0.00008537,0.00008600,0.00008526,0.00008543,3712.62000000,1725620399999,0.31779623,683,1925.56000000,0.16480656,0
2024-09-06 11:00:00,0.00008542,0.00008592,0.00008523,0.00008576,2667.24000000,1725623999999,0.22835385,421,1620.21000000,0.13875529,0
2024-09-06 12:00:00,0.00008577,0.00008584,0.00008454,0.00008524,6728.94000000,1725627599999,0.57265205,800,3041.51000000,0.25888382,0
2024-09-06 13:00:00,0.00008532,0.00008632,0.00008494,0.00008506,20421.11000000,1725631199999,1.74542059,829,10640.48000000,0.90997050,0
2024-09-06 14:00:00,0.00008508,0.00008726,0.00008478,0.00008719,24861.63000000,1725634799999,2.13901652,1093,19380.14000000,1.66861221,0
2024-09-06 15:00:00,0.00008724,0.00008830,0.00008711,0.00008818,20920.61000000,1725638399999,1.83465203,985,8244.40000000,0.72271540,0
2024-09-06 16:00:00,0.00008820,0.00008869,0.00008743,0.00008790,12272.95000000,1725641999999,1.08094759,825,2936.64000000,0.25918874,0
2024-09-06 17:00:00,0.00008780,0.00008796,0.00008699,0.00008788,6038.39000000,1725645599999,0.52805850,774,1641.82000000,0.14337237,0
2024-09-06 18:00:00,0.00008784,0.00008825,0.00008721,0.00008721,8098.15000000,1725649199999,0.71026371,632,4980.20000000,0.43664469,0
2024-09-06 19:00:00,0.00008710,0.00008727,0.00008646,0.00008705,3818.56000000,1725652799999,0.33146946,379,1805.60000000,0.15669540,0
2024-09-06 20:00:00,0.00008712,0.00008724,0.00008495,0.00008497,8497.97000000,1725656399999,0.73259586,475,3801.99000000,0.32793455,0
2024-09-06 21:00:00,0.00008487,0.00008575,0.00008402,0.00008548,13645.01000000,1725659999999,1.15559409,549,3838.26000000,0.32594139,0
2024-09-06 22:00:00,0.00008543,0.00008605,0.00008540,0.00008603,3256.55000000,1725663599999,0.27944822,256,1364.19000000,0.11707907,0
2024-09-06 23:00:00,0.00008594,0.00008638,0.00008574,0.00008629,1343.61000000,1725667199999,0.11568304,169,940.33000000,0.08096656,0
2024-09-07 00:00:00,0.00008640,0.00008689,0.00008629,0.00008629,2597.28000000,1725670799999,0.22477609,167,964.21000000,0.08360312,0
2024-09-07 01:00:00,0.00008620,0.00008622,0.00008553,0.00008571,2512.69000000,1725674399999,0.21556681,300,778.95000000,0.06681236,0
2024-09-07 02:00:00,0.00008575,0.00008612,0.00008557,0.00008580,8753.14000000,1725677999999,0.75140436,316,4799.73000000,0.41220710,0
2024-09-07 03:00:00,0.00008576,0.00008620,0.00008576,0.00008587,4208.41000000,1725681599999,0.36136144,334,3376.67000000,0.28982350,0
2024-09-07 04:00:00,0.00008585,0.00008602,0.00008551,0.00008573,1712.60000000,1725685199999,0.14678709,236,917.91000000,0.07865451,0
2024-09-07 05:00:00,0.00008570,0.00008583,0.00008517,0.00008572,3032.06000000,1725688799999,0.25934301,473,1854.76000000,0.15871815,0
2024-09-07 06:00:00,0.00008568,0.00008615,0.00008558,0.00008586,2803.67000000,1725692399999,0.24081573,670,970.29000000,0.08337769,0
2024-09-07 07:00:00,0.00008582,0.00008603,0.00008548,0.00008556,2011.49000000,1725695999999,0.17262094,543,643.28000000,0.05520651,0
2024-09-07 08:00:00,0.00008550,0.00008567,0.00008518,0.00008537,2437.92000000,1725699599999,0.20814859,414,631.95000000,0.05398410,0
2024-09-07 09:00:00,0.00008531,0.00008538,0.00008487,0.00008518,2364.54000000,1725703199999,0.20124454,387,792.50000000,0.06745557,0
2024-09-07 10:00:00,0.00008520,0.00008530,0.00008480,0.00008487,3554.26000000,1725706799999,0.30246558,695,851.22000000,0.07246198,0
2024-09-07 11:00:00,0.00008486,0.00008512,0.00008465,0.00008507,1784.14000000,1725710399999,0.15149694,427,598.10000000,0.05077923,0
2024-09-07 12:00:00,0.00008495,0.00008505,0.00008473,0.00008479,1132.76000000,1725713999999,0.09615569,453,489.29000000,0.04154237,0
2024-09-07 13:00:00,0.00008479,0.00008496,0.00008457,0.00008458,1720.76000000,1725717599999,0.14578876,319,769.77000000,0.06524444,0
2024-09-07 14:00:00,0.00008460,0.00008487,0.00008439,0.00008474,2027.11000000,1725721199999,0.17154480,488,837.21000000,0.07084898,0
2024-09-07 15:00:00,0.00008478,0.00008531,0.00008470,0.00008513,4282.08000000,1725724799999,0.36445028,582,1885.12000000,0.16037639,0
2024-09-07 16:00:00,0.00008514,0.00008530,0.00008485,0.00008487,3517.60000000,1725728399999,0.29933188,464,2028.23000000,0.17262845,0
2024-09-07 17:00:00,0.00008491,0.00008534,0.00008477,0.00008521,2849.32000000,1725731999999,0.24233801,458,1241.70000000,0.10561990,0
2024-09-07 18:00:00,0.00008513,0.00008531,0.00008492,0.00008528,2133.89000000,1725735599999,0.18156844,567,962.39000000,0.08191411,0
2024-09-07 19:00:00,0.00008532,0.00008558,0.00008530,0.00008542,3104.28000000,1725739199999,0.26516117,500,1145.49000000,0.09785508,0
2024-09-07 20:00:00,0.00008546,0.00008567,0.00008519,0.00008553,2952.46000000,1725742799999,0.25232292,380,1326.63000000,0.11346077,0
2024-09-07 21:00:00,0.00008552,0.00008609,0.00008551,0.00008600,1404.63000000,1725746399999,0.12046104,272,731.88000000,0.06276810,0
2024-09-07 22:00:00,0.00008590,0.00008599,0.00008559,0.00008562,944.57000000,1725749999999,0.08102626,258,518.78000000,0.04450690,0
2024-09-07 23:00:00,0.00008563,0.00008624,0.00008554,0.00008621,1723.69000000,1725753599999,0.14809753,131,453.91000000,0.03894140,0
2024-09-08 00:00:00,0.00008619,0.00008658,0.00008592,0.00008637,874.36000000,1725757199999,0.07545098,142,284.80000000,0.02456940,0
2024-09-08 01:00:00,0.00008642,0.00008687,0.00008636,0.00008646,2123.76000000,1725760799999,0.18383388,221,1038.62000000,0.08992030,0
2024-09-08 02:00:00,0.00008643,0.00008708,0.00008624,0.00008704,2156.97000000,1725764399999,0.18681407,392,1174.78000000,0.10174685,0
2024-09-08 03:00:00,0.00008708,0.00008709,0.00008628,0.00008636,1940.30000000,1725767999999,0.16815154,422,999.41000000,0.08663213,0
2024-09-08 04:00:00,0.00008631,0.00008672,0.00008621,0.00008640,1618.95000000,1725771599999,0.13993954,313,736.14000000,0.06363282,0
2024-09-08 05:00:00,0.00008639,0.00008644,0.00008625,0.00008633,1788.44000000,1725775199999,0.15440107,374,854.10000000,0.07375055,0
2024-09-08 06:00:00,0.00008636,0.00008708,0.00008636,0.00008672,1097.47000000,1725778799999,0.09513511,322,410.83000000,0.03563235,0
2024-09-08 07:00:00,0.00008675,0.00008701,0.00008654,0.00008680,1741.49000000,1725782399999,0.15111916,209,1066.81000000,0.09265589,0
2024-09-08 08:00:00,0.00008680,0.00008711,0.00008669,0.00008695,9579.41000000,1725785999999,0.83316684,1101,751.90000000,0.06535826,0
2024-09-08 09:00:00,0.00008692,0.00008692,0.00008643,0.00008665,3531.33000000,1725789599999,0.30589818,737,1284.36000000,0.11134095,0
2024-09-08 10:00:00,0.00008670,0.00008726,0.00008666,0.00008721,3498.84000000,1725793199999,0.30424204,785,1858.34000000,0.16161275,0
2024-09-08 11:00:00,0.00008723,0.00008726,0.00008662,0.00008665,3607.42000000,1725796799999,0.31342277,512,2540.38000000,0.22074507,0
2024-09-08 12:00:00,0.00008665,0.00008695,0.00008642,0.00008666,3771.31000000,1725800399999,0.32677250,497,1787.44000000,0.15490540,0
2024-09-08 13:00:00,0.00008667,0.00008676,0.00008641,0.00008659,2625.94000000,1725803999999,0.22744592,525,1144.18000000,0.09912204,0
2024-09-08 14:00:00,0.00008661,0.00008756,0.00008652,0.00008734,3391.87000000,1725807599999,0.29520446,726,1671.55000000,0.14558233,0
2024-09-08 15:00:00,0.00008732,0.00008825,0.00008714,0.00008796,5214.72000000,1725811199999,0.45772482,676,2693.87000000,0.23654421,0
2024-09-08 16:00:00,0.00008806,0.00008815,0.00008730,0.00008768,4099.22000000,1725814799999,0.35951539,638,1708.53000000,0.14995080,0
2024-09-08 17:00:00,0.00008778,0.00008814,0.00008755,0.00008766,2520.69000000,1725818399999,0.22127898,398,1084.27000000,0.09524813,0
2024-09-08 18:00:00,0.00008764,0.00008830,0.00008752,0.00008830,2090.64000000,1725821999999,0.18365299,292,791.02000000,0.06951662,0
2024-09-08 19:00:00,0.00008830,0.00008898,0.00008782,0.00008872,3441.08000000,1725825599999,0.30479981,394,2276.59000000,0.20176937,0
2024-09-08 20:00:00,0.00008870,0.00008973,0.00008870,0.00008950,6241.43000000,1725829199999,0.55662274,586,5071.76000000,0.45221156,0
2024-09-08 21:00:00,0.00008962,0.00009086,0.00008959,0.00009011,10144.56000000,1725832799999,0.91377103,712,5842.70000000,0.52654721,0
2024-09-08 22:00:00,0.00009010,0.00009014,0.00008897,0.00008964,9566.58000000,1725836399999,0.85600241,454,3483.33000000,0.31136529,0
2024-09-08 23:00:00,0.00008953,0.00009032,0.00008925,0.00008925,5758.54000000,1725839999999,0.51712947,438,2441.87000000,0.21904939,0
2024-09-09 00:00:00,0.00008922,0.00008961,0.00008887,0.00008926,1979.81000000,1725843599999,0.17678018,220,956.71000000,0.08543768,0
2024-09-09 01:00:00,0.00008925,0.00008982,0.00008896,0.00008959,2626.85000000,1725847199999,0.23482923,232,1506.93000000,0.13475199,0
2024-09-09 02:00:00,0.00008945,0.00008986,0.00008933,0.00008944,14696.15000000,1725850799999,1.31467872,220,7158.58000000,0.64034467,0
2024-09-09 03:00:00,0.00008947,0.00008989,0.00008944,0.00008988,1285.95000000,1725854399999,0.11526456,200,518.25000000,0.04643892,0
2024-09-09 04:00:00,0.00008979,0.00008979,0.00008894,0.00008905,1948.20000000,1725857999999,0.17388523,249,791.68000000,0.07065139,0
2024-09-09 05:00:00,0.00008896,0.00008977,0.00008891,0.00008941,3200.70000000,1725861599999,0.28626098,450,1145.57000000,0.10248698,0
2024-09-09 06:00:00,0.00008937,0.00008963,0.00008902,0.00008955,2394.49000000,1725865199999,0.21375907,375,680.70000000,0.06074411,0
2024-09-09 07:00:00,0.00008944,0.00008992,0.00008942,0.00008983,3345.63000000,1725868799999,0.30013743,395,1548.76000000,0.13896256,0
2024-09-09 08:00:00,0.00008984,0.00009202,0.00008983,0.00009201,24064.11000000,1725872399999,2.18703578,1790,16653.33000000,1.51251054,0
2024-09-09 09:00:00,0.00009203,0.00009247,0.00009105,0.00009179,27785.94000000,1725875999999,2.54558811,2364,12571.55000000,1.15331280,0
2024-09-09 10:00:00,0.00009179,0.00009230,0.00009100,0.00009175,40649.97000000,1725879599999,3.73082441,1654,17015.79000000,1.56328512,0
2024-09-09 11:00:00,0.00009167,0.00009351,0.00009163,0.00009325,26288.10000000,1725883199999,2.42533385,2787,24087.94000000,2.22175641,0
2024-09-09 12:00:00,0.00009328,0.00009360,0.00009190,0.00009222,36411.42000000,1725886799999,3.38704948,1204,15605.24000000,1.45230663,0
2024-09-09 13:00:00,0.00009221,0.00009270,0.00009133,0.00009162,7579.46000000,1725890399999,0.69722479,477,3312.76000000,0.30488771,0
2024-09-09 14:00:00,0.00009159,0.00009302,0.00009136,0.00009297,7494.17000000,1725893999999,0.68935558,635,3008.83000000,0.27641229,0
2024-09-09 15:00:00,0.00009301,0.00009302,0.00009144,0.00009174,6245.89000000,1725897599999,0.57495121,457,2058.20000000,0.18937024,0
2024-09-09 16:00:00,0.00009176,0.00009201,0.00009047,0.00009082,7727.18000000,1725901199999,0.70445235,564,2450.81000000,0.22341221,0
2024-09-09 17:00:00,0.00009082,0.00009176,0.00009075,0.00009170,7993.66000000,1725904799999,0.72860681,421,3822.49000000,0.34848088,0
2024-09-09 18:00:00,0.00009169,0.00009172,0.00009102,0.00009154,3415.57000000,1725908399999,0.31182932,306,1339.02000000,0.12217506,0
2024-09-09 19:00:00,0.00009155,0.00009155,0.00009070,0.00009082,4580.11000000,1725911999999,0.41709721,252,2651.30000000,0.24144238,0
2024-09-09 20:00:00,0.00009088,0.00009099,0.00009034,0.00009082,2719.46000000,1725915599999,0.24663748,250,1393.13000000,0.12636351,0
2024-09-09 21:00:00,0.00009085,0.00009101,0.00009008,0.00009100,7961.90000000,1725919199999,0.72019274,295,5445.12000000,0.49239728,0
2024-09-09 22:00:00,0.00009077,0.00009169,0.00009053,0.00009161,3954.40000000,1725922799999,0.35932991,174,2846.54000000,0.25861270,0
2024-09-09 23:00:00,0.00009169,0.00009203,0.00009137,0.00009140,3347.40000000,1725926399999,0.30721334,107,252.46000000,0.02317575,0
2024-09-10 00:00:00,0.00009140,0.00009172,0.00009092,0.00009108,1290.64000000,1725929999999,0.11786166,132,516.71000000,0.04724324,0
2024-09-10 01:00:00,0.00009109,0.00009164,0.00009093,0.00009124,1544.63000000,1725933599999,0.14113798,121,369.10000000,0.03377072,0
2024-09-10 02:00:00,0.00009128,0.00009255,0.00009120,0.00009223,879.98000000,1725937199999,0.08083299,125,479.07000000,0.04411199,0
2024-09-10 03:00:00,0.00009227,0.00009280,0.00009203,0.00009249,2104.51000000,1725940799999,0.19451293,188,1569.74000000,0.14511636,0
2024-09-10 04:00:00,0.00009249,0.00009328,0.00009247,0.00009324,2531.55000000,1725944399999,0.23538992,231,1560.34000000,0.14512728,0
2024-09-10 05:00:00,0.00009321,0.00009321,0.00009192,0.00009204,2075.67000000,1725947999999,0.19194017,173,812.21000000,0.07509110,0
2024-09-10 06:00:00,0.00009203,0.00009203,0.00009126,0.00009160,1616.23000000,1725951599999,0.14797113,212,674.66000000,0.06173458,0
2024-09-10 07:00:00,0.00009163,0.00009171,0.00009088,0.00009131,2312.08000000,1725955199999,0.21103377,300,483.78000000,0.04422767,0
2024-09-10 08:00:00,0.00009138,0.00009179,0.00009128,0.00009175,2408.75000000,1725958799999,0.22047902,384,902.49000000,0.08263398,0
2024-09-10 09:00:00,0.00009182,0.00009228,0.00009160,0.00009180,2292.37000000,1725962399999,0.21082358,207,1060.88000000,0.09762517,0
2024-09-10 10:00:00,0.00009193,0.00009260,0.00009184,0.00009260,2115.11000000,1725965999999,0.19495117,262,1139.63000000,0.10510012,0
2024-09-10 11:00:00,0.00009257,0.00009336,0.00009231,0.00009274,7209.36000000,1725969599999,0.67041709,1181,4367.83000000,0.40634129,0
2024-09-10 12:00:00,0.00009273,0.00009310,0.00009261,0.00009286,2913.71000000,1725973199999,0.27037028,355,1297.49000000,0.12038796,0
2024-09-10 13:00:00,0.00009286,0.00009359,0.00009243,0.00009358,3718.09000000,1725976799999,0.34582243,397,1093.72000000,0.10172050,0
2024-09-10 14:00:00,0.00009359,0.00009454,0.00009310,0.00009407,26775.44000000,1725980399999,2.51115769,2615,15878.18000000,1.48916970,0
2024-09-10 15:00:00,0.00009393,0.00009422,0.00009354,0.00009400,2681.33000000,1725983999999,0.25178771,393,1791.11000000,0.16819753,0
2024-09-10 16:00:00,0.00009416,0.00009479,0.00009412,0.00009461,6398.97000000,1725987599999,0.60479571,1002,4783.28000000,0.45206260,0
2024-09-10 17:00:00,0.00009460,0.00009525,0.00009438,0.00009484,7517.64000000,1725991199999,0.71306147,728,5787.45000000,0.54918114,0
2024-09-10 18:00:00,0.00009478,0.00009530,0.00009414,0.00009485,8581.39000000,1725994799999,0.81443947,786,4631.94000000,0.43958726,0
2024-09-10 19:00:00,0.00009481,0.00009492,0.00009413,0.00009417,1983.17000000,1725998399999,0.18733399,209,684.44000000,0.06462732,0
2024-09-10 20:00:00,0.00009424,0.00009475,0.00009402,0.00009475,2864.73000000,1726001999999,0.27005534,215,1690.35000000,0.15950281,0
2024-09-10 21:00:00,0.00009473,0.00009520,0.00009436,0.00009511,3712.48000000,1726005599999,0.35208596,201,3130.60000000,0.29692331,0
2024-09-10 22:00:00,0.00009517,0.00009558,0.00009503,0.00009539,3235.27000000,1726009199999,0.30862762,167,2285.39000000,0.21811185,0
2024-09-10 23:00:00,0.00009541,0.00009638,0.00009511,0.00009597,8506.85000000,1726012799999,0.81373425,386,5914.22000000,0.56539447,0
2024-09-11 00:00:00,0.00009602,0.00009619,0.00009436,0.00009449,5561.25000000,1726016399999,0.52954720,410,847.64000000,0.08043541,0
2024-09-11 01:00:00,0.00009447,0.00009495,0.00009419,0.00009486,5294.21000000,1726019999999,0.50006924,494,1290.31000000,0.12199312,0
2024-09-11 02:00:00,0.00009477,0.00009504,0.00009371,0.00009374,2576.38000000,1726023599999,0.24347935,293,980.10000000,0.09272168,0
2024-09-11 03:00:00,0.00009382,0.00009404,0.00009292,0.00009359,10913.63000000,1726027199999,1.02001316,564,2947.57000000,0.27530390,0
2024-09-11 04:00:00,0.00009370,0.00009419,0.00009223,0.00009271,8038.99000000,1726030799999,0.74902077,754,2565.43000000,0.23951222,0
2024-09-11 05:00:00,0.00009273,0.00009373,0.00009209,0.00009369,10100.47000000,1726034399999,0.93507263,465,5965.18000000,0.55215460,0
2024-09-11 06:00:00,0.00009382,0.00009410,0.00009340,0.00009345,1405.77000000,1726037999999,0.13183821,270,430.60000000,0.04039951,0
2024-09-11 07:00:00,0.00009343,0.00009402,0.00009329,0.00009335,2518.45000000,1726041599999,0.23573016,356,973.43000000,0.09111124,0
2024-09-11 08:00:00,0.00009329,0.00009341,0.00009250,0.00009256,2740.44000000,1726045199999,0.25480079,429,968.79000000,0.09025026,0
2024-09-11 09:00:00,0.00009255,0.00009297,0.00009247,0.00009273,3884.84000000,1726048799999,0.35996360,697,1901.02000000,0.17615294,0
2024-09-11 10:00:00,0.00009278,0.00009288,0.00009229,0.00009254,1375.59000000,1726052399999,0.12741777,299,504.96000000,0.04678724,0
2024-09-11 11:00:00,0.00009266,0.00009284,0.00009208,0.00009219,1945.32000000,1726055999999,0.17953211,187,1343.59000000,0.12395811,0
2024-09-11 12:00:00,0.00009206,0.00009292,0.00009153,0.00009209,8849.67000000,1726059599999,0.81627889,1029,5427.46000000,0.50090224,0
2024-09-11 13:00:00,0.00009223,0.00009308,0.00009206,0.00009289,2913.22000000,1726063199999,0.26934169,570,1299.74000000,0.12021270,0
2024-09-11 14:00:00,0.00009283,0.00009350,0.00009253,0.00009288,5367.43000000,1726066799999,0.49998256,659,2346.66000000,0.21863384,0
2024-09-11 15:00:00,0.00009281,0.00009311,0.00009231,0.00009263,2935.63000000,1726070399999,0.27206156,389,1326.58000000,0.12292852,0
2024-09-11 16:00:00,0.00009259,0.00009318,0.00009241,0.00009274,2313.38000000,1726073999999,0.21454378,243,1158.71000000,0.10753021,0
2024-09-11 17:00:00,0.00009260,0.00009281,0.00009182,0.00009197,1465.84000000,1726077599999,0.13531324,216,850.51000000,0.07854530,0
2024-09-11 18:00:00,0.00009193,0.00009215,0.00009161,0.00009196,2577.80000000,1726081199999,0.23685797,300,1543.62000000,0.14187051,0
2024-09-11 19:00:00,0.00009202,0.00009243,0.00009184,0.00009218,2539.34000000,1726084799999,0.23361783,147,2078.73000000,0.19124012,0
2024-09-11 20:00:00,0.00009234,0.00009247,0.00009200,0.00009223,782.75000000,1726088399999,0.07214915,114,356.61000000,0.03286335,0
2024-09-11 21:00:00,0.00009227,0.00009251,0.00009219,0.00009238,458.12000000,1726091999999,0.04229370,104,260.41000000,0.02404299,0
2024-09-11 22:00:00,0.00009245,0.00009344,0.00009234,0.00009337,731.86000000,1726095599999,0.06801577,80,474.14000000,0.04408381,0
2024-09-11 23:00:00,0.00009339,0.00009400,0.00009324,0.00009400,27245.74000000,1726099199999,2.54625221,239,13145.37000000,1.22786740,0
2024-09-12 00:00:00,0.00009400,0.00009431,0.00009325,0.00009402,3320.38000000,1726102799999,0.31232233,233,870.72000000,0.08187540,0
2024-09-12 01:00:00,0.00009412,0.00009432,0.00009270,0.00009270,1737.16000000,1726106399999,0.16225000,185,897.18000000,0.08365634,0
2024-09-12 02:00:00,0.00009247,0.00009340,0.00009246,0.00009316,637.72000000,1726109999999,0.05926703,147,319.29000000,0.02967223,0
2024-09-12 03:00:00,0.00009318,0.00009347,0.00009278,0.00009316,841.60000000,1726113599999,0.07843881,139,556.02000000,0.05184507,0
2024-09-12 04:00:00,0.00009327,0.00009354,0.00009278,0.00009345,813.32000000,1726117199999,0.07575215,166,500.03000000,0.04658317,0
2024-09-12 05:00:00,0.00009345,0.00009354,0.00009199,0.00009252,4342.03000000,1726120799999,0.40268269,562,1468.97000000,0.13619751,0
2024-09-12 06:00:00,0.00009247,0.00009312,0.00009244,0.00009312,841.40000000,1726124399999,0.07810988,211,479.76000000,0.04450649,0
2024-09-12 07:00:00,0.00009314,0.00009320,0.00009240,0.00009240,1115.32000000,1726127999999,0.10363652,301,479.62000000,0.04458861,0
2024-09-12 08:00:00,0.00009249,0.00009268,0.00009232,0.00009260,1880.65000000,1726131599999,0.17389160,251,1496.33000000,0.13836249,0
2024-09-12 09:00:00,0.00009264,0.00009342,0.00009238,0.00009325,1987.44000000,1726135199999,0.18489805,209,1524.53000000,0.14188320,0
2024-09-12 10:00:00,0.00009326,0.00009363,0.00009326,0.00009341,2599.97000000,1726138799999,0.24290664,235,1782.27000000,0.16653992,0
2024-09-12 11:00:00,0.00009341,0.00009356,0.00009309,0.00009311,759.28000000,1726142399999,0.07089465,153,547.09000000,0.05109140,0
2024-09-12 12:00:00,0.00009319,0.00009342,0.00009250,0.00009321,3278.66000000,1726145999999,0.30481728,289,2188.84000000,0.20356348,0
2024-09-12 13:00:00,0.00009341,0.00009370,0.00009324,0.00009345,4647.68000000,1726149599999,0.43442280,387,2685.51000000,0.25113827,0
2024-09-12 14:00:00,0.00009339,0.00009384,0.00009236,0.00009384,1793.98000000,1726153199999,0.16708945,267,1172.98000000,0.10941848,0
2024-09-12 15:00:00,0.00009388,0.00009530,0.00009370,0.00009530,23683.64000000,1726156799999,2.23893092,1192,21114.02000000,1.99657059,0
2024-09-12 16:00:00,0.00009530,0.00009574,0.00009488,0.00009488,6008.83000000,1726160399999,0.57279245,384,4740.24000000,0.45194643,0
2024-09-12 17:00:00,0.00009482,0.00009829,0.00009482,0.00009668,19021.90000000,1726163999999,1.84260995,1224,13751.89000000,1.33125350,0
2024-09-12 18:00:00,0.00009679,0.00009742,0.00009644,0.00009660,2959.83000000,1726167599999,0.28655775,362,1695.62000000,0.16412411,0
2024-09-12 19:00:00,0.00009653,0.00009673,0.00009578,0.00009605,1754.36000000,1726171199999,0.16875225,277,954.85000000,0.09190813,0
2024-09-12 20:00:00,0.00009612,0.00009612,0.00009534,0.00009553,2814.84000000,1726174799999,0.26936519,189,983.01000000,0.09412267,0
2024-09-12 21:00:00,0.00009547,0.00009588,0.00009531,0.00009574,3029.08000000,1726178399999,0.28958439,212,1850.38000000,0.17696102,0
2024-09-12 22:00:00,0.00009593,0.00009631,0.00009576,0.00009601,471.96000000,1726181999999,0.04530898,71,416.84000000,0.04001986,0
2024-09-12 23:00:00,0.00009602,0.00009640,0.00009589,0.00009606,1721.28000000,1726185599999,0.16565101,137,1479.69000000,0.14243339,0
2024-09-13 00:00:00,0.00009612,0.00009700,0.00009586,0.00009692,2636.53000000,1726189199999,0.25444415,186,2091.29000000,0.20181802,0
2024-09-13 01:00:00,0.00009685,0.00009706,0.00009577,0.00009587,1202.43000000,1726192799999,0.11590357,146,687.00000000,0.06637177,0
2024-09-13 02:00:00,0.00009583,0.00009637,0.00009583,0.00009593,982.41000000,1726196399999,0.09435449,132,542.50000000,0.05211464,0
2024-09-13 03:00:00,0.00009597,0.00009597,0.00009531,0.00009548,3231.00000000,1726199999999,0.30910944,219,1293.33000000,0.12371371,0
2024-09-13 04:00:00,0.00009543,0.00009590,0.00009522,0.00009549,1690.78000000,1726203599999,0.16166871,140,979.80000000,0.09376705,0
2024-09-13 05:00:00,0.00009553,0.00009593,0.00009546,0.00009547,705.34000000,1726207199999,0.06744176,133,361.76000000,0.03460130,0
2024-09-13 06:00:00,0.00009539,0.00009541,0.00009492,0.00009508,381.43000000,1726210799999,0.03632189,105,164.68000000,0.01567883,0
2024-09-13 07:00:00,0.00009508,0.00009539,0.00009484,0.00009503,1344.34000000,1726214399999,0.12784907,125,911.01000000,0.08668191,0
2024-09-13 08:00:00,0.00009505,0.00009566,0.00009498,0.00009564,441.45000000,1726217999999,0.04203671,93,306.92000000,0.02921851,0
2024-09-13 09:00:00,0.00009555,0.00009577,0.00009511,0.00009530,3988.95000000,1726221599999,0.37996680,163,553.85000000,0.05286439,0
2024-09-13 10:00:00,0.00009531,0.00009560,0.00009475,0.00009489,4096.14000000,1726225199999,0.38989865,417,543.85000000,0.05172155,0
2024-09-13 11:00:00,0.00009483,0.00009612,0.00009482,0.00009602,2831.90000000,1726228799999,0.27105103,453,2009.36000000,0.19247316,0
2024-09-13 12:00:00,0.00009596,0.00009694,0.00009570,0.00009650,3870.06000000,1726232399999,0.37288658,488,3180.63000000,0.30654227,0
2024-09-13 13:00:00,0.00009653,0.00009764,0.00009630,0.00009723,3985.36000000,1726235999999,0.38647770,563,2710.44000000,0.26293860,0
2024-09-13 14:00:00,0.00009724,0.00009800,0.00009666,0.00009748,8229.65000000,1726239599999,0.80173629,938,5475.18000000,0.53316991,0
2024-09-13 15:00:00,0.00009746,0.00009890,0.00009734,0.00009755,16311.97000000,1726243199999,1.59864606,1134,7991.03000000,0.78423533,0
2024-09-13 16:00:00,0.00009775,0.00009861,0.00009731,0.00009832,15299.44000000,1726246799999,1.49865616,584,6060.57000000,0.59399325,0
2024-09-13 17:00:00,0.00009839,0.00009842,0.00009679,0.00009707,3490.00000000,1726250399999,0.33972419,364,1617.36000000,0.15730051,0
2024-09-13 18:00:00,0.00009716,0.00009771,0.00009674,0.00009699,2364.52000000,1726253999999,0.22977198,272,770.94000000,0.07501211,0
2024-09-13 19:00:00,0.00009699,0.00009755,0.00009661,0.00009749,1845.84000000,1726257599999,0.17917943,324,942.98000000,0.09154133,0
2024-09-13 20:00:00,0.00009751,0.00009792,0.00009691,0.00009707,2281.53000000,1726261199999,0.22273098,272,1752.02000000,0.17112512,0
2024-09-13 21:00:00,0.00009703,0.00009703,0.00009640,0.00009674,3124.14000000,1726264799999,0.30199909,263,1878.26000000,0.18156791,0
2024-09-13 22:00:00,0.00009672,0.00009688,0.00009587,0.00009616,2170.86000000,1726268399999,0.20898141,193,840.33000000,0.08100098,0
2024-09-13 23:00:00,0.00009590,0.00009618,0.00009521,0.00009556,3477.78000000,1726271999999,0.33276302,238,2444.78000000,0.23382969,0
2024-09-14 00:00:00,0.00009548,0.00009653,0.00009535,0.00009632,2664.14000000,1726275599999,0.25512636,146,1298.30000000,0.12467315,0
2024-09-14 01:00:00,0.00009630,0.00009646,0.00009556,0.00009561,487.17000000,1726279199999,0.04678725,78,156.41000000,0.01502299,0
2024-09-14 02:00:00,0.00009570,0.00009588,0.00009550,0.00009583,334.31000000,1726282799999,0.03199918,78,156.81000000,0.01501063,0
2024-09-14 03:00:00,0.00009578,0.00009578,0.00009509,0.00009545,2017.77000000,1726286399999,0.19244839,125,259.25000000,0.02473621,0
2024-09-14 04:00:00,0.00009548,0.00009590,0.00009515,0.00009574,546.31000000,1726289999999,0.05219218,79,353.09000000,0.03373640,0
2024-09-14 05:00:00,0.00009579,0.00009635,0.00009567,0.00009586,1670.59000000,1726293599999,0.16045529,163,1234.24000000,0.11854927,0
2024-09-14 06:00:00,0.00009600,0.00009637,0.00009588,0.00009635,530.86000000,1726297199999,0.05100250,110,213.21000000,0.02048603,0
2024-09-14 07:00:00,0.00009640,0.00009645,0.00009587,0.00009620,2717.40000000,1726300799999,0.26103282,282,1286.81000000,0.12371442,0
2024-09-14 08:00:00,0.00009620,0.00009713,0.00009618,0.00009641,4798.65000000,1726304399999,0.46395450,346,1574.07000000,0.15253259,0
2024-09-14 09:00:00,0.00009641,0.00009687,0.00009589,0.00009598,3174.28000000,1726307999999,0.30572470,368,1241.11000000,0.11952051,0
2024-09-14 10:00:00,0.00009594,0.00009606,0.00009549,0.00009565,1641.84000000,1726311599999,0.15734424,345,849.44000000,0.08141884,0
2024-09-14 11:00:00,0.00009564,0.00009618,0.00009507,0.00009528,3716.49000000,1726315199999,0.35497849,364,2328.21000000,0.22235313,0
2024-09-14 12:00:00,0.00009527,0.00009567,0.00009432,0.00009528,5495.33000000,1726318799999,0.52275856,498,1399.79000000,0.13330946,0
2024-09-14 13:00:00,0.00009526,0.00009550,0.00009488,0.00009501,2881.40000000,1726322399999,0.27409561,599,1841.09000000,0.17519414,0
2024-09-14 14:00:00,0.00009502,0.00009534,0.00009472,0.00009498,6359.86000000,1726325999999,0.60378951,1351,1770.37000000,0.16812250,0
2024-09-14 15:00:00,0.00009495,0.00009508,0.00009457,0.00009470,1126.52000000,1726329599999,0.10681765,267,700.31000000,0.06641948,0
2024-09-14 16:00:00,0.00009471,0.00009509,0.00009461,0.00009508,2229.53000000,1726333199999,0.21153919,430,1444.84000000,0.13712849,0
2024-09-14 17:00:00,0.00009509,0.00009540,0.00009497,0.00009533,5729.23000000,1726336799999,0.54551782,370,4728.82000000,0.45030141,0
2024-09-14 18:00:00,0.00009523,0.00009565,0.00009479,0.00009521,12160.01000000,1726340399999,1.15689706,1449,10258.92000000,0.97590286,0
2024-09-14 19:00:00,0.00009513,0.00009527,0.00009465,0.00009489,1818.23000000,1726343999999,0.17257143,314,1208.31000000,0.11471334,0
2024-09-14 20:00:00,0.00009482,0.00009491,0.00009442,0.00009468,1074.45000000,1726347599999,0.10175853,245,553.50000000,0.05242110,0
2024-09-14 21:00:00,0.00009464,0.00009488,0.00009441,0.00009452,553.95000000,1726351199999,0.05242126,125,278.61000000,0.02637555,0
2024-09-14 22:00:00,0.00009439,0.00009472,0.00009421,0.00009469,682.42000000,1726354799999,0.06440565,126,359.65000000,0.03396435,0
2024-09-14 23:00:00,0.00009458,0.00009472,0.00009449,0.00009465,185.13000000,1726358399999,0.01751347,51,124.22000000,0.01175435,0
2024-09-15 00:00:00,0.00009465,0.00009469,0.00009439,0.00009449,721.56000000,1726361999999,0.06821919,102,491.60000000,0.04648919,0
2024-09-15 01:00:00,0.00009454,0.00009478,0.00009425,0.00009437,1519.41000000,1726365599999,0.14356758,215,1232.83000000,0.11647653,0
2024-09-15 02:00:00,0.00009425,0.00009477,0.00009413,0.00009453,2619.63000000,1726369199999,0.24706199,172,2380.05000000,0.22447778,0
2024-09-15 03:00:00,0.00009450,0.00009477,0.00009428,0.00009445,309.41000000,1726372799999,0.02926066,83,142.74000000,0.01349430,0
2024-09-15 04:00:00,0.00009428,0.00009465,0.00009395,0.00009418,1821.31000000,1726376399999,0.17148912,239,837.31000000,0.07884735,0
2024-09-15 05:00:00,0.00009420,0.00009474,0.00009409,0.00009474,1052.75000000,1726379999999,0.09935500,230,617.15000000,0.05826810,0
2024-09-15 06:00:00,0.00009473,0.00009537,0.00009462,0.00009521,2195.24000000,1726383599999,0.20848843,234,1768.72000000,0.16802146,0
2024-09-15 07:00:00,0.00009520,0.00009540,0.00009484,0.00009539,1005.82000000,1726387199999,0.09570232,194,730.80000000,0.06955889,0
2024-09-15 08:00:00,0.00009544,0.00009569,0.00009428,0.00009441,3091.96000000,1726390799999,0.29392593,382,907.45000000,0.08637256,0
2024-09-15 09:00:00,0.00009445,0.00009465,0.00009404,0.00009440,3458.10000000,1726394399999,0.32617442,553,1214.10000000,0.11451827,0
2024-09-15 10:00:00,0.00009434,0.00009451,0.00009321,0.00009376,8380.49000000,1726397999999,0.78571728,951,3268.05000000,0.30644520,0
2024-09-15 11:00:00,0.00009362,0.00009394,0.00009313,0.00009394,6904.72000000,1726401599999,0.64628627,528,3720.06000000,0.34865438,0
2024-09-15 12:00:00,0.00009386,0.00009405,0.00009350,0.00009350,2033.30000000,1726405199999,0.19068337,425,899.76000000,0.08438792,0
2024-09-15 13:00:00,0.00009345,0.00009359,0.00009298,0.00009298,2771.48000000,1726408799999,0.25859207,349,1164.03000000,0.10861588,0
2024-09-15 14:00:00,0.00009301,0.00009326,0.00009240,0.00009281,4281.08000000,1726412399999,0.39786143,332,1382.70000000,0.12852465,0
2024-09-15 15:00:00,0.00009280,0.00009394,0.00009270,0.00009389,9432.05000000,1726415999999,0.88150865,460,8452.69000000,0.79018739,0
2024-09-15 16:00:00,0.00009385,0.00009470,0.00009340,0.00009379,5463.01000000,1726419599999,0.51296653,528,2743.60000000,0.25773360,0
2024-09-15 17:00:00,0.00009375,0.00009434,0.00009368,0.00009384,1400.57000000,1726423199999,0.13150795,267,639.16000000,0.06003561,0
2024-09-15 18:00:00,0.00009388,0.00009476,0.00009380,0.00009459,2763.11000000,1726426799999,0.26076250,334,1341.17000000,0.12670456,0
2024-09-15 19:00:00,0.00009452,0.00009455,0.00009422,0.00009441,1909.94000000,1726430399999,0.18026848,221,955.96000000,0.09023841,0
2024-09-15 20:00:00,0.00009454,0.00009478,0.00009356,0.00009360,4114.46000000,1726433999999,0.38741501,377,978.28000000,0.09220367,0
2024-09-15 21:00:00,0.00009360,0.00009391,0.00009305,0.00009362,2210.19000000,1726437599999,0.20644518,273,1098.89000000,0.10263837,0
2024-09-15 22:00:00,0.00009363,0.00009414,0.00009358,0.00009408,1540.77000000,1726441199999,0.14471712,164,926.17000000,0.08704104,0
2024-09-15 23:00:00,0.00009410,0.00009434,0.00009358,0.00009398,3961.31000000,1726444799999,0.37197277,225,2494.14000000,0.23424025,0
2024-09-16 00:00:00,0.00009394,0.00009469,0.00009366,0.00009447,3004.33000000,1726448399999,0.28293149,231,1940.95000000,0.18294654,0
2024-09-16 01:00:00,0.00009446,0.00009446,0.00009342,0.00009344,2735.21000000,1726451999999,0.25658402,284,567.31000000,0.05330887,0
2024-09-16 02:00:00,0.00009343,0.00009381,0.00009303,0.00009307,3041.57000000,1726455599999,0.28387246,269,1249.74000000,0.11661487,0
2024-09-16 03:00:00,0.00009324,0.00009408,0.00009317,0.00009408,1342.59000000,1726459199999,0.12555340,158,804.67000000,0.07524577,0
2024-09-16 04:00:00,0.00009400,0.00009446,0.00009400,0.00009430,1177.99000000,1726462799999,0.11104706,149,604.54000000,0.05702670,0
2024-09-16 05:00:00,0.00009422,0.00009493,0.00009417,0.00009469,1644.58000000,1726466399999,0.15554424,214,1048.55000000,0.09919060,0
2024-09-16 06:00:00,0.00009467,0.00009475,0.00009409,0.00009433,1271.11000000,1726469999999,0.11988184,161,497.61000000,0.04693832,0
2024-09-16 07:00:00,0.00009430,0.00009500,0.00009422,0.00009484,1479.62000000,1726473599999,0.14008018,151,647.36000000,0.06127469,0
2024-09-16 08:00:00,0.00009484,0.00009505,0.00009417,0.00009432,880.62000000,1726477199999,0.08338743,170,383.10000000,0.03627733,0
2024-09-16 09:00:00,0.00009428,0.00009455,0.00009381,0.00009395,1592.43000000,1726480799999,0.14993335,213,628.76000000,0.05919503,0
2024-09-16 10:00:00,0.00009391,0.00009416,0.00009371,0.00009390,941.21000000,1726484399999,0.08839222,180,309.39000000,0.02906633,0
2024-09-16 11:00:00,0.00009390,0.00009394,0.00009351,0.00009390,923.06000000,1726487999999,0.08653577,198,461.67000000,0.04326431,0
2024-09-16 12:00:00,0.00009394,0.00009396,0.00009339,0.00009354,4389.76000000,1726491599999,0.41110350,376,2477.04000000,0.23205174,0
2024-09-16 13:00:00,0.00009355,0.00009420,0.00009353,0.00009384,1497.69000000,1726495199999,0.14067131,271,737.13000000,0.06925927,0
2024-09-16 14:00:00,0.00009393,0.00009439,0.00009348,0.00009417,6402.39000000,1726498799999,0.60134377,448,1683.17000000,0.15796545,0
2024-09-16 15:00:00,0.00009418,0.00009465,0.00009392,0.00009403,1834.19000000,1726502399999,0.17286214,236,628.22000000,0.05925781,0
2024-09-16 16:00:00,0.00009408,0.00009422,0.00009354,0.00009362,2610.65000000,1726505999999,0.24506149,326,738.92000000,0.06940816,0
2024-09-16 17:00:00,0.00009364,0.00009376,0.00009245,0.00009327,5125.92000000,1726509599999,0.47791944,307,1818.08000000,0.16980435,0
2024-09-16 18:00:00,0.00009331,0.00009374,0.00009327,0.00009361,1968.22000000,1726513199999,0.18415099,228,719.69000000,0.06735467,0
2024-09-16 19:00:00,0.00009358,0.00009381,0.00009333,0.00009371,890.73000000,1726516799999,0.08337738,185,378.30000000,0.03542162,0
2024-09-16 20:00:00,0.00009364,0.00009417,0.00009342,0.00009417,1304.36000000,1726520399999,0.12231761,263,921.44000000,0.08641390,0
2024-09-16 21:00:00,0.00009401,0.00009433,0.00009385,0.00009417,999.81000000,1726523999999,0.09412126,118,810.44000000,0.07629862,0
2024-09-16 22:00:00,0.00009423,0.00009436,0.00009374,0.00009406,2148.89000000,1726527599999,0.20218083,225,490.21000000,0.04610792,0
2024-09-16 23:00:00,0.00009412,0.00009422,0.00009378,0.00009422,1060.88000000,1726531199999,0.09977087,109,642.37000000,0.06044317,0
2024-09-17 00:00:00,0.00009426,0.00009462,0.00009387,0.00009447,2098.11000000,1726534799999,0.19784883,173,1669.24000000,0.15743850,0
2024-09-17 01:00:00,0.00009451,0.00009452,0.00009412,0.00009442,424.57000000,1726538399999,0.04006645,79,270.97000000,0.02557887,0
2024-09-17 02:00:00,0.00009443,0.00009455,0.00009393,0.00009413,2380.84000000,1726541999999,0.22440339,154,664.16000000,0.06262219,0
2024-09-17 03:00:00,0.00009415,0.00009450,0.00009402,0.00009404,737.56000000,1726545599999,0.06948520,74,105.38000000,0.00992836,0
2024-09-17 04:00:00,0.00009396,0.00009415,0.00009374,0.00009414,492.90000000,1726549199999,0.04633571,92,391.30000000,0.03679289,0
2024-09-17 05:00:00,0.00009401,0.00009425,0.00009379,0.00009390,1160.12000000,1726552799999,0.10917258,151,460.10000000,0.04330787,0
2024-09-17 06:00:00,0.00009402,0.00009414,0.00009377,0.00009399,928.96000000,1726556399999,0.08727544,114,323.20000000,0.03037989,0
2024-09-17 07:00:00,0.00009402,0.00009477,0.00009369,0.00009447,8079.99000000,1726559999999,0.76169649,149,7606.69000000,0.71702078,0
2024-09-17 08:00:00,0.00009447,0.00009457,0.00009327,0.00009333,13354.74000000,1726563599999,1.25042435,1314,513.48000000,0.04810859,0
2024-09-17 09:00:00,0.00009342,0.00009348,0.00009246,0.00009246,4954.56000000,1726567199999,0.46100723,623,2731.25000000,0.25424733,0
2024-09-17 10:00:00,0.00009244,0.00009276,0.00009167,0.00009214,8339.60000000,1726570799999,0.76823789,504,3835.01000000,0.35354024,0
2024-09-17 11:00:00,0.00009211,0.00009238,0.00009131,0.00009238,11003.92000000,1726574399999,1.00994954,553,4213.48000000,0.38760575,0
2024-09-17 12:00:00,0.00009242,0.00009278,0.00009221,0.00009250,2535.72000000,1726577999999,0.23461691,282,1534.31000000,0.14188758,0
2024-09-17 13:00:00,0.00009250,0.00009338,0.00009240,0.00009294,2873.78000000,1726581599999,0.26654461,624,1497.62000000,0.13919587,0
2024-09-17 14:00:00,0.00009292,0.00009303,0.00009168,0.00009168,5126.26000000,1726585199999,0.47413491,307,3512.70000000,0.32529249,0
2024-09-17 15:00:00,0.00009170,0.00009175,0.00009072,0.00009138,8143.67000000,1726588799999,0.74222204,439,6316.80000000,0.57566770,0
2024-09-17 16:00:00,0.00009126,0.00009132,0.00009018,0.00009030,10265.10000000,1726592399999,0.93287436,536,2795.36000000,0.25371192,0
2024-09-17 17:00:00,0.00009029,0.00009071,0.00009027,0.00009051,2096.18000000,1726595999999,0.18973385,276,715.80000000,0.06479016,0
2024-09-17 18:00:00,0.00009057,0.00009076,0.00009004,0.00009070,4804.17000000,1726599599999,0.43431880,230,1319.72000000,0.11920366,0
2024-09-17 19:00:00,0.00009071,0.00009192,0.00009062,0.00009185,2086.42000000,1726603199999,0.19018888,283,1247.50000000,0.11367017,0
2024-09-17 20:00:00,0.00009184,0.00009201,0.00009145,0.00009163,1760.57000000,1726606799999,0.16159652,209,1146.51000000,0.10522096,0
2024-09-17 21:00:00,0.00009155,0.00009191,0.00009145,0.00009152,1217.82000000,1726610399999,0.11163386,161,539.34000000,0.04943389,0
2024-09-17 22:00:00,0.00009152,0.00009185,0.00009131,0.00009136,870.91000000,1726613999999,0.07966028,106,147.88000000,0.01353174,0
2024-09-17 23:00:00,0.00009145,0.00009161,0.00009131,0.00009161,786.53000000,1726617599999,0.07194012,48,240.25000000,0.02196165,0
2024-09-18 00:00:00,0.00009153,0.00009184,0.00009119,0.00009141,1013.10000000,1726621199999,0.09266829,98,460.07000000,0.04208146,0
2024-09-18 01:00:00,0.00009137,0.00009163,0.00009116,0.00009160,522.46000000,1726624799999,0.04775697,91,149.53000000,0.01367973,0
2024-09-18 02:00:00,0.00009151,0.00009181,0.00009140,0.00009181,742.50000000,1726628399999,0.06802388,133,212.17000000,0.01943460,0
2024-09-18 03:00:00,0.00009177,0.00009177,0.00009093,0.00009115,1326.27000000,1726631999999,0.12095838,127,277.39000000,0.02529859,0
2024-09-18 04:00:00,0.00009107,0.00009107,0.00009060,0.00009066,511.28000000,1726635599999,0.04641966,94,121.52000000,0.01103558,0
2024-09-18 05:00:00,0.00009071,0.00009144,0.00009070,0.00009130,462.98000000,1726639199999,0.04211089,85,154.76000000,0.01408798,0
2024-09-18 06:00:00,0.00009140,0.00009174,0.00009124,0.00009141,1052.37000000,1726642799999,0.09626331,152,282.98000000,0.02590113,0
2024-09-18 07:00:00,0.00009151,0.00009160,0.00009129,0.00009137,1706.25000000,1726646399999,0.15599690,133,1165.87000000,0.10659754,0
2024-09-18 08:00:00,0.00009143,0.00009182,0.00009132,0.00009155,1471.03000000,1726649999999,0.13471632,256,638.68000000,0.05852733,0
2024-09-18 09:00:00,0.00009162,0.00009197,0.00009140,0.00009148,884.60000000,1726653599999,0.08108601,204,362.54000000,0.03325158,0
2024-09-18 10:00:00,0.00009156,0.00009246,0.00009156,0.00009244,4076.41000000,1726657199999,0.37491693,622,2154.77000000,0.19813149,0
2024-09-18 11:00:00,0.00009247,0.00009302,0.00009200,0.00009216,3101.97000000,1726660799999,0.28675697,656,1724.34000000,0.15943543,0
2024-09-18 12:00:00,0.00009219,0.00009248,0.00009179,0.00009245,3571.00000000,1726664399999,0.32890246,610,1493.74000000,0.13758900,0
2024-09-18 13:00:00,0.00009243,0.00009304,0.00009213,0.00009276,3043.92000000,1726667999999,0.28211493,514,1401.04000000,0.12990759,0
2024-09-18 14:00:00,0.00009289,0.00009311,0.00009237,0.00009293,1858.07000000,1726671599999,0.17214645,374,507.31000000,0.04705889,0
2024-09-18 15:00:00,0.00009290,0.00009291,0.00009174,0.00009200,1670.93000000,1726675199999,0.15413902,379,666.63000000,0.06160572,0
2024-09-18 16:00:00,0.00009195,0.00009272,0.00009160,0.00009246,2956.55000000,1726678799999,0.27227102,445,1217.16000000,0.11213563,0
2024-09-18 17:00:00,0.00009242,0.00009242,0.00009134,0.00009138,1645.31000000,1726682399999,0.15095028,316,831.17000000,0.07622660,0
2024-09-18 18:00:00,0.00009144,0.00009144,0.00009049,0.00009092,17643.15000000,1726685999999,1.60375514,1357,5177.20000000,0.47063574,0
2024-09-18 19:00:00,0.00009098,0.00009237,0.00009092,0.00009228,4308.23000000,1726689599999,0.39361124,386,2722.29000000,0.24879751,0
2024-09-18 20:00:00,0.00009230,0.00009319,0.00009230,0.00009281,2916.19000000,1726693199999,0.27040532,268,1324.44000000,0.12285099,0
2024-09-18 21:00:00,0.00009284,0.00009356,0.00009251,0.00009292,3308.70000000,1726696799999,0.30842777,273,2027.98000000,0.18919179,0
2024-09-18 22:00:00,0.00009297,0.00009320,0.00009247,0.00009249,9859.31000000,1726700399999,0.91587375,938,678.31000000,0.06288280,0
2024-09-18 23:00:00,0.00009243,0.00009244,0.00009136,0.00009137,2352.50000000,1726703999999,0.21665883,178,1598.37000000,0.14732930,0
2024-09-19 00:00:00,0.00009134,0.00009179,0.00009082,0.00009124,7064.68000000,1726707599999,0.64460312,361,1839.35000000,0.16784796,0
2024-09-19 01:00:00,0.00009114,0.00009124,0.00009040,0.00009094,3893.00000000,1726711199999,0.35355999,198,1880.73000000,0.17084953,0
2024-09-19 02:00:00,0.00009087,0.00009123,0.00009054,0.00009121,661.85000000,1726714799999,0.06014274,104,410.60000000,0.03731842,0
2024-09-19 03:00:00,0.00009111,0.00009226,0.00009111,0.00009165,3467.97000000,1726718399999,0.31851337,175,1629.27000000,0.14954139,0
2024-09-19 04:00:00,0.00009178,0.00009243,0.00009175,0.00009214,1086.50000000,1726721999999,0.09997733,113,458.29000000,0.04218799,0
2024-09-19 05:00:00,0.00009214,0.00009252,0.00009195,0.00009245,3380.09000000,1726725599999,0.31167182,256,1669.32000000,0.15391892,0
2024-09-19 06:00:00,0.00009253,0.00009350,0.00009248,0.00009349,3317.29000000,1726729199999,0.30781536,215,1933.85000000,0.17931435,0
2024-09-19 07:00:00,0.00009330,0.00009344,0.00009249,0.00009276,4303.75000000,1726732799999,0.39959546,193,3122.52000000,0.28978293,0
2024-09-19 08:00:00,0.00009276,0.00009290,0.00009215,0.00009215,1918.67000000,1726736399999,0.17741636,193,943.46000000,0.08728254,0
2024-09-19 09:00:00,0.00009210,0.00009230,0.00009187,0.00009196,1484.41000000,1726739999999,0.13671197,177,1166.78000000,0.10748163,0
2024-09-19 10:00:00,0.00009196,0.00009228,0.00009182,0.00009191,1398.79000000,1726743599999,0.12879515,175,1026.40000000,0.09453793,0
2024-09-19 11:00:00,0.00009190,0.00009253,0.00009190,0.00009237,2038.20000000,1726747199999,0.18820095,218,932.99000000,0.08616506,0
2024-09-19 12:00:00,0.00009238,0.00009253,0.00009157,0.00009169,2179.53000000,1726750799999,0.20030192,247,1396.50000000,0.12836173,0
2024-09-19 13:00:00,0.00009167,0.00009188,0.00009090,0.00009090,3870.71000000,1726754399999,0.35321768,309,1786.29000000,0.16307363,0
2024-09-19 14:00:00,0.00009079,0.00009105,0.00009020,0.00009100,3378.67000000,1726757999999,0.30604021,283,1601.32000000,0.14496376,0
2024-09-19 15:00:00,0.00009098,0.00009138,0.00009086,0.00009093,1814.40000000,1726761599999,0.16521449,199,1106.91000000,0.10077476,0
2024-09-19 16:00:00,0.00009093,0.00009140,0.00009061,0.00009071,3863.69000000,1726765199999,0.35147652,256,1832.50000000,0.16680586,0
2024-09-19 17:00:00,0.00009069,0.00009096,0.00009020,0.00009028,1655.18000000,1726768799999,0.15008922,249,964.67000000,0.08746984,0
2024-09-19 18:00:00,0.00009031,0.00009062,0.00009018,0.00009020,3819.77000000,1726772399999,0.34503441,338,1383.59000000,0.12502178,0
2024-09-19 19:00:00,0.00009020,0.00009070,0.00009015,0.00009044,1500.10000000,1726775999999,0.13563030,199,1230.86000000,0.11129756,0
2024-09-19 20:00:00,0.00009048,0.00009082,0.00009044,0.00009062,1590.90000000,1726779599999,0.14415761,119,397.88000000,0.03603634,0
2024-09-19 21:00:00,0.00009061,0.00009067,0.00009027,0.00009060,2649.99000000,1726783199999,0.23991253,153,1578.82000000,0.14288968,0
2024-09-19 22:00:00,0.00009058,0.00009079,0.00009021,0.00009042,967.44000000,1726786799999,0.08751166,93,542.78000000,0.04910263,0
2024-09-19 23:00:00,0.00009036,0.00009036,0.00009000,0.00009030,605.71000000,1726790399999,0.05459301,78,278.11000000,0.02508440,0
2024-09-20 00:00:00,0.00009028,0.00009040,0.00008966,0.00008968,1238.95000000,1726793999999,0.11148301,94,566.81000000,0.05100827,0
2024-09-20 01:00:00,0.00008971,0.00008975,0.00008924,0.00008957,4100.89000000,1726797599999,0.36695197,144,2313.72000000,0.20692388,0
2024-09-20 02:00:00,0.00008952,0.00008986,0.00008947,0.00008958,985.53000000,1726801199999,0.08835773,108,564.12000000,0.05057897,0
2024-09-20 03:00:00,0.00008959,0.00009064,0.00008946,0.00009051,1620.57000000,1726804799999,0.14605808,114,1301.19000000,0.11727015,0
2024-09-20 04:00:00,0.00009064,0.00009066,0.00009012,0.00009036,1599.82000000,1726808399999,0.14459839,175,1057.90000000,0.09562590,0
2024-09-20 05:00:00,0.00009043,0.00009089,0.00009027,0.00009030,1904.28000000,1726811999999,0.17245105,135,549.34000000,0.04976971,0
2024-09-20 06:00:00,0.00009026,0.00009094,0.00009004,0.00009089,2690.45000000,1726815599999,0.24333312,259,1873.95000000,0.16963923,0
2024-09-20 07:00:00,0.00009097,0.00009097,0.00009046,0.00009074,1025.98000000,1726819199999,0.09307092,132,756.47000000,0.06862706,0
2024-09-20 08:00:00,0.00009076,0.00009079,0.00009025,0.00009042,2179.65000000,1726822799999,0.19741482,232,1498.78000000,0.13573289,0
2024-09-20 09:00:00,0.00009047,0.00009131,0.00009044,0.00009049,2414.78000000,1726826399999,0.21917978,273,1745.47000000,0.15845154,0
2024-09-20 10:00:00,0.00009049,0.00009084,0.00009036,0.00009042,2947.03000000,1726829999999,0.26679543,259,1731.48000000,0.15684132,0
2024-09-20 11:00:00,0.00009032,0.00009032,0.00008936,0.00008969,17004.55000000,1726833599999,1.52592576,593,9849.87000000,0.88417669,0
2024-09-20 12:00:00,0.00008964,0.00008994,0.00008956,0.00008976,15299.92000000,1726837199999,1.37323843,472,2075.33000000,0.18627154,0
2024-09-20 13:00:00,0.00008976,0.00008991,0.00008947,0.00008965,51482.10000000,1726840799999,4.62085331,1076,2060.65000000,0.18485819,0
2024-09-20 14:00:00,0.00008959,0.00008964,0.00008900,0.00008922,4080.48000000,1726844399999,0.36437611,345,1600.40000000,0.14300447,0
2024-09-20 15:00:00,0.00008917,0.00008933,0.00008851,0.00008857,4598.14000000,1726847999999,0.40932572,395,2110.74000000,0.18798656,0
2024-09-20 16:00:00,0.00008854,0.00008884,0.00008835,0.00008862,7621.74000000,1726851599999,0.67585017,343,6702.69000000,0.59443989,0
2024-09-20 17:00:00,0.00008861,0.00008932,0.00008851,0.00008928,1800.04000000,1726855199999,0.15987436,210,826.63000000,0.07349219,0
2024-09-20 18:00:00,0.00008928,0.00008955,0.00008899,0.00008910,1896.01000000,1726858799999,0.16938686,250,856.29000000,0.07647751,0
2024-09-20 19:00:00,0.00008909,0.00008916,0.00008889,0.00008907,934.26000000,1726862399999,0.08316256,126,788.37000000,0.07018426,0
2024-09-20 20:00:00,0.00008911,0.00008923,0.00008894,0.00008909,868.65000000,1726865999999,0.07737201,107,300.08000000,0.02673997,0
2024-09-20 21:00:00,0.00008911,0.00008911,0.00008847,0.00008868,795.14000000,1726869599999,0.07053764,121,377.20000000,0.03346039,0
2024-09-20 22:00:00,0.00008866,0.00008873,0.00008815,0.00008817,495.21000000,1726873199999,0.04375347,77,138.48000000,0.01224487,0
2024-09-20 23:00:00,0.00008815,0.00008836,0.00008799,0.00008834,568.97000000,1726876799999,0.05013187,95,238.10000000,0.02099300,0
2024-09-21 00:00:00,0.00008840,0.00008840,0.00008802,0.00008810,933.07000000,1726880399999,0.08226439,72,372.98000000,0.03290076,0
2024-09-21 01:00:00,0.00008807,0.00008807,0.00008705,0.00008724,2601.57000000,1726883999999,0.22785071,174,725.65000000,0.06353611,0
2024-09-21 02:00:00,0.00008725,0.00008756,0.00008712,0.00008755,1792.93000000,1726887599999,0.15645310,104,569.85000000,0.04975828,0
2024-09-21 03:00:00,0.00008748,0.00008761,0.00008724,0.00008729,949.28000000,1726891199999,0.08303702,62,453.11000000,0.03965797,0
2024-09-21 04:00:00,0.00008728,0.00008731,0.00008675,0.00008692,947.01000000,1726894799999,0.08238146,91,631.21000000,0.05488457,0
2024-09-21 05:00:00,0.00008694,0.00008737,0.00008693,0.00008726,530.78000000,1726898399999,0.04631038,72,422.75000000,0.03689274,0
2024-09-21 06:00:00,0.00008716,0.00008744,0.00008714,0.00008744,710.92000000,1726901999999,0.06204546,134,573.50000000,0.05005145,0
2024-09-21 07:00:00,0.00008742,0.00008768,0.00008739,0.00008768,1778.74000000,1726905599999,0.15571372,136,623.61000000,0.05457183,0
2024-09-21 08:00:00,0.00008764,0.00008803,0.00008747,0.00008791,2377.50000000,1726909199999,0.20857357,204,1344.16000000,0.11810953,0
2024-09-21 09:00:00,0.00008795,0.00008816,0.00008772,0.00008816,567.28000000,1726912799999,0.04988912,139,451.88000000,0.03974878,0
2024-09-21 10:00:00,0.00008823,0.00008833,0.00008783,0.00008791,1558.37000000,1726916399999,0.13734928,182,818.86000000,0.07213435,0
2024-09-21 11:00:00,0.00008793,0.00008851,0.00008787,0.00008845,1118.59000000,1726919999999,0.09874108,157,960.95000000,0.08484284,0
2024-09-21 12:00:00,0.00008854,0.00008860,0.00008828,0.00008860,2008.48000000,1726923599999,0.17768688,198,1223.53000000,0.10827670,0
2024-09-21 13:00:00,0.00008860,0.00008885,0.00008841,0.00008842,4642.86000000,1726927199999,0.41142786,255,902.83000000,0.08007812,0
2024-09-21 14:00:00,0.00008847,0.00008863,0.00008824,0.00008846,2565.09000000,1726930799999,0.22694545,272,1433.31000000,0.12683774,0
2024-09-21 15:00:00,0.00008843,0.00008894,0.00008829,0.00008890,2445.40000000,1726934399999,0.21702503,168,2149.32000000,0.19076459,0
2024-09-21 16:00:00,0.00008891,0.00008949,0.00008888,0.00008932,62482.15000000,1726937999999,5.56154420,884,60598.97000000,5.39357506,0
2024-09-21 17:00:00,0.00008936,0.00009006,0.00008934,0.00008972,1758.93000000,1726941599999,0.15787812,180,923.13000000,0.08285571,0
2024-09-21 18:00:00,0.00008979,0.00008992,0.00008900,0.00008900,2561.23000000,1726945199999,0.22893064,159,1046.45000000,0.09359396,0
2024-09-21 19:00:00,0.00008888,0.00008919,0.00008884,0.00008893,1626.02000000,1726948799999,0.14479596,122,563.13000000,0.05017142,0
2024-09-21 20:00:00,0.00008896,0.00008938,0.00008892,0.00008933,1146.99000000,1726952399999,0.10232770,102,790.19000000,0.07052332,0
2024-09-21 21:00:00,0.00008932,0.00008953,0.00008907,0.00008943,838.98000000,1726955999999,0.07494181,101,689.60000000,0.06162062,0
2024-09-21 22:00:00,0.00008942,0.00008970,0.00008940,0.00008956,1012.88000000,1726959599999,0.09067290,139,777.67000000,0.06962455,0
2024-09-21 23:00:00,0.00008957,0.00008965,0.00008938,0.00008953,1775.97000000,1726963199999,0.15897197,146,1162.72000000,0.10408143,0
2024-09-22 00:00:00,0.00008953,0.00008970,0.00008923,0.00008938,860.33000000,1726966799999,0.07697885,94,310.74000000,0.02781911,0
2024-09-22 01:00:00,0.00008939,0.00008991,0.00008939,0.00008983,1306.84000000,1726970399999,0.11722812,125,914.87000000,0.08206734,0
2024-09-22 02:00:00,0.00008974,0.00009002,0.00008965,0.00008987,765.75000000,1726973999999,0.06877063,87,420.71000000,0.03778331,0
2024-09-22 03:00:00,0.00009001,0.00009024,0.00008979,0.00009012,1554.54000000,1726977599999,0.13986429,131,907.10000000,0.08161261,0
2024-09-22 04:00:00,0.00009020,0.00009035,0.00008961,0.00008980,1357.85000000,1726981199999,0.12200655,178,650.50000000,0.05847659,0
2024-09-22 05:00:00,0.00008982,0.00008990,0.00008968,0.00008976,882.79000000,1726984799999,0.07924606,155,208.64000000,0.01872963,0
2024-09-22 06:00:00,0.00008982,0.00009018,0.00008939,0.00008966,3808.39000000,1726988399999,0.34197964,205,885.18000000,0.07951242,0
2024-09-22 07:00:00,0.00008955,0.00008991,0.00008954,0.00008989,1706.31000000,1726991999999,0.15307949,162,453.73000000,0.04073674,0
2024-09-22 08:00:00,0.00008991,0.00008992,0.00008950,0.00008979,1602.90000000,1726995599999,0.14379507,200,515.55000000,0.04624101,0
2024-09-22 09:00:00,0.00008978,0.00008999,0.00008920,0.00008926,2729.22000000,1726999199999,0.24425796,224,672.25000000,0.06027775,0
2024-09-22 10:00:00,0.00008925,0.00008947,0.00008867,0.00008875,1325.20000000,1727002799999,0.11800077,194,493.73000000,0.04391408,0
2024-09-22 11:00:00,0.00008866,0.00008880,0.00008797,0.00008854,6680.90000000,1727006399999,0.59068061,334,4486.64000000,0.39675693,0
2024-09-22 12:00:00,0.00008851,0.00008867,0.00008827,0.00008857,1299.68000000,1727009999999,0.11499674,158,665.36000000,0.05889061,0
2024-09-22 13:00:00,0.00008859,0.00008894,0.00008847,0.00008853,1042.81000000,1727013599999,0.09250710,156,410.63000000,0.03645282,0
2024-09-22 14:00:00,0.00008852,0.00008863,0.00008823,0.00008830,1597.61000000,1727017199999,0.14125221,156,522.34000000,0.04621425,0
2024-09-22 15:00:00,0.00008831,0.00008926,0.00008788,0.00008904,3940.71000000,1727020799999,0.34889488,293,2400.19000000,0.21271349,0
2024-09-22 16:00:00,0.00008904,0.00008913,0.00008848,0.00008886,1850.35000000,1727024399999,0.16422340,289,1058.51000000,0.09392419,0
2024-09-22 17:00:00,0.00008885,0.00008891,0.00008861,0.00008889,1648.19000000,1727027999999,0.14629148,212,676.77000000,0.06008418,0
2024-09-22 18:00:00,0.00008888,0.00008895,0.00008867,0.00008875,1863.38000000,1727031599999,0.16544325,264,1148.47000000,0.10196161,0
2024-09-22 19:00:00,0.00008871,0.00008872,0.00008836,0.00008841,1344.35000000,1727035199999,0.11903249,177,744.17000000,0.06589733,0
2024-09-22 20:00:00,0.00008833,0.00008869,0.00008829,0.00008832,1047.33000000,1727038799999,0.09268855,103,543.67000000,0.04813937,0
2024-09-22 21:00:00,0.00008828,0.00008911,0.00008823,0.00008865,1582.33000000,1727042399999,0.14020043,97,1234.61000000,0.10934612,0
2024-09-22 22:00:00,0.00008862,0.00008868,0.00008781,0.00008802,1223.63000000,1727045999999,0.10788963,157,572.59000000,0.05053571,0
2024-09-22 23:00:00,0.00008796,0.00008849,0.00008778,0.00008841,1618.94000000,1727049599999,0.14269674,147,513.28000000,0.04525173,0
2024-09-23 00:00:00,0.00008840,0.00008875,0.00008819,0.00008834,1259.00000000,1727053199999,0.11135705,165,698.80000000,0.06183246,0
2024-09-23 01:00:00,0.00008858,0.00008896,0.00008838,0.00008859,1460.79000000,1727056799999,0.12933960,86,331.86000000,0.02940498,0
2024-09-23 02:00:00,0.00008874,0.00008882,0.00008834,0.00008859,730.65000000,1727060399999,0.06470921,100,338.38000000,0.02997370,0
2024-09-23 03:00:00,0.00008851,0.00008862,0.00008784,0.00008805,1685.01000000,1727063999999,0.14866423,136,787.24000000,0.06951373,0
2024-09-23 04:00:00,0.00008805,0.00008819,0.00008789,0.00008800,1927.33000000,1727067599999,0.16966249,135,772.58000000,0.06800700,0
2024-09-23 05:00:00,0.00008810,0.00008875,0.00008810,0.00008860,3510.72000000,1727071199999,0.31069368,184,1441.51000000,0.12755804,0
2024-09-23 06:00:00,0.00008864,0.00008933,0.00008857,0.00008923,2363.14000000,1727074799999,0.21033346,207,1457.12000000,0.12975977,0
2024-09-23 07:00:00,0.00008929,0.00008933,0.00008883,0.00008900,1064.53000000,1727078399999,0.09482669,144,312.93000000,0.02789601,0
2024-09-23 08:00:00,0.00008910,0.00008914,0.00008741,0.00008789,6019.96000000,1727081999999,0.53100056,417,1483.91000000,0.13058532,0
2024-09-23 09:00:00,0.00008798,0.00008841,0.00008798,0.00008837,1968.71000000,1727085599999,0.17369656,273,1128.61000000,0.09960092,0
2024-09-23 10:00:00,0.00008839,0.00008847,0.00008808,0.00008843,1390.82000000,1727089199999,0.12276193,205,698.47000000,0.06166268,0
2024-09-23 11:00:00,0.00008828,0.00008858,0.00008807,0.00008856,1674.07000000,1727092799999,0.14782513,231,927.05000000,0.08191283,0
2024-09-23 12:00:00,0.00008859,0.00008932,0.00008849,0.00008919,4378.02000000,1727096399999,0.38921386,435,3574.42000000,0.31783229,0
2024-09-23 13:00:00,0.00008920,0.00008992,0.00008909,0.00008978,1916.12000000,1727099999999,0.17143940,286,1304.10000000,0.11673847,0
2024-09-23 14:00:00,0.00008977,0.00008992,0.00008928,0.00008956,1892.94000000,1727103599999,0.16960355,222,604.94000000,0.05424236,0
2024-09-23 15:00:00,0.00008953,0.00008977,0.00008943,0.00008958,956.03000000,1727107199999,0.08566302,169,580.73000000,0.05203794,0
2024-09-23 16:00:00,0.00008961,0.00008989,0.00008945,0.00008945,2320.72000000,1727110799999,0.20818561,242,604.13000000,0.05415605,0
2024-09-23 17:00:00,0.00008959,0.00009000,0.00008903,0.00008905,2038.19000000,1727114399999,0.18237173,210,821.86000000,0.07359397,0
2024-09-23 18:00:00,0.00008908,0.00008908,0.00008817,0.00008870,4197.81000000,1727117999999,0.37195142,281,1501.92000000,0.13295061,0
2024-09-23 19:00:00,0.00008861,0.00008877,0.00008844,0.00008860,1934.93000000,1727121599999,0.17153131,205,1044.85000000,0.09264959,0
2024-09-23 20:00:00,0.00008860,0.00008863,0.00008838,0.00008854,743.13000000,1727125199999,0.06579230,120,109.99000000,0.00973661,0
2024-09-23 21:00:00,0.00008853,0.00008884,0.00008846,0.00008882,749.49000000,1727128799999,0.06645456,115,311.72000000,0.02764749,0
2024-09-23 22:00:00,0.00008878,0.00008920,0.00008876,0.00008900,876.05000000,1727132399999,0.07800508,81,631.58000000,0.05628401,0
2024-09-23 23:00:00,0.00008905,0.00008920,0.00008886,0.00008902,641.34000000,1727135999999,0.05710511,72,89.83000000,0.00800165,0
2024-09-24 00:00:00,0.00008905,0.00008919,0.00008878,0.00008889,1908.07000000,1727139599999,0.16976496,75,776.88000000,0.06912437,0
2024-09-24 01:00:00,0.00008885,0.00008901,0.00008870,0.00008895,426.75000000,1727143199999,0.03790769,69,163.15000000,0.01450131,0
2024-09-24 02:00:00,0.00008886,0.00008908,0.00008869,0.00008884,1623.47000000,1727146799999,0.14433900,131,1377.01000000,0.12243773,0
2024-09-24 03:00:00,0.00008886,0.00008903,0.00008882,0.00008897,392.98000000,1727150399999,0.03494415,89,149.54000000,0.01329793,0
2024-09-24 04:00:00,0.00008897,0.00008902,0.00008844,0.00008844,482.01000000,1727153999999,0.04277622,96,150.21000000,0.01332983,0
2024-09-24 05:00:00,0.00008843,0.00008868,0.00008841,0.00008866,712.80000000,1727157599999,0.06312564,101,330.75000000,0.02929371,0
2024-09-24 06:00:00,0.00008872,0.00008877,0.00008848,0.00008857,582.34000000,1727161199999,0.05162900,108,238.39000000,0.02114029,0
2024-09-24 07:00:00,0.00008847,0.00008850,0.00008792,0.00008797,713.45000000,1727164799999,0.06291019,128,299.18000000,0.02640664,0
2024-09-24 08:00:00,0.00008794,0.00008800,0.00008764,0.00008782,1327.65000000,1727168399999,0.11661093,265,763.57000000,0.06707441,0
2024-09-24 09:00:00,0.00008782,0.00008796,0.00008769,0.00008779,2772.06000000,1727171999999,0.24343873,344,1145.72000000,0.10065940,0
2024-09-24 10:00:00,0.00008775,0.00008797,0.00008770,0.00008774,1657.76000000,1727175599999,0.14554635,147,800.10000000,0.07028879,0
2024-09-24 11:00:00,0.00008771,0.00008802,0.00008762,0.00008801,1025.28000000,1727179199999,0.09006715,207,695.92000000,0.06114146,0
2024-09-24 12:00:00,0.00008792,0.00008817,0.00008789,0.00008805,805.56000000,1727182799999,0.07090593,190,557.00000000,0.04902749,0
2024-09-24 13:00:00,0.00008805,0.00008817,0.00008756,0.00008765,2871.19000000,1727186399999,0.25233242,307,432.42000000,0.03799438,0
2024-09-24 14:00:00,0.00008773,0.00008784,0.00008692,0.00008718,5586.95000000,1727189999999,0.48805949,593,2893.39000000,0.25292474,0
2024-09-24 15:00:00,0.00008711,0.00008726,0.00008695,0.00008702,2164.37000000,1727193599999,0.18845469,285,1335.93000000,0.11631694,0
2024-09-24 16:00:00,0.00008705,0.00008729,0.00008662,0.00008714,4016.30000000,1727197199999,0.34877572,320,2759.43000000,0.23961594,0
2024-09-24 17:00:00,0.00008708,0.00008797,0.00008684,0.00008710,5008.53000000,1727200799999,0.43658464,512,2069.92000000,0.18056334,0
2024-09-24 18:00:00,0.00008710,0.00008821,0.00008706,0.00008779,8480.71000000,1727204399999,0.74410076,394,6683.13000000,0.58618659,0
2024-09-24 19:00:00,0.00008784,0.00008791,0.00008710,0.00008710,1212.47000000,1727207999999,0.10625114,171,573.00000000,0.05022287,0
2024-09-24 20:00:00,0.00008722,0.00008742,0.00008697,0.00008737,3295.49000000,1727211599999,0.28751024,199,1670.43000000,0.14576526,0
2024-09-24 21:00:00,0.00008737,0.00008786,0.00008737,0.00008786,938.36000000,1727215199999,0.08213086,82,541.74000000,0.04742173,0
2024-09-24 22:00:00,0.00008789,0.00008798,0.00008690,0.00008694,1926.54000000,1727218799999,0.16831147,116,428.06000000,0.03738323,0
2024-09-24 23:00:00,0.00008694,0.00008752,0.00008692,0.00008733,2299.77000000,1727222399999,0.20038078,145,1155.52000000,0.10073624,0
2024-09-25 00:00:00,0.00008738,0.00008800,0.00008697,0.00008771,6139.47000000,1727225999999,0.53717437,156,4059.40000000,0.35512244,0
2024-09-25 01:00:00,0.00008776,0.00008831,0.00008762,0.00008773,3104.57000000,1727229599999,0.27338249,136,1645.40000000,0.14497896,0
2024-09-25 02:00:00,0.00008793,0.00008914,0.00008793,0.00008857,9881.80000000,1727233199999,0.87749459,210,8673.38000000,0.77029612,0
2024-09-25 03:00:00,0.00008861,0.00008937,0.00008827,0.00008926,1868.29000000,1727236799999,0.16559534,175,1438.58000000,0.12759164,0
2024-09-25 04:00:00,0.00008937,0.00009041,0.00008937,0.00008951,4002.51000000,1727240399999,0.35980152,214,2338.46000000,0.21039902,0
2024-09-25 05:00:00,0.00008947,0.00008988,0.00008873,0.00008885,2743.79000000,1727243999999,0.24474929,211,852.41000000,0.07618021,0
2024-09-25 06:00:00,0.00008880,0.00008883,0.00008711,0.00008750,8316.48000000,1727247599999,0.73158686,593,1845.81000000,0.16229255,0
2024-09-25 07:00:00,0.00008741,0.00008851,0.00008733,0.00008833,5220.08000000,1727251199999,0.45902434,355,3980.13000000,0.35033179,0
2024-09-25 08:00:00,0.00008833,0.00008898,0.00008826,0.00008898,2051.63000000,1727254799999,0.18178921,255,1030.91000000,0.09130085,0
2024-09-25 09:00:00,0.00008894,0.00008956,0.00008860,0.00008878,5318.46000000,1727258399999,0.47360252,339,2462.40000000,0.21932166,0
2024-09-25 10:00:00,0.00008884,0.00008978,0.00008876,0.00008961,1644.14000000,1727261999999,0.14694849,242,843.55000000,0.07537629,0
2024-09-25 11:00:00,0.00008961,0.00008994,0.00008916,0.00008942,1221.23000000,1727265599999,0.10915747,125,274.72000000,0.02460937,0
2024-09-25 12:00:00,0.00008946,0.00008960,0.00008907,0.00008922,2571.33000000,1727269199999,0.22991659,246,585.78000000,0.05236268,0
2024-09-25 13:00:00,0.00008934,0.00008955,0.00008908,0.00008937,5605.06000000,1727272799999,0.50107044,580,901.13000000,0.08051513,0
2024-09-25 14:00:00,0.00008946,0.00008959,0.00008921,0.00008929,1609.55000000,1727276399999,0.14387989,254,1136.84000000,0.10163760,0
2024-09-25 15:00:00,0.00008932,0.00008948,0.00008888,0.00008912,2758.39000000,1727279999999,0.24604051,374,1475.54000000,0.13164583,0
2024-09-25 16:00:00,0.00008902,0.00009039,0.00008881,0.00008965,14463.93000000,1727283599999,1.29736722,670,9217.81000000,0.82830844,0
2024-09-25 17:00:00,0.00008964,0.00009000,0.00008914,0.00008942,13732.86000000,1727287199999,1.23216998,364,8081.82000000,0.72458532,0
2024-09-25 18:00:00,0.00008946,0.00009020,0.00008943,0.00008997,3027.17000000,1727290799999,0.27232482,208,2086.10000000,0.18783916,0
2024-09-25 19:00:00,0.00008994,0.00009024,0.00008984,0.00009012,1106.20000000,1727294399999,0.09963922,144,515.05000000,0.04640986,0
2024-09-25 20:00:00,0.00009012,0.00009051,0.00009004,0.00009020,1668.70000000,1727297999999,0.15060828,212,630.32000000,0.05686220,0
2024-09-25 21:00:00,0.00009019,0.00009068,0.00009014,0.00009033,2644.59000000,1727301599999,0.23909080,247,1796.38000000,0.16247715,0
2024-09-25 22:00:00,0.00009033,0.00009136,0.00009000,0.00009116,3187.34000000,1727305199999,0.28979253,233,1877.00000000,0.17065014,0
2024-09-25 23:00:00,0.00009112,0.00009116,0.00009013,0.00009082,2611.90000000,1727308799999,0.23657147,152,665.33000000,0.06032061,0
2024-09-26 00:00:00,0.00009078,0.00009078,0.00008975,0.00008979,1625.30000000,1727312399999,0.14651411,203,718.05000000,0.06470564,0
2024-09-26 01:00:00,0.00008972,0.00009021,0.00008969,0.00009018,1681.93000000,1727315999999,0.15131138,170,657.23000000,0.05916036,0
2024-09-26 02:00:00,0.00009033,0.00009118,0.00009022,0.00009114,1387.77000000,1727319599999,0.12581741,194,910.19000000,0.08254663,0
2024-09-26 03:00:00,0.00009117,0.00009226,0.00009087,0.00009091,3826.88000000,1727323199999,0.35039978,220,2213.34000000,0.20286910,0
2024-09-26 04:00:00,0.00009084,0.00009095,0.00009012,0.00009028,1785.09000000,1727326799999,0.16143764,150,629.37000000,0.05696945,0
2024-09-26 05:00:00,0.00009025,0.00009072,0.00009025,0.00009063,779.58000000,1727330399999,0.07063215,71,269.29000000,0.02440877,0
2024-09-26 06:00:00,0.00009068,0.00009113,0.00009063,0.00009094,3190.43000000,1727333999999,0.28980646,312,650.82000000,0.05915808,0
2024-09-26 07:00:00,0.00009097,0.00009129,0.00009069,0.00009129,1646.56000000,1727337599999,0.14978115,181,595.03000000,0.05412285,0
2024-09-26 08:00:00,0.00009129,0.00009201,0.00009101,0.00009104,215872.05000000,1727341199999,19.85684376,6985,4321.22000000,0.39532843,0
2024-09-26 09:00:00,0.00009108,0.00009140,0.00009038,0.00009069,5459.50000000,1727344799999,0.49632981,487,2168.50000000,0.19731311,0
2024-09-26 10:00:00,0.00009079,0.00009105,0.00009043,0.00009067,5513.18000000,1727348399999,0.50036437,507,2679.45000000,0.24308945,0
2024-09-26 11:00:00,0.00009067,0.00009094,0.00009040,0.00009044,1717.61000000,1727351999999,0.15563267,279,891.98000000,0.08080609,0
2024-09-26 12:00:00,0.00009049,0.00009054,0.00008920,0.00009002,8629.71000000,1727355599999,0.77451893,889,3824.81000000,0.34298007,0
2024-09-26 13:00:00,0.00009002,0.00009050,0.00008985,0.00009015,5510.93000000,1727359199999,0.49658530,530,2141.68000000,0.19301281,0
2024-09-26 14:00:00,0.00009006,0.00009010,0.00008923,0.00008973,9698.19000000,1727362799999,0.86894551,765,5148.32000000,0.46089452,0
2024-09-26 15:00:00,0.00008964,0.00008970,0.00008883,0.00008945,8534.26000000,1727366399999,0.76159678,1069,5394.52000000,0.48113996,0
2024-09-26 16:00:00,0.00008947,0.00009062,0.00008933,0.00008977,8591.85000000,1727369999999,0.77363031,860,6985.86000000,0.62912396,0
2024-09-26 17:00:00,0.00008976,0.00008998,0.00008818,0.00008872,9595.72000000,1727373599999,0.85638155,573,7142.81000000,0.63820183,0
2024-09-26 18:00:00,0.00008868,0.00008912,0.00008847,0.00008893,5386.96000000,1727377199999,0.47815142,296,3329.95000000,0.29549902,0
2024-09-26 19:00:00,0.00008890,0.00008921,0.00008861,0.00008921,1739.06000000,1727380799999,0.15476236,272,1010.06000000,0.08985510,0
2024-09-26 20:00:00,0.00008919,0.00009037,0.00008885,0.00008909,4376.38000000,1727384399999,0.39154974,333,1973.39000000,0.17693979,0
2024-09-26 21:00:00,0.00008898,0.00008927,0.00008882,0.00008915,3342.20000000,1727387999999,0.29774493,203,910.61000000,0.08115769,0
2024-09-26 22:00:00,0.00008916,0.00008916,0.00008879,0.00008895,2438.60000000,1727391599999,0.21706492,192,631.02000000,0.05615847,0
2024-09-26 23:00:00,0.00008889,0.00008899,0.00008871,0.00008889,706.23000000,1727395199999,0.06276572,108,288.21000000,0.02562777,0
2024-09-27 00:00:00,0.00008890,0.00008923,0.00008878,0.00008921,2516.33000000,1727398799999,0.22387019,136,1077.30000000,0.09579373,0
2024-09-27 01:00:00,0.00008919,0.00008936,0.00008800,0.00008840,2817.17000000,1727402399999,0.24998461,223,1201.93000000,0.10663308,0
2024-09-27 02:00:00,0.00008837,0.00008856,0.00008814,0.00008836,1182.52000000,1727405999999,0.10450871,251,373.12000000,0.03297612,0
2024-09-27 03:00:00,0.00008825,0.00008866,0.00008813,0.00008861,2159.81000000,1727409599999,0.19099902,216,1037.75000000,0.09175398,0
2024-09-27 04:00:00,0.00008862,0.00008904,0.00008859,0.00008903,1745.83000000,1727413199999,0.15492484,212,567.22000000,0.05037506,0
2024-09-27 05:00:00,0.00008893,0.00008932,0.00008875,0.00008896,2227.79000000,1727416799999,0.19845889,201,789.86000000,0.07038398,0
2024-09-27 06:00:00,0.00008897,0.00008934,0.00008893,0.00008925,2050.03000000,1727420399999,0.18277103,197,1424.32000000,0.12700660,0
2024-09-27 07:00:00,0.00008924,0.00008929,0.00008853,0.00008854,2093.36000000,1727423999999,0.18596968,424,1510.01000000,0.13413847,0
2024-09-27 08:00:00,0.00008863,0.00008991,0.00008857,0.00008969,3674.57000000,1727427599999,0.32726382,511,2139.88000000,0.19045048,0
2024-09-27 09:00:00,0.00008969,0.00009021,0.00008910,0.00008957,4610.58000000,1727431199999,0.41263907,499,2947.63000000,0.26378544,0
2024-09-27 10:00:00,0.00008957,0.00008970,0.00008887,0.00008928,4588.21000000,1727434799999,0.40945019,624,772.72000000,0.06895083,0
2024-09-27 11:00:00,0.00008924,0.00008993,0.00008914,0.00008993,2075.19000000,1727438399999,0.18604007,469,276.89000000,0.02480942,0
2024-09-27 12:00:00,0.00008999,0.00009071,0.00008966,0.00009071,4536.54000000,1727441999999,0.40869729,520,1258.48000000,0.11335263,0
2024-09-27 13:00:00,0.00009071,0.00009225,0.00009069,0.00009163,35375.38000000,1727445599999,3.23013069,4407,4204.95000000,0.38467537,0
2024-09-27 14:00:00,0.00009171,0.00009231,0.00009026,0.00009109,13683.45000000,1727449199999,1.24331777,1001,5478.21000000,0.49910361,0
2024-09-27 15:00:00,0.00009110,0.00009143,0.00009035,0.00009070,6149.77000000,1727452799999,0.55918180,616,2835.68000000,0.25775795,0
2024-09-27 16:00:00,0.00009070,0.00009246,0.00009047,0.00009193,6932.28000000,1727456399999,0.63637399,638,4787.28000000,0.43992838,0
2024-09-27 17:00:00,0.00009203,0.00009225,0.00009110,0.00009225,6661.72000000,1727459999999,0.61125073,563,1685.15000000,0.15467764,0
2024-09-27 18:00:00,0.00009226,0.00009292,0.00009213,0.00009250,6427.16000000,1727463599999,0.59573494,515,2398.21000000,0.22226211,0
2024-09-27 19:00:00,0.00009245,0.00009263,0.00009174,0.00009184,5440.81000000,1727467199999,0.50129478,370,3018.95000000,0.27820009,0
2024-09-27 20:00:00,0.00009190,0.00009214,0.00009153,0.00009154,3005.27000000,1727470799999,0.27595036,391,1541.29000000,0.14151591,0
2024-09-27 21:00:00,0.00009163,0.00009178,0.00009111,0.00009122,1631.22000000,1727474399999,0.14907719,175,367.67000000,0.03364062,0
2024-09-27 22:00:00,0.00009114,0.00009123,0.00009084,0.00009116,1121.85000000,1727477999999,0.10217250,166,305.96000000,0.02786969,0
2024-09-27 23:00:00,0.00009114,0.00009134,0.00009077,0.00009097,1158.69000000,1727481599999,0.10565775,137,181.86000000,0.01655823,0
2024-09-28 00:00:00,0.00009088,0.00009117,0.00009081,0.00009097,1654.61000000,1727485199999,0.15050728,122,809.74000000,0.07362529,0
2024-09-28 01:00:00,0.00009089,0.00009148,0.00009089,0.00009137,1271.61000000,1727488799999,0.11598420,95,243.15000000,0.02217726,0
2024-09-28 02:00:00,0.00009137,0.00009145,0.00009102,0.00009139,1107.22000000,1727492399999,0.10099369,65,438.50000000,0.03997317,0
2024-09-28 03:00:00,0.00009123,0.00009167,0.00009120,0.00009167,3069.25000000,1727495999999,0.28031331,126,1192.50000000,0.10892618,0
2024-09-28 04:00:00,0.00009147,0.00009186,0.00009116,0.00009116,1512.68000000,1727499599999,0.13858815,189,822.08000000,0.07530818,0
2024-09-28 05:00:00,0.00009120,0.00009149,0.00009040,0.00009057,3501.83000000,1727503199999,0.31802799,370,1987.84000000,0.18039466,0
2024-09-28 06:00:00,0.00009057,0.00009073,0.00008960,0.00009015,3869.98000000,1727506799999,0.34876111,390,1649.71000000,0.14852836,0
2024-09-28 07:00:00,0.00008995,0.00009047,0.00008995,0.00009020,1634.44000000,1727510399999,0.14758330,246,471.76000000,0.04259402,0
2024-09-28 08:00:00,0.00009017,0.00009025,0.00008966,0.00008995,3214.97000000,1727513999999,0.28932281,290,596.72000000,0.05368331,0
2024-09-28 09:00:00,0.00008988,0.00009035,0.00008901,0.00009035,3670.87000000,1727517599999,0.32930236,444,807.78000000,0.07268347,0
2024-09-28 10:00:00,0.00009031,0.00009040,0.00008991,0.00009015,1414.11000000,1727521199999,0.12755260,292,533.87000000,0.04814954,0
2024-09-28 11:00:00,0.00009016,0.00009040,0.00008993,0.00009035,1873.05000000,1727524799999,0.16899062,221,417.84000000,0.03770305,0
2024-09-28 12:00:00,0.00009036,0.00009040,0.00008985,0.00008996,3191.38000000,1727528399999,0.28759138,608,1062.38000000,0.09574014,0
2024-09-28 13:00:00,0.00008995,0.00008997,0.00008909,0.00008935,2744.49000000,1727531999999,0.24580808,604,1215.67000000,0.10880128,0
2024-09-28 14:00:00,0.00008933,0.00008936,0.00008871,0.00008885,5668.00000000,1727535599999,0.50377750,414,2631.36000000,0.23392480,0
2024-09-28 15:00:00,0.00008879,0.00009061,0.00008858,0.00008927,7521.08000000,1727539199999,0.67135228,626,3659.67000000,0.32677812,0
2024-09-28 16:00:00,0.00008927,0.00008954,0.00008899,0.00008907,1812.70000000,1727542799999,0.16169930,317,770.84000000,0.06876937,0
2024-09-28 17:00:00,0.00008905,0.00008931,0.00008900,0.00008924,3712.49000000,1727546399999,0.33089131,492,587.53000000,0.05239687,0
2024-09-28 18:00:00,0.00008919,0.00008949,0.00008906,0.00008931,1195.62000000,1727549999999,0.10682939,229,612.70000000,0.05476137,0
2024-09-28 19:00:00,0.00008933,0.00008977,0.00008930,0.00008953,2758.14000000,1727553599999,0.24716150,299,1351.77000000,0.12113105,0
2024-09-28 20:00:00,0.00008953,0.00008959,0.00008935,0.00008949,1271.26000000,1727557199999,0.11375564,213,784.62000000,0.07021210,0
2024-09-28 21:00:00,0.00008952,0.00008952,0.00008892,0.00008928,858.18000000,1727560799999,0.07652615,193,251.70000000,0.02245149,0
2024-09-28 22:00:00,0.00008930,0.00008965,0.00008925,0.00008962,1597.03000000,1727564399999,0.14294143,288,1073.14000000,0.09604863,0
2024-09-28 23:00:00,0.00008965,0.00008965,0.00008924,0.00008939,772.98000000,1727567999999,0.06909010,155,278.10000000,0.02485930,0
2024-09-29 00:00:00,0.00008940,0.00008948,0.00008851,0.00008863,1940.46000000,1727571599999,0.17243137,174,364.34000000,0.03240657,0
2024-09-29 01:00:00,0.00008861,0.00008875,0.00008838,0.00008850,1543.07000000,1727575199999,0.13661506,198,490.94000000,0.04348509,0
2024-09-29 02:00:00,0.00008857,0.00008899,0.00008848,0.00008878,972.90000000,1727578799999,0.08635962,141,219.49000000,0.01948763,0
2024-09-29 03:00:00,0.00008877,0.00008914,0.00008873,0.00008893,661.53000000,1727582399999,0.05887050,132,220.44000000,0.01960756,0
2024-09-29 04:00:00,0.00008883,0.00008883,0.00008837,0.00008847,6623.47000000,1727585999999,0.58675708,909,4364.47000000,0.38676229,0
2024-09-29 05:00:00,0.00008849,0.00008873,0.00008829,0.00008851,1913.25000000,1727589599999,0.16927062,251,530.62000000,0.04694556,0
2024-09-29 06:00:00,0.00008849,0.00008862,0.00008821,0.00008830,1450.27000000,1727593199999,0.12823183,313,175.92000000,0.01555897,0
2024-09-29 07:00:00,0.00008828,0.00008854,0.00008757,0.00008765,3897.11000000,1727596799999,0.34293320,775,614.41000000,0.05405150,0
2024-09-29 08:00:00,0.00008770,0.00008812,0.00008765,0.00008798,4031.31000000,1727600399999,0.35408035,729,1326.80000000,0.11642501,0
2024-09-29 09:00:00,0.00008803,0.00008850,0.00008799,0.00008845,2497.66000000,1727603999999,0.22056717,598,774.12000000,0.06836108,0
2024-09-29 10:00:00,0.00008846,0.00008880,0.00008828,0.00008866,2580.14000000,1727607599999,0.22853737,482,1101.17000000,0.09755214,0
2024-09-29 11:00:00,0.00008863,0.00008882,0.00008850,0.00008856,750.67000000,1727611199999,0.06652240,204,249.00000000,0.02208130,0
2024-09-29 12:00:00,0.00008858,0.00008862,0.00008782,0.00008797,3530.56000000,1727614799999,0.31168758,723,1479.17000000,0.13064602,0
2024-09-29 13:00:00,0.00008796,0.00008852,0.00008775,0.00008806,4280.00000000,1727618399999,0.37743203,739,1359.61000000,0.11991334,0
2024-09-29 14:00:00,0.00008812,0.00008857,0.00008805,0.00008842,2736.39000000,1727621999999,0.24169936,485,616.50000000,0.05445847,0
2024-09-29 15:00:00,0.00008844,0.00008880,0.00008832,0.00008880,1945.10000000,1727625599999,0.17216646,415,566.90000000,0.05020611,0
2024-09-29 16:00:00,0.00008885,0.00008885,0.00008843,0.00008874,1804.85000000,1727629199999,0.16007327,383,336.50000000,0.02985330,0
2024-09-29 17:00:00,0.00008882,0.00008905,0.00008869,0.00008897,1703.20000000,1727632799999,0.15141464,421,759.58000000,0.06755362,0
2024-09-29 18:00:00,0.00008902,0.00008917,0.00008876,0.00008898,2597.92000000,1727636399999,0.23108229,510,918.21000000,0.08167976,0
2024-09-29 19:00:00,0.00008897,0.00008924,0.00008889,0.00008913,1700.29000000,1727639999999,0.15145331,387,548.66000000,0.04888934,0
2024-09-29 20:00:00,0.00008923,0.00008932,0.00008889,0.00008907,1616.11000000,1727643599999,0.14400897,328,528.29000000,0.04709729,0
2024-09-29 21:00:00,0.00008907,0.00008957,0.00008901,0.00008937,1377.00000000,1727647199999,0.12309331,341,904.90000000,0.08090856,0
2024-09-29 22:00:00,0.00008931,0.00008946,0.00008893,0.00008893,1198.87000000,1727650799999,0.10691372,187,408.29000000,0.03641582,0
2024-09-29 23:00:00,0.00008894,0.00008987,0.00008810,0.00008907,24531.35000000,1727654399999,2.18308589,332,12669.86000000,1.13509115,0
2024-09-30 00:00:00,0.00008914,0.00008942,0.00008877,0.00008942,1169.05000000,1727657999999,0.10413761,196,420.99000000,0.03751334,0
2024-09-30 01:00:00,0.00008936,0.00008983,0.00008925,0.00008941,2054.35000000,1727661599999,0.18389288,271,579.50000000,0.05188376,0
2024-09-30 02:00:00,0.00008949,0.00009027,0.00008937,0.00008987,3553.01000000,1727665199999,0.31946474,367,777.31000000,0.06986471,0
2024-09-30 03:00:00,0.00008983,0.00008996,0.00008906,0.00008992,2339.12000000,1727668799999,0.20945291,315,946.30000000,0.08477164,0
2024-09-30 04:00:00,0.00008984,0.00008995,0.00008942,0.00008988,837.21000000,1727672399999,0.07509888,127,435.63000000,0.03907871,0
2024-09-30 05:00:00,0.00008981,0.00009025,0.00008981,0.00009019,1305.62000000,1727675999999,0.11761203,260,299.13000000,0.02695303,0
2024-09-30 06:00:00,0.00009016,0.00009032,0.00008991,0.00009010,2962.05000000,1727679599999,0.26705734,581,1105.14000000,0.09962824,0
2024-09-30 07:00:00,0.00009012,0.00009040,0.00009000,0.00009039,1777.44000000,1727683199999,0.16027834,345,724.52000000,0.06535373,0
2024-09-30 08:00:00,0.00009040,0.00009083,0.00009016,0.00009062,1442.55000000,1727686799999,0.13070718,281,552.77000000,0.05007297,0
2024-09-30 09:00:00,0.00009060,0.00009110,0.00009050,0.00009053,9161.73000000,1727690399999,0.83198492,842,3113.08000000,0.28301707,0
2024-09-30 10:00:00,0.00009054,0.00009083,0.00009019,0.00009071,4677.16000000,1727693999999,0.42328730,523,1710.78000000,0.15479527,0
2024-09-30 11:00:00,0.00009070,0.00009115,0.00009059,0.00009101,2895.92000000,1727697599999,0.26336825,432,1644.32000000,0.14954708,0
2024-09-30 12:00:00,0.00009098,0.00009123,0.00009086,0.00009100,2452.05000000,1727701199999,0.22329528,341,1062.09000000,0.09675726,0
2024-09-30 13:00:00,0.00009100,0.00009117,0.00009081,0.00009106,2623.03000000,1727704799999,0.23853546,435,1511.55000000,0.13744289,0
2024-09-30 14:00:00,0.00009101,0.00009129,0.00009070,0.00009115,3228.38000000,1727708399999,0.29377392,277,2258.02000000,0.20543080,0
2024-09-30 15:00:00,0.00009115,0.00009142,0.00009080,0.00009083,2379.24000000,1727711999999,0.21699133,339,1548.90000000,0.14130967,0
2024-09-30 16:00:00,0.00009080,0.00009151,0.00009080,0.00009137,2700.46000000,1727715599999,0.24643341,342,712.56000000,0.06501628,0
2024-09-30 17:00:00,0.00009139,0.00009204,0.00009113,0.00009199,4955.66000000,1727719199999,0.45420632,493,2899.83000000,0.26602389,0
2024-09-30 18:00:00,0.00009185,0.00009230,0.00009180,0.00009223,36434.85000000,1727722799999,3.35780677,7280,33518.08000000,3.08927803,0
2024-09-30 19:00:00,0.00009224,0.00009228,0.00009195,0.00009207,2525.73000000,1727726399999,0.23266069,351,1141.26000000,0.10512109,0
2024-09-30 20:00:00,0.00009214,0.00009226,0.00009132,0.00009141,1431.34000000,1727729999999,0.13147837,280,416.44000000,0.03824775,0
2024-09-30 21:00:00,0.00009141,0.00009153,0.00009125,0.00009139,668.07000000,1727733599999,0.06106563,158,282.95000000,0.02586393,0
2024-09-30 22:00:00,0.00009137,0.00009160,0.00009121,0.00009141,2561.41000000,1727737199999,0.23423647,115,348.31000000,0.03182585,0
2024-09-30 23:00:00,0.00009121,0.00009127,0.00009005,0.00009022,3644.61000000,1727740799999,0.33020758,260,820.39000000,0.07409920,0
2024-10-01 00:00:00,0.00009015,0.00009034,0.00008972,0.00009034,4062.04000000,1727744399999,0.36540668,197,1092.03000000,0.09832827,0
2024-10-01 01:00:00,0.00009029,0.00009066,0.00009027,0.00009036,1335.59000000,1727747999999,0.12088887,126,659.00000000,0.05964457,0
2024-10-01 02:00:00,0.00009045,0.00009089,0.00009019,0.00009085,2623.53000000,1727751599999,0.23783195,174,1515.50000000,0.13746679,0
2024-10-01 03:00:00,0.00009084,0.00009121,0.00009082,0.00009106,2477.71000000,1727755199999,0.22567342,250,1426.80000000,0.12997775,0
2024-10-01 04:00:00,0.00009106,0.00009119,0.00009094,0.00009108,1210.78000000,1727758799999,0.11029826,220,533.38000000,0.04858456,0
2024-10-01 05:00:00,0.00009105,0.00009124,0.00009074,0.00009083,2152.68000000,1727762399999,0.19583730,498,1373.78000000,0.12499084,0
2024-10-01 06:00:00,0.00009084,0.00009109,0.00009069,0.00009088,1678.98000000,1727765999999,0.15262198,204,1041.71000000,0.09472574,0
2024-10-01 07:00:00,0.00009084,0.00009096,0.00009073,0.00009091,1136.95000000,1727769599999,0.10329729,145,391.36000000,0.03556178,0
2024-10-01 08:00:00,0.00009079,0.00009109,0.00009058,0.00009074,1865.17000000,1727773199999,0.16952430,320,735.08000000,0.06680930,0
2024-10-01 09:00:00,0.00009078,0.00009132,0.00009069,0.00009131,1882.18000000,1727776799999,0.17127378,317,856.42000000,0.07798098,0
2024-10-01 10:00:00,0.00009133,0.00009151,0.00009112,0.00009115,3583.93000000,1727780399999,0.32721996,386,1247.45000000,0.11396114,0
2024-10-01 11:00:00,0.00009121,0.00009131,0.00009098,0.00009107,1475.32000000,1727783999999,0.13445979,225,270.60000000,0.02465832,0
2024-10-01 12:00:00,0.00009103,0.00009121,0.00009095,0.00009102,1438.43000000,1727787599999,0.13103661,267,362.91000000,0.03306096,0
2024-10-01 13:00:00,0.00009100,0.00009105,0.00009031,0.00009043,3722.93000000,1727791199999,0.33757168,622,1352.72000000,0.12273273,0
2024-10-01 14:00:00,0.00009044,0.00009056,0.00008787,0.00008820,9338.80000000,1727794799999,0.83466444,1064,2591.56000000,0.23121262,0
2024-10-01 15:00:00,0.00008814,0.00008823,0.00008578,0.00008735,35845.40000000,1727798399999,3.12155830,3265,13523.03000000,1.18282766,0
2024-10-01 16:00:00,0.00008726,0.00008800,0.00008703,0.00008730,9498.07000000,1727801999999,0.83110966,713,5084.85000000,0.44476537,0
2024-10-01 17:00:00,0.00008736,0.00008740,0.00008468,0.00008710,50030.84000000,1727805599999,4.33940744,805,38632.79000000,3.35955373,0
2024-10-01 18:00:00,0.00008702,0.00008719,0.00008638,0.00008669,2582.72000000,1727809199999,0.22418954,193,1168.75000000,0.10147089,0
2024-10-01 19:00:00,0.00008658,0.00008702,0.00008620,0.00008688,3467.69000000,1727812799999,0.30029013,225,820.25000000,0.07099271,0
2024-10-01 20:00:00,0.00008686,0.00008786,0.00008679,0.00008757,3876.37000000,1727816399999,0.33881882,235,987.45000000,0.08623214,0
2024-10-01 21:00:00,0.00008757,0.00008794,0.00008737,0.00008788,2716.66000000,1727819999999,0.23831298,186,1751.15000000,0.15370174,0
2024-10-01 22:00:00,0.00008792,0.00008828,0.00008776,0.00008824,956.12000000,1727823599999,0.08423773,111,296.58000000,0.02611294,0
2024-10-01 23:00:00,0.00008827,0.00008842,0.00008781,0.00008841,1267.54000000,1727827199999,0.11178278,103,417.13000000,0.03677205,0
2024-10-02 00:00:00,0.00008840,0.00008857,0.00008785,0.00008848,2524.95000000,1727830799999,0.22289103,129,698.83000000,0.06162250,0
2024-10-02 01:00:00,0.00008849,0.00008872,0.00008828,0.00008840,1914.31000000,1727834399999,0.16953477,121,665.04000000,0.05890623,0
2024-10-02 02:00:00,0.00008841,0.00008856,0.00008812,0.00008812,1013.73000000,1727837999999,0.08957211,139,433.92000000,0.03831654,0
2024-10-02 03:00:00,0.00008814,0.00008824,0.00008800,0.00008820,879.37000000,1727841599999,0.07751849,100,294.13000000,0.02592141,0
2024-10-02 04:00:00,0.00008821,0.00008834,0.00008788,0.00008828,761.38000000,1727845199999,0.06708166,98,328.41000000,0.02894192,0
2024-10-02 05:00:00,0.00008826,0.00008868,0.00008826,0.00008861,532.72000000,1727848799999,0.04716164,80,445.88000000,0.03948501,0
2024-10-02 06:00:00,0.00008849,0.00008919,0.00008849,0.00008919,1037.77000000,1727852399999,0.09214343,196,727.51000000,0.06460226,0
2024-10-02 07:00:00,0.00008920,0.00008928,0.00008877,0.00008885,1061.61000000,1727855999999,0.09447241,213,739.91000000,0.06585376,0
2024-10-02 08:00:00,0.00008885,0.00008898,0.00008864,0.00008883,1579.81000000,1727859599999,0.14034375,244,1020.62000000,0.09066820,0
2024-10-02 09:00:00,0.00008885,0.00008915,0.00008794,0.00008816,3445.29000000,1727863199999,0.30550813,387,1629.23000000,0.14460253,0
2024-10-02 10:00:00,0.00008814,0.00008869,0.00008814,0.00008827,2841.97000000,1727866799999,0.25140874,261,1073.96000000,0.09502358,0
2024-10-02 11:00:00,0.00008817,0.00008900,0.00008801,0.00008864,1340.54000000,1727870399999,0.11877605,151,1060.53000000,0.09396854,0
2024-10-02 12:00:00,0.00008865,0.00008875,0.00008806,0.00008827,2329.40000000,1727873999999,0.20603001,266,1239.89000000,0.10960989,0
2024-10-02 13:00:00,0.00008828,0.00008839,0.00008777,0.00008794,2201.72000000,1727877599999,0.19388471,250,1040.62000000,0.09168427,0
2024-10-02 14:00:00,0.00008795,0.00008810,0.00008763,0.00008790,2224.95000000,1727881199999,0.19539915,215,1140.90000000,0.10016083,0
2024-10-02 15:00:00,0.00008780,0.00008782,0.00008737,0.00008744,2083.57000000,1727884799999,0.18239892,209,941.62000000,0.08242254,0
2024-10-02 16:00:00,0.00008744,0.00008795,0.00008700,0.00008770,5911.48000000,1727888399999,0.51640379,229,2066.10000000,0.18057975,0
2024-10-02 17:00:00,0.00008785,0.00008883,0.00008756,0.00008877,4574.05000000,1727891999999,0.40365031,234,2261.61000000,0.19966582,0
2024-10-02 18:00:00,0.00008871,0.00008874,0.00008752,0.00008752,5498.53000000,1727895599999,0.48447954,234,3066.53000000,0.27013981,0
2024-10-02 19:00:00,0.00008761,0.00008871,0.00008670,0.00008866,4449.35000000,1727899199999,0.39076804,246,2130.29000000,0.18715397,0
2024-10-02 20:00:00,0.00008867,0.00008867,0.00008775,0.00008792,3017.31000000,1727902799999,0.26565627,172,1239.71000000,0.10911768,0
2024-10-02 21:00:00,0.00008790,0.00008805,0.00008763,0.00008778,1804.25000000,1727906399999,0.15841016,133,1125.08000000,0.09874579,0
2024-10-02 22:00:00,0.00008780,0.00008805,0.00008748,0.00008796,1653.16000000,1727909999999,0.14503783,157,625.04000000,0.05481508,0
2024-10-02 23:00:00,0.00008799,0.00008814,0.00008705,0.00008723,3295.07000000,1727913599999,0.28855893,120,1105.87000000,0.09681005,0
2024-10-03 00:00:00,0.00008726,0.00008744,0.00008592,0.00008606,12729.33000000,1727917199999,1.10265902,345,6584.68000000,0.57124415,0
2024-10-03 01:00:00,0.00008608,0.00008629,0.00008500,0.00008598,22771.02000000,1727920799999,1.94682066,239,13705.93000000,1.17030270,0
2024-10-03 02:00:00,0.00008585,0.00008601,0.00008573,0.00008595,1580.07000000,1727924399999,0.13566765,100,1056.66000000,0.09070467,0
2024-10-03 03:00:00,0.00008583,0.00008656,0.00008553,0.00008651,8600.43000000,1727927999999,0.74099265,187,6669.11000000,0.57453238,0
2024-10-03 04:00:00,0.00008652,0.00008678,0.00008623,0.00008623,1265.50000000,1727931599999,0.10949794,88,755.35000000,0.06539960,0
2024-10-03 05:00:00,0.00008623,0.00008661,0.00008623,0.00008644,1587.34000000,1727935199999,0.13715927,138,664.17000000,0.05741433,0
2024-10-03 06:00:00,0.00008642,0.00008661,0.00008630,0.00008649,25589.53000000,1727938799999,2.21447126,604,25156.99000000,2.17705289,0
2024-10-03 07:00:00,0.00008649,0.00008664,0.00008610,0.00008617,3384.30000000,1727942399999,0.29238777,190,2038.00000000,0.17609178,0
2024-10-03 08:00:00,0.00008622,0.00008645,0.00008573,0.00008607,4489.46000000,1727945999999,0.38624706,270,1586.53000000,0.13641036,0
2024-10-03 09:00:00,0.00008601,0.00008620,0.00008537,0.00008617,5156.45000000,1727949599999,0.44216198,198,3806.98000000,0.32656128,0
2024-10-03 10:00:00,0.00008616,0.00008636,0.00008606,0.00008619,1782.83000000,1727953199999,0.15367589,121,502.26000000,0.04328921,0
2024-10-03 11:00:00,0.00008620,0.00008651,0.00008571,0.00008611,1588.24000000,1727956799999,0.13683022,151,919.49000000,0.07918788,0
2024-10-03 12:00:00,0.00008625,0.00008649,0.00008589,0.00008647,3028.34000000,1727960399999,0.26096540,171,1353.13000000,0.11661695,0
2024-10-03 13:00:00,0.00008646,0.00008732,0.00008620,0.00008706,4922.46000000,1727963999999,0.42670069,233,2124.19000000,0.18423134,0
2024-10-03 14:00:00,0.00008723,0.00008740,0.00008680,0.00008693,2195.64000000,1727967599999,0.19127473,178,1323.22000000,0.11528195,0
2024-10-03 15:00:00,0.00008692,0.00008718,0.00008624,0.00008692,3532.04000000,1727971199999,0.30635542,311,2347.04000000,0.20360617,0
2024-10-03 16:00:00,0.00008695,0.00008742,0.00008655,0.00008739,2886.97000000,1727974799999,0.25117169,250,1177.85000000,0.10251059,0
2024-10-03 17:00:00,0.00008724,0.00008754,0.00008695,0.00008709,2899.83000000,1727978399999,0.25302101,189,951.85000000,0.08311122,0
2024-10-03 18:00:00,0.00008711,0.00008766,0.00008708,0.00008722,4042.29000000,1727981999999,0.35314149,226,3371.25000000,0.29455759,0
2024-10-03 19:00:00,0.00008721,0.00008759,0.00008711,0.00008717,1394.79000000,1727985599999,0.12170725,151,586.74000000,0.05119342,0
2024-10-03 20:00:00,0.00008719,0.00008727,0.00008689,0.00008708,1593.90000000,1727989199999,0.13878584,150,1195.21000000,0.10404881,0
2024-10-03 21:00:00,0.00008696,0.00008761,0.00008686,0.00008751,477.79000000,1727992799999,0.04167405,108,211.55000000,0.01845642,0
2024-10-03 22:00:00,0.00008756,0.00008757,0.00008731,0.00008736,2498.16000000,1727996399999,0.21865954,38,2376.76000000,0.20803896,0
2024-10-03 23:00:00,0.00008743,0.00008774,0.00008741,0.00008774,596.11000000,1727999999999,0.05221093,60,261.01000000,0.02286660,0
2024-10-04 00:00:00,0.00008776,0.00008811,0.00008750,0.00008775,2906.37000000,1728003599999,0.25539381,158,1616.59000000,0.14217971,0
2024-10-04 01:00:00,0.00008771,0.00008822,0.00008771,0.00008792,851.13000000,1728007199999,0.07487771,98,422.55000000,0.03718665,0
2024-10-04 02:00:00,0.00008799,0.00008836,0.00008762,0.00008769,1676.91000000,1728010799999,0.14780465,110,1084.83000000,0.09573376,0
2024-10-04 03:00:00,0.00008764,0.00008787,0.00008731,0.00008751,849.37000000,1728014399999,0.07433874,85,244.50000000,0.02137367,0
2024-10-04 04:00:00,0.00008759,0.00008788,0.00008735,0.00008735,191.13000000,1728017999999,0.01676075,43,13.10000000,0.00115008,0
2024-10-04 05:00:00,0.00008734,0.00008755,0.00008722,0.00008754,414.75000000,1728021599999,0.03621475,56,254.86000000,0.02225729,0
2024-10-04 06:00:00,0.00008754,0.00008762,0.00008707,0.00008707,691.12000000,1728025199999,0.06029899,119,514.94000000,0.04493837,0
2024-10-04 07:00:00,0.00008706,0.00008711,0.00008675,0.00008675,1345.98000000,1728028799999,0.11700308,148,593.22000000,0.05159308,0
2024-10-04 08:00:00,0.00008677,0.00008724,0.00008677,0.00008692,1029.75000000,1728032399999,0.08962300,107,571.33000000,0.04972263,0
2024-10-04 09:00:00,0.00008690,0.00008726,0.00008690,0.00008726,545.48000000,1728035999999,0.04747569,70,290.52000000,0.02528877,0
2024-10-04 10:00:00,0.00008726,0.00008749,0.00008724,0.00008740,857.02000000,1728039599999,0.07490332,97,489.27000000,0.04276424,0
2024-10-04 11:00:00,0.00008740,0.00008745,0.00008719,0.00008738,979.59000000,1728043199999,0.08559444,97,434.88000000,0.03799485,0
2024-10-04 12:00:00,0.00008744,0.00008744,0.00008691,0.00008691,2659.47000000,1728046799999,0.23166799,179,1831.31000000,0.15953002,0
2024-10-04 13:00:00,0.00008690,0.00008725,0.00008685,0.00008689,3092.86000000,1728050399999,0.26935543,219,2154.95000000,0.18774779,0
2024-10-04 14:00:00,0.00008685,0.00008745,0.00008655,0.00008720,3378.07000000,1728053999999,0.29445601,280,2248.26000000,0.19606256,0
2024-10-04 15:00:00,0.00008722,0.00008768,0.00008661,0.00008718,3888.95000000,1728057599999,0.33813401,281,2166.20000000,0.18836599,0
2024-10-04 16:00:00,0.00008720,0.00008727,0.00008656,0.00008662,2612.98000000,1728061199999,0.22731055,231,1643.32000000,0.14301623,0
2024-10-04 17:00:00,0.00008675,0.00008696,0.00008652,0.00008689,1388.90000000,1728064799999,0.12056075,180,966.11000000,0.08387184,0
2024-10-04 18:00:00,0.00008685,0.00008701,0.00008675,0.00008683,1070.43000000,1728068399999,0.09299281,138,685.27000000,0.05953436,0
2024-10-04 19:00:00,0.00008685,0.00008690,0.00008652,0.00008664,1595.22000000,1728071999999,0.13823837,150,899.36000000,0.07794337,0
2024-10-04 20:00:00,0.00008669,0.00008695,0.00008664,0.00008667,1115.58000000,1728075599999,0.09679475,108,791.67000000,0.06870430,0
2024-10-04 21:00:00,0.00008666,0.00008672,0.00008652,0.00008670,457.04000000,1728079199999,0.03958302,72,328.18000000,0.02842701,0
2024-10-04 22:00:00,0.00008668,0.00008681,0.00008661,0.00008681,636.21000000,1728082799999,0.05516818,50,191.80000000,0.01662827,0
2024-10-04 23:00:00,0.00008683,0.00008705,0.00008683,0.00008699,39915.82000000,1728086399999,3.46886028,161,37672.82000000,3.27379796,0
2024-10-05 00:00:00,0.00008707,0.00008713,0.00008660,0.00008711,192855.86000000,1728089999999,16.71836843,504,184184.95000000,15.96522281,0
2024-10-05 01:00:00,0.00008709,0.00008718,0.00008688,0.00008692,468.78000000,1728093599999,0.04079183,64,304.33000000,0.02648222,0
2024-10-05 02:00:00,0.00008692,0.00008696,0.00008673,0.00008696,742.34000000,1728097199999,0.06444525,124,480.01000000,0.04166920,0
2024-10-05 03:00:00,0.00008699,0.00008715,0.00008685,0.00008698,1184.65000000,1728100799999,0.10305135,157,654.34000000,0.05691170,0
2024-10-05 04:00:00,0.00008692,0.00008717,0.00008690,0.00008716,821.54000000,1728104399999,0.07148921,148,421.32000000,0.03667676,0
2024-10-05 05:00:00,0.00008715,0.00008725,0.00008705,0.00008710,518.54000000,1728107999999,0.04518853,123,421.91000000,0.03676728,0
2024-10-05 06:00:00,0.00008715,0.00008726,0.00008681,0.00008707,1265.66000000,1728111599999,0.11021270,169,512.51000000,0.04462783,0
2024-10-05 07:00:00,0.00008708,0.00008725,0.00008696,0.00008699,1094.13000000,1728115199999,0.09528140,232,544.42000000,0.04741216,0
2024-10-05 08:00:00,0.00008702,0.00008725,0.00008682,0.00008704,1151.62000000,1728118799999,0.10027896,185,289.22000000,0.02518847,0
2024-10-05 09:00:00,0.00008699,0.00008699,0.00008624,0.00008630,2534.31000000,1728122399999,0.21932151,336,1025.55000000,0.08874079,0
2024-10-05 10:00:00,0.00008630,0.00008652,0.00008616,0.00008626,1492.24000000,1728125999999,0.12886937,204,210.69000000,0.01818591,0
2024-10-05 11:00:00,0.00008622,0.00008658,0.00008622,0.00008631,1466.00000000,1728129599999,0.12664911,208,397.32000000,0.03431672,0
2024-10-05 12:00:00,0.00008627,0.00008634,0.00008602,0.00008606,2029.89000000,1728133199999,0.17490216,285,855.90000000,0.07376151,0
2024-10-05 13:00:00,0.00008606,0.00008606,0.00008548,0.00008549,2120.74000000,1728136799999,0.18182933,220,626.37000000,0.05372029,0
2024-10-05 14:00:00,0.00008549,0.00008580,0.00008548,0.00008573,1039.20000000,1728140399999,0.08895673,140,297.27000000,0.02545176,0
2024-10-05 15:00:00,0.00008565,0.00008580,0.00008543,0.00008577,2056.29000000,1728143999999,0.17604799,171,310.44000000,0.02655486,0
2024-10-05 16:00:00,0.00008569,0.00008586,0.00008516,0.00008516,2856.23000000,1728147599999,0.24410221,204,897.87000000,0.07680438,0
2024-10-05 17:00:00,0.00008525,0.00008544,0.00008517,0.00008529,907.91000000,1728151199999,0.07747048,120,332.71000000,0.02838540,0
2024-10-05 18:00:00,0.00008528,0.00008565,0.00008493,0.00008505,10720.96000000,1728154799999,0.91497744,323,7009.49000000,0.59878320,0
2024-10-05 19:00:00,0.00008505,0.00008506,0.00008474,0.00008474,1559.88000000,1728158399999,0.13246356,127,254.04000000,0.02157390,0
2024-10-05 20:00:00,0.00008473,0.00008479,0.00008417,0.00008425,2687.69000000,1728161999999,0.22700976,189,834.07000000,0.07041565,0
2024-10-05 21:00:00,0.00008425,0.00008467,0.00008400,0.00008450,892.18000000,1728165599999,0.07536440,109,461.13000000,0.03896232,0
2024-10-05 22:00:00,0.00008446,0.00008466,0.00008433,0.00008443,4114.44000000,1728169199999,0.34770909,182,2734.99000000,0.23118459,0
2024-10-05 23:00:00,0.00008442,0.00008443,0.00008420,0.00008432,6507.80000000,1728172799999,0.54847433,179,3101.20000000,0.26127518,0
2024-10-06 00:00:00,0.00008427,0.00008435,0.00008414,0.00008420,5727.17000000,1728176399999,0.48221783,165,1922.12000000,0.16185788,0
2024-10-06 01:00:00,0.00008420,0.00008449,0.00008420,0.00008441,589.36000000,1728179999999,0.04972394,77,299.99000000,0.02531963,0
2024-10-06 02:00:00,0.00008438,0.00008438,0.00008407,0.00008411,4243.80000000,1728183599999,0.35730381,116,120.13000000,0.01011263,0
2024-10-06 03:00:00,0.00008411,0.00008416,0.00008388,0.00008394,777.57000000,1728187199999,0.06532811,96,202.16000000,0.01698684,0
2024-10-06 04:00:00,0.00008392,0.00008419,0.00008390,0.00008404,1781.95000000,1728190799999,0.14975730,101,944.03000000,0.07937444,0
2024-10-06 05:00:00,0.00008407,0.00008409,0.00008375,0.00008400,1145.09000000,1728194399999,0.09605554,146,622.27000000,0.05220457,0
2024-10-06 06:00:00,0.00008397,0.00008420,0.00008378,0.00008382,1006.98000000,1728197999999,0.08457597,133,697.12000000,0.05857160,0
2024-10-06 07:00:00,0.00008380,0.00008389,0.00008364,0.00008384,2632.98000000,1728201599999,0.22055272,144,2051.91000000,0.17189422,0
2024-10-06 08:00:00,0.00008380,0.00008390,0.00008354,0.00008366,1623.07000000,1728205199999,0.13587155,187,1277.27000000,0.10693391,0
2024-10-06 09:00:00,0.00008368,0.00008383,0.00008358,0.00008374,965.12000000,1728208799999,0.08078101,131,395.42000000,0.03309653,0
2024-10-06 10:00:00,0.00008373,0.00008389,0.00008370,0.00008386,1330.98000000,1728212399999,0.11149803,175,529.73000000,0.04438049,0
2024-10-06 11:00:00,0.00008391,0.00008435,0.00008380,0.00008404,1187.11000000,1728215999999,0.09976909,145,479.26000000,0.04030891,0
2024-10-06 12:00:00,0.00008412,0.00008421,0.00008393,0.00008405,1226.88000000,1728219599999,0.10317200,218,491.45000000,0.04133036,0
2024-10-06 13:00:00,0.00008405,0.00008500,0.00008395,0.00008446,5003.19000000,1728223199999,0.42195982,238,3470.35000000,0.29236790,0
2024-10-06 14:00:00,0.00008456,0.00008461,0.00008395,0.00008412,4201.46000000,1728226799999,0.35391180,302,1222.31000000,0.10298985,0
2024-10-06 15:00:00,0.00008421,0.00008421,0.00008392,0.00008399,917.48000000,1728230399999,0.07711148,98,241.50000000,0.02029351,0
2024-10-06 16:00:00,0.00008400,0.00008405,0.00008348,0.00008356,1318.64000000,1728233999999,0.11045543,130,283.72000000,0.02375655,0
2024-10-06 17:00:00,0.00008348,0.00008392,0.00008347,0.00008370,1492.39000000,1728237599999,0.12500939,162,699.15000000,0.05858410,0
2024-10-06 18:00:00,0.00008373,0.00008527,0.00008368,0.00008475,11439.51000000,1728241199999,0.96577513,360,8166.64000000,0.68928769,0
2024-10-06 19:00:00,0.00008478,0.00008489,0.00008418,0.00008437,1211.76000000,1728244799999,0.10225893,140,633.04000000,0.05346722,0
2024-10-06 20:00:00,0.00008436,0.00008498,0.00008427,0.00008473,1597.44000000,1728248399999,0.13518214,148,491.78000000,0.04162437,0
2024-10-06 21:00:00,0.00008475,0.00008499,0.00008473,0.00008475,678.85000000,1728251999999,0.05759116,44,184.88000000,0.01568971,0
2024-10-06 22:00:00,0.00008479,0.00008491,0.00008463,0.00008483,509.35000000,1728255599999,0.04317827,61,264.70000000,0.02244135,0
2024-10-06 23:00:00,0.00008487,0.00008489,0.00008450,0.00008457,1245.62000000,1728259199999,0.10552544,85,351.69000000,0.02979128,0
2024-10-07 00:00:00,0.00008461,0.00008485,0.00008393,0.00008403,1557.99000000,1728262799999,0.13139757,134,323.19000000,0.02730049,0
2024-10-07 01:00:00,0.00008395,0.00008418,0.00008389,0.00008413,2899.61000000,1728266399999,0.24382350,117,2069.56000000,0.17405140,0
2024-10-07 02:00:00,0.00008412,0.00008433,0.00008404,0.00008430,712.24000000,1728269999999,0.05997602,66,285.49000000,0.02404392,0
2024-10-07 03:00:00,0.00008429,0.00008435,0.00008414,0.00008435,603.71000000,1728273599999,0.05085917,58,305.74000000,0.02576364,0
2024-10-07 04:00:00,0.00008430,0.00008435,0.00008382,0.00008392,1172.97000000,1728277199999,0.09845816,105,304.25000000,0.02553375,0
2024-10-07 05:00:00,0.00008395,0.00008417,0.00008382,0.00008411,962.00000000,1728280799999,0.08079365,94,579.09000000,0.04863092,0
2024-10-07 06:00:00,0.00008418,0.00008426,0.00008401,0.00008409,1142.50000000,1728284399999,0.09609810,99,300.44000000,0.02527413,0
2024-10-07 07:00:00,0.00008408,0.00008419,0.00008395,0.00008395,745.28000000,1728287999999,0.06263625,76,186.09000000,0.01564161,0
2024-10-07 08:00:00,0.00008389,0.00008394,0.00008326,0.00008358,5986.92000000,1728291599999,0.50024146,163,945.14000000,0.07905913,0
2024-10-07 09:00:00,0.00008362,0.00008377,0.00008310,0.00008334,2391.49000000,1728295199999,0.19932623,138,1048.32000000,0.08729931,0
2024-10-07 10:00:00,0.00008330,0.00008333,0.00008267,0.00008281,2497.50000000,1728298799999,0.20742086,173,638.41000000,0.05295840,0
2024-10-07 11:00:00,0.00008279,0.00008366,0.00008277,0.00008345,2387.67000000,1728302399999,0.19880787,156,825.88000000,0.06891859,0
2024-10-07 12:00:00,0.00008329,0.00008359,0.00008320,0.00008328,1828.39000000,1728305999999,0.15242552,144,799.06000000,0.06661856,0
2024-10-07 13:00:00,0.00008331,0.00008335,0.00008298,0.00008305,1736.71000000,1728309599999,0.14446481,156,635.53000000,0.05285581,0
2024-10-07 14:00:00,0.00008304,0.00008316,0.00008223,0.00008243,5216.34000000,1728313199999,0.43056906,314,1622.43000000,0.13404321,0
2024-10-07 15:00:00,0.00008251,0.00008297,0.00008237,0.00008283,7125.00000000,1728316799999,0.58924101,237,5257.14000000,0.43477210,0
2024-10-07 16:00:00,0.00008282,0.00008300,0.00008269,0.00008272,2479.91000000,1728320399999,0.20538029,172,670.45000000,0.05551540,0
2024-10-07 17:00:00,0.00008266,0.00008334,0.00008263,0.00008314,2019.72000000,1728323999999,0.16795253,143,1055.13000000,0.08773931,0
2024-10-07 18:00:00,0.00008320,0.00008336,0.00008292,0.00008307,2797.07000000,1728327599999,0.23245741,208,1122.41000000,0.09327589,0
2024-10-07 19:00:00,0.00008298,0.00008298,0.00008261,0.00008281,2782.69000000,1728331199999,0.23037800,188,774.85000000,0.06411305,0
2024-10-07 20:00:00,0.00008282,0.00008423,0.00008282,0.00008359,12070.56000000,1728334799999,1.00950315,308,7464.92000000,0.62417009,0
2024-10-07 21:00:00,0.00008352,0.00008361,0.00008338,0.00008338,743.69000000,1728338399999,0.06211864,79,445.26000000,0.03718593,0
2024-10-07 22:00:00,0.00008334,0.00008365,0.00008323,0.00008359,2737.41000000,1728341999999,0.22816966,93,1706.35000000,0.14218172,0
2024-10-07 23:00:00,0.00008373,0.00008374,0.00008342,0.00008352,1958.65000000,1728345599999,0.16367556,88,807.47000000,0.06746383,0
2024-10-08 00:00:00,0.00008349,0.00008390,0.00008348,0.00008385,823.70000000,1728349199999,0.06888777,64,284.71000000,0.02379596,0
2024-10-08 01:00:00,0.00008384,0.00008394,0.00008363,0.00008363,1168.19000000,1728352799999,0.09789894,79,287.35000000,0.02406823,0
2024-10-08 02:00:00,0.00008358,0.00008382,0.00008332,0.00008341,1666.57000000,1728356399999,0.13913948,114,471.59000000,0.03934782,0
2024-10-08 03:00:00,0.00008346,0.00008367,0.00008341,0.00008366,795.55000000,1728359999999,0.06648612,70,233.16000000,0.01949105,0
2024-10-08 04:00:00,0.00008368,0.00008374,0.00008347,0.00008374,903.84000000,1728363599999,0.07559083,76,505.62000000,0.04228597,0
2024-10-08 05:00:00,0.00008370,0.00008371,0.00008270,0.00008278,9709.88000000,1728367199999,0.80516494,175,8002.41000000,0.66350569,0
2024-10-08 06:00:00,0.00008277,0.00008315,0.00008260,0.00008310,1384.41000000,1728370799999,0.11484379,127,765.48000000,0.06351025,0
2024-10-08 07:00:00,0.00008309,0.00008325,0.00008278,0.00008311,1938.34000000,1728374399999,0.16094318,145,556.29000000,0.04619111,0
2024-10-08 08:00:00,0.00008310,0.00008346,0.00008289,0.00008343,2211.26000000,1728377999999,0.18420716,193,1187.55000000,0.09895432,0
2024-10-08 09:00:00,0.00008340,0.00008361,0.00008321,0.00008329,1514.84000000,1728381599999,0.12633658,130,680.78000000,0.05678847,0
2024-10-08 10:00:00,0.00008329,0.00008344,0.00008307,0.00008315,2709.12000000,1728385199999,0.22576382,263,1196.54000000,0.09970455,0
2024-10-08 11:00:00,0.00008314,0.00008367,0.00008310,0.00008342,5308.83000000,1728388799999,0.44305342,186,1094.66000000,0.09129929,0
2024-10-08 12:00:00,0.00008351,0.00008355,0.00008296,0.00008316,2082.23000000,1728392399999,0.17328301,158,464.13000000,0.03862181,0
2024-10-08 13:00:00,0.00008316,0.00008318,0.00008240,0.00008281,4261.87000000,1728395999999,0.35269966,245,1055.05000000,0.08732142,0
2024-10-08 14:00:00,0.00008272,0.00008365,0.00008258,0.00008297,12506.89000000,1728399599999,1.03901480,484,6472.23000000,0.53711589,0
2024-10-08 15:00:00,0.00008284,0.00008342,0.00008281,0.00008319,3306.78000000,1728403199999,0.27492821,224,1081.30000000,0.08988283,0
2024-10-08 16:00:00,0.00008315,0.00008349,0.00008307,0.00008333,1834.65000000,1728406799999,0.15281948,148,771.89000000,0.06431982,0
2024-10-08 17:00:00,0.00008342,0.00008348,0.00008322,0.00008330,2007.36000000,1728410399999,0.16735311,147,832.56000000,0.06940212,0
2024-10-08 18:00:00,0.00008328,0.00008368,0.00008328,0.00008367,5913.80000000,1728413999999,0.49394270,259,1444.87000000,0.12070063,0
2024-10-08 19:00:00,0.00008366,0.00008384,0.00008348,0.00008362,2201.39000000,1728417599999,0.18411379,261,996.05000000,0.08332252,0
2024-10-08 20:00:00,0.00008363,0.00008380,0.00008359,0.00008372,1792.89000000,1728421199999,0.15005342,168,357.70000000,0.02994425,0
2024-10-08 21:00:00,0.00008375,0.00008380,0.00008353,0.00008371,1004.80000000,1728424799999,0.08410295,97,411.67000000,0.03447132,0
2024-10-08 22:00:00,0.00008371,0.00008376,0.00008358,0.00008360,603.15000000,1728428399999,0.05046070,74,237.15000000,0.01984031,0
2024-10-08 23:00:00,0.00008353,0.00008368,0.00008343,0.00008368,3979.05000000,1728431999999,0.33253920,81,3222.26000000,0.26930993,0
2024-10-09 00:00:00,0.00008369,0.00008399,0.00008356,0.00008375,8578.34000000,1728435599999,0.72008150,147,6852.71000000,0.57519201,0
2024-10-09 01:00:00,0.00008378,0.00008391,0.00008368,0.00008391,696.41000000,1728439199999,0.05836638,73,136.04000000,0.01140346,0
2024-10-09 02:00:00,0.00008393,0.00008399,0.00008366,0.00008379,939.72000000,1728442799999,0.07883364,89,434.78000000,0.03648326,0
2024-10-09 03:00:00,0.00008379,0.00008383,0.00008342,0.00008343,907.54000000,1728446399999,0.07587863,141,146.04000000,0.01221236,0
2024-10-09 04:00:00,0.00008348,0.00008356,0.00008336,0.00008341,799.99000000,1728449999999,0.06677304,71,264.35000000,0.02206660,0
2024-10-09 05:00:00,0.00008341,0.00008368,0.00008335,0.00008359,924.49000000,1728453599999,0.07718979,133,171.75000000,0.01433429,0
2024-10-09 06:00:00,0.00008356,0.00008369,0.00008347,0.00008359,904.65000000,1728457199999,0.07561242,91,340.75000000,0.02848616,0
2024-10-09 07:00:00,0.00008368,0.00008369,0.00008357,0.00008361,1822.23000000,1728460799999,0.15238077,110,1351.58000000,0.11302761,0
2024-10-09 08:00:00,0.00008361,0.00008389,0.00008360,0.00008364,1326.43000000,1728464399999,0.11108824,163,536.00000000,0.04487866,0
2024-10-09 09:00:00,0.00008364,0.00008382,0.00008354,0.00008368,947.66000000,1728467999999,0.07933028,112,77.00000000,0.00644634,0
2024-10-09 10:00:00,0.00008367,0.00008379,0.00008356,0.00008375,1205.11000000,1728471599999,0.10085815,122,350.22000000,0.02930784,0
2024-10-09 11:00:00,0.00008375,0.00008432,0.00008375,0.00008388,2733.69000000,1728475199999,0.22953613,165,1767.07000000,0.14840910,0
2024-10-09 12:00:00,0.00008389,0.00008398,0.00008362,0.00008373,1984.60000000,1728478799999,0.16633843,211,585.80000000,0.04908991,0
2024-10-09 13:00:00,0.00008368,0.00008380,0.00008323,0.00008338,4149.07000000,1728482399999,0.34638917,246,874.98000000,0.07306147,0
2024-10-09 14:00:00,0.00008338,0.00008356,0.00008281,0.00008293,3832.91000000,1728485999999,0.31935336,263,863.21000000,0.07183880,0
2024-10-09 15:00:00,0.00008302,0.00008372,0.00008302,0.00008344,10912.19000000,1728489599999,0.91032065,441,4959.25000000,0.41345332,0
2024-10-09 16:00:00,0.00008343,0.00008354,0.00008308,0.00008346,2924.99000000,1728493199999,0.24376123,182,1711.42000000,0.14257432,0
2024-10-09 17:00:00,0.00008348,0.00008374,0.00008327,0.00008369,1546.09000000,1728496799999,0.12923056,140,616.61000000,0.05155181,0
2024-10-09 18:00:00,0.00008367,0.00008398,0.00008350,0.00008376,2873.48000000,1728500399999,0.24063448,194,877.80000000,0.07352417,0
2024-10-09 19:00:00,0.00008377,0.00008415,0.00008377,0.00008408,3404.54000000,1728503999999,0.28587696,206,935.38000000,0.07854157,0
2024-10-09 20:00:00,0.00008408,0.00008412,0.00008276,0.00008284,5492.95000000,1728507599999,0.45687043,311,2386.27000000,0.19830822,0
2024-10-09 21:00:00,0.00008291,0.00008334,0.00008276,0.00008319,2691.13000000,1728511199999,0.22350245,128,1747.66000000,0.14523983,0
2024-10-09 22:00:00,0.00008317,0.00008343,0.00008313,0.00008338,826.28000000,1728514799999,0.06882542,74,221.61000000,0.01844378,0
2024-10-09 23:00:00,0.00008338,0.00008374,0.00008336,0.00008355,1671.25000000,1728518399999,0.13971112,149,313.32000000,0.02618875,0
2024-10-10 00:00:00,0.00008356,0.00008380,0.00008334,0.00008345,1211.76000000,1728521999999,0.10116033,91,268.88000000,0.02246825,0
2024-10-10 01:00:00,0.00008350,0.00008382,0.00008350,0.00008360,609.04000000,1728525599999,0.05097890,93,142.76000000,0.01194488,0
2024-10-10 02:00:00,0.00008364,0.00008364,0.00008351,0.00008358,785.34000000,1728529199999,0.06563002,101,31.86000000,0.00266273,0
2024-10-10 03:00:00,0.00008359,0.00008367,0.00008354,0.00008367,751.20000000,1728532799999,0.06280375,96,110.27000000,0.00921824,0
2024-10-10 04:00:00,0.00008364,0.00008370,0.00008356,0.00008364,1015.98000000,1728536399999,0.08495887,117,78.37000000,0.00655640,0
2024-10-10 05:00:00,0.00008365,0.00008384,0.00008345,0.00008382,1007.15000000,1728539999999,0.08428421,156,242.77000000,0.02032761,0
2024-10-10 06:00:00,0.00008383,0.00008400,0.00008361,0.00008368,1310.45000000,1728543599999,0.10983423,192,494.47000000,0.04149148,0
2024-10-10 07:00:00,0.00008372,0.00008374,0.00008334,0.00008341,869.28000000,1728547199999,0.07264550,134,195.96000000,0.01637467,0
2024-10-10 08:00:00,0.00008340,0.00008344,0.00008306,0.00008307,1019.17000000,1728550799999,0.08487404,146,375.23000000,0.03126770,0
2024-10-10 09:00:00,0.00008307,0.00008313,0.00008269,0.00008284,6382.58000000,1728554399999,0.52862604,245,4365.91000000,0.36155773,0
2024-10-10 10:00:00,0.00008280,0.00008305,0.00008277,0.00008292,25543.72000000,1728557999999,2.11744255,344,22086.48000000,1.83060538,0
2024-10-10 11:00:00,0.00008294,0.00008314,0.00008287,0.00008301,3002.02000000,1728561599999,0.24920157,204,1004.36000000,0.08338464,0
2024-10-10 12:00:00,0.00008307,0.00008315,0.00008262,0.00008273,4058.55000000,1728565199999,0.33630497,195,1477.09000000,0.12241480,0
2024-10-10 13:00:00,0.00008274,0.00008300,0.00008245,0.00008246,3481.14000000,1728568799999,0.28802488,250,1803.73000000,0.14923384,0
2024-10-10 14:00:00,0.00008244,0.00008311,0.00008232,0.00008305,4518.31000000,1728572399999,0.37339655,260,1936.19000000,0.15986612,0
2024-10-10 15:00:00,0.00008305,0.00008332,0.00008297,0.00008329,3005.79000000,1728575999999,0.24983876,162,1190.58000000,0.09898290,0
2024-10-10 16:00:00,0.00008323,0.00008394,0.00008294,0.00008393,6987.75000000,1728579599999,0.58350529,476,4522.08000000,0.37794348,0
2024-10-10 17:00:00,0.00008390,0.00008430,0.00008368,0.00008425,7195.91000000,1728583199999,0.60477887,339,1775.46000000,0.14925039,0
2024-10-10 18:00:00,0.00008431,0.00008522,0.00008427,0.00008505,8680.83000000,1728586799999,0.73663306,398,3983.93000000,0.33808691,0
2024-10-10 19:00:00,0.00008505,0.00008510,0.00008473,0.00008483,3297.90000000,1728590399999,0.28007066,203,1285.21000000,0.10913023,0
2024-10-10 20:00:00,0.00008488,0.00008518,0.00008465,0.00008510,2658.37000000,1728593999999,0.22584309,192,1180.15000000,0.10030844,0
2024-10-10 21:00:00,0.00008504,0.00008510,0.00008471,0.00008493,2332.68000000,1728597599999,0.19818681,134,1216.77000000,0.10336811,0
2024-10-10 22:00:00,0.00008493,0.00008495,0.00008476,0.00008484,2037.23000000,1728601199999,0.17285169,108,910.73000000,0.07728028,0
2024-10-10 23:00:00,0.00008481,0.00008519,0.00008470,0.00008517,2222.18000000,1728604799999,0.18870762,138,801.34000000,0.06803467,0
2024-10-11 00:00:00,0.00008524,0.00008540,0.00008507,0.00008537,2335.38000000,1728608399999,0.19903777,123,1116.80000000,0.09520551,0
2024-10-11 01:00:00,0.00008540,0.00008542,0.00008493,0.00008496,2273.87000000,1728611999999,0.19392086,138,990.25000000,0.08445943,0
2024-10-11 02:00:00,0.00008491,0.00008561,0.00008488,0.00008546,2736.21000000,1728615599999,0.23347711,174,1120.35000000,0.09559822,0
2024-10-11 03:00:00,0.00008547,0.00008555,0.00008529,0.00008546,654.62000000,1728619199999,0.05594728,71,146.73000000,0.01254243,0
2024-10-11 04:00:00,0.00008548,0.00008548,0.00008492,0.00008503,769.50000000,1728622799999,0.06552324,77,183.93000000,0.01564890,0
2024-10-11 05:00:00,0.00008498,0.00008504,0.00008493,0.00008494,969.98000000,1728626399999,0.08241321,215,638.29000000,0.05422829,0
2024-10-11 06:00:00,0.00008508,0.00008525,0.00008496,0.00008516,1309.10000000,1728629999999,0.11147822,163,376.30000000,0.03203547,0
2024-10-11 07:00:00,0.00008512,0.00008525,0.00008500,0.00008500,617.53000000,1728633599999,0.05258479,78,167.75000000,0.01428440,0
2024-10-11 08:00:00,0.00008503,0.00008549,0.00008495,0.00008549,1045.15000000,1728637199999,0.08915143,174,653.96000000,0.05579472,0
2024-10-11 09:00:00,0.00008544,0.00008554,0.00008514,0.00008514,3845.84000000,1728640799999,0.32803300,418,747.20000000,0.06375010,0
2024-10-11 10:00:00,0.00008512,0.00008524,0.00008491,0.00008517,2995.72000000,1728644399999,0.25491984,188,1928.64000000,0.16409820,0
2024-10-11 11:00:00,0.00008513,0.00008550,0.00008505,0.00008534,1829.74000000,1728647999999,0.15597744,172,878.91000000,0.07491239,0
2024-10-11 12:00:00,0.00008542,0.00008542,0.00008496,0.00008503,1523.17000000,1728651599999,0.12970699,174,345.88000000,0.02946555,0
2024-10-11 13:00:00,0.00008501,0.00008501,0.00008463,0.00008471,2595.28000000,1728655199999,0.22023011,198,352.65000000,0.02989185,0
2024-10-11 14:00:00,0.00008465,0.00008500,0.00008435,0.00008457,3172.70000000,1728658799999,0.26820893,346,1180.98000000,0.09982959,0
2024-10-11 15:00:00,0.00008458,0.00008471,0.00008419,0.00008438,4481.72000000,1728662399999,0.37792054,239,3118.72000000,0.26294881,0
2024-10-11 16:00:00,0.00008430,0.00008442,0.00008404,0.00008421,2185.30000000,1728665999999,0.18403920,278,1215.45000000,0.10236755,0
2024-10-11 17:00:00,0.00008418,0.00008430,0.00008353,0.00008369,2066.16000000,1728669599999,0.17325810,246,1050.19000000,0.08802212,0
2024-10-11 18:00:00,0.00008357,0.00008366,0.00008311,0.00008312,2008.16000000,1728673199999,0.16752623,197,1328.78000000,0.11081880,0
2024-10-11 19:00:00,0.00008310,0.00008318,0.00008274,0.00008275,1836.35000000,1728676799999,0.15235051,189,980.56000000,0.08135448,0
2024-10-11 20:00:00,0.00008282,0.00008308,0.00008277,0.00008300,713.25000000,1728680399999,0.05919310,74,418.17000000,0.03469989,0
2024-10-11 21:00:00,0.00008303,0.00008355,0.00008295,0.00008349,1285.47000000,1728683999999,0.10690911,91,834.74000000,0.06942270,0
2024-10-11 22:00:00,0.00008351,0.00008378,0.00008346,0.00008369,1589.00000000,1728687599999,0.13293996,121,304.15000000,0.02544401,0
2024-10-11 23:00:00,0.00008368,0.00008373,0.00008336,0.00008336,969.12000000,1728691199999,0.08090997,61,238.34000000,0.01989625,0
2024-10-12 00:00:00,0.00008330,0.00008341,0.00008301,0.00008301,1670.68000000,1728694799999,0.13912455,83,471.58000000,0.03930750,0
2024-10-12 01:00:00,0.00008304,0.00008361,0.00008301,0.00008358,755.45000000,1728698399999,0.06292544,72,270.01000000,0.02249569,0
2024-10-12 02:00:00,0.00008350,0.00008352,0.00008326,0.00008326,550.55000000,1728701999999,0.04590591,44,196.48000000,0.01637234,0
2024-10-12 03:00:00,0.00008325,0.00008337,0.00008319,0.00008321,430.24000000,1728705599999,0.03583890,43,83.60000000,0.00696186,0
2024-10-12 04:00:00,0.00008324,0.00008352,0.00008319,0.00008352,444.31000000,1728709199999,0.03702124,56,140.80000000,0.01173110,0
2024-10-12 05:00:00,0.00008348,0.00008361,0.00008338,0.00008350,423.82000000,1728712799999,0.03538918,61,308.15000000,0.02573544,0
2024-10-12 06:00:00,0.00008353,0.00008374,0.00008351,0.00008359,864.11000000,1728716399999,0.07228497,144,270.37000000,0.02262034,0
2024-10-12 07:00:00,0.00008357,0.00008363,0.00008288,0.00008343,2433.16000000,1728719999999,0.20290073,230,819.31000000,0.06826142,0
2024-10-12 08:00:00,0.00008344,0.00008374,0.00008343,0.00008374,1473.10000000,1728723599999,0.12315156,176,583.67000000,0.04879345,0
2024-10-12 09:00:00,0.00008372,0.00008414,0.00008371,0.00008399,1742.30000000,1728727199999,0.14624409,263,837.88000000,0.07033422,0
2024-10-12 10:00:00,0.00008402,0.00008414,0.00008384,0.00008409,2479.00000000,1728730799999,0.20825996,214,1085.06000000,0.09115963,0
2024-10-12 11:00:00,0.00008409,0.00008415,0.00008373,0.00008385,2004.25000000,1728734399999,0.16824780,166,923.65000000,0.07754015,0
2024-10-12 12:00:00,0.00008387,0.00008409,0.00008366,0.00008376,2697.30000000,1728737999999,0.22622892,180,1901.26000000,0.15947069,0
2024-10-12 13:00:00,0.00008377,0.00008401,0.00008353,0.00008382,2143.31000000,1728741599999,0.17947447,337,1256.28000000,0.10519843,0
2024-10-12 14:00:00,0.00008380,0.00008390,0.00008353,0.00008365,1684.33000000,1728745199999,0.14105018,217,527.27000000,0.04414085,0
2024-10-12 15:00:00,0.00008366,0.00008385,0.00008344,0.00008362,1702.93000000,1728748799999,0.14239813,140,326.12000000,0.02727031,0
2024-10-12 16:00:00,0.00008357,0.00008396,0.00008357,0.00008364,1772.54000000,1728752399999,0.14851946,239,879.54000000,0.07368840,0
2024-10-12 17:00:00,0.00008366,0.00008372,0.00008349,0.00008369,890.16000000,1728755999999,0.07444592,109,478.65000000,0.04003563,0
2024-10-12 18:00:00,0.00008368,0.00008383,0.00008347,0.00008372,999.74000000,1728759599999,0.08361008,93,623.10000000,0.05210169,0
2024-10-12 19:00:00,0.00008370,0.00008380,0.00008359,0.00008369,756.33000000,1728763199999,0.06331013,125,211.53000000,0.01771186,0
2024-10-12 20:00:00,0.00008370,0.00008376,0.00008360,0.00008374,1357.77000000,1728766799999,0.11364680,87,329.87000000,0.02760475,0
2024-10-12 21:00:00,0.00008377,0.00008384,0.00008352,0.00008352,1173.11000000,1728770399999,0.09810194,66,532.78000000,0.04457905,0
2024-10-12 22:00:00,0.00008350,0.00008350,0.00008300,0.00008305,2331.68000000,1728773999999,0.19400189,224,723.71000000,0.06020465,0
2024-10-12 23:00:00,0.00008303,0.00008308,0.00008283,0.00008297,1058.23000000,1728777599999,0.08779161,134,520.82000000,0.04320969,0
2024-10-13 00:00:00,0.00008295,0.00008315,0.00008293,0.00008302,1771.81000000,1728781199999,0.14711782,108,513.94000000,0.04267241,0
2024-10-13 01:00:00,0.00008302,0.00008314,0.00008276,0.00008314,1759.22000000,1728784799999,0.14584099,136,443.27000000,0.03674421,0
2024-10-13 02:00:00,0.00008317,0.00008365,0.00008316,0.00008361,814.23000000,1728788399999,0.06797797,94,379.51000000,0.03168414,0
2024-10-13 03:00:00,0.00008360,0.00008370,0.00008345,0.00008354,421.93000000,1728791999999,0.03525785,65,254.43000000,0.02125294,0
2024-10-13 04:00:00,0.00008354,0.00008396,0.00008348,0.00008396,1059.29000000,1728795599999,0.08868254,126,505.82000000,0.04235195,0
2024-10-13 05:00:00,0.00008395,0.00008403,0.00008378,0.00008400,739.06000000,1728799199999,0.06201921,172,412.13000000,0.03459038,0
2024-10-13 06:00:00,0.00008402,0.00008424,0.00008396,0.00008413,1529.15000000,1728802799999,0.12859481,183,974.54000000,0.08197319,0
2024-10-13 07:00:00,0.00008418,0.00008445,0.00008418,0.00008430,1607.25000000,1728806399999,0.13556131,262,820.69000000,0.06921352,0
2024-10-13 08:00:00,0.00008437,0.00008443,0.00008388,0.00008390,1694.27000000,1728809999999,0.14251850,269,625.28000000,0.05259127,0
2024-10-13 09:00:00,0.00008393,0.00008412,0.00008391,0.00008393,11574.63000000,1728813599999,0.97237299,255,4737.79000000,0.39803199,0
2024-10-13 10:00:00,0.00008393,0.00008415,0.00008386,0.00008391,1518.91000000,1728817199999,0.12758317,192,677.15000000,0.05687838,0
2024-10-13 11:00:00,0.00008392,0.00008415,0.00008378,0.00008386,1373.43000000,1728820799999,0.11527262,112,292.98000000,0.02461157,0
2024-10-13 12:00:00,0.00008386,0.00008404,0.00008379,0.00008385,4473.94000000,1728824399999,0.37582353,663,294.89000000,0.02475350,0
2024-10-13 13:00:00,0.00008388,0.00008451,0.00008385,0.00008435,5700.96000000,1728827999999,0.48119936,235,536.09000000,0.04518361,0
2024-10-13 14:00:00,0.00008439,0.00008444,0.00008376,0.00008387,6928.92000000,1728831599999,0.58357083,194,1071.44000000,0.09017383,0
2024-10-13 15:00:00,0.00008386,0.00008403,0.00008302,0.00008302,3664.36000000,1728835199999,0.30601497,328,1776.30000000,0.14838267,0
2024-10-13 16:00:00,0.00008302,0.00008325,0.00008277,0.00008312,2918.49000000,1728838799999,0.24239420,404,1319.22000000,0.10956761,0
2024-10-13 17:00:00,0.00008308,0.00008313,0.00008213,0.00008248,4127.11000000,1728842399999,0.34004744,313,2206.55000000,0.18153424,0
2024-10-13 18:00:00,0.00008244,0.00008247,0.00008180,0.00008219,3915.58000000,1728845999999,0.32111411,288,693.96000000,0.05696251,0
2024-10-13 19:00:00,0.00008215,0.00008233,0.00008205,0.00008224,1001.61000000,1728849599999,0.08234584,138,467.04000000,0.03840078,0
2024-10-13 20:00:00,0.00008221,0.00008258,0.00008217,0.00008240,618.34000000,1728853199999,0.05093850,63,132.66000000,0.01092852,0
2024-10-13 21:00:00,0.00008236,0.00008284,0.00008232,0.00008248,1625.73000000,1728856799999,0.13424625,123,871.54000000,0.07197773,0
2024-10-13 22:00:00,0.00008248,0.00008275,0.00008248,0.00008253,1566.25000000,1728860399999,0.12937288,124,659.13000000,0.05438985,0
2024-10-13 23:00:00,0.00008256,0.00008268,0.00008234,0.00008255,10199.63000000,1728863999999,0.84252813,85,8161.99000000,0.67427362,0
2024-10-14 00:00:00,0.00008259,0.00008271,0.00008256,0.00008267,815.22000000,1728867599999,0.06736915,35,198.57000000,0.01640717,0
2024-10-14 01:00:00,0.00008264,0.00008290,0.00008263,0.00008273,743.31000000,1728871199999,0.06152548,62,150.36000000,0.01244300,0
2024-10-14 02:00:00,0.00008272,0.00008272,0.00008252,0.00008265,1330.90000000,1728874799999,0.10996842,105,721.02000000,0.05957607,0
2024-10-14 03:00:00,0.00008264,0.00008280,0.00008191,0.00008207,3022.53000000,1728878399999,0.24870205,155,1368.05000000,0.11254355,0
2024-10-14 04:00:00,0.00008214,0.00008245,0.00008192,0.00008233,4972.38000000,1728881999999,0.40912927,181,2091.83000000,0.17203419,0
2024-10-14 05:00:00,0.00008235,0.00008243,0.00008206,0.00008234,1391.79000000,1728885599999,0.11443982,96,267.43000000,0.02199454,0
2024-10-14 06:00:00,0.00008236,0.00008270,0.00008223,0.00008242,2975.59000000,1728889199999,0.24535377,141,1111.86000000,0.09158096,0
2024-10-14 07:00:00,0.00008243,0.00008243,0.00008185,0.00008185,3889.26000000,1728892799999,0.31965043,275,1952.09000000,0.16040078,0
2024-10-14 08:00:00,0.00008184,0.00008193,0.00008151,0.00008186,2656.96000000,1728896399999,0.21716349,195,1364.66000000,0.11153684,0
2024-10-14 09:00:00,0.00008184,0.00008190,0.00008154,0.00008157,5972.65000000,1728899999999,0.48750843,310,715.19000000,0.05843040,0
2024-10-14 10:00:00,0.00008160,0.00008166,0.00008128,0.00008161,4872.67000000,1728903599999,0.39716975,409,886.37000000,0.07223001,0
2024-10-14 11:00:00,0.00008163,0.00008170,0.00008136,0.00008154,1258.97000000,1728907199999,0.10264183,163,566.51000000,0.04618804,0
2024-10-14 12:00:00,0.00008151,0.00008158,0.00008120,0.00008130,2290.35000000,1728910799999,0.18637624,135,1321.50000000,0.10749543,0
2024-10-14 13:00:00,0.00008125,0.00008130,0.00008084,0.00008106,2491.11000000,1728914399999,0.20202663,178,1487.90000000,0.12073569,0
2024-10-14 14:00:00,0.00008103,0.00008103,0.00008018,0.00008038,5381.39000000,1728917999999,0.43299544,491,3050.85000000,0.24542536,0
2024-10-14 15:00:00,0.00008043,0.00008093,0.00008035,0.00008087,2132.39000000,1728921599999,0.17206941,186,1035.35000000,0.08358633,0
2024-10-14 16:00:00,0.00008083,0.00008122,0.00008065,0.00008097,8659.50000000,1728925199999,0.70173409,957,7919.85000000,0.64191198,0
2024-10-14 17:00:00,0.00008097,0.00008147,0.00008094,0.00008147,2558.18000000,1728928799999,0.20785093,163,1700.55000000,0.13817684,0
2024-10-14 18:00:00,0.00008148,0.00008160,0.00008070,0.00008090,4768.42000000,1728932399999,0.38685317,171,1238.59000000,0.10058400,0
2024-10-14 19:00:00,0.00008089,0.00008096,0.00008059,0.00008071,1405.21000000,1728935999999,0.11353500,85,822.99000000,0.06651350,0
2024-10-14 20:00:00,0.00008075,0.00008089,0.00008070,0.00008082,556.81000000,1728939599999,0.04497756,59,209.15000000,0.01689446,0
2024-10-14 21:00:00,0.00008080,0.00008094,0.00008076,0.00008092,1284.39000000,1728943199999,0.10383692,73,495.18000000,0.04002394,0
2024-10-14 22:00:00,0.00008088,0.00008088,0.00008055,0.00008055,1710.95000000,1728946799999,0.13808614,75,1051.37000000,0.08484810,0
2024-10-14 23:00:00,0.00008057,0.00008077,0.00008046,0.00008054,1038.38000000,1728950399999,0.08365630,59,475.73000000,0.03832811,0
2024-10-15 00:00:00,0.00008053,0.00008065,0.00008027,0.00008046,1337.73000000,1728953999999,0.10768432,66,686.12000000,0.05524425,0
2024-10-15 01:00:00,0.00008038,0.00008055,0.00008018,0.00008050,1068.11000000,1728957599999,0.08587630,52,324.93000000,0.02613381,0
2024-10-15 02:00:00,0.00008050,0.00008096,0.00008050,0.00008089,1339.96000000,1728961199999,0.10823238,122,514.91000000,0.04156652,0
2024-10-15 03:00:00,0.00008094,0.00008095,0.00008052,0.00008057,1564.63000000,1728964799999,0.12616810,97,974.52000000,0.07856651,0
2024-10-15 04:00:00,0.00008043,0.00008060,0.00008023,0.00008057,818.98000000,1728968399999,0.06585365,90,498.53000000,0.04009134,0
2024-10-15 05:00:00,0.00008060,0.00008062,0.00008012,0.00008013,2011.11000000,1728971999999,0.16169223,117,1249.53000000,0.10040140,0
2024-10-15 06:00:00,0.00008018,0.00008042,0.00008008,0.00008023,1814.80000000,1728975599999,0.14573508,144,1065.25000000,0.08554592,0
2024-10-15 07:00:00,0.00008024,0.00008032,0.00008004,0.00008022,1806.40000000,1728979199999,0.14482316,146,1070.22000000,0.08578506,0
2024-10-15 08:00:00,0.00008022,0.00008075,0.00008017,0.00008075,1121.38000000,1728982799999,0.09021967,127,643.72000000,0.05180060,0
2024-10-15 09:00:00,0.00008071,0.00008076,0.00008036,0.00008041,913.76000000,1728986399999,0.07354670,85,360.69000000,0.02904117,0
2024-10-15 10:00:00,0.00008038,0.00008068,0.00008007,0.00008054,2466.26000000,1728989999999,0.19824386,193,869.41000000,0.06993078,0
2024-10-15 11:00:00,0.00008052,0.00008067,0.00007867,0.00007898,6156.63000000,1728993599999,0.48976605,488,3212.67000000,0.25506628,0
2024-10-15 12:00:00,0.00007895,0.00007984,0.00007893,0.00007950,5569.60000000,1728997199999,0.44284645,276,4215.57000000,0.33524067,0
2024-10-15 13:00:00,0.00007951,0.00007956,0.00007824,0.00007833,3123.14000000,1729000799999,0.24682800,225,1376.62000000,0.10894489,0
2024-10-15 14:00:00,0.00007830,0.00007936,0.00007811,0.00007933,5418.38000000,1729004399999,0.42640895,275,3521.43000000,0.27713099,0
2024-10-15 15:00:00,0.00007930,0.00007944,0.00007867,0.00007896,5758.62000000,1729007999999,0.45547774,239,4337.63000000,0.34308254,0
2024-10-15 16:00:00,0.00007891,0.00007894,0.00007825,0.00007834,2508.76000000,1729011599999,0.19710232,284,1314.89000000,0.10331882,0
2024-10-15 17:00:00,0.00007832,0.00007857,0.00007823,0.00007846,1466.83000000,1729015199999,0.11495685,117,697.33000000,0.05465214,0
2024-10-15 18:00:00,0.00007847,0.00007847,0.00007747,0.00007790,1663.58000000,1729018799999,0.12935219,188,369.31000000,0.02867029,0
2024-10-15 19:00:00,0.00007791,0.00007813,0.00007763,0.00007766,1483.47000000,1729022399999,0.11561358,105,1019.66000000,0.07945008,0
2024-10-15 20:00:00,0.00007771,0.00007782,0.00007714,0.00007738,1332.99000000,1729025999999,0.10314959,79,906.33000000,0.07013495,0
2024-10-15 21:00:00,0.00007735,0.00007816,0.00007734,0.00007806,31272.08000000,1729029599999,2.43889102,1066,1079.73000000,0.08401885,0
2024-10-15 22:00:00,0.00007805,0.00007807,0.00007757,0.00007775,697.14000000,1729033199999,0.05421567,61,121.57000000,0.00945492,0
2024-10-15 23:00:00,0.00007773,0.00007791,0.00007766,0.00007790,1665.53000000,1729036799999,0.12954567,67,1172.03000000,0.09115977,0
2024-10-16 00:00:00,0.00007790,0.00007828,0.00007784,0.00007800,712.35000000,1729040399999,0.05560648,44,202.19000000,0.01580774,0
2024-10-16 01:00:00,0.00007793,0.00007796,0.00007756,0.00007778,1363.87000000,1729043999999,0.10610882,60,586.33000000,0.04561175,0
2024-10-16 02:00:00,0.00007767,0.00007786,0.00007767,0.00007775,536.20000000,1729047599999,0.04168864,44,248.48000000,0.01931679,0
2024-10-16 03:00:00,0.00007778,0.00007792,0.00007768,0.00007769,910.84000000,1729051199999,0.07085849,56,123.59000000,0.00961392,0
2024-10-16 04:00:00,0.00007765,0.00007765,0.00007747,0.00007761,489.49000000,1729054799999,0.03795761,60,332.88000000,0.02581301,0
2024-10-16 05:00:00,0.00007761,0.00007771,0.00007748,0.00007752,782.83000000,1729058399999,0.06080388,115,246.47000000,0.01914418,0
2024-10-16 06:00:00,0.00007759,0.00007770,0.00007742,0.00007749,541.99000000,1729061999999,0.04205309,65,284.38000000,0.02206547,0
2024-10-16 07:00:00,0.00007756,0.00007767,0.00007738,0.00007756,1262.47000000,1729065599999,0.09793097,104,326.59000000,0.02532567,0
2024-10-16 08:00:00,0.00007755,0.00007777,0.00007746,0.00007765,1994.46000000,1729069199999,0.15475096,102,521.10000000,0.04043250,0
2024-10-16 09:00:00,0.00007762,0.00007779,0.00007750,0.00007751,897.03000000,1729072799999,0.06967531,95,386.11000000,0.02999957,0
2024-10-16 10:00:00,0.00007750,0.00007752,0.00007717,0.00007737,1787.81000000,1729076399999,0.13835840,137,1037.38000000,0.08029013,0
2024-10-16 11:00:00,0.00007736,0.00007754,0.00007680,0.00007751,4805.95000000,1729079999999,0.36998406,417,2033.74000000,0.15657783,0
2024-10-16 12:00:00,0.00007756,0.00007798,0.00007753,0.00007783,2794.17000000,1729083599999,0.21731933,292,788.95000000,0.06139003,0
2024-10-16 13:00:00,0.00007788,0.00007833,0.00007788,0.00007829,5149.79000000,1729087199999,0.40218158,321,1760.39000000,0.13761624,0
2024-10-16 14:00:00,0.00007830,0.00007832,0.00007748,0.00007801,5376.96000000,1729090799999,0.41899778,385,2064.22000000,0.16081687,0
2024-10-16 15:00:00,0.00007802,0.00007815,0.00007729,0.00007745,4768.99000000,1729094399999,0.36965549,175,2466.22000000,0.19122339,0
2024-10-16 16:00:00,0.00007741,0.00007751,0.00007712,0.00007717,1879.42000000,1729097999999,0.14526669,232,801.25000000,0.06193871,0
2024-10-16 17:00:00,0.00007719,0.00007736,0.00007712,0.00007716,1528.64000000,1729101599999,0.11803719,192,1125.05000000,0.08688069,0
2024-10-16 18:00:00,0.00007715,0.00007755,0.00007712,0.00007740,960.22000000,1729105199999,0.07426375,102,465.62000000,0.03600399,0
2024-10-16 19:00:00,0.00007735,0.00007743,0.00007719,0.00007721,1030.99000000,1729108799999,0.07969244,86,381.42000000,0.02949513,0
2024-10-16 20:00:00,0.00007724,0.00007745,0.00007717,0.00007745,488.09000000,1729112399999,0.03772235,72,215.79000000,0.01666961,0
2024-10-16 21:00:00,0.00007745,0.00007760,0.00007745,0.00007749,382.93000000,1729115999999,0.02968019,53,96.68000000,0.00749639,0
2024-10-16 22:00:00,0.00007747,0.00007760,0.00007670,0.00007752,8917.69000000,1729119599999,0.68724397,106,427.63000000,0.03312340,0
2024-10-16 23:00:00,0.00007747,0.00007758,0.00007727,0.00007727,622.55000000,1729123199999,0.04820158,75,178.35000000,0.01381589,0
2024-10-17 00:00:00,0.00007726,0.00007750,0.00007723,0.00007747,1761.48000000,1729126799999,0.13640695,129,1109.04000000,0.08590414,0
2024-10-17 01:00:00,0.00007748,0.00007757,0.00007732,0.00007736,304.87000000,1729130399999,0.02361221,39,178.25000000,0.01380726,0
2024-10-17 02:00:00,0.00007735,0.00007740,0.00007732,0.00007738,707.79000000,1729133999999,0.05474597,66,419.67000000,0.03246127,0
2024-10-17 03:00:00,0.00007737,0.00007741,0.00007719,0.00007730,422.45000000,1729137599999,0.03266465,44,130.68000000,0.01010321,0
2024-10-17 04:00:00,0.00007726,0.00007736,0.00007720,0.00007735,959.50000000,1729141199999,0.07413419,75,300.32000000,0.02320502,0
2024-10-17 05:00:00,0.00007729,0.00007737,0.00007716,0.00007716,1109.42000000,1729144799999,0.08568843,85,831.20000000,0.06419881,0
2024-10-17 06:00:00,0.00007715,0.00007725,0.00007683,0.00007714,2177.37000000,1729148399999,0.16783559,251,1638.36000000,0.12633118,0
2024-10-17 07:00:00,0.00007714,0.00007720,0.00007685,0.00007702,899.42000000,1729151999999,0.06928572,128,425.80000000,0.03282596,0
2024-10-17 08:00:00,0.00007698,0.00007712,0.00007678,0.00007685,573.25000000,1729155599999,0.04413639,59,153.83000000,0.01184306,0
2024-10-17 09:00:00,0.00007677,0.00007717,0.00007673,0.00007703,1661.82000000,1729159199999,0.12799412,121,740.44000000,0.05701872,0
2024-10-17 10:00:00,0.00007705,0.00007707,0.00007652,0.00007670,3238.42000000,1729162799999,0.24850039,156,719.66000000,0.05530269,0
2024-10-17 11:00:00,0.00007671,0.00007677,0.00007644,0.00007647,1800.81000000,1729166399999,0.13801340,182,1038.67000000,0.07962620,0
2024-10-17 12:00:00,0.00007643,0.00007773,0.00007641,0.00007727,4728.00000000,1729169999999,0.36433260,206,2984.87000000,0.23017532,0
2024-10-17 13:00:00,0.00007727,0.00007777,0.00007694,0.00007756,8806.75000000,1729173599999,0.68142552,527,4230.43000000,0.32707049,0
2024-10-17 14:00:00,0.00007759,0.00007760,0.00007717,0.00007725,3086.32000000,1729177199999,0.23884241,309,1013.23000000,0.07836127,0
2024-10-17 15:00:00,0.00007726,0.00007737,0.00007700,0.00007707,1231.55000000,1729180799999,0.09512820,111,806.28000000,0.06232375,0
2024-10-17 16:00:00,0.00007704,0.00007733,0.00007695,0.00007704,2813.77000000,1729184399999,0.21688320,149,277.23000000,0.02138283,0
2024-10-17 17:00:00,0.00007701,0.00007717,0.00007681,0.00007682,1290.27000000,1729187999999,0.09928229,163,748.31000000,0.05755254,0
2024-10-17 18:00:00,0.00007680,0.00007691,0.00007653,0.00007673,3803.02000000,1729191599999,0.29184648,218,1177.38000000,0.09032826,0
2024-10-17 19:00:00,0.00007671,0.00007713,0.00007671,0.00007712,1074.65000000,1729195199999,0.08262188,125,239.02000000,0.01838420,0
2024-10-17 20:00:00,0.00007700,0.00007703,0.00007680,0.00007687,2174.68000000,1729198799999,0.16728309,87,138.10000000,0.01062847,0
2024-10-17 21:00:00,0.00007683,0.00007692,0.00007672,0.00007691,835.79000000,1729202399999,0.06421271,51,246.52000000,0.01894008,0
2024-10-17 22:00:00,0.00007690,0.00007694,0.00007671,0.00007684,490.46000000,1729205999999,0.03767479,55,145.06000000,0.01115093,0
2024-10-17 23:00:00,0.00007681,0.00007692,0.00007673,0.00007686,532.63000000,1729209599999,0.04091442,49,170.53000000,0.01310324,0
2024-10-18 00:00:00,0.00007688,0.00007711,0.00007683,0.00007700,776.79000000,1729213199999,0.05977698,88,328.55000000,0.02528383,0
2024-10-18 01:00:00,0.00007700,0.00007702,0.00007642,0.00007645,612.21000000,1729216799999,0.04703964,71,123.49000000,0.00948535,0
2024-10-18 02:00:00,0.00007654,0.00007668,0.00007636,0.00007646,569.91000000,1729220399999,0.04360365,77,171.42000000,0.01311615,0
2024-10-18 03:00:00,0.00007643,0.00007671,0.00007638,0.00007668,190.30000000,1729223999999,0.01456527,24,127.99000000,0.00979812,0
2024-10-18 04:00:00,0.00007672,0.00007672,0.00007660,0.00007660,676.79000000,1729227599999,0.05186334,161,479.32000000,0.03672817,0
2024-10-18 05:00:00,0.00007663,0.00007665,0.00007644,0.00007650,272.86000000,1729231199999,0.02087560,43,62.47000000,0.00478178,0
2024-10-18 06:00:00,0.00007650,0.00007665,0.00007635,0.00007662,1003.46000000,1729234799999,0.07676451,115,575.85000000,0.04404549,0
2024-10-18 07:00:00,0.00007658,0.00007674,0.00007652,0.00007671,1488.80000000,1729238399999,0.11407474,112,443.55000000,0.03399967,0
2024-10-18 08:00:00,0.00007677,0.00007691,0.00007672,0.00007687,890.06000000,1729241999999,0.06840678,69,462.74000000,0.03557103,0
2024-10-18 09:00:00,0.00007689,0.00007693,0.00007675,0.00007692,863.30000000,1729245599999,0.06633446,114,346.42000000,0.02661684,0
2024-10-18 10:00:00,0.00007687,0.00007687,0.00007662,0.00007679,739.82000000,1729249199999,0.05675879,84,249.58000000,0.01914847,0
2024-10-18 11:00:00,0.00007682,0.00007709,0.00007667,0.00007703,2311.70000000,1729252799999,0.17764398,138,849.40000000,0.06531737,0
2024-10-18 12:00:00,0.00007703,0.00007711,0.00007692,0.00007695,1256.52000000,1729256399999,0.09678159,108,168.48000000,0.01297208,0
2024-10-18 13:00:00,0.00007696,0.00007711,0.00007666,0.00007666,1440.40000000,1729259999999,0.11081630,129,597.04000000,0.04591179,0
2024-10-18 14:00:00,0.00007666,0.00007681,0.00007596,0.00007629,3249.41000000,1729263599999,0.24795780,160,875.82000000,0.06706135,0
2024-10-18 15:00:00,0.00007632,0.00007651,0.00007608,0.00007609,1677.53000000,1729267199999,0.12803186,81,1036.22000000,0.07912840,0
2024-10-18 16:00:00,0.00007611,0.00007661,0.00007610,0.00007626,4310.84000000,1729270799999,0.32872125,231,2775.54000000,0.21151523,0
2024-10-18 17:00:00,0.00007628,0.00007629,0.00007604,0.00007612,1312.42000000,1729274399999,0.09996655,80,510.18000000,0.03887607,0
2024-10-18 18:00:00,0.00007621,0.00007628,0.00007607,0.00007626,1035.43000000,1729277999999,0.07889880,77,535.84000000,0.04083140,0
2024-10-18 19:00:00,0.00007623,0.00007625,0.00007602,0.00007611,583.56000000,1729281599999,0.04443438,71,203.21000000,0.01547413,0
2024-10-18 20:00:00,0.00007616,0.00007645,0.00007611,0.00007641,746.09000000,1729285199999,0.05682948,43,82.16000000,0.00626710,0
2024-10-18 21:00:00,0.00007645,0.00007645,0.00007628,0.00007629,1744.94000000,1729288799999,0.13321746,81,541.81000000,0.04137270,0
2024-10-18 22:00:00,0.00007630,0.00007675,0.00007630,0.00007673,1687.44000000,1729292399999,0.12892894,51,242.55000000,0.01853389,0
2024-10-18 23:00:00,0.00007675,0.00007677,0.00007664,0.00007671,992.06000000,1729295999999,0.07609703,90,343.80000000,0.02636615,0
2024-10-19 00:00:00,0.00007672,0.00007683,0.00007666,0.00007680,883.48000000,1729299599999,0.06783284,66,206.92000000,0.01588707,0
2024-10-19 01:00:00,0.00007681,0.00007683,0.00007669,0.00007677,842.81000000,1729303199999,0.06470712,51,76.61000000,0.00587885,0
2024-10-19 02:00:00,0.00007674,0.00007707,0.00007674,0.00007706,485.78000000,1729306799999,0.03736796,61,319.99000000,0.02461763,0
2024-10-19 03:00:00,0.00007703,0.00007709,0.00007687,0.00007697,673.87000000,1729310399999,0.05188192,77,152.14000000,0.01171228,0
2024-10-19 04:00:00,0.00007700,0.00007708,0.00007688,0.00007690,699.80000000,1729313999999,0.05389501,88,398.77000000,0.03071693,0
2024-10-19 05:00:00,0.00007692,0.00007710,0.00007692,0.00007708,877.29000000,1729317599999,0.06757370,104,117.80000000,0.00907385,0
2024-10-19 06:00:00,0.00007708,0.00007721,0.00007707,0.00007714,1016.72000000,1729321199999,0.07841369,92,273.38000000,0.02108812,0
2024-10-19 07:00:00,0.00007713,0.00007720,0.00007697,0.00007701,503.33000000,1729324799999,0.03880218,74,112.15000000,0.00864414,0
2024-10-19 08:00:00,0.00007702,0.00007714,0.00007702,0.00007705,535.21000000,1729328399999,0.04124502,87,186.72000000,0.01439372,0
2024-10-19 09:00:00,0.00007709,0.00007724,0.00007670,0.00007709,3381.12000000,1729331999999,0.26030175,252,1075.18000000,0.08290296,0
2024-10-19 10:00:00,0.00007707,0.00007718,0.00007696,0.00007698,1106.86000000,1729335599999,0.08530658,132,183.79000000,0.01416132,0
2024-10-19 11:00:00,0.00007702,0.00007707,0.00007679,0.00007681,2421.35000000,1729339199999,0.18621684,221,1792.72000000,0.13788900,0
2024-10-19 12:00:00,0.00007679,0.00007765,0.00007679,0.00007684,8901.74000000,1729342799999,0.68938414,209,8051.05000000,0.62398860,0
2024-10-19 13:00:00,0.00007683,0.00007694,0.00007677,0.00007693,1049.40000000,1729346399999,0.08065017,142,472.17000000,0.03629928,0
2024-10-19 14:00:00,0.00007695,0.00007701,0.00007681,0.00007689,1095.25000000,1729349999999,0.08423437,164,572.67000000,0.04405013,0
2024-10-19 15:00:00,0.00007687,0.00007708,0.00007686,0.00007691,1716.61000000,1729353599999,0.13206950,150,858.54000000,0.06605001,0
2024-10-19 16:00:00,0.00007690,0.00007701,0.00007679,0.00007681,1812.56000000,1729357199999,0.13936204,151,690.25000000,0.05308945,0
2024-10-19 17:00:00,0.00007681,0.00007687,0.00007673,0.00007680,821.40000000,1729360799999,0.06307053,125,384.78000000,0.02954741,0
2024-10-19 18:00:00,0.00007675,0.00007727,0.00007675,0.00007697,2255.12000000,1729364399999,0.17362644,173,1643.77000000,0.12657022,0
2024-10-19 19:00:00,0.00007698,0.00007711,0.00007692,0.00007701,713.08000000,1729367999999,0.05491760,87,471.02000000,0.03627983,0
2024-10-19 20:00:00,0.00007702,0.00007713,0.00007702,0.00007710,467.09000000,1729371599999,0.03600664,62,271.73000000,0.02095286,0
2024-10-19 21:00:00,0.00007710,0.00007712,0.00007691,0.00007691,2738.71000000,1729375199999,0.21077379,133,368.79000000,0.02838710,0
2024-10-19 22:00:00,0.00007688,0.00007705,0.00007687,0.00007702,410.21000000,1729378799999,0.03157674,42,292.00000000,0.02248072,0
2024-10-19 23:00:00,0.00007704,0.00007710,0.00007700,0.00007703,617.00000000,1729382399999,0.04754183,50,246.13000000,0.01896214,0
2024-10-20 00:00:00,0.00007705,0.00007724,0.00007702,0.00007719,755.84000000,1729385999999,0.05829155,108,352.66000000,0.02720480,0
2024-10-20 01:00:00,0.00007713,0.00007735,0.00007709,0.00007728,752.45000000,1729389599999,0.05810412,76,162.01000000,0.01251558,0
2024-10-20 02:00:00,0.00007727,0.00007737,0.00007718,0.00007722,419.68000000,1729393199999,0.03244525,71,132.47000000,0.01024160,0
2024-10-20 03:00:00,0.00007719,0.00007723,0.00007707,0.00007719,686.59000000,1729396799999,0.05296210,76,324.26000000,0.02501338,0
2024-10-20 04:00:00,0.00007716,0.00007720,0.00007699,0.00007707,529.20000000,1729400399999,0.04080632,107,355.84000000,0.02744057,0
2024-10-20 05:00:00,0.00007706,0.00007741,0.00007705,0.00007734,2988.39000000,1729403999999,0.23104975,258,553.60000000,0.04279792,0
2024-10-20 06:00:00,0.00007731,0.00007763,0.00007728,0.00007751,3616.23000000,1729407599999,0.28019982,349,633.09000000,0.04904829,0
2024-10-20 07:00:00,0.00007753,0.00007775,0.00007736,0.00007740,6530.40000000,1729411199999,0.50643293,187,2881.56000000,0.22377674,0
2024-10-20 08:00:00,0.00007741,0.00007760,0.00007727,0.00007731,1977.52000000,1729414799999,0.15312190,151,1139.58000000,0.08823127,0
2024-10-20 09:00:00,0.00007732,0.00007743,0.00007716,0.00007728,1829.18000000,1729418399999,0.14143846,170,720.08000000,0.05567727,0
2024-10-20 10:00:00,0.00007727,0.00007735,0.00007700,0.00007708,1273.90000000,1729421999999,0.09839284,235,629.06000000,0.04859406,0
2024-10-20 11:00:00,0.00007706,0.00007719,0.00007701,0.00007711,115.40000000,1729425599999,0.00889813,29,45.25000000,0.00349085,0
2024-10-20 12:00:00,0.00007706,0.00007718,0.00007695,0.00007695,1451.71000000,1729429199999,0.11183047,257,891.48000000,0.06868903,0
2024-10-20 13:00:00,0.00007695,0.00007713,0.00007686,0.00007710,2730.97000000,1729432799999,0.21030600,244,1086.15000000,0.08366287,0
2024-10-20 14:00:00,0.00007707,0.00007735,0.00007698,0.00007733,2196.05000000,1729436399999,0.16933560,203,668.23000000,0.05150992,0
2024-10-20 15:00:00,0.00007733,0.00007741,0.00007707,0.00007711,1120.20000000,1729439999999,0.08654375,79,682.48000000,0.05272319,0
2024-10-20 16:00:00,0.00007714,0.00007741,0.00007714,0.00007726,641.68000000,1729443599999,0.04958913,90,217.36000000,0.01679609,0
2024-10-20 17:00:00,0.00007729,0.00007749,0.00007721,0.00007725,870.81000000,1729447199999,0.06732431,76,636.35000000,0.04920706,0
2024-10-20 18:00:00,0.00007729,0.00007743,0.00007725,0.00007743,1420.87000000,1729450799999,0.10988644,97,466.14000000,0.03605285,0
2024-10-20 19:00:00,0.00007740,0.00007743,0.00007727,0.00007743,1149.28000000,1729454399999,0.08892271,104,426.80000000,0.03302937,0
2024-10-20 20:00:00,0.00007741,0.00007750,0.00007725,0.00007732,1897.60000000,1729457999999,0.14685273,143,668.52000000,0.05173466,0
2024-10-20 21:00:00,0.00007731,0.00007757,0.00007719,0.00007725,1204.54000000,1729461599999,0.09328904,116,456.94000000,0.03538449,0
2024-10-20 22:00:00,0.00007732,0.00007735,0.00007694,0.00007726,3903.24000000,1729465199999,0.30095331,182,1469.86000000,0.11340036,0
2024-10-20 23:00:00,0.00007727,0.00007791,0.00007726,0.00007761,3564.92000000,1729468799999,0.27632980,159,2013.40000000,0.15584155,0
2024-10-21 00:00:00,0.00007762,0.00007803,0.00007736,0.00007781,3227.68000000,1729472399999,0.25114917,160,1256.40000000,0.09779288,0
2024-10-21 01:00:00,0.00007788,0.00007788,0.00007740,0.00007751,834.22000000,1729475999999,0.06477969,68,79.23000000,0.00614174,0
2024-10-21 02:00:00,0.00007757,0.00007760,0.00007744,0.00007752,356.12000000,1729479599999,0.02761045,46,141.73000000,0.01098679,0
2024-10-21 03:00:00,0.00007754,0.00007760,0.00007744,0.00007758,776.39000000,1729483199999,0.06018644,50,447.20000000,0.03467108,0
2024-10-21 04:00:00,0.00007755,0.00007760,0.00007732,0.00007752,764.71000000,1729486799999,0.05923490,61,234.89000000,0.01820020,0
2024-10-21 05:00:00,0.00007754,0.00007794,0.00007739,0.00007765,1320.16000000,1729490399999,0.10251556,119,639.40000000,0.04965570,0
2024-10-21 06:00:00,0.00007768,0.00007783,0.00007759,0.00007760,1001.80000000,1729493999999,0.07784823,95,297.32000000,0.02310273,0
2024-10-21 07:00:00,0.00007771,0.00007796,0.00007765,0.00007783,1370.12000000,1729497599999,0.10673139,123,268.49000000,0.02090716,0
2024-10-21 08:00:00,0.00007779,0.00007798,0.00007763,0.00007776,921.57000000,1729501199999,0.07169448,92,267.65000000,0.02081555,0
2024-10-21 09:00:00,0.00007777,0.00007794,0.00007751,0.00007760,2144.64000000,1729504799999,0.16663374,189,1546.89000000,0.12020064,0
2024-10-21 10:00:00,0.00007757,0.00007757,0.00007735,0.00007736,2155.38000000,1729508399999,0.16698185,128,537.50000000,0.04163497,0
2024-10-21 11:00:00,0.00007734,0.00007743,0.00007725,0.00007729,686.20000000,1729511999999,0.05306144,72,170.86000000,0.01321291,0
2024-10-21 12:00:00,0.00007729,0.00007740,0.00007711,0.00007721,461.37000000,1729515599999,0.03564239,103,252.37000000,0.01949696,0
2024-10-21 13:00:00,0.00007721,0.00007738,0.00007692,0.00007712,3485.48000000,1729519199999,0.26875109,340,1433.50000000,0.11052883,0
2024-10-21 14:00:00,0.00007709,0.00007773,0.00007709,0.00007756,2140.99000000,1729522799999,0.16565016,205,1188.11000000,0.09194693,0
2024-10-21 15:00:00,0.00007758,0.00007766,0.00007722,0.00007740,2403.30000000,1729526399999,0.18630536,182,1170.33000000,0.09079339,0
2024-10-21 16:00:00,0.00007736,0.00007744,0.00007704,0.00007719,3086.01000000,1729529999999,0.23797017,157,495.39000000,0.03826780,0
2024-10-21 17:00:00,0.00007720,0.00007742,0.00007718,0.00007728,744.95000000,1729533599999,0.05756020,87,439.59000000,0.03397006,0
2024-10-21 18:00:00,0.00007738,0.00007762,0.00007734,0.00007753,293.15000000,1729537199999,0.02271972,79,183.47000000,0.01422196,0
2024-10-21 19:00:00,0.00007745,0.00007745,0.00007708,0.00007724,637.88000000,1729540799999,0.04924765,92,457.78000000,0.03532544,0
2024-10-21 20:00:00,0.00007715,0.00007725,0.00007712,0.00007722,2477.01000000,1729544399999,0.19115314,67,671.13000000,0.05182702,0
2024-10-21 21:00:00,0.00007718,0.00007725,0.00007703,0.00007718,357.75000000,1729547999999,0.02759544,54,104.62000000,0.00807298,0
2024-10-21 22:00:00,0.00007720,0.00007729,0.00007703,0.00007703,476.12000000,1729551599999,0.03674191,55,170.81000000,0.01317680,0
2024-10-21 23:00:00,0.00007705,0.00007717,0.00007700,0.00007708,594.58000000,1729555199999,0.04584040,49,173.98000000,0.01340657,0
2024-10-22 00:00:00,0.00007708,0.00007749,0.00007708,0.00007726,1458.10000000,1729558799999,0.11278025,84,581.67000000,0.04503322,0
2024-10-22 01:00:00,0.00007732,0.00007734,0.00007714,0.00007732,445.67000000,1729562399999,0.03443220,32,11.22000000,0.00086719,0
2024-10-22 02:00:00,0.00007725,0.00007743,0.00007718,0.00007742,713.51000000,1729565999999,0.05516343,62,434.75000000,0.03361773,0
2024-10-22 03:00:00,0.00007740,0.00007758,0.00007736,0.00007757,2715.20000000,1729569599999,0.21028956,80,2200.61000000,0.17041760,0
2024-10-22 04:00:00,0.00007756,0.00007759,0.00007750,0.00007750,631.82000000,1729573199999,0.04899711,60,78.08000000,0.00605442,0
2024-10-22 05:00:00,0.00007754,0.00007763,0.00007747,0.00007759,543.84000000,1729576799999,0.04217576,75,29.22000000,0.00226727,0
2024-10-22 06:00:00,0.00007755,0.00007780,0.00007741,0.00007780,1221.42000000,1729580399999,0.09478365,180,244.87000000,0.01903054,0
2024-10-22 07:00:00,0.00007784,0.00007817,0.00007782,0.00007806,2268.47000000,1729583999999,0.17695704,189,740.66000000,0.05776646,0
2024-10-22 08:00:00,0.00007815,0.00007846,0.00007811,0.00007835,1220.05000000,1729587599999,0.09552293,158,364.09000000,0.02850003,0
2024-10-22 09:00:00,0.00007831,0.00007834,0.00007787,0.00007798,1778.52000000,1729591199999,0.13877062,154,905.15000000,0.07062789,0
2024-10-22 10:00:00,0.00007801,0.00007807,0.00007788,0.00007797,1335.12000000,1729594799999,0.10407971,109,330.63000000,0.02578098,0
2024-10-22 11:00:00,0.00007800,0.00007824,0.00007783,0.00007790,1429.87000000,1729598399999,0.11162254,159,540.60000000,0.04216232,0
2024-10-22 12:00:00,0.00007792,0.00007820,0.00007788,0.00007804,1309.43000000,1729601999999,0.10224325,156,405.23000000,0.03164440,0
2024-10-22 13:00:00,0.00007800,0.00007800,0.00007775,0.00007800,3336.09000000,1729605599999,0.25980681,237,904.58000000,0.07046747,0
2024-10-22 14:00:00,0.00007802,0.00007809,0.00007770,0.00007780,2900.53000000,1729609199999,0.22569729,283,1046.28000000,0.08141275,0
2024-10-22 15:00:00,0.00007784,0.00007794,0.00007776,0.00007790,2372.79000000,1729612799999,0.18472193,150,1322.84000000,0.10298584,0
2024-10-22 16:00:00,0.00007791,0.00007832,0.00007772,0.00007772,1061.00000000,1729616399999,0.08283042,136,278.22000000,0.02173606,0
2024-10-22 17:00:00,0.00007772,0.00007788,0.00007764,0.00007788,1289.29000000,1729619999999,0.10022007,127,535.48000000,0.04161393,0
2024-10-22 18:00:00,0.00007789,0.00007789,0.00007672,0.00007740,5615.94000000,1729623599999,0.43481912,193,410.37000000,0.03188597,0
2024-10-22 19:00:00,0.00007739,0.00007749,0.00007723,0.00007729,791.21000000,1729627199999,0.06118755,72,413.33000000,0.03196899,0
2024-10-22 20:00:00,0.00007727,0.00007749,0.00007726,0.00007737,453.79000000,1729630799999,0.03509461,83,176.15000000,0.01361890,0
2024-10-22 21:00:00,0.00007740,0.00007762,0.00007735,0.00007739,432.74000000,1729634399999,0.03352565,75,179.63000000,0.01391456,0
2024-10-22 22:00:00,0.00007741,0.00007750,0.00007732,0.00007734,587.15000000,1729637999999,0.04545705,63,197.01000000,0.01524903,0
2024-10-22 23:00:00,0.00007733,0.00007751,0.00007731,0.00007748,256.24000000,1729641599999,0.01983842,34,48.74000000,0.00377236,0
2024-10-23 00:00:00,0.00007748,0.00007761,0.00007746,0.00007746,798.06000000,1729645199999,0.06187939,63,564.32000000,0.04375835,0
2024-10-23 01:00:00,0.00007743,0.00007755,0.00007735,0.00007742,263.31000000,1729648799999,0.02039343,41,50.09000000,0.00388024,0
2024-10-23 02:00:00,0.00007739,0.00007754,0.00007734,0.00007743,709.52000000,1729652399999,0.05495505,62,476.14000000,0.03689113,0
2024-10-23 03:00:00,0.00007744,0.00007755,0.00007735,0.00007743,574.54000000,1729655999999,0.04449047,124,182.94000000,0.01416475,0
2024-10-23 04:00:00,0.00007742,0.00007752,0.00007733,0.00007741,2125.02000000,1729659599999,0.16456050,112,74.63000000,0.00577730,0
2024-10-23 05:00:00,0.00007740,0.00007764,0.00007738,0.00007764,515.01000000,1729663199999,0.03990619,65,282.23000000,0.02187479,0
2024-10-23 06:00:00,0.00007764,0.00007774,0.00007761,0.00007774,344.70000000,1729666799999,0.02677056,65,175.34000000,0.01361874,0
2024-10-23 07:00:00,0.00007771,0.00007778,0.00007740,0.00007751,861.48000000,1729670399999,0.06679246,83,255.61000000,0.01981792,0
2024-10-23 08:00:00,0.00007751,0.00007764,0.00007745,0.00007755,1603.43000000,1729673999999,0.12433439,96,1087.64000000,0.08434986,0
2024-10-23 09:00:00,0.00007755,0.00007792,0.00007748,0.00007789,944.97000000,1729677599999,0.07343685,161,159.26000000,0.01238066,0
2024-10-23 10:00:00,0.00007791,0.00007799,0.00007763,0.00007775,1025.78000000,1729681199999,0.07990093,77,350.18000000,0.02727853,0
2024-10-23 11:00:00,0.00007775,0.00007779,0.00007748,0.00007765,1308.80000000,1729684799999,0.10160735,52,840.98000000,0.06529309,0
2024-10-23 12:00:00,0.00007755,0.00007768,0.00007744,0.00007746,2684.89000000,1729688399999,0.20822409,152,788.70000000,0.06116774,0
2024-10-23 13:00:00,0.00007745,0.00007765,0.00007733,0.00007733,688.66000000,1729691999999,0.05340782,98,262.80000000,0.02037706,0
2024-10-23 14:00:00,0.00007733,0.00007751,0.00007731,0.00007737,723.62000000,1729695599999,0.05599203,102,231.59000000,0.01791759,0
2024-10-23 15:00:00,0.00007740,0.00007767,0.00007723,0.00007748,1676.65000000,1729699199999,0.12984913,166,847.32000000,0.06564111,0
2024-10-23 16:00:00,0.00007738,0.00007753,0.00007663,0.00007699,8121.82000000,1729702799999,0.62673211,403,3334.15000000,0.25783227,0
2024-10-23 17:00:00,0.00007700,0.00007761,0.00007695,0.00007702,4262.42000000,1729706399999,0.32934842,365,1805.74000000,0.13953262,0
2024-10-23 18:00:00,0.00007704,0.00007704,0.00007656,0.00007683,2898.02000000,1729709999999,0.22270044,233,1568.89000000,0.12060674,0
2024-10-23 19:00:00,0.00007680,0.00007736,0.00007657,0.00007703,6896.22000000,1729713599999,0.53031224,479,3034.44000000,0.23343357,0
2024-10-23 20:00:00,0.00007695,0.00007698,0.00007652,0.00007668,2592.29000000,1729717199999,0.19885262,166,925.74000000,0.07100543,0
2024-10-23 21:00:00,0.00007671,0.00007700,0.00007669,0.00007695,534.60000000,1729720799999,0.04108410,52,94.01000000,0.00722473,0
2024-10-23 22:00:00,0.00007695,0.00007708,0.00007692,0.00007701,2531.10000000,1729724399999,0.19497173,129,158.98000000,0.01224544,0
2024-10-23 23:00:00,0.00007696,0.00007706,0.00007692,0.00007706,1224.74000000,1729727999999,0.09429567,66,206.56000000,0.01590763,0
2024-10-24 00:00:00,0.00007709,0.00007717,0.00007671,0.00007677,581.21000000,1729731599999,0.04474884,87,225.65000000,0.01738860,0
2024-10-24 01:00:00,0.00007671,0.00007686,0.00007659,0.00007670,526.44000000,1729735199999,0.04039207,41,213.51000000,0.01637982,0
2024-10-24 02:00:00,0.00007668,0.00007686,0.00007658,0.00007686,356.12000000,1729738799999,0.02733236,31,218.13000000,0.01674582,0
2024-10-24 03:00:00,0.00007683,0.00007684,0.00007665,0.00007670,289.33000000,1729742399999,0.02221868,30,54.27000000,0.00416416,0
2024-10-24 04:00:00,0.00007664,0.00007691,0.00007664,0.00007691,1032.35000000,1729745999999,0.07923186,103,342.57000000,0.02628933,0
2024-10-24 05:00:00,0.00007686,0.00007687,0.00007665,0.00007677,570.95000000,1729749599999,0.04381578,88,253.60000000,0.01945944,0
2024-10-24 06:00:00,0.00007675,0.00007683,0.00007659,0.00007676,1131.00000000,1729753199999,0.08676661,189,570.02000000,0.04372973,0
2024-10-24 07:00:00,0.00007677,0.00007681,0.00007650,0.00007661,713.16000000,1729756799999,0.05466441,107,449.63000000,0.03446569,0
2024-10-24 08:00:00,0.00007659,0.00007674,0.00007634,0.00007634,1559.95000000,1729760399999,0.11954104,119,674.83000000,0.05169856,0
2024-10-24 09:00:00,0.00007635,0.00007661,0.00007634,0.00007657,1020.27000000,1729763999999,0.07800975,96,611.32000000,0.04674362,0
2024-10-24 10:00:00,0.00007653,0.00007680,0.00007653,0.00007676,611.64000000,1729767599999,0.04687612,71,295.70000000,0.02266568,0
2024-10-24 11:00:00,0.00007677,0.00007683,0.00007655,0.00007663,1409.37000000,1729771199999,0.10809025,118,351.85000000,0.02698817,0
2024-10-24 12:00:00,0.00007661,0.00007673,0.00007648,0.00007659,2286.96000000,1729774799999,0.17521700,241,1244.78000000,0.09539979,0
2024-10-24 13:00:00,0.00007658,0.00007666,0.00007613,0.00007619,1437.89000000,1729778399999,0.10985106,196,612.39000000,0.04677075,0
2024-10-24 14:00:00,0.00007617,0.00007637,0.00007590,0.00007594,3289.24000000,1729781999999,0.25063184,332,2100.09000000,0.16009381,0
2024-10-24 15:00:00,0.00007595,0.00007614,0.00007595,0.00007608,1000.89000000,1729785599999,0.07614993,125,826.62000000,0.06290097,0
2024-10-24 16:00:00,0.00007603,0.00007644,0.00007602,0.00007636,723.93000000,1729789199999,0.05519686,81,262.75000000,0.02005716,0
2024-10-24 17:00:00,0.00007635,0.00007639,0.00007617,0.00007630,621.57000000,1729792799999,0.04741892,68,331.41000000,0.02528349,0
2024-10-24 18:00:00,0.00007628,0.00007628,0.00007593,0.00007595,715.42000000,1729796399999,0.05442136,87,368.59000000,0.02803388,0
2024-10-24 19:00:00,0.00007600,0.00007604,0.00007559,0.00007562,1326.55000000,1729799999999,0.10047300,271,319.40000000,0.02420837,0
2024-10-24 20:00:00,0.00007563,0.00007573,0.00007549,0.00007557,1566.52000000,1729803599999,0.11839842,245,546.71000000,0.04130934,0
2024-10-24 21:00:00,0.00007556,0.00007556,0.00007503,0.00007541,1150.95000000,1729807199999,0.08672713,98,627.17000000,0.04723499,0
2024-10-24 22:00:00,0.00007530,0.00007532,0.00007502,0.00007514,2527.98000000,1729810799999,0.19020679,79,2140.15000000,0.16106985,0
2024-10-24 23:00:00,0.00007511,0.00007523,0.00007500,0.00007516,274.77000000,1729814399999,0.02062305,26,110.59000000,0.00830034,0
2024-10-25 00:00:00,0.00007511,0.00007524,0.00007511,0.00007514,325.60000000,1729817999999,0.02447241,39,75.17000000,0.00565080,0
2024-10-25 01:00:00,0.00007517,0.00007525,0.00007514,0.00007515,227.41000000,1729821599999,0.01709726,49,76.91000000,0.00578353,0
2024-10-25 02:00:00,0.00007507,0.00007514,0.00007500,0.00007502,342.40000000,1729825199999,0.02569589,59,147.70000000,0.01108592,0
2024-10-25 03:00:00,0.00007500,0.00007534,0.00007494,0.00007534,758.09000000,1729828799999,0.05686662,73,239.25000000,0.01794809,0
2024-10-25 04:00:00,0.00007535,0.00007543,0.00007482,0.00007487,1805.42000000,1729832399999,0.13533916,118,601.02000000,0.04503882,0
2024-10-25 05:00:00,0.00007490,0.00007538,0.00007481,0.00007523,2128.72000000,1729835999999,0.16008477,143,1009.66000000,0.07590172,0
2024-10-25 06:00:00,0.00007521,0.00007542,0.00007520,0.00007533,673.83000000,1729839599999,0.05073953,98,396.99000000,0.02990473,0
2024-10-25 07:00:00,0.00007531,0.00007555,0.00007527,0.00007550,2082.76000000,1729843199999,0.15714731,159,1707.40000000,0.12884343,0
2024-10-25 08:00:00,0.00007548,0.00007573,0.00007542,0.00007566,1249.83000000,1729846799999,0.09440711,184,447.56000000,0.03383297,0
2024-10-25 09:00:00,0.00007566,0.00007571,0.00007528,0.00007553,1199.45000000,1729850399999,0.09062825,114,286.64000000,0.02166521,0
2024-10-25 10:00:00,0.00007554,0.00007561,0.00007536,0.00007540,647.02000000,1729853999999,0.04883584,64,414.56000000,0.03129205,0
2024-10-25 11:00:00,0.00007538,0.00007538,0.00007411,0.00007421,5642.22000000,1729857599999,0.42139326,368,2282.32000000,0.16997430,0
2024-10-25 12:00:00,0.00007422,0.00007430,0.00007400,0.00007413,1153.47000000,1729861199999,0.08552202,148,630.89000000,0.04678333,0
2024-10-25 13:00:00,0.00007416,0.00007435,0.00007367,0.00007373,1981.72000000,1729864799999,0.14680505,269,1127.73000000,0.08355666,0
2024-10-25 14:00:00,0.00007372,0.00007385,0.00007333,0.00007360,2489.60000000,1729868399999,0.18314233,332,1624.55000000,0.11945718,0
2024-10-25 15:00:00,0.00007355,0.00007427,0.00007340,0.00007421,1712.06000000,1729871999999,0.12625256,171,1060.53000000,0.07818229,0
2024-10-25 16:00:00,0.00007419,0.00007426,0.00007390,0.00007414,1507.40000000,1729875599999,0.11159027,149,660.62000000,0.04888993,0
2024-10-25 17:00:00,0.00007419,0.00007419,0.00007339,0.00007372,3449.41000000,1729879199999,0.25449230,337,1555.03000000,0.11465416,0
2024-10-25 18:00:00,0.00007372,0.00007428,0.00007324,0.00007362,4770.48000000,1729882799999,0.35189890,327,3164.29000000,0.23344502,0
2024-10-25 19:00:00,0.00007356,0.00007390,0.00007345,0.00007389,1687.36000000,1729886399999,0.12429089,169,908.60000000,0.06693204,0
2024-10-25 20:00:00,0.00007383,0.00007405,0.00007350,0.00007350,744.16000000,1729889999999,0.05492831,105,422.88000000,0.03121950,0
2024-10-25 21:00:00,0.00007345,0.00007367,0.00007341,0.00007354,872.88000000,1729893599999,0.06419711,88,225.86000000,0.01662309,0
2024-10-25 22:00:00,0.00007355,0.00007380,0.00007347,0.00007371,803.80000000,1729897199999,0.05915610,98,325.02000000,0.02392653,0
2024-10-25 23:00:00,0.00007369,0.00007378,0.00006944,0.00007166,28617.84000000,1729900799999,2.04022984,636,11732.05000000,0.84181560,0
2024-10-26 00:00:00,0.00007159,0.00007217,0.00007118,0.00007217,4761.90000000,1729904399999,0.34118574,143,3747.26000000,0.26839089,0
2024-10-26 01:00:00,0.00007216,0.00007239,0.00007207,0.00007230,1734.19000000,1729907999999,0.12535132,100,1207.36000000,0.08727897,0
2024-10-26 02:00:00,0.00007232,0.00007260,0.00007212,0.00007244,2751.57000000,1729911599999,0.19914031,113,1907.75000000,0.13809696,0
2024-10-26 03:00:00,0.00007253,0.00007286,0.00007253,0.00007284,963.12000000,1729915199999,0.06999659,86,666.54000000,0.04844274,0
2024-10-26 04:00:00,0.00007279,0.00007306,0.00007276,0.00007306,1650.51000000,1729918799999,0.12032232,116,968.81000000,0.07061907,0
2024-10-26 05:00:00,0.00007308,0.00007350,0.00007294,0.00007346,2115.60000000,1729922399999,0.15500233,207,952.48000000,0.06978090,0
2024-10-26 06:00:00,0.00007347,0.00007403,0.00007347,0.00007400,3025.74000000,1729925999999,0.22285989,275,2127.33000000,0.15656938,0
2024-10-26 07:00:00,0.00007400,0.00007427,0.00007379,0.00007416,888.55000000,1729929599999,0.06583390,95,435.64000000,0.03226489,0
2024-10-26 08:00:00,0.00007422,0.00007454,0.00007406,0.00007409,2083.34000000,1729933199999,0.15483438,201,541.45000000,0.04025044,0
2024-10-26 09:00:00,0.00007411,0.00007426,0.00007388,0.00007416,1109.39000000,1729936799999,0.08220268,99,464.25000000,0.03439132,0
2024-10-26 10:00:00,0.00007413,0.00007425,0.00007380,0.00007384,571.43000000,1729940399999,0.04227962,71,341.23000000,0.02523875,0
2024-10-26 11:00:00,0.00007385,0.00007385,0.00007341,0.00007352,1000.23000000,1729943999999,0.07363671,97,757.73000000,0.05578889,0
2024-10-26 12:00:00,0.00007353,0.00007354,0.00007339,0.00007350,582.91000000,1729947599999,0.04283134,77,447.17000000,0.03285866,0
2024-10-26 13:00:00,0.00007351,0.00007355,0.00007316,0.00007316,1835.54000000,1729951199999,0.13465306,221,1383.85000000,0.10154218,0
2024-10-26 14:00:00,0.00007316,0.00007324,0.00007253,0.00007253,5025.20000000,1729954799999,0.36582415,688,802.32000000,0.05846407,0
2024-10-26 15:00:00,0.00007252,0.00007296,0.00007250,0.00007289,1077.90000000,1729958399999,0.07844758,141,857.59000000,0.06242619,0
2024-10-26 16:00:00,0.00007286,0.00007343,0.00007284,0.00007323,1932.77000000,1729961999999,0.14134180,192,1000.75000000,0.07315808,0
2024-10-26 17:00:00,0.00007319,0.00007336,0.00007316,0.00007325,953.52000000,1729965599999,0.06984589,170,747.49000000,0.05475718,0
2024-10-26 18:00:00,0.00007328,0.00007353,0.00007327,0.00007331,1164.48000000,1729969199999,0.08545102,152,949.30000000,0.06965453,0
2024-10-26 19:00:00,0.00007333,0.00007351,0.00007331,0.00007343,883.59000000,1729972799999,0.06485448,94,685.62000000,0.05032656,0
2024-10-26 20:00:00,0.00007342,0.00007346,0.00007326,0.00007330,1328.90000000,1729976399999,0.09752986,192,783.28000000,0.05748151,0
2024-10-26 21:00:00,0.00007331,0.00007337,0.00007307,0.00007330,1275.41000000,1729979999999,0.09334633,168,1091.21000000,0.07986694,0
2024-10-26 22:00:00,0.00007328,0.00007340,0.00007327,0.00007336,633.77000000,1729983599999,0.04647450,97,547.24000000,0.04013064,0
2024-10-26 23:00:00,0.00007334,0.00007347,0.00007330,0.00007337,348.03000000,1729987199999,0.02553242,73,285.24000000,0.02092836,0
2024-10-27 00:00:00,0.00007339,0.00007355,0.00007332,0.00007332,543.98000000,1729990799999,0.03996234,56,365.49000000,0.02684768,0
2024-10-27 01:00:00,0.00007335,0.00007338,0.00007328,0.00007338,161.75000000,1729994399999,0.01186291,30,87.13000000,0.00638950,0
2024-10-27 02:00:00,0.00007336,0.00007340,0.00007323,0.00007330,362.95000000,1729997999999,0.02660308,69,325.88000000,0.02388594,0
2024-10-27 03:00:00,0.00007327,0.00007357,0.00007326,0.00007350,377.92000000,1730001599999,0.02774244,58,351.76000000,0.02582074,0
2024-10-27 04:00:00,0.00007350,0.00007353,0.00007331,0.00007331,422.75000000,1730005199999,0.03104113,71,223.88000000,0.01643581,0
2024-10-27 05:00:00,0.00007331,0.00007359,0.00007330,0.00007356,569.74000000,1730008799999,0.04184817,76,268.25000000,0.01970317,0
2024-10-27 06:00:00,0.00007354,0.00007364,0.00007350,0.00007362,940.69000000,1730012399999,0.06920544,97,561.00000000,0.04127128,0
2024-10-27 07:00:00,0.00007362,0.00007390,0.00007348,0.00007390,2106.67000000,1730015999999,0.15520414,143,1774.45000000,0.13071587,0
2024-10-27 08:00:00,0.00007388,0.00007388,0.00007373,0.00007379,2970.15000000,1730019599999,0.21914700,144,2819.58000000,0.20803850,0
2024-10-27 09:00:00,0.00007376,0.00007376,0.00007351,0.00007367,1406.01000000,1730023199999,0.10350416,157,422.30000000,0.03109270,0
2024-10-27 10:00:00,0.00007372,0.00007381,0.00007347,0.00007352,1113.45000000,1730026799999,0.08197781,172,555.83000000,0.04092266,0
2024-10-27 11:00:00,0.00007349,0.00007373,0.00007336,0.00007337,632.36000000,1730030399999,0.04650345,77,199.26000000,0.01464932,0
2024-10-27 12:00:00,0.00007337,0.00007338,0.00007298,0.00007299,3044.51000000,1730033999999,0.22269474,352,1084.45000000,0.07927221,0
2024-10-27 13:00:00,0.00007299,0.00007299,0.00007259,0.00007269,2307.14000000,1730037599999,0.16791140,240,1347.61000000,0.09808797,0
2024-10-27 14:00:00,0.00007269,0.00007308,0.00007267,0.00007287,634.80000000,1730041199999,0.04626103,82,338.63000000,0.02468424,0
2024-10-27 15:00:00,0.00007289,0.00007301,0.00007286,0.00007292,633.61000000,1730044799999,0.04620146,105,375.32000000,0.02736779,0
2024-10-27 16:00:00,0.00007291,0.00007315,0.00007285,0.00007289,1302.04000000,1730048399999,0.09506301,181,929.28000000,0.06784498,0
2024-10-27 17:00:00,0.00007289,0.00007311,0.00007285,0.00007296,1565.32000000,1730051999999,0.11419683,257,716.62000000,0.05227412,0
2024-10-27 18:00:00,0.00007295,0.00007297,0.00007275,0.00007286,1374.41000000,1730055599999,0.10007874,152,921.41000000,0.06709889,0
2024-10-27 19:00:00,0.00007284,0.00007292,0.00007270,0.00007270,1099.08000000,1730059199999,0.07998401,151,824.90000000,0.06003367,0
2024-10-27 20:00:00,0.00007272,0.00007286,0.00007264,0.00007276,976.76000000,1730062799999,0.07104123,122,508.96000000,0.03702394,0
2024-10-27 21:00:00,0.00007276,0.00007300,0.00007266,0.00007297,1139.18000000,1730066399999,0.08296702,121,625.27000000,0.04554504,0
2024-10-27 22:00:00,0.00007298,0.00007301,0.00007256,0.00007266,1242.82000000,1730069999999,0.09044553,124,598.21000000,0.04355282,0
2024-10-27 23:00:00,0.00007264,0.00007343,0.00007256,0.00007343,1118.18000000,1730073599999,0.08156473,136,660.61000000,0.04816686,0
2024-10-28 00:00:00,0.00007342,0.00007363,0.00007307,0.00007340,1498.68000000,1730077199999,0.11002880,92,772.29000000,0.05667719,0
2024-10-28 01:00:00,0.00007341,0.00007341,0.00007313,0.00007316,431.56000000,1730080799999,0.03162232,40,229.64000000,0.01682116,0
2024-10-28 02:00:00,0.00007318,0.00007346,0.00007318,0.00007332,576.76000000,1730084399999,0.04230368,79,417.21000000,0.03060009,0
2024-10-28 03:00:00,0.00007328,0.00007335,0.00007311,0.00007317,1328.08000000,1730087999999,0.09720611,92,372.82000000,0.02729693,0
2024-10-28 04:00:00,0.00007313,0.00007325,0.00007295,0.00007319,2510.19000000,1730091599999,0.18355947,113,451.27000000,0.03298297,0
2024-10-28 05:00:00,0.00007317,0.00007317,0.00007288,0.00007311,760.39000000,1730095199999,0.05553059,76,400.81000000,0.02926371,0
2024-10-28 06:00:00,0.00007302,0.00007319,0.00007298,0.00007312,523.70000000,1730098799999,0.03827911,56,274.61000000,0.02007675,0
2024-10-28 07:00:00,0.00007305,0.00007307,0.00007261,0.00007286,1386.76000000,1730102399999,0.10096315,223,781.56000000,0.05688909,0
2024-10-28 08:00:00,0.00007283,0.00007354,0.00007281,0.00007287,910.23000000,1730105999999,0.06652347,188,492.54000000,0.03599780,0
2024-10-28 09:00:00,0.00007284,0.00007300,0.00007282,0.00007299,701.57000000,1730109599999,0.05114535,92,214.80000000,0.01566246,0
2024-10-28 10:00:00,0.00007299,0.00007305,0.00007267,0.00007276,1124.11000000,1730113199999,0.08195362,98,711.01000000,0.05185193,0
2024-10-28 11:00:00,0.00007276,0.00007278,0.00007250,0.00007254,724.58000000,1730116799999,0.05264311,103,462.10000000,0.03357521,0
2024-10-28 12:00:00,0.00007253,0.00007253,0.00007227,0.00007238,1742.65000000,1730120399999,0.12611342,254,668.48000000,0.04836617,0
2024-10-28 13:00:00,0.00007238,0.00007239,0.00007204,0.00007222,2156.15000000,1730123999999,0.15565453,248,1308.04000000,0.09442340,0
2024-10-28 14:00:00,0.00007225,0.00007232,0.00007190,0.00007221,1710.70000000,1730127599999,0.12338330,196,789.83000000,0.05697863,0
2024-10-28 15:00:00,0.00007222,0.00007324,0.00007219,0.00007286,8356.55000000,1730131199999,0.60872087,561,7119.80000000,0.51863047,0
2024-10-28 16:00:00,0.00007283,0.00007308,0.00007257,0.00007264,2321.29000000,1730134799999,0.16911149,228,632.52000000,0.04609466,0
2024-10-28 17:00:00,0.00007253,0.00007253,0.00007143,0.00007186,3573.19000000,1730138399999,0.25752632,359,2289.23000000,0.16499916,0
2024-10-28 18:00:00,0.00007182,0.00007207,0.00007181,0.00007192,1089.81000000,1730141999999,0.07841067,108,561.57000000,0.04040946,0
2024-10-28 19:00:00,0.00007191,0.00007202,0.00007163,0.00007175,5882.42000000,1730145599999,0.42233794,330,1489.79000000,0.10693114,0
2024-10-28 20:00:00,0.00007182,0.00007207,0.00007177,0.00007201,1084.39000000,1730149199999,0.07801776,124,572.44000000,0.04119868,0
2024-10-28 21:00:00,0.00007195,0.00007218,0.00007155,0.00007212,5626.92000000,1730152799999,0.40423344,107,365.87000000,0.02636118,0
2024-10-28 22:00:00,0.00007216,0.00007217,0.00007179,0.00007180,1172.74000000,1730156399999,0.08433485,98,510.92000000,0.03673554,0
2024-10-28 23:00:00,0.00007176,0.00007187,0.00007168,0.00007175,2883.73000000,1730159999999,0.20692729,79,1909.98000000,0.13705078,0
2024-10-29 00:00:00,0.00007168,0.00007228,0.00007168,0.00007215,2081.51000000,1730163599999,0.15016394,78,834.67000000,0.06018024,0
2024-10-29 01:00:00,0.00007209,0.00007221,0.00007160,0.00007167,2241.99000000,1730167199999,0.16159348,119,360.82000000,0.02595704,0
2024-10-29 02:00:00,0.00007161,0.00007163,0.00007077,0.00007097,2493.56000000,1730170799999,0.17721195,147,1202.40000000,0.08543668,0
2024-10-29 03:00:00,0.00007102,0.00007122,0.00007090,0.00007119,4910.85000000,1730174399999,0.34909785,73,771.80000000,0.05483157,0
2024-10-29 04:00:00,0.00007117,0.00007122,0.00007095,0.00007112,1470.85000000,1730177999999,0.10454542,92,734.42000000,0.05223177,0
2024-10-29 05:00:00,0.00007107,0.00007109,0.00007075,0.00007075,1425.07000000,1730181599999,0.10100640,126,1024.45000000,0.07260584,0
2024-10-29 06:00:00,0.00007078,0.00007089,0.00007056,0.00007057,966.75000000,1730185199999,0.06836424,100,805.89000000,0.05699527,0
2024-10-29 07:00:00,0.00007056,0.00007094,0.00007056,0.00007062,1673.69000000,1730188799999,0.11839456,115,981.92000000,0.06947541,0
2024-10-29 08:00:00,0.00007057,0.00007082,0.00007049,0.00007051,3332.32000000,1730192399999,0.23528139,90,474.49000000,0.03352935,0
2024-10-29 09:00:00,0.00007047,0.00007073,0.00007032,0.00007051,1632.27000000,1730195999999,0.11509788,111,1046.52000000,0.07386161,0
2024-10-29 10:00:00,0.00007051,0.00007053,0.00007032,0.00007034,1122.20000000,1730199599999,0.07902196,150,777.67000000,0.05476797,0
2024-10-29 11:00:00,0.00007033,0.00007035,0.00007000,0.00007005,3274.25000000,1730203199999,0.22965840,232,1785.09000000,0.12519329,0
2024-10-29 12:00:00,0.00007005,0.00007067,0.00006996,0.00007047,2731.35000000,1730206799999,0.19207116,246,2011.25000000,0.14145669,0
2024-10-29 13:00:00,0.00007046,0.00007140,0.00007037,0.00007037,7851.68000000,1730210399999,0.55684193,384,6944.89000000,0.49255136,0
2024-10-29 14:00:00,0.00007039,0.00007067,0.00006986,0.00007000,4440.54000000,1730213999999,0.31207834,227,2952.93000000,0.20755808,0
2024-10-29 15:00:00,0.00007001,0.00007014,0.00006950,0.00006963,3709.43000000,1730217599999,0.25897392,203,1814.11000000,0.12672273,0
2024-10-29 16:00:00,0.00006965,0.00007074,0.00006963,0.00007032,4170.67000000,1730221199999,0.29246732,293,2067.49000000,0.14485364,0
2024-10-29 17:00:00,0.00007028,0.00007042,0.00006987,0.00006994,2499.22000000,1730224799999,0.17525532,186,1641.77000000,0.11510300,0
2024-10-29 18:00:00,0.00006992,0.00007018,0.00006990,0.00006990,6306.98000000,1730228399999,0.44154096,139,938.25000000,0.06570154,0
2024-10-29 19:00:00,0.00006990,0.00006990,0.00006934,0.00006974,3882.31000000,1730231999999,0.27017188,204,2499.80000000,0.17395994,0
2024-10-29 20:00:00,0.00006973,0.00006981,0.00006950,0.00006957,1753.98000000,1730235599999,0.12220274,163,1060.58000000,0.07390304,0
2024-10-29 21:00:00,0.00006960,0.00006963,0.00006945,0.00006958,878.99000000,1730239199999,0.06111332,76,378.61000000,0.02633447,0
2024-10-29 22:00:00,0.00006969,0.00006976,0.00006923,0.00006942,396.85000000,1730242799999,0.02755934,58,242.31000000,0.01682199,0
2024-10-29 23:00:00,0.00006932,0.00006947,0.00006891,0.00006901,944.17000000,1730246399999,0.06531299,78,268.60000000,0.01862216,0
2024-10-30 00:00:00,0.00006896,0.00006952,0.00006896,0.00006941,842.94000000,1730249999999,0.05848517,56,177.17000000,0.01228385,0
2024-10-30 01:00:00,0.00006941,0.00006960,0.00006915,0.00006917,623.80000000,1730253599999,0.04323712,40,377.32000000,0.02617481,0
2024-10-30 02:00:00,0.00006914,0.00006955,0.00006906,0.00006955,993.50000000,1730257199999,0.06885471,83,177.57000000,0.01228039,0
2024-10-30 03:00:00,0.00006958,0.00007010,0.00006958,0.00006998,1394.25000000,1730260799999,0.09740135,70,690.18000000,0.04823434,0
2024-10-30 04:00:00,0.00006998,0.00007008,0.00006993,0.00007007,464.76000000,1730264399999,0.03254035,33,57.08000000,0.00399758,0
2024-10-30 05:00:00,0.00006999,0.00007002,0.00006957,0.00006973,2255.46000000,1730267999999,0.15726870,90,191.72000000,0.01339525,0
2024-10-30 06:00:00,0.00006975,0.00006996,0.00006967,0.00006994,995.39000000,1730271599999,0.06946117,144,324.07000000,0.02262154,0
2024-10-30 07:00:00,0.00006992,0.00006992,0.00006920,0.00006981,5406.29000000,1730275199999,0.37585547,208,3598.56000000,0.25029754,0
2024-10-30 08:00:00,0.00006984,0.00006993,0.00006934,0.00006970,6939.89000000,1730278799999,0.48251584,226,3556.14000000,0.24766448,0
2024-10-30 09:00:00,0.00006960,0.00007004,0.00006942,0.00006968,3633.64000000,1730282399999,0.25341360,274,3045.52000000,0.21245992,0
2024-10-30 10:00:00,0.00006966,0.00006985,0.00006941,0.00006943,1897.18000000,1730285999999,0.13212121,190,1404.43000000,0.09783741,0
2024-10-30 11:00:00,0.00006956,0.00006967,0.00006927,0.00006932,1160.24000000,1730289599999,0.08056105,50,397.04000000,0.02754385,0
2024-10-30 12:00:00,0.00006921,0.00006926,0.00006882,0.00006922,2350.32000000,1730293199999,0.16246966,104,1879.35000000,0.12992598,0
2024-10-30 13:00:00,0.00006920,0.00006989,0.00006913,0.00006957,1716.59000000,1730296799999,0.11940329,139,1162.75000000,0.08081773,0
2024-10-30 14:00:00,0.00006969,0.00006980,0.00006929,0.00006929,1172.62000000,1730300399999,0.08157521,155,817.79000000,0.05687776,0
2024-10-30 15:00:00,0.00006927,0.00006946,0.00006922,0.00006926,2598.77000000,1730303999999,0.18024335,172,1608.43000000,0.11155826,0
2024-10-30 16:00:00,0.00006925,0.00006949,0.00006924,0.00006933,1894.80000000,1730307599999,0.13142700,208,1181.71000000,0.08198472,0
2024-10-30 17:00:00,0.00006932,0.00006937,0.00006919,0.00006931,990.11000000,1730311199999,0.06860236,115,616.59000000,0.04272050,0
2024-10-30 18:00:00,0.00006934,0.00006938,0.00006920,0.00006933,614.33000000,1730314799999,0.04258042,112,492.56000000,0.03414241,0
2024-10-30 19:00:00,0.00006933,0.00006956,0.00006930,0.00006947,595.06000000,1730318399999,0.04130842,71,403.52000000,0.02801031,0
2024-10-30 20:00:00,0.00006954,0.00006959,0.00006891,0.00006894,1353.88000000,1730321999999,0.09377564,131,706.84000000,0.04894441,0
2024-10-30 21:00:00,0.00006893,0.00006920,0.00006885,0.00006911,546.41000000,1730325599999,0.03771166,62,268.99000000,0.01857005,0
2024-10-30 22:00:00,0.00006909,0.00006909,0.00006880,0.00006906,250.66000000,1730329199999,0.01727547,51,136.24000000,0.00939028,0
2024-10-30 23:00:00,0.00006908,0.00006908,0.00006884,0.00006896,296.02000000,1730332799999,0.02040434,38,81.81000000,0.00563969,0
2024-10-31 00:00:00,0.00006898,0.00006931,0.00006898,0.00006912,240.18000000,1730336399999,0.01660403,60,109.08000000,0.00754089,0
2024-10-31 01:00:00,0.00006909,0.00006919,0.00006895,0.00006900,555.07000000,1730339999999,0.03836061,60,200.20000000,0.01383616,0
2024-10-31 02:00:00,0.00006897,0.00006909,0.00006876,0.00006877,602.46000000,1730343599999,0.04153984,56,172.52000000,0.01190277,0
2024-10-31 03:00:00,0.00006886,0.00006888,0.00006875,0.00006881,1034.42000000,1730347199999,0.07120249,123,769.43000000,0.05296259,0
2024-10-31 04:00:00,0.00006876,0.00006884,0.00006859,0.00006870,795.70000000,1730350799999,0.05469117,91,357.35000000,0.02456960,0
2024-10-31 05:00:00,0.00006871,0.00006874,0.00006855,0.00006869,1025.52000000,1730354399999,0.07036303,105,419.82000000,0.02881733,0
2024-10-31 06:00:00,0.00006868,0.00006869,0.00006836,0.00006841,720.90000000,1730357999999,0.04938627,107,493.46000000,0.03380493,0
2024-10-31 07:00:00,0.00006841,0.00006841,0.00006818,0.00006829,655.08000000,1730361599999,0.04472901,107,332.20000000,0.02268484,0
2024-10-31 08:00:00,0.00006829,0.00006829,0.00006802,0.00006809,1844.65000000,1730365199999,0.12563027,177,972.04000000,0.06620408,0
2024-10-31 09:00:00,0.00006812,0.00006812,0.00006773,0.00006811,2962.16000000,1730368799999,0.20127022,203,1537.10000000,0.10443324,0
2024-10-31 10:00:00,0.00006811,0.00006832,0.00006802,0.00006807,2050.50000000,1730372399999,0.13982100,430,1788.27000000,0.12194671,0
2024-10-31 11:00:00,0.00006806,0.00006830,0.00006803,0.00006826,904.40000000,1730375999999,0.06160946,141,584.01000000,0.03978873,0
2024-10-31 12:00:00,0.00006829,0.00006832,0.00006799,0.00006807,1054.80000000,1730379599999,0.07191107,159,543.01000000,0.03702053,0
2024-10-31 13:00:00,0.00006803,0.00006854,0.00006774,0.00006852,51883.89000000,1730383199999,3.52367436,592,41783.81000000,2.83762378,0
2024-10-31 14:00:00,0.00006850,0.00006854,0.00006816,0.00006835,3035.73000000,1730386799999,0.20741545,190,988.15000000,0.06753882,0
2024-10-31 15:00:00,0.00006835,0.00006893,0.00006833,0.00006893,4888.84000000,1730390399999,0.33553433,281,1986.01000000,0.13630675,0
2024-10-31 16:00:00,0.00006895,0.00006895,0.00006836,0.00006866,3085.51000000,1730393999999,0.21154214,200,1063.06000000,0.07287047,0
2024-10-31 17:00:00,0.00006854,0.00006855,0.00006789,0.00006795,1553.02000000,1730397599999,0.10592292,133,785.62000000,0.05356193,0
2024-10-31 18:00:00,0.00006790,0.00006805,0.00006762,0.00006794,1981.44000000,1730401199999,0.13436369,130,929.41000000,0.06302049,0
2024-10-31 19:00:00,0.00006797,0.00006822,0.00006791,0.00006818,1363.98000000,1730404799999,0.09285927,125,455.51000000,0.03099959,0
2024-10-31 20:00:00,0.00006818,0.00006866,0.00006818,0.00006866,2530.77000000,1730408399999,0.17327115,188,1167.56000000,0.07996069,0
2024-10-31 21:00:00,0.00006865,0.00006872,0.00006852,0.00006862,511.86000000,1730411999999,0.03512501,59,415.73000000,0.02852921,0
2024-10-31 22:00:00,0.00006857,0.00006866,0.00006853,0.00006863,309.49000000,1730415599999,0.02122889,32,167.94000000,0.01151807,0
2024-10-31 23:00:00,0.00006866,0.00006892,0.00006852,0.00006892,907.02000000,1730419199999,0.06236207,86,388.00000000,0.02666880,0
2024-11-01 00:00:00,0.00006892,0.00006938,0.00006892,0.00006934,2819.97000000,1730422799999,0.19518348,103,1966.20000000,0.13620044,0
2024-11-01 01:00:00,0.00006924,0.00006963,0.00006906,0.00006963,1440.31000000,1730426399999,0.09996070,97,550.60000000,0.03821199,0
2024-11-01 02:00:00,0.00006962,0.00006988,0.00006954,0.00006975,5520.33000000,1730429999999,0.38542400,157,792.78000000,0.05528846,0
2024-11-01 03:00:00,0.00006959,0.00006993,0.00006959,0.00006992,893.61000000,1730433599999,0.06238828,76,579.05000000,0.04041647,0
2024-11-01 04:00:00,0.00006999,0.00007006,0.00006984,0.00006999,861.70000000,1730437199999,0.06028274,80,436.04000000,0.03050574,0
2024-11-01 05:00:00,0.00006993,0.00007000,0.00006944,0.00006970,822.90000000,1730440799999,0.05744979,97,221.28000000,0.01543108,0
2024-11-01 06:00:00,0.00006969,0.00006980,0.00006951,0.00006969,1074.74000000,1730444399999,0.07485270,93,749.20000000,0.05218176,0
2024-11-01 07:00:00,0.00006967,0.00006983,0.00006942,0.00006983,1604.63000000,1730447999999,0.11183672,92,1414.41000000,0.09858521,0
2024-11-01 08:00:00,0.00006985,0.00007003,0.00006969,0.00006996,2442.48000000,1730451599999,0.17063810,234,2027.89000000,0.14169856,0
2024-11-01 09:00:00,0.00006999,0.00007011,0.00006989,0.00006998,573.99000000,1730455199999,0.04018903,58,195.30000000,0.01367937,0
2024-11-01 10:00:00,0.00007000,0.00007000,0.00006962,0.00006996,1811.54000000,1730458799999,0.12651385,121,1122.04000000,0.07833737,0
2024-11-01 11:00:00,0.00006993,0.00007014,0.00006979,0.00006981,1267.96000000,1730462399999,0.08871119,125,794.90000000,0.05561724,0
2024-11-01 12:00:00,0.00006986,0.00006994,0.00006952,0.00006969,1803.75000000,1730465999999,0.12565309,160,707.78000000,0.04932356,0
2024-11-01 13:00:00,0.00006971,0.00007032,0.00006936,0.00006938,4583.28000000,1730469599999,0.32006878,331,2846.26000000,0.19878115,0
2024-11-01 14:00:00,0.00006934,0.00006953,0.00006891,0.00006928,2958.40000000,1730473199999,0.20454865,375,1638.70000000,0.11328010,0
2024-11-01 15:00:00,0.00006934,0.00007088,0.00006931,0.00007076,6407.97000000,1730476799999,0.44932715,432,4038.94000000,0.28320281,0
2024-11-01 16:00:00,0.00007078,0.00007080,0.00006988,0.00007048,3436.36000000,1730480399999,0.24150350,202,1337.24000000,0.09375052,0
2024-11-01 17:00:00,0.00007044,0.00007084,0.00007025,0.00007083,2744.24000000,1730483999999,0.19384783,236,1159.11000000,0.08190809,0
2024-11-01 18:00:00,0.00007084,0.00007132,0.00007084,0.00007115,2989.29000000,1730487599999,0.21257948,207,1197.29000000,0.08515204,0
2024-11-01 19:00:00,0.00007107,0.00007122,0.00007087,0.00007087,1705.28000000,1730491199999,0.12110075,97,369.27000000,0.02622128,0
2024-11-01 20:00:00,0.00007102,0.00007106,0.00007068,0.00007075,2119.96000000,1730494799999,0.15029979,194,354.46000000,0.02514356,0
2024-11-01 21:00:00,0.00007073,0.00007089,0.00007049,0.00007063,1472.89000000,1730498399999,0.10405251,106,690.20000000,0.04874530,0
2024-11-01 22:00:00,0.00007048,0.00007058,0.00007036,0.00007040,886.76000000,1730501999999,0.06248420,53,432.86000000,0.03049942,0
2024-11-01 23:00:00,0.00007034,0.00007050,0.00007034,0.00007036,171.19000000,1730505599999,0.01205513,24,41.50000000,0.00292126,0
2024-11-02 00:00:00,0.00007044,0.00007072,0.00007039,0.00007071,615.60000000,1730509199999,0.04343920,44,125.04000000,0.00883477,0
2024-11-02 01:00:00,0.00007071,0.00007110,0.00007065,0.00007070,7486.12000000,1730512799999,0.52918532,102,4440.71000000,0.31394952,0
2024-11-02 02:00:00,0.00007074,0.00007074,0.00007058,0.00007066,381.94000000,1730516399999,0.02698417,75,101.75000000,0.00718706,0
2024-11-02 03:00:00,0.00007063,0.00007093,0.00007061,0.00007090,942.13000000,1730519999999,0.06674139,87,307.94000000,0.02181168,0
2024-11-02 04:00:00,0.00007095,0.00007104,0.00007066,0.00007071,476.43000000,1730523599999,0.03376202,75,222.74000000,0.01578197,0
2024-11-02 05:00:00,0.00007070,0.00007083,0.00007053,0.00007078,465.95000000,1730527199999,0.03292533,96,431.68000000,0.03050517,0
2024-11-02 06:00:00,0.00007075,0.00007102,0.00007075,0.00007090,2335.55000000,1730530799999,0.16548744,123,1486.01000000,0.10529624,0
2024-11-02 07:00:00,0.00007089,0.00007093,0.00007078,0.00007084,823.90000000,1730534399999,0.05837259,108,288.69000000,0.02045556,0
2024-11-02 08:00:00,0.00007085,0.00007119,0.00007081,0.00007107,1607.46000000,1730537999999,0.11412177,231,659.45000000,0.04685502,0
2024-11-02 09:00:00,0.00007105,0.00007106,0.00007083,0.00007099,1293.60000000,1730541599999,0.09182606,164,577.40000000,0.04097404,0
2024-11-02 10:00:00,0.00007098,0.00007100,0.00007077,0.00007082,1164.30000000,1730545199999,0.08251258,137,476.39000000,0.03376364,0
2024-11-02 11:00:00,0.00007079,0.00007096,0.00007075,0.00007079,1308.53000000,1730548799999,0.09268411,195,761.99000000,0.05397730,0
2024-11-02 12:00:00,0.00007079,0.00007081,0.00007051,0.00007058,1612.83000000,1730552399999,0.11404096,156,987.73000000,0.06985377,0
2024-11-02 13:00:00,0.00007058,0.00007079,0.00007038,0.00007044,1214.55000000,1730555999999,0.08571443,180,836.99000000,0.05906575,0
2024-11-02 14:00:00,0.00007043,0.00007092,0.00007033,0.00007060,1826.43000000,1730559599999,0.12892418,157,747.61000000,0.05275555,0
2024-11-02 15:00:00,0.00007054,0.00007060,0.00007032,0.00007038,1697.38000000,1730563199999,0.11962982,263,813.54000000,0.05733829,0
2024-11-02 16:00:00,0.00007041,0.00007058,0.00007031,0.00007052,1885.39000000,1730566799999,0.13275943,232,611.07000000,0.04301701,0
2024-11-02 17:00:00,0.00007052,0.00007052,0.00007028,0.00007030,740.43000000,1730570399999,0.05211861,98,573.23000000,0.04035711,0
2024-11-02 18:00:00,0.00007036,0.00007037,0.00006996,0.00007008,1950.45000000,1730573999999,0.13683664,159,929.60000000,0.06520165,0
2024-11-02 19:00:00,0.00007008,0.00007031,0.00007000,0.00007010,843.15000000,1730577599999,0.05914152,94,387.09000000,0.02713782,0
2024-11-02 20:00:00,0.00007010,0.00007026,0.00006994,0.00006995,629.72000000,1730581199999,0.04411255,99,505.83000000,0.03543766,0
2024-11-02 21:00:00,0.00007003,0.00007036,0.00007003,0.00007028,400.69000000,1730584799999,0.02815015,48,200.48000000,0.01408418,0
2024-11-02 22:00:00,0.00007029,0.00007030,0.00007009,0.00007024,588.67000000,1730588399999,0.04132178,81,423.69000000,0.02973239,0
2024-11-02 23:00:00,0.00007025,0.00007031,0.00007017,0.00007029,209.37000000,1730591999999,0.01470010,27,158.17000000,0.01110640,0
2024-11-03 00:00:00,0.00007027,0.00007047,0.00007027,0.00007044,562.19000000,1730595599999,0.03954737,97,354.59000000,0.02493377,0
2024-11-03 01:00:00,0.00007040,0.00007047,0.00007007,0.00007007,629.29000000,1730599199999,0.04420920,111,342.71000000,0.02408703,0
2024-11-03 02:00:00,0.00007008,0.00007058,0.00006971,0.00006977,4092.00000000,1730602799999,0.28697287,295,2520.54000000,0.17674531,0
2024-11-03 03:00:00,0.00006980,0.00007009,0.00006954,0.00007007,2107.71000000,1730606399999,0.14683393,69,1341.68000000,0.09337933,0
2024-11-03 04:00:00,0.00007002,0.00007032,0.00007002,0.00007030,973.06000000,1730609999999,0.06831317,73,595.18000000,0.04177794,0
2024-11-03 05:00:00,0.00007028,0.00007039,0.00006995,0.00006998,735.65000000,1730613599999,0.05164147,74,482.11000000,0.03381932,0
2024-11-03 06:00:00,0.00006999,0.00007028,0.00006994,0.00007027,724.03000000,1730617199999,0.05073811,40,407.61000000,0.02859095,0
2024-11-03 07:00:00,0.00007031,0.00007037,0.00007012,0.00007030,583.43000000,1730620799999,0.04096136,45,236.52000000,0.01661366,0
2024-11-03 08:00:00,0.00007032,0.00007038,0.00007025,0.00007038,1130.00000000,1730624399999,0.07945272,93,530.01000000,0.03726672,0
2024-11-03 09:00:00,0.00007041,0.00007076,0.00007035,0.00007036,1990.96000000,1730627999999,0.14049237,164,931.45000000,0.06569447,0
2024-11-03 10:00:00,0.00007037,0.00007057,0.00007026,0.00007039,1770.01000000,1730631599999,0.12449013,105,357.35000000,0.02516304,0
2024-11-03 11:00:00,0.00007043,0.00007053,0.00007014,0.00007020,569.11000000,1730635199999,0.04003628,113,414.13000000,0.02915013,0
2024-11-03 12:00:00,0.00007022,0.00007032,0.00007008,0.00007013,1409.79000000,1730638799999,0.09904950,91,1056.58000000,0.07424097,0
2024-11-03 13:00:00,0.00007010,0.00007017,0.00006914,0.00006928,2780.65000000,1730642399999,0.19326201,210,2277.38000000,0.15828289,0
2024-11-03 14:00:00,0.00006926,0.00006958,0.00006908,0.00006928,2783.09000000,1730645999999,0.19291903,236,2348.42000000,0.16278222,0
2024-11-03 15:00:00,0.00006928,0.00006950,0.00006895,0.00006939,3488.16000000,1730649599999,0.24164589,238,1920.20000000,0.13292448,0
2024-11-03 16:00:00,0.00006931,0.00006946,0.00006913,0.00006939,2818.18000000,1730653199999,0.19531831,301,1653.01000000,0.11456941,0
2024-11-03 17:00:00,0.00006943,0.00006982,0.00006940,0.00006970,3859.64000000,1730656799999,0.26849761,226,2406.25000000,0.16742013,0
2024-11-03 18:00:00,0.00006964,0.00006982,0.00006952,0.00006952,1448.95000000,1730660399999,0.10093067,140,1012.08000000,0.07046380,0
2024-11-03 19:00:00,0.00006946,0.00006978,0.00006939,0.00006976,1242.62000000,1730663999999,0.08651555,119,463.52000000,0.03225214,0
2024-11-03 20:00:00,0.00006978,0.00006996,0.00006967,0.00006989,998.02000000,1730667599999,0.06969998,83,208.46000000,0.01455413,0
2024-11-03 21:00:00,0.00006990,0.00007007,0.00006966,0.00006977,2800.04000000,1730671199999,0.19568785,150,1476.90000000,0.10328935,0
2024-11-03 22:00:00,0.00006978,0.00006988,0.00006963,0.00006988,606.40000000,1730674799999,0.04229390,42,441.32000000,0.03077489,0
2024-11-03 23:00:00,0.00006995,0.00007015,0.00006995,0.00007009,370.19000000,1730678399999,0.02593578,26,226.43000000,0.01585814,0
2024-11-04 00:00:00,0.00007010,0.00007032,0.00007008,0.00007028,1028.90000000,1730681999999,0.07224701,47,537.04000000,0.03769781,0
2024-11-04 01:00:00,0.00007018,0.00007051,0.00007018,0.00007031,1101.62000000,1730685599999,0.07753319,81,371.20000000,0.02612589,0
2024-11-04 02:00:00,0.00007032,0.00007063,0.00007031,0.00007050,3867.61000000,1730689199999,0.27294525,70,2748.08000000,0.19397491,0
2024-11-04 03:00:00,0.00007053,0.00007061,0.00007042,0.00007046,973.46000000,1730692799999,0.06863683,56,384.61000000,0.02712814,0
2024-11-04 04:00:00,0.00007054,0.00007088,0.00007054,0.00007066,975.72000000,1730696399999,0.06905194,69,447.09000000,0.03164703,0
2024-11-04 05:00:00,0.00007068,0.00007068,0.00007042,0.00007050,228.33000000,1730699999999,0.01610753,24,75.58000000,0.00533259,0
2024-11-04 06:00:00,0.00007050,0.00007064,0.00007050,0.00007055,517.74000000,1730703599999,0.03654103,40,227.53000000,0.01606053,0
2024-11-04 07:00:00,0.00007057,0.00007075,0.00007053,0.00007065,1016.62000000,1730707199999,0.07176899,35,194.07000000,0.01371136,0
2024-11-04 08:00:00,0.00007068,0.00007091,0.00007045,0.00007047,3224.44000000,1730710799999,0.22771923,228,1942.45000000,0.13718400,0
2024-11-04 09:00:00,0.00007042,0.00007051,0.00007028,0.00007051,1491.79000000,1730714399999,0.10503445,192,931.75000000,0.06561995,0
2024-11-04 10:00:00,0.00007048,0.00007083,0.00007033,0.00007035,1906.85000000,1730717999999,0.13459067,124,498.93000000,0.03521215,0
2024-11-04 11:00:00,0.00007034,0.00007051,0.00007032,0.00007032,1034.12000000,1730721599999,0.07285838,113,311.83000000,0.02196793,0
2024-11-04 12:00:00,0.00007031,0.00007042,0.00007011,0.00007018,759.87000000,1730725199999,0.05336970,74,503.40000000,0.03534345,0
2024-11-04 13:00:00,0.00007022,0.00007050,0.00007022,0.00007029,1507.64000000,1730728799999,0.10604277,134,361.97000000,0.02546083,0
2024-11-04 14:00:00,0.00007033,0.00007046,0.00007027,0.00007039,1319.81000000,1730732399999,0.09288607,100,976.96000000,0.06876620,0
2024-11-04 15:00:00,0.00007037,0.00007044,0.00006991,0.00006993,2386.20000000,1730735999999,0.16759251,193,1943.42000000,0.13648671,0
2024-11-04 16:00:00,0.00006986,0.00007028,0.00006973,0.00007013,3003.65000000,1730739599999,0.20985728,200,1337.30000000,0.09343279,0
2024-11-04 17:00:00,0.00007017,0.00007083,0.00007017,0.00007036,2166.89000000,1730743199999,0.15287877,112,633.12000000,0.04466481,0
2024-11-04 18:00:00,0.00007039,0.00007079,0.00007026,0.00007074,1622.80000000,1730746799999,0.11441842,117,453.62000000,0.03198422,0
2024-11-04 19:00:00,0.00007074,0.00007078,0.00007035,0.00007042,1183.41000000,1730750399999,0.08353109,67,623.13000000,0.04395334,0
2024-11-04 20:00:00,0.00007046,0.00007071,0.00007038,0.00007070,3487.67000000,1730753999999,0.24603487,381,386.39000000,0.02724202,0
2024-11-04 21:00:00,0.00007071,0.00007079,0.00006969,0.00006978,3195.05000000,1730757599999,0.22400992,126,2429.48000000,0.17043200,0
2024-11-04 22:00:00,0.00006971,0.00007002,0.00006937,0.00006953,1965.11000000,1730761199999,0.13670356,127,1294.70000000,0.09010516,0
2024-11-04 23:00:00,0.00006950,0.00006950,0.00006919,0.00006925,1753.55000000,1730764799999,0.12147298,91,449.87000000,0.03116801,0
2024-11-05 00:00:00,0.00006930,0.00006947,0.00006905,0.00006909,828.78000000,1730768399999,0.05732454,50,443.98000000,0.03070866,0
2024-11-05 01:00:00,0.00006910,0.00006924,0.00006906,0.00006910,628.27000000,1730771999999,0.04342582,63,199.92000000,0.01382069,0
2024-11-05 02:00:00,0.00006910,0.00006919,0.00006827,0.00006827,2873.26000000,1730775599999,0.19731640,222,1170.84000000,0.08048858,0
2024-11-05 03:00:00,0.00006818,0.00006826,0.00006773,0.00006774,10116.38000000,1730779199999,0.68898185,356,5533.79000000,0.37698469,0
2024-11-05 04:00:00,0.00006775,0.00006787,0.00006748,0.00006767,2547.14000000,1730782799999,0.17242136,86,1490.26000000,0.10082830,0
2024-11-05 05:00:00,0.00006771,0.00006771,0.00006693,0.00006701,4748.33000000,1730786399999,0.31939021,180,2069.48000000,0.13917999,0
2024-11-05 06:00:00,0.00006702,0.00006725,0.00006677,0.00006689,17775.14000000,1730789999999,1.18760327,1827,1210.36000000,0.08104442,0
2024-11-05 07:00:00,0.00006690,0.00006707,0.00006642,0.00006673,9305.57000000,1730793599999,0.62002264,287,1873.47000000,0.12502401,0
2024-11-05 08:00:00,0.00006672,0.00006697,0.00006666,0.00006680,994.33000000,1730797199999,0.06643878,102,527.82000000,0.03527903,0
2024-11-05 09:00:00,0.00006675,0.00006706,0.00006601,0.00006612,5934.34000000,1730800799999,0.39514302,192,2794.22000000,0.18617082,0
2024-11-05 10:00:00,0.00006614,0.00006687,0.00006614,0.00006680,4414.50000000,1730804399999,0.29299483,253,3480.87000000,0.23102021,0
2024-11-05 11:00:00,0.00006682,0.00006699,0.00006673,0.00006699,3212.67000000,1730807999999,0.21483933,328,1828.82000000,0.12237592,0
2024-11-05 12:00:00,0.00006697,0.00006701,0.00006656,0.00006695,3438.94000000,1730811599999,0.22969574,347,2619.56000000,0.17497258,0
2024-11-05 13:00:00,0.00006698,0.00006706,0.00006678,0.00006691,943.03000000,1730815199999,0.06314194,91,334.34000000,0.02239165,0
2024-11-05 14:00:00,0.00006693,0.00006721,0.00006667,0.00006675,8672.84000000,1730818799999,0.58035640,462,3053.49000000,0.20444767,0
2024-11-05 15:00:00,0.00006678,0.00006710,0.00006656,0.00006698,6579.42000000,1730822399999,0.44044285,285,4643.25000000,0.31081892,0
2024-11-05 16:00:00,0.00006697,0.00006733,0.00006675,0.00006724,2677.27000000,1730825999999,0.17961378,192,851.79000000,0.05715843,0
2024-11-05 17:00:00,0.00006722,0.00006731,0.00006701,0.00006703,1384.59000000,1730829599999,0.09301152,129,936.81000000,0.06294639,0
2024-11-05 18:00:00,0.00006705,0.00006722,0.00006694,0.00006697,1158.01000000,1730833199999,0.07771694,102,433.05000000,0.02906067,0
2024-11-05 19:00:00,0.00006697,0.00006762,0.00006694,0.00006745,4789.57000000,1730836799999,0.32273796,154,3317.17000000,0.22358762,0
2024-11-05 20:00:00,0.00006746,0.00006763,0.00006702,0.00006718,2300.88000000,1730840399999,0.15494908,100,1064.23000000,0.07174471,0
2024-11-05 21:00:00,0.00006711,0.00006723,0.00006682,0.00006715,1100.33000000,1730843999999,0.07373182,52,559.25000000,0.03749249,0
2024-11-05 22:00:00,0.00006719,0.00006737,0.00006717,0.00006726,1001.14000000,1730847599999,0.06733165,74,475.04000000,0.03195263,0
2024-11-05 23:00:00,0.00006731,0.00006765,0.00006725,0.00006728,712.63000000,1730851199999,0.04810616,48,126.90000000,0.00855863,0
2024-11-06 00:00:00,0.00006743,0.00006760,0.00006630,0.00006651,7200.18000000,1730854799999,0.48152693,198,5427.15000000,0.36340005,0
2024-11-06 01:00:00,0.00006647,0.00006663,0.00006623,0.00006625,2088.60000000,1730858399999,0.13869082,169,1388.41000000,0.09219502,0
2024-11-06 02:00:00,0.00006629,0.00006629,0.00006533,0.00006546,5972.80000000,1730861999999,0.39302703,203,3759.86000000,0.24764047,0
2024-11-06 03:00:00,0.00006548,0.00006556,0.00006443,0.00006463,12355.04000000,1730865599999,0.80033147,522,4270.60000000,0.27658402,0
2024-11-06 04:00:00,0.00006460,0.00006475,0.00006423,0.00006441,4844.09000000,1730869199999,0.31261827,205,1403.93000000,0.09062960,0
2024-11-06 05:00:00,0.00006438,0.00006445,0.00006387,0.00006393,3261.53000000,1730872799999,0.20933826,167,1149.99000000,0.07384179,0
2024-11-06 06:00:00,0.00006402,0.00006470,0.00006396,0.00006444,8418.16000000,1730876399999,0.54098241,572,4099.84000000,0.26327328,0
2024-11-06 07:00:00,0.00006439,0.00006522,0.00006431,0.00006496,9760.74000000,1730879999999,0.63324164,322,6228.73000000,0.40451894,0
2024-11-06 08:00:00,0.00006488,0.00006495,0.00006380,0.00006449,5590.83000000,1730883599999,0.35935590,263,3026.04000000,0.19433776,0
2024-11-06 09:00:00,0.00006449,0.00006459,0.00006414,0.00006438,3667.15000000,1730887199999,0.23598139,193,1655.94000000,0.10655795,0
2024-11-06 10:00:00,0.00006438,0.00006482,0.00006424,0.00006461,6189.51000000,1730890799999,0.39905163,394,2040.75000000,0.13153295,0
2024-11-06 11:00:00,0.00006462,0.00006462,0.00006391,0.00006416,2653.47000000,1730894399999,0.17040564,257,2108.53000000,0.13534282,0
2024-11-06 12:00:00,0.00006407,0.00006415,0.00006269,0.00006329,16086.48000000,1730897999999,1.01902613,911,5494.38000000,0.34754012,0
2024-11-06 13:00:00,0.00006316,0.00006357,0.00006303,0.00006348,6785.30000000,1730901599999,0.42967817,268,2295.13000000,0.14536111,0
2024-11-06 14:00:00,0.00006351,0.00006356,0.00006293,0.00006327,5619.67000000,1730905199999,0.35576725,322,2612.23000000,0.16522150,0
2024-11-06 15:00:00,0.00006320,0.00006336,0.00006280,0.00006282,4675.90000000,1730908799999,0.29489369,187,3431.44000000,0.21637072,0
2024-11-06 16:00:00,0.00006291,0.00006347,0.00006273,0.00006340,2262.81000000,1730912399999,0.14260602,130,1405.75000000,0.08859975,0
2024-11-06 17:00:00,0.00006339,0.00006391,0.00006308,0.00006339,11431.79000000,1730915999999,0.72603859,235,4905.04000000,0.31200128,0
2024-11-06 18:00:00,0.00006352,0.00006354,0.00006275,0.00006279,2105.30000000,1730919599999,0.13272392,99,1333.79000000,0.08401506,0
2024-11-06 19:00:00,0.00006282,0.00006282,0.00006217,0.00006217,3571.09000000,1730923199999,0.22333136,201,2195.69000000,0.13726011,0
2024-11-06 20:00:00,0.00006218,0.00006254,0.00006200,0.00006210,2170.39000000,1730926799999,0.13509245,120,1143.32000000,0.07119274,0
2024-11-06 21:00:00,0.00006207,0.00006285,0.00006201,0.00006248,5543.08000000,1730930399999,0.34646780,251,2754.36000000,0.17213394,0
2024-11-06 22:00:00,0.00006252,0.00006349,0.00006232,0.00006348,5757.35000000,1730933999999,0.36327553,186,2297.34000000,0.14511238,0
2024-11-06 23:00:00,0.00006345,0.00006358,0.00006318,0.00006344,22339.88000000,1730937599999,1.41761513,222,16347.95000000,1.03764448,0
2024-11-07 00:00:00,0.00006348,0.00006375,0.00006309,0.00006363,3110.42000000,1730941199999,0.19742133,73,997.01000000,0.06331208,0
2024-11-07 01:00:00,0.00006364,0.00006433,0.00006337,0.00006405,13483.68000000,1730944799999,0.86205468,241,5915.95000000,0.37769585,0
2024-11-07 02:00:00,0.00006410,0.00006716,0.00006410,0.00006574,20671.60000000,1730948399999,1.35742374,535,11390.05000000,0.74862016,0
2024-11-07 03:00:00,0.00006577,0.00006672,0.00006559,0.00006595,8542.64000000,1730951999999,0.56350457,201,3833.37000000,0.25264148,0
2024-11-07 04:00:00,0.00006609,0.00006631,0.00006533,0.00006542,7440.96000000,1730955599999,0.48979267,210,3710.53000000,0.24456783,0
2024-11-07 05:00:00,0.00006542,0.00006576,0.00006502,0.00006565,3834.15000000,1730959199999,0.25068648,196,2527.42000000,0.16520364,0
2024-11-07 06:00:00,0.00006569,0.00006569,0.00006395,0.00006444,5458.16000000,1730962799999,0.35281946,341,2874.38000000,0.18566328,0
2024-11-07 07:00:00,0.00006441,0.00006477,0.00006416,0.00006453,2603.54000000,1730966399999,0.16756594,344,510.33000000,0.03290922,0
2024-11-07 08:00:00,0.00006447,0.00006484,0.00006416,0.00006455,2548.05000000,1730969999999,0.16421220,199,1372.35000000,0.08839327,0
2024-11-07 09:00:00,0.00006445,0.00006493,0.00006441,0.00006483,3931.43000000,1730973599999,0.25423331,114,1523.74000000,0.09851755,0
2024-11-07 10:00:00,0.00006482,0.00006503,0.00006450,0.00006500,1071.90000000,1730977199999,0.06949633,63,330.64000000,0.02145381,0
2024-11-07 11:00:00,0.00006514,0.00006543,0.00006499,0.00006505,3709.59000000,1730980799999,0.24210581,181,1247.66000000,0.08140924,0
2024-11-07 12:00:00,0.00006508,0.00006547,0.00006499,0.00006533,1100.85000000,1730984399999,0.07184715,119,880.97000000,0.05750740,0
2024-11-07 13:00:00,0.00006539,0.00006564,0.00006465,0.00006470,3418.78000000,1730987999999,0.22253648,205,1738.31000000,0.11326766,0
2024-11-07 14:00:00,0.00006469,0.00006487,0.00006437,0.00006475,4559.11000000,1730991599999,0.29492817,261,1190.39000000,0.07689617,0
2024-11-07 15:00:00,0.00006479,0.00006516,0.00006457,0.00006470,3310.55000000,1730995199999,0.21477923,176,1233.62000000,0.08002527,0
2024-11-07 16:00:00,0.00006471,0.00006504,0.00006441,0.00006491,3597.21000000,1730998799999,0.23284225,460,2514.38000000,0.16275370,0
2024-11-07 17:00:00,0.00006490,0.00006495,0.00006415,0.00006434,3189.51000000,1731002399999,0.20538787,245,1609.40000000,0.10357795,0
2024-11-07 18:00:00,0.00006430,0.00006484,0.00006408,0.00006431,5419.75000000,1731005999999,0.34849429,298,3074.09000000,0.19776715,0
2024-11-07 19:00:00,0.00006432,0.00006457,0.00006426,0.00006427,3368.98000000,1731009599999,0.21702381,217,2181.24000000,0.14055466,0
2024-11-07 20:00:00,0.00006426,0.00006456,0.00006407,0.00006450,4551.03000000,1731013199999,0.29289619,319,3027.66000000,0.19490378,0
2024-11-07 21:00:00,0.00006449,0.00006517,0.00006449,0.00006505,3836.47000000,1731016799999,0.24891619,261,2455.45000000,0.15920969,0
2024-11-07 22:00:00,0.00006503,0.00006509,0.00006456,0.00006462,3064.68000000,1731020399999,0.19884660,180,1219.41000000,0.07901406,0
2024-11-07 23:00:00,0.00006461,0.00006470,0.00006428,0.00006470,2627.42000000,1731023999999,0.16933721,184,1543.91000000,0.09956247,0
2024-11-08 00:00:00,0.00006470,0.00006538,0.00006470,0.00006524,6663.96000000,1731027599999,0.43356455,237,3792.20000000,0.24680413,0
2024-11-08 01:00:00,0.00006524,0.00006524,0.00006463,0.00006487,2113.38000000,1731031199999,0.13745609,124,718.13000000,0.04658285,0
2024-11-08 02:00:00,0.00006487,0.00006487,0.00006415,0.00006418,2733.53000000,1731034799999,0.17620011,205,1269.51000000,0.08178886,0
2024-11-08 03:00:00,0.00006416,0.00006439,0.00006414,0.00006419,2210.14000000,1731038399999,0.14203103,96,321.60000000,0.02066211,0
2024-11-08 04:00:00,0.00006419,0.00006444,0.00006409,0.00006433,1067.54000000,1731041999999,0.06856335,152,559.05000000,0.03589977,0
2024-11-08 05:00:00,0.00006431,0.00006455,0.00006430,0.00006433,988.16000000,1731045599999,0.06363750,153,506.96000000,0.03265265,0
2024-11-08 06:00:00,0.00006431,0.00006450,0.00006412,0.00006439,1384.65000000,1731049199999,0.08904898,155,715.99000000,0.04606071,0
2024-11-08 07:00:00,0.00006439,0.00006441,0.00006386,0.00006392,3245.73000000,1731052799999,0.20830216,223,1833.08000000,0.11757836,0
2024-11-08 08:00:00,0.00006389,0.00006415,0.00006379,0.00006386,2950.55000000,1731056399999,0.18867577,239,1501.83000000,0.09602903,0
2024-11-08 09:00:00,0.00006384,0.00006417,0.00006380,0.00006417,2965.89000000,1731059999999,0.18980393,351,589.36000000,0.03769276,0
2024-11-08 10:00:00,0.00006419,0.00006437,0.00006413,0.00006415,1603.45000000,1731063599999,0.10303747,186,504.70000000,0.03243548,0
2024-11-08 11:00:00,0.00006413,0.00006465,0.00006404,0.00006462,4052.46000000,1731067199999,0.26069821,321,1572.01000000,0.10117204,0
2024-11-08 12:00:00,0.00006462,0.00006519,0.00006454,0.00006501,3700.93000000,1731070799999,0.24008297,398,2347.96000000,0.15224885,0
2024-11-08 13:00:00,0.00006507,0.00006525,0.00006490,0.00006500,1977.38000000,1731074399999,0.12865937,293,1008.18000000,0.06560261,0
2024-11-08 14:00:00,0.00006502,0.00006518,0.00006489,0.00006497,3636.02000000,1731077999999,0.23632801,309,1039.28000000,0.06757124,0
2024-11-08 15:00:00,0.00006495,0.00006530,0.00006472,0.00006506,5435.86000000,1731081599999,0.35365339,361,2824.33000000,0.18379584,0
2024-11-08 16:00:00,0.00006503,0.00006521,0.00006434,0.00006439,6261.06000000,1731085199999,0.40550688,382,3206.14000000,0.20741998,0
2024-11-08 17:00:00,0.00006440,0.00006443,0.00006358,0.00006402,5164.69000000,1731088799999,0.33042449,489,2271.37000000,0.14520777,0
2024-11-08 18:00:00,0.00006401,0.00006404,0.00006372,0.00006376,5593.99000000,1731092399999,0.35700686,258,1276.87000000,0.08156162,0
2024-11-08 19:00:00,0.00006380,0.00006394,0.00006342,0.00006352,1937.66000000,1731095999999,0.12329942,206,1247.23000000,0.07936346,0
2024-11-08 20:00:00,0.00006355,0.00006383,0.00006334,0.00006354,3705.52000000,1731099599999,0.23584439,221,2400.99000000,0.15286378,0
2024-11-08 21:00:00,0.00006358,0.00006400,0.00006344,0.00006398,1272.44000000,1731103199999,0.08106485,111,671.01000000,0.04278157,0
2024-11-08 22:00:00,0.00006397,0.00006448,0.00006397,0.00006448,2360.13000000,1731106799999,0.15147093,253,1004.96000000,0.06453145,0
2024-11-08 23:00:00,0.00006446,0.00006454,0.00006431,0.00006438,1940.42000000,1731110399999,0.12504098,119,1066.19000000,0.06870581,0
2024-11-09 00:00:00,0.00006435,0.00006464,0.00006435,0.00006458,1020.23000000,1731113999999,0.06584450,142,662.67000000,0.04276545,0
2024-11-09 01:00:00,0.00006461,0.00006461,0.00006414,0.00006444,1700.00000000,1731117599999,0.10937944,103,368.78000000,0.02377719,0
2024-11-09 02:00:00,0.00006440,0.00006500,0.00006435,0.00006500,3729.60000000,1731121199999,0.24129991,306,2560.67000000,0.16567616,0
2024-11-09 03:00:00,0.00006498,0.00006521,0.00006476,0.00006520,2576.12000000,1731124799999,0.16739758,168,1063.23000000,0.06917122,0
2024-11-09 04:00:00,0.00006521,0.00006550,0.00006491,0.00006494,2609.22000000,1731128399999,0.17037484,308,1261.51000000,0.08238270,0
2024-11-09 05:00:00,0.00006495,0.00006600,0.00006488,0.00006600,4327.97000000,1731131999999,0.28404492,459,2580.20000000,0.16927341,0
2024-11-09 06:00:00,0.00006595,0.00006676,0.00006582,0.00006631,5843.07000000,1731135599999,0.38724950,414,2757.43000000,0.18280868,0
2024-11-09 07:00:00,0.00006627,0.00006728,0.00006604,0.00006718,8151.93000000,1731139199999,0.54475810,498,3686.91000000,0.24670344,0
2024-11-09 08:00:00,0.00006721,0.00006821,0.00006713,0.00006777,17369.34000000,1731142799999,1.17642617,1324,5354.51000000,0.36299491,0
2024-11-09 09:00:00,0.00006778,0.00006794,0.00006641,0.00006729,22328.25000000,1731146399999,1.49520404,709,5444.38000000,0.36496456,0
2024-11-09 10:00:00,0.00006730,0.00006749,0.00006677,0.00006700,3345.03000000,1731149999999,0.22449755,355,1268.11000000,0.08509979,0
2024-11-09 11:00:00,0.00006696,0.00006820,0.00006691,0.00006816,8315.64000000,1731153599999,0.56283099,648,4843.05000000,0.32789330,0
2024-11-09 12:00:00,0.00006821,0.00006933,0.00006820,0.00006873,16215.82000000,1731157199999,1.11265723,780,10651.59000000,0.73048173,0
2024-11-09 13:00:00,0.00006869,0.00006908,0.00006827,0.00006854,3657.88000000,1731160799999,0.25093183,352,1787.27000000,0.12254148,0
2024-11-09 14:00:00,0.00006856,0.00006935,0.00006853,0.00006868,8341.53000000,1731164399999,0.57463389,573,5573.99000000,0.38387038,0
2024-11-09 15:00:00,0.00006864,0.00006911,0.00006828,0.00006911,4121.25000000,1731167999999,0.28263815,357,2165.02000000,0.14859897,0
2024-11-09 16:00:00,0.00006913,0.00006932,0.00006844,0.00006890,9208.65000000,1731171599999,0.63353778,993,2056.12000000,0.14159846,0
2024-11-09 17:00:00,0.00006891,0.00006893,0.00006793,0.00006834,6541.91000000,1731175199999,0.44696558,502,3381.35000000,0.23109386,0
2024-11-09 18:00:00,0.00006834,0.00006849,0.00006803,0.00006848,2216.86000000,1731178799999,0.15137359,208,1193.94000000,0.08153328,0
2024-11-09 19:00:00,0.00006851,0.00006861,0.00006820,0.00006831,2788.57000000,1731182399999,0.19074818,295,1692.23000000,0.11571714,0
2024-11-09 20:00:00,0.00006830,0.00006879,0.00006820,0.00006876,1650.30000000,1731185999999,0.11321796,147,985.97000000,0.06762385,0
2024-11-09 21:00:00,0.00006877,0.00006883,0.00006830,0.00006845,1978.70000000,1731189599999,0.13586666,196,1225.14000000,0.08416805,0
2024-11-09 22:00:00,0.00006852,0.00006897,0.00006842,0.00006897,2472.28000000,1731193199999,0.16991455,194,1361.51000000,0.09356657,0
2024-11-09 23:00:00,0.00006893,0.00006910,0.00006833,0.00006833,3505.59000000,1731196799999,0.24095346,243,2301.20000000,0.15812569,0
2024-11-10 00:00:00,0.00006835,0.00006903,0.00006823,0.00006835,2773.77000000,1731200399999,0.19007282,183,1437.18000000,0.09853960,0
2024-11-10 01:00:00,0.00006838,0.00007007,0.00006803,0.00006967,10790.91000000,1731203999999,0.74761558,471,6770.53000000,0.46936111,0
2024-11-10 02:00:00,0.00006961,0.00006987,0.00006905,0.00006940,6737.51000000,1731207599999,0.46845538,289,2756.09000000,0.19161110,0
2024-11-10 03:00:00,0.00006940,0.00007072,0.00006928,0.00007039,6157.42000000,1731211199999,0.43182745,387,3856.77000000,0.27052158,0
2024-11-10 04:00:00,0.00007036,0.00007055,0.00006888,0.00006897,11682.61000000,1731214799999,0.81174133,770,5837.89000000,0.40539577,0
2024-11-10 05:00:00,0.00006889,0.00006897,0.00006807,0.00006851,5984.48000000,1731218399999,0.40993168,675,2956.58000000,0.20257805,0
2024-11-10 06:00:00,0.00006854,0.00006909,0.00006834,0.00006879,4061.72000000,1731221999999,0.27901537,328,2076.03000000,0.14255235,0
2024-11-10 07:00:00,0.00006874,0.00006913,0.00006851,0.00006909,2331.00000000,1731225599999,0.16021468,389,1505.64000000,0.10347631,0
2024-11-10 08:00:00,0.00006906,0.00006914,0.00006869,0.00006909,3392.15000000,1731229199999,0.23374547,289,1443.23000000,0.09945829,0
2024-11-10 09:00:00,0.00006904,0.00007017,0.00006904,0.00006966,15847.18000000,1731232799999,1.10459273,780,5619.38000000,0.39184215,0
2024-11-10 10:00:00,0.00006963,0.00006996,0.00006907,0.00006907,5331.48000000,1731236399999,0.37023697,517,2215.71000000,0.15381465,0
2024-11-10 11:00:00,0.00006907,0.00006944,0.00006889,0.00006919,2728.18000000,1731239999999,0.18861246,314,1605.14000000,0.11099626,0
2024-11-10 12:00:00,0.00006919,0.00006923,0.00006775,0.00006851,30956.98000000,1731243599999,2.12267122,1780,10875.13000000,0.74502149,0
2024-11-10 13:00:00,0.00006852,0.00006870,0.00006790,0.00006847,9385.23000000,1731247199999,0.64119118,621,6308.35000000,0.43130980,0
2024-11-10 14:00:00,0.00006842,0.00006864,0.00006736,0.00006752,11214.46000000,1731250799999,0.76092812,823,5012.17000000,0.34018544,0
2024-11-10 15:00:00,0.00006764,0.00006810,0.00006757,0.00006810,4118.01000000,1731254399999,0.27932706,542,2146.20000000,0.14561972,0
2024-11-10 16:00:00,0.00006811,0.00006845,0.00006773,0.00006820,5990.27000000,1731257999999,0.40787157,486,3926.99000000,0.26738568,0
2024-11-10 17:00:00,0.00006821,0.00006841,0.00006759,0.00006771,7414.36000000,1731261599999,0.50530181,513,3919.35000000,0.26709321,0
2024-11-10 18:00:00,0.00006763,0.00006825,0.00006726,0.00006778,8670.39000000,1731265199999,0.58661330,531,5069.92000000,0.34304372,0
2024-11-10 19:00:00,0.00006780,0.00006786,0.00006615,0.00006650,14434.41000000,1731268799999,0.96419579,728,7237.02000000,0.48403088,0
2024-11-10 20:00:00,0.00006652,0.00006675,0.00006569,0.00006571,11193.26000000,1731272399999,0.74034352,464,3131.45000000,0.20697799,0
2024-11-10 21:00:00,0.00006574,0.00006574,0.00006391,0.00006552,15020.70000000,1731275999999,0.97568907,740,7853.32000000,0.51019270,0
2024-11-10 22:00:00,0.00006549,0.00006568,0.00006491,0.00006541,7065.91000000,1731279599999,0.46097955,359,3528.04000000,0.23015057,0
2024-11-10 23:00:00,0.00006542,0.00006602,0.00006524,0.00006561,5322.15000000,1731283199999,0.34958160,285,2825.29000000,0.18563681,0
2024-11-11 00:00:00,0.00006562,0.00006656,0.00006558,0.00006635,4246.99000000,1731286799999,0.28106106,214,2404.48000000,0.15914646,0
2024-11-11 01:00:00,0.00006632,0.00006662,0.00006572,0.00006574,3870.69000000,1731290399999,0.25641362,241,1972.56000000,0.13082934,0
2024-11-11 02:00:00,0.00006575,0.00006680,0.00006567,0.00006668,3415.30000000,1731293999999,0.22700830,214,1918.02000000,0.12751594,0
2024-11-11 03:00:00,0.00006671,0.00006703,0.00006591,0.00006629,5843.95000000,1731297599999,0.38789839,422,3757.18000000,0.24936298,0
2024-11-11 04:00:00,0.00006628,0.00006667,0.00006558,0.00006606,2905.48000000,1731301199999,0.19185382,216,1928.14000000,0.12739053,0
2024-11-11 05:00:00,0.00006615,0.00006617,0.00006452,0.00006473,6548.90000000,1731304799999,0.42603430,356,2801.68000000,0.18238196,0
2024-11-11 06:00:00,0.00006478,0.00006496,0.00006430,0.00006484,3611.53000000,1731308399999,0.23372164,156,1714.72000000,0.11091545,0
2024-11-11 07:00:00,0.00006486,0.00006506,0.00006468,0.00006506,2202.37000000,1731311999999,0.14283231,181,997.45000000,0.06469726,0
2024-11-11 08:00:00,0.00006508,0.00006514,0.00006482,0.00006503,2409.04000000,1731315599999,0.15657346,169,963.95000000,0.06266306,0
2024-11-11 09:00:00,0.00006500,0.00006520,0.00006476,0.00006502,5121.98000000,1731319199999,0.33263483,664,3993.96000000,0.25938852,0
2024-11-11 10:00:00,0.00006501,0.00007087,0.00006467,0.00006491,17687.35000000,1731322799999,1.15717585,640,9058.97000000,0.59550722,0
2024-11-11 11:00:00,0.00006489,0.00006510,0.00006473,0.00006506,3259.23000000,1731326399999,0.21151946,443,1857.02000000,0.12059523,0
2024-11-11 12:00:00,0.00006506,0.00006518,0.00006419,0.00006436,6329.04000000,1731329999999,0.40868146,289,2598.73000000,0.16767421,0
2024-11-11 13:00:00,0.00006439,0.00006490,0.00006416,0.00006480,5544.89000000,1731333599999,0.35759741,363,2261.91000000,0.14585382,0
2024-11-11 14:00:00,0.00006480,0.00006486,0.00006432,0.00006433,3554.62000000,1731337199999,0.22969519,238,1894.22000000,0.12238734,0
2024-11-11 15:00:00,0.00006437,0.00006453,0.00006375,0.00006379,9940.19000000,1731340799999,0.63852176,395,5335.53000000,0.34297484,0
2024-11-11 16:00:00,0.00006374,0.00006448,0.00006341,0.00006412,8775.79000000,1731344399999,0.56067464,339,4731.86000000,0.30191974,0
2024-11-11 17:00:00,0.00006408,0.00006444,0.00006388,0.00006423,7632.90000000,1731347999999,0.49017713,438,2896.66000000,0.18591373,0
2024-11-11 18:00:00,0.00006423,0.00006430,0.00006321,0.00006321,8704.30000000,1731351599999,0.55417883,305,2704.95000000,0.17227770,0
2024-11-11 19:00:00,0.00006321,0.00006333,0.00006215,0.00006230,14817.91000000,1731355199999,0.92865646,455,7300.50000000,0.45659601,0
2024-11-11 20:00:00,0.00006233,0.00006258,0.00006194,0.00006220,7295.80000000,1731358799999,0.45364632,323,3946.11000000,0.24562640,0
2024-11-11 21:00:00,0.00006227,0.00006232,0.00006144,0.00006167,7993.18000000,1731362399999,0.49339493,317,3656.91000000,0.22588208,0
2024-11-11 22:00:00,0.00006163,0.00006220,0.00006156,0.00006171,33511.81000000,1731365999999,2.07034429,562,26173.64000000,1.61696011,0
2024-11-11 23:00:00,0.00006159,0.00006220,0.00006058,0.00006199,13249.72000000,1731369599999,0.81454250,408,8778.72000000,0.53962490,0
2024-11-12 00:00:00,0.00006204,0.00006210,0.00006128,0.00006128,13344.43000000,1731373199999,0.82279453,250,9744.26000000,0.60102160,0
2024-11-12 01:00:00,0.00006128,0.00006184,0.00006041,0.00006165,9074.68000000,1731376799999,0.55501515,302,4396.25000000,0.26877439,0
2024-11-12 02:00:00,0.00006165,0.00006289,0.00006160,0.00006232,7354.74000000,1731380399999,0.45897857,253,5002.09000000,0.31231702,0
2024-11-12 03:00:00,0.00006217,0.00006274,0.00006196,0.00006249,2542.17000000,1731383999999,0.15851264,104,926.58000000,0.05763012,0
2024-11-12 04:00:00,0.00006258,0.00006289,0.00006169,0.00006171,6411.55000000,1731387599999,0.39846635,225,3084.69000000,0.19169834,0
2024-11-12 05:00:00,0.00006178,0.00006247,0.00006164,0.00006247,4897.00000000,1731391199999,0.30397492,211,2784.77000000,0.17294924,0
2024-11-12 06:00:00,0.00006249,0.00006262,0.00006171,0.00006204,5900.70000000,1731394799999,0.36714670,294,3656.95000000,0.22726373,0
2024-11-12 07:00:00,0.00006204,0.00006259,0.00006192,0.00006228,6048.24000000,1731398399999,0.37652422,441,3542.96000000,0.22062544,0
2024-11-12 08:00:00,0.00006235,0.00006375,0.00006232,0.00006368,8584.06000000,1731401999999,0.54208572,609,5599.09000000,0.35388355,0
2024-11-12 09:00:00,0.00006362,0.00006420,0.00006185,0.00006192,16762.00000000,1731405599999,1.05315062,614,8145.32000000,0.51306283,0
2024-11-12 10:00:00,0.00006190,0.00006241,0.00005966,0.00006030,25984.33000000,1731409199999,1.57703093,953,16578.02000000,1.00635072,0
2024-11-12 11:00:00,0.00006038,0.00006086,0.00006006,0.00006064,6061.54000000,1731412799999,0.36649849,302,3691.98000000,0.22325178,0
2024-11-12 12:00:00,0.00006058,0.00006063,0.00005981,0.00006044,6819.68000000,1731416399999,0.41137241,293,4084.97000000,0.24641778,0
2024-11-12 13:00:00,0.00006050,0.00006126,0.00006004,0.00006082,7459.86000000,1731419999999,0.45308964,303,3731.94000000,0.22677837,0
2024-11-12 14:00:00,0.00006084,0.00006132,0.00006079,0.00006109,3865.06000000,1731423599999,0.23597267,202,1459.69000000,0.08912742,0
2024-11-12 15:00:00,0.00006106,0.00006153,0.00006086,0.00006103,3305.79000000,1731427199999,0.20196464,223,1888.55000000,0.11541120,0
2024-11-12 16:00:00,0.00006100,0.00006109,0.00006035,0.00006059,3640.01000000,1731430799999,0.22104144,275,2077.86000000,0.12623459,0
2024-11-12 17:00:00,0.00006059,0.00006108,0.00006052,0.00006087,2732.74000000,1731434399999,0.16606683,153,1510.58000000,0.09173917,0
2024-11-12 18:00:00,0.00006090,0.00006099,0.00006028,0.00006048,3549.64000000,1731437999999,0.21505625,175,1950.01000000,0.11816502,0
2024-11-12 19:00:00,0.00006061,0.00006095,0.00006020,0.00006095,2648.34000000,1731441599999,0.16029168,148,1788.77000000,0.10824188,0
2024-11-12 20:00:00,0.00006096,0.00006106,0.00006056,0.00006093,3317.22000000,1731445199999,0.20172191,145,2505.90000000,0.15238765,0
2024-11-12 21:00:00,0.00006108,0.00006280,0.00006095,0.00006280,7047.92000000,1731448799999,0.43388340,337,4194.74000000,0.25804192,0
2024-11-12 22:00:00,0.00006280,0.00006296,0.00006250,0.00006256,5070.80000000,1731452399999,0.31839178,216,2936.93000000,0.18443817,0
2024-11-12 23:00:00,0.00006252,0.00006278,0.00006214,0.00006218,3153.97000000,1731455999999,0.19699519,114,1487.34000000,0.09285343,0
2024-11-13 00:00:00,0.00006221,0.00006304,0.00006220,0.00006232,2700.24000000,1731459599999,0.16933712,127,992.04000000,0.06233282,0
2024-11-13 01:00:00,0.00006236,0.00006265,0.00006182,0.00006204,4722.31000000,1731463199999,0.29332529,138,1739.31000000,0.10810842,0
2024-11-13 02:00:00,0.00006207,0.00006269,0.00006113,0.00006178,5902.42000000,1731466799999,0.36471461,248,3827.40000000,0.23671768,0
2024-11-13 03:00:00,0.00006186,0.00006190,0.00006058,0.00006073,5138.00000000,1731470399999,0.31357722,248,2145.55000000,0.13080174,0
2024-11-13 04:00:00,0.00006072,0.00006098,0.00005976,0.00006014,8365.68000000,1731473999999,0.50568373,369,3724.31000000,0.22475942,0
2024-11-13 05:00:00,0.00006015,0.00006043,0.00005978,0.00006027,1763.23000000,1731477599999,0.10596384,137,1103.65000000,0.06632995,0
2024-11-13 06:00:00,0.00006027,0.00006054,0.00005968,0.00005986,9361.53000000,1731481199999,0.56326925,1169,2484.03000000,0.14948803,0
2024-11-13 07:00:00,0.00005988,0.00006011,0.00005954,0.00006007,2284.55000000,1731484799999,0.13671275,142,1115.03000000,0.06676472,0
2024-11-13 08:00:00,0.00006008,0.00006040,0.00005996,0.00006002,1592.65000000,1731488399999,0.09585680,117,1113.53000000,0.06702163,0
2024-11-13 09:00:00,0.00005999,0.00006008,0.00005945,0.00005973,45624.12000000,1731491999999,2.73524990,5132,5022.40000000,0.30055358,0
2024-11-13 10:00:00,0.00005976,0.00006032,0.00005944,0.00006032,2692.53000000,1731495599999,0.16101383,147,1061.08000000,0.06350364,0
2024-11-13 11:00:00,0.00006037,0.00006045,0.00006005,0.00006015,2150.21000000,1731499199999,0.12960769,144,1169.99000000,0.07049742,0
2024-11-13 12:00:00,0.00006007,0.00006046,0.00005993,0.00006045,1373.97000000,1731502799999,0.08264209,113,1184.98000000,0.07127896,0
2024-11-13 13:00:00,0.00006038,0.00006054,0.00005995,0.00006043,4717.20000000,1731506399999,0.28428488,307,2741.81000000,0.16526868,0
2024-11-13 14:00:00,0.00006042,0.00006077,0.00005950,0.00005964,18944.01000000,1731509999999,1.13670640,643,9804.60000000,0.58835069,0
2024-11-13 15:00:00,0.00005967,0.00005969,0.00005831,0.00005835,10874.69000000,1731513599999,0.64141372,486,3984.70000000,0.23533826,0
2024-11-13 16:00:00,0.00005839,0.00005850,0.00005767,0.00005811,8797.21000000,1731517199999,0.50990669,319,3428.94000000,0.19891367,0
2024-11-13 17:00:00,0.00005815,0.00005819,0.00005744,0.00005793,4679.44000000,1731520799999,0.27064947,228,2012.51000000,0.11653615,0
2024-11-13 18:00:00,0.00005778,0.00005809,0.00005737,0.00005755,3467.08000000,1731524399999,0.19977646,200,1447.34000000,0.08343544,0
2024-11-13 19:00:00,0.00005757,0.00005795,0.00005728,0.00005734,6163.01000000,1731527999999,0.35440511,269,3565.15000000,0.20497014,0
2024-11-13 20:00:00,0.00005755,0.00005810,0.00005730,0.00005808,4939.12000000,1731531599999,0.28471456,240,3219.36000000,0.18554295,0
2024-11-13 21:00:00,0.00005808,0.00005874,0.00005785,0.00005874,4515.25000000,1731535199999,0.26319610,149,2089.60000000,0.12161105,0
2024-11-13 22:00:00,0.00005873,0.00005873,0.00005830,0.00005864,1798.21000000,1731538799999,0.10515903,126,843.08000000,0.04933479,0
2024-11-13 23:00:00,0.00005865,0.00005872,0.00005808,0.00005819,3503.01000000,1731542399999,0.20443918,105,1827.93000000,0.10669783,0
2024-11-14 00:00:00,0.00005818,0.00005865,0.00005811,0.00005812,942.98000000,1731545999999,0.05503248,43,457.60000000,0.02666824,0
2024-11-14 01:00:00,0.00005804,0.00005942,0.00005804,0.00005930,10455.37000000,1731549599999,0.61407643,238,5729.43000000,0.33606197,0
2024-11-14 02:00:00,0.00005939,0.00006049,0.00005936,0.00005955,6821.37000000,1731553199999,0.40860985,197,3695.85000000,0.22136555,0
2024-11-14 03:00:00,0.00005963,0.00006006,0.00005941,0.00006002,1377.23000000,1731556799999,0.08221968,63,784.30000000,0.04676883,0
2024-11-14 04:00:00,0.00006000,0.00006020,0.00005989,0.00005999,1147.83000000,1731560399999,0.06895821,67,547.81000000,0.03289946,0
2024-11-14 05:00:00,0.00006001,0.00006065,0.00005993,0.00006054,2819.91000000,1731563999999,0.17003029,119,784.14000000,0.04739201,0
2024-11-14 06:00:00,0.00006059,0.00006082,0.00006021,0.00006027,3317.95000000,1731567599999,0.20089893,139,1956.75000000,0.11843327,0
2024-11-14 07:00:00,0.00006017,0.00006024,0.00005974,0.00005977,5178.26000000,1731571199999,0.31021568,203,1901.39000000,0.11393623,0
2024-11-14 08:00:00,0.00005984,0.00005997,0.00005953,0.00005990,3305.54000000,1731574799999,0.19755543,251,2054.95000000,0.12280873,0
2024-11-14 09:00:00,0.00005992,0.00006028,0.00005980,0.00006006,2088.62000000,1731578399999,0.12550043,114,1399.97000000,0.08413605,0
2024-11-14 10:00:00,0.00006000,0.00006003,0.00005875,0.00005875,4884.51000000,1731581999999,0.28970791,269,2433.90000000,0.14448997,0
2024-11-14 11:00:00,0.00005880,0.00005889,0.00005793,0.00005828,4357.03000000,1731585599999,0.25438899,199,2475.71000000,0.14461108,0
2024-11-14 12:00:00,0.00005827,0.00005865,0.00005810,0.00005844,1779.19000000,1731589199999,0.10385120,111,596.00000000,0.03474130,0
2024-11-14 13:00:00,0.00005843,0.00005887,0.00005843,0.00005846,1703.58000000,1731592799999,0.09998860,116,670.73000000,0.03938928,0
2024-11-14 14:00:00,0.00005845,0.00005885,0.00005829,0.00005875,8868.73000000,1731596399999,0.51875195,307,2778.17000000,0.16261970,0
2024-11-14 15:00:00,0.00005884,0.00005950,0.00005846,0.00005946,7926.04000000,1731599999999,0.46615990,300,5218.55000000,0.30670069,0
2024-11-14 16:00:00,0.00005947,0.00005993,0.00005933,0.00005976,3801.92000000,1731603599999,0.22687023,188,2366.60000000,0.14120878,0
2024-11-14 17:00:00,0.00005978,0.00005992,0.00005946,0.00005955,2157.52000000,1731607199999,0.12876746,90,1182.86000000,0.07054592,0
2024-11-14 18:00:00,0.00005952,0.00006009,0.00005935,0.00005984,2808.66000000,1731610799999,0.16763923,99,1396.26000000,0.08344361,0
2024-11-14 19:00:00,0.00005993,0.00005993,0.00005955,0.00005981,1656.51000000,1731614399999,0.09896382,96,1238.98000000,0.07403057,0
2024-11-14 20:00:00,0.00005990,0.00006110,0.00005990,0.00006110,5899.46000000,1731617999999,0.35759780,208,3307.28000000,0.20038813,0
2024-11-14 21:00:00,0.00006104,0.00006167,0.00006077,0.00006100,5732.09000000,1731621599999,0.35153138,234,3186.36000000,0.19526240,0
2024-11-14 22:00:00,0.00006102,0.00006130,0.00006061,0.00006061,3320.71000000,1731625199999,0.20217420,108,1904.77000000,0.11600153,0
2024-11-14 23:00:00,0.00006055,0.00006058,0.00005960,0.00005995,6693.47000000,1731628799999,0.40152190,171,3322.99000000,0.19929272,0
2024-11-15 00:00:00,0.00005997,0.00006023,0.00005974,0.00005974,2863.33000000,1731632399999,0.17166109,80,1968.69000000,0.11801519,0
2024-11-15 01:00:00,0.00005973,0.00005989,0.00005948,0.00005978,1612.71000000,1731635999999,0.09630714,94,742.33000000,0.04428840,0
2024-11-15 02:00:00,0.00005980,0.00006004,0.00005962,0.00006000,926.83000000,1731639599999,0.05539488,66,699.79000000,0.04182260,0
2024-11-15 03:00:00,0.00006003,0.00006003,0.00005978,0.00005988,792.50000000,1731643199999,0.04744390,69,420.93000000,0.02519821,0
2024-11-15 04:00:00,0.00005989,0.00005991,0.00005914,0.00005952,2688.39000000,1731646799999,0.15986600,110,1572.53000000,0.09341154,0
2024-11-15 05:00:00,0.00005945,0.00005973,0.00005919,0.00005970,2316.55000000,1731650399999,0.13787040,144,1434.57000000,0.08537982,0
2024-11-15 06:00:00,0.00005974,0.00006004,0.00005974,0.00005991,1931.23000000,1731653999999,0.11569864,103,1086.29000000,0.06508709,0
2024-11-15 07:00:00,0.00005984,0.00005999,0.00005978,0.00005987,1478.84000000,1731657599999,0.08856173,93,428.31000000,0.02565642,0
2024-11-15 08:00:00,0.00005982,0.00005985,0.00005948,0.00005985,1371.94000000,1731661199999,0.08187711,95,563.81000000,0.03367780,0
2024-11-15 09:00:00,0.00005985,0.00005988,0.00005936,0.00005948,3965.48000000,1731664799999,0.23612786,109,1334.40000000,0.07948564,0
2024-11-15 10:00:00,0.00005947,0.00005962,0.00005945,0.00005962,1615.98000000,1731668399999,0.09616454,103,655.00000000,0.03898649,0
2024-11-15 11:00:00,0.00005958,0.00005960,0.00005923,0.00005939,1522.07000000,1731671999999,0.09044213,87,772.08000000,0.04589647,0
2024-11-15 12:00:00,0.00005949,0.00005960,0.00005893,0.00005946,2940.14000000,1731675599999,0.17408021,188,1647.88000000,0.09750230,0
2024-11-15 13:00:00,0.00005945,0.00006009,0.00005937,0.00005959,8432.74000000,1731679199999,0.50360709,158,2860.48000000,0.17117030,0
2024-11-15 14:00:00,0.00005967,0.00006043,0.00005967,0.00006043,3909.40000000,1731682799999,0.23458441,165,2306.50000000,0.13832559,0
2024-11-15 15:00:00,0.00006028,0.00006079,0.00006014,0.00006033,5407.75000000,1731686399999,0.32733342,249,2775.41000000,0.16800595,0
2024-11-15 16:00:00,0.00006032,0.00006038,0.00005955,0.00005978,3816.54000000,1731689999999,0.22889751,194,1772.13000000,0.10622429,0
2024-11-15 17:00:00,0.00005978,0.00006012,0.00005975,0.00005984,2664.26000000,1731693599999,0.15958536,156,1381.28000000,0.08277817,0
2024-11-15 18:00:00,0.00005990,0.00005999,0.00005918,0.00005942,2517.83000000,1731697199999,0.14987126,105,794.13000000,0.04724622,0
2024-11-15 19:00:00,0.00005941,0.00005945,0.00005889,0.00005905,4316.26000000,1731700799999,0.25551253,221,2797.80000000,0.16557007,0
2024-11-15 20:00:00,0.00005898,0.00005919,0.00005862,0.00005862,2177.21000000,1731704399999,0.12836030,141,1170.29000000,0.06901587,0
2024-11-15 21:00:00,0.00005869,0.00005894,0.00005845,0.00005852,2243.65000000,1731707999999,0.13190110,94,1616.57000000,0.09504950,0
2024-11-15 22:00:00,0.00005848,0.00005928,0.00005848,0.00005919,4518.63000000,1731711599999,0.26629134,149,2234.21000000,0.13167573,0
2024-11-15 23:00:00,0.00005925,0.00005932,0.00005889,0.00005913,1130.09000000,1731715199999,0.06681540,63,525.37000000,0.03103679,0
2024-11-16 00:00:00,0.00005904,0.00005922,0.00005890,0.00005904,724.71000000,1731718799999,0.04278897,50,465.58000000,0.02749215,0
2024-11-16 01:00:00,0.00005906,0.00005920,0.00005898,0.00005911,2656.99000000,1731722399999,0.15710622,56,2244.28000000,0.13269913,0
2024-11-16 02:00:00,0.00005915,0.00005950,0.00005910,0.00005949,1789.34000000,1731725999999,0.10613325,65,731.29000000,0.04333886,0
2024-11-16 03:00:00,0.00005954,0.00005955,0.00005916,0.00005955,1924.74000000,1731729599999,0.11423810,86,900.73000000,0.05346848,0
2024-11-16 04:00:00,0.00005959,0.00005965,0.00005926,0.00005943,2151.42000000,1731733199999,0.12792243,151,759.51000000,0.04520091,0
2024-11-16 05:00:00,0.00005950,0.00005986,0.00005941,0.00005954,1660.67000000,1731736799999,0.09901726,63,885.75000000,0.05282500,0
2024-11-16 06:00:00,0.00005954,0.00005954,0.00005890,0.00005900,2783.79000000,1731740399999,0.16478466,86,1936.49000000,0.11466209,0
2024-11-16 07:00:00,0.00005905,0.00005938,0.00005895,0.00005938,1666.89000000,1731743999999,0.09842652,71,893.43000000,0.05278019,0
2024-11-16 08:00:00,0.00005935,0.00005954,0.00005907,0.00005923,3757.48000000,1731747599999,0.22299816,107,1333.54000000,0.07904021,0
2024-11-16 09:00:00,0.00005924,0.00006081,0.00005924,0.00006066,7759.63000000,1731751199999,0.46665456,246,4821.06000000,0.28962629,0
2024-11-16 10:00:00,0.00006064,0.00006113,0.00006007,0.00006090,16737.76000000,1731754799999,1.01587019,430,10822.44000000,0.65692084,0
2024-11-16 11:00:00,0.00006088,0.00006143,0.00006072,0.00006139,16381.69000000,1731758399999,1.00347021,502,5278.36000000,0.32295564,0
2024-11-16 12:00:00,0.00006135,0.00006142,0.00006075,0.00006131,11793.88000000,1731761999999,0.72131450,370,5563.08000000,0.33983560,0
2024-11-16 13:00:00,0.00006139,0.00006238,0.00006126,0.00006238,6120.45000000,1731765599999,0.37811476,236,2924.99000000,0.18054863,0
2024-11-16 14:00:00,0.00006239,0.00006297,0.00006201,0.00006235,11744.94000000,1731769199999,0.73560212,507,6354.77000000,0.39798046,0
2024-11-16 15:00:00,0.00006236,0.00006292,0.00006154,0.00006200,9949.61000000,1731772799999,0.61943156,416,4863.40000000,0.30293311,0
2024-11-16 16:00:00,0.00006196,0.00006291,0.00006156,0.00006288,7292.54000000,1731776399999,0.45392763,507,4225.11000000,0.26346400,0
2024-11-16 17:00:00,0.00006283,0.00006353,0.00006223,0.00006248,12288.09000000,1731779999999,0.77149139,433,3912.24000000,0.24677774,0
2024-11-16 18:00:00,0.00006252,0.00006259,0.00006203,0.00006221,3029.51000000,1731783599999,0.18863727,138,1515.00000000,0.09435566,0
2024-11-16 19:00:00,0.00006218,0.00006381,0.00006204,0.00006374,10899.73000000,1731787199999,0.68759515,323,6727.19000000,0.42475813,0
2024-11-16 20:00:00,0.00006369,0.00006399,0.00006300,0.00006305,5386.43000000,1731790799999,0.34137114,225,3256.73000000,0.20649859,0
2024-11-16 21:00:00,0.00006305,0.00006321,0.00006269,0.00006296,2112.73000000,1731794399999,0.13308490,83,707.79000000,0.04454412,0
2024-11-16 22:00:00,0.00006301,0.00006306,0.00006256,0.00006259,2952.93000000,1731797999999,0.18533155,103,1197.23000000,0.07511567,0
2024-11-16 23:00:00,0.00006257,0.00006268,0.00006217,0.00006235,1922.71000000,1731801599999,0.12002365,98,1152.18000000,0.07194041,0
2024-11-17 00:00:00,0.00006235,0.00006304,0.00006230,0.00006303,3155.48000000,1731805199999,0.19826320,118,2258.73000000,0.14197210,0
2024-11-17 01:00:00,0.00006296,0.00006303,0.00006128,0.00006146,4094.03000000,1731808799999,0.25399534,146,2657.69000000,0.16475508,0
2024-11-17 02:00:00,0.00006143,0.00006143,0.00006028,0.00006101,8693.94000000,1731812399999,0.52799096,279,3835.86000000,0.23320463,0
2024-11-17 03:00:00,0.00006096,0.00006101,0.00006060,0.00006090,1476.03000000,1731815999999,0.08975233,75,862.54000000,0.05242702,0
2024-11-17 04:00:00,0.00006092,0.00006189,0.00006065,0.00006157,3256.48000000,1731819599999,0.20052013,163,2064.76000000,0.12721127,0
2024-11-17 05:00:00,0.00006157,0.00006177,0.00006132,0.00006137,544.33000000,1731823199999,0.03350061,50,357.82000000,0.02200470,0
2024-11-17 06:00:00,0.00006137,0.00006225,0.00006137,0.00006206,3615.69000000,1731826799999,0.22418662,155,1489.54000000,0.09221687,0
2024-11-17 07:00:00,0.00006205,0.00006245,0.00006191,0.00006201,1673.16000000,1731830399999,0.10402688,79,949.56000000,0.05905729,0
2024-11-17 08:00:00,0.00006202,0.00006240,0.00006156,0.00006156,2931.36000000,1731833999999,0.18148999,128,615.86000000,0.03818163,0
2024-11-17 09:00:00,0.00006154,0.00006157,0.00006092,0.00006097,2854.14000000,1731837599999,0.17482944,297,2054.02000000,0.12592060,0
2024-11-17 10:00:00,0.00006101,0.00006107,0.00006059,0.00006062,13457.49000000,1731841199999,0.81675404,261,11341.13000000,0.68816829,0
2024-11-17 11:00:00,0.00006057,0.00006065,0.00006009,0.00006011,1464.35000000,1731844799999,0.08849100,165,842.20000000,0.05092409,0
2024-11-17 12:00:00,0.00006017,0.00006054,0.00006008,0.00006053,5509.75000000,1731848399999,0.33202594,723,4935.59000000,0.29736980,0
2024-11-17 13:00:00,0.00006053,0.00006075,0.00006039,0.00006073,1482.55000000,1731851999999,0.08970351,141,951.00000000,0.05754547,0
2024-11-17 14:00:00,0.00006075,0.00006078,0.00006045,0.00006052,1751.22000000,1731855599999,0.10603417,113,1121.34000000,0.06788728,0
2024-11-17 15:00:00,0.00006049,0.00006053,0.00006028,0.00006047,1954.94000000,1731859199999,0.11804543,127,1107.58000000,0.06688684,0
2024-11-17 16:00:00,0.00006045,0.00006067,0.00006025,0.00006067,1882.50000000,1731862799999,0.11389481,91,1081.35000000,0.06544306,0
2024-11-17 17:00:00,0.00006068,0.00006081,0.00006045,0.00006053,1259.76000000,1731866399999,0.07637786,74,684.18000000,0.04149096,0
2024-11-17 18:00:00,0.00006049,0.00006050,0.00005982,0.00005989,1864.85000000,1731869999999,0.11208154,130,613.18000000,0.03689852,0
2024-11-17 19:00:00,0.00005983,0.00005992,0.00005939,0.00005983,1166.52000000,1731873599999,0.06963721,104,850.49000000,0.05075396,0
2024-11-17 20:00:00,0.00005977,0.00005996,0.00005966,0.00005987,7673.69000000,1731877199999,0.45876692,842,1948.67000000,0.11658719,0
2024-11-17 21:00:00,0.00005989,0.00005995,0.00005966,0.00005978,3526.45000000,1731880799999,0.21105101,244,1232.96000000,0.07376890,0
2024-11-17 22:00:00,0.00005967,0.00005989,0.00005954,0.00005967,1426.51000000,1731884399999,0.08522966,104,806.73000000,0.04820258,0
2024-11-17 23:00:00,0.00005969,0.00005990,0.00005952,0.00005990,1264.27000000,1731887999999,0.07552676,64,809.74000000,0.04837417,0
2024-11-18 00:00:00,0.00005991,0.00006007,0.00005979,0.00006001,576.87000000,1731891599999,0.03455058,42,340.68000000,0.02041097,0
2024-11-18 01:00:00,0.00005995,0.00006018,0.00005981,0.00006018,1187.69000000,1731895199999,0.07116383,56,434.70000000,0.02605247,0
2024-11-18 02:00:00,0.00006020,0.00006050,0.00006006,0.00006048,2035.84000000,1731898799999,0.12239286,56,342.69000000,0.02062524,0
2024-11-18 03:00:00,0.00006046,0.00006070,0.00006022,0.00006064,2120.74000000,1731902399999,0.12816210,59,804.62000000,0.04872610,0
2024-11-18 04:00:00,0.00006068,0.00006101,0.00006050,0.00006057,881.38000000,1731905999999,0.05355953,84,434.47000000,0.02642330,0
2024-11-18 05:00:00,0.00006062,0.00006068,0.00006043,0.00006061,1072.50000000,1731909599999,0.06490055,48,421.69000000,0.02554115,0
2024-11-18 06:00:00,0.00006065,0.00006076,0.00006021,0.00006021,2101.97000000,1731913199999,0.12729141,147,1438.53000000,0.08721539,0
2024-11-18 07:00:00,0.00006016,0.00006038,0.00006005,0.00006029,1322.21000000,1731916799999,0.07963728,91,975.59000000,0.05875781,0
2024-11-18 08:00:00,0.00006027,0.00006032,0.00005988,0.00005999,971.54000000,1731920399999,0.05825563,63,362.61000000,0.02176068,0
2024-11-18 09:00:00,0.00006002,0.00006002,0.00005940,0.00005974,4067.18000000,1731923999999,0.24252748,245,1622.62000000,0.09676743,0
2024-11-18 10:00:00,0.00005968,0.00006000,0.00005964,0.00005995,1341.66000000,1731927599999,0.08023797,81,952.45000000,0.05696283,0
2024-11-18 11:00:00,0.00005999,0.00006024,0.00005969,0.00006018,2974.62000000,1731931199999,0.17844743,367,664.14000000,0.03982558,0
2024-11-18 12:00:00,0.00006019,0.00006048,0.00005976,0.00006042,1541.17000000,1731934799999,0.09268491,128,869.42000000,0.05225255,0
2024-11-18 13:00:00,0.00006046,0.00006071,0.00006010,0.00006054,1858.82000000,1731938399999,0.11220606,149,1257.84000000,0.07589766,0
2024-11-18 14:00:00,0.00006050,0.00006079,0.00006010,0.00006042,3447.41000000,1731941999999,0.20782108,440,907.01000000,0.05478511,0
2024-11-18 15:00:00,0.00006045,0.00006079,0.00005979,0.00005994,3825.31000000,1731945599999,0.23105391,222,2496.27000000,0.15103846,0
2024-11-18 16:00:00,0.00005979,0.00006050,0.00005961,0.00006050,2855.90000000,1731949199999,0.17146337,134,1527.36000000,0.09164243,0
2024-11-18 17:00:00,0.00006052,0.00006071,0.00006011,0.00006043,2596.80000000,1731952799999,0.15692552,142,1261.68000000,0.07617643,0
2024-11-18 18:00:00,0.00006045,0.00006137,0.00006045,0.00006123,2417.51000000,1731956399999,0.14741363,167,1263.88000000,0.07703977,0
2024-11-18 19:00:00,0.00006126,0.00006146,0.00006067,0.00006079,4176.29000000,1731959999999,0.25505706,154,2552.00000000,0.15577471,0
2024-11-18 20:00:00,0.00006075,0.00006083,0.00006037,0.00006055,3126.24000000,1731963599999,0.18942334,117,2053.71000000,0.12444908,0
2024-11-18 21:00:00,0.00006062,0.00006127,0.00006052,0.00006110,3315.63000000,1731967199999,0.20219241,114,2126.51000000,0.12973221,0
2024-11-18 22:00:00,0.00006112,0.00006153,0.00006111,0.00006140,2814.10000000,1731970799999,0.17274402,94,2040.82000000,0.12530742,0
2024-11-18 23:00:00,0.00006139,0.00006169,0.00006116,0.00006160,960.53000000,1731974399999,0.05910802,52,400.73000000,0.02465452,0
2024-11-19 00:00:00,0.00006168,0.00006219,0.00006146,0.00006211,3609.60000000,1731977999999,0.22330903,95,2370.83000000,0.14672304,0
2024-11-19 01:00:00,0.00006207,0.00006241,0.00006197,0.00006200,2883.45000000,1731981599999,0.17936775,75,2074.98000000,0.12908455,0
2024-11-19 02:00:00,0.00006200,0.00006201,0.00006169,0.00006195,928.47000000,1731985199999,0.05741360,46,663.94000000,0.04105143,0
2024-11-19 03:00:00,0.00006186,0.00006206,0.00006143,0.00006147,521.33000000,1731988799999,0.03219725,34,243.95000000,0.01503189,0
2024-11-19 04:00:00,0.00006144,0.00006144,0.00006070,0.00006082,3772.00000000,1731992399999,0.22985927,278,978.46000000,0.05963666,0
2024-11-19 05:00:00,0.00006084,0.00006141,0.00006080,0.00006117,876.39000000,1731995999999,0.05366296,39,460.64000000,0.02819555,0
2024-11-19 06:00:00,0.00006110,0.00006136,0.00006106,0.00006123,1503.65000000,1731999599999,0.09215691,49,614.86000000,0.03767935,0
2024-11-19 07:00:00,0.00006119,0.00006136,0.00006089,0.00006095,678.74000000,1732003199999,0.04147846,70,338.41000000,0.02067516,0
2024-11-19 08:00:00,0.00006093,0.00006138,0.00006074,0.00006124,2389.66000000,1732006799999,0.14606756,260,860.03000000,0.05241030,0
2024-11-19 09:00:00,0.00006123,0.00006145,0.00006116,0.00006127,1143.65000000,1732010399999,0.07012612,83,531.16000000,0.03257974,0
2024-11-19 10:00:00,0.00006118,0.00006152,0.00006107,0.00006121,2115.84000000,1732013999999,0.12964644,98,1298.96000000,0.07954533,0
2024-11-19 11:00:00,0.00006121,0.00006125,0.00006094,0.00006096,2338.47000000,1732017599999,0.14286146,137,800.27000000,0.04888061,0
2024-11-19 12:00:00,0.00006097,0.00006108,0.00006017,0.00006024,2947.13000000,1732021199999,0.17866090,145,993.66000000,0.06022797,0
2024-11-19 13:00:00,0.00006021,0.00006031,0.00005965,0.00006025,2636.24000000,1732024799999,0.15811409,151,1486.38000000,0.08922944,0
2024-11-19 14:00:00,0.00006013,0.00006028,0.00005984,0.00005984,1672.85000000,1732028399999,0.10058947,99,889.66000000,0.05350725,0
2024-11-19 15:00:00,0.00005989,0.00006008,0.00005960,0.00005966,2287.48000000,1732031999999,0.13700475,277,1701.59000000,0.10190915,0
2024-11-19 16:00:00,0.00005965,0.00005995,0.00005945,0.00005951,1792.35000000,1732035599999,0.10719876,123,965.53000000,0.05774397,0
2024-11-19 17:00:00,0.00005951,0.00005951,0.00005916,0.00005919,1440.11000000,1732039199999,0.08545659,147,858.07000000,0.05088683,0
2024-11-19 18:00:00,0.00005921,0.00005927,0.00005857,0.00005890,2347.48000000,1732042799999,0.13846858,128,1296.11000000,0.07647065,0
2024-11-19 19:00:00,0.00005898,0.00005900,0.00005866,0.00005891,1171.00000000,1732046399999,0.06890797,96,848.70000000,0.04992682,0
2024-11-19 20:00:00,0.00005892,0.00005895,0.00005860,0.00005880,4115.57000000,1732049999999,0.24197632,93,888.11000000,0.05221628,0
2024-11-19 21:00:00,0.00005882,0.00005892,0.00005857,0.00005892,2097.02000000,1732053599999,0.12317263,72,927.45000000,0.05449823,0
2024-11-19 22:00:00,0.00005883,0.00005898,0.00005866,0.00005890,2108.08000000,1732057199999,0.12385900,169,431.43000000,0.02538420,0
2024-11-19 23:00:00,0.00005898,0.00005921,0.00005898,0.00005913,332.88000000,1732060799999,0.01968689,26,288.69000000,0.01707741,0
2024-11-20 00:00:00,0.00005902,0.00005902,0.00005875,0.00005898,826.29000000,1732064399999,0.04866302,47,426.29000000,0.02511514,0
2024-11-20 01:00:00,0.00005893,0.00005899,0.00005874,0.00005889,330.46000000,1732067999999,0.01946277,26,195.19000000,0.01149506,0
2024-11-20 02:00:00,0.00005887,0.00005905,0.00005856,0.00005860,1027.75000000,1732071599999,0.06038696,51,667.79000000,0.03923474,0
2024-11-20 03:00:00,0.00005857,0.00005857,0.00005795,0.00005847,3776.49000000,1732075199999,0.22066692,117,1001.38000000,0.05846097,0
2024-11-20 04:00:00,0.00005846,0.00005868,0.00005822,0.00005868,405.21000000,1732078799999,0.02367867,39,381.76000000,0.02230852,0
2024-11-20 05:00:00,0.00005863,0.00005874,0.00005860,0.00005862,2546.30000000,1732082399999,0.14926300,76,2089.18000000,0.12245579,0
2024-11-20 06:00:00,0.00005859,0.00005863,0.00005841,0.00005862,719.63000000,1732085999999,0.04215530,46,381.11000000,0.02232775,0
2024-11-20 07:00:00,0.00005865,0.00005865,0.00005847,0.00005848,849.41000000,1732089599999,0.04972426,66,656.68000000,0.03844867,0
2024-11-20 08:00:00,0.00005846,0.00005863,0.00005846,0.00005850,975.40000000,1732093199999,0.05710395,62,595.79000000,0.03488619,0
2024-11-20 09:00:00,0.00005848,0.00005857,0.00005823,0.00005853,736.13000000,1732096799999,0.04298415,59,523.38000000,0.03057808,0
2024-11-20 10:00:00,0.00005850,0.00005850,0.00005813,0.00005815,776.78000000,1732100399999,0.04529688,86,333.62000000,0.01944780,0
2024-11-20 11:00:00,0.00005816,0.00005816,0.00005789,0.00005794,634.86000000,1732103999999,0.03679520,112,407.79000000,0.02363746,0
2024-11-20 12:00:00,0.00005785,0.00005792,0.00005712,0.00005762,19491.72000000,1732107599999,1.12140090,386,12273.24000000,0.70611674,0
2024-11-20 13:00:00,0.00005752,0.00005763,0.00005732,0.00005748,1925.77000000,1732111199999,0.11066235,106,1042.67000000,0.05993381,0
2024-11-20 14:00:00,0.00005748,0.00005771,0.00005704,0.00005704,4746.11000000,1732114799999,0.27249398,333,1320.37000000,0.07579690,0
2024-11-20 15:00:00,0.00005707,0.00005709,0.00005561,0.00005601,34738.78000000,1732118399999,1.95411103,666,13016.78000000,0.73310598,0
2024-11-20 16:00:00,0.00005604,0.00005623,0.00005521,0.00005581,17899.06000000,1732121999999,0.99579503,583,7179.35000000,0.39957946,0
2024-11-20 17:00:00,0.00005581,0.00005625,0.00005563,0.00005565,1896.01000000,1732125599999,0.10612197,137,897.75000000,0.05026907,0
2024-11-20 18:00:00,0.00005561,0.00005644,0.00005547,0.00005613,1914.08000000,1732129199999,0.10729330,101,978.44000000,0.05491093,0
2024-11-20 19:00:00,0.00005606,0.00005609,0.00005573,0.00005573,1358.65000000,1732132799999,0.07596097,66,704.58000000,0.03939905,0
2024-11-20 20:00:00,0.00005563,0.00005652,0.00005539,0.00005637,1784.31000000,1732136399999,0.09978030,127,718.01000000,0.04018783,0
2024-11-20 21:00:00,0.00005639,0.00005670,0.00005638,0.00005649,915.16000000,1732139999999,0.05177183,52,581.35000000,0.03286695,0
2024-11-20 22:00:00,0.00005655,0.00005678,0.00005637,0.00005646,1205.84000000,1732143599999,0.06814346,46,574.78000000,0.03246724,0
2024-11-20 23:00:00,0.00005637,0.00005647,0.00005608,0.00005608,484.61000000,1732147199999,0.02733395,30,129.65000000,0.00731569,0
2024-11-21 00:00:00,0.00005603,0.00005627,0.00005602,0.00005618,700.47000000,1732150799999,0.03936527,31,377.77000000,0.02122739,0
2024-11-21 01:00:00,0.00005619,0.00005649,0.00005617,0.00005648,1552.73000000,1732154399999,0.08757326,56,890.70000000,0.05021708,0
2024-11-21 02:00:00,0.00005632,0.00005633,0.00005556,0.00005602,2503.96000000,1732157999999,0.13962134,91,1224.58000000,0.06829531,0
2024-11-21 03:00:00,0.00005614,0.00005614,0.00005496,0.00005503,4594.56000000,1732161599999,0.25348031,217,1236.93000000,0.06856004,0
2024-11-21 04:00:00,0.00005503,0.00005560,0.00005456,0.00005500,7229.62000000,1732165199999,0.39950615,995,581.16000000,0.03221514,0
2024-11-21 05:00:00,0.00005500,0.00005529,0.00005500,0.00005513,1936.59000000,1732168799999,0.10684339,100,692.18000000,0.03818331,0
2024-11-21 06:00:00,0.00005513,0.00005648,0.00005505,0.00005594,38706.55000000,1732172399999,2.15779092,676,32972.96000000,1.83856056,0
2024-11-21 07:00:00,0.00005598,0.00005657,0.00005586,0.00005657,5513.37000000,1732175999999,0.30973729,204,3590.53000000,0.20172553,0
2024-11-21 08:00:00,0.00005658,0.00005774,0.00005652,0.00005690,16342.74000000,1732179599999,0.93458770,448,8867.69000000,0.50674542,0
2024-11-21 09:00:00,0.00005689,0.00005689,0.00005581,0.00005583,4512.04000000,1732183199999,0.25444760,134,1902.36000000,0.10735380,0
2024-11-21 10:00:00,0.00005592,0.00005630,0.00005549,0.00005551,7517.57000000,1732186799999,0.41943004,174,3056.38000000,0.17069156,0
2024-11-21 11:00:00,0.00005551,0.00005571,0.00005513,0.00005563,18312.93000000,1732190399999,1.01328548,2290,3314.85000000,0.18380841,0
2024-11-21 12:00:00,0.00005552,0.00005667,0.00005552,0.00005631,6721.02000000,1732193999999,0.37736764,274,3147.47000000,0.17673590,0
2024-11-21 13:00:00,0.00005629,0.00005698,0.00005629,0.00005663,4880.82000000,1732197599999,0.27724311,201,2647.30000000,0.15040109,0
2024-11-21 14:00:00,0.00005669,0.00005710,0.00005646,0.00005659,3568.09000000,1732201199999,0.20266807,420,1354.15000000,0.07688079,0
2024-11-21 15:00:00,0.00005690,0.00005697,0.00005637,0.00005664,48718.40000000,1732204799999,2.76591911,4187,3274.87000000,0.18577305,0
2024-11-21 16:00:00,0.00005672,0.00005704,0.00005664,0.00005693,1957.70000000,1732208399999,0.11122635,131,595.36000000,0.03383093,0
2024-11-21 17:00:00,0.00005697,0.00005701,0.00005630,0.00005631,2946.45000000,1732211999999,0.16678328,140,1313.12000000,0.07428589,0
2024-11-21 18:00:00,0.00005628,0.00005651,0.00005583,0.00005622,2607.66000000,1732215599999,0.14643152,105,890.79000000,0.05004213,0
2024-11-21 19:00:00,0.00005620,0.00005620,0.00005560,0.00005606,3196.15000000,1732219199999,0.17854913,119,1761.58000000,0.09830673,0
2024-11-21 20:00:00,0.00005603,0.00005605,0.00005569,0.00005573,1506.06000000,1732222799999,0.08419272,109,576.28000000,0.03222179,0
2024-11-21 21:00:00,0.00005582,0.00005597,0.00005572,0.00005578,1309.92000000,1732226399999,0.07314478,64,592.10000000,0.03305708,0
2024-11-21 22:00:00,0.00005577,0.00005604,0.00005577,0.00005582,1000.34000000,1732229999999,0.05591621,45,587.62000000,0.03284996,0
2024-11-21 23:00:00,0.00005588,0.00005608,0.00005561,0.00005608,2097.58000000,1732233599999,0.11712449,65,1807.51000000,0.10094075,0
2024-11-22 00:00:00,0.00005607,0.00005631,0.00005567,0.00005588,3023.98000000,1732237199999,0.16940596,91,1170.34000000,0.06556957,0
2024-11-22 01:00:00,0.00005585,0.00005641,0.00005569,0.00005630,1479.12000000,1732240799999,0.08305520,128,687.97000000,0.03869373,0
2024-11-22 02:00:00,0.00005641,0.00005654,0.00005590,0.00005623,1768.87000000,1732244399999,0.09964727,59,581.37000000,0.03277101,0
2024-11-22 03:00:00,0.00005608,0.00005630,0.00005595,0.00005608,1421.27000000,1732247999999,0.07975384,146,805.26000000,0.04517769,0
2024-11-22 04:00:00,0.00005611,0.00005656,0.00005599,0.00005655,2194.11000000,1732251599999,0.12359561,92,1328.87000000,0.07483553,0
2024-11-22 05:00:00,0.00005643,0.00005643,0.00005612,0.00005613,2702.10000000,1732255199999,0.15202699,98,921.39000000,0.05187030,0
2024-11-22 06:00:00,0.00005609,0.00005626,0.00005566,0.00005584,5588.76000000,1732258799999,0.31274450,295,4077.16000000,0.22837626,0
2024-11-22 07:00:00,0.00005582,0.00005593,0.00005526,0.00005535,5072.41000000,1732262399999,0.28263396,192,3566.27000000,0.19873731,0
2024-11-22 08:00:00,0.00005531,0.00005571,0.00005531,0.00005567,1149.11000000,1732265999999,0.06382994,90,584.11000000,0.03244151,0
2024-11-22 09:00:00,0.00005567,0.00005586,0.00005546,0.00005561,2551.17000000,1732269599999,0.14194193,225,1087.45000000,0.06049841,0
2024-11-22 10:00:00,0.00005562,0.00005588,0.00005550,0.00005580,2441.46000000,1732273199999,0.13596292,124,1506.69000000,0.08391119,0
2024-11-22 11:00:00,0.00005578,0.00005602,0.00005558,0.00005589,2089.44000000,1732276799999,0.11681048,172,427.52000000,0.02388842,0
2024-11-22 12:00:00,0.00005584,0.00005640,0.00005579,0.00005629,4083.24000000,1732280399999,0.22913028,312,2063.24000000,0.11584525,0
2024-11-22 13:00:00,0.00005610,0.00005630,0.00005552,0.00005568,4667.19000000,1732283999999,0.26111447,244,2738.13000000,0.15314218,0
2024-11-22 14:00:00,0.00005574,0.00005591,0.00005542,0.00005581,3160.42000000,1732287599999,0.17573494,241,1294.51000000,0.07196965,0
2024-11-22 15:00:00,0.00005581,0.00005591,0.00005553,0.00005564,4033.43000000,1732291199999,0.22450509,187,1862.82000000,0.10368970,0
2024-11-22 16:00:00,0.00005575,0.00005584,0.00005522,0.00005522,3326.15000000,1732294799999,0.18485839,146,2014.94000000,0.11213172,0
2024-11-22 17:00:00,0.00005538,0.00005552,0.00005516,0.00005533,2191.53000000,1732298399999,0.12132642,234,1661.27000000,0.09199224,0
2024-11-22 18:00:00,0.00005535,0.00005554,0.00005489,0.00005498,2193.23000000,1732301999999,0.12113916,122,1195.82000000,0.06607824,0
2024-11-22 19:00:00,0.00005497,0.00005535,0.00005468,0.00005535,16799.17000000,1732305599999,0.92352133,660,15597.25000000,0.85750499,0
2024-11-22 20:00:00,0.00005534,0.00005563,0.00005518,0.00005556,3041.02000000,1732309199999,0.16832435,136,2336.28000000,0.12926093,0
2024-11-22 21:00:00,0.00005550,0.00005552,0.00005484,0.00005535,4299.80000000,1732312799999,0.23762419,110,770.93000000,0.04262477,0
2024-11-22 22:00:00,0.00005537,0.00005537,0.00005397,0.00005462,18774.74000000,1732316399999,1.02514642,327,5728.06000000,0.31255020,0
2024-11-22 23:00:00,0.00005464,0.00005510,0.00005447,0.00005510,4678.43000000,1732319999999,0.25657174,178,2491.12000000,0.13659758,0
2024-11-23 00:00:00,0.00005511,0.00005593,0.00005511,0.00005576,7152.65000000,1732323599999,0.39684407,153,4446.43000000,0.24654903,0
2024-11-23 01:00:00,0.00005594,0.00005655,0.00005592,0.00005651,5752.91000000,1732327199999,0.32366704,149,2270.73000000,0.12764553,0
2024-11-23 02:00:00,0.00005656,0.00005656,0.00005565,0.00005567,5560.16000000,1732330799999,0.31194259,344,2666.85000000,0.14941633,0
2024-11-23 03:00:00,0.00005582,0.00005638,0.00005570,0.00005637,1791.19000000,1732334399999,0.10029218,51,715.72000000,0.04022240,0
2024-11-23 04:00:00,0.00005636,0.00005651,0.00005611,0.00005639,4481.12000000,1732337999999,0.25240134,282,2702.37000000,0.15226071,0
2024-11-23 05:00:00,0.00005644,0.00005700,0.00005618,0.00005635,4691.96000000,1732341599999,0.26501068,225,2334.20000000,0.13193302,0
2024-11-23 06:00:00,0.00005640,0.00005667,0.00005628,0.00005659,4298.22000000,1732345199999,0.24293313,351,2597.63000000,0.14688968,0
2024-11-23 07:00:00,0.00005659,0.00005740,0.00005648,0.00005724,4595.75000000,1732348799999,0.26166732,173,2280.62000000,0.12998072,0
2024-11-23 08:00:00,0.00005725,0.00005745,0.00005691,0.00005721,5249.87000000,1732352399999,0.30046559,362,2870.89000000,0.16434152,0
2024-11-23 09:00:00,0.00005723,0.00005747,0.00005689,0.00005740,3282.35000000,1732355999999,0.18767239,173,1740.01000000,0.09942475,0
2024-11-23 10:00:00,0.00005742,0.00005794,0.00005727,0.00005772,18370.09000000,1732359599999,1.05912948,2203,3891.36000000,0.22455190,0
2024-11-23 11:00:00,0.00005782,0.00005805,0.00005741,0.00005760,4263.21000000,1732363199999,0.24636954,288,3497.19000000,0.20218393,0
2024-11-23 12:00:00,0.00005769,0.00005875,0.00005753,0.00005873,18609.39000000,1732366799999,1.08904405,1064,5583.20000000,0.32595303,0
2024-11-23 13:00:00,0.00005871,0.00006307,0.00005860,0.00006294,60770.96000000,1732370399999,3.72082969,1589,26765.57000000,1.64245421,0
2024-11-23 14:00:00,0.00006296,0.00006459,0.00006101,0.00006316,64041.92000000,1732373999999,4.04575934,1612,25674.62000000,1.61556245,0
2024-11-23 15:00:00,0.00006328,0.00006519,0.00006248,0.00006372,17964.61000000,1732377599999,1.14418388,504,12920.32000000,0.82338324,0
2024-11-23 16:00:00,0.00006345,0.00006734,0.00006208,0.00006653,48304.22000000,1732381199999,3.13033475,1578,32358.93000000,2.10154574,0
2024-11-23 17:00:00,0.00006651,0.00006740,0.00006481,0.00006619,23596.16000000,1732384799999,1.56249653,816,13638.52000000,0.90407257,0
2024-11-23 18:00:00,0.00006628,0.00006628,0.00006483,0.00006493,3718.51000000,1732388399999,0.24333540,170,1672.12000000,0.10954627,0
2024-11-23 19:00:00,0.00006488,0.00006552,0.00006413,0.00006453,4332.05000000,1732391999999,0.28038548,175,2348.79000000,0.15184954,0
2024-11-23 20:00:00,0.00006466,0.00006466,0.00006320,0.00006400,3119.02000000,1732395599999,0.19918366,186,1722.55000000,0.10997623,0
2024-11-23 21:00:00,0.00006396,0.00006483,0.00006396,0.00006483,4196.00000000,1732399199999,0.27050931,166,2011.47000000,0.12951222,0
2024-11-23 22:00:00,0.00006483,0.00006673,0.00006481,0.00006625,13233.68000000,1732402799999,0.87105409,395,8160.77000000,0.53720558,0
2024-11-23 23:00:00,0.00006613,0.00006614,0.00006435,0.00006456,6125.26000000,1732406399999,0.39977304,167,2542.37000000,0.16571960,0
2024-11-24 00:00:00,0.00006468,0.00006648,0.00006468,0.00006571,7655.83000000,1732409999999,0.50338467,239,4795.17000000,0.31515674,0
2024-11-24 01:00:00,0.00006568,0.00006635,0.00006539,0.00006592,7018.83000000,1732413599999,0.46261638,179,2937.25000000,0.19325873,0
2024-11-24 02:00:00,0.00006583,0.00006588,0.00006464,0.00006468,8720.90000000,1732417199999,0.57007534,197,3514.92000000,0.22950607,0
2024-11-24 03:00:00,0.00006466,0.00006561,0.00006466,0.00006522,7842.00000000,1732420799999,0.51164572,235,1396.57000000,0.09112241,0
2024-11-24 04:00:00,0.00006522,0.00006622,0.00006498,0.00006543,6487.74000000,1732424399999,0.42509357,246,3803.52000000,0.24924462,0
2024-11-24 05:00:00,0.00006534,0.00006679,0.00006518,0.00006636,8446.01000000,1732427999999,0.56011310,401,6487.42000000,0.43059303,0
2024-11-24 06:00:00,0.00006630,0.00006705,0.00006581,0.00006583,10234.89000000,1732431599999,0.68038655,420,6121.57000000,0.40706404,0
2024-11-24 07:00:00,0.00006582,0.00006590,0.00006529,0.00006531,5915.35000000,1732435199999,0.38735940,262,2729.64000000,0.17877629,0
2024-11-24 08:00:00,0.00006528,0.00006557,0.00006375,0.00006391,15488.12000000,1732438799999,1.00279147,402,9388.45000000,0.60965843,0
2024-11-24 09:00:00,0.00006387,0.00006434,0.00006331,0.00006429,5309.38000000,1732442399999,0.33922859,294,2533.56000000,0.16204714,0
2024-11-24 10:00:00,0.00006422,0.00006432,0.00006288,0.00006331,6810.20000000,1732445999999,0.43173885,250,929.70000000,0.05917214,0
2024-11-24 11:00:00,0.00006336,0.00006336,0.00006165,0.00006180,8577.32000000,1732449599999,0.53350914,479,2707.83000000,0.16935823,0
2024-11-24 12:00:00,0.00006170,0.00006243,0.00005994,0.00006119,25224.28000000,1732453199999,1.53816916,997,8023.89000000,0.48937114,0
2024-11-24 13:00:00,0.00006119,0.00006241,0.00006098,0.00006216,10029.47000000,1732456799999,0.61971622,485,6615.28000000,0.40865055,0
2024-11-24 14:00:00,0.00006198,0.00006198,0.00006109,0.00006177,8179.21000000,1732460399999,0.50371886,768,3137.11000000,0.19313685,0
2024-11-24 15:00:00,0.00006179,0.00006184,0.00006094,0.00006131,9692.65000000,1732463999999,0.59404217,386,6979.62000000,0.42771820,0
2024-11-24 16:00:00,0.00006132,0.00006444,0.00006108,0.00006374,18694.78000000,1732467599999,1.17779755,533,9625.24000000,0.60351626,0
2024-11-24 17:00:00,0.00006343,0.00006374,0.00006275,0.00006342,11422.32000000,1732471199999,0.72071017,608,3207.63000000,0.20279539,0
2024-11-24 18:00:00,0.00006335,0.00006359,0.00006294,0.00006297,1646.21000000,1732474799999,0.10395338,99,706.40000000,0.04461215,0
2024-11-24 19:00:00,0.00006301,0.00006307,0.00006249,0.00006289,2204.74000000,1732478399999,0.13839123,142,1149.37000000,0.07211973,0
2024-11-24 20:00:00,0.00006280,0.00006330,0.00006280,0.00006308,3783.15000000,1732481999999,0.23845756,179,1663.17000000,0.10488569,0
2024-11-24 21:00:00,0.00006311,0.00006314,0.00006261,0.00006304,3953.66000000,1732485599999,0.24860719,88,836.82000000,0.05277373,0
2024-11-24 22:00:00,0.00006300,0.00006311,0.00006253,0.00006277,3359.93000000,1732489199999,0.21093675,122,1457.33000000,0.09150845,0
2024-11-24 23:00:00,0.00006272,0.00006303,0.00006250,0.00006278,2340.90000000,1732492799999,0.14697077,90,1610.91000000,0.10117386,0
2024-11-25 00:00:00,0.00006279,0.00006310,0.00006229,0.00006253,2029.66000000,1732496399999,0.12714167,147,1270.67000000,0.07954005,0
2024-11-25 01:00:00,0.00006247,0.00006256,0.00006147,0.00006216,5915.74000000,1732499999999,0.36539302,290,2370.40000000,0.14656744,0
2024-11-25 02:00:00,0.00006214,0.00006273,0.00006208,0.00006223,2323.57000000,1732503599999,0.14500862,92,1100.01000000,0.06859034,0
2024-11-25 03:00:00,0.00006239,0.00006246,0.00006187,0.00006213,1839.93000000,1732507199999,0.11442835,86,861.80000000,0.05356959,0
2024-11-25 04:00:00,0.00006201,0.00006259,0.00006199,0.00006226,1997.20000000,1732510799999,0.12459215,93,805.10000000,0.05023073,0
2024-11-25 05:00:00,0.00006216,0.00006256,0.00006205,0.00006223,3333.08000000,1732514399999,0.20773456,167,1595.83000000,0.09943875,0
2024-11-25 06:00:00,0.00006231,0.00006251,0.00006206,0.00006212,3087.36000000,1732517999999,0.19242532,162,1939.81000000,0.12085653,0
2024-11-25 07:00:00,0.00006213,0.00006294,0.00006187,0.00006228,3092.35000000,1732521599999,0.19316649,186,1788.31000000,0.11177038,0
2024-11-25 08:00:00,0.00006227,0.00006289,0.00006222,0.00006289,3843.69000000,1732525199999,0.24072598,232,1789.83000000,0.11217178,0
2024-11-25 09:00:00,0.00006283,0.00006331,0.00006278,0.00006279,6694.23000000,1732528799999,0.42187307,302,3224.75000000,0.20327461,0
2024-11-25 10:00:00,0.00006286,0.00006380,0.00006246,0.00006360,6850.04000000,1732532399999,0.43173530,375,3583.27000000,0.22594122,0
2024-11-25 11:00:00,0.00006360,0.00006391,0.00006301,0.00006350,7141.10000000,1732535999999,0.45315441,234,3621.43000000,0.22967689,0
2024-11-25 12:00:00,0.00006346,0.00006383,0.00006311,0.00006357,3228.24000000,1732539599999,0.20472901,249,1942.27000000,0.12322624,0
2024-11-25 13:00:00,0.00006356,0.00006394,0.00006263,0.00006306,5586.51000000,1732543199999,0.35294963,228,2950.38000000,0.18664009,0
2024-11-25 14:00:00,0.00006312,0.00006432,0.00006302,0.00006318,6118.66000000,1732546799999,0.38997857,427,2987.09000000,0.19023151,0
2024-11-25 15:00:00,0.00006321,0.00006436,0.00006262,0.00006436,7850.81000000,1732550399999,0.49917080,505,4392.06000000,0.27949491,0
2024-11-25 16:00:00,0.00006430,0.00006462,0.00006391,0.00006416,7604.04000000,1732553999999,0.48903758,328,2999.07000000,0.19298242,0
2024-11-25 17:00:00,0.00006419,0.00006432,0.00006360,0.00006419,3420.86000000,1732557599999,0.21861289,208,1724.28000000,0.11011714,0
2024-11-25 18:00:00,0.00006418,0.00006433,0.00006380,0.00006404,2499.63000000,1732561199999,0.16026550,139,899.23000000,0.05771130,0
2024-11-25 19:00:00,0.00006405,0.00006491,0.00006388,0.00006482,6384.88000000,1732564799999,0.41271084,303,3592.03000000,0.23220569,0
2024-11-25 20:00:00,0.00006484,0.00006565,0.00006482,0.00006562,3534.91000000,1732568399999,0.23071754,154,2407.63000000,0.15709395,0
2024-11-25 21:00:00,0.00006559,0.00006571,0.00006492,0.00006568,1606.15000000,1732571999999,0.10501759,94,663.50000000,0.04337931,0
2024-11-25 22:00:00,0.00006565,0.00006584,0.00006427,0.00006479,7800.90000000,1732575599999,0.50686744,240,2505.42000000,0.16233327,0
2024-11-25 23:00:00,0.00006481,0.00006587,0.00006460,0.00006546,3888.09000000,1732579199999,0.25403044,140,2065.80000000,0.13489504,0
2024-11-26 00:00:00,0.00006536,0.00006555,0.00006469,0.00006476,2643.38000000,1732582799999,0.17193127,117,989.25000000,0.06433984,0
2024-11-26 01:00:00,0.00006466,0.00006587,0.00006460,0.00006569,6406.70000000,1732586399999,0.41888004,125,4256.57000000,0.27842020,0
2024-11-26 02:00:00,0.00006564,0.00006618,0.00006544,0.00006601,1451.05000000,1732589999999,0.09559944,106,797.15000000,0.05255418,0
2024-11-26 03:00:00,0.00006602,0.00006606,0.00006545,0.00006583,1174.19000000,1732593599999,0.07722951,70,798.25000000,0.05252701,0
2024-11-26 04:00:00,0.00006559,0.00006601,0.00006536,0.00006587,2726.00000000,1732597199999,0.17848081,184,2241.84000000,0.14673708,0
2024-11-26 05:00:00,0.00006591,0.00006623,0.00006572,0.00006612,2195.28000000,1732600799999,0.14489409,102,1000.76000000,0.06604424,0
2024-11-26 06:00:00,0.00006620,0.00006664,0.00006605,0.00006628,82083.53000000,1732604399999,5.44884465,11168,4328.52000000,0.28746738,0
2024-11-26 07:00:00,0.00006616,0.00006622,0.00006523,0.00006555,8311.87000000,1732607999999,0.54605704,266,5459.25000000,0.35887726,0
2024-11-26 08:00:00,0.00006548,0.00006566,0.00006442,0.00006458,7666.81000000,1732611599999,0.49842291,426,3340.18000000,0.21719495,0
2024-11-26 09:00:00,0.00006467,0.00006492,0.00006398,0.00006440,3486.41000000,1732615199999,0.22513106,167,1852.13000000,0.11951928,0
2024-11-26 10:00:00,0.00006441,0.00006441,0.00006317,0.00006320,5000.33000000,1732618799999,0.31913563,251,2692.65000000,0.17201423,0
2024-11-26 11:00:00,0.00006321,0.00006406,0.00006202,0.00006312,13513.13000000,1732622399999,0.84762119,947,7227.06000000,0.45339178,0
2024-11-26 12:00:00,0.00006314,0.00006381,0.00006282,0.00006355,8862.20000000,1732625999999,0.56090080,705,3724.12000000,0.23550493,0
2024-11-26 13:00:00,0.00006359,0.00006434,0.00006359,0.00006412,7364.64000000,1732629599999,0.47125150,822,3445.07000000,0.22041196,0
2024-11-26 14:00:00,0.00006416,0.00006463,0.00006362,0.00006406,3221.09000000,1732633199999,0.20689959,189,2073.45000000,0.13322184,0
2024-11-26 15:00:00,0.00006406,0.00006421,0.00006323,0.00006341,3216.00000000,1732636799999,0.20580254,216,1878.29000000,0.12028489,0
2024-11-26 16:00:00,0.00006340,0.00006354,0.00006303,0.00006321,2712.13000000,1732640399999,0.17197212,138,2168.62000000,0.13754033,0
2024-11-26 17:00:00,0.00006333,0.00006371,0.00006323,0.00006371,1411.05000000,1732643999999,0.08958879,104,370.29000000,0.02351437,0
2024-11-26 18:00:00,0.00006364,0.00006398,0.00006310,0.00006383,2148.33000000,1732647599999,0.13647563,144,1071.24000000,0.06808816,0
2024-11-26 19:00:00,0.00006384,0.00006471,0.00006349,0.00006471,3053.86000000,1732651199999,0.19629079,206,1808.35000000,0.11629484,0
2024-11-26 20:00:00,0.00006475,0.00006550,0.00006473,0.00006550,9407.35000000,1732654799999,0.61146185,402,2995.33000000,0.19483908,0
2024-11-26 21:00:00,0.00006538,0.00006554,0.00006507,0.00006553,4233.69000000,1732658399999,0.27651737,136,905.99000000,0.05922121,0
2024-11-26 22:00:00,0.00006553,0.00006755,0.00006540,0.00006686,16968.26000000,1732661999999,1.12932624,519,12335.07000000,0.82025713,0
2024-11-26 23:00:00,0.00006684,0.00006707,0.00006660,0.00006675,1925.57000000,1732665599999,0.12869279,82,1202.63000000,0.08037348,0
2024-11-27 00:00:00,0.00006666,0.00006731,0.00006651,0.00006684,3609.10000000,1732669199999,0.24112666,75,1159.57000000,0.07772588,0
2024-11-27 01:00:00,0.00006704,0.00006737,0.00006677,0.00006710,2449.23000000,1732672799999,0.16444733,68,1959.53000000,0.13155047,0
2024-11-27 02:00:00,0.00006710,0.00006760,0.00006695,0.00006746,2303.53000000,1732676399999,0.15521856,105,1230.01000000,0.08293981,0
2024-11-27 03:00:00,0.00006746,0.00006751,0.00006651,0.00006692,2270.98000000,1732679999999,0.15172334,135,1528.47000000,0.10208388,0
2024-11-27 04:00:00,0.00006684,0.00006759,0.00006684,0.00006699,2914.75000000,1732683599999,0.19620556,153,2353.75000000,0.15844396,0
2024-11-27 05:00:00,0.00006710,0.00006745,0.00006677,0.00006688,2137.81000000,1732687199999,0.14342440,74,992.26000000,0.06649391,0
2024-11-27 06:00:00,0.00006686,0.00006729,0.00006671,0.00006695,2054.30000000,1732690799999,0.13748014,110,1219.59000000,0.08160317,0
2024-11-27 07:00:00,0.00006703,0.00006769,0.00006703,0.00006749,2516.56000000,1732694399999,0.16962217,143,1639.60000000,0.11050473,0
2024-11-27 08:00:00,0.00006754,0.00006817,0.00006733,0.00006756,4536.26000000,1732697999999,0.30673197,299,1769.44000000,0.11977174,0
2024-11-27 09:00:00,0.00006773,0.00006854,0.00006697,0.00006735,7617.92000000,1732701599999,0.51433606,186,6134.98000000,0.41461833,0
2024-11-27 10:00:00,0.00006727,0.00006765,0.00006697,0.00006697,1627.19000000,1732705199999,0.10938814,93,855.77000000,0.05761028,0
2024-11-27 11:00:00,0.00006701,0.00006704,0.00006659,0.00006677,1677.07000000,1732708799999,0.11197197,130,1127.07000000,0.07526328,0
2024-11-27 12:00:00,0.00006678,0.00006678,0.00006601,0.00006667,7090.59000000,1732712399999,0.47115027,392,4829.68000000,0.32107722,0
2024-11-27 13:00:00,0.00006669,0.00006695,0.00006646,0.00006655,1543.16000000,1732715999999,0.10305010,101,1128.29000000,0.07534557,0
2024-11-27 14:00:00,0.00006653,0.00006695,0.00006576,0.00006623,7264.32000000,1732719599999,0.48124305,362,4221.76000000,0.27971992,0
2024-11-27 15:00:00,0.00006617,0.00006663,0.00006570,0.00006576,6296.53000000,1732723199999,0.41634784,192,4971.85000000,0.32866664,0
2024-11-27 16:00:00,0.00006574,0.00006745,0.00006573,0.00006689,20025.35000000,1732726799999,1.33693646,646,13406.55000000,0.89524532,0
2024-11-27 17:00:00,0.00006707,0.00006767,0.00006681,0.00006707,4929.25000000,1732730399999,0.33137115,212,3648.95000000,0.24527245,0
2024-11-27 18:00:00,0.00006699,0.00006726,0.00006674,0.00006675,3419.69000000,1732733999999,0.22923760,113,3138.94000000,0.21044001,0
2024-11-27 19:00:00,0.00006677,0.00006677,0.00006619,0.00006619,3673.20000000,1732737599999,0.24418676,112,2291.45000000,0.15233165,0
2024-11-27 20:00:00,0.00006617,0.00006636,0.00006601,0.00006601,1154.90000000,1732741199999,0.07640503,75,764.70000000,0.05061302,0
2024-11-27 21:00:00,0.00006599,0.00006622,0.00006582,0.00006592,1346.47000000,1732744799999,0.08886063,71,942.34000000,0.06222257,0
2024-11-27 22:00:00,0.00006597,0.00006638,0.00006597,0.00006638,1272.45000000,1732748399999,0.08419173,53,631.87000000,0.04179043,0
2024-11-27 23:00:00,0.00006642,0.00006686,0.00006640,0.00006650,2238.26000000,1732751999999,0.14905171,63,1484.62000000,0.09888564,0
2024-11-28 00:00:00,0.00006632,0.00006656,0.00006599,0.00006643,4600.68000000,1732755599999,0.30486360,66,3744.31000000,0.24808388,0
2024-11-28 01:00:00,0.00006642,0.00006701,0.00006624,0.00006694,1575.29000000,1732759199999,0.10501455,55,551.70000000,0.03670607,0
2024-11-28 02:00:00,0.00006686,0.00006704,0.00006660,0.00006665,2758.15000000,1732762799999,0.18424039,61,1033.57000000,0.06898055,0
2024-11-28 03:00:00,0.00006663,0.00006666,0.00006594,0.00006606,16527.49000000,1732766399999,1.09219757,663,13144.20000000,0.86856243,0
2024-11-28 04:00:00,0.00006603,0.00006650,0.00006603,0.00006640,637.31000000,1732769999999,0.04222599,39,285.66000000,0.01893822,0
2024-11-28 05:00:00,0.00006648,0.00006651,0.00006602,0.00006624,1159.30000000,1732773599999,0.07674561,54,652.21000000,0.04321998,0
2024-11-28 06:00:00,0.00006607,0.00006618,0.00006592,0.00006611,932.27000000,1732777199999,0.06155674,52,708.52000000,0.04679421,0
2024-11-28 07:00:00,0.00006612,0.00006646,0.00006606,0.00006611,1703.48000000,1732780799999,0.11286851,73,1065.47000000,0.07059176,0
2024-11-28 08:00:00,0.00006615,0.00006658,0.00006596,0.00006648,1537.92000000,1732784399999,0.10187852,75,991.12000000,0.06571913,0
2024-11-28 09:00:00,0.00006647,0.00006647,0.00006599,0.00006603,691.32000000,1732787999999,0.04577797,84,366.90000000,0.02429597,0
2024-11-28 10:00:00,0.00006604,0.00006646,0.00006578,0.00006622,2979.09000000,1732791599999,0.19709462,180,1888.07000000,0.12487678,0
2024-11-28 11:00:00,0.00006634,0.00006846,0.00006634,0.00006731,16881.83000000,1732795199999,1.13692220,565,13280.68000000,0.89504211,0
2024-11-28 12:00:00,0.00006737,0.00006794,0.00006671,0.00006697,4680.53000000,1732798799999,0.31533942,333,3190.99000000,0.21524767,0
2024-11-28 13:00:00,0.00006690,0.00006770,0.00006680,0.00006742,1490.28000000,1732802399999,0.10023623,214,954.75000000,0.06422318,0
2024-11-28 14:00:00,0.00006738,0.00006910,0.00006733,0.00006906,19714.12000000,1732805999999,1.34581999,957,8952.07000000,0.60926634,0
2024-11-28 15:00:00,0.00006906,0.00006936,0.00006775,0.00006802,10493.50000000,1732809599999,0.71802763,400,7112.11000000,0.48669506,0
2024-11-28 16:00:00,0.00006815,0.00006870,0.00006750,0.00006750,4425.94000000,1732813199999,0.30129640,229,1713.00000000,0.11666018,0
2024-11-28 17:00:00,0.00006777,0.00006841,0.00006766,0.00006824,1016.10000000,1732816799999,0.06922022,109,772.48000000,0.05259991,0
2024-11-28 18:00:00,0.00006821,0.00006906,0.00006707,0.00006796,56434.39000000,1732820399999,3.84619446,2240,35665.69000000,2.43931745,0
2024-11-28 19:00:00,0.00006780,0.00006841,0.00006779,0.00006779,3088.19000000,1732823999999,0.21040795,62,2498.62000000,0.17023074,0
2024-11-28 20:00:00,0.00006770,0.00006788,0.00006765,0.00006770,794.98000000,1732827599999,0.05381187,14,662.30000000,0.04483106,0
2024-11-28 21:00:00,0.00006783,0.00006801,0.00006778,0.00006793,1750.84000000,1732831199999,0.11891740,363,1542.92000000,0.10479059,0
2024-11-28 22:00:00,0.00006794,0.00006814,0.00006789,0.00006797,3511.77000000,1732834799999,0.23884800,430,2638.55000000,0.17946317,0
2024-11-28 23:00:00,0.00006797,0.00006797,0.00006724,0.00006734,2812.18000000,1732838399999,0.19011051,103,1950.54000000,0.13187265,0
2024-11-29 00:00:00,0.00006727,0.00006742,0.00006687,0.00006687,1971.04000000,1732841999999,0.13223166,96,921.55000000,0.06184324,0
2024-11-29 01:00:00,0.00006689,0.00006699,0.00006644,0.00006644,2569.66000000,1732845599999,0.17127694,97,1460.10000000,0.09725920,0
2024-11-29 02:00:00,0.00006639,0.00006650,0.00006606,0.00006628,6425.56000000,1732849199999,0.42540881,126,3895.31000000,0.25783297,0
2024-11-29 03:00:00,0.00006621,0.00006647,0.00006595,0.00006595,2781.52000000,1732852799999,0.18425400,209,2572.51000000,0.17041951,0
2024-11-29 04:00:00,0.00006596,0.00006619,0.00006578,0.00006618,1391.81000000,1732856399999,0.09185961,96,1019.21000000,0.06729769,0
2024-11-29 05:00:00,0.00006615,0.00006656,0.00006615,0.00006628,600.00000000,1732859999999,0.03983647,33,319.16000000,0.02117748,0
2024-11-29 06:00:00,0.00006659,0.00006662,0.00006615,0.00006615,796.10000000,1732863599999,0.05284091,41,427.23000000,0.02835498,0
2024-11-29 07:00:00,0.00006621,0.00006754,0.00006598,0.00006615,10281.39000000,1732867199999,0.68291263,1403,5913.52000000,0.39344037,0
2024-11-29 08:00:00,0.00006623,0.00006685,0.00006623,0.00006637,1307.54000000,1732870799999,0.08698635,42,620.36000000,0.04129884,0
2024-11-29 09:00:00,0.00006633,0.00006646,0.00006621,0.00006632,2862.76000000,1732874399999,0.18991917,79,556.31000000,0.03692610,0
2024-11-29 10:00:00,0.00006630,0.00006642,0.00006618,0.00006638,1970.67000000,1732877999999,0.13055417,340,387.11000000,0.02566993,0
2024-11-29 11:00:00,0.00006637,0.00006664,0.00006620,0.00006627,1397.79000000,1732881599999,0.09276257,107,584.15000000,0.03878011,0
2024-11-29 12:00:00,0.00006634,0.00006678,0.00006627,0.00006655,6352.96000000,1732885199999,0.42210524,138,2912.39000000,0.19348710,0
2024-11-29 13:00:00,0.00006675,0.00006709,0.00006657,0.00006657,1356.82000000,1732888799999,0.09074080,104,745.19000000,0.04985016,0
2024-11-29 14:00:00,0.00006664,0.00006669,0.00006603,0.00006603,3000.40000000,1732892399999,0.19897165,198,1905.25000000,0.12634731,0
2024-11-29 15:00:00,0.00006604,0.00006634,0.00006586,0.00006622,2697.63000000,1732895999999,0.17820631,227,1755.25000000,0.11599785,0
2024-11-29 16:00:00,0.00006619,0.00006636,0.00006573,0.00006595,5579.77000000,1732899599999,0.36858420,345,3178.10000000,0.21018479,0
2024-11-29 17:00:00,0.00006596,0.00006604,0.00006569,0.00006603,2654.21000000,1732903199999,0.17486518,164,1321.47000000,0.08706647,0
2024-11-29 18:00:00,0.00006600,0.00006683,0.00006593,0.00006611,4354.43000000,1732906799999,0.28884230,263,3954.42000000,0.26241791,0
2024-11-29 19:00:00,0.00006608,0.00006625,0.00006592,0.00006623,1036.51000000,1732910399999,0.06847131,66,668.45000000,0.04416083,0
2024-11-29 20:00:00,0.00006628,0.00006669,0.00006628,0.00006662,2199.73000000,1732913999999,0.14633535,93,1331.41000000,0.08855485,0
2024-11-29 21:00:00,0.00006665,0.00006688,0.00006648,0.00006685,1234.85000000,1732917599999,0.08243348,58,877.97000000,0.05860920,0
2024-11-29 22:00:00,0.00006686,0.00006686,0.00006654,0.00006669,491.78000000,1732921199999,0.03279196,35,354.63000000,0.02365398,0
2024-11-29 23:00:00,0.00006667,0.00006670,0.00006621,0.00006621,2500.30000000,1732924799999,0.16586453,93,1244.07000000,0.08256571,0
2024-11-30 00:00:00,0.00006618,0.00006666,0.00006615,0.00006658,1043.08000000,1732928399999,0.06918778,52,829.17000000,0.05500911,0
2024-11-30 01:00:00,0.00006653,0.00006742,0.00006643,0.00006731,3352.78000000,1732931999999,0.22473804,153,1652.24000000,0.11087458,0
2024-11-30 02:00:00,0.00006733,0.00006766,0.00006719,0.00006752,2617.10000000,1732935599999,0.17640497,225,429.62000000,0.02899120,0
2024-11-30 03:00:00,0.00006761,0.00006774,0.00006737,0.00006737,563.33000000,1732939199999,0.03810998,26,124.12000000,0.00840080,0
2024-11-30 04:00:00,0.00006750,0.00006766,0.00006728,0.00006728,1465.59000000,1732942799999,0.09898387,33,1229.81000000,0.08308160,0
2024-11-30 05:00:00,0.00006723,0.00006736,0.00006699,0.00006729,1775.35000000,1732946399999,0.11929365,68,848.69000000,0.05697881,0
2024-11-30 06:00:00,0.00006731,0.00006786,0.00006731,0.00006768,2183.18000000,1732949999999,0.14768222,120,1340.98000000,0.09075136,0
2024-11-30 07:00:00,0.00006766,0.00006862,0.00006766,0.00006860,3628.08000000,1732953599999,0.24766340,253,2009.55000000,0.13722686,0
2024-11-30 08:00:00,0.00006856,0.00006874,0.00006796,0.00006848,1949.10000000,1732957199999,0.13301600,73,1425.92000000,0.09721979,0
2024-11-30 09:00:00,0.00006832,0.00006857,0.00006812,0.00006856,764.89000000,1732960799999,0.05232160,55,468.71000000,0.03206694,0
2024-11-30 10:00:00,0.00006865,0.00006934,0.00006856,0.00006873,71880.87000000,1732964399999,4.96007224,288,67990.97000000,4.69137423,0
2024-11-30 11:00:00,0.00006869,0.00007009,0.00006827,0.00007003,6803.10000000,1732967999999,0.47042478,225,4393.87000000,0.30454865,0
2024-11-30 12:00:00,0.00007015,0.00007162,0.00006966,0.00007162,24646.77000000,1732971599999,1.74197107,566,12037.82000000,0.85041559,0
2024-11-30 13:00:00,0.00007169,0.00007238,0.00007088,0.00007113,11549.95000000,1732975199999,0.82791101,341,7238.26000000,0.51861472,0
2024-11-30 14:00:00,0.00007116,0.00007122,0.00006964,0.00006968,13515.95000000,1732978799999,0.95092360,1682,3825.79000000,0.26894106,0
2024-11-30 15:00:00,0.00006961,0.00007082,0.00006960,0.00007060,7140.05000000,1732982399999,0.50336353,171,3750.32000000,0.26434648,0
2024-11-30 16:00:00,0.00007071,0.00007086,0.00006984,0.00007004,2203.66000000,1732985999999,0.15471673,106,1004.82000000,0.07061754,0
2024-11-30 17:00:00,0.00007005,0.00007050,0.00006997,0.00007042,1162.44000000,1732989599999,0.08164782,76,971.06000000,0.06822141,0
2024-11-30 18:00:00,0.00007036,0.00007064,0.00007027,0.00007062,1294.53000000,1732993199999,0.09128141,82,845.96000000,0.05964760,0
2024-11-30 19:00:00,0.00007064,0.00007263,0.00007064,0.00007071,10483.18000000,1732996799999,0.75256970,163,9426.48000000,0.67752914,0
2024-11-30 20:00:00,0.00007069,0.00007133,0.00007069,0.00007112,2107.34000000,1733000399999,0.14987464,58,1522.61000000,0.10827159,0
2024-11-30 21:00:00,0.00007107,0.00007156,0.00007100,0.00007122,1964.62000000,1733003999999,0.14023904,70,874.77000000,0.06244056,0
2024-11-30 22:00:00,0.00007129,0.00007129,0.00007081,0.00007101,952.62000000,1733007599999,0.06758092,54,632.39000000,0.04485422,0
2024-11-30 23:00:00,0.00007098,0.00007124,0.00007073,0.00007074,4674.10000000,1733011199999,0.33193636,90,815.83000000,0.05787457,0
2024-12-01 00:00:00,0.00007079,0.00007130,0.00007055,0.00007055,1917.74000000,1733014799999,0.13596363,65,599.82000000,0.04250196,0
2024-12-01 01:00:00,0.00007061,0.00007092,0.00007032,0.00007039,1378.17000000,1733018399999,0.09719320,55,1055.45000000,0.07445552,0
2024-12-01 02:00:00,0.00007037,0.00007037,0.00006954,0.00006964,3421.02000000,1733021999999,0.23920516,106,1872.75000000,0.13104069,0
2024-12-01 03:00:00,0.00006966,0.00006988,0.00006951,0.00006954,1962.17000000,1733025599999,0.13680055,60,922.56000000,0.06428206,0
2024-12-01 04:00:00,0.00006950,0.00007060,0.00006931,0.00007005,2841.29000000,1733029199999,0.19864389,95,1198.36000000,0.08371490,0
2024-12-01 05:00:00,0.00006984,0.00006990,0.00006952,0.00006956,7185.57000000,1733032799999,0.50152459,660,1406.74000000,0.09809956,0
2024-12-01 06:00:00,0.00006951,0.00006990,0.00006950,0.00006964,3843.94000000,1733036399999,0.26810627,304,819.92000000,0.05715269,0
2024-12-01 07:00:00,0.00006957,0.00006980,0.00006949,0.00006976,360.08000000,1733039999999,0.02506193,45,355.69000000,0.02475670,0
2024-12-01 08:00:00,0.00006972,0.00006994,0.00006950,0.00006972,2751.12000000,1733043599999,0.19179834,95,2438.40000000,0.16999502,0
2024-12-01 09:00:00,0.00006974,0.00007025,0.00006966,0.00006968,2585.09000000,1733047199999,0.18081743,144,2098.59000000,0.14675644,0
2024-12-01 10:00:00,0.00006963,0.00006973,0.00006862,0.00006957,7692.04000000,1733050799999,0.53387482,199,1889.43000000,0.13149205,0
2024-12-01 11:00:00,0.00006957,0.00007015,0.00006957,0.00006973,1457.56000000,1733054399999,0.10169478,68,1212.51000000,0.08459758,0
2024-12-01 12:00:00,0.00006979,0.00006981,0.00006958,0.00006962,490.18000000,1733057999999,0.03418525,9,490.18000000,0.03418525,0
2024-12-01 13:00:00,0.00006971,0.00007034,0.00006968,0.00007014,2798.13000000,1733061599999,0.19594625,163,2598.88000000,0.18200343,0
2024-12-01 14:00:00,0.00007008,0.00007094,0.00006990,0.00007091,10034.90000000,1733065199999,0.70696419,362,8236.75000000,0.58019058,0
2024-12-01 15:00:00,0.00007091,0.00007164,0.00007080,0.00007139,3955.78000000,1733068799999,0.28175160,259,1945.79000000,0.13845203,0
2024-12-01 16:00:00,0.00007133,0.00007178,0.00007100,0.00007100,2637.50000000,1733072399999,0.18852737,126,1885.08000000,0.13482815,0
2024-12-01 17:00:00,0.00007105,0.00007157,0.00007083,0.00007115,2290.92000000,1733075999999,0.16311477,85,1794.30000000,0.12770649,0
2024-12-01 18:00:00,0.00007106,0.00007134,0.00007081,0.00007104,2640.45000000,1733079599999,0.18769891,168,722.72000000,0.05137514,0
2024-12-01 19:00:00,0.00007106,0.00007111,0.00007049,0.00007066,2602.47000000,1733083199999,0.18434909,114,1657.72000000,0.11746026,0
2024-12-01 20:00:00,0.00007064,0.00007064,0.00006979,0.00007031,3801.12000000,1733086799999,0.26653700,186,2297.24000000,0.16106482,0
2024-12-01 21:00:00,0.00007030,0.00007034,0.00006994,0.00006995,4552.70000000,1733090399999,0.31977410,78,4148.58000000,0.29144121,0
2024-12-01 22:00:00,0.00006989,0.00007048,0.00006987,0.00007048,1207.80000000,1733093999999,0.08478532,60,666.13000000,0.04679944,0
2024-12-01 23:00:00,0.00007037,0.00007044,0.00007013,0.00007031,1006.03000000,1733097599999,0.07068486,43,381.74000000,0.02683959,0
2024-12-02 00:00:00,0.00007030,0.00007041,0.00006973,0.00006985,1524.08000000,1733101199999,0.10668700,62,931.82000000,0.06517817,0
2024-12-02 01:00:00,0.00006989,0.00007042,0.00006970,0.00007033,2937.03000000,1733104799999,0.20548756,106,1213.91000000,0.08497927,0
2024-12-02 02:00:00,0.00007019,0.00007019,0.00006920,0.00006958,3735.66000000,1733108399999,0.25953618,99,2097.75000000,0.14580234,0
2024-12-02 03:00:00,0.00006966,0.00007002,0.00006849,0.00006874,7498.23000000,1733111999999,0.51861402,402,2248.66000000,0.15548706,0
2024-12-02 04:00:00,0.00006863,0.00006896,0.00006758,0.00006831,12930.24000000,1733115599999,0.88167420,507,4332.05000000,0.29553904,0
2024-12-02 05:00:00,0.00006831,0.00006871,0.00006827,0.00006871,2699.64000000,1733119199999,0.18506925,207,2271.86000000,0.15573282,0
2024-12-02 06:00:00,0.00006869,0.00006921,0.00006829,0.00006919,2975.58000000,1733122799999,0.20467382,105,1340.63000000,0.09220478,0
2024-12-02 07:00:00,0.00006921,0.00006940,0.00006886,0.00006921,4995.82000000,1733126399999,0.34517269,243,3411.60000000,0.23571710,0
2024-12-02 08:00:00,0.00006920,0.00006920,0.00006701,0.00006775,5903.74000000,1733129999999,0.40017428,320,3737.01000000,0.25331333,0
2024-12-02 09:00:00,0.00006774,0.00006829,0.00006749,0.00006826,2555.43000000,1733133599999,0.17407461,94,1480.05000000,0.10079736,0
2024-12-02 10:00:00,0.00006826,0.00006830,0.00006706,0.00006713,3388.04000000,1733137199999,0.22895359,151,1815.51000000,0.12249636,0
2024-12-02 11:00:00,0.00006708,0.00006773,0.00006707,0.00006768,1404.66000000,1733140799999,0.09475731,111,736.22000000,0.04966791,0
2024-12-02 12:00:00,0.00006763,0.00006829,0.00006743,0.00006786,7427.98000000,1733144399999,0.50517112,608,2243.53000000,0.15217715,0
2024-12-02 13:00:00,0.00006794,0.00006879,0.00006794,0.00006879,3358.47000000,1733147999999,0.22965657,129,1528.30000000,0.10453954,0
2024-12-02 14:00:00,0.00006878,0.00006922,0.00006841,0.00006921,5323.28000000,1733151599999,0.36646607,248,3423.97000000,0.23581441,0
2024-12-02 15:00:00,0.00006919,0.00006992,0.00006864,0.00006864,10738.85000000,1733155199999,0.74505079,397,6460.94000000,0.44833519,0
2024-12-02 16:00:00,0.00006870,0.00006870,0.00006721,0.00006780,16943.83000000,1733158799999,1.14840434,446,9754.48000000,0.66077786,0
2024-12-02 17:00:00,0.00006774,0.00006778,0.00006721,0.00006751,4001.31000000,1733162399999,0.27010391,139,2619.54000000,0.17679955,0
2024-12-02 18:00:00,0.00006771,0.00006808,0.00006767,0.00006795,3445.91000000,1733165999999,0.23402227,171,1788.00000000,0.12140809,0
2024-12-02 19:00:00,0.00006799,0.00006818,0.00006773,0.00006813,7376.35000000,1733169599999,0.50074880,506,1977.25000000,0.13435064,0
2024-12-02 20:00:00,0.00006815,0.00006839,0.00006800,0.00006813,4701.95000000,1733173199999,0.32052002,155,1137.28000000,0.07761431,0
2024-12-02 21:00:00,0.00006809,0.00006844,0.00006795,0.00006827,3202.12000000,1733176799999,0.21806971,101,1814.27000000,0.12351452,0
2024-12-02 22:00:00,0.00006828,0.00006832,0.00006776,0.00006824,2375.98000000,1733180399999,0.16184995,67,1803.34000000,0.12288553,0
2024-12-02 23:00:00,0.00006829,0.00006862,0.00006824,0.00006853,2914.86000000,1733183999999,0.19948322,98,826.75000000,0.05659138,0
2024-12-03 00:00:00,0.00006858,0.00006879,0.00006829,0.00006868,3934.53000000,1733187599999,0.26972645,74,1356.74000000,0.09317739,0
2024-12-03 01:00:00,0.00006872,0.00006884,0.00006843,0.00006843,3017.92000000,1733191199999,0.20722612,57,179.43000000,0.01233269,0
2024-12-03 02:00:00,0.00006838,0.00006880,0.00006834,0.00006869,473.27000000,1733194799999,0.03243998,33,152.86000000,0.01048056,0
2024-12-03 03:00:00,0.00006867,0.00006898,0.00006861,0.00006885,1224.11000000,1733198399999,0.08430787,55,929.60000000,0.06402987,0
2024-12-03 04:00:00,0.00006878,0.00006956,0.00006878,0.00006955,2609.31000000,1733201999999,0.18063806,233,1509.65000000,0.10455958,0
2024-12-03 05:00:00,0.00006959,0.00007012,0.00006954,0.00006996,6528.80000000,1733205599999,0.45603035,310,1837.13000000,0.12830754,0
2024-12-03 06:00:00,0.00006992,0.00007048,0.00006920,0.00006945,8669.06000000,1733209199999,0.60692922,247,5638.28000000,0.39468538,0
2024-12-03 07:00:00,0.00006950,0.00006959,0.00006891,0.00006959,3414.42000000,1733212799999,0.23628021,146,1162.82000000,0.08044572,0
2024-12-03 08:00:00,0.00006966,0.00007023,0.00006955,0.00007000,4888.71000000,1733216399999,0.34137974,114,1670.69000000,0.11676629,0
2024-12-03 09:00:00,0.00007002,0.00007009,0.00006951,0.00006999,3928.40000000,1733219999999,0.27462585,122,3138.58000000,0.21947548,0
2024-12-03 10:00:00,0.00006999,0.00007017,0.00006930,0.00006957,10796.24000000,1733223599999,0.75318454,619,3988.08000000,0.27850089,0
2024-12-03 11:00:00,0.00006958,0.00007165,0.00006954,0.00007057,12813.25000000,1733227199999,0.90381099,479,6239.57000000,0.44078840,0
2024-12-03 12:00:00,0.00007062,0.00007101,0.00007014,0.00007046,8677.45000000,1733230799999,0.61320216,181,5158.06000000,0.36463856,0
2024-12-03 13:00:00,0.00007045,0.00007066,0.00006826,0.00006845,10633.99000000,1733234399999,0.74287109,498,4654.59000000,0.32541162,0
2024-12-03 14:00:00,0.00006872,0.00006926,0.00006748,0.00006845,14206.80000000,1733237999999,0.97139006,341,7725.43000000,0.52826485,0
2024-12-03 15:00:00,0.00006836,0.00006996,0.00006801,0.00006869,16594.57000000,1733241599999,1.13817579,444,8211.33000000,0.56342221,0
2024-12-03 16:00:00,0.00006883,0.00006942,0.00006883,0.00006904,3136.71000000,1733245199999,0.21688761,160,1356.37000000,0.09386873,0
2024-12-03 17:00:00,0.00006908,0.00006936,0.00006878,0.00006922,3867.39000000,1733248799999,0.26721240,198,2641.58000000,0.18249554,0
2024-12-03 18:00:00,0.00006926,0.00007009,0.00006913,0.00006989,5166.71000000,1733252399999,0.35959321,186,2004.68000000,0.13946621,0
2024-12-03 19:00:00,0.00006992,0.00006992,0.00006940,0.00006963,2270.31000000,1733255999999,0.15802592,101,864.07000000,0.06016500,0
2024-12-03 20:00:00,0.00006967,0.00006979,0.00006918,0.00006918,7141.52000000,1733259599999,0.49659659,876,983.68000000,0.06833622,0
2024-12-03 21:00:00,0.00006922,0.00006945,0.00006887,0.00006891,11602.66000000,1733263199999,0.80324606,446,8168.05000000,0.56571944,0
2024-12-03 22:00:00,0.00006887,0.00007053,0.00006857,0.00007026,6988.36000000,1733266799999,0.48673222,208,4128.78000000,0.28745261,0
2024-12-03 23:00:00,0.00007051,0.00007104,0.00007002,0.00007058,8666.40000000,1733270399999,0.61175253,219,2165.61000000,0.15277188,0
2024-12-04 00:00:00,0.00007070,0.00007255,0.00007069,0.00007205,16516.71000000,1733273999999,1.18566825,371,7483.98000000,0.53712986,0
2024-12-04 01:00:00,0.00007213,0.00007224,0.00007161,0.00007185,18265.67000000,1733277599999,1.31339976,468,2486.85000000,0.17880614,0
2024-12-04 02:00:00,0.00007194,0.00007217,0.00007129,0.00007131,4147.11000000,1733281199999,0.29816317,215,1754.31000000,0.12615635,0
2024-12-04 03:00:00,0.00007131,0.00007182,0.00007131,0.00007182,5225.01000000,1733284799999,0.37410121,210,1541.85000000,0.11038935,0
2024-12-04 04:00:00,0.00007179,0.00007428,0.00007179,0.00007388,9206.47000000,1733288399999,0.67459274,424,7058.48000000,0.51714586,0
2024-12-04 05:00:00,0.00007388,0.00007471,0.00007329,0.00007331,13771.17000000,1733291999999,1.01647268,1142,11160.54000000,0.82419216,0
2024-12-04 06:00:00,0.00007322,0.00007398,0.00007307,0.00007389,7607.35000000,1733295599999,0.55967657,148,3861.81000000,0.28414216,0
2024-12-04 07:00:00,0.00007384,0.00007450,0.00007383,0.00007428,5753.63000000,1733299199999,0.42729331,332,2747.61000000,0.20416853,0
2024-12-04 08:00:00,0.00007421,0.00007425,0.00007315,0.00007325,5527.24000000,1733302799999,0.40712665,634,3488.59000000,0.25733245,0
2024-12-04 09:00:00,0.00007329,0.00007358,0.00007303,0.00007331,4578.79000000,1733306399999,0.33540799,367,2862.36000000,0.20982372,0
2024-12-04 10:00:00,0.00007332,0.00007351,0.00007298,0.00007341,5110.68000000,1733309999999,0.37414912,466,3672.30000000,0.26884281,0
2024-12-04 11:00:00,0.00007345,0.00007433,0.00007345,0.00007415,3537.24000000,1733313599999,0.26152464,158,2413.98000000,0.17846319,0
2024-12-04 12:00:00,0.00007414,0.00007430,0.00007316,0.00007426,43978.19000000,1733317199999,3.25670063,1784,30446.38000000,2.25262188,0
2024-12-04 13:00:00,0.00007418,0.00007453,0.00007369,0.00007453,3817.43000000,1733320799999,0.28298445,261,2097.85000000,0.15548326,0
2024-12-04 14:00:00,0.00007450,0.00007459,0.00007375,0.00007406,6751.25000000,1733324399999,0.49953585,478,2426.35000000,0.17960586,0
2024-12-04 15:00:00,0.00007387,0.00007413,0.00007349,0.00007372,8931.14000000,1733327999999,0.66028891,572,3518.95000000,0.26021767,0
2024-12-04 16:00:00,0.00007375,0.00007394,0.00007191,0.00007219,6338.51000000,1733331599999,0.46080896,334,2987.53000000,0.21767778,0
2024-12-04 17:00:00,0.00007205,0.00007267,0.00007184,0.00007242,6592.54000000,1733335199999,0.47688576,269,4767.33000000,0.34503596,0
2024-12-04 18:00:00,0.00007240,0.00007262,0.00007195,0.00007197,1916.42000000,1733338799999,0.13849401,214,1379.30000000,0.09970347,0
2024-12-04 19:00:00,0.00007202,0.00007252,0.00007193,0.00007194,6991.10000000,1733342399999,0.50440375,276,1895.67000000,0.13695348,0
2024-12-04 20:00:00,0.00007180,0.00007180,0.00006942,0.00006998,13837.07000000,1733345999999,0.97744064,563,8518.22000000,0.60149595,0
2024-12-04 21:00:00,0.00006996,0.00007136,0.00006963,0.00007129,11805.66000000,1733349599999,0.82977076,262,4002.73000000,0.28274289,0
2024-12-04 22:00:00,0.00007136,0.00007157,0.00007022,0.00007036,4779.44000000,1733353199999,0.33835083,191,3214.13000000,0.22773709,0
2024-12-04 23:00:00,0.00007025,0.00007025,0.00006883,0.00006991,7339.93000000,1733356799999,0.50901952,207,4303.71000000,0.29899156,0
2024-12-05 00:00:00,0.00006972,0.00007021,0.00006873,0.00006893,9106.51000000,1733360399999,0.63092756,267,4802.11000000,0.33297568,0
2024-12-05 01:00:00,0.00006874,0.00006874,0.00006723,0.00006794,10714.58000000,1733363999999,0.72893320,498,4535.35000000,0.30796357,0
2024-12-05 02:00:00,0.00006785,0.00006832,0.00006662,0.00006716,20358.13000000,1733367599999,1.37611226,547,8243.73000000,0.55722649,0
2024-12-05 03:00:00,0.00006715,0.00006717,0.00006505,0.00006552,32607.91000000,1733371199999,2.15748288,792,24072.14000000,1.59267665,0
2024-12-05 04:00:00,0.00006552,0.00006670,0.00006523,0.00006630,3432.04000000,1733374799999,0.22765997,226,2158.22000000,0.14337381,0
2024-12-05 05:00:00,0.00006621,0.00006650,0.00006603,0.00006649,2995.31000000,1733378399999,0.19850837,184,1362.69000000,0.09035378,0
2024-12-05 06:00:00,0.00006645,0.00006739,0.00006600,0.00006725,18661.26000000,1733381999999,1.24346451,265,10272.70000000,0.68509146,0
2024-12-05 07:00:00,0.00006725,0.00006791,0.00006722,0.00006770,12653.01000000,1733385599999,0.85660377,1166,4005.46000000,0.27057180,0
2024-12-05 08:00:00,0.00006765,0.00006786,0.00006713,0.00006720,6574.65000000,1733389199999,0.44328534,701,4458.23000000,0.30054221,0
2024-12-05 09:00:00,0.00006727,0.00006735,0.00006699,0.00006724,943.99000000,1733392799999,0.06343530,117,530.51000000,0.03565222,0
2024-12-05 10:00:00,0.00006716,0.00006777,0.00006702,0.00006763,5760.18000000,1733396399999,0.38797501,294,4585.07000000,0.30889981,0
2024-12-05 11:00:00,0.00006764,0.00006837,0.00006763,0.00006837,3830.10000000,1733399999999,0.26033093,321,2009.68000000,0.13668392,0
2024-12-05 12:00:00,0.00006838,0.00006868,0.00006748,0.00006749,3634.61000000,1733403599999,0.24754762,274,2198.89000000,0.14993816,0
2024-12-05 13:00:00,0.00006748,0.00006783,0.00006702,0.00006749,7255.39000000,1733407199999,0.48919507,1399,1757.31000000,0.11843689,0
2024-12-05 14:00:00,0.00006767,0.00006803,0.00006724,0.00006735,2243.00000000,1733410799999,0.15190716,380,424.90000000,0.02876735,0
2024-12-05 15:00:00,0.00006747,0.00006833,0.00006712,0.00006833,12548.27000000,1733414399999,0.84752671,642,3573.47000000,0.24181274,0
2024-12-05 16:00:00,0.00006834,0.00006894,0.00006808,0.00006890,4226.05000000,1733417999999,0.29002578,215,1918.50000000,0.13163584,0
2024-12-05 17:00:00,0.00006887,0.00006899,0.00006800,0.00006816,3924.60000000,1733421599999,0.26861717,185,1321.86000000,0.09063889,0
2024-12-05 18:00:00,0.00006819,0.00006912,0.00006819,0.00006906,2786.63000000,1733425199999,0.19156969,165,1864.24000000,0.12815408,0
2024-12-05 19:00:00,0.00006907,0.00006922,0.00006868,0.00006887,4724.01000000,1733428799999,0.32599324,180,3586.54000000,0.24756019,0
2024-12-05 20:00:00,0.00006885,0.00006931,0.00006881,0.00006911,3076.03000000,1733432399999,0.21248207,194,1682.03000000,0.11619248,0
2024-12-05 21:00:00,0.00006927,0.00006950,0.00006891,0.00006950,2683.85000000,1733435999999,0.18586800,157,1173.85000000,0.08136403,0
2024-12-05 22:00:00,0.00006948,0.00007289,0.00006946,0.00007045,43801.46000000,1733439599999,3.10173238,1137,35524.11000000,2.51884345,0
2024-12-05 23:00:00,0.00007052,0.00007055,0.00007002,0.00007003,1561.00000000,1733443199999,0.10968742,125,605.22000000,0.04256561,0
2024-12-06 00:00:00,0.00007003,0.00007078,0.00006997,0.00007069,2476.41000000,1733446799999,0.17440779,120,1690.89000000,0.11917218,0
2024-12-06 01:00:00,0.00007072,0.00007105,0.00007022,0.00007033,3111.90000000,1733450399999,0.22017576,178,1728.85000000,0.12242597,0
2024-12-06 02:00:00,0.00007044,0.00007082,0.00007022,0.00007082,2479.19000000,1733453999999,0.17486157,80,213.19000000,0.01502993,0
2024-12-06 03:00:00,0.00007096,0.00007116,0.00007078,0.00007090,1131.17000000,1733457599999,0.08032806,71,712.09000000,0.05059854,0
2024-12-06 04:00:00,0.00007090,0.00007120,0.00007068,0.00007074,2658.58000000,1733461199999,0.18806009,57,1271.83000000,0.08995527,0
2024-12-06 05:00:00,0.00007076,0.00007082,0.00007008,0.00007025,2089.12000000,1733464799999,0.14693490,71,579.34000000,0.04072368,0
2024-12-06 06:00:00,0.00007021,0.00007047,0.00007013,0.00007033,3164.21000000,1733468399999,0.22248352,46,1900.57000000,0.13361549,0
2024-12-06 07:00:00,0.00007027,0.00007027,0.00006977,0.00006982,1995.69000000,1733471999999,0.13978155,67,672.71000000,0.04707815,0
2024-12-06 08:00:00,0.00006976,0.00006997,0.00006970,0.00006977,1726.66000000,1733475599999,0.12056187,101,659.45000000,0.04603518,0
2024-12-06 09:00:00,0.00006973,0.00006973,0.00006862,0.00006874,4050.41000000,1733479199999,0.27963508,122,1173.19000000,0.08093752,0
2024-12-06 10:00:00,0.00006862,0.00006885,0.00006818,0.00006873,1290.36000000,1733482799999,0.08845950,107,860.85000000,0.05902300,0
2024-12-06 11:00:00,0.00006872,0.00006891,0.00006839,0.00006847,1099.15000000,1733486399999,0.07552576,112,574.85000000,0.03953998,0
2024-12-06 12:00:00,0.00006844,0.00006854,0.00006787,0.00006804,2221.88000000,1733489999999,0.15162973,181,1076.65000000,0.07342728,0
2024-12-06 13:00:00,0.00006802,0.00006820,0.00006775,0.00006798,2590.48000000,1733493599999,0.17624829,219,961.73000000,0.06540115,0
2024-12-06 14:00:00,0.00006804,0.00006814,0.00006773,0.00006799,1597.10000000,1733497199999,0.10845305,156,1065.59000000,0.07237317,0
2024-12-06 15:00:00,0.00006805,0.00006865,0.00006800,0.00006800,2903.26000000,1733500799999,0.19855442,214,1183.02000000,0.08081777,0
2024-12-06 16:00:00,0.00006804,0.00006875,0.00006801,0.00006859,2285.72000000,1733504399999,0.15637171,151,1178.19000000,0.08066974,0
2024-12-06 17:00:00,0.00006856,0.00006872,0.00006735,0.00006745,1853.00000000,1733507999999,0.12606957,129,629.37000000,0.04285714,0
2024-12-06 18:00:00,0.00006743,0.00006752,0.00006670,0.00006711,3664.31000000,1733511599999,0.24608317,231,1433.95000000,0.09607153,0
2024-12-06 19:00:00,0.00006715,0.00006730,0.00006619,0.00006721,5050.01000000,1733515199999,0.33823529,294,767.87000000,0.05153977,0
2024-12-06 20:00:00,0.00006711,0.00006730,0.00006694,0.00006709,1316.91000000,1733518799999,0.08835392,76,897.80000000,0.06024618,0
2024-12-06 21:00:00,0.00006720,0.00006779,0.00006720,0.00006758,1257.38000000,1733522399999,0.08492478,160,602.93000000,0.04069943,0
2024-12-06 22:00:00,0.00006746,0.00006777,0.00006738,0.00006774,2184.89000000,1733525999999,0.14766588,77,1653.62000000,0.11174519,0
2024-12-06 23:00:00,0.00006767,0.00006822,0.00006767,0.00006813,1910.99000000,1733529599999,0.12990947,100,1139.90000000,0.07750432,0
2024-12-07 00:00:00,0.00006821,0.00006839,0.00006752,0.00006757,2846.10000000,1733533199999,0.19353655,109,2566.91000000,0.17457592,0
2024-12-07 01:00:00,0.00006770,0.00006796,0.00006770,0.00006788,291.34000000,1733536799999,0.01975768,32,178.28000000,0.01209486,0
2024-12-07 02:00:00,0.00006786,0.00006815,0.00006786,0.00006814,463.93000000,1733540399999,0.03157424,40,107.78000000,0.00733269,0
2024-12-07 03:00:00,0.00006815,0.00006830,0.00006787,0.00006830,1504.61000000,1733543999999,0.10241007,77,527.84000000,0.03599296,0
2024-12-07 04:00:00,0.00006837,0.00006865,0.00006833,0.00006851,1186.54000000,1733547599999,0.08125634,65,766.54000000,0.05250984,0
2024-12-07 05:00:00,0.00006846,0.00006909,0.00006846,0.00006906,1528.86000000,1733551199999,0.10529276,86,1078.77000000,0.07430087,0
2024-12-07 06:00:00,0.00006907,0.00006918,0.00006893,0.00006912,638.97000000,1733554799999,0.04414788,48,479.30000000,0.03311832,0
2024-12-07 07:00:00,0.00006899,0.00006904,0.00006855,0.00006865,662.89000000,1733558399999,0.04561406,75,321.77000000,0.02215022,0
2024-12-07 08:00:00,0.00006874,0.00006902,0.00006853,0.00006899,3935.97000000,1733561999999,0.27102187,174,801.84000000,0.05515747,0
2024-12-07 09:00:00,0.00006895,0.00006909,0.00006882,0.00006909,1173.52000000,1733565599999,0.08097984,106,935.57000000,0.06457761,0
2024-12-07 10:00:00,0.00006900,0.00006930,0.00006886,0.00006927,1804.79000000,1733569199999,0.12471023,146,983.05000000,0.06801118,0
2024-12-07 11:00:00,0.00006926,0.00006964,0.00006923,0.00006927,1653.67000000,1733572799999,0.11482524,124,1265.49000000,0.08786475,0
2024-12-07 12:00:00,0.00006928,0.00006936,0.00006905,0.00006914,569.43000000,1733576399999,0.03938913,52,213.52000000,0.01478052,0
2024-12-07 13:00:00,0.00006912,0.00006940,0.00006897,0.00006938,1561.51000000,1733579999999,0.10803684,175,771.12000000,0.05338887,0
2024-12-07 14:00:00,0.00006938,0.00006960,0.00006929,0.00006958,2528.15000000,1733583599999,0.17544320,233,1151.20000000,0.07989170,0
2024-12-07 15:00:00,0.00006964,0.00006964,0.00006918,0.00006931,1410.35000000,1733587199999,0.09792895,161,937.21000000,0.06505489,0
2024-12-07 16:00:00,0.00006933,0.00006945,0.00006895,0.00006910,1468.71000000,1733590799999,0.10159669,95,323.92000000,0.02237831,0
2024-12-07 17:00:00,0.00006912,0.00006913,0.00006844,0.00006847,2284.54000000,1733594399999,0.15703383,333,1122.08000000,0.07705707,0
2024-12-07 18:00:00,0.00006854,0.00006873,0.00006835,0.00006842,1292.32000000,1733597999999,0.08855557,153,586.08000000,0.04017450,0
2024-12-07 19:00:00,0.00006841,0.00006850,0.00006827,0.00006829,2299.75000000,1733601599999,0.15732976,216,1387.61000000,0.09494077,0
2024-12-07 20:00:00,0.00006827,0.00006833,0.00006817,0.00006823,942.75000000,1733605199999,0.06433408,76,549.09000000,0.03747240,0
2024-12-07 21:00:00,0.00006819,0.00006837,0.00006801,0.00006831,1027.77000000,1733608799999,0.07008287,69,491.96000000,0.03352303,0
2024-12-07 22:00:00,0.00006828,0.00006854,0.00006812,0.00006821,2840.57000000,1733612399999,0.19388728,136,456.88000000,0.03123553,0
2024-12-07 23:00:00,0.00006821,0.00006833,0.00006811,0.00006812,778.18000000,1733615999999,0.05307879,48,460.42000000,0.03140354,0
2024-12-08 00:00:00,0.00006805,0.00006840,0.00006805,0.00006840,311.93000000,1733619599999,0.02127829,44,158.31000000,0.01079552,0
2024-12-08 01:00:00,0.00006836,0.00006843,0.00006813,0.00006820,314.04000000,1733623199999,0.02143392,37,238.65000000,0.01628322,0
2024-12-08 02:00:00,0.00006818,0.00006823,0.00006792,0.00006805,584.45000000,1733626799999,0.03978331,80,424.89000000,0.02892366,0
2024-12-08 03:00:00,0.00006793,0.00006831,0.00006792,0.00006821,570.38000000,1733630399999,0.03887129,38,353.57000000,0.02408127,0
2024-12-08 04:00:00,0.00006819,0.00006857,0.00006819,0.00006834,4332.97000000,1733633999999,0.29594422,263,1327.38000000,0.09072919,0
2024-12-08 05:00:00,0.00006820,0.00006821,0.00006748,0.00006762,2294.06000000,1733637599999,0.15530974,119,1185.39000000,0.08021270,0
2024-12-08 06:00:00,0.00006763,0.00006798,0.00006753,0.00006798,603.56000000,1733641199999,0.04088946,146,194.76000000,0.01319632,0
2024-12-08 07:00:00,0.00006797,0.00006817,0.00006794,0.00006806,1566.69000000,1733644799999,0.10666309,201,834.98000000,0.05685421,0
2024-12-08 08:00:00,0.00006803,0.00006807,0.00006753,0.00006754,1349.65000000,1733648399999,0.09148487,85,680.57000000,0.04620981,0
2024-12-08 09:00:00,0.00006753,0.00006786,0.00006728,0.00006747,2325.26000000,1733651999999,0.15731013,157,857.21000000,0.05795895,0
2024-12-08 10:00:00,0.00006749,0.00006770,0.00006740,0.00006758,2015.89000000,1733655599999,0.13622487,115,621.13000000,0.04196264,0
2024-12-08 11:00:00,0.00006761,0.00006761,0.00006745,0.00006752,992.39000000,1733659199999,0.06700565,178,624.53000000,0.04217887,0
2024-12-08 12:00:00,0.00006743,0.00006760,0.00006726,0.00006760,4449.09000000,1733662799999,0.30027697,255,3706.20000000,0.25027237,0
2024-12-08 13:00:00,0.00006763,0.00006770,0.00006740,0.00006743,743.79000000,1733666399999,0.05023900,100,373.46000000,0.02522859,0
2024-12-08 14:00:00,0.00006742,0.00006760,0.00006734,0.00006735,1887.71000000,1733669999999,0.12737485,308,651.11000000,0.04390542,0
2024-12-08 15:00:00,0.00006745,0.00006761,0.00006719,0.00006752,422.55000000,1733673599999,0.02848211,92,153.04000000,0.01031596,0
2024-12-08 16:00:00,0.00006753,0.00006756,0.00006715,0.00006720,973.35000000,1733677199999,0.06560053,102,441.00000000,0.02971835,0
2024-12-08 17:00:00,0.00006721,0.00006765,0.00006713,0.00006739,2312.87000000,1733680799999,0.15608617,149,1847.05000000,0.12471596,0
2024-12-08 18:00:00,0.00006736,0.00006744,0.00006725,0.00006731,1185.38000000,1733684399999,0.07981983,185,329.38000000,0.02218062,0
2024-12-08 19:00:00,0.00006732,0.00006746,0.00006730,0.00006730,767.46000000,1733687999999,0.05174127,71,225.34000000,0.01519025,0
2024-12-08 20:00:00,0.00006728,0.00006746,0.00006725,0.00006738,496.30000000,1733691599999,0.03343389,78,300.89000000,0.02026859,0
2024-12-08 21:00:00,0.00006737,0.00006756,0.00006732,0.00006744,4293.24000000,1733695199999,0.28958737,107,1968.85000000,0.13278123,0
2024-12-08 22:00:00,0.00006744,0.00006766,0.00006741,0.00006760,1477.02000000,1733698799999,0.09969835,76,410.76000000,0.02775241,0
2024-12-08 23:00:00,0.00006762,0.00006763,0.00006698,0.00006698,1476.85000000,1733702399999,0.09951301,105,621.63000000,0.04192139,0
2024-12-09 00:00:00,0.00006702,0.00006805,0.00006702,0.00006796,1563.19000000,1733705999999,0.10596019,117,483.43000000,0.03279318,0
2024-12-09 01:00:00,0.00006800,0.00006826,0.00006749,0.00006749,1333.96000000,1733709599999,0.09077847,98,372.89000000,0.02536893,0
2024-12-09 02:00:00,0.00006741,0.00006756,0.00006710,0.00006734,866.48000000,1733713199999,0.05835258,80,402.56000000,0.02711390,0
2024-12-09 03:00:00,0.00006735,0.00006753,0.00006661,0.00006684,1339.34000000,1733716799999,0.08963522,108,548.53000000,0.03670609,0
2024-12-09 04:00:00,0.00006683,0.00006697,0.00006654,0.00006687,575.33000000,1733720399999,0.03843636,69,238.19000000,0.01591235,0
2024-12-09 05:00:00,0.00006697,0.00006726,0.00006696,0.00006726,410.35000000,1733723999999,0.02753295,56,205.30000000,0.01377522,0
2024-12-09 06:00:00,0.00006724,0.00006727,0.00006649,0.00006669,1611.58000000,1733727599999,0.10785782,99,875.22000000,0.05856809,0
2024-12-09 07:00:00,0.00006665,0.00006665,0.00006614,0.00006636,3729.41000000,1733731199999,0.24737755,202,618.42000000,0.04103589,0
2024-12-09 08:00:00,0.00006633,0.00006633,0.00006534,0.00006537,6643.46000000,1733734799999,0.43630950,315,1843.88000000,0.12123306,0
2024-12-09 09:00:00,0.00006548,0.00006588,0.00006494,0.00006563,5537.38000000,1733738399999,0.36196109,392,1243.70000000,0.08137716,0
2024-12-09 10:00:00,0.00006561,0.00006595,0.00006543,0.00006594,2195.34000000,1733741999999,0.14434837,207,517.22000000,0.03400491,0
2024-12-09 11:00:00,0.00006589,0.00006590,0.00006503,0.00006509,1540.53000000,1733745599999,0.10081937,153,497.11000000,0.03251704,0
2024-12-09 12:00:00,0.00006508,0.00006545,0.00006473,0.00006539,1137.40000000,1733749199999,0.07425121,150,651.11000000,0.04254253,0
2024-12-09 13:00:00,0.00006538,0.00006601,0.00006538,0.00006589,7499.65000000,1733752799999,0.49382844,240,6126.72000000,0.40338677,0
2024-12-09 14:00:00,0.00006593,0.00006593,0.00006527,0.00006538,1328.23000000,1733756399999,0.08700262,189,613.13000000,0.04014352,0
2024-12-09 15:00:00,0.00006534,0.00006588,0.00006526,0.00006559,2174.80000000,1733759999999,0.14250514,218,1073.33000000,0.07036787,0
2024-12-09 16:00:00,0.00006557,0.00006608,0.00006536,0.00006594,2201.79000000,1733763599999,0.14469855,335,942.08000000,0.06197115,0
2024-12-09 17:00:00,0.00006592,0.00006623,0.00006579,0.00006579,1401.70000000,1733767199999,0.09263008,168,782.49000000,0.05172878,0
2024-12-09 18:00:00,0.00006585,0.00006602,0.00006566,0.00006581,2955.50000000,1733770799999,0.19435108,283,1407.72000000,0.09254965,0
2024-12-09 19:00:00,0.00006579,0.00006638,0.00006573,0.00006609,1765.90000000,1733774399999,0.11667611,215,879.66000000,0.05812671,0
2024-12-09 20:00:00,0.00006608,0.00006608,0.00006241,0.00006322,18041.00000000,1733777999999,1.14782637,901,8241.39000000,0.52266651,0
2024-12-09 21:00:00,0.00006316,0.00006335,0.00005502,0.00005981,43055.13000000,1733781599999,2.56138717,1642,22052.58000000,1.31176752,0
2024-12-09 22:00:00,0.00005976,0.00005981,0.00005683,0.00005964,17705.36000000,1733785199999,1.03668957,777,9544.49000000,0.55987607,0
2024-12-09 23:00:00,0.00005962,0.00005987,0.00005912,0.00005944,7326.46000000,1733788799999,0.43532291,321,3286.81000000,0.19533572,0
2024-12-10 00:00:00,0.00005940,0.00006035,0.00005879,0.00005989,11051.53000000,1733792399999,0.65769650,378,7487.60000000,0.44472830,0
2024-12-10 01:00:00,0.00005989,0.00006035,0.00005917,0.00006020,7895.22000000,1733795999999,0.47291846,296,6074.44000000,0.36408376,0
2024-12-10 02:00:00,0.00006019,0.00006029,0.00005893,0.00005894,2329.71000000,1733799599999,0.13856285,200,1291.17000000,0.07679578,0
2024-12-10 03:00:00,0.00005903,0.00005924,0.00005789,0.00005924,10619.20000000,1733803199999,0.62234192,485,2722.76000000,0.15959247,0
2024-12-10 04:00:00,0.00005920,0.00005981,0.00005864,0.00005981,5240.95000000,1733806799999,0.31088055,328,3756.41000000,0.22263028,0
2024-12-10 05:00:00,0.00005979,0.00006048,0.00005972,0.00006032,3594.47000000,1733810399999,0.21601546,236,2298.19000000,0.13820390,0
2024-12-10 06:00:00,0.00006030,0.00006089,0.00006025,0.00006046,1864.86000000,1733813999999,0.11309012,203,1208.00000000,0.07325491,0
2024-12-10 07:00:00,0.00006049,0.00006069,0.00006027,0.00006065,2176.69000000,1733817599999,0.13154494,195,1076.40000000,0.06509914,0
2024-12-10 08:00:00,0.00006063,0.00006075,0.00006026,0.00006072,2238.23000000,1733821199999,0.13545360,217,1208.28000000,0.07314976,0
2024-12-10 09:00:00,0.00006066,0.00006118,0.00006038,0.00006050,3045.03000000,1733824799999,0.18494272,245,1705.73000000,0.10366324,0
2024-12-10 10:00:00,0.00006041,0.00006072,0.00006035,0.00006042,2249.13000000,1733828399999,0.13618557,203,1344.43000000,0.08142086,0
2024-12-10 11:00:00,0.00006043,0.00006067,0.00006000,0.00006027,4175.73000000,1733831999999,0.25202698,376,2468.97000000,0.14907954,0
2024-12-10 12:00:00,0.00006031,0.00006036,0.00005878,0.00005886,9355.00000000,1733835599999,0.55688894,412,5890.75000000,0.35097854,0
2024-12-10 13:00:00,0.00005895,0.00005939,0.00005892,0.00005930,1661.73000000,1733839199999,0.09838675,159,948.34000000,0.05618004,0
2024-12-10 14:00:00,0.00005926,0.00005978,0.00005919,0.00005927,2831.59000000,1733842799999,0.16874553,230,1972.62000000,0.11760492,0
2024-12-10 15:00:00,0.00005929,0.00005951,0.00005801,0.00005846,7169.88000000,1733846399999,0.42024056,569,2765.53000000,0.16224652,0
2024-12-10 16:00:00,0.00005841,0.00005911,0.00005776,0.00005884,8182.70000000,1733849999999,0.47783529,415,2985.12000000,0.17450267,0
2024-12-10 17:00:00,0.00005895,0.00005939,0.00005836,0.00005837,6267.02000000,1733853599999,0.36876651,280,4764.45000000,0.28049365,0
2024-12-10 18:00:00,0.00005839,0.00005973,0.00005829,0.00005949,5514.96000000,1733857199999,0.32622900,240,2359.80000000,0.13938857,0
2024-12-10 19:00:00,0.00005946,0.00006007,0.00005945,0.00006002,6391.98000000,1733860799999,0.38201398,168,4983.39000000,0.29783005,0
2024-12-10 20:00:00,0.00006007,0.00006034,0.00006001,0.00006026,4341.84000000,1733864399999,0.26127615,206,2204.72000000,0.13275563,0
2024-12-10 21:00:00,0.00006027,0.00006109,0.00006020,0.00006086,4154.95000000,1733867999999,0.25212264,200,2254.57000000,0.13695296,0
2024-12-10 22:00:00,0.00006091,0.00006141,0.00006088,0.00006133,2799.99000000,1733871599999,0.17141738,270,1967.11000000,0.12045385,0
2024-12-10 23:00:00,0.00006130,0.00006151,0.00006120,0.00006150,1883.62000000,1733875199999,0.11566721,127,1000.63000000,0.06140622,0
2024-12-11 00:00:00,0.00006150,0.00006157,0.00006095,0.00006127,2613.37000000,1733878799999,0.16010011,164,1604.52000000,0.09821709,0
2024-12-11 01:00:00,0.00006117,0.00006117,0.00006015,0.00006038,3031.63000000,1733882399999,0.18416433,224,1575.41000000,0.09566971,0
2024-12-11 02:00:00,0.00006034,0.00006099,0.00006029,0.00006089,1422.23000000,1733885999999,0.08627569,112,773.36000000,0.04696522,0
2024-12-11 03:00:00,0.00006082,0.00006148,0.00006079,0.00006146,1962.71000000,1733889599999,0.12025455,236,1310.22000000,0.08027106,0
2024-12-11 04:00:00,0.00006154,0.00006158,0.00006127,0.00006131,1254.08000000,1733893199999,0.07705571,112,551.26000000,0.03386148,0
2024-12-11 05:00:00,0.00006131,0.00006137,0.00006107,0.00006127,507.66000000,1733896799999,0.03107726,74,347.98000000,0.02130230,0
2024-12-11 06:00:00,0.00006126,0.00006250,0.00006114,0.00006233,6164.24000000,1733900399999,0.38169875,339,3728.83000000,0.23067334,0
2024-12-11 07:00:00,0.00006231,0.00006270,0.00006188,0.00006188,11648.41000000,1733903999999,0.72769640,911,4810.54000000,0.30057025,0
2024-12-11 08:00:00,0.00006185,0.00006227,0.00006185,0.00006205,2825.69000000,1733907599999,0.17541421,451,2298.78000000,0.14270269,0
2024-12-11 09:00:00,0.00006203,0.00006232,0.00006176,0.00006230,1919.35000000,1733911199999,0.11902568,155,1512.01000000,0.09379751,0
2024-12-11 10:00:00,0.00006227,0.00006227,0.00006183,0.00006194,709.97000000,1733914799999,0.04402083,91,457.59000000,0.02838249,0
2024-12-11 11:00:00,0.00006196,0.00006241,0.00006171,0.00006234,2917.00000000,1733918399999,0.18081001,214,953.33000000,0.05910109,0
2024-12-11 12:00:00,0.00006236,0.00006302,0.00006228,0.00006271,5321.51000000,1733921999999,0.33403730,271,2973.97000000,0.18661318,0
2024-12-11 13:00:00,0.00006275,0.00006313,0.00006253,0.00006277,4220.77000000,1733925599999,0.26536322,326,2388.39000000,0.15016427,0
2024-12-11 14:00:00,0.00006275,0.00006289,0.00006253,0.00006266,1666.71000000,1733929199999,0.10459247,216,949.26000000,0.05956999,0
2024-12-11 15:00:00,0.00006262,0.00006294,0.00006236,0.00006254,3635.25000000,1733932799999,0.22763616,330,2169.75000000,0.13593315,0
2024-12-11 16:00:00,0.00006246,0.00006399,0.00006230,0.00006236,16312.42000000,1733936399999,1.02713604,347,13188.77000000,0.83155823,0
2024-12-11 17:00:00,0.00006232,0.00006240,0.00006215,0.00006221,571.83000000,1733939999999,0.03560717,28,263.07000000,0.01638514,0
2024-12-11 18:00:00,0.00006232,0.00006246,0.00006223,0.00006245,904.09000000,1733943599999,0.05634874,65,618.14000000,0.03853547,0
2024-12-11 19:00:00,0.00006242,0.00006335,0.00006197,0.00006207,5464.22000000,1733947199999,0.33989962,256,3671.51000000,0.22859555,0
2024-12-11 20:00:00,0.00006210,0.00006230,0.00006203,0.00006230,579.91000000,1733950799999,0.03604236,82,350.90000000,0.02181099,0
2024-12-11 21:00:00,0.00006247,0.00006253,0.00006215,0.00006220,998.79000000,1733954399999,0.06220073,51,950.31000000,0.05918638,0
2024-12-11 22:00:00,0.00006218,0.00006262,0.00006217,0.00006262,746.42000000,1733957999999,0.04662135,62,353.44000000,0.02204789,0
2024-12-11 23:00:00,0.00006266,0.00006275,0.00006255,0.00006271,1273.50000000,1733961599999,0.07979914,77,482.21000000,0.03021256,0
2024-12-12 00:00:00,0.00006281,0.00006349,0.00006277,0.00006348,2067.65000000,1733965199999,0.13059100,93,1417.97000000,0.08954795,0
2024-12-12 01:00:00,0.00006348,0.00006424,0.00006348,0.00006380,2561.41000000,1733968799999,0.16353120,98,1823.54000000,0.11639552,0
2024-12-12 02:00:00,0.00006394,0.00006417,0.00006362,0.00006367,545.99000000,1733972399999,0.03495921,76,417.46000000,0.02673087,0
2024-12-12 03:00:00,0.00006362,0.00006391,0.00006314,0.00006338,3098.92000000,1733975999999,0.19671242,179,1057.70000000,0.06717301,0
2024-12-12 04:00:00,0.00006341,0.00006366,0.00006324,0.00006355,2314.38000000,1733979599999,0.14683814,269,511.35000000,0.03240068,0
2024-12-12 05:00:00,0.00006359,0.00006411,0.00006359,0.00006397,2044.61000000,1733983199999,0.13078377,248,1149.71000000,0.07350412,0
2024-12-12 06:00:00,0.00006414,0.00006462,0.00006414,0.00006459,2528.09000000,1733986799999,0.16291924,196,2046.42000000,0.13195269,0
2024-12-12 07:00:00,0.00006466,0.00006480,0.00006413,0.00006415,1437.47000000,1733990399999,0.09269103,135,848.43000000,0.05469937,0
2024-12-12 08:00:00,0.00006412,0.00006420,0.00006360,0.00006373,4324.97000000,1733993999999,0.27607565,245,1072.51000000,0.06847922,0
2024-12-12 09:00:00,0.00006374,0.00006397,0.00006353,0.00006354,1202.71000000,1733997599999,0.07663087,101,657.93000000,0.04191349,0
2024-12-12 10:00:00,0.00006357,0.00006358,0.00006314,0.00006320,2152.23000000,1734001199999,0.13630203,132,1039.06000000,0.06579560,0
2024-12-12 11:00:00,0.00006319,0.00006337,0.00006292,0.00006324,2261.13000000,1734004799999,0.14276175,163,971.24000000,0.06136786,0
2024-12-12 12:00:00,0.00006327,0.00006384,0.00006327,0.00006379,1381.08000000,1734008399999,0.08788307,153,892.32000000,0.05679940,0
2024-12-12 13:00:00,0.00006381,0.00006388,0.00006293,0.00006311,3334.44000000,1734011999999,0.21107774,312,1717.89000000,0.10870053,0
2024-12-12 14:00:00,0.00006314,0.00006332,0.00006287,0.00006289,1254.35000000,1734015599999,0.07918941,137,631.65000000,0.03987954,0
2024-12-12 15:00:00,0.00006293,0.00006336,0.00006275,0.00006330,7232.57000000,1734019199999,0.45651160,272,2068.40000000,0.13075573,0
2024-12-12 16:00:00,0.00006327,0.00006371,0.00006291,0.00006365,8130.24000000,1734022799999,0.51674884,1422,1828.53000000,0.11604433,0
2024-12-12 17:00:00,0.00006365,0.00006662,0.00006342,0.00006342,11670.31000000,1734026399999,0.74746393,637,6244.35000000,0.40122989,0
2024-12-12 18:00:00,0.00006356,0.00006356,0.00006348,0.00006355,161.32000000,1734029999999,0.01024651,21,88.80000000,0.00564178,0
2024-12-12 19:00:00,0.00006377,0.00006410,0.00006315,0.00006322,3452.91000000,1734033599999,0.21929449,139,2330.83000000,0.14815355,0
2024-12-12 20:00:00,0.00006330,0.00006371,0.00006320,0.00006357,2324.56000000,1734037199999,0.14776365,130,272.75000000,0.01732005,0
2024-12-12 21:00:00,0.00006352,0.00006378,0.00006339,0.00006349,2412.81000000,1734040799999,0.15326699,148,947.10000000,0.06029727,0
2024-12-12 22:00:00,0.00006339,0.00006340,0.00006285,0.00006296,3237.68000000,1734044399999,0.20416483,130,2367.24000000,0.14923797,0
2024-12-12 23:00:00,0.00006302,0.00006344,0.00006301,0.00006342,663.41000000,1734047999999,0.04198850,80,363.12000000,0.02298030,0
2024-12-13 00:00:00,0.00006352,0.00006382,0.00006351,0.00006378,687.30000000,1734051599999,0.04378904,67,373.52000000,0.02379240,0
2024-12-13 01:00:00,0.00006378,0.00006379,0.00006293,0.00006377,1937.49000000,1734055199999,0.12281959,107,955.08000000,0.06050713,0
2024-12-13 02:00:00,0.00006379,0.00006420,0.00006360,0.00006403,1841.76000000,1734058799999,0.11774618,90,983.63000000,0.06294403,0
2024-12-13 03:00:00,0.00006402,0.00006461,0.00006372,0.00006400,2259.90000000,1734062399999,0.14501494,75,2128.47000000,0.13660934,0
2024-12-13 04:00:00,0.00006405,0.00006410,0.00006337,0.00006350,459.08000000,1734065999999,0.02924573,78,207.02000000,0.01317269,0
2024-12-13 05:00:00,0.00006350,0.00006500,0.00006337,0.00006389,2292.88000000,1734069599999,0.14650569,115,1996.70000000,0.12771450,0
2024-12-13 06:00:00,0.00006385,0.00006420,0.00006379,0.00006379,1930.69000000,1734073199999,0.12363507,112,314.36000000,0.02011609,0
2024-12-13 07:00:00,0.00006373,0.00006373,0.00006303,0.00006372,1002.73000000,1734076799999,0.06352261,102,509.63000000,0.03228287,0
2024-12-13 08:00:00,0.00006380,0.00006449,0.00006377,0.00006392,2907.54000000,1734080399999,0.18667426,172,1527.76000000,0.09809728,0
2024-12-13 09:00:00,0.00006401,0.00006401,0.00006359,0.00006382,718.87000000,1734083999999,0.04590775,76,457.62000000,0.02923629,0
2024-12-13 10:00:00,0.00006383,0.00006415,0.00006375,0.00006388,2983.63000000,1734087599999,0.19067078,342,830.71000000,0.05304927,0
2024-12-13 11:00:00,0.00006387,0.00006409,0.00006363,0.00006372,4061.56000000,1734091199999,0.25948303,171,2524.47000000,0.16150746,0
2024-12-13 12:00:00,0.00006369,0.00006411,0.00006369,0.00006411,1185.95000000,1734094799999,0.07579095,134,710.80000000,0.04542027,0
2024-12-13 13:00:00,0.00006414,0.00006414,0.00006326,0.00006343,1219.74000000,1734098399999,0.07762572,143,706.36000000,0.04497666,0
2024-12-13 14:00:00,0.00006344,0.00006348,0.00006313,0.00006341,2509.76000000,1734101999999,0.15889832,241,924.08000000,0.05850909,0
2024-12-13 15:00:00,0.00006344,0.00006355,0.00006249,0.00006252,2365.63000000,1734105599999,0.14875263,242,1433.71000000,0.09022348,0
2024-12-13 16:00:00,0.00006246,0.00006265,0.00006200,0.00006209,6229.43000000,1734109199999,0.38712563,1170,1161.00000000,0.07233505,0
2024-12-13 17:00:00,0.00006203,0.00006216,0.00006140,0.00006153,3265.19000000,1734112799999,0.20179545,271,2594.06000000,0.16032526,0
2024-12-13 18:00:00,0.00006150,0.00006153,0.00006127,0.00006138,1422.21000000,1734116399999,0.08733137,178,902.57000000,0.05543059,0
2024-12-13 19:00:00,0.00006145,0.00006169,0.00006143,0.00006168,1334.43000000,1734119999999,0.08212681,145,926.67000000,0.05702178,0
2024-12-13 20:00:00,0.00006173,0.00006210,0.00006173,0.00006192,1068.34000000,1734123599999,0.06621378,133,853.05000000,0.05287722,0
2024-12-13 21:00:00,0.00006190,0.00006218,0.00006185,0.00006206,1042.89000000,1734127199999,0.06473884,81,887.09000000,0.05507496,0
2024-12-13 22:00:00,0.00006206,0.00006206,0.00006168,0.00006196,800.86000000,1734130799999,0.04954477,69,396.90000000,0.02455041,0
2024-12-13 23:00:00,0.00006189,0.00006246,0.00006186,0.00006243,947.69000000,1734134399999,0.05899148,70,422.04000000,0.02629876,0
2024-12-14 00:00:00,0.00006239,0.00006296,0.00006239,0.00006270,1931.68000000,1734137999999,0.12124311,106,1159.63000000,0.07276905,0
2024-12-14 01:00:00,0.00006264,0.00006264,0.00006224,0.00006226,1548.06000000,1734141599999,0.09675511,82,608.66000000,0.03798980,0
2024-12-14 02:00:00,0.00006228,0.00006235,0.00006195,0.00006196,1279.47000000,1734145199999,0.07940951,68,203.53000000,0.01266247,0
2024-12-14 03:00:00,0.00006194,0.00006202,0.00006174,0.00006186,1400.87000000,1734148799999,0.08666763,402,347.27000000,0.02148128,0
2024-12-14 04:00:00,0.00006186,0.00006201,0.00006182,0.00006201,692.49000000,1734152399999,0.04288874,164,304.50000000,0.01886018,0
2024-12-14 05:00:00,0.00006201,0.00006220,0.00006187,0.00006220,702.47000000,1734155999999,0.04352137,117,196.44000000,0.01216393,0
2024-12-14 06:00:00,0.00006222,0.00006236,0.00006220,0.00006229,177.85000000,1734159599999,0.01107428,37,132.78000000,0.00826843,0
2024-12-14 07:00:00,0.00006218,0.00006237,0.00006214,0.00006225,721.68000000,1734163199999,0.04492469,83,475.79000000,0.02962389,0
2024-12-14 08:00:00,0.00006225,0.00006242,0.00006223,0.00006242,1332.07000000,1734166799999,0.08300339,84,143.86000000,0.00896820,0
2024-12-14 09:00:00,0.00006241,0.00006262,0.00006236,0.00006252,294.50000000,1734170399999,0.01840286,33,214.25000000,0.01338352,0
2024-12-14 10:00:00,0.00006252,0.00006252,0.00006160,0.00006182,6995.15000000,1734173999999,0.43335920,175,1019.33000000,0.06313109,0
2024-12-14 11:00:00,0.00006180,0.00006187,0.00006135,0.00006140,684.80000000,1734177599999,0.04218504,78,210.70000000,0.01298011,0
2024-12-14 12:00:00,0.00006137,0.00006146,0.00006089,0.00006097,1349.53000000,1734181199999,0.08245618,127,832.56000000,0.05088513,0
2024-12-14 13:00:00,0.00006097,0.00006107,0.00006038,0.00006047,3846.73000000,1734184799999,0.23330835,228,1323.48000000,0.08034574,0
2024-12-14 14:00:00,0.00006045,0.00006115,0.00006045,0.00006108,2113.32000000,1734188399999,0.12868129,135,1636.26000000,0.09966143,0
2024-12-14 15:00:00,0.00006101,0.00006101,0.00006066,0.00006083,1061.67000000,1734191999999,0.06463478,95,612.05000000,0.03727699,0
2024-12-14 16:00:00,0.00006079,0.00006097,0.00006033,0.00006095,1106.91000000,1734195599999,0.06721590,136,384.58000000,0.02336415,0
2024-12-14 17:00:00,0.00006096,0.00006097,0.00006043,0.00006043,1353.35000000,1734199199999,0.08210543,144,603.33000000,0.03665570,0
2024-12-14 18:00:00,0.00006045,0.00006058,0.00006022,0.00006028,1474.53000000,1734202799999,0.08907122,101,337.76000000,0.02041493,0
2024-12-14 19:00:00,0.00006032,0.00006074,0.00006027,0.00006074,912.55000000,1734206399999,0.05522094,86,269.58000000,0.01632877,0
2024-12-14 20:00:00,0.00006073,0.00006085,0.00006041,0.00006041,579.57000000,1734209999999,0.03518268,83,203.31000000,0.01232883,0
2024-12-14 21:00:00,0.00006047,0.00006096,0.00006043,0.00006096,2049.55000000,1734213599999,0.12455833,97,871.48000000,0.05293862,0
2024-12-14 22:00:00,0.00006097,0.00006128,0.00006097,0.00006121,1125.82000000,1734217199999,0.06883860,258,409.01000000,0.02501270,0
2024-12-14 23:00:00,0.00006123,0.00006161,0.00006122,0.00006161,2735.68000000,1734220799999,0.16814932,235,1237.17000000,0.07603887,0
2024-12-15 00:00:00,0.00006161,0.00006178,0.00006130,0.00006154,883.77000000,1734224399999,0.05448224,164,349.54000000,0.02155033,0
2024-12-15 01:00:00,0.00006143,0.00006156,0.00006142,0.00006144,309.46000000,1734227999999,0.01902253,57,118.16000000,0.00726380,0
2024-12-15 02:00:00,0.00006153,0.00006164,0.00006151,0.00006156,547.81000000,1734231599999,0.03373651,31,53.29000000,0.00328352,0
2024-12-15 03:00:00,0.00006150,0.00006151,0.00006093,0.00006098,1562.28000000,1734235199999,0.09542670,63,60.13000000,0.00368298,0
2024-12-15 04:00:00,0.00006099,0.00006111,0.00006089,0.00006096,706.26000000,1734238799999,0.04311283,54,426.38000000,0.02603759,0
2024-12-15 05:00:00,0.00006099,0.00006121,0.00006094,0.00006114,247.37000000,1734242399999,0.01510618,50,162.23000000,0.00990653,0
2024-12-15 06:00:00,0.00006111,0.00006114,0.00006074,0.00006074,1085.35000000,1734245999999,0.06606872,66,212.87000000,0.01295829,0
2024-12-15 07:00:00,0.00006076,0.00006083,0.00006012,0.00006046,1093.95000000,1734249599999,0.06609398,159,587.35000000,0.03549730,0
2024-12-15 08:00:00,0.00006047,0.00006089,0.00006047,0.00006083,475.34000000,1734253199999,0.02885945,85,306.65000000,0.01862189,0
2024-12-15 09:00:00,0.00006081,0.00006102,0.00006066,0.00006100,772.53000000,1734256799999,0.04701144,129,328.00000000,0.01995985,0
2024-12-15 10:00:00,0.00006092,0.00006112,0.00006072,0.00006072,1054.33000000,1734260399999,0.06425061,118,809.78000000,0.04933496,0
2024-12-15 11:00:00,0.00006067,0.00006096,0.00006067,0.00006081,359.97000000,1734263999999,0.02189690,67,217.13000000,0.01321141,0
2024-12-15 12:00:00,0.00006083,0.00006092,0.00006057,0.00006088,912.01000000,1734267599999,0.05535853,103,324.76000000,0.01971496,0
2024-12-15 13:00:00,0.00006083,0.00006192,0.00006079,0.00006174,5565.64000000,1734271199999,0.34251246,277,3350.73000000,0.20601704,0
2024-12-15 14:00:00,0.00006172,0.00006181,0.00006155,0.00006162,1679.63000000,1734274799999,0.10351966,159,642.48000000,0.03959170,0
2024-12-15 15:00:00,0.00006165,0.00006176,0.00006151,0.00006176,557.10000000,1734278399999,0.03431889,79,193.29000000,0.01190611,0
2024-12-15 16:00:00,0.00006178,0.00006210,0.00006175,0.00006208,6861.76000000,1734281999999,0.42529118,141,5762.61000000,0.35723045,0
2024-12-15 17:00:00,0.00006206,0.00006206,0.00006177,0.00006186,427.73000000,1734285599999,0.02647216,61,198.99000000,0.01230666,0
2024-12-15 18:00:00,0.00006189,0.00006189,0.00006160,0.00006164,428.54000000,1734289199999,0.02646893,49,239.83000000,0.01482451,0
2024-12-15 19:00:00,0.00006170,0.00006198,0.00006170,0.00006198,330.16000000,1734292799999,0.02043807,42,246.08000000,0.01523920,0
2024-12-15 20:00:00,0.00006202,0.00006219,0.00006170,0.00006185,2419.50000000,1734296399999,0.15001241,125,1830.15000000,0.11352257,0
2024-12-15 21:00:00,0.00006183,0.00006183,0.00006089,0.00006089,1467.19000000,1734299999999,0.08979641,100,184.00000000,0.01129190,0
2024-12-15 22:00:00,0.00006088,0.00006147,0.00006077,0.00006147,1145.04000000,1734303599999,0.07000538,117,985.73000000,0.06025854,0
2024-12-15 23:00:00,0.00006145,0.00006151,0.00006084,0.00006114,3124.82000000,1734307199999,0.19103233,125,434.76000000,0.02659044,0
2024-12-16 00:00:00,0.00006115,0.00006134,0.00006052,0.00006119,2836.10000000,1734310799999,0.17276716,121,1447.76000000,0.08831207,0
2024-12-16 01:00:00,0.00006115,0.00006124,0.00006047,0.00006051,1995.67000000,1734314399999,0.12188405,119,895.98000000,0.05476943,0
2024-12-16 02:00:00,0.00006052,0.00006074,0.00006011,0.00006059,2935.31000000,1734317999999,0.17717030,135,606.86000000,0.03678184,0
2024-12-16 03:00:00,0.00006058,0.00006065,0.00006027,0.00006031,443.08000000,1734321599999,0.02679367,70,343.59000000,0.02078444,0
2024-12-16 04:00:00,0.00006029,0.00006083,0.00006024,0.00006079,1935.62000000,1734325199999,0.11723696,197,1560.93000000,0.09456342,0
2024-12-16 05:00:00,0.00006078,0.00006094,0.00006062,0.00006083,1289.15000000,1734328799999,0.07835357,130,1040.77000000,0.06327058,0
2024-12-16 06:00:00,0.00006083,0.00006083,0.00006037,0.00006042,404.64000000,1734332399999,0.02448596,46,164.20000000,0.00994116,0
2024-12-16 07:00:00,0.00006045,0.00006100,0.00006039,0.00006099,403.68000000,1734335999999,0.02451427,45,267.62000000,0.01625996,0
2024-12-16 08:00:00,0.00006101,0.00006126,0.00006080,0.00006104,2278.16000000,1734339599999,0.13906894,243,1967.39000000,0.12010092,0
2024-12-16 09:00:00,0.00006089,0.00006104,0.00005923,0.00005951,6396.84000000,1734343199999,0.38202609,295,1093.84000000,0.06557117,0
2024-12-16 10:00:00,0.00005952,0.00005952,0.00005708,0.00005858,19807.75000000,1734346799999,1.15067778,826,6008.43000000,0.34936367,0
2024-12-16 11:00:00,0.00005857,0.00005857,0.00005746,0.00005776,3292.51000000,1734350399999,0.19154808,353,1110.66000000,0.06458361,0
2024-12-16 12:00:00,0.00005780,0.00005843,0.00005778,0.00005818,3584.45000000,1734353999999,0.20850041,145,3127.76000000,0.18191281,0
2024-12-16 13:00:00,0.00005818,0.00005830,0.00005794,0.00005829,988.62000000,1734357599999,0.05750288,135,664.27000000,0.03863438,0
2024-12-16 14:00:00,0.00005827,0.00005827,0.00005671,0.00005697,7130.92000000,1734361199999,0.40805305,276,1789.93000000,0.10239187,0
2024-12-16 15:00:00,0.00005698,0.00005700,0.00005641,0.00005678,4805.28000000,1734364799999,0.27214299,314,2193.98000000,0.12428662,0
2024-12-16 16:00:00,0.00005680,0.00005716,0.00005650,0.00005708,2834.20000000,1734368399999,0.16121815,228,1737.98000000,0.09887827,0
2024-12-16 17:00:00,0.00005713,0.00005772,0.00005702,0.00005732,2889.96000000,1734371999999,0.16599334,243,1116.98000000,0.06416894,0
2024-12-16 18:00:00,0.00005733,0.00005765,0.00005692,0.00005765,1886.25000000,1734375599999,0.10795560,202,1174.08000000,0.06719919,0
2024-12-16 19:00:00,0.00005763,0.00005770,0.00005722,0.00005727,5440.75000000,1734379199999,0.31283579,235,1465.52000000,0.08424576,0
2024-12-16 20:00:00,0.00005737,0.00005755,0.00005714,0.00005729,3645.56000000,1734382799999,0.20916441,137,2848.34000000,0.16345056,0
2024-12-16 21:00:00,0.00005734,0.00005761,0.00005721,0.00005747,2434.05000000,1734386399999,0.13966000,98,1333.45000000,0.07642434,0
2024-12-16 22:00:00,0.00005746,0.00005776,0.00005745,0.00005755,1569.03000000,1734389999999,0.09042433,144,945.05000000,0.05445801,0
2024-12-16 23:00:00,0.00005754,0.00005769,0.00005715,0.00005718,1368.08000000,1734393599999,0.07847378,78,294.36000000,0.01688193,0
2024-12-17 00:00:00,0.00005713,0.00005717,0.00005662,0.00005673,2360.45000000,1734397199999,0.13434553,102,873.42000000,0.04961000,0
2024-12-17 01:00:00,0.00005670,0.00005712,0.00005670,0.00005697,937.03000000,1734400799999,0.05332330,83,228.04000000,0.01298857,0
2024-12-17 02:00:00,0.00005699,0.00005723,0.00005697,0.00005712,433.81000000,1734404399999,0.02475713,57,144.56000000,0.00825450,0
2024-12-17 03:00:00,0.00005703,0.00005714,0.00005700,0.00005713,737.44000000,1734407999999,0.04208242,85,158.99000000,0.00907333,0
2024-12-17 04:00:00,0.00005714,0.00005714,0.00005670,0.00005671,548.28000000,1734411599999,0.03121418,49,328.49000000,0.01873126,0
2024-12-17 05:00:00,0.00005680,0.00005680,0.00005660,0.00005672,602.56000000,1734415199999,0.03417233,86,329.91000000,0.01870650,0
2024-12-17 06:00:00,0.00005665,0.00005666,0.00005632,0.00005649,683.80000000,1734418799999,0.03863422,132,100.43000000,0.00567150,0
2024-12-17 07:00:00,0.00005656,0.00005673,0.00005636,0.00005644,507.81000000,1734422399999,0.02872062,91,163.81000000,0.00926326,0
2024-12-17 08:00:00,0.00005661,0.00005676,0.00005644,0.00005645,2024.76000000,1734425999999,0.11473096,128,1519.96000000,0.08617208,0
2024-12-17 09:00:00,0.00005639,0.00005723,0.00005630,0.00005708,8527.61000000,1734429599999,0.48457961,421,2410.76000000,0.13740219,0
2024-12-17 10:00:00,0.00005704,0.00005711,0.00005681,0.00005688,2134.50000000,1734433199999,0.12163360,121,614.05000000,0.03501863,0
2024-12-17 11:00:00,0.00005690,0.00005730,0.00005680,0.00005722,3187.62000000,1734436799999,0.18210316,557,1954.94000000,0.11170253,0
2024-12-17 12:00:00,0.00005722,0.00005740,0.00005689,0.00005692,4257.03000000,1734440399999,0.24352696,679,1794.61000000,0.10277082,0
2024-12-17 13:00:00,0.00005702,0.00005714,0.00005647,0.00005673,2818.95000000,1734443999999,0.15992831,327,1612.98000000,0.09149684,0
2024-12-17 14:00:00,0.00005670,0.00005670,0.00005588,0.00005601,8307.84000000,1734447599999,0.46732630,288,4965.41000000,0.27946617,0
2024-12-17 15:00:00,0.00005592,0.00005607,0.00005516,0.00005564,5964.59000000,1734451199999,0.33189655,270,1810.97000000,0.10082744,0
2024-12-17 16:00:00,0.00005546,0.00005610,0.00005538,0.00005595,2262.95000000,1734454799999,0.12621512,194,1020.61000000,0.05692171,0
2024-12-17 17:00:00,0.00005592,0.00005608,0.00005583,0.00005594,2578.93000000,1734458399999,0.14447051,122,363.96000000,0.02036492,0
2024-12-17 18:00:00,0.00005592,0.00005592,0.00005488,0.00005541,8662.03000000,1734461999999,0.47867794,236,5766.29000000,0.31854661,0
2024-12-17 19:00:00,0.00005537,0.00005571,0.00005523,0.00005556,2303.53000000,1734465599999,0.12762000,143,426.51000000,0.02362935,0
2024-12-17 20:00:00,0.00005569,0.00005580,0.00005515,0.00005527,4308.75000000,1734469199999,0.23871886,183,1322.37000000,0.07325654,0
2024-12-17 21:00:00,0.00005523,0.00005558,0.00005503,0.00005542,749.52000000,1734472799999,0.04149918,68,605.95000000,0.03354141,0
2024-12-17 22:00:00,0.00005536,0.00005550,0.00005483,0.00005486,3190.86000000,1734476399999,0.17616166,117,1858.39000000,0.10270202,0
2024-12-17 23:00:00,0.00005484,0.00005484,0.00005447,0.00005475,3568.32000000,1734479999999,0.19474542,113,643.71000000,0.03513138,0
2024-12-18 00:00:00,0.00005486,0.00005507,0.00005467,0.00005479,541.52000000,1734483599999,0.02969882,72,265.87000000,0.01458076,0
2024-12-18 01:00:00,0.00005474,0.00005520,0.00005471,0.00005512,986.41000000,1734487199999,0.05423745,78,637.30000000,0.03506456,0
2024-12-18 02:00:00,0.00005500,0.00005559,0.00005500,0.00005557,1831.36000000,1734490799999,0.10148458,98,1152.29000000,0.06390361,0
2024-12-18 03:00:00,0.00005561,0.00005566,0.00005539,0.00005549,1137.97000000,1734494399999,0.06320329,80,548.96000000,0.03049090,0
2024-12-18 04:00:00,0.00005550,0.00005560,0.00005508,0.00005551,1289.45000000,1734497999999,0.07126877,103,354.18000000,0.01959765,0
2024-12-18 05:00:00,0.00005554,0.00005578,0.00005542,0.00005563,1180.77000000,1734501599999,0.06571907,97,964.78000000,0.05370205,0
2024-12-18 06:00:00,0.00005561,0.00005573,0.00005523,0.00005552,1837.88000000,1734505199999,0.10214491,109,355.94000000,0.01975788,0
2024-12-18 07:00:00,0.00005554,0.00005554,0.00005464,0.00005466,6509.60000000,1734508799999,0.35831331,228,1789.88000000,0.09843923,0
2024-12-18 08:00:00,0.00005486,0.00005501,0.00005446,0.00005498,2486.88000000,1734512399999,0.13601033,160,866.06000000,0.04740075,0
2024-12-18 09:00:00,0.00005501,0.00005550,0.00005500,0.00005542,1284.94000000,1734515999999,0.07100183,136,345.78000000,0.01911405,0
2024-12-18 10:00:00,0.00005548,0.00005548,0.00005523,0.00005539,556.66000000,1734519599999,0.03078423,53,241.54000000,0.01336008,0
2024-12-18 11:00:00,0.00005537,0.00005550,0.00005483,0.00005483,1197.26000000,1734523199999,0.06612710,106,330.75000000,0.01823851,0
2024-12-18 12:00:00,0.00005492,0.00005493,0.00005411,0.00005441,4423.69000000,1734526799999,0.24123841,164,2280.38000000,0.12434665,0
2024-12-18 13:00:00,0.00005433,0.00005449,0.00005360,0.00005445,8505.28000000,1734530399999,0.45907095,196,1515.88000000,0.08215701,0
2024-12-18 14:00:00,0.00005446,0.00005488,0.00005446,0.00005472,1089.85000000,1734533999999,0.05962458,82,377.23000000,0.02065115,0
2024-12-18 15:00:00,0.00005472,0.00005505,0.00005445,0.00005460,1188.82000000,1734537599999,0.06514184,80,766.83000000,0.04204495,0
2024-12-18 16:00:00,0.00005460,0.00005506,0.00005460,0.00005481,1404.85000000,1734541199999,0.07711802,85,585.59000000,0.03214736,0
2024-12-18 17:00:00,0.00005484,0.00005484,0.00005424,0.00005463,2830.27000000,1734544799999,0.15452001,117,710.02000000,0.03880114,0
2024-12-18 18:00:00,0.00005463,0.00005498,0.00005456,0.00005488,3751.63000000,1734548399999,0.20557504,79,380.27000000,0.02085200,0
2024-12-18 19:00:00,0.00005501,0.00005519,0.00005403,0.00005403,4241.15000000,1734551999999,0.23279256,156,639.13000000,0.03497961,0
2024-12-18 20:00:00,0.00005406,0.00005520,0.00005200,0.00005370,18434.53000000,1734555599999,0.98082562,628,9121.15000000,0.48704699,0
2024-12-18 21:00:00,0.00005359,0.00005442,0.00005348,0.00005441,3140.16000000,1734559199999,0.16974791,139,1581.92000000,0.08562612,0
2024-12-18 22:00:00,0.00005445,0.00005445,0.00005388,0.00005390,2908.22000000,1734562799999,0.15751495,125,2140.88000000,0.11594375,0
2024-12-18 23:00:00,0.00005388,0.00005437,0.00005388,0.00005428,2458.23000000,1734566399999,0.13323256,82,1833.32000000,0.09937475,0
2024-12-19 00:00:00,0.00005428,0.00005428,0.00005356,0.00005405,5003.47000000,1734569999999,0.26887071,104,3658.09000000,0.19644821,0
2024-12-19 01:00:00,0.00005411,0.00005413,0.00005327,0.00005351,2669.61000000,1734573599999,0.14314449,82,1347.18000000,0.07222976,0
2024-12-19 02:00:00,0.00005345,0.00005361,0.00005239,0.00005358,13941.06000000,1734577199999,0.73821861,267,11260.70000000,0.59624067,0
2024-12-19 03:00:00,0.00005358,0.00005407,0.00005356,0.00005399,2641.56000000,1734580799999,0.14198366,74,478.97000000,0.02579395,0
2024-12-19 04:00:00,0.00005389,0.00005425,0.00005388,0.00005405,1656.47000000,1734584399999,0.08965982,77,1278.81000000,0.06922648,0
2024-12-19 05:00:00,0.00005403,0.00005413,0.00005375,0.00005391,1559.65000000,1734587999999,0.08402852,42,315.81000000,0.01703360,0
2024-12-19 06:00:00,0.00005385,0.00005393,0.00005372,0.00005387,2226.72000000,1734591599999,0.11987426,56,2142.54000000,0.11533756,0
2024-12-19 07:00:00,0.00005380,0.00005402,0.00005379,0.00005402,683.25000000,1734595199999,0.03682637,35,450.29000000,0.02426271,0
2024-12-19 08:00:00,0.00005398,0.00005398,0.00005354,0.00005381,4279.69000000,1734598799999,0.22993279,139,3257.96000000,0.17503724,0
2024-12-19 09:00:00,0.00005382,0.00005401,0.00005354,0.00005354,4030.85000000,1734602399999,0.21665309,86,2671.19000000,0.14364377,0
2024-12-19 10:00:00,0.00005351,0.00005352,0.00005316,0.00005316,1871.95000000,1734605999999,0.09968115,65,752.60000000,0.04008499,0
2024-12-19 11:00:00,0.00005315,0.00005331,0.00005300,0.00005315,799.20000000,1734609599999,0.04250375,61,520.72000000,0.02769569,0
2024-12-19 12:00:00,0.00005317,0.00005326,0.00005283,0.00005286,3447.01000000,1734613199999,0.18294456,109,1474.26000000,0.07833066,0
2024-12-19 13:00:00,0.00005286,0.00005329,0.00005286,0.00005304,2197.13000000,1734616799999,0.11652192,75,1147.92000000,0.06091551,0
2024-12-19 14:00:00,0.00005303,0.00005339,0.00005291,0.00005331,1851.77000000,1734620399999,0.09829659,97,916.99000000,0.04871833,0
2024-12-19 15:00:00,0.00005322,0.00005326,0.00005243,0.00005280,5214.82000000,1734623999999,0.27547824,152,3319.99000000,0.17542798,0
2024-12-19 16:00:00,0.00005285,0.00005357,0.00005270,0.00005355,1721.01000000,1734627599999,0.09163547,83,891.38000000,0.04744894,0
2024-12-19 17:00:00,0.00005354,0.00005364,0.00005209,0.00005262,12899.07000000,1734631199999,0.67893211,303,5012.80000000,0.26443056,0
2024-12-19 18:00:00,0.00005265,0.00005341,0.00005226,0.00005312,12111.67000000,1734634799999,0.64012026,315,7209.83000000,0.38102443,0
2024-12-19 19:00:00,0.00005306,0.00005420,0.00005300,0.00005356,10559.09000000,1734638399999,0.56555231,253,6920.39000000,0.37104711,0
2024-12-19 20:00:00,0.00005362,0.00005398,0.00005306,0.00005392,8704.12000000,1734641999999,0.46553222,185,4346.82000000,0.23273436,0
2024-12-19 21:00:00,0.00005388,0.00005422,0.00005380,0.00005419,3690.60000000,1734645599999,0.19967624,134,2325.17000000,0.12582824,0
2024-12-19 22:00:00,0.00005418,0.00005421,0.00005327,0.00005327,6275.98000000,1734649199999,0.33658105,168,2344.54000000,0.12567358,0
2024-12-19 23:00:00,0.00005325,0.00005346,0.00005315,0.00005322,1577.45000000,1734652799999,0.08400587,78,535.70000000,0.02854190,0
2024-12-20 00:00:00,0.00005332,0.00005383,0.00005274,0.00005366,2712.13000000,1734656399999,0.14475613,89,694.34000000,0.03715096,0
2024-12-20 01:00:00,0.00005371,0.00005413,0.00005354,0.00005409,2129.58000000,1734659999999,0.11465253,74,1460.23000000,0.07859072,0
2024-12-20 02:00:00,0.00005415,0.00005464,0.00005414,0.00005444,2200.30000000,1734663599999,0.11957229,66,1605.97000000,0.08726024,0
2024-12-20 03:00:00,0.00005441,0.00005463,0.00005439,0.00005452,703.99000000,1734667199999,0.03839707,38,397.69000000,0.02171077,0
2024-12-20 04:00:00,0.00005461,0.00005480,0.00005429,0.00005442,1994.20000000,1734670799999,0.10874744,79,435.26000000,0.02375282,0
2024-12-20 05:00:00,0.00005439,0.00005443,0.00005413,0.00005413,1000.50000000,1734674399999,0.05428396,51,739.66000000,0.04014456,0
2024-12-20 06:00:00,0.00005411,0.00005419,0.00005304,0.00005321,5447.30000000,1734677999999,0.29147718,103,2532.78000000,0.13568830,0
2024-12-20 07:00:00,0.00005323,0.00005397,0.00005320,0.00005341,3850.74000000,1734681599999,0.20636992,96,3126.24000000,0.16752230,0
2024-12-20 08:00:00,0.00005343,0.00005343,0.00005235,0.00005247,7015.77000000,1734685199999,0.36931778,171,2142.82000000,0.11295632,0
2024-12-20 09:00:00,0.00005295,0.00005295,0.00005073,0.00005146,64866.68000000,1734688799999,3.32458119,1025,9145.03000000,0.47179299,0
2024-12-20 10:00:00,0.00005140,0.00005214,0.00005091,0.00005186,11544.00000000,1734692399999,0.59349356,356,6899.82000000,0.35472948,0
2024-12-20 11:00:00,0.00005193,0.00005348,0.00005148,0.00005193,15295.47000000,1734695999999,0.79826621,436,7458.77000000,0.39016305,0
2024-12-20 12:00:00,0.00005196,0.00005396,0.00005184,0.00005395,11216.48000000,1734699599999,0.59286877,337,5597.40000000,0.29650270,0
2024-12-20 13:00:00,0.00005385,0.00005454,0.00005362,0.00005454,10094.64000000,1734703199999,0.54677059,263,7022.13000000,0.38071098,0
2024-12-20 14:00:00,0.00005444,0.00005511,0.00005440,0.00005511,12468.99000000,1734706799999,0.68372302,516,3676.59000000,0.20171899,0
2024-12-20 15:00:00,0.00005506,0.00005548,0.00005457,0.00005497,12533.33000000,1734710399999,0.68842559,217,9026.81000000,0.49571625,0
2024-12-20 16:00:00,0.00005494,0.00005539,0.00005466,0.00005519,5640.36000000,1734713999999,0.30988793,165,3797.20000000,0.20856083,0
2024-12-20 17:00:00,0.00005513,0.00005615,0.00005513,0.00005566,7285.87000000,1734717599999,0.40726981,176,1767.79000000,0.09854705,0
2024-12-20 18:00:00,0.00005566,0.00005594,0.00005527,0.00005556,2928.57000000,1734721199999,0.16253419,112,1616.68000000,0.08972171,0
2024-12-20 19:00:00,0.00005558,0.00005589,0.00005542,0.00005566,1231.74000000,1734724799999,0.06861235,59,525.07000000,0.02925468,0
2024-12-20 20:00:00,0.00005560,0.00005589,0.00005560,0.00005584,6268.83000000,1734728399999,0.34916233,76,5692.24000000,0.31698658,0
2024-12-20 21:00:00,0.00005592,0.00005605,0.00005573,0.00005592,1145.93000000,1734731999999,0.06405883,55,423.02000000,0.02366660,0
2024-12-20 22:00:00,0.00005581,0.00005599,0.00005570,0.00005579,2091.07000000,1734735599999,0.11672797,68,759.18000000,0.04239476,0
2024-12-20 23:00:00,0.00005579,0.00005596,0.00005570,0.00005576,2404.35000000,1734739199999,0.13420944,87,617.39000000,0.03449291,0
2024-12-21 00:00:00,0.00005579,0.00005673,0.00005579,0.00005664,4084.11000000,1734742799999,0.23021296,108,2537.99000000,0.14312124,0
2024-12-21 01:00:00,0.00005667,0.00005708,0.00005667,0.00005682,2687.92000000,1734746399999,0.15303230,85,1312.80000000,0.07475403,0
2024-12-21 02:00:00,0.00005679,0.00005680,0.00005650,0.00005679,461.00000000,1734749999999,0.02613111,30,262.72000000,0.01489615,0
2024-12-21 03:00:00,0.00005673,0.00005685,0.00005635,0.00005646,1118.24000000,1734753599999,0.06321179,33,863.20000000,0.04876139,0
2024-12-21 04:00:00,0.00005653,0.00005685,0.00005650,0.00005664,528.29000000,1734757199999,0.02993603,28,224.35000000,0.01272305,0
2024-12-21 05:00:00,0.00005688,0.00005701,0.00005675,0.00005678,846.65000000,1734760799999,0.04817808,46,413.51000000,0.02353195,0
2024-12-21 06:00:00,0.00005680,0.00005729,0.00005680,0.00005707,2653.71000000,1734764399999,0.15140384,73,1583.98000000,0.09037658,0
2024-12-21 07:00:00,0.00005704,0.00005718,0.00005616,0.00005656,4884.25000000,1734767999999,0.27739952,105,1117.62000000,0.06355689,0
2024-12-21 08:00:00,0.00005658,0.00005676,0.00005628,0.00005649,1822.53000000,1734771599999,0.10299158,65,1158.70000000,0.06540915,0
2024-12-21 09:00:00,0.00005640,0.00005642,0.00005600,0.00005628,1780.92000000,1734775199999,0.10011921,68,1351.54000000,0.07598577,0
2024-12-21 10:00:00,0.00005632,0.00005644,0.00005596,0.00005620,1220.92000000,1734778799999,0.06851208,58,483.35000000,0.02714750,0
2024-12-21 11:00:00,0.00005623,0.00005642,0.00005579,0.00005591,1689.48000000,1734782399999,0.09461874,77,799.02000000,0.04477714,0
2024-12-21 12:00:00,0.00005590,0.00005590,0.00005500,0.00005517,2497.74000000,1734785999999,0.13834674,144,1029.33000000,0.05713354,0
2024-12-21 13:00:00,0.00005517,0.00005531,0.00005422,0.00005456,7054.10000000,1734789599999,0.38639525,245,1367.63000000,0.07479626,0
2024-12-21 14:00:00,0.00005461,0.00005491,0.00005450,0.00005452,2185.17000000,1734793199999,0.11957014,89,1021.42000000,0.05594243,0
2024-12-21 15:00:00,0.00005458,0.00005505,0.00005455,0.00005483,772.76000000,1734796799999,0.04232751,69,401.21000000,0.02199868,0
2024-12-21 16:00:00,0.00005484,0.00005484,0.00005434,0.00005439,1297.19000000,1734800399999,0.07086669,107,703.13000000,0.03842724,0
2024-12-21 17:00:00,0.00005438,0.00005474,0.00005408,0.00005458,4444.46000000,1734803999999,0.24164904,173,3920.45000000,0.21315348,0
2024-12-21 18:00:00,0.00005460,0.00005470,0.00005423,0.00005447,1320.04000000,1734807599999,0.07199494,98,530.70000000,0.02893563,0
2024-12-21 19:00:00,0.00005437,0.00005437,0.00005378,0.00005417,3497.12000000,1734811199999,0.18858640,96,1507.67000000,0.08136581,0
2024-12-21 20:00:00,0.00005436,0.00005465,0.00005411,0.00005440,1322.16000000,1734814799999,0.07198561,60,799.50000000,0.04356080,0
2024-12-21 21:00:00,0.00005437,0.00005454,0.00005414,0.00005445,419.30000000,1734818399999,0.02280118,39,136.58000000,0.00743514,0
2024-12-21 22:00:00,0.00005431,0.00005465,0.00005412,0.00005451,825.27000000,1734821999999,0.04485654,53,528.74000000,0.02873595,0
2024-12-21 23:00:00,0.00005449,0.00005453,0.00005419,0.00005450,309.55000000,1734825599999,0.01683250,26,242.97000000,0.01321216,0
2024-12-22 00:00:00,0.00005440,0.00005508,0.00005433,0.00005497,2318.02000000,1734829199999,0.12694843,73,992.48000000,0.05443792,0
2024-12-22 01:00:00,0.00005497,0.00005500,0.00005453,0.00005475,2562.93000000,1734832799999,0.14023308,47,925.47000000,0.05076897,0
2024-12-22 02:00:00,0.00005480,0.00005497,0.00005466,0.00005474,331.43000000,1734836399999,0.01817192,29,167.19000000,0.00916332,0
2024-12-22 03:00:00,0.00005454,0.00005485,0.00005441,0.00005485,226.63000000,1734839999999,0.01238556,19,121.69000000,0.00663386,0
2024-12-22 04:00:00,0.00005488,0.00005496,0.00005458,0.00005463,333.05000000,1734843599999,0.01824028,22,279.09000000,0.01528354,0
2024-12-22 05:00:00,0.00005463,0.00005499,0.00005419,0.00005499,556.86000000,1734847199999,0.03043468,28,287.56000000,0.01572232,0
2024-12-22 06:00:00,0.00005492,0.00005510,0.00005487,0.00005510,1350.03000000,1734850799999,0.07426718,52,557.26000000,0.03067099,0
2024-12-22 07:00:00,0.00005510,0.00005540,0.00005428,0.00005536,5227.71000000,1734854399999,0.28672158,112,1384.86000000,0.07649335,0
2024-12-22 08:00:00,0.00005542,0.00005577,0.00005541,0.00005561,2252.70000000,1734857999999,0.12532903,64,1471.60000000,0.08185421,0
2024-12-22 09:00:00,0.00005557,0.00005572,0.00005556,0.00005561,446.57000000,1734861599999,0.02483995,16,395.55000000,0.02199788,0
2024-12-22 10:00:00,0.00005578,0.00005588,0.00005563,0.00005563,1709.61000000,1734865199999,0.09539342,76,1061.14000000,0.05921730,0
2024-12-22 11:00:00,0.00005567,0.00005578,0.00005541,0.00005568,2112.81000000,1734868799999,0.11763659,58,535.19000000,0.02981442,0
2024-12-22 12:00:00,0.00005571,0.00005630,0.00005570,0.00005626,2357.35000000,1734872399999,0.13214225,99,1754.04000000,0.09830517,0
2024-12-22 13:00:00,0.00005624,0.00005661,0.00005613,0.00005650,2146.49000000,1734875999999,0.12115156,83,1421.22000000,0.08020672,0
2024-12-22 14:00:00,0.00005648,0.00005650,0.00005575,0.00005592,2330.36000000,1734879599999,0.13056469,107,1205.09000000,0.06754151,0
2024-12-22 15:00:00,0.00005599,0.00005665,0.00005598,0.00005658,3642.78000000,1734883199999,0.20579697,88,3168.77000000,0.17901803,0
2024-12-22 16:00:00,0.00005656,0.00005693,0.00005625,0.00005684,1838.19000000,1734886799999,0.10413168,87,1026.54000000,0.05810361,0
2024-12-22 17:00:00,0.00005679,0.00005683,0.00005656,0.00005656,913.07000000,1734890399999,0.05174568,62,541.93000000,0.03071939,0
2024-12-22 18:00:00,0.00005659,0.00005659,0.00005621,0.00005629,1049.20000000,1734893999999,0.05911914,46,791.78000000,0.04461459,0
2024-12-22 19:00:00,0.00005632,0.00005633,0.00005593,0.00005593,1126.30000000,1734897599999,0.06320336,59,615.21000000,0.03454709,0
2024-12-22 20:00:00,0.00005597,0.00005625,0.00005578,0.00005625,1650.94000000,1734901199999,0.09248280,65,1237.37000000,0.06931174,0
2024-12-22 21:00:00,0.00005627,0.00005677,0.00005620,0.00005672,1054.01000000,1734904799999,0.05961827,53,729.47000000,0.04127964,0
2024-12-22 22:00:00,0.00005672,0.00005677,0.00005630,0.00005665,794.81000000,1734908399999,0.04497328,45,369.24000000,0.02092051,0
2024-12-22 23:00:00,0.00005669,0.00005679,0.00005655,0.00005662,522.02000000,1734911999999,0.02958777,24,95.48000000,0.00541516,0
2024-12-23 00:00:00,0.00005656,0.00005701,0.00005651,0.00005697,2414.26000000,1734915599999,0.13697518,53,1728.08000000,0.09805048,0
2024-12-23 01:00:00,0.00005692,0.00005699,0.00005646,0.00005695,902.32000000,1734919199999,0.05127927,43,365.34000000,0.02079855,0
2024-12-23 02:00:00,0.00005688,0.00005709,0.00005662,0.00005706,730.11000000,1734922799999,0.04159345,47,375.81000000,0.02140887,0
2024-12-23 03:00:00,0.00005709,0.00005748,0.00005701,0.00005737,1957.27000000,1734926399999,0.11214716,96,1399.05000000,0.08014660,0
2024-12-23 04:00:00,0.00005721,0.00005734,0.00005683,0.00005729,795.76000000,1734929999999,0.04536691,38,513.28000000,0.02922311,0
2024-12-23 05:00:00,0.00005722,0.00005724,0.00005700,0.00005710,628.14000000,1734933599999,0.03588642,34,360.18000000,0.02059008,0
2024-12-23 06:00:00,0.00005713,0.00005713,0.00005658,0.00005673,1402.97000000,1734937199999,0.07954010,53,463.88000000,0.02629910,0
2024-12-23 07:00:00,0.00005677,0.00005682,0.00005658,0.00005669,604.31000000,1734940799999,0.03428683,54,463.31000000,0.02629131,0
2024-12-23 08:00:00,0.00005671,0.00005721,0.00005668,0.00005721,40571.14000000,1734944399999,2.31427901,240,37186.72000000,2.12117781,0
2024-12-23 09:00:00,0.00005719,0.00005726,0.00005675,0.00005677,789.79000000,1734947999999,0.04497166,67,385.84000000,0.02199278,0
2024-12-23 10:00:00,0.00005679,0.00005686,0.00005653,0.00005661,1095.63000000,1734951599999,0.06208309,45,749.21000000,0.04243454,0
2024-12-23 11:00:00,0.00005660,0.00005665,0.00005650,0.00005665,1724.14000000,1734955199999,0.09755663,42,1319.22000000,0.07463538,0
2024-12-23 12:00:00,0.00005670,0.00005739,0.00005653,0.00005675,3354.43000000,1734958799999,0.19068857,106,1760.11000000,0.10019848,0
2024-12-23 13:00:00,0.00005674,0.00005703,0.00005616,0.00005703,7239.36000000,1734962399999,0.40915488,58,162.27000000,0.00922773,0
2024-12-23 14:00:00,0.00005699,0.00005749,0.00005699,0.00005748,2339.62000000,1734965999999,0.13397552,96,964.43000000,0.05521439,0
2024-12-23 15:00:00,0.00005741,0.00005797,0.00005729,0.00005777,4867.84000000,1734969599999,0.28078371,134,2881.38000000,0.16633046,0
2024-12-23 16:00:00,0.00005785,0.00005851,0.00005776,0.00005835,4548.11000000,1734973199999,0.26481695,240,3243.98000000,0.18896274,0
2024-12-23 17:00:00,0.00005843,0.00005897,0.00005843,0.00005879,3337.66000000,1734976799999,0.19616670,162,1635.21000000,0.09607083,0
2024-12-23 18:00:00,0.00005883,0.00005917,0.00005874,0.00005911,2177.87000000,1734980399999,0.12850377,111,1426.88000000,0.08419111,0
2024-12-23 19:00:00,0.00005913,0.00005939,0.00005911,0.00005939,1479.57000000,1734983999999,0.08767222,68,1031.36000000,0.06112310,0
2024-12-23 20:00:00,0.00005945,0.00006008,0.00005944,0.00005966,4300.43000000,1734987599999,0.25694647,134,2424.27000000,0.14492386,0
2024-12-23 21:00:00,0.00005972,0.00005990,0.00005924,0.00005928,2347.86000000,1734991199999,0.13969902,83,1649.12000000,0.09808655,0
2024-12-23 22:00:00,0.00005936,0.00005948,0.00005913,0.00005914,1449.65000000,1734994799999,0.08590915,67,740.04000000,0.04384617,0
2024-12-23 23:00:00,0.00005913,0.00005919,0.00005879,0.00005898,15938.75000000,1734998399999,0.94035204,153,12213.74000000,0.72032714,0
2024-12-24 00:00:00,0.00005893,0.00005929,0.00005887,0.00005920,1103.47000000,1735001999999,0.06532126,55,654.02000000,0.03874338,0
2024-12-24 01:00:00,0.00005919,0.00005944,0.00005885,0.00005885,937.20000000,1735005599999,0.05548878,50,546.49000000,0.03235217,0
2024-12-24 02:00:00,0.00005887,0.00005922,0.00005886,0.00005914,1097.85000000,1735009199999,0.06477309,32,696.03000000,0.04103177,0
2024-12-24 03:00:00,0.00005911,0.00005942,0.00005911,0.00005931,347.94000000,1735012799999,0.02063077,32,129.07000000,0.00765924,0
2024-12-24 04:00:00,0.00005931,0.00005956,0.00005929,0.00005943,1971.33000000,1735016399999,0.11722547,77,451.77000000,0.02686377,0
2024-12-24 05:00:00,0.00005946,0.00005976,0.00005943,0.00005974,1374.81000000,1735019999999,0.08193082,59,868.01000000,0.05172218,0
2024-12-24 06:00:00,0.00005974,0.00005988,0.00005960,0.00005980,1004.91000000,1735023599999,0.06007700,62,808.91000000,0.04836736,0
2024-12-24 07:00:00,0.00005980,0.00005980,0.00005944,0.00005945,1597.92000000,1735027199999,0.09539449,46,1023.94000000,0.06116734,0
2024-12-24 08:00:00,0.00005944,0.00005995,0.00005942,0.00005991,3958.91000000,1735030799999,0.23654895,78,3129.53000000,0.18702293,0
2024-12-24 09:00:00,0.00005991,0.00006026,0.00005982,0.00006021,1604.27000000,1735034399999,0.09636154,73,1211.08000000,0.07273787,0
2024-12-24 10:00:00,0.00006027,0.00006028,0.00005982,0.00005990,890.36000000,1735037999999,0.05342296,31,511.11000000,0.03065623,0
2024-12-24 11:00:00,0.00005990,0.00005994,0.00005975,0.00005991,1140.19000000,1735041599999,0.06823527,56,373.48000000,0.02235520,0
2024-12-24 12:00:00,0.00005994,0.00006003,0.00005974,0.00005999,1352.16000000,1735045199999,0.08094899,68,786.49000000,0.04708718,0
2024-12-24 13:00:00,0.00006010,0.00006035,0.00005990,0.00005993,5849.12000000,1735048799999,0.35175192,111,1417.07000000,0.08537917,0
2024-12-24 14:00:00,0.00005982,0.00005984,0.00005874,0.00005874,5124.87000000,1735052399999,0.30388190,173,1133.64000000,0.06738188,0
2024-12-24 15:00:00,0.00005875,0.00005915,0.00005857,0.00005871,3052.53000000,1735055999999,0.17928695,97,706.63000000,0.04160909,0
2024-12-24 16:00:00,0.00005863,0.00005888,0.00005832,0.00005858,1231.10000000,1735059599999,0.07210971,67,754.29000000,0.04418165,0
2024-12-24 17:00:00,0.00005854,0.00005887,0.00005845,0.00005863,5635.04000000,1735063199999,0.32967423,57,5472.30000000,0.32014070,0
2024-12-24 18:00:00,0.00005865,0.00005869,0.00005840,0.00005855,1957.94000000,1735066799999,0.11460128,57,1431.70000000,0.08380687,0
2024-12-24 19:00:00,0.00005854,0.00005879,0.00005849,0.00005876,169.63000000,1735070399999,0.00994913,18,33.95000000,0.00199259,0
2024-12-24 20:00:00,0.00005867,0.00005883,0.00005832,0.00005883,318.04000000,1735073999999,0.01861755,25,221.55000000,0.01298052,0
2024-12-24 21:00:00,0.00005876,0.00005887,0.00005852,0.00005852,204.20000000,1735077599999,0.01197258,25,135.55000000,0.00794532,0
2024-12-24 22:00:00,0.00005845,0.00005861,0.00005836,0.00005852,265.34000000,1735081199999,0.01551905,29,191.29000000,0.01118967,0
2024-12-24 23:00:00,0.00005858,0.00005880,0.00005801,0.00005879,4364.38000000,1735084799999,0.25508654,71,293.51000000,0.01721235,0
2024-12-25 00:00:00,0.00005879,0.00005996,0.00005879,0.00005994,4107.69000000,1735088399999,0.24419356,91,2703.27000000,0.16050876,0
2024-12-25 01:00:00,0.00006009,0.00006013,0.00005969,0.00006001,974.52000000,1735091999999,0.05844967,38,513.90000000,0.03080212,0
2024-12-25 02:00:00,0.00006002,0.00006045,0.00006002,0.00006021,2987.91000000,1735095599999,0.18018278,79,1830.31000000,0.11038358,0
2024-12-25 03:00:00,0.00006028,0.00006042,0.00005982,0.00005995,882.53000000,1735099199999,0.05297325,44,245.43000000,0.01477377,0
2024-12-25 04:00:00,0.00006001,0.00006035,0.00005967,0.00005969,366.07000000,1735102799999,0.02195174,31,105.64000000,0.00635691,0
2024-12-25 05:00:00,0.00005975,0.00005980,0.00005933,0.00005941,506.28000000,1735106399999,0.03019771,31,367.96000000,0.02195458,0
2024-12-25 06:00:00,0.00005947,0.00005976,0.00005940,0.00005970,519.74000000,1735109999999,0.03098123,32,476.91000000,0.02843149,0
2024-12-25 07:00:00,0.00005967,0.00005978,0.00005962,0.00005973,296.40000000,1735113599999,0.01769495,29,231.24000000,0.01380433,0
2024-12-25 08:00:00,0.00005972,0.00006047,0.00005972,0.00006033,1889.64000000,1735117199999,0.11388481,60,1208.79000000,0.07280043,0
2024-12-25 09:00:00,0.00006034,0.00006042,0.00006018,0.00006023,272.15000000,1735120799999,0.01641511,37,210.27000000,0.01268022,0
2024-12-25 10:00:00,0.00006011,0.00006048,0.00005964,0.00006048,1382.06000000,1735124399999,0.08302670,68,956.96000000,0.05747131,0
2024-12-25 11:00:00,0.00006051,0.00006056,0.00006023,0.00006038,1519.88000000,1735127999999,0.09187391,65,629.88000000,0.03805382,0
2024-12-25 12:00:00,0.00006063,0.00006087,0.00006032,0.00006057,3032.06000000,1735131599999,0.18390360,127,1521.67000000,0.09229999,0
2024-12-25 13:00:00,0.00006055,0.00006136,0.00006055,0.00006132,5826.97000000,1735135199999,0.35551118,148,4192.63000000,0.25569933,0
2024-12-25 14:00:00,0.00006137,0.00006179,0.00006105,0.00006176,5334.73000000,1735138799999,0.32831451,118,2974.93000000,0.18291958,0
2024-12-25 15:00:00,0.00006157,0.00006157,0.00006017,0.00006023,4048.11000000,1735142399999,0.24604678,126,2369.16000000,0.14406676,0
2024-12-25 16:00:00,0.00006023,0.00006098,0.00006023,0.00006053,2117.75000000,1735145999999,0.12864689,90,945.44000000,0.05752656,0
2024-12-25 17:00:00,0.00006058,0.00006076,0.00006020,0.00006039,1179.67000000,1735149599999,0.07137731,71,586.47000000,0.03550225,0
2024-12-25 18:00:00,0.00006046,0.00006064,0.00006026,0.00006064,2105.29000000,1735153199999,0.12740589,68,1505.37000000,0.09117763,0
2024-12-25 19:00:00,0.00006063,0.00006065,0.00006033,0.00006035,872.24000000,1735156799999,0.05275745,56,260.62000000,0.01576403,0
2024-12-25 20:00:00,0.00006043,0.00006043,0.00005982,0.00005987,1850.25000000,1735160399999,0.11115453,69,477.57000000,0.02871247,0
2024-12-25 21:00:00,0.00005986,0.00006016,0.00005971,0.00005998,1845.03000000,1735163999999,0.11054466,105,1015.57000000,0.06081658,0
2024-12-25 22:00:00,0.00005983,0.00005990,0.00005960,0.00005963,432.44000000,1735167599999,0.02584056,41,61.59000000,0.00367853,0
2024-12-25 23:00:00,0.00005958,0.00005976,0.00005949,0.00005976,237.90000000,1735171199999,0.01417903,23,80.88000000,0.00482520,0
2024-12-26 00:00:00,0.00005969,0.00006019,0.00005969,0.00005990,527.44000000,1735174799999,0.03161569,28,158.88000000,0.00952587,0
2024-12-26 01:00:00,0.00005994,0.00006014,0.00005981,0.00005983,325.61000000,1735178399999,0.01952363,28,260.65000000,0.01562340,0
2024-12-26 02:00:00,0.00005974,0.00006007,0.00005969,0.00005975,378.19000000,1735181999999,0.02264382,28,232.55000000,0.01392433,0
2024-12-26 03:00:00,0.00005968,0.00006026,0.00005965,0.00006008,1937.36000000,1735185599999,0.11607475,61,653.94000000,0.03920966,0
2024-12-26 04:00:00,0.00006003,0.00006003,0.00005960,0.00005962,5466.71000000,1735189199999,0.32635481,194,550.65000000,0.03289790,0
2024-12-26 05:00:00,0.00005962,0.00005991,0.00005954,0.00005986,536.49000000,1735192799999,0.03203966,28,436.25000000,0.02606081,0
2024-12-26 06:00:00,0.00005967,0.00005993,0.00005962,0.00005976,560.47000000,1735196399999,0.03347948,30,419.37000000,0.02505762,0
2024-12-26 07:00:00,0.00005975,0.00005997,0.00005938,0.00005960,3181.17000000,1735199999999,0.19015711,64,2826.93000000,0.16904481,0
2024-12-26 08:00:00,0.00005967,0.00005980,0.00005914,0.00005945,4870.86000000,1735203599999,0.28974859,120,1940.56000000,0.11556060,0
2024-12-26 09:00:00,0.00005953,0.00006006,0.00005940,0.00006006,2527.82000000,1735207199999,0.15142441,99,1752.08000000,0.10501547,0
2024-12-26 10:00:00,0.00006005,0.00006005,0.00005971,0.00005988,2174.43000000,1735210799999,0.13033993,82,371.55000000,0.02223539,0
2024-12-26 11:00:00,0.00005984,0.00006040,0.00005982,0.00006025,1363.93000000,1735214399999,0.08210764,73,649.51000000,0.03912616,0
2024-12-26 12:00:00,0.00006018,0.00006018,0.00005974,0.00005976,1500.77000000,1735217999999,0.08987964,74,762.86000000,0.04566704,0
2024-12-26 13:00:00,0.00005979,0.00006055,0.00005974,0.00006052,2253.35000000,1735221599999,0.13608126,111,1736.69000000,0.10492491,0
2024-12-26 14:00:00,0.00006037,0.00006053,0.00005993,0.00006011,492.37000000,1735225199999,0.02965509,52,290.03000000,0.01746711,0
2024-12-26 15:00:00,0.00006009,0.00006017,0.00005976,0.00005979,1417.07000000,1735228799999,0.08499971,93,1033.76000000,0.06203331,0
2024-12-26 16:00:00,0.00005961,0.00005997,0.00005961,0.00005970,2503.75000000,1735232399999,0.14970929,73,2171.78000000,0.12987635,0
2024-12-26 17:00:00,0.00005970,0.00005977,0.00005922,0.00005962,1544.75000000,1735235999999,0.09184375,84,695.98000000,0.04135969,0
2024-12-26 18:00:00,0.00005958,0.00006000,0.00005944,0.00005998,1239.09000000,1735239599999,0.07412173,68,893.13000000,0.05343829,0
2024-12-26 19:00:00,0.00005997,0.00006011,0.00005974,0.00005976,774.02000000,1735243199999,0.04641626,85,550.13000000,0.03299412,0
2024-12-26 20:00:00,0.00005983,0.00006021,0.00005983,0.00005997,927.68000000,1735246799999,0.05570063,68,582.43000000,0.03498062,0
2024-12-26 21:00:00,0.00005997,0.00006021,0.00005967,0.00006021,1373.77000000,1735250399999,0.08234258,57,848.02000000,0.05086962,0
2024-12-26 22:00:00,0.00006018,0.00006024,0.00005994,0.00005994,426.64000000,1735253999999,0.02563059,32,59.31000000,0.00356964,0
2024-12-26 23:00:00,0.00005993,0.00005993,0.00005973,0.00005983,466.89000000,1735257599999,0.02791390,34,84.92000000,0.00507889,0
2024-12-27 00:00:00,0.00006005,0.00006005,0.00005970,0.00005990,342.36000000,1735261199999,0.02048597,21,75.05000000,0.00448660,0
2024-12-27 01:00:00,0.00005994,0.00006001,0.00005984,0.00005991,777.81000000,1735264799999,0.04657858,37,227.30000000,0.01361291,0
2024-12-27 02:00:00,0.00005991,0.00006000,0.00005985,0.00005990,602.20000000,1735268399999,0.03608087,27,564.62000000,0.03383131,0
2024-12-27 03:00:00,0.00005981,0.00006003,0.00005968,0.00006002,247.25000000,1735271999999,0.01480038,21,187.80000000,0.01124009,0
2024-12-27 04:00:00,0.00006002,0.00006028,0.00006001,0.00006009,264.67000000,1735275599999,0.01591436,31,91.84000000,0.00552663,0
2024-12-27 05:00:00,0.00006013,0.00006013,0.00005986,0.00006007,794.71000000,1735279199999,0.04766944,35,374.65000000,0.02249805,0
2024-12-27 06:00:00,0.00006017,0.00006026,0.00005962,0.00005984,913.00000000,1735282799999,0.05471919,39,435.80000000,0.02606966,0
2024-12-27 07:00:00,0.00005992,0.00006012,0.00005964,0.00005979,714.44000000,1735286399999,0.04283163,48,421.15000000,0.02526212,0
2024-12-27 08:00:00,0.00005970,0.00005989,0.00005948,0.00005989,1154.17000000,1735289999999,0.06889967,54,784.26000000,0.04681464,0
2024-12-27 09:00:00,0.00005989,0.00006051,0.00005980,0.00006022,5387.41000000,1735293599999,0.32430626,181,2831.30000000,0.17052400,0
2024-12-27 10:00:00,0.00006023,0.00006046,0.00006008,0.00006046,605.26000000,1735297199999,0.03642409,56,225.83000000,0.01360186,0
2024-12-27 11:00:00,0.00006046,0.00006071,0.00006017,0.00006017,1231.90000000,1735300799999,0.07460197,78,447.89000000,0.02713692,0
2024-12-27 12:00:00,0.00006026,0.00006053,0.00006014,0.00006053,3454.31000000,1735304399999,0.20872558,107,1276.85000000,0.07712280,0
2024-12-27 13:00:00,0.00006059,0.00006069,0.00006036,0.00006069,694.29000000,1735307999999,0.04204416,64,471.01000000,0.02852186,0
2024-12-27 14:00:00,0.00006065,0.00006066,0.00006013,0.00006036,2153.18000000,1735311599999,0.12984654,129,1142.09000000,0.06886651,0
2024-12-27 15:00:00,0.00006041,0.00006089,0.00006026,0.00006089,2671.29000000,1735315199999,0.16169543,145,1145.13000000,0.06935414,0
2024-12-27 16:00:00,0.00006094,0.00006117,0.00006056,0.00006113,1837.57000000,1735318799999,0.11195577,92,1148.00000000,0.06995773,0
2024-12-27 17:00:00,0.00006118,0.00006184,0.00006091,0.00006170,2890.70000000,1735322399999,0.17790545,111,1595.77000000,0.09824463,0
2024-12-27 18:00:00,0.00006171,0.00006195,0.00006159,0.00006173,975.30000000,1735325999999,0.06029816,59,477.88000000,0.02953818,0
2024-12-27 19:00:00,0.00006182,0.00006189,0.00006126,0.00006127,630.49000000,1735329599999,0.03871539,34,416.95000000,0.02557600,0
2024-12-27 20:00:00,0.00006135,0.00006187,0.00006094,0.00006096,3426.41000000,1735333199999,0.21009982,87,944.76000000,0.05789961,0
2024-12-27 21:00:00,0.00006094,0.00006111,0.00006052,0.00006052,1877.99000000,1735336799999,0.11410687,58,1083.66000000,0.06578747,0
2024-12-27 22:00:00,0.00006058,0.00006072,0.00006031,0.00006064,850.02000000,1735340399999,0.05146269,45,542.14000000,0.03282667,0
2024-12-27 23:00:00,0.00006064,0.00006070,0.00006053,0.00006065,638.28000000,1735343999999,0.03868694,27,201.61000000,0.01222611,0
2024-12-28 00:00:00,0.00006078,0.00006102,0.00006078,0.00006102,505.72000000,1735347599999,0.03081999,32,286.10000000,0.01744078,0
2024-12-28 01:00:00,0.00006104,0.00006108,0.00006058,0.00006058,981.77000000,1735351199999,0.05974480,38,434.12000000,0.02644180,0
2024-12-28 02:00:00,0.00006071,0.00006083,0.00006056,0.00006058,653.29000000,1735354799999,0.03964938,29,88.81000000,0.00538703,0
2024-12-28 03:00:00,0.00006062,0.00006069,0.00006052,0.00006066,445.59000000,1735358399999,0.02701401,24,60.40000000,0.00365869,0
2024-12-28 04:00:00,0.00006071,0.00006073,0.00006026,0.00006028,1568.66000000,1735361999999,0.09479652,43,914.19000000,0.05527650,0
2024-12-28 05:00:00,0.00006036,0.00006042,0.00006004,0.00006004,1685.86000000,1735365599999,0.10152772,78,980.66000000,0.05908935,0
2024-12-28 06:00:00,0.00006004,0.00006009,0.00005957,0.00005968,1614.06000000,1735369199999,0.09650915,104,849.51000000,0.05079376,0
2024-12-28 07:00:00,0.00005973,0.00005999,0.00005972,0.00005984,920.96000000,1735372799999,0.05511633,57,471.70000000,0.02822608,0
2024-12-28 08:00:00,0.00005985,0.00006010,0.00005968,0.00006009,1474.83000000,1735376399999,0.08831065,64,914.88000000,0.05479580,0
2024-12-28 09:00:00,0.00006014,0.00006048,0.00006012,0.00006038,1231.60000000,1735379999999,0.07428705,61,557.11000000,0.03363372,0
2024-12-28 10:00:00,0.00006040,0.00006059,0.00006040,0.00006045,4960.82000000,1735383599999,0.29993079,139,468.25000000,0.02832603,0
2024-12-28 11:00:00,0.00006045,0.00006077,0.00006045,0.00006077,2200.85000000,1735387199999,0.13327485,629,1926.94000000,0.11666431,0
2024-12-28 12:00:00,0.00006076,0.00006112,0.00006071,0.00006088,3822.20000000,1735390799999,0.23320631,144,3438.70000000,0.20982275,0
2024-12-28 13:00:00,0.00006082,0.00006161,0.00006082,0.00006161,2478.64000000,1735394399999,0.15192511,102,1296.84000000,0.07952208,0
2024-12-28 14:00:00,0.00006167,0.00006190,0.00006140,0.00006140,1665.80000000,1735397999999,0.10277496,69,926.27000000,0.05716860,0
2024-12-28 15:00:00,0.00006145,0.00006164,0.00006123,0.00006125,819.57000000,1735401599999,0.05033156,58,417.51000000,0.02561987,0
2024-12-28 16:00:00,0.00006128,0.00006163,0.00006122,0.00006145,1185.82000000,1735405199999,0.07284122,90,679.93000000,0.04177156,0
2024-12-28 17:00:00,0.00006149,0.00006157,0.00006098,0.00006109,1868.97000000,1735408799999,0.11439789,93,1061.09000000,0.06487153,0
2024-12-28 18:00:00,0.00006114,0.00006114,0.00006101,0.00006111,438.61000000,1735412399999,0.02678018,36,286.73000000,0.01750672,0
2024-12-28 19:00:00,0.00006112,0.00006116,0.00006089,0.00006093,730.72000000,1735415999999,0.04457054,41,381.66000000,0.02328102,0
2024-12-28 20:00:00,0.00006094,0.00006112,0.00006094,0.00006112,321.07000000,1735419599999,0.01959461,34,175.28000000,0.01070097,0
2024-12-28 21:00:00,0.00006113,0.00006115,0.00006098,0.00006114,247.16000000,1735423199999,0.01509938,23,42.01000000,0.00256511,0
2024-12-28 22:00:00,0.00006114,0.00006126,0.00006100,0.00006122,1335.36000000,1735426799999,0.08159401,52,667.25000000,0.04077301,0
2024-12-28 23:00:00,0.00006130,0.00006130,0.00006087,0.00006088,715.40000000,1735430399999,0.04368687,32,65.69000000,0.00400461,0
2024-12-29 00:00:00,0.00006109,0.00006115,0.00006099,0.00006108,452.32000000,1735433999999,0.02762677,23,213.29000000,0.01303190,0
2024-12-29 01:00:00,0.00006108,0.00006148,0.00006107,0.00006148,393.65000000,1735437599999,0.02414104,26,305.59000000,0.01875438,0
2024-12-29 02:00:00,0.00006142,0.00006147,0.00006117,0.00006139,389.61000000,1735441199999,0.02390952,24,21.19000000,0.00130000,0
2024-12-29 03:00:00,0.00006142,0.00006152,0.00006126,0.00006126,591.78000000,1735444799999,0.03634028,33,421.18000000,0.02586564,0
2024-12-29 04:00:00,0.00006133,0.00006133,0.00006103,0.00006103,217.11000000,1735448399999,0.01327436,14,92.99000000,0.00568895,0
2024-12-29 05:00:00,0.00006099,0.00006100,0.00006082,0.00006093,938.97000000,1735451999999,0.05716389,28,261.52000000,0.01592628,0
2024-12-29 06:00:00,0.00006077,0.00006088,0.00006063,0.00006088,1021.78000000,1735455599999,0.06205922,32,554.01000000,0.03364436,0
2024-12-29 07:00:00,0.00006086,0.00006104,0.00006084,0.00006104,502.07000000,1735459199999,0.03058338,32,276.17000000,0.01682281,0
2024-12-29 08:00:00,0.00006104,0.00006106,0.00006083,0.00006089,643.23000000,1735462799999,0.03918107,43,328.65000000,0.02002951,0
2024-12-29 09:00:00,0.00006089,0.00006089,0.00006077,0.00006086,346.20000000,1735466399999,0.02104883,29,210.92000000,0.01282206,0
2024-12-29 10:00:00,0.00006091,0.00006097,0.00006080,0.00006083,774.92000000,1735469999999,0.04721027,57,197.32000000,0.01202093,0
2024-12-29 11:00:00,0.00006083,0.00006092,0.00006071,0.00006085,487.37000000,1735473599999,0.02962175,40,109.44000000,0.00665292,0
2024-12-29 12:00:00,0.00006090,0.00006095,0.00006053,0.00006061,1229.70000000,1735477199999,0.07460017,80,617.77000000,0.03748597,0
2024-12-29 13:00:00,0.00006060,0.00006082,0.00006045,0.00006082,1400.24000000,1735480799999,0.08481186,67,764.27000000,0.04630666,0
2024-12-29 14:00:00,0.00006075,0.00006075,0.00006045,0.00006062,1583.48000000,1735484399999,0.09583632,66,413.40000000,0.02503533,0
2024-12-29 15:00:00,0.00006060,0.00006082,0.00006051,0.00006082,539.08000000,1735487999999,0.03268853,44,207.73000000,0.01260220,0
2024-12-29 16:00:00,0.00006076,0.00006104,0.00006070,0.00006094,2483.86000000,1735491599999,0.15129743,73,232.06000000,0.01413704,0
2024-12-29 17:00:00,0.00006094,0.00006094,0.00006046,0.00006061,475.22000000,1735495199999,0.02880774,48,237.32000000,0.01440114,0
2024-12-29 18:00:00,0.00006054,0.00006074,0.00006035,0.00006074,1652.79000000,1735498799999,0.09996750,56,403.77000000,0.02444039,0
2024-12-29 19:00:00,0.00006071,0.00006087,0.00006064,0.00006086,354.58000000,1735502399999,0.02155821,42,220.35000000,0.01340449,0
2024-12-29 20:00:00,0.00006078,0.00006078,0.00006048,0.00006053,642.61000000,1735505999999,0.03889542,30,251.14000000,0.01519560,0
2024-12-29 21:00:00,0.00006054,0.00006056,0.00005959,0.00006005,2798.96000000,1735509599999,0.16783993,86,1532.53000000,0.09194632,0
2024-12-29 22:00:00,0.00006015,0.00006020,0.00006000,0.00006017,882.41000000,1735513199999,0.05302772,41,575.30000000,0.03457900,0
2024-12-29 23:00:00,0.00006019,0.00006030,0.00006009,0.00006015,534.89000000,1735516799999,0.03221069,24,172.71000000,0.01039107,0
2024-12-30 00:00:00,0.00006009,0.00006052,0.00006005,0.00006042,3273.02000000,1735520399999,0.19741175,74,995.63000000,0.05993170,0
2024-12-30 01:00:00,0.00006050,0.00006078,0.00006050,0.00006053,1270.20000000,1735523999999,0.07704496,42,471.42000000,0.02858806,0
2024-12-30 02:00:00,0.00006063,0.00006063,0.00006000,0.00006010,1132.54000000,1735527599999,0.06813604,44,637.03000000,0.03830946,0
2024-12-30 03:00:00,0.00006005,0.00006019,0.00005983,0.00005986,1238.13000000,1735531199999,0.07420335,43,534.84000000,0.03206868,0
2024-12-30 04:00:00,0.00005986,0.00006008,0.00005986,0.00006008,512.72000000,1735534799999,0.03077071,17,104.99000000,0.00630161,0
2024-12-30 05:00:00,0.00006011,0.00006034,0.00006011,0.00006026,297.04000000,1735538399999,0.01789757,27,173.12000000,0.01043184,0
2024-12-30 06:00:00,0.00006031,0.00006042,0.00006024,0.00006024,1020.91000000,1735541999999,0.06160511,40,396.32000000,0.02390394,0
2024-12-30 07:00:00,0.00006023,0.00006025,0.00006003,0.00006007,305.89000000,1735545599999,0.01838348,29,133.74000000,0.00803641,0
2024-12-30 08:00:00,0.00006010,0.00006013,0.00005984,0.00005991,513.04000000,1735549199999,0.03075004,36,286.60000000,0.01716692,0
2024-12-30 09:00:00,0.00005995,0.00005996,0.00005958,0.00005971,2990.52000000,1735552799999,0.17842375,460,2779.02000000,0.16580179,0
2024-12-30 10:00:00,0.00005971,0.00005977,0.00005946,0.00005946,4848.61000000,1735556399999,0.28923066,294,641.29000000,0.03826217,0
2024-12-30 11:00:00,0.00005949,0.00005956,0.00005939,0.00005952,498.95000000,1735559999999,0.02966978,45,240.32000000,0.01429050,0
2024-12-30 12:00:00,0.00005953,0.00005981,0.00005953,0.00005959,3977.80000000,1735563599999,0.23715200,121,2648.98000000,0.15785480,0
2024-12-30 13:00:00,0.00005970,0.00005971,0.00005931,0.00005939,1233.59000000,1735567199999,0.07330790,118,544.73000000,0.03237112,0
2024-12-30 14:00:00,0.00005934,0.00005988,0.00005918,0.00005985,3677.27000000,1735570799999,0.21864896,146,2046.95000000,0.12170195,0
2024-12-30 15:00:00,0.00005985,0.00006016,0.00005965,0.00005965,2511.91000000,1735574399999,0.15057948,141,1082.27000000,0.06491794,0
2024-12-30 16:00:00,0.00005965,0.00005992,0.00005957,0.00005972,5186.92000000,1735577999999,0.30976701,112,4038.90000000,0.24121985,0
2024-12-30 17:00:00,0.00005972,0.00005976,0.00005903,0.00005941,3468.70000000,1735581599999,0.20588181,138,1501.58000000,0.08911699,0
2024-12-30 18:00:00,0.00005949,0.00005949,0.00005899,0.00005919,1125.16000000,1735585199999,0.06653913,56,444.18000000,0.02625606,0
2024-12-30 19:00:00,0.00005921,0.00005968,0.00005921,0.00005963,1034.81000000,1735588799999,0.06160923,58,457.30000000,0.02725495,0
2024-12-30 20:00:00,0.00005966,0.00005994,0.00005951,0.00005982,1478.04000000,1735592399999,0.08825074,75,478.20000000,0.02855742,0
2024-12-30 21:00:00,0.00005985,0.00006022,0.00005973,0.00006019,1935.94000000,1735595999999,0.11612582,79,974.95000000,0.05845636,0
2024-12-30 22:00:00,0.00006018,0.00006036,0.00006010,0.00006015,2576.34000000,1735599599999,0.15527539,60,1861.68000000,0.11220889,0
2024-12-30 23:00:00,0.00006014,0.00006035,0.00006010,0.00006010,500.79000000,1735603199999,0.03019568,37,242.57000000,0.01463096,0
2024-12-31 00:00:00,0.00006012,0.00006014,0.00005971,0.00005972,5443.68000000,1735606799999,0.32669865,57,3130.34000000,0.18784303,0
2024-12-31 01:00:00,0.00005974,0.00005974,0.00005948,0.00005972,1436.74000000,1735610399999,0.08563036,64,959.29000000,0.05718159,0
2024-12-31 02:00:00,0.00005976,0.00005978,0.00005958,0.00005967,405.41000000,1735613999999,0.02418572,50,246.92000000,0.01472903,0
2024-12-31 03:00:00,0.00005969,0.00005969,0.00005933,0.00005939,1938.85000000,1735617599999,0.11531285,64,1046.65000000,0.06224024,0
2024-12-31 04:00:00,0.00005940,0.00005953,0.00005930,0.00005935,392.38000000,1735621199999,0.02329685,31,281.14000000,0.01669129,0
2024-12-31 05:00:00,0.00005933,0.00005945,0.00005924,0.00005934,541.67000000,1735624799999,0.03212828,36,351.16000000,0.02082954,0
2024-12-31 06:00:00,0.00005928,0.00005951,0.00005926,0.00005940,301.75000000,1735628399999,0.01791131,31,160.30000000,0.00951484,0
2024-12-31 07:00:00,0.00005951,0.00005951,0.00005935,0.00005940,194.42000000,1735631999999,0.01155645,15,75.52000000,0.00448918,0
2024-12-31 08:00:00,0.00005939,0.00005948,0.00005891,0.00005921,1934.02000000,1735635599999,0.11436063,104,1029.04000000,0.06083183,0
2024-12-31 09:00:00,0.00005926,0.00005935,0.00005923,0.00005934,676.97000000,1735639199999,0.04011991,46,179.09000000,0.01061404,0
2024-12-31 10:00:00,0.00005937,0.00005937,0.00005915,0.00005922,438.33000000,1735642799999,0.02596251,32,94.68000000,0.00560994,0
2024-12-31 11:00:00,0.00005922,0.00005942,0.00005915,0.00005915,408.75000000,1735646399999,0.02424730,37,293.77000000,0.01742857,0
2024-12-31 12:00:00,0.00005909,0.00005909,0.00005880,0.00005880,819.24000000,1735649999999,0.04830308,57,462.02000000,0.02724010,0
2024-12-31 13:00:00,0.00005880,0.00005880,0.00005847,0.00005868,3294.96000000,1735653599999,0.19330069,107,1847.99000000,0.10843651,0
2024-12-31 14:00:00,0.00005870,0.00005892,0.00005853,0.00005859,1637.63000000,1735657199999,0.09630001,65,382.00000000,0.02246500,0
2024-12-31 15:00:00,0.00005865,0.00005887,0.00005840,0.00005860,875.15000000,1735660799999,0.05123113,60,529.16000000,0.03097345,0
2024-12-31 16:00:00,0.00005864,0.00005904,0.00005852,0.00005890,1126.67000000,1735664399999,0.06625174,86,612.67000000,0.03602145,0
2024-12-31 17:00:00,0.00005887,0.00005901,0.00005872,0.00005878,897.51000000,1735667999999,0.05278679,63,647.19000000,0.03806706,0
2024-12-31 18:00:00,0.00005869,0.00005886,0.00005866,0.00005875,368.74000000,1735671599999,0.02166387,31,111.12000000,0.00652634,0
2024-12-31 19:00:00,0.00005876,0.00005884,0.00005845,0.00005868,750.66000000,1735675199999,0.04401057,52,500.41000000,0.02932779,0
2024-12-31 20:00:00,0.00005865,0.00005869,0.00005839,0.00005869,501.17000000,1735678799999,0.02930922,41,382.65000000,0.02238438,0
2024-12-31 21:00:00,0.00005866,0.00005874,0.00005843,0.00005859,517.27000000,1735682399999,0.03030607,27,363.48000000,0.02129184,0
2024-12-31 22:00:00,0.00005861,0.00005866,0.00005857,0.00005866,78.20000000,1735685999999,0.00458151,7,37.19000000,0.00217935,0
2024-12-31 23:00:00,0.00005876,0.00005881,0.00005856,0.00005881,74.41000000,1735689599999,0.00436626,6,49.68000000,0.00291258,0
2025-01-01 00:00:00,0.00005877,0.00005903,0.00005877,0.00005885,558.27000000,1735693199999,0.03289913,29,284.78000000,0.01677677,0
