timestamp,BTCUSDT_4h,ETHUSDT_4h,XRPUSDT_4h,BNBUSDT_4h,SOLUSDT_4h,ADAUSDT_4h,TRXUSDT_4h,LINKUSDT_4h,AVAXUSDT_4h
2020-09-22 04:00:00,10372.9,336.12,0.22978,22.9993,2.6728,0.07962,0.02474,8.73,4.9096
2020-09-22 08:00:00,10452.26,339.58,0.23152,23.925,2.8184,0.08134,0.0248,8.835,5.7679
2020-09-22 12:00:00,10451.07,341.23,0.23043,23.9498,2.8983,0.08215,0.02485,8.817,4.6699
2020-09-22 16:00:00,10491.97,343.58,0.23178,23.9883,2.9538,0.0821,0.02506,8.7632,4.48
2020-09-22 20:00:00,10529.61,344.21,0.23302,24.0468,2.9082,0.08146,0.02499,8.7401,5.3193
2020-09-23 00:00:00,10476.01,341.06,0.23235,24.115,2.8404,0.08166,0.02507,8.6089,4.9135
2020-09-23 04:00:00,10428.64,335.72,0.23188,23.5296,2.7678,0.08028,0.02479,8.1016,4.1197
2020-09-23 08:00:00,10474.45,338.71,0.23229,23.7895,2.9251,0.08086,0.02547,8.1542,4.2108
2020-09-23 12:00:00,10453.2,338.53,0.23085,23.773,2.9142,0.0808,0.02599,8.2226,4.1073
2020-09-23 16:00:00,10293.0,327.69,0.22676,23.1988,2.79,0.07825,0.02523,7.7835,3.7238
2020-09-23 20:00:00,10241.46,320.72,0.22164,22.8331,2.8548,0.07663,0.02486,7.6364,3.535
2020-09-24 00:00:00,10301.75,324.95,0.22355,23.1994,2.9561,0.0777,0.02504,8.1705,3.7398
2020-09-24 04:00:00,10341.68,328.0,0.22493,23.818,3.0402,0.07849,0.02525,8.3481,3.8323
2020-09-24 08:00:00,10410.01,338.18,0.22643,23.78,3.0101,0.07932,0.02547,8.7024,4.3179
2020-09-24 12:00:00,10545.36,344.54,0.2289,24.0299,3.0284,0.08087,0.02581,9.2241,4.1466
2020-09-24 16:00:00,10653.82,345.99,0.23152,24.23,3.1641,0.08214,0.02585,9.9257,4.1828
2020-09-24 20:00:00,10736.32,348.97,0.23276,24.5745,3.1433,0.08254,0.02625,9.87,4.6411
2020-09-25 00:00:00,10667.47,344.91,0.23192,24.5181,3.0102,0.08581,0.02615,9.7726,4.531
2020-09-25 04:00:00,10686.94,343.0,0.2331,24.5694,3.0077,0.08796,0.02615,9.8168,4.5762
2020-09-25 08:00:00,10630.0,343.69,0.23804,24.2299,3.03,0.09365,0.02615,9.7969,4.3781
2020-09-25 12:00:00,10647.61,347.12,0.2401,24.45,3.1337,0.09625,0.02661,10.372,4.7001
2020-09-25 16:00:00,10718.31,353.87,0.24357,24.7083,3.2203,0.09728,0.02699,10.8695,4.7119
2020-09-25 20:00:00,10686.67,351.92,0.24154,24.6924,3.1937,0.09693,0.02714,10.7279,4.7134
2020-09-26 00:00:00,10704.86,350.8,0.24401,24.6198,3.1195,0.09531,0.02834,10.7436,4.536
2020-09-26 04:00:00,10705.84,350.82,0.24164,24.7992,3.1318,0.09488,0.02812,10.8228,4.68
2020-09-26 08:00:00,10709.94,351.72,0.24094,25.4805,3.1494,0.0946,0.02822,10.7123,4.5646
2020-09-26 12:00:00,10721.0,352.34,0.24164,25.4468,3.137,0.09409,0.02777,10.3686,4.47
2020-09-26 16:00:00,10718.55,352.39,0.24146,25.791,3.0621,0.09386,0.02741,10.1463,4.6209
2020-09-26 20:00:00,10728.6,353.92,0.24153,26.1998,3.1287,0.09547,0.02718,10.3169,4.52
2020-09-27 00:00:00,10781.2,359.42,0.24424,26.4877,3.135,0.09815,0.02739,10.3665,4.5713
2020-09-27 04:00:00,10671.28,354.34,0.24065,26.3441,3.0659,0.09655,0.02654,10.1338,4.3784
2020-09-27 08:00:00,10623.5,349.18,0.2385,26.0612,3.0632,0.09502,0.02612,10.1064,4.293
2020-09-27 12:00:00,10754.82,355.58,0.24192,26.3,3.1357,0.09907,0.02647,10.5644,4.423
2020-09-27 16:00:00,10732.0,354.09,0.24171,26.0905,3.1222,0.10079,0.02646,10.7481,4.3945
2020-09-27 20:00:00,10774.25,357.49,0.24334,26.251,3.1578,0.1013,0.02659,10.7939,4.6484
2020-09-28 00:00:00,10885.14,358.05,0.2445,26.45,3.1055,0.10451,0.02677,10.7357,4.4609
2020-09-28 04:00:00,10854.0,357.37,0.24359,25.903,3.0642,0.10465,0.02653,10.5755,4.4011
2020-09-28 08:00:00,10877.91,358.04,0.24402,26.5492,3.0358,0.10332,0.02681,10.4126,4.3429
2020-09-28 12:00:00,10901.9,364.9,0.24575,27.277,3.072,0.10375,0.02696,10.6276,4.4222
2020-09-28 16:00:00,10869.0,363.19,0.24485,27.5077,3.0074,0.10365,0.02686,10.5955,4.34
2020-09-28 20:00:00,10696.12,353.96,0.24107,26.9855,2.9599,0.1003,0.02625,10.283,4.2021
2020-09-29 00:00:00,10689.94,353.13,0.24154,27.0202,2.9412,0.10108,0.02611,10.1736,4.245
2020-09-29 04:00:00,10726.99,355.02,0.24345,27.8008,2.9866,0.10299,0.02634,10.2295,4.2366
2020-09-29 08:00:00,10758.92,357.62,0.24562,28.65,2.9909,0.10227,0.02634,10.1325,4.2527
2020-09-29 12:00:00,10725.94,355.3,0.24144,28.2303,2.984,0.10019,0.02619,9.7302,4.0711
2020-09-29 16:00:00,10737.49,356.32,0.24026,28.4521,2.8939,0.09896,0.02581,9.7789,4.0431
2020-09-29 20:00:00,10840.48,359.79,0.24285,28.8946,2.9505,0.1011,0.0263,10.135,4.1394
2020-09-30 00:00:00,10742.08,355.66,0.2406,28.3816,2.9533,0.09836,0.02587,9.89,4.103
2020-09-30 04:00:00,10706.68,355.05,0.24051,28.4471,2.9172,0.09713,0.02588,9.7164,4.033
2020-09-30 08:00:00,10681.0,352.92,0.23872,28.0517,2.8504,0.09752,0.02587,9.7088,4.0588
2020-09-30 12:00:00,10777.39,357.31,0.24125,29.1716,2.8923,0.10126,0.02634,9.9437,4.2779
2020-09-30 16:00:00,10706.48,355.31,0.23929,28.896,2.8498,0.09926,0.02604,9.7744,4.3229
2020-09-30 20:00:00,10776.59,359.83,0.24171,29.2656,2.8967,0.10136,0.02621,9.8694,4.3293
2020-10-01 00:00:00,10798.18,362.33,0.2419,28.929,2.9191,0.10288,0.02624,9.9917,4.1909
2020-10-01 04:00:00,10824.75,363.93,0.24206,28.9729,2.9679,0.10361,0.02641,10.2543,4.3234
2020-10-01 08:00:00,10903.16,368.59,0.24424,29.0598,2.9516,0.10267,0.02673,10.3825,4.3889
2020-10-01 12:00:00,10716.23,361.11,0.23934,27.752,2.85,0.09914,0.02608,9.895,4.2084
2020-10-01 16:00:00,10617.74,353.18,0.23754,27.3906,2.7617,0.0982,0.02552,9.6861,4.1467
2020-10-01 20:00:00,10619.13,352.85,0.23819,27.4673,2.8669,0.09804,0.02581,9.6394,4.15
2020-10-02 00:00:00,10649.06,353.23,0.23864,28.0018,2.8665,0.10015,0.02582,9.8053,4.158
2020-10-02 04:00:00,10490.88,342.17,0.23348,27.0076,2.6666,0.09479,0.02473,9.2872,3.9388
2020-10-02 08:00:00,10436.63,337.13,0.22972,26.12,2.4724,0.09048,0.02437,8.8502,3.7565
2020-10-02 12:00:00,10512.74,343.12,0.23165,26.8893,2.6123,0.09245,0.02511,9.1171,3.8771
2020-10-02 16:00:00,10515.04,343.35,0.23186,26.9816,2.6079,0.09277,0.02561,9.1433,3.8447
2020-10-02 20:00:00,10570.4,345.6,0.23386,27.3369,2.6232,0.09286,0.0259,9.2167,3.9115
2020-10-03 00:00:00,10552.24,348.06,0.23412,27.3423,2.6338,0.09467,0.0267,9.268,3.9871
2020-10-03 04:00:00,10527.75,346.14,0.23328,27.6679,2.6359,0.09359,0.02686,9.1777,3.9248
2020-10-03 08:00:00,10536.65,347.57,0.23421,27.5715,2.6633,0.09441,0.02737,9.2438,4.0372
2020-10-03 12:00:00,10541.98,347.28,0.23348,28.1429,2.635,0.09436,0.02796,9.1957,4.0255
2020-10-03 16:00:00,10582.62,350.06,0.23437,28.0522,2.6566,0.09445,0.02823,9.424,4.1153
2020-10-03 20:00:00,10542.06,345.95,0.23273,28.1867,2.5439,0.09328,0.02719,9.269,4.0168
2020-10-04 00:00:00,10545.49,345.85,0.23215,28.2928,2.5,0.09255,0.02679,9.1537,3.9375
2020-10-04 04:00:00,10612.83,348.36,0.23395,28.5404,2.5539,0.09383,0.02673,9.2854,3.9747
2020-10-04 08:00:00,10600.75,347.79,0.2332,28.662,2.5377,0.09408,0.02631,9.2425,3.8824
2020-10-04 12:00:00,10591.45,346.69,0.24006,28.937,2.4551,0.09457,0.02594,9.177,3.9063
2020-10-04 16:00:00,10673.26,352.86,0.24768,28.9378,2.4781,0.09759,0.02632,9.3861,3.9999
2020-10-04 20:00:00,10666.63,352.37,0.24794,28.9668,2.5202,0.09686,0.02644,9.3922,3.964
2020-10-05 00:00:00,10665.88,352.01,0.24977,29.1962,2.5167,0.09824,0.0262,9.4903,3.9911
2020-10-05 04:00:00,10686.31,350.93,0.24875,28.8184,2.4901,0.09791,0.02615,9.3634,3.9283
2020-10-05 08:00:00,10666.53,350.56,0.24718,28.219,2.5282,0.09636,0.02611,9.3288,3.9144
2020-10-05 12:00:00,10726.02,352.83,0.25058,28.4999,2.6139,0.09759,0.02627,9.5133,3.9722
2020-10-05 16:00:00,10730.78,351.53,0.24983,28.4234,2.618,0.09632,0.0262,9.5695,3.9943
2020-10-05 20:00:00,10792.21,353.62,0.2503,28.6158,2.6522,0.09738,0.02643,9.6176,3.9813
2020-10-06 00:00:00,10765.29,353.58,0.25783,28.6614,2.59,0.09798,0.0265,9.5393,3.8599
2020-10-06 04:00:00,10711.15,350.71,0.2537,28.7605,2.5298,0.0967,0.02613,9.341,3.722
2020-10-06 08:00:00,10697.33,346.12,0.25053,28.1909,2.3974,0.09494,0.02576,9.1331,3.612
2020-10-06 12:00:00,10735.01,351.34,0.25417,28.1457,2.4376,0.09562,0.02607,9.2556,3.753
2020-10-06 16:00:00,10571.36,340.38,0.24384,27.58,2.2676,0.093,0.0256,8.8941,3.5689
2020-10-06 20:00:00,10599.66,340.75,0.24545,27.6812,2.174,0.09289,0.02556,8.7689,3.5424
2020-10-07 00:00:00,10575.51,336.85,0.24349,27.3374,2.1822,0.09091,0.02521,8.6299,3.3708
2020-10-07 04:00:00,10618.69,341.31,0.24639,27.3723,2.2604,0.09313,0.02538,8.8098,3.405
2020-10-07 08:00:00,10600.41,339.24,0.24565,27.0296,2.2119,0.09264,0.02525,8.6935,3.2608
2020-10-07 12:00:00,10629.6,340.66,0.24773,27.5061,2.2598,0.09339,0.02534,8.9094,3.3021
2020-10-07 16:00:00,10650.34,340.96,0.24845,27.67,2.3276,0.09377,0.02556,8.895,3.3633
2020-10-07 20:00:00,10666.39,341.58,0.2487,27.6898,2.3005,0.09374,0.02551,8.9799,3.442
2020-10-08 00:00:00,10639.8,339.2,0.24715,27.3851,2.2459,0.09293,0.02535,8.7816,3.4595
2020-10-08 04:00:00,10592.21,336.18,0.24427,26.7812,2.0839,0.09125,0.02514,8.5664,3.3998
2020-10-08 08:00:00,10606.17,337.64,0.24431,26.8442,2.1653,0.09154,0.02521,8.6333,3.441
2020-10-08 12:00:00,10896.96,349.2,0.25051,27.4342,2.4251,0.09629,0.02568,9.2419,3.8453
2020-10-08 16:00:00,10878.83,351.26,0.2514,27.4491,2.32,0.09583,0.0257,9.4445,3.7842
2020-10-08 20:00:00,10925.57,350.95,0.25141,27.7424,2.3638,0.09632,0.02572,9.5594,3.9147
2020-10-09 00:00:00,10887.19,349.94,0.25141,27.8551,2.3828,0.09575,0.02589,9.5018,3.864
2020-10-09 04:00:00,10894.0,350.55,0.25023,28.19,2.409,0.09567,0.02585,9.4569,3.9032
2020-10-09 08:00:00,11050.43,359.02,0.25542,28.2983,2.5417,0.09743,0.02626,10.0804,4.1596
2020-10-09 12:00:00,11086.58,365.13,0.25231,28.4884,2.5926,0.09864,0.02639,10.4218,4.214
2020-10-09 16:00:00,11034.28,363.26,0.25037,28.2509,2.4924,0.09921,0.02618,10.2556,4.1667
2020-10-09 20:00:00,11050.64,365.02,0.25293,28.4076,2.5314,0.10129,0.02627,10.3959,4.2491
2020-10-10 00:00:00,11412.96,376.29,0.25738,28.9911,2.5715,0.10685,0.0273,10.7655,4.2161
2020-10-10 04:00:00,11381.3,374.87,0.25636,28.8167,2.5316,0.1068,0.02698,10.694,4.1198
2020-10-10 08:00:00,11317.46,371.93,0.25545,28.5001,2.5026,0.10709,0.02674,10.57,4.11
2020-10-10 12:00:00,11349.2,372.78,0.25792,28.4899,2.5026,0.10829,0.02687,10.5513,4.22
2020-10-10 16:00:00,11351.09,373.74,0.25658,28.3507,2.4472,0.10833,0.02677,10.63,4.0536
2020-10-10 20:00:00,11293.22,370.52,0.25402,28.4414,2.3999,0.10493,0.02644,10.5198,4.023
2020-10-11 00:00:00,11332.0,370.57,0.25414,27.9973,2.3469,0.10435,0.02631,10.2865,4.0059
2020-10-11 04:00:00,11350.01,372.13,0.25563,28.0742,2.3859,0.10583,0.02644,10.4025,4.0939
2020-10-11 08:00:00,11372.5,374.42,0.25709,28.3999,2.4562,0.1078,0.02657,10.6001,4.0725
2020-10-11 12:00:00,11405.47,375.13,0.25704,28.4681,2.4174,0.1079,0.02651,10.6032,4.0351
2020-10-11 16:00:00,11334.02,373.14,0.25524,28.4576,2.4247,0.10669,0.02643,10.7019,4.0732
2020-10-11 20:00:00,11369.02,374.16,0.25544,28.5271,2.4227,0.10648,0.02656,10.8515,4.096
2020-10-12 00:00:00,11385.0,374.04,0.25553,28.886,2.4949,0.10692,0.02661,10.8496,4.1879
2020-10-12 04:00:00,11379.34,374.14,0.25461,29.6488,2.5719,0.10606,0.02648,11.302,4.3
2020-10-12 08:00:00,11244.41,366.34,0.2507,29.9378,2.4704,0.10302,0.02595,10.8492,4.1923
2020-10-12 12:00:00,11549.38,385.56,0.25643,30.7,2.5372,0.10888,0.02672,11.3488,4.43
2020-10-12 16:00:00,11546.93,388.06,0.25606,30.8423,2.6255,0.10943,0.02739,11.5408,4.5865
2020-10-12 20:00:00,11528.25,386.51,0.25603,30.6503,2.5836,0.10945,0.02709,11.4259,4.41
2020-10-13 00:00:00,11458.24,382.89,0.25563,31.3243,2.4726,0.11037,0.02704,11.285,4.4908
2020-10-13 04:00:00,11452.0,382.86,0.25727,31.0081,2.4882,0.1126,0.02699,11.3424,4.4515
2020-10-13 08:00:00,11486.36,384.4,0.25806,31.0569,2.5068,0.11184,0.0271,11.4364,4.5017
2020-10-13 12:00:00,11385.15,379.14,0.25543,30.8062,2.426,0.11015,0.02679,11.1556,4.47
2020-10-13 16:00:00,11387.83,378.17,0.25459,30.8986,2.3632,0.10925,0.02666,10.879,4.45
2020-10-13 20:00:00,11420.56,381.04,0.2565,30.7256,2.4062,0.10925,0.0268,11.0016,4.4806
2020-10-14 00:00:00,11390.0,381.4,0.25673,30.7768,2.3847,0.10962,0.02677,11.2246,4.3854
2020-10-14 04:00:00,11415.04,382.26,0.25459,31.0784,2.3839,0.10966,0.02686,11.1144,4.3611
2020-10-14 08:00:00,11362.92,379.01,0.25112,30.4687,2.345,0.10883,0.02662,10.8379,4.1403
2020-10-14 12:00:00,11320.76,375.84,0.24796,30.5115,2.2667,0.10783,0.02644,10.8803,4.1441
2020-10-14 16:00:00,11342.25,375.02,0.24746,30.5135,2.2588,0.10641,0.02653,10.7432,4.0607
2020-10-14 20:00:00,11417.89,378.69,0.24906,30.838,2.3107,0.10703,0.02676,10.8896,4.1596
2020-10-15 00:00:00,11378.96,376.63,0.24734,30.8335,2.258,0.1054,0.02655,10.7001,4.0638
2020-10-15 04:00:00,11396.83,378.78,0.2491,30.8871,2.3232,0.10715,0.02672,10.8237,4.1297
2020-10-15 08:00:00,11315.37,372.21,0.24506,30.795,2.2439,0.10592,0.02644,10.5969,4.0541
2020-10-15 12:00:00,11398.22,376.62,0.24631,31.5144,2.2921,0.10629,0.02661,10.7081,4.1603
2020-10-15 16:00:00,11520.93,378.3,0.24665,31.3045,2.2958,0.10675,0.0265,10.8368,4.1447
2020-10-15 20:00:00,11505.12,377.64,0.24596,31.3256,2.2682,0.10666,0.02652,10.7483,4.1269
2020-10-16 00:00:00,11507.97,378.02,0.2468,31.7578,2.2241,0.10663,0.02655,10.7609,4.0216
2020-10-16 04:00:00,11305.87,368.8,0.24159,30.3793,2.1344,0.10391,0.02578,10.4613,3.9767
2020-10-16 08:00:00,11369.34,369.94,0.24163,30.4887,2.1739,0.10356,0.02585,10.5999,3.9257
2020-10-16 12:00:00,11331.19,367.09,0.23947,30.3498,2.1957,0.10351,0.02565,10.6581,4.0965
2020-10-16 16:00:00,11308.11,365.39,0.23905,30.0478,2.1607,0.10337,0.02563,10.6975,4.0175
2020-10-16 20:00:00,11319.32,365.5,0.24011,30.0516,2.1398,0.10414,0.02572,10.5877,4.0433
2020-10-17 00:00:00,11363.01,368.25,0.24255,30.3512,2.2049,0.10595,0.02581,10.6477,4.088
2020-10-17 04:00:00,11344.98,367.79,0.24159,30.2351,2.2212,0.10624,0.02583,10.6187,4.1211
2020-10-17 08:00:00,11343.13,368.12,0.24151,30.44,2.2145,0.10715,0.02591,10.5883,4.13
2020-10-17 12:00:00,11337.54,367.69,0.24145,30.2619,2.1737,0.10594,0.02579,10.5109,4.1261
2020-10-17 16:00:00,11342.21,366.85,0.24196,30.2155,2.1785,0.1058,0.02566,10.5224,4.0694
2020-10-17 20:00:00,11360.2,368.32,0.24057,30.2414,2.2053,0.10598,0.02574,10.6267,4.1946
2020-10-18 00:00:00,11368.02,368.4,0.24105,30.5272,2.2107,0.10565,0.02571,10.7025,4.15
2020-10-18 04:00:00,11455.4,373.96,0.24283,30.6947,2.2375,0.10627,0.02592,10.8761,4.1906
2020-10-18 08:00:00,11420.62,372.77,0.24169,30.7346,2.1989,0.10595,0.02575,10.7492,4.1963
2020-10-18 12:00:00,11446.68,375.69,0.24248,30.6993,2.232,0.10624,0.02592,10.8098,4.1577
2020-10-18 16:00:00,11432.24,375.74,0.24185,30.4973,2.2319,0.10638,0.02588,10.8609,4.0931
2020-10-18 20:00:00,11503.14,378.11,0.24221,30.6593,2.215,0.10735,0.02594,10.9409,4.1195
2020-10-19 00:00:00,11416.71,373.0,0.24049,29.8609,2.1132,0.1061,0.02569,10.6718,4.0154
2020-10-19 04:00:00,11462.39,375.03,0.24058,29.9921,2.1084,0.10651,0.02577,10.767,4.015
2020-10-19 08:00:00,11477.0,375.75,0.24706,30.161,2.0643,0.10765,0.02584,10.7471,4.0498
2020-10-19 12:00:00,11800.0,383.53,0.24797,30.3471,2.1039,0.10895,0.02605,11.01,4.1136
2020-10-19 16:00:00,11689.99,379.43,0.24632,30.0616,2.0947,0.10982,0.02593,10.9962,4.0721
2020-10-19 20:00:00,11751.47,379.3,0.24558,29.9107,2.0592,0.10859,0.02589,10.9147,4.05
2020-10-20 00:00:00,11741.0,379.97,0.24908,29.991,2.0587,0.1084,0.02576,10.9099,4.0822
2020-10-20 04:00:00,11735.46,375.41,0.24529,29.6033,1.9789,0.1055,0.0255,10.6877,3.9458
2020-10-20 08:00:00,11778.86,367.99,0.2428,29.2194,1.8505,0.10232,0.02538,10.4007,3.889
2020-10-20 12:00:00,11926.4,371.04,0.24432,28.8554,1.896,0.10269,0.02865,10.3437,3.9041
2020-10-20 16:00:00,11912.35,368.42,0.24253,28.648,1.8945,0.10209,0.02606,9.9713,3.7328
2020-10-20 20:00:00,11909.99,368.52,0.24322,28.8227,1.885,0.10238,0.02592,9.8589,3.804
2020-10-21 00:00:00,12182.31,377.98,0.24869,29.3974,1.9773,0.10448,0.02645,10.2966,3.9775
2020-10-21 04:00:00,12198.15,379.13,0.24858,29.4969,1.9287,0.10476,0.02636,10.4155,3.9185
2020-10-21 08:00:00,12335.0,379.37,0.2479,29.3544,1.9182,0.10394,0.02678,10.4352,3.902
2020-10-21 12:00:00,12735.0,391.9,0.25227,30.1788,1.989,0.1072,0.02708,10.8035,3.9753
2020-10-21 16:00:00,12680.75,391.03,0.25106,29.8812,1.9122,0.10622,0.02679,10.8368,4.0203
2020-10-21 20:00:00,12780.96,390.38,0.25088,29.7329,1.8887,0.10589,0.02667,10.7863,3.9585
2020-10-22 00:00:00,12718.26,392.36,0.25533,29.9981,1.9433,0.10554,0.027,10.7863,4.088
2020-10-22 04:00:00,12751.55,395.09,0.25719,30.888,1.978,0.10756,0.027,11.17,4.395
2020-10-22 08:00:00,12967.01,415.34,0.26142,31.1004,2.0688,0.10908,0.02731,11.5845,4.3917
2020-10-22 12:00:00,12930.0,414.5,0.26151,30.9277,2.05,0.10923,0.0272,11.7174,4.39
2020-10-22 16:00:00,13072.48,415.85,0.26073,30.5802,2.01,0.11091,0.02718,12.1238,4.3108
2020-10-22 20:00:00,12968.52,413.98,0.25709,30.6396,1.9582,0.11077,0.02708,11.9539,4.3385
2020-10-23 00:00:00,12960.01,413.5,0.25836,30.7743,1.95,0.1109,0.02697,11.9885,4.3432
2020-10-23 04:00:00,12883.62,412.84,0.25664,30.7324,1.9216,0.10928,0.02696,11.8024,4.3386
2020-10-23 08:00:00,12968.96,416.84,0.25715,30.9619,1.9544,0.11003,0.02702,12.0792,4.3386
2020-10-23 12:00:00,12921.09,412.0,0.25471,30.7506,1.9229,0.10788,0.0268,11.9468,4.2395
2020-10-23 16:00:00,12918.99,409.22,0.25368,30.4043,1.9335,0.10751,0.02669,12.0522,4.2602
2020-10-23 20:00:00,12923.07,409.11,0.25471,30.6377,1.959,0.10805,0.02669,12.1586,4.2568
2020-10-24 00:00:00,12967.74,411.62,0.25444,30.6561,1.9333,0.10884,0.02666,12.1578,4.2917
2020-10-24 04:00:00,12924.79,410.17,0.25391,30.5204,1.907,0.10842,0.02672,12.2853,4.2606
2020-10-24 08:00:00,12990.9,414.22,0.25546,30.6746,1.9278,0.10932,0.02679,12.4921,4.3272
2020-10-24 12:00:00,13100.0,414.0,0.25554,30.6949,1.9316,0.10883,0.02681,12.6533,4.31
2020-10-24 16:00:00,13118.24,413.19,0.25721,30.6174,1.9377,0.10834,0.02709,12.8707,4.282
2020-10-24 20:00:00,13111.73,412.14,0.2562,30.6639,1.9142,0.10797,0.02706,12.7001,4.1821
2020-10-25 00:00:00,13295.5,415.1,0.25675,30.7596,1.9151,0.10836,0.02717,12.7515,4.228
2020-10-25 04:00:00,13027.24,409.55,0.25429,30.5404,1.8817,0.10761,0.02698,12.5211,4.2003
2020-10-25 08:00:00,12951.73,407.03,0.25262,29.9635,1.8779,0.10671,0.02688,12.1729,4.1259
2020-10-25 12:00:00,12940.74,406.01,0.25262,29.962,1.8439,0.10713,0.02689,12.1094,4.1753
2020-10-25 16:00:00,13042.16,408.1,0.25347,30.1955,1.826,0.10707,0.02704,12.2827,4.1958
2020-10-25 20:00:00,13028.83,405.86,0.25313,30.128,1.7926,0.10639,0.02699,12.1481,4.1479
2020-10-26 00:00:00,13094.53,408.9,0.25683,30.3632,1.8302,0.1069,0.02726,12.3571,4.3005
2020-10-26 04:00:00,13037.08,404.99,0.25495,30.6304,1.8377,0.10592,0.02715,12.0872,4.2927
2020-10-26 08:00:00,13145.0,405.1,0.25453,30.9053,1.8434,0.10528,0.02722,12.1247,4.4097
2020-10-26 12:00:00,12978.41,393.62,0.24958,30.5717,1.7812,0.10152,0.02675,11.6358,4.1927
2020-10-26 16:00:00,13004.5,391.56,0.24791,31.108,1.6632,0.10207,0.02672,11.7159,4.1198
2020-10-26 20:00:00,13052.19,392.52,0.2481,31.0467,1.6799,0.10306,0.02675,11.7096,4.148
2020-10-27 00:00:00,13083.24,392.9,0.24897,31.43,1.6693,0.10315,0.02677,11.7414,4.1491
2020-10-27 04:00:00,13144.58,394.2,0.2508,31.6062,1.6558,0.10451,0.02691,11.7181,4.1424
2020-10-27 08:00:00,13449.8,402.29,0.25215,31.2754,1.6849,0.10455,0.02708,12.0732,4.17
2020-10-27 12:00:00,13609.24,405.96,0.25295,32.047,1.7327,0.10414,0.02713,12.1896,4.2248
2020-10-27 16:00:00,13656.89,406.16,0.25138,31.8641,1.6962,0.10373,0.02701,12.2497,4.168
2020-10-27 20:00:00,13636.17,403.45,0.25273,31.4826,1.711,0.10256,0.02701,11.9224,4.1217
2020-10-28 00:00:00,13779.99,405.79,0.25333,31.6375,1.5752,0.1024,0.02697,11.905,4.0837
2020-10-28 04:00:00,13664.37,396.93,0.25,31.1961,1.5472,0.09988,0.02695,11.7791,4.0391
2020-10-28 08:00:00,13318.33,386.86,0.24776,30.656,1.5563,0.09743,0.02692,11.4417,3.983
2020-10-28 12:00:00,13221.26,387.54,0.24668,30.5,1.5514,0.09726,0.02691,11.5136,4.0384
2020-10-28 16:00:00,13165.31,384.69,0.24492,30.2,1.5,0.09779,0.0268,11.4827,3.9924
2020-10-28 20:00:00,13266.4,388.23,0.2454,30.3338,1.518,0.09869,0.02688,11.4403,4.0596
2020-10-29 00:00:00,13280.99,391.98,0.24677,30.2883,1.5724,0.10014,0.02724,11.7412,4.0603
2020-10-29 04:00:00,13138.87,387.21,0.24482,30.0332,1.5253,0.0992,0.02697,11.5406,3.9854
2020-10-29 08:00:00,13052.06,383.07,0.2422,29.8054,1.4971,0.09661,0.02663,11.2718,3.7911
2020-10-29 12:00:00,13436.95,390.68,0.24479,30.1447,1.4924,0.09803,0.02675,11.5919,3.8929
2020-10-29 16:00:00,13492.51,388.51,0.24388,29.8512,1.4724,0.09656,0.02663,11.2337,3.7452
2020-10-29 20:00:00,13455.7,387.13,0.24239,29.8702,1.4327,0.09531,0.02655,11.2772,3.7758
2020-10-30 00:00:00,13432.34,385.0,0.23992,28.9137,1.4,0.09199,0.02625,11.0985,3.6094
2020-10-30 04:00:00,13218.96,378.72,0.23711,28.09,1.3746,0.0926,0.02596,11.0346,3.6757
2020-10-30 08:00:00,13347.79,379.44,0.23716,28.1264,1.3791,0.09266,0.02554,10.9741,3.7155
2020-10-30 12:00:00,13549.98,382.17,0.23825,28.5081,1.4487,0.09288,0.02563,11.1,3.68
2020-10-30 16:00:00,13536.44,383.18,0.23836,28.5209,1.4623,0.09377,0.02559,11.114,3.7305
2020-10-30 20:00:00,13560.1,382.49,0.23905,28.4909,1.4381,0.0933,0.0256,11.09,3.7224
2020-10-31 00:00:00,13491.54,382.94,0.2388,28.4965,1.4864,0.09328,0.02558,11.035,3.6454
2020-10-31 04:00:00,13576.14,384.03,0.23869,28.3366,1.5067,0.0929,0.02547,11.1074,3.6247
2020-10-31 08:00:00,13940.0,390.32,0.24275,28.6163,1.4788,0.09468,0.02605,11.2474,3.6608
2020-10-31 12:00:00,13852.02,390.1,0.24101,28.5986,1.5175,0.09422,0.02601,11.2924,3.7167
2020-10-31 16:00:00,13781.87,385.51,0.2401,28.3694,1.523,0.09295,0.02575,11.143,3.668
2020-10-31 20:00:00,13791.0,386.46,0.23968,28.5058,1.5497,0.093,0.02576,11.2277,3.6456
2020-11-01 00:00:00,13690.01,386.29,0.23878,28.38,1.5367,0.09348,0.02558,11.2134,3.6549
2020-11-01 04:00:00,13792.51,388.94,0.24011,28.39,1.5533,0.0939,0.02577,11.2488,3.6703
2020-11-01 08:00:00,13696.58,386.74,0.23893,28.1765,1.5384,0.09374,0.02556,11.0778,3.6111
2020-11-01 12:00:00,13800.01,388.42,0.23934,28.2248,1.5699,0.09628,0.0257,11.174,3.6435
2020-11-01 16:00:00,13789.88,388.95,0.23945,28.1537,1.5989,0.09622,0.02559,11.2089,3.6422
2020-11-01 20:00:00,13761.5,396.67,0.23999,28.5318,1.608,0.09827,0.02574,11.5722,3.6814
2020-11-02 00:00:00,13697.54,399.09,0.24043,28.6308,1.5931,0.09908,0.02561,11.5019,3.7763
2020-11-02 04:00:00,13740.99,399.26,0.24149,29.0,1.5986,0.09904,0.02562,11.6393,3.8064
2020-11-02 08:00:00,13402.18,384.12,0.23626,28.6964,1.4837,0.09492,0.02501,11.1056,3.7054
2020-11-02 12:00:00,13499.0,385.09,0.23505,28.2917,1.4871,0.09336,0.02461,10.931,3.6376
2020-11-02 16:00:00,13553.65,386.36,0.23584,28.1449,1.4771,0.09334,0.02465,10.9257,3.65
2020-11-02 20:00:00,13549.37,383.02,0.23523,27.7983,1.4738,0.09221,0.02445,10.7814,3.617
2020-11-03 00:00:00,13391.96,374.31,0.22971,26.212,1.44,0.08947,0.02325,10.1887,3.4027
2020-11-03 04:00:00,13444.3,375.52,0.23129,26.7799,1.4492,0.09033,0.02347,10.2775,3.4038
2020-11-03 08:00:00,13532.14,379.61,0.23949,26.8481,1.4481,0.092,0.02391,10.498,3.414
2020-11-03 12:00:00,13710.38,381.46,0.2378,26.5632,1.4373,0.09191,0.02405,10.3334,3.3795
2020-11-03 16:00:00,13721.27,383.32,0.23809,26.6622,1.4366,0.09288,0.02415,10.2993,3.3273
2020-11-03 20:00:00,14023.53,387.88,0.2396,26.8638,1.4118,0.09357,0.02442,10.3911,3.323
2020-11-04 00:00:00,13897.51,386.11,0.23852,26.4328,1.35,0.09321,0.02416,10.3129,3.3088
2020-11-04 04:00:00,13600.46,378.27,0.23384,26.2757,1.3526,0.09266,0.0238,10.1329,3.1783
2020-11-04 08:00:00,13720.99,381.09,0.23495,26.2693,1.3586,0.09389,0.02394,10.1629,3.1091
2020-11-04 12:00:00,13911.47,383.74,0.23405,26.061,1.2985,0.09244,0.02392,9.8849,3.0244
2020-11-04 16:00:00,14102.26,402.46,0.23803,26.8979,1.3903,0.09561,0.02424,10.5743,3.1757
2020-11-04 20:00:00,14144.01,402.49,0.23758,26.96,1.3912,0.0955,0.0242,10.4713,3.1718
2020-11-05 00:00:00,14311.29,404.62,0.23922,27.3344,1.4025,0.09505,0.02433,10.5443,3.1536
2020-11-05 04:00:00,14475.87,402.83,0.23948,27.4386,1.4229,0.09456,0.02434,10.4478,3.1121
2020-11-05 08:00:00,14717.6,403.4,0.23895,27.251,1.3443,0.09301,0.02423,10.24,3.04
2020-11-05 12:00:00,15080.26,414.18,0.24526,27.6724,1.4324,0.09714,0.02472,10.7861,3.261
2020-11-05 16:00:00,15120.88,413.4,0.24467,27.5686,1.4199,0.09759,0.02492,11.0744,3.3065
2020-11-05 20:00:00,15590.02,416.69,0.24561,27.6875,1.4007,0.09752,0.02493,10.9794,3.3348
2020-11-06 00:00:00,15430.48,426.68,0.24868,28.0121,1.5359,0.10141,0.02496,11.1437,3.3723
2020-11-06 04:00:00,15733.3,435.97,0.2547,28.8475,1.6397,0.10222,0.02547,11.4039,3.4564
2020-11-06 08:00:00,15572.36,443.38,0.25916,29.3228,1.7132,0.10612,0.02593,11.6297,3.6331
2020-11-06 12:00:00,15411.27,435.23,0.25631,28.6959,1.6899,0.10657,0.02565,11.5038,3.4886
2020-11-06 16:00:00,15435.99,441.27,0.25723,28.8144,1.7988,0.10844,0.02584,11.8554,3.5719
2020-11-06 20:00:00,15579.92,455.91,0.25863,29.0435,1.9,0.1091,0.02616,12.1687,3.5913
2020-11-07 00:00:00,15545.2,458.8,0.26428,28.9939,2.1397,0.11131,0.02641,12.8456,3.6643
2020-11-07 04:00:00,15444.41,456.31,0.26221,28.9087,2.2113,0.1109,0.02625,12.9632,3.7142
2020-11-07 08:00:00,15515.95,462.67,0.26378,29.4668,2.3994,0.11209,0.02658,13.4232,3.7984
2020-11-07 12:00:00,15337.91,447.88,0.2556,28.76,2.1707,0.1054,0.02558,12.6853,3.6836
2020-11-07 16:00:00,14643.52,431.05,0.24699,27.3906,1.8915,0.1007,0.02464,11.747,3.4442
2020-11-07 20:00:00,14818.3,435.21,0.2491,27.7651,2.0215,0.10128,0.02486,11.7638,3.4126
2020-11-08 00:00:00,14957.41,438.0,0.25025,27.9903,2.0469,0.10214,0.02484,11.9337,3.3923
2020-11-08 04:00:00,14931.53,435.45,0.25029,27.8021,1.9891,0.1025,0.02502,11.8633,3.4231
2020-11-08 08:00:00,15171.0,445.24,0.25346,28.3768,2.1674,0.10647,0.02554,12.5446,3.53
2020-11-08 12:00:00,15353.48,454.11,0.25513,28.5481,2.2442,0.10763,0.02557,12.8081,3.613
2020-11-08 16:00:00,15339.47,452.11,0.25403,28.3238,2.1399,0.10619,0.02534,12.7041,3.528
2020-11-08 20:00:00,15475.1,454.3,0.25374,28.4101,2.1558,0.10655,0.02535,12.71,3.4754
2020-11-09 00:00:00,15434.08,451.64,0.25263,28.4179,2.1,0.10463,0.02523,12.3707,3.3991
2020-11-09 04:00:00,15303.26,444.85,0.24958,28.0255,2.0506,0.10329,0.02506,12.1936,3.3966
2020-11-09 08:00:00,15802.39,458.25,0.25554,28.6,2.16,0.10652,0.02553,12.9274,3.5113
2020-11-09 12:00:00,15000.96,437.71,0.2466,27.6062,1.9799,0.10252,0.0248,12.2671,3.334
2020-11-09 16:00:00,15360.0,446.5,0.25007,28.0518,2.0544,0.10583,0.02501,12.5601,3.3956
2020-11-09 20:00:00,15328.41,444.32,0.25059,28.0941,2.0299,0.10561,0.02479,12.5107,3.4125
2020-11-10 00:00:00,15334.91,449.29,0.25167,27.9996,2.1367,0.1056,0.02499,12.7684,3.5296
2020-11-10 04:00:00,15274.74,449.04,0.26062,28.1105,2.1302,0.10664,0.02509,12.7836,3.524
2020-11-10 08:00:00,15279.24,447.48,0.25594,28.2659,2.1404,0.10715,0.02497,12.7917,3.4894
2020-11-10 12:00:00,15167.49,443.12,0.25279,28.0006,2.1855,0.10456,0.02477,12.6239,3.4368
2020-11-10 16:00:00,15297.94,448.08,0.25594,28.1697,2.2478,0.10561,0.02486,13.0597,3.5566
2020-11-10 20:00:00,15297.21,450.34,0.2538,28.2188,2.2661,0.1059,0.02483,13.0017,3.5713
2020-11-11 00:00:00,15401.9,463.12,0.25637,28.3137,2.261,0.1067,0.02515,13.1662,3.64
2020-11-11 04:00:00,15400.51,462.14,0.25602,28.1105,2.2167,0.10715,0.02522,13.1755,3.7559
2020-11-11 08:00:00,15574.48,460.0,0.25629,28.0337,2.1039,0.10778,0.02503,12.9814,3.6141
2020-11-11 12:00:00,15667.27,461.99,0.25752,28.0513,2.1164,0.10813,0.0252,12.9777,3.5864
2020-11-11 16:00:00,15807.58,468.46,0.25766,28.1001,2.0331,0.10714,0.02508,13.1371,3.5603
2020-11-11 20:00:00,15684.24,463.09,0.25581,28.016,2.0,0.10599,0.02498,12.753,3.4842
2020-11-12 00:00:00,15628.14,457.87,0.2557,27.8816,2.0075,0.10601,0.02503,12.7246,3.5025
2020-11-12 04:00:00,15862.75,464.8,0.25695,28.008,2.0413,0.10592,0.02512,12.8825,3.5094
2020-11-12 08:00:00,15762.55,459.95,0.25507,27.8056,1.9701,0.10449,0.025,12.6581,3.4041
2020-11-12 12:00:00,16125.01,461.16,0.25447,27.6428,1.9054,0.10452,0.02505,12.6083,3.4064
2020-11-12 16:00:00,16063.81,456.98,0.2535,27.4927,1.8652,0.10327,0.0249,12.446,3.4221
2020-11-12 20:00:00,16291.86,462.39,0.2549,27.6874,1.9089,0.1046,0.0249,12.4038,3.4243
2020-11-13 00:00:00,16432.99,463.95,0.2565,27.8348,1.9539,0.10574,0.02498,12.7284,3.483
2020-11-13 04:00:00,16253.3,460.21,0.25503,27.8125,1.9517,0.10554,0.02495,12.4827,3.4756
2020-11-13 08:00:00,16225.0,464.26,0.25763,28.0494,2.0018,0.10622,0.02505,12.811,3.4768
2020-11-13 12:00:00,16100.17,469.33,0.25962,28.0376,2.0264,0.10633,0.02537,12.7584,3.5385
2020-11-13 16:00:00,16282.0,473.56,0.26463,27.9965,2.0156,0.10629,0.02537,12.8719,3.5699
2020-11-13 20:00:00,16320.7,476.43,0.2659,28.1974,2.0141,0.10629,0.0254,12.8687,3.6745
2020-11-14 00:00:00,16178.62,471.17,0.27424,27.8485,2.0231,0.10649,0.02535,12.7513,3.5698
2020-11-14 04:00:00,16089.0,467.08,0.27011,27.728,1.9576,0.10458,0.02531,12.6181,3.4757
2020-11-14 08:00:00,15925.44,458.74,0.26544,27.488,1.9046,0.10258,0.02511,12.509,3.4647
2020-11-14 12:00:00,15951.92,458.77,0.26568,27.6532,1.9215,0.10292,0.02516,12.5433,3.4875
2020-11-14 16:00:00,15881.33,459.75,0.26734,27.77,1.9369,0.10362,0.02509,12.5211,3.5257
2020-11-14 20:00:00,16070.45,460.89,0.26824,27.9311,1.9182,0.10411,0.02513,12.5574,3.4894
2020-11-15 00:00:00,15929.47,458.13,0.27276,27.9337,1.9669,0.10373,0.02511,12.415,3.4763
2020-11-15 04:00:00,16030.9,460.8,0.27583,28.0187,2.0998,0.10508,0.02567,12.5879,3.52
2020-11-15 08:00:00,15953.72,455.21,0.27016,27.8491,2.1223,0.10251,0.02519,12.4057,3.5004
2020-11-15 12:00:00,16027.19,456.25,0.27241,27.8867,2.1964,0.10289,0.02571,12.4615,3.6011
2020-11-15 16:00:00,15855.29,445.31,0.26771,27.5021,2.0293,0.10116,0.02522,12.0135,3.4885
2020-11-15 20:00:00,15957.0,448.08,0.26954,27.6786,2.0407,0.10046,0.02533,12.1192,3.5453
2020-11-16 00:00:00,16006.5,449.42,0.26924,27.6459,2.1554,0.10091,0.02528,12.1556,3.5026
2020-11-16 04:00:00,16235.71,454.57,0.2713,27.7385,2.1876,0.10247,0.02539,12.3023,3.7165
2020-11-16 08:00:00,16235.68,452.07,0.27191,27.7905,2.2748,0.10231,0.02539,12.2859,3.7144
2020-11-16 12:00:00,16450.0,459.4,0.28216,27.9584,2.2878,0.1046,0.02567,12.7083,3.7163
2020-11-16 16:00:00,16779.01,462.07,0.2868,28.0526,2.2422,0.10407,0.02554,12.6267,3.6451
2020-11-16 20:00:00,16713.57,460.55,0.28813,27.9451,2.2626,0.10387,0.02549,12.6223,3.7
2020-11-17 00:00:00,16573.58,462.04,0.29201,28.2944,2.2954,0.106,0.02593,12.7344,3.7793
2020-11-17 04:00:00,16750.0,465.98,0.30041,28.5512,2.2467,0.1083,0.02627,12.9313,3.8475
2020-11-17 08:00:00,16995.06,466.48,0.30033,28.6591,2.2197,0.11106,0.02603,12.7788,3.7775
2020-11-17 12:00:00,17322.19,473.66,0.29843,28.5491,2.1658,0.10952,0.02624,12.7206,3.7302
2020-11-17 16:00:00,17685.22,482.96,0.30235,28.6503,2.2339,0.1109,0.02654,13.2055,3.7941
2020-11-17 20:00:00,17659.38,482.15,0.30247,28.5552,2.1998,0.10947,0.02649,13.3944,3.8355
2020-11-18 00:00:00,18030.71,488.34,0.30013,28.3936,2.1807,0.11111,0.02642,13.9179,3.805
2020-11-18 04:00:00,18063.7,477.32,0.29459,28.2554,2.1289,0.10687,0.02569,13.5795,3.6696
2020-11-18 08:00:00,18249.99,480.73,0.29502,28.2031,2.08,0.10676,0.0257,13.5503,3.7766
2020-11-18 12:00:00,17873.88,473.99,0.28841,27.9288,2.0678,0.10541,0.02544,13.2589,3.6647
2020-11-18 16:00:00,17659.9,473.0,0.29035,27.7246,2.0989,0.10449,0.02537,13.1055,3.6624
2020-11-18 20:00:00,17776.12,478.41,0.29335,28.0931,2.1153,0.10658,0.02678,13.5598,3.7445
2020-11-19 00:00:00,17915.46,477.72,0.2935,28.0915,2.0637,0.10688,0.02605,13.4262,3.7446
2020-11-19 04:00:00,17649.94,471.76,0.28885,27.89,2.0642,0.10569,0.02553,13.1849,3.6777
2020-11-19 08:00:00,17765.33,473.46,0.29161,28.0781,2.0676,0.10597,0.02592,13.4913,3.6574
2020-11-19 12:00:00,18045.0,475.52,0.29827,28.2494,2.1538,0.10733,0.02605,13.8347,3.726
2020-11-19 16:00:00,17955.8,474.1,0.30118,28.1469,2.1066,0.10599,0.02589,13.6707,3.6662
2020-11-19 20:00:00,17802.82,471.25,0.30358,28.1387,2.085,0.1059,0.02581,13.6187,3.6399
2020-11-20 00:00:00,17955.06,484.86,0.30238,28.3206,2.1062,0.10749,0.0262,13.7842,3.705
2020-11-20 04:00:00,18212.0,491.47,0.30057,28.2348,2.1724,0.1072,0.02607,13.8138,3.7673
2020-11-20 08:00:00,18263.5,505.19,0.30395,28.8502,2.1867,0.11004,0.02624,14.1275,3.8197
2020-11-20 12:00:00,18668.56,504.73,0.3134,28.9616,2.1506,0.10999,0.02633,14.244,3.7981
2020-11-20 16:00:00,18627.38,509.97,0.32013,28.9011,2.1447,0.11206,0.02622,14.2602,3.7434
2020-11-20 20:00:00,18655.67,510.12,0.32991,28.9715,2.1033,0.11828,0.02629,14.0933,3.715
2020-11-21 00:00:00,18659.48,507.99,0.33895,28.53,2.0624,0.11893,0.02642,14.0068,3.7373
2020-11-21 04:00:00,18669.99,510.25,0.35778,28.8412,2.1687,0.12301,0.02753,14.2452,3.8394
2020-11-21 08:00:00,18531.06,509.33,0.37356,28.92,2.1652,0.1232,0.0273,14.0846,3.8494
2020-11-21 12:00:00,18790.01,537.1,0.427,30.49,2.395,0.13036,0.02899,15.1013,4.0812
2020-11-21 16:00:00,18679.97,541.63,0.41259,30.295,2.4512,0.12882,0.02931,15.1366,4.0247
2020-11-21 20:00:00,18703.8,552.35,0.46283,30.5161,2.3822,0.13334,0.03057,15.4511,4.0281
2020-11-22 00:00:00,18559.91,549.5,0.45089,30.4797,2.2195,0.12901,0.02922,15.0617,3.8952
2020-11-22 04:00:00,18498.31,542.32,0.44904,29.9443,2.2044,0.1262,0.02863,14.7603,3.8259
2020-11-22 08:00:00,17887.82,523.0,0.42818,29.3363,2.1003,0.12905,0.02781,14.1351,3.7806
2020-11-22 12:00:00,18295.4,534.39,0.43204,29.7533,2.18,0.13349,0.02829,14.391,3.847
2020-11-22 16:00:00,18573.58,573.03,0.46928,30.604,2.273,0.14507,0.02923,15.0142,3.9592
2020-11-22 20:00:00,18414.43,560.03,0.44611,30.0226,2.1514,0.14599,0.02875,14.5098,3.8892
2020-11-23 00:00:00,18369.0,573.76,0.46037,30.4801,2.231,0.14988,0.02909,14.6781,3.9841
2020-11-23 04:00:00,18458.13,580.85,0.45602,30.4674,2.2662,0.1546,0.02958,14.9691,4.1672
2020-11-23 08:00:00,18567.7,590.9,0.4865,30.6171,2.2957,0.15279,0.03002,14.9052,4.1309
2020-11-23 12:00:00,18261.86,589.9,0.52654,30.0947,2.2034,0.1494,0.02993,14.7693,4.055
2020-11-23 16:00:00,18444.44,597.98,0.54047,30.3931,2.2326,0.14887,0.03157,14.9873,4.0675
2020-11-23 20:00:00,18368.0,608.58,0.61579,30.995,2.2786,0.15445,0.03174,15.2746,4.0747
2020-11-24 00:00:00,18338.52,613.09,0.63776,32.8387,2.386,0.16985,0.03407,15.6862,4.1355
2020-11-24 04:00:00,18369.36,604.88,0.69657,33.0515,2.3666,0.16714,0.03584,15.6284,4.0829
2020-11-24 08:00:00,19064.99,606.73,0.63115,32.9937,2.2313,0.16514,0.03349,15.3623,3.9633
2020-11-24 12:00:00,19358.57,606.96,0.67198,33.0389,2.2312,0.16761,0.03526,15.6083,4.242
2020-11-24 16:00:00,19160.01,607.39,0.73287,33.0257,2.2669,0.17024,0.03618,15.7596,4.2635
2020-11-24 20:00:00,19160.01,604.97,0.694,33.9407,2.2823,0.16721,0.03523,15.6703,4.26
2020-11-25 00:00:00,18808.03,584.74,0.63929,32.7048,2.1969,0.16122,0.03382,15.2142,4.1773
2020-11-25 04:00:00,18975.13,592.82,0.68077,33.1042,2.2475,0.16389,0.03543,15.3707,4.2128
2020-11-25 08:00:00,19281.55,601.03,0.69582,33.6723,2.2956,0.17344,0.03653,15.5493,4.334
2020-11-25 12:00:00,19126.84,593.67,0.70628,32.8946,2.417,0.16942,0.0363,15.2818,4.2679
2020-11-25 16:00:00,18981.29,585.91,0.65801,32.4202,2.4167,0.16419,0.03527,14.9383,4.246
2020-11-25 20:00:00,18719.11,569.5,0.63022,31.2953,2.2661,0.15473,0.03304,14.2016,4.0453
2020-11-26 00:00:00,17927.98,532.06,0.56448,29.9844,1.936,0.1305,0.02939,12.415,3.5347
2020-11-26 04:00:00,17619.9,516.01,0.51019,29.2894,1.8298,0.1306,0.02888,12.5065,3.4766
2020-11-26 08:00:00,17100.0,512.69,0.52988,28.436,1.8408,0.13671,0.02879,12.5443,3.5261
2020-11-26 12:00:00,16905.18,508.0,0.51137,28.0621,1.8278,0.13236,0.02872,12.1089,3.4516
2020-11-26 16:00:00,16516.87,500.14,0.481,26.9646,1.7963,0.13039,0.02831,12.0311,3.4727
2020-11-26 20:00:00,17149.47,519.83,0.53654,28.2356,1.9111,0.13843,0.02942,12.603,3.5447
2020-11-27 00:00:00,17078.11,519.35,0.54315,28.42,1.95,0.13731,0.02929,12.5152,3.5775
2020-11-27 04:00:00,17094.18,517.48,0.54281,28.2242,1.9149,0.13642,0.02935,12.5054,3.6518
2020-11-27 08:00:00,16789.37,507.84,0.52545,27.62,1.8284,0.1341,0.02838,12.1994,3.4865
2020-11-27 12:00:00,16498.85,496.33,0.51731,27.3622,1.78,0.13224,0.02821,12.0188,3.44
2020-11-27 16:00:00,16803.14,506.7,0.53986,28.0289,1.8127,0.13576,0.0287,12.258,3.5666
2020-11-27 20:00:00,17139.52,518.68,0.5623,28.4606,1.861,0.14178,0.02938,12.4989,3.5942
2020-11-28 00:00:00,16990.27,515.11,0.55781,28.1925,1.8427,0.1419,0.02898,12.546,3.5675
2020-11-28 04:00:00,17014.72,514.07,0.55175,28.192,1.8351,0.14252,0.02912,12.5456,3.5201
2020-11-28 08:00:00,17160.29,518.5,0.56316,28.6577,1.8662,0.155,0.02938,12.62,3.5581
2020-11-28 12:00:00,17517.04,533.51,0.62958,29.5158,1.9254,0.16802,0.0309,13.25,3.6602
2020-11-28 16:00:00,17814.5,545.99,0.63724,29.2901,1.9145,0.16517,0.03068,13.3721,3.6414
2020-11-28 20:00:00,17719.85,537.52,0.62579,29.1766,1.8868,0.16489,0.03047,13.0853,3.6271
2020-11-29 00:00:00,17867.48,543.08,0.61578,29.3855,1.8949,0.16268,0.03021,13.0622,3.5796
2020-11-29 04:00:00,17817.34,541.35,0.62604,29.1559,1.8899,0.1659,0.0305,13.0561,3.6514
2020-11-29 08:00:00,18090.44,551.32,0.62144,29.5901,1.9275,0.16274,0.03067,13.2005,3.6701
2020-11-29 12:00:00,18119.97,554.42,0.61818,29.8158,1.915,0.16659,0.03064,13.1794,3.72
2020-11-29 16:00:00,18042.86,551.79,0.59301,29.7512,1.8721,0.1617,0.03006,13.0128,3.64
2020-11-29 20:00:00,18184.99,576.3,0.60543,30.1045,1.9153,0.16663,0.03072,13.38,3.7013
2020-11-30 00:00:00,18579.5,588.03,0.62927,30.2782,1.9662,0.16999,0.03129,14.0565,3.7613
2020-11-30 04:00:00,18623.0,585.17,0.62517,30.3118,1.9453,0.16893,0.03107,14.0168,3.7137
2020-11-30 08:00:00,18600.95,588.26,0.6237,30.3121,1.9607,0.16383,0.03082,13.8682,3.7063
2020-11-30 12:00:00,19291.88,596.33,0.63791,30.7409,1.9586,0.16787,0.03175,13.9487,3.7077
2020-11-30 16:00:00,19259.98,602.39,0.64026,31.1715,1.968,0.16806,0.03215,14.0757,3.7197
2020-11-30 20:00:00,19695.87,616.66,0.66417,31.4935,1.9665,0.17204,0.03236,14.2677,3.7024
2020-12-01 00:00:00,19419.74,605.14,0.65175,31.2102,1.9705,0.16829,0.03253,14.2045,3.6153
2020-12-01 04:00:00,19515.63,610.8,0.66196,31.6811,2.1249,0.1692,0.03388,14.5449,3.7827
2020-12-01 08:00:00,19425.0,615.93,0.65621,31.2767,2.067,0.16716,0.03249,14.3027,3.71
2020-12-01 12:00:00,19263.37,603.94,0.63753,30.5841,2.046,0.16106,0.03136,13.9622,3.6109
2020-12-01 16:00:00,19069.79,599.5,0.62595,30.4161,2.005,0.15758,0.03072,13.7733,3.6002
2020-12-01 20:00:00,18764.96,585.26,0.61088,30.1996,1.9738,0.15562,0.03024,13.3461,3.5543
2020-12-02 00:00:00,18618.25,585.68,0.61169,30.0812,2.0188,0.1546,0.03035,13.2053,3.6205
2020-12-02 04:00:00,19124.48,597.63,0.62722,30.4144,2.0601,0.15877,0.03107,13.6519,3.7043
2020-12-02 08:00:00,19127.31,598.62,0.6246,30.5697,2.0874,0.15888,0.03108,13.8144,3.775
2020-12-02 12:00:00,18891.57,589.51,0.61264,30.1875,2.1172,0.15523,0.03068,13.6488,3.7336
2020-12-02 16:00:00,19101.1,596.57,0.61836,30.3138,2.1356,0.1571,0.03109,13.9234,3.8089
2020-12-02 20:00:00,19204.09,596.89,0.62972,30.2875,2.1209,0.15845,0.03118,13.9799,3.74
2020-12-03 00:00:00,19087.0,595.24,0.62185,30.2853,2.1438,0.15774,0.03123,13.8758,3.7885
2020-12-03 04:00:00,19208.11,598.47,0.62306,30.206,2.1803,0.15844,0.03119,13.9337,3.8541
2020-12-03 08:00:00,19396.5,613.6,0.62943,30.7115,2.2072,0.16115,0.03169,13.9905,3.8208
2020-12-03 12:00:00,19535.0,618.92,0.634,30.642,2.1074,0.16543,0.03177,14.0948,3.8054
2020-12-03 16:00:00,19414.29,613.76,0.63045,30.418,2.1138,0.16601,0.03143,13.9479,3.7816
2020-12-03 20:00:00,19421.9,615.85,0.63046,30.7065,2.0967,0.16398,0.03166,13.9749,3.8123
2020-12-04 00:00:00,19162.62,602.64,0.61101,30.2819,2.0109,0.1579,0.03082,13.5619,3.7165
2020-12-04 04:00:00,19283.94,604.28,0.61662,30.2329,2.0404,0.16034,0.03112,13.6452,3.731
2020-12-04 08:00:00,18833.25,585.57,0.59056,29.2931,1.9507,0.1542,0.03043,13.3185,3.5815
2020-12-04 12:00:00,18943.35,586.89,0.5915,29.3938,1.9659,0.15498,0.03042,13.2832,3.6464
2020-12-04 16:00:00,19038.73,590.83,0.57674,29.672,1.9449,0.15622,0.03039,13.3162,3.6667
2020-12-04 20:00:00,18650.52,567.24,0.55367,29.0231,1.8535,0.14781,0.02947,12.68,3.5348
2020-12-05 00:00:00,18818.85,575.9,0.57159,29.1022,1.864,0.15096,0.02973,12.921,3.644
2020-12-05 04:00:00,18911.31,585.01,0.57957,29.144,1.8922,0.15536,0.03001,13.0632,3.664
2020-12-05 08:00:00,19013.43,589.46,0.58726,29.6736,1.9119,0.15925,0.03029,13.1788,3.673
2020-12-05 12:00:00,19110.78,592.5,0.58338,29.5034,1.935,0.15893,0.0303,13.266,3.6638
2020-12-05 16:00:00,19119.19,594.77,0.58498,29.6001,1.9761,0.15927,0.03052,13.2561,3.6506
2020-12-05 20:00:00,19147.66,596.8,0.58517,29.728,1.9795,0.15993,0.03056,13.1748,3.6382
2020-12-06 00:00:00,19183.39,597.05,0.60914,29.6753,1.9223,0.15766,0.0306,13.2,3.644
2020-12-06 04:00:00,19230.99,600.54,0.61371,29.6262,1.9381,0.15749,0.03073,13.1857,3.6066
2020-12-06 08:00:00,19089.16,593.26,0.60334,29.5403,1.8768,0.15594,0.03039,13.0535,3.5714
2020-12-06 12:00:00,19125.83,594.88,0.59519,29.3296,1.8432,0.15583,0.03076,13.1281,3.549
2020-12-06 16:00:00,19132.62,595.59,0.60683,29.2296,1.8491,0.15764,0.0307,13.3745,3.5892
2020-12-06 20:00:00,19359.4,601.54,0.62107,29.5026,1.8505,0.15873,0.03091,13.5057,3.6055
2020-12-07 00:00:00,19282.68,594.62,0.61563,29.3071,1.8399,0.15655,0.0306,13.2724,3.5535
2020-12-07 04:00:00,19371.3,600.7,0.61822,29.4455,1.8528,0.15709,0.03077,13.299,3.5831
2020-12-07 08:00:00,19103.58,590.69,0.60251,29.1682,1.827,0.15407,0.03034,13.0391,3.48
2020-12-07 12:00:00,19213.9,594.37,0.61282,29.4846,1.8896,0.15544,0.03053,13.1941,3.4802
2020-12-07 16:00:00,18967.01,587.31,0.59821,29.1244,1.8164,0.15207,0.03005,12.957,3.3671
2020-12-07 20:00:00,19166.9,591.28,0.60818,29.37,1.8272,0.15401,0.03029,13.0704,3.3895
2020-12-08 00:00:00,19154.73,588.45,0.604,29.2587,1.7916,0.1536,0.03008,13.0445,3.2857
2020-12-08 04:00:00,19143.1,588.13,0.60232,29.1846,1.7942,0.15263,0.03,13.0777,3.2879
2020-12-08 08:00:00,18762.96,573.79,0.58766,28.3641,1.6792,0.14586,0.02924,12.5347,3.1642
2020-12-08 12:00:00,18809.91,574.13,0.58554,28.1648,1.7081,0.14709,0.0291,12.5865,3.1428
2020-12-08 16:00:00,18795.74,571.08,0.57857,28.0307,1.7361,0.14688,0.02885,12.5131,3.1806
2020-12-08 20:00:00,18324.11,554.94,0.5589,27.6705,1.6631,0.1412,0.0279,12.1356,3.1172
2020-12-09 00:00:00,18300.01,552.12,0.55936,27.8207,1.6569,0.13914,0.02809,11.9761,2.9545
2020-12-09 04:00:00,17924.07,538.34,0.52783,27.3031,1.5516,0.13336,0.02757,11.7185,2.8635
2020-12-09 08:00:00,18244.95,561.89,0.54939,27.9817,1.6313,0.14149,0.02814,12.2226,2.9901
2020-12-09 12:00:00,18349.5,567.73,0.55012,28.0076,1.6461,0.14256,0.02826,12.3107,3.1516
2020-12-09 16:00:00,18260.03,568.83,0.55306,28.0619,1.6131,0.14315,0.02849,12.3824,3.327
2020-12-09 20:00:00,18541.28,573.09,0.58265,28.1452,1.6592,0.14796,0.0287,12.6212,3.2652
2020-12-10 00:00:00,18409.77,567.66,0.5742,28.0036,1.6179,0.14645,0.02864,12.3639,3.2621
2020-12-10 04:00:00,18335.91,563.51,0.57418,27.8461,1.5922,0.14568,0.02848,12.2615,3.2709
2020-12-10 08:00:00,18192.49,554.99,0.56577,27.6013,1.5737,0.14329,0.02824,12.1459,3.1644
2020-12-10 12:00:00,18134.08,557.64,0.56922,27.7933,1.5661,0.14264,0.02817,12.0708,3.119
2020-12-10 16:00:00,18403.1,565.47,0.57929,27.7436,1.6123,0.14189,0.02818,12.0992,3.1347
2020-12-10 20:00:00,18254.63,558.99,0.57267,27.6926,1.5683,0.14188,0.02811,11.9172,3.1499
2020-12-11 00:00:00,17990.88,547.27,0.56052,27.2239,1.5146,0.13903,0.02786,11.8074,3.0761
2020-12-11 04:00:00,17811.95,541.68,0.55526,27.0631,1.5035,0.13782,0.02775,11.6687,3.0535
2020-12-11 08:00:00,17647.71,538.87,0.53591,26.8271,1.45,0.13552,0.02745,11.4999,3.0637
2020-12-11 12:00:00,18104.74,554.2,0.56019,27.3596,1.4934,0.14154,0.02815,11.7484,3.27
2020-12-11 16:00:00,17977.0,546.25,0.56932,27.2915,1.4739,0.1398,0.02787,11.6535,3.2042
2020-12-11 20:00:00,18036.53,544.43,0.54945,27.3419,1.4389,0.13926,0.02778,11.6335,3.2375
2020-12-12 00:00:00,18282.02,554.65,0.53573,27.741,1.4882,0.14499,0.0284,12.0823,3.4019
2020-12-12 04:00:00,18380.85,558.98,0.53152,28.0138,1.5051,0.14664,0.02862,12.2252,3.4399
2020-12-12 08:00:00,18506.1,559.49,0.5185,28.0036,1.5327,0.14582,0.02855,12.1339,3.4012
2020-12-12 12:00:00,18399.01,554.54,0.50885,27.7784,1.4739,0.14342,0.02829,11.9179,3.2999
2020-12-12 16:00:00,18805.29,568.8,0.50837,28.0265,1.512,0.14534,0.02852,12.0813,3.3318
2020-12-12 20:00:00,18808.69,568.04,0.50658,28.1603,1.4912,0.14438,0.02855,12.2259,3.3332
2020-12-13 00:00:00,18784.42,565.42,0.4878,28.2174,1.4711,0.14351,0.0285,12.0696,3.3035
2020-12-13 04:00:00,19247.68,579.02,0.50562,28.7426,1.5183,0.14994,0.02911,12.3928,3.3385
2020-12-13 08:00:00,19316.81,585.56,0.51112,29.0615,1.5592,0.15354,0.02915,12.6247,3.4061
2020-12-13 12:00:00,19211.34,585.22,0.51796,29.0282,1.5848,0.15338,0.02917,12.5932,3.32
2020-12-13 16:00:00,19193.78,591.87,0.51833,29.1456,1.5859,0.1543,0.02938,12.9973,3.3505
2020-12-13 20:00:00,19174.99,590.7,0.51365,29.1571,1.5701,0.15406,0.02921,12.9392,3.3405
2020-12-14 00:00:00,19260.68,590.48,0.51313,29.1399,1.5948,0.15248,0.02905,12.885,3.3359
2020-12-14 04:00:00,19155.8,585.99,0.50689,28.808,1.5873,0.15243,0.02904,12.6759,3.265
2020-12-14 08:00:00,19106.44,579.7,0.49666,28.8886,1.5467,0.15111,0.02869,12.4687,3.2528
2020-12-14 12:00:00,19200.07,583.82,0.49866,29.8624,1.563,0.1539,0.02891,12.6012,3.2305
2020-12-14 16:00:00,19175.88,585.22,0.49303,29.865,1.5507,0.15537,0.02896,12.8012,3.2318
2020-12-14 20:00:00,19273.14,586.29,0.4974,30.0338,1.5946,0.15877,0.0291,12.8502,3.1433
2020-12-15 00:00:00,19479.7,592.77,0.50097,29.9372,1.7368,0.15889,0.02917,12.8648,3.1285
2020-12-15 04:00:00,19197.6,585.74,0.49314,29.9271,1.7256,0.15554,0.02904,12.6411,3.12
2020-12-15 08:00:00,19293.54,585.59,0.48386,29.6379,1.7723,0.15406,0.02915,12.7165,3.1497
2020-12-15 12:00:00,19403.31,585.82,0.47288,29.65,1.7294,0.1542,0.02924,12.6264,3.1702
2020-12-15 16:00:00,19530.38,592.28,0.48337,29.5144,1.747,0.15608,0.02942,12.779,3.2027
2020-12-15 20:00:00,19426.43,588.64,0.46793,29.5053,1.7586,0.15381,0.02918,12.6818,3.3014
2020-12-16 00:00:00,19346.52,583.31,0.44499,29.2137,1.6278,0.15032,0.02888,12.4215,3.165
2020-12-16 04:00:00,19423.96,585.02,0.45595,29.3033,1.6574,0.15172,0.02903,12.4881,3.1967
2020-12-16 08:00:00,19739.78,593.78,0.45656,29.3741,1.6391,0.15299,0.02922,12.5655,3.1709
2020-12-16 12:00:00,20661.37,620.2,0.50306,30.1596,1.7343,0.16196,0.03057,13.196,3.2951
2020-12-16 16:00:00,20736.87,622.5,0.51642,30.2752,1.6985,0.16376,0.03038,13.2764,3.3644
2020-12-16 20:00:00,21335.52,637.18,0.56941,30.5577,1.7829,0.16814,0.03145,13.4852,3.3409
2020-12-17 00:00:00,21753.26,636.72,0.54781,30.5246,1.7104,0.16578,0.03085,13.3879,3.2826
2020-12-17 04:00:00,22478.76,648.06,0.55824,30.688,1.7371,0.16716,0.03127,13.5871,3.283
2020-12-17 08:00:00,22752.16,661.87,0.56731,31.3845,1.7367,0.16947,0.03166,14.0,3.2965
2020-12-17 12:00:00,23333.8,665.31,0.60739,31.0924,1.7375,0.17047,0.03188,14.1537,3.3176
2020-12-17 16:00:00,22899.08,648.13,0.6004,30.3356,1.6724,0.1656,0.03102,13.6239,3.28
2020-12-17 20:00:00,22797.16,642.7,0.5769,30.2255,1.68,0.16336,0.03072,13.444,3.2079
2020-12-18 00:00:00,22811.59,643.42,0.58996,30.2501,1.6729,0.16542,0.03073,13.6834,3.3161
2020-12-18 04:00:00,23055.98,645.64,0.59393,30.6203,1.6802,0.16695,0.03103,13.6906,3.405
2020-12-18 08:00:00,22886.17,650.47,0.585,30.823,1.6757,0.16641,0.03095,13.6648,3.3731
2020-12-18 12:00:00,22549.0,637.85,0.56327,30.4456,1.6444,0.16051,0.03048,13.3611,3.3587
2020-12-18 16:00:00,22762.28,644.68,0.56666,30.6299,1.6675,0.16242,0.03079,13.4219,3.3909
2020-12-18 20:00:00,23107.39,653.85,0.58337,30.9882,1.7014,0.16502,0.03109,13.5001,3.4081
2020-12-19 00:00:00,23098.04,655.0,0.57255,31.7773,1.748,0.16551,0.03118,13.5385,3.4165
2020-12-19 04:00:00,22853.75,648.65,0.56928,31.9767,1.7155,0.16599,0.03114,13.565,3.4248
2020-12-19 08:00:00,22888.54,650.89,0.57494,32.2799,1.7493,0.1674,0.03154,13.8184,3.5671
2020-12-19 12:00:00,23552.01,655.39,0.58942,33.8736,1.7,0.16873,0.03147,13.7821,3.535
2020-12-19 16:00:00,23791.91,658.79,0.58613,33.6968,1.6856,0.16702,0.03137,13.6049,3.4524
2020-12-19 20:00:00,23821.61,658.03,0.57666,33.3167,1.6707,0.16433,0.03124,13.4747,3.4651
2020-12-20 00:00:00,23346.48,646.08,0.56984,32.9586,1.6417,0.1626,0.03083,13.3041,3.4351
2020-12-20 04:00:00,23628.88,656.87,0.57977,33.678,1.6681,0.16637,0.03143,13.4806,3.4771
2020-12-20 08:00:00,23553.02,652.57,0.57811,34.8288,1.6615,0.16464,0.03192,13.4472,3.4154
2020-12-20 12:00:00,23868.09,654.19,0.57825,35.0129,1.6447,0.16649,0.0324,13.5996,3.3698
2020-12-20 16:00:00,23930.0,649.85,0.57324,34.6695,1.5633,0.16509,0.03184,13.4155,3.341
2020-12-20 20:00:00,23455.52,638.18,0.55586,34.3148,1.5635,0.16201,0.03122,13.0604,3.304
2020-12-21 00:00:00,23945.29,645.19,0.56182,35.4845,1.6162,0.16217,0.03157,13.1122,3.28
2020-12-21 04:00:00,23980.0,646.68,0.56248,34.5848,1.6002,0.16322,0.03153,13.1676,3.273
2020-12-21 08:00:00,22645.85,606.64,0.52614,32.3255,1.5133,0.15102,0.02947,12.3073,3.0826
2020-12-21 12:00:00,22681.32,610.45,0.52292,32.3582,1.5186,0.15177,0.02966,12.4636,3.1171
2020-12-21 16:00:00,22816.62,611.22,0.51856,32.2826,1.5326,0.15256,0.02953,12.3912,3.1083
2020-12-21 20:00:00,22719.71,607.58,0.51445,32.05,1.5331,0.15278,0.02926,12.3049,3.0892
2020-12-22 00:00:00,22851.2,610.0,0.48092,32.4199,1.549,0.15683,0.02909,12.3783,3.1032
2020-12-22 04:00:00,22655.83,595.73,0.46535,31.3237,1.5133,0.15264,0.02874,12.0671,2.9929
2020-12-22 08:00:00,23119.48,611.63,0.48579,32.324,1.5173,0.15814,0.02907,12.233,3.0151
2020-12-22 12:00:00,23342.58,626.29,0.48023,33.3305,1.5506,0.1589,0.02928,12.6347,3.1052
2020-12-22 16:00:00,23404.27,626.14,0.47117,33.0397,1.5353,0.15762,0.02896,12.5576,3.1045
2020-12-22 20:00:00,23810.79,636.45,0.44642,33.5151,1.49,0.15646,0.02885,12.7842,3.0761
2020-12-23 00:00:00,23706.72,623.53,0.41608,33.845,1.4667,0.15463,0.02871,12.548,2.9995
2020-12-23 04:00:00,23555.73,615.92,0.35734,33.6033,1.3972,0.15193,0.02811,12.3,2.99
2020-12-23 08:00:00,23064.01,602.1,0.32729,31.9001,1.3197,0.144,0.02694,11.8898,3.1581
2020-12-23 12:00:00,23449.66,605.82,0.31453,31.8504,1.295,0.14461,0.02697,11.7412,3.099
2020-12-23 16:00:00,23556.91,610.3,0.3119,32.4145,1.2993,0.14737,0.02724,11.8782,3.2085
2020-12-23 20:00:00,23232.76,585.56,0.2605,31.1843,1.198,0.13635,0.0248,10.9736,2.9465
2020-12-24 00:00:00,22894.28,575.34,0.27255,31.0711,1.2547,0.13539,0.02489,10.3983,2.8718
2020-12-24 04:00:00,23173.38,580.52,0.26036,31.3984,1.2719,0.13823,0.02544,10.2956,2.944
2020-12-24 08:00:00,23218.68,582.73,0.27193,31.8399,1.2857,0.14657,0.02643,10.6891,3.0375
2020-12-24 12:00:00,23232.12,592.62,0.27193,32.0204,1.3151,0.14958,0.0272,10.854,3.0573
2020-12-24 16:00:00,23287.15,594.44,0.2584,32.0715,1.326,0.1498,0.02659,11.1306,2.933
2020-12-24 20:00:00,23729.2,612.31,0.33863,32.4895,1.3612,0.15304,0.02769,11.5724,3.1006
2020-12-25 00:00:00,23481.21,605.92,0.33048,32.2033,1.4257,0.15313,0.02723,11.2324,3.0423
2020-12-25 04:00:00,23649.82,612.92,0.34846,32.7248,1.418,0.15232,0.02755,11.2597,3.0747
2020-12-25 08:00:00,24574.4,629.54,0.3804,33.2257,1.4087,0.16665,0.02938,11.782,3.0395
2020-12-25 12:00:00,24025.13,613.42,0.35591,32.422,1.3811,0.15763,0.02838,11.406,2.9206
2020-12-25 16:00:00,24449.66,619.4,0.34459,32.49,1.4283,0.15861,0.02821,11.5611,2.9159
2020-12-25 20:00:00,24712.47,626.82,0.31768,33.1996,1.4464,0.15761,0.02854,11.5543,2.9517
2020-12-26 00:00:00,24909.79,633.91,0.31937,33.5948,1.4248,0.15478,0.02831,11.6083,2.9333
2020-12-26 04:00:00,24784.48,624.95,0.30991,33.3079,1.3776,0.1509,0.02766,11.4953,2.8846
2020-12-26 08:00:00,24834.36,622.69,0.3027,32.9423,1.3789,0.1534,0.0278,11.0021,2.9216
2020-12-26 12:00:00,25629.99,628.51,0.29529,33.2149,1.3604,0.1545,0.02742,10.8655,2.8987
2020-12-26 16:00:00,25931.02,644.98,0.29847,33.4755,1.3517,0.15689,0.02782,10.9209,2.9243
2020-12-26 20:00:00,26493.39,637.44,0.29481,33.6361,1.3258,0.15839,0.0278,10.9809,2.9178
2020-12-27 00:00:00,26568.08,643.24,0.29776,34.0102,1.3188,0.16021,0.02794,11.1251,2.955
2020-12-27 04:00:00,27639.38,650.07,0.29657,33.7321,1.3066,0.15928,0.02814,11.1258,2.9521
2020-12-27 08:00:00,27646.48,638.77,0.27706,32.7105,1.2974,0.15287,0.02728,10.6854,2.8947
2020-12-27 12:00:00,27359.62,697.81,0.29616,34.7306,1.4014,0.16394,0.02884,12.9,3.0364
2020-12-27 16:00:00,27081.67,705.9,0.29557,34.4719,1.3547,0.16134,0.02978,12.7275,2.9728
2020-12-27 20:00:00,26281.66,685.11,0.28407,33.674,1.3037,0.15467,0.02889,12.1541,2.9026
2020-12-28 00:00:00,27275.65,703.42,0.2824,34.6574,1.3306,0.15955,0.0288,12.2474,2.8885
2020-12-28 04:00:00,27001.31,733.47,0.28515,35.2055,1.3537,0.16373,0.02941,12.509,2.9381
2020-12-28 08:00:00,26859.07,731.99,0.29734,35.4736,1.3842,0.16823,0.02985,12.45,2.9441
2020-12-28 12:00:00,26916.32,729.4,0.28898,35.0864,1.3943,0.16464,0.02949,12.2795,2.982
2020-12-28 16:00:00,26996.74,744.12,0.28532,35.7701,1.426,0.17229,0.02979,12.6176,2.9818
2020-12-28 20:00:00,27079.41,730.41,0.24845,35.951,1.5172,0.17627,0.02959,12.6081,2.9577
2020-12-29 00:00:00,26444.6,700.0,0.22066,39.497,1.4471,0.17747,0.02723,12.064,2.8896
2020-12-29 04:00:00,26435.63,709.84,0.22696,37.9356,1.5461,0.18299,0.0274,11.9923,2.9304
2020-12-29 08:00:00,26876.4,731.29,0.20007,38.452,1.5767,0.18579,0.02764,11.9964,2.9217
2020-12-29 12:00:00,26614.97,719.14,0.1792,37.5508,1.5584,0.18587,0.02685,11.3121,2.8756
2020-12-29 16:00:00,26931.62,730.56,0.22154,38.0539,1.6515,0.1875,0.02753,11.5808,2.8721
2020-12-29 20:00:00,27385.0,732.0,0.22142,39.0667,1.6704,0.19067,0.02767,11.7786,2.9248
2020-12-30 00:00:00,28065.54,734.22,0.20084,37.779,1.6374,0.18428,0.02713,11.5566,2.9066
2020-12-30 04:00:00,28386.62,733.24,0.20186,37.8074,1.578,0.18094,0.02698,11.6384,2.8518
2020-12-30 08:00:00,27838.82,725.42,0.21536,37.2999,1.5787,0.17944,0.02683,11.3025,2.8719
2020-12-30 12:00:00,28153.76,734.05,0.23115,37.5646,1.5766,0.18132,0.02708,11.2836,2.901
2020-12-30 16:00:00,28776.46,752.97,0.21422,37.85,1.5712,0.18155,0.02706,11.3107,2.929
2020-12-30 20:00:00,28875.54,752.17,0.21138,38.1558,1.535,0.18389,0.02695,11.2435,2.9162
2020-12-31 00:00:00,29024.0,743.04,0.21469,37.337,1.4945,0.17928,0.02675,11.211,2.8681
2020-12-31 04:00:00,29155.25,749.72,0.21711,37.681,1.5248,0.18368,0.02688,11.5164,2.8832
2020-12-31 08:00:00,28910.3,745.32,0.22075,37.7921,1.4912,0.18294,0.02682,11.5543,2.8815
2020-12-31 12:00:00,28770.0,736.0,0.21538,37.0847,1.4581,0.17793,0.02652,11.1968,2.8332
2020-12-31 16:00:00,28897.83,738.83,0.2191,37.1399,1.5495,0.18152,0.02672,11.2556,2.8526
2020-12-31 20:00:00,28923.63,736.42,0.21959,37.3588,1.5073,0.18134,0.02677,11.2364,3.1859
2021-01-01 00:00:00,29278.4,744.82,0.2273,37.925,1.6029,0.18292,0.02716,11.5006,3.1085
2021-01-01 04:00:00,29092.83,737.38,0.22976,37.6812,1.6196,0.17955,0.02685,11.3784,3.1753
2021-01-01 08:00:00,29313.49,738.85,0.23732,38.3904,1.6272,0.1795,0.02703,11.7134,3.5259
2021-01-01 12:00:00,29188.67,735.39,0.24282,38.1318,1.6463,0.18055,0.02704,12.1183,3.6472
2021-01-01 16:00:00,29029.04,725.34,0.23371,37.4,1.7256,0.17432,0.02666,11.8018,3.5644
2021-01-01 20:00:00,29331.69,728.91,0.23746,37.7762,1.8421,0.17509,0.02685,11.8477,3.6497
2021-01-02 00:00:00,29351.95,730.39,0.23461,37.5567,1.8614,0.17501,0.0269,11.7315,3.8916
2021-01-02 04:00:00,29750.0,735.12,0.23337,37.3312,1.7523,0.17242,0.02672,11.6199,3.6622
2021-01-02 08:00:00,29755.0,729.7,0.22761,37.3176,1.7655,0.17204,0.02674,11.6512,3.5797
2021-01-02 12:00:00,31691.29,768.43,0.22875,38.0947,1.7793,0.17886,0.02688,11.9419,3.5472
2021-01-02 16:00:00,33027.2,784.79,0.22079,38.0417,1.9176,0.18322,0.02778,12.3241,3.3587
2021-01-02 20:00:00,32178.33,774.56,0.22064,38.2331,1.7999,0.17742,0.02721,12.2215,3.4956
2021-01-03 00:00:00,32573.87,772.37,0.22133,37.9622,1.9462,0.17446,0.0269,11.9363,3.493
2021-01-03 04:00:00,34452.34,799.78,0.21789,38.0392,2.0709,0.17436,0.02666,11.999,3.5031
2021-01-03 08:00:00,34413.53,829.76,0.22102,39.8444,2.2657,0.18882,0.02774,12.5875,3.656
2021-01-03 12:00:00,33506.62,917.72,0.221,40.3033,2.0742,0.19611,0.02803,13.221,3.7369
2021-01-03 16:00:00,32772.21,921.53,0.22509,40.3199,1.9638,0.19516,0.0285,13.0215,3.5558
2021-01-03 20:00:00,33000.05,978.28,0.2254,41.2575,2.1779,0.20615,0.02949,13.6814,3.4691
2021-01-04 00:00:00,33505.16,1021.41,0.23255,41.2306,2.3094,0.22316,0.03097,14.5327,3.6125
2021-01-04 04:00:00,32068.84,1044.31,0.23995,40.7716,2.1168,0.21657,0.02982,14.2992,3.5642
2021-01-04 08:00:00,30743.06,976.8,0.23166,39.0528,2.0429,0.21194,0.02841,13.34,3.4216
2021-01-04 12:00:00,31745.72,1040.01,0.23383,39.8515,2.2786,0.21612,0.02983,13.808,3.448
2021-01-04 16:00:00,31665.51,1042.28,0.23148,39.9192,2.4397,0.21658,0.02985,13.5981,3.4579
2021-01-04 20:00:00,31988.71,1041.43,0.23565,41.1333,2.4909,0.22528,0.03095,13.5935,3.5999
2021-01-05 00:00:00,31200.0,1001.76,0.22782,39.7881,2.1927,0.21297,0.02786,13.238,3.6189
2021-01-05 04:00:00,30817.77,1003.45,0.22977,39.6593,2.1864,0.21898,0.02795,13.5062,3.606
2021-01-05 08:00:00,31776.66,1042.21,0.23811,40.6367,2.384,0.23047,0.02852,14.5021,4.0495
2021-01-05 12:00:00,32099.98,1052.82,0.2271,40.1791,2.1948,0.24577,0.0279,14.5176,4.1989
2021-01-05 16:00:00,33697.75,1096.33,0.22502,40.336,2.2341,0.24988,0.02809,14.4172,4.1573
2021-01-05 20:00:00,33949.53,1099.56,0.22573,41.8219,2.1636,0.25873,0.02852,14.5162,4.2501
2021-01-06 00:00:00,34117.59,1075.49,0.22488,40.8396,1.9893,0.2654,0.0281,14.3209,4.303
2021-01-06 04:00:00,34676.4,1106.59,0.22705,40.8945,2.0192,0.27971,0.0283,14.3326,4.4849
2021-01-06 08:00:00,34918.53,1151.88,0.22751,41.5103,2.08,0.29534,0.02965,15.1684,4.9278
2021-01-06 12:00:00,34566.19,1143.89,0.24658,41.357,2.0813,0.30854,0.03035,16.2556,4.714
2021-01-06 16:00:00,34816.72,1160.78,0.24765,41.0201,1.981,0.29133,0.0294,16.0666,4.3699
2021-01-06 20:00:00,36769.36,1208.42,0.24854,42.2417,1.9414,0.33309,0.03046,17.2322,4.5788
2021-01-07 00:00:00,37454.48,1213.17,0.27735,42.0946,2.1755,0.33827,0.0313,16.948,4.7301
2021-01-07 04:00:00,36859.85,1186.21,0.28841,43.1382,2.1264,0.32848,0.03071,16.4861,4.4733
2021-01-07 08:00:00,37822.09,1201.12,0.35797,43.8946,2.2037,0.31198,0.03268,16.2714,4.5719
2021-01-07 12:00:00,38970.42,1249.83,0.33627,44.3588,2.3834,0.3185,0.0325,16.9516,4.7615
2021-01-07 16:00:00,39062.0,1234.14,0.32675,43.2541,2.3626,0.31126,0.03123,16.2823,4.5556
2021-01-07 20:00:00,39432.28,1224.87,0.32389,43.5728,2.3635,0.29928,0.03095,15.9628,4.4707
2021-01-08 00:00:00,38347.1,1150.1,0.30325,41.5021,2.2619,0.28236,0.02951,14.9778,4.2954
2021-01-08 04:00:00,38930.55,1208.42,0.3214,42.5213,2.4095,0.31471,0.03057,15.702,4.6548
2021-01-08 08:00:00,41286.67,1255.43,0.32858,43.0854,3.1519,0.30857,0.03065,15.7792,5.0682
2021-01-08 12:00:00,40829.08,1216.77,0.31283,42.4099,3.2992,0.29931,0.03003,15.4569,5.3221
2021-01-08 16:00:00,40365.09,1184.75,0.31028,41.7794,3.2105,0.29171,0.02999,14.9543,5.1185
2021-01-08 20:00:00,40582.81,1216.93,0.32032,42.356,3.2214,0.30389,0.0304,15.2381,5.7
2021-01-09 00:00:00,40211.59,1226.53,0.32213,42.8707,3.1638,0.30778,0.03118,15.7288,6.4462
2021-01-09 04:00:00,39638.61,1196.49,0.31792,41.9039,3.0834,0.30369,0.03065,15.3736,6.5379
2021-01-09 08:00:00,40565.77,1220.64,0.32285,42.7402,3.1358,0.30977,0.03188,15.9854,6.4672
2021-01-09 12:00:00,40525.15,1219.95,0.3222,42.8703,3.1066,0.32326,0.0336,16.2469,7.0465
2021-01-09 16:00:00,40665.91,1229.42,0.32734,43.7581,3.6238,0.33736,0.03462,16.8966,7.1732
2021-01-09 20:00:00,40088.22,1276.0,0.32419,43.8479,3.3829,0.33062,0.03382,17.5501,7.1877
2021-01-10 00:00:00,40316.64,1310.97,0.33205,43.88,3.5265,0.32621,0.03452,17.545,7.0153
2021-01-10 04:00:00,40978.57,1344.7,0.35327,44.5502,3.733,0.33697,0.03602,18.0443,7.2128
2021-01-10 08:00:00,39181.76,1259.28,0.32132,42.5545,3.2501,0.30743,0.03247,16.6151,6.5978
2021-01-10 12:00:00,39671.81,1303.18,0.32691,43.5423,3.4137,0.31566,0.03334,17.013,6.8276
2021-01-10 16:00:00,37456.77,1263.17,0.3117,42.033,3.3251,0.29966,0.03218,16.2211,6.4629
2021-01-10 20:00:00,38150.02,1254.25,0.31491,42.4031,3.449,0.30153,0.03275,16.206,6.5416
2021-01-11 00:00:00,35438.23,1104.14,0.27491,39.4274,3.1376,0.2774,0.02985,14.8042,6.1348
2021-01-11 04:00:00,34375.34,1071.84,0.27969,39.242,2.9946,0.27392,0.02938,14.4693,6.1071
2021-01-11 08:00:00,34198.56,1067.87,0.28344,38.4773,2.8589,0.26629,0.02906,14.1836,6.58
2021-01-11 12:00:00,31580.0,977.21,0.2666,36.4131,2.7598,0.25052,0.02771,13.4178,6.0351
2021-01-11 16:00:00,32254.62,984.41,0.27538,36.5114,2.8578,0.25189,0.02774,13.5561,6.0114
2021-01-11 20:00:00,35404.47,1087.01,0.28743,38.1674,3.1016,0.2757,0.02897,14.6393,6.4713
2021-01-12 00:00:00,34984.96,1088.52,0.303,38.5775,3.2708,0.28654,0.02956,14.6071,7.2204
2021-01-12 04:00:00,36413.6,1139.05,0.30442,39.6865,3.3824,0.30729,0.03019,15.2186,7.8985
2021-01-12 08:00:00,35410.99,1099.16,0.29355,39.0348,3.4185,0.28779,0.02916,14.9008,7.8774
2021-01-12 12:00:00,33829.4,1053.34,0.28548,38.3082,3.3039,0.28498,0.02854,14.2716,7.9297
2021-01-12 16:00:00,34685.11,1082.76,0.29256,38.6792,3.6777,0.28817,0.02896,14.2613,7.6439
2021-01-12 20:00:00,34051.24,1050.16,0.29254,38.2541,3.6354,0.28888,0.02865,13.9655,7.72
2021-01-13 00:00:00,33818.5,1046.72,0.29328,38.1012,3.5128,0.28371,0.02869,13.9168,7.4293
2021-01-13 04:00:00,34986.9,1076.35,0.29813,38.3043,3.4868,0.29234,0.02922,14.4424,7.6402
2021-01-13 08:00:00,34385.48,1061.6,0.29895,38.2279,3.3708,0.2908,0.02899,14.5988,7.6571
2021-01-13 12:00:00,34673.9,1071.5,0.29955,38.829,3.5398,0.2907,0.02919,15.2016,7.7861
2021-01-13 16:00:00,36002.25,1102.08,0.30272,39.4463,3.4831,0.29937,0.02959,15.7305,7.8131
2021-01-13 20:00:00,37371.38,1129.89,0.30582,40.1114,3.5242,0.3123,0.03079,15.9356,8.4695
2021-01-14 00:00:00,37045.13,1096.39,0.29061,39.8781,3.3844,0.30444,0.03021,15.5008,8.2896
2021-01-14 04:00:00,38198.34,1148.0,0.29762,40.6983,3.404,0.30993,0.03018,15.8215,8.3988
2021-01-14 08:00:00,38365.86,1166.59,0.29524,41.1588,3.4219,0.31221,0.03006,15.9916,9.4095
2021-01-14 12:00:00,39546.01,1212.8,0.29717,41.6267,3.4899,0.31725,0.03021,16.2996,9.4924
2021-01-14 16:00:00,39876.98,1231.53,0.29677,41.5145,3.2886,0.31672,0.0304,17.2402,8.8413
2021-01-14 20:00:00,39144.5,1231.62,0.29642,41.8723,3.2921,0.31201,0.03014,17.9804,9.3177
2021-01-15 00:00:00,38700.0,1219.07,0.29611,41.4165,3.3278,0.31759,0.03007,17.9754,9.183
2021-01-15 04:00:00,38473.08,1240.97,0.29341,41.7744,3.3711,0.3246,0.03002,18.4714,9.2708
2021-01-15 08:00:00,38108.88,1226.12,0.29135,41.2019,3.3747,0.31881,0.03075,18.0584,9.56
2021-01-15 12:00:00,35610.72,1141.52,0.27388,39.8714,3.1006,0.29614,0.02917,18.7149,9.186
2021-01-15 16:00:00,35217.26,1133.74,0.27469,40.1211,3.1615,0.3,0.02905,19.2104,9.0588
2021-01-15 20:00:00,36742.22,1168.53,0.27991,40.8668,3.2475,0.30188,0.02972,20.7375,9.3794
2021-01-16 00:00:00,36532.92,1179.34,0.27933,41.6577,3.453,0.30858,0.02987,22.1259,9.2884
2021-01-16 04:00:00,36574.86,1182.9,0.28132,41.5745,3.4574,0.31555,0.03044,22.2912,9.8455
2021-01-16 08:00:00,37680.0,1219.0,0.29187,43.0831,3.4122,0.35379,0.03094,22.2649,11.7363
2021-01-16 12:00:00,37461.99,1276.27,0.28783,43.8116,3.4024,0.35689,0.03101,22.1606,12.736
2021-01-16 16:00:00,36376.39,1252.59,0.28367,42.8516,3.5853,0.35289,0.03064,21.1134,13.0106
2021-01-16 20:00:00,35994.98,1227.83,0.27924,43.142,3.4247,0.35071,0.03008,20.1054,12.8421
2021-01-17 00:00:00,36177.0,1241.2,0.28157,43.2444,3.7127,0.37574,0.03037,20.909,13.5901
2021-01-17 04:00:00,34760.9,1182.6,0.27322,41.4867,3.3926,0.35515,0.0295,20.0527,12.998
2021-01-17 08:00:00,35267.17,1219.52,0.27503,42.1941,3.6009,0.37639,0.02985,20.5307,13.6878
2021-01-17 12:00:00,35728.47,1241.17,0.27659,43.4691,3.5505,0.38478,0.03021,21.0548,13.1507
2021-01-17 16:00:00,35633.91,1218.3,0.27511,45.5602,3.7862,0.37185,0.03008,23.0076,12.7184
2021-01-17 20:00:00,35828.61,1232.45,0.27746,45.8675,3.8268,0.38081,0.0302,23.2819,13.1746
2021-01-18 00:00:00,35106.25,1194.07,0.27295,45.1923,3.7607,0.37203,0.02984,22.0529,12.6575
2021-01-18 04:00:00,36104.61,1219.62,0.2777,46.0786,4.0138,0.38185,0.03045,22.5166,13.8185
2021-01-18 08:00:00,36442.08,1225.43,0.28408,44.7458,3.9122,0.37208,0.03187,21.9559,13.2134
2021-01-18 12:00:00,36405.98,1240.36,0.28411,44.7466,3.9574,0.37573,0.03109,21.6592,13.2897
2021-01-18 16:00:00,35956.14,1227.67,0.28176,44.7421,3.9021,0.36817,0.03129,21.8399,13.5269
2021-01-18 20:00:00,36631.27,1258.45,0.28528,45.3412,3.7868,0.37123,0.03164,22.0336,12.7035
2021-01-19 00:00:00,36465.3,1321.5,0.29111,44.7507,3.961,0.36349,0.03135,21.6889,12.1546
2021-01-19 04:00:00,37168.82,1375.0,0.30635,45.7968,3.8123,0.36962,0.03209,21.9552,12.6911
2021-01-19 08:00:00,37266.49,1429.56,0.30203,45.9701,3.9,0.37792,0.032,22.1609,12.7123
2021-01-19 12:00:00,37329.4,1413.95,0.30792,44.257,3.8336,0.37286,0.03145,21.6689,12.8121
2021-01-19 16:00:00,36279.82,1359.6,0.29978,42.5286,3.6295,0.36787,0.03084,20.7432,11.6546
2021-01-19 20:00:00,35891.49,1365.36,0.29396,42.5241,3.6287,0.3672,0.03063,20.5557,11.7367
2021-01-20 00:00:00,35062.49,1344.03,0.28555,41.3421,3.5447,0.35554,0.03036,20.2205,11.6188
2021-01-20 04:00:00,35677.14,1369.92,0.29746,42.2612,3.6119,0.36186,0.03058,20.7795,12.0268
2021-01-20 08:00:00,34426.17,1265.39,0.2848,40.7705,3.4125,0.33778,0.02941,19.6206,11.2509
2021-01-20 12:00:00,34192.17,1273.29,0.28467,40.9663,3.5158,0.3425,0.02965,19.6333,11.8386
2021-01-20 16:00:00,35197.12,1345.8,0.29117,42.2286,3.674,0.36509,0.03039,21.291,13.012
2021-01-20 20:00:00,35468.23,1376.99,0.29539,42.6069,3.7166,0.37532,0.03046,21.8482,12.3768
2021-01-21 00:00:00,34571.09,1326.5,0.2945,41.6551,3.53,0.36911,0.02977,21.4883,12.461
2021-01-21 04:00:00,34624.27,1309.62,0.29601,41.5676,3.551,0.36012,0.02977,20.7304,12.5558
2021-01-21 08:00:00,32208.62,1236.31,0.28305,39.7211,3.4842,0.34416,0.02872,19.6146,12.0197
2021-01-21 12:00:00,31384.09,1188.68,0.27551,39.7195,3.3077,0.33655,0.02837,19.5159,11.8418
2021-01-21 16:00:00,32468.66,1231.18,0.27764,40.5939,3.3156,0.3402,0.02886,19.9163,12.063
2021-01-21 20:00:00,30850.13,1110.96,0.26802,38.6343,2.9899,0.30785,0.02762,18.4119,11.3225
2021-01-22 00:00:00,30943.4,1160.73,0.26735,39.3144,3.1587,0.32363,0.02729,19.2673,11.9359
2021-01-22 04:00:00,30842.45,1143.58,0.26421,39.3072,3.0813,0.31605,0.02759,19.3871,11.6576
2021-01-22 08:00:00,31710.88,1197.57,0.27085,40.4455,3.2165,0.33106,0.02811,20.5757,11.6591
2021-01-22 12:00:00,32458.42,1232.88,0.27401,40.6716,3.3916,0.35117,0.02866,21.7055,12.5337
2021-01-22 16:00:00,33589.52,1267.61,0.27563,41.1107,3.4243,0.35256,0.02876,22.2113,13.1198
2021-01-22 20:00:00,32945.17,1232.62,0.27217,40.8936,3.3352,0.34867,0.02857,21.5519,12.7097
2021-01-23 00:00:00,32365.01,1231.67,0.27718,40.7379,3.4226,0.34989,0.0288,22.6504,13.0927
2021-01-23 04:00:00,32931.18,1259.62,0.27933,41.1652,3.5515,0.35597,0.02913,23.8701,13.2349
2021-01-23 08:00:00,31645.49,1219.07,0.2678,39.8363,3.457,0.33739,0.02814,23.1981,12.75
2021-01-23 12:00:00,31877.1,1230.26,0.27101,40.4418,3.4722,0.34281,0.02895,24.9857,13.046
2021-01-23 16:00:00,32348.79,1257.83,0.27297,40.9519,3.514,0.34836,0.02923,24.9207,13.005
2021-01-23 20:00:00,32078.0,1233.6,0.27167,40.9109,3.5079,0.34583,0.02925,24.8046,12.8669
2021-01-24 00:00:00,32480.05,1293.33,0.27526,41.4228,3.5555,0.3485,0.02966,24.2851,12.6795
2021-01-24 04:00:00,32801.15,1314.74,0.27496,41.8885,3.725,0.35207,0.03009,24.2165,12.9681
2021-01-24 08:00:00,32833.37,1342.97,0.2761,42.0642,3.7419,0.36571,0.03045,24.4409,13.1479
2021-01-24 12:00:00,31957.05,1320.5,0.27225,41.137,3.5936,0.35445,0.02989,23.9966,12.6745
2021-01-24 16:00:00,31306.29,1326.37,0.27071,40.757,3.55,0.34248,0.02931,24.1257,12.2894
2021-01-24 20:00:00,32259.9,1392.51,0.27339,41.8263,3.6278,0.35345,0.02999,24.7935,12.4801
2021-01-25 00:00:00,33568.18,1426.91,0.27956,42.6653,3.5469,0.36001,0.03026,25.3497,12.8833
2021-01-25 04:00:00,33346.95,1424.61,0.27815,42.2111,3.5177,0.35448,0.03164,24.8757,12.77
2021-01-25 08:00:00,33185.26,1411.18,0.27479,42.5213,3.5729,0.35668,0.03109,24.665,12.6723
2021-01-25 12:00:00,34458.31,1434.87,0.27794,43.0271,3.7116,0.36173,0.03093,24.2475,12.7915
2021-01-25 16:00:00,33411.54,1382.87,0.27259,41.9423,3.893,0.35229,0.03035,23.6706,12.3814
2021-01-25 20:00:00,32254.2,1317.88,0.26757,41.8347,3.7038,0.34308,0.02949,23.3418,12.1816
2021-01-26 00:00:00,31518.66,1312.8,0.26384,40.9595,3.7328,0.33726,0.02894,22.6934,11.8414
2021-01-26 04:00:00,31643.61,1317.41,0.26602,40.8651,3.7513,0.34151,0.02925,22.8851,12.0215
2021-01-26 08:00:00,31796.95,1313.46,0.26542,40.5284,4.017,0.33933,0.02929,22.8481,11.8961
2021-01-26 12:00:00,31750.23,1279.95,0.26266,40.6566,3.7882,0.3342,0.02896,22.2697,11.8912
2021-01-26 16:00:00,32208.33,1341.94,0.26672,41.1794,4.0224,0.34222,0.02941,22.9815,12.4677
2021-01-26 20:00:00,32467.77,1365.97,0.26834,41.8396,4.041,0.3433,0.02949,23.0981,12.2088
2021-01-27 00:00:00,31800.86,1309.0,0.26458,41.2879,3.8438,0.33207,0.02876,22.1802,11.6688
2021-01-27 04:00:00,31743.33,1293.36,0.26342,41.6733,3.7858,0.33202,0.02894,22.0794,11.8698
2021-01-27 08:00:00,30639.05,1249.02,0.25207,40.7067,3.6313,0.31989,0.02832,21.2877,11.3521
2021-01-27 12:00:00,30322.61,1281.08,0.25251,40.5194,3.7253,0.31923,0.0284,21.561,11.3866
2021-01-27 16:00:00,30740.33,1268.77,0.25294,40.6598,3.7011,0.31578,0.02845,21.0719,11.3449
2021-01-27 20:00:00,30366.15,1239.03,0.25039,40.8826,3.675,0.31144,0.02823,20.9586,11.158
2021-01-28 00:00:00,31404.25,1287.59,0.25582,41.8823,3.7319,0.32549,0.02884,22.7101,11.4084
2021-01-28 04:00:00,31170.53,1284.88,0.25716,41.9088,3.7604,0.3302,0.02877,23.3652,11.4113
2021-01-28 08:00:00,31437.37,1302.55,0.2574,42.2564,3.8235,0.3365,0.0291,24.3415,11.8425
2021-01-28 12:00:00,31926.49,1350.43,0.2634,42.237,3.8884,0.34181,0.02978,23.9558,12.264
2021-01-28 16:00:00,32564.71,1332.24,0.26024,42.449,3.8542,0.34037,0.02958,23.5926,12.1002
2021-01-28 20:00:00,33364.86,1329.69,0.26407,42.5254,3.81,0.34409,0.02955,23.0145,11.9615
2021-01-29 00:00:00,33733.58,1320.82,0.26359,42.3822,3.7875,0.33837,0.03063,22.5118,11.7762
2021-01-29 04:00:00,32266.35,1315.9,0.27814,42.5866,3.6664,0.34492,0.03013,22.6072,11.7299
2021-01-29 08:00:00,37025.32,1416.96,0.28411,43.7787,3.728,0.36652,0.0308,23.5067,11.9799
2021-01-29 12:00:00,37129.4,1396.18,0.2872,43.5231,3.813,0.35815,0.03495,23.5041,11.7963
2021-01-29 16:00:00,34318.57,1348.3,0.28287,42.295,3.7388,0.34646,0.03297,22.8012,11.6093
2021-01-29 20:00:00,34252.2,1379.5,0.2829,42.8618,3.8293,0.34752,0.03335,22.748,11.6158
2021-01-30 00:00:00,33273.36,1342.71,0.28452,43.0113,3.8286,0.34089,0.03158,22.3235,11.6862
2021-01-30 04:00:00,34046.8,1346.87,0.29307,43.4392,3.8328,0.34253,0.03141,22.6495,12.1262
2021-01-30 08:00:00,33660.4,1340.01,0.31734,43.8565,3.881,0.34324,0.03109,22.3836,11.6827
2021-01-30 12:00:00,34210.2,1371.27,0.38196,44.8897,4.0426,0.35268,0.03213,23.13,11.8468
2021-01-30 16:00:00,34286.5,1371.51,0.41425,44.7951,4.02,0.35867,0.03214,23.4199,11.8152
2021-01-30 20:00:00,34262.88,1378.05,0.44372,44.7849,4.228,0.364,0.03216,23.6399,12.0433
2021-01-31 00:00:00,33930.21,1357.49,0.39612,44.6641,4.324,0.35981,0.0315,23.3793,12.2204
2021-01-31 04:00:00,33607.98,1346.28,0.44202,44.2735,4.4867,0.35605,0.03123,23.0251,12.3518
2021-01-31 08:00:00,33563.23,1354.29,0.49208,45.1564,4.55,0.35536,0.03435,23.025,13.6121
2021-01-31 12:00:00,32862.66,1311.1,0.47778,43.6242,4.2266,0.34416,0.03173,22.4326,13.2746
2021-01-31 16:00:00,32808.8,1305.0,0.47042,44.0478,4.2924,0.34355,0.0317,22.4734,13.2122
2021-01-31 20:00:00,33092.98,1312.55,0.49507,44.3292,4.2525,0.34475,0.03154,22.5613,13.4704
2021-02-01 00:00:00,33573.97,1316.92,0.5545,44.5779,4.2186,0.34577,0.03247,22.4421,12.6806
2021-02-01 04:00:00,33803.97,1316.67,0.6278,45.6943,4.1719,0.34724,0.03318,22.3286,13.1827
2021-02-01 08:00:00,34183.33,1336.41,0.61516,48.8208,4.3697,0.35178,0.03362,22.1699,12.8981
2021-02-01 12:00:00,33160.17,1301.73,0.42235,48.3088,4.2058,0.35088,0.03209,22.0355,12.8763
2021-02-01 16:00:00,33838.13,1332.74,0.39209,49.65,4.495,0.3642,0.03256,22.4269,12.9513
2021-02-01 20:00:00,33526.37,1374.17,0.37106,51.4781,4.6148,0.40876,0.03295,22.8757,13.2153
2021-02-02 00:00:00,33550.32,1368.79,0.37236,50.1837,4.8068,0.40843,0.0326,22.981,12.7979
2021-02-02 04:00:00,34223.38,1415.0,0.36395,50.1285,4.956,0.425,0.0332,23.4213,12.9606
2021-02-02 08:00:00,34720.15,1419.58,0.39106,52.0506,5.22,0.41836,0.03291,23.0249,13.1686
2021-02-02 12:00:00,34708.47,1427.87,0.38061,50.2635,5.0612,0.44242,0.03319,22.7712,13.0933
2021-02-02 16:00:00,35762.03,1516.13,0.37893,50.3456,5.1654,0.41947,0.03303,23.1508,13.235
2021-02-02 20:00:00,35466.24,1511.87,0.37254,51.0071,5.2331,0.42498,0.03317,23.6582,13.4703
2021-02-03 00:00:00,36403.47,1539.57,0.38122,50.9741,5.1036,0.43451,0.03437,24.0645,13.3488
2021-02-03 04:00:00,36297.57,1547.09,0.38293,50.2593,5.1877,0.4286,0.03369,24.0095,14.1752
2021-02-03 08:00:00,35969.41,1537.68,0.37522,51.0812,5.2239,0.41767,0.03362,24.5147,13.9044
2021-02-03 12:00:00,36850.0,1597.25,0.37703,51.1711,5.6068,0.42936,0.03393,25.3308,14.0053
2021-02-03 16:00:00,36788.89,1616.1,0.39316,51.3897,5.4554,0.43866,0.034,24.6992,14.44
2021-02-03 20:00:00,37618.87,1664.49,0.39721,52.12,5.7311,0.44189,0.03452,25.087,14.84
2021-02-04 00:00:00,37498.78,1645.84,0.3834,52.2609,5.911,0.43123,0.03371,24.5352,14.6609
2021-02-04 04:00:00,37843.4,1662.83,0.38718,52.9564,5.8314,0.42808,0.03374,24.5719,15.4701
2021-02-04 08:00:00,37321.75,1611.74,0.38852,52.7756,5.7631,0.43029,0.03299,23.6683,14.8339
2021-02-04 12:00:00,36564.23,1580.88,0.40481,53.1529,5.7092,0.4239,0.03273,23.5938,14.705
2021-02-04 16:00:00,37467.18,1652.99,0.4307,56.1284,5.886,0.43401,0.03348,24.3829,15.0027
2021-02-04 20:00:00,36936.66,1595.67,0.44545,55.9599,6.4085,0.43934,0.0331,24.492,15.2697
2021-02-05 00:00:00,37366.02,1639.99,0.44515,56.7984,6.8451,0.483,0.03357,25.8795,15.8
2021-02-05 04:00:00,37653.98,1662.36,0.44456,57.7949,6.7668,0.50386,0.03392,26.6812,16.0949
2021-02-05 08:00:00,37691.32,1662.78,0.44102,59.5417,6.6629,0.5109,0.03511,26.4899,16.668
2021-02-05 12:00:00,37960.76,1741.99,0.44726,60.7597,6.9316,0.50786,0.03491,26.4453,17.2534
2021-02-05 16:00:00,37608.92,1709.91,0.44075,62.5894,6.716,0.53475,0.03589,25.9362,17.1752
2021-02-05 20:00:00,38290.24,1719.19,0.45219,67.7005,6.7005,0.53917,0.03624,26.3034,17.8973
2021-02-06 00:00:00,39384.74,1682.19,0.43599,65.3251,6.1457,0.53176,0.03479,25.243,16.8112
2021-02-06 04:00:00,39359.12,1673.32,0.43649,70.4045,5.9809,0.54543,0.03509,25.5306,17.3086
2021-02-06 08:00:00,40199.99,1679.67,0.43625,73.9493,6.0033,0.53577,0.03428,25.0668,17.315
2021-02-06 12:00:00,40864.73,1673.04,0.44739,71.2627,5.7933,0.54238,0.03474,25.088,17.1499
2021-02-06 16:00:00,40179.42,1707.67,0.44835,71.3596,6.085,0.6161,0.03542,25.6,17.7033
2021-02-06 20:00:00,39186.94,1676.35,0.44307,72.8356,6.1225,0.63444,0.03507,25.0231,18.1216
2021-02-07 00:00:00,38841.46,1626.53,0.43891,69.8848,5.9017,0.64252,0.03475,24.5077,18.6177
2021-02-07 04:00:00,39030.0,1632.0,0.43414,71.3149,5.9079,0.66315,0.03508,24.5281,19.4746
2021-02-07 08:00:00,39046.6,1624.91,0.43913,70.2114,6.6591,0.67709,0.03615,24.763,23.9503
2021-02-07 12:00:00,37921.11,1538.21,0.41214,66.7443,6.4551,0.61149,0.03489,23.8368,20.7072
2021-02-07 16:00:00,38050.0,1565.44,0.41921,67.5553,6.5442,0.61413,0.03482,24.0616,23.0975
2021-02-07 20:00:00,38795.69,1611.62,0.41849,68.3542,6.6976,0.66109,0.03597,24.7254,23.705
2021-02-08 00:00:00,38076.06,1581.46,0.41479,69.6164,6.6459,0.64341,0.03553,24.1222,23.8289
2021-02-08 04:00:00,39269.95,1639.59,0.42994,73.3846,7.5587,0.66378,0.0363,24.8797,28.505
2021-02-08 08:00:00,39423.08,1660.48,0.42791,72.4484,7.4868,0.688,0.03787,25.6003,30.2645
2021-02-08 12:00:00,43716.32,1734.79,0.44437,73.692,7.7551,0.68373,0.03782,25.3343,32.1525
2021-02-08 16:00:00,43051.95,1695.96,0.44777,75.8353,8.0344,0.70989,0.04087,25.291,31.9974
2021-02-08 20:00:00,46374.87,1750.15,0.45099,79.8374,7.855,0.67638,0.04042,25.4115,30.056
2021-02-09 00:00:00,46599.51,1735.04,0.4636,80.871,8.328,0.68395,0.04288,25.4602,29.9235
2021-02-09 04:00:00,47505.4,1750.82,0.47403,92.4722,8.0645,0.68026,0.04326,25.5362,30.6754
2021-02-09 08:00:00,46380.92,1753.4,0.46333,94.5877,7.7596,0.6814,0.04508,25.5044,28.9155
2021-02-09 12:00:00,46773.63,1749.0,0.45913,105.1638,7.695,0.6805,0.04792,25.3776,29.0011
2021-02-09 16:00:00,47060.18,1772.56,0.47648,107.7465,7.9164,0.69587,0.04784,26.541,31.2273
2021-02-09 20:00:00,46420.42,1769.13,0.47636,107.3469,7.8005,0.70562,0.04608,27.6034,31.9194
2021-02-10 00:00:00,46221.07,1809.45,0.4918,117.2152,8.3096,0.77363,0.04723,27.4763,40.4198
2021-02-10 04:00:00,46563.69,1810.84,0.49845,142.6897,8.1681,0.80769,0.04752,27.7953,43.1437
2021-02-10 08:00:00,46586.56,1792.02,0.52781,133.0049,8.2456,0.86974,0.04835,28.3575,53.5742
2021-02-10 12:00:00,44353.04,1714.37,0.48739,121.5614,7.7806,0.81804,0.04318,26.3161,47.0115
2021-02-10 16:00:00,45190.05,1742.69,0.49683,127.7061,8.3573,0.84588,0.04536,26.9856,52.8712
2021-02-10 20:00:00,44807.58,1740.78,0.50429,128.9711,9.09,0.93966,0.04629,26.8121,54.6861
2021-02-11 00:00:00,44582.07,1721.86,0.51156,126.2606,8.9489,0.88301,0.04574,26.8532,50.6725
2021-02-11 04:00:00,44700.01,1737.44,0.51586,122.5909,9.4559,0.9181,0.04664,27.3792,52.6561
2021-02-11 08:00:00,46061.49,1763.36,0.51195,118.5257,9.159,0.90484,0.04674,27.5665,48.29
2021-02-11 12:00:00,47960.85,1796.17,0.52636,126.9252,9.2748,0.93661,0.0482,28.083,48.7635
2021-02-11 16:00:00,47754.03,1790.66,0.52883,121.894,9.1219,0.95548,0.05131,27.7349,47.1889
2021-02-11 20:00:00,47969.51,1785.62,0.52806,124.085,9.2004,0.92796,0.05681,27.8475,46.9673
2021-02-12 00:00:00,47587.31,1764.57,0.55881,123.7199,9.4242,0.88859,0.05407,27.0531,44.5089
2021-02-12 04:00:00,47318.81,1768.28,0.55543,123.8875,9.3377,0.90573,0.05468,27.4543,51.7489
2021-02-12 08:00:00,47562.42,1775.61,0.5807,131.1461,9.7662,0.91068,0.05493,28.1347,49.49
2021-02-12 12:00:00,47021.05,1789.03,0.58707,133.9003,9.5419,0.92039,0.05428,28.4246,48.2658
2021-02-12 16:00:00,47272.95,1840.36,0.57359,135.4352,9.4421,0.91647,0.05516,30.464,49.7921
2021-02-12 20:00:00,47287.6,1840.26,0.609,136.6139,9.2,0.92426,0.05515,30.6265,48.2978
2021-02-13 00:00:00,47829.22,1863.87,0.6271,133.3435,9.3941,0.93479,0.05679,31.5207,51.1158
2021-02-13 04:00:00,46995.72,1806.6,0.5995,130.4115,9.1451,0.90184,0.05463,30.1054,49.0001
2021-02-13 08:00:00,46589.2,1782.95,0.57632,127.6092,8.8609,0.86736,0.0533,29.6728,46.5155
2021-02-13 12:00:00,47076.01,1816.54,0.6134,130.7032,9.067,0.897,0.05654,30.5032,46.5011
2021-02-13 16:00:00,46870.15,1799.44,0.60991,133.0106,8.8884,0.8882,0.05812,31.6081,45.8712
2021-02-13 20:00:00,47153.69,1814.96,0.63309,133.3496,8.7441,0.91299,0.05995,34.1941,44.0832
2021-02-14 00:00:00,47267.21,1809.03,0.60282,129.0316,8.9088,0.87239,0.05649,34.2302,41.3813
2021-02-14 04:00:00,48725.18,1831.7,0.61937,130.157,8.7083,0.8761,0.05771,34.8556,42.3511
2021-02-14 08:00:00,49055.16,1831.88,0.60915,135.9808,8.5699,0.87266,0.0578,33.7962,42.5928
2021-02-14 12:00:00,48541.18,1799.05,0.58881,131.4893,8.6773,0.83298,0.05406,32.7787,41.6373
2021-02-14 16:00:00,48693.39,1804.55,0.59415,133.6132,8.8517,0.84526,0.05507,32.9475,41.3995
2021-02-14 20:00:00,48577.79,1800.42,0.59211,135.8623,8.7158,0.84364,0.05519,33.1565,39.1711
2021-02-15 00:00:00,47120.3,1727.64,0.5494,126.8539,8.1148,0.80493,0.04887,30.7992,36.3463
2021-02-15 04:00:00,47267.06,1749.67,0.56251,129.7877,8.2892,0.81643,0.05128,31.8887,39.5962
2021-02-15 08:00:00,47802.66,1787.48,0.57159,132.0,8.6276,0.84408,0.05287,33.0,39.6965
2021-02-15 12:00:00,47938.83,1810.28,0.57497,131.4019,8.9132,0.87429,0.0536,34.4,42.4686
2021-02-15 16:00:00,48657.31,1824.71,0.57857,132.4512,9.1943,0.87807,0.05409,34.1805,42.1
2021-02-15 20:00:00,47911.1,1779.25,0.54976,130.303,8.8516,0.86143,0.05079,32.5899,38.309
2021-02-16 00:00:00,49624.03,1822.0,0.57566,130.8032,8.9037,0.87982,0.05372,32.8918,37.8339
2021-02-16 04:00:00,49163.46,1797.57,0.5614,130.52,8.7211,0.87379,0.05289,32.3999,37.598
2021-02-16 08:00:00,48915.48,1783.13,0.54059,130.3764,8.575,0.88626,0.05254,32.3379,37.2212
2021-02-16 12:00:00,48956.91,1773.22,0.53068,130.3837,8.3899,0.87848,0.05191,31.7232,37.025
2021-02-16 16:00:00,48537.39,1752.08,0.52096,128.9824,8.1417,0.86264,0.05087,31.6602,36.0055
2021-02-16 20:00:00,49133.45,1781.99,0.51995,130.183,8.3002,0.87,0.05202,31.9632,36.5402
2021-02-17 00:00:00,49657.38,1753.61,0.51563,128.8292,7.7125,0.84459,0.05055,30.5007,34.8822
2021-02-17 04:00:00,51112.39,1806.21,0.52869,130.8661,7.9487,0.86497,0.05136,31.3388,36.0635
2021-02-17 08:00:00,51273.46,1807.6,0.53422,140.0453,8.1048,0.86563,0.05247,31.9278,37.6829
2021-02-17 12:00:00,51169.97,1812.0,0.54071,147.1069,8.2319,0.86803,0.0531,31.7722,38.203
2021-02-17 16:00:00,52142.35,1837.76,0.54441,168.9361,8.4013,0.88912,0.05318,31.9997,37.5559
2021-02-17 20:00:00,52119.71,1849.88,0.53467,165.3233,8.2357,0.89206,0.05256,32.2324,37.3003
2021-02-18 00:00:00,52032.64,1891.99,0.54233,165.782,8.4599,0.90837,0.05366,33.0091,39.3
2021-02-18 04:00:00,51901.96,1898.85,0.54838,180.0239,8.5484,0.94498,0.05363,32.6219,41.8593
2021-02-18 08:00:00,51374.07,1900.41,0.53348,186.8627,8.5178,0.92141,0.05299,32.2,42.6272
2021-02-18 12:00:00,51585.29,1907.91,0.52918,195.0473,9.241,0.92303,0.05354,32.2635,41.0
2021-02-18 16:00:00,51760.01,1922.55,0.53415,193.7059,9.033,0.90714,0.05495,32.4523,41.38
2021-02-18 20:00:00,51552.6,1939.61,0.53204,195.6,8.9771,0.91442,0.05492,32.4801,40.9656
2021-02-19 00:00:00,51245.0,1910.21,0.52903,232.0488,8.6818,0.8973,0.05688,31.9826,38.3885
2021-02-19 04:00:00,51727.08,1919.1,0.53739,261.2643,9.4914,0.91428,0.06269,32.6412,39.7811
2021-02-19 08:00:00,52710.0,1934.38,0.54857,265.2304,9.8492,0.94244,0.06154,34.3172,39.7542
2021-02-19 12:00:00,53863.19,1929.91,0.54839,311.7742,10.9513,0.91434,0.06019,34.3104,39.0223
2021-02-19 16:00:00,54990.01,1952.88,0.55462,325.1517,11.4696,0.92628,0.0596,34.26,38.885
2021-02-19 20:00:00,55906.0,1955.0,0.56465,333.111,11.4912,0.92581,0.06073,34.6846,38.7274
2021-02-20 00:00:00,55706.07,2018.93,0.56135,286.6937,11.1003,1.03422,0.06092,34.7526,38.3645
2021-02-20 04:00:00,55207.92,1984.73,0.56541,292.2177,10.9037,1.02335,0.06007,34.2176,39.6652
2021-02-20 08:00:00,56355.91,1999.58,0.55924,303.8145,10.7923,1.05897,0.06137,35.8982,41.7097
2021-02-20 12:00:00,56145.97,1978.79,0.53651,274.0573,10.2533,1.08783,0.05969,34.95,39.3421
2021-02-20 16:00:00,56975.12,1992.56,0.53614,272.3951,10.4481,1.14935,0.06019,35.737,39.5437
2021-02-20 20:00:00,55841.19,1913.0,0.51167,253.0,9.9869,1.11568,0.05773,33.9387,35.9985
2021-02-21 00:00:00,56505.22,1933.71,0.52515,268.6747,10.2116,1.10501,0.05847,34.0988,36.2151
2021-02-21 04:00:00,56091.76,1912.69,0.51734,256.8666,10.0302,1.10373,0.05834,33.416,36.2525
2021-02-21 08:00:00,57284.79,1961.62,0.54913,284.4568,10.7298,1.13573,0.06043,34.4645,37.5974
2021-02-21 12:00:00,57313.99,1959.9,0.53921,301.5967,10.599,1.10726,0.05971,34.4425,36.5
2021-02-21 16:00:00,58072.62,1966.13,0.5489,298.7849,11.3097,1.11435,0.06072,35.2282,36.35
2021-02-21 20:00:00,57408.57,1933.53,0.54468,295.2597,11.0753,1.09894,0.05935,34.0915,36.1855
2021-02-22 00:00:00,55860.12,1870.36,0.52355,274.2568,10.5136,1.04575,0.05725,32.5399,34.242
2021-02-22 04:00:00,56422.92,1886.63,0.59398,277.9394,10.6552,1.07057,0.05841,32.7717,35.2809
2021-02-22 08:00:00,54524.94,1802.65,0.58427,258.8153,9.9162,1.00381,0.05538,30.998,32.95
2021-02-22 12:00:00,53236.69,1733.29,0.55413,262.7587,10.2709,0.99017,0.05261,30.0973,31.5284
2021-02-22 16:00:00,53581.69,1746.42,0.58376,259.3954,13.32,1.03434,0.05344,30.5158,31.95
2021-02-22 20:00:00,54087.67,1777.58,0.56646,267.5147,14.4191,1.09703,0.05425,31.4542,32.1502
2021-02-23 00:00:00,51906.36,1679.91,0.54638,246.9865,13.993,1.03373,0.05098,28.8875,29.3448
2021-02-23 04:00:00,49640.33,1586.64,0.5159,231.5579,13.1238,0.98857,0.04908,27.0316,28.2697
2021-02-23 08:00:00,46369.29,1453.07,0.43803,205.0271,14.0057,0.90715,0.04181,25.4354,25.0
2021-02-23 12:00:00,48602.03,1573.99,0.46732,230.4275,15.3902,0.97236,0.04513,26.5213,27.613
2021-02-23 16:00:00,45523.0,1447.64,0.45256,205.8686,14.2602,0.89361,0.0419,23.5624,25.0004
2021-02-23 20:00:00,48891.0,1577.89,0.47579,231.3646,15.2244,0.96197,0.04501,25.9249,27.5924
2021-02-24 00:00:00,50874.99,1636.57,0.49601,247.3942,15.9986,1.00462,0.04768,28.1376,27.881
2021-02-24 04:00:00,50090.57,1642.33,0.48666,253.7977,15.5833,1.00107,0.04727,27.9758,30.4918
2021-02-24 08:00:00,50360.02,1677.41,0.48863,265.6326,15.8097,1.04231,0.04875,28.1078,30.5188
2021-02-24 12:00:00,49819.5,1660.45,0.47362,257.3518,16.676,1.02669,0.04774,28.3031,29.5354
2021-02-24 16:00:00,48959.93,1599.2,0.46113,243.9021,17.43,1.02698,0.04675,27.6909,28.3506
2021-02-24 20:00:00,49676.2,1623.39,0.4686,254.5056,17.1691,1.04902,0.048,28.0851,29.7396
2021-02-25 00:00:00,50206.97,1603.87,0.46972,251.6547,16.35,1.03456,0.0481,27.3087,29.8803
2021-02-25 04:00:00,50395.99,1633.8,0.47304,247.7506,16.3119,1.04317,0.04879,27.3888,30.4148
2021-02-25 08:00:00,50294.8,1621.93,0.46847,247.8856,16.1646,1.04652,0.04898,27.6681,29.1881
2021-02-25 12:00:00,50849.99,1627.57,0.47101,254.7066,16.0851,1.12,0.04953,28.0886,30.1353
2021-02-25 16:00:00,49443.86,1585.3,0.461,246.8081,15.2692,1.13238,0.04809,27.2102,28.8781
2021-02-25 20:00:00,47073.73,1481.75,0.43601,234.9146,13.8442,1.07691,0.0452,24.7144,26.7
2021-02-26 00:00:00,47330.24,1491.25,0.43824,228.3794,14.63,1.08109,0.04576,25.1123,27.2618
2021-02-26 04:00:00,44973.68,1430.39,0.42169,215.1438,13.3386,1.01886,0.043,24.3448,25.2881
2021-02-26 08:00:00,46427.65,1483.74,0.42925,224.7786,13.8127,1.1082,0.04499,24.9695,26.3921
2021-02-26 12:00:00,47594.65,1532.48,0.43873,231.4852,14.4498,1.162,0.04592,26.165,27.3398
2021-02-26 16:00:00,46959.17,1479.5,0.43669,225.4438,14.72,1.26464,0.04554,26.0823,26.4268
2021-02-26 20:00:00,46276.87,1444.59,0.42788,221.717,13.5962,1.24303,0.04517,25.1862,25.9695
2021-02-27 00:00:00,47423.08,1490.86,0.43823,228.1664,14.2348,1.26544,0.04636,25.3193,26.0334
2021-02-27 04:00:00,47158.53,1490.3,0.43905,231.8111,13.8783,1.35454,0.04633,25.3956,27.1801
2021-02-27 08:00:00,47299.99,1469.81,0.43787,229.152,13.9314,1.45959,0.04747,25.7058,26.7895
2021-02-27 12:00:00,46528.64,1453.55,0.44078,223.447,13.3875,1.36099,0.04688,25.4448,26.1376
2021-02-27 16:00:00,47405.39,1512.0,0.44892,229.4371,13.8249,1.4028,0.04785,26.7346,27.2321
2021-02-27 20:00:00,46106.43,1458.13,0.43589,225.3853,13.1916,1.31402,0.04652,26.1896,25.7616
2021-02-28 00:00:00,44629.17,1369.29,0.41771,211.5016,12.07,1.17107,0.04406,24.6048,23.6534
2021-02-28 04:00:00,44400.83,1342.5,0.4121,209.4993,12.1365,1.19622,0.04363,23.8915,23.08
2021-02-28 08:00:00,45284.86,1371.53,0.41914,216.5005,12.3806,1.2745,0.04503,24.4177,24.138
2021-02-28 12:00:00,43391.14,1318.22,0.40196,198.3037,11.5213,1.204,0.0438,23.3136,22.445
2021-02-28 16:00:00,44405.32,1389.24,0.41297,205.0549,13.2421,1.27503,0.04523,24.3988,23.8029
2021-02-28 20:00:00,45135.66,1419.18,0.41565,210.2138,13.0887,1.31203,0.04562,24.7016,23.9566
2021-03-01 00:00:00,46336.37,1434.06,0.42076,224.6222,13.9287,1.27322,0.04584,25.0,24.6936
2021-03-01 04:00:00,46288.18,1437.74,0.42274,222.7395,14.5117,1.27699,0.04569,25.2843,24.6645
2021-03-01 08:00:00,47722.78,1524.96,0.43177,251.5928,14.8363,1.27078,0.04658,26.5268,26.5
2021-03-01 12:00:00,49188.0,1551.73,0.44017,256.4053,15.4556,1.27895,0.04787,27.17,27.1934
2021-03-01 16:00:00,48262.83,1513.26,0.4334,244.2498,14.8047,1.27881,0.04652,26.3472,25.7654
2021-03-01 20:00:00,49587.03,1569.86,0.44537,254.9637,14.9855,1.29627,0.04784,27.7116,27.5107
2021-03-02 00:00:00,48974.75,1555.48,0.44001,248.6628,14.3406,1.21651,0.04706,29.1191,27.2691
2021-03-02 04:00:00,48331.61,1539.03,0.43286,246.3771,14.3024,1.21238,0.04671,28.7014,26.4812
2021-03-02 08:00:00,48844.13,1567.59,0.44176,250.0123,14.5527,1.23323,0.04782,29.5883,28.2486
2021-03-02 12:00:00,48676.08,1553.48,0.44182,247.1861,14.6411,1.24244,0.04773,29.2839,28.3808
2021-03-02 16:00:00,47467.43,1479.91,0.42906,230.3445,13.6704,1.19572,0.0459,27.8639,26.5161
2021-03-02 20:00:00,48440.65,1486.78,0.4357,239.6841,13.9438,1.2228,0.04687,28.4769,27.1101
2021-03-03 00:00:00,48704.75,1522.67,0.43955,238.1485,14.0388,1.21828,0.04745,28.9425,26.6632
2021-03-03 04:00:00,49752.97,1566.35,0.44523,249.105,14.1994,1.24136,0.04792,30.4374,28.1468
2021-03-03 08:00:00,51666.33,1607.24,0.45926,249.4578,14.5343,1.24347,0.04897,30.7328,28.2595
2021-03-03 12:00:00,50767.36,1600.57,0.44873,245.2871,14.1652,1.23287,0.0484,30.6232,27.6085
2021-03-03 16:00:00,50857.17,1605.93,0.44664,245.5,14.3112,1.23925,0.04897,30.647,28.1875
2021-03-03 20:00:00,50349.37,1567.69,0.44846,240.5701,14.0742,1.21311,0.04883,29.85,27.22
2021-03-04 00:00:00,49574.89,1555.08,0.4425,240.3169,13.7726,1.19549,0.0495,29.2188,27.0387
2021-03-04 04:00:00,49696.49,1571.53,0.45766,243.3161,13.7258,1.20311,0.05168,29.6,27.3991
2021-03-04 08:00:00,49323.32,1561.59,0.45092,238.1396,13.4454,1.1646,0.05056,29.0915,26.9114
2021-03-04 12:00:00,49412.6,1577.22,0.46041,238.9153,13.4535,1.1502,0.05289,29.0616,26.2231
2021-03-04 16:00:00,48000.36,1526.71,0.46404,228.5964,12.9061,1.115,0.04994,27.8685,25.1244
2021-03-04 20:00:00,48374.09,1539.23,0.48096,229.6369,13.0508,1.11239,0.05142,27.6943,25.7781
2021-03-05 00:00:00,47289.81,1481.67,0.46745,221.348,12.5591,1.07561,0.04987,26.6145,24.41
2021-03-05 04:00:00,47380.0,1474.17,0.45839,224.2488,12.5038,1.13947,0.05012,26.5825,24.7967
2021-03-05 08:00:00,47478.87,1480.15,0.45834,223.9468,12.5116,1.12387,0.04994,26.7574,24.8944
2021-03-05 12:00:00,47867.45,1481.41,0.45987,223.5839,12.7174,1.16702,0.04975,26.8049,24.44
2021-03-05 16:00:00,49295.47,1533.58,0.46013,227.7528,12.5438,1.17734,0.05063,28.026,24.9712
2021-03-05 20:00:00,48751.71,1528.31,0.45457,225.4714,12.5382,1.15908,0.05019,27.8343,24.2414
2021-03-06 00:00:00,48657.72,1531.7,0.46599,225.0253,12.3716,1.14157,0.05015,27.3817,24.1401
2021-03-06 04:00:00,48820.12,1589.31,0.46669,228.7537,12.2893,1.14788,0.05044,27.9178,25.1472
2021-03-06 08:00:00,48171.01,1564.07,0.46071,225.2663,12.0848,1.11999,0.05002,27.2266,24.8391
2021-03-06 12:00:00,47267.88,1544.41,0.45323,221.7053,12.2773,1.10661,0.0493,26.8582,24.2417
2021-03-06 16:00:00,48341.01,1620.71,0.45773,224.2851,12.895,1.10479,0.04976,28.0642,24.714
2021-03-06 20:00:00,48882.2,1650.35,0.46285,226.3814,13.0421,1.129,0.05015,28.1479,24.911
2021-03-07 00:00:00,49551.44,1648.98,0.46135,227.7976,12.927,1.12775,0.05032,28.6294,25.7667
2021-03-07 04:00:00,50052.68,1684.54,0.46396,230.1375,12.7577,1.13,0.05096,28.7112,27.2637
2021-03-07 08:00:00,50705.52,1678.36,0.46632,240.8,13.6253,1.13816,0.05142,28.4468,27.1874
2021-03-07 12:00:00,50585.23,1652.0,0.46285,235.3391,13.53,1.12709,0.051,27.9732,27.2069
2021-03-07 16:00:00,50381.68,1658.26,0.46138,233.1683,13.7359,1.1198,0.05119,27.8428,26.2616
2021-03-07 20:00:00,50971.75,1726.16,0.46558,240.11,13.8174,1.13042,0.05173,28.5932,26.6863
2021-03-08 00:00:00,50598.49,1723.68,0.46525,236.7142,13.4425,1.14326,0.05112,28.7224,25.9658
2021-03-08 04:00:00,49755.24,1690.11,0.46099,232.4405,13.3156,1.12025,0.05067,28.5669,26.0053
2021-03-08 08:00:00,50496.82,1723.5,0.4727,234.3227,13.2749,1.12243,0.05144,29.3041,25.739
2021-03-08 12:00:00,51054.99,1742.06,0.47243,235.5177,13.6171,1.12105,0.05221,30.5992,26.1231
2021-03-08 16:00:00,51310.82,1773.6,0.47899,235.7236,13.7031,1.11682,0.05298,31.0758,26.0736
2021-03-08 20:00:00,52375.17,1833.18,0.47412,240.5509,13.6028,1.11848,0.05307,31.8469,25.6179
2021-03-09 00:00:00,53840.62,1848.0,0.4838,244.7914,13.9197,1.14111,0.05331,31.718,25.0342
2021-03-09 04:00:00,53546.9,1811.44,0.47861,242.5678,13.8773,1.12619,0.0526,30.9863,25.1696
2021-03-09 08:00:00,54233.32,1827.21,0.48165,267.8,14.2898,1.19116,0.05293,31.2447,28.07
2021-03-09 12:00:00,54097.02,1832.38,0.47891,276.4444,14.668,1.17385,0.05272,30.7677,29.499
2021-03-09 16:00:00,54108.79,1828.05,0.48068,277.0801,14.8288,1.18226,0.05266,30.9846,30.5541
2021-03-09 20:00:00,54884.5,1870.51,0.4849,293.2052,14.839,1.1972,0.0532,31.4914,34.314
2021-03-10 00:00:00,53467.8,1777.33,0.46139,273.2428,14.217,1.14496,0.05208,29.7022,31.4534
2021-03-10 04:00:00,54173.38,1806.51,0.4697,286.2001,14.5201,1.16338,0.05214,30.5679,32.7448
2021-03-10 08:00:00,54858.47,1814.86,0.46673,279.5609,14.7167,1.16375,0.05231,30.4715,31.1115
2021-03-10 12:00:00,56328.81,1831.0,0.46563,284.9998,14.7809,1.16404,0.05269,30.6395,31.2045
2021-03-10 16:00:00,56739.4,1838.92,0.46611,285.5827,14.651,1.16581,0.05261,30.2763,30.5755
2021-03-10 20:00:00,55851.59,1795.12,0.46155,278.4499,14.2048,1.13261,0.05142,29.9036,29.5858
2021-03-11 00:00:00,55992.6,1802.35,0.45694,285.325,14.0916,1.1321,0.05145,29.3777,29.7363
2021-03-11 04:00:00,55034.2,1766.37,0.45187,278.5182,13.9091,1.12158,0.05053,29.25,29.5355
2021-03-11 08:00:00,56227.34,1779.14,0.45094,282.1999,14.0894,1.12501,0.05087,29.4369,31.8501
2021-03-11 12:00:00,56347.19,1795.16,0.45093,291.6397,14.2325,1.11911,0.05052,29.2821,31.3527
2021-03-11 16:00:00,56827.84,1793.48,0.45046,287.3216,15.7413,1.10993,0.05094,29.3231,30.5712
2021-03-11 20:00:00,57773.16,1825.78,0.45187,290.0301,16.031,1.1243,0.05151,30.1166,30.8005
2021-03-12 00:00:00,57104.17,1818.09,0.4618,282.4,16.1219,1.11499,0.05148,29.9831,31.5452
2021-03-12 04:00:00,56670.9,1794.36,0.45471,279.1689,16.0566,1.08657,0.05122,29.4349,30.3355
2021-03-12 08:00:00,56500.0,1773.94,0.44716,279.2959,15.5535,1.077,0.05033,28.9781,29.6265
2021-03-12 12:00:00,56956.95,1775.47,0.44714,272.7356,15.511,1.07476,0.05017,28.6234,29.0184
2021-03-12 16:00:00,56942.41,1739.0,0.43773,261.396,14.6862,1.04296,0.04938,28.0661,27.9164
2021-03-12 20:00:00,57221.72,1766.1,0.43934,263.2201,14.5597,1.03207,0.04997,28.3553,27.9561
2021-03-13 00:00:00,56694.32,1759.29,0.4382,260.4215,14.1373,1.05009,0.04995,27.8689,27.8284
2021-03-13 04:00:00,57343.7,1790.17,0.44411,270.4951,14.3796,1.05421,0.05012,28.5224,28.202
2021-03-13 08:00:00,59849.74,1871.8,0.45216,281.1481,14.6216,1.14158,0.05167,29.9836,28.8768
2021-03-13 12:00:00,59692.99,1876.06,0.45669,276.1557,14.8807,1.11829,0.05268,30.0806,29.3741
2021-03-13 16:00:00,60773.56,1926.9,0.45991,277.9652,15.0,1.10571,0.05281,30.0292,31.0441
2021-03-13 20:00:00,61188.39,1922.35,0.45787,276.2822,15.3033,1.1,0.05291,29.7384,30.8799
2021-03-14 00:00:00,61356.31,1911.0,0.45915,274.6147,15.0326,1.08749,0.05349,29.66,31.3098
2021-03-14 04:00:00,60494.8,1886.12,0.44924,268.676,14.5596,1.0797,0.0525,29.2248,30.2603
2021-03-14 08:00:00,60308.31,1878.84,0.4477,270.4771,14.5241,1.07971,0.05182,29.2105,30.9805
2021-03-14 12:00:00,59681.26,1858.01,0.44667,266.6539,14.4799,1.07258,0.05169,28.8616,29.9233
2021-03-14 16:00:00,59931.7,1871.16,0.44745,268.7486,14.8585,1.08275,0.05173,29.2266,29.8416
2021-03-14 20:00:00,58968.31,1848.1,0.43905,263.238,14.4605,1.05243,0.05105,28.5469,28.8423
2021-03-15 00:00:00,60379.99,1885.55,0.44261,266.4001,14.7663,1.06141,0.05194,29.2269,29.662
2021-03-15 04:00:00,57789.76,1793.82,0.43332,255.2105,13.9359,1.03767,0.04975,27.7709,28.3133
2021-03-15 08:00:00,56150.79,1770.0,0.43207,254.9935,14.2587,1.02588,0.04952,27.6262,28.5332
2021-03-15 12:00:00,56224.13,1765.84,0.43647,254.7831,14.0865,1.02969,0.04984,27.1841,28.9399
2021-03-15 16:00:00,56570.36,1785.58,0.44116,257.6178,14.2725,1.04301,0.05051,27.4832,29.785
2021-03-15 20:00:00,55605.2,1793.48,0.43574,254.5144,14.1577,1.03103,0.05069,27.5091,28.9472
2021-03-16 00:00:00,54272.86,1748.59,0.45631,246.5517,13.5015,1.02222,0.05042,27.193,28.2356
2021-03-16 04:00:00,55239.81,1799.26,0.48,253.262,13.5509,1.04354,0.0515,28.0677,29.4335
2021-03-16 08:00:00,55471.21,1792.55,0.47411,254.3215,13.6306,1.03592,0.05181,27.548,29.2975
2021-03-16 12:00:00,55844.92,1803.91,0.47389,257.9245,13.765,1.09154,0.05253,27.9128,30.7397
2021-03-16 16:00:00,55731.36,1784.08,0.45466,253.8615,13.795,1.22607,0.05178,27.3522,31.031
2021-03-16 20:00:00,56900.75,1805.12,0.46024,258.5352,13.6392,1.24924,0.05237,27.9099,33.036
2021-03-17 00:00:00,55506.23,1766.66,0.47161,253.0,13.3903,1.2105,0.0534,27.5928,32.5641
2021-03-17 04:00:00,55821.01,1785.61,0.46488,254.5436,13.5128,1.26373,0.05413,28.1014,32.6461
2021-03-17 08:00:00,54840.0,1759.71,0.45655,251.2592,13.3059,1.23465,0.05308,27.5402,31.3653
2021-03-17 12:00:00,54930.0,1772.79,0.46457,252.0003,13.4714,1.22899,0.05276,30.2461,31.6299
2021-03-17 16:00:00,57867.42,1827.36,0.46842,263.5145,14.1649,1.26348,0.05407,30.77,31.8659
2021-03-17 20:00:00,58912.97,1823.58,0.4698,269.7896,14.2018,1.377,0.05483,31.0579,32.6789
2021-03-18 00:00:00,58712.33,1833.66,0.47298,272.0142,14.1847,1.40562,0.05387,30.1379,32.5477
2021-03-18 04:00:00,58355.15,1815.34,0.47175,274.5994,14.218,1.40305,0.0535,29.8579,32.1874
2021-03-18 08:00:00,58170.37,1799.7,0.47099,266.6,14.06,1.42882,0.05356,29.757,32.98
2021-03-18 12:00:00,59533.68,1822.22,0.47798,269.3952,14.1976,1.44843,0.05447,30.1924,34.8968
2021-03-18 16:00:00,57293.79,1767.72,0.47189,258.6882,14.3147,1.26003,0.05313,29.1239,33.0201
2021-03-18 20:00:00,57648.16,1776.08,0.46893,261.4816,14.204,1.22925,0.05329,29.3949,33.2132
2021-03-19 00:00:00,57779.84,1780.06,0.46929,263.5831,14.0999,1.23594,0.05367,29.71,33.293
2021-03-19 04:00:00,57834.04,1793.46,0.46969,261.8185,14.0005,1.26401,0.05456,29.6992,34.1469
2021-03-19 08:00:00,58831.33,1819.02,0.47147,266.8967,14.18,1.25983,0.05489,30.4361,37.1233
2021-03-19 12:00:00,58971.5,1821.72,0.47005,266.6881,14.36,1.28027,0.05576,30.0863,36.2896
2021-03-19 16:00:00,58826.56,1826.64,0.4697,265.7766,14.3238,1.33832,0.05731,30.2111,38.3134
2021-03-19 20:00:00,58030.01,1809.1,0.46651,262.935,14.1552,1.29474,0.05862,29.777,37.3166
2021-03-20 00:00:00,58367.74,1832.88,0.4736,264.7934,14.3251,1.27208,0.06375,30.8552,38.2525
2021-03-20 04:00:00,58402.41,1822.15,0.48236,269.9435,14.514,1.26138,0.06348,30.7629,37.5749
2021-03-20 08:00:00,59242.47,1841.79,0.49179,269.1146,14.8008,1.26494,0.0638,31.1919,36.4045
2021-03-20 12:00:00,59244.52,1855.24,0.49296,271.3716,14.6881,1.25557,0.06699,30.8924,36.0836
2021-03-20 16:00:00,59272.82,1847.84,0.52842,270.9068,14.6383,1.24933,0.06421,30.6118,35.9864
2021-03-20 20:00:00,58102.28,1806.1,0.52613,264.3023,14.1894,1.20046,0.0609,29.6465,34.2022
2021-03-21 00:00:00,57790.0,1787.12,0.51659,267.0326,14.0753,1.2235,0.06167,29.4708,34.1694
2021-03-21 04:00:00,56972.68,1779.33,0.51445,263.6105,13.9532,1.21163,0.06163,29.2293,34.2652
2021-03-21 08:00:00,56267.65,1772.52,0.5063,260.059,13.7333,1.18371,0.05977,29.0364,32.8214
2021-03-21 12:00:00,57159.04,1789.44,0.50175,263.0267,13.9345,1.2031,0.06036,29.2564,33.2197
2021-03-21 16:00:00,57513.18,1795.97,0.51243,264.8476,14.1922,1.19926,0.06229,29.7005,33.0053
2021-03-21 20:00:00,57351.56,1782.98,0.51651,264.6513,14.3372,1.18561,0.06337,29.2097,32.8117
2021-03-22 00:00:00,57563.63,1782.93,0.51406,267.9467,15.17,1.19226,0.06323,29.0927,32.3406
2021-03-22 04:00:00,57576.5,1789.16,0.51951,265.4762,16.1811,1.19523,0.0646,29.0924,32.9979
2021-03-22 08:00:00,57713.79,1795.49,0.55531,266.9459,16.3992,1.19057,0.06525,29.2619,33.0095
2021-03-22 12:00:00,57083.0,1778.63,0.57287,267.4725,15.8338,1.17989,0.06404,29.1361,32.268
2021-03-22 16:00:00,55524.99,1737.86,0.56274,265.7971,15.4325,1.15033,0.0617,28.556,31.1164
2021-03-22 20:00:00,54083.25,1680.97,0.5441,254.7976,14.7964,1.1015,0.05927,27.2431,29.17
2021-03-23 00:00:00,54684.83,1702.19,0.57907,259.2775,15.1,1.12932,0.0606,27.479,29.65
2021-03-23 04:00:00,54161.34,1679.36,0.569,257.2424,14.4264,1.12853,0.05951,27.2254,29.6746
2021-03-23 08:00:00,54249.81,1687.35,0.56494,255.8984,14.3816,1.12749,0.05883,26.9519,29.2402
2021-03-23 12:00:00,55165.19,1702.93,0.5678,260.0814,14.7128,1.15654,0.06023,27.2351,30.5053
2021-03-23 16:00:00,55008.46,1705.86,0.5491,257.2118,14.3598,1.12631,0.05852,27.3496,29.2466
2021-03-23 20:00:00,54340.89,1668.08,0.5498,255.4646,14.1552,1.11639,0.05852,26.7813,28.4704
2021-03-24 00:00:00,54350.54,1678.89,0.54319,256.1307,14.3317,1.10801,0.05964,26.8626,28.1802
2021-03-24 04:00:00,55464.2,1695.16,0.54598,259.6612,14.66,1.14078,0.06047,27.364,29.5446
2021-03-24 08:00:00,56541.03,1714.86,0.54968,263.2445,14.71,1.14908,0.06068,27.45,29.5778
2021-03-24 12:00:00,56298.12,1721.33,0.55005,262.8945,14.8464,1.14055,0.06122,27.555,29.3898
2021-03-24 16:00:00,54736.53,1635.56,0.51876,255.0362,14.6594,1.10566,0.0584,26.15,27.9271
2021-03-24 20:00:00,52303.65,1581.84,0.48021,248.5236,13.5973,1.06902,0.05568,24.8684,25.8387
2021-03-25 00:00:00,52122.86,1572.15,0.48405,240.7404,13.35,1.08951,0.05428,24.7692,25.918
2021-03-25 04:00:00,52270.71,1573.96,0.48804,241.887,13.3045,1.08219,0.05473,24.912,26.3689
2021-03-25 08:00:00,52163.19,1592.46,0.49775,242.0314,13.1114,1.10472,0.05516,25.2497,26.3258
2021-03-25 12:00:00,50996.15,1594.95,0.48911,231.1787,12.7961,1.09994,0.05441,25.5192,25.4886
2021-03-25 16:00:00,52195.19,1605.05,0.52098,235.9964,12.9752,1.10731,0.05548,26.4941,25.7669
2021-03-25 20:00:00,51293.78,1585.74,0.51058,233.9466,12.9787,1.0956,0.05528,25.535,25.825
2021-03-26 00:00:00,52407.19,1618.73,0.53421,241.809,12.689,1.12249,0.05719,25.6386,27.2531
2021-03-26 04:00:00,53569.85,1629.54,0.53827,246.084,14.0145,1.1417,0.05876,25.7768,28.0872
2021-03-26 08:00:00,52710.96,1617.82,0.56538,247.3178,13.9628,1.25966,0.06601,26.1961,27.6772
2021-03-26 12:00:00,53308.27,1641.28,0.55041,247.9981,13.9411,1.221,0.06284,26.3403,28.1775
2021-03-26 16:00:00,53778.55,1664.4,0.55468,250.3205,14.2683,1.20767,0.06359,27.2098,28.0191
2021-03-26 20:00:00,55025.59,1698.84,0.56357,255.2105,14.7664,1.2142,0.06464,27.3927,28.2527
2021-03-27 00:00:00,54760.97,1693.0,0.55881,252.0795,14.8783,1.18076,0.06435,26.954,28.0649
2021-03-27 04:00:00,54950.28,1692.06,0.55195,252.4047,16.027,1.19251,0.06697,26.6947,28.1437
2021-03-27 08:00:00,54442.89,1681.12,0.54555,255.9668,15.62,1.17666,0.064,26.3726,27.5199
2021-03-27 12:00:00,54961.85,1682.5,0.54702,260.8413,16.0,1.17939,0.06452,26.5533,27.6339
2021-03-27 16:00:00,55765.01,1704.16,0.55189,263.8698,15.8912,1.18546,0.06436,26.7375,27.8464
2021-03-27 20:00:00,55817.14,1712.63,0.54752,269.2234,16.4589,1.17678,0.0636,26.8766,27.6225
2021-03-28 00:00:00,56052.05,1710.97,0.55109,277.9815,17.2226,1.19403,0.06407,27.463,28.8622
2021-03-28 04:00:00,56200.66,1718.06,0.5573,277.3772,17.5179,1.20589,0.06437,27.5499,28.9361
2021-03-28 08:00:00,55787.03,1703.23,0.54776,269.1348,18.2957,1.18866,0.06353,26.9849,28.4852
2021-03-28 12:00:00,56354.35,1709.0,0.55079,272.1464,18.9148,1.18937,0.0638,27.19,29.16
2021-03-28 16:00:00,55208.69,1675.03,0.54316,265.7822,18.558,1.18016,0.06289,26.3361,28.2647
2021-03-28 20:00:00,55777.63,1687.01,0.54552,268.4263,18.0645,1.18983,0.06362,26.6588,28.7167
2021-03-29 00:00:00,55371.6,1696.12,0.55958,269.3396,18.4529,1.18529,0.06396,26.835,29.0723
2021-03-29 04:00:00,55911.99,1704.24,0.55589,273.6639,18.1001,1.20756,0.0645,27.2617,29.3783
2021-03-29 08:00:00,57854.32,1764.29,0.56183,275.3546,18.3798,1.20735,0.06509,27.7408,29.9131
2021-03-29 12:00:00,57719.74,1787.86,0.55567,272.2735,18.1488,1.20269,0.06472,27.7837,29.6641
2021-03-29 16:00:00,57676.42,1816.08,0.56332,272.9418,18.8299,1.20598,0.06476,28.0231,29.4332
2021-03-29 20:00:00,57635.47,1816.74,0.56538,275.2991,18.9504,1.20239,0.06475,28.0357,29.5
2021-03-30 00:00:00,57181.33,1797.25,0.56067,272.3969,19.999,1.19343,0.06435,27.9786,29.4038
2021-03-30 04:00:00,58116.17,1818.01,0.57892,278.9628,20.3683,1.21099,0.065,28.0421,30.4521
2021-03-30 08:00:00,59240.34,1848.79,0.57902,297.077,20.4691,1.23045,0.0661,28.5517,30.3471
2021-03-30 12:00:00,58526.42,1830.61,0.5624,296.3093,19.4093,1.21051,0.06508,28.091,29.2695
2021-03-30 16:00:00,59060.0,1858.27,0.56645,311.193,19.2805,1.2294,0.06574,28.209,29.8458
2021-03-30 20:00:00,58746.57,1840.46,0.5621,311.2962,19.0685,1.21189,0.06598,27.8301,29.6009
2021-03-31 00:00:00,58608.63,1823.17,0.55209,301.4599,18.7394,1.18661,0.06721,27.4288,28.5018
2021-03-31 04:00:00,58173.83,1813.89,0.54929,302.3484,18.5801,1.18626,0.07105,27.2383,28.3185
2021-03-31 08:00:00,58015.02,1808.83,0.54767,298.6,19.4406,1.18126,0.07216,27.168,28.197
2021-03-31 12:00:00,59304.75,1849.09,0.54849,306.4393,19.4123,1.1916,0.0807,27.5649,28.4861
2021-03-31 16:00:00,58553.12,1900.63,0.55031,300.8379,19.5141,1.18375,0.09033,27.958,28.0245
2021-03-31 20:00:00,58740.55,1919.37,0.56982,302.3724,19.3861,1.19191,0.09296,29.4167,28.7218
2021-04-01 00:00:00,59119.02,1922.8,0.573,306.5715,19.746,1.18779,0.08812,29.6884,29.263
2021-04-01 04:00:00,58817.77,1926.31,0.5699,313.2238,19.9834,1.1914,0.0862,30.384,28.4768
2021-04-01 08:00:00,58584.32,1920.07,0.55553,313.7071,19.2831,1.18999,0.08833,29.7947,28.0904
2021-04-01 12:00:00,58974.65,1944.39,0.5626,327.4493,19.4277,1.19429,0.08807,30.8305,28.7485
2021-04-01 16:00:00,58918.99,1974.12,0.56588,327.9105,19.1458,1.18489,0.08511,30.439,28.5807
2021-04-01 20:00:00,58720.44,1968.05,0.57087,334.7991,19.0443,1.18377,0.08543,30.0684,28.2456
2021-04-02 00:00:00,59869.79,1996.63,0.57255,343.9262,18.724,1.19151,0.08609,30.2195,28.9
2021-04-02 04:00:00,59417.63,1994.71,0.5789,351.5284,19.018,1.22558,0.08781,30.2895,29.35
2021-04-02 08:00:00,59542.78,2005.61,0.58125,346.8385,19.1032,1.20787,0.0897,30.8049,29.2199
2021-04-02 12:00:00,59480.06,2073.89,0.58237,346.8853,19.4936,1.21175,0.08783,31.0406,29.2155
2021-04-02 16:00:00,58850.0,2062.63,0.59219,337.3612,19.2665,1.19573,0.08697,31.225,28.617
2021-04-02 20:00:00,58950.01,2133.69,0.60701,338.2932,19.7501,1.18998,0.09232,32.4864,29.0353
2021-04-03 00:00:00,59221.53,2093.1,0.62327,339.057,21.041,1.22176,0.08929,31.963,30.0841
2021-04-03 04:00:00,59298.85,2111.35,0.63041,342.5997,21.15,1.22533,0.09065,32.8196,32.5929
2021-04-03 08:00:00,59255.02,2096.44,0.62233,345.9999,22.5116,1.21642,0.10195,32.0705,31.9285
2021-04-03 12:00:00,58829.99,2070.98,0.61671,338.7522,21.031,1.20617,0.107,31.058,30.3684
2021-04-03 16:00:00,58597.04,2095.29,0.60453,336.4078,22.1705,1.1962,0.10627,30.93,29.9431
2021-04-03 20:00:00,57051.94,2008.52,0.57831,321.9497,22.5,1.16238,0.10143,29.293,28.1787
2021-04-04 00:00:00,57492.42,2015.27,0.59115,334.0,22.7723,1.181,0.10673,30.0545,29.25
2021-04-04 04:00:00,57614.52,2034.58,0.5924,336.5,23.7662,1.17225,0.11472,30.386,29.3985
2021-04-04 08:00:00,57275.55,2043.13,0.58691,337.6736,23.6828,1.17274,0.11627,30.375,28.9775
2021-04-04 12:00:00,57918.11,2077.34,0.59909,344.3994,24.7428,1.1772,0.11182,31.1099,29.0633
2021-04-04 16:00:00,57953.86,2061.44,0.61057,347.2496,24.1242,1.1806,0.11768,30.7703,29.2143
2021-04-04 20:00:00,58202.01,2075.69,0.635,348.8617,23.7755,1.18206,0.12761,30.7471,29.1573
2021-04-05 00:00:00,57467.12,2028.66,0.68127,344.8003,24.3263,1.18363,0.13889,30.1464,30.0773
2021-04-05 04:00:00,57250.0,2028.16,0.69084,340.3646,23.181,1.17037,0.13295,30.1077,30.6494
2021-04-05 08:00:00,57756.36,2057.03,0.70719,363.2063,23.8241,1.18093,0.13516,31.1118,32.2991
2021-04-05 12:00:00,59018.29,2113.18,0.7674,377.3521,24.1195,1.20774,0.1347,31.5762,31.9744
2021-04-05 16:00:00,59005.2,2104.35,0.83213,373.7316,23.5505,1.19316,0.14661,31.3378,31.6448
2021-04-05 20:00:00,59129.99,2107.38,0.91584,368.0263,22.9717,1.2118,0.13655,32.3791,31.2559
2021-04-06 00:00:00,58608.7,2114.18,0.87069,370.0966,22.7268,1.1995,0.13498,31.7199,33.1441
2021-04-06 04:00:00,58576.59,2099.45,0.89998,376.7076,23.0306,1.20254,0.13299,31.479,33.6819
2021-04-06 08:00:00,58541.34,2113.6,1.00081,396.9264,22.8103,1.20234,0.12743,32.2,33.2246
2021-04-06 12:00:00,57818.53,2084.67,0.94206,386.5547,22.7679,1.27342,0.12026,32.8152,31.4566
2021-04-06 16:00:00,58225.0,2113.6,1.06383,397.855,24.2231,1.25775,0.1189,33.9099,31.78
2021-04-06 20:00:00,57991.15,2112.21,1.09663,403.3648,25.0548,1.252,0.12401,34.725,31.4635
2021-04-07 00:00:00,57922.75,2104.99,1.05129,401.8659,25.1743,1.26827,0.12029,34.6863,31.4561
2021-04-07 04:00:00,57850.57,2074.89,0.9843,403.9133,25.3286,1.2472,0.11438,33.4431,30.9275
2021-04-07 08:00:00,56320.47,1977.89,0.92181,370.9607,23.9988,1.19183,0.10842,31.6021,29.9116
2021-04-07 12:00:00,56451.45,1977.04,0.93089,374.3154,26.5957,1.18283,0.1099,31.227,29.6202
2021-04-07 16:00:00,56153.83,1983.46,0.91503,375.9641,26.85,1.18046,0.1048,31.0663,29.4094
2021-04-07 20:00:00,55953.45,1963.47,0.91542,375.5538,26.5385,1.17359,0.11045,31.109,29.5068
2021-04-08 00:00:00,56540.62,1997.12,0.92074,396.8374,26.0014,1.18975,0.11439,31.6489,30.3775
2021-04-08 04:00:00,57025.71,2027.76,0.98783,397.5975,27.0517,1.20201,0.12075,32.4416,31.0388
2021-04-08 08:00:00,56421.18,1996.92,0.94178,394.5048,26.5004,1.18992,0.11875,31.4533,30.1387
2021-04-08 12:00:00,57768.13,2059.5,0.95875,418.126,26.1648,1.21323,0.12397,32.5434,31.0939
2021-04-08 16:00:00,57734.94,2057.81,0.99907,420.1341,26.2801,1.21414,0.12288,32.1866,30.6343
2021-04-08 20:00:00,58077.52,2080.46,1.05599,418.7048,26.9384,1.21926,0.12349,32.7884,30.751
2021-04-09 00:00:00,57985.71,2072.8,1.02127,407.5826,27.6372,1.20534,0.12008,32.7364,30.4587
2021-04-09 04:00:00,58051.42,2077.89,1.02441,421.4207,28.1507,1.21454,0.12042,32.5365,30.8551
2021-04-09 08:00:00,58527.19,2083.81,1.01958,437.3145,28.7004,1.21394,0.11955,32.6352,31.0873
2021-04-09 12:00:00,58240.0,2062.24,1.01246,437.6793,28.1554,1.20299,0.11706,31.8643,31.2782
2021-04-09 16:00:00,58370.59,2077.28,1.02799,438.5938,28.6446,1.20876,0.11729,31.6665,31.758
2021-04-09 20:00:00,58142.54,2066.87,1.01721,453.9937,27.6172,1.20201,0.11584,31.5893,31.5178
2021-04-10 00:00:00,59229.5,2144.4,1.07131,474.2731,27.4569,1.21174,0.11907,32.4821,33.2602
2021-04-10 04:00:00,60480.4,2162.93,1.15002,473.6936,27.0398,1.23036,0.11735,32.495,33.1785
2021-04-10 08:00:00,60575.94,2160.62,1.16801,484.5193,27.8592,1.22395,0.1213,32.4546,32.9589
2021-04-10 12:00:00,60247.26,2156.07,1.30998,474.773,27.0614,1.22818,0.11727,32.107,32.5002
2021-04-10 16:00:00,59567.38,2128.42,1.29648,470.7823,26.6105,1.2115,0.12263,31.7457,31.9584
2021-04-10 20:00:00,59769.13,2133.49,1.3728,471.2975,26.8021,1.21747,0.1263,31.8944,31.776
2021-04-11 00:00:00,60268.58,2144.67,1.44499,463.6146,26.2044,1.2233,0.12143,32.3017,32.0154
2021-04-11 04:00:00,59655.49,2130.89,1.41642,473.5385,26.3355,1.21061,0.12049,32.2422,31.3072
2021-04-11 08:00:00,59721.84,2147.14,1.35501,470.9815,26.0716,1.22151,0.11994,32.6832,31.5784
2021-04-11 12:00:00,59645.46,2148.4,1.37483,492.9733,27.5901,1.24037,0.12132,33.7,31.9393
2021-04-11 16:00:00,59705.53,2143.02,1.39842,500.0141,28.5467,1.2591,0.12141,33.7458,31.8114
2021-04-11 20:00:00,60002.43,2151.36,1.35118,525.9275,27.8517,1.26355,0.12214,33.8811,31.5976
2021-04-12 00:00:00,60368.96,2148.88,1.34524,551.313,28.938,1.32612,0.13216,33.3969,32.8303
2021-04-12 04:00:00,60711.01,2181.1,1.40237,580.7914,28.2983,1.29263,0.1299,33.5014,32.6319
2021-04-12 08:00:00,60241.5,2149.7,1.36926,594.1471,28.0877,1.31762,0.12906,32.8427,32.0659
2021-04-12 12:00:00,59986.83,2121.74,1.36387,570.7135,27.114,1.27696,0.12942,32.2153,31.4488
2021-04-12 16:00:00,60090.41,2142.31,1.38595,588.6408,27.5368,1.30529,0.13426,32.9202,34.6
2021-04-12 20:00:00,59860.0,2137.69,1.46843,596.7104,28.5424,1.31431,0.12874,33.108,33.8055
2021-04-13 00:00:00,60493.43,2163.35,1.44749,570.7941,27.9154,1.30995,0.13174,32.88,33.7867
2021-04-13 04:00:00,61050.99,2163.84,1.63755,550.2847,26.7951,1.3131,0.1321,32.8308,32.5454
2021-04-13 08:00:00,62942.21,2229.17,1.703,549.898,26.7485,1.33941,0.14263,33.6067,32.9075
2021-04-13 12:00:00,63331.83,2275.7,1.78219,560.2763,27.494,1.38126,0.14075,34.313,33.0378
2021-04-13 16:00:00,62997.02,2297.38,1.82656,560.6778,27.6754,1.41615,0.14916,35.6102,33.8271
2021-04-13 20:00:00,63575.0,2299.19,1.79611,551.6442,27.4507,1.41246,0.14622,35.5217,33.6462
2021-04-14 00:00:00,63749.19,2346.97,1.81586,568.3266,26.8034,1.4589,0.15255,37.2949,34.4633
2021-04-14 04:00:00,64288.8,2370.5,1.90294,575.7693,26.3519,1.50496,0.14986,37.0455,35.5524
2021-04-14 08:00:00,64511.21,2390.0,1.83783,574.7138,25.99,1.47108,0.14487,37.9727,35.4873
2021-04-14 12:00:00,63045.02,2348.71,1.71119,546.0364,25.7589,1.43457,0.13698,36.5443,37.1387
2021-04-14 16:00:00,62150.04,2335.3,1.71767,536.5759,25.4339,1.41262,0.13579,37.7,37.3239
2021-04-14 20:00:00,62959.53,2432.6,1.83468,550.0182,26.4067,1.45092,0.1404,41.3641,38.3391
2021-04-15 00:00:00,63056.61,2475.75,1.76795,545.392,25.7145,1.44316,0.14099,40.8335,39.976
2021-04-15 04:00:00,62842.56,2469.1,1.74631,550.2898,26.7502,1.43873,0.14437,42.3825,38.6154
2021-04-15 08:00:00,62361.12,2428.92,1.69867,542.0952,26.559,1.45088,0.14564,40.588,37.0508
2021-04-15 12:00:00,62715.18,2461.49,1.73207,550.8736,27.2446,1.47948,0.15862,44.0026,37.0489
2021-04-15 16:00:00,63363.29,2478.51,1.7763,550.7982,27.3167,1.47244,0.15892,42.4558,37.4026
2021-04-15 20:00:00,63159.98,2514.04,1.75781,541.8824,27.7816,1.4782,0.16421,42.5601,37.0174
2021-04-16 00:00:00,62937.91,2497.57,1.73317,531.1736,27.9753,1.46415,0.16015,41.6503,36.2559
2021-04-16 04:00:00,61414.83,2426.59,1.68095,540.7577,26.9631,1.41858,0.15379,41.826,36.02
2021-04-16 08:00:00,60853.81,2382.67,1.59042,521.8795,26.1271,1.40429,0.14972,40.8224,34.9218
2021-04-16 12:00:00,61551.62,2428.92,1.65672,517.1799,25.9811,1.40262,0.15376,41.3009,35.1271
2021-04-16 16:00:00,61713.43,2429.66,1.62783,514.1988,25.7419,1.43046,0.15873,41.1619,35.3652
2021-04-16 20:00:00,61334.8,2422.67,1.54805,508.2743,25.2996,1.40989,0.16091,41.9861,35.45
2021-04-17 00:00:00,62372.27,2486.79,1.61285,533.3299,25.7718,1.436,0.17424,43.1071,36.6187
2021-04-17 04:00:00,62114.99,2461.4,1.70857,536.5812,26.1823,1.43553,0.17271,43.2639,36.0616
2021-04-17 08:00:00,60886.91,2408.99,1.59672,515.8129,25.8858,1.39001,0.16235,41.6208,35.2101
2021-04-17 12:00:00,60264.66,2345.0,1.57108,511.0706,25.9826,1.37239,0.15681,40.4596,34.2864
2021-04-17 16:00:00,60705.02,2378.57,1.57747,518.1317,25.2978,1.39062,0.1592,41.1042,34.5874
2021-04-17 20:00:00,60006.66,2317.6,1.53896,514.6861,24.85,1.36802,0.15535,39.9137,33.9342
2021-04-18 00:00:00,55014.46,2158.9,1.34385,481.6244,22.0209,1.19781,0.13716,33.1,26.3578
2021-04-18 04:00:00,56180.34,2210.29,1.36771,481.3611,27.2368,1.24902,0.14091,36.6379,29.5356
2021-04-18 08:00:00,53308.92,2052.19,1.18696,431.9994,25.3046,1.1348,0.1261,32.93,25.9867
2021-04-18 12:00:00,55452.45,2144.3,1.33042,467.4541,28.1281,1.24231,0.13881,37.5702,28.8551
2021-04-18 16:00:00,55720.66,2188.41,1.31784,474.3091,30.2,1.26061,0.13982,38.4099,28.8392
2021-04-18 20:00:00,56150.01,2235.64,1.40797,481.4367,32.3358,1.27693,0.14302,39.0799,29.3348
2021-04-19 00:00:00,57030.9,2266.21,1.45934,531.7589,31.8023,1.32083,0.14681,41.5471,29.8716
2021-04-19 04:00:00,57323.35,2268.6,1.48756,533.6125,30.7771,1.30381,0.14652,40.7037,30.1075
2021-04-19 08:00:00,57107.4,2246.63,1.41648,530.5607,33.8528,1.26943,0.14073,39.7184,28.65
2021-04-19 12:00:00,54585.22,2095.32,1.29062,483.835,30.4763,1.18041,0.13165,35.2324,25.8726
2021-04-19 16:00:00,55930.94,2187.46,1.35616,504.9853,34.3911,1.23,0.1347,37.4693,27.2556
2021-04-19 20:00:00,55633.14,2161.12,1.30945,504.0322,31.4711,1.1945,0.12993,35.7359,26.1827
2021-04-20 00:00:00,54764.12,2096.73,1.24224,487.2196,30.4787,1.15774,0.12197,34.8421,24.4635
2021-04-20 04:00:00,54410.57,2092.03,1.25016,493.9117,29.7888,1.15899,0.12214,34.8988,24.8681
2021-04-20 08:00:00,56266.83,2194.8,1.32438,527.5,31.2561,1.21463,0.13014,37.8133,27.9128
2021-04-20 12:00:00,55323.19,2186.65,1.33551,533.629,29.7206,1.1981,0.13003,36.6155,26.5008
2021-04-20 16:00:00,56572.44,2324.7,1.4043,587.1842,31.7825,1.26166,0.13363,38.9552,28.1196
2021-04-20 20:00:00,56425.0,2330.03,1.38501,586.3635,31.7028,1.26689,0.13279,38.9954,27.4058
2021-04-21 00:00:00,55204.6,2284.0,1.39994,581.6071,32.6112,1.24115,0.13115,37.497,26.9161
2021-04-21 04:00:00,55304.04,2294.18,1.40611,593.2244,31.751,1.26498,0.1311,37.5182,27.1831
2021-04-21 08:00:00,54563.37,2264.98,1.30917,563.8664,30.7265,1.21457,0.12604,36.2699,26.3133
2021-04-21 12:00:00,56153.75,2442.8,1.40124,582.465,34.3608,1.265,0.13249,38.6523,27.8807
2021-04-21 16:00:00,55478.7,2436.94,1.38064,576.8213,33.7102,1.26162,0.13022,38.1567,28.0469
2021-04-21 20:00:00,53787.63,2357.06,1.29097,543.6327,32.5534,1.20358,0.12273,36.2274,25.8131
2021-04-22 00:00:00,53497.09,2390.48,1.29054,542.4061,35.8759,1.19195,0.12041,35.8161,25.2431
2021-04-22 04:00:00,54144.99,2471.44,1.31233,555.3934,37.8,1.21831,0.12292,36.8169,26.3179
2021-04-22 08:00:00,54866.62,2544.7,1.32652,569.9,36.493,1.2279,0.12361,38.3308,27.0096
2021-04-22 12:00:00,54651.64,2610.58,1.32282,577.1117,38.8781,1.23232,0.12579,40.5139,27.1601
2021-04-22 16:00:00,52923.54,2535.54,1.30059,526.4786,38.2875,1.21604,0.12207,38.3053,25.6455
2021-04-22 20:00:00,51690.96,2397.94,1.15489,505.2411,38.9,1.144,0.11001,35.1306,23.9703
2021-04-23 00:00:00,50298.76,2282.74,1.07214,506.1816,36.5064,1.09456,0.0984,33.0635,22.0625
2021-04-23 04:00:00,47942.44,2132.45,1.02662,466.1843,32.2237,1.00437,0.09256,30.7861,20.4174
2021-04-23 08:00:00,50070.36,2295.03,1.12978,517.737,35.2822,1.12739,0.10448,33.5922,23.5391
2021-04-23 12:00:00,49836.62,2333.84,1.10486,505.0165,34.9074,1.09802,0.10299,33.972,23.1384
2021-04-23 16:00:00,50876.72,2363.92,1.13235,519.4118,35.7896,1.1325,0.1046,34.4492,23.4152
2021-04-23 20:00:00,51125.14,2367.39,1.17073,526.5357,37.3893,1.15866,0.10915,35.2121,23.5317
2021-04-24 00:00:00,50109.93,2296.81,1.12952,523.1328,35.8534,1.14479,0.10882,33.8849,23.7735
2021-04-24 04:00:00,49805.2,2273.34,1.12584,514.4,35.9136,1.17014,0.11066,33.5995,23.05
2021-04-24 08:00:00,49073.71,2179.43,1.04899,490.528,35.3061,1.11792,0.10595,31.8544,21.7882
2021-04-24 12:00:00,50212.03,2250.6,1.08391,505.844,36.9661,1.13134,0.10775,32.4109,22.4642
2021-04-24 16:00:00,50667.75,2269.71,1.07082,505.1029,42.1004,1.12711,0.10634,32.0974,22.466
2021-04-24 20:00:00,50047.84,2213.35,1.04833,496.992,40.8401,1.10287,0.10249,31.2443,21.8523
2021-04-25 00:00:00,49615.54,2187.18,1.04035,486.4045,40.9943,1.09212,0.10225,31.0701,21.6033
2021-04-25 04:00:00,49683.94,2193.43,1.04567,487.7097,41.2849,1.09773,0.1026,31.1691,21.7131
2021-04-25 08:00:00,49550.73,2288.0,1.0613,500.68,42.057,1.1161,0.10561,31.937,22.458
2021-04-25 12:00:00,50257.97,2341.59,1.1474,512.06,46.724,1.1418,0.10901,33.172,23.66
2021-04-25 16:00:00,49333.01,2268.57,1.0653,495.55,44.027,1.106,0.10416,31.713,21.992
2021-04-25 20:00:00,49066.77,2320.49,1.0351,505.0,47.405,1.0913,0.10176,31.692,21.624
2021-04-26 00:00:00,52398.99,2455.16,1.1336,533.19,47.189,1.182,0.11041,33.926,23.576
2021-04-26 04:00:00,52801.37,2450.0,1.1813,538.89,47.858,1.2142,0.11214,34.243,25.016
2021-04-26 08:00:00,53598.39,2517.3,1.224,541.53,45.406,1.2373,0.11396,35.016,25.522
2021-04-26 12:00:00,53571.12,2508.19,1.2538,538.0,46.851,1.2268,0.11382,34.669,25.552
2021-04-26 16:00:00,54036.19,2490.91,1.344,537.73,45.326,1.2363,0.11707,34.654,26.072
2021-04-26 20:00:00,54001.39,2532.6,1.3629,535.33,43.878,1.2375,0.11732,35.13,26.451
2021-04-27 00:00:00,53460.3,2493.16,1.4164,530.06,45.065,1.2429,0.11867,34.939,26.56
2021-04-27 04:00:00,54545.01,2545.63,1.4,540.23,45.653,1.2571,0.12364,35.977,27.368
2021-04-27 08:00:00,55152.43,2572.7,1.4365,575.35,45.136,1.3281,0.12805,36.931,27.662
2021-04-27 12:00:00,54981.87,2663.01,1.4201,566.74,43.898,1.3161,0.12636,36.75,27.529
2021-04-27 16:00:00,54761.7,2622.55,1.3731,561.91,43.417,1.2941,0.12354,36.595,26.92
2021-04-27 20:00:00,55011.97,2666.13,1.4017,568.78,43.147,1.3063,0.12594,36.788,27.949
2021-04-28 00:00:00,54774.05,2627.29,1.3818,559.68,43.159,1.3016,0.12357,36.166,27.8
2021-04-28 04:00:00,54255.98,2612.24,1.3521,554.56,42.453,1.2754,0.12072,35.703,26.748
2021-04-28 08:00:00,54853.26,2692.04,1.3656,560.14,44.105,1.2968,0.12244,36.305,27.196
2021-04-28 12:00:00,54338.14,2681.02,1.3309,555.2,45.831,1.297,0.12039,35.605,26.966
2021-04-28 16:00:00,55411.97,2737.97,1.3768,563.69,45.598,1.3318,0.12315,36.435,28.6
2021-04-28 20:00:00,54846.22,2748.24,1.3576,562.78,44.833,1.3379,0.12266,36.233,28.233
2021-04-29 00:00:00,54265.1,2694.15,1.3812,569.22,43.214,1.3202,0.12205,35.61,27.443
2021-04-29 04:00:00,54465.14,2730.63,1.4015,577.46,43.649,1.4046,0.12357,36.038,28.362
2021-04-29 08:00:00,54300.16,2762.22,1.4093,595.74,44.094,1.3901,0.12408,36.857,28.691
2021-04-29 12:00:00,53703.11,2777.39,1.3907,589.46,44.266,1.3577,0.12163,36.642,28.15
2021-04-29 16:00:00,52860.02,2725.95,1.365,580.52,41.978,1.2983,0.11931,35.614,27.267
2021-04-29 20:00:00,53555.0,2757.04,1.3978,599.7,42.484,1.3063,0.12123,36.467,27.912
2021-04-30 00:00:00,53679.03,2743.41,1.3982,605.13,42.255,1.3138,0.12126,36.419,28.428
2021-04-30 04:00:00,54343.11,2774.48,1.5712,616.89,43.003,1.3474,0.1254,37.463,30.151
2021-04-30 08:00:00,54230.63,2739.02,1.5821,602.93,42.957,1.3287,0.12365,37.792,30.277
2021-04-30 12:00:00,57180.06,2736.46,1.5693,606.38,42.633,1.3535,0.12694,38.15,31.076
2021-04-30 16:00:00,57007.38,2783.86,1.5918,625.73,43.727,1.3574,0.13074,38.343,32.268
2021-04-30 20:00:00,57694.27,2772.42,1.5988,622.65,42.786,1.3532,0.13223,38.1,32.8
2021-05-01 00:00:00,58178.67,2839.01,1.5945,635.97,43.033,1.366,0.13311,38.594,34.338
2021-05-01 04:00:00,57725.14,2858.74,1.565,625.9,42.834,1.3472,0.13038,38.293,33.446
2021-05-01 08:00:00,57816.9,2857.6,1.5683,627.0,44.403,1.3415,0.13046,38.767,34.633
2021-05-01 12:00:00,57356.58,2866.37,1.5609,619.25,47.36,1.3331,0.12882,39.138,32.976
2021-05-01 16:00:00,57770.31,2925.49,1.5802,621.77,49.45,1.3325,0.12974,40.994,32.547
2021-05-01 20:00:00,57800.37,2944.77,1.651,620.0,49.67,1.3516,0.13112,41.257,31.805
2021-05-02 00:00:00,56450.19,2901.51,1.5539,603.2,47.472,1.3084,0.12678,39.475,30.811
2021-05-02 04:00:00,56633.02,2892.9,1.5639,609.61,46.55,1.315,0.12672,39.377,31.427
2021-05-02 08:00:00,57090.0,2936.25,1.5778,619.93,46.651,1.3215,0.12827,39.879,32.223
2021-05-02 12:00:00,56595.2,2929.15,1.5721,622.66,47.04,1.3327,0.12778,39.315,31.763
2021-05-02 16:00:00,56836.4,2963.56,1.5877,627.31,47.902,1.3467,0.12892,40.022,32.15
2021-05-02 20:00:00,56578.21,2949.56,1.5605,621.78,46.897,1.3267,0.12759,39.461,31.28
2021-05-03 00:00:00,57925.8,3054.33,1.5832,624.98,47.639,1.345,0.1296,39.98,32.824
2021-05-03 04:00:00,58787.87,3146.95,1.613,635.88,48.469,1.3594,0.13212,40.8,32.8
2021-05-03 08:00:00,58657.63,3151.95,1.5914,647.52,48.24,1.3727,0.13533,40.616,32.991
2021-05-03 12:00:00,57601.83,3163.66,1.5537,660.58,47.837,1.3429,0.13282,40.343,33.04
2021-05-03 16:00:00,57564.87,3301.27,1.5691,676.07,47.022,1.3642,0.13257,42.606,35.813
2021-05-03 20:00:00,57169.39,3431.04,1.5546,676.15,45.912,1.3622,0.13159,42.052,35.871
2021-05-04 00:00:00,55452.17,3232.25,1.4464,638.71,45.02,1.299,0.12412,39.295,33.2
2021-05-04 04:00:00,55917.97,3313.63,1.4551,654.09,45.935,1.3073,0.12528,39.876,33.4
2021-05-04 08:00:00,56143.42,3480.01,1.4691,652.86,47.073,1.3406,0.12776,42.741,34.406
2021-05-04 12:00:00,53799.33,3228.49,1.3681,612.85,43.594,1.2721,0.1203,42.454,30.41
2021-05-04 16:00:00,54541.13,3412.9,1.4114,630.7,44.551,1.3051,0.12308,46.7,31.959
2021-05-04 20:00:00,53200.01,3239.01,1.3877,609.3,42.636,1.2698,0.11917,45.527,30.287
2021-05-05 00:00:00,54795.19,3296.34,1.4303,627.77,43.865,1.3241,0.12356,48.463,31.259
2021-05-05 04:00:00,54858.35,3339.51,1.4521,642.59,44.498,1.3298,0.12636,49.935,32.323
2021-05-05 08:00:00,55108.95,3352.65,1.5633,642.69,44.391,1.3556,0.13157,48.01,32.114
2021-05-05 12:00:00,57636.74,3305.9,1.5388,646.42,44.188,1.3767,0.13206,47.045,33.132
2021-05-05 16:00:00,57136.04,3480.84,1.5929,649.74,45.962,1.4644,0.13812,48.715,34.991
2021-05-05 20:00:00,57436.11,3524.26,1.6133,651.1,44.98,1.4798,0.14654,49.575,35.258
2021-05-06 00:00:00,56797.09,3469.18,1.6949,641.23,44.194,1.4897,0.14547,47.668,34.993
2021-05-06 04:00:00,56814.79,3439.2,1.6563,640.74,43.85,1.4825,0.1415,47.183,37.279
2021-05-06 08:00:00,57988.0,3523.15,1.6591,648.12,44.54,1.6608,0.14454,48.688,37.723
2021-05-06 12:00:00,57088.49,3551.25,1.6665,639.54,43.711,1.6226,0.14871,47.718,36.47
2021-05-06 16:00:00,56128.42,3482.07,1.6194,631.9,43.799,1.5963,0.14842,46.826,36.992
2021-05-06 20:00:00,56393.68,3489.73,1.6028,633.99,43.496,1.6491,0.15216,47.154,38.003
2021-05-07 00:00:00,55705.67,3424.01,1.5501,618.74,41.985,1.5764,0.15605,47.002,37.107
2021-05-07 04:00:00,55766.34,3434.17,1.5749,620.98,42.251,1.6224,0.15777,46.794,39.595
2021-05-07 08:00:00,56464.74,3443.48,1.5847,625.13,42.697,1.6898,0.16106,47.18,42.125
2021-05-07 12:00:00,57519.24,3560.93,1.6231,635.95,44.947,1.6973,0.15712,48.922,41.67
2021-05-07 16:00:00,57584.01,3512.59,1.592,626.2,43.766,1.6481,0.15026,49.859,39.766
2021-05-07 20:00:00,57314.75,3479.53,1.5793,624.3,43.182,1.653,0.14763,49.129,37.875
2021-05-08 00:00:00,58099.98,3532.1,1.6012,632.44,43.514,1.6282,0.14992,49.154,38.995
2021-05-08 04:00:00,58463.06,3527.87,1.5991,629.22,43.626,1.6397,0.1486,48.662,38.41
2021-05-08 08:00:00,58556.09,3540.24,1.5807,631.4,44.257,1.5835,0.15017,47.642,38.388
2021-05-08 12:00:00,57599.87,3631.16,1.5486,639.19,43.553,1.5683,0.14288,46.94,37.509
2021-05-08 16:00:00,59030.56,3811.84,1.5783,653.98,44.897,1.6177,0.14545,47.765,39.356
2021-05-08 20:00:00,58862.05,3910.26,1.5611,646.1,45.612,1.6211,0.14301,48.597,38.399
2021-05-09 00:00:00,58632.78,3870.09,1.5174,641.68,44.569,1.5943,0.13966,47.282,37.038
2021-05-09 04:00:00,57965.59,3937.76,1.5082,644.94,44.712,1.7353,0.13951,47.5,36.483
2021-05-09 08:00:00,57907.49,3851.98,1.508,668.61,44.8,1.7305,0.13945,48.704,36.9
2021-05-09 12:00:00,57379.58,3878.46,1.5098,665.6,44.159,1.7919,0.13998,51.804,37.047
2021-05-09 16:00:00,57266.97,3862.96,1.5072,658.55,44.23,1.7588,0.14006,50.353,37.698
2021-05-09 20:00:00,58240.84,3923.95,1.5345,661.74,44.33,1.7663,0.14295,52.269,38.969
2021-05-10 00:00:00,59356.76,4054.58,1.5884,677.9,45.025,1.756,0.14513,51.757,38.983
2021-05-10 04:00:00,58370.17,4105.85,1.6063,677.74,45.488,1.7818,0.14524,51.561,40.864
2021-05-10 08:00:00,58070.63,4066.18,1.5595,664.77,43.918,1.7502,0.1423,50.388,38.774
2021-05-10 12:00:00,58296.36,4156.37,1.5441,665.41,43.881,1.7594,0.14243,50.54,38.4
2021-05-10 16:00:00,55733.76,3991.12,1.4049,640.21,42.088,1.6484,0.12946,46.128,33.405
2021-05-10 20:00:00,55816.14,3945.88,1.3906,631.1,42.854,1.6423,0.12716,46.334,34.652
2021-05-11 00:00:00,55142.46,3855.52,1.3829,633.06,40.4,1.62,0.12324,45.451,33.354
2021-05-11 04:00:00,55740.09,3961.68,1.4369,654.56,41.62,1.6607,0.12934,46.382,35.001
2021-05-11 08:00:00,55210.47,3971.98,1.4201,654.7,41.408,1.7155,0.13052,46.181,34.683
2021-05-11 12:00:00,56052.82,4020.99,1.4553,668.1,41.377,1.7784,0.13552,47.21,35.783
2021-05-11 16:00:00,56608.94,4067.06,1.4692,668.78,42.956,1.7509,0.13922,48.418,35.365
2021-05-11 20:00:00,56670.02,4173.45,1.4786,671.91,44.538,1.7632,0.13893,48.826,36.8
2021-05-12 00:00:00,57756.94,4332.81,1.5376,683.23,44.469,1.813,0.14671,49.627,38.494
2021-05-12 04:00:00,57101.07,4306.42,1.4843,670.58,44.838,1.7754,0.14056,48.36,38.716
2021-05-12 08:00:00,56421.46,4273.91,1.4609,663.99,46.088,1.7528,0.13865,48.01,40.34
2021-05-12 12:00:00,55479.13,4189.07,1.4068,649.72,47.45,1.6964,0.13314,46.507,38.462
2021-05-12 16:00:00,54432.39,4083.92,1.3966,642.16,44.869,1.7152,0.12948,45.735,37.694
2021-05-12 20:00:00,49631.32,3823.21,1.2691,594.65,43.709,1.5694,0.11918,41.622,32.8
2021-05-13 00:00:00,50461.99,3941.08,1.3367,607.54,42.614,1.6365,0.12128,43.689,35.591
2021-05-13 04:00:00,50879.72,3968.0,1.3634,622.83,44.272,1.728,0.12432,43.97,36.541
2021-05-13 08:00:00,49777.01,3744.47,1.289,591.72,41.575,1.8066,0.11993,42.501,33.92
2021-05-13 12:00:00,49627.64,3747.02,1.3003,593.7,41.401,1.9324,0.11921,43.299,33.902
2021-05-13 16:00:00,48568.85,3651.75,1.2573,551.07,39.06,1.8654,0.1152,41.278,32.756
2021-05-13 20:00:00,49670.97,3717.91,1.364,571.1,41.049,1.9296,0.12159,43.287,35.075
2021-05-14 00:00:00,49157.93,3790.81,1.3336,574.73,40.806,1.862,0.12022,43.665,34.118
2021-05-14 04:00:00,49987.2,3881.66,1.3791,597.57,41.084,1.8698,0.12541,44.977,35.095
2021-05-14 08:00:00,50538.14,3999.82,1.4064,607.15,42.795,1.8638,0.12603,45.844,36.143
2021-05-14 12:00:00,51211.98,4131.29,1.4117,611.69,44.619,1.9154,0.12703,47.122,37.186
2021-05-14 16:00:00,50138.09,4046.35,1.3796,598.9,43.149,1.9183,0.12403,46.091,35.92
2021-05-14 20:00:00,49841.45,4075.01,1.4,602.61,42.7,2.0069,0.12473,46.567,36.999
2021-05-15 00:00:00,49627.01,4025.63,1.3953,602.35,42.148,2.1463,0.1236,46.592,37.299
2021-05-15 04:00:00,48469.28,3907.66,1.3478,581.82,40.804,2.0945,0.12016,44.857,35.755
2021-05-15 08:00:00,48929.74,3902.03,1.3561,587.32,41.206,2.16,0.12114,43.861,37.19
2021-05-15 12:00:00,48982.99,3875.52,1.5176,586.01,41.351,2.2625,0.12385,43.899,38.608
2021-05-15 16:00:00,48108.4,3751.43,1.4819,574.66,42.282,2.2721,0.12225,42.025,36.28
2021-05-15 20:00:00,46762.99,3646.68,1.4904,563.41,43.486,2.1744,0.12059,41.492,34.439
2021-05-16 00:00:00,48383.46,3826.23,1.5965,579.1,47.614,2.2806,0.12707,42.83,35.768
2021-05-16 04:00:00,49375.28,3866.75,1.5893,592.54,46.468,2.4134,0.12802,44.077,37.038
2021-05-16 08:00:00,49014.99,3789.69,1.5407,598.81,47.184,2.3828,0.1278,43.647,37.338
2021-05-16 12:00:00,47727.26,3633.45,1.4819,571.96,48.49,2.2773,0.12212,41.439,37.05
2021-05-16 16:00:00,45549.26,3419.22,1.3871,550.19,43.654,2.0912,0.11715,39.089,33.62
2021-05-16 20:00:00,46431.5,3582.1,1.4496,564.32,46.85,2.3002,0.11964,40.67,36.6
2021-05-17 00:00:00,42915.46,3240.13,1.3501,507.31,44.029,2.0705,0.11047,36.341,32.978
2021-05-17 04:00:00,45149.18,3520.85,1.4509,537.61,50.57,2.2323,0.11693,39.376,35.301
2021-05-17 08:00:00,45731.39,3516.52,1.5415,539.08,50.137,2.1969,0.11913,39.713,35.234
2021-05-17 12:00:00,43362.75,3284.75,1.4692,505.0,48.551,2.0388,0.11326,36.736,34.319
2021-05-17 16:00:00,44197.73,3378.75,1.5315,519.02,49.155,2.0892,0.11463,38.253,34.944
2021-05-17 20:00:00,43538.04,3282.51,1.4946,512.07,46.708,2.0307,0.11279,37.177,33.67
2021-05-18 00:00:00,44779.83,3384.57,1.5246,523.74,47.743,2.0618,0.11602,38.848,35.966
2021-05-18 04:00:00,45172.7,3510.02,1.5159,525.21,51.96,2.0885,0.11697,40.137,36.89
2021-05-18 08:00:00,45321.02,3533.89,1.6695,529.56,54.516,2.1078,0.11926,41.132,37.18
2021-05-18 12:00:00,42969.47,3345.5,1.5479,503.29,53.412,2.002,0.11397,39.71,34.796
2021-05-18 16:00:00,43262.71,3402.38,1.5788,512.65,55.16,2.0315,0.11598,42.884,36.148
2021-05-18 20:00:00,42849.78,3375.07,1.5889,507.88,55.977,2.0036,0.11627,42.566,36.875
2021-05-19 00:00:00,40591.15,3097.23,1.4882,453.23,51.974,1.8289,0.10737,38.948,34.4
2021-05-19 04:00:00,40371.44,2985.0,1.4788,438.42,50.863,1.7823,0.1031,38.057,33.493
2021-05-19 08:00:00,38700.0,2721.08,1.2787,394.52,43.969,1.5943,0.09301,33.325,28.371
2021-05-19 12:00:00,37318.52,2742.61,1.2015,378.96,46.324,1.6327,0.08173,30.105,26.84
2021-05-19 16:00:00,39342.93,2601.13,1.1648,384.5,40.857,1.6383,0.08488,29.53,26.816
2021-05-19 20:00:00,36690.09,2438.92,1.0568,334.8,34.988,1.4663,0.07881,26.227,23.052
2021-05-20 00:00:00,38341.04,2472.46,1.1064,341.53,36.451,1.5604,0.08074,26.755,22.657
2021-05-20 04:00:00,39959.68,2712.69,1.1857,370.7,41.682,1.6956,0.08564,29.987,25.933
2021-05-20 08:00:00,40475.17,2754.41,1.1783,373.83,43.238,1.7996,0.08637,30.282,25.773
2021-05-20 12:00:00,41432.88,2903.99,1.2167,401.29,45.878,1.8524,0.09019,31.71,26.937
2021-05-20 16:00:00,40116.04,2782.41,1.1802,390.1,44.831,1.8088,0.08766,30.519,26.024
2021-05-20 20:00:00,40526.64,2768.62,1.1795,391.17,44.42,1.8006,0.08928,30.606,25.086
2021-05-21 00:00:00,40666.91,2790.86,1.1483,392.1,45.446,1.754,0.09061,30.426,25.409
2021-05-21 04:00:00,39842.57,2686.96,1.1221,383.88,43.961,1.7093,0.08782,28.792,24.407
2021-05-21 08:00:00,41124.29,2712.37,1.132,381.4,42.214,1.715,0.08908,29.181,24.788
2021-05-21 12:00:00,36794.57,2420.69,1.0122,327.59,36.922,1.5243,0.07952,25.302,21.649
2021-05-21 16:00:00,36062.12,2349.5,0.9886,316.14,38.159,1.4798,0.07705,24.564,20.866
2021-05-21 20:00:00,37252.01,2430.98,1.0062,326.01,38.925,1.5493,0.0779,25.546,21.827
2021-05-22 00:00:00,36951.85,2329.99,0.9333,314.4,37.68,1.5079,0.07533,24.665,20.383
2021-05-22 04:00:00,36269.28,2248.57,0.8893,300.35,35.153,1.4384,0.0737,23.221,19.578
2021-05-22 08:00:00,38157.76,2415.54,0.9305,321.89,36.953,1.5328,0.07672,24.89,20.537
2021-05-22 12:00:00,38162.4,2367.21,0.9118,316.91,35.367,1.5359,0.07636,24.81,19.972
2021-05-22 16:00:00,37286.65,2255.05,0.8734,298.96,31.35,1.44,0.07426,22.998,18.353
2021-05-22 20:00:00,37449.73,2294.87,0.9052,299.76,31.222,1.4629,0.07534,23.296,18.797
2021-05-23 00:00:00,37421.59,2317.8,0.9226,299.63,30.247,1.4823,0.07515,23.633,19.296
2021-05-23 04:00:00,35927.69,2157.64,0.878,279.22,26.664,1.3932,0.0714,21.416,17.575
2021-05-23 08:00:00,35389.1,2115.49,0.785,257.93,25.671,1.2649,0.06658,19.313,15.676
2021-05-23 12:00:00,33318.09,1924.79,0.7155,236.55,22.897,1.169,0.06056,17.508,13.719
2021-05-23 16:00:00,33051.73,1968.09,0.7018,236.37,22.939,1.1694,0.05868,17.532,14.464
2021-05-23 20:00:00,34655.25,2096.39,0.7898,260.72,24.536,1.3139,0.06285,19.844,15.606
2021-05-24 00:00:00,35251.37,2141.29,0.7945,273.48,26.625,1.3693,0.06459,21.453,15.745
2021-05-24 04:00:00,36645.79,2291.1,0.8589,296.05,28.533,1.4828,0.06944,23.424,17.949
2021-05-24 08:00:00,37600.01,2367.74,0.8769,306.25,30.282,1.4842,0.07109,24.079,17.979
2021-05-24 12:00:00,37539.63,2509.07,0.864,318.63,30.287,1.5044,0.07169,24.726,18.453
2021-05-24 16:00:00,39606.1,2650.86,0.9317,344.44,31.925,1.5762,0.07492,25.833,19.895
2021-05-24 20:00:00,38796.29,2648.43,0.993,345.64,31.416,1.55,0.07696,26.412,19.395
2021-05-25 00:00:00,38304.51,2582.48,0.9756,345.53,29.192,1.5397,0.07585,25.63,18.438
2021-05-25 04:00:00,38985.06,2660.48,1.0164,356.44,29.574,1.6017,0.07802,26.545,19.519
2021-05-25 08:00:00,36537.16,2392.72,0.8995,309.65,26.313,1.4467,0.07185,23.749,17.309
2021-05-25 12:00:00,38277.57,2610.47,0.951,338.14,29.5,1.5604,0.07575,26.132,19.211
2021-05-25 16:00:00,37292.69,2512.12,0.9158,322.32,28.381,1.5003,0.07383,25.117,18.059
2021-05-25 20:00:00,38324.72,2705.11,0.9746,343.18,29.973,1.5532,0.07714,27.503,19.446
2021-05-26 00:00:00,39503.98,2840.45,1.0095,364.02,32.487,1.6773,0.08004,30.441,20.468
2021-05-26 04:00:00,40445.79,2890.62,1.0503,383.46,35.029,1.7816,0.08398,32.075,21.312
2021-05-26 08:00:00,39850.65,2832.87,1.0278,377.6,36.176,1.7734,0.08237,32.297,20.899
2021-05-26 12:00:00,38758.61,2744.78,0.9908,365.88,34.301,1.7137,0.08018,29.991,19.52
2021-05-26 16:00:00,38485.1,2739.85,0.9915,366.57,33.535,1.7181,0.08053,30.439,19.393
2021-05-26 20:00:00,39241.91,2884.94,1.0316,379.16,35.43,1.7791,0.08312,34.018,20.797
2021-05-27 00:00:00,37621.56,2679.26,0.9539,348.0,31.852,1.6533,0.07782,31.122,19.284
2021-05-27 04:00:00,38275.47,2735.02,0.9882,361.94,33.133,1.702,0.0794,32.701,19.671
2021-05-27 08:00:00,39690.01,2826.88,1.0167,376.92,35.054,1.7368,0.0814,34.773,20.197
2021-05-27 12:00:00,39667.0,2803.99,1.013,379.37,34.165,1.7187,0.08098,33.762,19.946
2021-05-27 16:00:00,38768.35,2757.66,0.9796,373.15,34.439,1.6747,0.0797,32.216,19.544
2021-05-27 20:00:00,38529.98,2742.23,0.9747,369.67,33.747,1.6552,0.07949,31.732,19.118
2021-05-28 00:00:00,38237.18,2716.07,0.9702,364.82,33.824,1.6731,0.07922,31.899,19.49
2021-05-28 04:00:00,36975.93,2566.13,0.9043,343.39,31.046,1.5692,0.075,29.345,17.958
2021-05-28 08:00:00,35351.65,2435.66,0.8524,317.14,28.48,1.4616,0.07098,27.223,16.354
2021-05-28 12:00:00,36749.31,2558.36,0.9118,337.66,31.149,1.5453,0.07376,29.982,17.684
2021-05-28 16:00:00,35789.3,2499.51,0.9034,333.44,30.815,1.5438,0.07294,29.144,17.274
2021-05-28 20:00:00,35663.49,2412.1,0.8985,328.82,28.989,1.5133,0.07204,27.878,16.727
2021-05-29 00:00:00,36458.77,2525.29,0.9291,345.14,29.451,1.5504,0.07388,28.84,17.179
2021-05-29 04:00:00,36145.02,2488.96,0.8962,335.77,29.139,1.5011,0.07263,28.086,16.795
2021-05-29 08:00:00,35375.0,2450.75,0.8732,328.99,28.728,1.485,0.07189,27.519,16.687
2021-05-29 12:00:00,34416.27,2328.92,0.8301,309.65,26.982,1.3975,0.06913,25.398,15.675
2021-05-29 16:00:00,34025.43,2247.04,0.8131,299.98,26.041,1.3583,0.0679,24.717,15.621
2021-05-29 20:00:00,34605.15,2278.74,0.8318,305.04,27.388,1.4029,0.06877,25.365,16.168
2021-05-30 00:00:00,34770.12,2296.12,0.8374,309.82,26.764,1.482,0.06907,25.452,16.15
2021-05-30 04:00:00,35998.33,2452.33,0.8808,331.37,29.578,1.6201,0.07244,28.252,17.096
2021-05-30 08:00:00,36359.44,2461.56,0.9067,337.99,29.412,1.6908,0.07315,29.034,17.376
2021-05-30 12:00:00,35477.0,2382.48,0.881,323.04,27.803,1.6253,0.07156,27.428,16.73
2021-05-30 16:00:00,36077.59,2441.9,0.8978,331.57,29.109,1.626,0.07278,27.965,17.022
2021-05-30 20:00:00,35641.27,2385.98,0.9058,325.57,28.588,1.5751,0.07196,26.818,16.518
2021-05-31 00:00:00,34489.57,2300.77,0.8962,310.59,28.059,1.5508,0.07034,25.906,16.04
2021-05-31 04:00:00,35850.17,2450.42,0.9948,328.25,30.599,1.6164,0.07345,27.653,17.081
2021-05-31 08:00:00,36836.46,2551.46,1.0066,346.55,31.55,1.665,0.07529,28.822,17.653
2021-05-31 12:00:00,36961.16,2637.48,1.0143,346.77,32.646,1.6658,0.07567,30.18,17.821
2021-05-31 16:00:00,36863.67,2627.2,0.9941,344.41,31.607,1.6619,0.07499,30.742,17.556
2021-05-31 20:00:00,37253.81,2706.15,1.0409,353.33,32.75,1.7373,0.07679,32.098,18.14
2021-06-01 00:00:00,36704.99,2630.79,1.0364,345.77,32.207,1.7117,0.07539,30.566,17.836
2021-06-01 04:00:00,36831.58,2652.53,1.0501,349.06,32.121,1.725,0.07607,30.631,17.903
2021-06-01 08:00:00,36596.62,2624.09,1.0298,353.79,32.057,1.727,0.07532,30.352,17.888
2021-06-01 12:00:00,36235.29,2568.49,1.0074,348.85,31.185,1.7015,0.07489,29.872,17.544
2021-06-01 16:00:00,35973.87,2542.67,0.9861,349.74,30.08,1.719,0.07453,29.57,17.406
2021-06-01 20:00:00,36693.09,2634.57,1.0108,362.39,30.938,1.7363,0.07614,30.719,17.748
2021-06-02 00:00:00,36472.39,2615.4,1.0063,359.01,31.038,1.7596,0.07616,30.527,17.827
2021-06-02 04:00:00,37220.0,2692.6,1.0203,375.15,31.723,1.7841,0.077,30.997,17.914
2021-06-02 08:00:00,37203.08,2694.35,1.0116,388.07,32.419,1.7536,0.0765,30.359,18.17
2021-06-02 12:00:00,38040.7,2791.24,1.0386,414.02,33.646,1.795,0.07938,31.899,19.24
2021-06-02 16:00:00,37884.57,2758.19,1.0329,411.24,34.173,1.787,0.07877,31.158,19.041
2021-06-02 20:00:00,37568.68,2706.22,1.0241,401.54,33.994,1.7534,0.07804,30.67,18.687
2021-06-03 00:00:00,37634.57,2725.8,1.0259,407.92,35.529,1.7626,0.07847,31.075,19.224
2021-06-03 04:00:00,38634.09,2820.32,1.033,411.72,36.665,1.7755,0.07964,31.497,19.959
2021-06-03 08:00:00,38781.75,2806.63,1.0417,422.14,36.756,1.843,0.07997,32.023,20.023
2021-06-03 12:00:00,38535.61,2788.11,1.0244,414.12,38.489,1.82,0.07982,31.805,19.472
2021-06-03 16:00:00,38596.64,2793.29,1.0314,414.05,39.485,1.8206,0.07969,31.842,19.621
2021-06-03 20:00:00,39246.79,2857.25,1.045,428.48,39.602,1.8453,0.08223,32.198,20.268
2021-06-04 00:00:00,37933.72,2753.27,0.9976,408.14,38.84,1.7621,0.07889,30.159,19.107
2021-06-04 04:00:00,36610.29,2619.69,0.9396,376.15,36.716,1.6595,0.07537,28.233,17.956
2021-06-04 08:00:00,36585.66,2624.53,0.9423,379.0,35.584,1.6713,0.07535,28.076,17.914
2021-06-04 12:00:00,36948.85,2658.01,0.9661,388.89,38.174,1.7172,0.07646,28.742,18.279
2021-06-04 16:00:00,36800.99,2681.08,0.9677,391.21,37.761,1.7152,0.07692,28.948,18.4
2021-06-04 20:00:00,36829.0,2689.51,0.9683,390.7,37.338,1.7077,0.07714,28.826,18.243
2021-06-05 00:00:00,37410.0,2762.33,0.9793,410.17,41.45,1.7462,0.0783,29.446,18.638
2021-06-05 04:00:00,37582.14,2781.06,0.9884,418.38,41.506,1.7616,0.07906,29.558,18.733
2021-06-05 08:00:00,35869.42,2639.9,0.9396,391.0,40.043,1.6727,0.07601,27.674,17.789
2021-06-05 12:00:00,36321.42,2654.99,0.9417,402.21,40.509,1.6967,0.07635,27.562,18.1
2021-06-05 16:00:00,35778.94,2602.77,0.927,387.42,39.501,1.6643,0.07549,27.025,17.47
2021-06-05 20:00:00,35513.2,2627.73,0.923,390.08,39.633,1.6551,0.07552,27.129,17.23
2021-06-06 00:00:00,35989.67,2674.19,0.9363,392.78,39.685,1.6763,0.07649,27.377,17.655
2021-06-06 04:00:00,36132.57,2689.43,0.9408,394.22,39.75,1.6961,0.07681,27.785,17.77
2021-06-06 08:00:00,35868.13,2690.75,0.9312,388.99,40.557,1.6734,0.07664,27.535,17.658
2021-06-06 12:00:00,36157.47,2721.0,0.94,392.37,42.836,1.6817,0.07712,27.578,17.686
2021-06-06 16:00:00,35747.15,2673.87,0.9328,386.55,41.648,1.6596,0.07623,26.951,17.488
2021-06-06 20:00:00,35796.31,2711.92,0.947,393.73,42.205,1.6771,0.07745,27.532,17.383
2021-06-07 00:00:00,36392.93,2767.38,0.9623,398.84,42.596,1.7259,0.07799,28.109,17.45
2021-06-07 04:00:00,36139.99,2764.42,0.9535,395.3,43.751,1.7101,0.07758,27.881,17.429
2021-06-07 08:00:00,36376.47,2812.65,0.959,398.7,43.3,1.7203,0.07793,28.301,17.319
2021-06-07 12:00:00,36035.51,2783.0,0.9435,394.76,42.176,1.712,0.07741,27.805,17.266
2021-06-07 16:00:00,35634.46,2730.3,0.9281,388.96,42.795,1.6778,0.07608,26.976,16.8
2021-06-07 20:00:00,33552.79,2592.05,0.8618,357.96,38.235,1.5659,0.0717,24.584,15.536
2021-06-08 00:00:00,32817.09,2490.96,0.8451,346.33,37.519,1.5254,0.06982,23.878,14.8
2021-06-08 04:00:00,32966.7,2516.15,0.8648,349.62,36.796,1.5338,0.07015,24.088,14.998
2021-06-08 08:00:00,33089.99,2533.03,0.865,354.5,37.25,1.5388,0.07147,24.288,15.141
2021-06-08 12:00:00,31705.24,2375.36,0.8096,331.24,36.683,1.4557,0.06855,22.386,14.256
2021-06-08 16:00:00,32864.18,2501.15,0.8625,347.7,41.145,1.5513,0.07137,23.815,14.851
2021-06-08 20:00:00,33380.81,2507.23,0.8731,352.5,41.245,1.5819,0.07242,24.076,14.792
2021-06-09 00:00:00,32863.07,2454.86,0.8458,341.39,40.577,1.5077,0.07079,22.95,13.903
2021-06-09 04:00:00,34169.05,2503.09,0.8669,353.05,42.979,1.5521,0.07247,23.667,14.801
2021-06-09 08:00:00,34972.42,2535.48,0.8744,358.87,43.551,1.5729,0.07337,24.151,14.96
2021-06-09 12:00:00,36357.11,2566.92,0.89,368.26,42.536,1.6202,0.07454,25.184,15.533
2021-06-09 16:00:00,36260.45,2562.73,0.8802,366.64,41.748,1.5815,0.07358,24.792,15.075
2021-06-09 20:00:00,37388.05,2610.18,0.9218,375.54,42.032,1.6279,0.07536,25.585,15.4
2021-06-10 00:00:00,36959.69,2563.15,0.8932,369.75,40.724,1.5952,0.07475,24.809,14.627
2021-06-10 04:00:00,36962.14,2548.12,0.8887,365.52,42.124,1.5755,0.07501,24.553,14.703
2021-06-10 08:00:00,37818.54,2566.31,0.8851,366.16,41.979,1.5732,0.07661,24.529,14.618
2021-06-10 12:00:00,36896.75,2512.02,0.8663,357.12,41.111,1.5394,0.07344,23.711,14.239
2021-06-10 16:00:00,36675.09,2458.69,0.8663,350.56,40.946,1.5331,0.07265,23.118,13.98
2021-06-10 20:00:00,36675.72,2471.09,0.8686,351.94,41.105,1.5328,0.07257,23.114,14.193
2021-06-11 00:00:00,36754.4,2465.1,0.8685,355.5,40.171,1.5303,0.07277,23.005,13.911
2021-06-11 04:00:00,37147.55,2446.08,0.8666,354.23,38.729,1.508,0.07236,22.776,13.862
2021-06-11 08:00:00,37378.82,2470.73,0.8692,360.12,39.314,1.5173,0.0724,22.993,14.415
2021-06-11 12:00:00,36818.41,2416.04,0.8584,355.18,37.8,1.4914,0.07101,22.535,13.961
2021-06-11 16:00:00,37246.77,2398.12,0.8529,354.68,37.143,1.4613,0.07036,21.938,13.843
2021-06-11 20:00:00,37331.98,2354.01,0.8471,345.75,36.157,1.4371,0.06919,21.478,13.408
2021-06-12 00:00:00,35571.19,2300.18,0.8187,332.26,35.431,1.3906,0.06674,20.545,13.101
2021-06-12 04:00:00,35289.06,2322.12,0.8204,334.71,36.122,1.3976,0.06703,20.522,13.319
2021-06-12 08:00:00,35596.7,2388.7,0.8255,338.05,36.624,1.4327,0.06775,20.954,13.295
2021-06-12 12:00:00,35384.96,2393.08,0.8291,341.01,36.586,1.4591,0.06799,21.583,13.198
2021-06-12 16:00:00,35730.0,2409.71,0.8388,345.8,36.441,1.4756,0.06861,22.015,13.435
2021-06-12 20:00:00,35546.11,2370.74,0.8326,343.7,36.476,1.4789,0.06804,21.67,13.545
2021-06-13 00:00:00,34867.8,2333.41,0.8243,338.47,35.753,1.4511,0.06716,21.021,13.27
2021-06-13 04:00:00,35280.02,2324.25,0.8236,335.68,35.743,1.4364,0.06699,20.755,13.505
2021-06-13 08:00:00,35904.03,2363.04,0.833,336.75,35.856,1.4401,0.06781,21.037,14.017
2021-06-13 12:00:00,36034.97,2351.6,0.8304,334.5,34.969,1.4201,0.06767,20.708,14.06
2021-06-13 16:00:00,37650.0,2430.27,0.8624,353.43,38.1,1.5057,0.06992,22.284,14.4
2021-06-13 20:00:00,39020.57,2509.33,0.8832,365.8,38.706,1.5566,0.07153,23.312,14.761
2021-06-14 00:00:00,38975.14,2478.34,0.8703,359.19,37.871,1.5378,0.07061,23.271,14.564
2021-06-14 04:00:00,39555.24,2499.73,0.8755,360.92,37.783,1.5395,0.07109,23.425,14.796
2021-06-14 08:00:00,39166.33,2479.54,0.8663,357.42,37.323,1.516,0.07028,23.055,14.595
2021-06-14 12:00:00,40685.37,2577.17,0.8918,375.21,39.862,1.5804,0.07233,24.793,15.288
2021-06-14 16:00:00,39716.06,2539.57,0.8891,365.64,39.002,1.5493,0.07082,24.142,14.85
2021-06-14 20:00:00,40516.29,2580.77,0.8906,370.19,39.694,1.5769,0.07203,24.973,15.113
2021-06-15 00:00:00,40404.86,2586.82,0.8862,372.51,40.545,1.5728,0.07197,25.464,15.068
2021-06-15 04:00:00,40365.74,2622.58,0.8939,376.21,41.294,1.5967,0.07237,26.147,15.324
2021-06-15 08:00:00,39839.9,2577.46,0.8786,369.33,40.538,1.5762,0.07156,25.698,15.038
2021-06-15 12:00:00,40065.01,2551.31,0.8655,366.23,39.981,1.5558,0.07112,24.963,14.782
2021-06-15 16:00:00,39958.01,2531.59,0.8731,365.85,40.043,1.558,0.0715,24.814,14.8
2021-06-15 20:00:00,40144.04,2543.54,0.8663,366.48,39.536,1.5552,0.07174,24.482,14.714
2021-06-16 00:00:00,40013.63,2521.89,0.8642,361.09,39.041,1.5452,0.07214,24.215,14.524
2021-06-16 04:00:00,40126.87,2528.1,0.8668,364.37,39.439,1.562,0.07228,24.414,14.672
2021-06-16 08:00:00,39080.01,2460.06,0.8413,352.88,38.082,1.5207,0.07005,23.701,14.16
2021-06-16 12:00:00,38775.66,2415.95,0.8336,349.59,39.539,1.5042,0.06974,23.333,14.26
2021-06-16 16:00:00,38680.11,2418.86,0.8423,351.54,39.499,1.5156,0.06999,23.557,14.395
2021-06-16 20:00:00,38349.01,2367.89,0.832,347.22,39.728,1.4851,0.06895,23.044,14.078
2021-06-17 00:00:00,38865.05,2434.38,0.8561,356.99,40.291,1.5299,0.07096,24.024,14.844
2021-06-17 04:00:00,39207.36,2441.01,0.8557,360.25,41.005,1.5308,0.07135,24.128,15.261
2021-06-17 08:00:00,39146.36,2424.5,0.8524,358.5,40.646,1.5143,0.07173,24.1,15.196
2021-06-17 12:00:00,39007.91,2417.24,0.8511,357.05,40.27,1.5065,0.07243,24.021,15.124
2021-06-17 16:00:00,37702.53,2340.18,0.8291,348.68,39.291,1.4678,0.07123,23.041,14.379
2021-06-17 20:00:00,38092.97,2373.28,0.8419,352.85,39.265,1.4826,0.0739,23.396,14.844
2021-06-18 00:00:00,37926.79,2342.16,0.8399,353.24,39.172,1.4749,0.07285,22.829,15.041
2021-06-18 04:00:00,37715.03,2341.62,0.8427,353.57,39.015,1.481,0.07365,22.753,14.827
2021-06-18 08:00:00,37821.95,2319.89,0.8366,352.42,38.215,1.4727,0.07377,22.482,14.464
2021-06-18 12:00:00,36355.1,2215.0,0.7935,334.15,35.554,1.4025,0.07014,21.175,13.724
2021-06-18 16:00:00,35327.24,2154.42,0.7768,329.08,35.414,1.3832,0.06833,20.642,13.252
2021-06-18 20:00:00,35819.84,2234.09,0.7972,337.16,36.82,1.4163,0.06962,21.233,13.64
2021-06-19 00:00:00,35103.44,2188.46,0.7859,333.26,35.68,1.4019,0.06874,20.647,13.265
2021-06-19 04:00:00,35785.96,2245.51,0.796,340.18,36.331,1.4294,0.06987,21.398,13.711
2021-06-19 08:00:00,35940.22,2241.13,0.7953,340.64,36.343,1.4261,0.06946,21.477,13.796
2021-06-19 12:00:00,36114.85,2246.66,0.7962,340.82,36.268,1.4246,0.07002,21.61,13.881
2021-06-19 16:00:00,35943.65,2221.18,0.7854,340.08,35.566,1.4155,0.06915,20.922,13.804
2021-06-19 20:00:00,35483.72,2164.67,0.7582,334.01,35.19,1.3839,0.06827,20.246,13.383
2021-06-20 00:00:00,35527.24,2183.38,0.7476,334.12,34.972,1.394,0.06789,20.441,13.649
2021-06-20 04:00:00,35637.71,2203.97,0.7546,336.57,35.318,1.4017,0.06811,20.583,13.633
2021-06-20 08:00:00,33872.9,2074.28,0.7064,317.17,32.493,1.3302,0.06403,19.383,12.94
2021-06-20 12:00:00,34422.71,2111.21,0.728,323.84,33.764,1.3712,0.06543,20.115,13.302
2021-06-20 16:00:00,35502.82,2222.78,0.7544,335.38,35.019,1.4435,0.06713,21.275,13.719
2021-06-20 20:00:00,35600.16,2243.47,0.7741,339.08,35.257,1.4263,0.06768,21.646,13.917
2021-06-21 00:00:00,34649.63,2157.07,0.7269,328.35,32.77,1.3643,0.06571,20.586,13.403
2021-06-21 04:00:00,33025.5,2012.43,0.6968,317.55,31.071,1.3283,0.06219,19.272,12.731
2021-06-21 08:00:00,32520.56,1969.15,0.679,303.93,30.498,1.3004,0.05976,18.655,12.156
2021-06-21 12:00:00,32687.99,1983.84,0.6738,304.7,29.642,1.296,0.05945,18.778,12.348
2021-06-21 16:00:00,32563.89,1943.52,0.6637,298.92,28.58,1.2692,0.05895,18.511,11.95
2021-06-21 20:00:00,31608.93,1885.49,0.6067,270.76,26.59,1.174,0.05351,17.365,11.2
2021-06-22 00:00:00,33018.22,1976.18,0.6417,287.88,27.938,1.2524,0.05603,18.514,11.655
2021-06-22 04:00:00,32648.98,1944.71,0.6183,281.26,26.495,1.1963,0.0548,17.897,11.217
2021-06-22 08:00:00,31243.41,1866.94,0.563,255.38,22.044,1.0899,0.05056,16.181,10.252
2021-06-22 12:00:00,31708.08,1861.01,0.5698,260.1,25.66,1.1703,0.05053,17.024,10.547
2021-06-22 16:00:00,32404.06,1895.92,0.5681,265.44,26.446,1.162,0.05094,17.03,10.731
2021-06-22 20:00:00,32509.56,1879.28,0.5468,262.1,26.958,1.1567,0.05103,16.85,10.578
2021-06-23 00:00:00,33966.43,2012.22,0.6037,286.78,29.974,1.2432,0.05506,18.449,11.452
2021-06-23 04:00:00,33982.26,2005.36,0.6473,289.91,30.64,1.2754,0.05578,18.772,11.412
2021-06-23 08:00:00,33911.39,1991.54,0.6376,289.73,30.987,1.2508,0.05582,18.543,11.416
2021-06-23 12:00:00,33490.14,1974.67,0.6178,291.8,29.056,1.2352,0.05508,18.167,11.134
2021-06-23 16:00:00,32879.97,1916.52,0.601,282.19,28.45,1.1974,0.05322,17.389,10.836
2021-06-23 20:00:00,33678.07,1968.14,0.6383,296.25,30.837,1.2512,0.05797,18.395,11.456
2021-06-24 00:00:00,32589.2,1905.01,0.6314,283.41,28.982,1.2911,0.06428,17.722,11.077
2021-06-24 04:00:00,32853.74,1919.49,0.6379,296.31,29.429,1.3375,0.06397,18.155,10.986
2021-06-24 08:00:00,33850.77,1965.25,0.6554,306.04,30.731,1.3655,0.06597,18.926,11.397
2021-06-24 12:00:00,33886.52,1985.77,0.663,305.04,30.719,1.3755,0.06586,18.965,11.38
2021-06-24 16:00:00,34857.73,2011.58,0.6797,312.5,32.108,1.3861,0.06712,19.114,11.591
2021-06-24 20:00:00,34663.09,1989.52,0.6731,308.62,31.141,1.3604,0.06611,19.06,11.493
2021-06-25 00:00:00,35052.07,1995.45,0.6804,308.18,32.679,1.3787,0.06766,19.234,11.515
2021-06-25 04:00:00,34283.82,1944.06,0.651,296.35,31.265,1.3307,0.0657,18.427,11.119
2021-06-25 08:00:00,33311.96,1852.99,0.6349,289.46,29.574,1.3223,0.06182,17.795,10.748
2021-06-25 12:00:00,32607.07,1827.07,0.6233,286.89,29.058,1.271,0.06177,17.612,10.5
2021-06-25 16:00:00,32220.74,1851.44,0.622,286.2,29.416,1.288,0.06229,17.484,10.491
2021-06-25 20:00:00,31584.45,1808.82,0.6111,280.81,28.641,1.2521,0.06139,16.87,10.235
2021-06-26 00:00:00,31977.59,1819.34,0.6178,282.96,29.203,1.2605,0.06172,17.101,10.407
2021-06-26 04:00:00,30720.37,1752.0,0.5897,269.52,27.309,1.2201,0.05974,16.349,9.957
2021-06-26 08:00:00,31777.73,1802.17,0.607,279.3,28.806,1.2562,0.06193,16.854,10.308
2021-06-26 12:00:00,31523.5,1779.0,0.6015,273.34,28.43,1.2375,0.06136,16.38,10.105
2021-06-26 16:00:00,31573.98,1784.81,0.5994,272.08,28.275,1.2291,0.06158,16.461,10.099
2021-06-26 20:00:00,32283.65,1829.64,0.6162,279.65,29.698,1.2521,0.06274,16.952,10.318
2021-06-27 00:00:00,33146.91,1882.48,0.6296,286.17,30.65,1.2949,0.06323,17.385,10.516
2021-06-27 04:00:00,33283.17,1867.33,0.6233,281.96,30.613,1.2869,0.06298,17.286,10.535
2021-06-27 08:00:00,33246.55,1839.6,0.6102,279.02,30.445,1.2551,0.06187,16.988,10.376
2021-06-27 12:00:00,33200.02,1844.05,0.6083,277.11,30.17,1.2682,0.06229,17.083,10.391
2021-06-27 16:00:00,32815.19,1823.0,0.6047,272.14,29.917,1.267,0.06158,16.777,10.18
2021-06-27 20:00:00,34700.34,1982.28,0.6484,290.87,31.897,1.338,0.06479,18.406,10.941
2021-06-28 00:00:00,34398.36,1967.62,0.6374,285.06,31.44,1.3163,0.06492,18.15,10.958
2021-06-28 04:00:00,35028.69,2048.99,0.6447,294.45,32.548,1.3491,0.06599,18.637,11.23
2021-06-28 08:00:00,34107.2,1999.84,0.628,285.51,31.584,1.3119,0.06471,18.19,10.796
2021-06-28 12:00:00,34969.99,2117.39,0.6534,298.94,34.035,1.3451,0.06651,19.262,11.368
2021-06-28 16:00:00,34441.77,2114.61,0.6444,294.12,33.53,1.3294,0.06558,19.015,11.397
2021-06-28 20:00:00,34494.89,2084.41,0.6444,290.0,33.001,1.326,0.06532,18.83,11.322
2021-06-29 00:00:00,34577.16,2104.0,0.6488,294.27,33.133,1.3305,0.06734,19.119,11.217
2021-06-29 04:00:00,34849.27,2130.86,0.6602,296.41,33.478,1.341,0.06722,19.279,11.361
2021-06-29 08:00:00,35555.62,2176.43,0.7152,307.63,34.313,1.388,0.06894,20.009,11.895
2021-06-29 12:00:00,36248.99,2218.29,0.7155,309.58,35.28,1.3896,0.06889,20.285,12.045
2021-06-29 16:00:00,36382.39,2221.56,0.7213,307.07,34.795,1.389,0.06864,20.062,12.106
2021-06-29 20:00:00,35911.73,2165.33,0.7063,300.79,33.97,1.373,0.06793,19.535,11.92
2021-06-30 00:00:00,35119.99,2126.58,0.6784,294.1,32.24,1.3395,0.0659,19.079,11.58
2021-06-30 04:00:00,35250.54,2161.76,0.692,300.62,33.515,1.3547,0.06653,19.205,11.88
2021-06-30 08:00:00,34849.99,2156.24,0.6773,293.52,33.005,1.3415,0.06607,18.953,11.65
2021-06-30 12:00:00,34193.44,2103.0,0.6545,283.53,31.923,1.2947,0.06407,18.273,11.15
2021-06-30 16:00:00,34743.56,2242.37,0.6835,297.11,34.322,1.3893,0.06652,19.251,11.686
2021-06-30 20:00:00,35045.0,2275.68,0.7063,303.71,35.51,1.3853,0.06828,19.516,11.949
2021-07-01 00:00:00,34120.01,2184.79,0.6734,291.59,33.794,1.3377,0.06597,18.508,11.413
2021-07-01 04:00:00,33348.3,2129.01,0.6559,284.49,32.391,1.3159,0.06429,17.918,11.209
2021-07-01 08:00:00,33717.52,2139.14,0.6684,290.13,34.262,1.3274,0.06511,18.125,11.341
2021-07-01 12:00:00,33432.54,2118.23,0.6611,288.66,33.486,1.3351,0.06482,18.029,11.241
2021-07-01 16:00:00,33091.48,2100.18,0.6514,283.73,33.694,1.3211,0.06406,17.917,11.116
2021-07-01 20:00:00,33504.69,2106.41,0.6591,287.43,33.271,1.3313,0.06471,18.186,11.181
2021-07-02 00:00:00,32907.22,2041.2,0.642,278.18,32.197,1.3006,0.06351,17.654,10.809
2021-07-02 04:00:00,33358.26,2061.49,0.65,283.25,32.48,1.313,0.0645,17.786,10.827
2021-07-02 08:00:00,33023.01,2038.99,0.6374,278.45,31.893,1.2971,0.06396,17.421,10.64
2021-07-02 12:00:00,33704.91,2124.15,0.6517,284.67,32.975,1.3667,0.06506,18.004,10.943
2021-07-02 16:00:00,33327.71,2103.73,0.6445,283.28,33.255,1.3717,0.06488,17.739,11.01
2021-07-02 20:00:00,33786.55,2154.13,0.6556,287.17,34.0,1.3946,0.06657,18.274,11.112
2021-07-03 00:00:00,33524.47,2131.16,0.6471,284.61,33.517,1.3695,0.06551,17.986,11.057
2021-07-03 04:00:00,34499.54,2195.95,0.6768,293.92,34.783,1.3955,0.06696,18.532,11.338
2021-07-03 08:00:00,34608.04,2213.56,0.6691,294.15,35.1,1.418,0.06679,18.548,11.437
2021-07-03 12:00:00,34608.48,2224.75,0.6732,297.55,34.818,1.4214,0.06693,18.689,11.489
2021-07-03 16:00:00,34745.98,2225.35,0.6785,299.3,34.828,1.4219,0.06673,18.729,11.592
2021-07-03 20:00:00,34669.13,2226.99,0.6732,298.13,34.498,1.4045,0.06683,18.543,11.509
2021-07-04 00:00:00,34641.61,2209.73,0.6721,295.78,33.817,1.4021,0.06555,18.2,11.342
2021-07-04 04:00:00,35600.63,2334.96,0.6975,308.15,35.343,1.4434,0.06747,18.983,11.885
2021-07-04 08:00:00,35512.34,2330.97,0.6934,306.06,35.172,1.4395,0.06721,19.083,12.019
2021-07-04 12:00:00,35513.29,2330.77,0.696,309.39,34.895,1.4398,0.06811,19.157,12.426
2021-07-04 16:00:00,35575.01,2357.02,0.7017,312.46,35.019,1.466,0.06774,19.441,12.418
2021-07-04 20:00:00,35286.51,2322.69,0.696,307.62,34.28,1.4615,0.06736,19.242,12.345
2021-07-05 00:00:00,34350.89,2264.2,0.6788,299.95,33.63,1.4232,0.0664,18.742,12.14
2021-07-05 04:00:00,34256.17,2273.77,0.6767,300.19,33.993,1.4206,0.06602,18.74,12.135
2021-07-05 08:00:00,33379.96,2194.91,0.6494,293.36,33.166,1.3836,0.06399,17.941,11.645
2021-07-05 12:00:00,33585.91,2206.24,0.6552,296.11,32.768,1.3964,0.06413,18.073,11.821
2021-07-05 16:00:00,34117.97,2245.3,0.6656,302.77,33.235,1.4224,0.06494,18.547,12.052
2021-07-05 20:00:00,33690.14,2196.53,0.6526,302.02,32.908,1.4039,0.06448,18.362,12.042
2021-07-06 00:00:00,33920.69,2238.17,0.6643,305.33,33.345,1.4223,0.0649,18.984,12.729
2021-07-06 04:00:00,34874.85,2336.72,0.6777,320.29,34.224,1.4509,0.0661,19.736,13.789
2021-07-06 08:00:00,34067.31,2293.91,0.6624,311.65,33.722,1.4179,0.06504,19.37,13.639
2021-07-06 12:00:00,34042.43,2305.73,0.6626,315.94,33.818,1.4109,0.06483,19.725,13.558
2021-07-06 16:00:00,34019.99,2327.67,0.6606,319.4,33.687,1.4088,0.06462,20.064,13.579
2021-07-06 20:00:00,34220.01,2322.5,0.6648,319.92,34.226,1.4157,0.06494,20.073,13.384
2021-07-07 00:00:00,34446.5,2339.47,0.6695,328.48,34.799,1.4288,0.06517,20.754,13.553
2021-07-07 04:00:00,34710.38,2376.82,0.6677,331.7,34.998,1.4285,0.06539,20.867,13.53
2021-07-07 08:00:00,34827.96,2384.33,0.6698,333.39,36.949,1.4301,0.06572,20.911,13.571
2021-07-07 12:00:00,34528.6,2341.97,0.6621,334.42,36.264,1.4194,0.06508,20.442,13.804
2021-07-07 16:00:00,34628.72,2366.28,0.667,337.66,37.551,1.4187,0.0655,20.526,13.938
2021-07-07 20:00:00,33862.12,2316.57,0.6522,327.51,36.673,1.404,0.06433,19.788,13.105
2021-07-08 00:00:00,33305.65,2253.36,0.6377,321.97,36.61,1.3851,0.06302,19.198,12.512
2021-07-08 04:00:00,32487.57,2182.08,0.6194,312.9,34.183,1.3594,0.06112,18.601,12.058
2021-07-08 08:00:00,32696.44,2168.59,0.6235,317.11,34.976,1.3725,0.06171,18.837,12.228
2021-07-08 12:00:00,32900.01,2174.38,0.6287,316.22,34.344,1.3677,0.06162,18.975,12.275
2021-07-08 16:00:00,33003.52,2157.75,0.6266,317.0,33.976,1.362,0.06195,18.874,12.358
2021-07-08 20:00:00,32875.71,2116.33,0.6215,310.14,33.142,1.327,0.06106,18.353,12.098
2021-07-09 00:00:00,32941.81,2121.42,0.6156,308.76,33.412,1.3197,0.0607,18.197,12.107
2021-07-09 04:00:00,32910.21,2126.22,0.6181,310.53,32.969,1.3332,0.06086,18.271,12.237
2021-07-09 08:00:00,32774.99,2081.03,0.6098,307.54,32.466,1.3232,0.06016,17.821,11.928
2021-07-09 12:00:00,33558.67,2171.63,0.6369,316.07,33.923,1.366,0.06231,18.629,12.645
2021-07-09 16:00:00,33445.31,2133.67,0.6311,313.48,32.947,1.341,0.06176,18.395,12.24
2021-07-09 20:00:00,33815.81,2146.99,0.6369,317.09,33.315,1.3504,0.06219,18.656,12.552
2021-07-10 00:00:00,33800.03,2133.98,0.6312,315.3,33.284,1.3417,0.06192,18.35,12.294
2021-07-10 04:00:00,33766.01,2121.91,0.6257,313.54,33.362,1.342,0.06183,18.219,12.349
2021-07-10 08:00:00,33793.94,2109.94,0.6232,313.66,32.777,1.3317,0.06259,18.118,12.37
2021-07-10 12:00:00,33862.54,2118.8,0.6237,317.0,32.361,1.3343,0.06185,18.147,12.248
2021-07-10 16:00:00,33409.92,2093.42,0.6196,314.0,31.822,1.3312,0.06114,17.922,12.029
2021-07-10 20:00:00,33502.87,2110.69,0.6246,316.12,31.693,1.3356,0.06142,18.204,12.015
2021-07-11 00:00:00,33448.97,2091.1,0.6202,313.93,31.686,1.3279,0.06093,18.04,11.963
2021-07-11 04:00:00,33508.83,2099.84,0.6218,316.0,31.626,1.337,0.06114,18.047,12.177
2021-07-11 08:00:00,33814.84,2129.0,0.628,321.16,32.211,1.3395,0.06158,18.303,12.289
2021-07-11 12:00:00,33948.68,2145.01,0.6301,325.35,32.39,1.3463,0.06198,18.446,12.308
2021-07-11 16:00:00,33894.57,2134.93,0.6328,322.6,32.001,1.3387,0.06171,18.209,12.203
2021-07-11 20:00:00,34258.99,2140.45,0.6364,322.16,32.182,1.3485,0.06184,18.383,12.433
2021-07-12 00:00:00,34447.92,2163.8,0.6462,328.79,32.535,1.3604,0.06256,18.559,12.755
2021-07-12 04:00:00,34281.74,2146.17,0.6521,331.45,32.204,1.3615,0.06237,18.4,12.635
2021-07-12 08:00:00,33530.0,2100.98,0.6347,320.78,31.348,1.3364,0.06133,18.032,12.22
2021-07-12 12:00:00,33337.49,2087.5,0.6317,320.9,31.083,1.3224,0.0611,17.85,12.307
2021-07-12 16:00:00,32822.85,2020.31,0.6215,311.67,30.361,1.2977,0.05983,17.286,11.819
2021-07-12 20:00:00,33086.63,2031.58,0.6288,316.12,30.77,1.3126,0.06004,17.518,12.157
2021-07-13 00:00:00,33071.14,2030.01,0.6276,315.91,30.8,1.3076,0.0604,17.602,12.29
2021-07-13 04:00:00,33180.08,2027.72,0.6371,314.57,30.492,1.3144,0.0605,17.693,12.161
2021-07-13 08:00:00,33042.61,1997.43,0.6288,311.69,30.125,1.2952,0.05996,17.41,12.289
2021-07-13 12:00:00,32790.08,1998.94,0.6227,311.79,30.255,1.2891,0.0599,17.35,12.275
2021-07-13 16:00:00,32309.69,1924.32,0.6123,305.95,29.027,1.252,0.05884,16.742,11.79
2021-07-13 20:00:00,32729.77,1940.15,0.6192,308.94,29.136,1.265,0.05937,16.87,11.91
2021-07-14 00:00:00,31830.01,1884.33,0.5928,294.54,28.159,1.2167,0.05739,16.171,11.288
2021-07-14 04:00:00,31920.01,1899.7,0.6006,295.35,28.1,1.222,0.05794,16.302,11.327
2021-07-14 08:00:00,32451.99,1949.0,0.6082,303.44,28.999,1.2506,0.05887,16.659,11.699
2021-07-14 12:00:00,32786.0,1995.82,0.6183,309.52,30.582,1.2723,0.05961,17.114,11.899
2021-07-14 16:00:00,32729.76,1980.22,0.6174,308.42,30.5,1.2636,0.05936,16.866,11.768
2021-07-14 20:00:00,32820.02,1994.58,0.6197,309.4,31.365,1.2635,0.05989,16.936,11.793
2021-07-15 00:00:00,32641.65,1979.28,0.6143,306.14,30.582,1.2438,0.05924,16.589,11.75
2021-07-15 04:00:00,32469.5,1954.02,0.6095,303.07,30.374,1.2351,0.05881,16.403,11.731
2021-07-15 08:00:00,31880.5,1912.97,0.6022,312.0,29.142,1.2186,0.05793,16.169,11.395
2021-07-15 12:00:00,31677.01,1913.79,0.5999,312.7,28.765,1.2265,0.05817,15.925,11.24
2021-07-15 16:00:00,31533.62,1917.38,0.6004,316.01,28.663,1.2274,0.0579,15.796,11.361
2021-07-15 20:00:00,31880.0,1919.51,0.5979,316.11,28.545,1.2258,0.05784,15.764,11.391
2021-07-16 00:00:00,31914.89,1949.04,0.6102,320.28,29.164,1.236,0.05856,16.175,11.589
2021-07-16 04:00:00,31774.49,1912.47,0.6035,312.96,28.334,1.2117,0.05783,15.759,11.353
2021-07-16 08:00:00,31086.53,1852.27,0.5879,302.9,27.147,1.1669,0.05586,15.152,10.994
2021-07-16 12:00:00,32127.39,1934.47,0.6035,311.75,28.325,1.2221,0.05771,15.91,11.524
2021-07-16 16:00:00,31911.34,1913.17,0.599,307.36,27.146,1.198,0.057,15.613,11.309
2021-07-16 20:00:00,31383.87,1876.26,0.5893,302.88,26.271,1.1708,0.05562,15.234,10.814
2021-07-17 00:00:00,31306.56,1867.0,0.5793,297.23,26.232,1.1598,0.05521,15.193,10.89
2021-07-17 04:00:00,31513.64,1877.98,0.5828,299.49,26.625,1.1688,0.05573,15.213,10.963
2021-07-17 08:00:00,31391.33,1864.47,0.5769,299.37,26.451,1.1617,0.05545,15.173,10.803
2021-07-17 12:00:00,31764.75,1886.86,0.5812,300.26,26.527,1.1728,0.05586,15.356,10.86
2021-07-17 16:00:00,31834.33,1908.0,0.5939,303.52,27.132,1.1937,0.05658,15.561,10.993
2021-07-17 20:00:00,31520.07,1899.59,0.5821,300.52,26.802,1.1721,0.05597,15.352,10.958
2021-07-18 00:00:00,32166.0,1981.77,0.5961,306.0,27.497,1.2115,0.05675,15.939,11.243
2021-07-18 04:00:00,31712.1,1959.0,0.5867,303.43,26.893,1.192,0.05625,15.721,11.117
2021-07-18 08:00:00,31801.01,1965.59,0.5897,306.09,27.39,1.2023,0.05687,15.865,10.996
2021-07-18 12:00:00,31365.6,1890.86,0.5816,302.09,26.586,1.1747,0.05572,15.217,10.789
2021-07-18 16:00:00,31643.8,1901.04,0.5853,304.1,26.786,1.187,0.0562,15.476,10.795
2021-07-18 20:00:00,31778.56,1891.64,0.5866,302.1,26.673,1.1813,0.05592,15.47,10.69
2021-07-19 00:00:00,31541.57,1885.59,0.5833,299.01,25.956,1.1713,0.05569,15.289,10.519
2021-07-19 04:00:00,31604.33,1891.56,0.5829,299.95,25.718,1.1765,0.05589,15.436,10.604
2021-07-19 08:00:00,31265.92,1862.2,0.5683,295.4,24.802,1.1584,0.05509,15.081,10.417
2021-07-19 12:00:00,30687.96,1820.25,0.5582,283.9,24.189,1.1223,0.0538,14.596,10.155
2021-07-19 16:00:00,30744.97,1824.98,0.5616,283.22,24.382,1.1273,0.05374,14.689,10.206
2021-07-19 20:00:00,30839.65,1818.73,0.557,280.54,24.509,1.1225,0.05345,14.528,10.183
2021-07-20 00:00:00,29600.46,1728.59,0.5243,259.51,22.86,1.0541,0.05017,13.503,9.541
2021-07-20 04:00:00,29821.73,1762.07,0.5327,266.97,23.095,1.0658,0.05035,13.744,9.69
2021-07-20 08:00:00,29692.79,1755.99,0.5227,263.7,22.887,1.0432,0.05006,13.729,9.468
2021-07-20 12:00:00,29888.36,1805.29,0.5333,269.25,23.803,1.0627,0.05108,14.088,9.67
2021-07-20 16:00:00,29780.86,1789.39,0.5328,268.44,23.805,1.0755,0.05097,13.99,9.626
2021-07-20 20:00:00,29790.35,1786.03,0.5284,264.44,23.474,1.0539,0.05045,13.742,9.639
2021-07-21 00:00:00,29845.1,1801.87,0.5325,269.87,24.064,1.0722,0.05108,13.941,9.712
2021-07-21 04:00:00,30817.84,1875.25,0.5463,280.64,25.711,1.1347,0.0531,14.575,10.163
2021-07-21 08:00:00,31534.11,1906.84,0.5575,287.35,26.207,1.1636,0.05386,14.894,10.45
2021-07-21 12:00:00,31933.0,1954.5,0.5693,291.27,26.954,1.1819,0.05449,15.353,10.582
2021-07-21 16:00:00,31627.57,1937.23,0.5626,285.33,25.532,1.153,0.05278,15.048,10.438
2021-07-21 20:00:00,32144.51,1995.5,0.5719,293.26,26.7,1.1711,0.05388,15.297,10.425
2021-07-22 00:00:00,31929.64,1976.59,0.565,290.75,26.3,1.1608,0.05339,15.187,10.318
2021-07-22 04:00:00,32129.75,1991.88,0.5793,295.56,27.023,1.1788,0.05424,15.315,10.637
2021-07-22 08:00:00,31913.64,1983.99,0.5722,293.6,26.729,1.1687,0.05414,15.291,10.598
2021-07-22 12:00:00,32504.82,2033.56,0.5899,296.88,27.795,1.1975,0.05505,15.911,10.713
2021-07-22 16:00:00,32376.93,2029.14,0.5962,295.08,27.888,1.1928,0.05516,15.987,10.865
2021-07-22 20:00:00,32287.83,2024.56,0.592,293.36,27.699,1.1856,0.05526,16.071,10.833
2021-07-23 00:00:00,32594.46,2059.91,0.597,295.31,28.281,1.1956,0.05563,16.205,10.963
2021-07-23 04:00:00,32490.0,2064.95,0.5991,298.09,27.92,1.1909,0.05557,16.187,10.912
2021-07-23 08:00:00,32296.51,2054.49,0.5902,289.02,27.537,1.1705,0.0548,15.815,10.73
2021-07-23 12:00:00,32315.0,2047.75,0.5858,287.17,26.877,1.1644,0.05456,15.613,10.775
2021-07-23 16:00:00,32248.63,2020.58,0.584,284.22,26.606,1.1568,0.05442,15.467,10.596
2021-07-23 20:00:00,33634.09,2124.25,0.6091,299.27,28.516,1.2077,0.056,16.502,11.086
2021-07-24 00:00:00,33669.98,2138.61,0.6084,299.8,28.7,1.2146,0.05645,16.913,11.252
2021-07-24 04:00:00,33806.5,2132.3,0.6101,302.36,28.75,1.2145,0.05663,16.993,11.181
2021-07-24 08:00:00,33867.0,2154.86,0.6061,302.91,28.66,1.2173,0.05646,16.811,11.191
2021-07-24 12:00:00,33847.51,2150.59,0.606,302.29,28.402,1.2072,0.05646,16.581,11.172
2021-07-24 16:00:00,33846.16,2145.72,0.6023,297.81,28.426,1.2165,0.05669,16.423,11.104
2021-07-24 20:00:00,34258.14,2184.75,0.6085,301.56,28.616,1.2327,0.05727,16.683,11.142
2021-07-25 00:00:00,34160.85,2151.96,0.6016,298.21,27.902,1.2157,0.05651,16.433,11.063
2021-07-25 04:00:00,34695.51,2175.3,0.6082,302.39,28.606,1.2314,0.05734,16.876,11.31
2021-07-25 08:00:00,34399.04,2159.98,0.6014,300.19,27.99,1.2196,0.05704,16.792,11.031
2021-07-25 12:00:00,34174.08,2138.18,0.5959,296.24,27.356,1.2022,0.05691,16.427,10.948
2021-07-25 16:00:00,34353.25,2153.13,0.5988,298.26,27.535,1.2045,0.05708,16.328,10.975
2021-07-25 20:00:00,35381.02,2189.79,0.6069,302.56,28.248,1.2284,0.05791,16.746,11.247
2021-07-26 00:00:00,38283.98,2317.03,0.6558,322.21,30.108,1.3266,0.0616,18.628,11.988
2021-07-26 04:00:00,38150.0,2325.59,0.6547,317.41,29.715,1.3465,0.06111,18.818,12.283
2021-07-26 08:00:00,38473.61,2341.51,0.6597,318.72,30.039,1.3447,0.06178,19.229,12.249
2021-07-26 12:00:00,38562.21,2341.58,0.6545,318.35,30.087,1.3313,0.06161,19.464,12.149
2021-07-26 16:00:00,39365.15,2362.68,0.6633,317.83,29.692,1.3292,0.062,19.279,12.26
2021-07-26 20:00:00,37237.6,2228.08,0.6234,304.0,28.184,1.2551,0.05842,18.028,11.46
2021-07-27 00:00:00,36823.8,2172.81,0.6191,301.33,27.595,1.2294,0.05779,18.044,11.295
2021-07-27 04:00:00,37115.11,2202.02,0.627,304.28,27.881,1.25,0.05886,18.341,11.5
2021-07-27 08:00:00,38064.87,2278.35,0.6412,315.58,28.657,1.3,0.05965,19.22,11.817
2021-07-27 12:00:00,38209.58,2277.35,0.6432,312.54,27.7,1.2747,0.05962,19.163,11.835
2021-07-27 16:00:00,37800.49,2229.34,0.6308,306.01,27.237,1.2436,0.05875,18.774,11.705
2021-07-27 20:00:00,39457.87,2299.49,0.6451,313.48,28.103,1.2799,0.06019,19.489,11.917
2021-07-28 00:00:00,39817.56,2288.26,0.6407,311.46,27.97,1.2743,0.06046,19.555,11.899
2021-07-28 04:00:00,39895.88,2296.14,0.7274,314.18,28.06,1.2999,0.06149,19.557,12.18
2021-07-28 08:00:00,40750.84,2330.42,0.7308,317.33,28.61,1.3102,0.06161,19.682,12.388
2021-07-28 12:00:00,39689.04,2292.3,0.7108,314.19,28.28,1.2918,0.06098,19.126,12.148
2021-07-28 16:00:00,40388.61,2309.76,0.7113,314.48,27.995,1.2828,0.06084,19.289,12.125
2021-07-28 20:00:00,40019.56,2300.9,0.7327,313.8,27.875,1.2875,0.0607,19.109,12.32
2021-07-29 00:00:00,39609.78,2277.71,0.6995,310.22,27.612,1.2642,0.06031,18.699,12.199
2021-07-29 04:00:00,39934.62,2295.13,0.705,313.39,28.154,1.2727,0.06086,18.861,12.544
2021-07-29 08:00:00,39769.99,2293.9,0.7015,311.63,28.132,1.2692,0.06053,18.716,12.335
2021-07-29 12:00:00,39939.33,2323.91,0.7073,314.3,29.587,1.2862,0.06128,19.04,12.299
2021-07-29 16:00:00,39659.84,2311.41,0.7139,313.32,31.365,1.2813,0.06094,18.814,12.33
2021-07-29 20:00:00,40016.48,2382.92,0.7488,317.03,31.235,1.2856,0.06185,19.37,12.433
2021-07-30 00:00:00,39969.99,2422.21,0.7554,321.6,32.751,1.3125,0.06234,20.143,12.688
2021-07-30 04:00:00,39726.01,2404.31,0.7465,318.99,32.056,1.295,0.06229,20.037,12.45
2021-07-30 08:00:00,38642.46,2334.84,0.7196,309.24,30.921,1.2587,0.06025,19.081,12.113
2021-07-30 12:00:00,39073.85,2346.66,0.7218,311.91,31.018,1.2726,0.06129,20.498,12.238
2021-07-30 16:00:00,39853.72,2378.91,0.7408,314.4,31.789,1.2808,0.06166,21.592,12.4
2021-07-30 20:00:00,42206.37,2461.81,0.7521,322.58,32.354,1.3108,0.06325,22.269,12.978
2021-07-31 00:00:00,41810.01,2463.18,0.75,322.57,32.607,1.3134,0.0633,22.158,12.893
2021-07-31 04:00:00,41540.32,2442.16,0.7439,320.11,32.185,1.3068,0.06311,22.02,12.769
2021-07-31 08:00:00,41592.15,2458.58,0.7533,331.9,34.617,1.3079,0.06384,21.808,12.842
2021-07-31 12:00:00,41537.83,2458.01,0.7478,329.67,34.246,1.3087,0.06418,21.932,12.829
2021-07-31 16:00:00,41303.63,2456.6,0.7466,330.9,34.38,1.3026,0.06377,21.614,12.887
2021-07-31 20:00:00,41461.83,2531.05,0.746,332.38,36.744,1.3193,0.06396,22.713,13.525
2021-08-01 00:00:00,42435.13,2616.5,0.774,346.75,36.09,1.3794,0.06642,23.443,13.8
2021-08-01 04:00:00,41701.26,2586.18,0.7673,341.5,35.305,1.3625,0.06566,23.201,13.709
2021-08-01 08:00:00,41587.01,2587.01,0.7602,339.99,35.121,1.3612,0.06547,22.819,13.617
2021-08-01 12:00:00,41286.98,2583.21,0.7569,338.79,35.467,1.3568,0.06534,22.86,13.576
2021-08-01 16:00:00,41263.35,2655.56,0.7587,339.41,35.532,1.3467,0.06535,23.26,13.357
2021-08-01 20:00:00,39845.44,2555.69,0.7242,332.59,34.165,1.3142,0.0632,22.062,12.853
2021-08-02 00:00:00,39785.59,2560.0,0.7303,329.89,34.812,1.3204,0.06327,22.104,12.994
2021-08-02 04:00:00,40104.45,2617.74,0.7587,336.1,35.419,1.3411,0.06475,22.812,13.263
2021-08-02 08:00:00,39542.42,2590.6,0.7508,332.85,34.582,1.3228,0.06477,22.627,13.121
2021-08-02 12:00:00,39705.12,2633.26,0.75,334.29,33.82,1.3269,0.06507,23.041,13.161
2021-08-02 16:00:00,39177.85,2602.07,0.7402,331.47,33.674,1.3133,0.06469,23.392,13.071
2021-08-02 20:00:00,39147.82,2606.93,0.738,330.55,33.167,1.3083,0.06463,23.472,12.993
2021-08-03 00:00:00,38655.74,2533.69,0.7237,326.21,33.219,1.2844,0.06401,23.276,12.956
2021-08-03 04:00:00,38593.44,2493.22,0.7161,323.27,33.53,1.3012,0.06419,22.909,12.72
2021-08-03 08:00:00,38490.01,2489.13,0.7114,321.08,34.37,1.2942,0.0637,22.469,12.662
2021-08-03 12:00:00,38169.44,2496.57,0.7091,321.48,34.92,1.3385,0.06405,23.339,12.674
2021-08-03 16:00:00,38011.37,2474.99,0.7083,321.33,34.657,1.3664,0.06355,23.6,12.557
2021-08-03 20:00:00,38207.05,2509.04,0.7136,323.43,34.105,1.3696,0.06403,23.942,12.557
2021-08-04 00:00:00,37976.81,2484.82,0.7111,321.21,33.738,1.3409,0.064,23.508,12.522
2021-08-04 04:00:00,37828.84,2478.71,0.7057,321.84,33.714,1.3345,0.06429,23.136,12.519
2021-08-04 08:00:00,38160.06,2505.8,0.7059,323.54,34.353,1.344,0.0654,23.245,12.676
2021-08-04 12:00:00,39302.0,2672.58,0.7269,332.24,35.363,1.3661,0.06729,24.664,13.118
2021-08-04 16:00:00,39752.17,2694.91,0.7307,334.42,36.233,1.3795,0.0677,24.015,13.386
2021-08-04 20:00:00,39723.18,2724.78,0.731,334.77,35.76,1.3765,0.06737,24.193,13.696
2021-08-05 00:00:00,39435.09,2712.01,0.7277,334.48,37.232,1.3777,0.0703,23.914,13.684
2021-08-05 04:00:00,38870.59,2681.7,0.7196,329.69,36.629,1.3674,0.06957,23.685,13.352
2021-08-05 08:00:00,38008.38,2622.22,0.7135,327.14,36.833,1.3522,0.06864,23.193,13.187
2021-08-05 12:00:00,38750.01,2755.08,0.7183,330.24,36.702,1.3695,0.06893,23.603,13.481
2021-08-05 16:00:00,40692.24,2796.73,0.7289,336.99,36.926,1.3841,0.06966,23.823,13.652
2021-08-05 20:00:00,40862.46,2826.99,0.7327,337.91,37.353,1.3859,0.07013,24.057,13.834
2021-08-06 00:00:00,40219.47,2760.87,0.7287,333.55,35.916,1.3681,0.07027,23.289,13.551
2021-08-06 04:00:00,40729.59,2767.67,0.7345,335.22,37.0,1.3779,0.07062,23.373,13.518
2021-08-06 08:00:00,40507.56,2736.26,0.7267,332.85,36.953,1.367,0.07017,23.327,13.467
2021-08-06 12:00:00,42199.98,2838.27,0.7412,343.04,39.687,1.3949,0.07122,23.612,14.427
2021-08-06 16:00:00,42901.17,2928.67,0.7497,342.3,39.892,1.4093,0.07225,24.144,14.813
2021-08-06 20:00:00,42836.87,2891.58,0.7474,342.39,39.525,1.4025,0.07196,23.89,14.77
2021-08-07 00:00:00,43691.86,2935.12,0.7648,350.33,40.065,1.4468,0.07435,24.269,15.293
2021-08-07 04:00:00,43207.89,2955.76,0.7606,347.73,39.461,1.4365,0.07505,24.173,15.21
2021-08-07 08:00:00,43800.03,3105.5,0.7909,356.28,40.026,1.4782,0.0757,24.852,15.832
2021-08-07 12:00:00,43370.23,3082.97,0.8051,351.71,38.495,1.4556,0.07469,24.439,15.113
2021-08-07 16:00:00,43931.41,3075.02,0.8034,351.52,38.603,1.4454,0.07442,24.342,15.025
2021-08-07 20:00:00,44572.54,3160.31,0.8162,356.18,39.469,1.4727,0.07527,24.694,15.834
2021-08-08 00:00:00,44322.42,3119.92,0.8178,353.87,38.711,1.4616,0.07425,24.319,15.761
2021-08-08 04:00:00,44804.51,3137.84,0.8218,355.66,38.778,1.476,0.07534,24.573,15.663
2021-08-08 08:00:00,44452.06,3101.3,0.7983,350.46,38.221,1.4596,0.07439,24.307,15.315
2021-08-08 12:00:00,43984.55,3030.77,0.787,346.44,37.74,1.4491,0.07344,23.8,15.048
2021-08-08 16:00:00,43715.1,2984.44,0.7801,340.04,37.391,1.417,0.07142,22.957,14.733
2021-08-08 20:00:00,43794.37,3011.85,0.7788,341.79,37.65,1.4255,0.07192,23.029,14.826
2021-08-09 00:00:00,43496.09,2948.31,0.783,339.2,37.288,1.4198,0.07082,22.591,14.563
2021-08-09 04:00:00,43800.74,2944.11,0.7972,343.44,37.774,1.4288,0.07119,22.879,14.941
2021-08-09 08:00:00,45930.01,3133.42,0.8205,357.36,39.272,1.4732,0.07372,24.178,15.818
2021-08-09 12:00:00,45870.75,3166.61,0.8183,355.85,39.857,1.485,0.07437,24.616,16.609
2021-08-09 16:00:00,45979.85,3147.74,0.816,353.49,39.246,1.4816,0.07382,24.332,16.245
2021-08-09 20:00:00,46253.4,3160.52,0.817,354.32,38.646,1.4745,0.07395,24.197,16.169
2021-08-10 00:00:00,45708.76,3115.39,0.8041,350.8,39.802,1.4603,0.0738,23.973,16.292
2021-08-10 04:00:00,45948.0,3141.21,0.8183,354.94,39.976,1.4787,0.07391,24.313,16.507
2021-08-10 08:00:00,45345.05,3122.97,0.8145,355.55,40.795,1.5749,0.07442,24.375,16.308
2021-08-10 12:00:00,45165.73,3121.05,0.8241,369.36,40.128,1.5576,0.07338,24.531,16.193
2021-08-10 16:00:00,45495.73,3142.71,0.836,371.05,40.627,1.5865,0.07397,24.359,16.46
2021-08-10 20:00:00,45584.99,3141.66,0.8511,371.92,40.64,1.678,0.07464,24.537,16.42
2021-08-11 00:00:00,45585.66,3159.11,0.876,379.07,41.758,1.7112,0.07551,24.961,16.788
2021-08-11 04:00:00,46349.25,3231.74,0.8944,387.89,42.518,1.7733,0.0805,25.795,17.284
2021-08-11 08:00:00,45924.08,3214.39,0.8844,386.14,42.534,1.7659,0.08216,25.879,17.141
2021-08-11 12:00:00,46456.02,3245.22,0.9364,396.83,42.589,1.8391,0.08369,26.516,17.162
2021-08-11 16:00:00,46448.0,3249.65,1.0631,401.38,43.402,1.8639,0.085,26.981,17.276
2021-08-11 20:00:00,45511.0,3160.5,1.0105,390.96,41.621,1.7934,0.08341,25.906,16.688
2021-08-12 00:00:00,45927.0,3211.95,1.0223,399.6,42.985,1.8339,0.08945,26.3,17.345
2021-08-12 04:00:00,45243.61,3141.63,1.0151,387.27,41.434,1.8174,0.08622,25.594,16.58
2021-08-12 08:00:00,44752.56,3094.34,0.9812,383.11,40.762,1.757,0.08436,25.1,16.286
2021-08-12 12:00:00,44196.19,3029.76,0.9497,376.35,39.828,1.7158,0.08197,24.461,15.717
2021-08-12 16:00:00,44371.32,3048.55,0.9656,383.6,41.024,1.7591,0.08382,24.769,16.218
2021-08-12 20:00:00,44399.0,3045.96,0.966,385.66,41.102,1.8324,0.08415,24.944,16.575
2021-08-13 00:00:00,44847.26,3088.22,0.9783,392.97,42.253,1.871,0.0849,25.276,16.887
2021-08-13 04:00:00,46103.51,3222.99,1.0425,402.87,43.395,1.9686,0.08782,26.285,17.95
2021-08-13 08:00:00,46138.47,3213.68,1.0213,398.67,43.596,2.0121,0.08672,26.423,17.538
2021-08-13 12:00:00,46357.15,3214.04,1.0115,395.81,43.615,2.0081,0.08634,26.211,17.611
2021-08-13 16:00:00,46459.86,3224.98,1.0185,396.04,43.538,1.9917,0.08677,26.748,17.69
2021-08-13 20:00:00,47800.0,3322.32,1.0901,410.76,44.83,2.1386,0.08951,27.748,18.031
2021-08-14 00:00:00,47540.0,3295.49,1.0874,407.32,44.096,2.1208,0.08865,27.37,17.878
2021-08-14 04:00:00,47616.12,3307.39,1.1769,415.76,44.478,2.1665,0.09038,27.706,18.271
2021-08-14 08:00:00,46569.99,3244.76,1.1544,406.93,43.739,2.176,0.08848,27.025,17.606
2021-08-14 12:00:00,46944.47,3270.71,1.2125,409.37,44.065,2.2007,0.09012,27.385,18.088
2021-08-14 16:00:00,47033.76,3262.33,1.2326,407.78,43.869,2.2057,0.09156,27.217,18.148
2021-08-14 20:00:00,47068.51,3263.16,1.2791,408.67,44.14,2.1878,0.09264,27.144,18.093
2021-08-15 00:00:00,46874.81,3247.62,1.303,404.81,44.573,2.1525,0.09359,27.117,17.924
2021-08-15 04:00:00,45742.92,3161.5,1.2474,397.93,43.649,2.0743,0.09055,26.377,17.226
2021-08-15 08:00:00,45923.57,3160.55,1.2804,403.34,46.767,2.1237,0.09078,26.575,17.54
2021-08-15 12:00:00,46167.9,3156.7,1.2661,403.64,48.704,2.1149,0.09064,26.266,17.544
2021-08-15 16:00:00,46341.8,3207.88,1.2877,406.29,52.945,2.1308,0.09122,26.829,17.854
2021-08-15 20:00:00,46973.82,3307.09,1.2839,414.05,53.531,2.1667,0.09295,27.901,18.762
2021-08-16 00:00:00,47357.62,3260.94,1.2772,410.96,58.605,2.1119,0.09277,27.812,18.635
2021-08-16 04:00:00,47309.85,3276.16,1.2919,420.4,61.915,2.189,0.09359,29.34,19.41
2021-08-16 08:00:00,47516.95,3290.26,1.2865,430.11,61.793,2.1667,0.09597,30.292,20.119
2021-08-16 12:00:00,46344.03,3223.84,1.2413,426.38,67.077,2.1188,0.09236,29.48,20.022
2021-08-16 16:00:00,46092.99,3176.85,1.2159,420.62,62.911,2.1073,0.09052,28.513,20.039
2021-08-16 20:00:00,45901.29,3146.53,1.1855,415.72,62.016,2.0714,0.08936,27.944,19.071
2021-08-17 00:00:00,46417.0,3194.69,1.2079,426.76,71.836,2.1235,0.09057,29.067,19.996
2021-08-17 04:00:00,45947.49,3171.0,1.176,418.8,74.053,2.0751,0.08908,28.558,19.79
2021-08-17 08:00:00,46849.43,3257.71,1.206,432.6,70.145,2.0926,0.09176,29.937,24.169
2021-08-17 12:00:00,45730.0,3165.82,1.1668,418.94,69.85,2.0546,0.08906,28.239,23.286
2021-08-17 16:00:00,45465.01,3116.91,1.1609,415.37,65.137,2.0091,0.0885,27.496,23.284
2021-08-17 20:00:00,44695.95,3011.72,1.0978,401.8,64.123,1.9239,0.08509,26.146,23.446
2021-08-18 00:00:00,45055.78,3049.87,1.1104,396.68,65.792,1.9789,0.08417,26.218,23.277
2021-08-18 04:00:00,44951.32,3030.37,1.1061,397.48,67.445,1.988,0.08463,25.948,23.158
2021-08-18 08:00:00,44746.59,2999.84,1.0737,390.59,74.959,1.9559,0.0833,25.075,21.67
2021-08-18 12:00:00,45820.0,3111.23,1.1431,408.34,77.335,2.0581,0.08639,26.851,27.061
2021-08-18 16:00:00,44901.12,3030.81,1.1235,396.6,73.328,2.0721,0.0846,25.663,26.628
2021-08-18 20:00:00,44705.29,3014.55,1.1431,396.15,72.663,2.1043,0.08456,25.341,29.993
2021-08-19 00:00:00,44046.97,2966.99,1.1182,393.07,69.666,2.0809,0.08291,24.897,30.28
2021-08-19 04:00:00,44660.01,2995.37,1.127,397.4,71.258,2.1089,0.08323,25.213,33.138
2021-08-19 08:00:00,44215.25,2973.39,1.1029,400.21,69.612,2.059,0.08232,24.75,30.507
2021-08-19 12:00:00,45779.58,3067.67,1.15,422.68,73.522,2.1266,0.08503,26.278,29.397
2021-08-19 16:00:00,46710.0,3147.58,1.1903,429.16,72.33,2.395,0.08718,26.924,30.292
2021-08-19 20:00:00,46760.62,3184.12,1.2347,431.27,72.764,2.4411,0.08825,27.096,30.653
2021-08-20 00:00:00,47054.74,3217.83,1.2071,430.29,72.388,2.3979,0.08735,26.921,31.517
2021-08-20 04:00:00,46833.48,3216.59,1.2403,425.32,71.212,2.4636,0.08708,26.95,34.923
2021-08-20 08:00:00,46922.34,3204.33,1.2361,427.32,71.494,2.4843,0.08753,27.446,36.741
2021-08-20 12:00:00,48718.38,3283.38,1.2829,447.48,73.35,2.5492,0.09035,28.42,35.841
2021-08-20 16:00:00,48684.16,3252.75,1.2512,448.83,78.224,2.494,0.08923,28.319,35.713
2021-08-20 20:00:00,49322.47,3284.82,1.2629,454.93,78.643,2.4557,0.09059,28.678,39.155
2021-08-21 00:00:00,48828.17,3276.44,1.2682,455.17,79.657,2.4907,0.09014,28.796,41.759
2021-08-21 04:00:00,48944.23,3293.56,1.2622,459.08,78.855,2.5042,0.09005,29.057,43.188
2021-08-21 08:00:00,48501.87,3249.61,1.2304,448.32,75.898,2.4388,0.08833,28.341,45.669
2021-08-21 12:00:00,49180.98,3271.22,1.2402,454.33,75.406,2.4471,0.08896,28.474,48.956
2021-08-21 16:00:00,48978.68,3217.41,1.2111,447.66,73.248,2.3997,0.08808,27.8,45.123
2021-08-21 20:00:00,48821.87,3223.43,1.2158,448.74,73.801,2.4341,0.08799,27.844,43.676
2021-08-22 00:00:00,48790.0,3226.01,1.2279,448.13,74.307,2.4965,0.08806,27.926,43.893
2021-08-22 04:00:00,49195.01,3261.83,1.2504,455.68,75.512,2.6191,0.08921,28.425,42.422
2021-08-22 08:00:00,49132.04,3255.71,1.2469,455.64,77.077,2.6244,0.08964,28.272,44.22
2021-08-22 12:00:00,48526.61,3181.54,1.2065,444.06,74.612,2.5688,0.087,27.376,42.003
2021-08-22 16:00:00,48647.85,3175.25,1.2028,443.6,73.079,2.5806,0.08689,27.448,42.459
2021-08-22 20:00:00,49239.22,3238.0,1.226,448.68,72.775,2.7049,0.08795,27.982,43.663
2021-08-23 00:00:00,50260.0,3340.22,1.2522,463.46,75.391,2.8069,0.09023,28.821,49.613
2021-08-23 04:00:00,50130.05,3323.86,1.2439,485.24,73.357,2.8604,0.08999,28.707,49.37
2021-08-23 08:00:00,50394.85,3342.98,1.2818,498.7,72.75,2.8226,0.09087,28.946,50.222
2021-08-23 12:00:00,49537.97,3325.98,1.2416,497.38,72.04,2.8891,0.08954,28.719,46.585
2021-08-23 16:00:00,49239.69,3309.62,1.2312,499.42,72.826,2.8856,0.08917,28.364,46.124
2021-08-23 20:00:00,49488.85,3321.28,1.2457,499.06,75.623,2.9152,0.08987,28.552,46.451
2021-08-24 00:00:00,49331.16,3324.33,1.2346,494.88,78.244,2.8453,0.08935,28.441,49.195
2021-08-24 04:00:00,49770.13,3346.6,1.2566,496.23,77.277,2.909,0.09073,28.769,50.474
2021-08-24 08:00:00,49429.99,3323.01,1.2385,493.89,77.768,2.8893,0.09036,28.464,49.668
2021-08-24 12:00:00,48310.74,3211.54,1.1814,472.95,71.999,2.688,0.0863,26.637,48.365
2021-08-24 16:00:00,48243.2,3217.44,1.1672,478.05,71.672,2.7933,0.08568,26.502,52.597
2021-08-24 20:00:00,47674.01,3170.62,1.1353,471.62,70.527,2.7187,0.08457,25.728,55.474
2021-08-25 00:00:00,47975.93,3175.0,1.1465,476.81,70.663,2.7262,0.08486,25.976,52.252
2021-08-25 04:00:00,48144.58,3183.6,1.1573,487.96,71.141,2.7504,0.08578,26.413,51.423
2021-08-25 08:00:00,47570.01,3139.68,1.1495,479.74,67.694,2.6696,0.08449,25.819,49.243
2021-08-25 12:00:00,48822.49,3217.17,1.1745,502.47,71.305,2.7676,0.08719,26.73,50.911
2021-08-25 16:00:00,48652.14,3214.5,1.1588,499.56,70.237,2.7298,0.08665,26.221,47.924
2021-08-25 20:00:00,48973.32,3226.87,1.1735,503.19,71.973,2.739,0.08758,26.612,46.208
2021-08-26 00:00:00,47911.79,3148.84,1.1468,493.2,70.743,2.6394,0.08521,25.765,45.153
2021-08-26 04:00:00,46891.75,3105.16,1.1207,482.9,67.65,2.586,0.08363,25.06,43.43
2021-08-26 08:00:00,46835.89,3087.54,1.1065,483.6,67.2,2.565,0.08393,24.97,43.42
2021-08-26 12:00:00,46800.0,3104.77,1.0842,481.2,74.71,2.555,0.08336,24.5,44.95
2021-08-26 16:00:00,46939.75,3108.72,1.0854,479.3,74.75,2.51,0.08278,24.55,42.32
2021-08-26 20:00:00,46843.87,3093.2,1.0712,478.1,74.92,2.528,0.08303,24.39,41.32
2021-08-27 00:00:00,46822.23,3094.26,1.0758,474.3,81.4,2.535,0.08223,24.25,42.91
2021-08-27 04:00:00,47483.44,3127.11,1.1051,481.0,81.92,2.625,0.08419,24.91,46.81
2021-08-27 08:00:00,47453.83,3154.73,1.1155,482.2,82.33,2.716,0.08472,25.09,45.64
2021-08-27 12:00:00,48184.67,3238.97,1.1437,489.0,82.49,2.845,0.08619,25.78,46.85
2021-08-27 16:00:00,48293.69,3232.36,1.1379,486.9,85.64,2.851,0.08659,25.53,48.11
2021-08-27 20:00:00,49069.9,3273.45,1.1918,494.5,87.98,2.946,0.08828,26.04,50.14
2021-08-28 00:00:00,48852.99,3244.46,1.1642,487.7,86.3,2.846,0.08689,25.68,46.92
2021-08-28 04:00:00,48950.0,3230.16,1.1617,486.6,86.92,2.826,0.08675,25.7,46.46
2021-08-28 08:00:00,48674.72,3222.24,1.1514,484.2,92.43,2.804,0.08686,25.63,46.59
2021-08-28 12:00:00,48811.12,3246.15,1.1492,486.1,94.66,2.832,0.087,25.66,48.43
2021-08-28 16:00:00,48651.93,3230.24,1.1399,485.2,93.93,2.82,0.08662,25.43,49.29
2021-08-28 20:00:00,48895.35,3244.48,1.1459,486.2,96.22,2.847,0.08829,25.73,50.2
2021-08-29 00:00:00,48227.31,3180.28,1.1243,481.7,93.95,2.747,0.08732,25.58,48.92
2021-08-29 04:00:00,48480.1,3206.3,1.1446,487.5,94.08,2.824,0.08924,25.78,48.69
2021-08-29 08:00:00,48159.98,3181.83,1.1355,484.5,91.75,2.868,0.08785,25.48,47.68
2021-08-29 12:00:00,48474.95,3186.99,1.1322,483.3,92.16,2.864,0.08789,25.38,47.12
2021-08-29 16:00:00,48799.27,3220.23,1.155,482.1,93.92,2.894,0.08879,25.69,48.55
2021-08-29 20:00:00,48767.83,3223.47,1.1408,479.7,94.23,2.851,0.08847,25.76,47.39
2021-08-30 00:00:00,47964.04,3161.64,1.1267,473.8,97.63,2.8,0.08689,25.04,45.32
2021-08-30 04:00:00,47930.4,3180.11,1.1369,478.4,100.16,2.83,0.08699,25.04,45.86
2021-08-30 08:00:00,47902.76,3187.49,1.1285,474.4,101.04,2.809,0.08716,24.9,45.09
2021-08-30 12:00:00,48019.64,3217.64,1.1288,472.4,105.62,2.822,0.0873,24.97,43.73
2021-08-30 16:00:00,48619.99,3341.16,1.1424,478.0,109.66,2.836,0.08856,26.18,44.64
2021-08-30 20:00:00,46982.91,3229.64,1.1002,460.3,110.25,2.734,0.08616,25.04,41.44
2021-08-31 00:00:00,47150.68,3237.78,1.1251,461.4,115.19,2.791,0.08637,25.22,41.25
2021-08-31 04:00:00,47761.26,3358.12,1.1348,468.2,119.68,2.816,0.08761,26.03,43.43
2021-08-31 08:00:00,47969.51,3429.95,1.1408,470.4,124.77,2.851,0.08906,26.91,43.65
2021-08-31 12:00:00,47397.13,3386.63,1.1803,472.0,116.52,2.781,0.08879,27.21,42.86
2021-08-31 16:00:00,47300.01,3414.3,1.1951,468.4,114.69,2.775,0.0888,26.91,39.72
2021-08-31 20:00:00,47100.89,3429.2,1.1856,463.9,108.27,2.767,0.08875,26.7,39.5
2021-09-01 00:00:00,47043.65,3442.15,1.1834,463.2,111.24,2.762,0.08844,26.87,39.27
2021-09-01 04:00:00,47171.01,3516.86,1.186,468.4,110.12,2.778,0.08958,26.94,44.33
2021-09-01 08:00:00,47713.31,3530.99,1.1905,481.5,116.07,2.818,0.09134,27.86,43.09
2021-09-01 12:00:00,47488.49,3580.56,1.1929,479.4,117.22,2.831,0.09172,29.11,44.25
2021-09-01 16:00:00,48150.0,3713.11,1.2038,484.4,114.98,2.835,0.09293,29.15,43.57
2021-09-01 20:00:00,48810.52,3826.82,1.2362,489.4,110.71,2.869,0.095,29.72,42.47
2021-09-02 00:00:00,49561.24,3763.31,1.2489,493.2,113.7,3.031,0.0952,29.11,42.74
2021-09-02 04:00:00,49846.27,3733.41,1.2502,489.4,114.48,3.015,0.09787,29.07,42.79
2021-09-02 08:00:00,50072.61,3760.62,1.2871,492.1,114.92,3.048,0.10122,29.66,43.62
2021-09-02 12:00:00,49540.7,3756.31,1.248,482.4,121.88,2.927,0.09784,29.69,42.01
2021-09-02 16:00:00,49340.05,3783.89,1.2574,486.3,127.18,2.971,0.1004,30.15,43.81
2021-09-02 20:00:00,49246.64,3785.82,1.2533,483.7,128.23,2.96,0.09953,29.95,47.58
2021-09-03 00:00:00,49476.83,3806.83,1.2746,486.8,135.35,2.977,0.1019,30.0,50.21
2021-09-03 04:00:00,49305.11,3797.92,1.2627,484.1,144.69,2.951,0.10416,29.76,49.56
2021-09-03 08:00:00,50168.54,3953.48,1.2784,489.3,139.39,2.981,0.10407,31.11,48.57
2021-09-03 12:00:00,50550.44,3968.8,1.301,493.1,140.02,3.005,0.10206,31.04,47.09
2021-09-03 16:00:00,50528.49,3943.85,1.3151,489.4,142.9,2.989,0.10214,31.13,46.39
2021-09-03 20:00:00,49999.14,3938.11,1.2907,488.5,146.4,2.966,0.10161,30.75,45.89
2021-09-04 00:00:00,50277.43,3917.76,1.2821,489.3,148.34,2.962,0.10105,30.53,46.35
2021-09-04 04:00:00,50187.29,3916.75,1.2787,490.0,145.8,2.94,0.10242,30.53,47.5
2021-09-04 08:00:00,49902.94,3886.89,1.2664,490.0,141.68,2.916,0.10178,30.52,47.49
2021-09-04 12:00:00,49873.53,3917.72,1.2642,500.2,142.36,2.88,0.10188,30.56,47.3
2021-09-04 16:00:00,49974.82,3858.41,1.2491,494.4,138.89,2.836,0.10071,29.68,46.28
2021-09-04 20:00:00,49915.64,3885.52,1.2548,497.7,138.88,2.83,0.10146,29.88,47.15
2021-09-05 00:00:00,49663.21,3845.0,1.2449,493.0,140.63,2.857,0.10138,29.58,45.65
2021-09-05 04:00:00,49857.14,3870.71,1.2482,494.3,138.93,2.876,0.10154,30.15,47.05
2021-09-05 08:00:00,50198.78,3924.56,1.2618,493.6,140.36,2.868,0.10289,30.36,46.51
2021-09-05 12:00:00,50214.95,3907.68,1.2879,495.4,136.29,2.86,0.10329,31.45,46.15
2021-09-05 16:00:00,50684.56,3928.47,1.2871,498.0,137.87,2.935,0.10383,32.84,47.39
2021-09-05 20:00:00,51756.88,3950.29,1.3076,504.8,142.0,2.91,0.10519,33.55,48.15
2021-09-06 00:00:00,51595.29,3904.98,1.3174,498.8,140.74,2.876,0.10372,33.06,47.59
2021-09-06 04:00:00,51796.19,3943.76,1.3214,504.3,146.03,2.913,0.10482,34.51,48.65
2021-09-06 08:00:00,51400.67,3904.77,1.3548,498.0,142.41,2.847,0.10451,33.85,48.6
2021-09-06 12:00:00,51604.45,3924.98,1.3618,497.6,151.43,2.844,0.10327,35.58,46.63
2021-09-06 16:00:00,51715.39,3937.8,1.3907,497.2,162.37,2.827,0.10301,35.28,46.67
2021-09-06 20:00:00,52663.9,3926.77,1.3894,496.1,164.22,2.833,0.10381,34.81,47.1
2021-09-07 00:00:00,52654.16,3913.67,1.3689,495.7,173.45,2.828,0.10404,34.48,45.96
2021-09-07 04:00:00,52344.08,3883.85,1.3526,491.2,187.85,2.704,0.10181,34.34,45.11
2021-09-07 08:00:00,50941.48,3749.18,1.2839,469.3,182.91,2.645,0.09714,32.69,43.44
2021-09-07 12:00:00,46656.07,3452.7,1.1333,416.1,168.81,2.424,0.08492,28.26,37.88
2021-09-07 16:00:00,46694.59,3411.9,1.0762,413.6,173.7,2.371,0.08378,27.68,37.46
2021-09-07 20:00:00,46863.73,3434.57,1.1292,418.7,173.46,2.514,0.08539,28.26,37.93
2021-09-08 00:00:00,46450.41,3430.32,1.1014,413.1,173.03,2.457,0.0868,28.03,37.88
2021-09-08 04:00:00,45080.3,3258.22,1.0479,390.5,152.45,2.256,0.08454,25.61,34.51
2021-09-08 08:00:00,46394.09,3406.26,1.0858,408.6,160.77,2.39,0.09236,27.03,35.76
2021-09-08 12:00:00,46087.35,3419.35,1.102,413.7,166.27,2.409,0.09421,27.05,35.83
2021-09-08 16:00:00,46436.32,3523.14,1.1069,419.7,194.79,2.427,0.09327,27.46,37.2
2021-09-08 20:00:00,46048.31,3499.0,1.0998,415.0,191.02,2.47,0.09272,27.16,37.0
2021-09-09 00:00:00,46001.11,3469.88,1.0921,409.5,211.25,2.425,0.0916,26.98,37.69
2021-09-09 04:00:00,46275.0,3499.42,1.1101,416.7,207.54,2.546,0.09294,27.95,43.08
2021-09-09 08:00:00,46293.15,3479.99,1.1135,415.9,206.57,2.588,0.09282,27.94,42.02
2021-09-09 12:00:00,47001.65,3523.75,1.1175,420.1,201.25,2.59,0.09349,29.19,43.57
2021-09-09 16:00:00,46574.75,3463.68,1.0951,420.1,185.01,2.515,0.09183,28.67,41.81
2021-09-09 20:00:00,46395.14,3424.93,1.0868,421.3,187.9,2.518,0.09303,28.01,40.77
2021-09-10 00:00:00,46719.71,3465.02,1.1364,432.4,194.18,2.558,0.09475,28.86,44.92
2021-09-10 04:00:00,46160.55,3403.12,1.098,417.8,182.63,2.473,0.09166,28.07,42.25
2021-09-10 08:00:00,46331.86,3401.42,1.0906,415.9,184.44,2.489,0.09069,28.01,46.45
2021-09-10 12:00:00,45420.86,3298.99,1.0692,405.6,179.57,2.389,0.08885,26.76,47.98
2021-09-10 16:00:00,45649.78,3311.26,1.075,407.7,181.82,2.398,0.09032,26.73,47.96
2021-09-10 20:00:00,44850.91,3208.86,1.0552,401.4,179.6,2.383,0.09075,26.39,49.3
2021-09-11 00:00:00,45191.88,3241.63,1.0619,402.6,181.48,2.395,0.09244,26.56,52.61
2021-09-11 04:00:00,45043.97,3248.03,1.071,406.4,178.69,2.421,0.09617,26.89,50.78
2021-09-11 08:00:00,45555.04,3293.12,1.0951,410.3,181.26,2.71,0.09579,27.14,48.39
2021-09-11 12:00:00,45573.99,3311.0,1.0979,411.0,188.48,2.717,0.0951,27.26,50.48
2021-09-11 16:00:00,45357.06,3298.35,1.0863,408.5,181.99,2.701,0.09454,27.04,56.37
2021-09-11 20:00:00,45173.69,3267.21,1.0787,405.1,179.04,2.638,0.09555,26.99,57.02
2021-09-12 00:00:00,45316.28,3327.54,1.0777,406.3,179.04,2.592,0.09965,27.23,59.55
2021-09-12 04:00:00,45357.02,3320.98,1.0806,406.9,178.0,2.588,0.09934,27.24,62.81
2021-09-12 08:00:00,46085.9,3438.06,1.108,417.3,179.07,2.606,0.11539,28.64,62.08
2021-09-12 12:00:00,45886.99,3416.55,1.1088,418.2,178.92,2.659,0.11297,29.37,60.35
2021-09-12 16:00:00,45902.87,3406.59,1.1128,417.4,177.67,2.712,0.11407,28.98,61.18
2021-09-12 20:00:00,46025.24,3404.21,1.1181,416.3,174.29,2.581,0.11241,29.42,59.22
2021-09-13 00:00:00,44617.79,3257.7,1.0669,397.5,154.95,2.413,0.10608,27.55,52.29
2021-09-13 04:00:00,44470.63,3203.57,1.0498,393.5,152.91,2.358,0.10453,26.63,51.1
2021-09-13 08:00:00,44859.24,3251.24,1.0653,398.5,160.23,2.433,0.10612,26.5,55.07
2021-09-13 12:00:00,44361.31,3202.62,1.0486,395.2,157.03,2.406,0.10329,26.34,52.12
2021-09-13 16:00:00,44741.66,3253.69,1.0637,398.6,164.08,2.44,0.10455,27.22,53.1
2021-09-13 20:00:00,44940.73,3285.35,1.0643,399.1,169.53,2.402,0.10462,26.96,53.15
2021-09-14 00:00:00,45186.85,3291.33,1.0729,400.8,167.43,2.398,0.10877,27.13,55.4
2021-09-14 04:00:00,45720.02,3311.86,1.0765,402.1,165.96,2.404,0.11327,27.03,54.64
2021-09-14 08:00:00,45973.8,3330.01,1.0698,401.5,165.04,2.383,0.11874,27.04,54.04
2021-09-14 12:00:00,46754.42,3388.34,1.0847,408.9,159.26,2.394,0.11671,29.07,52.57
2021-09-14 16:00:00,46474.89,3350.11,1.0745,405.3,154.21,2.364,0.11621,29.09,51.06
2021-09-14 20:00:00,47111.52,3434.37,1.0963,414.3,158.88,2.396,0.11822,30.8,51.5
2021-09-15 00:00:00,47075.48,3396.19,1.0864,413.0,157.27,2.383,0.11563,30.07,50.9
2021-09-15 04:00:00,47172.84,3404.19,1.093,422.1,162.03,2.395,0.11554,30.31,52.85
2021-09-15 08:00:00,47560.74,3410.76,1.0911,425.6,157.93,2.397,0.11562,31.14,52.35
2021-09-15 12:00:00,48288.0,3498.14,1.1143,435.2,161.97,2.563,0.1177,31.19,53.21
2021-09-15 16:00:00,48075.44,3534.46,1.1232,429.7,161.64,2.527,0.11987,30.65,55.1
2021-09-15 20:00:00,48121.41,3613.55,1.1207,431.3,158.79,2.505,0.12069,30.67,57.84
2021-09-16 00:00:00,47615.08,3542.91,1.1009,424.6,155.16,2.441,0.11557,31.52,59.1
2021-09-16 04:00:00,48343.52,3634.08,1.1237,429.9,160.72,2.482,0.11631,31.49,60.39
2021-09-16 08:00:00,47895.01,3619.29,1.1099,426.6,158.37,2.467,0.11635,31.04,60.76
2021-09-16 12:00:00,48020.24,3618.2,1.1027,425.7,154.8,2.442,0.1168,30.53,65.4
2021-09-16 16:00:00,47430.01,3562.9,1.0928,423.4,152.28,2.418,0.11537,29.86,65.48
2021-09-16 20:00:00,47737.82,3567.98,1.0902,424.3,152.29,2.417,0.11594,29.8,67.56
2021-09-17 00:00:00,47899.83,3563.03,1.0998,421.4,148.64,2.42,0.11933,29.72,67.19
2021-09-17 04:00:00,47719.73,3520.13,1.087,417.4,143.48,2.403,0.11421,29.51,62.69
2021-09-17 08:00:00,47403.56,3449.03,1.0588,407.8,138.85,2.363,0.10812,28.35,62.12
2021-09-17 12:00:00,47527.52,3450.78,1.0699,411.9,144.65,2.37,0.10618,28.36,63.99
2021-09-17 16:00:00,47501.68,3424.05,1.0755,411.5,144.57,2.366,0.10581,28.3,65.09
2021-09-17 20:00:00,47299.98,3399.81,1.0661,406.6,147.58,2.35,0.10545,27.72,70.11
2021-09-18 00:00:00,47924.57,3451.42,1.0773,412.7,144.83,2.373,0.10696,28.27,71.69
2021-09-18 04:00:00,48622.01,3503.01,1.0859,417.7,157.61,2.396,0.10733,28.97,73.94
2021-09-18 08:00:00,48367.16,3496.5,1.0785,415.8,160.91,2.393,0.1067,28.91,71.67
2021-09-18 12:00:00,48414.99,3474.61,1.0829,415.5,163.66,2.391,0.10669,28.69,71.23
2021-09-18 16:00:00,48266.0,3445.12,1.0766,411.8,162.62,2.384,0.10605,28.52,68.25
2021-09-18 20:00:00,48292.74,3435.64,1.0751,410.7,169.22,2.371,0.10586,28.39,69.02
2021-09-19 00:00:00,47844.88,3413.47,1.0674,408.5,164.33,2.35,0.10408,27.94,69.96
2021-09-19 04:00:00,48157.7,3440.72,1.082,410.8,161.54,2.374,0.10581,28.63,72.62
2021-09-19 08:00:00,47327.73,3326.19,1.0589,404.5,156.14,2.327,0.10376,27.7,70.37
2021-09-19 12:00:00,47646.72,3363.34,1.0669,413.5,159.38,2.358,0.1051,28.02,75.03
2021-09-19 16:00:00,47376.72,3337.93,1.0628,412.5,154.38,2.321,0.10486,27.58,71.85
2021-09-19 20:00:00,47241.75,3328.62,1.0483,408.6,152.76,2.283,0.10369,27.36,70.07
2021-09-20 00:00:00,45542.76,3187.09,0.9811,391.2,145.12,2.165,0.09597,25.82,64.64
2021-09-20 04:00:00,44824.89,3127.15,0.9575,382.3,139.18,2.121,0.09406,25.07,63.17
2021-09-20 08:00:00,43739.75,3042.45,0.9189,369.1,137.48,2.059,0.0928,24.16,60.19
2021-09-20 12:00:00,43844.88,3087.55,0.9347,371.1,144.1,2.152,0.09474,24.5,61.46
2021-09-20 16:00:00,43850.25,3072.02,0.9231,368.6,138.82,2.114,0.09353,24.17,60.79
2021-09-20 20:00:00,43015.62,2977.28,0.9216,364.1,132.77,2.079,0.0914,23.57,57.33
2021-09-21 00:00:00,42683.01,2998.78,0.9477,363.5,136.43,2.097,0.09221,23.39,57.72
2021-09-21 04:00:00,43301.07,3073.95,0.9523,370.0,143.47,2.142,0.09418,23.86,61.39
2021-09-21 08:00:00,43288.97,3062.72,0.9489,372.6,142.74,2.173,0.09418,24.08,63.91
2021-09-21 12:00:00,43072.81,3035.24,0.9363,369.9,138.5,2.136,0.09396,23.76,65.63
2021-09-21 16:00:00,42013.63,2886.84,0.8976,357.0,127.16,2.04,0.0924,22.43,60.99
2021-09-21 20:00:00,40734.38,2765.9,0.8743,344.4,124.29,1.986,0.08826,21.42,58.98
2021-09-22 00:00:00,42052.09,2867.12,0.9219,353.3,128.95,2.048,0.0899,22.24,63.0
2021-09-22 04:00:00,42540.0,2942.07,0.9445,361.5,132.95,2.145,0.0924,22.82,64.4
2021-09-22 08:00:00,41928.32,2894.48,0.9189,357.3,128.64,2.09,0.09089,22.62,61.33
2021-09-22 12:00:00,43222.96,3007.22,0.9677,369.9,141.66,2.189,0.09526,23.79,67.79
2021-09-22 16:00:00,43384.9,3023.73,0.9862,376.1,146.39,2.216,0.0973,24.01,70.1
2021-09-22 20:00:00,43543.61,3076.92,1.0033,379.0,148.02,2.257,0.09876,24.45,74.07
2021-09-23 00:00:00,44074.57,3118.5,1.0098,379.9,148.58,2.288,0.10002,24.58,74.38
2021-09-23 04:00:00,44229.99,3145.95,1.003,382.9,151.5,2.27,0.09947,24.53,78.79
2021-09-23 08:00:00,43648.15,3060.24,0.9763,371.4,144.35,2.2,0.09661,23.54,75.22
2021-09-23 12:00:00,43747.63,3092.37,0.9787,373.5,146.06,2.211,0.09694,24.16,73.62
2021-09-23 16:00:00,44767.57,3147.87,1.0008,382.6,149.61,2.265,0.0987,25.33,75.59
2021-09-23 20:00:00,44865.26,3152.5,1.0016,383.5,149.91,2.327,0.09923,25.41,76.44
2021-09-24 00:00:00,44283.03,3074.93,0.9824,374.9,144.86,2.281,0.09668,24.6,73.83
2021-09-24 04:00:00,44818.46,3087.82,0.9825,376.8,144.63,2.304,0.09687,24.65,73.93
2021-09-24 08:00:00,41527.5,2827.91,0.9191,345.2,134.89,2.269,0.09163,22.25,69.97
2021-09-24 12:00:00,41944.01,2877.13,0.9218,347.7,137.66,2.2,0.09104,22.49,73.13
2021-09-24 16:00:00,42371.43,2901.78,0.9338,352.1,138.14,2.258,0.09214,22.72,71.76
2021-09-24 20:00:00,42810.57,2928.53,0.944,355.0,139.13,2.277,0.09226,23.26,72.31
2021-09-25 00:00:00,42608.11,2912.15,0.9455,357.2,138.59,2.36,0.09252,23.31,70.61
2021-09-25 04:00:00,42372.02,2887.38,0.9399,351.9,140.03,2.322,0.09132,22.71,69.81
2021-09-25 08:00:00,42485.03,2913.12,0.9393,350.7,140.12,2.335,0.09095,22.7,70.44
2021-09-25 12:00:00,42669.96,2922.23,0.9403,350.8,138.66,2.42,0.09121,22.88,70.22
2021-09-25 16:00:00,42665.95,2916.77,0.9398,350.0,137.33,2.37,0.09082,23.93,69.08
2021-09-25 20:00:00,42670.64,2921.73,0.94,349.6,136.06,2.3,0.09055,24.51,68.28
2021-09-26 00:00:00,42212.4,2866.52,0.9264,341.7,131.03,2.258,0.08843,24.19,65.27
2021-09-26 04:00:00,41231.34,2772.77,0.898,324.9,127.01,2.182,0.08437,22.78,62.91
2021-09-26 08:00:00,43063.57,2974.28,0.9416,342.5,135.09,2.265,0.08817,24.73,67.22
2021-09-26 12:00:00,43343.73,3053.17,0.9485,349.8,140.07,2.284,0.08886,25.12,70.01
2021-09-26 16:00:00,43252.54,3057.62,0.9435,349.4,136.24,2.251,0.08819,24.52,68.21
2021-09-26 20:00:00,43160.9,3059.37,0.9436,344.0,135.64,2.207,0.08769,24.6,66.77
2021-09-27 00:00:00,44038.75,3131.91,0.9699,352.3,139.24,2.239,0.08963,24.89,68.72
2021-09-27 04:00:00,43688.03,3091.29,0.9605,349.3,138.16,2.229,0.08893,24.58,68.26
2021-09-27 08:00:00,43747.69,3092.79,0.9625,349.7,147.38,2.226,0.0896,24.36,70.71
2021-09-27 12:00:00,43293.26,3059.13,0.9468,345.8,145.25,2.195,0.08866,23.91,69.78
2021-09-27 16:00:00,43011.82,2992.96,0.9296,340.3,143.29,2.186,0.08762,23.45,68.27
2021-09-27 20:00:00,42147.35,2925.59,0.9218,335.5,136.35,2.13,0.08599,23.01,66.33
2021-09-28 00:00:00,42558.4,2948.97,0.934,339.8,138.12,2.153,0.08675,23.37,68.53
2021-09-28 04:00:00,41775.25,2894.34,0.9271,334.3,133.66,2.119,0.08509,22.82,66.49
2021-09-28 08:00:00,42101.49,2926.8,0.9375,340.1,135.75,2.132,0.08587,23.69,67.08
2021-09-28 12:00:00,41447.18,2844.4,0.9138,335.6,130.43,2.075,0.08438,22.67,63.85
2021-09-28 16:00:00,41601.99,2838.71,0.9086,335.9,131.06,2.063,0.08417,22.42,63.11
2021-09-28 20:00:00,41026.54,2804.91,0.8928,333.0,132.2,2.037,0.08305,22.1,61.51
2021-09-29 00:00:00,42199.99,2895.95,0.9154,340.5,138.81,2.077,0.0859,23.19,64.83
2021-09-29 04:00:00,42450.25,2928.33,0.925,344.8,139.34,2.122,0.08656,23.48,65.77
2021-09-29 08:00:00,42399.98,2933.75,0.9258,369.9,139.53,2.128,0.08755,23.7,65.12
2021-09-29 12:00:00,41698.98,2861.19,0.9375,367.6,135.62,2.057,0.08614,23.19,67.31
2021-09-29 16:00:00,41207.86,2810.16,0.9189,364.6,132.01,2.036,0.08522,22.42,63.22
2021-09-29 20:00:00,41524.28,2850.45,0.9268,367.7,135.25,2.066,0.08581,22.85,65.46
2021-09-30 00:00:00,43591.23,3027.46,0.9587,380.2,139.91,2.119,0.08867,24.27,67.54
2021-09-30 04:00:00,43286.88,3001.59,0.9416,375.1,136.92,2.085,0.08802,23.93,66.04
2021-09-30 08:00:00,43072.29,2963.35,0.938,373.0,137.35,2.08,0.08766,23.76,65.04
2021-09-30 12:00:00,43149.02,2985.67,0.9449,379.3,138.32,2.095,0.08845,23.7,65.56
2021-09-30 16:00:00,43532.31,2992.23,0.9454,382.7,139.24,2.103,0.08879,23.51,65.28
2021-09-30 20:00:00,43824.1,3000.61,0.9533,387.5,141.37,2.115,0.08943,24.0,66.63
2021-10-01 00:00:00,43635.79,3002.98,0.9497,385.5,139.52,2.1,0.08879,23.76,65.38
2021-10-01 04:00:00,44788.42,3091.46,0.9711,398.8,142.78,2.146,0.09027,24.46,64.83
2021-10-01 08:00:00,47488.08,3235.49,1.0221,415.4,153.26,2.237,0.09347,25.98,68.47
2021-10-01 12:00:00,47363.68,3235.7,1.0251,413.5,157.4,2.211,0.0931,26.05,67.16
2021-10-01 16:00:00,48030.0,3297.65,1.0378,420.6,162.81,2.257,0.09391,26.44,68.45
2021-10-01 20:00:00,48141.61,3309.91,1.0422,421.5,161.56,2.256,0.09481,26.31,67.67
2021-10-02 00:00:00,47520.84,3267.31,1.0123,414.8,156.69,2.204,0.09291,25.92,66.11
2021-10-02 04:00:00,47725.01,3279.9,1.0169,418.7,158.51,2.214,0.09311,26.08,66.95
2021-10-02 08:00:00,47683.45,3296.54,1.0251,425.3,159.04,2.219,0.09335,26.26,66.75
2021-10-02 12:00:00,47828.52,3386.54,1.0397,431.8,170.48,2.29,0.09513,27.26,70.03
2021-10-02 16:00:00,48239.99,3467.35,1.0634,438.0,174.8,2.311,0.09575,27.72,72.55
2021-10-02 20:00:00,47634.9,3387.76,1.0359,427.1,168.98,2.247,0.09338,26.89,69.08
2021-10-03 00:00:00,47898.66,3404.97,1.0424,429.7,170.62,2.264,0.09425,27.23,70.25
2021-10-03 04:00:00,47895.99,3393.07,1.0427,429.0,171.65,2.272,0.09422,26.99,70.14
2021-10-03 08:00:00,47974.86,3413.9,1.0526,428.8,170.82,2.275,0.09502,27.2,70.13
2021-10-03 12:00:00,47879.82,3404.75,1.0605,426.8,172.5,2.266,0.09469,26.96,69.99
2021-10-03 16:00:00,48774.76,3467.43,1.0794,433.5,175.59,2.284,0.09611,27.9,69.77
2021-10-03 20:00:00,48200.01,3417.73,1.0552,430.5,172.98,2.251,0.09494,27.57,68.69
2021-10-04 00:00:00,47468.79,3335.31,1.0263,413.8,167.13,2.172,0.0921,26.34,66.27
2021-10-04 04:00:00,47838.54,3378.24,1.0413,422.6,169.61,2.196,0.09259,26.68,67.43
2021-10-04 08:00:00,47585.85,3313.39,1.0242,418.3,165.86,2.173,0.09147,26.28,65.98
2021-10-04 12:00:00,47758.23,3322.51,1.0319,420.6,166.44,2.186,0.09182,26.21,65.86
2021-10-04 16:00:00,49380.0,3415.84,1.0453,427.3,169.27,2.204,0.09299,26.97,66.46
2021-10-04 20:00:00,49224.94,3386.31,1.0425,426.3,167.13,2.191,0.09351,26.6,65.29
2021-10-05 00:00:00,49306.68,3387.96,1.0461,428.7,166.9,2.218,0.09424,26.66,65.0
2021-10-05 04:00:00,49476.51,3389.0,1.0532,434.1,166.12,2.213,0.09578,26.49,65.93
2021-10-05 08:00:00,49877.06,3445.02,1.0551,440.8,168.34,2.224,0.09541,26.92,65.66
2021-10-05 12:00:00,49793.57,3418.35,1.063,434.8,162.35,2.188,0.09416,26.49,63.61
2021-10-05 16:00:00,51190.11,3490.55,1.0719,440.3,161.8,2.225,0.09592,26.77,63.83
2021-10-05 20:00:00,51471.99,3515.27,1.0839,442.1,164.62,2.233,0.09618,27.23,64.6
2021-10-06 00:00:00,51513.81,3486.63,1.0665,435.9,157.96,2.21,0.09453,26.63,63.07
2021-10-06 04:00:00,51449.99,3456.12,1.0566,432.4,155.93,2.185,0.0938,26.18,61.75
2021-10-06 08:00:00,51306.56,3381.22,1.0333,420.6,152.91,2.133,0.09267,25.55,60.14
2021-10-06 12:00:00,54984.19,3613.01,1.094,439.6,160.76,2.233,0.09612,27.72,62.13
2021-10-06 16:00:00,55049.99,3587.58,1.0847,436.4,159.78,2.238,0.09579,27.31,61.52
2021-10-06 20:00:00,55315.0,3574.89,1.0765,434.9,153.87,2.209,0.09549,26.8,60.01
2021-10-07 00:00:00,54810.94,3519.54,1.0581,428.6,152.03,2.163,0.09575,26.01,58.64
2021-10-07 04:00:00,54755.92,3611.4,1.0867,444.8,158.47,2.248,0.09775,27.08,61.28
2021-10-07 08:00:00,54305.54,3575.86,1.0833,444.9,157.7,2.323,0.09585,27.34,60.57
2021-10-07 12:00:00,53899.99,3584.99,1.0675,439.5,155.88,2.285,0.0954,27.14,59.52
2021-10-07 16:00:00,53962.76,3606.18,1.072,442.0,156.07,2.292,0.09537,27.15,60.37
2021-10-07 20:00:00,53785.22,3587.47,1.0678,438.5,154.26,2.278,0.09547,26.83,61.52
2021-10-08 00:00:00,53815.22,3574.31,1.0656,433.4,154.44,2.268,0.09762,26.52,62.48
2021-10-08 04:00:00,54829.39,3602.7,1.0791,437.2,158.77,2.293,0.09842,27.02,63.39
2021-10-08 08:00:00,55242.72,3610.82,1.076,424.1,162.22,2.268,0.09819,26.93,64.02
2021-10-08 12:00:00,54324.84,3620.96,1.0702,423.7,166.48,2.282,0.09829,26.99,62.75
2021-10-08 16:00:00,54686.48,3625.25,1.0744,423.3,163.57,2.268,0.09838,26.97,61.98
2021-10-08 20:00:00,53951.43,3563.13,1.0636,419.2,158.86,2.237,0.09771,26.39,60.51
2021-10-09 00:00:00,54560.58,3579.48,1.0697,424.1,160.02,2.249,0.10117,26.48,61.15
2021-10-09 04:00:00,54917.55,3606.3,1.0718,423.1,159.19,2.265,0.10169,26.47,61.32
2021-10-09 08:00:00,54792.68,3596.98,1.1089,422.4,158.38,2.272,0.10307,27.07,61.02
2021-10-09 12:00:00,54977.29,3600.76,1.1533,422.7,157.97,2.271,0.10474,27.19,61.29
2021-10-09 16:00:00,54656.81,3582.54,1.1638,419.6,156.4,2.267,0.10293,27.38,60.44
2021-10-09 20:00:00,54949.72,3574.82,1.1604,421.9,156.84,2.268,0.10306,27.45,60.63
2021-10-10 00:00:00,55049.15,3530.53,1.1654,416.6,155.41,2.258,0.10113,27.13,60.17
2021-10-10 04:00:00,55668.81,3582.18,1.2153,420.6,154.98,2.265,0.10227,27.2,60.32
2021-10-10 08:00:00,55144.99,3563.3,1.1998,419.1,154.69,2.252,0.10192,27.0,59.77
2021-10-10 12:00:00,55373.01,3557.65,1.1878,419.8,154.4,2.243,0.10184,26.83,59.66
2021-10-10 16:00:00,55450.25,3528.5,1.172,415.0,153.48,2.234,0.10071,26.49,59.16
2021-10-10 20:00:00,54659.0,3414.22,1.1352,404.1,147.55,2.189,0.09747,25.56,56.51
2021-10-11 00:00:00,56507.09,3518.15,1.1674,415.7,151.47,2.226,0.09969,26.3,57.28
2021-10-11 04:00:00,56789.76,3577.07,1.1762,419.8,152.33,2.235,0.10068,26.47,58.43
2021-10-11 08:00:00,56407.51,3558.71,1.1491,415.2,148.54,2.208,0.09884,26.05,57.49
2021-10-11 12:00:00,57490.18,3593.57,1.1545,417.4,147.76,2.202,0.09845,26.04,56.55
2021-10-11 16:00:00,57488.33,3515.0,1.1291,409.3,141.58,2.155,0.09651,25.28,54.56
2021-10-11 20:00:00,57471.35,3542.12,1.1364,413.1,144.77,2.171,0.09707,25.22,55.3
2021-10-12 00:00:00,56711.35,3486.21,1.0939,406.4,143.2,2.103,0.09422,24.39,53.24
2021-10-12 04:00:00,57342.79,3481.59,1.1013,404.0,143.32,2.116,0.09418,24.34,53.05
2021-10-12 08:00:00,57240.14,3456.95,1.0875,398.0,142.5,2.107,0.09299,24.05,52.83
2021-10-12 12:00:00,56303.2,3505.02,1.1005,433.8,143.54,2.135,0.09464,24.73,54.47
2021-10-12 16:00:00,55329.78,3465.67,1.0906,434.2,150.04,2.123,0.09412,24.44,53.59
2021-10-12 20:00:00,55996.93,3491.46,1.1018,444.2,152.32,2.118,0.09549,24.65,54.34
2021-10-13 00:00:00,56277.78,3501.88,1.119,461.1,149.28,2.133,0.09636,24.9,55.88
2021-10-13 04:00:00,54612.61,3427.76,1.0808,441.6,145.43,2.087,0.09363,24.21,55.47
2021-10-13 08:00:00,55210.79,3468.68,1.0918,461.2,146.86,2.123,0.09504,24.84,55.44
2021-10-13 12:00:00,56168.85,3485.52,1.1057,454.2,146.31,2.114,0.09527,24.7,54.26
2021-10-13 16:00:00,57259.77,3521.23,1.1116,460.4,145.01,2.155,0.09665,24.75,53.72
2021-10-13 20:00:00,57367.0,3607.42,1.1275,470.8,148.04,2.19,0.09793,25.66,55.01
2021-10-14 00:00:00,58065.99,3643.0,1.1297,467.6,149.65,2.174,0.09809,26.22,55.77
2021-10-14 04:00:00,57367.3,3630.01,1.1186,475.1,150.36,2.168,0.09724,26.95,56.49
2021-10-14 08:00:00,57622.42,3735.75,1.1397,481.4,153.88,2.192,0.09904,27.52,57.83
2021-10-14 12:00:00,57331.31,3808.42,1.1364,474.3,152.81,2.202,0.09745,27.57,56.95
2021-10-14 16:00:00,57833.12,3791.77,1.1321,469.1,150.07,2.183,0.09722,27.03,56.23
2021-10-14 20:00:00,57347.94,3790.82,1.1336,472.7,150.02,2.172,0.09729,26.72,56.18
2021-10-15 00:00:00,59431.71,3820.92,1.1356,465.6,150.85,2.175,0.09772,26.83,55.7
2021-10-15 04:00:00,59231.5,3805.05,1.1425,466.4,161.57,2.195,0.0976,26.92,56.81
2021-10-15 08:00:00,59527.99,3778.64,1.1175,461.6,157.82,2.161,0.09734,26.53,55.31
2021-10-15 12:00:00,60038.36,3791.09,1.1258,464.5,159.36,2.22,0.09871,26.31,55.15
2021-10-15 16:00:00,61446.32,3848.9,1.1447,474.7,160.4,2.219,0.0998,27.02,56.29
2021-10-15 20:00:00,61672.42,3868.99,1.1413,474.5,163.18,2.218,0.09861,27.01,56.36
2021-10-16 00:00:00,61655.99,3842.95,1.1374,473.9,158.79,2.213,0.09855,27.1,56.7
2021-10-16 04:00:00,61733.96,3853.72,1.1383,478.9,158.29,2.207,0.09969,27.06,56.73
2021-10-16 08:00:00,61597.26,3956.75,1.1721,479.3,162.14,2.243,0.10048,28.07,59.89
2021-10-16 12:00:00,60941.04,3907.64,1.154,467.4,159.55,2.207,0.09911,28.3,59.85
2021-10-16 16:00:00,60834.34,3838.99,1.1457,465.0,158.19,2.181,0.09869,27.65,58.5
2021-10-16 20:00:00,60875.57,3829.96,1.1343,465.8,157.54,2.179,0.09871,27.23,57.61
2021-10-17 00:00:00,61115.85,3878.16,1.135,464.9,162.96,2.179,0.09893,27.39,58.08
2021-10-17 04:00:00,60329.54,3877.48,1.1253,465.3,162.16,2.166,0.09906,27.2,57.79
2021-10-17 08:00:00,60939.89,3858.79,1.1305,469.0,163.54,2.168,0.09937,27.29,57.9
2021-10-17 12:00:00,60764.12,3788.21,1.1171,465.4,160.77,2.151,0.1012,26.59,56.33
2021-10-17 16:00:00,60519.48,3766.35,1.1084,461.8,158.83,2.148,0.09989,26.46,55.88
2021-10-17 20:00:00,61528.33,3846.85,1.0944,470.9,160.12,2.158,0.0987,26.54,56.1
2021-10-18 00:00:00,62123.87,3852.77,1.0958,471.9,159.92,2.143,0.0986,26.36,55.63
2021-10-18 04:00:00,61885.42,3837.52,1.0917,471.1,158.87,2.146,0.09813,26.16,55.43
2021-10-18 08:00:00,60933.04,3745.45,1.0826,470.0,156.96,2.127,0.09783,25.76,54.72
2021-10-18 12:00:00,62003.03,3761.0,1.0887,478.4,156.66,2.132,0.09822,25.79,54.9
2021-10-18 16:00:00,61434.63,3747.72,1.0782,479.5,156.75,2.126,0.09766,25.64,55.07
2021-10-18 20:00:00,62009.84,3744.96,1.0827,484.9,157.12,2.128,0.0981,25.71,55.48
2021-10-19 00:00:00,62588.86,3823.01,1.097,494.5,158.5,2.154,0.09917,26.2,56.37
2021-10-19 04:00:00,62297.06,3809.51,1.0913,493.0,157.67,2.135,0.09893,25.93,55.67
2021-10-19 08:00:00,62128.39,3798.13,1.0873,489.6,157.0,2.127,0.10039,25.89,55.87
2021-10-19 12:00:00,62395.99,3774.98,1.0783,483.8,155.53,2.111,0.09981,25.4,56.63
2021-10-19 16:00:00,64177.15,3816.48,1.0782,483.6,154.53,2.1,0.09975,25.58,56.14
2021-10-19 20:00:00,64280.59,3877.03,1.0911,488.1,155.78,2.11,0.10055,25.91,56.8
2021-10-20 00:00:00,63844.67,3844.24,1.0995,483.9,155.77,2.093,0.10029,25.94,56.95
2021-10-20 04:00:00,63999.97,3858.27,1.0998,486.1,156.52,2.105,0.10299,26.03,57.13
2021-10-20 08:00:00,63791.1,3861.01,1.1092,485.9,160.08,2.143,0.10279,26.04,57.4
2021-10-20 12:00:00,66875.83,4080.99,1.143,499.8,168.74,2.196,0.10412,27.16,58.94
2021-10-20 16:00:00,66397.59,4100.93,1.1482,503.3,173.06,2.192,0.10335,27.37,61.02
2021-10-20 20:00:00,66001.41,4161.15,1.1455,501.3,176.72,2.19,0.10324,27.49,59.66
2021-10-21 00:00:00,65069.02,4185.82,1.1453,498.2,184.22,2.226,0.10346,27.57,61.91
2021-10-21 04:00:00,65100.7,4162.55,1.1375,492.0,186.99,2.259,0.10389,27.68,62.58
2021-10-21 08:00:00,64827.9,4211.88,1.1318,488.3,187.09,2.23,0.10344,27.95,61.61
2021-10-21 12:00:00,62971.2,4090.0,1.1113,473.7,182.6,2.171,0.101,28.73,60.05
2021-10-21 16:00:00,62802.07,4080.55,1.0978,474.8,184.75,2.158,0.1001,28.32,59.92
2021-10-21 20:00:00,62193.15,4052.99,1.0886,470.9,190.5,2.137,0.09958,28.26,61.48
2021-10-22 00:00:00,63237.9,4155.99,1.1077,480.4,201.71,2.184,0.10157,29.48,64.53
2021-10-22 04:00:00,63371.33,4142.15,1.1077,489.3,203.24,2.199,0.10178,29.25,65.05
2021-10-22 08:00:00,63376.8,4125.3,1.1035,492.7,204.18,2.189,0.1016,29.36,64.9
2021-10-22 12:00:00,60690.94,3966.52,1.0945,480.7,206.53,2.145,0.09946,28.63,67.46
2021-10-22 16:00:00,61032.7,3983.47,1.0954,479.7,197.69,2.162,0.09943,28.63,65.36
2021-10-22 20:00:00,60688.22,3972.2,1.0885,479.3,196.29,2.156,0.09982,28.67,65.54
2021-10-23 00:00:00,61236.52,4023.9,1.0924,481.8,202.84,2.158,0.10003,28.89,66.87
2021-10-23 04:00:00,60880.0,4012.84,1.0913,480.4,201.35,2.165,0.10025,30.05,66.6
2021-10-23 08:00:00,61552.23,4039.2,1.0937,481.2,202.25,2.162,0.10038,31.02,66.24
2021-10-23 12:00:00,61446.87,4086.6,1.0965,482.4,199.2,2.165,0.10077,31.28,66.0
2021-10-23 16:00:00,61008.02,4084.06,1.0858,481.3,193.74,2.145,0.09968,30.6,64.96
2021-10-23 20:00:00,61286.75,4167.12,1.0934,485.5,197.75,2.166,0.10066,31.36,65.38
2021-10-24 00:00:00,61227.76,4132.89,1.0927,484.2,196.56,2.156,0.10028,30.52,66.32
2021-10-24 04:00:00,60687.82,4094.13,1.0831,480.7,194.11,2.142,0.10014,30.33,65.44
2021-10-24 08:00:00,60281.0,4026.2,1.0826,474.7,188.82,2.121,0.09989,29.72,65.85
2021-10-24 12:00:00,59859.97,4000.11,1.0757,471.8,186.58,2.104,0.09843,29.36,62.98
2021-10-24 16:00:00,60643.09,4043.03,1.0717,474.0,191.53,2.118,0.09827,29.39,63.07
2021-10-24 20:00:00,60852.22,4082.33,1.0821,475.8,202.14,2.12,0.09913,29.7,64.53
2021-10-25 00:00:00,62084.26,4134.69,1.0917,480.1,201.68,2.136,0.10079,30.19,66.07
2021-10-25 04:00:00,62660.65,4149.33,1.0962,483.3,207.75,2.15,0.10099,30.67,66.24
2021-10-25 08:00:00,62759.19,4126.4,1.0893,484.0,207.9,2.143,0.1009,31.75,66.08
2021-10-25 12:00:00,63606.87,4210.11,1.1021,487.8,218.63,2.173,0.1013,32.59,67.94
2021-10-25 16:00:00,62688.0,4184.47,1.0917,483.5,210.4,2.15,0.10025,32.44,66.59
2021-10-25 20:00:00,63078.78,4220.37,1.0951,485.1,209.7,2.144,0.10074,32.38,69.73
2021-10-26 00:00:00,62758.02,4224.89,1.1147,486.6,208.63,2.179,0.10296,32.1,70.98
2021-10-26 04:00:00,62432.54,4198.76,1.1248,485.1,209.34,2.18,0.10529,31.85,71.33
2021-10-26 08:00:00,62739.98,4213.92,1.1144,486.3,207.28,2.173,0.10425,32.02,69.82
2021-10-26 12:00:00,62514.59,4187.64,1.1082,483.3,206.57,2.162,0.10313,32.01,69.34
2021-10-26 16:00:00,62000.0,4211.68,1.1154,484.2,207.1,2.167,0.10273,33.43,71.21
2021-10-26 20:00:00,60328.81,4131.52,1.1075,478.1,199.85,2.137,0.10112,32.52,68.66
2021-10-27 00:00:00,60714.34,4209.72,1.1113,482.8,202.83,2.144,0.10173,33.3,68.16
2021-10-27 04:00:00,59949.93,4136.34,1.0808,474.2,194.09,2.099,0.09821,31.59,65.7
2021-10-27 08:00:00,58564.0,3992.09,1.0145,451.2,190.0,1.98,0.09243,29.5,62.16
2021-10-27 12:00:00,58819.14,3993.47,1.0208,454.8,188.97,1.967,0.09249,29.4,62.06
2021-10-27 16:00:00,59062.32,3998.46,1.0136,452.8,189.33,1.942,0.09218,29.12,62.35
2021-10-27 20:00:00,58413.44,3922.0,0.995,448.7,184.49,1.912,0.09064,28.88,61.57
2021-10-28 00:00:00,58839.8,3995.64,1.0054,455.4,186.84,1.933,0.09218,29.61,62.66
2021-10-28 04:00:00,58993.71,4009.86,1.0543,455.7,186.74,1.941,0.09293,29.72,61.62
2021-10-28 08:00:00,60960.61,4151.95,1.0582,478.3,195.41,1.999,0.09458,30.26,63.45
2021-10-28 12:00:00,61138.62,4151.21,1.0543,487.0,197.3,2.016,0.09497,30.16,63.4
2021-10-28 16:00:00,61289.13,4259.04,1.0645,491.1,198.2,2.007,0.09519,30.36,63.98
2021-10-28 20:00:00,60575.89,4286.02,1.0579,491.9,195.42,1.987,0.09527,30.19,64.34
2021-10-29 00:00:00,61642.99,4379.83,1.0762,496.7,201.6,2.02,0.09681,31.69,65.32
2021-10-29 04:00:00,60569.05,4307.56,1.0572,492.3,198.03,1.992,0.09545,31.09,64.2
2021-10-29 08:00:00,60940.91,4320.53,1.0602,499.4,196.35,2.001,0.0963,30.86,64.56
2021-10-29 12:00:00,62299.99,4440.3,1.0789,518.0,201.82,2.026,0.09812,31.5,65.5
2021-10-29 16:00:00,62545.11,4403.97,1.0792,530.4,200.59,2.012,0.0987,31.03,65.4
2021-10-29 20:00:00,62253.71,4418.89,1.0825,530.3,200.41,2.015,0.0996,30.96,64.87
2021-10-30 00:00:00,61679.95,4342.72,1.0801,523.9,197.04,1.991,0.10149,30.29,63.46
2021-10-30 04:00:00,61597.19,4349.72,1.0947,531.6,198.07,1.999,0.10239,30.39,63.77
2021-10-30 08:00:00,61595.01,4333.35,1.0938,524.5,197.01,1.993,0.10292,30.35,63.16
2021-10-30 12:00:00,61377.19,4282.45,1.0809,521.1,193.18,1.97,0.10071,30.02,62.64
2021-10-30 16:00:00,61730.85,4336.63,1.0814,525.1,194.56,1.978,0.10178,30.11,62.65
2021-10-30 20:00:00,61859.19,4322.68,1.0846,528.3,195.7,1.955,0.10111,29.79,62.35
2021-10-31 00:00:00,61697.84,4370.49,1.1068,529.2,191.91,1.991,0.10033,30.12,62.88
2021-10-31 04:00:00,61362.61,4318.16,1.1243,530.6,190.58,1.978,0.10114,29.95,63.23
2021-10-31 08:00:00,60467.81,4207.48,1.0807,518.0,186.38,1.937,0.09839,29.11,61.11
2021-10-31 12:00:00,60460.23,4214.36,1.0857,512.4,195.0,1.946,0.09925,29.27,61.77
2021-10-31 16:00:00,60689.95,4247.82,1.0972,518.1,195.91,1.948,0.1001,29.52,62.68
2021-10-31 20:00:00,61299.8,4287.21,1.1128,524.6,202.49,1.964,0.10152,30.0,64.5
2021-11-01 00:00:00,59922.98,4190.66,1.0781,514.2,200.89,1.926,0.09873,29.44,62.86
2021-11-01 04:00:00,62178.31,4302.93,1.1035,527.2,209.91,1.978,0.10097,30.36,63.85
2021-11-01 08:00:00,61807.99,4315.0,1.092,531.7,204.69,1.974,0.10088,30.22,63.45
2021-11-01 12:00:00,61550.89,4349.98,1.0928,537.9,204.05,1.968,0.10071,31.48,66.12
2021-11-01 16:00:00,61435.98,4364.28,1.0942,546.6,204.04,1.951,0.10044,31.34,64.9
2021-11-01 20:00:00,60911.11,4319.43,1.0915,551.3,203.9,1.949,0.10048,31.66,64.93
2021-11-02 00:00:00,61074.5,4318.83,1.098,549.5,203.92,1.947,0.1012,31.19,65.44
2021-11-02 04:00:00,61521.13,4340.81,1.0949,541.0,203.43,1.952,0.10163,31.1,65.23
2021-11-02 08:00:00,62913.3,4413.09,1.1104,544.1,204.35,1.964,0.1027,31.99,66.09
2021-11-02 12:00:00,64018.73,4511.42,1.1208,560.5,208.84,1.991,0.10886,32.34,65.83
2021-11-02 16:00:00,63576.05,4509.0,1.1343,562.6,217.23,1.98,0.10836,32.13,67.8
2021-11-02 20:00:00,63219.99,4589.89,1.1349,554.4,220.82,1.971,0.10748,32.26,67.74
2021-11-03 00:00:00,63210.41,4588.75,1.1473,552.2,229.6,1.959,0.10543,32.12,70.64
2021-11-03 04:00:00,63394.63,4610.62,1.2016,554.2,232.47,2.078,0.10695,32.28,71.13
2021-11-03 08:00:00,63108.43,4577.27,1.1973,552.4,231.7,2.115,0.10702,31.93,71.32
2021-11-03 12:00:00,62190.0,4545.68,1.1692,549.7,225.31,2.068,0.10385,31.34,71.42
2021-11-03 16:00:00,62800.0,4623.46,1.1913,561.1,234.69,2.062,0.10615,31.66,74.44
2021-11-03 20:00:00,62896.48,4603.35,1.2101,568.4,243.37,2.063,0.10587,31.96,75.55
2021-11-04 00:00:00,62420.0,4556.41,1.2245,558.5,238.1,2.041,0.10547,31.59,78.45
2021-11-04 04:00:00,61853.79,4516.16,1.1926,553.1,237.89,2.007,0.10397,30.86,76.59
2021-11-04 08:00:00,61447.22,4509.29,1.1876,557.0,239.0,2.017,0.10411,30.77,76.12
2021-11-04 12:00:00,61035.01,4480.33,1.1765,547.0,238.48,1.974,0.10233,30.39,74.46
2021-11-04 16:00:00,61249.34,4489.83,1.1842,552.8,240.44,1.982,0.10305,30.68,76.96
2021-11-04 20:00:00,61395.01,4532.32,1.2004,558.7,247.07,1.983,0.10329,31.0,78.97
2021-11-05 00:00:00,62203.8,4542.4,1.1957,580.3,242.93,2.001,0.10404,31.48,78.06
2021-11-05 04:00:00,62128.71,4529.35,1.186,594.6,242.73,2.008,0.10451,31.63,78.05
2021-11-05 08:00:00,61259.63,4473.58,1.1684,608.3,236.47,1.977,0.10378,31.65,76.22
2021-11-05 12:00:00,60782.17,4462.04,1.1495,600.4,233.19,1.97,0.10333,32.78,74.48
2021-11-05 16:00:00,61090.69,4495.0,1.1519,607.1,235.8,1.979,0.10346,33.11,74.64
2021-11-05 20:00:00,60937.12,4474.24,1.1581,607.3,236.06,1.982,0.10346,32.86,74.19
2021-11-06 00:00:00,61109.52,4491.01,1.1656,608.4,239.79,2.023,0.10349,32.58,74.99
2021-11-06 04:00:00,60790.88,4471.72,1.1555,618.1,245.92,1.997,0.1029,32.12,75.03
2021-11-06 08:00:00,60327.47,4369.52,1.1282,603.9,242.33,1.963,0.10036,31.12,73.32
2021-11-06 12:00:00,60648.59,4398.57,1.1367,610.9,253.2,1.971,0.1012,31.35,75.22
2021-11-06 16:00:00,61175.4,4493.73,1.1485,624.4,254.28,1.996,0.1019,31.75,76.99
2021-11-06 20:00:00,61470.61,4518.0,1.151,637.7,258.44,2.005,0.10252,32.05,78.72
2021-11-07 00:00:00,62133.04,4549.99,1.1535,646.2,254.18,1.99,0.10313,32.11,84.8
2021-11-07 04:00:00,61759.87,4541.5,1.1649,658.7,252.92,1.983,0.10282,32.1,83.63
2021-11-07 08:00:00,61911.4,4592.95,1.187,662.8,252.6,1.993,0.10343,32.28,83.23
2021-11-07 12:00:00,61938.01,4604.05,1.2131,660.3,252.16,2.033,0.10432,32.15,84.13
2021-11-07 16:00:00,62265.57,4603.36,1.2223,655.7,247.0,2.007,0.10445,32.29,88.24
2021-11-07 20:00:00,63273.59,4612.59,1.2198,649.6,249.68,2.021,0.1045,32.34,87.57
2021-11-08 00:00:00,65199.99,4720.51,1.2594,638.2,248.29,2.037,0.10731,33.32,89.55
2021-11-08 04:00:00,65941.89,4723.29,1.2762,641.3,245.86,2.038,0.1073,33.36,93.03
2021-11-08 08:00:00,66037.21,4730.02,1.2663,644.0,243.77,2.046,0.10721,34.2,92.69
2021-11-08 12:00:00,66379.41,4763.77,1.2596,648.9,248.28,2.042,0.10781,34.36,93.36
2021-11-08 16:00:00,65835.01,4752.0,1.2524,645.1,246.43,2.095,0.10817,34.25,89.94
2021-11-08 20:00:00,67525.83,4807.98,1.2815,653.5,248.26,2.125,0.10993,34.46,91.18
2021-11-09 00:00:00,68490.0,4814.0,1.2764,649.5,246.72,2.144,0.11213,34.37,89.6
2021-11-09 04:00:00,67852.56,4783.96,1.2484,645.8,246.53,2.234,0.1115,35.15,89.96
2021-11-09 08:00:00,67594.98,4774.61,1.2423,643.6,245.91,2.291,0.11203,34.57,88.99
2021-11-09 12:00:00,66771.1,4790.99,1.249,641.8,240.8,2.284,0.11299,34.04,88.19
2021-11-09 16:00:00,66800.21,4750.62,1.257,634.9,240.15,2.308,0.11437,34.02,88.64
2021-11-09 20:00:00,66947.66,4732.33,1.2571,635.0,239.04,2.27,0.11436,33.82,88.33
2021-11-10 00:00:00,66487.23,4691.48,1.2295,628.6,236.6,2.206,0.11308,33.72,92.52
2021-11-10 04:00:00,66426.43,4714.6,1.239,644.1,240.87,2.227,0.11392,34.41,91.38
2021-11-10 08:00:00,66546.8,4729.67,1.242,655.2,240.63,2.23,0.11518,34.99,90.41
2021-11-10 12:00:00,68348.63,4846.71,1.3207,650.9,244.84,2.25,0.1165,38.1,90.63
2021-11-10 16:00:00,66650.99,4705.37,1.2797,632.3,236.48,2.171,0.11118,35.79,85.82
2021-11-10 20:00:00,64882.43,4628.78,1.1902,614.1,233.09,2.097,0.10662,34.21,85.23
2021-11-11 00:00:00,64746.18,4636.68,1.1997,616.8,239.04,2.104,0.10793,34.51,87.22
2021-11-11 04:00:00,65228.4,4691.34,1.2444,630.5,244.2,2.141,0.10943,36.18,88.74
2021-11-11 08:00:00,65255.88,4721.95,1.2327,630.1,239.88,2.126,0.10981,36.44,89.16
2021-11-11 12:00:00,64799.6,4719.81,1.2132,624.9,239.42,2.08,0.10883,35.46,87.47
2021-11-11 16:00:00,65119.99,4758.98,1.2158,629.0,237.77,2.09,0.10968,35.4,88.51
2021-11-11 20:00:00,64774.26,4719.0,1.2142,628.4,233.37,2.079,0.10893,34.69,87.88
2021-11-12 00:00:00,64826.63,4774.35,1.2151,632.8,232.24,2.08,0.10973,34.61,89.45
2021-11-12 04:00:00,64488.12,4711.39,1.2048,623.3,228.09,2.054,0.10881,33.78,86.11
2021-11-12 08:00:00,63753.19,4600.85,1.1718,613.3,226.17,2.013,0.10693,33.44,83.01
2021-11-12 12:00:00,63155.94,4571.06,1.1697,613.3,222.3,2.013,0.10683,33.4,82.43
2021-11-12 16:00:00,63845.01,4654.21,1.1813,620.3,228.85,2.041,0.10702,34.14,83.5
2021-11-12 20:00:00,64122.23,4665.46,1.1883,626.9,228.48,2.045,0.10796,34.26,84.78
2021-11-13 00:00:00,63773.94,4639.5,1.1777,625.8,225.54,2.045,0.1084,33.81,85.97
2021-11-13 04:00:00,64029.99,4645.55,1.1942,627.1,227.07,2.078,0.11042,33.94,87.85
2021-11-13 08:00:00,63554.23,4609.31,1.1789,632.6,226.96,2.039,0.11151,33.43,88.12
2021-11-13 12:00:00,64688.99,4680.23,1.1949,649.1,233.62,2.06,0.113,33.92,92.47
2021-11-13 16:00:00,63941.65,4643.8,1.1868,646.3,237.18,2.044,0.11234,33.84,96.32
2021-11-13 20:00:00,64380.0,4644.28,1.1892,649.5,241.59,2.05,0.11255,34.0,97.54
2021-11-14 00:00:00,64637.81,4628.63,1.1861,646.3,237.2,2.05,0.11188,33.79,95.56
2021-11-14 04:00:00,64627.58,4598.4,1.1816,645.3,235.31,2.036,0.11136,33.65,97.2
2021-11-14 08:00:00,64445.07,4612.45,1.1923,646.1,236.27,2.045,0.11561,33.77,95.21
2021-11-14 12:00:00,64070.41,4583.91,1.179,653.4,234.41,2.029,0.11441,33.19,94.0
2021-11-14 16:00:00,64170.0,4545.01,1.1798,646.5,235.37,2.026,0.11646,33.05,93.26
2021-11-14 20:00:00,65519.1,4626.5,1.1879,650.8,238.64,2.04,0.117,33.75,95.4
2021-11-15 00:00:00,65712.65,4702.07,1.2072,652.9,243.72,2.05,0.1188,34.05,99.42
2021-11-15 04:00:00,65579.71,4680.25,1.2089,653.5,241.28,2.055,0.12526,34.22,98.58
2021-11-15 08:00:00,65733.06,4723.0,1.2062,646.0,243.0,2.076,0.12779,33.87,97.3
2021-11-15 12:00:00,64288.16,4648.08,1.1876,637.1,239.76,2.035,0.12595,33.14,96.93
2021-11-15 16:00:00,64265.9,4600.54,1.1845,638.8,240.31,2.037,0.12507,32.84,96.19
2021-11-15 20:00:00,63606.74,4563.78,1.172,633.8,238.2,2.017,0.1238,32.04,93.9
2021-11-16 00:00:00,60907.41,4309.58,1.1223,608.8,226.7,1.929,0.11356,29.94,89.33
2021-11-16 04:00:00,60805.27,4312.11,1.1249,608.2,226.63,1.946,0.1132,30.34,90.5
2021-11-16 08:00:00,60574.49,4292.43,1.0907,586.0,224.93,1.9,0.11018,30.01,89.09
2021-11-16 12:00:00,60669.14,4285.82,1.0994,586.1,225.29,1.915,0.11133,29.73,90.5
2021-11-16 16:00:00,60204.47,4265.03,1.0921,585.3,225.9,1.907,0.11096,29.65,95.61
2021-11-16 20:00:00,60058.87,4209.76,1.0877,588.7,219.04,1.874,0.10934,29.16,97.84
2021-11-17 00:00:00,59039.99,4122.11,1.068,569.8,212.49,1.826,0.10782,28.47,94.64
2021-11-17 04:00:00,59688.0,4183.67,1.0867,568.1,214.81,1.849,0.10991,28.87,97.32
2021-11-17 08:00:00,60762.83,4252.4,1.1065,585.4,220.28,1.882,0.11349,29.59,100.21
2021-11-17 12:00:00,59664.49,4174.76,1.0854,571.0,213.67,1.859,0.11092,28.99,104.22
2021-11-17 16:00:00,60212.49,4242.52,1.0947,576.9,214.47,1.864,0.11132,29.09,107.85
2021-11-17 20:00:00,60344.87,4287.8,1.0953,578.0,218.94,1.876,0.11119,29.18,107.63
2021-11-18 00:00:00,59840.01,4279.5,1.1245,579.6,216.74,1.881,0.11001,29.01,106.61
2021-11-18 04:00:00,59734.2,4247.99,1.107,573.7,212.63,1.85,0.10769,28.58,103.79
2021-11-18 08:00:00,59213.49,4189.65,1.0844,567.3,207.9,1.822,0.10648,28.12,102.36
2021-11-18 12:00:00,58100.04,4071.77,1.0559,545.6,196.99,1.789,0.10328,27.13,97.38
2021-11-18 16:00:00,57928.0,4065.41,1.0553,540.1,200.18,1.819,0.10216,27.2,99.63
2021-11-18 20:00:00,56891.62,3996.9,1.0406,531.8,195.01,1.786,0.10038,26.55,100.63
2021-11-19 00:00:00,55900.0,4010.67,1.0284,528.1,192.0,1.771,0.09884,26.4,97.4
2021-11-19 04:00:00,55987.83,4062.04,1.0414,545.6,196.44,1.79,0.10053,26.94,102.2
2021-11-19 08:00:00,56989.59,4141.2,1.0531,561.7,202.94,1.817,0.10247,27.85,107.3
2021-11-19 12:00:00,57887.98,4216.17,1.089,576.5,213.99,1.867,0.10482,28.49,108.93
2021-11-19 16:00:00,58033.05,4290.07,1.0927,584.5,217.31,1.87,0.10432,28.55,109.35
2021-11-19 20:00:00,58052.24,4294.76,1.0892,581.0,215.25,1.863,0.10387,28.27,111.93
2021-11-20 00:00:00,58513.1,4280.55,1.085,582.3,214.94,1.869,0.10411,28.15,117.48
2021-11-20 04:00:00,58380.06,4279.99,1.0844,581.4,212.83,1.861,0.10383,28.24,119.27
2021-11-20 08:00:00,58625.67,4317.83,1.0966,590.0,215.56,1.924,0.10539,28.43,116.68
2021-11-20 12:00:00,57588.37,4213.06,1.0645,574.2,207.1,1.87,0.10222,27.62,117.51
2021-11-20 16:00:00,59430.04,4398.39,1.0899,597.1,215.4,1.904,0.10447,28.03,129.16
2021-11-20 20:00:00,59707.51,4412.17,1.0965,604.3,217.63,1.922,0.10519,28.36,125.83
2021-11-21 00:00:00,58674.67,4343.29,1.0759,590.0,211.66,1.878,0.10534,27.94,132.04
2021-11-21 04:00:00,58982.74,4348.13,1.0794,587.1,213.87,1.876,0.10621,28.29,137.43
2021-11-21 08:00:00,58692.91,4319.53,1.0716,582.2,211.51,1.868,0.10607,27.97,137.77
2021-11-21 12:00:00,59199.26,4366.21,1.0777,592.2,215.06,1.877,0.1083,28.01,133.51
2021-11-21 16:00:00,59314.13,4345.99,1.0671,587.9,228.84,1.861,0.1087,28.13,131.37
2021-11-21 20:00:00,58622.02,4258.31,1.0569,584.0,230.51,1.835,0.10643,28.98,128.47
2021-11-22 00:00:00,57383.39,4164.99,1.0365,569.1,220.45,1.794,0.10285,27.48,135.94
2021-11-22 04:00:00,57259.54,4188.17,1.0423,568.0,215.99,1.798,0.10303,27.13,131.91
2021-11-22 08:00:00,57180.51,4171.92,1.0473,571.0,218.93,1.804,0.10328,27.3,134.78
2021-11-22 12:00:00,58194.79,4236.6,1.0564,576.0,222.54,1.803,0.10366,27.53,139.14
2021-11-22 16:00:00,55993.03,4066.39,1.0305,556.0,212.84,1.762,0.10155,26.42,136.26
2021-11-22 20:00:00,56247.18,4085.97,1.0354,559.3,215.59,1.776,0.10182,26.77,134.84
2021-11-23 00:00:00,56947.82,4178.58,1.0544,567.2,220.95,1.804,0.10297,26.9,134.16
2021-11-23 04:00:00,56006.74,4107.09,1.0359,563.5,212.95,1.776,0.10195,26.62,131.21
2021-11-23 08:00:00,56149.51,4135.28,1.0351,576.8,212.25,1.769,0.10184,26.57,127.69
2021-11-23 12:00:00,56883.07,4269.55,1.0462,592.6,215.99,1.782,0.10284,27.21,129.85
2021-11-23 16:00:00,57778.2,4355.86,1.0539,604.1,224.53,1.784,0.10297,27.09,129.46
2021-11-23 20:00:00,57541.27,4339.44,1.0661,591.1,221.75,1.751,0.10283,26.94,123.83
2021-11-24 00:00:00,56399.99,4246.71,1.0399,580.8,217.13,1.674,0.10021,26.27,119.67
2021-11-24 04:00:00,56497.47,4269.37,1.0384,586.2,216.92,1.686,0.10004,26.55,119.12
2021-11-24 08:00:00,56613.63,4292.28,1.0355,590.2,214.6,1.68,0.09952,26.42,118.31
2021-11-24 12:00:00,56727.53,4252.35,1.0282,591.3,212.34,1.67,0.09812,25.77,116.98
2021-11-24 16:00:00,56825.13,4211.88,1.0182,582.2,202.05,1.623,0.0967,25.3,115.21
2021-11-24 20:00:00,57138.29,4269.36,1.0326,590.3,205.7,1.666,0.09785,25.58,115.24
2021-11-25 00:00:00,57749.99,4317.2,1.0387,612.4,210.95,1.694,0.0994,26.51,125.89
2021-11-25 04:00:00,57648.89,4295.39,1.0323,609.1,205.7,1.641,0.09852,26.2,122.28
2021-11-25 08:00:00,58009.99,4386.96,1.0381,639.3,208.44,1.663,0.09907,26.71,127.33
2021-11-25 12:00:00,59048.5,4475.65,1.0513,643.1,214.42,1.726,0.10061,27.31,125.83
2021-11-25 16:00:00,58853.83,4502.04,1.0546,636.5,210.45,1.701,0.10018,26.74,121.0
2021-11-25 20:00:00,58960.36,4524.85,1.0438,639.1,209.97,1.675,0.10019,26.41,119.27
2021-11-26 00:00:00,57900.91,4426.63,1.0308,626.8,205.5,1.644,0.10019,26.16,115.52
2021-11-26 04:00:00,56957.86,4343.45,1.0139,609.6,201.39,1.621,0.09808,25.67,112.74
2021-11-26 08:00:00,53719.3,3985.44,0.934,569.5,185.31,1.507,0.09078,23.3,102.75
2021-11-26 12:00:00,54341.55,4063.94,0.9467,586.3,192.75,1.554,0.09289,23.69,109.19
2021-11-26 16:00:00,54326.76,4082.94,0.9546,592.0,197.73,1.572,0.0931,24.33,109.43
2021-11-26 20:00:00,53726.53,4041.2,0.9394,587.3,192.42,1.533,0.09229,23.96,104.27
2021-11-27 00:00:00,54347.07,4115.01,0.9537,591.4,195.39,1.557,0.09332,24.51,107.81
2021-11-27 04:00:00,54394.56,4123.82,0.9464,591.0,194.29,1.543,0.09345,24.41,106.5
2021-11-27 08:00:00,54605.73,4111.82,0.9506,599.1,196.2,1.553,0.09413,24.45,107.64
2021-11-27 12:00:00,54898.22,4132.82,0.9562,606.7,196.46,1.569,0.09475,24.43,109.15
2021-11-27 16:00:00,54935.91,4115.25,0.9537,608.7,196.29,1.564,0.09423,24.5,116.53
2021-11-27 20:00:00,54721.03,4095.29,0.9452,599.9,192.74,1.543,0.09335,24.1,113.52
2021-11-28 00:00:00,54137.31,4026.03,0.9094,579.5,187.13,1.495,0.09012,23.42,106.11
2021-11-28 04:00:00,54515.61,4069.31,0.9301,590.8,189.82,1.515,0.09124,23.65,109.48
2021-11-28 08:00:00,54493.09,4096.6,0.9356,596.4,190.07,1.513,0.09167,23.64,108.54
2021-11-28 12:00:00,54296.14,4077.74,0.9253,593.1,188.99,1.5,0.0922,23.6,106.11
2021-11-28 16:00:00,54617.85,4098.9,0.9232,589.0,188.51,1.482,0.09176,23.65,106.4
2021-11-28 20:00:00,57274.88,4294.78,0.9687,611.3,200.69,1.594,0.09518,24.76,110.42
2021-11-29 00:00:00,57359.02,4306.75,0.9759,608.5,200.85,1.59,0.09461,24.89,113.44
2021-11-29 04:00:00,57515.13,4350.74,0.9904,617.9,203.79,1.589,0.09623,25.1,113.17
2021-11-29 08:00:00,56883.29,4296.64,0.9702,611.2,203.38,1.563,0.09535,24.7,109.92
2021-11-29 12:00:00,57125.93,4336.08,0.9765,619.1,206.92,1.567,0.0959,24.87,111.13
2021-11-29 16:00:00,57880.67,4387.04,0.9766,617.0,206.05,1.591,0.09589,24.73,114.6
2021-11-29 20:00:00,57776.25,4444.53,0.9898,623.4,204.09,1.601,0.09655,24.99,120.39
2021-11-30 00:00:00,57092.92,4435.24,0.9967,617.8,203.72,1.58,0.09653,24.85,118.1
2021-11-30 04:00:00,56510.08,4412.82,0.9828,614.0,201.77,1.561,0.09594,24.53,117.05
2021-11-30 08:00:00,57602.45,4590.47,0.9991,626.1,207.19,1.588,0.0981,25.21,118.08
2021-11-30 12:00:00,57238.84,4613.85,1.0061,617.6,213.03,1.586,0.09777,25.91,119.22
2021-11-30 16:00:00,57629.99,4663.23,1.0067,623.3,215.41,1.572,0.09762,25.99,122.19
2021-11-30 20:00:00,56950.56,4630.26,0.9983,622.5,208.53,1.554,0.09652,25.31,120.41
2021-12-01 00:00:00,57362.01,4759.37,1.0119,632.1,214.93,1.585,0.09788,26.05,125.34
2021-12-01 04:00:00,57163.87,4766.69,1.0135,636.4,218.42,1.601,0.09777,26.13,126.28
2021-12-01 08:00:00,57157.93,4672.86,1.0026,638.8,221.29,1.592,0.09754,26.2,122.15
2021-12-01 12:00:00,58614.49,4725.57,1.0111,647.2,229.51,1.601,0.09962,26.5,123.76
2021-12-01 16:00:00,57427.9,4660.58,1.0004,635.8,230.14,1.578,0.09865,25.92,123.89
2021-12-01 20:00:00,57184.07,4582.95,0.9899,627.5,229.81,1.548,0.09688,25.32,119.65
2021-12-02 00:00:00,56300.12,4490.98,0.9671,611.4,224.24,1.535,0.09526,24.54,116.24
2021-12-02 04:00:00,56810.43,4560.11,0.9743,627.7,222.89,1.545,0.09655,24.83,117.63
2021-12-02 08:00:00,56314.2,4531.25,0.9702,621.6,226.79,1.663,0.09633,24.8,117.94
2021-12-02 12:00:00,56520.81,4543.06,0.9745,622.8,229.47,1.7,0.09714,24.75,112.3
2021-12-02 16:00:00,56616.28,4489.24,0.9754,619.1,234.12,1.727,0.09735,24.76,111.58
2021-12-02 20:00:00,56480.34,4511.21,0.9716,619.9,233.6,1.719,0.0975,24.55,107.78
2021-12-03 00:00:00,56323.01,4493.15,0.9661,613.0,229.97,1.678,0.09818,24.52,106.49
2021-12-03 04:00:00,56733.69,4568.57,0.9775,621.7,232.49,1.654,0.09995,25.06,108.45
2021-12-03 08:00:00,56959.77,4612.08,0.9764,624.7,237.54,1.662,0.10056,25.6,111.29
2021-12-03 12:00:00,55975.32,4468.15,0.9612,607.6,224.27,1.615,0.09952,24.87,107.27
2021-12-03 16:00:00,53838.65,4228.81,0.9283,591.2,212.75,1.562,0.09649,23.47,102.71
2021-12-03 20:00:00,53601.05,4215.73,0.9211,595.0,211.65,1.556,0.09388,23.31,108.32
2021-12-04 00:00:00,52000.0,4058.12,0.8855,571.1,196.09,1.478,0.08991,21.93,96.27
2021-12-04 04:00:00,47242.74,3893.51,0.7488,535.9,193.0,1.348,0.08153,19.06,92.88
2021-12-04 08:00:00,46489.67,3866.36,0.7626,532.0,188.24,1.328,0.08218,18.88,86.72
2021-12-04 12:00:00,48203.73,4036.54,0.7922,562.2,205.05,1.397,0.08553,20.0,93.19
2021-12-04 16:00:00,49250.0,4117.36,0.8257,568.0,207.13,1.434,0.08668,20.64,92.14
2021-12-04 20:00:00,49152.47,4117.25,0.8449,568.6,200.67,1.42,0.08696,20.64,93.05
2021-12-05 00:00:00,49170.79,4162.8,0.8373,565.3,196.5,1.401,0.08592,20.31,91.05
2021-12-05 04:00:00,49289.18,4199.52,0.8386,573.9,200.49,1.383,0.08626,20.06,91.35
2021-12-05 08:00:00,49242.58,4194.11,0.8213,573.0,196.06,1.381,0.08579,19.75,91.37
2021-12-05 12:00:00,47951.57,4070.07,0.7897,547.3,185.45,1.317,0.08279,18.81,84.54
2021-12-05 16:00:00,48902.45,4138.41,0.7957,553.4,190.2,1.332,0.08378,19.14,84.72
2021-12-05 20:00:00,49396.33,4196.44,0.8045,557.8,196.43,1.378,0.08432,19.48,86.35
2021-12-06 00:00:00,49018.47,4168.09,0.8038,548.7,193.31,1.361,0.08329,19.11,84.86
2021-12-06 04:00:00,48412.66,4071.98,0.7755,541.8,184.99,1.311,0.08168,18.2,80.43
2021-12-06 08:00:00,48577.78,4044.41,0.7759,556.0,182.07,1.303,0.08119,18.04,81.88
2021-12-06 12:00:00,48942.68,4125.41,0.7942,571.2,188.35,1.333,0.08481,18.52,87.25
2021-12-06 16:00:00,49103.0,4194.29,0.796,570.7,187.56,1.35,0.08477,18.43,90.95
2021-12-06 20:00:00,50441.92,4347.59,0.8255,587.5,193.56,1.42,0.08729,19.8,92.97
2021-12-07 00:00:00,50945.03,4341.57,0.829,587.6,195.35,1.444,0.08779,20.02,94.66
2021-12-07 04:00:00,50907.27,4352.9,0.8307,584.8,199.36,1.44,0.08892,19.94,95.98
2021-12-07 08:00:00,51456.2,4408.33,0.8401,588.3,203.14,1.449,0.09186,20.35,93.22
2021-12-07 12:00:00,51734.15,4386.59,0.8371,586.9,198.11,1.432,0.0915,20.57,93.98
2021-12-07 16:00:00,50884.48,4313.19,0.8226,581.2,194.3,1.405,0.09074,20.47,92.51
2021-12-07 20:00:00,50588.95,4306.4,0.8154,578.7,190.19,1.378,0.08999,21.09,89.57
2021-12-08 00:00:00,50110.91,4293.57,0.8066,568.2,186.62,1.352,0.0911,21.54,87.49
2021-12-08 04:00:00,50480.93,4367.31,0.8406,581.0,189.62,1.388,0.0924,22.19,90.61
2021-12-08 08:00:00,49186.51,4267.27,0.8128,574.7,186.31,1.363,0.09066,21.62,87.72
2021-12-08 12:00:00,50640.1,4403.22,0.8674,592.0,192.49,1.402,0.09293,22.85,91.42
2021-12-08 16:00:00,50423.21,4381.37,0.8721,594.2,193.02,1.399,0.09269,22.41,91.26
2021-12-08 20:00:00,50471.19,4436.91,0.8622,607.2,194.61,1.396,0.09237,22.91,93.19
2021-12-09 00:00:00,49513.35,4359.41,0.8453,601.4,189.25,1.368,0.09046,21.67,93.71
2021-12-09 04:00:00,50016.89,4379.22,0.8611,603.8,190.85,1.383,0.09163,22.02,93.01
2021-12-09 08:00:00,49160.53,4304.04,0.9044,591.8,187.63,1.354,0.09133,21.54,89.5
2021-12-09 12:00:00,48464.09,4201.35,0.8911,580.0,184.9,1.332,0.08988,21.03,88.02
2021-12-09 16:00:00,47613.53,4122.46,0.8597,573.6,181.26,1.303,0.08915,20.83,84.37
2021-12-09 20:00:00,47545.59,4105.64,0.8583,570.2,181.11,1.289,0.08861,20.25,85.46
2021-12-10 00:00:00,48373.48,4140.86,0.8524,577.0,179.82,1.302,0.08976,20.23,90.38
2021-12-10 04:00:00,47694.62,4031.01,0.8337,571.2,176.16,1.278,0.08925,19.47,85.02
2021-12-10 08:00:00,48711.0,4156.82,0.8485,581.3,178.66,1.311,0.09231,20.1,88.06
2021-12-10 12:00:00,47979.22,4022.9,0.8239,570.2,173.65,1.278,0.08974,19.53,85.68
2021-12-10 16:00:00,48098.84,4016.56,0.8247,569.1,173.57,1.265,0.08972,19.36,84.29
2021-12-10 20:00:00,47140.54,3897.94,0.7992,552.4,167.39,1.211,0.08771,18.56,80.61
2021-12-11 00:00:00,48296.99,4008.53,0.8222,564.1,170.18,1.237,0.08893,19.01,81.46
2021-12-11 04:00:00,48021.76,3977.79,0.8265,544.9,169.23,1.239,0.08956,19.15,82.14
2021-12-11 08:00:00,48240.44,4013.99,0.8304,551.1,170.05,1.278,0.09012,19.42,82.96
2021-12-11 12:00:00,48747.02,4058.08,0.8382,559.7,170.99,1.306,0.09109,20.05,83.69
2021-12-11 16:00:00,48407.25,4004.01,0.822,557.7,167.98,1.287,0.09055,19.43,83.17
2021-12-11 20:00:00,49389.99,4089.37,0.8392,564.5,172.15,1.354,0.0916,19.97,86.55
2021-12-12 00:00:00,49305.7,4042.76,0.8292,561.8,169.8,1.391,0.09126,19.73,85.04
2021-12-12 04:00:00,49301.21,4055.9,0.8251,566.4,170.24,1.349,0.09116,19.88,85.39
2021-12-12 08:00:00,49124.33,4036.09,0.8239,564.9,169.1,1.34,0.0913,19.5,84.48
2021-12-12 12:00:00,49623.26,4024.68,0.8226,562.3,170.41,1.33,0.09112,19.55,84.97
2021-12-12 16:00:00,50221.05,4139.31,0.8522,570.1,174.43,1.364,0.09168,20.38,87.34
2021-12-12 20:00:00,50053.9,4130.0,0.8393,570.3,172.8,1.346,0.09101,20.41,88.0
2021-12-13 00:00:00,48873.19,3996.32,0.8249,558.4,167.4,1.308,0.0895,19.58,88.43
2021-12-13 04:00:00,48740.01,3987.07,0.8273,551.3,164.09,1.302,0.08879,19.05,84.63
2021-12-13 08:00:00,48847.26,4011.25,0.8283,549.9,167.71,1.312,0.08919,19.17,84.38
2021-12-13 12:00:00,47252.02,3810.99,0.7995,526.6,158.19,1.242,0.08628,18.03,78.71
2021-12-13 16:00:00,46739.36,3765.8,0.775,523.8,153.17,1.221,0.08517,17.86,77.86
2021-12-13 20:00:00,46702.75,3781.93,0.7818,521.0,155.21,1.223,0.08497,17.78,79.05
2021-12-14 00:00:00,46952.0,3775.14,0.7884,525.8,153.77,1.218,0.08439,17.99,78.99
2021-12-14 04:00:00,47000.0,3783.29,0.7894,530.3,154.77,1.232,0.0853,18.05,79.21
2021-12-14 08:00:00,47622.0,3839.2,0.8081,523.6,158.09,1.257,0.08677,18.41,80.91
2021-12-14 12:00:00,46853.86,3785.95,0.7927,517.6,157.7,1.231,0.08596,17.97,80.67
2021-12-14 16:00:00,46859.4,3768.74,0.7993,512.7,153.96,1.242,0.08588,17.68,79.57
2021-12-14 20:00:00,48343.28,3858.99,0.8103,528.1,161.26,1.266,0.08707,18.44,87.17
2021-12-15 00:00:00,48262.41,3847.45,0.8122,528.2,160.5,1.254,0.08702,18.28,90.27
2021-12-15 04:00:00,48209.51,3863.68,0.8101,532.1,166.29,1.262,0.08687,18.49,90.78
2021-12-15 08:00:00,48132.54,3851.12,0.8055,526.8,165.75,1.25,0.08645,18.34,90.69
2021-12-15 12:00:00,46632.31,3659.38,0.7783,502.6,157.7,1.207,0.08307,17.28,86.3
2021-12-15 16:00:00,48674.9,3969.54,0.8214,537.4,175.26,1.292,0.08683,18.89,99.01
2021-12-15 20:00:00,48864.98,4019.08,0.8262,541.1,178.52,1.311,0.08754,19.69,101.24
2021-12-16 00:00:00,48819.6,4018.08,0.8269,534.6,178.77,1.297,0.08713,19.87,105.05
2021-12-16 04:00:00,48712.23,4021.68,0.8243,532.1,178.31,1.297,0.08681,19.81,103.0
2021-12-16 08:00:00,49207.79,4069.63,0.8309,544.2,185.87,1.322,0.0878,20.25,107.92
2021-12-16 12:00:00,48585.81,4082.0,0.8264,539.9,187.01,1.304,0.08714,19.82,107.01
2021-12-16 16:00:00,47866.01,3996.82,0.8095,530.9,180.08,1.261,0.08605,19.0,101.86
2021-12-16 20:00:00,47632.38,3958.11,0.8051,526.2,176.86,1.24,0.08533,18.76,98.21
2021-12-17 00:00:00,47766.07,3968.03,0.8119,531.2,179.25,1.251,0.08514,19.03,102.3
2021-12-17 04:00:00,47007.25,3881.54,0.8127,525.5,177.75,1.249,0.08459,18.97,104.94
2021-12-17 08:00:00,47112.43,3834.36,0.8051,526.0,175.94,1.234,0.08159,18.92,104.83
2021-12-17 12:00:00,46528.83,3834.55,0.7957,525.0,176.59,1.226,0.08045,18.42,110.01
2021-12-17 16:00:00,46765.66,3881.3,0.8002,526.8,177.55,1.224,0.07988,18.26,112.75
2021-12-17 20:00:00,46131.2,3875.42,0.7966,525.5,175.51,1.218,0.07951,18.25,110.81
2021-12-18 00:00:00,46283.05,3877.23,0.8051,524.8,174.15,1.223,0.08052,18.42,108.96
2021-12-18 04:00:00,46364.08,3890.43,0.8129,525.9,176.03,1.235,0.08067,19.43,111.58
2021-12-18 08:00:00,47070.44,3958.13,0.8285,532.0,179.93,1.253,0.08205,19.79,116.03
2021-12-18 12:00:00,46858.55,3945.41,0.8241,530.5,181.41,1.247,0.08119,19.59,115.38
2021-12-18 16:00:00,46643.68,3943.2,0.8211,534.3,181.74,1.243,0.0803,19.37,113.83
2021-12-18 20:00:00,46834.48,3959.93,0.8262,533.9,182.78,1.242,0.08042,19.54,115.9
2021-12-19 00:00:00,47712.38,3988.58,0.8333,539.3,184.49,1.298,0.08137,20.13,114.93
2021-12-19 04:00:00,47515.09,3977.0,0.8332,538.7,187.16,1.282,0.08129,19.84,113.54
2021-12-19 08:00:00,47152.72,3925.36,0.8272,535.0,184.83,1.277,0.08055,19.8,111.5
2021-12-19 12:00:00,47239.8,3927.26,0.8301,534.0,184.07,1.277,0.0806,19.64,111.05
2021-12-19 16:00:00,46673.93,3914.06,0.8309,529.1,180.33,1.246,0.07962,18.91,108.41
2021-12-19 20:00:00,46681.23,3924.14,0.835,529.8,179.93,1.243,0.07944,18.86,107.61
2021-12-20 00:00:00,46687.22,3906.62,0.9089,527.0,178.38,1.235,0.07899,18.88,105.1
2021-12-20 04:00:00,46429.19,3823.97,0.8715,520.6,175.35,1.229,0.07801,18.56,104.72
2021-12-20 08:00:00,46092.6,3813.02,0.8551,514.9,172.54,1.221,0.07685,18.56,104.24
2021-12-20 12:00:00,45974.08,3800.77,0.837,511.7,170.0,1.21,0.0757,18.45,103.9
2021-12-20 16:00:00,46585.55,3872.19,0.8602,518.8,175.98,1.24,0.07773,18.7,112.31
2021-12-20 20:00:00,46914.16,3944.73,0.8798,524.0,173.9,1.237,0.07759,18.78,113.55
2021-12-21 00:00:00,47928.47,4007.46,0.8709,527.7,175.49,1.255,0.07815,18.74,114.41
2021-12-21 04:00:00,48579.77,4003.21,0.8932,527.9,178.95,1.258,0.07786,19.02,118.35
2021-12-21 08:00:00,48866.92,4025.32,0.8946,531.5,179.71,1.259,0.07841,19.19,119.57
2021-12-21 12:00:00,48418.49,3978.21,0.891,525.3,177.41,1.257,0.07806,18.97,117.33
2021-12-21 16:00:00,48619.79,4007.87,0.92,527.3,177.01,1.256,0.07861,19.11,117.53
2021-12-21 20:00:00,48889.88,4014.15,0.9467,528.3,179.63,1.28,0.07884,19.42,123.24
2021-12-22 00:00:00,49249.0,4048.6,0.9718,533.6,179.61,1.299,0.07957,19.76,125.36
2021-12-22 04:00:00,49206.42,4047.24,0.956,535.0,186.28,1.297,0.07985,20.02,124.55
2021-12-22 08:00:00,48981.99,4022.51,0.9535,535.2,185.56,1.355,0.07987,20.26,122.83
2021-12-22 12:00:00,48879.28,4007.24,0.9527,540.9,185.05,1.345,0.07981,20.49,122.77
2021-12-22 16:00:00,48931.99,3997.5,0.957,538.6,180.27,1.344,0.08021,20.31,119.78
2021-12-22 20:00:00,48588.16,3979.51,0.9537,533.6,178.4,1.327,0.07913,19.93,116.69
2021-12-23 00:00:00,48524.11,3960.59,1.0056,533.7,180.87,1.34,0.07982,20.57,122.89
2021-12-23 04:00:00,48129.6,3911.6,0.9724,526.7,177.88,1.326,0.07825,20.41,117.81
2021-12-23 08:00:00,48354.77,3934.32,0.963,527.0,179.02,1.349,0.07891,21.23,118.61
2021-12-23 12:00:00,48819.33,3950.65,0.9795,529.6,180.94,1.377,0.08002,21.07,121.19
2021-12-23 16:00:00,51109.99,4133.64,1.0114,550.2,191.15,1.465,0.0824,21.83,122.91
2021-12-23 20:00:00,50838.81,4111.41,0.9941,549.0,190.03,1.475,0.08274,22.17,121.4
2021-12-24 00:00:00,51029.99,4092.03,0.9752,545.1,187.69,1.459,0.08231,22.11,119.85
2021-12-24 04:00:00,50994.75,4088.67,0.9744,545.9,188.79,1.443,0.08225,22.18,121.05
2021-12-24 08:00:00,50993.88,4079.0,0.9766,546.9,188.76,1.453,0.08255,22.05,121.87
2021-12-24 12:00:00,50956.68,4094.23,0.9469,548.0,195.45,1.444,0.08216,21.85,122.96
2021-12-24 16:00:00,51126.4,4078.29,0.9165,543.9,192.08,1.408,0.08122,22.01,119.77
2021-12-24 20:00:00,50820.0,4046.36,0.9115,542.1,190.36,1.392,0.08085,21.48,114.94
2021-12-25 00:00:00,50844.14,4038.69,0.9145,542.0,191.65,1.401,0.08047,21.52,113.27
2021-12-25 04:00:00,50919.17,4052.91,0.925,545.8,193.08,1.421,0.08097,21.71,115.97
2021-12-25 08:00:00,50682.97,4051.59,0.9195,544.2,190.24,1.429,0.08134,21.63,115.52
2021-12-25 12:00:00,50659.91,4079.04,0.9231,545.4,192.14,1.446,0.08158,21.85,116.18
2021-12-25 16:00:00,50889.15,4076.89,0.9236,546.7,190.97,1.438,0.08165,21.98,114.5
2021-12-25 20:00:00,50399.66,4094.83,0.9252,547.4,193.1,1.452,0.08153,22.1,115.01
2021-12-26 00:00:00,49675.56,4013.21,0.9076,538.6,190.9,1.411,0.07989,21.2,109.91
2021-12-26 04:00:00,49930.39,4037.27,0.9144,541.2,192.76,1.425,0.08052,21.42,111.95
2021-12-26 08:00:00,49748.89,4033.01,0.9136,542.6,196.5,1.435,0.08036,22.25,111.86
2021-12-26 12:00:00,50049.34,4053.85,0.9167,543.4,198.19,1.44,0.08076,22.38,114.37
2021-12-26 16:00:00,50342.51,4076.1,0.9193,547.5,198.42,1.461,0.08126,23.31,117.76
2021-12-26 20:00:00,50775.49,4063.56,0.92,546.4,197.81,1.455,0.08149,22.98,115.02
2021-12-27 00:00:00,51009.02,4080.09,0.9243,548.7,201.02,1.461,0.08156,23.04,116.17
2021-12-27 04:00:00,50694.83,4051.01,0.9222,545.5,198.59,1.499,0.08139,23.13,117.32
2021-12-27 08:00:00,50759.45,4060.22,0.9216,547.7,200.28,1.581,0.08183,23.54,116.95
2021-12-27 12:00:00,51450.57,4092.73,0.9342,558.3,201.57,1.561,0.08217,24.21,118.56
2021-12-27 16:00:00,51204.64,4077.78,0.9383,568.7,200.55,1.547,0.08217,24.19,117.44
2021-12-27 20:00:00,50701.44,4037.23,0.9269,563.7,195.67,1.516,0.08114,23.02,113.85
2021-12-28 00:00:00,49828.06,3960.7,0.8947,552.4,190.29,1.486,0.07896,22.33,111.17
2021-12-28 04:00:00,49227.13,3917.0,0.8875,547.8,189.99,1.464,0.07853,21.95,112.69
2021-12-28 08:00:00,49200.39,3920.9,0.891,553.0,192.14,1.51,0.0795,22.47,116.46
2021-12-28 12:00:00,48937.48,3897.9,0.8824,547.8,185.58,1.485,0.07898,22.06,114.16
2021-12-28 16:00:00,47689.46,3807.96,0.8597,534.7,180.17,1.406,0.07736,21.02,107.04
2021-12-28 20:00:00,47543.74,3792.75,0.8515,534.2,177.32,1.4,0.07713,20.37,107.06
2021-12-29 00:00:00,48001.01,3816.15,0.8597,538.9,179.63,1.42,0.07866,20.86,110.25
2021-12-29 04:00:00,47570.03,3796.39,0.8401,535.7,176.46,1.406,0.07917,20.57,107.2
2021-12-29 08:00:00,47737.95,3790.96,0.8494,536.6,175.55,1.412,0.07848,20.73,107.09
2021-12-29 12:00:00,47959.36,3795.05,0.8442,529.6,176.41,1.398,0.07804,20.71,107.43
2021-12-29 16:00:00,47148.61,3725.68,0.8269,520.5,174.57,1.362,0.07714,20.26,105.35
2021-12-29 20:00:00,46464.66,3630.19,0.8171,514.5,170.63,1.332,0.0765,19.74,103.1
2021-12-30 00:00:00,46504.0,3649.41,0.8197,514.0,170.21,1.306,0.07644,19.21,98.73
2021-12-30 04:00:00,46980.71,3709.01,0.8321,520.1,173.7,1.345,0.07743,19.86,103.05
2021-12-30 08:00:00,47515.45,3737.68,0.8408,524.9,174.7,1.361,0.07804,20.17,104.2
2021-12-30 12:00:00,47159.41,3708.74,0.8375,518.7,173.86,1.351,0.07758,19.99,103.09
2021-12-30 16:00:00,47558.35,3751.06,0.8417,520.0,174.33,1.358,0.07775,20.06,103.38
2021-12-30 20:00:00,47120.87,3709.27,0.8386,518.5,172.52,1.359,0.07782,19.93,101.75
2021-12-31 00:00:00,47201.85,3742.78,0.837,513.9,171.59,1.344,0.07683,20.04,102.47
2021-12-31 04:00:00,47191.09,3721.88,0.8343,513.4,172.56,1.329,0.07656,19.93,103.7
2021-12-31 08:00:00,47975.76,3780.92,0.8453,522.1,175.12,1.361,0.0779,20.32,105.83
2021-12-31 12:00:00,48005.37,3784.64,0.8412,521.9,175.68,1.355,0.07763,20.39,107.28
2021-12-31 16:00:00,45728.28,3626.27,0.8034,507.4,167.96,1.286,0.0737,19.07,102.81
2021-12-31 20:00:00,46216.93,3676.23,0.8297,511.4,169.99,1.308,0.07539,19.51,109.43
2022-01-01 00:00:00,46813.2,3723.96,0.841,518.1,172.94,1.325,0.07587,19.77,109.72
2022-01-01 04:00:00,47194.73,3715.31,0.8412,515.8,173.11,1.325,0.07617,19.8,110.26
2022-01-01 08:00:00,46758.87,3693.37,0.8388,513.8,171.53,1.319,0.07574,19.61,109.07
2022-01-01 12:00:00,47219.04,3725.3,0.8425,518.7,173.84,1.333,0.07643,20.04,109.47
2022-01-01 16:00:00,47329.78,3747.61,0.8521,524.2,177.3,1.346,0.07632,20.21,112.69
2022-01-01 20:00:00,47722.65,3765.54,0.8507,527.3,179.06,1.38,0.0766,20.76,114.13
2022-01-02 00:00:00,47329.47,3758.55,0.8438,523.2,177.65,1.356,0.07678,21.03,117.3
2022-01-02 04:00:00,47173.45,3747.22,0.8425,522.1,175.86,1.355,0.07631,20.75,115.96
2022-01-02 08:00:00,47235.5,3744.01,0.8453,523.1,175.66,1.363,0.07671,21.07,115.77
2022-01-02 12:00:00,47340.47,3778.17,0.8556,525.9,176.23,1.37,0.07792,21.41,114.25
2022-01-02 16:00:00,46907.68,3798.72,0.8513,529.0,175.32,1.362,0.07711,21.99,112.37
2022-01-02 20:00:00,47286.18,3828.27,0.8586,531.0,176.35,1.377,0.07762,21.87,113.03
2022-01-03 00:00:00,46793.26,3785.0,0.8451,524.3,172.8,1.35,0.07753,21.37,110.9
2022-01-03 04:00:00,47051.37,3808.88,0.8425,525.5,173.11,1.352,0.07687,21.67,111.87
2022-01-03 08:00:00,47378.0,3834.61,0.8448,531.0,174.74,1.37,0.07767,22.46,111.78
2022-01-03 12:00:00,46693.45,3784.04,0.8383,527.2,170.95,1.353,0.07739,22.65,110.68
2022-01-03 16:00:00,46360.01,3738.4,0.8328,514.1,169.94,1.33,0.07703,22.88,108.04
2022-01-03 20:00:00,46446.1,3765.89,0.8324,511.9,170.15,1.319,0.07705,23.72,108.11
2022-01-04 00:00:00,46313.97,3744.23,0.8274,509.3,167.84,1.314,0.07646,23.08,105.62
2022-01-04 04:00:00,46550.0,3763.87,0.8277,512.4,169.04,1.325,0.07685,23.56,106.38
2022-01-04 08:00:00,46733.77,3836.19,0.8358,515.3,171.63,1.341,0.07736,24.06,107.48
2022-01-04 12:00:00,46925.35,3849.52,0.8351,515.6,172.21,1.336,0.07725,23.73,107.96
2022-01-04 16:00:00,46052.36,3812.31,0.825,509.8,168.6,1.316,0.07635,23.66,103.9
2022-01-04 20:00:00,45832.01,3785.11,0.8228,506.9,167.72,1.309,0.07592,23.42,103.33
2022-01-05 00:00:00,46422.55,3809.45,0.8306,512.1,169.15,1.332,0.07658,25.59,105.77
2022-01-05 04:00:00,46407.51,3815.74,0.8294,513.3,169.86,1.339,0.07708,25.53,105.86
2022-01-05 08:00:00,46270.99,3791.69,0.8257,511.7,168.51,1.328,0.07668,25.58,104.93
2022-01-05 12:00:00,46622.53,3820.97,0.8276,512.4,168.27,1.326,0.07705,27.1,105.19
2022-01-05 16:00:00,44685.93,3655.3,0.7982,492.8,158.65,1.256,0.07344,25.29,98.34
2022-01-05 20:00:00,43451.13,3540.63,0.7726,474.1,154.52,1.23,0.07112,25.24,97.42
2022-01-06 00:00:00,42835.0,3448.83,0.7493,465.2,148.12,1.204,0.06952,23.52,92.68
2022-01-06 04:00:00,43245.25,3453.12,0.7619,472.1,150.73,1.223,0.07071,24.77,95.15
2022-01-06 08:00:00,42878.34,3349.49,0.7489,462.7,147.56,1.204,0.07004,24.12,91.79
2022-01-06 12:00:00,42950.01,3397.01,0.7623,472.2,149.66,1.233,0.07038,24.07,94.13
2022-01-06 16:00:00,43438.1,3447.29,0.781,477.6,153.84,1.248,0.07127,25.79,96.38
2022-01-06 20:00:00,43082.31,3406.81,0.7791,472.6,150.26,1.28,0.07106,25.38,95.11
2022-01-07 00:00:00,41803.11,3238.74,0.7451,453.8,139.63,1.207,0.06814,23.52,87.74
2022-01-07 04:00:00,41706.71,3202.25,0.7523,447.3,138.99,1.208,0.06765,23.5,88.3
2022-01-07 08:00:00,42258.62,3225.68,0.7576,453.3,139.21,1.232,0.06874,25.33,90.03
2022-01-07 12:00:00,41319.11,3131.69,0.7482,445.1,135.97,1.209,0.06738,25.17,87.05
2022-01-07 16:00:00,41775.38,3197.32,0.765,451.0,140.21,1.225,0.06849,26.56,88.71
2022-01-07 20:00:00,41566.48,3199.24,0.7634,448.1,136.45,1.21,0.0682,25.98,86.74
2022-01-08 00:00:00,41810.91,3203.5,0.7684,451.5,139.36,1.224,0.06861,26.43,87.23
2022-01-08 04:00:00,41913.58,3216.13,0.7716,456.4,144.4,1.238,0.06889,26.65,88.58
2022-01-08 08:00:00,41940.22,3219.95,0.7645,456.2,146.43,1.238,0.06817,25.89,86.85
2022-01-08 12:00:00,41613.33,3160.72,0.7573,448.0,144.25,1.215,0.06684,25.08,83.29
2022-01-08 16:00:00,40831.07,3028.75,0.7304,421.6,135.38,1.145,0.06436,24.05,80.28
2022-01-08 20:00:00,41679.74,3080.95,0.7452,429.9,142.14,1.181,0.06539,25.32,83.9
2022-01-09 00:00:00,41833.89,3120.57,0.751,432.8,141.93,1.176,0.06569,26.92,85.08
2022-01-09 04:00:00,41791.51,3127.51,0.7494,433.8,140.37,1.177,0.06584,26.91,84.91
2022-01-09 08:00:00,41857.62,3128.42,0.7504,435.2,140.56,1.163,0.06593,27.04,85.48
2022-01-09 12:00:00,41621.11,3098.05,0.7431,429.9,140.11,1.163,0.06555,27.16,86.69
2022-01-09 16:00:00,42695.26,3203.91,0.7647,443.6,145.26,1.202,0.06715,27.87,91.51
2022-01-09 20:00:00,41864.62,3151.97,0.753,438.7,140.82,1.17,0.06611,27.54,89.33
2022-01-10 00:00:00,41967.59,3155.04,0.7538,439.0,140.62,1.161,0.06638,27.64,89.22
2022-01-10 04:00:00,42042.38,3163.24,0.7519,441.9,143.05,1.176,0.06672,28.27,88.97
2022-01-10 08:00:00,41565.34,3104.5,0.7417,433.9,139.44,1.152,0.06588,26.64,86.98
2022-01-10 12:00:00,40984.33,3006.26,0.7241,416.1,133.16,1.113,0.06289,26.5,83.17
2022-01-10 16:00:00,41297.15,3029.75,0.7226,419.4,132.64,1.115,0.06262,26.89,83.2
2022-01-10 20:00:00,41822.49,3082.68,0.7399,424.7,135.86,1.123,0.06342,27.98,84.36
2022-01-11 00:00:00,42277.98,3120.2,0.7465,433.7,137.28,1.162,0.06419,28.18,86.36
2022-01-11 04:00:00,42211.05,3129.59,0.7462,442.1,137.25,1.155,0.06431,27.62,86.24
2022-01-11 08:00:00,41809.99,3110.93,0.7399,448.4,135.4,1.142,0.06394,26.8,85.42
2022-01-11 12:00:00,41733.93,3133.56,0.741,452.5,137.08,1.159,0.06419,26.22,86.74
2022-01-11 16:00:00,42972.05,3237.18,0.7632,460.0,142.39,1.187,0.06486,26.62,89.66
2022-01-11 20:00:00,42729.29,3239.72,0.7703,463.6,140.2,1.187,0.06493,26.59,89.59
2022-01-12 00:00:00,42605.02,3234.52,0.7724,459.5,140.07,1.219,0.06572,26.65,89.32
2022-01-12 04:00:00,42561.67,3217.52,0.76,459.0,138.95,1.203,0.06566,25.92,90.63
2022-01-12 08:00:00,42935.92,3272.51,0.7713,468.0,141.42,1.245,0.06713,26.22,94.88
2022-01-12 12:00:00,43560.29,3361.76,0.7914,482.2,147.7,1.277,0.06781,26.48,95.56
2022-01-12 16:00:00,43743.11,3382.02,0.7973,487.2,152.71,1.288,0.06799,26.77,94.5
2022-01-12 20:00:00,43902.66,3371.26,0.7987,487.8,151.51,1.312,0.06806,26.75,95.94
2022-01-13 00:00:00,43509.93,3338.04,0.7876,478.6,148.65,1.295,0.06743,26.09,93.48
2022-01-13 04:00:00,43699.99,3339.99,0.792,483.0,151.41,1.288,0.06827,26.34,94.68
2022-01-13 08:00:00,43602.31,3333.99,0.7837,478.1,150.32,1.275,0.06748,25.83,93.87
2022-01-13 12:00:00,43200.0,3301.43,0.7749,474.0,154.95,1.268,0.06681,25.49,93.51
2022-01-13 16:00:00,42700.67,3271.5,0.766,475.1,147.65,1.244,0.06676,24.69,91.14
2022-01-13 20:00:00,42560.11,3240.61,0.768,475.2,146.14,1.233,0.0662,24.86,89.65
2022-01-14 00:00:00,42623.87,3266.43,0.7705,480.1,147.52,1.246,0.06686,25.16,89.74
2022-01-14 04:00:00,42660.01,3268.97,0.7812,484.3,147.71,1.285,0.06746,24.96,90.39
2022-01-14 08:00:00,42012.94,3202.51,0.757,471.9,143.45,1.234,0.06645,24.24,88.34
2022-01-14 12:00:00,43109.0,3278.0,0.7734,481.4,147.34,1.269,0.06736,24.79,90.5
2022-01-14 16:00:00,43077.93,3307.55,0.7718,485.7,148.36,1.263,0.06775,24.89,90.18
2022-01-14 20:00:00,43059.96,3307.42,0.7732,490.0,146.17,1.292,0.06765,25.72,90.39
2022-01-15 00:00:00,42927.96,3307.49,0.7727,488.0,145.98,1.269,0.06792,25.92,90.96
2022-01-15 04:00:00,43088.12,3313.52,0.7798,494.2,145.51,1.272,0.06839,25.62,90.41
2022-01-15 08:00:00,43017.59,3318.54,0.7767,492.2,146.4,1.266,0.06796,25.7,90.6
2022-01-15 12:00:00,43401.21,3361.97,0.7867,500.0,147.99,1.286,0.06871,25.73,92.76
2022-01-15 16:00:00,43528.34,3349.35,0.7844,498.2,147.95,1.299,0.0691,25.67,94.29
2022-01-15 20:00:00,43084.29,3326.04,0.7791,494.5,147.64,1.291,0.06842,25.17,92.98
2022-01-16 00:00:00,42977.22,3313.61,0.7772,491.8,146.83,1.335,0.06938,24.93,92.12
2022-01-16 04:00:00,43202.21,3331.75,0.7807,496.0,149.67,1.369,0.06993,25.46,93.5
2022-01-16 08:00:00,42968.29,3312.01,0.7764,494.0,148.13,1.39,0.0698,25.84,93.28
2022-01-16 12:00:00,43219.53,3353.5,0.7772,501.3,149.94,1.41,0.06947,25.92,93.95
2022-01-16 16:00:00,42824.79,3320.97,0.7753,498.5,147.97,1.389,0.06936,25.62,92.35
2022-01-16 20:00:00,43071.66,3346.88,0.7784,498.6,147.98,1.41,0.06988,25.5,92.24
2022-01-17 00:00:00,42647.4,3258.22,0.7671,484.1,142.95,1.455,0.07017,24.85,89.69
2022-01-17 04:00:00,42656.03,3270.7,0.7656,485.6,143.23,1.531,0.0703,25.01,88.99
2022-01-17 08:00:00,42671.31,3255.94,0.7656,481.2,142.46,1.516,0.07151,24.69,88.61
2022-01-17 12:00:00,42477.66,3236.65,0.7591,471.4,142.15,1.483,0.07067,24.21,88.19
2022-01-17 16:00:00,42238.31,3218.96,0.7634,477.5,139.87,1.558,0.07077,23.8,87.51
2022-01-17 20:00:00,42201.62,3209.67,0.7617,475.2,139.8,1.603,0.07085,23.79,86.67
2022-01-18 00:00:00,42040.54,3182.33,0.7572,472.5,139.21,1.577,0.0696,23.69,86.01
2022-01-18 04:00:00,42061.94,3187.81,0.7568,474.2,140.23,1.543,0.06903,23.6,86.93
2022-01-18 08:00:00,41854.14,3171.21,0.7471,466.7,137.62,1.492,0.06855,23.23,85.93
2022-01-18 12:00:00,41587.27,3116.54,0.7438,461.1,136.67,1.453,0.06816,22.5,84.3
2022-01-18 16:00:00,41699.61,3127.67,0.7485,462.6,137.01,1.435,0.06811,22.39,84.7
2022-01-18 20:00:00,42352.12,3159.85,0.7509,471.4,141.22,1.458,0.06846,22.96,86.0
2022-01-19 00:00:00,41706.41,3099.38,0.7412,463.5,138.0,1.452,0.06762,22.33,84.61
2022-01-19 04:00:00,41287.1,3062.0,0.7285,456.1,134.44,1.379,0.06684,21.51,81.65
2022-01-19 08:00:00,42033.0,3117.28,0.738,462.6,136.13,1.428,0.06832,22.11,83.02
2022-01-19 12:00:00,41981.27,3122.68,0.7387,466.3,136.94,1.404,0.06859,21.97,84.39
2022-01-19 16:00:00,41873.79,3128.17,0.7406,471.2,136.74,1.366,0.06877,21.91,84.24
2022-01-19 20:00:00,41660.01,3084.02,0.7381,461.9,135.25,1.337,0.06915,21.55,82.61
2022-01-20 00:00:00,41924.97,3125.14,0.7434,468.6,137.03,1.351,0.06836,21.82,83.46
2022-01-20 04:00:00,42058.31,3138.91,0.7453,477.2,137.42,1.364,0.06886,22.34,84.7
2022-01-20 08:00:00,42129.44,3151.86,0.7426,464.5,137.89,1.349,0.06973,22.33,85.05
2022-01-20 12:00:00,43308.69,3261.42,0.7595,472.9,143.18,1.407,0.07174,22.7,87.29
2022-01-20 16:00:00,42917.32,3215.28,0.7577,464.8,139.93,1.387,0.07101,22.29,86.02
2022-01-20 20:00:00,40680.91,3001.48,0.7199,440.2,127.54,1.259,0.06773,20.17,79.33
2022-01-21 00:00:00,38465.65,2837.22,0.6905,422.4,124.21,1.207,0.06594,19.17,74.72
2022-01-21 04:00:00,39134.55,2882.65,0.6951,431.2,126.54,1.242,0.06669,19.56,76.47
2022-01-21 08:00:00,38898.18,2848.17,0.6874,426.6,122.19,1.217,0.06628,19.41,75.5
2022-01-21 12:00:00,38857.26,2830.9,0.6819,422.8,121.91,1.213,0.0646,19.54,74.12
2022-01-21 16:00:00,37984.12,2741.92,0.666,413.8,120.33,1.184,0.06358,18.82,72.26
2022-01-21 20:00:00,36445.31,2568.15,0.6368,383.9,112.27,1.12,0.06103,17.42,66.06
2022-01-22 00:00:00,36341.64,2567.26,0.6392,382.8,109.67,1.136,0.06046,17.33,66.48
2022-01-22 04:00:00,35400.02,2464.1,0.5997,350.1,100.39,1.033,0.05515,15.4,59.0
2022-01-22 08:00:00,35406.76,2431.07,0.5874,361.4,98.69,1.028,0.05657,15.59,58.85
2022-01-22 12:00:00,34838.68,2387.0,0.574,356.6,93.05,1.054,0.05538,15.3,57.32
2022-01-22 16:00:00,34528.62,2337.35,0.5801,349.2,90.58,1.029,0.05537,15.29,57.34
2022-01-22 20:00:00,35071.42,2412.18,0.5966,358.3,94.54,1.071,0.0568,15.85,59.78
2022-01-23 00:00:00,35051.0,2416.68,0.5995,366.4,94.37,1.067,0.05695,15.69,60.26
2022-01-23 04:00:00,35571.19,2487.83,0.6153,379.8,101.19,1.119,0.05786,16.27,63.75
2022-01-23 08:00:00,35686.29,2498.26,0.6161,382.5,101.85,1.12,0.05776,16.14,64.36
2022-01-23 12:00:00,35287.58,2432.49,0.6041,371.0,98.86,1.094,0.05618,15.71,62.99
2022-01-23 16:00:00,34775.45,2384.01,0.5938,365.1,94.75,1.058,0.05574,15.24,60.88
2022-01-23 20:00:00,36244.55,2539.01,0.6283,383.9,99.78,1.124,0.05752,16.64,64.83
2022-01-24 00:00:00,35338.26,2459.69,0.6133,372.5,92.1,1.073,0.05507,16.03,61.96
2022-01-24 04:00:00,34888.81,2386.65,0.5996,361.9,86.75,1.029,0.05497,15.25,59.3
2022-01-24 08:00:00,33697.11,2238.36,0.568,344.6,83.94,0.983,0.05246,13.98,56.92
2022-01-24 12:00:00,34233.95,2274.99,0.5823,351.8,87.47,1.02,0.05332,14.55,58.03
2022-01-24 16:00:00,36066.4,2378.92,0.5973,364.7,89.61,1.061,0.05387,15.16,61.1
2022-01-24 20:00:00,36660.35,2439.29,0.6118,371.3,91.93,1.065,0.05506,15.58,63.06
2022-01-25 00:00:00,36424.49,2415.76,0.6008,365.0,90.07,1.048,0.05531,15.41,62.71
2022-01-25 04:00:00,36044.01,2383.35,0.5933,362.7,90.0,1.015,0.05474,14.97,62.74
2022-01-25 08:00:00,36406.0,2424.33,0.6002,371.5,91.59,1.03,0.05513,15.24,63.67
2022-01-25 12:00:00,36530.0,2419.34,0.6014,371.5,92.95,1.028,0.05504,15.29,65.63
2022-01-25 16:00:00,37067.13,2466.28,0.6119,384.1,96.13,1.057,0.05558,15.73,68.89
2022-01-25 20:00:00,36958.32,2458.83,0.618,385.1,94.67,1.043,0.05588,15.49,68.01
2022-01-26 00:00:00,37389.76,2476.26,0.6202,379.6,94.73,1.048,0.05601,15.58,68.68
2022-01-26 04:00:00,37338.59,2461.46,0.6208,380.5,94.45,1.042,0.0565,15.74,68.4
2022-01-26 08:00:00,38072.77,2546.58,0.6336,389.0,98.05,1.071,0.0573,16.09,68.94
2022-01-26 12:00:00,37985.0,2605.44,0.635,392.0,98.79,1.106,0.05755,16.11,69.92
2022-01-26 16:00:00,37579.9,2573.83,0.6389,388.5,98.21,1.121,0.05725,15.91,69.54
2022-01-26 20:00:00,36809.34,2462.99,0.6193,375.1,92.12,1.077,0.0562,15.23,65.87
2022-01-27 00:00:00,35745.7,2364.87,0.5942,362.3,86.75,1.015,0.05464,14.47,62.01
2022-01-27 04:00:00,36173.87,2403.78,0.6046,366.9,88.78,1.043,0.05554,14.9,62.99
2022-01-27 08:00:00,36679.98,2456.66,0.6093,371.4,91.18,1.05,0.05645,15.12,65.0
2022-01-27 12:00:00,36639.43,2479.84,0.611,374.0,92.32,1.05,0.05678,15.34,66.64
2022-01-27 16:00:00,36209.2,2394.9,0.603,366.7,89.87,1.025,0.05603,14.82,64.03
2022-01-27 20:00:00,37160.1,2424.25,0.6088,389.9,89.51,1.042,0.05649,15.22,64.7
2022-01-28 00:00:00,37351.83,2446.92,0.6089,389.6,92.42,1.048,0.05684,15.35,65.66
2022-01-28 04:00:00,36799.82,2390.3,0.6018,385.0,89.69,1.033,0.05642,15.07,64.59
2022-01-28 08:00:00,36448.28,2396.84,0.5953,381.2,88.65,1.02,0.05636,14.93,62.76
2022-01-28 12:00:00,37188.98,2442.94,0.6026,384.2,91.16,1.039,0.05691,15.54,65.05
2022-01-28 16:00:00,37222.86,2461.74,0.6039,389.0,91.58,1.037,0.05671,15.75,65.68
2022-01-28 20:00:00,37716.56,2544.99,0.6111,385.9,91.34,1.048,0.05757,16.15,67.01
2022-01-29 00:00:00,37737.73,2541.48,0.6121,388.0,92.11,1.049,0.05764,16.09,67.54
2022-01-29 04:00:00,37836.99,2567.94,0.618,391.9,97.2,1.073,0.05849,16.37,69.42
2022-01-29 08:00:00,37736.07,2554.84,0.6159,390.7,96.31,1.063,0.05889,16.23,69.23
2022-01-29 12:00:00,37566.82,2543.36,0.614,383.5,95.08,1.055,0.05899,16.2,71.44
2022-01-29 16:00:00,37853.0,2589.99,0.6156,386.1,95.24,1.054,0.05952,16.33,72.37
2022-01-29 20:00:00,38166.84,2601.43,0.6174,389.3,96.13,1.059,0.06034,16.23,71.89
2022-01-30 00:00:00,37917.13,2570.48,0.6155,382.6,94.45,1.06,0.05963,16.38,70.58
2022-01-30 04:00:00,38244.98,2618.89,0.6212,386.4,96.71,1.073,0.06038,17.62,72.06
2022-01-30 08:00:00,38110.02,2626.24,0.6197,385.1,96.37,1.067,0.06023,17.68,70.96
2022-01-30 12:00:00,37980.09,2617.2,0.6154,380.9,95.15,1.054,0.05998,17.26,69.65
2022-01-30 16:00:00,37512.37,2560.25,0.6005,373.8,92.04,1.031,0.05848,17.03,67.19
2022-01-30 20:00:00,37881.76,2601.68,0.6013,377.2,93.29,1.035,0.05863,17.77,67.96
2022-01-31 00:00:00,37025.68,2512.07,0.5864,369.9,90.72,1.022,0.05707,16.88,65.27
2022-01-31 04:00:00,37121.83,2529.07,0.5895,371.5,90.25,1.023,0.05745,16.96,65.37
2022-01-31 08:00:00,37265.16,2558.01,0.5903,372.2,91.37,1.024,0.05814,17.04,66.49
2022-01-31 12:00:00,37722.91,2620.66,0.5972,378.7,95.41,1.036,0.05853,17.51,69.0
2022-01-31 16:00:00,38415.79,2672.72,0.607,383.2,98.39,1.043,0.05861,17.05,69.7
2022-01-31 20:00:00,38466.9,2686.94,0.6174,374.3,99.49,1.051,0.05906,17.15,69.87
2022-02-01 00:00:00,38596.82,2751.62,0.6264,383.6,106.92,1.056,0.05982,17.42,69.79
2022-02-01 04:00:00,38440.77,2736.69,0.6178,382.1,105.42,1.056,0.05942,17.43,69.75
2022-02-01 08:00:00,38425.06,2761.32,0.6216,383.0,106.35,1.055,0.0596,17.24,70.26
2022-02-01 12:00:00,38630.33,2768.54,0.6234,382.9,108.71,1.065,0.05966,17.17,70.25
2022-02-01 16:00:00,38378.09,2751.02,0.622,382.8,107.89,1.065,0.05959,16.84,70.95
2022-02-01 20:00:00,38694.59,2787.23,0.6284,384.2,110.02,1.096,0.05979,16.98,73.33
2022-02-02 00:00:00,38552.87,2781.05,0.6256,384.2,110.63,1.09,0.0601,17.04,73.7
2022-02-02 04:00:00,38284.69,2749.36,0.6227,379.9,108.5,1.059,0.06044,16.98,72.82
2022-02-02 08:00:00,38490.0,2766.89,0.6261,382.7,109.98,1.068,0.06105,17.21,73.11
2022-02-02 12:00:00,37429.78,2663.9,0.6108,371.1,105.92,1.046,0.05996,16.34,70.76
2022-02-02 16:00:00,37566.56,2707.21,0.6124,376.2,110.03,1.056,0.06028,16.46,71.74
2022-02-02 20:00:00,36896.36,2680.67,0.6006,366.9,101.88,1.027,0.05847,15.78,67.79
2022-02-03 00:00:00,36820.83,2657.65,0.6008,365.7,97.4,1.029,0.05875,15.66,67.81
2022-02-03 04:00:00,37024.16,2671.4,0.6044,369.0,99.36,1.041,0.05928,15.81,67.69
2022-02-03 08:00:00,36785.0,2621.91,0.598,364.4,97.43,1.031,0.059,15.64,66.41
2022-02-03 12:00:00,36910.05,2640.01,0.604,368.1,98.26,1.046,0.05922,15.96,68.5
2022-02-03 16:00:00,36551.7,2598.11,0.5989,363.3,96.81,1.046,0.05912,15.79,66.21
2022-02-03 20:00:00,37311.61,2695.46,0.6102,372.3,101.77,1.061,0.05981,16.3,68.44
2022-02-04 00:00:00,37297.62,2682.99,0.6085,370.6,102.39,1.053,0.06039,16.06,67.88
2022-02-04 04:00:00,37869.31,2804.55,0.6171,377.5,104.92,1.064,0.06359,16.31,69.66
2022-02-04 08:00:00,37810.0,2828.17,0.6138,377.3,104.8,1.057,0.06336,16.41,71.34
2022-02-04 12:00:00,39490.87,2871.78,0.6245,382.2,107.19,1.078,0.0632,16.72,73.42
2022-02-04 16:00:00,40727.91,2958.75,0.6402,396.2,110.65,1.102,0.06388,17.12,76.67
2022-02-04 20:00:00,41574.25,2994.99,0.6555,399.5,112.62,1.138,0.06441,17.5,77.77
2022-02-05 00:00:00,41447.85,2997.74,0.6689,406.8,114.01,1.143,0.06434,17.92,78.29
2022-02-05 04:00:00,41379.99,3001.43,0.6702,423.3,115.56,1.151,0.06593,17.91,78.68
2022-02-05 08:00:00,41430.0,3011.72,0.6709,422.4,114.95,1.158,0.06556,17.96,78.66
2022-02-05 12:00:00,41761.85,3051.33,0.6737,421.6,116.03,1.151,0.0658,18.03,78.85
2022-02-05 16:00:00,41544.9,3011.0,0.6627,412.2,113.5,1.115,0.0646,17.71,76.26
2022-02-05 20:00:00,41382.59,3012.65,0.6656,413.7,113.75,1.125,0.06467,17.76,77.01
2022-02-06 00:00:00,41444.04,3008.6,0.6698,417.1,114.4,1.128,0.06518,17.96,78.1
2022-02-06 04:00:00,41612.33,3010.56,0.6692,416.4,114.32,1.128,0.06534,17.87,77.66
2022-02-06 08:00:00,41522.0,3006.4,0.6676,416.5,114.41,1.117,0.06553,17.74,77.11
2022-02-06 12:00:00,41519.49,2991.65,0.6669,411.1,113.07,1.112,0.06496,17.46,75.59
2022-02-06 16:00:00,41717.94,3001.39,0.6718,414.0,112.88,1.122,0.06532,17.61,76.37
2022-02-06 20:00:00,42380.87,3054.99,0.6825,419.9,115.28,1.143,0.06617,18.07,78.93
2022-02-07 00:00:00,42818.99,3068.82,0.7238,427.0,119.2,1.16,0.06655,18.48,80.83
2022-02-07 04:00:00,42723.92,3079.48,0.7551,426.5,117.27,1.164,0.06707,18.66,82.48
2022-02-07 08:00:00,42720.03,3067.24,0.7742,426.5,117.53,1.18,0.06762,18.48,82.3
2022-02-07 12:00:00,43835.59,3123.15,0.7735,438.0,121.3,1.204,0.0685,19.05,84.87
2022-02-07 16:00:00,44252.8,3166.64,0.7887,435.8,120.03,1.186,0.06893,19.18,84.47
2022-02-07 20:00:00,43839.99,3139.77,0.8314,433.5,117.55,1.199,0.06852,18.88,83.2
2022-02-08 00:00:00,44178.57,3146.45,0.8729,434.5,117.47,1.241,0.06937,19.01,83.82
2022-02-08 04:00:00,44855.0,3174.11,0.8965,438.9,117.73,1.231,0.06957,18.91,90.19
2022-02-08 08:00:00,43988.3,3105.2,0.8592,426.7,114.36,1.199,0.06878,18.28,86.57
2022-02-08 12:00:00,43429.31,3076.19,0.8334,418.1,112.03,1.167,0.06745,17.98,84.51
2022-02-08 16:00:00,42998.65,3051.6,0.8146,407.6,110.82,1.141,0.06715,18.04,85.5
2022-02-08 20:00:00,44042.99,3116.69,0.8763,407.8,113.45,1.176,0.06806,18.38,86.34
2022-02-09 00:00:00,43343.28,3076.52,0.848,409.7,111.23,1.153,0.06748,17.93,86.57
2022-02-09 04:00:00,43807.75,3105.93,0.8609,415.6,111.5,1.186,0.06847,18.14,87.83
2022-02-09 08:00:00,43715.45,3152.89,0.8565,419.1,113.27,1.193,0.06867,18.35,88.75
2022-02-09 12:00:00,43867.63,3178.45,0.8845,421.1,113.18,1.195,0.06921,18.47,89.84
2022-02-09 16:00:00,44463.43,3246.94,0.8915,426.2,115.06,1.207,0.06961,18.66,91.63
2022-02-09 20:00:00,44372.72,3243.94,0.8697,422.9,113.93,1.195,0.06991,18.67,90.05
2022-02-10 00:00:00,43775.42,3179.6,0.8624,416.3,111.01,1.176,0.06916,18.08,88.89
2022-02-10 04:00:00,44092.42,3189.9,0.872,421.1,112.4,1.186,0.07025,18.26,89.82
2022-02-10 08:00:00,44834.09,3248.05,0.8867,426.9,113.77,1.208,0.07138,18.64,90.46
2022-02-10 12:00:00,44947.1,3209.91,0.8647,424.9,111.96,1.192,0.07048,18.16,91.82
2022-02-10 16:00:00,44373.97,3121.07,0.849,420.5,108.92,1.168,0.06938,17.72,91.02
2022-02-10 20:00:00,43495.44,3072.49,0.8253,414.7,106.17,1.15,0.0685,17.5,91.16
2022-02-11 00:00:00,43343.71,3081.08,0.8217,415.5,104.67,1.142,0.06764,17.3,89.11
2022-02-11 04:00:00,43359.25,3098.34,0.8194,417.8,105.71,1.157,0.06798,17.49,89.84
2022-02-11 08:00:00,43357.53,3088.3,0.8151,414.4,105.56,1.151,0.06554,17.59,89.98
2022-02-11 12:00:00,43669.01,3102.93,0.8194,415.2,106.84,1.157,0.06637,17.7,90.78
2022-02-11 16:00:00,42742.63,2992.89,0.7897,404.6,99.74,1.113,0.06471,16.8,84.8
2022-02-11 20:00:00,42373.73,2927.54,0.7591,400.0,96.53,1.079,0.06399,16.21,81.75
2022-02-12 00:00:00,42288.46,2934.2,0.7716,399.8,96.92,1.083,0.06426,16.13,83.14
2022-02-12 04:00:00,42103.94,2918.93,0.7637,397.6,93.77,1.061,0.0632,15.9,81.26
2022-02-12 08:00:00,42406.48,2931.09,0.773,402.2,96.09,1.072,0.06381,16.12,81.86
2022-02-12 12:00:00,42123.93,2880.4,0.8029,397.7,95.0,1.051,0.06387,15.85,80.11
2022-02-12 16:00:00,42662.47,2952.51,0.831,403.5,97.17,1.067,0.06423,16.21,81.97
2022-02-12 20:00:00,42217.87,2918.88,0.8223,403.6,95.96,1.059,0.06352,15.95,81.31
2022-02-13 00:00:00,42230.0,2918.72,0.8233,403.3,95.95,1.056,0.0638,15.95,82.15
2022-02-13 04:00:00,42412.4,2923.09,0.8288,403.7,96.34,1.056,0.06429,16.18,83.12
2022-02-13 08:00:00,42470.73,2931.38,0.837,403.5,96.19,1.064,0.06455,16.23,82.2
2022-02-13 12:00:00,42559.97,2919.75,0.823,403.8,95.62,1.058,0.06469,16.07,81.03
2022-02-13 16:00:00,42031.16,2856.97,0.8004,396.3,92.25,1.038,0.06385,15.65,78.27
2022-02-13 20:00:00,42053.66,2871.13,0.8057,397.9,92.85,1.042,0.06427,15.6,77.91
2022-02-14 00:00:00,41916.43,2865.64,0.7927,394.0,93.55,1.033,0.06387,15.35,77.34
2022-02-14 04:00:00,42314.42,2883.06,0.7976,395.7,94.8,1.038,0.0639,15.66,78.98
2022-02-14 08:00:00,42117.87,2874.39,0.7879,396.3,93.15,1.031,0.06422,15.55,78.13
2022-02-14 12:00:00,42584.97,2936.51,0.8021,401.4,96.59,1.043,0.06488,15.79,80.67
2022-02-14 16:00:00,42119.31,2879.64,0.7881,397.9,94.32,1.031,0.06381,15.34,80.11
2022-02-14 20:00:00,42535.94,2929.75,0.8012,403.4,96.37,1.049,0.06442,15.9,81.86
2022-02-15 00:00:00,43567.76,3025.12,0.8238,412.9,101.32,1.078,0.06543,16.42,84.24
2022-02-15 04:00:00,43691.57,3049.45,0.8265,427.6,102.0,1.071,0.06618,16.42,85.08
2022-02-15 08:00:00,44233.6,3094.84,0.8317,428.4,102.4,1.088,0.06638,16.75,88.1
2022-02-15 12:00:00,44198.96,3122.6,0.8252,432.2,102.76,1.102,0.06627,16.96,88.76
2022-02-15 16:00:00,43993.95,3109.34,0.8254,429.5,101.6,1.088,0.06626,16.92,90.11
2022-02-15 20:00:00,44544.86,3183.52,0.8515,432.4,105.52,1.107,0.06685,17.34,92.97
2022-02-16 00:00:00,43971.26,3141.0,0.8358,431.0,102.8,1.098,0.06621,17.0,93.93
2022-02-16 04:00:00,44184.2,3149.5,0.8381,430.8,104.25,1.103,0.06645,17.19,96.98
2022-02-16 08:00:00,44173.15,3135.64,0.8284,430.7,102.51,1.093,0.06664,17.09,94.91
2022-02-16 12:00:00,43598.63,3066.27,0.8167,425.2,99.09,1.074,0.0661,16.66,93.65
2022-02-16 16:00:00,44220.0,3169.28,0.8346,430.9,103.25,1.092,0.06665,17.26,96.13
2022-02-16 20:00:00,43873.56,3122.3,0.8366,427.3,101.86,1.082,0.0664,17.12,95.32
2022-02-17 00:00:00,43583.05,3083.85,0.8226,425.0,99.19,1.079,0.06624,17.1,94.79
2022-02-17 04:00:00,43919.46,3109.28,0.8286,427.4,100.93,1.082,0.06643,17.0,94.63
2022-02-17 08:00:00,43164.05,3065.52,0.8154,424.2,99.09,1.069,0.06569,16.53,92.85
2022-02-17 12:00:00,41925.44,2989.26,0.8012,413.6,97.33,1.051,0.06459,16.14,91.09
2022-02-17 16:00:00,41201.62,2910.36,0.7823,408.3,94.92,1.037,0.06341,15.76,88.29
2022-02-17 20:00:00,40515.7,2891.87,0.769,402.4,93.52,1.02,0.06249,15.59,88.24
2022-02-18 00:00:00,40691.98,2907.36,0.7868,404.7,94.38,1.03,0.06302,15.85,89.75
2022-02-18 04:00:00,40665.81,2905.25,0.7992,407.2,95.18,1.034,0.06357,15.87,88.7
2022-02-18 08:00:00,40178.94,2878.66,0.7766,403.1,93.9,1.019,0.06347,15.63,86.78
2022-02-18 12:00:00,39832.03,2800.47,0.7659,395.2,90.96,1.005,0.06274,15.21,83.39
2022-02-18 16:00:00,40216.8,2797.87,0.7741,399.3,91.03,1.008,0.06321,15.34,85.16
2022-02-18 20:00:00,39974.44,2779.48,0.784,399.2,89.86,0.995,0.06306,15.19,83.67
2022-02-19 00:00:00,40125.12,2805.38,0.7906,401.8,91.21,1.002,0.0637,15.36,84.07
2022-02-19 04:00:00,40263.71,2812.05,0.7945,405.0,92.13,1.012,0.06412,15.49,85.95
2022-02-19 08:00:00,39842.54,2722.69,0.7744,396.7,89.48,0.984,0.06368,15.01,83.0
2022-02-19 12:00:00,39969.93,2746.06,0.8312,399.6,90.99,0.997,0.06411,15.36,84.01
2022-02-19 16:00:00,39974.66,2744.67,0.8151,396.5,89.9,0.985,0.06316,15.31,83.12
2022-02-19 20:00:00,40079.17,2763.63,0.8215,399.8,91.27,0.996,0.06348,15.51,85.01
2022-02-20 00:00:00,39794.59,2713.12,0.7986,389.5,88.41,0.972,0.06259,14.99,83.4
2022-02-20 04:00:00,38796.64,2654.17,0.7896,381.6,87.39,0.949,0.06154,14.74,80.13
2022-02-20 08:00:00,38343.99,2643.0,0.7908,381.8,89.18,0.942,0.06204,14.77,79.74
2022-02-20 12:00:00,38335.04,2652.36,0.7853,380.1,89.43,0.941,0.06206,14.68,78.78
2022-02-20 16:00:00,38397.22,2649.67,0.7836,381.7,92.02,0.942,0.06203,14.82,79.14
2022-02-20 20:00:00,38386.89,2621.99,0.7769,380.6,90.72,0.931,0.06199,14.6,77.37
2022-02-21 00:00:00,38919.25,2710.89,0.7871,388.0,93.83,0.957,0.06311,15.02,79.87
2022-02-21 04:00:00,39294.07,2747.44,0.797,392.6,95.43,0.979,0.06356,15.19,82.26
2022-02-21 08:00:00,37577.33,2626.78,0.7699,370.1,89.15,0.928,0.06187,14.28,77.38
2022-02-21 12:00:00,38827.94,2723.4,0.782,379.1,89.62,0.947,0.06284,14.74,78.12
2022-02-21 16:00:00,38135.21,2652.76,0.7564,371.5,87.49,0.923,0.06164,14.26,75.01
2022-02-21 20:00:00,37008.16,2568.02,0.7018,356.6,82.96,0.856,0.05954,13.51,70.04
2022-02-22 00:00:00,36591.06,2519.26,0.6791,352.4,81.64,0.833,0.05946,13.2,67.72
2022-02-22 04:00:00,36771.66,2515.81,0.6803,356.0,82.12,0.829,0.05992,13.29,68.9
2022-02-22 08:00:00,37519.48,2589.35,0.7013,364.6,85.2,0.863,0.06115,13.79,72.3
2022-02-22 12:00:00,37759.9,2623.82,0.7048,366.9,85.85,0.877,0.06169,13.97,73.05
2022-02-22 16:00:00,38065.32,2632.74,0.7066,371.5,86.28,0.889,0.06236,14.05,73.12
2022-02-22 20:00:00,38230.33,2636.29,0.7209,374.3,86.38,0.888,0.06265,13.99,74.42
2022-02-23 00:00:00,37750.67,2625.07,0.7107,372.7,87.24,0.895,0.06281,13.85,75.11
2022-02-23 04:00:00,38151.17,2695.63,0.7236,377.9,89.14,0.914,0.06245,14.18,78.54
2022-02-23 08:00:00,38782.91,2719.62,0.7328,379.7,92.04,0.93,0.06321,14.41,81.42
2022-02-23 12:00:00,38512.51,2688.35,0.7233,378.9,89.72,0.917,0.0632,14.18,79.98
2022-02-23 16:00:00,37615.81,2633.14,0.705,370.9,88.11,0.898,0.06209,13.81,76.7
2022-02-23 20:00:00,37250.01,2579.71,0.6967,365.6,84.59,0.866,0.06081,13.35,73.47
2022-02-24 00:00:00,34936.89,2397.41,0.6398,341.9,77.52,0.8,0.05768,12.29,67.33
2022-02-24 04:00:00,35312.05,2370.45,0.6429,336.1,82.19,0.781,0.05804,11.79,67.16
2022-02-24 08:00:00,35442.22,2394.51,0.6398,335.7,81.37,0.764,0.05812,11.82,67.27
2022-02-24 12:00:00,35919.96,2455.09,0.6513,345.1,84.92,0.812,0.05871,12.32,70.98
2022-02-24 16:00:00,37300.0,2596.31,0.6882,358.6,90.81,0.848,0.06031,13.09,76.82
2022-02-24 20:00:00,38327.21,2596.2,0.6963,361.2,89.36,0.853,0.0611,13.27,76.39
2022-02-25 00:00:00,38923.36,2636.92,0.6992,366.2,89.65,0.858,0.06151,13.36,75.98
2022-02-25 04:00:00,38466.24,2612.96,0.699,363.7,88.74,0.847,0.06169,13.37,75.53
2022-02-25 08:00:00,38745.01,2632.9,0.6986,361.7,89.2,0.851,0.06157,13.62,75.79
2022-02-25 12:00:00,39410.92,2732.79,0.7151,369.7,91.06,0.883,0.06008,14.07,78.12
2022-02-25 16:00:00,38676.14,2678.81,0.7301,364.9,89.55,0.867,0.05658,13.77,77.13
2022-02-25 20:00:00,39219.17,2768.49,0.7699,375.0,92.71,0.898,0.05943,14.36,80.98
2022-02-26 00:00:00,39390.33,2793.59,0.7755,379.5,92.79,0.916,0.0607,14.53,80.63
2022-02-26 04:00:00,39200.0,2792.94,0.7741,376.4,92.02,0.909,0.06041,14.49,79.95
2022-02-26 08:00:00,38928.21,2751.48,0.759,373.6,90.66,0.894,0.05881,14.42,78.95
2022-02-26 12:00:00,39215.66,2785.08,0.7566,375.2,91.26,0.898,0.05971,14.65,80.77
2022-02-26 16:00:00,39254.12,2809.01,0.7521,374.8,90.78,0.896,0.05928,14.58,82.43
2022-02-26 20:00:00,39116.72,2779.47,0.7508,373.7,90.23,0.887,0.05961,14.72,81.81
2022-02-27 00:00:00,38606.81,2715.97,0.7333,366.2,87.01,0.863,0.05955,14.12,78.62
2022-02-27 04:00:00,38790.93,2736.62,0.7386,371.7,88.83,0.878,0.05995,14.26,79.22
2022-02-27 08:00:00,39479.8,2820.97,0.7566,378.8,90.79,0.902,0.06057,14.64,81.14
2022-02-27 12:00:00,39357.03,2808.77,0.7515,375.6,91.2,0.9,0.06022,14.58,80.39
2022-02-27 16:00:00,37606.49,2608.23,0.714,360.9,84.87,0.845,0.05791,13.67,73.87
2022-02-27 20:00:00,37699.07,2616.79,0.7215,360.1,85.63,0.856,0.05807,13.64,75.07
2022-02-28 00:00:00,37793.8,2608.05,0.7202,363.5,86.68,0.878,0.05808,13.57,73.46
2022-02-28 04:00:00,38347.58,2635.32,0.7225,366.5,88.12,0.885,0.05832,13.75,74.89
2022-02-28 08:00:00,38333.65,2640.54,0.7271,367.3,90.76,0.878,0.05863,13.79,75.01
2022-02-28 12:00:00,40824.96,2815.44,0.7616,382.8,95.59,0.94,0.06031,14.66,81.88
2022-02-28 16:00:00,41329.44,2808.25,0.7631,384.4,96.22,0.924,0.06019,14.68,80.28
2022-02-28 20:00:00,43160.0,2920.95,0.7809,395.6,99.68,0.962,0.06176,15.13,84.54
2022-03-01 00:00:00,43147.71,2911.83,0.7747,393.5,97.31,0.967,0.06128,14.92,86.66
2022-03-01 04:00:00,43492.96,2922.03,0.7719,413.2,96.94,0.968,0.06175,15.11,86.43
2022-03-01 08:00:00,43609.96,2903.08,0.7679,406.1,97.8,0.956,0.06175,15.06,85.81
2022-03-01 12:00:00,43643.69,2949.0,0.7796,404.6,97.87,0.968,0.06174,15.38,86.3
2022-03-01 16:00:00,43719.49,2945.96,0.7808,406.8,97.71,0.959,0.06164,15.18,86.06
2022-03-01 20:00:00,44421.2,2976.33,0.7839,408.7,98.66,0.963,0.06219,15.35,86.89
2022-03-02 00:00:00,44324.65,3016.64,0.7779,413.5,104.24,0.968,0.0627,15.53,88.92
2022-03-02 04:00:00,43973.09,2968.84,0.7685,410.0,102.37,0.956,0.06186,15.27,85.86
2022-03-02 08:00:00,44103.28,3004.33,0.7765,413.0,104.58,0.963,0.06241,15.68,85.88
2022-03-02 12:00:00,44126.52,2952.71,0.7657,408.8,101.6,0.946,0.06172,15.44,83.96
2022-03-02 16:00:00,43704.42,2933.32,0.767,407.2,100.99,0.935,0.06146,15.26,83.07
2022-03-02 20:00:00,43892.98,2947.3,0.7687,409.3,100.68,0.939,0.06153,15.28,83.36
2022-03-03 00:00:00,43305.77,2895.01,0.7654,404.9,98.39,0.92,0.0608,15.1,81.59
2022-03-03 04:00:00,43477.05,2908.03,0.7665,407.0,99.79,0.923,0.06113,15.17,83.1
2022-03-03 08:00:00,43382.23,2912.43,0.7661,407.5,99.71,0.916,0.06052,15.1,81.98
2022-03-03 12:00:00,42547.34,2828.0,0.7494,402.1,95.95,0.903,0.05992,14.69,78.4
2022-03-03 16:00:00,42226.74,2817.2,0.7448,401.1,94.96,0.901,0.05939,14.63,78.14
2022-03-03 20:00:00,42454.0,2833.99,0.7515,402.6,95.62,0.903,0.05995,14.89,78.5
2022-03-04 00:00:00,41449.94,2725.33,0.7379,394.1,91.56,0.875,0.05874,14.31,78.19
2022-03-04 04:00:00,41436.98,2733.07,0.7376,394.3,91.99,0.878,0.05886,14.34,77.49
2022-03-04 08:00:00,41662.07,2744.39,0.7418,396.8,93.16,0.887,0.05942,14.53,80.88
2022-03-04 12:00:00,40694.32,2671.72,0.7327,387.3,91.32,0.869,0.05884,14.13,78.35
2022-03-04 16:00:00,39782.13,2617.2,0.714,380.8,88.7,0.849,0.0582,13.75,78.6
2022-03-04 20:00:00,39148.66,2622.1,0.7127,374.2,88.32,0.844,0.05829,13.73,75.79
2022-03-05 00:00:00,39050.62,2625.44,0.7205,373.9,87.71,0.838,0.05853,13.72,75.02
2022-03-05 04:00:00,39016.73,2638.15,0.724,378.2,88.85,0.85,0.05853,13.9,77.21
2022-03-05 08:00:00,39129.59,2648.19,0.7347,380.4,88.72,0.866,0.05894,14.01,77.1
2022-03-05 12:00:00,39160.01,2642.81,0.759,380.2,89.13,0.86,0.06044,14.03,76.75
2022-03-05 16:00:00,39433.71,2670.71,0.7524,383.4,90.14,0.87,0.06036,14.06,77.66
2022-03-05 20:00:00,39397.96,2665.15,0.754,384.7,89.63,0.864,0.06037,14.03,76.68
2022-03-06 00:00:00,39300.54,2639.26,0.7431,382.4,87.69,0.855,0.0602,13.79,75.61
2022-03-06 04:00:00,39387.57,2644.93,0.7462,382.6,88.33,0.853,0.06019,13.83,75.89
2022-03-06 08:00:00,38352.48,2608.26,0.7344,375.8,87.02,0.835,0.05946,13.6,75.16
2022-03-06 12:00:00,38862.61,2626.84,0.7364,381.0,87.25,0.841,0.05955,13.67,75.05
2022-03-06 16:00:00,38670.66,2607.03,0.7339,377.3,85.38,0.832,0.05938,13.6,72.97
2022-03-06 20:00:00,38420.81,2551.29,0.7251,375.0,84.57,0.823,0.05889,13.32,72.51
2022-03-07 00:00:00,37869.45,2525.51,0.7191,367.9,82.26,0.811,0.05839,12.83,71.17
2022-03-07 04:00:00,37895.24,2520.88,0.7381,370.4,81.82,0.807,0.05866,12.9,71.78
2022-03-07 08:00:00,38337.05,2538.24,0.7438,375.5,83.13,0.817,0.0593,13.08,74.43
2022-03-07 12:00:00,39071.48,2617.0,0.7461,382.0,85.06,0.838,0.06025,13.57,75.12
2022-03-07 16:00:00,37308.94,2460.67,0.7113,365.6,80.34,0.785,0.05816,12.57,70.97
2022-03-07 20:00:00,37988.0,2491.12,0.7197,380.6,81.66,0.793,0.05859,12.68,71.69
2022-03-08 00:00:00,38695.87,2549.27,0.7283,382.7,83.48,0.812,0.06044,12.93,73.0
2022-03-08 04:00:00,38547.79,2535.86,0.7234,381.4,83.03,0.799,0.06043,13.1,72.14
2022-03-08 08:00:00,38983.05,2587.96,0.7269,386.0,83.92,0.812,0.0608,13.39,72.53
2022-03-08 12:00:00,38658.34,2559.46,0.723,383.2,82.77,0.798,0.06059,13.17,72.35
2022-03-08 16:00:00,38764.88,2580.2,0.7241,384.2,82.9,0.802,0.0606,13.18,74.45
2022-03-08 20:00:00,38730.63,2575.97,0.7207,381.4,82.32,0.802,0.06054,13.08,73.0
2022-03-09 00:00:00,41217.73,2698.56,0.7434,398.8,88.13,0.834,0.06208,13.83,79.93
2022-03-09 04:00:00,41791.1,2745.0,0.75,396.0,89.26,0.844,0.06186,13.89,78.66
2022-03-09 08:00:00,42151.66,2745.27,0.7511,395.3,88.19,0.851,0.06159,14.04,78.77
2022-03-09 12:00:00,42520.99,2757.47,0.7668,397.2,88.91,0.857,0.06179,14.32,79.06
2022-03-09 16:00:00,42204.65,2714.5,0.7627,394.1,86.95,0.842,0.06065,13.95,77.12
2022-03-09 20:00:00,41941.71,2726.98,0.7658,393.2,88.06,0.849,0.0608,14.01,77.63
2022-03-10 00:00:00,40768.51,2658.38,0.7582,386.4,85.31,0.824,0.05876,13.7,75.43
2022-03-10 04:00:00,39238.9,2593.26,0.7385,377.7,82.68,0.81,0.05868,13.12,73.18
2022-03-10 08:00:00,39076.38,2593.9,0.7333,376.0,82.08,0.808,0.05938,13.2,72.99
2022-03-10 12:00:00,39179.54,2597.49,0.7284,365.4,81.94,0.804,0.05875,13.28,72.87
2022-03-10 16:00:00,39430.56,2613.32,0.7387,370.4,82.44,0.808,0.05985,13.33,73.03
2022-03-10 20:00:00,39422.0,2606.7,0.7361,372.0,82.87,0.807,0.05989,13.17,73.93
2022-03-11 00:00:00,38714.97,2551.95,0.7387,368.9,81.92,0.793,0.05961,12.97,75.28
2022-03-11 04:00:00,39132.09,2608.67,0.7454,373.0,82.26,0.806,0.06036,13.32,75.51
2022-03-11 08:00:00,39893.68,2652.63,0.7448,377.5,83.28,0.813,0.06072,13.52,76.44
2022-03-11 12:00:00,39080.26,2581.11,0.7315,372.9,81.75,0.797,0.06004,13.2,73.47
2022-03-11 16:00:00,38792.59,2557.3,0.7368,370.7,80.59,0.79,0.05981,13.01,71.45
2022-03-11 20:00:00,38729.57,2556.86,0.8029,371.9,80.67,0.788,0.06022,13.05,71.22
2022-03-12 00:00:00,39088.94,2583.86,0.8148,373.7,81.8,0.793,0.05969,13.3,72.47
2022-03-12 04:00:00,39104.99,2589.25,0.7961,375.4,81.69,0.798,0.05991,13.25,72.53
2022-03-12 08:00:00,39079.16,2578.83,0.7855,376.2,81.08,0.792,0.05995,13.18,71.88
2022-03-12 12:00:00,39042.04,2584.67,0.7905,377.1,81.68,0.793,0.05985,13.2,71.84
2022-03-12 16:00:00,39030.08,2578.19,0.7906,376.4,81.66,0.795,0.05964,13.33,71.31
2022-03-12 20:00:00,38807.36,2568.8,0.7857,372.4,81.38,0.789,0.05967,13.15,70.94
2022-03-13 00:00:00,39194.08,2591.92,0.7972,376.2,82.56,0.799,0.06013,13.37,71.31
2022-03-13 04:00:00,39089.77,2580.91,0.798,374.8,81.74,0.794,0.05994,13.33,71.81
2022-03-13 08:00:00,38741.12,2574.23,0.7916,370.9,81.05,0.788,0.05977,13.14,71.16
2022-03-13 12:00:00,38936.0,2579.71,0.785,371.0,81.2,0.814,0.06004,13.17,70.55
2022-03-13 16:00:00,38869.02,2563.28,0.7839,371.1,80.48,0.804,0.05968,13.19,70.09
2022-03-13 20:00:00,37777.34,2515.65,0.7602,361.4,78.73,0.786,0.05931,12.7,67.94
2022-03-14 00:00:00,38144.05,2534.07,0.7614,365.1,79.5,0.79,0.05979,12.71,67.95
2022-03-14 04:00:00,39078.92,2586.58,0.7695,369.6,80.9,0.809,0.06022,13.25,69.87
2022-03-14 08:00:00,38897.64,2579.81,0.7669,368.5,80.9,0.799,0.06004,13.18,68.73
2022-03-14 12:00:00,38964.25,2573.0,0.7609,368.2,80.97,0.794,0.06005,13.12,67.31
2022-03-14 16:00:00,38813.0,2536.43,0.7615,365.8,79.95,0.792,0.05981,12.91,66.06
2022-03-14 20:00:00,39671.37,2589.41,0.7748,373.4,81.22,0.802,0.06007,13.41,68.97
2022-03-15 00:00:00,38768.41,2544.17,0.7625,367.2,79.66,0.792,0.05974,13.23,66.8
2022-03-15 04:00:00,38439.5,2532.27,0.7526,364.2,79.32,0.789,0.05983,12.98,66.44
2022-03-15 08:00:00,38645.01,2534.8,0.7539,365.3,80.1,0.79,0.06029,13.05,67.28
2022-03-15 12:00:00,39017.11,2571.63,0.7634,368.6,81.05,0.8,0.06036,13.26,69.88
2022-03-15 16:00:00,39735.71,2659.44,0.7711,373.4,84.58,0.813,0.06053,13.56,71.83
2022-03-15 20:00:00,39280.33,2617.73,0.7657,371.7,82.84,0.8,0.0605,13.69,69.82
2022-03-16 00:00:00,39160.0,2620.4,0.7613,370.6,82.38,0.801,0.06011,13.81,68.47
2022-03-16 04:00:00,39581.0,2646.49,0.7644,372.5,82.82,0.802,0.06033,13.98,69.56
2022-03-16 08:00:00,40521.6,2688.12,0.7704,377.5,84.24,0.81,0.06055,14.07,71.0
2022-03-16 12:00:00,40611.67,2704.47,0.7773,378.5,83.94,0.818,0.06045,14.14,71.4
2022-03-16 16:00:00,40880.17,2753.17,0.786,383.3,85.81,0.825,0.06067,14.46,73.72
2022-03-16 20:00:00,41114.0,2773.81,0.7919,385.4,87.77,0.838,0.06107,14.66,74.08
2022-03-17 00:00:00,41014.71,2766.51,0.793,383.4,87.99,0.847,0.06089,14.65,76.35
2022-03-17 04:00:00,40726.05,2755.36,0.79,384.6,87.23,0.842,0.06075,14.35,76.9
2022-03-17 08:00:00,40748.51,2775.26,0.7879,385.0,87.67,0.841,0.06066,14.82,79.41
2022-03-17 12:00:00,40798.56,2801.35,0.7943,387.6,89.35,0.842,0.06097,14.54,79.94
2022-03-17 16:00:00,40871.85,2828.77,0.7963,389.6,90.81,0.837,0.06094,14.55,79.88
2022-03-17 20:00:00,40917.9,2811.92,0.7935,391.8,87.8,0.835,0.06071,14.4,79.4
2022-03-18 00:00:00,40522.19,2777.15,0.7875,385.2,85.91,0.827,0.06047,14.19,78.72
2022-03-18 04:00:00,40570.67,2794.15,0.7876,386.9,85.76,0.826,0.06043,14.42,79.66
2022-03-18 08:00:00,40390.41,2796.52,0.7797,385.8,84.96,0.825,0.06017,14.66,77.61
2022-03-18 12:00:00,40931.08,2896.67,0.7868,393.3,88.28,0.842,0.06051,15.07,81.26
2022-03-18 16:00:00,42042.72,2966.0,0.7969,399.0,91.12,0.857,0.06126,15.06,86.59
2022-03-18 20:00:00,41757.51,2938.92,0.7965,397.2,89.8,0.851,0.06162,15.01,85.71
2022-03-19 00:00:00,41793.66,2947.85,0.7966,398.2,90.25,0.866,0.06143,14.93,87.74
2022-03-19 04:00:00,41610.0,2924.4,0.8083,395.6,89.35,0.864,0.06137,14.98,86.28
2022-03-19 08:00:00,41721.78,2946.41,0.8133,401.0,90.73,0.873,0.06156,15.03,87.08
2022-03-19 12:00:00,41937.68,2967.68,0.8165,403.2,94.05,0.896,0.06203,15.34,90.16
2022-03-19 16:00:00,42034.88,2950.0,0.8245,399.2,92.65,0.909,0.06204,15.11,91.15
2022-03-19 20:00:00,42201.13,2950.84,0.8194,399.9,92.31,0.903,0.06191,15.01,89.53
2022-03-20 00:00:00,41942.34,2933.39,0.8142,396.4,90.78,0.898,0.06195,14.93,88.18
2022-03-20 04:00:00,41863.99,2925.47,0.8134,397.2,91.0,0.905,0.06184,14.99,89.25
2022-03-20 08:00:00,41586.86,2886.49,0.8068,393.1,89.93,0.887,0.06143,14.73,86.37
2022-03-20 12:00:00,41340.3,2853.93,0.8036,390.2,89.15,0.875,0.06123,14.67,87.17
2022-03-20 16:00:00,41379.03,2875.7,0.8084,391.5,89.52,0.882,0.06135,14.64,87.21
2022-03-20 20:00:00,41262.11,2861.38,0.8057,390.8,88.62,0.879,0.06156,14.54,84.84
2022-03-21 00:00:00,40832.93,2843.77,0.799,388.9,87.7,0.875,0.06112,14.47,85.12
2022-03-21 04:00:00,41102.01,2889.68,0.8105,392.4,89.66,0.889,0.06124,14.95,88.26
2022-03-21 08:00:00,41244.28,2906.02,0.814,394.3,89.83,0.897,0.06148,15.09,90.34
2022-03-21 12:00:00,41224.48,2955.0,0.8158,398.8,89.61,0.909,0.06145,15.07,88.31
2022-03-21 16:00:00,41180.55,2917.96,0.8468,397.8,88.75,0.905,0.06172,14.86,86.75
2022-03-21 20:00:00,41002.25,2890.03,0.8373,396.0,88.59,0.917,0.06177,15.0,86.25
2022-03-22 00:00:00,42236.46,3006.83,0.8522,404.9,90.99,0.929,0.06266,15.53,87.81
2022-03-22 04:00:00,42215.94,2993.0,0.8472,404.9,90.25,0.938,0.06312,15.51,88.2
2022-03-22 08:00:00,42983.0,3020.74,0.8484,407.4,92.0,0.956,0.06353,15.83,89.02
2022-03-22 12:00:00,42573.81,3002.76,0.8374,406.1,92.56,0.969,0.06317,15.51,85.88
2022-03-22 16:00:00,42284.41,2984.52,0.8291,402.5,91.39,0.959,0.06283,15.42,84.83
2022-03-22 20:00:00,42364.13,2969.64,0.8366,404.3,90.43,0.975,0.06344,15.43,83.98
2022-03-23 00:00:00,42073.94,2947.0,0.8281,401.8,90.11,0.967,0.06349,15.26,83.48
2022-03-23 04:00:00,42107.74,2948.94,0.8227,401.6,91.13,0.971,0.06376,15.41,85.14
2022-03-23 08:00:00,42039.78,2949.33,0.8239,401.1,91.33,0.983,0.06386,15.32,84.17
2022-03-23 12:00:00,42618.18,3031.59,0.8395,409.5,95.67,1.072,0.06468,15.8,86.58
2022-03-23 16:00:00,42216.79,2962.96,0.8274,403.5,92.79,1.052,0.06399,15.55,84.3
2022-03-23 20:00:00,42882.76,3036.0,0.8376,408.4,94.89,1.108,0.06431,15.83,86.0
2022-03-24 00:00:00,42712.87,3016.63,0.8321,406.5,94.66,1.087,0.06388,15.62,83.98
2022-03-24 04:00:00,43077.74,3037.47,0.8352,410.4,97.11,1.141,0.06463,15.91,85.31
2022-03-24 08:00:00,42968.42,3048.58,0.8345,409.6,100.05,1.138,0.06508,16.18,86.27
2022-03-24 12:00:00,44000.01,3114.67,0.844,414.3,101.62,1.168,0.06531,16.36,88.06
2022-03-24 16:00:00,43908.3,3108.75,0.8457,414.3,102.88,1.171,0.06546,16.16,86.81
2022-03-24 20:00:00,43991.46,3110.76,0.8428,414.2,102.32,1.131,0.06564,16.17,87.56
2022-03-25 00:00:00,43968.16,3135.78,0.8397,413.4,103.51,1.146,0.06621,16.01,86.29
2022-03-25 04:00:00,43904.97,3128.69,0.8379,412.4,102.88,1.133,0.06614,16.02,85.5
2022-03-25 08:00:00,44585.28,3167.48,0.8398,419.0,104.25,1.14,0.06612,16.36,86.8
2022-03-25 12:00:00,44318.21,3120.56,0.8322,413.0,100.23,1.099,0.06484,15.9,84.72
2022-03-25 16:00:00,44444.95,3114.99,0.8262,410.7,98.47,1.098,0.06475,15.61,84.06
2022-03-25 20:00:00,44313.16,3102.14,0.8239,410.3,98.6,1.096,0.06437,15.59,83.54
2022-03-26 00:00:00,44394.03,3108.44,0.8264,410.0,98.92,1.108,0.06407,15.69,83.73
2022-03-26 04:00:00,44510.07,3134.46,0.8338,413.0,101.24,1.139,0.06451,15.87,85.01
2022-03-26 08:00:00,44334.49,3122.7,0.8307,414.1,100.39,1.126,0.06455,15.83,84.6
2022-03-26 12:00:00,44205.31,3116.37,0.8307,413.1,101.2,1.136,0.0648,15.59,85.88
2022-03-26 16:00:00,44367.49,3123.52,0.8296,414.3,102.69,1.13,0.06494,15.74,86.09
2022-03-26 20:00:00,44511.27,3145.0,0.8327,415.8,101.73,1.152,0.06632,15.83,85.86
2022-03-27 00:00:00,44713.01,3143.76,0.8357,416.1,101.82,1.141,0.06682,16.02,85.86
2022-03-27 04:00:00,44734.06,3155.29,0.8398,417.3,102.21,1.145,0.06722,16.14,85.96
2022-03-27 08:00:00,44569.5,3146.57,0.8369,415.3,100.46,1.129,0.06674,15.92,85.39
2022-03-27 12:00:00,44857.52,3170.51,0.8371,417.1,101.46,1.134,0.06867,16.06,85.8
2022-03-27 16:00:00,44830.66,3175.82,0.8406,417.8,103.23,1.129,0.06813,16.22,85.93
2022-03-27 20:00:00,46827.76,3295.65,0.858,430.5,107.04,1.184,0.06899,16.87,89.88
2022-03-28 00:00:00,47049.4,3311.94,0.8705,431.8,106.84,1.181,0.06932,16.79,91.73
2022-03-28 04:00:00,46989.24,3319.25,0.8672,431.0,108.91,1.183,0.07063,17.04,91.1
2022-03-28 08:00:00,47252.54,3346.68,0.8684,435.5,110.06,1.195,0.07148,17.08,91.15
2022-03-28 12:00:00,47422.51,3357.59,0.8788,436.4,109.89,1.216,0.0709,16.98,92.76
2022-03-28 16:00:00,47956.28,3409.82,0.8979,438.4,111.38,1.218,0.07104,17.1,95.13
2022-03-28 20:00:00,47122.21,3332.92,0.8641,430.2,105.75,1.17,0.0691,16.5,89.58
2022-03-29 00:00:00,47335.06,3369.98,0.8711,432.4,109.17,1.197,0.07062,16.87,93.37
2022-03-29 04:00:00,47344.44,3386.77,0.8691,434.5,109.92,1.205,0.07151,16.88,92.65
2022-03-29 08:00:00,47896.1,3464.92,0.881,440.3,113.38,1.227,0.07141,17.22,94.47
2022-03-29 12:00:00,47440.0,3403.05,0.8591,434.4,111.62,1.202,0.07029,17.0,92.83
2022-03-29 16:00:00,47701.49,3429.65,0.8634,436.6,113.91,1.197,0.06974,16.98,93.54
2022-03-29 20:00:00,47434.8,3400.51,0.8577,434.2,111.62,1.191,0.06936,16.98,92.74
2022-03-30 00:00:00,47435.46,3384.11,0.8615,433.4,110.75,1.188,0.06866,17.35,92.58
2022-03-30 04:00:00,47384.44,3408.56,0.861,436.9,112.33,1.197,0.07004,17.32,93.91
2022-03-30 08:00:00,47319.91,3408.07,0.867,439.3,112.18,1.189,0.07226,17.27,93.04
2022-03-30 12:00:00,47160.81,3382.63,0.8619,438.9,122.63,1.184,0.07174,17.28,97.02
2022-03-30 16:00:00,47073.89,3395.1,0.8608,444.8,121.16,1.193,0.07135,17.19,95.8
2022-03-30 20:00:00,47067.99,3385.79,0.8613,442.1,120.82,1.189,0.07334,17.22,95.58
2022-03-31 00:00:00,47095.56,3397.49,0.8618,445.0,121.25,1.198,0.07407,17.3,98.8
2022-03-31 04:00:00,47160.76,3403.13,0.864,444.9,123.28,1.208,0.07609,17.52,99.83
2022-03-31 08:00:00,47152.01,3409.19,0.8674,444.9,127.24,1.208,0.07783,17.84,99.25
2022-03-31 12:00:00,46453.81,3350.72,0.823,434.2,125.3,1.173,0.07472,17.18,97.52
2022-03-31 16:00:00,45581.97,3283.54,0.8122,427.1,122.96,1.148,0.07585,16.86,94.48
2022-03-31 20:00:00,45510.34,3281.51,0.8148,428.9,122.77,1.141,0.07388,16.91,97.41
2022-04-01 00:00:00,44599.98,3250.29,0.8204,418.9,121.95,1.123,0.07286,16.46,92.26
2022-04-01 04:00:00,45015.69,3279.41,0.8235,427.7,126.45,1.15,0.07291,16.83,94.2
2022-04-01 08:00:00,45064.26,3284.96,0.8141,430.8,124.37,1.131,0.07246,16.73,92.95
2022-04-01 12:00:00,46532.0,3432.4,0.8261,441.3,132.75,1.164,0.07364,17.29,96.67
2022-04-01 16:00:00,46361.68,3469.66,0.8292,446.3,137.44,1.172,0.0743,17.23,99.11
2022-04-01 20:00:00,46283.49,3455.21,0.8277,447.7,134.52,1.165,0.07494,17.34,96.83
2022-04-02 00:00:00,46599.93,3474.98,0.8375,449.5,134.78,1.179,0.07616,17.3,97.51
2022-04-02 04:00:00,46584.49,3484.64,0.8417,450.5,135.81,1.185,0.07631,17.43,100.76
2022-04-02 08:00:00,46542.84,3488.01,0.841,448.3,137.66,1.187,0.0749,17.63,101.63
2022-04-02 12:00:00,46295.06,3461.65,0.833,442.4,137.96,1.158,0.07378,17.32,99.15
2022-04-02 16:00:00,46120.24,3470.65,0.8278,442.6,135.87,1.156,0.07364,17.39,97.7
2022-04-02 20:00:00,45811.0,3443.77,0.824,437.2,132.49,1.155,0.07322,17.4,96.25
2022-04-03 00:00:00,45943.25,3456.26,0.828,437.4,135.45,1.159,0.07271,17.47,97.33
2022-04-03 04:00:00,46363.82,3490.1,0.8314,444.2,137.56,1.166,0.07298,17.8,98.65
2022-04-03 08:00:00,46252.59,3484.97,0.8337,444.3,139.1,1.17,0.07273,17.79,98.61
2022-04-03 12:00:00,46412.49,3500.36,0.8401,447.4,136.05,1.181,0.07309,17.89,97.72
2022-04-03 16:00:00,46405.5,3487.28,0.8401,448.0,135.29,1.179,0.07287,17.96,96.64
2022-04-03 20:00:00,46407.35,3521.91,0.8432,450.4,136.9,1.186,0.07312,18.08,98.05
2022-04-04 00:00:00,46005.44,3490.09,0.8303,443.5,135.31,1.179,0.07186,17.65,96.53
2022-04-04 04:00:00,46173.99,3502.33,0.833,447.0,136.93,1.215,0.07208,17.85,97.28
2022-04-04 08:00:00,46160.09,3479.08,0.8355,446.6,134.76,1.218,0.07137,17.51,96.28
2022-04-04 12:00:00,45633.88,3424.73,0.8204,438.1,129.32,1.209,0.06988,17.01,92.29
2022-04-04 16:00:00,45925.76,3491.83,0.8219,443.0,130.11,1.189,0.06995,17.23,94.14
2022-04-04 20:00:00,46580.51,3519.5,0.826,447.6,132.14,1.212,0.0707,17.5,96.16
2022-04-05 00:00:00,46645.82,3523.92,0.8269,455.2,133.36,1.212,0.07155,17.56,96.67
2022-04-05 04:00:00,46709.99,3526.93,0.8235,454.9,133.34,1.205,0.07111,17.39,96.2
2022-04-05 08:00:00,46683.37,3522.99,0.8286,457.8,134.51,1.21,0.07083,17.36,96.74
2022-04-05 12:00:00,45763.72,3452.49,0.8217,449.4,131.51,1.188,0.06963,17.12,93.6
2022-04-05 16:00:00,46032.5,3464.96,0.8234,450.6,131.19,1.197,0.06995,17.14,92.97
2022-04-05 20:00:00,45497.55,3406.99,0.8164,444.7,126.87,1.171,0.06928,16.74,91.06
2022-04-06 00:00:00,45215.88,3342.85,0.8095,440.2,123.69,1.139,0.06731,16.4,89.26
2022-04-06 04:00:00,45276.04,3345.65,0.8109,441.1,125.51,1.142,0.06778,16.54,89.87
2022-04-06 08:00:00,44819.19,3304.7,0.7955,435.5,121.63,1.116,0.06647,16.15,87.19
2022-04-06 12:00:00,44168.35,3257.15,0.7801,426.9,117.63,1.096,0.06547,15.74,85.17
2022-04-06 16:00:00,43754.57,3225.33,0.7743,426.7,118.8,1.096,0.06438,15.63,85.91
2022-04-06 20:00:00,43170.47,3168.51,0.7595,420.1,112.95,1.052,0.06308,15.41,82.94
2022-04-07 00:00:00,43294.04,3185.57,0.7687,424.7,113.78,1.06,0.06382,15.36,83.32
2022-04-07 04:00:00,43445.33,3225.12,0.7743,430.9,116.03,1.087,0.06451,15.61,84.66
2022-04-07 08:00:00,43766.74,3251.67,0.7853,435.2,117.46,1.092,0.06425,15.81,85.62
2022-04-07 12:00:00,43331.81,3199.3,0.7777,431.7,113.23,1.073,0.06346,15.49,83.03
2022-04-07 16:00:00,43388.92,3217.96,0.7809,434.8,117.71,1.083,0.0637,15.61,86.84
2022-04-07 20:00:00,43444.19,3227.19,0.7871,436.0,118.48,1.089,0.06431,15.75,87.55
2022-04-08 00:00:00,43605.96,3267.66,0.7928,438.3,122.08,1.091,0.06492,15.88,88.85
2022-04-08 04:00:00,43763.52,3286.22,0.7843,433.4,119.11,1.092,0.06472,15.78,88.1
2022-04-08 08:00:00,43298.79,3258.46,0.7696,427.8,115.28,1.071,0.06332,15.45,86.43
2022-04-08 12:00:00,43648.01,3281.24,0.7717,430.8,116.48,1.073,0.06357,15.66,89.62
2022-04-08 16:00:00,42730.84,3238.55,0.7593,427.0,113.57,1.049,0.06308,15.41,86.66
2022-04-08 20:00:00,42252.01,3192.39,0.7549,421.5,109.92,1.024,0.06259,15.13,83.66
2022-04-09 00:00:00,42380.0,3209.88,0.7615,422.8,109.43,1.029,0.06302,15.34,83.39
2022-04-09 04:00:00,42481.09,3209.8,0.7608,424.4,110.63,1.044,0.06352,15.36,84.52
2022-04-09 08:00:00,42445.1,3209.59,0.7623,426.7,110.5,1.038,0.06324,15.3,83.96
2022-04-09 12:00:00,42260.77,3209.4,0.7549,421.1,109.59,1.023,0.06237,15.19,82.44
2022-04-09 16:00:00,42511.94,3233.35,0.7611,421.8,109.78,1.031,0.06319,15.28,83.13
2022-04-09 20:00:00,42753.97,3258.57,0.7622,426.6,112.96,1.045,0.06394,15.43,84.55
2022-04-10 00:00:00,42785.72,3257.32,0.7659,426.8,113.4,1.053,0.06367,15.54,84.44
2022-04-10 04:00:00,42633.59,3243.23,0.7614,425.8,111.59,1.037,0.0634,15.45,83.31
2022-04-10 08:00:00,42680.36,3251.78,0.7574,424.3,111.05,1.034,0.06336,15.35,83.63
2022-04-10 12:00:00,42747.47,3256.04,0.7593,422.2,112.38,1.041,0.06325,15.47,84.02
2022-04-10 16:00:00,43235.77,3291.7,0.7698,427.9,114.54,1.063,0.06396,15.85,84.71
2022-04-10 20:00:00,42158.85,3203.04,0.7543,418.1,111.07,1.027,0.06238,15.24,81.01
2022-04-11 00:00:00,42111.22,3175.31,0.7388,414.2,109.96,1.012,0.06153,14.9,79.21
2022-04-11 04:00:00,42305.75,3178.61,0.7435,417.3,111.1,1.017,0.06188,14.94,80.08
2022-04-11 08:00:00,41067.63,3051.57,0.7081,404.2,103.93,0.961,0.05925,14.18,75.85
2022-04-11 12:00:00,40581.51,3003.39,0.7043,399.0,101.44,0.938,0.05888,13.96,75.37
2022-04-11 16:00:00,39985.33,3004.6,0.705,398.6,101.37,0.949,0.05896,13.91,74.11
2022-04-11 20:00:00,39530.45,2979.74,0.6948,394.6,99.67,0.92,0.05823,13.76,74.35
2022-04-12 00:00:00,39747.13,2983.04,0.7004,398.4,99.72,0.925,0.0582,13.79,75.08
2022-04-12 04:00:00,40183.97,3025.23,0.7049,407.4,103.05,0.955,0.05914,14.04,77.36
2022-04-12 08:00:00,40378.0,3040.97,0.7118,411.5,105.55,0.967,0.0599,14.16,78.64
2022-04-12 12:00:00,40179.13,3044.98,0.708,412.6,106.0,0.959,0.0599,14.02,76.48
2022-04-12 16:00:00,39303.1,2972.8,0.6936,407.1,101.0,0.931,0.05907,13.66,74.33
2022-04-12 20:00:00,40074.94,3027.66,0.7152,413.6,103.22,0.955,0.05991,13.98,76.31
2022-04-13 00:00:00,40076.05,3049.09,0.7143,418.2,103.68,0.954,0.05991,14.0,76.95
2022-04-13 04:00:00,40130.0,3051.36,0.7146,418.0,103.94,0.958,0.06014,14.03,77.5
2022-04-13 08:00:00,39722.64,3014.09,0.7052,413.6,101.05,0.938,0.06003,13.76,76.48
2022-04-13 12:00:00,41158.18,3093.42,0.7214,417.9,105.15,0.972,0.06111,14.09,79.85
2022-04-13 16:00:00,41059.3,3086.03,0.7182,419.7,103.95,0.964,0.0609,14.05,80.15
2022-04-13 20:00:00,41147.79,3118.28,0.7232,423.4,104.94,0.974,0.0615,14.19,80.2
2022-04-14 00:00:00,41320.0,3117.9,0.7364,422.1,105.62,0.974,0.06166,14.18,81.08
2022-04-14 04:00:00,41271.66,3113.5,0.7331,421.8,106.41,0.972,0.06154,14.18,81.01
2022-04-14 08:00:00,40919.99,3072.78,0.7231,417.4,103.67,0.954,0.06068,13.9,79.23
2022-04-14 12:00:00,39964.02,3015.9,0.7137,412.4,101.34,0.933,0.05987,13.5,76.95
2022-04-14 16:00:00,39775.82,2995.75,0.7145,414.0,99.57,0.928,0.05968,13.59,76.75
2022-04-14 20:00:00,39942.38,3021.98,0.7262,414.7,100.77,0.933,0.06013,13.65,76.81
2022-04-15 00:00:00,40200.94,3042.0,0.7869,418.1,102.07,0.952,0.06082,13.9,78.35
2022-04-15 04:00:00,40239.43,3034.62,0.7779,416.7,101.79,0.951,0.06123,13.91,78.17
2022-04-15 08:00:00,40220.0,3027.28,0.779,417.4,101.72,0.95,0.06153,13.91,78.11
2022-04-15 12:00:00,40412.2,3028.88,0.7744,418.0,102.31,0.953,0.06167,13.9,76.46
2022-04-15 16:00:00,40313.35,3022.81,0.7717,417.9,100.39,0.949,0.06185,13.96,76.75
2022-04-15 20:00:00,40551.9,3040.56,0.7858,417.3,101.31,0.956,0.06181,14.11,77.43
2022-04-16 00:00:00,40434.12,3038.29,0.7846,416.1,101.07,0.955,0.06202,14.05,76.59
2022-04-16 04:00:00,40393.77,3034.64,0.7768,415.1,101.48,0.957,0.06181,13.99,76.99
2022-04-16 08:00:00,40416.95,3039.48,0.7749,415.9,101.89,0.952,0.06195,14.1,77.35
2022-04-16 12:00:00,40062.68,3017.5,0.7685,412.6,100.98,0.94,0.06141,13.88,76.9
2022-04-16 16:00:00,40210.0,3024.39,0.7741,413.9,101.99,0.942,0.06125,13.93,77.33
2022-04-16 20:00:00,40378.71,3059.3,0.7808,417.3,102.06,0.951,0.06186,14.14,77.74
2022-04-17 00:00:00,40230.86,3029.38,0.7746,415.3,101.51,0.942,0.06193,14.27,77.22
2022-04-17 04:00:00,40285.15,3037.97,0.7785,414.5,101.89,0.946,0.06201,14.5,77.59
2022-04-17 08:00:00,40464.77,3048.05,0.777,415.4,102.44,0.955,0.06258,14.6,77.75
2022-04-17 12:00:00,40445.3,3073.0,0.7794,416.7,105.11,0.955,0.06246,14.48,78.47
2022-04-17 16:00:00,40370.46,3052.08,0.768,414.3,104.07,0.945,0.06157,14.2,77.72
2022-04-17 20:00:00,39678.12,2988.06,0.7519,406.6,100.15,0.914,0.06009,13.73,75.42
2022-04-18 00:00:00,39813.17,2995.18,0.7578,407.9,101.18,0.923,0.06045,13.82,75.82
2022-04-18 04:00:00,38919.85,2892.12,0.7343,397.8,96.43,0.883,0.05946,13.2,72.78
2022-04-18 08:00:00,38998.54,2911.85,0.7394,402.0,96.79,0.888,0.05986,13.32,73.07
2022-04-18 12:00:00,39254.5,2914.25,0.7433,405.8,98.66,0.898,0.05997,13.31,74.5
2022-04-18 16:00:00,40680.68,3005.72,0.7583,415.2,101.18,0.929,0.06117,13.84,76.33
2022-04-18 20:00:00,40801.13,3055.56,0.7699,416.8,102.33,0.937,0.06148,14.06,77.73
2022-04-19 00:00:00,40693.79,3037.58,0.7693,416.7,101.42,0.93,0.06143,13.89,76.92
2022-04-19 04:00:00,40683.14,3039.01,0.765,421.9,101.85,0.928,0.06123,13.9,77.47
2022-04-19 08:00:00,40687.3,3041.51,0.7639,418.9,102.34,0.932,0.06141,14.07,78.15
2022-04-19 12:00:00,41445.87,3110.52,0.773,419.8,106.46,0.946,0.06244,14.29,80.17
2022-04-19 16:00:00,41417.24,3110.65,0.7738,419.9,106.92,0.947,0.0635,14.13,79.64
2022-04-19 20:00:00,41493.18,3101.77,0.7749,422.3,108.51,0.952,0.0631,14.24,80.28
2022-04-20 00:00:00,41386.14,3091.62,0.7686,421.5,108.29,0.944,0.06293,14.19,79.7
2022-04-20 04:00:00,41340.05,3089.75,0.7619,421.0,107.01,0.945,0.06299,14.29,79.07
2022-04-20 08:00:00,42090.0,3152.78,0.7711,428.0,110.42,0.967,0.06319,14.44,81.09
2022-04-20 12:00:00,41261.73,3068.3,0.755,421.6,105.72,0.947,0.06258,13.91,78.26
2022-04-20 16:00:00,41193.89,3070.0,0.7481,417.4,106.04,0.939,0.06221,13.93,78.02
2022-04-20 20:00:00,41358.19,3076.04,0.7517,418.4,105.59,0.937,0.06261,14.02,78.21
2022-04-21 00:00:00,41693.58,3096.8,0.7544,421.7,107.06,0.949,0.06289,14.18,78.93
2022-04-21 04:00:00,41855.69,3100.56,0.7487,420.7,106.85,0.95,0.06314,14.07,78.54
2022-04-21 08:00:00,42440.0,3151.15,0.7557,424.4,108.38,0.955,0.06449,14.26,79.43
2022-04-21 12:00:00,42135.33,3104.81,0.758,420.5,107.75,0.955,0.07168,14.1,78.94
2022-04-21 16:00:00,41218.81,3026.23,0.7486,411.7,104.29,0.933,0.07154,13.77,76.19
2022-04-21 20:00:00,40480.01,2983.58,0.7328,404.9,101.78,0.91,0.07112,13.57,75.02
2022-04-22 00:00:00,40502.11,2995.41,0.7319,409.5,102.55,0.915,0.0674,13.75,75.88
2022-04-22 04:00:00,40709.59,3019.91,0.7304,410.2,102.62,0.919,0.0683,13.82,76.71
2022-04-22 08:00:00,40585.54,3014.36,0.727,412.0,102.2,0.919,0.06844,13.81,75.89
2022-04-22 12:00:00,39433.6,2949.53,0.7176,406.1,99.69,0.895,0.06747,13.52,73.73
2022-04-22 16:00:00,39502.92,2956.71,0.7261,407.7,100.91,0.902,0.06741,13.7,74.23
2022-04-22 20:00:00,39709.18,2962.39,0.7179,406.6,100.55,0.906,0.06661,13.58,74.03
2022-04-23 00:00:00,39463.02,2946.32,0.7126,403.3,99.86,0.893,0.06867,13.45,73.81
2022-04-23 04:00:00,39600.98,2959.8,0.7117,404.2,101.21,0.895,0.06775,13.49,74.02
2022-04-23 08:00:00,39602.93,2958.73,0.7115,405.2,101.54,0.9,0.06787,13.59,73.9
2022-04-23 12:00:00,39792.65,2966.04,0.7121,406.3,102.14,0.902,0.06794,13.55,74.1
2022-04-23 16:00:00,39755.32,2953.27,0.7113,406.9,102.07,0.899,0.06747,13.39,73.56
2022-04-23 20:00:00,39441.6,2933.03,0.7057,401.1,100.63,0.886,0.06761,13.31,72.83
2022-04-24 00:00:00,39776.57,2955.92,0.7095,405.1,101.3,0.894,0.06749,13.56,73.25
2022-04-24 04:00:00,39751.38,2949.49,0.7111,404.3,101.81,0.895,0.06584,13.52,73.09
2022-04-24 08:00:00,39609.11,2938.86,0.7048,401.5,101.13,0.887,0.06564,13.37,72.72
2022-04-24 12:00:00,39656.49,2943.82,0.7055,401.8,100.11,0.892,0.06544,13.45,72.38
2022-04-24 16:00:00,39703.74,2959.58,0.7016,402.4,100.48,0.89,0.06627,13.46,72.45
2022-04-24 20:00:00,39450.13,2921.0,0.6981,398.8,99.23,0.886,0.06567,13.26,71.51
2022-04-25 00:00:00,39253.71,2875.59,0.6796,395.9,98.05,0.872,0.06389,13.1,70.43
2022-04-25 04:00:00,38453.92,2811.41,0.6516,383.8,95.13,0.8332,0.06211,12.59,67.83
2022-04-25 08:00:00,38832.29,2861.74,0.6654,392.6,96.75,0.8568,0.06345,12.9,69.27
2022-04-25 12:00:00,38976.76,2869.57,0.6681,394.2,96.95,0.8581,0.06364,12.99,69.38
2022-04-25 16:00:00,40225.97,3012.41,0.6873,402.4,100.69,0.8874,0.0647,13.37,71.83
2022-04-25 20:00:00,40426.08,3006.62,0.6931,404.3,100.99,0.8974,0.06531,13.44,72.88
2022-04-26 00:00:00,40535.29,3001.0,0.6969,404.0,101.0,0.8882,0.06522,13.34,72.03
2022-04-26 04:00:00,40584.5,3003.24,0.6862,402.9,100.88,0.8899,0.06494,13.35,72.15
2022-04-26 08:00:00,40467.03,3003.04,0.6788,400.4,100.51,0.8853,0.06475,13.33,71.42
2022-04-26 12:00:00,38563.94,2859.76,0.6531,387.9,96.53,0.8431,0.06258,12.66,68.13
2022-04-26 16:00:00,38270.03,2838.93,0.646,386.3,96.58,0.8301,0.06223,12.52,68.3
2022-04-26 20:00:00,38112.65,2809.67,0.642,385.9,95.7,0.8259,0.0619,12.37,68.7
2022-04-27 00:00:00,38343.18,2836.28,0.6498,388.2,96.8,0.8294,0.06243,12.52,69.26
2022-04-27 04:00:00,39112.74,2892.23,0.6622,394.4,99.52,0.8524,0.06369,12.7,70.76
2022-04-27 08:00:00,39017.19,2884.79,0.6468,390.9,99.22,0.8386,0.06322,12.55,70.28
2022-04-27 12:00:00,39005.76,2865.23,0.647,389.0,98.15,0.8397,0.06264,12.61,70.47
2022-04-27 16:00:00,38858.26,2852.68,0.646,388.0,97.42,0.8298,0.06261,12.59,68.83
2022-04-27 20:00:00,39235.72,2888.96,0.6522,391.3,98.36,0.8401,0.06318,12.74,69.86
2022-04-28 00:00:00,39342.07,2883.85,0.6478,389.7,99.14,0.8388,0.06355,12.61,69.39
2022-04-28 04:00:00,39385.01,2900.27,0.6495,392.5,99.48,0.8395,0.06367,12.77,69.72
2022-04-28 08:00:00,39679.31,2928.26,0.6486,404.0,99.84,0.8469,0.06357,12.79,70.14
2022-04-28 12:00:00,39438.01,2889.53,0.6388,402.4,97.51,0.8326,0.06304,12.51,67.76
2022-04-28 16:00:00,39983.77,2947.83,0.6445,405.1,98.76,0.8409,0.06362,12.68,67.77
2022-04-28 20:00:00,39742.07,2936.93,0.6428,407.1,98.24,0.8432,0.06372,12.66,67.26
2022-04-29 00:00:00,39533.01,2926.21,0.637,404.6,97.23,0.8352,0.06335,12.53,66.71
2022-04-29 04:00:00,39610.14,2925.85,0.6404,405.9,97.81,0.8363,0.06475,12.63,67.71
2022-04-29 08:00:00,38749.54,2843.11,0.619,394.7,95.61,0.812,0.06736,12.18,65.77
2022-04-29 12:00:00,39004.86,2856.51,0.6206,398.5,96.16,0.8183,0.06478,12.31,65.45
2022-04-29 16:00:00,38331.54,2792.96,0.606,391.6,92.93,0.7961,0.06319,11.93,62.64
2022-04-29 20:00:00,38596.11,2817.13,0.6116,393.0,93.96,0.8048,0.06368,11.97,63.4
2022-04-30 00:00:00,38656.37,2818.26,0.6197,396.8,94.09,0.8078,0.06406,12.13,63.85
2022-04-30 04:00:00,38650.34,2829.79,0.6229,398.4,94.03,0.8143,0.06388,12.11,63.29
2022-04-30 08:00:00,38580.01,2830.76,0.6201,397.1,93.88,0.8052,0.06369,12.05,62.91
2022-04-30 12:00:00,38466.56,2816.08,0.6161,393.7,92.25,0.7939,0.0627,11.8,60.42
2022-04-30 16:00:00,38466.83,2806.73,0.6114,391.1,91.58,0.7885,0.06275,11.69,59.66
2022-04-30 20:00:00,37630.8,2726.66,0.5845,377.1,84.63,0.7556,0.06262,10.95,56.98
2022-05-01 00:00:00,38041.44,2777.15,0.5915,383.1,88.03,0.764,0.0629,11.14,58.68
2022-05-01 04:00:00,37970.27,2766.39,0.5868,382.2,88.89,0.7675,0.06741,11.1,58.45
2022-05-01 08:00:00,37942.78,2756.8,0.5892,383.7,88.24,0.7703,0.06583,11.08,58.44
2022-05-01 12:00:00,38490.0,2805.75,0.6046,389.5,90.03,0.7908,0.06842,11.32,60.42
2022-05-01 16:00:00,37807.87,2765.39,0.5978,384.5,88.02,0.7706,0.06789,10.98,57.61
2022-05-01 20:00:00,38468.35,2824.81,0.607,389.9,89.68,0.7895,0.07079,11.31,58.77
2022-05-02 00:00:00,38674.1,2840.72,0.6186,389.5,89.34,0.7838,0.07113,11.21,58.77
2022-05-02 04:00:00,38881.47,2845.26,0.6232,389.9,89.79,0.7876,0.07295,11.25,59.44
2022-05-02 08:00:00,38528.77,2795.05,0.6095,385.7,86.78,0.7716,0.06938,10.91,57.0
2022-05-02 12:00:00,38696.05,2827.68,0.6085,388.2,87.72,0.7759,0.06682,11.19,61.36
2022-05-02 16:00:00,38563.38,2841.71,0.6082,387.7,87.26,0.7777,0.0668,11.09,59.71
2022-05-02 20:00:00,38525.16,2856.54,0.6143,389.5,87.5,0.7809,0.06894,11.17,60.34
2022-05-03 00:00:00,38521.64,2851.0,0.6238,391.3,88.65,0.7889,0.07032,11.3,61.63
2022-05-03 04:00:00,38559.99,2844.98,0.6195,389.8,88.35,0.7859,0.07031,11.33,61.21
2022-05-03 08:00:00,38570.01,2849.01,0.6207,389.0,88.48,0.797,0.0728,11.41,61.36
2022-05-03 12:00:00,38326.36,2822.21,0.616,386.7,87.22,0.7905,0.0724,11.25,60.44
2022-05-03 16:00:00,37717.49,2773.43,0.5981,381.6,85.45,0.7634,0.07091,10.88,58.61
2022-05-03 20:00:00,37728.95,2781.7,0.6047,383.9,85.86,0.7711,0.07261,11.12,59.63
2022-05-04 00:00:00,38013.62,2798.04,0.6156,385.4,86.14,0.7807,0.0701,11.23,60.05
2022-05-04 04:00:00,38701.32,2829.42,0.6145,389.5,87.34,0.7925,0.07728,11.33,61.1
2022-05-04 08:00:00,39002.3,2870.54,0.6197,391.0,88.45,0.8223,0.0808,11.46,61.78
2022-05-04 12:00:00,38973.2,2844.26,0.6134,393.7,87.19,0.8286,0.07529,11.23,60.7
2022-05-04 16:00:00,39859.22,2955.71,0.6391,401.5,91.64,0.8671,0.08207,12.02,67.28
2022-05-04 20:00:00,39690.0,2940.64,0.6459,402.6,92.77,0.8985,0.08629,12.2,67.27
2022-05-05 00:00:00,39729.41,2941.6,0.6489,403.3,94.32,0.8851,0.08642,12.15,68.59
2022-05-05 04:00:00,39588.84,2934.06,0.6428,401.0,93.19,0.8743,0.08565,12.0,67.14
2022-05-05 08:00:00,39492.83,2925.67,0.6357,404.5,92.31,0.8578,0.08401,11.92,65.63
2022-05-05 12:00:00,36909.67,2742.85,0.6012,381.2,84.95,0.7905,0.07836,10.91,58.4
2022-05-05 16:00:00,36316.0,2729.12,0.5939,376.7,83.76,0.7979,0.07454,10.86,58.52
2022-05-05 20:00:00,36552.97,2747.97,0.5981,378.4,84.52,0.7884,0.07451,10.91,59.04
2022-05-06 00:00:00,36461.82,2746.39,0.6096,378.9,82.84,0.7921,0.08001,10.98,58.39
2022-05-06 04:00:00,36371.94,2730.2,0.6012,377.3,82.41,0.7906,0.07886,10.83,57.74
2022-05-06 08:00:00,35780.84,2676.04,0.5973,375.0,81.23,0.779,0.08102,10.6,56.5
2022-05-06 12:00:00,36004.34,2688.25,0.5965,379.3,81.79,0.7815,0.08396,10.7,56.76
2022-05-06 16:00:00,36001.35,2689.31,0.5967,381.1,81.97,0.7846,0.08251,10.76,57.23
2022-05-06 20:00:00,36013.77,2692.85,0.6022,379.1,81.68,0.7832,0.08629,10.79,57.0
2022-05-07 00:00:00,35812.21,2669.42,0.595,376.4,80.5,0.7724,0.08544,10.65,55.99
2022-05-07 04:00:00,35921.6,2672.45,0.5967,378.8,80.46,0.7773,0.08266,10.74,56.1
2022-05-07 08:00:00,36055.86,2688.9,0.5986,374.9,81.79,0.7837,0.0836,10.78,56.69
2022-05-07 12:00:00,35962.47,2692.67,0.5949,376.1,82.08,0.7799,0.08397,10.72,57.21
2022-05-07 16:00:00,35876.36,2682.94,0.5929,376.6,81.44,0.7778,0.08556,10.66,56.94
2022-05-07 20:00:00,35472.39,2635.34,0.5808,365.5,78.86,0.7604,0.08351,10.21,55.04
2022-05-08 00:00:00,34480.24,2545.08,0.5745,359.2,76.94,0.7406,0.08394,10.05,53.45
2022-05-08 04:00:00,34596.55,2556.6,0.5722,359.5,77.84,0.7427,0.08067,10.16,53.89
2022-05-08 08:00:00,34786.24,2568.09,0.5749,357.4,79.09,0.7453,0.08283,10.29,54.06
2022-05-08 12:00:00,34357.92,2517.0,0.5691,356.2,77.14,0.7385,0.08895,10.09,52.0
2022-05-08 16:00:00,34587.64,2562.01,0.5737,359.1,76.36,0.7564,0.08848,10.23,52.79
2022-05-08 20:00:00,34038.4,2519.71,0.5662,355.9,75.38,0.7403,0.08794,10.0,51.62
2022-05-09 00:00:00,33563.15,2457.56,0.5644,349.5,75.24,0.7063,0.0839,9.8,50.84
2022-05-09 04:00:00,33523.27,2447.86,0.552,343.4,73.94,0.6914,0.08437,9.68,50.25
2022-05-09 08:00:00,33122.31,2406.03,0.5367,333.0,72.23,0.6706,0.08039,9.39,49.42
2022-05-09 12:00:00,32341.53,2381.87,0.5266,324.5,69.84,0.6595,0.07756,9.11,47.38
2022-05-09 16:00:00,30944.82,2270.68,0.4889,305.8,65.09,0.626,0.07368,8.59,43.97
2022-05-09 20:00:00,30076.31,2228.55,0.4873,296.1,62.16,0.6019,0.07272,8.1,41.2
2022-05-10 00:00:00,30642.55,2300.79,0.4988,307.0,64.46,0.6195,0.07596,8.31,42.03
2022-05-10 04:00:00,31609.78,2373.68,0.5164,321.7,68.91,0.6721,0.07889,8.82,46.22
2022-05-10 08:00:00,31622.24,2402.0,0.524,325.7,71.56,0.6792,0.08005,9.12,47.96
2022-05-10 12:00:00,31320.0,2361.99,0.5174,321.0,69.46,0.6642,0.07996,8.91,47.35
2022-05-10 16:00:00,31330.03,2354.28,0.5197,324.2,67.52,0.6508,0.07997,8.71,45.75
2022-05-10 20:00:00,31017.1,2342.05,0.513,319.1,66.9,0.6286,0.07691,8.59,44.58
2022-05-11 00:00:00,31205.96,2360.53,0.5148,318.3,66.2,0.6279,0.07854,8.65,43.61
2022-05-11 04:00:00,30614.99,2315.13,0.4998,299.9,62.62,0.6092,0.07484,8.15,36.55
2022-05-11 08:00:00,31533.15,2410.22,0.4914,305.4,61.39,0.6197,0.0637,8.21,37.6
2022-05-11 12:00:00,30977.61,2264.53,0.4459,288.2,55.53,0.5723,0.07631,7.67,34.39
2022-05-11 16:00:00,29372.22,2117.42,0.4123,271.3,47.9,0.5272,0.07323,6.98,30.56
2022-05-11 20:00:00,29103.94,2084.99,0.4172,271.5,50.9,0.5187,0.07496,6.95,31.17
2022-05-12 00:00:00,28406.15,1971.56,0.3802,255.1,45.18,0.4416,0.07466,6.42,28.7
2022-05-12 04:00:00,28193.4,1916.3,0.3789,247.4,44.7,0.4589,0.07262,6.17,28.28
2022-05-12 08:00:00,28472.98,1952.76,0.377,273.2,43.95,0.461,0.07094,6.32,28.26
2022-05-12 12:00:00,29021.27,1968.23,0.3849,272.6,44.67,0.4793,0.07143,6.54,30.67
2022-05-12 16:00:00,28641.15,1945.28,0.388,269.6,44.63,0.4862,0.06917,6.6,30.33
2022-05-12 20:00:00,29029.75,1960.22,0.3856,269.0,44.64,0.4733,0.06729,6.56,30.32
2022-05-13 00:00:00,30582.54,2096.46,0.4453,307.4,50.43,0.5469,0.07296,7.16,33.6
2022-05-13 04:00:00,30171.13,2048.16,0.4323,296.1,49.07,0.5653,0.07126,7.11,33.54
2022-05-13 08:00:00,30668.08,2114.99,0.455,309.1,53.18,0.5869,0.0747,7.58,36.3
2022-05-13 12:00:00,30339.99,2093.61,0.4338,302.0,53.08,0.568,0.0739,7.3,35.52
2022-05-13 16:00:00,30084.11,2064.79,0.4265,296.3,51.49,0.5534,0.07514,7.24,33.38
2022-05-13 20:00:00,29287.05,2009.69,0.4228,290.6,48.92,0.529,0.07426,7.15,32.21
2022-05-14 00:00:00,29569.89,2054.4,0.4352,293.6,51.73,0.5451,0.074,7.29,32.61
2022-05-14 04:00:00,29431.59,2031.94,0.4281,287.0,50.74,0.5319,0.07508,7.01,31.74
2022-05-14 08:00:00,29074.24,1985.62,0.4095,281.5,48.04,0.5104,0.07347,6.78,30.61
2022-05-14 12:00:00,28818.06,1963.68,0.4018,277.9,46.47,0.4943,0.07188,6.68,29.72
2022-05-14 16:00:00,29338.78,1996.06,0.4126,286.9,49.37,0.514,0.07144,6.99,31.27
2022-05-14 20:00:00,30086.74,2056.48,0.4262,296.9,52.43,0.5372,0.07243,7.26,33.93
2022-05-15 00:00:00,29721.65,2014.2,0.4191,289.7,50.2,0.5202,0.07043,7.11,32.41
2022-05-15 04:00:00,29825.99,2037.55,0.4203,294.7,51.46,0.5348,0.06935,7.25,33.34
2022-05-15 08:00:00,30241.46,2080.49,0.4299,302.4,53.45,0.5584,0.06998,7.57,34.81
2022-05-15 12:00:00,30013.47,2062.57,0.4258,297.7,52.88,0.5467,0.0683,7.53,34.44
2022-05-15 16:00:00,30457.88,2104.05,0.4319,303.9,55.27,0.5802,0.07048,7.71,35.11
2022-05-15 20:00:00,31328.89,2145.29,0.4481,312.4,58.83,0.5981,0.0724,7.96,36.57
2022-05-16 00:00:00,30323.23,2076.19,0.4333,301.3,56.09,0.5785,0.07117,7.57,34.2
2022-05-16 04:00:00,29593.89,2011.92,0.4158,294.0,53.79,0.5607,0.06901,7.29,33.33
2022-05-16 08:00:00,29950.95,2031.17,0.4192,298.1,53.82,0.5648,0.06887,7.35,32.8
2022-05-16 12:00:00,29676.56,2014.29,0.4162,295.8,53.29,0.5553,0.0677,7.34,32.68
2022-05-16 16:00:00,29576.7,2007.15,0.423,297.7,54.0,0.557,0.06897,7.4,32.9
2022-05-16 20:00:00,29874.01,2023.66,0.4231,297.2,53.79,0.5569,0.06917,7.42,32.56
2022-05-17 00:00:00,30363.59,2073.49,0.4346,306.3,55.77,0.5687,0.07034,7.72,34.22
2022-05-17 04:00:00,30412.06,2070.64,0.4281,304.5,55.78,0.5759,0.07022,7.7,33.83
2022-05-17 08:00:00,30319.47,2080.72,0.4308,306.4,55.67,0.5808,0.0703,7.72,34.15
2022-05-17 12:00:00,30153.74,2061.08,0.4266,303.5,55.17,0.5746,0.07039,7.61,33.45
2022-05-17 16:00:00,30097.09,2046.66,0.4302,301.2,55.19,0.5663,0.07305,7.53,33.36
2022-05-17 20:00:00,30444.93,2090.72,0.438,306.2,57.02,0.5778,0.07225,7.72,34.39
2022-05-18 00:00:00,29831.4,2039.0,0.4282,300.6,55.09,0.5591,0.07158,7.45,33.29
2022-05-18 04:00:00,29910.25,2038.7,0.4274,300.3,55.42,0.5642,0.0717,7.5,33.56
2022-05-18 08:00:00,29833.58,2031.32,0.4271,301.6,54.2,0.5566,0.0715,7.49,33.11
2022-05-18 12:00:00,28984.99,1956.07,0.4078,291.3,50.4,0.5222,0.07005,6.96,30.5
2022-05-18 16:00:00,29276.55,1981.59,0.4161,296.6,51.72,0.5314,0.07199,7.08,31.04
2022-05-18 20:00:00,28715.32,1915.11,0.4056,287.7,49.93,0.5059,0.071,6.81,29.58
2022-05-19 00:00:00,29196.78,1953.7,0.4094,295.2,50.63,0.5177,0.07198,6.89,29.8
2022-05-19 04:00:00,29192.13,1952.07,0.405,298.8,51.08,0.5155,0.07317,6.84,29.43
2022-05-19 08:00:00,29500.2,1965.54,0.4102,301.4,51.22,0.529,0.07441,6.97,29.27
2022-05-19 12:00:00,30389.45,2023.83,0.4219,306.8,53.22,0.5401,0.07428,7.21,31.17
2022-05-19 16:00:00,29967.4,1993.56,0.417,303.6,51.6,0.5244,0.07328,7.07,29.6
2022-05-19 20:00:00,30319.23,2019.55,0.4205,307.1,52.2,0.5334,0.07357,7.22,30.39
2022-05-20 00:00:00,30175.03,2023.03,0.4313,308.0,51.5,0.5305,0.07437,7.11,29.71
2022-05-20 04:00:00,30256.74,2025.55,0.4285,307.2,52.08,0.5302,0.07366,7.06,30.04
2022-05-20 08:00:00,30414.07,2054.51,0.4282,315.5,53.16,0.5399,0.07487,7.29,31.35
2022-05-20 12:00:00,29152.9,1960.99,0.4101,299.3,49.41,0.5101,0.07286,6.85,28.72
2022-05-20 16:00:00,29291.55,1968.27,0.4113,302.2,50.16,0.5128,0.07047,6.98,29.41
2022-05-20 20:00:00,29201.01,1959.08,0.4101,302.2,49.43,0.5162,0.07124,6.87,28.8
2022-05-21 00:00:00,29258.18,1967.75,0.4117,303.0,50.13,0.5227,0.07154,6.98,29.47
2022-05-21 04:00:00,29423.18,1978.63,0.4126,306.2,50.0,0.5292,0.07173,7.01,29.5
2022-05-21 08:00:00,29288.0,1970.46,0.4107,307.0,49.44,0.5278,0.07205,6.98,29.1
2022-05-21 12:00:00,29552.47,1980.38,0.4156,311.7,50.71,0.5366,0.07489,7.07,29.96
2022-05-21 16:00:00,29464.31,1981.4,0.4155,312.6,50.22,0.5294,0.07386,7.05,29.59
2022-05-21 20:00:00,29445.06,1975.07,0.4145,312.4,50.31,0.5286,0.07404,7.06,29.89
2022-05-22 00:00:00,29363.5,1974.14,0.4128,316.5,50.14,0.527,0.07427,7.03,29.7
2022-05-22 04:00:00,29441.78,1975.86,0.4139,314.9,50.27,0.5345,0.07505,7.04,29.61
2022-05-22 08:00:00,29897.52,2017.36,0.4183,317.6,51.49,0.5423,0.07534,7.26,30.18
2022-05-22 12:00:00,29844.01,2004.58,0.4172,316.9,51.81,0.5348,0.07609,7.24,31.48
2022-05-22 16:00:00,29936.01,2007.41,0.4174,317.3,51.42,0.5347,0.07715,7.23,31.05
2022-05-22 20:00:00,30293.94,2043.19,0.4218,319.4,52.48,0.5416,0.07815,7.33,31.71
2022-05-23 00:00:00,30171.32,2030.84,0.42,320.6,52.22,0.542,0.07727,7.28,31.23
2022-05-23 04:00:00,30457.01,2066.77,0.4246,328.4,53.56,0.5499,0.07791,7.52,32.09
2022-05-23 08:00:00,30397.11,2068.96,0.4249,332.6,54.01,0.5514,0.07756,7.56,32.2
2022-05-23 12:00:00,30373.53,2065.0,0.426,333.6,53.86,0.5531,0.07632,7.57,31.94
2022-05-23 16:00:00,29089.9,1981.0,0.4084,323.6,50.09,0.5178,0.0795,7.19,29.89
2022-05-23 20:00:00,29109.15,1973.32,0.4052,317.2,49.17,0.5134,0.07616,7.02,29.06
2022-05-24 00:00:00,29299.92,1987.9,0.4114,326.8,49.89,0.5219,0.07759,7.07,29.23
2022-05-24 04:00:00,29404.55,1985.22,0.4106,328.2,49.84,0.521,0.07833,7.11,29.29
2022-05-24 08:00:00,29295.74,1966.36,0.4059,323.2,49.55,0.515,0.08112,7.01,28.61
2022-05-24 12:00:00,29382.31,1962.72,0.4045,321.5,50.09,0.5168,0.08201,7.08,28.8
2022-05-24 16:00:00,29391.62,1962.85,0.405,322.8,49.09,0.5141,0.08189,7.07,28.49
2022-05-24 20:00:00,29654.58,1979.41,0.4086,328.3,49.67,0.5219,0.08064,7.23,29.08
2022-05-25 00:00:00,30198.09,2014.2,0.4111,335.9,50.32,0.5287,0.08285,7.33,29.52
2022-05-25 04:00:00,29701.46,1977.04,0.4064,330.1,48.83,0.5154,0.08155,7.13,28.38
2022-05-25 08:00:00,29409.01,1944.07,0.3969,325.2,47.69,0.509,0.08018,7.0,27.76
2022-05-25 12:00:00,29629.36,1964.53,0.402,327.4,48.25,0.513,0.08402,7.06,27.95
2022-05-25 16:00:00,29599.1,1951.59,0.405,326.1,48.31,0.5132,0.08365,6.99,27.36
2022-05-25 20:00:00,29542.15,1942.63,0.406,325.7,47.98,0.5146,0.0847,6.96,27.25
2022-05-26 00:00:00,29837.16,1948.46,0.4082,327.9,48.18,0.5147,0.08512,7.01,27.63
2022-05-26 04:00:00,29733.7,1926.36,0.3977,321.4,46.42,0.5043,0.08185,6.84,25.59
2022-05-26 08:00:00,28998.4,1816.57,0.3885,310.7,43.72,0.4849,0.08093,6.44,24.19
2022-05-26 12:00:00,29393.1,1862.02,0.3946,313.0,45.11,0.4926,0.08337,6.71,24.86
2022-05-26 16:00:00,29379.76,1826.56,0.3917,308.9,44.05,0.4806,0.08215,6.6,24.09
2022-05-26 20:00:00,29201.35,1792.23,0.392,303.0,43.44,0.4789,0.08223,6.57,23.43
2022-05-27 00:00:00,29020.01,1768.0,0.3986,302.1,42.65,0.4701,0.08011,6.51,22.87
2022-05-27 04:00:00,28992.99,1764.6,0.3961,298.5,41.04,0.4617,0.08084,6.45,22.52
2022-05-27 08:00:00,28912.96,1771.25,0.3911,301.2,41.59,0.464,0.08256,6.56,22.34
2022-05-27 12:00:00,28850.45,1764.33,0.3884,302.1,42.15,0.4597,0.08075,6.48,22.94
2022-05-27 16:00:00,28880.0,1754.32,0.383,301.4,41.86,0.4579,0.07958,6.38,22.14
2022-05-27 20:00:00,28629.8,1727.27,0.3819,301.6,41.17,0.4566,0.08083,6.29,22.58
2022-05-28 00:00:00,28819.2,1765.08,0.3853,301.0,41.32,0.4564,0.08015,6.37,22.79
2022-05-28 04:00:00,28885.72,1765.46,0.386,302.2,41.71,0.4598,0.07995,6.4,22.99
2022-05-28 08:00:00,28828.02,1772.97,0.3833,302.1,41.59,0.4574,0.08223,6.45,22.7
2022-05-28 12:00:00,28988.21,1795.11,0.3871,307.4,42.98,0.463,0.08233,6.55,24.58
2022-05-28 16:00:00,29019.82,1793.56,0.3864,308.9,44.43,0.4656,0.0822,6.53,25.44
2022-05-28 20:00:00,29031.33,1792.22,0.3863,307.5,44.25,0.4646,0.08118,6.58,24.76
2022-05-29 00:00:00,28984.32,1776.46,0.3826,300.8,42.36,0.4601,0.08039,6.41,24.29
2022-05-29 04:00:00,29008.35,1783.8,0.3838,301.0,42.45,0.4651,0.08077,6.45,24.73
2022-05-29 08:00:00,29213.85,1802.0,0.386,302.8,44.07,0.4716,0.08167,6.59,26.06
2022-05-29 12:00:00,29215.98,1797.23,0.3864,303.2,44.71,0.4718,0.08162,6.65,26.07
2022-05-29 16:00:00,29126.41,1788.53,0.3856,302.4,44.26,0.4735,0.07934,6.67,25.32
2022-05-29 20:00:00,29468.1,1813.64,0.3891,305.8,44.98,0.482,0.08055,6.71,26.16
2022-05-30 00:00:00,30353.07,1880.07,0.3978,317.3,45.95,0.5132,0.08306,7.0,27.03
2022-05-30 04:00:00,30636.12,1907.84,0.4005,319.7,47.07,0.52,0.08345,7.27,27.97
2022-05-30 08:00:00,30665.37,1902.64,0.3999,317.3,46.07,0.5228,0.08243,7.16,26.86
2022-05-30 12:00:00,30634.08,1912.44,0.3998,313.8,45.84,0.5356,0.08203,7.19,26.95
2022-05-30 16:00:00,30643.11,1917.33,0.401,313.4,45.67,0.5342,0.08257,7.18,26.84
2022-05-30 20:00:00,31734.22,1998.78,0.4187,321.8,47.22,0.5698,0.08325,7.46,27.71
2022-05-31 00:00:00,31772.82,1994.51,0.4186,320.8,47.7,0.5844,0.08195,7.53,28.42
2022-05-31 04:00:00,31573.77,1970.35,0.4182,318.3,46.36,0.6538,0.08086,7.47,27.09
2022-05-31 08:00:00,31767.0,1978.59,0.4218,320.6,46.59,0.6542,0.08106,7.46,27.19
2022-05-31 12:00:00,32058.53,1988.62,0.4168,321.2,46.35,0.634,0.08116,7.6,27.04
2022-05-31 16:00:00,31625.71,1934.21,0.4145,318.8,45.53,0.5988,0.0811,7.38,26.1
2022-05-31 20:00:00,31801.04,1941.9,0.4217,320.9,45.77,0.6268,0.08441,7.59,26.42
2022-06-01 00:00:00,31627.3,1929.97,0.4172,319.2,44.78,0.6015,0.08276,7.48,25.88
2022-06-01 04:00:00,31482.43,1930.71,0.4139,317.2,44.59,0.6045,0.08413,7.46,25.54
2022-06-01 08:00:00,31609.16,1938.94,0.4161,316.5,44.6,0.6045,0.08958,7.49,25.72
2022-06-01 12:00:00,30742.59,1880.59,0.4079,305.6,42.93,0.5681,0.08813,7.2,24.71
2022-06-01 16:00:00,30126.72,1821.82,0.4027,303.4,41.29,0.5573,0.08565,7.03,24.29
2022-06-01 20:00:00,29805.83,1817.95,0.398,300.4,40.11,0.5516,0.08356,6.93,23.68
2022-06-02 00:00:00,29730.12,1814.54,0.3941,300.5,38.85,0.563,0.08245,6.86,22.85
2022-06-02 04:00:00,29968.26,1826.57,0.394,303.4,39.68,0.5741,0.08243,6.95,23.64
2022-06-02 08:00:00,30173.67,1839.5,0.3997,305.0,41.04,0.5842,0.08448,7.07,24.06
2022-06-02 12:00:00,30212.73,1816.52,0.4,303.5,40.7,0.5878,0.08493,7.02,24.3
2022-06-02 16:00:00,30293.01,1822.08,0.3981,305.3,40.45,0.5832,0.08347,7.06,24.29
2022-06-02 20:00:00,30452.62,1834.08,0.4055,308.3,40.85,0.5871,0.08432,7.19,24.63
2022-06-03 00:00:00,30529.96,1827.52,0.4087,308.4,41.15,0.5911,0.08575,7.09,24.14
2022-06-03 04:00:00,30443.74,1813.92,0.4037,305.2,40.32,0.5868,0.08452,7.02,23.95
2022-06-03 08:00:00,29758.19,1762.35,0.3934,296.2,38.25,0.5555,0.08197,6.78,22.76
2022-06-03 12:00:00,29506.24,1763.32,0.3877,295.5,38.05,0.5462,0.08089,6.84,22.79
2022-06-03 16:00:00,29572.52,1751.18,0.3864,296.3,38.17,0.558,0.08118,6.79,22.83
2022-06-03 20:00:00,29700.21,1775.12,0.3904,298.6,38.28,0.56,0.0811,6.85,23.0
2022-06-04 00:00:00,29560.12,1752.96,0.3863,295.6,36.3,0.5514,0.07713,6.75,22.38
2022-06-04 04:00:00,29700.96,1769.11,0.3914,298.3,37.34,0.5632,0.07955,6.89,23.21
2022-06-04 08:00:00,29681.69,1768.24,0.3895,299.0,37.0,0.5545,0.07959,6.9,23.05
2022-06-04 12:00:00,29858.8,1778.85,0.3912,301.4,37.77,0.5603,0.08015,6.99,23.37
2022-06-04 16:00:00,29655.41,1772.47,0.3903,300.1,37.51,0.5585,0.08028,7.01,23.16
2022-06-04 20:00:00,29864.04,1804.58,0.3925,301.3,39.0,0.5665,0.08043,7.4,24.57
2022-06-05 00:00:00,29766.95,1793.85,0.3915,297.5,38.3,0.5652,0.0797,7.36,24.27
2022-06-05 04:00:00,29645.67,1785.82,0.3911,297.6,38.83,0.5607,0.07987,7.28,24.74
2022-06-05 08:00:00,29718.69,1788.2,0.3941,297.5,39.47,0.5589,0.081,7.33,24.53
2022-06-05 12:00:00,29972.22,1811.41,0.3954,299.1,39.82,0.5648,0.08203,7.56,24.65
2022-06-05 16:00:00,30049.86,1821.21,0.3992,301.2,39.65,0.5763,0.08224,7.58,24.76
2022-06-05 20:00:00,29919.21,1806.23,0.3953,299.1,38.52,0.5674,0.08151,7.64,24.18
2022-06-06 00:00:00,31251.0,1878.29,0.4033,307.3,41.77,0.6182,0.08331,7.99,26.49
2022-06-06 04:00:00,31292.77,1893.77,0.4033,310.2,43.05,0.6372,0.0843,7.92,27.21
2022-06-06 08:00:00,31396.71,1909.55,0.4043,307.5,43.92,0.6247,0.08356,7.97,26.93
2022-06-06 12:00:00,31541.42,1886.79,0.4019,303.5,42.83,0.6092,0.08275,7.9,26.59
2022-06-06 16:00:00,31470.72,1863.83,0.4,302.1,42.23,0.6061,0.08161,7.81,26.01
2022-06-06 20:00:00,31373.1,1859.84,0.4026,295.1,42.39,0.6091,0.08161,7.97,25.99
2022-06-07 00:00:00,29563.62,1756.75,0.3887,284.5,39.55,0.5898,0.07996,7.57,23.95
2022-06-07 04:00:00,29585.12,1763.03,0.3901,284.7,39.31,0.5879,0.08098,7.69,23.95
2022-06-07 08:00:00,29521.5,1753.69,0.3895,276.7,38.07,0.5834,0.08003,7.52,23.64
2022-06-07 12:00:00,29891.17,1781.55,0.3951,282.7,39.14,0.6152,0.08105,7.78,24.34
2022-06-07 16:00:00,31059.71,1846.97,0.4141,292.9,40.44,0.6304,0.0824,8.4,25.17
2022-06-07 20:00:00,31125.33,1813.33,0.4076,290.3,39.31,0.6141,0.08186,8.71,24.6
2022-06-08 00:00:00,30026.72,1779.5,0.3971,285.2,38.65,0.6306,0.07991,8.34,23.95
2022-06-08 04:00:00,30561.77,1806.4,0.3985,290.3,39.25,0.638,0.08116,8.41,24.51
2022-06-08 08:00:00,30410.85,1808.61,0.399,290.7,39.31,0.6431,0.08027,8.45,24.54
2022-06-08 12:00:00,30476.77,1815.27,0.4027,292.6,39.71,0.664,0.08078,8.56,24.61
2022-06-08 16:00:00,30140.14,1790.64,0.4003,288.6,38.79,0.6466,0.08134,8.71,24.11
2022-06-08 20:00:00,30204.77,1791.88,0.4006,288.5,38.83,0.6408,0.08062,8.7,24.5
2022-06-09 00:00:00,30293.49,1799.31,0.4013,288.7,39.12,0.6445,0.08108,8.64,24.07
2022-06-09 04:00:00,30487.54,1811.99,0.402,290.3,39.54,0.6528,0.08158,8.81,24.64
2022-06-09 08:00:00,30299.47,1805.15,0.4013,290.8,41.22,0.6413,0.08066,9.19,24.66
2022-06-09 12:00:00,30302.24,1799.35,0.4008,290.7,40.34,0.6407,0.08134,9.45,24.79
2022-06-09 16:00:00,30017.12,1783.74,0.3994,288.4,39.66,0.6288,0.0809,9.13,24.26
2022-06-09 20:00:00,30109.93,1788.81,0.4002,289.9,39.96,0.6323,0.08102,9.27,24.41
2022-06-10 00:00:00,30114.38,1792.49,0.4032,291.1,40.27,0.6294,0.08125,9.37,24.61
2022-06-10 04:00:00,30052.43,1788.63,0.4052,290.0,40.32,0.6234,0.081,9.06,24.28
2022-06-10 08:00:00,30020.56,1771.91,0.4009,289.4,39.31,0.6137,0.08089,8.86,24.0
2022-06-10 12:00:00,29454.53,1727.1,0.3875,290.6,37.98,0.5876,0.07997,8.62,22.96
2022-06-10 16:00:00,28980.02,1669.0,0.3817,284.9,37.26,0.5735,0.07926,8.3,22.41
2022-06-10 20:00:00,29091.88,1662.91,0.3815,286.4,37.17,0.5744,0.07893,8.04,22.08
2022-06-11 00:00:00,29272.43,1669.63,0.3849,288.6,37.54,0.5851,0.07936,8.3,22.5
2022-06-11 04:00:00,29326.83,1667.46,0.388,289.4,37.7,0.6083,0.08015,8.25,22.93
2022-06-11 08:00:00,28734.01,1575.96,0.3762,278.8,35.47,0.5801,0.07793,7.58,21.37
2022-06-11 12:00:00,28405.54,1517.6,0.3604,268.5,33.76,0.5528,0.07552,7.15,20.05
2022-06-11 16:00:00,28595.28,1546.48,0.3664,271.7,34.12,0.5587,0.07683,7.16,20.35
2022-06-11 20:00:00,28424.7,1532.89,0.3599,269.9,33.93,0.554,0.0762,7.04,19.9
2022-06-12 00:00:00,27553.23,1466.97,0.3447,257.6,32.31,0.5182,0.07492,6.62,18.53
2022-06-12 04:00:00,27645.89,1471.26,0.3484,258.5,33.16,0.5204,0.07509,6.76,18.85
2022-06-12 08:00:00,27457.39,1468.98,0.3496,258.4,32.74,0.5151,0.07634,6.68,18.39
2022-06-12 12:00:00,28094.42,1525.92,0.3602,264.2,34.01,0.5344,0.07816,7.02,19.01
2022-06-12 16:00:00,27424.71,1479.59,0.3526,262.2,32.61,0.5171,0.07675,6.74,18.51
2022-06-12 20:00:00,26574.53,1434.84,0.3433,254.8,30.61,0.4904,0.07618,6.27,17.29
2022-06-13 00:00:00,25520.05,1350.83,0.3313,240.2,28.85,0.4764,0.07304,5.95,16.4
2022-06-13 04:00:00,24811.59,1283.46,0.32,232.7,27.57,0.4525,0.06155,5.67,15.63
2022-06-13 08:00:00,23729.43,1209.23,0.3102,221.2,26.84,0.4495,0.06302,5.46,14.99
2022-06-13 12:00:00,23271.54,1229.97,0.3139,224.2,27.92,0.4693,0.06426,5.73,15.82
2022-06-13 16:00:00,23218.22,1228.69,0.3195,225.1,28.31,0.4739,0.06431,5.89,16.14
2022-06-13 20:00:00,22487.41,1209.82,0.3118,223.0,28.6,0.4644,0.06387,5.93,16.11
2022-06-14 00:00:00,22127.91,1174.1,0.3143,221.7,28.94,0.4781,0.06075,6.29,16.32
2022-06-14 04:00:00,22877.52,1241.16,0.3199,230.0,31.02,0.5174,0.0622,6.39,17.13
2022-06-14 08:00:00,21994.56,1175.23,0.3116,220.3,29.1,0.4928,0.05852,6.17,16.26
2022-06-14 12:00:00,22680.38,1250.67,0.3218,227.4,31.03,0.5032,0.05927,6.41,16.7
2022-06-14 16:00:00,22196.28,1206.15,0.3197,221.8,29.44,0.4748,0.05491,6.59,16.13
2022-06-14 20:00:00,22136.41,1208.9,0.3214,223.0,29.59,0.4831,0.05559,6.74,16.55
2022-06-15 00:00:00,21455.8,1173.09,0.3135,216.8,28.8,0.4658,0.05412,6.52,15.72
2022-06-15 04:00:00,20722.92,1094.38,0.3047,207.3,27.66,0.4566,0.04801,6.22,15.22
2022-06-15 08:00:00,21177.03,1120.05,0.3096,212.6,28.9,0.4798,0.05457,6.45,15.65
2022-06-15 12:00:00,21419.1,1120.15,0.3119,212.7,29.51,0.4745,0.05519,6.46,15.86
2022-06-15 16:00:00,21632.04,1171.03,0.3232,221.4,31.48,0.5104,0.05958,6.91,17.04
2022-06-15 20:00:00,22583.72,1237.52,0.3436,233.6,34.76,0.5348,0.06302,7.33,18.31
2022-06-16 00:00:00,22211.62,1210.1,0.3348,230.1,33.79,0.5183,0.06395,6.99,17.72
2022-06-16 04:00:00,21764.17,1165.41,0.3239,222.6,32.61,0.5047,0.06086,6.69,16.91
2022-06-16 08:00:00,21044.55,1111.11,0.3151,215.9,31.28,0.4888,0.05962,6.32,16.27
2022-06-16 12:00:00,21074.77,1114.41,0.3168,215.6,31.31,0.4926,0.06018,6.58,16.3
2022-06-16 16:00:00,20875.48,1096.05,0.3149,214.3,30.87,0.4848,0.06041,6.52,16.11
2022-06-16 20:00:00,20401.31,1068.5,0.3132,210.2,30.12,0.4762,0.05923,6.36,15.79
2022-06-17 00:00:00,20383.38,1071.51,0.3237,212.4,30.03,0.4827,0.06102,6.42,15.91
2022-06-17 04:00:00,21100.64,1099.31,0.336,219.6,31.59,0.4995,0.06121,6.58,16.36
2022-06-17 08:00:00,20972.04,1092.61,0.3253,217.8,31.58,0.4915,0.0605,6.45,16.28
2022-06-17 12:00:00,20663.7,1084.99,0.3212,215.9,31.21,0.4878,0.06023,6.43,16.1
2022-06-17 16:00:00,20515.59,1080.0,0.3175,214.9,31.14,0.4853,0.06,6.38,16.08
2022-06-17 20:00:00,20468.81,1086.94,0.321,215.8,30.71,0.4872,0.05989,6.36,15.99
2022-06-18 00:00:00,20459.65,1079.47,0.3199,212.6,30.08,0.4851,0.06,6.11,15.78
2022-06-18 04:00:00,19258.58,1003.78,0.309,201.3,28.48,0.4593,0.05802,5.79,15.0
2022-06-18 08:00:00,19243.98,1005.06,0.3056,202.9,30.0,0.4663,0.06019,5.84,15.15
2022-06-18 12:00:00,18953.76,989.48,0.3055,198.5,29.81,0.4567,0.06148,5.75,14.95
2022-06-18 16:00:00,18067.6,915.15,0.2956,188.3,28.09,0.4335,0.05918,5.56,14.22
2022-06-18 20:00:00,18970.79,995.13,0.3075,197.0,32.02,0.4549,0.06089,5.92,14.83
2022-06-19 00:00:00,18311.09,953.2,0.301,192.3,30.19,0.4411,0.06009,6.0,14.18
2022-06-19 04:00:00,18306.93,955.72,0.3032,193.1,29.21,0.4458,0.06013,6.07,14.06
2022-06-19 08:00:00,19692.5,1055.12,0.3132,207.2,32.4,0.4658,0.06223,6.33,15.22
2022-06-19 12:00:00,19824.97,1071.68,0.3178,209.4,33.47,0.4703,0.06221,6.43,15.45
2022-06-19 16:00:00,20124.08,1100.77,0.3207,211.8,33.21,0.4725,0.06125,6.61,15.6
2022-06-19 20:00:00,20574.0,1128.53,0.3264,215.1,34.19,0.4848,0.06132,6.6,16.16
2022-06-20 00:00:00,19980.49,1080.01,0.3182,208.7,32.27,0.4686,0.05998,6.43,15.62
2022-06-20 04:00:00,20086.63,1079.64,0.318,207.1,32.33,0.4677,0.06004,6.4,15.75
2022-06-20 08:00:00,20801.79,1153.05,0.3269,216.0,36.34,0.5037,0.06145,6.97,17.67
2022-06-20 12:00:00,20824.74,1134.55,0.3256,217.8,35.29,0.4998,0.06169,7.12,17.38
2022-06-20 16:00:00,20072.81,1106.46,0.3187,213.8,34.45,0.4869,0.06081,6.9,16.76
2022-06-20 20:00:00,20573.89,1128.24,0.3227,216.5,35.24,0.4915,0.06115,6.98,17.1
2022-06-21 00:00:00,20614.04,1130.89,0.324,218.2,35.22,0.4936,0.06252,7.26,17.09
2022-06-21 04:00:00,21120.28,1148.56,0.3265,221.0,36.83,0.495,0.06305,7.3,17.45
2022-06-21 08:00:00,20962.42,1141.39,0.3266,219.0,37.15,0.495,0.06442,7.23,17.53
2022-06-21 12:00:00,21392.19,1168.13,0.3326,225.1,37.95,0.5006,0.0662,7.33,18.01
2022-06-21 16:00:00,20888.64,1124.43,0.328,220.2,36.6,0.4813,0.06526,6.8,16.91
2022-06-21 20:00:00,20723.52,1125.85,0.3294,220.1,36.42,0.4813,0.0649,6.86,16.9
2022-06-22 00:00:00,20317.88,1089.3,0.3216,215.5,34.7,0.4646,0.06389,6.65,16.17
2022-06-22 04:00:00,20099.62,1075.24,0.3197,212.0,33.86,0.4608,0.06429,6.64,16.06
2022-06-22 08:00:00,20506.3,1097.33,0.3233,216.0,35.48,0.4724,0.06433,6.85,16.74
2022-06-22 12:00:00,20080.1,1075.02,0.3221,215.2,34.75,0.4674,0.0634,6.71,16.56
2022-06-22 16:00:00,20117.34,1070.72,0.3236,216.2,34.4,0.4675,0.06375,6.59,16.39
2022-06-22 20:00:00,19987.99,1050.19,0.3223,214.4,34.12,0.4594,0.0631,6.63,16.09
2022-06-23 00:00:00,20213.79,1076.4,0.324,217.9,35.13,0.4669,0.06381,6.77,16.64
2022-06-23 04:00:00,20461.83,1091.7,0.3261,222.2,35.97,0.4708,0.06396,6.91,17.36
2022-06-23 08:00:00,20638.79,1106.59,0.328,225.2,36.91,0.4731,0.06365,7.01,17.77
2022-06-23 12:00:00,20351.91,1094.22,0.3252,222.9,37.22,0.4673,0.06244,6.76,17.4
2022-06-23 16:00:00,20910.06,1126.65,0.3329,229.2,37.57,0.4743,0.06293,6.93,17.89
2022-06-23 20:00:00,21110.13,1144.72,0.3358,228.9,38.15,0.48,0.0638,6.99,18.29
2022-06-24 00:00:00,21073.73,1150.39,0.3676,231.8,38.93,0.4915,0.06423,7.12,19.54
2022-06-24 04:00:00,20913.72,1148.7,0.3713,231.1,38.33,0.4924,0.06385,7.07,19.25
2022-06-24 08:00:00,21169.53,1195.91,0.372,236.9,40.28,0.498,0.06541,7.2,19.59
2022-06-24 12:00:00,20884.17,1197.98,0.3613,235.1,40.09,0.4918,0.06522,7.07,19.24
2022-06-24 16:00:00,21253.61,1228.04,0.3632,238.9,41.16,0.5026,0.06623,7.23,19.47
2022-06-24 20:00:00,21237.69,1225.02,0.3672,240.2,41.91,0.4981,0.06584,7.26,20.47
2022-06-25 00:00:00,21300.62,1223.76,0.3687,238.6,41.41,0.5007,0.06577,7.22,21.09
2022-06-25 04:00:00,21508.13,1234.4,0.3717,241.3,42.17,0.5043,0.06567,7.34,21.38
2022-06-25 08:00:00,21340.22,1217.16,0.3678,237.5,41.86,0.4969,0.06498,7.14,20.68
2022-06-25 12:00:00,20961.89,1183.94,0.3545,230.7,39.86,0.4794,0.06367,6.84,19.92
2022-06-25 16:00:00,21206.2,1205.57,0.3608,235.8,40.36,0.4887,0.06441,6.95,20.36
2022-06-25 20:00:00,21491.19,1242.36,0.3676,239.7,42.22,0.4984,0.0648,7.26,21.36
2022-06-26 00:00:00,21426.23,1233.28,0.3659,238.0,41.41,0.4993,0.06481,7.18,21.03
2022-06-26 04:00:00,21396.52,1238.07,0.3678,239.0,41.32,0.5188,0.06488,7.22,21.05
2022-06-26 08:00:00,21708.6,1269.72,0.3717,243.4,42.08,0.5213,0.0654,7.36,21.46
2022-06-26 12:00:00,21326.11,1223.39,0.3659,239.8,40.62,0.5083,0.06438,7.06,20.97
2022-06-26 16:00:00,21283.6,1226.11,0.3646,237.6,40.69,0.5017,0.06541,7.0,20.4
2022-06-26 20:00:00,21038.07,1197.79,0.3592,233.9,39.39,0.4899,0.06504,6.7,19.73
2022-06-27 00:00:00,21171.32,1219.91,0.3644,237.9,40.15,0.4995,0.06782,6.91,20.17
2022-06-27 04:00:00,21363.22,1227.66,0.3622,239.4,40.61,0.5025,0.06817,6.92,20.85
2022-06-27 08:00:00,21304.55,1220.01,0.3624,238.1,40.33,0.5022,0.06938,6.84,20.87
2022-06-27 12:00:00,20754.73,1187.48,0.3532,234.2,38.75,0.4916,0.06801,6.6,19.97
2022-06-27 16:00:00,20855.37,1196.69,0.3524,233.4,38.33,0.4859,0.06794,6.53,19.29
2022-06-27 20:00:00,20742.56,1192.51,0.3537,233.8,38.52,0.4856,0.06703,6.55,19.32
2022-06-28 00:00:00,20735.03,1181.94,0.3443,234.4,37.74,0.4825,0.06567,6.49,19.13
2022-06-28 04:00:00,20879.39,1207.65,0.3498,237.7,38.61,0.4876,0.06685,6.58,19.6
2022-06-28 08:00:00,20998.13,1223.48,0.3483,239.1,39.24,0.4899,0.06805,6.66,19.58
2022-06-28 12:00:00,20606.4,1183.69,0.3413,234.9,37.05,0.4771,0.06643,6.54,19.16
2022-06-28 16:00:00,20255.01,1156.23,0.3428,232.8,35.93,0.4741,0.0678,6.42,18.78
2022-06-28 20:00:00,20281.29,1144.05,0.3375,226.9,35.35,0.4694,0.06591,6.32,18.12
2022-06-29 00:00:00,20282.96,1144.89,0.336,224.6,35.46,0.4712,0.06589,6.39,18.39
2022-06-29 04:00:00,20093.75,1130.59,0.3317,220.6,35.35,0.4701,0.06555,6.35,18.3
2022-06-29 08:00:00,20104.8,1117.95,0.3273,220.3,34.97,0.4693,0.06558,6.35,17.77
2022-06-29 12:00:00,20084.48,1114.26,0.3263,218.8,34.67,0.4673,0.06502,6.35,17.68
2022-06-29 16:00:00,20223.63,1117.95,0.3329,220.9,34.49,0.4704,0.06503,6.38,17.87
2022-06-29 20:00:00,20123.01,1100.21,0.3296,219.7,34.05,0.4662,0.06492,6.23,17.79
2022-06-30 00:00:00,20077.01,1093.93,0.3257,219.2,33.01,0.4626,0.06474,6.2,17.33
2022-06-30 04:00:00,19435.9,1057.42,0.3181,211.4,31.91,0.4514,0.0638,6.05,16.51
2022-06-30 08:00:00,19101.36,1018.49,0.3101,208.6,31.68,0.4408,0.06353,5.98,16.12
2022-06-30 12:00:00,19143.98,1032.22,0.3126,212.4,32.1,0.4448,0.06351,6.09,16.41
2022-06-30 16:00:00,18927.34,1020.86,0.3263,212.5,32.03,0.4454,0.06348,6.05,16.27
2022-06-30 20:00:00,19942.21,1071.01,0.3321,219.6,33.76,0.4599,0.06481,6.27,16.99
2022-07-01 00:00:00,19730.76,1054.52,0.3218,221.1,33.66,0.455,0.06495,6.19,16.7
2022-07-01 04:00:00,19579.11,1066.81,0.3184,223.1,33.13,0.4565,0.06513,6.11,16.39
2022-07-01 08:00:00,19191.03,1050.22,0.3136,218.6,32.34,0.4459,0.06516,6.0,16.02
2022-07-01 12:00:00,19290.94,1056.86,0.3116,214.9,32.33,0.445,0.06437,6.01,15.97
2022-07-01 16:00:00,19390.17,1067.91,0.3147,217.7,33.24,0.4508,0.06516,6.11,16.48
2022-07-01 20:00:00,19279.8,1059.73,0.3139,216.9,32.84,0.4487,0.06512,6.08,16.12
2022-07-02 00:00:00,19130.9,1038.0,0.311,214.7,32.16,0.4456,0.06473,6.01,16.0
2022-07-02 04:00:00,19126.81,1042.08,0.312,215.4,32.42,0.445,0.06497,6.11,16.2
2022-07-02 08:00:00,19195.21,1043.78,0.3118,216.8,32.77,0.4505,0.06487,6.15,16.27
2022-07-02 12:00:00,19229.39,1052.89,0.3132,216.0,32.87,0.4484,0.06477,6.11,16.25
2022-07-02 16:00:00,19273.27,1066.04,0.3156,218.2,33.13,0.4576,0.06534,6.19,16.41
2022-07-02 20:00:00,19252.81,1067.01,0.3156,218.3,33.36,0.4559,0.06475,6.22,16.33
2022-07-03 00:00:00,19264.29,1062.45,0.3156,218.9,33.07,0.4528,0.06423,6.15,16.3
2022-07-03 04:00:00,19139.74,1063.88,0.3125,218.4,32.87,0.4494,0.06345,6.1,16.12
2022-07-03 08:00:00,19089.8,1061.08,0.3124,218.2,32.91,0.45,0.0634,6.11,16.11
2022-07-03 12:00:00,19046.78,1050.61,0.3126,214.7,32.34,0.447,0.0636,6.07,15.93
2022-07-03 16:00:00,19492.16,1077.64,0.3234,218.9,33.45,0.457,0.06506,6.2,16.47
2022-07-03 20:00:00,19315.83,1074.26,0.3215,219.2,33.39,0.4561,0.06628,6.22,16.65
2022-07-04 00:00:00,19103.54,1051.72,0.3175,215.6,32.64,0.4459,0.06635,6.04,16.35
2022-07-04 04:00:00,19120.6,1050.83,0.3171,216.8,32.78,0.4481,0.06566,6.1,16.65
2022-07-04 08:00:00,19806.49,1101.0,0.3229,224.0,34.39,0.4669,0.06723,6.33,17.23
2022-07-04 12:00:00,19801.47,1112.21,0.3237,226.0,34.3,0.4543,0.06705,6.26,17.29
2022-07-04 16:00:00,19829.99,1123.47,0.3242,227.4,34.87,0.4592,0.06718,6.28,17.44
2022-07-04 20:00:00,20236.71,1151.0,0.3287,231.5,36.71,0.4695,0.06733,6.43,17.92
2022-07-05 00:00:00,20312.98,1153.13,0.3265,233.6,35.85,0.4668,0.06864,6.41,17.89
2022-07-05 04:00:00,20215.69,1158.26,0.3263,233.9,35.92,0.4658,0.06836,6.45,17.93
2022-07-05 08:00:00,19520.39,1112.21,0.3173,227.1,33.98,0.4519,0.06695,6.18,17.01
2022-07-05 12:00:00,19519.98,1092.95,0.3163,225.2,33.87,0.4491,0.067,6.14,17.01
2022-07-05 16:00:00,20398.21,1146.53,0.3248,231.6,35.71,0.4578,0.06814,6.34,17.81
2022-07-05 20:00:00,20175.83,1132.5,0.3252,230.8,35.4,0.4571,0.06814,6.31,18.03
2022-07-06 00:00:00,19951.47,1130.88,0.322,232.0,35.56,0.4544,0.06782,6.26,18.1
2022-07-06 04:00:00,20162.22,1139.36,0.3215,234.6,35.96,0.4578,0.06796,6.31,18.59
2022-07-06 08:00:00,20103.43,1134.11,0.3228,236.6,35.62,0.4556,0.06769,6.26,18.29
2022-07-06 12:00:00,20148.86,1133.59,0.3232,236.5,35.74,0.4561,0.06694,6.24,18.39
2022-07-06 16:00:00,20328.55,1153.46,0.3275,237.8,36.28,0.4587,0.06716,6.28,18.96
2022-07-06 20:00:00,20564.51,1186.57,0.3324,238.6,37.04,0.4623,0.06755,6.34,19.17
2022-07-07 00:00:00,20480.61,1176.17,0.3295,236.9,37.09,0.4638,0.06726,6.38,19.42
2022-07-07 04:00:00,20440.01,1176.59,0.3321,237.2,36.82,0.4652,0.0666,6.4,19.32
2022-07-07 08:00:00,20507.83,1186.07,0.3292,237.7,37.26,0.4656,0.0673,6.49,19.45
2022-07-07 12:00:00,20888.44,1220.37,0.3341,240.5,38.29,0.4703,0.06834,6.6,19.85
2022-07-07 16:00:00,21812.47,1247.79,0.3416,243.4,39.01,0.4804,0.0688,6.73,20.47
2022-07-07 20:00:00,21624.98,1237.49,0.3422,241.4,38.46,0.4776,0.06862,6.64,20.18
2022-07-08 00:00:00,22130.56,1259.1,0.355,244.9,38.64,0.4833,0.06947,6.72,20.74
2022-07-08 04:00:00,21797.64,1241.28,0.3543,241.5,37.51,0.4757,0.06879,6.57,20.1
2022-07-08 08:00:00,21583.98,1221.33,0.3408,239.5,37.21,0.4691,0.06826,6.45,19.77
2022-07-08 12:00:00,21962.52,1235.96,0.3423,242.4,38.58,0.4709,0.06856,6.42,20.33
2022-07-08 16:00:00,21811.9,1240.03,0.3445,242.1,38.96,0.4676,0.06925,6.45,20.1
2022-07-08 20:00:00,21594.75,1214.04,0.3402,240.7,38.12,0.4661,0.06902,6.36,19.72
2022-07-09 00:00:00,21612.62,1217.01,0.343,242.3,38.33,0.4726,0.06975,6.42,19.78
2022-07-09 04:00:00,21654.72,1225.02,0.3444,244.4,38.61,0.4796,0.0702,6.48,20.03
2022-07-09 08:00:00,21447.29,1210.28,0.3413,241.9,38.18,0.4766,0.07077,6.4,19.82
2022-07-09 12:00:00,21546.9,1215.24,0.3439,242.3,38.05,0.4776,0.0709,6.43,19.87
2022-07-09 16:00:00,21621.4,1218.61,0.3466,243.0,38.4,0.481,0.07016,6.52,20.05
2022-07-09 20:00:00,21591.83,1217.02,0.3448,243.3,38.06,0.478,0.0698,6.48,19.89
2022-07-10 00:00:00,21294.98,1188.12,0.3372,235.7,37.38,0.4705,0.06908,6.35,19.44
2022-07-10 04:00:00,21338.12,1189.54,0.3407,237.0,37.29,0.4724,0.06892,6.36,19.63
2022-07-10 08:00:00,21301.84,1183.47,0.3376,236.3,36.93,0.4689,0.0687,6.3,19.19
2022-07-10 12:00:00,20899.76,1163.58,0.3247,233.1,36.69,0.4587,0.06758,6.16,18.95
2022-07-10 16:00:00,20920.54,1174.32,0.3282,234.4,37.3,0.4635,0.0676,6.19,19.25
2022-07-10 20:00:00,20862.47,1168.36,0.3255,234.7,36.71,0.4624,0.06763,6.2,19.16
2022-07-11 00:00:00,20540.69,1154.58,0.3256,231.7,35.81,0.4532,0.06665,6.2,18.67
2022-07-11 04:00:00,20439.91,1143.37,0.3266,229.8,35.19,0.4527,0.06606,6.28,18.37
2022-07-11 08:00:00,20473.06,1143.57,0.3255,231.8,35.16,0.4527,0.06626,6.21,18.39
2022-07-11 12:00:00,20437.44,1143.68,0.3234,231.7,35.19,0.4463,0.06551,6.3,18.28
2022-07-11 16:00:00,20509.47,1141.8,0.3235,231.9,35.36,0.4467,0.06567,6.3,18.33
2022-07-11 20:00:00,19963.61,1096.4,0.3152,225.6,33.42,0.4347,0.06475,6.04,17.35
2022-07-12 00:00:00,19942.33,1086.15,0.3137,224.8,33.63,0.4377,0.06532,6.13,17.51
2022-07-12 04:00:00,19730.99,1069.07,0.311,223.2,33.5,0.4321,0.06465,6.17,17.44
2022-07-12 08:00:00,19773.9,1065.83,0.3118,224.0,33.93,0.432,0.06519,6.15,17.68
2022-07-12 12:00:00,19886.33,1075.89,0.3136,226.5,34.21,0.4341,0.06531,6.17,17.87
2022-07-12 16:00:00,19398.74,1041.4,0.3095,222.4,32.95,0.4265,0.06465,6.07,17.14
2022-07-12 20:00:00,19328.75,1038.58,0.3116,220.6,32.68,0.4171,0.06461,5.94,16.75
2022-07-13 00:00:00,19473.68,1052.34,0.3118,223.0,33.05,0.4201,0.0652,6.01,16.99
2022-07-13 04:00:00,19705.25,1069.57,0.3205,225.9,33.7,0.4279,0.06566,6.107,17.41
2022-07-13 08:00:00,19843.89,1082.03,0.3173,226.6,33.97,0.4288,0.06573,6.105,17.58
2022-07-13 12:00:00,19456.2,1060.21,0.3116,222.7,33.22,0.4168,0.06471,5.935,17.41
2022-07-13 16:00:00,19652.15,1076.61,0.3177,224.8,33.64,0.4212,0.06538,6.003,17.91
2022-07-13 20:00:00,20234.87,1115.0,0.3237,230.5,34.94,0.4383,0.06624,6.175,18.83
2022-07-14 00:00:00,20224.24,1112.71,0.3216,232.3,34.58,0.4346,0.06617,6.196,18.79
2022-07-14 04:00:00,19990.72,1097.58,0.3186,230.5,34.35,0.4273,0.06551,6.137,18.41
2022-07-14 08:00:00,19738.13,1081.27,0.3142,228.5,33.81,0.4197,0.0654,6.028,17.94
2022-07-14 12:00:00,20390.5,1140.95,0.3208,236.3,35.16,0.4315,0.06606,6.22,18.71
2022-07-14 16:00:00,20605.75,1194.04,0.3272,237.4,36.36,0.4399,0.06713,6.296,19.69
2022-07-14 20:00:00,20588.84,1193.42,0.3338,238.5,37.15,0.4416,0.06679,6.275,19.76
2022-07-15 00:00:00,20611.83,1199.92,0.3446,237.9,37.36,0.4425,0.06712,6.293,19.86
2022-07-15 04:00:00,20835.38,1211.85,0.3388,238.7,37.46,0.4429,0.06734,6.288,19.86
2022-07-15 08:00:00,20769.74,1211.1,0.3351,237.0,37.71,0.4353,0.06722,6.24,19.77
2022-07-15 12:00:00,20792.19,1222.13,0.3296,237.9,37.69,0.4373,0.06694,6.227,19.26
2022-07-15 16:00:00,21165.85,1266.33,0.3345,241.7,38.82,0.4477,0.06769,6.4,19.92
2022-07-15 20:00:00,20830.04,1231.25,0.3342,238.5,37.36,0.4421,0.06703,6.325,19.35
2022-07-16 00:00:00,20738.0,1222.16,0.3359,237.5,37.21,0.4381,0.06703,6.269,19.31
2022-07-16 04:00:00,20546.18,1197.3,0.3333,234.5,36.43,0.4328,0.06617,6.167,18.77
2022-07-16 08:00:00,20616.69,1197.92,0.3391,235.5,36.75,0.4349,0.06661,6.186,19.07
2022-07-16 12:00:00,20943.02,1274.33,0.3435,239.9,37.94,0.4455,0.06746,6.322,20.18
2022-07-16 16:00:00,21192.04,1336.23,0.3511,248.3,39.42,0.4505,0.06894,6.479,20.98
2022-07-16 20:00:00,21195.6,1355.85,0.3505,249.8,39.58,0.4578,0.06895,6.595,21.25
2022-07-17 00:00:00,21324.18,1353.6,0.353,254.0,39.89,0.4544,0.06883,6.539,21.16
2022-07-17 04:00:00,21467.61,1361.67,0.3553,252.2,40.35,0.457,0.06894,6.598,21.64
2022-07-17 08:00:00,21456.79,1363.48,0.3518,254.2,39.78,0.4537,0.06869,6.535,21.53
2022-07-17 12:00:00,21170.09,1351.95,0.349,251.2,39.28,0.4505,0.06851,6.449,21.23
2022-07-17 16:00:00,21026.85,1347.9,0.3487,250.0,39.01,0.447,0.0677,6.424,21.05
2022-07-17 20:00:00,20798.16,1338.65,0.3433,247.8,38.62,0.4478,0.06744,6.347,20.63
2022-07-18 00:00:00,21280.02,1406.51,0.356,254.1,40.56,0.4587,0.06867,6.551,21.89
2022-07-18 04:00:00,22245.93,1467.13,0.3644,261.4,42.13,0.4746,0.06989,6.782,23.8
2022-07-18 08:00:00,22133.31,1479.08,0.3644,261.2,41.63,0.4881,0.0698,6.94,23.6
2022-07-18 12:00:00,22675.83,1521.35,0.3671,264.0,42.31,0.497,0.06994,7.125,24.05
2022-07-18 16:00:00,21617.92,1472.3,0.3561,256.8,40.04,0.4727,0.0681,6.764,22.49
2022-07-18 20:00:00,22432.58,1581.04,0.3653,264.1,43.52,0.4904,0.06882,7.037,23.95
2022-07-19 00:00:00,21903.55,1516.24,0.3549,258.4,42.99,0.4767,0.06792,6.818,23.35
2022-07-19 04:00:00,21764.88,1510.58,0.3535,258.2,43.48,0.4791,0.06792,6.83,23.26
2022-07-19 08:00:00,21974.49,1541.82,0.3595,260.7,45.54,0.4886,0.0686,6.973,24.11
2022-07-19 12:00:00,23136.08,1540.44,0.364,263.8,46.58,0.5023,0.06882,7.15,25.32
2022-07-19 16:00:00,23401.99,1560.79,0.3696,271.1,45.42,0.505,0.06904,7.276,24.96
2022-07-19 20:00:00,23396.62,1542.32,0.3729,268.6,44.87,0.5152,0.06909,7.254,24.72
2022-07-20 00:00:00,23436.85,1561.72,0.3767,267.9,45.45,0.5259,0.06913,7.435,25.33
2022-07-20 04:00:00,23381.18,1531.06,0.3733,267.1,44.41,0.5301,0.06922,7.355,24.95
2022-07-20 08:00:00,23728.55,1602.91,0.3735,269.1,45.33,0.527,0.06937,7.329,25.25
2022-07-20 12:00:00,24172.63,1596.53,0.3768,270.0,45.35,0.5279,0.06908,7.328,25.48
2022-07-20 16:00:00,23660.38,1551.79,0.3694,263.7,43.21,0.5053,0.06836,7.063,24.28
2022-07-20 20:00:00,23223.3,1521.58,0.3635,258.2,42.04,0.491,0.06753,6.867,23.59
2022-07-21 00:00:00,22777.2,1487.96,0.3558,252.7,40.02,0.4796,0.06672,6.712,22.86
2022-07-21 04:00:00,22931.56,1488.01,0.3556,255.7,41.05,0.4904,0.06698,6.805,23.5
2022-07-21 08:00:00,22606.04,1489.19,0.3528,256.2,41.76,0.4834,0.06708,6.763,23.72
2022-07-21 12:00:00,22642.34,1511.01,0.3529,258.9,41.88,0.4827,0.06739,6.841,24.13
2022-07-21 16:00:00,23194.4,1578.85,0.3655,264.5,43.8,0.4971,0.068,7.018,25.3
2022-07-21 20:00:00,23152.19,1575.45,0.3669,265.6,43.11,0.4993,0.06802,6.994,24.99
2022-07-22 00:00:00,22909.9,1561.45,0.3634,264.1,42.66,0.4928,0.06825,6.956,24.86
2022-07-22 04:00:00,23118.79,1601.69,0.3628,267.4,43.05,0.4983,0.06867,7.035,25.16
2022-07-22 08:00:00,23610.58,1639.08,0.3694,269.6,44.14,0.5086,0.06898,7.216,25.46
2022-07-22 12:00:00,23290.68,1574.91,0.3606,265.9,41.69,0.4923,0.06745,6.962,24.25
2022-07-22 16:00:00,22586.26,1526.2,0.3556,261.7,40.2,0.4799,0.06685,6.779,23.73
2022-07-22 20:00:00,22684.83,1535.27,0.3578,262.4,40.54,0.4828,0.067,6.782,23.63
2022-07-23 00:00:00,22808.55,1571.0,0.3585,266.0,41.08,0.4881,0.06753,6.867,24.08
2022-07-23 04:00:00,22770.52,1578.35,0.3597,267.3,41.33,0.4909,0.06719,6.967,24.41
2022-07-23 08:00:00,22227.53,1522.19,0.3516,255.6,39.6,0.4763,0.0665,6.697,23.38
2022-07-23 12:00:00,22215.61,1523.67,0.3548,256.8,40.2,0.4836,0.06643,6.744,23.57
2022-07-23 16:00:00,22272.5,1513.33,0.3538,255.6,39.36,0.4816,0.06646,6.751,23.23
2022-07-23 20:00:00,22451.07,1548.67,0.3592,259.2,39.97,0.517,0.06698,6.844,23.6
2022-07-24 00:00:00,22331.86,1551.51,0.3566,258.2,39.61,0.5108,0.06686,6.886,23.33
2022-07-24 04:00:00,22701.6,1604.44,0.3613,262.6,40.72,0.5164,0.06735,7.024,24.02
2022-07-24 08:00:00,22657.63,1615.85,0.3633,263.6,40.89,0.5263,0.06741,7.077,24.06
2022-07-24 12:00:00,22847.08,1612.61,0.3659,264.8,41.21,0.5277,0.06742,7.106,24.05
2022-07-24 16:00:00,22700.4,1602.76,0.3613,262.1,40.83,0.5171,0.06738,7.058,23.94
2022-07-24 20:00:00,22579.68,1597.7,0.3586,261.4,40.93,0.512,0.06683,7.094,23.79
2022-07-25 00:00:00,21867.75,1511.51,0.3462,255.3,38.09,0.4931,0.06546,6.713,21.99
2022-07-25 04:00:00,21962.33,1522.12,0.3449,255.2,38.57,0.4958,0.06572,6.809,22.14
2022-07-25 08:00:00,21941.25,1537.5,0.3467,255.8,38.88,0.4918,0.06534,6.798,22.24
2022-07-25 12:00:00,21895.79,1526.03,0.3452,256.2,38.49,0.4913,0.06453,6.768,21.99
2022-07-25 16:00:00,21890.17,1495.0,0.3428,252.6,37.95,0.4867,0.06452,6.657,21.63
2022-07-25 20:00:00,21310.9,1440.79,0.3362,244.6,36.65,0.4752,0.06369,6.431,20.92
2022-07-26 00:00:00,21141.53,1433.05,0.3341,244.1,36.21,0.4697,0.0635,6.389,20.79
2022-07-26 04:00:00,21066.86,1409.46,0.3289,242.9,35.65,0.4676,0.06363,6.286,20.58
2022-07-26 08:00:00,21090.22,1406.33,0.3312,243.3,35.81,0.4667,0.0641,6.292,20.72
2022-07-26 12:00:00,20746.81,1368.68,0.3265,240.0,35.0,0.4512,0.06432,6.15,19.88
2022-07-26 16:00:00,20915.57,1366.02,0.33,243.0,35.02,0.4551,0.06455,6.139,19.71
2022-07-26 20:00:00,21254.67,1449.12,0.3372,249.4,36.25,0.4677,0.06536,6.341,20.71
2022-07-27 00:00:00,21076.86,1424.76,0.331,251.4,35.78,0.4599,0.06522,6.206,20.23
2022-07-27 04:00:00,21347.36,1464.47,0.3365,252.6,36.82,0.4688,0.06614,6.332,21.13
2022-07-27 08:00:00,21200.23,1452.68,0.3343,252.6,36.39,0.4635,0.06595,6.231,20.81
2022-07-27 12:00:00,21530.86,1489.2,0.3381,258.6,37.17,0.471,0.06642,6.345,21.26
2022-07-27 16:00:00,22773.62,1587.96,0.3534,268.4,39.38,0.5024,0.06806,6.744,22.82
2022-07-27 20:00:00,22952.45,1635.74,0.3594,271.6,40.23,0.5111,0.06866,6.86,23.39
2022-07-28 00:00:00,23133.45,1648.64,0.3588,269.3,39.73,0.5086,0.06838,6.867,22.94
2022-07-28 04:00:00,22925.1,1618.44,0.3525,267.7,39.33,0.5002,0.06807,6.811,22.79
2022-07-28 08:00:00,23114.52,1641.52,0.3573,269.3,40.53,0.5024,0.06896,6.878,23.23
2022-07-28 12:00:00,23745.57,1728.31,0.3646,276.5,41.93,0.5121,0.06918,7.068,24.13
2022-07-28 16:00:00,23794.26,1725.98,0.3728,276.3,42.12,0.5117,0.0697,7.13,24.0
2022-07-28 20:00:00,23842.93,1724.52,0.3739,277.2,42.91,0.513,0.06968,7.217,24.2
2022-07-29 00:00:00,23912.85,1727.02,0.3757,278.6,43.48,0.5297,0.06994,7.63,24.7
2022-07-29 04:00:00,23943.26,1715.36,0.3716,277.9,43.05,0.5305,0.07016,7.594,24.44
2022-07-29 08:00:00,23720.56,1681.39,0.3676,284.6,41.93,0.5239,0.07051,7.494,23.93
2022-07-29 12:00:00,24010.74,1721.66,0.3687,298.6,42.63,0.5273,0.0693,7.911,25.01
2022-07-29 16:00:00,23895.13,1723.84,0.367,296.8,41.84,0.5243,0.06893,7.991,24.49
2022-07-29 20:00:00,23773.75,1721.68,0.3679,293.6,41.91,0.5218,0.06924,7.883,24.49
2022-07-30 00:00:00,23801.35,1707.14,0.3668,295.0,41.87,0.5191,0.06945,7.773,24.29
2022-07-30 04:00:00,23880.76,1715.5,0.3696,290.8,42.35,0.5207,0.06993,7.841,24.5
2022-07-30 08:00:00,23956.38,1704.77,0.3711,288.7,42.41,0.5279,0.07027,7.822,24.53
2022-07-30 12:00:00,24529.1,1736.84,0.4015,299.1,46.28,0.5464,0.07092,8.195,25.67
2022-07-30 16:00:00,23920.65,1691.93,0.393,291.1,45.08,0.5313,0.07017,7.883,24.7
2022-07-30 20:00:00,23643.51,1697.0,0.3879,287.8,43.84,0.5263,0.06911,7.82,24.23
2022-07-31 00:00:00,23737.4,1693.74,0.3886,292.8,43.23,0.5279,0.06927,7.921,24.47
2022-07-31 04:00:00,23713.1,1697.93,0.392,291.6,43.84,0.5283,0.06943,7.797,24.52
2022-07-31 08:00:00,23801.07,1718.57,0.3907,292.9,44.41,0.5311,0.0698,7.816,24.8
2022-07-31 12:00:00,23774.97,1712.04,0.3905,291.1,44.13,0.5304,0.07039,7.836,24.65
2022-07-31 16:00:00,23845.88,1717.37,0.3934,289.2,43.78,0.5331,0.07007,7.922,24.66
2022-07-31 20:00:00,23293.32,1678.12,0.3792,283.4,42.35,0.5161,0.06886,7.651,23.72
2022-08-01 00:00:00,23375.62,1691.77,0.3816,287.5,43.01,0.5213,0.0696,7.758,24.1
2022-08-01 04:00:00,23322.05,1692.87,0.3807,288.0,42.94,0.52,0.06955,7.702,23.81
2022-08-01 08:00:00,23227.79,1668.21,0.3781,286.0,42.23,0.5121,0.06912,7.604,23.43
2022-08-01 12:00:00,23326.73,1672.6,0.3795,286.1,42.47,0.5158,0.06919,7.673,23.7
2022-08-01 16:00:00,22953.59,1622.27,0.3755,280.2,41.11,0.5061,0.06872,7.474,23.16
2022-08-01 20:00:00,23268.01,1630.28,0.3791,283.2,41.65,0.5124,0.06986,7.57,23.57
2022-08-02 00:00:00,22853.11,1577.35,0.3709,275.9,40.24,0.4911,0.06863,7.118,22.45
2022-08-02 04:00:00,22887.8,1593.52,0.3705,279.5,40.53,0.4953,0.06832,7.163,22.7
2022-08-02 08:00:00,22882.61,1587.36,0.3713,279.9,40.56,0.4966,0.06861,7.183,22.69
2022-08-02 12:00:00,22979.5,1629.93,0.3729,285.0,41.49,0.5008,0.06888,7.296,23.15
2022-08-02 16:00:00,22951.21,1637.14,0.3724,285.9,41.15,0.4993,0.06877,7.277,23.11
2022-08-02 20:00:00,22987.79,1630.91,0.3714,283.8,39.79,0.4963,0.06831,7.177,22.85
2022-08-03 00:00:00,22862.72,1619.95,0.368,283.1,38.54,0.5012,0.06807,7.193,23.06
2022-08-03 04:00:00,22989.96,1629.09,0.3693,288.0,38.33,0.5034,0.06835,7.426,23.4
2022-08-03 08:00:00,23402.83,1665.54,0.3732,291.1,39.67,0.5106,0.06899,7.567,23.93
2022-08-03 12:00:00,23352.76,1655.86,0.3723,298.0,40.16,0.5094,0.06875,7.518,23.79
2022-08-03 16:00:00,23462.0,1654.38,0.3763,302.5,40.1,0.514,0.06889,7.537,23.99
2022-08-03 20:00:00,22818.37,1618.16,0.3695,297.5,38.54,0.5005,0.06783,7.284,23.04
2022-08-04 00:00:00,23095.74,1651.14,0.3713,306.5,39.36,0.5082,0.06822,7.42,23.6
2022-08-04 04:00:00,22947.92,1625.93,0.3715,303.4,39.21,0.503,0.06797,7.387,23.48
2022-08-04 08:00:00,22885.01,1615.71,0.3696,300.5,38.61,0.4997,0.06786,7.357,23.39
2022-08-04 12:00:00,22931.68,1615.59,0.3686,303.0,38.88,0.5015,0.06865,7.354,23.4
2022-08-04 16:00:00,22451.24,1590.96,0.3671,310.6,38.38,0.4976,0.06888,7.27,23.15
2022-08-04 20:00:00,22622.98,1607.96,0.371,311.8,38.83,0.4997,0.06891,7.364,23.36
2022-08-05 00:00:00,23175.32,1659.65,0.3757,313.3,40.1,0.5099,0.06946,7.632,24.04
2022-08-05 04:00:00,23186.08,1662.87,0.3743,316.9,40.08,0.5098,0.06941,7.708,23.85
2022-08-05 08:00:00,23405.13,1713.43,0.3774,317.7,41.01,0.5169,0.07003,7.803,24.67
2022-08-05 12:00:00,22988.25,1670.05,0.3701,313.1,40.01,0.5069,0.06897,7.717,24.16
2022-08-05 16:00:00,22932.83,1681.36,0.3699,314.5,39.94,0.5101,0.0693,7.644,24.17
2022-08-05 20:00:00,23312.42,1736.81,0.3764,315.9,40.55,0.5174,0.06989,7.878,24.95
2022-08-06 00:00:00,23173.65,1734.47,0.3743,315.1,40.51,0.5159,0.06983,7.778,24.98
2022-08-06 04:00:00,23205.87,1720.73,0.3751,315.2,40.42,0.5179,0.07008,7.95,25.2
2022-08-06 08:00:00,23157.42,1712.11,0.3743,314.5,40.29,0.5162,0.06996,7.924,25.43
2022-08-06 12:00:00,23202.21,1715.53,0.3748,316.0,40.45,0.5179,0.07003,7.881,25.77
2022-08-06 16:00:00,23185.12,1714.73,0.3741,318.7,40.81,0.5174,0.06982,7.851,26.55
2022-08-06 20:00:00,22954.21,1690.6,0.3715,315.2,40.07,0.5112,0.06947,7.792,26.63
2022-08-07 00:00:00,22990.1,1684.07,0.3712,310.8,39.76,0.5117,0.0694,7.737,26.19
2022-08-07 04:00:00,23015.95,1686.24,0.3718,312.3,39.99,0.5167,0.06973,7.741,26.12
2022-08-07 08:00:00,23038.48,1692.6,0.3721,315.5,40.13,0.5169,0.06986,7.813,26.45
2022-08-07 12:00:00,23023.14,1698.89,0.3728,322.3,40.33,0.5185,0.06994,7.844,28.01
2022-08-07 16:00:00,23161.02,1708.45,0.3744,322.6,40.56,0.5202,0.06997,8.225,27.8
2022-08-07 20:00:00,23174.39,1700.19,0.3722,322.8,40.6,0.5276,0.06962,8.343,27.9
2022-08-08 00:00:00,23306.63,1709.77,0.3733,325.6,41.93,0.5328,0.06977,8.408,28.19
2022-08-08 04:00:00,23807.68,1732.79,0.377,328.7,42.68,0.5401,0.07045,8.455,28.41
2022-08-08 08:00:00,24166.12,1789.37,0.3821,330.4,43.41,0.5466,0.07082,8.687,29.76
2022-08-08 12:00:00,23991.38,1775.31,0.3794,325.2,42.5,0.5341,0.07022,8.67,29.04
2022-08-08 16:00:00,23926.83,1783.13,0.3805,327.6,42.5,0.5345,0.0704,8.545,28.59
2022-08-08 20:00:00,23810.0,1777.05,0.3787,324.9,42.18,0.5371,0.0701,8.608,27.91
2022-08-09 00:00:00,23828.96,1778.53,0.3771,324.5,42.44,0.5336,0.07031,8.713,28.03
2022-08-09 04:00:00,23878.12,1782.02,0.3776,325.6,42.56,0.5346,0.07064,8.622,28.48
2022-08-09 08:00:00,23263.92,1704.04,0.3687,317.6,40.85,0.5174,0.06915,8.425,27.39
2022-08-09 12:00:00,23075.0,1684.63,0.3635,316.0,40.14,0.5102,0.06852,8.59,27.14
2022-08-09 16:00:00,23053.82,1688.0,0.3659,320.4,40.08,0.5112,0.06866,8.625,27.34
2022-08-09 20:00:00,23149.95,1702.76,0.3672,324.4,40.33,0.5129,0.0684,8.742,27.42
2022-08-10 00:00:00,22863.75,1669.49,0.3611,315.0,39.28,0.5069,0.06822,8.405,27.54
2022-08-10 04:00:00,22963.67,1686.0,0.3629,321.9,39.68,0.5105,0.06853,8.394,27.41
2022-08-10 08:00:00,23123.95,1707.2,0.3647,317.5,40.04,0.5134,0.06884,8.423,28.07
2022-08-10 12:00:00,23997.1,1837.5,0.3771,333.3,42.08,0.5347,0.0702,9.209,29.54
2022-08-10 16:00:00,23638.95,1818.24,0.3757,327.0,41.31,0.5292,0.06972,9.041,28.69
2022-08-10 20:00:00,23954.05,1853.57,0.3814,328.8,42.47,0.5374,0.07038,9.055,29.18
2022-08-11 00:00:00,24324.38,1880.37,0.3812,331.9,43.82,0.544,0.07072,9.081,29.57
2022-08-11 04:00:00,24431.88,1878.88,0.3802,330.6,44.52,0.5387,0.07077,8.97,29.61
2022-08-11 08:00:00,24559.37,1903.58,0.3804,330.2,44.08,0.5379,0.07069,9.025,29.52
2022-08-11 12:00:00,24343.68,1890.48,0.3786,325.0,43.46,0.5357,0.07038,8.864,28.82
2022-08-11 16:00:00,24221.81,1899.16,0.3807,326.0,43.37,0.5352,0.07052,9.117,28.9
2022-08-11 20:00:00,23934.39,1880.19,0.3802,323.6,42.77,0.5303,0.07034,8.958,28.53
2022-08-12 00:00:00,24010.11,1903.98,0.378,323.8,43.4,0.5318,0.07066,9.052,28.97
2022-08-12 04:00:00,23960.99,1888.44,0.3756,323.4,43.15,0.533,0.07035,9.049,28.82
2022-08-12 08:00:00,23672.99,1868.61,0.3713,319.1,42.31,0.5232,0.0695,9.058,28.41
2022-08-12 12:00:00,23980.66,1897.69,0.3735,323.4,43.2,0.5318,0.06993,9.284,29.0
2022-08-12 16:00:00,24177.57,1926.21,0.3771,325.2,44.65,0.5378,0.0701,9.208,29.17
2022-08-12 20:00:00,24403.68,1958.28,0.3796,327.9,45.48,0.5402,0.07045,9.324,29.34
2022-08-13 00:00:00,24796.53,1996.57,0.3819,328.7,47.42,0.5435,0.07099,9.339,30.12
2022-08-13 04:00:00,24572.12,1995.78,0.3808,327.6,47.16,0.5582,0.07,9.235,29.58
2022-08-13 08:00:00,24435.91,1985.99,0.3797,331.3,46.73,0.5588,0.07004,9.144,29.58
2022-08-13 12:00:00,24512.66,1988.51,0.3807,328.1,46.24,0.56,0.06999,9.177,29.52
2022-08-13 16:00:00,24398.56,1975.62,0.3775,324.3,46.3,0.5571,0.06973,9.12,29.04
2022-08-13 20:00:00,24441.38,1983.55,0.378,324.3,46.6,0.5593,0.06997,9.144,29.16
2022-08-14 00:00:00,24570.02,1985.82,0.384,326.9,46.74,0.5905,0.07021,9.179,29.3
2022-08-14 04:00:00,24873.32,2016.75,0.3866,329.7,47.74,0.5876,0.07054,9.35,29.68
2022-08-14 08:00:00,24564.49,1990.15,0.385,327.4,46.71,0.581,0.07118,9.124,29.22
2022-08-14 12:00:00,24524.54,1984.17,0.3827,322.8,46.04,0.579,0.07124,8.994,28.89
2022-08-14 16:00:00,24284.07,1931.42,0.3787,319.2,45.09,0.568,0.07055,8.837,28.27
2022-08-14 20:00:00,24305.24,1935.31,0.3757,317.6,44.87,0.5695,0.07036,8.765,28.18
2022-08-15 00:00:00,24867.39,1986.33,0.3817,323.9,46.46,0.5751,0.07042,8.969,28.9
2022-08-15 04:00:00,24027.05,1899.87,0.3698,316.7,43.83,0.5521,0.06889,8.572,27.72
2022-08-15 08:00:00,24049.48,1891.23,0.3681,316.0,43.8,0.555,0.06847,8.619,27.6
2022-08-15 12:00:00,24226.0,1917.7,0.3725,319.6,44.51,0.5644,0.06871,8.787,28.11
2022-08-15 16:00:00,23982.54,1889.57,0.3723,317.3,43.81,0.5544,0.06892,8.668,27.67
2022-08-15 20:00:00,24094.82,1899.06,0.3751,319.5,43.72,0.5499,0.06886,8.646,27.88
2022-08-16 00:00:00,24083.42,1887.71,0.3717,318.3,43.66,0.5555,0.06892,8.674,27.8
2022-08-16 04:00:00,24066.93,1886.59,0.3729,317.7,43.31,0.5566,0.06901,8.631,27.83
2022-08-16 08:00:00,24038.03,1906.64,0.3766,317.3,43.97,0.5663,0.06904,8.645,28.01
2022-08-16 12:00:00,23901.27,1887.38,0.3733,315.8,43.41,0.56,0.06983,8.528,27.63
2022-08-16 16:00:00,23930.24,1879.34,0.3749,315.5,43.12,0.561,0.06963,8.494,27.33
2022-08-16 20:00:00,23854.74,1876.67,0.377,316.1,43.08,0.557,0.06974,8.452,27.1
2022-08-17 00:00:00,24006.66,1896.0,0.387,317.7,44.0,0.5776,0.07017,8.631,27.62
2022-08-17 04:00:00,23786.42,1890.39,0.3774,315.9,43.14,0.5565,0.07004,8.442,27.3
2022-08-17 08:00:00,23746.65,1876.85,0.3774,313.5,42.77,0.5552,0.06981,8.425,27.16
2022-08-17 12:00:00,23391.9,1830.92,0.3731,307.2,41.11,0.5358,0.06861,8.091,26.11
2022-08-17 16:00:00,23275.04,1838.51,0.3776,307.9,40.76,0.5379,0.06848,8.133,26.16
2022-08-17 20:00:00,23342.66,1834.25,0.3795,306.9,40.54,0.5384,0.06832,8.061,25.55
2022-08-18 00:00:00,23433.31,1848.65,0.374,306.4,40.82,0.5371,0.06776,8.112,25.87
2022-08-18 04:00:00,23414.21,1845.01,0.3749,307.7,40.92,0.5394,0.06819,8.192,25.88
2022-08-18 08:00:00,23534.43,1859.49,0.3789,309.0,41.33,0.5415,0.06838,8.225,26.11
2022-08-18 12:00:00,23452.28,1873.11,0.3765,305.4,41.18,0.5377,0.0682,8.131,25.74
2022-08-18 16:00:00,23344.88,1870.43,0.3777,303.5,40.78,0.529,0.06824,8.005,25.28
2022-08-18 20:00:00,23191.2,1846.39,0.3704,298.1,39.52,0.5119,0.06741,7.649,24.21
2022-08-19 00:00:00,22769.05,1818.02,0.3608,291.7,38.31,0.4929,0.06638,7.462,23.2
2022-08-19 04:00:00,21905.88,1744.63,0.3452,282.7,36.65,0.4753,0.06512,7.13,22.34
2022-08-19 08:00:00,21467.91,1707.73,0.3387,282.1,36.37,0.4651,0.06469,7.058,22.62
2022-08-19 12:00:00,21443.36,1698.17,0.336,283.9,36.95,0.4661,0.06528,7.119,22.82
2022-08-19 16:00:00,21329.66,1701.18,0.3413,286.3,37.15,0.4649,0.06478,7.113,22.96
2022-08-19 20:00:00,20834.39,1609.01,0.3344,279.1,35.81,0.45,0.06407,6.899,22.44
2022-08-20 00:00:00,21140.34,1627.65,0.34,285.9,36.6,0.4589,0.0652,7.069,22.78
2022-08-20 04:00:00,21307.25,1647.76,0.3417,287.7,37.04,0.4612,0.06533,7.154,22.98
2022-08-20 08:00:00,21233.66,1631.0,0.3415,287.1,36.57,0.4595,0.06547,7.073,22.71
2022-08-20 12:00:00,21299.44,1634.69,0.3412,286.9,36.5,0.4552,0.06553,7.023,22.79
2022-08-20 16:00:00,20988.36,1564.23,0.3358,279.5,34.44,0.4414,0.06529,6.726,21.83
2022-08-20 20:00:00,21140.07,1576.04,0.3368,283.7,35.28,0.4508,0.06579,6.9,22.3
2022-08-21 00:00:00,21208.72,1585.57,0.3368,286.8,35.11,0.4498,0.06532,6.918,22.4
2022-08-21 04:00:00,21251.38,1585.45,0.3437,296.6,35.45,0.4579,0.06504,7.043,22.89
2022-08-21 08:00:00,21524.39,1626.75,0.345,296.1,36.2,0.4629,0.06556,7.116,23.13
2022-08-21 12:00:00,21420.2,1621.12,0.3429,298.5,36.02,0.4612,0.06556,7.042,22.85
2022-08-21 16:00:00,21512.01,1624.18,0.3439,299.1,36.33,0.4664,0.0659,7.087,23.02
2022-08-21 20:00:00,21515.61,1618.13,0.3449,301.9,36.47,0.4626,0.0659,7.082,22.97
2022-08-22 00:00:00,21414.86,1594.95,0.337,296.7,36.12,0.4585,0.0658,7.015,22.66
2022-08-22 04:00:00,21097.72,1556.62,0.3356,291.5,34.89,0.4461,0.06549,6.769,21.97
2022-08-22 08:00:00,21248.71,1567.78,0.3356,296.0,34.65,0.448,0.06516,6.836,22.1
2022-08-22 12:00:00,21400.47,1589.78,0.3374,298.8,34.82,0.4537,0.0654,6.883,22.33
2022-08-22 16:00:00,21057.25,1567.72,0.335,296.1,34.61,0.4495,0.06467,6.839,22.08
2022-08-22 20:00:00,21399.83,1624.66,0.344,300.0,35.41,0.4615,0.06562,7.044,22.55
2022-08-23 00:00:00,21239.18,1609.26,0.3389,298.7,35.22,0.4566,0.06572,7.048,22.57
2022-08-23 04:00:00,21305.34,1602.24,0.3377,298.8,34.97,0.4529,0.06566,6.94,22.43
2022-08-23 08:00:00,21456.34,1620.49,0.3409,298.6,35.67,0.461,0.06595,7.085,22.88
2022-08-23 12:00:00,21474.67,1640.5,0.3426,298.2,35.7,0.4609,0.06619,7.237,23.32
2022-08-23 16:00:00,21522.01,1650.62,0.345,298.3,35.4,0.4609,0.06617,7.232,23.31
2022-08-23 20:00:00,21529.12,1665.41,0.3472,299.3,35.68,0.4658,0.06631,7.241,23.5
2022-08-24 00:00:00,21264.01,1614.44,0.3396,297.5,34.61,0.4551,0.06515,7.039,23.03
2022-08-24 04:00:00,21317.85,1627.06,0.3406,295.3,34.89,0.4562,0.06521,7.072,23.03
2022-08-24 08:00:00,21438.92,1650.92,0.3437,297.1,35.39,0.4611,0.06552,7.181,23.22
2022-08-24 12:00:00,21618.45,1683.5,0.3456,298.0,36.05,0.4651,0.06562,7.292,23.46
2022-08-24 16:00:00,21707.58,1678.59,0.3496,298.7,35.83,0.4648,0.06533,7.277,23.48
2022-08-24 20:00:00,21368.08,1656.56,0.3456,296.4,34.89,0.4578,0.06482,7.124,23.01
2022-08-25 00:00:00,21468.93,1669.73,0.3454,296.3,35.23,0.4591,0.06508,7.188,23.02
2022-08-25 04:00:00,21743.29,1708.92,0.347,305.0,36.26,0.4685,0.06563,7.353,23.53
2022-08-25 08:00:00,21720.31,1710.11,0.3487,304.1,36.33,0.465,0.06549,7.269,23.43
2022-08-25 12:00:00,21565.12,1701.19,0.3454,301.5,35.74,0.4622,0.06526,7.087,22.89
2022-08-25 16:00:00,21605.2,1707.1,0.3489,302.4,35.79,0.4679,0.06542,7.138,23.04
2022-08-25 20:00:00,21559.04,1695.11,0.3491,301.2,35.27,0.4645,0.06549,7.124,22.99
2022-08-26 00:00:00,21552.17,1687.15,0.3475,299.4,35.1,0.4675,0.06533,7.112,22.97
2022-08-26 04:00:00,21452.9,1660.56,0.3493,296.5,34.69,0.4818,0.06501,6.978,22.55
2022-08-26 08:00:00,21189.77,1629.13,0.3534,293.8,34.25,0.4647,0.06463,6.883,22.26
2022-08-26 12:00:00,20781.08,1593.53,0.3403,288.1,33.28,0.4517,0.0634,6.764,21.81
2022-08-26 16:00:00,20644.47,1559.78,0.3403,285.3,32.92,0.4427,0.06225,6.656,21.52
2022-08-26 20:00:00,20241.05,1508.18,0.3393,279.6,31.72,0.4316,0.06158,6.504,20.66
2022-08-27 00:00:00,20203.18,1501.86,0.3366,280.8,31.88,0.435,0.06179,6.55,20.53
2022-08-27 04:00:00,20272.25,1508.02,0.3363,282.7,32.23,0.4413,0.06219,6.601,20.75
2022-08-27 08:00:00,20211.21,1505.32,0.3371,282.9,31.99,0.4465,0.06225,6.583,20.66
2022-08-27 12:00:00,19977.36,1469.93,0.3341,280.4,31.35,0.4428,0.06241,6.503,20.19
2022-08-27 16:00:00,20018.0,1479.63,0.335,277.9,31.33,0.4447,0.06265,6.497,20.24
2022-08-27 20:00:00,20037.6,1491.06,0.3346,277.9,31.53,0.4499,0.0629,6.529,20.03
2022-08-28 00:00:00,19990.58,1491.48,0.3343,277.3,31.41,0.4462,0.06273,6.487,19.82
2022-08-28 04:00:00,20056.62,1496.99,0.3344,279.7,31.79,0.4502,0.06297,6.542,20.13
2022-08-28 08:00:00,20034.97,1485.72,0.3353,279.7,31.77,0.4463,0.06266,6.507,20.13
2022-08-28 12:00:00,20022.03,1486.84,0.3341,281.3,31.85,0.445,0.06266,6.578,20.04
2022-08-28 16:00:00,19973.76,1483.27,0.3345,281.6,31.7,0.4422,0.06233,6.505,19.82
2022-08-28 20:00:00,19555.61,1426.76,0.3224,276.5,30.44,0.4293,0.06141,6.255,18.53
2022-08-29 00:00:00,19868.14,1456.88,0.3233,278.7,30.69,0.4334,0.06177,6.361,18.17
2022-08-29 04:00:00,19897.01,1454.74,0.3224,277.9,30.58,0.433,0.06175,6.349,18.05
2022-08-29 08:00:00,19825.09,1449.04,0.323,273.5,30.7,0.4342,0.06184,6.366,18.06
2022-08-29 12:00:00,20262.28,1521.89,0.3282,284.4,31.79,0.4461,0.0629,6.564,19.07
2022-08-29 16:00:00,20098.65,1531.36,0.3294,281.0,31.53,0.4471,0.06287,6.564,19.0
2022-08-29 20:00:00,20285.73,1551.8,0.3337,285.9,32.42,0.4504,0.06337,6.7,19.32
2022-08-30 00:00:00,20273.36,1544.2,0.3301,287.2,32.32,0.4491,0.0633,6.663,19.52
2022-08-30 04:00:00,20434.16,1586.98,0.3322,290.7,32.75,0.453,0.06327,6.786,20.3
2022-08-30 08:00:00,20403.8,1584.88,0.3308,289.7,32.75,0.4574,0.06316,6.741,20.18
2022-08-30 12:00:00,19756.24,1524.69,0.3239,281.6,31.21,0.4469,0.06525,6.515,19.39
2022-08-30 16:00:00,19947.2,1543.3,0.3262,282.4,31.55,0.451,0.06493,6.595,19.6
2022-08-30 20:00:00,19811.66,1524.59,0.3267,281.6,31.47,0.4531,0.06472,6.556,19.39
2022-08-31 00:00:00,20402.87,1606.54,0.3322,288.7,32.45,0.4612,0.06545,6.789,19.81
2022-08-31 04:00:00,20258.09,1584.83,0.3307,286.2,32.31,0.4565,0.06444,6.751,19.61
2022-08-31 08:00:00,20314.78,1594.89,0.3304,286.5,32.58,0.4566,0.06441,6.803,19.79
2022-08-31 12:00:00,20140.63,1560.68,0.3267,282.5,31.93,0.4543,0.06367,6.688,19.57
2022-08-31 16:00:00,20228.57,1575.33,0.3295,282.3,32.11,0.4532,0.06359,6.65,19.4
2022-08-31 20:00:00,20050.02,1554.1,0.3277,279.2,31.5,0.4462,0.06339,6.627,19.14
2022-09-01 00:00:00,20022.97,1549.91,0.3237,277.6,31.24,0.4455,0.06311,6.561,19.09
2022-09-01 04:00:00,19895.66,1544.6,0.3259,275.4,31.08,0.4466,0.06271,6.518,18.95
2022-09-01 08:00:00,20074.01,1577.99,0.3269,278.4,31.45,0.4479,0.06319,6.738,19.23
2022-09-01 12:00:00,19782.59,1536.03,0.3231,272.4,30.76,0.4467,0.06233,6.545,18.55
2022-09-01 16:00:00,19871.68,1564.64,0.33,275.9,31.07,0.4533,0.06279,6.661,18.87
2022-09-01 20:00:00,20131.46,1586.16,0.3331,278.3,31.61,0.4575,0.06328,6.925,19.33
2022-09-02 00:00:00,20157.01,1595.82,0.3311,279.0,31.57,0.4582,0.06333,6.934,19.28
2022-09-02 04:00:00,20111.24,1594.29,0.3316,278.9,31.63,0.4588,0.06318,6.884,19.23
2022-09-02 08:00:00,20090.81,1593.63,0.3292,279.0,31.58,0.4556,0.06299,6.931,19.17
2022-09-02 12:00:00,20355.85,1636.32,0.3305,282.1,32.28,0.4652,0.06347,7.183,19.56
2022-09-02 16:00:00,19910.43,1561.47,0.3272,275.3,31.06,0.4508,0.06243,6.837,18.83
2022-09-02 20:00:00,19951.86,1575.35,0.3314,277.5,31.23,0.4543,0.06261,6.926,18.86
2022-09-03 00:00:00,19899.69,1561.54,0.3283,276.5,30.95,0.4587,0.06264,6.878,18.75
2022-09-03 04:00:00,19815.63,1544.07,0.3282,275.6,31.04,0.4653,0.06249,6.822,18.74
2022-09-03 08:00:00,19798.76,1548.66,0.329,276.1,31.04,0.4721,0.06275,6.832,18.83
2022-09-03 12:00:00,19772.95,1548.24,0.3293,276.3,31.12,0.4789,0.06292,6.813,18.8
2022-09-03 16:00:00,19710.0,1549.31,0.3288,276.6,30.99,0.4798,0.0628,6.789,18.75
2022-09-03 20:00:00,19831.9,1557.46,0.3297,277.8,31.12,0.4803,0.0631,6.859,18.89
2022-09-04 00:00:00,19772.79,1552.16,0.3303,277.6,31.43,0.494,0.06268,6.863,18.91
2022-09-04 04:00:00,19632.4,1545.44,0.3288,275.9,31.1,0.4916,0.06265,6.823,18.8
2022-09-04 08:00:00,19850.79,1564.55,0.3311,279.1,31.86,0.5053,0.0632,7.063,18.96
2022-09-04 12:00:00,19789.9,1560.55,0.3299,278.0,31.82,0.5003,0.06316,7.195,18.98
2022-09-04 16:00:00,19882.69,1567.1,0.3307,277.6,31.74,0.4982,0.06336,7.163,18.95
2022-09-04 20:00:00,20000.3,1579.28,0.3317,279.1,32.16,0.5035,0.06351,7.156,19.01
2022-09-05 00:00:00,19884.91,1575.48,0.3306,278.6,32.1,0.4981,0.06321,7.198,19.06
2022-09-05 04:00:00,19750.0,1562.49,0.3257,275.3,31.68,0.4885,0.06288,7.224,18.75
2022-09-05 08:00:00,19701.95,1566.86,0.3246,274.8,31.28,0.4867,0.06275,7.144,18.55
2022-09-05 12:00:00,19854.59,1600.82,0.3284,276.7,31.85,0.492,0.06283,7.288,18.77
2022-09-05 16:00:00,19708.64,1586.01,0.3299,274.2,31.72,0.4884,0.06249,7.222,18.68
2022-09-05 20:00:00,19796.84,1617.8,0.3329,276.9,32.18,0.4984,0.06295,7.375,19.44
2022-09-06 00:00:00,19790.01,1640.38,0.3341,279.6,32.73,0.4985,0.06321,7.279,19.91
2022-09-06 04:00:00,19905.79,1658.77,0.3337,280.6,32.97,0.5037,0.06332,7.337,20.0
2022-09-06 08:00:00,19918.33,1668.49,0.3361,281.6,33.24,0.5006,0.06398,7.308,20.18
2022-09-06 12:00:00,19818.37,1669.85,0.3343,281.3,33.79,0.4962,0.06315,7.189,19.98
2022-09-06 16:00:00,18824.41,1576.67,0.3235,265.8,31.01,0.467,0.06085,6.684,18.45
2022-09-06 20:00:00,18790.61,1559.01,0.3212,262.5,30.88,0.4625,0.06069,6.659,18.21
2022-09-07 00:00:00,18745.85,1510.37,0.3183,263.0,30.88,0.4601,0.06033,6.636,18.25
2022-09-07 04:00:00,18800.43,1518.32,0.3203,264.3,31.1,0.4648,0.06068,6.711,18.39
2022-09-07 08:00:00,18739.59,1513.79,0.3231,263.5,31.15,0.4618,0.06033,6.757,18.27
2022-09-07 12:00:00,18871.35,1544.17,0.3248,267.1,31.5,0.4671,0.06071,6.785,18.61
2022-09-07 16:00:00,18992.38,1570.15,0.3336,270.6,31.95,0.4714,0.06108,6.911,18.7
2022-09-07 20:00:00,19292.84,1630.0,0.3369,278.9,32.69,0.4787,0.06181,7.085,19.01
2022-09-08 00:00:00,19218.4,1629.79,0.3322,279.4,32.45,0.4764,0.06089,7.054,18.94
2022-09-08 04:00:00,19171.66,1613.55,0.3313,276.7,32.37,0.4694,0.06076,7.057,18.8
2022-09-08 08:00:00,19311.15,1635.99,0.3325,278.6,32.89,0.4714,0.06111,7.252,18.75
2022-09-08 12:00:00,19250.81,1629.56,0.3333,279.9,33.4,0.4703,0.06068,7.36,18.98
2022-09-08 16:00:00,19352.38,1649.6,0.343,281.2,33.47,0.4775,0.06112,7.497,19.06
2022-09-08 20:00:00,19319.77,1635.37,0.3396,280.5,33.61,0.479,0.06126,7.406,19.13
2022-09-09 00:00:00,19950.73,1672.96,0.3449,285.6,34.74,0.4887,0.06187,7.762,19.85
2022-09-09 04:00:00,20631.76,1704.93,0.3492,290.9,35.38,0.4924,0.06293,7.86,20.04
2022-09-09 08:00:00,20937.72,1700.08,0.3508,291.8,35.37,0.4952,0.06314,7.956,20.11
2022-09-09 12:00:00,21266.79,1719.34,0.3472,292.3,34.97,0.4932,0.06321,7.83,20.31
2022-09-09 16:00:00,21291.62,1720.08,0.3525,291.7,34.8,0.4945,0.0634,7.726,20.3
2022-09-09 20:00:00,21360.11,1718.23,0.3568,293.4,34.67,0.5022,0.06343,7.742,20.38
2022-09-10 00:00:00,21303.07,1733.5,0.3548,293.6,34.69,0.5171,0.06334,7.758,20.55
2022-09-10 04:00:00,21283.87,1711.0,0.353,292.5,34.36,0.5065,0.06331,7.646,20.31
2022-09-10 08:00:00,21285.11,1723.96,0.3546,294.0,34.74,0.5145,0.06376,7.775,20.37
2022-09-10 12:00:00,21219.36,1715.77,0.3558,293.1,34.5,0.5146,0.06389,7.738,20.18
2022-09-10 16:00:00,21579.1,1741.05,0.3571,294.8,34.92,0.5115,0.06439,7.936,20.39
2022-09-10 20:00:00,21648.34,1774.12,0.3573,296.7,35.03,0.5121,0.06474,7.904,20.44
2022-09-11 00:00:00,21542.42,1760.87,0.3561,294.4,34.76,0.5123,0.06479,7.881,20.34
2022-09-11 04:00:00,21611.49,1761.61,0.356,295.3,34.62,0.5142,0.06425,7.939,20.39
2022-09-11 08:00:00,21613.03,1770.14,0.3548,296.3,34.77,0.5157,0.06416,7.989,20.4
2022-09-11 12:00:00,21643.16,1768.8,0.3553,294.5,35.24,0.5112,0.06426,7.86,20.48
2022-09-11 16:00:00,21617.99,1763.55,0.3553,294.8,35.27,0.5116,0.06411,7.968,20.52
2022-09-11 20:00:00,21826.87,1766.11,0.3552,295.3,34.99,0.5098,0.06419,8.028,20.68
2022-09-12 00:00:00,21656.87,1726.8,0.3497,293.0,34.91,0.5027,0.06386,7.92,20.32
2022-09-12 04:00:00,22193.64,1758.6,0.3529,296.2,35.46,0.5108,0.06427,8.044,20.77
2022-09-12 08:00:00,22312.75,1748.92,0.3547,298.9,37.71,0.5159,0.06407,8.08,21.47
2022-09-12 12:00:00,22114.5,1706.4,0.3528,293.4,37.14,0.5047,0.06351,7.724,21.13
2022-09-12 16:00:00,22426.08,1726.28,0.3567,294.5,37.64,0.5061,0.0636,7.805,21.4
2022-09-12 20:00:00,22395.74,1716.37,0.3598,294.1,37.44,0.5012,0.06386,7.762,21.38
2022-09-13 00:00:00,22231.58,1716.12,0.3531,293.1,38.79,0.4982,0.06342,7.699,21.49
2022-09-13 04:00:00,22273.09,1715.99,0.357,293.7,38.54,0.5027,0.06377,7.799,21.65
2022-09-13 08:00:00,22522.74,1737.63,0.3568,295.4,38.46,0.5041,0.0637,7.896,21.56
2022-09-13 12:00:00,20829.77,1594.45,0.3393,283.1,34.73,0.47,0.06149,7.191,19.66
2022-09-13 16:00:00,20283.58,1605.25,0.3372,279.7,34.09,0.4705,0.06125,7.211,19.3
2022-09-13 20:00:00,20173.57,1574.4,0.3326,277.4,33.0,0.4635,0.06068,7.025,18.87
2022-09-14 00:00:00,20323.04,1602.92,0.3356,280.0,33.6,0.4726,0.06117,7.253,19.2
2022-09-14 04:00:00,20243.89,1612.14,0.3359,279.1,33.17,0.4727,0.06103,7.193,18.98
2022-09-14 08:00:00,20225.35,1595.28,0.3352,279.6,33.23,0.4723,0.06139,7.278,18.9
2022-09-14 12:00:00,20178.79,1594.94,0.3366,279.5,33.53,0.482,0.06141,7.426,19.05
2022-09-14 16:00:00,19952.11,1599.81,0.3405,277.5,33.49,0.4803,0.06134,7.41,18.95
2022-09-14 20:00:00,20226.71,1638.39,0.3415,279.3,34.12,0.4809,0.06162,7.456,19.12
2022-09-15 00:00:00,20023.59,1605.53,0.3357,276.2,33.06,0.4704,0.06067,7.199,18.63
2022-09-15 04:00:00,20204.23,1636.65,0.3409,277.1,34.7,0.4775,0.06185,7.405,19.18
2022-09-15 08:00:00,20148.35,1591.53,0.3352,275.6,33.92,0.4745,0.0616,7.318,18.97
2022-09-15 12:00:00,19737.36,1492.94,0.3257,269.8,32.99,0.4673,0.06116,7.179,18.4
2022-09-15 16:00:00,19782.36,1497.63,0.3297,271.6,33.42,0.4679,0.0614,7.316,18.41
2022-09-15 20:00:00,19701.88,1472.75,0.3261,271.1,33.07,0.4662,0.06131,7.566,18.21
2022-09-16 00:00:00,19744.77,1473.56,0.3271,273.2,32.86,0.4686,0.06144,7.533,18.16
2022-09-16 04:00:00,19739.1,1471.7,0.3263,273.4,32.82,0.4656,0.06131,7.594,18.18
2022-09-16 08:00:00,19867.82,1478.64,0.3302,276.3,33.07,0.4649,0.06148,7.744,18.12
2022-09-16 12:00:00,19661.24,1452.31,0.3347,275.1,32.27,0.4615,0.06108,7.732,17.99
2022-09-16 16:00:00,19618.91,1427.6,0.3413,273.2,32.11,0.4616,0.06104,7.58,17.91
2022-09-16 20:00:00,19803.3,1433.9,0.3552,274.9,32.25,0.4746,0.06132,7.656,18.05
2022-09-17 00:00:00,19884.93,1440.57,0.3502,276.3,32.67,0.4771,0.06172,7.802,18.24
2022-09-17 04:00:00,19842.09,1432.37,0.3478,276.5,32.85,0.4762,0.06152,8.0,18.23
2022-09-17 08:00:00,19810.22,1419.64,0.3528,276.9,32.63,0.4763,0.06142,7.842,18.14
2022-09-17 12:00:00,19963.34,1444.34,0.3709,277.5,33.3,0.4811,0.06176,7.907,18.36
2022-09-17 16:00:00,20009.21,1464.66,0.3726,278.7,33.26,0.4826,0.06193,8.02,18.41
2022-09-17 20:00:00,20113.62,1468.83,0.3762,279.1,33.68,0.4859,0.06228,8.092,18.48
2022-09-18 00:00:00,20000.33,1451.81,0.3684,277.4,33.42,0.483,0.06206,7.957,18.4
2022-09-18 04:00:00,20053.17,1453.45,0.387,278.1,33.83,0.4898,0.0623,8.007,18.42
2022-09-18 08:00:00,19922.92,1434.01,0.3779,276.6,33.34,0.4777,0.06218,7.929,18.2
2022-09-18 12:00:00,19814.63,1417.43,0.3813,275.3,32.9,0.4693,0.06252,7.877,18.08
2022-09-18 16:00:00,19725.87,1380.78,0.3966,272.8,32.41,0.4676,0.06193,7.835,17.91
2022-09-18 20:00:00,19416.18,1334.51,0.3576,266.2,31.1,0.4477,0.06077,7.523,16.7
2022-09-19 00:00:00,18776.93,1294.55,0.3449,261.8,30.9,0.4374,0.06018,7.2,16.66
2022-09-19 04:00:00,18468.74,1302.21,0.3498,259.6,31.11,0.437,0.05963,7.17,16.69
2022-09-19 08:00:00,18684.87,1307.9,0.3506,262.0,31.26,0.4399,0.05966,7.141,16.84
2022-09-19 12:00:00,19080.49,1341.53,0.3552,266.1,31.92,0.447,0.05976,7.27,17.05
2022-09-19 16:00:00,19514.8,1362.37,0.39,268.9,32.81,0.4551,0.0603,7.336,17.21
2022-09-19 20:00:00,19537.02,1375.98,0.3848,271.9,32.62,0.4527,0.06028,7.301,17.28
2022-09-20 00:00:00,19364.19,1355.0,0.3729,269.4,32.44,0.4476,0.06042,7.197,17.14
2022-09-20 04:00:00,19357.93,1358.54,0.3778,270.2,32.32,0.4472,0.06033,7.207,17.08
2022-09-20 08:00:00,19219.49,1356.26,0.3816,270.2,32.19,0.4446,0.0602,7.134,16.89
2022-09-20 12:00:00,19238.1,1377.18,0.4201,270.3,32.51,0.4488,0.06004,7.208,17.01
2022-09-20 16:00:00,18993.33,1352.1,0.4102,268.4,31.84,0.4431,0.05969,6.956,16.83
2022-09-20 20:00:00,18875.0,1322.93,0.414,266.3,31.41,0.4422,0.05978,6.883,16.65
2022-09-21 00:00:00,19021.17,1337.21,0.4046,267.2,31.84,0.4554,0.06003,6.93,16.84
2022-09-21 04:00:00,18947.82,1331.97,0.4024,265.9,31.76,0.4485,0.05949,6.862,16.63
2022-09-21 08:00:00,19165.93,1350.92,0.4055,269.4,32.04,0.4521,0.05978,7.022,16.92
2022-09-21 12:00:00,19191.17,1343.05,0.3941,267.3,31.51,0.4437,0.05972,6.952,16.88
2022-09-21 16:00:00,19001.03,1323.47,0.4073,268.9,31.55,0.4464,0.06022,6.968,17.04
2022-09-21 20:00:00,18461.36,1245.78,0.3936,264.0,30.65,0.4389,0.05905,6.68,16.55
2022-09-22 00:00:00,18690.39,1262.91,0.4023,265.2,31.02,0.4438,0.05913,6.74,16.69
2022-09-22 04:00:00,18934.29,1278.59,0.4234,266.9,31.74,0.4488,0.05963,6.88,17.18
2022-09-22 08:00:00,19229.81,1308.5,0.4325,270.2,32.35,0.4562,0.05986,7.073,17.61
2022-09-22 12:00:00,18986.89,1271.25,0.4339,268.4,31.91,0.4502,0.05957,6.947,17.31
2022-09-22 16:00:00,19311.19,1323.87,0.4836,274.3,32.46,0.462,0.06006,7.106,17.65
2022-09-22 20:00:00,19401.63,1326.46,0.4862,275.3,32.43,0.4584,0.06022,7.123,17.68
2022-09-23 00:00:00,19394.62,1340.77,0.5386,274.7,33.0,0.4775,0.06073,7.23,17.91
2022-09-23 04:00:00,19223.27,1331.82,0.5176,274.8,32.58,0.4607,0.06052,7.114,17.84
2022-09-23 08:00:00,18862.72,1287.74,0.488,272.8,31.75,0.4544,0.05998,7.214,17.37
2022-09-23 12:00:00,18711.86,1293.94,0.4893,271.3,31.59,0.452,0.05975,7.096,17.44
2022-09-23 16:00:00,18807.57,1292.26,0.4716,271.7,31.93,0.4548,0.05983,7.093,17.49
2022-09-23 20:00:00,19289.91,1327.25,0.5069,276.7,33.66,0.4618,0.06042,7.449,17.97
2022-09-24 00:00:00,19121.92,1321.65,0.5016,278.9,33.98,0.4614,0.06069,7.419,17.99
2022-09-24 04:00:00,18997.14,1322.41,0.4922,280.7,33.73,0.4585,0.06024,7.548,17.87
2022-09-24 08:00:00,19051.63,1326.99,0.4942,280.2,34.48,0.4614,0.06045,7.611,17.97
2022-09-24 12:00:00,19124.14,1339.78,0.4785,279.7,33.72,0.4613,0.0603,7.677,17.85
2022-09-24 16:00:00,19103.3,1342.31,0.498,278.3,34.06,0.4602,0.06017,7.793,17.87
2022-09-24 20:00:00,18920.5,1317.13,0.4878,274.4,33.38,0.4511,0.05985,7.629,17.6
2022-09-25 00:00:00,19053.67,1329.38,0.4858,276.4,33.69,0.4569,0.0602,7.754,17.81
2022-09-25 04:00:00,19098.09,1332.84,0.4914,277.9,33.97,0.4575,0.06006,8.021,17.8
2022-09-25 08:00:00,19117.94,1329.33,0.5003,278.2,33.64,0.4591,0.06025,8.011,17.77
2022-09-25 12:00:00,18988.74,1310.79,0.5043,275.3,33.22,0.4521,0.0599,7.906,17.57
2022-09-25 16:00:00,18915.49,1299.82,0.5022,275.0,32.73,0.4498,0.05983,7.832,17.47
2022-09-25 20:00:00,18807.38,1294.63,0.4917,274.3,32.34,0.4464,0.0597,7.865,17.32
2022-09-26 00:00:00,18868.39,1303.23,0.4823,273.0,32.52,0.4436,0.05923,7.75,17.26
2022-09-26 04:00:00,18911.18,1295.44,0.4736,273.3,32.47,0.442,0.05945,7.622,17.21
2022-09-26 08:00:00,18876.62,1297.22,0.4635,272.4,32.54,0.441,0.0592,7.601,17.21
2022-09-26 12:00:00,19113.48,1325.17,0.4737,274.5,33.11,0.4456,0.05972,7.868,17.39
2022-09-26 16:00:00,19202.77,1330.38,0.4731,274.9,33.74,0.4461,0.05959,7.849,17.46
2022-09-26 20:00:00,19227.82,1336.17,0.4683,276.1,33.88,0.4473,0.05959,7.945,17.57
2022-09-27 00:00:00,20099.04,1385.66,0.4762,283.5,34.73,0.4582,0.06035,8.197,17.98
2022-09-27 04:00:00,20183.74,1382.33,0.4797,285.1,34.52,0.4577,0.06058,8.225,18.13
2022-09-27 08:00:00,20229.26,1388.81,0.4693,283.6,34.66,0.4544,0.06042,8.228,18.03
2022-09-27 12:00:00,19887.73,1365.18,0.468,280.9,34.37,0.4532,0.06046,8.126,17.89
2022-09-27 16:00:00,19077.59,1324.6,0.4449,271.7,32.61,0.4424,0.05929,7.777,17.14
2022-09-27 20:00:00,19079.13,1328.02,0.4457,272.3,32.69,0.4411,0.05938,8.056,17.3
2022-09-28 00:00:00,18745.65,1287.23,0.426,270.2,32.34,0.4304,0.05888,8.064,17.01
2022-09-28 04:00:00,18781.48,1285.53,0.4239,270.5,32.32,0.4306,0.05907,7.974,17.01
2022-09-28 08:00:00,18955.43,1295.31,0.4278,272.6,32.49,0.4321,0.05886,8.103,16.95
2022-09-28 12:00:00,19487.79,1331.78,0.4366,278.4,33.12,0.4368,0.0593,8.204,17.25
2022-09-28 16:00:00,19546.72,1334.12,0.4368,280.1,33.58,0.4377,0.05961,7.901,17.3
2022-09-28 20:00:00,19412.82,1337.2,0.4489,281.6,33.22,0.4361,0.05954,7.795,17.26
2022-09-29 00:00:00,19507.5,1342.0,0.4419,283.7,33.74,0.4365,0.06022,7.769,17.28
2022-09-29 04:00:00,19359.71,1322.0,0.4392,281.0,33.36,0.4314,0.06005,7.69,17.14
2022-09-29 08:00:00,19463.04,1336.56,0.4403,280.9,33.75,0.4348,0.06017,7.777,17.19
2022-09-29 12:00:00,19288.85,1326.8,0.4343,281.6,34.11,0.4333,0.06003,7.767,17.13
2022-09-29 16:00:00,19405.37,1333.31,0.4412,282.7,33.82,0.434,0.06001,7.839,17.24
2022-09-29 20:00:00,19591.51,1335.7,0.4877,284.1,33.93,0.4381,0.06099,7.899,17.35
2022-09-30 00:00:00,19398.12,1327.49,0.4806,284.4,34.1,0.4363,0.06102,7.804,17.24
2022-09-30 04:00:00,19571.35,1339.88,0.4892,286.7,34.23,0.4366,0.06039,7.869,17.52
2022-09-30 08:00:00,19436.29,1330.8,0.4791,283.3,33.96,0.433,0.06096,7.682,17.3
2022-09-30 12:00:00,19756.01,1351.09,0.4769,286.7,34.65,0.4356,0.06173,7.685,17.39
2022-09-30 16:00:00,19473.52,1337.56,0.4856,283.9,33.72,0.431,0.06122,7.522,17.23
2022-09-30 20:00:00,19422.61,1328.72,0.4799,284.8,33.25,0.4347,0.06101,7.585,17.2
2022-10-01 00:00:00,19416.05,1329.61,0.4762,283.5,33.08,0.4344,0.06126,7.635,17.29
2022-10-01 04:00:00,19309.84,1328.81,0.4758,282.5,33.01,0.4332,0.06092,7.605,17.26
2022-10-01 08:00:00,19312.04,1325.42,0.4737,283.1,33.02,0.4326,0.06109,7.59,17.2
2022-10-01 12:00:00,19330.95,1322.63,0.4821,281.5,32.99,0.4317,0.06118,7.558,17.18
2022-10-01 16:00:00,19266.15,1311.96,0.4756,281.8,32.65,0.4315,0.06034,7.387,16.99
2022-10-01 20:00:00,19310.95,1311.79,0.4754,282.9,32.44,0.43,0.06049,7.394,16.95
2022-10-02 00:00:00,19310.83,1309.55,0.4741,282.5,32.84,0.4311,0.06051,7.471,16.97
2022-10-02 04:00:00,19285.26,1311.14,0.4759,281.5,32.83,0.4303,0.06068,7.464,17.0
2022-10-02 08:00:00,19192.43,1297.87,0.4608,282.9,32.54,0.4243,0.0614,7.332,16.8
2022-10-02 12:00:00,19143.94,1293.32,0.4586,282.5,32.42,0.4235,0.06157,7.296,16.75
2022-10-02 16:00:00,19260.63,1304.83,0.4618,286.6,32.73,0.4276,0.0617,7.348,16.89
2022-10-02 20:00:00,19056.8,1276.72,0.4485,284.7,32.06,0.4194,0.06093,7.11,16.53
2022-10-03 00:00:00,19168.29,1291.8,0.4473,285.3,32.32,0.4223,0.06116,7.178,16.62
2022-10-03 04:00:00,19197.73,1291.96,0.4415,285.4,32.26,0.4216,0.06123,7.129,16.67
2022-10-03 08:00:00,19245.41,1299.01,0.4463,286.4,32.5,0.4221,0.06135,7.181,16.83
2022-10-03 12:00:00,19335.92,1318.77,0.4532,286.4,32.83,0.4245,0.06108,7.236,16.89
2022-10-03 16:00:00,19541.38,1317.9,0.4553,286.0,32.95,0.4269,0.06128,7.226,16.98
2022-10-03 20:00:00,19629.08,1323.09,0.4621,286.9,32.89,0.4276,0.06137,7.33,17.14
2022-10-04 00:00:00,19598.27,1329.0,0.4548,287.6,33.1,0.4278,0.06116,7.53,17.22
2022-10-04 04:00:00,19968.01,1350.0,0.4624,290.9,33.73,0.4323,0.06129,7.657,17.35
2022-10-04 08:00:00,19939.0,1349.74,0.4717,291.9,33.67,0.4316,0.06147,7.679,17.33
2022-10-04 12:00:00,20099.7,1353.93,0.4764,294.1,34.17,0.4318,0.0617,7.733,17.39
2022-10-04 16:00:00,20220.09,1354.72,0.4825,296.6,34.1,0.4354,0.06221,7.749,17.39
2022-10-04 20:00:00,20337.82,1361.49,0.4795,296.2,34.09,0.4355,0.06236,7.723,17.44
2022-10-05 00:00:00,20189.83,1353.95,0.4752,294.8,34.08,0.4317,0.06215,7.725,17.31
2022-10-05 04:00:00,20226.58,1353.19,0.483,294.1,34.12,0.4322,0.06244,7.738,17.32
2022-10-05 08:00:00,20027.43,1335.05,0.4783,291.9,33.52,0.4273,0.06212,7.623,17.09
2022-10-05 12:00:00,20001.7,1330.35,0.4878,292.7,33.68,0.4282,0.06228,7.816,17.1
2022-10-05 16:00:00,20119.47,1350.63,0.4977,293.2,33.87,0.4301,0.06225,7.888,17.24
2022-10-05 20:00:00,20158.26,1352.2,0.4887,294.2,34.04,0.4309,0.06245,7.875,17.39
2022-10-06 00:00:00,20355.69,1372.56,0.4977,296.3,34.32,0.435,0.06273,7.906,17.54
2022-10-06 04:00:00,20218.43,1368.36,0.4951,295.6,34.05,0.4328,0.0625,7.817,17.44
2022-10-06 08:00:00,20245.22,1368.75,0.4983,295.1,34.14,0.432,0.06275,7.87,17.37
2022-10-06 12:00:00,20010.0,1361.38,0.4946,293.7,33.83,0.4291,0.06256,7.753,17.25
2022-10-06 16:00:00,20010.62,1358.91,0.497,292.9,33.64,0.4285,0.06251,7.681,17.13
2022-10-06 20:00:00,19960.67,1352.06,0.4934,287.0,33.36,0.4288,0.06277,7.632,17.04
2022-10-07 00:00:00,19981.88,1355.19,0.4894,284.2,33.62,0.4281,0.06304,7.686,17.1
2022-10-07 04:00:00,19928.0,1356.05,0.4897,284.7,33.33,0.4277,0.06285,7.711,17.06
2022-10-07 08:00:00,19998.9,1354.76,0.4904,284.1,33.35,0.4279,0.06275,7.651,17.07
2022-10-07 12:00:00,19577.65,1334.11,0.4932,282.7,32.91,0.424,0.06234,7.548,16.86
2022-10-07 16:00:00,19459.32,1327.49,0.5184,282.8,32.96,0.4251,0.06249,7.596,16.82
2022-10-07 20:00:00,19530.09,1331.1,0.5177,282.3,32.98,0.424,0.06251,7.606,16.9
2022-10-08 00:00:00,19504.78,1331.05,0.5256,280.9,32.83,0.4249,0.06256,7.586,16.93
2022-10-08 04:00:00,19499.94,1330.47,0.5197,281.3,33.0,0.4262,0.06227,7.619,16.9
2022-10-08 08:00:00,19534.21,1329.8,0.5194,281.6,32.96,0.4249,0.06228,7.571,16.9
2022-10-08 12:00:00,19487.88,1324.31,0.52,280.7,32.83,0.425,0.06233,7.491,16.84
2022-10-08 16:00:00,19468.03,1324.54,0.5185,280.6,32.72,0.4234,0.0623,7.463,16.8
2022-10-08 20:00:00,19417.96,1315.48,0.517,276.4,32.58,0.4219,0.06205,7.455,16.79
2022-10-09 00:00:00,19366.58,1310.69,0.5102,275.6,32.51,0.4203,0.06214,7.443,16.73
2022-10-09 04:00:00,19407.96,1314.88,0.5165,277.5,32.72,0.4214,0.06222,7.526,16.86
2022-10-09 08:00:00,19468.35,1323.09,0.5188,278.0,32.83,0.4231,0.06241,7.552,16.92
2022-10-09 12:00:00,19535.77,1326.52,0.5275,279.0,33.11,0.4236,0.06259,7.535,16.97
2022-10-09 16:00:00,19468.96,1319.82,0.5399,278.3,32.96,0.4224,0.06263,7.619,16.94
2022-10-09 20:00:00,19439.02,1323.13,0.5325,278.2,32.92,0.423,0.06236,7.63,16.9
2022-10-10 00:00:00,19452.99,1323.18,0.5313,278.1,33.04,0.4238,0.06293,7.626,16.98
2022-10-10 04:00:00,19412.25,1316.7,0.5224,276.5,32.9,0.4215,0.06418,7.57,16.87
2022-10-10 08:00:00,19331.62,1315.0,0.5181,275.2,32.7,0.4163,0.06397,7.482,16.7
2022-10-10 12:00:00,19269.02,1308.27,0.5229,274.9,32.6,0.4157,0.06379,7.502,16.68
2022-10-10 16:00:00,19211.59,1307.59,0.5212,274.6,32.46,0.4141,0.06353,7.601,16.58
2022-10-10 20:00:00,19131.87,1290.03,0.4939,271.5,31.96,0.4012,0.06274,7.335,16.21
2022-10-11 00:00:00,19044.74,1278.37,0.4931,270.1,31.36,0.3955,0.06161,7.187,15.89
2022-10-11 04:00:00,19084.1,1284.19,0.4894,271.1,31.56,0.3963,0.06171,7.228,16.03
2022-10-11 08:00:00,19153.68,1286.72,0.4876,272.2,31.55,0.3989,0.06201,7.236,16.06
2022-10-11 12:00:00,19147.6,1293.56,0.4974,273.2,31.57,0.3991,0.06172,7.295,16.2
2022-10-11 16:00:00,18999.25,1282.51,0.4871,270.2,31.16,0.3922,0.06148,7.183,15.94
2022-10-11 20:00:00,19060.0,1280.11,0.4861,271.4,30.8,0.3908,0.06166,7.135,15.95
2022-10-12 00:00:00,19048.73,1283.71,0.486,271.3,30.94,0.391,0.06146,7.137,15.91
2022-10-12 04:00:00,19112.41,1293.88,0.4895,271.5,31.25,0.3937,0.06391,7.23,16.0
2022-10-12 08:00:00,19114.62,1297.68,0.4908,271.2,31.24,0.3928,0.06293,7.194,16.07
2022-10-12 12:00:00,19137.32,1299.24,0.4954,271.0,31.28,0.3917,0.06209,7.176,16.04
2022-10-12 16:00:00,19137.18,1297.05,0.4886,271.1,31.11,0.3864,0.06223,7.165,15.99
2022-10-12 20:00:00,19155.53,1294.44,0.4881,270.9,31.16,0.3814,0.06173,7.145,15.96
2022-10-13 00:00:00,19089.16,1286.47,0.4731,269.7,30.76,0.3748,0.06173,6.971,15.6
2022-10-13 04:00:00,19005.29,1277.43,0.4554,264.3,29.72,0.3623,0.06038,6.721,15.19
2022-10-13 08:00:00,18753.2,1243.09,0.4571,262.4,28.8,0.361,0.06028,6.631,15.01
2022-10-13 12:00:00,18958.59,1256.9,0.476,266.8,29.67,0.376,0.06053,6.833,15.28
2022-10-13 16:00:00,19369.94,1287.03,0.4875,271.7,30.59,0.3753,0.06086,7.002,15.64
2022-10-13 20:00:00,19375.13,1287.08,0.4791,271.6,30.49,0.3768,0.061,7.027,15.66
2022-10-14 00:00:00,19816.85,1329.76,0.5019,275.1,31.65,0.387,0.06177,7.175,16.14
2022-10-14 04:00:00,19642.35,1321.74,0.4992,273.5,31.33,0.3818,0.062,7.126,16.15
2022-10-14 08:00:00,19596.25,1325.87,0.4986,273.3,31.21,0.379,0.06168,7.107,16.14
2022-10-14 12:00:00,19358.59,1310.04,0.491,271.3,30.82,0.3724,0.06361,7.036,15.92
2022-10-14 16:00:00,19168.18,1298.72,0.4876,270.0,30.2,0.3658,0.06351,6.887,15.73
2022-10-14 20:00:00,19176.93,1296.27,0.4883,269.4,30.0,0.3667,0.06393,6.887,15.67
2022-10-15 00:00:00,19200.99,1300.26,0.4881,270.7,30.11,0.3687,0.0642,6.896,15.7
2022-10-15 04:00:00,19169.79,1294.99,0.4861,270.7,30.05,0.3673,0.06338,6.912,15.72
2022-10-15 08:00:00,19167.33,1287.42,0.4855,271.1,29.99,0.368,0.06262,6.974,15.73
2022-10-15 12:00:00,19127.95,1286.08,0.4872,271.1,29.92,0.3665,0.06216,6.935,15.69
2022-10-15 16:00:00,19102.17,1282.47,0.4842,270.0,29.86,0.367,0.06249,6.962,15.63
2022-10-15 20:00:00,19069.39,1274.92,0.4818,268.2,29.59,0.3641,0.06174,6.886,15.43
2022-10-16 00:00:00,19123.43,1283.63,0.484,269.6,29.79,0.3656,0.06177,7.079,15.51
2022-10-16 04:00:00,19134.31,1283.24,0.4838,270.0,29.76,0.3665,0.06187,7.05,15.59
2022-10-16 08:00:00,19144.69,1284.03,0.4831,270.0,29.95,0.3675,0.06159,7.065,15.6
2022-10-16 12:00:00,19158.49,1286.35,0.4814,270.6,29.96,0.3662,0.06148,7.092,15.6
2022-10-16 16:00:00,19375.39,1308.09,0.4819,273.5,30.38,0.3736,0.06173,7.205,15.86
2022-10-16 20:00:00,19262.98,1305.95,0.4766,272.5,30.17,0.3703,0.06187,7.173,15.75
2022-10-17 00:00:00,19186.38,1301.59,0.4685,271.7,30.01,0.3669,0.06229,7.111,15.73
2022-10-17 04:00:00,19295.58,1312.22,0.4697,272.2,30.31,0.3684,0.06252,7.212,15.91
2022-10-17 08:00:00,19457.58,1317.41,0.4756,273.3,30.53,0.3715,0.0625,7.225,16.04
2022-10-17 12:00:00,19535.19,1329.18,0.4778,274.0,30.93,0.3725,0.06223,7.259,16.08
2022-10-17 16:00:00,19526.84,1325.54,0.473,274.7,30.8,0.3704,0.06284,7.229,16.01
2022-10-17 20:00:00,19549.86,1331.4,0.4804,275.6,31.21,0.3723,0.06265,7.328,16.18
2022-10-18 00:00:00,19547.9,1333.31,0.4769,274.8,31.11,0.3707,0.06255,7.298,16.23
2022-10-18 04:00:00,19664.92,1336.74,0.477,274.7,31.12,0.3714,0.06281,7.26,16.3
2022-10-18 08:00:00,19563.59,1325.89,0.4702,273.6,30.84,0.3683,0.0626,7.173,16.05
2022-10-18 12:00:00,19375.01,1307.61,0.4677,272.1,30.32,0.3649,0.06257,7.113,15.88
2022-10-18 16:00:00,19216.21,1300.85,0.465,272.3,30.08,0.3622,0.06183,7.05,15.77
2022-10-18 20:00:00,19327.44,1310.71,0.4658,273.1,30.15,0.3624,0.06218,7.127,15.88
2022-10-19 00:00:00,19281.63,1305.16,0.4624,272.5,30.03,0.3596,0.06262,7.037,15.65
2022-10-19 04:00:00,19218.11,1299.77,0.4577,271.5,30.06,0.3577,0.06267,7.018,15.57
2022-10-19 08:00:00,19200.84,1300.25,0.4542,271.2,29.93,0.3555,0.06298,6.959,15.54
2022-10-19 12:00:00,19266.43,1304.76,0.4581,273.2,29.99,0.358,0.06263,6.999,15.62
2022-10-19 16:00:00,19232.59,1296.94,0.4613,273.4,29.76,0.3577,0.06251,6.942,15.59
2022-10-19 20:00:00,19123.97,1285.09,0.4504,272.0,28.86,0.3497,0.06174,6.772,15.06
2022-10-20 00:00:00,19042.09,1279.98,0.4559,270.6,28.91,0.3521,0.06196,6.762,15.14
2022-10-20 04:00:00,19145.94,1292.43,0.4622,271.5,29.25,0.3534,0.06235,6.838,15.24
2022-10-20 08:00:00,19208.09,1299.64,0.4628,272.8,29.33,0.3531,0.06236,6.84,15.31
2022-10-20 12:00:00,19253.3,1299.83,0.4608,272.4,29.14,0.3528,0.06239,6.864,15.27
2022-10-20 16:00:00,19063.82,1284.56,0.4384,269.1,28.26,0.3417,0.06237,6.699,15.34
2022-10-20 20:00:00,19041.92,1282.57,0.4465,269.0,28.01,0.3402,0.06215,6.657,15.14
2022-10-21 00:00:00,19051.77,1287.54,0.4469,268.4,28.13,0.34,0.06249,6.647,15.1
2022-10-21 04:00:00,19027.86,1284.59,0.444,267.0,27.92,0.3375,0.06224,6.595,15.0
2022-10-21 08:00:00,18945.65,1275.52,0.4409,266.4,27.48,0.3342,0.06106,6.517,14.76
2022-10-21 12:00:00,19168.25,1297.47,0.4478,269.8,27.58,0.3432,0.0617,6.735,15.32
2022-10-21 16:00:00,19189.22,1303.3,0.4529,270.5,28.19,0.348,0.06168,6.787,15.51
2022-10-21 20:00:00,19164.37,1299.75,0.4614,270.1,28.1,0.3492,0.06167,6.809,15.69
2022-10-22 00:00:00,19151.22,1298.81,0.4594,268.9,27.82,0.3469,0.06144,6.761,15.66
2022-10-22 04:00:00,19163.58,1299.69,0.459,269.9,27.77,0.347,0.06126,6.816,15.64
2022-10-22 08:00:00,19178.66,1305.67,0.4667,269.9,27.99,0.3513,0.06155,6.87,15.8
2022-10-22 12:00:00,19235.65,1316.38,0.4659,269.6,28.0,0.35,0.06165,6.877,15.68
2022-10-22 16:00:00,19183.83,1314.19,0.4636,269.9,27.82,0.3496,0.06181,6.871,15.67
2022-10-22 20:00:00,19204.35,1313.61,0.4653,270.4,28.01,0.3513,0.06158,6.868,15.69
2022-10-23 00:00:00,19197.59,1313.22,0.4605,270.2,28.36,0.3535,0.06178,6.941,15.77
2022-10-23 04:00:00,19162.37,1309.57,0.4589,269.7,28.42,0.3509,0.06142,6.92,15.78
2022-10-23 08:00:00,19151.78,1304.14,0.4528,269.6,27.96,0.347,0.06122,6.852,15.68
2022-10-23 12:00:00,19190.14,1313.6,0.4572,270.4,27.94,0.3512,0.06144,6.824,15.64
2022-10-23 16:00:00,19499.83,1330.85,0.4654,274.0,28.81,0.3545,0.06165,6.992,16.02
2022-10-23 20:00:00,19570.4,1364.2,0.4688,276.0,29.28,0.3621,0.06188,7.066,16.31
2022-10-24 00:00:00,19391.97,1348.08,0.4564,274.3,28.62,0.3561,0.0614,6.917,16.08
2022-10-24 04:00:00,19322.4,1336.8,0.4572,273.5,28.54,0.3584,0.06133,6.915,15.95
2022-10-24 08:00:00,19423.63,1353.41,0.458,274.4,29.13,0.3636,0.0617,6.972,16.07
2022-10-24 12:00:00,19301.96,1341.62,0.4558,273.1,28.45,0.3579,0.06148,6.891,15.8
2022-10-24 16:00:00,19343.23,1344.95,0.4564,273.3,28.41,0.3602,0.06173,6.924,15.76
2022-10-24 20:00:00,19329.72,1343.61,0.4529,274.1,28.3,0.3573,0.06131,6.906,15.75
2022-10-25 00:00:00,19342.02,1347.62,0.448,274.2,28.47,0.3618,0.06155,6.938,15.85
2022-10-25 04:00:00,19306.75,1347.18,0.4495,273.3,28.44,0.3601,0.06154,6.885,15.77
2022-10-25 08:00:00,19302.13,1347.48,0.4477,273.1,28.22,0.361,0.06135,6.858,15.69
2022-10-25 12:00:00,19748.48,1408.3,0.4567,280.8,29.69,0.3734,0.06191,7.012,16.33
2022-10-25 16:00:00,20273.14,1493.34,0.4659,288.8,31.5,0.4138,0.06258,7.131,16.83
2022-10-25 20:00:00,20080.07,1459.74,0.4605,284.2,30.86,0.4,0.06235,7.063,16.64
2022-10-26 00:00:00,20251.17,1487.03,0.4614,286.2,31.11,0.3991,0.06258,7.151,16.95
2022-10-26 04:00:00,20344.76,1515.65,0.4622,286.7,31.34,0.4003,0.06274,7.173,17.1
2022-10-26 08:00:00,20607.81,1528.49,0.4646,288.9,31.25,0.405,0.06293,7.157,17.06
2022-10-26 12:00:00,20846.66,1567.54,0.4683,289.6,31.42,0.4072,0.06312,7.214,17.14
2022-10-26 16:00:00,20763.54,1564.28,0.4643,290.5,31.27,0.403,0.06326,7.167,16.99
2022-10-26 20:00:00,20771.59,1566.1,0.4689,290.2,31.29,0.403,0.06341,7.157,17.0
2022-10-27 00:00:00,20755.33,1555.07,0.4735,290.2,31.44,0.4069,0.06391,7.233,17.11
2022-10-27 04:00:00,20710.02,1556.53,0.4728,289.2,31.65,0.4063,0.06367,7.237,17.21
2022-10-27 08:00:00,20622.84,1550.98,0.4712,288.0,31.37,0.4041,0.06347,7.155,17.01
2022-10-27 12:00:00,20563.09,1544.21,0.4672,287.8,31.3,0.399,0.06346,7.07,17.22
2022-10-27 16:00:00,20629.59,1562.36,0.4714,288.8,31.42,0.402,0.06365,7.12,17.34
2022-10-27 20:00:00,20295.11,1514.05,0.4615,286.7,30.58,0.3884,0.06296,6.892,16.88
2022-10-28 00:00:00,20292.81,1507.76,0.4631,287.0,30.68,0.3857,0.06285,6.895,17.02
2022-10-28 04:00:00,20080.01,1493.67,0.4579,286.2,30.22,0.3798,0.06271,6.933,17.18
2022-10-28 08:00:00,20173.74,1498.19,0.46,287.8,30.42,0.3827,0.06311,6.929,17.27
2022-10-28 12:00:00,20484.59,1537.87,0.4646,296.8,31.1,0.3967,0.06325,7.046,17.6
2022-10-28 16:00:00,20609.21,1557.36,0.4704,299.1,32.01,0.4036,0.06355,7.165,18.18
2022-10-28 20:00:00,20591.84,1554.41,0.4744,297.9,32.07,0.4044,0.06356,7.109,18.33
2022-10-29 00:00:00,20754.27,1589.52,0.4733,304.7,32.89,0.408,0.06395,7.2,18.74
2022-10-29 04:00:00,20772.27,1594.77,0.4727,302.3,33.29,0.4081,0.06415,7.185,18.49
2022-10-29 08:00:00,20698.89,1615.42,0.4709,301.7,32.97,0.4048,0.06385,7.156,18.38
2022-10-29 12:00:00,20923.33,1632.4,0.471,303.1,33.15,0.4086,0.06365,7.182,18.51
2022-10-29 16:00:00,20836.96,1623.44,0.4716,304.2,32.93,0.4184,0.0641,7.546,18.45
2022-10-29 20:00:00,20809.67,1619.55,0.4701,304.4,32.87,0.42,0.06428,7.636,18.29
2022-10-30 00:00:00,20775.5,1622.18,0.4679,307.7,33.0,0.4186,0.0642,7.824,18.41
2022-10-30 04:00:00,20850.85,1629.06,0.4704,313.7,33.42,0.4209,0.06457,7.804,18.78
2022-10-30 08:00:00,20769.84,1605.0,0.4651,312.0,32.69,0.4134,0.06405,7.581,18.5
2022-10-30 12:00:00,20676.7,1587.22,0.4602,310.1,32.22,0.4029,0.06344,7.542,18.09
2022-10-30 16:00:00,20647.49,1587.34,0.4619,315.3,32.34,0.4065,0.06349,7.742,18.2
2022-10-30 20:00:00,20627.48,1590.44,0.4582,313.5,32.94,0.4056,0.0631,7.782,18.26
2022-10-31 00:00:00,20516.07,1582.74,0.4557,311.6,32.82,0.4034,0.06285,7.956,18.71
2022-10-31 04:00:00,20546.65,1591.17,0.4603,310.3,33.41,0.4024,0.0628,7.968,18.69
2022-10-31 08:00:00,20730.54,1621.27,0.4576,331.1,34.03,0.4126,0.06329,8.086,19.36
2022-10-31 12:00:00,20401.53,1569.44,0.4517,323.9,33.01,0.405,0.06271,8.01,19.16
2022-10-31 16:00:00,20371.72,1563.69,0.4532,328.0,32.55,0.404,0.06299,7.788,18.87
2022-10-31 20:00:00,20490.74,1572.69,0.4641,325.7,32.56,0.4055,0.06325,7.857,19.28
2022-11-01 00:00:00,20482.57,1586.81,0.4596,329.8,32.61,0.4062,0.06327,7.822,19.1
2022-11-01 04:00:00,20599.51,1591.11,0.4603,327.0,33.03,0.411,0.06327,7.825,19.35
2022-11-01 08:00:00,20522.79,1590.28,0.4613,323.6,32.9,0.4103,0.06301,7.745,19.1
2022-11-01 12:00:00,20444.0,1574.28,0.4592,319.4,32.48,0.4032,0.06277,7.738,18.83
2022-11-01 16:00:00,20451.45,1576.76,0.4618,324.7,32.22,0.4017,0.06278,7.647,18.63
2022-11-01 20:00:00,20483.62,1578.48,0.4636,323.9,32.2,0.4011,0.06277,7.684,18.62
2022-11-02 00:00:00,20520.34,1590.74,0.4615,326.4,32.26,0.3995,0.06268,7.842,18.39
2022-11-02 04:00:00,20421.64,1564.76,0.4587,322.7,31.73,0.3947,0.06225,7.69,18.1
2022-11-02 08:00:00,20431.33,1555.94,0.4544,320.4,31.3,0.3926,0.06221,7.806,17.86
2022-11-02 12:00:00,20409.03,1558.5,0.4571,318.7,31.33,0.3937,0.06247,7.689,18.07
2022-11-02 16:00:00,20250.68,1535.92,0.4517,319.9,30.91,0.3903,0.06182,7.564,17.86
2022-11-02 20:00:00,20151.84,1518.34,0.4497,320.2,30.8,0.3856,0.06157,7.437,17.91
2022-11-03 00:00:00,20310.63,1547.35,0.4558,322.0,31.64,0.3941,0.06188,7.735,18.69
2022-11-03 04:00:00,20303.09,1544.04,0.4575,333.7,31.64,0.3948,0.06212,7.807,18.54
2022-11-03 08:00:00,20130.64,1531.95,0.455,329.2,31.26,0.3911,0.06187,7.876,18.27
2022-11-03 12:00:00,20248.62,1542.46,0.4558,327.9,31.2,0.3934,0.06182,7.839,18.27
2022-11-03 16:00:00,20262.53,1544.13,0.4572,331.3,31.31,0.3956,0.06174,7.797,18.34
2022-11-03 20:00:00,20207.82,1531.01,0.4548,329.5,30.85,0.3895,0.06171,7.72,18.03
2022-11-04 00:00:00,20321.79,1548.92,0.4574,340.6,31.94,0.4066,0.06195,8.228,18.55
2022-11-04 04:00:00,20611.56,1587.43,0.4645,344.2,32.39,0.4106,0.06255,8.213,19.17
2022-11-04 08:00:00,20558.46,1577.24,0.4889,345.4,32.31,0.4053,0.06241,8.121,18.85
2022-11-04 12:00:00,20838.7,1624.97,0.4895,349.1,33.13,0.4095,0.06298,8.231,19.05
2022-11-04 16:00:00,21108.54,1648.29,0.4941,354.6,33.5,0.424,0.06345,8.592,19.27
2022-11-04 20:00:00,21148.52,1644.78,0.5064,354.6,33.74,0.4216,0.06381,8.715,19.38
2022-11-05 00:00:00,21444.61,1646.75,0.4989,356.2,34.7,0.4289,0.0644,8.706,19.66
2022-11-05 04:00:00,21384.42,1651.36,0.4982,360.3,35.24,0.4298,0.06434,8.778,19.63
2022-11-05 08:00:00,21404.63,1649.58,0.4971,355.9,35.42,0.4286,0.06436,8.715,19.44
2022-11-05 12:00:00,21299.22,1635.87,0.4989,351.1,37.24,0.4287,0.06393,8.845,19.95
2022-11-05 16:00:00,21331.11,1633.24,0.498,349.7,37.09,0.426,0.06396,8.896,19.86
2022-11-05 20:00:00,21299.37,1626.98,0.493,349.2,36.9,0.4264,0.06363,8.663,19.61
2022-11-06 00:00:00,21233.88,1621.24,0.4904,349.6,36.01,0.4262,0.06365,8.751,19.44
2022-11-06 04:00:00,21194.49,1622.88,0.4888,352.0,36.16,0.4222,0.06388,8.68,19.51
2022-11-06 08:00:00,21255.08,1620.35,0.4905,351.3,35.75,0.422,0.06504,8.645,19.42
2022-11-06 12:00:00,21241.1,1623.77,0.4897,350.5,35.05,0.424,0.06436,8.544,19.25
2022-11-06 16:00:00,21194.5,1610.41,0.4845,352.8,34.19,0.4192,0.06367,8.377,18.98
2022-11-06 20:00:00,20905.58,1568.29,0.4709,337.9,32.62,0.4021,0.06268,8.101,18.23
2022-11-07 00:00:00,20913.82,1587.5,0.474,339.4,32.44,0.4072,0.06276,8.255,18.52
2022-11-07 04:00:00,20635.74,1550.01,0.463,328.2,30.78,0.3987,0.06202,7.909,17.77
2022-11-07 08:00:00,20733.46,1580.0,0.4701,332.2,31.62,0.4083,0.06239,8.241,18.34
2022-11-07 12:00:00,20764.95,1592.03,0.4773,334.9,32.82,0.4096,0.06253,8.54,18.59
2022-11-07 16:00:00,20847.51,1600.52,0.4739,342.3,32.38,0.414,0.06268,8.938,18.77
2022-11-07 20:00:00,20591.13,1568.1,0.4648,337.0,29.62,0.4041,0.06227,8.956,18.08
2022-11-08 00:00:00,20148.66,1507.07,0.4399,334.8,26.5,0.388,0.06096,8.488,17.26
2022-11-08 04:00:00,19796.9,1492.0,0.4418,325.7,27.96,0.3863,0.06091,8.559,16.84
2022-11-08 08:00:00,19699.04,1476.87,0.4374,324.7,28.0,0.3837,0.06107,8.755,16.55
2022-11-08 12:00:00,19520.97,1462.48,0.438,327.0,27.72,0.398,0.06142,8.562,16.66
2022-11-08 16:00:00,18256.64,1315.39,0.3951,315.5,23.77,0.3687,0.0579,7.405,15.84
2022-11-08 20:00:00,18547.23,1334.77,0.4059,327.4,24.38,0.3722,0.05872,7.708,16.02
2022-11-09 00:00:00,18313.68,1312.39,0.3892,321.7,22.1,0.364,0.05846,7.324,15.46
2022-11-09 04:00:00,18240.72,1274.35,0.3863,315.3,19.29,0.372,0.06277,7.072,15.39
2022-11-09 08:00:00,17818.08,1220.04,0.3753,304.3,20.05,0.3588,0.05958,6.818,14.82
2022-11-09 12:00:00,17116.08,1163.02,0.3615,290.3,16.07,0.3529,0.05822,6.455,13.88
2022-11-09 16:00:00,16784.64,1195.47,0.3558,281.6,13.84,0.3412,0.05636,6.505,13.08
2022-11-09 20:00:00,15922.81,1102.73,0.3331,267.3,14.08,0.3175,0.05338,6.231,12.91
2022-11-10 00:00:00,16369.59,1174.16,0.3507,283.5,15.28,0.3427,0.0553,6.644,13.5
2022-11-10 04:00:00,16752.1,1189.72,0.3701,282.2,15.34,0.3501,0.05717,6.735,14.38
2022-11-10 08:00:00,16397.57,1187.04,0.3603,275.8,14.15,0.3476,0.0552,6.531,14.18
2022-11-10 12:00:00,17554.06,1321.61,0.3886,307.6,17.67,0.3717,0.05864,7.304,15.58
2022-11-10 16:00:00,17455.62,1292.31,0.3873,301.1,17.28,0.3654,0.05844,7.196,15.47
2022-11-10 20:00:00,17601.15,1299.28,0.3942,304.0,17.66,0.3687,0.05782,7.21,15.42
2022-11-11 00:00:00,17064.12,1239.11,0.379,292.5,16.39,0.3585,0.0563,6.847,14.86
2022-11-11 04:00:00,17404.08,1278.33,0.3908,297.7,17.22,0.3638,0.05738,7.057,14.95
2022-11-11 08:00:00,17350.7,1275.85,0.3892,295.8,18.13,0.36,0.05709,7.11,14.89
2022-11-11 12:00:00,16871.27,1260.18,0.3755,286.1,16.46,0.3489,0.0557,6.785,14.14
2022-11-11 16:00:00,16849.17,1274.04,0.3749,288.1,16.22,0.351,0.05521,6.913,13.92
2022-11-11 20:00:00,17070.31,1289.28,0.3843,290.4,16.45,0.3556,0.05601,7.044,14.13
2022-11-12 00:00:00,16907.44,1259.34,0.3752,284.0,15.81,0.3467,0.05482,6.74,13.59
2022-11-12 04:00:00,16822.02,1266.39,0.3693,286.0,15.49,0.3432,0.05406,6.487,13.43
2022-11-12 08:00:00,16866.92,1260.5,0.3716,282.5,15.31,0.3437,0.05453,6.417,13.35
2022-11-12 12:00:00,16935.74,1274.8,0.3697,284.0,14.82,0.345,0.05467,6.418,13.41
2022-11-12 16:00:00,16891.32,1268.45,0.3652,282.7,15.16,0.3443,0.05502,6.313,13.35
2022-11-12 20:00:00,16812.08,1257.25,0.3636,282.8,14.58,0.3397,0.05502,6.281,13.09
2022-11-13 00:00:00,16914.6,1272.15,0.3671,285.3,14.55,0.3443,0.05568,6.457,13.29
2022-11-13 04:00:00,16774.99,1250.93,0.3592,281.8,13.95,0.335,0.05326,6.346,12.98
2022-11-13 08:00:00,16659.23,1240.44,0.3512,280.8,13.78,0.3329,0.05245,6.206,13.01
2022-11-13 12:00:00,16580.79,1231.36,0.3488,280.2,14.06,0.3366,0.0518,6.193,13.17
2022-11-13 16:00:00,16554.6,1229.03,0.3434,278.8,13.99,0.3342,0.0513,6.151,13.04
2022-11-13 20:00:00,16329.85,1221.49,0.3408,276.4,13.18,0.3298,0.05084,6.078,13.02
2022-11-14 00:00:00,16139.79,1193.03,0.331,271.0,13.0,0.3218,0.04794,5.826,12.34
2022-11-14 04:00:00,16824.78,1260.07,0.346,281.1,14.54,0.3322,0.05011,6.235,13.15
2022-11-14 08:00:00,16749.8,1252.33,0.35,284.5,14.22,0.3333,0.05006,6.269,13.34
2022-11-14 12:00:00,16595.84,1245.32,0.346,279.2,13.72,0.3305,0.04931,6.199,13.14
2022-11-14 16:00:00,16258.21,1216.27,0.3521,272.7,13.74,0.3228,0.04841,6.05,12.87
2022-11-14 20:00:00,16619.46,1243.28,0.3776,279.0,14.0,0.3323,0.05015,6.291,13.14
2022-11-15 00:00:00,16823.06,1256.54,0.3686,279.9,14.2,0.3334,0.05029,6.301,13.3
2022-11-15 04:00:00,16844.63,1266.33,0.3798,279.1,14.48,0.3386,0.05047,6.454,13.32
2022-11-15 08:00:00,16781.62,1260.37,0.3795,275.8,14.53,0.3384,0.05092,6.417,13.37
2022-11-15 12:00:00,16987.03,1264.36,0.391,280.5,14.35,0.3427,0.05093,6.586,13.55
2022-11-15 16:00:00,16858.77,1257.28,0.3848,275.9,14.34,0.3366,0.05041,6.362,13.62
2022-11-15 20:00:00,16900.57,1253.23,0.3888,277.0,14.32,0.3373,0.05074,6.421,13.51
2022-11-16 00:00:00,16969.99,1264.86,0.3839,279.7,14.51,0.3439,0.05113,6.545,13.71
2022-11-16 04:00:00,16824.69,1245.56,0.3875,277.6,14.34,0.3403,0.05091,6.453,13.43
2022-11-16 08:00:00,16707.9,1222.28,0.3764,272.5,14.17,0.3333,0.05052,6.306,13.19
2022-11-16 12:00:00,16431.7,1192.29,0.3656,270.2,13.77,0.3266,0.04984,6.138,12.98
2022-11-16 16:00:00,16556.88,1208.71,0.3734,270.6,14.12,0.3291,0.04964,6.19,13.06
2022-11-16 20:00:00,16662.76,1216.17,0.3752,271.8,14.27,0.332,0.05016,6.179,13.07
2022-11-17 00:00:00,16526.18,1204.05,0.3762,270.1,14.25,0.3286,0.04996,6.116,13.13
2022-11-17 04:00:00,16611.9,1204.88,0.3795,269.8,14.27,0.3277,0.04998,6.215,13.17
2022-11-17 08:00:00,16595.08,1203.78,0.3744,267.3,14.22,0.325,0.04941,6.209,13.06
2022-11-17 12:00:00,16536.71,1192.8,0.375,266.1,13.52,0.3219,0.04934,6.136,12.81
2022-11-17 16:00:00,16620.56,1202.72,0.3809,267.9,13.45,0.3243,0.0499,6.275,13.0
2022-11-17 20:00:00,16692.56,1200.43,0.3819,267.9,13.65,0.325,0.05006,6.225,12.87
2022-11-18 00:00:00,16854.98,1219.79,0.3801,271.7,13.72,0.3287,0.05069,6.338,13.25
2022-11-18 04:00:00,16745.1,1214.65,0.3813,271.8,13.62,0.3285,0.05063,6.255,13.13
2022-11-18 08:00:00,16749.88,1217.23,0.3812,273.5,13.57,0.3309,0.05083,6.216,13.17
2022-11-18 12:00:00,16696.86,1211.13,0.3776,272.0,13.37,0.3264,0.05067,6.16,13.15
2022-11-18 16:00:00,16656.37,1209.71,0.3827,273.2,13.17,0.3238,0.0506,6.123,12.96
2022-11-18 20:00:00,16700.45,1212.58,0.3829,274.1,13.27,0.326,0.05068,6.183,13.0
2022-11-19 00:00:00,16628.7,1208.54,0.3788,272.7,12.88,0.3257,0.05085,6.108,12.83
2022-11-19 04:00:00,16599.31,1206.81,0.3779,269.9,12.85,0.3235,0.05163,6.076,12.7
2022-11-19 08:00:00,16676.26,1211.44,0.3804,271.5,12.85,0.3254,0.0519,6.111,12.79
2022-11-19 12:00:00,16655.65,1209.58,0.3814,271.8,12.72,0.3258,0.05245,6.152,12.84
2022-11-19 16:00:00,16627.33,1208.6,0.3816,271.3,12.79,0.3282,0.05209,6.161,12.83
2022-11-19 20:00:00,16700.68,1217.67,0.3841,272.6,12.84,0.328,0.05215,6.146,12.89
2022-11-20 00:00:00,16679.99,1218.99,0.3908,273.1,12.92,0.3287,0.05209,6.205,12.97
2022-11-20 04:00:00,16722.9,1220.39,0.3887,273.4,13.06,0.3291,0.05191,6.231,13.02
2022-11-20 08:00:00,16525.38,1167.76,0.3752,267.4,12.55,0.3195,0.05078,5.97,12.62
2022-11-20 12:00:00,16580.53,1177.13,0.3753,270.7,13.0,0.3193,0.05108,6.016,12.75
2022-11-20 16:00:00,16587.8,1185.46,0.3775,269.6,12.76,0.3196,0.05087,5.993,12.56
2022-11-20 20:00:00,16280.23,1142.21,0.3608,264.2,12.27,0.312,0.05008,5.768,12.19
2022-11-21 00:00:00,16073.75,1125.12,0.3536,259.4,11.75,0.3053,0.05008,5.702,11.87
2022-11-21 04:00:00,16039.73,1123.48,0.3516,258.2,11.72,0.3043,0.05006,5.753,11.89
2022-11-21 08:00:00,16084.42,1125.0,0.3498,258.3,11.81,0.3052,0.05054,5.73,11.87
2022-11-21 12:00:00,16130.45,1130.33,0.3563,260.3,11.92,0.31,0.05134,5.805,12.02
2022-11-21 16:00:00,15722.98,1091.22,0.3535,252.1,11.42,0.299,0.05056,5.608,11.74
2022-11-21 20:00:00,15781.29,1107.34,0.3645,253.9,11.83,0.3046,0.05155,5.876,11.82
2022-11-22 00:00:00,15847.82,1104.41,0.359,256.7,11.61,0.3067,0.05211,6.066,11.88
2022-11-22 04:00:00,15760.42,1093.31,0.3569,254.2,11.51,0.3024,0.05133,5.956,11.63
2022-11-22 08:00:00,15747.88,1085.44,0.3606,254.5,11.04,0.3,0.04923,5.966,11.52
2022-11-22 12:00:00,16241.3,1135.37,0.3726,264.5,12.06,0.3152,0.05054,6.401,12.32
2022-11-22 16:00:00,16168.38,1127.25,0.3732,263.5,11.84,0.311,0.05035,6.385,12.22
2022-11-22 20:00:00,16226.94,1139.6,0.3757,266.7,12.44,0.3126,0.05072,6.422,12.36
2022-11-23 00:00:00,16586.55,1170.8,0.3779,274.2,13.08,0.3169,0.05141,6.534,12.77
2022-11-23 04:00:00,16583.84,1166.71,0.3808,275.4,13.13,0.3163,0.05159,6.554,12.73
2022-11-23 08:00:00,16585.77,1174.98,0.3768,297.1,13.34,0.3156,0.05105,6.476,12.79
2022-11-23 12:00:00,16427.11,1161.28,0.3759,295.1,13.08,0.313,0.05083,6.438,12.54
2022-11-23 16:00:00,16473.32,1168.92,0.3784,296.2,14.06,0.3175,0.0513,6.749,12.72
2022-11-23 20:00:00,16603.11,1184.52,0.3815,298.8,14.36,0.3185,0.0518,6.707,13.06
2022-11-24 00:00:00,16712.07,1201.92,0.3825,299.7,14.61,0.3201,0.05216,6.788,13.36
2022-11-24 04:00:00,16623.9,1206.72,0.3806,296.2,14.42,0.3168,0.05208,6.701,13.12
2022-11-24 08:00:00,16572.11,1195.75,0.3787,297.6,14.09,0.3131,0.05183,6.677,12.9
2022-11-24 12:00:00,16558.11,1195.24,0.3894,298.3,14.44,0.315,0.05259,6.863,12.86
2022-11-24 16:00:00,16577.41,1203.1,0.4033,299.4,14.44,0.3165,0.05328,6.824,12.88
2022-11-24 20:00:00,16598.95,1203.73,0.4018,300.2,14.59,0.3163,0.05283,6.831,12.95
2022-11-25 00:00:00,16485.45,1186.16,0.3933,298.8,14.2,0.3095,0.05228,6.825,12.62
2022-11-25 04:00:00,16461.66,1185.01,0.4157,296.0,14.24,0.3122,0.05277,6.815,12.72
2022-11-25 08:00:00,16531.64,1193.26,0.4057,299.0,14.31,0.3142,0.05303,6.896,12.82
2022-11-25 12:00:00,16513.0,1189.8,0.4036,300.1,14.15,0.315,0.05294,6.763,12.85
2022-11-25 16:00:00,16523.21,1197.22,0.4048,301.4,14.23,0.3161,0.0529,6.903,12.89
2022-11-25 20:00:00,16522.14,1199.3,0.4078,300.8,14.03,0.3146,0.05297,6.848,12.82
2022-11-26 00:00:00,16625.79,1215.71,0.4087,309.7,14.37,0.3187,0.05325,6.869,13.01
2022-11-26 04:00:00,16583.75,1218.97,0.4072,312.4,14.48,0.318,0.05338,6.864,12.93
2022-11-26 08:00:00,16580.31,1221.71,0.4066,314.3,14.75,0.3198,0.05348,6.936,13.06
2022-11-26 12:00:00,16512.86,1210.9,0.4022,312.9,14.42,0.3165,0.05299,7.178,12.99
2022-11-26 16:00:00,16488.43,1207.34,0.3979,313.0,14.24,0.3146,0.05281,7.144,12.77
2022-11-26 20:00:00,16458.57,1205.6,0.396,311.4,14.17,0.3138,0.05279,7.156,12.78
2022-11-27 00:00:00,16527.22,1216.51,0.3999,315.2,14.27,0.3152,0.05313,7.207,12.9
2022-11-27 04:00:00,16562.98,1216.9,0.4007,313.7,14.31,0.3173,0.05338,7.108,12.93
2022-11-27 08:00:00,16550.91,1215.31,0.4068,313.1,14.35,0.3171,0.05359,7.121,12.98
2022-11-27 12:00:00,16574.28,1217.92,0.4037,313.6,14.41,0.3186,0.05399,7.102,13.18
2022-11-27 16:00:00,16555.39,1213.19,0.4025,311.9,14.31,0.3176,0.05398,7.08,13.19
2022-11-27 20:00:00,16428.78,1193.88,0.3962,307.6,14.12,0.3126,0.05327,6.902,12.86
2022-11-28 00:00:00,16178.22,1172.54,0.3809,297.2,13.1,0.3047,0.0525,6.741,12.23
2022-11-28 04:00:00,16222.06,1174.03,0.3828,295.6,13.43,0.3066,0.0529,6.731,12.37
2022-11-28 08:00:00,16213.29,1170.36,0.3778,295.1,13.47,0.3048,0.05269,6.795,12.29
2022-11-28 12:00:00,16146.26,1163.49,0.3795,292.0,13.23,0.3045,0.05305,6.712,12.25
2022-11-28 16:00:00,16224.75,1171.59,0.3845,293.3,13.35,0.3066,0.05316,7.05,12.39
2022-11-28 20:00:00,16212.91,1167.77,0.3888,293.5,13.32,0.3066,0.05299,7.194,12.45
2022-11-29 00:00:00,16287.66,1184.67,0.3841,296.5,13.47,0.308,0.05355,7.333,12.36
2022-11-29 04:00:00,16463.31,1207.08,0.3927,302.3,13.73,0.3111,0.05391,7.394,12.49
2022-11-29 08:00:00,16497.64,1217.32,0.3927,303.0,13.64,0.3107,0.05381,7.375,12.63
2022-11-29 12:00:00,16393.48,1208.72,0.3914,300.1,13.44,0.3093,0.0536,7.321,12.48
2022-11-29 16:00:00,16426.56,1215.75,0.3957,295.5,13.42,0.3079,0.05356,7.285,12.43
2022-11-29 20:00:00,16442.53,1216.49,0.3981,295.4,13.34,0.3092,0.05326,7.318,12.47
2022-11-30 00:00:00,16845.25,1265.09,0.4007,295.8,13.5,0.3127,0.05385,7.408,12.68
2022-11-30 04:00:00,16884.18,1272.62,0.4039,301.0,13.7,0.315,0.05408,7.483,13.02
2022-11-30 08:00:00,16879.32,1266.72,0.4005,300.5,13.71,0.3147,0.05419,7.452,12.97
2022-11-30 12:00:00,16865.64,1267.4,0.4016,298.0,13.53,0.3152,0.05425,7.456,12.84
2022-11-30 16:00:00,17062.85,1287.2,0.4075,298.4,13.64,0.3144,0.05434,7.469,12.93
2022-11-30 20:00:00,17163.64,1294.46,0.4078,300.6,14.16,0.3187,0.05461,7.672,13.15
2022-12-01 00:00:00,17150.98,1288.02,0.4026,297.5,13.92,0.3173,0.05463,7.58,13.14
2022-12-01 04:00:00,17070.21,1278.76,0.3992,297.8,13.81,0.3144,0.05447,7.514,13.01
2022-12-01 08:00:00,17102.47,1282.94,0.4005,299.7,13.82,0.3176,0.05465,7.549,13.09
2022-12-01 12:00:00,16977.67,1271.54,0.3976,291.8,13.62,0.316,0.05437,7.7,13.08
2022-12-01 16:00:00,16951.8,1275.91,0.3974,291.1,13.52,0.3149,0.05422,7.634,12.94
2022-12-01 20:00:00,16977.37,1276.41,0.3969,292.3,13.51,0.3145,0.05415,7.681,12.9
2022-12-02 00:00:00,16902.03,1271.69,0.3871,288.2,13.44,0.3127,0.054,7.596,12.95
2022-12-02 04:00:00,16955.82,1275.68,0.3908,289.7,13.53,0.3138,0.05427,7.581,13.06
2022-12-02 08:00:00,16996.92,1288.83,0.3905,291.3,13.61,0.3168,0.0544,7.627,13.16
2022-12-02 12:00:00,16938.94,1278.96,0.3889,290.1,13.54,0.3168,0.0542,7.565,13.14
2022-12-02 16:00:00,16987.01,1287.32,0.3907,290.6,13.69,0.3196,0.05436,7.593,13.39
2022-12-02 20:00:00,17092.74,1295.59,0.3961,293.4,13.71,0.3191,0.05445,7.61,13.58
2022-12-03 00:00:00,17020.89,1285.85,0.3919,292.0,13.63,0.3194,0.05399,7.492,13.47
2022-12-03 04:00:00,16964.51,1276.08,0.389,290.5,13.56,0.3181,0.05392,7.451,13.35
2022-12-03 08:00:00,16943.43,1269.39,0.3943,290.2,13.5,0.3234,0.05403,7.428,13.5
2022-12-03 12:00:00,16961.49,1271.04,0.3949,291.7,13.58,0.3256,0.054,7.415,13.6
2022-12-03 16:00:00,16953.4,1266.19,0.3934,291.6,13.52,0.3233,0.05396,7.321,13.85
2022-12-03 20:00:00,16885.2,1240.51,0.3873,290.4,13.29,0.3196,0.05358,7.235,13.4
2022-12-04 00:00:00,16959.64,1257.04,0.39,291.8,13.42,0.322,0.05396,7.309,13.64
2022-12-04 04:00:00,16996.39,1257.03,0.39,291.1,13.46,0.3195,0.05324,7.347,13.73
2022-12-04 08:00:00,16948.64,1254.94,0.3895,289.5,13.38,0.3194,0.05314,7.292,13.61
2022-12-04 12:00:00,17029.88,1259.83,0.389,290.0,13.48,0.322,0.05332,7.351,13.71
2022-12-04 16:00:00,17085.53,1278.5,0.3912,291.1,13.55,0.3235,0.05326,7.372,13.68
2022-12-04 20:00:00,17105.7,1279.41,0.3895,291.8,13.71,0.3221,0.05309,7.444,13.93
2022-12-05 00:00:00,17196.88,1290.85,0.3926,294.7,13.91,0.3238,0.05321,7.521,14.14
2022-12-05 04:00:00,17313.93,1297.08,0.3933,295.9,13.93,0.3255,0.05343,7.522,14.17
2022-12-05 08:00:00,17310.51,1295.13,0.3929,295.7,13.98,0.3271,0.05349,7.531,14.15
2022-12-05 12:00:00,17083.92,1266.59,0.3913,290.3,13.75,0.3216,0.05338,7.352,13.81
2022-12-05 16:00:00,16926.65,1253.67,0.3846,286.7,13.68,0.3174,0.05305,7.2,13.54
2022-12-05 20:00:00,16966.35,1259.41,0.3893,288.4,13.82,0.3193,0.05334,7.275,13.6
2022-12-06 00:00:00,17003.88,1261.82,0.3829,289.4,14.16,0.3197,0.05334,7.247,13.59
2022-12-06 04:00:00,17001.17,1260.39,0.3821,289.5,14.15,0.318,0.05285,7.277,13.65
2022-12-06 08:00:00,16983.9,1256.08,0.3847,288.6,14.02,0.3162,0.05272,7.21,13.58
2022-12-06 12:00:00,16985.27,1254.4,0.3884,288.7,13.98,0.3169,0.05314,7.253,13.59
2022-12-06 16:00:00,16970.93,1250.13,0.3897,288.6,14.01,0.3151,0.05305,7.06,13.52
2022-12-06 20:00:00,17088.96,1271.32,0.3914,290.2,14.3,0.3183,0.05364,7.132,13.67
2022-12-07 00:00:00,17025.03,1262.27,0.3856,288.8,14.05,0.3172,0.0534,7.041,13.57
2022-12-07 04:00:00,16763.03,1224.63,0.3775,282.7,13.62,0.3085,0.05252,6.804,13.05
2022-12-07 08:00:00,16793.29,1224.97,0.3782,283.6,13.62,0.3095,0.05295,6.868,13.19
2022-12-07 12:00:00,16837.48,1233.85,0.383,283.5,13.68,0.3109,0.05315,6.847,13.22
2022-12-07 16:00:00,16815.73,1232.11,0.382,283.6,13.58,0.3087,0.05319,6.838,13.21
2022-12-07 20:00:00,16836.64,1231.18,0.3835,284.2,13.49,0.3102,0.05312,6.881,13.28
2022-12-08 00:00:00,16834.32,1231.86,0.3862,284.1,13.45,0.3094,0.05335,6.85,13.28
2022-12-08 04:00:00,16825.55,1232.73,0.3876,285.6,13.51,0.3117,0.05343,6.885,13.26
2022-12-08 08:00:00,16851.02,1240.4,0.3859,285.1,13.5,0.3104,0.05339,6.921,13.19
2022-12-08 12:00:00,16917.4,1249.91,0.3888,287.5,13.57,0.3112,0.05352,6.925,13.26
2022-12-08 16:00:00,17251.62,1283.9,0.3925,290.1,13.73,0.3153,0.05403,7.029,13.48
2022-12-08 20:00:00,17224.1,1280.18,0.3941,290.4,13.69,0.3145,0.05448,7.0,13.42
2022-12-09 00:00:00,17202.66,1283.98,0.3912,289.6,13.75,0.3142,0.05432,6.979,13.41
2022-12-09 04:00:00,17211.93,1282.43,0.3918,290.4,13.7,0.3149,0.05478,7.02,13.5
2022-12-09 08:00:00,17241.44,1287.83,0.3901,290.8,13.86,0.3141,0.05492,7.029,13.54
2022-12-09 12:00:00,17181.5,1277.6,0.387,289.9,13.87,0.3129,0.05466,6.946,13.55
2022-12-09 16:00:00,17142.67,1269.05,0.387,288.0,13.62,0.3105,0.05475,6.838,13.43
2022-12-09 20:00:00,17128.56,1263.1,0.3889,286.0,13.59,0.3118,0.05464,6.863,13.46
2022-12-10 00:00:00,17145.08,1265.2,0.388,287.0,13.62,0.3117,0.05488,6.826,13.39
2022-12-10 04:00:00,17154.06,1264.57,0.388,287.3,13.62,0.3121,0.05493,6.839,13.42
2022-12-10 08:00:00,17168.61,1266.18,0.3879,287.6,13.59,0.3133,0.05501,6.853,13.41
2022-12-10 12:00:00,17207.7,1278.26,0.3892,289.3,13.64,0.3145,0.05507,6.902,13.49
2022-12-10 16:00:00,17175.8,1272.2,0.3873,288.2,13.64,0.3123,0.05509,6.88,13.53
2022-12-10 20:00:00,17127.49,1266.35,0.3865,288.2,13.58,0.3126,0.05483,6.858,13.49
2022-12-11 00:00:00,17153.61,1272.68,0.3873,290.6,13.64,0.3138,0.05489,6.916,13.45
2022-12-11 04:00:00,17180.88,1276.49,0.3869,290.5,13.64,0.3129,0.05483,6.938,13.42
2022-12-11 08:00:00,17167.43,1273.45,0.3862,290.3,13.63,0.312,0.05448,6.892,13.43
2022-12-11 12:00:00,17153.52,1273.38,0.386,289.7,13.66,0.3127,0.05435,6.873,13.44
2022-12-11 16:00:00,17177.43,1274.39,0.3866,290.0,13.73,0.3132,0.05422,6.862,13.42
2022-12-11 20:00:00,17085.05,1263.01,0.3809,284.4,13.42,0.3074,0.05397,6.7,12.98
2022-12-12 00:00:00,16918.97,1243.83,0.374,282.7,12.96,0.303,0.05324,6.568,12.71
2022-12-12 04:00:00,16923.94,1246.46,0.3754,281.1,12.98,0.3041,0.05204,6.591,12.72
2022-12-12 08:00:00,16988.62,1254.4,0.3737,283.7,13.17,0.306,0.05267,6.642,12.85
2022-12-12 12:00:00,17010.81,1249.35,0.3756,276.1,13.1,0.3045,0.05261,6.59,12.77
2022-12-12 16:00:00,17043.22,1254.58,0.3798,274.4,13.23,0.3046,0.05299,6.616,12.85
2022-12-12 20:00:00,17209.83,1275.4,0.3874,276.1,13.31,0.3069,0.05352,6.701,13.0
2022-12-13 00:00:00,17152.37,1269.65,0.3799,267.1,13.09,0.304,0.05307,6.602,12.84
2022-12-13 04:00:00,17165.17,1266.41,0.3829,264.0,12.96,0.3026,0.0528,6.541,12.72
2022-12-13 08:00:00,17444.63,1286.93,0.386,268.6,13.35,0.3084,0.05336,6.731,13.16
2022-12-13 12:00:00,17752.94,1323.78,0.3904,273.3,13.72,0.3128,0.05427,6.921,13.81
2022-12-13 16:00:00,17740.86,1316.41,0.3922,269.2,13.79,0.3102,0.0544,6.875,13.52
2022-12-13 20:00:00,17774.7,1320.69,0.3952,272.2,13.89,0.3142,0.0545,6.926,13.76
2022-12-14 00:00:00,17781.68,1319.79,0.3908,275.5,13.96,0.313,0.05512,6.881,13.77
2022-12-14 04:00:00,17806.01,1322.5,0.3899,274.4,13.9,0.3101,0.05501,6.882,13.69
2022-12-14 08:00:00,17824.93,1326.49,0.39,273.1,13.97,0.3103,0.05505,6.858,13.75
2022-12-14 12:00:00,18061.83,1338.32,0.3931,272.0,14.48,0.313,0.05648,6.88,14.02
2022-12-14 16:00:00,17792.9,1307.54,0.382,267.9,14.3,0.3076,0.05628,6.753,13.65
2022-12-14 20:00:00,17803.15,1307.44,0.3853,267.7,14.12,0.3079,0.05558,6.718,13.71
2022-12-15 00:00:00,17729.56,1292.04,0.3814,265.6,14.38,0.3045,0.05593,6.655,13.81
2022-12-15 04:00:00,17691.45,1287.27,0.3806,264.9,14.14,0.3016,0.05564,6.609,13.56
2022-12-15 08:00:00,17720.33,1291.27,0.3804,265.4,14.1,0.302,0.05562,6.618,13.62
2022-12-15 12:00:00,17429.05,1270.32,0.3816,263.3,14.0,0.3018,0.05558,6.572,13.48
2022-12-15 16:00:00,17442.25,1275.04,0.3779,261.5,14.11,0.3017,0.05593,6.534,13.3
2022-12-15 20:00:00,17356.34,1266.54,0.378,258.8,14.04,0.3003,0.05577,6.456,13.17
2022-12-16 00:00:00,17425.76,1271.79,0.3775,262.6,14.04,0.3003,0.05536,6.514,13.24
2022-12-16 04:00:00,17503.35,1277.77,0.3796,263.8,14.09,0.3007,0.05597,6.524,13.26
2022-12-16 08:00:00,17027.09,1212.83,0.3651,251.4,13.5,0.2863,0.0548,6.253,12.72
2022-12-16 12:00:00,16972.34,1203.63,0.3623,247.3,13.01,0.2843,0.05467,6.16,12.54
2022-12-16 16:00:00,16864.81,1202.5,0.3629,244.2,13.01,0.2847,0.05471,6.162,12.56
2022-12-16 20:00:00,16632.12,1166.83,0.3511,231.2,12.25,0.2632,0.05292,5.893,11.84
2022-12-17 00:00:00,16676.85,1175.3,0.3531,229.2,12.26,0.2603,0.05224,5.9,11.78
2022-12-17 04:00:00,16745.54,1183.72,0.3559,236.2,12.46,0.2649,0.05322,6.023,11.97
2022-12-17 08:00:00,16708.22,1180.05,0.3526,237.1,12.31,0.2662,0.05367,5.997,11.88
2022-12-17 12:00:00,16700.26,1180.09,0.3526,236.5,12.31,0.2644,0.05359,6.022,11.91
2022-12-17 16:00:00,16691.63,1176.79,0.3501,235.6,12.26,0.2632,0.05367,5.957,11.82
2022-12-17 20:00:00,16776.52,1187.16,0.3545,242.1,12.51,0.2672,0.05486,6.03,11.95
2022-12-18 00:00:00,16741.02,1187.54,0.3536,246.5,12.49,0.2686,0.0549,6.031,11.96
2022-12-18 04:00:00,16750.83,1186.89,0.3532,247.2,12.43,0.2677,0.05329,6.0,11.9
2022-12-18 08:00:00,16711.35,1182.28,0.3523,246.8,12.39,0.2649,0.05408,5.986,11.89
2022-12-18 12:00:00,16683.84,1174.39,0.3496,245.0,12.31,0.264,0.05351,5.942,11.83
2022-12-18 16:00:00,16750.82,1183.56,0.3503,249.6,12.44,0.2673,0.0537,6.01,11.93
2022-12-18 20:00:00,16738.21,1183.06,0.3499,251.0,12.38,0.2659,0.05378,5.949,11.93
2022-12-19 00:00:00,16681.47,1179.27,0.3415,247.2,12.23,0.2647,0.05374,5.885,11.81
2022-12-19 04:00:00,16722.23,1179.86,0.344,246.0,12.24,0.2635,0.05353,5.939,11.84
2022-12-19 08:00:00,16734.46,1183.28,0.3423,247.8,12.28,0.2634,0.05382,6.014,11.97
2022-12-19 12:00:00,16669.08,1179.79,0.3412,246.8,12.17,0.2633,0.05391,5.971,11.89
2022-12-19 16:00:00,16555.74,1170.8,0.3375,242.2,12.02,0.255,0.05373,5.874,11.69
2022-12-19 20:00:00,16438.88,1167.82,0.3389,240.4,11.94,0.2529,0.05356,5.79,11.39
2022-12-20 00:00:00,16727.24,1192.57,0.3391,247.8,12.19,0.255,0.05417,5.991,11.73
2022-12-20 04:00:00,16802.83,1208.31,0.3421,248.1,12.34,0.2578,0.05433,6.037,11.93
2022-12-20 08:00:00,16814.25,1212.31,0.3437,249.5,12.38,0.2588,0.05426,6.078,11.95
2022-12-20 12:00:00,16918.83,1217.04,0.3469,251.1,12.35,0.2601,0.05455,6.045,11.94
2022-12-20 16:00:00,16900.3,1216.78,0.3494,250.6,12.24,0.2586,0.05459,6.0,11.94
2022-12-20 20:00:00,16895.56,1216.94,0.3482,251.4,12.26,0.2587,0.05497,6.013,11.95
2022-12-21 00:00:00,16837.1,1210.53,0.3388,248.7,12.08,0.2542,0.05472,5.965,11.78
2022-12-21 04:00:00,16816.18,1210.93,0.3407,248.0,12.03,0.253,0.05484,5.945,11.8
2022-12-21 08:00:00,16878.47,1216.61,0.3437,249.5,12.11,0.2536,0.0553,5.996,11.89
2022-12-21 12:00:00,16861.13,1215.6,0.3437,249.1,12.07,0.2523,0.05506,5.948,11.85
2022-12-21 16:00:00,16756.2,1208.58,0.3433,246.3,11.96,0.25,0.05473,5.92,11.73
2022-12-21 20:00:00,16824.67,1213.78,0.3449,246.2,12.14,0.2534,0.05492,5.989,11.71
2022-12-22 00:00:00,16852.8,1214.81,0.3432,248.0,12.12,0.2534,0.05508,5.985,11.73
2022-12-22 04:00:00,16826.87,1213.86,0.3446,246.3,12.07,0.2521,0.05526,5.971,11.67
2022-12-22 08:00:00,16834.8,1217.49,0.3464,245.8,12.12,0.2526,0.05517,5.99,11.73
2022-12-22 12:00:00,16636.54,1186.59,0.3429,240.9,11.77,0.2485,0.05489,5.895,11.5
2022-12-22 16:00:00,16662.13,1194.91,0.3446,243.1,11.84,0.2507,0.05511,5.916,11.63
2022-12-22 20:00:00,16821.43,1217.71,0.3492,245.8,11.82,0.2566,0.05554,6.005,11.85
2022-12-23 00:00:00,16828.23,1223.99,0.3497,247.0,12.02,0.2616,0.05547,6.025,11.84
2022-12-23 04:00:00,16848.01,1221.84,0.3492,246.6,11.89,0.2599,0.05494,6.022,11.8
2022-12-23 08:00:00,16844.02,1223.0,0.3511,245.9,11.89,0.2586,0.0548,6.017,11.82
2022-12-23 12:00:00,16832.16,1219.15,0.3501,245.4,11.85,0.2577,0.0547,5.991,11.81
2022-12-23 16:00:00,16844.79,1219.98,0.3527,246.3,11.86,0.2596,0.05443,5.972,11.8
2022-12-23 20:00:00,16778.5,1219.99,0.3543,246.2,11.78,0.2594,0.05423,5.941,11.79
2022-12-24 00:00:00,16840.65,1218.83,0.3528,245.9,11.78,0.26,0.05429,5.961,11.82
2022-12-24 04:00:00,16848.26,1220.44,0.3516,245.4,11.37,0.2591,0.05459,5.932,11.72
2022-12-24 08:00:00,16824.41,1219.54,0.3522,244.0,11.33,0.2575,0.05449,5.913,11.7
2022-12-24 12:00:00,16836.35,1219.15,0.3514,244.4,11.37,0.2584,0.05457,5.912,11.69
2022-12-24 16:00:00,16843.59,1223.6,0.3522,244.5,11.56,0.2587,0.05475,5.932,11.7
2022-12-24 20:00:00,16836.12,1220.41,0.3517,244.5,11.45,0.2592,0.05473,5.916,11.67
2022-12-25 00:00:00,16832.14,1221.37,0.3495,245.3,11.47,0.2591,0.05472,5.912,11.66
2022-12-25 04:00:00,16821.97,1219.8,0.3486,245.1,11.48,0.2589,0.05469,5.949,11.63
2022-12-25 08:00:00,16821.51,1217.54,0.3472,244.7,11.4,0.258,0.05448,5.944,11.59
2022-12-25 12:00:00,16793.09,1210.91,0.3462,243.2,11.34,0.2564,0.05443,5.933,11.56
2022-12-25 16:00:00,16794.07,1209.51,0.3454,242.7,11.39,0.257,0.05488,5.945,11.61
2022-12-25 20:00:00,16832.11,1218.51,0.3457,243.2,11.38,0.2591,0.05481,5.99,11.68
2022-12-26 00:00:00,16894.19,1220.91,0.3497,244.5,11.43,0.2614,0.05474,5.984,11.75
2022-12-26 04:00:00,16843.65,1220.69,0.3512,243.3,11.32,0.2594,0.05487,5.964,11.68
2022-12-26 08:00:00,16864.04,1220.42,0.3509,243.3,11.35,0.2607,0.05483,6.001,11.72
2022-12-26 12:00:00,16809.51,1215.37,0.3564,242.4,11.19,0.2612,0.05456,5.972,11.61
2022-12-26 16:00:00,16841.0,1217.52,0.3664,242.7,11.19,0.2625,0.05437,6.0,11.63
2022-12-26 20:00:00,16919.39,1228.11,0.3658,244.3,11.32,0.2652,0.05459,6.048,11.71
2022-12-27 00:00:00,16876.51,1223.69,0.3591,243.3,11.28,0.2638,0.05464,5.991,11.72
2022-12-27 04:00:00,16869.19,1222.16,0.368,243.3,11.23,0.2638,0.0543,5.993,11.71
2022-12-27 08:00:00,16832.4,1219.38,0.3685,243.9,11.14,0.2628,0.0542,5.994,11.73
2022-12-27 12:00:00,16799.78,1211.22,0.3693,245.1,10.77,0.2605,0.05402,5.923,11.71
2022-12-27 16:00:00,16690.75,1211.1,0.3697,246.2,11.02,0.259,0.05409,5.894,11.62
2022-12-27 20:00:00,16706.36,1211.55,0.3675,246.7,11.09,0.2603,0.05415,5.903,11.64
2022-12-28 00:00:00,16650.65,1197.72,0.3597,244.8,10.78,0.2557,0.05415,5.792,11.44
2022-12-28 04:00:00,16647.16,1194.59,0.3587,243.4,10.14,0.2515,0.05376,5.763,11.31
2022-12-28 08:00:00,16678.98,1196.3,0.3585,243.7,10.03,0.2519,0.05374,5.742,11.35
2022-12-28 12:00:00,16578.52,1189.24,0.3572,242.3,9.95,0.2503,0.05405,5.724,11.28
2022-12-28 16:00:00,16595.92,1193.04,0.3584,243.3,9.79,0.2511,0.05448,5.706,11.3
2022-12-28 20:00:00,16547.31,1190.15,0.3558,244.5,9.76,0.2482,0.05416,5.675,11.21
2022-12-29 00:00:00,16558.33,1194.95,0.3459,245.1,9.76,0.2459,0.05414,5.684,11.19
2022-12-29 04:00:00,16556.37,1194.97,0.3467,244.7,9.62,0.2454,0.05424,5.708,11.19
2022-12-29 08:00:00,16598.7,1198.84,0.3435,245.9,9.46,0.2457,0.05433,5.686,11.15
2022-12-29 12:00:00,16616.6,1201.17,0.3457,246.1,9.39,0.2459,0.05438,5.687,11.12
2022-12-29 16:00:00,16612.4,1198.44,0.3442,246.0,8.79,0.2435,0.05359,5.61,11.02
2022-12-29 20:00:00,16633.47,1200.49,0.3421,246.3,9.64,0.244,0.05402,5.601,10.98
2022-12-30 00:00:00,16599.08,1197.59,0.3383,245.5,9.52,0.2441,0.05364,5.576,10.88
2022-12-30 04:00:00,16474.93,1188.26,0.3369,243.5,9.12,0.2406,0.0539,5.45,10.77
2022-12-30 08:00:00,16496.27,1190.7,0.3382,243.3,9.12,0.2415,0.05389,5.481,10.72
2022-12-30 12:00:00,16555.26,1195.07,0.3398,245.4,9.58,0.2436,0.05416,5.494,10.77
2022-12-30 16:00:00,16525.37,1194.89,0.344,244.6,9.85,0.2438,0.05423,5.484,10.85
2022-12-30 20:00:00,16607.48,1199.99,0.3451,245.8,9.9,0.2458,0.05439,5.475,10.87
2022-12-31 00:00:00,16552.46,1194.42,0.3404,245.4,9.74,0.2449,0.05487,5.423,10.86
2022-12-31 04:00:00,16565.09,1196.84,0.3426,245.6,9.83,0.2446,0.05466,5.459,10.93
2022-12-31 08:00:00,16567.15,1197.2,0.3437,245.5,9.85,0.2465,0.05478,5.574,10.94
2022-12-31 12:00:00,16590.1,1202.86,0.3439,247.1,10.15,0.2504,0.05454,5.587,10.97
2022-12-31 16:00:00,16570.14,1202.65,0.3427,246.9,10.07,0.2486,0.05456,5.587,10.99
2022-12-31 20:00:00,16542.4,1196.13,0.3389,246.3,9.97,0.2458,0.0545,5.575,10.9
2023-01-01 00:00:00,16533.04,1194.04,0.3381,245.3,9.97,0.2454,0.05477,5.552,10.82
2023-01-01 04:00:00,16526.19,1195.06,0.3368,244.0,9.8,0.2452,0.0546,5.53,10.71
2023-01-01 08:00:00,16556.66,1196.34,0.3385,244.4,9.93,0.2459,0.05475,5.577,10.76
2023-01-01 12:00:00,16558.73,1196.81,0.3369,244.6,9.87,0.2462,0.05483,5.595,10.77
2023-01-01 16:00:00,16603.08,1201.78,0.339,245.3,9.97,0.2484,0.05487,5.605,10.89
2023-01-01 20:00:00,16616.75,1200.34,0.3387,244.4,9.99,0.2499,0.05481,5.628,10.87
2023-01-02 00:00:00,16661.94,1201.94,0.3287,243.9,9.99,0.2497,0.0546,5.626,10.84
2023-01-02 04:00:00,16721.28,1213.09,0.3378,246.4,11.09,0.2541,0.05475,5.683,11.12
2023-01-02 08:00:00,16735.11,1217.35,0.3445,246.8,11.01,0.254,0.05539,5.695,11.14
2023-01-02 12:00:00,16734.66,1219.0,0.3512,247.0,11.11,0.2546,0.0553,5.702,11.18
2023-01-02 16:00:00,16737.56,1218.87,0.3517,246.6,11.26,0.2553,0.05535,5.728,11.19
2023-01-02 20:00:00,16672.87,1214.0,0.3482,245.2,11.28,0.2538,0.05517,5.691,11.16
2023-01-03 00:00:00,16691.81,1215.59,0.343,245.8,11.22,0.2532,0.05529,5.68,11.14
2023-01-03 04:00:00,16729.74,1216.61,0.3491,246.3,11.95,0.2534,0.05543,5.687,11.27
2023-01-03 08:00:00,16721.03,1214.98,0.3441,245.6,11.84,0.2537,0.05531,5.662,11.28
2023-01-03 12:00:00,16676.94,1211.76,0.3434,245.5,13.09,0.2536,0.05534,5.634,11.41
2023-01-03 16:00:00,16643.37,1209.5,0.3456,245.4,12.94,0.2507,0.05519,5.596,11.3
2023-01-03 20:00:00,16675.18,1214.55,0.3436,246.1,13.37,0.2529,0.05483,5.621,11.38
2023-01-04 00:00:00,16862.02,1250.74,0.3486,257.1,13.57,0.2647,0.05544,5.791,11.82
2023-01-04 04:00:00,16869.44,1252.0,0.3498,255.3,14.16,0.2656,0.05556,5.802,11.91
2023-01-04 08:00:00,16835.35,1251.58,0.3491,254.8,13.65,0.2642,0.05516,5.768,11.77
2023-01-04 12:00:00,16854.05,1255.88,0.3476,257.0,13.36,0.2681,0.05497,5.814,12.12
2023-01-04 16:00:00,16842.36,1254.38,0.3468,257.8,13.2,0.2661,0.05462,5.768,12.13
2023-01-04 20:00:00,16850.36,1256.9,0.3472,258.9,13.43,0.2678,0.05477,5.809,12.08
2023-01-05 00:00:00,16827.71,1252.77,0.3457,257.9,13.21,0.2652,0.05454,5.762,12.1
2023-01-05 04:00:00,16823.64,1251.03,0.345,257.5,13.25,0.2663,0.05494,5.762,11.99
2023-01-05 08:00:00,16833.6,1255.91,0.3418,257.1,13.26,0.2663,0.05469,5.72,11.89
2023-01-05 12:00:00,16842.94,1249.11,0.3397,256.8,13.29,0.2654,0.0539,5.718,11.77
2023-01-05 16:00:00,16863.85,1253.62,0.3412,257.8,13.4,0.269,0.05394,5.752,11.84
2023-01-05 20:00:00,16831.85,1251.24,0.338,256.7,13.43,0.2692,0.05374,5.66,11.74
2023-01-06 00:00:00,16833.56,1251.02,0.3394,257.7,13.19,0.2735,0.05177,5.633,11.68
2023-01-06 04:00:00,16794.06,1247.7,0.3351,256.4,13.12,0.2717,0.05081,5.618,11.53
2023-01-06 08:00:00,16738.22,1243.4,0.3346,256.4,13.0,0.2703,0.05074,5.606,11.45
2023-01-06 12:00:00,16840.82,1263.01,0.3379,259.1,13.19,0.2733,0.05217,5.653,11.6
2023-01-06 16:00:00,16939.91,1273.13,0.342,260.0,13.37,0.2764,0.05362,5.715,11.75
2023-01-06 20:00:00,16950.65,1269.14,0.3443,259.9,13.5,0.2786,0.05249,5.712,11.78
2023-01-07 00:00:00,16952.46,1266.54,0.3425,262.1,13.32,0.2768,0.05223,5.768,11.81
2023-01-07 04:00:00,16948.09,1266.8,0.3426,261.1,13.29,0.2766,0.05243,5.775,11.82
2023-01-07 08:00:00,16918.3,1263.79,0.3427,260.9,13.15,0.2749,0.05172,5.765,11.72
2023-01-07 12:00:00,16940.42,1265.07,0.3448,261.0,13.27,0.2752,0.05177,5.817,11.72
2023-01-07 16:00:00,16944.05,1265.38,0.3448,261.7,13.22,0.2772,0.05173,5.803,11.77
2023-01-07 20:00:00,16943.57,1264.07,0.3442,261.3,13.1,0.2768,0.05201,5.83,11.75
2023-01-08 00:00:00,16944.02,1262.84,0.3413,261.0,13.37,0.2758,0.05158,5.821,11.67
2023-01-08 04:00:00,16953.77,1263.64,0.34,260.9,13.33,0.2765,0.05183,5.831,11.73
2023-01-08 08:00:00,16927.42,1261.67,0.3387,261.0,13.51,0.2853,0.05215,5.787,11.8
2023-01-08 12:00:00,17000.43,1274.25,0.343,267.0,13.88,0.288,0.05291,5.852,11.94
2023-01-08 16:00:00,16927.25,1265.09,0.3403,267.4,13.55,0.2899,0.05276,5.828,11.87
2023-01-08 20:00:00,17127.83,1290.16,0.3452,274.9,14.45,0.2974,0.05439,5.963,12.09
2023-01-09 00:00:00,17197.0,1310.37,0.3516,278.7,16.05,0.3295,0.0557,6.091,12.51
2023-01-09 04:00:00,17198.48,1311.92,0.3489,277.7,16.35,0.3256,0.05496,6.129,12.45
2023-01-09 08:00:00,17238.93,1318.27,0.3504,278.3,16.38,0.3216,0.05494,6.156,12.41
2023-01-09 12:00:00,17268.49,1335.68,0.3553,280.3,17.13,0.3207,0.05507,6.203,12.54
2023-01-09 16:00:00,17293.69,1330.12,0.3555,276.8,16.28,0.3156,0.05482,6.1,12.32
2023-01-09 20:00:00,17178.26,1320.39,0.349,272.6,16.25,0.3168,0.05461,6.065,12.19
2023-01-10 00:00:00,17205.72,1324.71,0.3489,273.8,15.97,0.3138,0.05435,6.079,12.31
2023-01-10 04:00:00,17203.2,1323.23,0.3472,274.4,15.89,0.3151,0.05399,6.073,12.33
2023-01-10 08:00:00,17252.89,1329.32,0.3491,275.0,16.03,0.3178,0.05423,6.109,12.46
2023-01-10 12:00:00,17327.7,1333.97,0.3502,275.9,16.25,0.3203,0.05454,6.141,12.71
2023-01-10 16:00:00,17432.85,1339.48,0.3534,276.2,16.39,0.3237,0.0549,6.24,12.8
2023-01-10 20:00:00,17440.66,1335.62,0.3507,277.1,16.2,0.3222,0.05486,6.166,12.73
2023-01-11 00:00:00,17416.14,1331.07,0.3494,275.0,16.01,0.3146,0.05486,6.103,12.46
2023-01-11 04:00:00,17446.65,1335.52,0.3622,277.8,16.1,0.3157,0.05552,6.138,12.54
2023-01-11 08:00:00,17437.75,1336.45,0.3619,277.8,16.03,0.3147,0.05525,6.114,12.5
2023-01-11 12:00:00,17332.43,1323.04,0.3695,276.8,15.41,0.309,0.05483,6.041,12.47
2023-01-11 16:00:00,17550.29,1342.92,0.3719,279.8,16.0,0.3177,0.05549,6.172,14.58
2023-01-11 20:00:00,17943.26,1389.39,0.3728,284.8,16.36,0.323,0.05652,6.284,15.86
2023-01-12 00:00:00,18224.68,1400.99,0.3766,286.9,16.42,0.3274,0.05648,6.343,15.94
2023-01-12 04:00:00,18138.22,1398.45,0.3734,285.1,16.25,0.3247,0.05614,6.315,15.36
2023-01-12 08:00:00,18200.8,1397.78,0.369,283.3,16.07,0.3218,0.05605,6.256,15.22
2023-01-12 12:00:00,18086.62,1386.07,0.3673,281.6,15.96,0.3223,0.05619,6.199,14.96
2023-01-12 16:00:00,18885.35,1425.86,0.3751,286.1,16.54,0.3308,0.05691,6.368,15.31
2023-01-12 20:00:00,18846.62,1415.92,0.3748,287.7,16.59,0.3293,0.0571,6.387,15.43
2023-01-13 00:00:00,18876.37,1415.01,0.3788,289.0,16.7,0.3287,0.05747,6.388,15.42
2023-01-13 04:00:00,18824.25,1408.12,0.3765,287.9,16.9,0.3279,0.05766,6.344,15.54
2023-01-13 08:00:00,18920.95,1409.71,0.3746,287.2,16.67,0.3308,0.05743,6.331,15.61
2023-01-13 12:00:00,19261.19,1421.98,0.374,288.8,16.81,0.332,0.05756,6.351,15.66
2023-01-13 16:00:00,19362.01,1420.23,0.3765,288.7,17.18,0.3346,0.0579,6.396,15.64
2023-01-13 20:00:00,19930.01,1451.2,0.3858,293.7,18.29,0.3456,0.0601,6.605,15.96
2023-01-14 00:00:00,20967.23,1556.08,0.4012,307.5,21.92,0.3577,0.06367,6.818,16.83
2023-01-14 04:00:00,20897.36,1553.43,0.404,310.8,23.57,0.3634,0.06488,6.994,17.52
2023-01-14 08:00:00,20721.73,1530.09,0.3925,303.8,22.36,0.3503,0.06351,6.728,16.99
2023-01-14 12:00:00,20786.74,1525.18,0.3939,304.2,22.33,0.3516,0.06197,6.801,17.0
2023-01-14 16:00:00,20783.68,1529.49,0.3923,303.5,23.06,0.3486,0.06096,6.788,16.73
2023-01-14 20:00:00,20954.92,1549.9,0.3953,305.1,24.24,0.3525,0.06177,6.856,16.94
2023-01-15 00:00:00,20719.09,1525.4,0.3904,298.7,23.06,0.347,0.06185,6.721,16.5
2023-01-15 04:00:00,20735.69,1529.16,0.388,297.4,22.62,0.3462,0.06184,6.743,16.34
2023-01-15 08:00:00,20722.23,1533.35,0.384,297.9,22.9,0.3452,0.06123,6.7,16.4
2023-01-15 12:00:00,20908.28,1556.35,0.3885,302.7,23.69,0.3507,0.06237,6.887,17.02
2023-01-15 16:00:00,20870.15,1550.15,0.3856,301.1,23.36,0.349,0.06252,6.722,16.8
2023-01-15 20:00:00,20871.5,1552.52,0.3845,302.2,22.89,0.3507,0.06231,6.694,16.8
2023-01-16 00:00:00,21075.68,1569.19,0.4054,304.3,23.22,0.3569,0.06305,6.768,16.81
2023-01-16 04:00:00,21109.23,1565.95,0.393,303.0,24.25,0.3576,0.06276,6.843,16.96
2023-01-16 08:00:00,20817.56,1542.32,0.3847,298.2,23.38,0.3494,0.06182,6.619,16.51
2023-01-16 12:00:00,20994.17,1549.97,0.3858,298.0,23.08,0.3472,0.06199,6.566,16.56
2023-01-16 16:00:00,21308.57,1591.23,0.3927,300.9,23.55,0.3538,0.06262,6.745,16.8
2023-01-16 20:00:00,21185.65,1576.94,0.3855,299.0,23.58,0.3504,0.06242,6.669,16.74
2023-01-17 00:00:00,21124.57,1563.59,0.3835,300.1,23.19,0.3481,0.06206,6.674,16.9
2023-01-17 04:00:00,21133.65,1563.35,0.3899,301.0,23.41,0.3508,0.06223,6.72,16.86
2023-01-17 08:00:00,21219.75,1569.07,0.3881,302.8,23.74,0.3537,0.06238,6.73,16.92
2023-01-17 12:00:00,21176.06,1571.4,0.3871,302.5,23.27,0.3529,0.06209,6.718,17.75
2023-01-17 16:00:00,21336.46,1588.85,0.3929,302.9,23.43,0.3527,0.06238,6.864,17.62
2023-01-17 20:00:00,21134.81,1565.57,0.3868,299.4,22.86,0.3455,0.06168,6.804,17.12
2023-01-18 00:00:00,21258.54,1582.01,0.3874,303.0,23.04,0.3501,0.06211,6.924,17.24
2023-01-18 04:00:00,21307.94,1583.14,0.3891,301.5,22.98,0.3504,0.06202,6.86,17.18
2023-01-18 08:00:00,21204.67,1575.9,0.389,301.1,22.52,0.347,0.06191,6.75,16.86
2023-01-18 12:00:00,21042.73,1549.75,0.3819,294.5,21.79,0.3388,0.06049,6.544,16.33
2023-01-18 16:00:00,20906.54,1541.96,0.3898,293.0,21.77,0.3348,0.06015,6.483,16.37
2023-01-18 20:00:00,20677.47,1511.43,0.3782,286.7,20.79,0.3264,0.05891,6.334,15.82
2023-01-19 00:00:00,20748.04,1524.82,0.3787,289.9,21.35,0.3296,0.05925,6.411,15.85
2023-01-19 04:00:00,20818.95,1528.65,0.3841,290.4,21.3,0.3307,0.0597,6.438,15.89
2023-01-19 08:00:00,20743.72,1519.61,0.3847,289.3,20.93,0.331,0.05935,6.375,15.94
2023-01-19 12:00:00,20876.44,1533.09,0.3909,290.0,21.07,0.3345,0.05947,6.407,15.93
2023-01-19 16:00:00,21090.95,1551.95,0.3937,294.0,21.65,0.3398,0.06014,6.495,16.15
2023-01-19 20:00:00,21071.59,1551.09,0.3928,294.6,21.4,0.3379,0.06009,6.506,16.19
2023-01-20 00:00:00,21087.74,1554.54,0.3904,294.7,21.33,0.3395,0.06041,6.488,16.16
2023-01-20 04:00:00,20959.44,1550.33,0.3883,288.1,21.07,0.3354,0.06036,6.455,15.96
2023-01-20 08:00:00,20963.51,1549.49,0.3912,287.1,21.14,0.3351,0.06063,6.464,15.98
2023-01-20 12:00:00,21144.77,1563.69,0.3928,289.6,21.42,0.3413,0.06075,6.532,16.18
2023-01-20 16:00:00,21496.67,1600.49,0.4024,294.5,23.29,0.3505,0.06163,6.691,16.73
2023-01-20 20:00:00,22667.21,1658.52,0.4129,305.1,25.51,0.3652,0.06272,6.941,17.48
2023-01-21 00:00:00,22547.35,1648.8,0.4103,302.2,24.83,0.3594,0.06221,7.039,17.31
2023-01-21 04:00:00,22638.36,1651.19,0.4103,304.8,25.54,0.3632,0.06249,6.999,17.36
2023-01-21 08:00:00,22905.65,1647.04,0.4086,303.3,25.2,0.3638,0.0625,6.944,17.21
2023-01-21 12:00:00,22998.9,1647.26,0.4084,301.9,25.23,0.3706,0.06216,6.91,17.27
2023-01-21 16:00:00,23270.5,1663.19,0.4136,304.2,25.63,0.3758,0.06247,7.017,17.4
2023-01-21 20:00:00,22783.55,1626.66,0.4034,299.0,24.57,0.3687,0.06172,6.853,16.88
2023-01-22 00:00:00,22758.3,1622.5,0.4046,300.4,25.0,0.3646,0.0611,6.87,16.95
2023-01-22 04:00:00,22895.2,1627.08,0.4046,302.3,25.13,0.3733,0.06145,6.89,17.13
2023-01-22 08:00:00,22783.61,1624.57,0.4042,302.6,24.9,0.3811,0.06196,6.872,17.38
2023-01-22 12:00:00,22794.51,1635.51,0.4056,303.4,24.97,0.3806,0.06222,7.037,18.12
2023-01-22 16:00:00,22722.15,1635.1,0.405,303.8,24.9,0.3822,0.06217,7.065,17.84
2023-01-22 20:00:00,22707.88,1627.44,0.4004,303.0,24.21,0.3764,0.06166,6.984,17.34
2023-01-23 00:00:00,22661.02,1630.41,0.4051,303.8,24.53,0.3704,0.06173,7.082,17.94
2023-01-23 04:00:00,22695.9,1633.3,0.4136,303.6,24.46,0.3744,0.06188,7.036,17.65
2023-01-23 08:00:00,22904.58,1636.67,0.4233,306.4,24.62,0.3777,0.06206,7.139,17.89
2023-01-23 12:00:00,22853.14,1620.85,0.4216,303.6,24.17,0.3767,0.06178,7.015,17.5
2023-01-23 16:00:00,22792.47,1619.88,0.4268,304.6,24.18,0.3739,0.06224,6.965,17.66
2023-01-23 20:00:00,22916.45,1626.29,0.4234,305.1,24.33,0.375,0.06273,7.015,17.97
2023-01-24 00:00:00,23079.27,1639.01,0.4246,322.0,24.99,0.3787,0.06313,7.176,18.69
2023-01-24 04:00:00,23054.08,1635.77,0.424,318.1,24.78,0.382,0.06298,7.167,18.54
2023-01-24 08:00:00,22917.66,1625.6,0.4218,314.2,24.46,0.3779,0.06272,7.122,18.19
2023-01-24 12:00:00,22931.36,1620.58,0.4211,316.0,24.48,0.376,0.06221,7.045,18.24
2023-01-24 16:00:00,23018.53,1622.41,0.4242,310.8,24.46,0.3788,0.06208,6.992,18.06
2023-01-24 20:00:00,22632.89,1555.97,0.4078,300.3,22.78,0.3587,0.06019,6.661,17.0
2023-01-25 00:00:00,22643.61,1546.63,0.4045,300.2,22.93,0.3542,0.06051,6.692,16.98
2023-01-25 04:00:00,22712.45,1553.81,0.4095,303.2,23.27,0.3596,0.06075,6.791,17.3
2023-01-25 08:00:00,22598.47,1545.49,0.4055,300.5,23.13,0.3556,0.06038,6.697,17.25
2023-01-25 12:00:00,22577.86,1543.95,0.4059,300.2,23.32,0.3552,0.06059,6.69,17.33
2023-01-25 16:00:00,22748.86,1561.48,0.4116,302.3,23.73,0.361,0.06127,6.822,17.55
2023-01-25 20:00:00,23060.94,1611.94,0.417,306.9,24.52,0.3732,0.0618,6.954,17.79
2023-01-26 00:00:00,23136.16,1614.87,0.4114,305.7,24.8,0.3791,0.06173,6.933,18.0
2023-01-26 04:00:00,22966.73,1604.68,0.4089,305.9,24.34,0.3762,0.06155,6.902,18.08
2023-01-26 08:00:00,22992.94,1604.33,0.4111,304.3,24.32,0.374,0.06172,6.886,17.94
2023-01-26 12:00:00,22958.02,1589.79,0.4093,303.7,24.26,0.3766,0.06148,6.962,18.06
2023-01-26 16:00:00,23070.0,1603.77,0.4125,305.6,24.46,0.3809,0.06175,7.133,18.03
2023-01-26 20:00:00,23009.65,1601.09,0.4092,304.7,24.33,0.3796,0.06172,7.169,18.08
2023-01-27 00:00:00,22772.62,1565.73,0.4058,302.6,23.73,0.3717,0.0616,7.03,17.83
2023-01-27 04:00:00,23072.77,1585.4,0.4075,305.9,24.03,0.3803,0.06223,7.27,18.17
2023-01-27 08:00:00,22967.47,1578.84,0.4067,305.0,23.7,0.3766,0.06227,7.219,17.98
2023-01-27 12:00:00,22933.96,1574.86,0.4062,303.8,23.83,0.3784,0.06242,7.191,18.06
2023-01-27 16:00:00,23253.06,1609.7,0.4126,308.9,24.48,0.3829,0.06419,7.401,19.22
2023-01-27 20:00:00,23074.16,1597.62,0.4128,308.0,24.43,0.3898,0.06366,7.384,21.2
2023-01-28 00:00:00,23117.44,1598.96,0.4105,308.3,24.5,0.3887,0.06357,7.421,21.01
2023-01-28 04:00:00,22991.51,1592.68,0.4111,308.4,24.35,0.3887,0.06272,7.328,20.55
2023-01-28 08:00:00,22981.51,1586.18,0.4108,307.5,24.3,0.3869,0.06278,7.303,20.45
2023-01-28 12:00:00,23012.54,1578.43,0.409,306.2,24.17,0.3838,0.06245,7.245,20.55
2023-01-28 16:00:00,23039.35,1577.12,0.4096,306.6,24.12,0.3837,0.06309,7.243,20.83
2023-01-28 20:00:00,23022.6,1572.1,0.4078,306.1,24.0,0.3819,0.06312,7.211,20.54
2023-01-29 00:00:00,23193.43,1594.36,0.4101,307.9,24.13,0.3862,0.06318,7.306,20.3
2023-01-29 04:00:00,23203.86,1592.58,0.4101,308.6,24.14,0.3862,0.06353,7.32,20.37
2023-01-29 08:00:00,23432.17,1609.08,0.4122,316.8,24.36,0.3907,0.06359,7.388,20.67
2023-01-29 12:00:00,23525.09,1611.44,0.412,318.4,24.69,0.3889,0.06337,7.353,20.58
2023-01-29 16:00:00,23897.84,1653.86,0.4159,319.2,26.32,0.396,0.06387,7.45,20.99
2023-01-29 20:00:00,23742.3,1644.72,0.4134,317.2,26.07,0.3975,0.06378,7.372,20.99
2023-01-30 00:00:00,23701.44,1637.98,0.4137,315.7,25.45,0.3922,0.06339,7.329,20.66
2023-01-30 04:00:00,23642.81,1627.45,0.4108,312.6,25.38,0.3894,0.06317,7.218,20.73
2023-01-30 08:00:00,23077.47,1581.55,0.3976,306.8,24.02,0.3801,0.06177,6.996,19.97
2023-01-30 12:00:00,23178.51,1585.18,0.4,308.8,24.38,0.3822,0.06264,7.026,20.42
2023-01-30 16:00:00,22784.86,1554.24,0.3953,305.2,23.6,0.3725,0.06233,6.897,20.25
2023-01-30 20:00:00,22826.15,1566.2,0.3934,307.2,23.96,0.3725,0.06227,6.914,19.74
2023-01-31 00:00:00,22835.01,1568.87,0.3915,311.9,24.01,0.372,0.0627,6.963,19.67
2023-01-31 04:00:00,22978.24,1580.04,0.3957,311.8,24.11,0.3746,0.06303,7.033,19.8
2023-01-31 08:00:00,22865.43,1570.91,0.3999,309.8,23.75,0.3725,0.06196,6.932,19.5
2023-01-31 12:00:00,23121.8,1588.99,0.4022,312.6,24.09,0.3959,0.06264,6.993,19.97
2023-01-31 16:00:00,23163.88,1597.34,0.4099,313.8,24.21,0.3936,0.06243,7.059,20.04
2023-01-31 20:00:00,23125.13,1585.33,0.4057,312.0,23.92,0.3902,0.06218,6.952,19.8
2023-02-01 00:00:00,23130.19,1584.61,0.403,312.6,23.87,0.3881,0.0622,6.943,19.64
2023-02-01 04:00:00,23076.68,1575.36,0.4002,307.7,23.56,0.3823,0.06194,6.857,19.25
2023-02-01 08:00:00,23077.52,1580.87,0.4031,308.1,23.54,0.3821,0.06223,6.842,19.17
2023-02-01 12:00:00,22979.73,1575.53,0.3978,307.1,22.81,0.3754,0.06186,6.756,18.85
2023-02-01 16:00:00,23385.99,1617.48,0.4078,314.5,24.24,0.3874,0.06253,7.008,19.91
2023-02-01 20:00:00,23732.66,1641.68,0.4131,317.0,25.0,0.397,0.06312,7.214,20.95
2023-02-02 00:00:00,23848.6,1671.13,0.4127,327.6,25.28,0.4064,0.06349,7.302,22.11
2023-02-02 04:00:00,23781.12,1664.21,0.4129,328.7,24.87,0.3999,0.06332,7.234,21.73
2023-02-02 08:00:00,23820.49,1671.99,0.4146,330.0,25.0,0.4059,0.06375,7.291,21.87
2023-02-02 12:00:00,23839.5,1678.14,0.4142,328.3,25.02,0.4048,0.0643,7.291,22.17
2023-02-02 16:00:00,23802.57,1675.15,0.4133,328.1,25.07,0.4051,0.06449,7.301,21.96
2023-02-02 20:00:00,23488.94,1643.12,0.4098,323.5,24.32,0.3981,0.06383,7.099,21.21
2023-02-03 00:00:00,23534.18,1642.17,0.4112,321.3,24.34,0.3999,0.06445,7.088,21.14
2023-02-03 04:00:00,23456.23,1637.49,0.4105,322.6,24.32,0.3994,0.06432,7.11,21.04
2023-02-03 08:00:00,23534.13,1649.2,0.4108,329.2,24.49,0.4032,0.06418,7.215,21.35
2023-02-03 12:00:00,23603.36,1663.93,0.4102,331.5,24.86,0.4033,0.06394,7.289,21.63
2023-02-03 16:00:00,23307.99,1652.91,0.409,329.9,24.38,0.4032,0.06375,7.212,21.22
2023-02-03 20:00:00,23431.9,1663.52,0.4117,332.2,24.69,0.4038,0.06416,7.294,21.36
2023-02-04 00:00:00,23343.43,1654.36,0.4085,329.3,24.46,0.4003,0.06381,7.17,21.18
2023-02-04 04:00:00,23329.18,1658.17,0.4096,328.5,24.5,0.4009,0.06343,7.203,21.23
2023-02-04 08:00:00,23363.76,1661.92,0.4109,329.2,24.58,0.4006,0.06389,7.207,21.25
2023-02-04 12:00:00,23421.45,1679.97,0.4132,331.1,24.71,0.4038,0.06433,7.264,21.33
2023-02-04 16:00:00,23425.89,1675.93,0.4165,330.3,24.66,0.4045,0.06421,7.319,21.26
2023-02-04 20:00:00,23326.84,1666.38,0.4106,330.4,24.34,0.3994,0.06384,7.237,21.04
2023-02-05 00:00:00,23344.53,1660.7,0.4086,329.5,24.3,0.397,0.06408,7.206,20.91
2023-02-05 04:00:00,23377.4,1668.14,0.41,332.0,24.35,0.401,0.0647,7.211,20.97
2023-02-05 08:00:00,23356.33,1662.6,0.4092,332.5,24.19,0.3992,0.06489,7.177,20.88
2023-02-05 12:00:00,23096.16,1644.18,0.4002,326.7,23.64,0.3908,0.06412,7.001,20.28
2023-02-05 16:00:00,22891.8,1619.48,0.3978,326.9,23.37,0.3864,0.06382,6.968,19.94
2023-02-05 20:00:00,22932.91,1629.02,0.3984,327.8,23.47,0.3923,0.06411,6.985,20.08
2023-02-06 00:00:00,22895.48,1626.6,0.3982,325.3,23.37,0.3919,0.06337,6.958,19.98
2023-02-06 04:00:00,22879.69,1635.41,0.3981,326.9,23.35,0.3924,0.06347,7.014,20.03
2023-02-06 08:00:00,22878.23,1634.81,0.3976,327.6,23.32,0.3914,0.06344,6.964,20.03
2023-02-06 12:00:00,23041.39,1649.01,0.4004,330.0,23.47,0.3944,0.06384,7.037,20.34
2023-02-06 16:00:00,23031.03,1648.29,0.4027,328.9,23.37,0.3926,0.06393,7.005,20.3
2023-02-06 20:00:00,22762.52,1614.29,0.392,324.3,22.66,0.3823,0.06316,6.832,19.58
2023-02-07 00:00:00,22877.99,1633.47,0.3931,326.6,23.06,0.3863,0.06399,6.932,19.99
2023-02-07 04:00:00,22910.91,1632.29,0.3956,329.1,23.22,0.3857,0.06395,6.932,19.96
2023-02-07 08:00:00,22977.24,1640.71,0.3963,330.0,23.35,0.3884,0.0643,7.03,20.16
2023-02-07 12:00:00,22904.89,1630.59,0.3945,327.8,23.03,0.3856,0.06476,6.974,20.01
2023-02-07 16:00:00,23091.9,1656.35,0.4001,330.6,23.27,0.3922,0.06542,7.077,20.24
2023-02-07 20:00:00,23240.46,1671.03,0.4036,333.0,23.82,0.3989,0.06577,7.197,20.83
2023-02-08 00:00:00,23255.34,1680.97,0.4012,331.7,23.89,0.3988,0.06608,7.206,20.76
2023-02-08 04:00:00,23232.68,1677.67,0.4018,331.8,23.77,0.3999,0.06583,7.25,20.63
2023-02-08 08:00:00,23159.07,1673.9,0.402,331.6,23.72,0.3984,0.06632,7.226,20.63
2023-02-08 12:00:00,22872.28,1653.08,0.3972,327.3,23.28,0.3923,0.06664,7.09,20.08
2023-02-08 16:00:00,22874.89,1647.69,0.397,326.6,23.09,0.3936,0.06648,7.086,19.98
2023-02-08 20:00:00,22963.0,1650.43,0.3975,328.2,23.22,0.3942,0.06695,7.136,20.11
2023-02-09 00:00:00,22518.44,1619.05,0.3909,319.6,22.35,0.3821,0.06429,6.938,19.28
2023-02-09 04:00:00,22676.41,1629.87,0.3939,322.2,22.76,0.3873,0.06506,7.448,19.68
2023-02-09 08:00:00,22685.79,1633.15,0.3938,320.7,22.79,0.3862,0.06523,7.532,19.72
2023-02-09 12:00:00,22610.94,1632.08,0.4018,318.8,22.65,0.3862,0.06537,7.602,19.61
2023-02-09 16:00:00,22032.71,1579.81,0.3879,311.5,21.8,0.3721,0.06357,7.328,18.58
2023-02-09 20:00:00,21796.35,1545.35,0.3819,306.2,20.48,0.3622,0.06265,6.984,17.9
2023-02-10 00:00:00,21825.59,1543.22,0.3876,306.7,20.79,0.3611,0.0632,6.952,17.78
2023-02-10 04:00:00,21911.71,1551.7,0.3866,307.8,21.1,0.3646,0.06373,6.967,18.17
2023-02-10 08:00:00,21733.52,1537.03,0.3831,306.5,20.69,0.3599,0.06315,6.943,17.9
2023-02-10 12:00:00,21654.09,1522.36,0.3799,306.0,20.73,0.3602,0.0631,6.892,17.9
2023-02-10 16:00:00,21771.09,1534.28,0.3844,308.5,20.89,0.3647,0.06376,7.006,18.13
2023-02-10 20:00:00,21625.19,1513.06,0.3817,305.8,20.11,0.3581,0.06329,6.89,17.79
2023-02-11 00:00:00,21678.56,1520.38,0.3823,308.1,20.41,0.3617,0.064,6.915,17.88
2023-02-11 04:00:00,21692.63,1520.81,0.3816,308.2,20.34,0.3596,0.06339,6.914,17.82
2023-02-11 08:00:00,21697.44,1520.16,0.3825,308.5,20.32,0.3603,0.06347,6.915,17.81
2023-02-11 12:00:00,21735.78,1522.83,0.3823,309.1,20.52,0.3623,0.06382,6.98,17.98
2023-02-11 16:00:00,21662.63,1518.58,0.3812,308.5,20.37,0.362,0.06368,6.922,17.8
2023-02-11 20:00:00,21862.55,1538.51,0.3833,310.4,20.81,0.3684,0.06372,7.003,18.01
2023-02-12 00:00:00,21781.38,1531.15,0.3813,307.6,20.67,0.3658,0.06375,6.944,17.86
2023-02-12 04:00:00,21798.42,1530.83,0.3811,307.0,20.85,0.3661,0.06444,6.941,17.95
2023-02-12 08:00:00,21888.31,1533.48,0.3825,308.7,21.06,0.3689,0.06451,6.97,18.17
2023-02-12 12:00:00,21945.3,1536.09,0.3825,312.9,21.43,0.3699,0.06463,6.981,18.22
2023-02-12 16:00:00,21997.18,1539.23,0.3836,319.1,22.04,0.3728,0.06485,6.989,18.41
2023-02-12 20:00:00,21783.54,1514.83,0.3747,312.6,21.49,0.3641,0.06388,6.808,17.78
2023-02-13 00:00:00,21808.6,1516.81,0.372,311.9,20.91,0.3621,0.06486,6.722,17.51
2023-02-13 04:00:00,21867.69,1522.39,0.3758,307.3,21.17,0.3627,0.06495,6.769,17.78
2023-02-13 08:00:00,21603.11,1486.07,0.3652,292.6,20.45,0.3516,0.06387,6.558,17.29
2023-02-13 12:00:00,21563.02,1475.71,0.3666,286.8,20.37,0.3517,0.06457,6.564,17.28
2023-02-13 16:00:00,21607.81,1490.78,0.3713,288.9,20.43,0.3538,0.06537,6.594,17.38
2023-02-13 20:00:00,21773.97,1505.24,0.3703,294.3,20.77,0.3593,0.0656,6.669,17.63
2023-02-14 00:00:00,21700.42,1498.23,0.3678,290.8,20.83,0.3561,0.06587,6.618,17.38
2023-02-14 04:00:00,21768.48,1506.0,0.3703,293.7,21.06,0.3597,0.06613,6.648,17.56
2023-02-14 08:00:00,21809.81,1507.7,0.3694,292.7,21.37,0.3621,0.06618,6.624,17.68
2023-02-14 12:00:00,22041.45,1544.83,0.3756,297.5,21.89,0.3789,0.06636,6.748,18.0
2023-02-14 16:00:00,22208.65,1560.31,0.3795,298.1,22.02,0.389,0.06663,6.801,18.1
2023-02-14 20:00:00,22199.84,1555.71,0.3819,296.2,21.84,0.3867,0.06675,6.808,18.14
2023-02-15 00:00:00,22099.49,1549.22,0.3803,296.7,21.6,0.3859,0.06731,6.781,18.04
2023-02-15 04:00:00,22109.89,1547.56,0.3825,297.0,21.53,0.3837,0.06799,6.773,17.97
2023-02-15 08:00:00,22445.13,1572.26,0.3859,301.6,22.11,0.3899,0.06856,6.852,18.36
2023-02-15 12:00:00,22809.46,1579.5,0.387,303.2,22.43,0.3909,0.06934,6.915,18.53
2023-02-15 16:00:00,23318.9,1628.54,0.394,307.4,23.0,0.398,0.06966,7.072,19.18
2023-02-15 20:00:00,24324.05,1674.92,0.4011,317.4,23.86,0.419,0.07085,7.281,19.94
2023-02-16 00:00:00,24732.42,1691.42,0.401,321.5,23.81,0.4114,0.07134,7.339,20.04
2023-02-16 04:00:00,24612.95,1681.89,0.4,319.8,23.73,0.4064,0.07061,7.28,19.88
2023-02-16 08:00:00,24568.55,1682.82,0.3976,319.3,23.56,0.4047,0.07008,7.252,19.7
2023-02-16 12:00:00,25072.67,1724.14,0.4019,324.6,23.86,0.4127,0.06931,7.384,20.03
2023-02-16 16:00:00,24872.58,1710.85,0.3997,319.4,23.59,0.4045,0.06889,7.318,19.9
2023-02-16 20:00:00,23517.72,1637.84,0.3841,304.4,22.24,0.3874,0.06683,7.011,18.59
2023-02-17 00:00:00,23838.64,1663.77,0.3902,309.6,22.68,0.3966,0.0677,7.191,19.0
2023-02-17 04:00:00,23637.04,1653.45,0.3874,308.3,22.54,0.394,0.06753,7.201,18.95
2023-02-17 08:00:00,23789.82,1666.2,0.3877,309.7,22.6,0.396,0.0679,7.29,19.1
2023-02-17 12:00:00,24130.5,1673.11,0.3887,310.2,22.79,0.4008,0.0697,7.333,19.19
2023-02-17 16:00:00,24524.49,1706.03,0.3953,314.8,23.46,0.4071,0.0705,7.483,19.48
2023-02-17 20:00:00,24569.97,1693.87,0.395,313.0,23.14,0.4033,0.07031,7.65,19.45
2023-02-18 00:00:00,24609.68,1699.46,0.395,315.1,23.34,0.4039,0.07026,7.61,19.65
2023-02-18 04:00:00,24519.01,1690.72,0.3945,316.6,23.22,0.4008,0.06995,7.596,19.63
2023-02-18 08:00:00,24519.42,1691.47,0.3928,314.8,23.06,0.3988,0.0705,7.636,19.54
2023-02-18 12:00:00,24668.26,1695.5,0.3948,316.5,23.42,0.4044,0.07022,8.182,19.73
2023-02-18 16:00:00,24608.34,1687.85,0.3936,315.0,23.48,0.4052,0.06999,8.044,19.43
2023-02-18 20:00:00,24631.95,1691.62,0.3943,316.5,23.45,0.406,0.07014,7.989,19.54
2023-02-19 00:00:00,24681.69,1695.42,0.3911,315.1,23.3,0.4023,0.06982,8.018,19.56
2023-02-19 04:00:00,24582.62,1693.15,0.3912,314.3,23.53,0.4016,0.07011,8.118,19.57
2023-02-19 08:00:00,24669.43,1695.36,0.3933,315.7,23.69,0.4054,0.07095,8.168,19.8
2023-02-19 12:00:00,24922.21,1711.3,0.3961,316.8,25.26,0.4108,0.0714,8.143,20.15
2023-02-19 16:00:00,24523.79,1684.8,0.3881,312.7,24.65,0.4014,0.07064,7.882,19.68
2023-02-19 20:00:00,24271.76,1679.75,0.3863,311.5,24.84,0.3995,0.07038,8.014,19.81
2023-02-20 00:00:00,24418.95,1684.38,0.3879,316.4,26.16,0.4017,0.07211,8.008,19.7
2023-02-20 04:00:00,24503.65,1695.79,0.3908,316.9,26.49,0.4077,0.07183,8.37,20.67
2023-02-20 08:00:00,24890.0,1713.77,0.393,318.1,26.38,0.4072,0.07225,8.136,20.91
2023-02-20 12:00:00,24942.87,1707.23,0.4027,317.1,26.54,0.407,0.07167,8.128,21.11
2023-02-20 16:00:00,24872.19,1709.76,0.4033,314.7,26.34,0.4058,0.07167,8.027,20.96
2023-02-20 20:00:00,24842.2,1703.27,0.3984,315.4,26.26,0.4038,0.07197,8.017,20.82
2023-02-21 00:00:00,24926.56,1703.03,0.3942,315.5,26.12,0.4017,0.07175,7.96,20.53
2023-02-21 04:00:00,24999.95,1704.05,0.3997,316.2,26.02,0.404,0.07188,7.974,20.75
2023-02-21 08:00:00,24572.83,1669.5,0.3901,311.7,25.06,0.3948,0.07079,7.755,20.11
2023-02-21 12:00:00,24558.09,1671.97,0.3892,312.9,25.06,0.3929,0.07041,7.744,20.59
2023-02-21 16:00:00,24602.88,1672.0,0.3941,313.2,25.25,0.3944,0.07004,7.692,21.04
2023-02-21 20:00:00,24452.16,1659.76,0.3919,311.5,24.98,0.3925,0.06948,7.64,20.98
2023-02-22 00:00:00,24201.85,1649.25,0.3902,308.9,24.44,0.3882,0.06918,7.545,21.37
2023-02-22 04:00:00,24060.95,1643.86,0.3904,307.5,23.82,0.3848,0.06945,7.483,20.93
2023-02-22 08:00:00,24160.87,1644.49,0.3906,307.9,23.56,0.386,0.06905,7.471,20.27
2023-02-22 12:00:00,23713.61,1613.73,0.3883,304.6,23.65,0.3798,0.06867,7.363,19.69
2023-02-22 16:00:00,23791.67,1616.1,0.3929,307.8,23.78,0.3828,0.06917,7.568,20.01
2023-02-22 20:00:00,24182.21,1643.14,0.3953,312.4,24.16,0.3888,0.06944,7.717,20.32
2023-02-23 00:00:00,24454.85,1667.44,0.3952,313.1,24.44,0.3917,0.06963,7.891,20.52
2023-02-23 04:00:00,24376.27,1666.7,0.3964,312.9,24.5,0.3936,0.07002,7.918,20.55
2023-02-23 08:00:00,23780.2,1637.48,0.3896,307.0,23.76,0.3844,0.0693,7.854,19.92
2023-02-23 12:00:00,23950.92,1656.0,0.3894,309.2,23.88,0.3853,0.06964,7.971,19.85
2023-02-23 16:00:00,23971.5,1653.13,0.3912,309.2,24.04,0.3836,0.06965,7.892,19.8
2023-02-23 20:00:00,23940.2,1650.53,0.3882,308.3,23.91,0.3824,0.06955,7.935,19.71
2023-02-24 00:00:00,23954.05,1649.14,0.3894,309.5,23.78,0.38,0.06988,8.023,19.65
2023-02-24 04:00:00,23830.32,1651.7,0.3884,310.8,23.96,0.3812,0.06986,8.103,19.62
2023-02-24 08:00:00,23883.72,1647.43,0.3889,310.3,23.78,0.3836,0.06958,7.885,19.51
2023-02-24 12:00:00,23351.31,1602.94,0.3816,303.7,23.05,0.3719,0.06847,7.592,18.83
2023-02-24 16:00:00,23182.27,1610.84,0.3777,302.4,23.04,0.3666,0.06785,7.677,18.43
2023-02-24 20:00:00,23185.29,1607.8,0.3783,302.3,23.07,0.3658,0.06787,7.466,18.39
2023-02-25 00:00:00,23077.64,1598.52,0.3777,300.5,22.95,0.3638,0.06817,7.383,18.17
2023-02-25 04:00:00,23117.16,1603.99,0.3779,301.7,22.94,0.3665,0.06857,7.407,18.25
2023-02-25 08:00:00,22983.85,1600.05,0.3777,300.6,22.77,0.3626,0.06864,7.37,18.21
2023-02-25 12:00:00,23006.18,1597.06,0.3775,301.5,22.34,0.3641,0.06796,7.349,18.13
2023-02-25 16:00:00,22983.05,1584.61,0.3758,300.5,21.92,0.3583,0.06758,7.322,17.87
2023-02-25 20:00:00,23157.07,1594.58,0.3778,302.4,22.37,0.362,0.06785,7.373,17.94
2023-02-26 00:00:00,23214.53,1602.75,0.3783,303.3,22.65,0.3613,0.06858,7.417,18.06
2023-02-26 04:00:00,23154.57,1599.84,0.3778,303.0,22.79,0.3617,0.06869,7.404,18.07
2023-02-26 08:00:00,23253.44,1603.9,0.3767,303.4,22.85,0.3641,0.06935,7.438,18.18
2023-02-26 12:00:00,23247.23,1605.09,0.3761,304.4,22.93,0.3625,0.0691,7.383,18.16
2023-02-26 16:00:00,23499.33,1633.11,0.3792,308.6,23.37,0.3673,0.06951,7.484,18.47
2023-02-26 20:00:00,23554.85,1641.36,0.3779,308.7,23.25,0.3691,0.06951,7.497,18.43
2023-02-27 00:00:00,23551.62,1640.67,0.3764,308.1,23.03,0.3665,0.06922,7.433,18.27
2023-02-27 04:00:00,23423.31,1636.33,0.3743,305.2,22.89,0.3628,0.06886,7.336,18.13
2023-02-27 08:00:00,23428.87,1641.23,0.3737,305.1,22.77,0.3635,0.06878,7.288,18.12
2023-02-27 12:00:00,23559.4,1644.26,0.3773,304.9,23.06,0.3662,0.06901,7.368,18.32
2023-02-27 16:00:00,23276.35,1622.12,0.3773,303.1,22.54,0.3601,0.069,7.191,17.9
2023-02-27 20:00:00,23492.09,1633.45,0.3785,304.6,22.68,0.3647,0.06943,7.274,17.93
2023-02-28 00:00:00,23467.52,1632.89,0.3757,305.1,22.61,0.3667,0.06976,7.29,17.81
2023-02-28 04:00:00,23236.68,1619.24,0.3743,301.7,22.08,0.3601,0.06927,7.261,17.39
2023-02-28 08:00:00,23392.69,1629.53,0.377,302.3,22.2,0.3625,0.06942,7.326,17.53
2023-02-28 12:00:00,23518.3,1641.3,0.3797,304.5,22.54,0.363,0.06926,7.408,17.53
2023-02-28 16:00:00,23264.36,1628.01,0.3801,302.0,22.2,0.3546,0.06917,7.258,17.24
2023-02-28 20:00:00,23141.57,1605.23,0.3762,301.4,21.89,0.3517,0.06905,7.195,17.09
2023-03-01 00:00:00,23441.14,1638.38,0.3766,304.2,22.32,0.3578,0.06952,7.354,17.52
2023-03-01 04:00:00,23716.06,1650.91,0.3822,303.5,22.58,0.3603,0.06961,7.398,17.67
2023-03-01 08:00:00,23739.17,1656.33,0.3801,303.4,22.68,0.3631,0.06971,7.472,17.76
2023-03-01 12:00:00,23711.09,1657.47,0.3816,303.4,22.66,0.3614,0.06994,7.433,17.74
2023-03-01 16:00:00,23355.14,1634.79,0.3805,300.9,22.15,0.3566,0.06975,7.357,17.36
2023-03-01 20:00:00,23628.97,1665.22,0.3835,302.7,22.51,0.3601,0.06984,7.536,17.77
2023-03-02 00:00:00,23494.29,1647.94,0.3777,299.9,22.04,0.3558,0.0697,7.393,17.43
2023-03-02 04:00:00,23391.87,1644.22,0.3789,299.1,21.98,0.3551,0.0693,7.356,17.28
2023-03-02 08:00:00,23414.73,1644.49,0.3783,299.0,22.08,0.3513,0.06955,7.323,17.32
2023-03-02 12:00:00,23361.11,1628.31,0.3758,297.8,21.85,0.3479,0.06935,7.231,17.28
2023-03-02 16:00:00,23463.99,1648.48,0.3809,300.5,22.09,0.35,0.06969,7.274,17.43
2023-03-02 20:00:00,23465.32,1647.86,0.3772,299.8,22.0,0.3504,0.06972,7.275,17.47
2023-03-03 00:00:00,22319.69,1565.44,0.3645,290.2,20.86,0.3301,0.06726,6.814,16.18
2023-03-03 04:00:00,22360.78,1568.08,0.3651,291.0,21.06,0.3369,0.06698,6.867,16.39
2023-03-03 08:00:00,22342.92,1564.57,0.3675,289.7,21.14,0.3387,0.06746,6.894,16.5
2023-03-03 12:00:00,22336.33,1566.5,0.3674,289.0,21.26,0.3373,0.06732,6.898,16.48
2023-03-03 16:00:00,22358.48,1565.39,0.3708,289.6,21.44,0.3395,0.06725,6.919,16.52
2023-03-03 20:00:00,22354.34,1569.45,0.3774,290.4,21.42,0.3431,0.06715,6.958,16.66
2023-03-04 00:00:00,22346.66,1570.84,0.3756,290.1,21.33,0.3409,0.06719,6.915,16.75
2023-03-04 04:00:00,22359.09,1568.83,0.3759,290.2,21.17,0.3416,0.06741,6.913,16.75
2023-03-04 08:00:00,22349.46,1569.24,0.3753,291.2,21.16,0.3417,0.0671,6.969,16.74
2023-03-04 12:00:00,22317.87,1561.87,0.375,290.1,20.96,0.3398,0.06706,6.924,16.51
2023-03-04 16:00:00,22250.78,1559.47,0.3729,288.6,20.67,0.3356,0.06688,6.839,16.27
2023-03-04 20:00:00,22346.57,1566.73,0.3735,289.6,20.98,0.3366,0.0667,6.857,16.14
2023-03-05 00:00:00,22387.02,1567.85,0.3742,290.5,21.33,0.3398,0.06718,6.941,16.34
2023-03-05 04:00:00,22375.7,1568.62,0.3728,290.5,21.31,0.3389,0.06705,6.919,16.37
2023-03-05 08:00:00,22389.77,1568.5,0.3715,291.2,21.2,0.3384,0.06743,6.933,16.24
2023-03-05 12:00:00,22436.18,1569.22,0.3708,291.0,21.27,0.3386,0.06745,6.95,16.38
2023-03-05 16:00:00,22403.45,1566.22,0.3681,289.5,21.1,0.3369,0.06756,6.959,16.34
2023-03-05 20:00:00,22430.24,1564.58,0.3668,288.7,20.97,0.337,0.06725,6.945,16.14
2023-03-06 00:00:00,22387.19,1562.59,0.3659,286.9,20.92,0.3353,0.06735,6.872,16.06
2023-03-06 04:00:00,22392.74,1561.18,0.3628,285.1,20.76,0.333,0.06683,6.886,16.09
2023-03-06 08:00:00,22379.57,1563.33,0.3612,284.2,20.7,0.3312,0.06685,6.876,16.14
2023-03-06 12:00:00,22553.42,1578.0,0.3674,287.9,21.06,0.3358,0.06749,6.964,16.54
2023-03-06 16:00:00,22393.35,1566.19,0.3717,287.5,20.76,0.3317,0.06744,6.895,16.38
2023-03-06 20:00:00,22410.0,1565.84,0.3695,287.8,20.63,0.3305,0.06739,6.854,16.52
2023-03-07 00:00:00,22460.54,1575.1,0.3682,288.4,20.79,0.333,0.06717,6.948,16.55
2023-03-07 04:00:00,22419.71,1571.35,0.3697,287.1,20.71,0.3309,0.0672,6.901,16.46
2023-03-07 08:00:00,22351.02,1563.42,0.3708,285.5,20.31,0.3262,0.06668,6.808,16.18
2023-03-07 12:00:00,22320.9,1560.79,0.3787,287.3,20.42,0.3276,0.06693,6.808,16.2
2023-03-07 16:00:00,22124.77,1551.26,0.3803,287.3,20.02,0.3308,0.06642,6.705,16.05
2023-03-07 20:00:00,22197.96,1561.96,0.3801,289.3,20.25,0.3306,0.06629,6.881,16.17
2023-03-08 00:00:00,22152.52,1562.31,0.3787,289.6,20.0,0.3285,0.06624,6.877,16.13
2023-03-08 04:00:00,21971.03,1551.29,0.3763,285.8,19.19,0.3225,0.0662,6.793,15.88
2023-03-08 08:00:00,22072.45,1557.23,0.387,287.9,19.34,0.3242,0.06607,6.8,16.01
2023-03-08 12:00:00,22140.8,1560.39,0.3969,292.7,19.24,0.3253,0.06614,6.719,15.9
2023-03-08 16:00:00,21997.25,1552.73,0.3958,289.6,18.68,0.3218,0.06573,6.612,15.49
2023-03-08 20:00:00,21705.44,1532.38,0.3889,287.1,18.41,0.3175,0.06532,6.577,15.12
2023-03-09 00:00:00,21769.66,1541.74,0.3887,289.6,18.58,0.3194,0.06582,6.61,15.37
2023-03-09 04:00:00,21688.54,1536.91,0.3905,289.1,18.5,0.3164,0.06557,6.599,15.31
2023-03-09 08:00:00,21669.38,1535.32,0.3931,289.5,18.54,0.3176,0.06596,6.603,15.48
2023-03-09 12:00:00,21648.57,1534.04,0.3931,289.3,18.35,0.3185,0.06603,6.603,15.48
2023-03-09 16:00:00,20854.93,1488.27,0.3788,280.1,17.74,0.3096,0.06493,6.298,14.89
2023-03-09 20:00:00,20362.22,1437.32,0.3706,277.1,17.33,0.3101,0.05863,6.16,14.41
2023-03-10 00:00:00,20052.07,1426.34,0.374,273.9,17.16,0.3086,0.05796,6.166,14.48
2023-03-10 04:00:00,19953.58,1412.27,0.3704,273.3,16.98,0.3066,0.05767,6.17,14.43
2023-03-10 08:00:00,19760.78,1384.6,0.3615,267.4,16.71,0.3039,0.05615,6.061,14.39
2023-03-10 12:00:00,20004.96,1417.03,0.3689,274.5,17.67,0.3133,0.05695,6.213,14.76
2023-03-10 16:00:00,20024.32,1423.5,0.3683,277.0,17.78,0.3108,0.05686,6.228,14.79
2023-03-10 20:00:00,20150.69,1426.44,0.37,277.4,18.17,0.3149,0.05736,6.215,14.8
2023-03-11 00:00:00,20393.88,1458.31,0.3688,278.9,18.18,0.3163,0.05712,6.232,14.69
2023-03-11 04:00:00,19850.81,1416.65,0.3626,272.1,17.07,0.3082,0.0549,5.995,14.14
2023-03-11 08:00:00,20086.07,1427.1,0.3618,274.9,17.4,0.3079,0.05593,6.01,14.19
2023-03-11 12:00:00,20061.98,1428.01,0.3617,272.2,17.14,0.3029,0.05562,5.955,14.02
2023-03-11 16:00:00,20220.96,1449.22,0.362,272.5,17.95,0.3038,0.05817,6.092,14.24
2023-03-11 20:00:00,20455.73,1471.97,0.3638,276.0,18.07,0.3051,0.05877,6.162,14.51
2023-03-12 00:00:00,20376.46,1467.0,0.3631,276.6,17.92,0.3054,0.05874,6.149,14.38
2023-03-12 04:00:00,20346.71,1459.56,0.3596,275.8,17.83,0.3026,0.05865,6.146,14.3
2023-03-12 08:00:00,20445.43,1465.17,0.3605,276.3,18.13,0.3066,0.05911,6.125,14.45
2023-03-12 12:00:00,20358.96,1455.88,0.3524,273.8,17.84,0.3026,0.05879,6.097,14.29
2023-03-12 16:00:00,20779.54,1512.57,0.3564,277.8,18.38,0.3123,0.05991,6.246,14.75
2023-03-12 20:00:00,21997.11,1580.33,0.3714,288.1,20.2,0.3298,0.06458,6.551,16.18
2023-03-13 00:00:00,22231.62,1588.43,0.3663,286.7,19.54,0.3371,0.06566,6.577,16.02
2023-03-13 04:00:00,22458.72,1606.84,0.3675,304.8,19.75,0.3395,0.06663,6.636,16.06
2023-03-13 08:00:00,22106.64,1581.07,0.3601,296.9,19.21,0.3313,0.0653,6.467,15.7
2023-03-13 12:00:00,23981.72,1664.68,0.3731,308.8,20.71,0.346,0.06764,6.759,16.45
2023-03-13 16:00:00,24279.91,1677.68,0.3717,306.8,20.52,0.3425,0.06691,6.733,16.38
2023-03-13 20:00:00,24113.48,1673.45,0.3724,307.9,20.4,0.3433,0.06694,6.761,16.47
2023-03-14 00:00:00,24374.2,1677.57,0.3709,306.2,20.42,0.3445,0.06715,6.755,16.46
2023-03-14 04:00:00,24247.64,1666.63,0.3679,304.1,20.0,0.3403,0.0662,6.684,16.28
2023-03-14 08:00:00,24743.04,1683.65,0.3677,306.1,20.12,0.3416,0.06642,6.677,16.32
2023-03-14 12:00:00,25894.67,1770.03,0.3843,317.5,21.91,0.3646,0.06849,7.147,17.77
2023-03-14 16:00:00,25054.15,1720.3,0.3772,311.0,20.91,0.3504,0.06659,7.0,17.32
2023-03-14 20:00:00,24670.41,1699.4,0.3724,308.4,20.86,0.3429,0.06695,6.96,17.15
2023-03-15 00:00:00,24717.65,1701.76,0.374,309.8,21.04,0.3431,0.0669,7.04,17.27
2023-03-15 04:00:00,24871.28,1705.13,0.3739,312.5,21.24,0.3437,0.06708,7.081,17.3
2023-03-15 08:00:00,24754.5,1679.92,0.3684,308.0,20.58,0.337,0.06617,6.811,16.84
2023-03-15 12:00:00,24471.01,1634.04,0.3607,305.1,19.24,0.327,0.06512,6.584,15.97
2023-03-15 16:00:00,24366.71,1647.99,0.3611,305.6,19.09,0.327,0.06469,6.545,15.58
2023-03-15 20:00:00,24285.66,1649.96,0.3589,306.3,19.24,0.3241,0.06517,6.546,15.55
2023-03-16 00:00:00,24265.43,1646.31,0.3621,309.8,19.32,0.3238,0.0657,6.566,15.54
2023-03-16 04:00:00,24614.27,1655.57,0.3635,321.3,19.51,0.3274,0.06575,6.615,15.77
2023-03-16 08:00:00,24824.62,1660.36,0.3625,315.7,19.67,0.3273,0.06617,6.633,15.82
2023-03-16 12:00:00,24888.44,1663.06,0.3629,326.8,19.58,0.3268,0.06603,6.621,15.82
2023-03-16 16:00:00,24953.21,1679.64,0.3658,329.6,19.75,0.3258,0.06594,6.641,15.98
2023-03-16 20:00:00,24998.78,1673.73,0.3647,329.4,19.67,0.3249,0.06512,6.656,15.83
2023-03-17 00:00:00,25781.66,1708.62,0.3688,331.4,19.99,0.3308,0.0662,6.916,16.18
2023-03-17 04:00:00,26058.45,1715.59,0.3688,329.7,20.01,0.3329,0.06619,6.916,16.33
2023-03-17 08:00:00,26918.73,1761.12,0.3771,334.6,20.68,0.3462,0.06691,7.124,16.9
2023-03-17 12:00:00,26421.34,1717.41,0.3699,331.2,20.04,0.3346,0.06584,6.999,16.47
2023-03-17 16:00:00,26834.87,1744.15,0.3749,335.3,20.54,0.3403,0.06731,7.075,16.74
2023-03-17 20:00:00,27395.13,1789.27,0.3798,338.9,21.6,0.3494,0.06763,7.207,17.64
2023-03-18 00:00:00,27307.54,1810.57,0.3837,343.6,22.64,0.3523,0.06737,7.248,17.93
2023-03-18 04:00:00,27359.89,1814.12,0.3813,344.3,22.18,0.3516,0.06718,7.247,17.71
2023-03-18 08:00:00,27443.09,1813.15,0.3828,343.4,22.49,0.3551,0.06726,7.219,17.66
2023-03-18 12:00:00,27226.23,1786.0,0.3769,332.5,21.84,0.3448,0.06606,7.026,17.33
2023-03-18 16:00:00,27329.83,1790.23,0.379,336.2,21.93,0.3439,0.06619,7.032,17.25
2023-03-18 20:00:00,26907.49,1758.84,0.3739,331.0,21.2,0.3371,0.06579,6.922,16.98
2023-03-19 00:00:00,27198.71,1782.52,0.377,333.7,21.82,0.3434,0.06643,7.088,17.34
2023-03-19 04:00:00,26974.81,1774.8,0.3793,335.8,21.56,0.3393,0.06604,7.047,17.25
2023-03-19 08:00:00,27160.98,1784.66,0.3933,337.1,21.7,0.3434,0.06651,7.101,17.55
2023-03-19 12:00:00,27546.62,1793.61,0.3918,339.4,22.01,0.3458,0.0665,7.148,17.68
2023-03-19 16:00:00,28255.87,1821.22,0.3944,339.7,22.19,0.3491,0.06688,7.211,17.83
2023-03-19 20:00:00,27972.87,1780.68,0.3857,336.7,21.86,0.3448,0.0665,7.081,17.53
2023-03-20 00:00:00,27269.17,1751.4,0.3806,333.3,21.69,0.3376,0.06598,6.988,17.17
2023-03-20 04:00:00,28183.13,1791.5,0.3835,334.7,23.09,0.3433,0.06631,7.17,17.58
2023-03-20 08:00:00,28188.93,1779.41,0.3822,337.2,23.32,0.3432,0.06649,7.289,17.37
2023-03-20 12:00:00,27694.46,1763.14,0.379,337.5,23.17,0.3391,0.06606,7.346,17.26
2023-03-20 16:00:00,27785.1,1752.97,0.3748,336.0,22.13,0.3333,0.06537,7.105,16.81
2023-03-20 20:00:00,27717.01,1732.78,0.3734,332.5,22.13,0.3321,0.06503,7.05,16.64
2023-03-21 00:00:00,27787.29,1746.14,0.3817,334.9,22.45,0.3393,0.06572,7.114,16.66
2023-03-21 04:00:00,27505.25,1730.34,0.3866,328.7,21.93,0.332,0.0653,6.884,16.43
2023-03-21 08:00:00,28040.13,1761.34,0.3911,334.9,22.44,0.3389,0.06599,7.101,16.96
2023-03-21 12:00:00,28041.06,1812.55,0.4289,337.7,22.92,0.3505,0.06651,7.263,17.18
2023-03-21 16:00:00,28126.84,1791.19,0.4744,337.9,22.52,0.3626,0.06684,7.276,17.22
2023-03-21 20:00:00,28105.47,1801.23,0.4696,334.4,22.53,0.3696,0.067,7.375,17.44
2023-03-22 00:00:00,28154.14,1799.59,0.4585,335.2,22.3,0.3725,0.06697,7.461,17.38
2023-03-22 04:00:00,28103.69,1792.75,0.4556,336.8,22.31,0.374,0.06703,7.48,17.36
2023-03-22 08:00:00,28122.74,1785.25,0.4429,324.1,22.48,0.3698,0.067,7.483,17.42
2023-03-22 12:00:00,28595.07,1806.26,0.4351,327.8,22.63,0.3776,0.06697,7.602,17.63
2023-03-22 16:00:00,26667.33,1716.84,0.4116,316.9,21.1,0.3504,0.05689,7.039,16.38
2023-03-22 20:00:00,27250.97,1734.33,0.4213,321.1,21.42,0.3596,0.05978,7.173,16.74
2023-03-23 00:00:00,27356.78,1737.21,0.4188,320.5,21.26,0.3554,0.0608,7.134,16.73
2023-03-23 04:00:00,27631.93,1750.84,0.4468,324.0,21.7,0.3702,0.06196,7.276,17.1
2023-03-23 08:00:00,27584.53,1754.8,0.4482,325.3,21.76,0.3724,0.06259,7.343,17.41
2023-03-23 12:00:00,28580.87,1836.99,0.4485,330.6,22.4,0.3793,0.06375,7.577,17.66
2023-03-23 16:00:00,28369.99,1820.84,0.4438,329.9,22.09,0.3747,0.06502,7.521,17.52
2023-03-23 20:00:00,28295.41,1813.79,0.4438,329.4,22.16,0.3715,0.0652,7.61,17.54
2023-03-24 00:00:00,28219.98,1812.34,0.4323,327.2,22.09,0.3659,0.06524,7.519,17.47
2023-03-24 04:00:00,28274.59,1815.18,0.4332,324.9,21.99,0.3674,0.0641,7.475,17.41
2023-03-24 08:00:00,28080.0,1789.52,0.4292,323.8,21.73,0.3629,0.06342,7.346,17.25
2023-03-24 12:00:00,28018.04,1767.01,0.4267,321.0,21.2,0.3623,0.06387,7.329,17.14
2023-03-24 16:00:00,27821.6,1763.86,0.4261,322.1,20.75,0.3633,0.06377,7.284,17.06
2023-03-24 20:00:00,27454.47,1749.57,0.4259,322.1,20.66,0.3596,0.06341,7.191,16.95
2023-03-25 00:00:00,27581.65,1756.0,0.4302,323.8,20.72,0.3597,0.06417,7.218,17.05
2023-03-25 04:00:00,27485.36,1747.25,0.445,323.6,20.62,0.3613,0.06363,7.146,16.84
2023-03-25 08:00:00,27457.2,1745.25,0.447,323.9,20.66,0.3591,0.06368,7.112,16.76
2023-03-25 12:00:00,27647.43,1754.93,0.4583,324.1,20.87,0.3596,0.06399,7.13,16.8
2023-03-25 16:00:00,27189.68,1716.98,0.4497,319.7,20.14,0.3495,0.0628,6.992,16.42
2023-03-25 20:00:00,27462.95,1741.88,0.4429,322.4,20.41,0.3514,0.06368,7.075,16.89
2023-03-26 00:00:00,27529.26,1749.57,0.4485,323.4,20.67,0.3545,0.06437,7.127,17.02
2023-03-26 04:00:00,27504.94,1752.55,0.4565,324.0,20.76,0.3553,0.06391,7.137,17.01
2023-03-26 08:00:00,27865.95,1777.76,0.4577,327.2,20.83,0.3581,0.06421,7.217,17.08
2023-03-26 12:00:00,27803.89,1762.81,0.4466,326.7,20.82,0.3558,0.064,7.183,17.11
2023-03-26 16:00:00,27827.95,1765.82,0.4477,328.1,20.92,0.3549,0.06411,7.232,17.08
2023-03-26 20:00:00,27968.05,1773.88,0.4479,328.6,20.94,0.3557,0.06412,7.261,17.12
2023-03-27 00:00:00,27888.68,1765.0,0.4539,327.9,20.72,0.3522,0.06423,7.177,16.89
2023-03-27 04:00:00,27808.81,1752.2,0.46,326.1,20.45,0.3488,0.06389,7.131,16.76
2023-03-27 08:00:00,27892.69,1765.42,0.4776,328.6,20.61,0.3527,0.06407,7.176,16.88
2023-03-27 12:00:00,26903.62,1711.74,0.4577,314.2,19.78,0.3433,0.06311,6.882,16.45
2023-03-27 16:00:00,26968.94,1704.58,0.4679,306.3,19.68,0.3402,0.06315,6.822,16.4
2023-03-27 20:00:00,27124.91,1715.22,0.479,310.6,19.91,0.3455,0.06355,6.87,16.49
2023-03-28 00:00:00,26971.71,1711.65,0.4733,307.6,19.71,0.3459,0.0635,6.817,16.41
2023-03-28 04:00:00,26962.88,1724.53,0.4834,309.0,19.88,0.3487,0.06377,6.859,16.54
2023-03-28 08:00:00,27057.36,1745.48,0.497,311.4,20.09,0.3518,0.06396,6.855,16.62
2023-03-28 12:00:00,26998.63,1744.08,0.4979,311.5,20.24,0.3584,0.06359,6.861,16.6
2023-03-28 16:00:00,27425.99,1785.85,0.5201,314.6,20.7,0.3628,0.06437,7.011,16.77
2023-03-28 20:00:00,27261.07,1772.99,0.5144,313.2,20.45,0.3681,0.06418,6.947,16.71
2023-03-29 00:00:00,27367.45,1778.07,0.5355,313.5,20.66,0.3772,0.06433,6.987,16.78
2023-03-29 04:00:00,28086.82,1804.86,0.5579,316.5,21.2,0.3812,0.06497,7.172,17.2
2023-03-29 08:00:00,28353.99,1811.22,0.5704,317.7,21.2,0.3888,0.06475,7.292,17.31
2023-03-29 12:00:00,28442.79,1807.68,0.5443,316.5,21.24,0.3844,0.06442,7.357,17.24
2023-03-29 16:00:00,28419.49,1809.02,0.5525,316.2,21.17,0.3862,0.06443,7.367,17.38
2023-03-29 20:00:00,28348.6,1793.07,0.5425,313.7,21.1,0.3811,0.06433,7.382,17.31
2023-03-30 00:00:00,28489.18,1787.66,0.5336,313.1,21.06,0.3807,0.06424,7.393,17.22
2023-03-30 04:00:00,28725.01,1806.47,0.5376,315.5,21.03,0.3799,0.06439,7.38,17.27
2023-03-30 08:00:00,28644.79,1804.62,0.5494,317.3,20.68,0.382,0.06486,7.383,17.38
2023-03-30 12:00:00,28300.33,1789.42,0.5328,315.8,20.53,0.3759,0.06473,7.266,17.28
2023-03-30 16:00:00,27986.09,1781.62,0.5389,316.1,20.49,0.3771,0.06439,7.224,17.21
2023-03-30 20:00:00,28028.53,1793.61,0.5319,316.4,20.55,0.3761,0.06481,7.233,17.23
2023-03-31 00:00:00,28168.41,1803.22,0.5327,316.6,20.53,0.3781,0.065,7.384,17.41
2023-03-31 04:00:00,27738.48,1795.23,0.5339,313.9,20.29,0.3844,0.06472,7.509,17.26
2023-03-31 08:00:00,27927.97,1792.89,0.5305,316.0,20.32,0.3934,0.06567,7.481,17.16
2023-03-31 12:00:00,28494.99,1830.6,0.5304,316.5,20.87,0.4065,0.06615,7.582,17.55
2023-03-31 16:00:00,28469.31,1829.22,0.5356,316.6,20.97,0.402,0.06583,7.611,17.72
2023-03-31 20:00:00,28465.36,1821.52,0.5374,316.9,21.16,0.3989,0.06553,7.588,17.7
2023-04-01 00:00:00,28541.1,1825.99,0.532,315.1,21.03,0.3982,0.06543,7.576,17.78
2023-04-01 04:00:00,28424.99,1823.46,0.509,314.2,21.02,0.3911,0.06609,7.564,17.66
2023-04-01 08:00:00,28372.85,1824.04,0.5153,314.4,21.03,0.39,0.06653,7.52,17.61
2023-04-01 12:00:00,28400.07,1820.38,0.5117,313.7,20.96,0.393,0.06627,7.491,17.66
2023-04-01 16:00:00,28381.98,1814.76,0.5082,314.4,20.94,0.3944,0.06621,7.497,17.64
2023-04-01 20:00:00,28452.73,1820.79,0.5095,314.9,21.08,0.3919,0.06648,7.548,17.8
2023-04-02 00:00:00,28476.59,1817.68,0.5127,315.7,21.02,0.387,0.0667,7.504,17.72
2023-04-02 04:00:00,28416.38,1820.6,0.5139,315.3,21.18,0.3872,0.06603,7.507,17.72
2023-04-02 08:00:00,28357.93,1817.42,0.5148,314.8,20.99,0.3834,0.06597,7.44,17.71
2023-04-02 12:00:00,28124.81,1797.54,0.5219,313.2,20.58,0.3799,0.06565,7.325,17.37
2023-04-02 16:00:00,27943.85,1781.75,0.5192,311.7,20.34,0.3772,0.06516,7.232,17.16
2023-04-02 20:00:00,28171.87,1794.51,0.518,313.7,20.52,0.3815,0.06518,7.255,17.25
2023-04-03 00:00:00,27753.85,1778.34,0.5122,309.7,20.04,0.378,0.06503,7.146,16.95
2023-04-03 04:00:00,27958.74,1794.87,0.5138,310.9,20.26,0.3947,0.06522,7.252,17.14
2023-04-03 08:00:00,28253.73,1807.69,0.5151,312.0,20.41,0.3964,0.06562,7.298,17.25
2023-04-03 12:00:00,28051.48,1797.11,0.5086,310.5,20.32,0.3848,0.06538,7.278,17.2
2023-04-03 16:00:00,28081.08,1818.89,0.5096,311.8,20.9,0.39,0.06582,7.364,17.29
2023-04-03 20:00:00,27800.0,1810.51,0.4959,308.8,20.45,0.3872,0.06574,7.245,17.11
2023-04-04 00:00:00,27855.06,1807.62,0.4952,309.7,20.42,0.3905,0.06648,7.253,17.06
2023-04-04 04:00:00,28021.3,1812.2,0.4963,309.8,20.52,0.3899,0.06617,7.256,17.14
2023-04-04 08:00:00,28289.52,1864.91,0.4986,311.1,20.97,0.398,0.06638,7.397,17.38
2023-04-04 12:00:00,28030.04,1862.96,0.4981,311.2,20.86,0.3899,0.06578,7.363,17.37
2023-04-04 16:00:00,28189.25,1868.92,0.5051,311.4,20.94,0.3924,0.06569,7.417,17.53
2023-04-04 20:00:00,28165.47,1870.37,0.5026,310.8,20.92,0.3894,0.06573,7.37,17.65
2023-04-05 00:00:00,28544.72,1912.37,0.5062,314.6,21.14,0.3953,0.06645,7.594,18.1
2023-04-05 04:00:00,28525.21,1909.96,0.5223,314.7,21.19,0.396,0.06643,7.548,18.18
2023-04-05 08:00:00,28554.38,1914.56,0.5151,315.7,21.18,0.3984,0.06647,7.469,18.27
2023-04-05 12:00:00,28031.09,1897.2,0.503,312.2,20.8,0.3925,0.06577,7.296,17.83
2023-04-05 16:00:00,28240.64,1909.19,0.5078,313.8,20.92,0.3933,0.06579,7.321,17.9
2023-04-05 20:00:00,28170.01,1908.69,0.5055,313.9,20.97,0.3923,0.06616,7.321,18.0
2023-04-06 00:00:00,28128.42,1898.88,0.5028,314.0,20.83,0.3901,0.06633,7.314,17.91
2023-04-06 04:00:00,27910.97,1879.22,0.4979,312.1,20.64,0.3836,0.06603,7.246,17.76
2023-04-06 08:00:00,27945.52,1868.68,0.4993,312.1,20.69,0.3814,0.06634,7.239,17.91
2023-04-06 12:00:00,28090.39,1874.55,0.5062,313.0,20.74,0.3845,0.06608,7.272,18.25
2023-04-06 16:00:00,28017.77,1871.29,0.5071,312.7,20.72,0.3837,0.06585,7.198,18.08
2023-04-06 20:00:00,28033.82,1872.41,0.5028,312.3,20.62,0.3829,0.06608,7.201,17.97
2023-04-07 00:00:00,28038.66,1876.73,0.502,311.8,20.55,0.3812,0.06617,7.182,17.98
2023-04-07 04:00:00,27839.78,1850.79,0.5074,310.3,20.28,0.3771,0.0658,7.13,17.7
2023-04-07 08:00:00,27840.9,1849.35,0.5041,310.5,20.31,0.3789,0.06574,7.142,17.6
2023-04-07 12:00:00,27944.1,1860.36,0.5081,311.0,20.54,0.384,0.06608,7.231,17.66
2023-04-07 16:00:00,27897.52,1854.72,0.5124,310.7,20.49,0.3823,0.06615,7.233,17.61
2023-04-07 20:00:00,27906.33,1863.72,0.5126,310.3,20.44,0.3835,0.06603,7.267,17.6
2023-04-08 00:00:00,28023.39,1868.27,0.5117,311.7,20.48,0.3858,0.06621,7.266,17.6
2023-04-08 04:00:00,28086.22,1872.29,0.5105,312.0,20.6,0.3886,0.06625,7.249,17.7
2023-04-08 08:00:00,28016.09,1867.44,0.5102,311.7,20.57,0.3887,0.06642,7.211,17.65
2023-04-08 12:00:00,28014.7,1866.89,0.509,312.2,20.45,0.3874,0.06643,7.218,17.65
2023-04-08 16:00:00,27924.13,1854.01,0.5059,310.7,20.2,0.3844,0.066,7.118,17.52
2023-04-08 20:00:00,27938.38,1848.82,0.5048,310.5,20.04,0.3853,0.06613,7.13,17.45
2023-04-09 00:00:00,28027.71,1851.78,0.5063,311.2,20.11,0.3879,0.06628,7.157,17.48
2023-04-09 04:00:00,27903.02,1835.49,0.503,309.9,20.01,0.386,0.06602,7.124,17.3
2023-04-09 08:00:00,27930.2,1839.22,0.5032,310.4,20.19,0.3877,0.06625,7.11,17.37
2023-04-09 12:00:00,27891.91,1837.04,0.5019,310.4,20.13,0.3881,0.06639,7.107,17.35
2023-04-09 16:00:00,28140.4,1856.39,0.5056,311.9,20.27,0.3907,0.0664,7.198,17.49
2023-04-09 20:00:00,28323.76,1858.92,0.5054,312.8,20.28,0.3894,0.06662,7.203,17.54
2023-04-10 00:00:00,28278.45,1857.97,0.5044,312.9,20.26,0.3868,0.06645,7.178,17.54
2023-04-10 04:00:00,28284.57,1860.0,0.5061,312.9,20.23,0.3867,0.06677,7.23,17.53
2023-04-10 08:00:00,28305.6,1858.0,0.5048,312.7,20.29,0.3869,0.06682,7.209,17.53
2023-04-10 12:00:00,28439.38,1861.3,0.5045,312.2,20.22,0.3888,0.06661,7.209,17.49
2023-04-10 16:00:00,29173.06,1888.73,0.5129,313.9,20.69,0.3909,0.06701,7.287,17.75
2023-04-10 20:00:00,29637.34,1910.2,0.5176,318.5,20.89,0.3971,0.0673,7.343,17.94
2023-04-11 00:00:00,30115.95,1923.22,0.5157,327.4,21.27,0.4003,0.06763,7.342,18.04
2023-04-11 04:00:00,30106.89,1921.74,0.523,331.5,22.47,0.4116,0.06701,7.42,18.31
2023-04-11 08:00:00,30055.15,1915.5,0.5201,329.4,22.21,0.4076,0.06678,7.386,18.41
2023-04-11 12:00:00,30194.22,1913.64,0.5191,329.0,23.32,0.4053,0.06689,7.384,18.45
2023-04-11 16:00:00,30130.02,1894.19,0.5164,325.0,23.42,0.4007,0.06642,7.322,18.21
2023-04-11 20:00:00,30200.42,1889.86,0.5167,322.3,22.98,0.4014,0.06632,7.301,18.14
2023-04-12 00:00:00,29922.04,1862.79,0.5079,317.3,22.56,0.3907,0.0634,7.133,17.75
2023-04-12 04:00:00,29987.0,1870.29,0.5063,319.1,23.69,0.3944,0.06406,7.186,18.1
2023-04-12 08:00:00,30016.3,1872.68,0.5026,318.1,23.5,0.3945,0.06432,7.178,18.0
2023-04-12 12:00:00,29964.02,1912.19,0.5024,319.4,23.61,0.4013,0.06476,7.289,18.13
2023-04-12 16:00:00,29798.59,1901.32,0.5027,318.8,23.89,0.403,0.06498,7.182,17.97
2023-04-12 20:00:00,29888.07,1917.39,0.5049,319.9,23.8,0.4047,0.06514,7.23,18.26
2023-04-13 00:00:00,30072.17,1912.43,0.5052,319.7,24.0,0.4065,0.06496,7.216,18.54
2023-04-13 04:00:00,30068.6,1922.01,0.5074,319.3,24.13,0.4023,0.06491,7.256,18.45
2023-04-13 08:00:00,30159.82,1985.4,0.5086,323.7,24.31,0.4113,0.06532,7.366,18.67
2023-04-13 12:00:00,30441.43,1997.15,0.5096,323.5,24.63,0.4134,0.06498,7.407,18.88
2023-04-13 16:00:00,30335.13,2011.28,0.5124,324.5,24.73,0.4211,0.06507,7.46,18.91
2023-04-13 20:00:00,30373.84,2012.01,0.5125,324.7,24.43,0.4251,0.06523,7.458,18.84
2023-04-14 00:00:00,30690.88,2109.0,0.521,331.4,25.08,0.4374,0.06662,7.707,19.21
2023-04-14 04:00:00,30733.72,2105.85,0.5276,333.9,24.9,0.4344,0.06636,7.763,18.97
2023-04-14 08:00:00,30801.89,2115.62,0.532,333.3,25.02,0.4434,0.06679,7.813,19.13
2023-04-14 12:00:00,30237.89,2058.34,0.5147,325.8,23.83,0.427,0.06569,7.551,18.55
2023-04-14 16:00:00,30324.09,2090.81,0.5233,329.0,24.52,0.4336,0.06635,7.757,18.92
2023-04-14 20:00:00,30466.93,2099.99,0.5227,328.9,24.71,0.4381,0.06619,7.743,19.22
2023-04-15 00:00:00,30376.14,2088.88,0.5192,328.8,24.26,0.4365,0.0656,7.641,19.21
2023-04-15 04:00:00,30433.3,2097.62,0.5217,330.6,24.41,0.4464,0.06599,7.702,19.15
2023-04-15 08:00:00,30385.3,2100.19,0.5231,333.5,24.35,0.4557,0.06599,7.819,19.45
2023-04-15 12:00:00,30325.27,2097.98,0.5211,334.2,24.34,0.4557,0.066,7.965,19.2
2023-04-15 16:00:00,30331.74,2100.0,0.5197,332.5,24.04,0.45,0.06606,7.98,19.11
2023-04-15 20:00:00,30295.09,2090.6,0.5192,333.0,24.05,0.4522,0.06588,8.005,19.07
2023-04-16 00:00:00,30249.37,2086.13,0.516,332.1,24.32,0.4489,0.06604,8.003,19.16
2023-04-16 04:00:00,30344.97,2098.0,0.5198,333.7,24.25,0.451,0.0661,8.082,19.36
2023-04-16 08:00:00,30226.45,2086.43,0.5172,334.5,24.05,0.4442,0.06605,7.958,19.06
2023-04-16 12:00:00,30332.98,2093.8,0.5197,345.8,24.32,0.4474,0.06633,7.957,19.19
2023-04-16 16:00:00,30309.06,2114.66,0.5208,347.6,24.53,0.4503,0.06622,8.042,19.3
2023-04-16 20:00:00,30304.65,2118.67,0.5209,347.7,25.34,0.4513,0.06655,8.14,20.17
2023-04-17 00:00:00,29982.8,2096.9,0.5131,348.7,25.81,0.4444,0.06637,8.213,20.64
2023-04-17 04:00:00,29838.3,2090.08,0.5128,344.7,25.12,0.4382,0.06625,8.103,20.58
2023-04-17 08:00:00,29570.81,2076.5,0.5127,342.0,24.92,0.4427,0.06621,7.978,20.38
2023-04-17 12:00:00,29358.31,2071.45,0.508,338.9,24.53,0.4341,0.06567,8.056,20.73
2023-04-17 16:00:00,29467.24,2078.14,0.5102,341.8,24.73,0.4375,0.06567,8.236,20.66
2023-04-17 20:00:00,29430.27,2074.0,0.5109,340.0,24.58,0.4341,0.06574,8.16,20.51
2023-04-18 00:00:00,29446.99,2079.69,0.5126,339.9,24.42,0.4346,0.06593,8.075,20.86
2023-04-18 04:00:00,29775.62,2100.28,0.5157,344.4,25.1,0.442,0.06619,8.426,21.46
2023-04-18 08:00:00,30380.59,2117.8,0.5202,346.0,25.34,0.4474,0.06664,8.712,21.45
2023-04-18 12:00:00,30184.86,2095.5,0.5204,342.6,24.92,0.4415,0.06667,8.725,21.13
2023-04-18 16:00:00,30221.52,2081.02,0.5214,341.4,24.68,0.4397,0.06629,8.549,20.95
2023-04-18 20:00:00,30380.01,2103.5,0.5324,343.1,24.82,0.4435,0.06681,8.578,21.2
2023-04-19 00:00:00,30211.23,2091.46,0.5262,341.4,24.61,0.4371,0.06696,8.566,21.07
2023-04-19 04:00:00,30077.76,2073.91,0.5215,336.8,24.36,0.4343,0.06664,8.398,20.71
2023-04-19 08:00:00,29310.65,1981.44,0.4978,326.9,23.21,0.4196,0.06571,8.056,19.57
2023-04-19 12:00:00,29260.44,1983.41,0.4967,326.7,23.33,0.4208,0.0657,8.027,19.68
2023-04-19 16:00:00,29227.07,1980.54,0.4949,325.2,22.99,0.4171,0.06583,7.959,19.42
2023-04-19 20:00:00,28797.1,1933.73,0.4911,322.4,22.66,0.4163,0.06563,7.752,18.98
2023-04-20 00:00:00,28862.52,1949.71,0.4943,324.1,22.86,0.4187,0.06599,7.82,18.98
2023-04-20 04:00:00,28869.66,1948.81,0.4926,324.7,22.61,0.4167,0.06624,7.777,19.07
2023-04-20 08:00:00,28607.13,1939.97,0.4882,323.4,22.33,0.4117,0.06599,7.746,18.78
2023-04-20 12:00:00,28506.69,1945.91,0.4811,323.0,22.13,0.4066,0.06527,7.733,18.89
2023-04-20 16:00:00,28104.38,1927.7,0.4709,317.0,21.79,0.398,0.06513,7.525,18.44
2023-04-20 20:00:00,28243.65,1942.98,0.4752,318.1,22.2,0.4007,0.06542,7.512,18.3
2023-04-21 00:00:00,28321.41,1945.81,0.4766,319.6,22.31,0.4036,0.06557,7.563,18.44
2023-04-21 04:00:00,28155.03,1928.44,0.4716,329.7,22.26,0.4053,0.06545,7.54,18.2
2023-04-21 08:00:00,28066.21,1909.01,0.4672,326.8,22.03,0.4003,0.06566,7.424,17.88
2023-04-21 12:00:00,28040.7,1903.91,0.4607,327.6,21.88,0.3979,0.06564,7.38,17.76
2023-04-21 16:00:00,27279.91,1842.7,0.4448,318.1,21.21,0.3821,0.06482,7.071,16.95
2023-04-21 20:00:00,27262.84,1848.78,0.4491,321.2,21.25,0.3824,0.06497,7.113,16.94
2023-04-22 00:00:00,27322.16,1859.73,0.4517,322.7,21.37,0.3861,0.06526,7.174,17.06
2023-04-22 04:00:00,27277.76,1850.8,0.4506,322.3,21.27,0.3851,0.06504,7.088,16.96
2023-04-22 08:00:00,27286.65,1852.09,0.4538,325.9,21.37,0.3892,0.06593,7.154,17.16
2023-04-22 12:00:00,27488.93,1866.81,0.4676,327.9,21.74,0.3963,0.06548,7.173,17.24
2023-04-22 16:00:00,27622.61,1872.04,0.4693,329.7,21.77,0.3946,0.06587,7.15,17.18
2023-04-22 20:00:00,27816.85,1874.16,0.4719,332.2,21.79,0.3956,0.0661,7.175,17.21
2023-04-23 00:00:00,27557.84,1861.8,0.4672,330.4,21.72,0.392,0.06578,7.111,17.05
2023-04-23 04:00:00,27718.9,1874.3,0.4716,330.7,22.07,0.3939,0.06646,7.128,17.19
2023-04-23 08:00:00,27642.9,1874.45,0.4691,331.1,22.13,0.3915,0.06658,7.117,17.19
2023-04-23 12:00:00,27474.47,1859.31,0.4608,328.6,21.66,0.3856,0.06643,6.99,16.88
2023-04-23 16:00:00,27465.77,1846.49,0.4605,328.4,21.19,0.3836,0.06622,6.952,16.64
2023-04-23 20:00:00,27590.6,1862.0,0.4647,330.7,21.47,0.3886,0.06671,7.082,16.84
2023-04-24 00:00:00,27790.48,1868.12,0.4716,332.0,21.72,0.392,0.06652,7.157,16.89
2023-04-24 04:00:00,27451.97,1845.69,0.4608,329.4,21.29,0.385,0.0662,7.102,16.73
2023-04-24 08:00:00,27550.84,1855.26,0.4654,331.3,21.74,0.3895,0.06655,7.218,17.04
2023-04-24 12:00:00,27267.05,1834.17,0.4578,329.7,21.35,0.3863,0.06612,7.091,16.92
2023-04-24 16:00:00,27383.29,1831.33,0.4605,332.0,21.32,0.3829,0.06613,7.078,16.96
2023-04-24 20:00:00,27510.93,1841.84,0.4611,331.2,21.38,0.3835,0.0661,7.068,16.92
2023-04-25 00:00:00,27345.72,1830.23,0.4595,330.7,20.87,0.3783,0.06596,6.987,16.83
2023-04-25 04:00:00,27266.54,1815.63,0.4549,329.2,20.89,0.3795,0.06584,6.99,16.98
2023-04-25 08:00:00,27390.96,1826.03,0.4567,330.8,21.0,0.3797,0.06588,7.05,17.04
2023-04-25 12:00:00,27345.0,1814.99,0.4541,332.4,20.88,0.3802,0.06541,7.013,16.96
2023-04-25 16:00:00,27611.4,1837.66,0.4637,332.9,21.17,0.3832,0.06553,7.084,17.14
2023-04-25 20:00:00,28300.79,1866.1,0.4695,338.4,21.93,0.3945,0.06584,7.274,17.63
2023-04-26 00:00:00,28309.1,1862.8,0.4667,338.3,21.8,0.3951,0.06599,7.217,17.46
2023-04-26 04:00:00,28376.18,1861.84,0.4674,336.4,21.92,0.3967,0.06583,7.249,17.46
2023-04-26 08:00:00,28952.32,1914.58,0.473,338.1,22.46,0.4054,0.06628,7.386,17.84
2023-04-26 12:00:00,29820.03,1953.91,0.4778,342.2,22.68,0.415,0.06669,7.438,18.1
2023-04-26 16:00:00,27884.24,1828.74,0.4484,328.2,21.09,0.3866,0.06457,6.888,16.78
2023-04-26 20:00:00,28415.29,1866.01,0.4618,330.6,21.28,0.4014,0.06507,7.004,17.18
2023-04-27 00:00:00,28885.79,1898.41,0.4623,332.0,21.63,0.4042,0.06536,7.048,17.37
2023-04-27 04:00:00,28893.83,1885.1,0.4606,330.9,21.68,0.4083,0.06543,7.054,17.43
2023-04-27 08:00:00,28934.21,1880.92,0.4595,330.2,21.65,0.4047,0.0654,7.052,17.39
2023-04-27 12:00:00,29149.73,1900.19,0.46,331.8,22.25,0.4134,0.06558,7.124,17.66
2023-04-27 16:00:00,29673.98,1922.44,0.4668,335.0,22.33,0.4127,0.0658,7.199,17.83
2023-04-27 20:00:00,29472.77,1908.68,0.4667,330.9,22.33,0.4101,0.06576,7.17,17.72
2023-04-28 00:00:00,29420.52,1905.41,0.4679,327.0,22.31,0.408,0.06583,7.111,17.67
2023-04-28 04:00:00,29488.83,1919.08,0.4762,325.6,22.61,0.4107,0.06592,7.183,17.8
2023-04-28 08:00:00,29235.36,1902.33,0.4707,322.1,22.49,0.4023,0.06597,7.039,17.47
2023-04-28 12:00:00,29146.89,1886.8,0.4697,321.2,22.38,0.4015,0.06606,7.026,17.39
2023-04-28 16:00:00,29328.53,1892.36,0.4751,323.4,23.31,0.4048,0.06656,7.043,17.55
2023-04-28 20:00:00,29311.7,1890.94,0.4796,324.1,23.34,0.4043,0.06667,7.04,17.55
2023-04-29 00:00:00,29345.74,1896.2,0.4807,324.0,23.3,0.4046,0.06707,7.053,17.57
2023-04-29 04:00:00,29345.54,1902.18,0.4782,323.4,23.26,0.4041,0.0672,7.092,17.54
2023-04-29 08:00:00,29332.11,1897.95,0.4806,322.6,23.29,0.4036,0.06716,7.143,17.52
2023-04-29 12:00:00,29271.21,1905.54,0.4782,322.8,23.35,0.4048,0.06712,7.188,17.61
2023-04-29 16:00:00,29240.67,1903.09,0.4784,322.9,23.31,0.4041,0.06738,7.198,17.56
2023-04-29 20:00:00,29230.45,1907.8,0.478,321.9,23.19,0.4024,0.068,7.185,17.49
2023-04-30 00:00:00,29178.87,1896.25,0.4743,320.7,23.15,0.4,0.06762,7.145,17.31
2023-04-30 04:00:00,29266.43,1903.06,0.4757,321.6,23.42,0.401,0.06762,7.176,17.39
2023-04-30 08:00:00,29197.01,1900.79,0.4751,321.7,23.49,0.3989,0.06776,7.216,17.38
2023-04-30 12:00:00,29655.18,1920.01,0.4789,324.2,23.67,0.4068,0.06754,7.243,17.63
2023-04-30 16:00:00,29361.13,1904.83,0.4756,336.0,23.18,0.4007,0.06771,7.132,17.34
2023-04-30 20:00:00,29233.21,1870.09,0.4705,337.5,22.74,0.3956,0.06713,7.025,17.1
2023-05-01 00:00:00,28561.06,1846.58,0.4648,334.5,22.18,0.3907,0.06726,7.009,16.95
2023-05-01 04:00:00,28629.09,1849.68,0.4631,333.9,22.33,0.3902,0.0681,6.994,17.09
2023-05-01 08:00:00,28523.86,1845.37,0.4651,335.0,22.21,0.3888,0.0689,6.963,16.98
2023-05-01 12:00:00,28170.64,1833.66,0.4603,330.5,21.89,0.3867,0.06843,6.912,16.83
2023-05-01 16:00:00,27843.36,1812.97,0.4597,326.9,21.74,0.3822,0.06828,6.817,16.62
2023-05-01 20:00:00,28068.26,1830.73,0.4649,328.5,21.96,0.3868,0.06851,6.898,16.65
2023-05-02 00:00:00,28043.76,1830.66,0.4638,325.8,21.87,0.3874,0.06755,6.895,16.61
2023-05-02 04:00:00,28057.47,1835.68,0.4635,323.6,21.91,0.3867,0.06838,6.924,16.68
2023-05-02 08:00:00,28084.83,1833.57,0.4608,324.8,21.98,0.3859,0.06817,6.889,16.64
2023-05-02 12:00:00,28540.68,1858.8,0.4624,324.8,22.19,0.3901,0.06858,6.909,16.84
2023-05-02 16:00:00,28686.14,1868.37,0.4633,325.3,22.29,0.3927,0.06937,6.996,16.9
2023-05-02 20:00:00,28669.86,1870.08,0.4645,321.5,22.25,0.3916,0.06922,6.987,16.84
2023-05-03 00:00:00,28520.9,1862.66,0.4621,324.3,21.89,0.3865,0.06946,6.975,16.73
2023-05-03 04:00:00,28653.8,1865.19,0.4582,323.0,21.75,0.385,0.06919,6.976,16.69
2023-05-03 08:00:00,28543.74,1859.32,0.4552,322.0,21.41,0.3815,0.06902,6.909,16.59
2023-05-03 12:00:00,28311.51,1853.31,0.453,322.9,21.33,0.3811,0.06848,6.868,16.56
2023-05-03 16:00:00,28322.98,1868.01,0.455,323.2,21.4,0.3827,0.06886,6.995,16.94
2023-05-03 20:00:00,29026.16,1905.12,0.4632,325.9,22.24,0.394,0.06927,7.129,17.21
2023-05-04 00:00:00,29096.86,1903.65,0.4642,326.2,22.24,0.3914,0.06939,7.112,17.17
2023-05-04 04:00:00,29058.19,1898.4,0.4615,325.4,22.12,0.3924,0.06913,7.066,17.06
2023-05-04 08:00:00,29154.66,1904.67,0.46,325.9,22.24,0.3933,0.06927,7.066,17.08
2023-05-04 12:00:00,28866.19,1885.66,0.4559,324.7,21.82,0.3891,0.06903,7.03,16.9
2023-05-04 16:00:00,28895.12,1876.65,0.4591,324.1,21.75,0.3873,0.06933,6.986,16.92
2023-05-04 20:00:00,28838.16,1877.07,0.4608,323.8,21.74,0.3873,0.0694,6.998,16.93
2023-05-05 00:00:00,29198.23,1896.58,0.4637,325.2,21.9,0.3908,0.06965,7.062,17.02
2023-05-05 04:00:00,29062.29,1895.1,0.4607,324.4,21.79,0.3887,0.06964,7.045,17.01
2023-05-05 08:00:00,29149.36,1911.2,0.4609,325.5,22.01,0.3889,0.07013,7.048,17.04
2023-05-05 12:00:00,29356.45,1953.34,0.463,327.0,22.32,0.3926,0.0709,7.142,17.03
2023-05-05 16:00:00,29561.66,1990.97,0.4671,327.8,22.87,0.394,0.07107,7.25,17.38
2023-05-05 20:00:00,29505.61,1993.3,0.4671,326.5,22.82,0.3942,0.07092,7.226,17.38
2023-05-06 00:00:00,29353.61,1970.34,0.4631,325.6,22.72,0.3891,0.07034,7.159,17.19
2023-05-06 04:00:00,29363.35,1958.92,0.4622,325.1,22.64,0.3875,0.07035,7.108,17.01
2023-05-06 08:00:00,29266.15,1934.31,0.4616,325.1,22.67,0.3869,0.0705,7.089,16.97
2023-05-06 12:00:00,28576.61,1877.32,0.4543,320.4,21.79,0.3761,0.06992,6.908,16.49
2023-05-06 16:00:00,28842.82,1897.93,0.4575,323.1,21.98,0.3801,0.06997,6.964,16.65
2023-05-06 20:00:00,28848.2,1896.33,0.4582,321.9,21.91,0.3787,0.07025,6.92,16.58
2023-05-07 00:00:00,28798.56,1892.87,0.4555,322.6,21.88,0.3791,0.06991,6.887,16.5
2023-05-07 04:00:00,28910.41,1905.56,0.4576,324.0,22.05,0.3809,0.07005,6.919,16.66
2023-05-07 08:00:00,28840.06,1902.28,0.4573,323.4,22.1,0.3804,0.07039,6.929,16.58
2023-05-07 12:00:00,28942.67,1916.93,0.4582,324.4,22.46,0.3808,0.06992,6.938,16.64
2023-05-07 16:00:00,28907.73,1912.93,0.4555,323.6,22.44,0.3793,0.06972,6.918,16.56
2023-05-07 20:00:00,28430.1,1870.4,0.449,321.0,21.66,0.376,0.0692,6.911,16.41
2023-05-08 00:00:00,28199.71,1865.39,0.4382,318.5,21.3,0.3716,0.06854,6.727,15.99
2023-05-08 04:00:00,27975.48,1851.43,0.4355,316.6,21.22,0.366,0.06855,6.629,15.71
2023-05-08 08:00:00,27934.09,1862.78,0.4366,317.6,21.26,0.3693,0.06809,6.724,15.92
2023-05-08 12:00:00,27887.58,1864.69,0.4334,317.8,21.16,0.3739,0.06842,6.72,15.75
2023-05-08 16:00:00,27340.72,1829.0,0.4202,311.7,20.39,0.3611,0.06765,6.536,15.25
2023-05-08 20:00:00,27668.79,1847.56,0.4283,313.8,20.62,0.3653,0.0685,6.582,15.42
2023-05-09 00:00:00,27629.34,1843.57,0.4237,314.2,20.62,0.3641,0.06831,6.546,15.46
2023-05-09 04:00:00,27666.64,1848.62,0.426,315.4,20.69,0.3651,0.06879,6.598,15.51
2023-05-09 08:00:00,27678.31,1846.76,0.4244,314.5,20.81,0.3648,0.0691,6.574,15.44
2023-05-09 12:00:00,27400.39,1839.49,0.4218,312.3,20.55,0.3611,0.06905,6.477,15.27
2023-05-09 16:00:00,27716.32,1852.43,0.4253,312.8,20.62,0.3644,0.06895,6.521,15.35
2023-05-09 20:00:00,27628.27,1846.52,0.4289,312.1,20.65,0.3633,0.06906,6.522,15.31
2023-05-10 00:00:00,27685.29,1843.73,0.4285,312.6,20.7,0.3645,0.06932,6.508,15.29
2023-05-10 04:00:00,27542.26,1838.29,0.4258,311.8,20.54,0.3612,0.06935,6.5,15.27
2023-05-10 08:00:00,27677.09,1850.49,0.4259,311.8,20.75,0.3583,0.06976,6.539,15.23
2023-05-10 12:00:00,28153.2,1872.84,0.4296,314.9,21.09,0.3704,0.06954,6.611,15.57
2023-05-10 16:00:00,27692.26,1849.4,0.4298,314.6,20.96,0.3693,0.06925,6.576,15.49
2023-05-10 20:00:00,27598.75,1840.84,0.4303,314.3,20.91,0.3693,0.06933,6.588,15.52
2023-05-11 00:00:00,27446.9,1827.61,0.4283,312.1,20.55,0.3657,0.06912,6.508,15.34
2023-05-11 04:00:00,27450.07,1829.41,0.4254,311.1,20.6,0.3645,0.06939,6.503,15.35
2023-05-11 08:00:00,27405.61,1820.84,0.425,312.0,20.49,0.3591,0.06909,6.454,15.32
2023-05-11 12:00:00,27179.42,1807.7,0.4196,309.6,20.17,0.3548,0.06828,6.375,15.1
2023-05-11 16:00:00,26843.05,1784.46,0.416,306.2,20.0,0.3538,0.06707,6.31,14.92
2023-05-11 20:00:00,26968.62,1794.3,0.4207,307.5,20.17,0.3598,0.06771,6.36,14.95
2023-05-12 00:00:00,26584.32,1763.25,0.4173,304.4,19.98,0.3566,0.0674,6.261,14.7
2023-05-12 04:00:00,26311.52,1759.47,0.4239,304.0,20.09,0.3611,0.06768,6.378,14.9
2023-05-12 08:00:00,26348.01,1764.86,0.4279,305.3,20.28,0.3644,0.06871,6.409,14.96
2023-05-12 12:00:00,26320.84,1765.55,0.4243,305.3,20.3,0.3594,0.06839,6.401,14.82
2023-05-12 16:00:00,26459.62,1790.01,0.4247,306.4,20.49,0.3608,0.06893,6.481,14.94
2023-05-12 20:00:00,26795.01,1807.45,0.4305,308.5,20.9,0.3705,0.06908,6.623,15.19
2023-05-13 00:00:00,26808.27,1805.61,0.4264,309.9,21.15,0.3668,0.06862,6.596,15.1
2023-05-13 04:00:00,26771.88,1802.98,0.4268,310.1,21.22,0.3682,0.06889,6.601,15.13
2023-05-13 08:00:00,26823.94,1803.78,0.4264,310.7,21.08,0.3648,0.06901,6.553,15.1
2023-05-13 12:00:00,26816.25,1795.9,0.4255,309.8,20.87,0.3636,0.0691,6.534,14.95
2023-05-13 16:00:00,26837.94,1792.83,0.4254,309.9,20.94,0.3641,0.06919,6.503,14.95
2023-05-13 20:00:00,26775.28,1795.11,0.424,310.7,20.84,0.3646,0.06934,6.491,14.91
2023-05-14 00:00:00,26865.03,1803.89,0.4262,311.3,20.94,0.3674,0.06964,6.512,14.94
2023-05-14 04:00:00,26855.21,1805.21,0.4256,313.0,21.09,0.3672,0.06939,6.529,14.97
2023-05-14 08:00:00,26805.98,1802.05,0.4263,312.0,20.97,0.367,0.06937,6.535,14.98
2023-05-14 12:00:00,27082.02,1819.05,0.4292,313.9,21.18,0.3725,0.06946,6.592,15.12
2023-05-14 16:00:00,26878.97,1796.32,0.4246,311.2,20.93,0.3679,0.06903,6.505,14.92
2023-05-14 20:00:00,26917.62,1799.21,0.4253,312.1,20.93,0.3711,0.06939,6.547,15.03
2023-05-15 00:00:00,27232.8,1826.09,0.428,314.0,21.22,0.3715,0.06962,6.629,15.12
2023-05-15 04:00:00,27407.48,1828.72,0.4254,315.6,21.39,0.3739,0.07,6.674,15.28
2023-05-15 08:00:00,27336.12,1824.39,0.4255,314.9,21.28,0.3695,0.07022,6.635,15.25
2023-05-15 12:00:00,27396.8,1827.84,0.426,315.0,21.37,0.3708,0.07016,6.658,15.32
2023-05-15 16:00:00,27418.24,1828.74,0.4284,313.9,21.16,0.37,0.07035,6.678,15.19
2023-05-15 20:00:00,27162.14,1816.2,0.4273,313.4,20.99,0.3669,0.07026,6.635,15.08
2023-05-16 00:00:00,27130.0,1813.53,0.4243,312.7,20.86,0.365,0.0706,6.624,14.94
2023-05-16 04:00:00,27252.58,1822.68,0.4262,313.0,21.04,0.3684,0.07054,6.691,15.03
2023-05-16 08:00:00,27059.03,1816.53,0.422,310.6,20.88,0.3667,0.07043,6.65,14.94
2023-05-16 12:00:00,27038.02,1820.2,0.4222,310.8,20.78,0.3673,0.07045,6.65,14.88
2023-05-16 16:00:00,26933.05,1816.8,0.4228,310.2,20.5,0.3651,0.07025,6.617,14.79
2023-05-16 20:00:00,27033.84,1824.21,0.4425,311.4,20.67,0.3682,0.07055,6.659,14.9
2023-05-17 00:00:00,27060.04,1823.82,0.459,312.2,20.96,0.3729,0.07069,6.693,14.97
2023-05-17 04:00:00,26845.14,1807.75,0.4491,309.7,20.56,0.3666,0.07069,6.59,14.83
2023-05-17 08:00:00,26637.62,1790.2,0.4451,308.0,20.52,0.365,0.07053,6.56,14.74
2023-05-17 12:00:00,26796.93,1797.24,0.4408,308.9,20.59,0.3668,0.07044,6.599,14.72
2023-05-17 16:00:00,27385.09,1828.1,0.4479,313.7,21.03,0.3779,0.07123,6.779,15.23
2023-05-17 20:00:00,27405.61,1822.12,0.4484,314.3,21.06,0.3755,0.07121,6.758,15.17
2023-05-18 00:00:00,27365.69,1826.59,0.4478,314.4,21.03,0.3771,0.07112,6.757,15.16
2023-05-18 04:00:00,27391.61,1827.1,0.4481,313.1,20.92,0.378,0.0707,6.73,15.06
2023-05-18 08:00:00,27398.97,1825.43,0.4653,314.2,20.84,0.3791,0.07083,6.693,15.02
2023-05-18 12:00:00,27086.77,1807.99,0.4606,311.4,20.53,0.3739,0.07061,6.641,14.83
2023-05-18 16:00:00,26734.01,1795.2,0.4573,308.0,20.34,0.3707,0.07034,6.493,14.59
2023-05-18 20:00:00,26821.28,1800.56,0.4596,309.3,20.34,0.3714,0.07016,6.531,14.68
2023-05-19 00:00:00,26834.73,1801.35,0.4665,309.2,20.34,0.3692,0.0702,6.501,14.67
2023-05-19 04:00:00,26851.38,1805.62,0.4598,309.8,20.44,0.3696,0.07027,6.53,14.7
2023-05-19 08:00:00,26855.89,1807.5,0.463,309.0,20.45,0.3688,0.07038,6.509,14.65
2023-05-19 12:00:00,26883.65,1815.45,0.4655,309.6,20.4,0.3696,0.07058,6.514,14.7
2023-05-19 16:00:00,26834.46,1811.44,0.4657,308.3,20.37,0.368,0.07054,6.494,14.71
2023-05-19 20:00:00,26880.26,1812.32,0.4675,308.9,20.36,0.3681,0.07067,6.51,14.68
2023-05-20 00:00:00,26865.58,1813.43,0.4643,308.6,20.27,0.3653,0.0707,6.5,14.64
2023-05-20 04:00:00,26854.98,1811.19,0.4644,308.2,20.16,0.3645,0.07079,6.484,14.57
2023-05-20 08:00:00,26880.06,1813.39,0.467,309.2,20.22,0.3653,0.07082,6.494,14.59
2023-05-20 12:00:00,26945.66,1817.5,0.4664,310.0,20.28,0.3659,0.07271,6.5,14.65
2023-05-20 16:00:00,27063.03,1821.33,0.4678,311.1,20.29,0.3659,0.07272,6.502,14.66
2023-05-20 20:00:00,27102.43,1819.42,0.4685,310.6,20.28,0.3662,0.07257,6.503,14.63
2023-05-21 00:00:00,27176.22,1817.88,0.4676,310.4,20.24,0.3655,0.07241,6.509,14.62
2023-05-21 04:00:00,27054.99,1817.0,0.4691,311.3,20.28,0.3651,0.07247,6.507,14.62
2023-05-21 08:00:00,26829.94,1809.48,0.4656,309.3,20.15,0.3613,0.07231,6.459,14.46
2023-05-21 12:00:00,26898.97,1807.33,0.4596,309.2,19.94,0.36,0.07549,6.42,14.35
2023-05-21 16:00:00,26902.12,1810.08,0.4587,308.6,19.98,0.3607,0.07545,6.423,14.37
2023-05-21 20:00:00,26747.78,1804.91,0.4575,306.4,19.61,0.3602,0.07501,6.43,14.31
2023-05-22 00:00:00,26644.8,1800.98,0.4556,305.6,19.54,0.3606,0.07432,6.47,14.27
2023-05-22 04:00:00,26843.13,1811.19,0.4611,307.4,19.69,0.363,0.07655,6.471,14.34
2023-05-22 08:00:00,26826.78,1814.32,0.4618,308.6,19.87,0.3682,0.07756,6.529,14.57
2023-05-22 12:00:00,26877.18,1816.64,0.4568,309.5,19.67,0.3675,0.07893,6.51,14.59
2023-05-22 16:00:00,26862.43,1816.4,0.4606,310.1,19.68,0.3683,0.0787,6.512,14.68
2023-05-22 20:00:00,26849.27,1817.35,0.4618,309.0,19.53,0.3679,0.078,6.533,14.68
2023-05-23 00:00:00,27366.67,1866.0,0.465,314.8,20.04,0.3739,0.07924,6.625,14.92
2023-05-23 04:00:00,27304.4,1854.05,0.4623,313.5,19.84,0.3708,0.07867,6.548,14.79
2023-05-23 08:00:00,27337.36,1854.97,0.4609,313.9,19.92,0.3706,0.07769,6.538,14.75
2023-05-23 12:00:00,27320.05,1856.92,0.4607,314.4,20.0,0.3708,0.07814,6.548,14.78
2023-05-23 16:00:00,27181.22,1851.52,0.4633,312.7,20.02,0.3713,0.07797,6.511,14.67
2023-05-23 20:00:00,27219.61,1854.05,0.4651,313.5,20.02,0.3704,0.07848,6.504,14.71
2023-05-24 00:00:00,26786.0,1821.95,0.4579,308.9,19.56,0.3635,0.07773,6.393,14.4
2023-05-24 04:00:00,26678.67,1814.07,0.4569,307.8,19.42,0.3662,0.07762,6.335,14.31
2023-05-24 08:00:00,26742.24,1816.01,0.4565,308.8,19.42,0.3654,0.07697,6.34,14.34
2023-05-24 12:00:00,26314.69,1793.35,0.4508,306.1,19.17,0.3619,0.07726,6.27,14.1
2023-05-24 16:00:00,26252.33,1792.79,0.4527,305.4,19.19,0.3635,0.07718,6.324,14.12
2023-05-24 20:00:00,26329.01,1799.89,0.453,306.0,19.22,0.3638,0.07686,6.32,14.14
2023-05-25 00:00:00,26183.72,1781.27,0.453,304.3,19.37,0.3607,0.07726,6.276,14.12
2023-05-25 04:00:00,26131.27,1778.68,0.4496,304.5,19.27,0.3565,0.0775,6.294,14.14
2023-05-25 08:00:00,26296.62,1789.65,0.452,305.6,19.38,0.3581,0.07728,6.305,14.18
2023-05-25 12:00:00,26226.12,1791.56,0.4478,304.0,19.24,0.3563,0.07733,6.248,14.03
2023-05-25 16:00:00,26468.68,1808.82,0.4516,305.0,19.31,0.3583,0.07744,6.309,14.14
2023-05-25 20:00:00,26473.79,1805.6,0.4538,304.5,19.25,0.3581,0.07677,6.278,14.08
2023-05-26 00:00:00,26435.14,1807.41,0.4647,303.2,19.29,0.3564,0.0772,6.288,14.09
2023-05-26 04:00:00,26501.33,1816.71,0.461,305.7,19.3,0.3584,0.07704,6.312,14.09
2023-05-26 08:00:00,26463.29,1812.26,0.4659,306.4,19.29,0.3571,0.07594,6.312,14.13
2023-05-26 12:00:00,26750.21,1830.84,0.4631,307.5,19.43,0.3604,0.07623,6.352,14.27
2023-05-26 16:00:00,26767.21,1835.55,0.466,307.0,19.46,0.3642,0.07631,6.372,14.36
2023-05-26 20:00:00,26705.92,1827.79,0.4684,306.8,19.35,0.3626,0.07538,6.344,14.33
2023-05-27 00:00:00,26752.0,1834.25,0.4738,307.0,19.48,0.3659,0.07551,6.359,14.44
2023-05-27 04:00:00,26722.8,1829.76,0.4739,306.2,19.53,0.364,0.07611,6.356,14.4
2023-05-27 08:00:00,26699.02,1826.83,0.472,305.2,19.48,0.3634,0.07621,6.374,14.28
2023-05-27 12:00:00,26690.05,1823.6,0.4709,304.8,19.61,0.3635,0.07616,6.398,14.36
2023-05-27 16:00:00,26729.6,1826.03,0.4707,305.1,19.67,0.3647,0.07684,6.421,14.41
2023-05-27 20:00:00,26854.27,1829.89,0.4714,307.4,20.43,0.3667,0.07716,6.438,14.56
2023-05-28 00:00:00,27187.23,1850.71,0.4733,308.8,20.48,0.3725,0.07754,6.526,14.76
2023-05-28 04:00:00,27226.37,1847.79,0.4731,307.9,20.49,0.3734,0.07729,6.495,14.72
2023-05-28 08:00:00,27153.76,1843.5,0.4726,307.7,20.52,0.3754,0.0771,6.477,14.49
2023-05-28 12:00:00,27272.17,1843.74,0.4724,308.1,20.5,0.3761,0.07684,6.509,14.53
2023-05-28 16:00:00,27525.99,1848.77,0.4769,309.2,20.77,0.377,0.077,6.543,14.64
2023-05-28 20:00:00,28065.0,1908.64,0.482,314.1,20.81,0.3828,0.07742,6.631,14.89
2023-05-29 00:00:00,27954.99,1903.77,0.481,314.7,20.7,0.3798,0.0776,6.594,14.73
2023-05-29 04:00:00,27907.87,1899.85,0.4805,314.4,20.73,0.379,0.07715,6.603,14.7
2023-05-29 08:00:00,27913.87,1903.26,0.4805,315.1,20.74,0.3794,0.07774,6.62,14.68
2023-05-29 12:00:00,27630.51,1889.41,0.479,313.1,20.48,0.3776,0.07666,6.559,14.48
2023-05-29 16:00:00,27637.94,1891.2,0.4848,311.7,20.51,0.3785,0.0765,6.589,14.47
2023-05-29 20:00:00,27736.4,1892.6,0.4946,311.6,20.57,0.3786,0.0761,6.637,14.48
2023-05-30 00:00:00,27829.23,1900.66,0.4972,312.5,20.86,0.3813,0.07622,6.615,14.48
2023-05-30 04:00:00,27733.22,1898.23,0.5014,312.0,20.74,0.3794,0.07644,6.54,14.49
2023-05-30 08:00:00,28021.4,1915.4,0.5025,313.8,21.28,0.3819,0.07677,6.631,14.72
2023-05-30 12:00:00,27673.08,1900.56,0.5047,311.8,20.96,0.3766,0.0763,6.577,14.46
2023-05-30 16:00:00,27850.2,1907.32,0.5202,312.8,21.36,0.3787,0.07637,6.629,14.53
2023-05-30 20:00:00,27694.4,1900.59,0.5205,311.5,21.25,0.3779,0.07635,6.613,14.45
2023-05-31 00:00:00,27657.3,1897.71,0.5274,310.7,21.1,0.3792,0.07626,6.607,14.32
2023-05-31 04:00:00,27167.9,1869.31,0.509,306.9,20.72,0.3757,0.0758,6.485,14.13
2023-05-31 08:00:00,27097.18,1865.19,0.5113,306.7,20.61,0.3732,0.07526,6.46,14.1
2023-05-31 12:00:00,26911.54,1857.94,0.5049,305.3,20.48,0.3719,0.07531,6.444,14.03
2023-05-31 16:00:00,27010.57,1863.63,0.5141,305.8,20.64,0.3757,0.07599,6.455,14.08
2023-05-31 20:00:00,27210.35,1873.63,0.5166,306.8,20.81,0.3744,0.07522,6.478,14.11
2023-06-01 00:00:00,26779.94,1855.5,0.5083,304.8,20.7,0.3651,0.07491,6.434,14.02
2023-06-01 04:00:00,26802.67,1854.21,0.5047,303.9,20.61,0.3635,0.07436,6.412,14.0
2023-06-01 08:00:00,26892.96,1861.5,0.5053,304.7,20.72,0.3634,0.075,6.401,14.14
2023-06-01 12:00:00,26894.48,1863.36,0.5053,304.9,20.69,0.3643,0.07501,6.408,14.2
2023-06-01 16:00:00,26862.68,1869.27,0.5075,304.8,20.68,0.3656,0.07514,6.385,14.17
2023-06-01 20:00:00,26817.93,1861.78,0.5065,304.9,20.49,0.3644,0.07477,6.344,14.09
2023-06-02 00:00:00,27000.0,1878.64,0.516,306.6,20.76,0.372,0.07561,6.448,14.25
2023-06-02 04:00:00,27049.65,1885.65,0.5155,307.1,20.98,0.3719,0.07627,6.419,14.34
2023-06-02 08:00:00,27130.75,1894.96,0.5147,307.3,21.25,0.3753,0.07645,6.417,14.45
2023-06-02 12:00:00,27095.92,1892.0,0.5188,306.3,21.19,0.3751,0.07631,6.391,14.46
2023-06-02 16:00:00,27239.02,1907.6,0.5265,308.0,21.29,0.3786,0.07672,6.454,14.5
2023-06-02 20:00:00,27242.59,1906.68,0.5244,307.2,21.26,0.3782,0.08266,6.45,14.49
2023-06-03 00:00:00,27143.2,1899.84,0.5234,306.3,21.12,0.3767,0.0834,6.416,14.47
2023-06-03 04:00:00,27174.42,1902.71,0.5245,306.0,21.17,0.3764,0.08395,6.434,14.57
2023-06-03 08:00:00,27129.79,1903.72,0.5228,306.2,21.18,0.3759,0.08468,6.439,14.53
2023-06-03 12:00:00,27305.26,1903.18,0.5215,308.0,21.25,0.3774,0.08258,6.438,14.58
2023-06-03 16:00:00,27096.36,1886.14,0.5201,306.1,21.06,0.3738,0.0818,6.387,14.49
2023-06-03 20:00:00,27069.22,1892.06,0.5188,306.6,21.19,0.3759,0.08177,6.421,14.58
2023-06-04 00:00:00,27061.38,1894.09,0.5216,305.9,21.25,0.3786,0.08167,6.455,14.61
2023-06-04 04:00:00,27150.45,1900.21,0.5254,306.8,21.6,0.3804,0.08054,6.485,14.7
2023-06-04 08:00:00,27198.55,1903.08,0.5245,306.8,21.7,0.3798,0.082,6.495,14.73
2023-06-04 12:00:00,27179.0,1901.76,0.5358,306.6,22.05,0.38,0.08172,6.499,14.79
2023-06-04 16:00:00,27213.11,1904.66,0.5383,306.0,22.21,0.3805,0.08192,6.521,14.85
2023-06-04 20:00:00,27115.21,1890.01,0.5359,305.0,21.82,0.3773,0.08138,6.452,14.79
2023-06-05 00:00:00,26843.58,1869.65,0.5306,301.1,21.54,0.3741,0.08112,6.359,14.67
2023-06-05 04:00:00,26829.99,1873.4,0.5344,301.0,21.66,0.375,0.08148,6.4,14.8
2023-06-05 08:00:00,26773.39,1869.51,0.5346,300.7,21.6,0.3736,0.08156,6.376,14.82
2023-06-05 12:00:00,26007.53,1820.6,0.5043,276.8,19.93,0.3571,0.07866,6.099,14.01
2023-06-05 16:00:00,25629.99,1806.49,0.5045,276.6,20.03,0.3505,0.07806,6.053,13.93
2023-06-05 20:00:00,25728.2,1810.5,0.509,276.9,20.0,0.3514,0.07832,6.054,13.87
2023-06-06 00:00:00,25730.83,1811.8,0.5063,276.2,20.0,0.3506,0.07894,6.048,14.0
2023-06-06 04:00:00,25722.33,1813.35,0.5055,277.4,20.11,0.3523,0.07844,6.085,14.11
2023-06-06 08:00:00,25686.64,1813.32,0.5088,278.0,19.88,0.3523,0.07849,6.112,14.07
2023-06-06 12:00:00,26066.11,1842.22,0.5113,279.0,19.94,0.3496,0.07769,6.229,14.18
2023-06-06 16:00:00,27080.13,1891.82,0.5283,285.3,20.59,0.3557,0.07803,6.29,14.6
2023-06-06 20:00:00,27230.08,1884.64,0.53,281.2,20.38,0.3531,0.07821,6.261,14.62
2023-06-07 00:00:00,26909.01,1877.48,0.5274,278.9,20.15,0.3449,0.07869,6.181,14.62
2023-06-07 04:00:00,26795.87,1875.05,0.5261,276.9,20.01,0.341,0.07714,6.176,14.55
2023-06-07 08:00:00,26896.14,1870.23,0.533,274.5,19.95,0.3375,0.07748,6.103,14.46
2023-06-07 12:00:00,26349.52,1839.0,0.5176,258.9,19.32,0.3252,0.07642,5.986,14.07
2023-06-07 16:00:00,26482.42,1850.36,0.5182,260.9,18.97,0.3233,0.07741,5.936,14.12
2023-06-07 20:00:00,26339.34,1832.13,0.5183,259.3,18.64,0.3223,0.07675,5.917,14.02
2023-06-08 00:00:00,26344.17,1834.96,0.5178,258.7,18.47,0.3218,0.07644,5.91,13.89
2023-06-08 04:00:00,26444.69,1842.0,0.5199,260.7,18.64,0.3277,0.07686,5.971,13.91
2023-06-08 08:00:00,26432.0,1843.8,0.5187,264.9,18.79,0.3266,0.07731,5.99,13.93
2023-06-08 12:00:00,26721.68,1855.66,0.5244,265.2,18.92,0.3288,0.07735,6.019,14.07
2023-06-08 16:00:00,26539.9,1847.73,0.5235,264.3,18.86,0.3232,0.07767,6.021,13.99
2023-06-08 20:00:00,26498.61,1845.64,0.5236,262.0,18.89,0.3228,0.07741,5.995,13.93
2023-06-09 00:00:00,26483.7,1838.23,0.5243,260.2,18.76,0.3205,0.07727,5.974,13.83
2023-06-09 04:00:00,26493.43,1836.37,0.524,258.3,18.59,0.3138,0.07745,5.941,13.76
2023-06-09 08:00:00,26610.19,1843.79,0.529,260.7,19.27,0.3178,0.07805,6.005,13.92
2023-06-09 12:00:00,26477.37,1841.71,0.5313,261.1,18.7,0.3113,0.07783,5.991,14.03
2023-06-09 16:00:00,26407.15,1830.86,0.5316,259.2,17.39,0.2994,0.07222,5.933,13.79
2023-06-09 20:00:00,26477.81,1840.37,0.538,260.5,17.4,0.2951,0.072,5.993,13.75
2023-06-10 00:00:00,26323.07,1827.17,0.5221,249.9,16.29,0.2764,0.07059,5.772,13.08
2023-06-10 04:00:00,25651.09,1731.78,0.4898,234.9,14.42,0.2403,0.06661,5.107,11.25
2023-06-10 08:00:00,25731.4,1747.95,0.4953,239.0,14.92,0.2501,0.06795,5.068,11.66
2023-06-10 12:00:00,25628.8,1737.39,0.4899,235.4,14.77,0.2544,0.06817,5.016,11.26
2023-06-10 16:00:00,25750.0,1744.48,0.5052,238.7,15.32,0.2659,0.06951,5.156,11.62
2023-06-10 20:00:00,25841.21,1751.53,0.5067,238.7,15.61,0.2747,0.06961,5.233,11.65
2023-06-11 00:00:00,25727.51,1751.55,0.5057,236.5,15.57,0.2636,0.06896,5.191,11.68
2023-06-11 04:00:00,25741.33,1752.92,0.5055,236.8,15.4,0.2621,0.06941,5.16,11.62
2023-06-11 08:00:00,25796.06,1752.13,0.5085,236.7,15.53,0.2691,0.0691,5.179,11.68
2023-06-11 12:00:00,25751.36,1740.8,0.5086,235.0,15.22,0.2642,0.06912,5.101,11.47
2023-06-11 16:00:00,26030.89,1762.27,0.5249,237.1,16.0,0.2745,0.07038,5.199,11.72
2023-06-11 20:00:00,25925.55,1752.76,0.5208,235.4,15.55,0.272,0.07025,5.175,11.58
2023-06-12 00:00:00,25791.29,1735.76,0.5142,226.3,15.1,0.2681,0.06979,5.067,11.38
2023-06-12 04:00:00,25802.98,1736.7,0.5126,224.0,15.09,0.2782,0.06939,5.075,11.34
2023-06-12 08:00:00,25988.83,1745.6,0.5189,233.6,15.4,0.2823,0.07006,5.136,11.51
2023-06-12 12:00:00,25824.63,1731.87,0.5146,231.1,15.2,0.2772,0.07009,5.107,11.47
2023-06-12 16:00:00,25824.23,1733.14,0.5222,228.4,14.96,0.2745,0.07059,5.147,11.45
2023-06-12 20:00:00,25905.19,1742.57,0.5251,231.3,15.19,0.2748,0.07115,5.16,11.52
2023-06-13 00:00:00,26063.85,1747.37,0.526,233.6,15.34,0.2781,0.07195,5.21,11.65
2023-06-13 04:00:00,26073.92,1748.27,0.5298,235.3,15.43,0.2796,0.07166,5.241,11.69
2023-06-13 08:00:00,26191.81,1753.81,0.5617,243.4,15.64,0.2855,0.07201,5.316,11.87
2023-06-13 12:00:00,25759.54,1730.18,0.508,234.9,14.8,0.2697,0.07112,5.188,11.63
2023-06-13 16:00:00,25902.84,1740.31,0.5175,238.0,14.97,0.2752,0.07173,5.256,11.72
2023-06-13 20:00:00,25934.25,1740.12,0.5192,244.2,15.04,0.2752,0.07192,5.3,11.8
2023-06-14 00:00:00,25985.07,1746.12,0.514,250.8,15.25,0.2761,0.07233,5.393,11.89
2023-06-14 04:00:00,25897.72,1741.29,0.5008,246.8,15.05,0.2708,0.07216,5.372,11.8
2023-06-14 08:00:00,25975.71,1745.96,0.5084,248.5,15.2,0.2751,0.07257,5.393,11.89
2023-06-14 12:00:00,25986.75,1741.05,0.5025,246.2,15.11,0.2735,0.07257,5.391,11.89
2023-06-14 16:00:00,25874.59,1728.33,0.5012,244.3,15.09,0.2705,0.07229,5.448,11.84
2023-06-14 20:00:00,25128.6,1650.95,0.4801,237.9,14.48,0.2633,0.071,5.25,11.38
2023-06-15 00:00:00,25065.35,1652.0,0.4821,237.6,14.92,0.2624,0.07198,5.307,11.55
2023-06-15 04:00:00,24983.8,1639.95,0.4702,236.6,14.81,0.2562,0.07136,5.26,11.23
2023-06-15 08:00:00,25014.97,1643.05,0.4764,234.1,14.65,0.2591,0.0704,5.278,11.25
2023-06-15 12:00:00,24959.95,1642.42,0.474,232.7,14.48,0.2578,0.07034,5.228,11.22
2023-06-15 16:00:00,25455.49,1668.97,0.481,236.7,14.77,0.2618,0.07095,5.35,11.45
2023-06-15 20:00:00,25598.49,1666.96,0.4801,236.4,14.77,0.262,0.07098,5.312,11.41
2023-06-16 00:00:00,25561.74,1667.11,0.4802,238.0,14.8,0.2633,0.07121,5.297,11.49
2023-06-16 04:00:00,25537.01,1671.08,0.4771,239.5,14.85,0.2628,0.0699,5.264,11.41
2023-06-16 08:00:00,25474.51,1664.42,0.463,234.0,14.56,0.2571,0.06967,5.191,11.33
2023-06-16 12:00:00,25840.01,1682.31,0.4658,238.5,15.0,0.2597,0.06967,5.271,11.45
2023-06-16 16:00:00,26382.43,1722.19,0.4731,239.6,15.28,0.2639,0.07087,5.375,11.57
2023-06-16 20:00:00,26345.0,1717.92,0.4759,239.3,15.31,0.2632,0.07053,5.324,11.55
2023-06-17 00:00:00,26262.16,1718.74,0.4718,239.6,15.42,0.2624,0.07077,5.267,11.52
2023-06-17 04:00:00,26593.57,1744.63,0.4801,246.5,15.85,0.2699,0.0711,5.35,11.7
2023-06-17 08:00:00,26507.76,1738.41,0.4787,245.0,15.77,0.2679,0.0713,5.358,11.75
2023-06-17 12:00:00,26410.82,1727.88,0.4786,243.1,15.65,0.2658,0.07114,5.313,11.69
2023-06-17 16:00:00,26475.3,1728.39,0.4802,244.9,15.65,0.2673,0.07146,5.283,11.66
2023-06-17 20:00:00,26516.99,1727.76,0.4794,244.5,15.64,0.2667,0.07164,5.279,11.62
2023-06-18 00:00:00,26548.45,1728.89,0.481,244.5,15.59,0.2674,0.07182,5.253,11.53
2023-06-18 04:00:00,26584.98,1730.14,0.4826,245.8,15.59,0.2667,0.07118,5.246,11.53
2023-06-18 08:00:00,26500.0,1734.44,0.4876,246.6,15.72,0.2665,0.07073,5.248,11.54
2023-06-18 12:00:00,26562.09,1738.11,0.493,247.1,15.72,0.2674,0.07049,5.259,11.54
2023-06-18 16:00:00,26650.0,1741.33,0.4952,246.5,15.81,0.2679,0.0705,5.297,11.57
2023-06-18 20:00:00,26339.97,1720.95,0.4868,244.1,15.45,0.261,0.07016,5.156,11.34
2023-06-19 00:00:00,26403.36,1723.52,0.491,243.2,15.49,0.2607,0.06999,5.153,11.33
2023-06-19 04:00:00,26428.01,1724.49,0.4899,243.4,15.48,0.2601,0.0699,5.146,11.33
2023-06-19 08:00:00,26447.73,1725.87,0.4895,243.0,15.56,0.2609,0.06998,5.101,11.31
2023-06-19 12:00:00,26444.0,1721.45,0.4887,241.4,15.56,0.2591,0.06978,5.07,11.28
2023-06-19 16:00:00,26682.28,1724.24,0.4948,241.6,15.85,0.2613,0.07019,5.096,11.4
2023-06-19 20:00:00,26844.35,1737.11,0.4936,243.1,16.1,0.2634,0.06999,5.133,11.47
2023-06-20 00:00:00,26896.52,1730.74,0.4904,242.1,16.02,0.2597,0.06933,5.128,11.46
2023-06-20 04:00:00,26832.44,1729.99,0.4876,241.4,15.98,0.2593,0.06901,5.099,11.44
2023-06-20 08:00:00,26907.99,1734.39,0.4835,241.7,15.93,0.2602,0.06874,5.088,11.41
2023-06-20 12:00:00,27071.93,1732.48,0.4785,240.4,15.95,0.2572,0.06899,5.079,11.34
2023-06-20 16:00:00,27982.77,1782.1,0.4891,243.7,16.36,0.2665,0.07001,5.219,11.89
2023-06-20 20:00:00,28307.99,1791.99,0.4929,247.7,16.64,0.2705,0.07057,5.267,12.12
2023-06-21 00:00:00,28711.15,1811.38,0.4977,251.5,16.76,0.2809,0.07111,5.324,12.3
2023-06-21 04:00:00,28872.28,1813.08,0.4974,249.3,16.83,0.278,0.07078,5.36,12.31
2023-06-21 08:00:00,28930.0,1829.65,0.4948,247.6,16.79,0.2788,0.07069,5.371,12.26
2023-06-21 12:00:00,29851.58,1849.81,0.4952,249.4,16.89,0.2822,0.07137,5.438,12.47
2023-06-21 16:00:00,30112.03,1882.35,0.4982,248.9,17.12,0.2861,0.072,5.517,12.9
2023-06-21 20:00:00,29993.89,1889.11,0.4999,248.8,17.23,0.2862,0.07233,5.556,12.9
2023-06-22 00:00:00,30296.01,1918.45,0.5165,254.5,17.53,0.2979,0.07348,5.779,13.11
2023-06-22 04:00:00,30100.75,1910.79,0.5123,252.3,17.37,0.3022,0.07368,5.759,13.08
2023-06-22 08:00:00,29928.0,1886.76,0.4935,246.9,16.86,0.2927,0.07212,5.625,12.78
2023-06-22 12:00:00,29850.65,1877.25,0.4938,243.7,16.9,0.2905,0.07173,5.558,12.74
2023-06-22 16:00:00,30213.11,1889.6,0.4991,245.0,16.93,0.2933,0.0722,5.63,12.83
2023-06-22 20:00:00,29884.92,1872.01,0.4938,240.8,16.62,0.2899,0.07226,5.558,12.65
2023-06-23 00:00:00,30007.96,1881.75,0.5003,241.8,16.78,0.2926,0.07266,5.641,12.79
2023-06-23 04:00:00,29931.99,1880.44,0.4922,243.5,16.78,0.2936,0.07238,5.834,12.78
2023-06-23 08:00:00,30140.87,1879.76,0.4924,243.8,16.59,0.2928,0.07208,5.857,12.83
2023-06-23 12:00:00,31238.0,1917.61,0.4982,247.7,16.98,0.2994,0.07304,6.008,13.16
2023-06-23 16:00:00,30880.87,1900.82,0.5009,245.8,17.13,0.2983,0.07331,6.076,13.26
2023-06-23 20:00:00,30688.5,1892.63,0.4961,244.3,17.13,0.2966,0.07315,6.07,13.29
2023-06-24 00:00:00,30730.01,1894.0,0.492,246.2,17.37,0.2952,0.07263,6.079,13.36
2023-06-24 04:00:00,30567.58,1883.04,0.49,245.5,17.07,0.2936,0.07223,6.021,13.14
2023-06-24 08:00:00,30684.38,1890.49,0.4924,244.7,17.21,0.2952,0.07231,6.134,13.16
2023-06-24 12:00:00,30398.71,1874.3,0.484,232.9,16.62,0.2868,0.07185,6.02,12.85
2023-06-24 16:00:00,30627.84,1888.0,0.4874,236.8,16.69,0.2915,0.07236,6.087,12.99
2023-06-24 20:00:00,30527.43,1874.96,0.4865,236.4,16.64,0.2892,0.0722,6.133,13.01
2023-06-25 00:00:00,30748.46,1895.08,0.4893,239.1,16.98,0.2966,0.07303,6.226,13.48
2023-06-25 04:00:00,30723.78,1911.81,0.4901,240.9,17.28,0.2974,0.07332,6.291,13.57
2023-06-25 08:00:00,30716.03,1918.37,0.4922,240.2,17.24,0.2981,0.07342,6.316,13.59
2023-06-25 12:00:00,30585.16,1886.51,0.4891,239.4,17.12,0.2934,0.07342,6.195,13.37
2023-06-25 16:00:00,30429.78,1894.6,0.4889,238.1,16.99,0.293,0.07334,6.116,13.42
2023-06-25 20:00:00,30462.66,1898.8,0.4903,238.8,16.96,0.2921,0.07313,6.157,13.44
2023-06-26 00:00:00,30296.36,1880.46,0.4842,236.5,16.75,0.2878,0.07288,6.129,13.35
2023-06-26 04:00:00,30404.29,1892.32,0.4846,237.8,16.93,0.2903,0.07342,6.181,13.4
2023-06-26 08:00:00,30322.89,1880.87,0.4829,237.9,16.92,0.289,0.07382,6.149,13.54
2023-06-26 12:00:00,30419.62,1889.32,0.4849,238.6,16.82,0.2895,0.07384,6.23,13.54
2023-06-26 16:00:00,30243.97,1854.1,0.4791,236.4,16.31,0.2817,0.07313,6.095,13.27
2023-06-26 20:00:00,30267.99,1858.97,0.479,236.1,16.27,0.2805,0.07383,6.057,13.15
2023-06-27 00:00:00,30371.57,1872.15,0.4824,237.7,16.5,0.2821,0.07431,6.19,13.31
2023-06-27 04:00:00,30411.22,1875.58,0.4793,238.5,16.73,0.283,0.07466,6.244,13.34
2023-06-27 08:00:00,30729.1,1881.53,0.4811,239.3,16.69,0.2845,0.0747,6.23,13.38
2023-06-27 12:00:00,30498.74,1871.6,0.4793,237.9,16.39,0.28,0.07429,6.122,13.2
2023-06-27 16:00:00,30648.03,1894.39,0.4821,238.7,16.72,0.285,0.07465,6.226,13.31
2023-06-27 20:00:00,30692.44,1889.58,0.4838,237.5,16.63,0.2867,0.07432,6.198,13.2
2023-06-28 00:00:00,30452.75,1866.46,0.4824,235.6,16.39,0.2803,0.07428,6.105,12.99
2023-06-28 04:00:00,30186.13,1851.0,0.4734,232.6,15.98,0.2753,0.07365,5.972,12.7
2023-06-28 08:00:00,30310.73,1861.1,0.4753,233.4,16.21,0.2742,0.07412,5.995,12.78
2023-06-28 12:00:00,30411.06,1859.6,0.4749,235.1,16.33,0.2749,0.07438,6.019,12.81
2023-06-28 16:00:00,30100.0,1832.45,0.4596,228.4,15.9,0.2673,0.07326,5.822,12.26
2023-06-28 20:00:00,30077.41,1828.02,0.4647,230.6,15.97,0.2669,0.07375,5.815,12.34
2023-06-29 00:00:00,30176.0,1838.04,0.4673,233.1,16.03,0.27,0.0741,5.828,12.33
2023-06-29 04:00:00,30340.29,1847.45,0.4666,233.4,16.26,0.2729,0.07441,5.879,12.37
2023-06-29 08:00:00,30670.94,1869.6,0.4698,235.3,18.06,0.2774,0.07447,6.136,12.9
2023-06-29 12:00:00,30478.8,1851.79,0.4698,233.4,17.68,0.2743,0.07396,5.963,12.65
2023-06-29 16:00:00,30584.99,1857.48,0.4756,233.8,17.73,0.2751,0.07452,5.944,12.75
2023-06-29 20:00:00,30447.31,1851.99,0.4747,233.1,17.99,0.2752,0.07445,5.891,12.67
2023-06-30 00:00:00,30745.05,1873.34,0.4795,236.7,18.95,0.2835,0.07502,6.098,13.02
2023-06-30 04:00:00,30765.09,1887.8,0.4757,238.7,18.8,0.2839,0.07555,6.151,13.08
2023-06-30 08:00:00,30910.01,1891.1,0.4799,240.7,18.88,0.295,0.07652,6.233,13.23
2023-06-30 12:00:00,30067.72,1852.32,0.4649,235.6,18.28,0.2775,0.07507,6.081,12.61
2023-06-30 16:00:00,30372.36,1926.32,0.4772,240.5,19.1,0.2855,0.07599,6.311,12.91
2023-06-30 20:00:00,30472.0,1933.79,0.4729,240.3,18.86,0.2869,0.0762,6.313,13.03
2023-07-01 00:00:00,30398.01,1920.16,0.4692,241.4,18.3,0.286,0.07644,6.215,13.02
2023-07-01 04:00:00,30459.88,1920.05,0.4707,242.1,18.45,0.2864,0.07714,6.247,12.95
2023-07-01 08:00:00,30523.02,1922.55,0.4706,243.5,18.33,0.2879,0.07746,6.222,12.95
2023-07-01 12:00:00,30572.58,1922.63,0.4719,247.4,18.44,0.2885,0.07685,6.339,12.91
2023-07-01 16:00:00,30609.51,1922.6,0.4737,246.4,18.33,0.2881,0.07692,6.423,12.95
2023-07-01 20:00:00,30585.9,1924.5,0.4732,247.9,18.7,0.2924,0.07726,6.503,12.99
2023-07-02 00:00:00,30509.31,1913.91,0.4938,243.2,18.76,0.2889,0.0762,6.383,12.75
2023-07-02 04:00:00,30513.01,1914.97,0.4835,245.7,19.22,0.2893,0.07558,6.409,12.89
2023-07-02 08:00:00,30544.74,1919.99,0.4794,245.7,19.04,0.2905,0.0757,6.485,13.01
2023-07-02 12:00:00,30498.01,1918.61,0.4839,246.0,19.29,0.2891,0.07573,6.468,13.02
2023-07-02 16:00:00,30557.74,1914.12,0.4842,244.6,19.36,0.2893,0.07568,6.452,13.01
2023-07-02 20:00:00,30617.03,1937.48,0.4845,246.5,19.45,0.2916,0.07603,6.54,13.13
2023-07-03 00:00:00,30756.65,1949.01,0.4826,248.0,19.58,0.2951,0.07654,6.586,13.4
2023-07-03 04:00:00,30667.19,1966.83,0.4807,249.5,19.43,0.2942,0.07711,6.633,13.27
2023-07-03 08:00:00,30625.22,1962.01,0.4853,248.6,19.47,0.2948,0.07772,6.651,13.24
2023-07-03 12:00:00,31068.64,1968.17,0.4849,249.4,19.29,0.2954,0.07751,6.631,13.27
2023-07-03 16:00:00,31255.84,1967.4,0.4901,248.0,19.28,0.2984,0.07772,6.662,13.31
2023-07-03 20:00:00,31156.2,1955.54,0.489,246.5,19.26,0.2967,0.07731,6.628,13.25
2023-07-04 00:00:00,31195.69,1963.34,0.4929,245.8,19.29,0.2998,0.07765,6.613,13.33
2023-07-04 04:00:00,30911.41,1948.8,0.4876,244.9,19.1,0.295,0.07733,6.469,13.2
2023-07-04 08:00:00,31067.99,1960.53,0.4884,245.7,19.23,0.2968,0.07819,6.526,13.28
2023-07-04 12:00:00,30964.37,1954.19,0.4841,243.8,19.84,0.2936,0.07775,6.501,13.26
2023-07-04 16:00:00,30696.84,1934.29,0.4867,241.3,19.5,0.292,0.07738,6.453,13.09
2023-07-04 20:00:00,30766.51,1936.2,0.4872,242.5,19.13,0.2924,0.07703,6.521,13.04
2023-07-05 00:00:00,30868.71,1941.28,0.4915,243.7,19.28,0.2942,0.07773,6.552,13.12
2023-07-05 04:00:00,30774.25,1936.35,0.4886,243.2,19.32,0.2951,0.07779,6.542,13.11
2023-07-05 08:00:00,30404.3,1910.08,0.478,238.0,18.71,0.286,0.07708,6.294,12.66
2023-07-05 12:00:00,30356.11,1902.96,0.4721,237.8,18.59,0.2826,0.07695,6.275,12.56
2023-07-05 16:00:00,30431.95,1907.71,0.4766,238.6,18.6,0.2826,0.07663,6.264,12.6
2023-07-05 20:00:00,30504.81,1910.36,0.4777,238.9,19.0,0.2839,0.07707,6.299,12.67
2023-07-06 00:00:00,30490.85,1913.51,0.478,240.1,19.46,0.2849,0.07771,6.317,12.62
2023-07-06 04:00:00,30803.19,1925.08,0.4789,241.5,19.59,0.288,0.07789,6.365,12.85
2023-07-06 08:00:00,30846.55,1917.65,0.4752,240.5,19.9,0.2878,0.07791,6.346,12.87
2023-07-06 12:00:00,30407.01,1888.67,0.4696,238.5,19.71,0.2824,0.07743,6.203,12.66
2023-07-06 16:00:00,30309.88,1885.21,0.4679,237.8,20.91,0.2838,0.07767,6.176,12.65
2023-07-06 20:00:00,29895.43,1846.17,0.4622,232.2,19.61,0.2784,0.07711,6.08,12.37
2023-07-07 00:00:00,30135.4,1858.02,0.4688,234.2,20.21,0.2819,0.07796,6.152,12.59
2023-07-07 04:00:00,30007.4,1856.4,0.4631,233.1,19.46,0.2796,0.07793,6.108,12.52
2023-07-07 08:00:00,30118.7,1860.17,0.4662,233.3,20.17,0.2822,0.07818,6.136,12.61
2023-07-07 12:00:00,30390.83,1872.03,0.4673,235.7,21.23,0.2841,0.07934,6.213,12.69
2023-07-07 16:00:00,30246.2,1864.31,0.4669,235.3,21.43,0.283,0.07863,6.146,12.67
2023-07-07 20:00:00,30344.7,1870.91,0.4687,235.6,21.5,0.2844,0.07882,6.156,12.74
2023-07-08 00:00:00,30274.83,1863.94,0.4673,235.3,21.7,0.2833,0.07918,6.145,13.34
2023-07-08 04:00:00,30193.36,1861.69,0.4671,235.9,21.99,0.2847,0.07895,6.158,13.47
2023-07-08 08:00:00,30201.71,1859.01,0.4675,236.3,21.94,0.286,0.07911,6.17,13.54
2023-07-08 12:00:00,30208.0,1859.44,0.4692,236.7,21.52,0.289,0.07928,6.18,13.73
2023-07-08 16:00:00,30112.0,1846.89,0.4704,235.0,21.62,0.2896,0.07927,6.107,13.55
2023-07-08 20:00:00,30284.63,1865.24,0.4704,236.3,21.81,0.2907,0.08007,6.196,13.64
2023-07-09 00:00:00,30287.99,1867.84,0.4705,236.2,21.66,0.29,0.08009,6.212,14.07
2023-07-09 04:00:00,30265.0,1867.42,0.4695,234.6,21.56,0.2862,0.08006,6.202,13.95
2023-07-09 08:00:00,30266.69,1868.98,0.4692,234.9,21.62,0.2865,0.07955,6.2,14.1
2023-07-09 12:00:00,30349.47,1866.12,0.4696,234.3,21.25,0.2863,0.07867,6.163,13.83
2023-07-09 16:00:00,30242.42,1868.42,0.4697,234.8,21.29,0.2853,0.07813,6.158,13.75
2023-07-09 20:00:00,30160.71,1862.8,0.468,234.1,21.32,0.2844,0.07748,6.15,13.58
2023-07-10 00:00:00,30156.17,1861.66,0.4659,233.6,21.25,0.2842,0.07737,6.092,13.29
2023-07-10 04:00:00,30112.1,1856.19,0.4684,232.5,20.74,0.2832,0.07689,6.095,13.35
2023-07-10 08:00:00,30240.0,1864.0,0.4715,242.0,20.8,0.2851,0.07707,6.124,13.36
2023-07-10 12:00:00,30312.81,1871.09,0.4726,245.6,21.15,0.2879,0.07759,6.155,13.35
2023-07-10 16:00:00,30837.4,1899.98,0.4791,246.0,21.58,0.2913,0.07792,6.263,13.73
2023-07-10 20:00:00,30411.57,1880.4,0.478,246.2,21.3,0.2878,0.07754,6.167,13.39
2023-07-11 00:00:00,30476.0,1879.81,0.4762,246.7,21.74,0.2902,0.0774,6.178,13.64
2023-07-11 04:00:00,30535.38,1883.0,0.4763,247.1,22.11,0.2915,0.07719,6.199,13.49
2023-07-11 08:00:00,30404.31,1867.55,0.4738,245.7,22.05,0.2913,0.07713,6.169,13.35
2023-07-11 12:00:00,30596.45,1871.69,0.4743,247.5,22.13,0.2905,0.07702,6.192,13.35
2023-07-11 16:00:00,30581.99,1874.93,0.4739,247.5,21.97,0.2897,0.07724,6.171,13.26
2023-07-11 20:00:00,30622.1,1878.3,0.4753,248.6,22.07,0.2927,0.07734,6.206,13.27
2023-07-12 00:00:00,30588.32,1880.24,0.4754,249.6,21.91,0.2932,0.07737,6.223,13.17
2023-07-12 04:00:00,30740.0,1890.6,0.4754,249.6,22.03,0.2936,0.07774,6.256,13.22
2023-07-12 08:00:00,30776.25,1890.65,0.4738,248.1,22.13,0.2925,0.07795,6.262,13.26
2023-07-12 12:00:00,30524.63,1883.78,0.471,244.3,22.42,0.2907,0.07742,6.247,13.06
2023-07-12 16:00:00,30287.47,1870.04,0.4683,243.5,21.84,0.2861,0.07764,6.213,12.93
2023-07-12 20:00:00,30380.0,1871.82,0.471,243.9,21.94,0.289,0.07784,6.252,13.01
2023-07-13 00:00:00,30298.01,1867.4,0.4721,243.4,21.65,0.2867,0.07773,6.24,12.95
2023-07-13 04:00:00,30366.02,1870.36,0.4714,244.3,21.76,0.2863,0.0779,6.304,13.06
2023-07-13 08:00:00,30543.99,1883.72,0.4734,246.0,22.41,0.2889,0.07811,6.453,13.23
2023-07-13 12:00:00,30917.48,1932.8,0.5905,251.0,24.06,0.3112,0.07947,6.613,13.66
2023-07-13 16:00:00,31606.01,1995.25,0.8214,254.0,26.2,0.3478,0.08141,6.96,14.08
2023-07-13 20:00:00,31454.23,2004.49,0.8153,256.1,26.01,0.3567,0.08171,7.124,14.11
2023-07-14 00:00:00,31460.0,2009.26,0.7833,260.3,28.54,0.3611,0.08106,7.212,14.75
2023-07-14 04:00:00,31098.74,1991.21,0.7698,255.6,28.71,0.3526,0.08164,7.11,15.3
2023-07-14 08:00:00,31209.59,1992.22,0.7984,255.2,28.05,0.3511,0.08189,7.067,15.44
2023-07-14 12:00:00,31240.48,1998.51,0.7777,256.6,28.17,0.3472,0.082,7.142,15.58
2023-07-14 16:00:00,30115.17,1912.91,0.6996,244.9,26.07,0.3214,0.07919,6.785,14.31
2023-07-14 20:00:00,30312.01,1937.83,0.7179,248.1,26.67,0.3277,0.07988,6.958,14.64
2023-07-15 00:00:00,30292.91,1930.35,0.7208,248.5,27.15,0.3263,0.08042,6.859,14.44
2023-07-15 04:00:00,30338.0,1941.86,0.7251,250.1,28.73,0.3348,0.08139,6.982,14.92
2023-07-15 08:00:00,30311.99,1939.82,0.7181,250.9,28.93,0.3324,0.08103,6.957,15.02
2023-07-15 12:00:00,30303.41,1934.81,0.7233,250.4,27.56,0.3309,0.08071,6.973,15.12
2023-07-15 16:00:00,30326.47,1933.68,0.7233,252.0,27.9,0.3294,0.08094,6.95,15.05
2023-07-15 20:00:00,30289.52,1931.41,0.7145,251.1,27.46,0.326,0.08082,6.918,14.84
2023-07-16 00:00:00,30188.0,1923.01,0.7118,248.3,27.03,0.3201,0.08,6.783,14.54
2023-07-16 04:00:00,30265.22,1925.43,0.715,248.6,27.7,0.3209,0.0799,6.826,14.65
2023-07-16 08:00:00,30306.01,1933.01,0.7496,250.2,28.06,0.3225,0.08007,6.839,14.54
2023-07-16 12:00:00,30379.95,1936.81,0.7712,248.7,28.1,0.3211,0.07996,6.812,14.6
2023-07-16 16:00:00,30252.93,1927.78,0.7421,244.4,27.37,0.3151,0.07954,6.62,14.29
2023-07-16 20:00:00,30231.99,1922.11,0.7468,242.3,27.42,0.3146,0.0798,6.607,14.29
2023-07-17 00:00:00,30312.66,1931.23,0.7571,243.8,28.02,0.3184,0.08007,6.706,14.44
2023-07-17 04:00:00,30281.0,1928.69,0.7495,242.7,27.64,0.3167,0.08046,6.678,14.54
2023-07-17 08:00:00,30161.7,1910.09,0.7358,243.0,27.13,0.3113,0.07947,6.642,14.15
2023-07-17 12:00:00,30174.83,1908.81,0.739,243.7,27.01,0.3133,0.0798,6.67,14.25
2023-07-17 16:00:00,29884.39,1886.39,0.7343,242.6,26.18,0.3098,0.07939,6.896,14.15
2023-07-17 20:00:00,30138.0,1911.2,0.7374,244.1,26.8,0.3118,0.07997,7.186,14.4
2023-07-18 00:00:00,30073.96,1908.88,0.7383,244.5,26.56,0.3093,0.08057,7.094,14.36
2023-07-18 04:00:00,29968.13,1898.99,0.7414,241.1,25.71,0.3063,0.08015,7.056,14.01
2023-07-18 08:00:00,29884.01,1894.15,0.7487,239.5,25.02,0.3034,0.07962,6.922,13.85
2023-07-18 12:00:00,29912.0,1897.2,0.758,240.1,25.53,0.3047,0.07976,6.952,13.94
2023-07-18 16:00:00,29715.99,1892.05,0.7621,240.1,25.29,0.3035,0.07947,6.879,13.76
2023-07-18 20:00:00,29859.13,1897.21,0.7779,240.2,25.54,0.3095,0.07978,6.911,13.8
2023-07-19 00:00:00,30059.11,1912.48,0.7978,243.5,26.4,0.3201,0.08016,6.974,14.02
2023-07-19 04:00:00,30000.68,1908.61,0.7892,242.5,26.21,0.3158,0.07964,6.881,13.99
2023-07-19 08:00:00,30012.63,1909.28,0.7949,242.1,26.48,0.3167,0.07997,6.849,14.01
2023-07-19 12:00:00,29956.46,1906.31,0.8002,241.0,26.37,0.3127,0.0798,6.903,13.96
2023-07-19 16:00:00,30044.31,1910.0,0.8346,241.7,26.77,0.3242,0.08032,7.029,14.19
2023-07-19 20:00:00,29909.21,1888.63,0.8199,240.8,26.31,0.3226,0.08031,6.915,13.99
2023-07-20 00:00:00,29948.01,1894.33,0.8325,241.4,26.49,0.3277,0.0806,6.953,14.05
2023-07-20 04:00:00,30202.77,1912.52,0.8177,243.9,26.87,0.3255,0.08082,7.431,14.26
2023-07-20 08:00:00,30284.9,1921.47,0.8082,244.0,27.16,0.3253,0.08104,8.327,14.25
2023-07-20 12:00:00,29810.18,1888.61,0.7874,241.7,25.69,0.3176,0.0804,8.064,13.82
2023-07-20 16:00:00,29756.0,1887.98,0.793,241.6,25.39,0.3167,0.08037,8.138,13.85
2023-07-20 20:00:00,29800.0,1891.59,0.7942,242.8,25.38,0.3161,0.08073,8.361,13.88
2023-07-21 00:00:00,29897.62,1896.77,0.7934,243.9,25.49,0.3169,0.08104,8.292,13.97
2023-07-21 04:00:00,29766.81,1889.3,0.7794,243.5,25.18,0.3121,0.08051,8.073,13.89
2023-07-21 08:00:00,29778.51,1889.25,0.7741,244.5,25.28,0.3131,0.08085,8.137,13.89
2023-07-21 12:00:00,29866.0,1891.07,0.7756,244.0,25.31,0.3139,0.08131,8.135,13.95
2023-07-21 16:00:00,29875.99,1894.64,0.784,243.6,25.79,0.3141,0.08096,8.136,13.95
2023-07-21 20:00:00,29901.72,1891.73,0.7713,243.7,25.5,0.3127,0.08043,8.133,13.98
2023-07-22 00:00:00,29903.41,1892.85,0.7748,244.5,25.84,0.3133,0.09105,8.154,13.97
2023-07-22 04:00:00,29944.77,1891.78,0.7741,243.7,25.77,0.3129,0.08699,8.166,13.93
2023-07-22 08:00:00,29886.94,1888.02,0.7726,242.7,25.6,0.3116,0.08593,7.97,13.76
2023-07-22 12:00:00,29900.24,1888.65,0.7674,242.8,25.68,0.3137,0.08521,8.058,13.79
2023-07-22 16:00:00,29836.0,1887.28,0.7474,242.5,25.29,0.3117,0.08479,7.986,13.7
2023-07-22 20:00:00,29794.0,1866.52,0.7331,241.1,24.52,0.31,0.0839,7.881,13.53
2023-07-23 00:00:00,29845.72,1869.28,0.7351,241.8,24.71,0.315,0.08376,7.901,13.57
2023-07-23 04:00:00,29916.0,1875.04,0.7382,242.6,24.68,0.316,0.08416,8.003,13.57
2023-07-23 08:00:00,29888.58,1874.69,0.7411,242.1,24.67,0.3145,0.08372,8.011,13.57
2023-07-23 12:00:00,29897.64,1873.96,0.7403,242.2,24.69,0.3144,0.08314,7.989,13.53
2023-07-23 16:00:00,30093.12,1889.13,0.7374,242.6,24.9,0.3163,0.08336,7.952,13.61
2023-07-23 20:00:00,30083.75,1888.73,0.7384,242.5,24.76,0.3171,0.08337,7.89,13.54
2023-07-24 00:00:00,29716.01,1868.36,0.7281,240.8,24.35,0.312,0.08218,7.706,13.34
2023-07-24 04:00:00,29828.0,1874.99,0.724,241.9,24.58,0.3148,0.08169,7.734,13.44
2023-07-24 08:00:00,29269.99,1853.04,0.6931,238.6,23.63,0.3063,0.08088,7.601,13.11
2023-07-24 12:00:00,29093.78,1843.09,0.6943,236.9,23.21,0.3026,0.08085,7.611,12.95
2023-07-24 16:00:00,29117.99,1849.38,0.7037,237.9,23.31,0.3033,0.08112,7.535,13.04
2023-07-24 20:00:00,29176.5,1850.0,0.7021,238.9,23.37,0.3053,0.08148,7.586,13.11
2023-07-25 00:00:00,29111.0,1850.81,0.6969,238.5,23.37,0.3032,0.08123,7.627,13.23
2023-07-25 04:00:00,29142.46,1850.73,0.6802,237.1,23.09,0.3034,0.08149,7.432,13.11
2023-07-25 08:00:00,29128.29,1853.4,0.6856,238.0,23.17,0.3033,0.08073,7.487,13.28
2023-07-25 12:00:00,29181.51,1858.04,0.7004,237.4,23.22,0.3044,0.08168,7.427,13.35
2023-07-25 16:00:00,29198.83,1857.08,0.7006,237.3,23.17,0.303,0.08172,7.424,13.32
2023-07-25 20:00:00,29228.91,1857.66,0.7089,237.7,23.27,0.3037,0.0819,7.392,13.33
2023-07-26 00:00:00,29242.81,1858.7,0.7112,238.4,23.52,0.3035,0.08194,7.452,13.26
2023-07-26 04:00:00,29216.61,1853.13,0.7005,237.6,23.48,0.3018,0.08168,7.465,13.25
2023-07-26 08:00:00,29175.39,1851.1,0.6978,236.8,23.82,0.3013,0.08127,7.504,13.16
2023-07-26 12:00:00,29324.0,1860.71,0.7039,238.1,24.91,0.3055,0.08174,7.597,13.28
2023-07-26 16:00:00,29401.93,1873.19,0.7141,238.9,25.37,0.3072,0.08189,7.812,13.34
2023-07-26 20:00:00,29351.96,1872.0,0.7161,239.0,25.17,0.3069,0.08242,7.742,13.27
2023-07-27 00:00:00,29405.78,1876.08,0.7177,239.9,24.93,0.31,0.08237,7.984,13.27
2023-07-27 04:00:00,29412.17,1871.88,0.7116,242.1,25.02,0.3108,0.08243,7.944,13.27
2023-07-27 08:00:00,29507.03,1876.77,0.7163,242.0,25.39,0.3108,0.0827,8.037,13.37
2023-07-27 12:00:00,29292.01,1868.66,0.7215,240.7,25.16,0.3087,0.0825,7.975,13.19
2023-07-27 16:00:00,29163.83,1860.86,0.7134,240.1,24.94,0.3071,0.08233,7.934,13.12
2023-07-27 20:00:00,29222.78,1861.28,0.7139,240.6,25.1,0.3077,0.08265,7.989,13.15
2023-07-28 00:00:00,29253.85,1862.84,0.7143,240.8,24.94,0.3084,0.08318,7.928,13.16
2023-07-28 04:00:00,29140.8,1859.22,0.706,240.8,24.63,0.3078,0.08306,7.841,13.04
2023-07-28 08:00:00,29206.59,1866.64,0.7095,241.0,24.63,0.311,0.08359,7.839,13.1
2023-07-28 12:00:00,29387.99,1875.22,0.7126,241.6,25.23,0.311,0.08371,7.896,13.2
2023-07-28 16:00:00,29316.0,1874.08,0.7121,242.7,25.05,0.3113,0.08469,7.805,13.22
2023-07-28 20:00:00,29314.14,1874.19,0.712,241.9,24.82,0.3099,0.08506,7.77,13.22
2023-07-29 00:00:00,29371.89,1873.61,0.7109,241.9,25.13,0.3112,0.08451,7.777,13.25
2023-07-29 04:00:00,29295.01,1872.19,0.7115,241.5,25.07,0.3106,0.0839,7.775,13.19
2023-07-29 08:00:00,29267.16,1870.47,0.7084,241.3,24.97,0.309,0.08391,7.733,13.17
2023-07-29 12:00:00,29292.34,1872.72,0.7083,241.9,25.08,0.3107,0.08383,7.741,13.2
2023-07-29 16:00:00,29338.02,1877.96,0.7144,242.1,25.22,0.3126,0.08357,7.805,13.25
2023-07-29 20:00:00,29352.9,1880.46,0.7121,242.4,25.17,0.313,0.08322,7.842,13.23
2023-07-30 00:00:00,29314.92,1878.5,0.7102,242.4,25.02,0.3137,0.08312,7.81,13.33
2023-07-30 04:00:00,29294.31,1875.29,0.7102,242.6,24.93,0.3147,0.08246,7.767,13.23
2023-07-30 08:00:00,29314.0,1876.18,0.7196,242.3,24.97,0.3145,0.08189,7.75,13.27
2023-07-30 12:00:00,29349.37,1876.43,0.7149,243.0,24.9,0.3139,0.08155,7.721,13.28
2023-07-30 16:00:00,29202.28,1862.51,0.7034,241.7,24.24,0.3092,0.0798,7.522,13.14
2023-07-30 20:00:00,29281.09,1861.79,0.7046,242.5,24.25,0.3156,0.07999,7.555,13.12
2023-07-31 00:00:00,29421.99,1869.14,0.7063,243.6,24.64,0.3149,0.08001,7.615,13.18
2023-07-31 04:00:00,29373.61,1865.33,0.7049,243.3,24.49,0.3124,0.07867,7.602,13.07
2023-07-31 08:00:00,29405.99,1867.8,0.7045,243.4,24.46,0.3135,0.07807,7.633,13.12
2023-07-31 12:00:00,29247.98,1857.37,0.6966,242.2,23.92,0.3117,0.07782,7.528,12.91
2023-07-31 16:00:00,29157.48,1856.49,0.7152,241.4,23.68,0.3094,0.07781,7.484,12.79
2023-07-31 20:00:00,29232.25,1856.14,0.6976,241.0,23.73,0.307,0.07792,7.547,12.82
2023-08-01 00:00:00,28835.0,1826.49,0.6876,239.4,23.4,0.3015,0.07722,7.386,12.59
2023-08-01 04:00:00,28937.3,1834.19,0.6902,245.4,23.48,0.3048,0.07815,7.443,12.66
2023-08-01 08:00:00,28862.19,1830.7,0.6876,244.7,23.33,0.3046,0.0782,7.456,12.68
2023-08-01 12:00:00,28954.0,1834.58,0.694,245.2,23.27,0.3053,0.078,7.46,12.71
2023-08-01 16:00:00,29274.41,1850.96,0.6998,246.9,23.62,0.3065,0.0783,7.544,12.8
2023-08-01 20:00:00,29705.99,1873.47,0.7069,247.7,24.05,0.3103,0.07866,7.641,12.89
2023-08-02 00:00:00,29632.96,1863.28,0.7004,245.7,23.67,0.3074,0.07817,7.631,12.8
2023-08-02 04:00:00,29577.26,1857.08,0.6948,244.6,23.64,0.3058,0.07767,7.588,12.74
2023-08-02 08:00:00,29562.49,1859.9,0.6962,246.0,23.68,0.3081,0.07785,7.656,12.77
2023-08-02 12:00:00,29321.4,1842.42,0.6873,243.2,23.26,0.303,0.07668,7.492,12.62
2023-08-02 16:00:00,29151.56,1841.84,0.6868,241.4,23.18,0.3019,0.07674,7.422,12.54
2023-08-02 20:00:00,29186.01,1839.9,0.685,240.7,23.15,0.2993,0.07632,7.351,12.55
2023-08-03 00:00:00,29182.14,1840.73,0.6827,240.4,23.24,0.2995,0.07655,7.354,12.51
2023-08-03 04:00:00,29044.17,1832.16,0.6702,239.3,22.71,0.2953,0.07643,7.299,12.43
2023-08-03 08:00:00,29146.01,1837.62,0.6657,240.7,22.75,0.296,0.0769,7.316,12.52
2023-08-03 12:00:00,29259.07,1840.5,0.671,241.4,22.79,0.2966,0.07729,7.217,12.56
2023-08-03 16:00:00,29281.32,1845.48,0.6743,241.1,22.89,0.2954,0.07726,7.199,12.53
2023-08-03 20:00:00,29193.64,1835.81,0.663,241.1,22.65,0.2922,0.07714,7.125,12.44
2023-08-04 00:00:00,29161.29,1834.3,0.6648,241.6,22.74,0.294,0.07741,7.16,12.49
2023-08-04 04:00:00,29212.92,1837.8,0.6591,242.1,22.97,0.2928,0.07746,7.146,12.48
2023-08-04 08:00:00,29167.51,1834.6,0.6581,241.9,22.91,0.293,0.07742,7.115,12.45
2023-08-04 12:00:00,29274.28,1847.26,0.6635,243.1,23.35,0.296,0.07773,7.166,12.57
2023-08-04 16:00:00,29032.06,1831.33,0.6541,241.6,22.94,0.2933,0.07669,7.094,12.42
2023-08-04 20:00:00,29113.99,1830.23,0.6356,241.7,22.8,0.2935,0.07679,7.143,12.41
2023-08-05 00:00:00,29094.53,1832.49,0.6237,241.0,22.73,0.2927,0.07602,7.185,12.38
2023-08-05 04:00:00,29052.81,1831.08,0.6236,241.3,22.77,0.2911,0.07647,7.181,12.33
2023-08-05 08:00:00,29048.0,1832.74,0.6274,241.6,22.79,0.2917,0.07671,7.191,12.33
2023-08-05 12:00:00,29041.49,1833.79,0.6244,242.2,22.59,0.2912,0.07734,7.167,12.33
2023-08-05 16:00:00,29067.35,1835.49,0.6274,242.6,22.59,0.2927,0.07725,7.198,12.35
2023-08-05 20:00:00,29072.13,1836.48,0.6288,243.2,22.65,0.2938,0.07754,7.231,12.45
2023-08-06 00:00:00,29063.99,1834.77,0.6359,244.7,22.84,0.2952,0.07743,7.225,12.59
2023-08-06 04:00:00,29092.68,1835.15,0.6331,245.1,23.02,0.2945,0.0771,7.177,12.59
2023-08-06 08:00:00,29078.01,1832.39,0.6332,244.3,23.21,0.2948,0.07718,7.15,12.6
2023-08-06 12:00:00,29012.93,1829.29,0.6266,243.1,23.03,0.2912,0.07707,7.111,12.56
2023-08-06 16:00:00,29088.0,1832.0,0.6275,243.2,23.21,0.292,0.07673,7.093,12.58
2023-08-06 20:00:00,29088.42,1830.28,0.624,243.2,23.2,0.2923,0.07699,7.102,12.59
2023-08-07 00:00:00,29162.67,1838.71,0.6261,243.7,23.31,0.2944,0.07711,7.164,12.71
2023-08-07 04:00:00,29094.09,1836.87,0.6121,242.8,23.15,0.2925,0.07691,7.187,12.66
2023-08-07 08:00:00,29091.44,1834.22,0.6198,242.7,23.09,0.293,0.07665,7.215,12.72
2023-08-07 12:00:00,28858.44,1818.18,0.6163,241.1,22.77,0.2893,0.07639,7.069,12.42
2023-08-07 16:00:00,29154.91,1825.28,0.617,241.8,22.97,0.2891,0.07671,7.121,12.45
2023-08-07 20:00:00,29211.06,1829.1,0.6236,242.1,23.12,0.291,0.07685,7.324,12.47
2023-08-08 00:00:00,29195.08,1830.0,0.6205,242.4,23.15,0.2914,0.07687,7.343,12.44
2023-08-08 04:00:00,29187.62,1830.56,0.6222,242.8,23.23,0.291,0.07652,7.344,12.47
2023-08-08 08:00:00,29438.63,1839.09,0.623,243.9,23.38,0.2935,0.07666,7.43,12.58
2023-08-08 12:00:00,29535.39,1843.58,0.629,244.8,23.73,0.2954,0.07676,7.365,12.6
2023-08-08 16:00:00,29884.24,1859.07,0.637,246.3,24.59,0.2992,0.07682,7.348,12.66
2023-08-08 20:00:00,29770.42,1856.3,0.6418,245.2,24.22,0.2974,0.07677,7.461,12.68
2023-08-09 00:00:00,29716.01,1854.9,0.6398,244.3,24.31,0.2974,0.07643,7.392,12.63
2023-08-09 04:00:00,29818.0,1861.1,0.6449,245.0,24.57,0.2994,0.07672,7.522,12.71
2023-08-09 08:00:00,29888.32,1862.79,0.6449,244.1,24.85,0.2985,0.07688,7.642,12.7
2023-08-09 12:00:00,29761.7,1853.2,0.6545,243.9,24.56,0.298,0.07641,7.715,12.64
2023-08-09 16:00:00,29416.22,1848.4,0.6602,243.0,24.3,0.2989,0.07632,7.673,12.56
2023-08-09 20:00:00,29581.99,1855.35,0.6433,243.8,24.38,0.3013,0.07674,7.678,12.62
2023-08-10 00:00:00,29582.63,1852.84,0.6377,243.3,24.23,0.3008,0.0769,7.618,12.57
2023-08-10 04:00:00,29512.0,1851.06,0.6261,242.1,24.32,0.2973,0.07684,7.603,12.5
2023-08-10 08:00:00,29504.01,1850.92,0.6285,241.9,24.4,0.2974,0.0774,7.622,12.5
2023-08-10 12:00:00,29466.0,1853.76,0.6315,242.2,24.56,0.2974,0.07727,7.674,12.56
2023-08-10 16:00:00,29444.52,1849.89,0.6341,241.0,24.6,0.2972,0.07721,7.581,12.51
2023-08-10 20:00:00,29455.75,1852.47,0.6331,241.5,24.62,0.2965,0.07734,7.619,12.48
2023-08-11 00:00:00,29412.0,1846.66,0.6353,240.6,24.68,0.2962,0.0774,7.559,12.46
2023-08-11 04:00:00,29417.28,1849.38,0.6319,240.7,24.49,0.2964,0.07722,7.561,12.45
2023-08-11 08:00:00,29445.96,1851.33,0.6331,240.9,24.53,0.2967,0.07711,7.581,12.5
2023-08-11 12:00:00,29395.89,1845.8,0.6288,238.8,24.55,0.2943,0.07697,7.495,12.42
2023-08-11 16:00:00,29396.76,1844.56,0.6309,239.3,24.45,0.2935,0.0771,7.429,12.43
2023-08-11 20:00:00,29426.03,1848.84,0.6318,239.7,24.62,0.2933,0.07723,7.492,12.44
2023-08-12 00:00:00,29402.07,1847.8,0.6297,240.4,24.48,0.2931,0.07738,7.47,12.44
2023-08-12 04:00:00,29421.49,1850.69,0.6304,240.7,24.54,0.2941,0.07743,7.463,12.45
2023-08-12 08:00:00,29429.85,1850.85,0.6301,240.9,24.55,0.2941,0.0775,7.456,12.48
2023-08-12 12:00:00,29438.81,1850.83,0.6308,240.6,24.66,0.2938,0.0775,7.434,12.46
2023-08-12 16:00:00,29416.16,1847.43,0.6259,240.5,24.75,0.2916,0.07738,7.394,12.4
2023-08-12 20:00:00,29430.17,1849.93,0.6276,240.3,24.91,0.2919,0.07751,7.442,12.39
2023-08-13 00:00:00,29418.56,1849.9,0.6294,240.3,24.9,0.2913,0.07744,7.463,12.32
2023-08-13 04:00:00,29396.36,1850.0,0.6292,240.3,24.77,0.2907,0.07743,7.511,12.36
2023-08-13 08:00:00,29383.38,1849.4,0.6276,240.8,24.69,0.2905,0.07749,7.507,12.37
2023-08-13 12:00:00,29374.2,1848.01,0.6281,240.4,24.59,0.2907,0.0775,7.417,12.33
2023-08-13 16:00:00,29442.91,1858.59,0.6358,241.6,24.66,0.2931,0.07757,7.541,12.42
2023-08-13 20:00:00,29303.84,1840.73,0.6256,240.2,24.23,0.2894,0.07711,7.369,12.27
2023-08-14 00:00:00,29399.91,1846.79,0.6301,240.8,24.4,0.2905,0.07739,7.441,12.31
2023-08-14 04:00:00,29422.01,1849.81,0.6262,240.5,24.41,0.2905,0.07752,7.468,12.35
2023-08-14 08:00:00,29409.99,1848.0,0.6283,240.5,24.51,0.2903,0.07749,7.53,12.33
2023-08-14 12:00:00,29599.99,1853.41,0.6319,241.0,24.82,0.2917,0.07754,7.588,12.41
2023-08-14 16:00:00,29360.54,1842.63,0.6286,240.2,24.83,0.2899,0.0774,7.416,12.31
2023-08-14 20:00:00,29430.93,1845.5,0.6343,240.4,25.18,0.2906,0.07748,7.412,12.37
2023-08-15 00:00:00,29402.01,1844.69,0.6313,239.9,25.0,0.2897,0.07738,7.376,12.32
2023-08-15 04:00:00,29408.84,1843.71,0.6272,239.5,24.89,0.2902,0.07725,7.386,12.3
2023-08-15 08:00:00,29366.0,1840.27,0.626,238.7,24.83,0.2884,0.07709,7.283,12.28
2023-08-15 12:00:00,29332.66,1840.4,0.6252,239.1,24.72,0.2881,0.07719,7.286,12.24
2023-08-15 16:00:00,29181.73,1827.67,0.6025,236.4,24.05,0.2814,0.07651,7.039,11.72
2023-08-15 20:00:00,29200.0,1828.98,0.6104,236.7,23.9,0.282,0.07634,7.043,11.83
2023-08-16 00:00:00,29228.51,1828.78,0.6079,236.5,23.69,0.2811,0.07662,7.016,11.79
2023-08-16 04:00:00,29197.67,1827.26,0.6025,234.8,23.45,0.2795,0.07613,6.999,11.68
2023-08-16 08:00:00,29164.67,1825.3,0.6001,234.9,23.51,0.2779,0.07615,6.975,11.64
2023-08-16 12:00:00,29106.55,1820.6,0.5945,233.3,23.09,0.2734,0.07568,6.806,11.48
2023-08-16 16:00:00,29111.7,1820.95,0.5962,234.2,23.34,0.2751,0.07574,6.803,11.52
2023-08-16 20:00:00,28730.51,1807.81,0.5889,232.0,22.82,0.2747,0.07465,6.762,11.38
2023-08-17 00:00:00,28657.31,1798.52,0.5909,231.2,23.31,0.2767,0.0751,6.845,11.43
2023-08-17 04:00:00,28621.99,1799.96,0.5899,231.1,23.25,0.2767,0.07481,6.813,11.49
2023-08-17 08:00:00,28545.11,1787.91,0.5847,230.9,23.08,0.2756,0.07492,6.799,11.43
2023-08-17 12:00:00,27934.02,1739.61,0.5762,225.2,22.87,0.2688,0.07455,6.609,11.18
2023-08-17 16:00:00,27894.01,1738.26,0.5762,226.3,23.09,0.2739,0.07534,6.625,11.27
2023-08-17 20:00:00,26623.41,1681.49,0.5064,218.1,21.66,0.2553,0.07265,6.189,10.57
2023-08-18 00:00:00,26398.0,1677.0,0.4937,215.4,21.56,0.2596,0.07219,6.139,10.66
2023-08-18 04:00:00,26429.99,1690.6,0.506,219.3,22.08,0.264,0.07288,6.256,10.96
2023-08-18 08:00:00,26494.0,1685.9,0.5086,219.5,22.02,0.2665,0.07299,6.254,10.9
2023-08-18 12:00:00,26002.0,1660.71,0.5026,217.0,21.6,0.2627,0.07296,6.163,10.77
2023-08-18 16:00:00,26065.01,1657.61,0.5002,216.2,21.29,0.263,0.07282,6.133,10.73
2023-08-18 20:00:00,26054.0,1661.59,0.5062,216.1,21.34,0.264,0.07297,6.176,10.81
2023-08-19 00:00:00,25967.51,1659.59,0.5056,215.5,21.43,0.2622,0.0734,6.181,10.74
2023-08-19 04:00:00,25917.99,1661.29,0.5054,215.9,21.83,0.263,0.07333,6.181,10.7
2023-08-19 08:00:00,25900.08,1660.01,0.5035,215.2,21.65,0.2634,0.07371,6.151,10.71
2023-08-19 12:00:00,26216.01,1683.38,0.5218,217.3,21.97,0.2688,0.07391,6.218,10.81
2023-08-19 16:00:00,26125.62,1677.38,0.5198,216.8,21.88,0.2682,0.07398,6.17,10.81
2023-08-19 20:00:00,26100.01,1669.67,0.5199,216.8,21.9,0.2688,0.07408,6.181,10.81
2023-08-20 00:00:00,26105.24,1668.22,0.5185,216.5,21.81,0.2664,0.07428,6.164,10.8
2023-08-20 04:00:00,26088.44,1665.93,0.5283,215.9,21.74,0.2656,0.07433,6.143,10.77
2023-08-20 08:00:00,26176.7,1674.92,0.5454,216.7,21.97,0.2681,0.07493,6.208,10.88
2023-08-20 12:00:00,26106.83,1671.14,0.5389,216.2,21.8,0.2689,0.07558,6.172,10.86
2023-08-20 16:00:00,26137.25,1678.24,0.5419,216.9,21.79,0.2719,0.0757,6.194,10.86
2023-08-20 20:00:00,26189.99,1685.24,0.5384,216.5,21.77,0.2703,0.07591,6.22,10.86
2023-08-21 00:00:00,26090.66,1677.13,0.5323,216.0,21.4,0.2703,0.07588,6.207,10.77
2023-08-21 04:00:00,26023.34,1671.92,0.521,214.7,21.35,0.2674,0.07555,6.191,10.73
2023-08-21 08:00:00,26031.6,1672.77,0.5258,210.7,21.23,0.2673,0.07489,6.211,10.56
2023-08-21 12:00:00,25939.59,1657.69,0.5108,208.5,20.71,0.2614,0.07434,6.104,10.3
2023-08-21 16:00:00,26097.74,1672.36,0.5219,210.7,21.28,0.2646,0.07495,6.185,10.37
2023-08-21 20:00:00,26126.92,1667.55,0.5245,210.4,21.2,0.2628,0.0751,6.174,10.36
2023-08-22 00:00:00,26055.99,1664.19,0.5214,210.0,21.11,0.2619,0.07496,6.142,10.3
2023-08-22 04:00:00,26106.69,1666.64,0.5187,209.8,21.18,0.2618,0.07501,6.198,10.3
2023-08-22 08:00:00,26049.64,1662.58,0.5172,209.1,20.94,0.2592,0.07486,6.199,10.2
2023-08-22 12:00:00,25936.61,1649.88,0.5116,205.6,20.69,0.256,0.07479,6.122,10.05
2023-08-22 16:00:00,25779.99,1625.21,0.5116,208.4,20.07,0.2537,0.07485,6.02,9.9
2023-08-22 20:00:00,26056.0,1634.99,0.521,210.9,20.59,0.2588,0.07548,6.112,10.15
2023-08-23 00:00:00,26006.32,1632.01,0.5191,212.5,20.59,0.2584,0.07601,6.121,10.12
2023-08-23 04:00:00,26057.13,1645.3,0.5176,216.4,20.75,0.2601,0.07641,6.215,10.19
2023-08-23 08:00:00,25939.49,1642.39,0.5193,214.8,20.63,0.2597,0.07648,6.245,10.12
2023-08-23 12:00:00,26144.0,1657.37,0.5233,215.4,20.92,0.2629,0.07736,6.356,10.29
2023-08-23 16:00:00,26632.0,1687.2,0.5328,217.8,21.5,0.2684,0.07768,6.402,10.42
2023-08-23 20:00:00,26432.72,1679.61,0.5301,216.6,21.74,0.2681,0.0776,6.352,10.33
2023-08-24 00:00:00,26442.01,1675.54,0.5287,217.3,21.76,0.2687,0.07791,6.341,10.29
2023-08-24 04:00:00,26477.38,1674.69,0.5281,219.3,21.74,0.2689,0.07757,6.312,10.32
2023-08-24 08:00:00,26444.02,1667.68,0.5245,219.6,21.78,0.2671,0.07759,6.294,10.32
2023-08-24 12:00:00,25996.34,1643.4,0.5151,216.7,21.03,0.2626,0.07654,6.119,10.07
2023-08-24 16:00:00,26039.44,1649.99,0.5165,217.0,20.93,0.2647,0.07666,6.065,10.09
2023-08-24 20:00:00,26180.05,1661.16,0.5187,219.0,21.06,0.2659,0.07664,6.084,10.12
2023-08-25 00:00:00,26106.0,1655.29,0.5171,217.1,20.74,0.2631,0.07657,6.021,10.02
2023-08-25 04:00:00,25980.5,1651.3,0.5098,215.3,20.56,0.2617,0.07657,5.97,10.0
2023-08-25 08:00:00,26096.4,1654.1,0.5142,216.3,20.68,0.2629,0.07712,5.981,10.03
2023-08-25 12:00:00,25932.01,1646.26,0.5163,216.8,20.34,0.2605,0.07681,5.957,9.98
2023-08-25 16:00:00,25972.36,1647.01,0.5253,217.4,20.24,0.2599,0.07688,5.977,10.0
2023-08-25 20:00:00,26060.01,1653.8,0.5258,218.4,20.42,0.2612,0.07724,6.014,10.04
2023-08-26 00:00:00,26087.15,1654.62,0.5238,217.8,20.41,0.2603,0.0773,6.021,10.07
2023-08-26 04:00:00,26050.81,1652.83,0.5213,217.2,20.31,0.2604,0.07754,6.017,10.04
2023-08-26 08:00:00,26045.87,1650.5,0.5231,217.4,20.3,0.2591,0.07749,6.011,10.05
2023-08-26 12:00:00,26054.0,1651.5,0.5254,217.3,20.37,0.2604,0.07753,6.002,10.05
2023-08-26 16:00:00,26034.21,1646.22,0.5262,216.6,20.35,0.2609,0.07748,5.991,10.05
2023-08-26 20:00:00,26017.37,1647.04,0.5231,216.5,20.29,0.261,0.07745,6.006,10.09
2023-08-27 00:00:00,26021.96,1647.28,0.525,216.2,20.3,0.2607,0.07726,5.96,10.08
2023-08-27 04:00:00,26043.61,1648.45,0.5273,216.7,20.38,0.2631,0.0772,5.984,10.12
2023-08-27 08:00:00,26060.44,1649.31,0.5269,216.9,20.57,0.2631,0.07743,5.97,10.18
2023-08-27 12:00:00,26122.15,1655.44,0.5272,218.6,20.75,0.2636,0.07734,6.015,10.24
2023-08-27 16:00:00,26125.49,1655.89,0.525,218.7,20.77,0.2624,0.07751,6.011,10.19
2023-08-27 20:00:00,26101.77,1658.33,0.5236,218.4,20.79,0.2634,0.07755,6.03,10.2
2023-08-28 00:00:00,26012.98,1649.9,0.52,218.0,20.49,0.2609,0.07753,5.934,10.05
2023-08-28 04:00:00,25934.12,1641.47,0.5167,216.2,20.39,0.2599,0.07734,5.912,10.01
2023-08-28 08:00:00,26000.99,1640.31,0.5166,216.7,20.37,0.2604,0.07707,5.927,10.07
2023-08-28 12:00:00,26104.17,1648.91,0.5201,218.4,20.54,0.2656,0.07684,6.003,10.33
2023-08-28 16:00:00,25996.26,1646.72,0.5217,217.8,20.47,0.2651,0.0764,5.956,10.34
2023-08-28 20:00:00,26120.0,1653.08,0.5232,218.8,20.56,0.2676,0.07634,5.981,10.37
2023-08-29 00:00:00,26083.19,1652.45,0.521,218.3,20.51,0.2654,0.07643,5.94,10.53
2023-08-29 04:00:00,26004.2,1647.48,0.5167,217.6,20.27,0.2627,0.07622,5.891,10.44
2023-08-29 08:00:00,25975.55,1642.21,0.516,217.5,20.15,0.261,0.0762,5.886,10.35
2023-08-29 12:00:00,27423.44,1714.99,0.5348,228.2,21.32,0.2738,0.07738,6.184,10.84
2023-08-29 16:00:00,27831.33,1735.28,0.5385,227.2,21.58,0.2758,0.07741,6.228,10.86
2023-08-29 20:00:00,27716.34,1729.42,0.5398,226.9,21.79,0.2726,0.07732,6.194,10.81
2023-08-30 00:00:00,27391.13,1718.62,0.5339,225.3,21.64,0.267,0.07688,6.085,10.64
2023-08-30 04:00:00,27436.25,1717.61,0.5322,225.2,21.64,0.2658,0.07669,6.071,10.59
2023-08-30 08:00:00,27338.51,1716.2,0.5296,224.3,21.42,0.2644,0.07616,6.021,10.52
2023-08-30 12:00:00,27201.63,1703.61,0.524,223.1,20.84,0.2629,0.07568,5.942,10.41
2023-08-30 16:00:00,27178.28,1701.55,0.5273,222.7,20.68,0.2638,0.07557,5.939,10.38
2023-08-30 20:00:00,27299.99,1705.23,0.5284,223.8,20.82,0.2654,0.07562,5.925,10.41
2023-08-31 00:00:00,27217.27,1699.16,0.5264,222.8,20.64,0.2647,0.0757,5.95,10.29
2023-08-31 04:00:00,27261.03,1706.41,0.5261,223.5,20.78,0.2653,0.07609,5.982,10.35
2023-08-31 08:00:00,27303.96,1713.7,0.5262,224.6,20.89,0.2653,0.07633,6.034,10.46
2023-08-31 12:00:00,26922.01,1689.0,0.5177,221.5,20.33,0.2591,0.07622,5.945,10.21
2023-08-31 16:00:00,26162.79,1657.12,0.5101,217.1,19.83,0.2546,0.07554,5.847,10.04
2023-08-31 20:00:00,25940.78,1645.76,0.511,216.7,19.74,0.2554,0.07673,5.879,9.98
2023-09-01 00:00:00,26081.01,1652.2,0.5105,216.8,19.89,0.2563,0.07742,5.969,10.02
2023-09-01 04:00:00,25990.92,1646.26,0.5046,214.2,19.8,0.2561,0.07717,5.96,10.0
2023-09-01 08:00:00,26047.49,1646.89,0.5071,214.9,19.84,0.2582,0.07698,6.003,10.03
2023-09-01 12:00:00,25811.0,1634.86,0.5016,213.3,19.39,0.2555,0.07629,5.937,9.92
2023-09-01 16:00:00,25645.66,1619.23,0.4922,213.2,19.27,0.2538,0.07627,5.881,9.89
2023-09-01 20:00:00,25805.05,1629.12,0.498,213.7,19.33,0.2551,0.07608,5.941,9.92
2023-09-02 00:00:00,25798.08,1632.46,0.4981,214.8,19.57,0.2565,0.07619,5.945,9.91
2023-09-02 04:00:00,25795.47,1631.7,0.4962,214.2,19.58,0.2554,0.07635,5.947,9.9
2023-09-02 08:00:00,25813.54,1634.66,0.4972,214.7,19.57,0.2549,0.07665,5.944,9.87
2023-09-02 12:00:00,25894.76,1638.79,0.5006,214.7,19.56,0.2563,0.07687,5.966,9.87
2023-09-02 16:00:00,25833.39,1633.61,0.4971,213.7,19.41,0.2555,0.07707,5.936,9.88
2023-09-02 20:00:00,25869.51,1637.03,0.4988,214.4,19.5,0.2562,0.07702,5.972,9.92
2023-09-03 00:00:00,25863.91,1636.18,0.5022,214.0,19.63,0.2556,0.07683,6.014,9.95
2023-09-03 04:00:00,25956.22,1635.59,0.5039,214.6,19.52,0.2557,0.07692,6.012,9.93
2023-09-03 08:00:00,25943.38,1634.39,0.5027,214.6,19.42,0.2548,0.07702,6.029,9.93
2023-09-03 12:00:00,25873.5,1633.15,0.5018,213.8,19.34,0.2541,0.07669,5.993,9.88
2023-09-03 16:00:00,26011.16,1639.01,0.5061,214.3,19.48,0.2554,0.07708,6.028,9.9
2023-09-03 20:00:00,25971.21,1635.84,0.5047,214.4,19.57,0.2559,0.07703,6.027,9.88
2023-09-04 00:00:00,25987.56,1637.68,0.5098,215.4,19.76,0.2576,0.07712,6.105,9.97
2023-09-04 04:00:00,25964.96,1638.97,0.5039,214.6,19.78,0.2571,0.07708,6.1,9.94
2023-09-04 08:00:00,25892.49,1632.15,0.5011,213.7,19.58,0.2555,0.07683,6.07,9.88
2023-09-04 12:00:00,25814.23,1626.21,0.5035,215.0,19.41,0.2558,0.07714,6.017,9.85
2023-09-04 16:00:00,25893.18,1631.34,0.5091,215.8,19.43,0.2558,0.07738,6.015,9.85
2023-09-04 20:00:00,25826.02,1630.51,0.5087,215.2,19.52,0.2561,0.07751,6.012,9.81
2023-09-05 00:00:00,25692.45,1618.18,0.5057,214.3,19.21,0.2555,0.07723,5.953,9.73
2023-09-05 04:00:00,25735.56,1625.01,0.5048,214.8,19.4,0.257,0.07747,5.989,9.79
2023-09-05 08:00:00,25783.68,1635.55,0.5039,215.0,19.55,0.2572,0.07737,6.087,9.87
2023-09-05 12:00:00,25759.37,1636.62,0.5025,215.2,20.41,0.2577,0.07761,6.1,9.92
2023-09-05 16:00:00,25683.93,1632.37,0.5026,214.5,20.23,0.2566,0.07719,6.116,9.86
2023-09-05 20:00:00,25792.1,1634.45,0.5056,214.6,20.26,0.2578,0.07746,6.137,9.91
2023-09-06 00:00:00,25782.86,1633.49,0.5044,215.0,20.14,0.2588,0.07766,6.206,9.93
2023-09-06 04:00:00,25728.93,1629.41,0.502,214.4,19.74,0.2559,0.07758,6.141,9.87
2023-09-06 08:00:00,25733.29,1632.71,0.5014,215.0,19.76,0.256,0.0783,6.123,9.9
2023-09-06 12:00:00,25588.02,1623.44,0.4976,213.6,19.38,0.2551,0.07766,6.175,9.89
2023-09-06 16:00:00,25689.54,1631.26,0.5011,214.9,19.47,0.2568,0.07829,6.25,9.9
2023-09-06 20:00:00,25759.95,1633.15,0.5033,215.2,19.64,0.2577,0.07893,6.302,9.95
2023-09-07 00:00:00,25837.88,1640.1,0.503,215.8,19.75,0.2574,0.07916,6.369,10.01
2023-09-07 04:00:00,25762.89,1635.84,0.5,215.4,19.55,0.2567,0.07891,6.277,9.96
2023-09-07 08:00:00,25708.6,1627.32,0.4981,213.9,19.4,0.254,0.07903,6.237,9.88
2023-09-07 12:00:00,25779.35,1630.52,0.4994,214.6,19.52,0.2552,0.07899,6.258,9.91
2023-09-07 16:00:00,25880.01,1637.3,0.5013,214.9,19.67,0.2561,0.07893,6.326,9.98
2023-09-07 20:00:00,26255.0,1648.11,0.505,217.1,19.92,0.2579,0.07917,6.387,10.1
2023-09-08 00:00:00,26252.8,1646.52,0.505,217.3,20.01,0.2575,0.07921,6.342,10.08
2023-09-08 04:00:00,26256.22,1646.88,0.5037,217.0,19.9,0.2583,0.07915,6.305,10.08
2023-09-08 08:00:00,25839.51,1626.02,0.4983,214.4,19.56,0.2537,0.07845,6.214,9.94
2023-09-08 12:00:00,25844.64,1628.62,0.5016,214.2,19.52,0.2541,0.07869,6.223,9.92
2023-09-08 16:00:00,25895.62,1634.6,0.5051,214.5,19.57,0.2535,0.07908,6.251,9.92
2023-09-08 20:00:00,25910.5,1636.44,0.505,214.7,19.61,0.2544,0.07915,6.28,9.93
2023-09-09 00:00:00,25875.0,1634.47,0.5026,214.9,19.54,0.2547,0.07911,6.269,9.9
2023-09-09 04:00:00,25886.15,1634.54,0.5041,215.2,19.46,0.2555,0.07894,6.249,9.89
2023-09-09 08:00:00,25863.03,1635.24,0.5037,215.2,19.56,0.2549,0.07893,6.219,9.9
2023-09-09 12:00:00,25894.09,1635.17,0.5041,215.1,19.53,0.2543,0.0789,6.195,9.88
2023-09-09 16:00:00,25868.43,1633.99,0.5038,214.8,19.43,0.2535,0.0791,6.18,9.88
2023-09-09 20:00:00,25901.61,1635.54,0.5038,214.1,19.44,0.2533,0.07917,6.165,9.84
2023-09-10 00:00:00,25861.39,1631.25,0.5018,213.9,19.2,0.2508,0.07886,6.114,9.65
2023-09-10 04:00:00,25852.25,1624.87,0.5,213.2,18.53,0.2494,0.07877,6.114,9.55
2023-09-10 08:00:00,25795.33,1624.43,0.4994,212.7,18.33,0.2501,0.0785,6.087,9.52
2023-09-10 12:00:00,25775.01,1619.8,0.4964,212.9,18.22,0.2479,0.07822,6.046,9.56
2023-09-10 16:00:00,25800.0,1616.84,0.4982,212.5,18.19,0.2481,0.07812,6.041,9.52
2023-09-10 20:00:00,25841.61,1617.42,0.4969,212.4,18.24,0.249,0.0783,6.015,9.47
2023-09-11 00:00:00,25740.39,1612.41,0.4969,211.9,18.36,0.2479,0.07856,6.0,9.46
2023-09-11 04:00:00,25813.65,1612.23,0.4856,211.3,18.19,0.2466,0.07862,5.99,9.46
2023-09-11 08:00:00,25601.27,1586.53,0.4695,207.1,17.67,0.2433,0.07779,5.887,9.2
2023-09-11 12:00:00,25115.97,1562.65,0.4722,206.5,17.84,0.2425,0.07746,5.862,9.29
2023-09-11 16:00:00,25020.66,1539.37,0.4693,204.8,17.52,0.2381,0.07714,5.77,9.13
2023-09-11 20:00:00,25162.52,1551.85,0.4744,206.1,17.72,0.2421,0.07755,5.829,9.23
2023-09-12 00:00:00,25797.97,1584.81,0.4792,209.2,18.19,0.247,0.07847,5.937,9.42
2023-09-12 04:00:00,25822.71,1580.05,0.475,209.7,17.98,0.2459,0.07858,5.92,9.32
2023-09-12 08:00:00,26098.99,1609.48,0.4791,212.5,18.3,0.2486,0.0794,6.022,9.47
2023-09-12 12:00:00,26205.97,1603.85,0.4828,212.8,18.0,0.2488,0.08218,5.992,9.31
2023-09-12 16:00:00,26066.33,1598.51,0.482,212.2,17.93,0.2471,0.08136,5.972,9.28
2023-09-12 20:00:00,25840.1,1592.97,0.4804,210.7,17.92,0.2455,0.08075,5.957,9.22
2023-09-13 00:00:00,25879.24,1589.77,0.4788,209.8,17.83,0.2443,0.08045,5.971,9.2
2023-09-13 04:00:00,25879.91,1584.51,0.4749,210.3,17.89,0.2454,0.08041,5.959,9.16
2023-09-13 08:00:00,26198.41,1604.59,0.4815,212.2,18.18,0.2485,0.08058,6.019,9.27
2023-09-13 12:00:00,26241.31,1608.17,0.4831,212.4,18.36,0.2486,0.081,6.017,9.3
2023-09-13 16:00:00,26140.01,1599.31,0.4818,212.0,18.36,0.2477,0.08088,5.978,9.28
2023-09-13 20:00:00,26222.0,1607.62,0.4832,212.5,18.4,0.2487,0.08123,6.02,9.29
2023-09-14 00:00:00,26265.68,1620.0,0.4849,211.9,18.94,0.2483,0.08119,6.045,9.34
2023-09-14 04:00:00,26344.45,1621.35,0.4813,212.0,18.79,0.2474,0.08109,6.029,9.33
2023-09-14 08:00:00,26446.15,1624.79,0.4834,212.6,18.85,0.249,0.08254,6.056,9.35
2023-09-14 12:00:00,26693.97,1634.62,0.4879,213.1,18.97,0.2508,0.08301,6.095,9.36
2023-09-14 16:00:00,26678.14,1635.99,0.4932,212.8,19.04,0.252,0.08363,6.166,9.39
2023-09-14 20:00:00,26522.73,1626.47,0.4892,212.2,18.85,0.2513,0.08377,6.151,9.4
2023-09-15 00:00:00,26615.39,1634.61,0.498,212.7,19.14,0.2542,0.08374,6.191,9.46
2023-09-15 04:00:00,26565.69,1627.85,0.4937,211.9,19.08,0.2511,0.08396,6.148,9.32
2023-09-15 08:00:00,26425.16,1620.66,0.4938,212.0,19.01,0.249,0.08365,6.109,9.28
2023-09-15 12:00:00,26321.21,1619.47,0.4936,212.2,18.88,0.2482,0.08375,6.208,9.25
2023-09-15 16:00:00,26397.38,1621.21,0.4981,212.1,18.73,0.2476,0.08386,6.224,9.26
2023-09-15 20:00:00,26600.0,1641.29,0.5005,214.1,19.14,0.2505,0.08405,6.367,9.43
2023-09-16 00:00:00,26616.43,1641.58,0.5005,214.4,19.21,0.2512,0.08392,6.308,9.5
2023-09-16 04:00:00,26494.5,1636.8,0.4991,215.0,19.11,0.2507,0.08382,6.298,9.5
2023-09-16 08:00:00,26524.09,1635.75,0.5007,214.3,19.15,0.2512,0.08354,6.246,9.47
2023-09-16 12:00:00,26507.12,1634.46,0.4993,214.1,18.97,0.2498,0.08357,6.224,9.41
2023-09-16 16:00:00,26532.8,1633.4,0.5002,214.4,18.97,0.2486,0.08342,6.2,9.38
2023-09-16 20:00:00,26559.67,1634.4,0.4998,214.9,19.12,0.2503,0.08352,6.281,9.38
2023-09-17 00:00:00,26529.25,1628.98,0.4974,214.9,19.03,0.2493,0.08314,6.236,9.28
2023-09-17 04:00:00,26495.93,1627.76,0.4947,214.5,18.9,0.2485,0.08337,6.19,9.23
2023-09-17 08:00:00,26566.67,1629.3,0.4974,214.6,19.04,0.2502,0.08362,6.207,9.27
2023-09-17 12:00:00,26549.98,1629.48,0.4998,216.2,18.98,0.2499,0.08364,6.186,9.22
2023-09-17 16:00:00,26505.15,1625.71,0.497,216.5,18.9,0.2477,0.08361,6.131,9.18
2023-09-17 20:00:00,26527.51,1622.48,0.4925,216.5,18.81,0.2471,0.08334,6.146,9.1
2023-09-18 00:00:00,26658.66,1630.29,0.4977,217.7,19.2,0.2494,0.08395,6.622,9.12
2023-09-18 04:00:00,26710.67,1634.01,0.4912,216.9,19.13,0.2483,0.08387,6.55,9.12
2023-09-18 08:00:00,27196.98,1655.88,0.5017,219.7,19.58,0.2539,0.08454,6.728,9.27
2023-09-18 12:00:00,27269.42,1655.36,0.5041,219.5,19.95,0.2542,0.08461,6.723,9.25
2023-09-18 16:00:00,26814.79,1640.72,0.5039,216.5,19.78,0.2522,0.0841,6.617,9.15
2023-09-18 20:00:00,26762.51,1636.66,0.503,216.0,19.64,0.2516,0.08388,6.567,9.11
2023-09-19 00:00:00,26818.42,1634.62,0.5089,216.5,19.96,0.2546,0.0843,6.763,9.15
2023-09-19 04:00:00,26847.21,1636.16,0.5038,216.9,19.79,0.2525,0.08418,6.694,9.16
2023-09-19 08:00:00,27237.56,1647.8,0.5095,218.2,20.21,0.2562,0.08437,6.743,9.22
2023-09-19 12:00:00,27422.24,1656.81,0.5118,218.3,20.13,0.257,0.08456,6.872,9.28
2023-09-19 16:00:00,27185.44,1644.08,0.5156,217.0,19.94,0.2559,0.08453,6.837,9.17
2023-09-19 20:00:00,27210.26,1643.12,0.514,217.2,20.03,0.2548,0.08455,6.846,9.21
2023-09-20 00:00:00,27119.48,1637.76,0.5238,216.3,19.91,0.2536,0.08439,6.929,9.09
2023-09-20 04:00:00,27105.62,1634.52,0.5141,216.3,19.95,0.2531,0.08464,6.803,9.1
2023-09-20 08:00:00,27098.08,1629.69,0.5157,215.9,20.06,0.2528,0.08468,6.828,9.09
2023-09-20 12:00:00,27180.63,1629.29,0.5178,215.8,20.19,0.2552,0.08443,6.917,9.1
2023-09-20 16:00:00,26930.61,1616.16,0.5162,214.3,20.12,0.2511,0.08418,6.874,8.97
2023-09-20 20:00:00,27125.0,1622.26,0.5212,214.4,20.29,0.2517,0.08444,6.905,9.05
2023-09-21 00:00:00,27035.0,1623.34,0.5185,214.9,20.18,0.2513,0.08473,6.877,9.08
2023-09-21 04:00:00,26990.11,1618.26,0.5094,213.2,19.92,0.2498,0.08356,6.798,8.97
2023-09-21 08:00:00,26730.78,1594.95,0.5052,210.5,19.59,0.2482,0.08322,6.707,8.85
2023-09-21 12:00:00,26584.02,1583.63,0.5051,210.7,19.6,0.2484,0.0832,6.747,8.88
2023-09-21 16:00:00,26599.95,1589.75,0.5109,210.6,19.62,0.247,0.08321,6.718,8.86
2023-09-21 20:00:00,26568.08,1583.94,0.5071,210.8,19.46,0.2449,0.08301,6.664,8.83
2023-09-22 00:00:00,26627.77,1594.52,0.5127,211.8,19.66,0.2461,0.08345,6.697,8.87
2023-09-22 04:00:00,26674.8,1595.65,0.5117,211.5,19.63,0.2456,0.0835,6.695,8.89
2023-09-22 08:00:00,26640.26,1596.94,0.5098,211.1,19.69,0.2449,0.08354,6.785,8.9
2023-09-22 12:00:00,26631.01,1593.43,0.5107,210.7,19.47,0.2444,0.08394,6.769,8.84
2023-09-22 16:00:00,26540.1,1592.48,0.515,210.6,19.35,0.2435,0.08319,6.878,8.81
2023-09-22 20:00:00,26580.14,1593.08,0.5122,211.1,19.43,0.2449,0.08334,6.958,8.87
2023-09-23 00:00:00,26532.2,1591.01,0.5115,210.2,19.38,0.2446,0.08326,6.994,8.86
2023-09-23 04:00:00,26585.31,1594.45,0.512,210.8,19.52,0.2455,0.08345,7.04,8.91
2023-09-23 08:00:00,26575.21,1593.3,0.5127,210.7,19.52,0.2466,0.0835,7.0,8.97
2023-09-23 12:00:00,26581.55,1590.47,0.5099,210.6,19.32,0.2454,0.08352,6.937,8.9
2023-09-23 16:00:00,26610.09,1594.79,0.5102,210.8,19.46,0.2464,0.08373,7.183,8.9
2023-09-23 20:00:00,26575.96,1593.86,0.5076,210.5,19.49,0.2461,0.08362,7.189,8.9
2023-09-24 00:00:00,26570.93,1592.31,0.5078,210.0,19.57,0.245,0.08369,7.165,8.92
2023-09-24 04:00:00,26563.44,1591.91,0.5081,210.3,19.62,0.2455,0.08397,7.165,8.91
2023-09-24 08:00:00,26596.71,1593.9,0.511,210.7,19.6,0.2456,0.08425,7.095,8.95
2023-09-24 12:00:00,26578.06,1590.64,0.5094,210.7,19.53,0.2452,0.08404,7.099,8.98
2023-09-24 16:00:00,26449.17,1586.38,0.5066,209.4,19.46,0.2441,0.08394,7.079,8.89
2023-09-24 20:00:00,26248.38,1580.71,0.5021,208.3,19.36,0.2427,0.0836,6.972,8.78
2023-09-25 00:00:00,26157.45,1577.72,0.5021,208.8,19.47,0.244,0.08406,7.164,8.78
2023-09-25 04:00:00,26189.21,1581.25,0.4962,209.4,19.48,0.2451,0.08437,7.277,8.87
2023-09-25 08:00:00,26075.41,1569.01,0.4957,208.2,19.55,0.2432,0.08428,7.255,8.81
2023-09-25 12:00:00,26243.72,1584.64,0.4992,209.0,19.57,0.2451,0.08433,7.391,8.87
2023-09-25 16:00:00,26331.83,1591.47,0.5061,210.0,19.52,0.245,0.08443,7.456,8.93
2023-09-25 20:00:00,26304.81,1588.33,0.5056,209.9,19.39,0.2459,0.08466,7.494,8.95
2023-09-26 00:00:00,26353.87,1591.95,0.5057,211.5,19.44,0.2464,0.08471,7.524,9.02
2023-09-26 04:00:00,26272.01,1588.9,0.5019,212.4,19.33,0.2462,0.08469,7.436,8.95
2023-09-26 08:00:00,26273.83,1591.47,0.5012,212.6,19.39,0.2458,0.08488,7.428,9.02
2023-09-26 12:00:00,26126.66,1582.99,0.5004,210.9,19.17,0.2448,0.08461,7.329,8.92
2023-09-26 16:00:00,26247.7,1589.42,0.5051,212.1,19.24,0.2446,0.08473,7.394,8.99
2023-09-26 20:00:00,26221.67,1594.01,0.5019,212.6,19.03,0.2455,0.08471,7.356,9.04
2023-09-27 00:00:00,26278.04,1595.74,0.5031,213.1,19.03,0.2458,0.08515,7.364,9.08
2023-09-27 04:00:00,26246.34,1592.47,0.4998,213.2,18.95,0.2448,0.08503,7.37,9.01
2023-09-27 08:00:00,26766.7,1629.64,0.5064,215.4,19.39,0.2476,0.08575,7.635,9.13
2023-09-27 12:00:00,26304.42,1601.63,0.5016,212.4,18.95,0.2442,0.08542,7.59,8.93
2023-09-27 16:00:00,26267.8,1597.67,0.5043,211.6,18.98,0.2445,0.08518,7.66,8.94
2023-09-27 20:00:00,26372.99,1598.64,0.4993,212.0,19.14,0.2446,0.0855,7.645,8.92
2023-09-28 00:00:00,26379.15,1606.35,0.4979,212.1,19.21,0.2439,0.08521,7.658,8.96
2023-09-28 04:00:00,26459.99,1619.35,0.4974,213.1,19.22,0.2451,0.08472,7.749,9.1
2023-09-28 08:00:00,26476.93,1623.7,0.5017,213.6,19.17,0.2467,0.08543,7.775,9.12
2023-09-28 12:00:00,27020.0,1652.58,0.505,215.6,19.59,0.2493,0.08593,7.885,9.26
2023-09-28 16:00:00,27100.0,1658.3,0.5077,215.3,19.71,0.2492,0.08635,7.955,9.26
2023-09-28 20:00:00,27021.39,1652.99,0.5098,215.0,19.96,0.2489,0.08675,7.807,9.27
2023-09-29 00:00:00,26957.99,1651.62,0.5094,214.8,20.2,0.2507,0.08774,7.749,9.34
2023-09-29 04:00:00,27179.98,1686.2,0.5081,216.9,20.27,0.2522,0.08846,7.783,9.35
2023-09-29 08:00:00,26970.78,1668.79,0.5119,215.9,20.09,0.2515,0.08917,7.702,9.23
2023-09-29 12:00:00,26888.57,1672.25,0.5321,215.9,20.34,0.2549,0.08934,7.818,9.21
2023-09-29 16:00:00,26926.52,1665.19,0.5328,215.6,20.24,0.2487,0.0896,8.048,9.08
2023-09-29 20:00:00,26906.96,1667.45,0.5215,215.2,20.28,0.2494,0.08912,7.946,9.17
2023-09-30 00:00:00,26915.3,1670.3,0.5171,214.6,20.21,0.2508,0.08895,8.021,9.13
2023-09-30 04:00:00,26931.75,1671.94,0.5152,214.5,20.31,0.2503,0.08844,8.082,9.18
2023-09-30 08:00:00,26936.02,1675.96,0.5174,214.7,20.28,0.251,0.08847,8.196,9.16
2023-09-30 12:00:00,26996.29,1683.33,0.5167,215.8,21.43,0.2529,0.08863,8.224,9.25
2023-09-30 16:00:00,27020.7,1679.13,0.518,215.7,21.41,0.2539,0.0888,8.182,9.25
2023-09-30 20:00:00,26962.56,1670.89,0.5149,214.6,21.37,0.254,0.0886,8.191,9.24
2023-10-01 00:00:00,27044.76,1674.49,0.5168,215.3,21.21,0.2554,0.08826,8.163,9.34
2023-10-01 04:00:00,27107.95,1678.44,0.5178,214.9,21.37,0.2558,0.08867,8.063,9.46
2023-10-01 08:00:00,27187.71,1688.84,0.5211,216.1,22.97,0.2622,0.08898,8.127,9.63
2023-10-01 12:00:00,27153.18,1684.03,0.5191,215.7,23.1,0.2604,0.08883,8.013,9.6
2023-10-01 16:00:00,27103.02,1676.25,0.5163,214.1,22.72,0.2603,0.08877,7.843,9.51
2023-10-01 20:00:00,27992.57,1733.79,0.5241,218.2,23.87,0.2659,0.09011,8.054,9.75
2023-10-02 00:00:00,28126.54,1729.37,0.5258,219.2,24.1,0.2647,0.09028,7.882,9.79
2023-10-02 04:00:00,28311.91,1730.42,0.5224,219.9,24.33,0.2665,0.08992,8.04,9.77
2023-10-02 08:00:00,28198.04,1725.07,0.521,218.8,23.82,0.267,0.08949,7.89,9.69
2023-10-02 12:00:00,28026.31,1691.6,0.5175,216.2,24.06,0.2639,0.08846,7.669,9.5
2023-10-02 16:00:00,27964.99,1674.33,0.5165,215.1,23.83,0.2617,0.08789,7.607,9.39
2023-10-02 20:00:00,27494.51,1662.4,0.5123,214.6,23.37,0.2591,0.08744,7.47,9.31
2023-10-03 00:00:00,27601.55,1665.74,0.5138,215.4,23.66,0.2629,0.08823,7.554,9.3
2023-10-03 04:00:00,27540.64,1662.42,0.5101,215.3,23.82,0.2628,0.08785,7.627,9.34
2023-10-03 08:00:00,27559.99,1656.33,0.5098,213.9,23.92,0.261,0.08777,7.544,9.4
2023-10-03 12:00:00,27345.0,1648.46,0.5078,213.5,23.99,0.2618,0.0875,7.428,9.25
2023-10-03 16:00:00,27275.0,1650.28,0.5144,212.9,23.52,0.2595,0.08748,7.404,9.33
2023-10-03 20:00:00,27426.46,1656.88,0.539,213.5,23.6,0.261,0.09071,7.409,9.42
2023-10-04 00:00:00,27430.43,1641.85,0.5357,212.0,23.12,0.2558,0.08913,7.485,9.3
2023-10-04 04:00:00,27453.78,1644.77,0.5322,212.2,23.17,0.2564,0.08941,7.593,9.62
2023-10-04 08:00:00,27572.43,1646.6,0.533,212.5,23.58,0.2565,0.08874,7.543,9.72
2023-10-04 12:00:00,27404.22,1632.63,0.5288,211.8,22.69,0.2554,0.08851,7.637,9.74
2023-10-04 16:00:00,27618.1,1643.01,0.5299,212.8,22.92,0.2567,0.08894,7.612,10.01
2023-10-04 20:00:00,27778.57,1646.58,0.5326,213.4,23.13,0.2589,0.08891,7.674,10.1
2023-10-05 00:00:00,27651.73,1642.23,0.5295,212.7,23.24,0.2579,0.08926,7.613,10.04
2023-10-05 04:00:00,27607.98,1636.07,0.5232,212.4,23.01,0.2579,0.0893,7.714,10.02
2023-10-05 08:00:00,27725.68,1636.66,0.5226,212.4,23.22,0.2612,0.08871,7.681,10.19
2023-10-05 12:00:00,27555.0,1618.3,0.5189,211.2,22.8,0.26,0.08844,7.531,9.93
2023-10-05 16:00:00,27471.28,1616.51,0.5222,211.0,22.8,0.2619,0.08831,7.508,10.18
2023-10-05 20:00:00,27410.39,1611.79,0.5227,210.6,22.7,0.2602,0.08824,7.465,10.14
2023-10-06 00:00:00,27559.2,1624.28,0.5256,211.5,23.19,0.2621,0.08878,7.531,10.41
2023-10-06 04:00:00,27638.52,1630.89,0.5199,212.5,23.34,0.2637,0.08749,7.575,10.61
2023-10-06 08:00:00,27760.0,1634.69,0.5206,212.1,23.18,0.2637,0.08595,7.561,10.64
2023-10-06 12:00:00,27941.12,1642.86,0.5245,212.6,23.51,0.2642,0.08673,7.656,10.73
2023-10-06 16:00:00,27952.36,1646.24,0.5257,213.5,23.42,0.2656,0.08709,7.665,10.64
2023-10-06 20:00:00,27931.09,1645.03,0.5255,213.4,23.41,0.2646,0.08719,7.639,10.66
2023-10-07 00:00:00,27900.41,1641.2,0.5236,213.2,23.67,0.2634,0.08723,7.604,10.94
2023-10-07 04:00:00,27890.8,1636.78,0.5225,213.4,23.53,0.2604,0.08736,7.602,10.78
2023-10-07 08:00:00,27942.12,1638.67,0.5221,212.6,23.48,0.2577,0.08786,7.585,10.57
2023-10-07 12:00:00,27939.8,1638.55,0.5226,212.6,23.34,0.2589,0.08823,7.563,10.51
2023-10-07 16:00:00,27865.48,1630.59,0.5207,211.6,23.13,0.2569,0.0876,7.493,10.29
2023-10-07 20:00:00,27956.67,1633.57,0.5216,212.3,23.3,0.2587,0.08808,7.524,10.35
2023-10-08 00:00:00,28064.87,1639.0,0.5228,212.6,23.52,0.2588,0.0881,7.621,10.48
2023-10-08 04:00:00,27905.61,1628.88,0.5217,211.6,23.33,0.2563,0.08777,7.65,10.23
2023-10-08 08:00:00,27811.63,1617.84,0.519,210.1,23.22,0.2558,0.08754,7.568,10.04
2023-10-08 12:00:00,27892.74,1631.2,0.5175,211.6,23.48,0.2571,0.08801,7.666,10.05
2023-10-08 16:00:00,27894.99,1635.71,0.5181,211.6,23.33,0.2566,0.08822,7.727,10.1
2023-10-08 20:00:00,27917.05,1632.84,0.5174,211.4,23.22,0.2563,0.08802,7.673,10.09
2023-10-09 00:00:00,27921.73,1633.65,0.5189,211.9,23.25,0.2573,0.08825,7.641,9.96
2023-10-09 04:00:00,27813.27,1620.73,0.5145,211.0,22.99,0.2569,0.08787,7.556,9.89
2023-10-09 08:00:00,27468.92,1590.65,0.4981,207.1,22.17,0.2509,0.08696,7.355,9.65
2023-10-09 12:00:00,27443.31,1586.29,0.4986,206.8,22.2,0.2506,0.08612,7.334,9.54
2023-10-09 16:00:00,27616.66,1581.45,0.5013,206.0,22.2,0.2525,0.08641,7.298,9.5
2023-10-09 20:00:00,27590.12,1580.13,0.5027,205.8,22.1,0.2513,0.08613,7.276,9.54
2023-10-10 00:00:00,27632.32,1584.86,0.5003,206.6,22.14,0.2515,0.08649,7.311,9.57
2023-10-10 04:00:00,27651.45,1590.23,0.5001,208.6,22.33,0.2525,0.08637,7.343,9.75
2023-10-10 08:00:00,27508.87,1579.58,0.4969,207.1,22.13,0.2495,0.08627,7.272,9.67
2023-10-10 12:00:00,27408.01,1567.84,0.4943,207.3,21.98,0.2479,0.08628,7.223,9.6
2023-10-10 16:00:00,27397.3,1566.01,0.4997,208.7,22.03,0.2486,0.08647,7.258,9.5
2023-10-10 20:00:00,27390.12,1567.63,0.4965,208.6,22.11,0.249,0.08622,7.259,9.53
2023-10-11 00:00:00,27016.05,1556.55,0.4897,205.4,21.98,0.2456,0.08569,7.164,9.33
2023-10-11 04:00:00,27021.95,1557.01,0.4825,206.1,22.02,0.2456,0.08615,7.203,9.28
2023-10-11 08:00:00,27196.26,1572.8,0.4871,207.7,22.14,0.2475,0.08639,7.319,9.38
2023-10-11 12:00:00,26779.46,1559.44,0.4832,205.3,21.99,0.2466,0.08617,7.306,9.32
2023-10-11 16:00:00,26763.2,1563.26,0.4852,206.1,21.91,0.2468,0.08577,7.331,9.36
2023-10-11 20:00:00,26875.52,1566.87,0.4888,206.6,22.01,0.2481,0.08603,7.391,9.3
2023-10-12 00:00:00,26847.07,1561.81,0.4859,205.8,21.71,0.2463,0.08617,7.347,9.14
2023-10-12 04:00:00,26810.66,1559.32,0.482,205.4,21.64,0.2458,0.08606,7.34,9.16
2023-10-12 08:00:00,26837.84,1552.06,0.4801,205.9,21.5,0.2457,0.08559,7.262,9.04
2023-10-12 12:00:00,26675.0,1541.67,0.4779,205.6,21.27,0.2447,0.08507,7.214,8.96
2023-10-12 16:00:00,26712.9,1531.51,0.4813,205.4,21.22,0.2437,0.08508,7.192,9.06
2023-10-12 20:00:00,26759.63,1539.61,0.483,205.1,21.28,0.246,0.08481,7.197,9.12
2023-10-13 00:00:00,26781.69,1539.1,0.4829,205.1,21.13,0.2453,0.08519,7.124,9.12
2023-10-13 04:00:00,26875.0,1549.55,0.4826,206.3,21.39,0.2464,0.08539,7.209,9.16
2023-10-13 08:00:00,26820.92,1546.52,0.4797,205.6,21.48,0.246,0.08538,7.226,9.13
2023-10-13 12:00:00,26706.83,1539.64,0.4811,205.6,21.43,0.2465,0.08527,7.162,9.03
2023-10-13 16:00:00,26778.57,1545.94,0.4837,205.5,21.58,0.246,0.08519,7.179,9.15
2023-10-13 20:00:00,26862.0,1552.16,0.4851,206.1,21.84,0.2458,0.08549,7.256,9.15
2023-10-14 00:00:00,26930.78,1553.72,0.4854,206.6,22.03,0.2463,0.08556,7.301,9.22
2023-10-14 04:00:00,26868.8,1547.78,0.4838,206.3,22.05,0.2451,0.0852,7.224,9.19
2023-10-14 08:00:00,26872.35,1547.12,0.4855,205.9,21.98,0.2464,0.08525,7.249,9.19
2023-10-14 12:00:00,26942.56,1556.23,0.4875,206.8,22.08,0.2476,0.08536,7.312,9.19
2023-10-14 16:00:00,26864.29,1555.33,0.4861,206.4,22.04,0.2469,0.08537,7.339,9.16
2023-10-14 20:00:00,26852.48,1554.94,0.4865,206.5,22.0,0.247,0.08501,7.331,9.15
2023-10-15 00:00:00,26880.46,1554.44,0.4858,207.1,21.93,0.2473,0.08497,7.328,9.18
2023-10-15 04:00:00,26882.52,1554.95,0.4864,207.4,21.94,0.2476,0.08512,7.349,9.17
2023-10-15 08:00:00,26852.47,1555.55,0.4867,207.1,21.87,0.2466,0.08536,7.346,9.12
2023-10-15 12:00:00,26898.87,1553.89,0.487,209.3,21.73,0.2461,0.08557,7.312,9.13
2023-10-15 16:00:00,27043.75,1560.41,0.4879,209.6,21.91,0.2468,0.08615,7.454,9.16
2023-10-15 20:00:00,27154.15,1557.77,0.4874,209.7,21.93,0.2473,0.08667,7.423,9.17
2023-10-16 00:00:00,27235.92,1563.0,0.4878,210.6,22.11,0.2484,0.08698,7.431,9.38
2023-10-16 04:00:00,27849.06,1578.73,0.4933,212.8,22.82,0.2519,0.08749,7.56,9.47
2023-10-16 08:00:00,27749.6,1582.72,0.4942,212.8,23.16,0.2522,0.08765,7.564,9.48
2023-10-16 12:00:00,28064.16,1577.6,0.4921,212.7,23.15,0.2501,0.08818,7.439,9.32
2023-10-16 16:00:00,28468.85,1589.8,0.4964,214.4,23.86,0.2513,0.08869,7.516,9.41
2023-10-16 20:00:00,28500.78,1599.42,0.4978,214.6,23.95,0.2513,0.08885,7.525,9.4
2023-10-17 00:00:00,28269.99,1589.3,0.4928,213.5,24.0,0.25,0.08876,7.455,9.32
2023-10-17 04:00:00,28430.63,1590.38,0.4915,213.6,24.09,0.2506,0.08841,7.481,9.34
2023-10-17 08:00:00,28422.63,1584.42,0.4925,212.4,24.08,0.251,0.08832,7.488,9.29
2023-10-17 12:00:00,28461.72,1575.51,0.4902,212.1,23.89,0.2474,0.08783,7.399,9.14
2023-10-17 16:00:00,28516.47,1564.15,0.4931,211.6,24.17,0.2468,0.08804,7.322,9.13
2023-10-17 20:00:00,28395.91,1565.01,0.4912,211.4,23.93,0.2463,0.08854,7.32,9.1
2023-10-18 00:00:00,28514.42,1568.23,0.4904,212.4,24.04,0.2459,0.08861,7.345,9.11
2023-10-18 04:00:00,28494.55,1572.47,0.4891,212.5,23.89,0.2463,0.08873,7.358,9.13
2023-10-18 08:00:00,28340.64,1578.76,0.4904,212.7,23.81,0.2467,0.08914,7.439,9.14
2023-10-18 12:00:00,28247.45,1570.1,0.4873,211.7,23.68,0.245,0.0893,7.387,9.01
2023-10-18 16:00:00,28245.62,1562.95,0.4892,210.7,23.7,0.2441,0.0892,7.361,8.93
2023-10-18 20:00:00,28320.0,1563.44,0.4878,210.2,23.42,0.243,0.08915,7.356,8.91
2023-10-19 00:00:00,28260.0,1549.07,0.4834,209.2,23.46,0.2409,0.08872,7.293,8.81
2023-10-19 04:00:00,28330.82,1551.91,0.4799,210.1,23.86,0.242,0.0887,7.351,8.92
2023-10-19 08:00:00,28450.69,1553.86,0.4822,210.5,24.28,0.2426,0.08912,7.344,8.92
2023-10-19 12:00:00,28680.09,1561.2,0.4869,210.3,24.77,0.2452,0.0894,7.363,9.01
2023-10-19 16:00:00,28750.75,1568.0,0.4889,210.5,25.16,0.2448,0.0896,7.361,9.07
2023-10-19 20:00:00,28713.71,1566.57,0.5197,211.2,24.93,0.2469,0.08999,7.304,9.06
2023-10-20 00:00:00,29235.38,1586.72,0.5205,212.7,25.67,0.2486,0.09029,7.429,9.23
2023-10-20 04:00:00,29240.51,1583.5,0.5096,212.4,26.24,0.2483,0.09053,7.466,9.21
2023-10-20 08:00:00,29839.99,1613.15,0.5158,214.0,26.88,0.2501,0.09142,7.609,9.25
2023-10-20 12:00:00,29550.98,1605.46,0.524,212.8,26.88,0.2508,0.09114,7.631,9.18
2023-10-20 16:00:00,29561.41,1606.73,0.5217,212.9,26.88,0.2512,0.09101,7.624,9.23
2023-10-20 20:00:00,29669.04,1603.89,0.5149,212.1,27.03,0.2512,0.09074,7.57,9.22
2023-10-21 00:00:00,29604.43,1597.69,0.5139,212.2,26.81,0.2505,0.09083,7.601,9.23
2023-10-21 04:00:00,29695.8,1606.59,0.5174,212.8,28.08,0.2525,0.09104,7.84,9.45
2023-10-21 08:00:00,29804.99,1608.68,0.5178,213.3,29.52,0.2565,0.0907,8.058,9.56
2023-10-21 12:00:00,29937.36,1628.7,0.5235,214.3,29.04,0.2597,0.09124,8.953,9.74
2023-10-21 16:00:00,30145.04,1635.19,0.5215,215.2,29.5,0.2607,0.09167,8.898,9.67
2023-10-21 20:00:00,29909.8,1628.94,0.5208,214.2,29.32,0.2586,0.0916,8.914,9.63
2023-10-22 00:00:00,29907.38,1629.73,0.5201,214.2,29.73,0.259,0.09157,9.289,9.59
2023-10-22 04:00:00,29816.26,1630.3,0.5164,214.3,28.8,0.2575,0.09122,9.307,9.87
2023-10-22 08:00:00,29909.67,1628.56,0.5162,213.9,28.34,0.2569,0.09051,9.099,9.71
2023-10-22 12:00:00,29825.6,1625.75,0.5184,214.2,28.43,0.2574,0.08979,9.227,9.76
2023-10-22 16:00:00,29842.75,1635.0,0.5204,215.2,28.69,0.2604,0.08994,9.397,9.88
2023-10-22 20:00:00,29992.46,1663.7,0.5226,217.8,29.05,0.2639,0.09031,10.19,10.09
2023-10-23 00:00:00,30736.69,1694.54,0.5241,222.2,30.66,0.2665,0.09059,10.801,10.23
2023-10-23 04:00:00,30518.02,1676.15,0.5238,219.5,30.1,0.2633,0.0906,10.448,10.15
2023-10-23 08:00:00,30657.04,1676.78,0.5314,220.1,29.71,0.2649,0.09055,10.273,10.01
2023-10-23 12:00:00,30883.33,1676.49,0.5323,219.3,28.98,0.2643,0.09062,10.006,9.97
2023-10-23 16:00:00,31354.42,1708.68,0.5357,222.2,29.91,0.2697,0.09122,10.282,10.21
2023-10-23 20:00:00,33069.99,1765.46,0.5475,228.5,31.88,0.2807,0.09219,10.577,10.58
2023-10-24 00:00:00,34061.6,1809.26,0.5449,230.6,31.4,0.2823,0.0929,10.25,10.44
2023-10-24 04:00:00,33999.98,1808.99,0.5404,227.6,31.25,0.28,0.09276,10.102,10.45
2023-10-24 08:00:00,34542.91,1845.68,0.5521,231.7,31.84,0.2867,0.09351,10.531,10.65
2023-10-24 12:00:00,33668.9,1778.19,0.5539,223.9,30.89,0.2778,0.0921,9.902,10.22
2023-10-24 16:00:00,33796.5,1777.52,0.5601,225.7,30.5,0.2784,0.09229,10.024,10.29
2023-10-24 20:00:00,33922.73,1784.98,0.5588,225.2,30.17,0.2792,0.09236,10.372,10.32
2023-10-25 00:00:00,33999.39,1788.67,0.5534,227.1,31.04,0.2802,0.09258,11.332,10.39
2023-10-25 04:00:00,33857.53,1769.23,0.5439,224.9,30.96,0.2782,0.09259,10.924,10.25
2023-10-25 08:00:00,34199.2,1785.57,0.5518,224.5,32.23,0.2796,0.09339,11.187,10.32
2023-10-25 12:00:00,34839.8,1806.24,0.5585,227.3,33.41,0.2884,0.09381,11.352,10.55
2023-10-25 16:00:00,34738.54,1789.91,0.5563,223.2,32.77,0.2804,0.09371,11.167,10.46
2023-10-25 20:00:00,34496.05,1787.15,0.5552,222.1,32.44,0.2808,0.09351,11.058,10.52
2023-10-26 00:00:00,34793.29,1816.31,0.557,225.9,32.75,0.29,0.09278,11.115,10.92
2023-10-26 04:00:00,34647.34,1849.34,0.5577,226.5,32.82,0.2954,0.09358,11.216,11.37
2023-10-26 08:00:00,34102.66,1812.32,0.5561,224.8,31.82,0.2892,0.09308,10.863,10.98
2023-10-26 12:00:00,34044.43,1778.24,0.5475,221.1,31.32,0.2858,0.09218,10.506,10.54
2023-10-26 16:00:00,34044.02,1792.54,0.551,222.5,31.55,0.2838,0.09228,10.703,10.78
2023-10-26 20:00:00,34151.66,1803.38,0.5533,223.2,32.77,0.2872,0.09285,10.928,11.05
2023-10-27 00:00:00,34117.08,1791.22,0.5525,223.1,32.39,0.2852,0.09307,11.045,10.74
2023-10-27 04:00:00,33942.0,1776.77,0.5453,223.2,32.34,0.2818,0.09296,10.726,10.61
2023-10-27 08:00:00,34047.01,1781.33,0.549,227.6,32.58,0.2854,0.09365,10.938,10.71
2023-10-27 12:00:00,33999.48,1782.8,0.5547,226.1,32.21,0.2918,0.09383,11.057,10.72
2023-10-27 16:00:00,33698.54,1774.34,0.5452,224.3,31.93,0.2896,0.09349,11.11,10.57
2023-10-27 20:00:00,33892.02,1779.4,0.543,224.1,31.73,0.2893,0.09353,11.185,10.59
2023-10-28 00:00:00,34060.0,1789.95,0.5454,227.1,32.34,0.2961,0.09385,11.395,10.75
2023-10-28 04:00:00,34044.99,1787.55,0.5449,227.3,32.28,0.2933,0.09379,11.3,10.86
2023-10-28 08:00:00,34175.84,1787.86,0.547,226.7,32.2,0.2924,0.09425,11.345,10.89
2023-10-28 12:00:00,34192.98,1790.78,0.5474,226.8,32.03,0.2931,0.0945,11.167,10.84
2023-10-28 16:00:00,34112.07,1777.08,0.5445,225.4,31.58,0.29,0.09438,10.945,10.91
2023-10-28 20:00:00,34081.0,1776.2,0.5446,225.7,31.63,0.2909,0.09433,10.923,10.97
2023-10-29 00:00:00,33970.87,1774.98,0.5425,224.4,31.57,0.2904,0.09432,10.853,10.84
2023-10-29 04:00:00,34076.61,1783.11,0.547,225.8,32.29,0.2921,0.09445,11.017,11.01
2023-10-29 08:00:00,34253.81,1788.66,0.5552,226.0,32.25,0.2952,0.09484,10.981,10.93
2023-10-29 12:00:00,34449.99,1792.19,0.5565,226.5,32.63,0.2967,0.09485,11.056,11.17
2023-10-29 16:00:00,34561.97,1793.07,0.5585,226.8,33.0,0.2964,0.09501,11.059,11.26
2023-10-29 20:00:00,34525.89,1795.14,0.5561,227.1,32.83,0.2954,0.09489,11.081,11.37
2023-10-30 00:00:00,34270.42,1782.9,0.5549,225.6,32.74,0.2936,0.09428,11.166,11.21
2023-10-30 04:00:00,34193.46,1787.15,0.5528,226.0,32.56,0.2935,0.0943,10.953,11.19
2023-10-30 08:00:00,34608.51,1814.92,0.5626,228.2,34.94,0.3006,0.09495,11.379,11.52
2023-10-30 12:00:00,34656.32,1819.54,0.5779,228.4,35.04,0.3017,0.09509,11.389,11.62
2023-10-30 16:00:00,34432.11,1801.51,0.5823,228.2,34.88,0.301,0.09509,11.217,11.53
2023-10-30 20:00:00,34474.73,1809.04,0.578,228.0,34.94,0.3031,0.09558,11.22,11.46
2023-10-31 00:00:00,34209.33,1795.15,0.5741,226.4,35.79,0.2998,0.09609,11.478,11.43
2023-10-31 04:00:00,34145.21,1790.58,0.5682,225.9,35.72,0.2966,0.09587,11.431,11.45
2023-10-31 08:00:00,34488.27,1809.41,0.6041,228.1,36.58,0.3007,0.09638,11.512,11.63
2023-10-31 12:00:00,34272.19,1791.46,0.5951,224.4,36.1,0.2895,0.09585,11.122,11.22
2023-10-31 16:00:00,34540.3,1811.47,0.5991,225.8,36.28,0.2923,0.09675,11.293,11.23
2023-10-31 20:00:00,34639.77,1814.67,0.5996,226.2,38.4,0.293,0.09715,11.353,11.33
2023-11-01 00:00:00,34418.4,1809.73,0.5924,225.4,38.27,0.2889,0.09715,11.212,11.22
2023-11-01 04:00:00,34451.28,1804.64,0.5986,224.5,38.46,0.2874,0.09756,11.106,11.07
2023-11-01 08:00:00,34424.07,1799.79,0.6031,224.5,39.28,0.2879,0.09828,10.882,11.05
2023-11-01 12:00:00,34291.94,1792.3,0.597,223.2,40.66,0.2886,0.09935,10.83,11.05
2023-11-01 16:00:00,34557.67,1835.9,0.6088,226.6,42.0,0.3009,0.09995,11.238,11.97
2023-11-01 20:00:00,35421.43,1846.99,0.6085,227.9,41.15,0.3071,0.10014,11.638,12.23
2023-11-02 00:00:00,35571.68,1858.29,0.6115,230.6,42.59,0.3098,0.10078,11.617,12.41
2023-11-02 04:00:00,35279.85,1834.85,0.6051,229.9,43.12,0.3069,0.1004,11.18,12.01
2023-11-02 08:00:00,35373.56,1835.97,0.6167,231.9,44.47,0.3104,0.10031,11.296,12.08
2023-11-02 12:00:00,34640.01,1803.2,0.6039,229.6,40.03,0.3003,0.09914,10.895,11.52
2023-11-02 16:00:00,35000.01,1812.36,0.6098,232.4,41.42,0.3242,0.09936,11.077,11.88
2023-11-02 20:00:00,34941.59,1800.8,0.6054,231.9,40.23,0.323,0.09922,11.007,11.88
2023-11-03 00:00:00,34681.92,1798.34,0.601,229.9,38.94,0.3164,0.09857,10.811,11.72
2023-11-03 04:00:00,34464.97,1798.65,0.5962,229.7,39.02,0.323,0.09823,11.166,11.79
2023-11-03 08:00:00,34252.4,1789.65,0.6024,227.7,39.15,0.3183,0.09775,11.002,11.69
2023-11-03 12:00:00,34763.71,1813.01,0.6115,229.4,39.79,0.3206,0.09835,11.27,12.02
2023-11-03 16:00:00,34530.71,1816.98,0.6103,229.3,39.17,0.3227,0.09763,11.216,12.04
2023-11-03 20:00:00,34716.78,1832.71,0.6121,230.2,39.45,0.3292,0.09722,11.46,12.11
2023-11-04 00:00:00,34708.9,1834.73,0.6113,231.2,41.12,0.3263,0.09724,11.352,12.14
2023-11-04 04:00:00,34767.99,1833.94,0.6141,231.8,41.72,0.3252,0.09734,11.237,12.02
2023-11-04 08:00:00,34712.37,1837.49,0.6142,234.5,41.53,0.3254,0.09788,11.29,12.01
2023-11-04 12:00:00,34709.91,1831.77,0.6101,234.8,41.28,0.3218,0.09731,11.232,12.07
2023-11-04 16:00:00,34730.73,1835.57,0.6122,236.2,41.38,0.3241,0.09737,11.36,12.06
2023-11-04 20:00:00,35062.07,1855.54,0.6149,237.1,42.41,0.3278,0.09765,11.496,12.22
2023-11-05 00:00:00,35277.01,1888.58,0.6249,242.8,42.52,0.3315,0.09801,12.396,12.34
2023-11-05 04:00:00,35162.46,1884.66,0.6222,244.5,41.57,0.335,0.09833,12.219,12.39
2023-11-05 08:00:00,35085.98,1887.88,0.6455,243.8,41.64,0.3431,0.09891,12.173,12.56
2023-11-05 12:00:00,34882.92,1874.35,0.6442,240.8,40.72,0.3416,0.09812,11.756,12.27
2023-11-05 16:00:00,34988.21,1888.3,0.6542,243.5,40.74,0.3447,0.09823,11.946,12.35
2023-11-05 20:00:00,35011.88,1891.71,0.6607,244.0,41.15,0.3419,0.09808,12.231,12.35
2023-11-06 00:00:00,34978.38,1887.21,0.6813,243.7,41.11,0.3456,0.09812,12.296,12.56
2023-11-06 04:00:00,34904.72,1878.34,0.6813,244.3,39.93,0.3449,0.09717,12.454,12.62
2023-11-06 08:00:00,35232.45,1898.71,0.7025,245.3,40.32,0.3517,0.09772,12.518,13.03
2023-11-06 12:00:00,35080.95,1901.26,0.717,251.7,40.23,0.352,0.09821,12.647,12.98
2023-11-06 16:00:00,35054.68,1901.73,0.7157,253.4,40.48,0.3678,0.0978,12.784,13.01
2023-11-06 20:00:00,35046.09,1900.95,0.7148,255.1,42.16,0.3624,0.09765,12.984,13.08
2023-11-07 00:00:00,34919.01,1890.11,0.6902,251.5,40.81,0.3566,0.09742,12.994,12.88
2023-11-07 04:00:00,34937.71,1891.84,0.6942,251.0,41.55,0.353,0.09704,13.078,13.03
2023-11-07 08:00:00,34627.83,1873.39,0.6829,247.6,41.1,0.3452,0.09646,12.796,12.67
2023-11-07 12:00:00,34721.23,1863.1,0.6718,244.5,41.21,0.3401,0.09608,12.705,12.51
2023-11-07 16:00:00,35453.98,1894.22,0.6889,247.9,43.86,0.3515,0.09673,13.058,12.83
2023-11-07 20:00:00,35399.12,1885.27,0.685,246.2,42.93,0.3512,0.09658,13.04,12.81
2023-11-08 00:00:00,35269.68,1881.98,0.6848,245.7,43.37,0.3547,0.0968,13.251,12.76
2023-11-08 04:00:00,35226.4,1875.01,0.674,245.9,43.49,0.3562,0.09718,13.438,12.81
2023-11-08 08:00:00,35330.79,1880.89,0.6925,246.6,43.31,0.3553,0.09768,13.557,12.79
2023-11-08 12:00:00,35225.68,1889.12,0.6842,245.9,42.77,0.3553,0.09749,13.727,12.77
2023-11-08 16:00:00,35621.99,1899.07,0.6897,247.0,43.1,0.3573,0.0983,14.466,12.99
2023-11-08 20:00:00,35624.72,1888.12,0.6869,246.7,43.13,0.3577,0.09833,14.919,12.99
2023-11-09 00:00:00,36438.37,1919.33,0.6912,249.9,44.09,0.3657,0.09938,14.495,13.22
2023-11-09 04:00:00,36533.04,1911.38,0.695,248.5,43.9,0.3661,0.10004,14.495,13.3
2023-11-09 08:00:00,36805.71,1913.09,0.6947,249.5,47.13,0.3737,0.10007,14.8,13.7
2023-11-09 12:00:00,37084.02,2035.02,0.6863,251.8,46.4,0.3774,0.10008,15.09,13.72
2023-11-09 16:00:00,36382.2,2018.55,0.6578,244.9,44.42,0.3617,0.09769,14.322,12.72
2023-11-09 20:00:00,36701.09,2121.32,0.6665,251.6,45.29,0.3684,0.09889,14.603,12.96
2023-11-10 00:00:00,36733.27,2120.99,0.6659,255.4,47.4,0.372,0.09959,14.317,13.43
2023-11-10 04:00:00,36439.98,2101.44,0.6533,251.5,47.55,0.3753,0.09979,14.469,13.33
2023-11-10 08:00:00,37071.09,2097.07,0.6608,253.0,50.7,0.3784,0.10774,14.723,13.38
2023-11-10 12:00:00,37082.14,2089.93,0.647,249.8,50.87,0.3674,0.10494,15.059,13.31
2023-11-10 16:00:00,37225.96,2087.98,0.659,250.6,54.11,0.3734,0.10575,15.055,14.51
2023-11-10 20:00:00,37301.63,2077.72,0.6595,251.0,56.67,0.3859,0.10622,15.493,14.74
2023-11-11 00:00:00,37039.97,2046.49,0.6491,248.2,55.84,0.3742,0.10542,14.945,14.15
2023-11-11 04:00:00,37006.4,2054.94,0.6603,248.8,54.26,0.3783,0.10572,15.006,14.25
2023-11-11 08:00:00,36988.52,2057.51,0.6673,248.8,55.25,0.3791,0.10632,14.988,14.21
2023-11-11 12:00:00,37050.77,2068.0,0.6729,253.0,60.89,0.3876,0.10806,16.273,15.15
2023-11-11 16:00:00,37148.79,2075.75,0.674,253.9,60.53,0.3905,0.10862,16.313,16.74
2023-11-11 20:00:00,37130.0,2053.17,0.6626,251.5,56.34,0.3844,0.108,16.477,16.79
2023-11-12 00:00:00,36988.77,2051.42,0.6605,248.6,57.39,0.3808,0.10731,15.811,16.53
2023-11-12 04:00:00,37127.95,2057.74,0.6676,250.6,61.08,0.3879,0.10805,16.241,18.4
2023-11-12 08:00:00,37055.5,2047.52,0.6649,249.1,59.97,0.3867,0.10816,16.081,18.54
2023-11-12 12:00:00,37152.11,2057.12,0.6643,248.4,58.62,0.3858,0.10826,15.938,18.07
2023-11-12 16:00:00,37105.01,2049.12,0.6609,247.9,56.03,0.3806,0.10832,16.286,18.39
2023-11-12 20:00:00,37064.13,2044.68,0.6613,247.4,56.28,0.3834,0.10851,16.025,18.98
2023-11-13 00:00:00,36914.01,2039.74,0.6539,245.5,56.99,0.3766,0.1091,15.507,18.2
2023-11-13 04:00:00,36960.29,2048.15,0.6562,245.7,58.24,0.3771,0.11016,15.289,18.09
2023-11-13 08:00:00,36810.02,2046.73,0.6509,244.9,57.04,0.3679,0.10955,15.134,17.92
2023-11-13 12:00:00,36841.91,2105.24,0.6501,247.1,55.64,0.3696,0.10967,15.146,17.6
2023-11-13 16:00:00,36844.98,2100.0,0.652,246.1,54.64,0.3679,0.10964,15.148,17.26
2023-11-13 20:00:00,36462.93,2053.65,0.6702,241.1,51.6,0.3568,0.10688,14.358,16.12
2023-11-14 00:00:00,36448.07,2055.54,0.6599,242.4,54.03,0.3588,0.10597,14.639,16.72
2023-11-14 04:00:00,36683.86,2060.34,0.6641,244.3,55.16,0.3676,0.1068,14.802,17.27
2023-11-14 08:00:00,36259.18,2031.84,0.6506,244.5,52.65,0.3567,0.10537,14.303,16.76
2023-11-14 12:00:00,36147.09,2038.09,0.654,244.2,56.23,0.3636,0.10559,14.069,17.3
2023-11-14 16:00:00,35293.99,1978.99,0.6227,240.0,55.1,0.3497,0.10225,14.057,16.73
2023-11-14 20:00:00,35551.19,1979.39,0.6296,242.3,56.81,0.3579,0.10222,13.945,17.05
2023-11-15 00:00:00,35381.99,1967.76,0.626,243.9,56.24,0.3538,0.1026,14.158,17.39
2023-11-15 04:00:00,35576.88,1982.88,0.6291,245.4,59.16,0.3628,0.104,14.597,18.6
2023-11-15 08:00:00,36240.94,2013.15,0.6403,247.0,62.99,0.3722,0.10448,15.138,19.64
2023-11-15 12:00:00,36402.42,2021.26,0.6399,252.4,62.42,0.3715,0.10411,14.886,20.44
2023-11-15 16:00:00,37499.99,2051.27,0.646,253.0,65.33,0.3757,0.10378,15.137,20.72
2023-11-15 20:00:00,37858.2,2058.48,0.6481,253.7,65.43,0.3788,0.10406,15.027,20.7
2023-11-16 00:00:00,37454.98,2053.01,0.6461,253.2,65.88,0.3814,0.10446,14.931,22.44
2023-11-16 04:00:00,37437.25,2053.31,0.6512,254.8,65.68,0.3962,0.10449,14.982,23.4
2023-11-16 08:00:00,37247.48,2068.61,0.6412,251.7,64.03,0.3926,0.10413,14.679,23.16
2023-11-16 12:00:00,36406.0,1995.67,0.622,246.5,61.6,0.3828,0.103,14.131,22.79
2023-11-16 16:00:00,35921.01,1964.99,0.6164,243.2,62.34,0.367,0.10198,14.033,22.01
2023-11-16 20:00:00,36163.51,1961.77,0.6119,242.7,57.8,0.3706,0.10233,13.866,21.71
2023-11-17 00:00:00,36483.99,1983.97,0.6218,244.6,58.95,0.375,0.10319,13.988,23.54
2023-11-17 04:00:00,36239.76,1970.0,0.6153,244.5,58.16,0.3674,0.10362,13.79,22.7
2023-11-17 08:00:00,36372.83,1965.68,0.6127,244.3,58.15,0.3728,0.10307,13.425,21.78
2023-11-17 12:00:00,36044.8,1918.35,0.59,238.9,55.04,0.3555,0.10192,12.954,20.16
2023-11-17 16:00:00,36322.4,1938.88,0.6069,243.3,57.58,0.3638,0.10297,13.541,21.19
2023-11-17 20:00:00,36613.92,1960.82,0.6133,244.9,58.51,0.3671,0.10371,13.702,21.94
2023-11-18 00:00:00,36371.81,1940.8,0.6026,241.5,56.68,0.3597,0.10307,13.398,20.81
2023-11-18 04:00:00,36417.16,1935.69,0.6006,241.9,56.36,0.3573,0.10197,13.346,21.05
2023-11-18 08:00:00,36402.8,1934.92,0.6031,242.9,56.96,0.3585,0.10216,13.309,21.05
2023-11-18 12:00:00,36664.16,1952.8,0.6072,244.4,58.01,0.3668,0.10278,13.544,22.21
2023-11-18 16:00:00,36679.1,1964.04,0.6131,245.1,59.06,0.3737,0.10298,13.711,22.28
2023-11-18 20:00:00,36568.1,1962.6,0.6106,244.8,58.56,0.3772,0.1029,13.75,21.99
2023-11-19 00:00:00,36521.11,1955.76,0.6074,244.2,58.25,0.3766,0.10228,14.102,21.11
2023-11-19 04:00:00,36611.5,1961.93,0.61,244.2,60.44,0.3748,0.10275,14.281,21.74
2023-11-19 08:00:00,36453.62,1952.03,0.6089,243.2,59.87,0.3746,0.10264,14.191,21.33
2023-11-19 12:00:00,36568.27,1966.8,0.6209,243.6,59.97,0.3769,0.1033,14.199,21.52
2023-11-19 16:00:00,36948.97,1983.55,0.6245,245.7,61.19,0.3835,0.10373,14.854,22.27
2023-11-19 20:00:00,37359.86,2011.47,0.6258,246.4,61.1,0.384,0.10349,14.908,22.85
2023-11-20 00:00:00,37114.34,1999.52,0.6228,246.7,59.92,0.3819,0.10328,14.86,22.56
2023-11-20 04:00:00,37244.47,2019.11,0.6224,247.3,59.88,0.3872,0.10355,15.203,22.35
2023-11-20 08:00:00,37147.5,2024.41,0.6234,247.5,60.08,0.3923,0.10472,15.096,21.95
2023-11-20 12:00:00,37461.61,2042.22,0.619,248.2,59.01,0.3921,0.10368,15.127,21.9
2023-11-20 16:00:00,37569.23,2036.21,0.6188,257.5,57.54,0.3854,0.1022,14.802,21.26
2023-11-20 20:00:00,37448.78,2021.4,0.6122,253.1,56.57,0.3804,0.10096,14.477,20.85
2023-11-21 00:00:00,37464.86,2018.55,0.6137,262.7,56.0,0.3848,0.10125,14.397,20.81
2023-11-21 04:00:00,37279.91,2003.77,0.6099,257.4,55.39,0.3825,0.10136,14.114,20.62
2023-11-21 08:00:00,37174.97,2004.01,0.6112,258.7,56.27,0.3786,0.10152,14.174,21.43
2023-11-21 12:00:00,36975.04,1988.33,0.6042,264.5,55.11,0.3759,0.10021,14.248,21.49
2023-11-21 16:00:00,36980.0,1985.6,0.595,240.1,54.81,0.3693,0.09762,13.983,20.82
2023-11-21 20:00:00,35741.65,1933.01,0.5788,225.5,51.65,0.3566,0.09612,13.359,19.02
2023-11-22 00:00:00,36380.0,1978.31,0.5932,234.3,54.37,0.3704,0.098,13.963,19.89
2023-11-22 04:00:00,36439.81,1993.73,0.5933,233.0,54.67,0.3682,0.09829,14.131,20.17
2023-11-22 08:00:00,36463.93,2015.13,0.5942,234.0,54.53,0.3686,0.10061,14.12,19.96
2023-11-22 12:00:00,36481.14,2033.58,0.5934,231.7,54.94,0.3694,0.10019,14.225,19.99
2023-11-22 16:00:00,37289.98,2076.97,0.6091,235.3,57.34,0.378,0.10108,14.475,20.92
2023-11-22 20:00:00,37408.34,2063.21,0.6109,236.1,57.56,0.3805,0.10115,14.212,20.78
2023-11-23 00:00:00,37299.69,2059.53,0.6111,235.4,57.64,0.3799,0.10135,14.413,20.82
2023-11-23 04:00:00,37369.21,2065.69,0.6113,235.2,57.8,0.3814,0.1014,14.532,21.08
2023-11-23 08:00:00,37370.0,2062.61,0.6135,232.8,57.97,0.3827,0.10125,14.345,20.83
2023-11-23 12:00:00,36951.34,2042.27,0.6161,230.9,56.6,0.3779,0.101,14.139,20.61
2023-11-23 16:00:00,37281.42,2062.19,0.6214,233.7,56.35,0.3798,0.10164,14.523,20.5
2023-11-23 20:00:00,37294.28,2062.2,0.6209,233.8,56.51,0.3873,0.10208,14.398,20.64
2023-11-24 00:00:00,37315.65,2064.0,0.6206,234.8,57.28,0.3949,0.10206,14.365,20.75
2023-11-24 04:00:00,37522.99,2080.02,0.6239,235.4,57.34,0.3918,0.10277,14.374,20.7
2023-11-24 08:00:00,37741.99,2097.01,0.6203,235.2,58.03,0.3902,0.1025,14.415,21.08
2023-11-24 12:00:00,38221.11,2116.43,0.6221,235.1,58.13,0.3922,0.10299,14.58,21.58
2023-11-24 16:00:00,37766.11,2087.51,0.6191,232.7,57.14,0.3861,0.10472,14.395,21.02
2023-11-24 20:00:00,37713.57,2080.84,0.6212,232.7,56.86,0.3862,0.10455,14.482,20.89
2023-11-25 00:00:00,37798.0,2086.77,0.6216,234.3,58.83,0.3906,0.10546,14.754,21.36
2023-11-25 04:00:00,37802.4,2088.08,0.6221,235.5,58.6,0.3928,0.10541,14.741,21.17
2023-11-25 08:00:00,37652.51,2070.6,0.6176,233.1,57.81,0.3882,0.10505,14.754,20.75
2023-11-25 12:00:00,37704.38,2078.03,0.6193,233.6,58.55,0.3932,0.10656,14.79,20.97
2023-11-25 16:00:00,37819.43,2082.51,0.6205,233.2,59.03,0.3949,0.10608,14.704,21.14
2023-11-25 20:00:00,37780.67,2083.09,0.6228,234.4,58.82,0.3941,0.10895,14.762,21.36
2023-11-26 00:00:00,37730.38,2075.95,0.6199,232.8,58.31,0.3909,0.10879,14.771,21.03
2023-11-26 04:00:00,37789.78,2088.9,0.6217,233.9,58.41,0.395,0.10855,15.109,21.25
2023-11-26 08:00:00,37679.31,2084.66,0.6298,233.4,57.86,0.3912,0.10816,15.193,21.04
2023-11-26 12:00:00,37437.11,2064.66,0.6221,231.3,57.1,0.3862,0.10809,14.808,20.69
2023-11-26 16:00:00,37380.07,2057.05,0.618,231.5,57.2,0.3847,0.10773,14.672,20.84
2023-11-26 20:00:00,37447.43,2062.33,0.6157,231.7,57.57,0.3873,0.10778,14.766,21.06
2023-11-27 00:00:00,37309.25,2048.54,0.61,229.0,56.6,0.384,0.10661,14.686,20.64
2023-11-27 04:00:00,37283.19,2045.56,0.6074,228.8,55.93,0.3831,0.10601,14.514,20.51
2023-11-27 08:00:00,37035.95,2024.99,0.6039,225.8,55.02,0.3804,0.10418,14.249,20.51
2023-11-27 12:00:00,36751.02,2003.09,0.5979,222.9,53.94,0.3748,0.10316,14.088,20.12
2023-11-27 16:00:00,36877.0,1994.79,0.5987,224.6,54.13,0.3741,0.10371,13.962,20.0
2023-11-27 20:00:00,37242.7,2027.5,0.6039,227.2,55.06,0.3777,0.10193,14.186,20.35
2023-11-28 00:00:00,37129.56,2027.22,0.6047,226.7,54.96,0.3761,0.10152,14.143,20.21
2023-11-28 04:00:00,37105.11,2014.62,0.6028,225.9,55.09,0.3738,0.10144,13.985,19.73
2023-11-28 08:00:00,37251.42,2028.07,0.6047,228.9,56.19,0.3777,0.1019,14.298,20.18
2023-11-28 12:00:00,37513.19,2036.39,0.6086,229.8,56.05,0.3811,0.10273,14.387,20.35
2023-11-28 16:00:00,38114.26,2059.0,0.6109,230.3,58.04,0.387,0.10339,14.586,20.68
2023-11-28 20:00:00,37818.87,2048.14,0.6107,229.6,58.18,0.3858,0.10295,14.521,20.68
2023-11-29 00:00:00,37940.49,2053.27,0.6121,229.4,58.53,0.3847,0.103,14.645,20.85
2023-11-29 04:00:00,38096.69,2057.61,0.6134,229.8,59.36,0.3854,0.10372,14.696,21.15
2023-11-29 08:00:00,38104.65,2052.95,0.611,229.3,60.64,0.3842,0.10353,14.742,21.18
2023-11-29 12:00:00,37830.75,2031.72,0.6079,227.6,60.06,0.3797,0.10371,14.585,21.27
2023-11-29 16:00:00,37874.2,2038.9,0.6093,227.5,60.06,0.3856,0.10353,14.645,21.08
2023-11-29 20:00:00,37854.64,2028.81,0.6091,227.3,59.31,0.3816,0.10343,14.511,21.12
2023-11-30 00:00:00,38051.84,2040.71,0.6084,228.8,60.42,0.3816,0.10317,14.641,21.36
2023-11-30 04:00:00,37792.98,2035.76,0.6038,227.7,60.0,0.3769,0.10321,14.436,21.04
2023-11-30 08:00:00,37885.15,2045.48,0.6056,228.9,60.78,0.3769,0.1041,14.762,21.08
2023-11-30 12:00:00,37619.84,2033.05,0.6019,226.7,59.59,0.3749,0.10341,14.393,21.08
2023-11-30 16:00:00,37749.34,2041.43,0.6033,227.3,59.99,0.3752,0.10343,14.333,21.07
2023-11-30 20:00:00,37723.96,2051.96,0.6063,227.6,59.3,0.3759,0.10347,14.412,21.39
2023-12-01 00:00:00,38043.05,2092.2,0.6104,229.1,60.75,0.3791,0.10361,14.617,22.37
2023-12-01 04:00:00,38244.08,2092.75,0.6103,228.7,60.86,0.3789,0.10351,14.731,22.27
2023-12-01 08:00:00,38580.17,2093.01,0.6111,228.9,61.04,0.382,0.10407,14.8,22.34
2023-12-01 12:00:00,38413.5,2080.16,0.6076,228.3,60.12,0.3812,0.10267,14.937,22.22
2023-12-01 16:00:00,38762.4,2090.2,0.6121,228.7,60.51,0.3847,0.1032,14.954,21.83
2023-12-01 20:00:00,38682.52,2087.24,0.6125,228.5,59.75,0.3844,0.10306,14.988,21.87
2023-12-02 00:00:00,38782.27,2092.93,0.6127,229.2,61.01,0.3861,0.1033,15.338,22.04
2023-12-02 04:00:00,38702.48,2095.99,0.6137,228.3,62.01,0.3864,0.10327,15.74,22.09
2023-12-02 08:00:00,38740.16,2099.15,0.6133,227.1,62.15,0.3889,0.10284,15.645,21.99
2023-12-02 12:00:00,38811.75,2104.17,0.6138,227.3,61.89,0.3891,0.10268,15.841,21.96
2023-12-02 16:00:00,39420.0,2158.77,0.6189,228.9,62.98,0.3933,0.10308,16.106,22.3
2023-12-02 20:00:00,39450.35,2164.74,0.6208,229.0,63.66,0.3976,0.10317,15.992,22.24
2023-12-03 00:00:00,39381.11,2161.74,0.6182,228.4,64.09,0.3967,0.10339,15.949,22.3
2023-12-03 04:00:00,39478.72,2164.73,0.6204,228.1,63.96,0.3967,0.10339,16.274,22.18
2023-12-03 08:00:00,39479.7,2159.31,0.6283,227.9,63.52,0.394,0.10324,15.997,22.02
2023-12-03 12:00:00,39760.42,2160.48,0.6213,226.9,62.98,0.3905,0.10292,15.833,21.84
2023-12-03 16:00:00,39565.99,2167.57,0.6215,226.9,62.94,0.3901,0.10337,15.86,21.73
2023-12-03 20:00:00,39972.26,2192.95,0.6229,228.1,62.98,0.3949,0.10308,15.705,21.94
2023-12-04 00:00:00,40709.77,2210.51,0.6277,228.7,64.23,0.403,0.10351,15.904,22.14
2023-12-04 04:00:00,41441.1,2246.3,0.6331,231.9,63.69,0.4084,0.10431,16.075,22.45
2023-12-04 08:00:00,41596.01,2237.52,0.6199,229.7,62.11,0.4037,0.10333,15.625,22.01
2023-12-04 12:00:00,41270.33,2211.75,0.6159,229.8,60.53,0.3975,0.1026,15.458,21.4
2023-12-04 16:00:00,41987.28,2234.46,0.6213,232.0,61.04,0.4012,0.10301,15.648,21.76
2023-12-04 20:00:00,41991.1,2243.37,0.6245,233.5,61.64,0.4068,0.10384,15.813,22.68
2023-12-05 00:00:00,41829.99,2230.78,0.6184,232.9,60.62,0.4054,0.10327,15.649,22.72
2023-12-05 04:00:00,41528.0,2200.27,0.6127,229.4,59.69,0.3991,0.10299,15.322,22.18
2023-12-05 08:00:00,41726.09,2204.86,0.6108,230.1,60.16,0.3994,0.10281,15.322,22.0
2023-12-05 12:00:00,42268.29,2228.45,0.6143,231.1,60.96,0.4032,0.10309,15.534,22.34
2023-12-05 16:00:00,43814.36,2272.72,0.6222,231.2,61.37,0.4219,0.10361,15.705,23.54
2023-12-05 20:00:00,44073.32,2293.33,0.621,231.2,61.03,0.4257,0.10356,15.729,24.54
2023-12-06 00:00:00,43736.06,2281.8,0.6221,231.8,64.36,0.4253,0.10332,15.705,26.7
2023-12-06 04:00:00,43688.87,2265.82,0.6275,233.3,63.36,0.4298,0.10299,15.629,25.9
2023-12-06 08:00:00,43839.21,2253.15,0.6204,230.2,63.05,0.4371,0.10489,15.551,25.58
2023-12-06 12:00:00,43785.2,2252.25,0.6273,230.0,62.61,0.4506,0.10499,15.541,25.8
2023-12-06 16:00:00,43984.71,2262.8,0.6309,230.9,64.42,0.4477,0.10547,15.762,27.39
2023-12-06 20:00:00,43762.69,2232.7,0.64,229.4,61.85,0.4429,0.10476,15.268,26.2
2023-12-07 00:00:00,43926.84,2249.07,0.6329,232.7,62.92,0.4442,0.10503,15.468,26.37
2023-12-07 04:00:00,43884.01,2261.66,0.6481,232.5,63.37,0.4463,0.10479,15.569,26.62
2023-12-07 08:00:00,43188.03,2236.05,0.6316,230.2,64.18,0.4351,0.10316,15.101,26.52
2023-12-07 12:00:00,43659.99,2321.39,0.6369,232.7,65.81,0.4437,0.10375,15.231,26.89
2023-12-07 16:00:00,43203.58,2335.62,0.6418,230.7,64.77,0.452,0.10373,15.226,26.44
2023-12-07 20:00:00,43273.14,2355.73,0.6432,232.6,67.74,0.4555,0.10416,15.691,26.28
2023-12-08 00:00:00,43366.01,2375.23,0.6466,235.5,71.47,0.4635,0.10478,15.814,26.68
2023-12-08 04:00:00,43166.01,2352.81,0.6412,233.0,71.39,0.4747,0.10606,15.908,26.88
2023-12-08 08:00:00,43653.82,2365.84,0.6485,234.6,72.95,0.5201,0.10551,16.436,27.52
2023-12-08 12:00:00,43760.94,2346.08,0.6591,235.1,72.02,0.5485,0.10596,16.693,27.71
2023-12-08 16:00:00,43945.11,2353.0,0.6707,237.9,72.28,0.5325,0.10687,16.78,29.42
2023-12-08 20:00:00,44170.99,2358.72,0.6721,238.9,74.94,0.5454,0.10663,16.925,30.44
2023-12-09 00:00:00,44139.38,2360.26,0.6757,243.7,74.16,0.5777,0.10745,16.865,31.79
2023-12-09 04:00:00,44180.22,2383.1,0.6918,243.9,76.96,0.6244,0.10845,17.188,32.85
2023-12-09 08:00:00,43817.35,2356.35,0.6868,242.4,77.1,0.6229,0.10778,16.974,33.58
2023-12-09 12:00:00,44045.1,2362.72,0.6804,240.7,75.57,0.6129,0.10757,16.627,32.96
2023-12-09 16:00:00,43924.39,2357.56,0.6706,239.7,74.08,0.5911,0.10743,16.558,32.21
2023-12-09 20:00:00,43713.6,2340.49,0.6584,237.7,72.3,0.5791,0.10664,16.196,31.91
2023-12-10 00:00:00,43845.32,2351.26,0.6654,240.6,73.0,0.5923,0.10753,16.365,32.92
2023-12-10 04:00:00,43966.44,2354.0,0.6657,240.6,72.47,0.5906,0.10794,16.315,32.64
2023-12-10 08:00:00,43738.02,2337.65,0.656,238.4,71.42,0.5905,0.10698,15.93,32.28
2023-12-10 12:00:00,43903.73,2352.0,0.6611,240.0,73.73,0.5939,0.10794,16.132,33.16
2023-12-10 16:00:00,43797.1,2355.0,0.6626,240.1,73.47,0.5992,0.10766,16.21,35.57
2023-12-10 20:00:00,43789.51,2352.39,0.6617,239.8,74.87,0.5948,0.10784,16.367,37.14
2023-12-11 00:00:00,42309.58,2251.43,0.6275,233.2,70.88,0.5588,0.10446,15.1,36.41
2023-12-11 04:00:00,42132.51,2237.36,0.6217,232.5,68.49,0.5551,0.10471,14.862,35.29
2023-12-11 08:00:00,42344.01,2249.68,0.6266,236.0,69.66,0.5522,0.10572,15.046,36.39
2023-12-11 12:00:00,41803.44,2219.34,0.6199,244.3,69.26,0.5456,0.10474,14.783,35.46
2023-12-11 16:00:00,40779.99,2187.61,0.6123,240.0,69.33,0.5328,0.10301,14.575,36.83
2023-12-11 20:00:00,41253.4,2225.12,0.6187,246.4,70.25,0.5507,0.10383,14.768,38.04
2023-12-12 00:00:00,41735.29,2231.6,0.6237,253.3,71.18,0.5625,0.10492,14.98,41.94
2023-12-12 04:00:00,41916.27,2233.46,0.6251,250.4,71.77,0.593,0.10502,15.04,40.96
2023-12-12 08:00:00,41584.57,2208.39,0.6196,250.2,70.61,0.5916,0.10434,14.799,40.04
2023-12-12 12:00:00,41348.0,2192.99,0.6171,254.1,68.46,0.5825,0.10371,14.643,37.64
2023-12-12 16:00:00,41137.99,2179.05,0.617,255.4,67.62,0.5729,0.10356,14.404,37.68
2023-12-12 20:00:00,41492.39,2203.46,0.6192,254.6,68.6,0.5784,0.10359,14.523,37.49
2023-12-13 00:00:00,40829.36,2166.03,0.6046,246.3,65.48,0.5563,0.10259,14.08,34.97
2023-12-13 04:00:00,41115.27,2172.49,0.6049,247.9,64.89,0.5576,0.10264,14.21,35.26
2023-12-13 08:00:00,41004.69,2171.64,0.6011,249.5,65.38,0.578,0.10294,14.105,35.86
2023-12-13 12:00:00,41939.18,2217.7,0.6148,251.5,67.56,0.626,0.10362,14.565,39.01
2023-12-13 16:00:00,42734.01,2253.03,0.6254,253.4,70.35,0.6438,0.10399,14.79,41.04
2023-12-13 20:00:00,42869.03,2260.16,0.6275,252.0,70.62,0.6675,0.1043,14.77,38.99
2023-12-14 00:00:00,42713.86,2251.39,0.6231,248.6,70.08,0.6564,0.10398,14.744,38.73
2023-12-14 04:00:00,42898.98,2282.84,0.6259,251.0,71.52,0.6559,0.10433,14.85,38.72
2023-12-14 08:00:00,43267.06,2307.35,0.634,252.1,73.53,0.6572,0.10548,15.276,39.61
2023-12-14 12:00:00,42448.28,2275.0,0.623,251.3,71.65,0.6358,0.10534,14.871,38.24
2023-12-14 16:00:00,43094.13,2293.0,0.6321,251.9,73.28,0.6376,0.10559,15.278,38.85
2023-12-14 20:00:00,43022.26,2315.32,0.6316,253.3,75.68,0.6433,0.106,15.37,39.3
2023-12-15 00:00:00,42795.94,2280.45,0.6351,251.0,74.38,0.6378,0.1059,15.003,39.49
2023-12-15 04:00:00,42699.99,2271.46,0.6307,249.0,76.62,0.6295,0.10516,14.883,39.35
2023-12-15 08:00:00,42776.03,2272.74,0.6295,249.7,79.14,0.6384,0.10477,15.052,40.95
2023-12-15 12:00:00,41909.56,2231.77,0.6194,246.1,76.06,0.6227,0.10315,14.774,40.38
2023-12-15 16:00:00,42096.08,2242.22,0.6233,246.5,76.94,0.6149,0.10242,14.769,41.26
2023-12-15 20:00:00,41940.3,2220.5,0.6156,244.9,72.51,0.6004,0.10156,14.281,39.71
2023-12-16 00:00:00,42333.79,2254.27,0.6215,247.7,74.21,0.6156,0.10216,14.503,41.15
2023-12-16 04:00:00,42222.67,2241.45,0.6199,246.7,74.38,0.6121,0.103,14.44,41.85
2023-12-16 08:00:00,42331.99,2253.71,0.6237,247.0,75.15,0.6164,0.10303,14.557,43.64
2023-12-16 12:00:00,42604.0,2256.74,0.6247,246.4,77.15,0.622,0.10262,14.649,44.89
2023-12-16 16:00:00,42351.73,2235.17,0.6192,245.3,74.16,0.6106,0.1024,14.392,42.49
2023-12-16 20:00:00,42278.03,2228.96,0.6203,244.4,73.72,0.6078,0.10282,14.32,42.22
2023-12-17 00:00:00,41925.55,2216.26,0.6187,243.1,73.51,0.6145,0.10276,14.191,43.35
2023-12-17 04:00:00,41886.75,2208.63,0.6135,240.4,72.38,0.5938,0.10222,14.033,41.47
2023-12-17 08:00:00,41960.07,2215.97,0.6201,241.5,73.08,0.6008,0.10301,14.202,42.28
2023-12-17 12:00:00,41811.37,2221.71,0.6184,242.1,72.68,0.593,0.10313,14.238,42.08
2023-12-17 16:00:00,42105.91,2234.5,0.6189,242.6,73.54,0.5941,0.10279,14.278,41.85
2023-12-17 20:00:00,41374.65,2196.52,0.6103,238.8,70.87,0.5804,0.10203,14.013,40.62
2023-12-18 00:00:00,41090.92,2174.8,0.606,237.3,69.94,0.5733,0.10042,13.868,39.54
2023-12-18 04:00:00,41126.02,2169.19,0.6012,236.7,68.94,0.5685,0.10011,13.88,38.83
2023-12-18 08:00:00,41105.12,2142.19,0.5894,235.6,69.01,0.5599,0.09873,14.176,38.17
2023-12-18 12:00:00,41265.96,2155.2,0.5965,237.0,70.73,0.5667,0.0993,13.989,39.13
2023-12-18 16:00:00,41701.1,2174.8,0.6051,238.3,72.34,0.5781,0.09992,14.303,39.82
2023-12-18 20:00:00,42657.8,2219.43,0.6125,241.7,74.42,0.6021,0.1009,14.674,41.16
2023-12-19 00:00:00,43082.2,2237.11,0.6125,245.2,75.27,0.6106,0.10119,14.644,40.73
2023-12-19 04:00:00,43036.16,2247.99,0.6112,244.9,75.71,0.6084,0.10145,14.596,40.81
2023-12-19 08:00:00,42976.11,2236.13,0.6082,252.0,74.63,0.5937,0.10114,14.55,41.01
2023-12-19 12:00:00,42486.86,2191.38,0.6056,251.4,73.67,0.5817,0.10081,14.237,39.79
2023-12-19 16:00:00,42341.96,2176.68,0.6051,253.7,74.26,0.5791,0.10053,14.074,40.51
2023-12-19 20:00:00,42275.99,2177.91,0.6047,252.9,73.0,0.5761,0.1006,14.1,39.74
2023-12-20 00:00:00,42419.75,2186.28,0.6086,252.2,74.92,0.5788,0.10112,14.143,40.27
2023-12-20 04:00:00,42924.23,2216.76,0.6099,256.4,76.07,0.5918,0.10199,14.424,41.47
2023-12-20 08:00:00,42864.44,2211.4,0.611,255.6,77.07,0.5913,0.10237,14.401,42.54
2023-12-20 12:00:00,44027.2,2246.96,0.622,258.2,80.68,0.6007,0.10295,14.707,43.72
2023-12-20 16:00:00,43738.01,2204.51,0.6209,259.7,81.07,0.5945,0.10299,14.331,42.94
2023-12-20 20:00:00,43668.93,2202.17,0.6171,260.3,82.21,0.5894,0.10273,14.253,43.46
2023-12-21 00:00:00,43649.37,2200.61,0.6146,258.5,83.38,0.5936,0.10351,14.298,44.18
2023-12-21 04:00:00,43764.5,2215.11,0.6165,260.8,86.83,0.5981,0.10381,14.437,44.82
2023-12-21 08:00:00,43931.6,2253.01,0.6184,271.6,87.01,0.61,0.10454,15.081,45.4
2023-12-21 12:00:00,43823.99,2232.51,0.6155,271.7,87.5,0.5972,0.10415,14.966,44.7
2023-12-21 16:00:00,43588.8,2225.12,0.6188,270.2,92.89,0.6143,0.10431,14.96,45.67
2023-12-21 20:00:00,43861.8,2239.61,0.6241,272.1,93.84,0.6351,0.10463,15.305,45.97
2023-12-22 00:00:00,44008.0,2249.1,0.6203,271.6,97.77,0.6277,0.10413,15.29,47.73
2023-12-22 04:00:00,43584.37,2273.22,0.619,265.2,93.78,0.6145,0.10445,15.165,45.85
2023-12-22 08:00:00,43753.94,2313.03,0.6217,270.3,93.78,0.6181,0.10434,15.322,44.59
2023-12-22 12:00:00,43671.1,2319.74,0.6199,271.6,96.31,0.6194,0.10442,15.478,45.12
2023-12-22 16:00:00,43640.79,2310.09,0.6181,270.0,96.91,0.6171,0.1047,15.314,45.06
2023-12-22 20:00:00,43969.04,2324.54,0.6244,271.1,97.9,0.6226,0.10508,15.479,45.35
2023-12-23 00:00:00,43526.43,2272.84,0.6141,266.3,93.73,0.5999,0.10417,14.983,43.89
2023-12-23 04:00:00,43562.32,2283.54,0.6152,266.4,95.36,0.6037,0.10465,15.025,45.12
2023-12-23 08:00:00,43547.78,2286.98,0.6153,268.1,95.87,0.6042,0.10551,15.267,45.02
2023-12-23 12:00:00,43756.24,2285.51,0.6181,269.8,96.77,0.6037,0.10596,15.821,45.07
2023-12-23 16:00:00,43703.81,2292.26,0.6185,270.3,102.88,0.6043,0.10655,15.617,45.26
2023-12-23 20:00:00,43702.16,2308.2,0.6195,271.0,107.88,0.613,0.10676,15.682,48.05
2023-12-24 00:00:00,43834.48,2316.67,0.6201,270.0,116.22,0.6192,0.10678,15.642,48.51
2023-12-24 04:00:00,43651.17,2295.02,0.6166,269.2,114.51,0.6147,0.10623,15.534,48.2
2023-12-24 08:00:00,43634.2,2288.91,0.6186,268.2,110.34,0.6142,0.10592,15.676,47.49
2023-12-24 12:00:00,43680.23,2293.03,0.6214,269.5,113.55,0.615,0.10661,15.785,47.85
2023-12-24 16:00:00,43618.07,2288.19,0.6236,268.6,115.16,0.618,0.10733,15.857,49.4
2023-12-24 20:00:00,42991.5,2264.05,0.6121,264.5,112.45,0.5919,0.1062,15.262,47.68
2023-12-25 00:00:00,43152.78,2276.11,0.6164,264.8,112.03,0.6041,0.10776,15.426,47.39
2023-12-25 04:00:00,43208.15,2280.54,0.6164,265.1,112.93,0.6026,0.10773,15.394,47.01
2023-12-25 08:00:00,43171.11,2278.73,0.6421,264.7,111.75,0.6065,0.10747,15.241,46.47
2023-12-25 12:00:00,43618.0,2286.48,0.6333,267.1,123.15,0.6171,0.10757,15.541,48.67
2023-12-25 16:00:00,43474.25,2273.19,0.6377,266.0,121.26,0.62,0.10609,15.385,47.69
2023-12-25 20:00:00,43576.13,2271.35,0.6462,266.9,120.91,0.6242,0.10586,15.585,48.18
2023-12-26 00:00:00,43451.46,2268.73,0.6384,271.1,119.37,0.6184,0.10616,15.759,47.37
2023-12-26 04:00:00,42774.12,2241.4,0.6216,273.0,113.4,0.6043,0.10493,15.3,46.05
2023-12-26 08:00:00,42685.55,2242.6,0.6243,290.2,114.8,0.6139,0.10469,15.399,46.59
2023-12-26 12:00:00,42391.5,2228.99,0.62,296.0,110.51,0.608,0.10359,15.071,44.85
2023-12-26 16:00:00,42109.11,2211.7,0.6164,295.6,106.65,0.5901,0.1028,14.836,43.0
2023-12-26 20:00:00,42508.93,2230.88,0.6219,297.7,112.49,0.6087,0.10305,15.092,44.41
2023-12-27 00:00:00,42234.66,2216.93,0.6163,290.0,108.53,0.5901,0.10253,14.738,42.74
2023-12-27 04:00:00,42455.83,2228.52,0.6192,293.2,111.36,0.5964,0.10339,14.889,43.27
2023-12-27 08:00:00,43019.11,2285.93,0.6272,310.6,112.78,0.6123,0.1043,15.462,44.49
2023-12-27 12:00:00,42980.65,2341.96,0.6334,311.5,107.8,0.62,0.1047,16.142,43.24
2023-12-27 16:00:00,43154.34,2346.67,0.6391,312.4,109.02,0.6367,0.10502,16.31,42.88
2023-12-27 20:00:00,43428.85,2378.35,0.634,324.1,106.91,0.6334,0.10534,16.709,42.39
2023-12-28 00:00:00,43408.41,2413.65,0.6414,326.0,104.49,0.6601,0.10559,17.428,42.17
2023-12-28 04:00:00,43049.17,2380.0,0.6365,323.8,105.85,0.6615,0.10542,16.941,41.48
2023-12-28 08:00:00,43059.98,2401.46,0.6432,335.9,104.86,0.6455,0.10622,17.316,42.14
2023-12-28 12:00:00,42445.99,2358.85,0.6295,329.0,99.71,0.617,0.105,16.16,40.09
2023-12-28 16:00:00,42610.64,2362.27,0.632,330.4,101.1,0.6255,0.10533,16.468,39.92
2023-12-28 20:00:00,42563.76,2344.15,0.6346,322.6,101.8,0.6158,0.10545,16.005,39.8
2023-12-29 00:00:00,42697.42,2351.9,0.6314,321.0,104.89,0.6138,0.10553,15.934,41.04
2023-12-29 04:00:00,42273.34,2332.69,0.6241,313.3,105.12,0.608,0.10544,15.718,40.59
2023-12-29 08:00:00,42862.01,2372.1,0.6314,317.8,107.56,0.6218,0.10624,16.165,41.84
2023-12-29 12:00:00,42271.09,2327.18,0.6244,311.7,105.98,0.6039,0.10577,15.595,39.83
2023-12-29 16:00:00,42116.51,2316.88,0.6235,314.2,105.84,0.6089,0.1056,15.581,40.37
2023-12-29 20:00:00,42066.95,2299.2,0.623,313.7,106.17,0.6083,0.1056,15.54,40.18
2023-12-30 00:00:00,41972.81,2298.06,0.6204,315.9,103.55,0.6046,0.10622,15.283,39.74
2023-12-30 04:00:00,41947.16,2295.68,0.6221,318.2,103.44,0.6033,0.10647,15.304,39.11
2023-12-30 08:00:00,41893.96,2288.14,0.6204,316.7,102.16,0.5993,0.10572,15.145,39.16
2023-12-30 12:00:00,42374.96,2312.97,0.6281,318.7,104.26,0.6096,0.10601,15.379,39.82
2023-12-30 16:00:00,42361.13,2299.87,0.6248,316.2,103.26,0.6074,0.10604,15.261,39.96
2023-12-30 20:00:00,42140.28,2291.68,0.6207,317.1,101.9,0.6011,0.10595,15.167,39.33
2023-12-31 00:00:00,42176.0,2284.02,0.6203,319.7,100.65,0.6011,0.1059,15.031,38.91
2023-12-31 04:00:00,42537.1,2294.81,0.6236,322.7,103.98,0.6074,0.10641,15.205,40.31
2023-12-31 08:00:00,42518.36,2308.6,0.6233,317.9,104.26,0.6047,0.10661,15.335,39.97
2023-12-31 12:00:00,42457.17,2298.99,0.6222,315.7,102.49,0.6004,0.10737,15.295,39.22
2023-12-31 16:00:00,42619.04,2294.83,0.6206,316.2,103.77,0.5997,0.10872,15.293,39.33
2023-12-31 20:00:00,42283.58,2281.87,0.6156,311.8,101.72,0.594,0.10764,14.941,38.55
2024-01-01 00:00:00,42330.49,2273.81,0.613,309.2,103.07,0.5956,0.10711,14.931,38.51
2024-01-01 04:00:00,42492.46,2284.67,0.615,310.6,102.51,0.5991,0.10698,15.219,38.53
2024-01-01 08:00:00,42690.2,2304.47,0.6205,309.5,104.32,0.6031,0.10694,15.297,39.52
2024-01-01 12:00:00,42783.05,2314.7,0.6213,312.5,105.98,0.6059,0.1072,15.307,40.15
2024-01-01 16:00:00,43517.99,2337.26,0.6258,311.8,108.81,0.6185,0.10755,15.455,41.05
2024-01-01 20:00:00,44179.55,2352.04,0.6294,313.5,109.91,0.6232,0.10772,15.548,41.94
2024-01-02 00:00:00,45402.38,2386.43,0.6339,319.2,111.41,0.6302,0.10827,15.7,42.08
2024-01-02 04:00:00,45455.53,2385.84,0.6307,317.4,114.47,0.6272,0.10864,15.89,43.21
2024-01-02 08:00:00,45433.99,2391.24,0.632,319.8,113.86,0.626,0.11012,15.861,42.28
2024-01-02 12:00:00,45184.82,2357.48,0.6256,308.4,109.61,0.6138,0.10874,15.364,41.15
2024-01-02 16:00:00,45039.49,2369.19,0.6276,311.2,107.67,0.6146,0.1091,15.223,40.78
2024-01-02 20:00:00,44946.91,2355.34,0.6246,312.2,106.73,0.605,0.10834,15.166,40.61
2024-01-03 00:00:00,45262.69,2368.51,0.6261,312.7,108.11,0.6091,0.10959,15.293,40.73
2024-01-03 04:00:00,45011.77,2361.64,0.6319,316.8,107.81,0.6095,0.10903,15.31,40.68
2024-01-03 08:00:00,43702.88,2307.68,0.6185,323.0,103.42,0.5954,0.10745,14.93,39.32
2024-01-03 12:00:00,43000.01,2240.4,0.5765,316.9,102.06,0.565,0.10528,14.191,37.14
2024-01-03 16:00:00,42596.67,2206.53,0.5738,314.0,97.38,0.5546,0.10475,14.052,36.22
2024-01-03 20:00:00,42845.23,2209.72,0.5823,315.8,98.52,0.5569,0.10675,14.148,36.8
2024-01-04 00:00:00,43102.8,2231.08,0.5814,317.2,101.1,0.56,0.10777,14.302,36.99
2024-01-04 04:00:00,42763.08,2221.85,0.5741,318.5,98.88,0.5557,0.10753,14.288,36.59
2024-01-04 08:00:00,43176.32,2228.14,0.5765,316.9,98.51,0.5579,0.10677,14.334,37.03
2024-01-04 12:00:00,44051.1,2276.87,0.5857,319.7,103.66,0.5746,0.10737,14.673,39.3
2024-01-04 16:00:00,43956.48,2274.27,0.5866,318.2,105.16,0.572,0.10686,14.609,38.78
2024-01-04 20:00:00,44151.1,2267.11,0.5868,323.7,104.91,0.5699,0.10696,14.526,38.72
2024-01-05 00:00:00,43465.21,2242.28,0.5761,321.4,100.95,0.5521,0.10549,14.129,36.95
2024-01-05 04:00:00,43777.47,2252.75,0.5735,317.5,101.15,0.5528,0.10587,14.446,37.05
2024-01-05 08:00:00,43771.34,2241.97,0.5693,319.0,99.62,0.5421,0.10474,14.191,36.41
2024-01-05 12:00:00,43500.01,2224.99,0.5634,313.7,98.03,0.5306,0.10376,14.033,36.1
2024-01-05 16:00:00,43600.0,2234.26,0.5676,314.1,97.95,0.5282,0.10392,13.814,35.8
2024-01-05 20:00:00,44145.11,2268.78,0.5757,317.5,99.94,0.5414,0.10438,14.091,36.46
2024-01-06 00:00:00,43931.1,2252.99,0.5716,307.8,98.66,0.534,0.10361,13.829,35.44
2024-01-06 04:00:00,43653.2,2233.12,0.5643,303.7,94.5,0.5179,0.10275,13.341,34.47
2024-01-06 08:00:00,43671.96,2238.67,0.5661,307.0,94.45,0.5206,0.10366,13.567,34.75
2024-01-06 12:00:00,43867.17,2246.4,0.571,307.0,95.18,0.5255,0.10412,13.623,34.94
2024-01-06 16:00:00,43906.36,2244.63,0.5692,305.9,95.05,0.522,0.10393,13.522,34.74
2024-01-06 20:00:00,43968.32,2240.78,0.5679,307.5,93.77,0.5227,0.10387,13.436,34.61
2024-01-07 00:00:00,43940.41,2242.2,0.5664,306.6,92.9,0.5212,0.10352,13.561,34.52
2024-01-07 04:00:00,44080.0,2249.15,0.5691,309.0,95.25,0.5267,0.10405,13.644,35.07
2024-01-07 08:00:00,44061.1,2237.04,0.5666,306.2,94.53,0.5204,0.10369,13.496,34.9
2024-01-07 12:00:00,44047.57,2230.83,0.5673,305.6,93.96,0.5143,0.10367,13.476,34.68
2024-01-07 16:00:00,44244.77,2248.6,0.5672,306.4,94.75,0.5171,0.10387,13.575,34.94
2024-01-07 20:00:00,43929.02,2221.42,0.5515,302.4,89.44,0.4945,0.1028,13.151,33.64
2024-01-08 00:00:00,43518.2,2190.87,0.5598,293.9,87.25,0.474,0.10172,12.838,31.91
2024-01-08 04:00:00,43974.55,2224.08,0.5565,298.8,89.68,0.4895,0.10335,13.491,32.61
2024-01-08 08:00:00,44635.99,2240.61,0.5623,299.1,92.23,0.4998,0.10353,13.5,33.72
2024-01-08 12:00:00,44963.04,2269.59,0.5656,301.1,94.67,0.5118,0.10318,13.582,34.22
2024-01-08 16:00:00,46979.35,2354.56,0.5807,307.7,99.26,0.5422,0.10423,14.39,36.21
2024-01-08 20:00:00,46951.04,2330.44,0.5776,303.7,97.88,0.5412,0.1042,14.139,36.08
2024-01-09 00:00:00,46926.96,2309.13,0.5727,298.4,99.79,0.5267,0.10397,13.988,35.95
2024-01-09 04:00:00,46825.51,2306.05,0.5715,304.3,101.87,0.5294,0.10414,14.052,37.04
2024-01-09 08:00:00,46615.99,2298.76,0.5686,304.4,101.88,0.5218,0.10328,13.805,36.43
2024-01-09 12:00:00,46868.09,2257.18,0.5596,301.1,99.8,0.5097,0.10223,13.564,35.6
2024-01-09 16:00:00,46876.01,2270.91,0.5728,299.6,99.29,0.5054,0.10234,13.651,35.07
2024-01-09 20:00:00,46110.0,2344.29,0.5669,301.1,99.36,0.5124,0.10277,13.716,34.65
2024-01-10 00:00:00,46117.1,2361.51,0.5693,301.8,99.65,0.5131,0.10356,13.64,34.48
2024-01-10 04:00:00,45757.98,2368.75,0.5631,299.7,98.12,0.5069,0.10394,13.674,34.15
2024-01-10 08:00:00,45515.89,2402.21,0.5636,299.4,97.31,0.5139,0.10452,14.223,34.94
2024-01-10 12:00:00,45546.4,2449.3,0.5707,294.7,94.78,0.5058,0.10425,14.257,34.72
2024-01-10 16:00:00,46489.18,2477.9,0.579,298.0,96.31,0.5185,0.10445,14.322,35.36
2024-01-10 20:00:00,46653.99,2584.38,0.6008,305.8,102.0,0.566,0.10524,15.072,38.53
2024-01-11 00:00:00,46502.16,2613.01,0.6028,306.6,100.32,0.582,0.10565,14.988,38.76
2024-01-11 04:00:00,46101.4,2589.15,0.5972,307.4,99.72,0.5766,0.10538,14.836,38.41
2024-01-11 08:00:00,47060.0,2657.9,0.6117,314.5,104.43,0.5994,0.10667,15.339,39.72
2024-01-11 12:00:00,46783.78,2613.19,0.601,307.4,100.79,0.5834,0.10572,15.033,39.49
2024-01-11 16:00:00,46692.3,2622.07,0.605,309.2,101.36,0.5837,0.1061,15.127,39.94
2024-01-11 20:00:00,46339.16,2618.01,0.6019,308.2,99.9,0.582,0.10619,15.022,39.29
2024-01-12 00:00:00,45994.0,2589.81,0.5979,310.6,97.73,0.5774,0.10665,14.785,38.8
2024-01-12 04:00:00,46008.19,2595.73,0.5946,308.6,98.83,0.5788,0.10713,14.763,38.71
2024-01-12 08:00:00,45954.35,2647.59,0.6005,310.5,98.22,0.5811,0.10743,14.982,38.61
2024-01-12 12:00:00,44462.01,2647.02,0.5873,305.6,95.32,0.5664,0.10675,14.782,37.39
2024-01-12 16:00:00,43472.55,2584.43,0.58,300.9,95.21,0.5583,0.10707,14.335,36.59
2024-01-12 20:00:00,42782.73,2522.54,0.5699,296.6,92.12,0.5476,0.10684,14.151,35.93
2024-01-13 00:00:00,42609.94,2548.53,0.5719,296.1,91.08,0.5456,0.10675,14.031,35.47
2024-01-13 04:00:00,43102.97,2550.99,0.5748,299.3,92.56,0.5486,0.10939,14.176,35.86
2024-01-13 08:00:00,42624.0,2542.5,0.5743,299.1,92.24,0.5487,0.11342,14.23,35.9
2024-01-13 12:00:00,43154.48,2563.83,0.5742,302.4,92.89,0.5507,0.11512,14.246,36.11
2024-01-13 16:00:00,42786.25,2571.91,0.5744,301.6,94.8,0.5468,0.11433,14.274,36.25
2024-01-13 20:00:00,42847.99,2578.19,0.5747,302.2,95.85,0.5491,0.11424,14.345,36.49
2024-01-14 00:00:00,42681.82,2550.99,0.5738,302.2,96.93,0.5441,0.11685,14.44,36.03
2024-01-14 04:00:00,43011.44,2550.83,0.5755,304.3,98.28,0.5468,0.11555,14.884,36.42
2024-01-14 08:00:00,42829.99,2538.0,0.5766,303.2,96.74,0.5443,0.1144,15.088,36.41
2024-01-14 12:00:00,42904.38,2537.68,0.5774,305.2,99.49,0.5456,0.11415,15.217,37.18
2024-01-14 16:00:00,42660.0,2501.0,0.5768,304.0,96.14,0.5357,0.11209,14.923,36.12
2024-01-14 20:00:00,41732.35,2472.87,0.5763,299.5,93.81,0.5251,0.11121,14.755,35.29
2024-01-15 00:00:00,42565.99,2503.32,0.5861,309.6,95.9,0.5378,0.11259,15.583,36.01
2024-01-15 04:00:00,42714.78,2513.29,0.5774,314.9,95.59,0.5369,0.11275,15.443,35.98
2024-01-15 08:00:00,42697.99,2539.35,0.579,312.9,95.52,0.5363,0.11404,15.641,36.34
2024-01-15 12:00:00,42278.99,2514.49,0.57,314.4,93.51,0.5248,0.11301,15.319,35.28
2024-01-15 16:00:00,42992.67,2534.7,0.581,318.4,96.01,0.5341,0.11195,15.34,36.4
2024-01-15 20:00:00,42511.1,2511.78,0.5757,317.5,94.36,0.5276,0.10865,15.185,35.61
2024-01-16 00:00:00,42924.56,2537.6,0.578,315.6,96.19,0.5358,0.10891,15.329,36.25
2024-01-16 04:00:00,42791.13,2528.26,0.5766,316.4,97.73,0.5325,0.10996,15.105,35.81
2024-01-16 08:00:00,42900.54,2530.77,0.5745,317.9,96.7,0.5375,0.10917,15.071,35.77
2024-01-16 12:00:00,43252.67,2559.44,0.5757,317.0,97.25,0.5422,0.10789,15.065,35.68
2024-01-16 16:00:00,43166.11,2574.06,0.5783,315.2,96.78,0.5396,0.10818,15.094,35.5
2024-01-16 20:00:00,43137.95,2587.4,0.5757,315.2,97.61,0.5356,0.10807,15.271,35.57
2024-01-17 00:00:00,42849.0,2571.43,0.575,314.6,99.96,0.5347,0.10808,15.845,36.2
2024-01-17 04:00:00,42655.94,2552.52,0.572,308.8,97.32,0.5283,0.10764,15.773,35.43
2024-01-17 08:00:00,42680.16,2542.85,0.5702,313.1,102.02,0.5323,0.10926,15.824,36.27
2024-01-17 12:00:00,42482.79,2539.46,0.569,312.1,99.38,0.5263,0.10796,16.111,35.79
2024-01-17 16:00:00,42611.11,2533.29,0.5713,308.4,100.79,0.5278,0.10812,15.898,35.91
2024-01-17 20:00:00,42776.1,2530.19,0.5685,309.4,102.1,0.5282,0.10838,15.761,36.06
2024-01-18 00:00:00,42592.05,2529.94,0.5664,309.6,99.91,0.5212,0.10862,15.295,35.71
2024-01-18 04:00:00,42915.33,2538.99,0.5686,311.7,100.76,0.5252,0.10967,15.457,35.87
2024-01-18 08:00:00,42544.59,2522.41,0.5631,312.3,98.96,0.5173,0.10941,15.44,35.26
2024-01-18 12:00:00,42619.32,2525.64,0.5623,315.3,98.25,0.5203,0.10968,15.172,35.22
2024-01-18 16:00:00,41022.32,2439.5,0.5468,308.8,92.36,0.4993,0.10713,14.327,32.97
2024-01-18 20:00:00,41327.5,2470.81,0.552,313.0,94.4,0.5026,0.10813,14.658,33.59
2024-01-19 00:00:00,41055.87,2460.4,0.55,311.0,93.09,0.4945,0.10744,14.8,33.13
2024-01-19 04:00:00,41284.25,2465.51,0.5472,311.5,94.48,0.4996,0.1084,15.048,33.44
2024-01-19 08:00:00,41475.37,2488.97,0.5504,314.1,94.78,0.5007,0.10917,15.515,33.7
2024-01-19 12:00:00,40894.71,2462.98,0.5389,311.4,91.2,0.4885,0.10916,15.157,32.65
2024-01-19 16:00:00,41814.27,2493.37,0.5461,313.7,94.12,0.4979,0.10978,15.53,32.75
2024-01-19 20:00:00,41659.03,2492.0,0.5443,314.7,93.62,0.5044,0.1105,16.118,32.73
2024-01-20 00:00:00,41634.65,2481.22,0.5433,313.4,93.58,0.5056,0.11046,16.003,32.76
2024-01-20 04:00:00,41650.95,2478.47,0.5492,313.2,91.9,0.5146,0.11072,16.41,32.59
2024-01-20 08:00:00,41580.83,2470.59,0.5492,315.0,91.98,0.5161,0.11023,16.01,32.4
2024-01-20 12:00:00,41570.11,2463.83,0.5479,314.1,90.84,0.5109,0.11009,15.742,32.47
2024-01-20 16:00:00,41632.96,2461.52,0.5467,314.7,92.01,0.5106,0.11012,15.825,32.35
2024-01-20 20:00:00,41696.04,2472.01,0.5534,317.2,92.88,0.516,0.11006,15.781,32.89
2024-01-21 00:00:00,41680.82,2475.42,0.554,318.5,92.92,0.5178,0.11144,15.682,33.02
2024-01-21 04:00:00,41648.51,2476.06,0.5522,317.5,92.35,0.5159,0.11082,15.633,33.1
2024-01-21 08:00:00,41719.89,2473.65,0.5524,319.3,93.16,0.5174,0.11082,15.754,33.31
2024-01-21 12:00:00,41656.28,2468.01,0.5516,318.9,92.5,0.5142,0.11036,15.491,32.97
2024-01-21 16:00:00,41719.4,2474.26,0.551,320.6,92.46,0.5114,0.10954,15.511,33.11
2024-01-21 20:00:00,41580.33,2457.05,0.5464,318.6,91.09,0.5032,0.10895,15.396,32.54
2024-01-22 00:00:00,41197.04,2437.56,0.5419,316.7,89.34,0.4965,0.10836,15.573,32.24
2024-01-22 04:00:00,41043.7,2420.8,0.5372,317.8,89.22,0.498,0.10915,15.678,31.98
2024-01-22 08:00:00,40815.99,2381.34,0.5313,313.5,88.36,0.4935,0.10913,15.171,31.2
2024-01-22 12:00:00,40771.99,2379.61,0.5287,311.1,87.26,0.4955,0.1096,15.09,30.62
2024-01-22 16:00:00,39820.31,2321.87,0.5256,306.6,83.64,0.482,0.10909,14.722,29.87
2024-01-22 20:00:00,39568.02,2314.2,0.5275,305.9,83.84,0.4786,0.10931,14.598,29.53
2024-01-23 00:00:00,40000.44,2339.16,0.5301,310.4,85.18,0.4828,0.10951,14.702,29.95
2024-01-23 04:00:00,39780.0,2323.49,0.5225,308.3,82.83,0.4754,0.10952,14.565,29.34
2024-01-23 08:00:00,38845.56,2218.14,0.5051,295.9,80.22,0.4584,0.10709,13.989,27.92
2024-01-23 12:00:00,39204.0,2219.39,0.5105,296.7,82.71,0.4676,0.1073,14.126,29.1
2024-01-23 16:00:00,39148.07,2185.7,0.5081,294.4,80.92,0.4633,0.10668,13.868,28.87
2024-01-23 20:00:00,39897.6,2242.6,0.5183,298.8,84.35,0.4773,0.10722,14.3,30.63
2024-01-24 00:00:00,39614.0,2213.45,0.5145,298.2,83.55,0.4651,0.10707,14.122,29.61
2024-01-24 04:00:00,39981.09,2234.51,0.5156,293.2,86.16,0.4701,0.10722,14.152,30.57
2024-01-24 08:00:00,40209.34,2244.16,0.5168,295.4,87.21,0.4751,0.1083,14.267,31.24
2024-01-24 12:00:00,40050.71,2234.88,0.5162,294.2,86.99,0.4728,0.10859,14.148,30.98
2024-01-24 16:00:00,39803.05,2213.13,0.5147,292.2,86.37,0.4724,0.10845,14.042,30.65
2024-01-24 20:00:00,40084.88,2235.02,0.5181,293.1,88.77,0.4765,0.10882,14.243,31.2
2024-01-25 00:00:00,40012.01,2216.88,0.515,290.5,88.35,0.4716,0.10978,14.015,30.76
2024-01-25 04:00:00,40130.0,2227.64,0.5138,292.1,88.2,0.4747,0.11078,14.026,30.58
2024-01-25 08:00:00,40178.07,2231.59,0.5121,294.9,89.03,0.4794,0.1116,13.848,30.34
2024-01-25 12:00:00,39804.24,2188.0,0.5071,292.6,86.41,0.4668,0.111,13.592,29.8
2024-01-25 16:00:00,39989.25,2218.21,0.5138,291.7,87.75,0.4689,0.111,13.785,30.54
2024-01-25 20:00:00,39961.09,2218.64,0.5138,292.1,86.91,0.4666,0.11212,13.744,30.51
2024-01-26 00:00:00,40067.52,2223.42,0.5134,293.9,87.96,0.4693,0.11349,13.858,30.74
2024-01-26 04:00:00,39969.99,2197.47,0.5115,294.7,87.02,0.4678,0.11348,13.724,30.61
2024-01-26 08:00:00,41289.52,2254.02,0.5211,302.9,91.95,0.4835,0.11478,14.18,32.26
2024-01-26 12:00:00,41422.99,2257.9,0.5213,302.8,92.42,0.4856,0.11498,14.207,32.15
2024-01-26 16:00:00,42064.49,2258.51,0.5325,301.7,92.84,0.4828,0.11471,14.154,32.71
2024-01-26 20:00:00,41823.51,2267.68,0.5323,302.2,92.28,0.4849,0.11448,14.187,32.26
2024-01-27 00:00:00,41815.01,2274.13,0.5326,305.7,92.69,0.4873,0.11543,14.289,32.71
2024-01-27 04:00:00,41710.14,2258.45,0.5285,303.0,91.2,0.4797,0.11506,14.132,32.09
2024-01-27 08:00:00,41761.23,2265.48,0.5298,303.9,92.02,0.4817,0.11463,14.244,32.32
2024-01-27 12:00:00,41814.0,2270.18,0.5299,303.7,92.83,0.4854,0.11335,14.291,32.65
2024-01-27 16:00:00,41910.47,2272.69,0.53,305.6,93.1,0.488,0.11255,14.363,32.74
2024-01-27 20:00:00,42120.63,2267.94,0.5303,305.6,94.28,0.4862,0.11244,14.345,33.28
2024-01-28 00:00:00,42231.83,2287.17,0.533,306.0,96.65,0.4959,0.11319,14.566,35.87
2024-01-28 04:00:00,42388.82,2282.92,0.5304,305.9,95.76,0.4928,0.11284,14.478,35.68
2024-01-28 08:00:00,42471.98,2281.08,0.5302,307.1,98.4,0.4955,0.1122,14.519,36.17
2024-01-28 12:00:00,42258.01,2270.17,0.5296,305.1,97.07,0.4915,0.11215,14.408,35.63
2024-01-28 16:00:00,41785.92,2253.89,0.5239,303.9,94.49,0.4862,0.11213,14.279,34.64
2024-01-28 20:00:00,42031.06,2256.9,0.5241,305.3,95.98,0.4903,0.11224,14.48,34.82
2024-01-29 00:00:00,42331.2,2272.11,0.5286,306.1,97.85,0.4939,0.11299,14.717,35.4
2024-01-29 04:00:00,42053.46,2259.4,0.525,306.0,96.72,0.4874,0.11332,14.593,34.89
2024-01-29 08:00:00,42246.95,2264.17,0.526,308.0,97.44,0.4879,0.11358,14.557,34.94
2024-01-29 12:00:00,42641.75,2275.8,0.5277,308.5,99.92,0.4977,0.11425,14.708,35.81
2024-01-29 16:00:00,42995.99,2293.46,0.5356,310.0,100.54,0.5206,0.11291,14.986,35.94
2024-01-29 20:00:00,43302.7,2317.6,0.5352,310.7,101.68,0.526,0.11304,15.004,36.06
2024-01-30 00:00:00,43519.71,2311.4,0.5377,310.9,102.12,0.5305,0.11256,14.962,35.76
2024-01-30 04:00:00,43358.25,2309.29,0.5344,311.1,102.89,0.5288,0.11215,15.002,35.74
2024-01-30 08:00:00,43537.74,2314.01,0.5338,310.7,106.07,0.53,0.11268,15.236,37.0
2024-01-30 12:00:00,43375.5,2340.91,0.5258,309.2,104.78,0.522,0.11222,15.595,36.15
2024-01-30 16:00:00,43547.98,2374.93,0.5142,309.7,105.27,0.5205,0.11249,15.634,36.2
2024-01-30 20:00:00,42941.1,2343.01,0.5107,307.6,101.4,0.5136,0.11206,15.475,35.22
2024-01-31 00:00:00,42930.07,2342.91,0.5107,306.8,101.13,0.5125,0.11216,15.855,34.95
2024-01-31 04:00:00,43050.01,2340.84,0.511,307.0,101.66,0.5126,0.11319,15.828,34.98
2024-01-31 08:00:00,42647.98,2300.18,0.507,303.2,99.15,0.5021,0.1126,15.786,34.73
2024-01-31 12:00:00,43361.1,2329.42,0.5086,304.7,101.55,0.5085,0.11281,15.708,35.23
2024-01-31 16:00:00,43334.64,2323.38,0.5109,304.6,100.99,0.5123,0.11301,15.737,35.18
2024-01-31 20:00:00,42580.0,2283.14,0.5033,300.5,96.96,0.4976,0.11226,15.429,33.17
2024-02-01 00:00:00,42015.65,2257.21,0.4978,298.4,93.6,0.4917,0.1127,15.189,32.9
2024-02-01 04:00:00,42190.16,2271.96,0.4929,298.1,94.94,0.491,0.11311,15.778,33.36
2024-02-01 08:00:00,42087.52,2266.66,0.4927,299.2,95.46,0.4888,0.11337,15.568,33.05
2024-02-01 12:00:00,42516.12,2288.88,0.4994,299.8,96.0,0.4932,0.11481,16.697,33.37
2024-02-01 16:00:00,43218.94,2304.79,0.5096,300.8,97.87,0.4998,0.11531,16.94,33.72
2024-02-01 20:00:00,43082.94,2304.28,0.5058,300.2,97.81,0.5078,0.11564,17.19,33.85
2024-02-02 00:00:00,43037.25,2301.66,0.5061,302.4,98.97,0.5068,0.11751,17.86,34.39
2024-02-02 04:00:00,43086.89,2313.73,0.5069,303.4,101.21,0.5101,0.11764,18.121,34.89
2024-02-02 08:00:00,43148.41,2318.36,0.5044,303.0,101.97,0.5182,0.11774,17.83,36.24
2024-02-02 12:00:00,43242.09,2313.99,0.5027,302.4,101.3,0.5179,0.11707,18.735,36.58
2024-02-02 16:00:00,43061.97,2301.41,0.5044,300.6,99.46,0.5106,0.11659,18.23,36.23
2024-02-02 20:00:00,43200.0,2309.06,0.5105,301.4,100.58,0.5146,0.11629,17.828,36.76
2024-02-03 00:00:00,43173.94,2321.45,0.5077,302.5,99.23,0.5158,0.11616,17.524,36.04
2024-02-03 04:00:00,43053.05,2314.39,0.5077,302.1,99.11,0.5171,0.1161,17.718,35.97
2024-02-03 08:00:00,42995.04,2303.89,0.5217,301.5,98.66,0.5217,0.11635,17.971,35.74
2024-02-03 12:00:00,43119.06,2303.64,0.5201,300.4,98.0,0.5161,0.11731,18.092,35.78
2024-02-03 16:00:00,43061.09,2303.46,0.5211,300.2,98.16,0.5178,0.11719,17.751,36.28
2024-02-03 20:00:00,43011.09,2296.49,0.5186,299.7,97.96,0.5124,0.11724,17.658,35.95
2024-02-04 00:00:00,43027.16,2302.96,0.5176,300.6,98.35,0.5103,0.11709,17.894,36.21
2024-02-04 04:00:00,42845.03,2290.78,0.51,299.4,96.51,0.5039,0.11714,17.632,35.72
2024-02-04 08:00:00,43060.1,2305.62,0.5128,299.9,97.91,0.5069,0.11838,18.159,35.98
2024-02-04 12:00:00,42943.21,2301.68,0.5108,305.9,97.62,0.5049,0.11851,18.214,35.76
2024-02-04 16:00:00,42636.44,2279.65,0.5068,305.4,96.35,0.5,0.11829,18.306,35.48
2024-02-04 20:00:00,42582.88,2289.79,0.5032,304.7,95.49,0.4934,0.11843,18.153,34.87
2024-02-05 00:00:00,42718.31,2296.27,0.5061,304.3,96.04,0.4973,0.11922,18.462,34.93
2024-02-05 04:00:00,43071.88,2310.17,0.5044,304.5,97.62,0.5022,0.11936,18.713,35.57
2024-02-05 08:00:00,43194.08,2329.62,0.5056,304.8,97.88,0.5039,0.11945,19.677,35.64
2024-02-05 12:00:00,42644.03,2298.71,0.5026,300.9,95.6,0.4953,0.11843,19.278,34.65
2024-02-05 16:00:00,42765.36,2304.48,0.5101,301.6,95.94,0.4937,0.11877,19.155,34.58
2024-02-05 20:00:00,42708.7,2301.83,0.5069,301.2,95.66,0.4944,0.11898,19.164,34.55
2024-02-06 00:00:00,42851.11,2316.85,0.507,302.3,96.01,0.4947,0.1196,18.905,34.47
2024-02-06 04:00:00,42890.0,2327.16,0.5042,301.7,95.77,0.4932,0.12018,19.073,34.29
2024-02-06 08:00:00,42826.96,2325.49,0.5013,301.6,94.29,0.4923,0.12193,18.772,34.0
2024-02-06 12:00:00,43244.89,2343.74,0.5043,302.9,95.76,0.4969,0.12121,18.641,34.25
2024-02-06 16:00:00,43278.78,2379.12,0.5098,303.6,97.58,0.5027,0.12238,18.557,34.25
2024-02-06 20:00:00,43098.95,2372.64,0.505,302.7,96.88,0.4983,0.12101,18.287,34.16
2024-02-07 00:00:00,42800.0,2364.75,0.5036,300.9,95.5,0.4891,0.12278,18.297,33.91
2024-02-07 04:00:00,42918.03,2362.92,0.5012,302.4,95.57,0.4832,0.12464,18.389,34.04
2024-02-07 08:00:00,42928.29,2361.66,0.5021,302.6,95.14,0.4757,0.12415,18.295,34.17
2024-02-07 12:00:00,43071.08,2369.66,0.5036,303.3,96.26,0.4826,0.12573,18.423,34.42
2024-02-07 16:00:00,43615.47,2419.96,0.5092,306.6,97.08,0.4916,0.12461,18.456,35.07
2024-02-07 20:00:00,44349.6,2425.1,0.5138,307.3,101.14,0.5022,0.1236,18.817,35.28
2024-02-08 00:00:00,44540.99,2433.48,0.5139,311.6,101.77,0.5112,0.12486,18.83,35.5
2024-02-08 04:00:00,44513.24,2421.21,0.5123,314.8,100.83,0.5277,0.12169,19.158,35.21
2024-02-08 08:00:00,44698.97,2425.3,0.5134,316.9,101.24,0.5315,0.12223,18.693,35.33
2024-02-08 12:00:00,45432.3,2453.88,0.517,319.9,104.83,0.5319,0.12308,18.661,36.04
2024-02-08 16:00:00,45284.14,2421.53,0.5151,318.0,102.31,0.5296,0.12212,18.163,35.51
2024-02-08 20:00:00,45288.65,2419.55,0.5147,319.2,102.76,0.5304,0.12189,18.212,35.42
2024-02-09 00:00:00,46060.74,2448.67,0.5189,321.0,104.35,0.5342,0.12252,18.253,35.91
2024-02-09 04:00:00,46202.0,2453.61,0.5177,321.0,105.28,0.5357,0.1225,18.343,36.09
2024-02-09 08:00:00,47180.02,2503.2,0.5248,325.3,105.89,0.5434,0.12317,18.419,36.45
2024-02-09 12:00:00,47159.99,2495.33,0.5216,322.2,105.64,0.5421,0.12324,18.372,37.58
2024-02-09 16:00:00,47509.48,2485.96,0.526,323.0,104.99,0.5423,0.12352,18.236,38.1
2024-02-09 20:00:00,47132.77,2486.56,0.5262,324.0,106.94,0.5407,0.1237,18.47,38.0
2024-02-10 00:00:00,47376.62,2512.21,0.5272,324.8,110.67,0.5418,0.12375,18.666,39.43
2024-02-10 04:00:00,47151.72,2495.21,0.5236,323.5,108.87,0.5342,0.12325,18.34,39.07
2024-02-10 08:00:00,47182.0,2483.1,0.521,320.1,108.14,0.533,0.12321,18.166,38.79
2024-02-10 12:00:00,47353.48,2490.45,0.5221,321.2,108.53,0.5381,0.12365,18.362,39.36
2024-02-10 16:00:00,47531.09,2497.51,0.5228,322.0,109.19,0.5414,0.12428,18.63,39.39
2024-02-10 20:00:00,47751.09,2500.24,0.5239,323.0,109.01,0.5515,0.12436,19.084,40.2
2024-02-11 00:00:00,48519.61,2529.02,0.5268,323.9,109.43,0.5623,0.12473,19.624,40.39
2024-02-11 04:00:00,48179.52,2527.52,0.5282,324.3,109.22,0.56,0.12476,20.343,40.84
2024-02-11 08:00:00,48411.71,2531.28,0.5333,322.3,109.72,0.5538,0.12477,20.548,40.54
2024-02-11 12:00:00,48150.43,2508.94,0.5291,321.0,108.82,0.5427,0.12441,20.286,39.87
2024-02-11 16:00:00,48284.0,2507.73,0.5289,321.9,108.19,0.5403,0.12428,20.26,39.79
2024-02-11 20:00:00,48299.99,2507.21,0.5261,320.7,107.46,0.5414,0.12422,20.146,39.72
2024-02-12 00:00:00,48145.0,2500.12,0.5232,319.6,106.27,0.5386,0.12388,20.019,38.75
2024-02-12 04:00:00,48203.98,2501.71,0.5195,318.2,105.93,0.5368,0.1246,20.225,38.87
2024-02-12 08:00:00,47903.03,2488.16,0.5182,317.2,104.21,0.5349,0.12518,20.465,38.62
2024-02-12 12:00:00,49917.8,2557.87,0.5278,322.2,108.86,0.5561,0.12567,20.265,40.2
2024-02-12 16:00:00,49532.03,2610.25,0.5311,324.8,109.79,0.5541,0.12492,20.618,40.29
2024-02-12 20:00:00,49917.27,2659.99,0.5315,327.8,111.64,0.5592,0.125,20.465,40.97
2024-02-13 00:00:00,49789.99,2640.47,0.5285,326.5,113.02,0.5497,0.12523,20.1,40.54
2024-02-13 04:00:00,49983.09,2648.64,0.5307,326.2,114.02,0.5596,0.12571,20.114,41.09
2024-02-13 08:00:00,49988.12,2681.75,0.5286,326.7,114.14,0.5539,0.12578,20.102,41.02
2024-02-13 12:00:00,48727.47,2630.99,0.5199,322.2,110.31,0.5398,0.12507,19.874,39.43
2024-02-13 16:00:00,49036.73,2611.42,0.525,322.7,111.51,0.5393,0.12624,19.645,39.56
2024-02-13 20:00:00,49699.59,2639.99,0.5247,324.7,112.48,0.5449,0.12687,19.87,39.74
2024-02-14 00:00:00,49518.61,2636.88,0.5248,326.0,111.86,0.5461,0.12706,20.084,39.5
2024-02-14 04:00:00,49838.93,2653.05,0.5247,328.0,113.06,0.5523,0.12825,20.088,39.9
2024-02-14 08:00:00,51555.12,2755.87,0.5316,332.7,115.66,0.5734,0.12907,20.276,41.48
2024-02-14 12:00:00,51590.0,2749.4,0.5326,332.6,116.88,0.5744,0.12875,20.099,41.68
2024-02-14 16:00:00,51678.0,2761.8,0.5385,332.6,116.06,0.5752,0.12908,20.182,41.83
2024-02-14 20:00:00,51795.17,2774.81,0.5378,333.9,116.97,0.5768,0.12956,20.24,42.22
2024-02-15 00:00:00,52343.32,2801.39,0.5527,342.2,117.23,0.5824,0.13,20.162,42.38
2024-02-15 04:00:00,51776.61,2772.33,0.5495,345.4,115.01,0.5778,0.13064,19.954,42.9
2024-02-15 08:00:00,52330.0,2793.21,0.55,346.8,116.07,0.5893,0.13125,20.022,42.87
2024-02-15 12:00:00,51948.23,2826.27,0.5466,360.4,114.05,0.5997,0.13066,19.873,41.88
2024-02-15 16:00:00,52002.01,2834.13,0.5537,355.9,114.02,0.6021,0.13104,20.061,41.69
2024-02-15 20:00:00,51880.0,2822.59,0.5622,354.2,113.5,0.6087,0.13104,19.932,41.55
2024-02-16 00:00:00,52280.25,2846.18,0.5789,361.9,113.84,0.6083,0.13162,20.033,41.71
2024-02-16 04:00:00,51731.99,2815.05,0.5659,356.3,111.48,0.5979,0.13124,19.852,40.76
2024-02-16 08:00:00,52213.86,2823.59,0.5712,357.6,112.11,0.5989,0.13239,19.887,41.0
2024-02-16 12:00:00,51888.01,2776.01,0.5602,358.5,109.67,0.5896,0.13113,19.497,40.08
2024-02-16 16:00:00,51756.29,2762.91,0.5611,354.5,108.65,0.5892,0.13187,19.306,39.82
2024-02-16 20:00:00,52124.11,2801.8,0.5643,360.4,110.33,0.5986,0.13282,19.551,40.26
2024-02-17 00:00:00,51968.75,2793.4,0.5598,360.0,109.89,0.5913,0.13311,19.532,40.21
2024-02-17 04:00:00,51911.33,2795.57,0.561,359.8,110.34,0.5923,0.13439,19.573,40.23
2024-02-17 08:00:00,51690.48,2780.57,0.5536,357.1,109.38,0.5862,0.13761,19.521,39.71
2024-02-17 12:00:00,50984.56,2754.33,0.5463,351.5,107.2,0.5786,0.13571,19.607,39.1
2024-02-17 16:00:00,51394.43,2774.31,0.5491,353.3,108.01,0.5869,0.13579,20.09,39.61
2024-02-17 20:00:00,51642.64,2785.93,0.5496,352.9,108.92,0.6096,0.1359,20.032,39.76
2024-02-18 00:00:00,51479.99,2781.68,0.5503,351.7,108.38,0.6208,0.13492,19.907,39.34
2024-02-18 04:00:00,51671.1,2801.0,0.555,355.5,109.23,0.6243,0.13514,19.987,40.0
2024-02-18 08:00:00,51832.01,2803.4,0.5587,354.5,111.78,0.6344,0.13535,20.024,40.34
2024-02-18 12:00:00,51773.99,2807.49,0.5594,352.7,112.32,0.6212,0.13501,19.913,40.25
2024-02-18 16:00:00,51758.12,2827.86,0.5582,351.5,112.73,0.6202,0.13497,19.995,40.15
2024-02-18 20:00:00,52137.67,2881.2,0.5571,349.8,112.24,0.6193,0.13518,20.119,40.29
2024-02-19 00:00:00,52063.81,2886.78,0.5595,352.2,111.68,0.6195,0.13552,20.053,40.07
2024-02-19 04:00:00,52394.04,2926.38,0.5636,354.4,113.22,0.6292,0.13598,20.212,40.5
2024-02-19 08:00:00,52336.22,2913.2,0.5591,353.2,112.67,0.6288,0.13558,19.91,39.99
2024-02-19 12:00:00,52127.99,2908.93,0.5583,354.3,113.69,0.6246,0.1362,19.787,39.61
2024-02-19 16:00:00,51820.61,2934.03,0.5623,352.5,111.94,0.6217,0.13663,20.039,39.38
2024-02-19 20:00:00,51774.73,2944.8,0.5626,351.6,111.53,0.6308,0.13636,19.832,39.51
2024-02-20 00:00:00,51580.23,2907.0,0.5675,352.9,109.48,0.6255,0.13609,19.594,38.93
2024-02-20 04:00:00,51839.28,2921.78,0.5674,357.6,109.42,0.6291,0.13688,19.594,39.28
2024-02-20 08:00:00,52286.8,2935.31,0.5708,357.7,110.42,0.6296,0.13789,19.593,39.22
2024-02-20 12:00:00,51680.0,2925.09,0.5547,351.2,106.62,0.6095,0.13754,18.969,37.7
2024-02-20 16:00:00,52101.11,2985.98,0.5606,354.0,107.33,0.6179,0.13855,19.201,38.33
2024-02-20 20:00:00,52258.82,3014.81,0.5622,354.6,108.31,0.6216,0.13921,19.281,38.49
2024-02-21 00:00:00,52001.99,3005.14,0.5591,353.4,106.63,0.6122,0.14008,18.994,38.01
2024-02-21 04:00:00,51568.64,2940.54,0.547,360.4,104.85,0.5946,0.14006,18.743,37.35
2024-02-21 08:00:00,50965.53,2899.1,0.5389,364.1,102.73,0.5859,0.13891,18.274,36.74
2024-02-21 12:00:00,51156.0,2914.81,0.5399,370.0,103.86,0.5889,0.13933,18.391,36.69
2024-02-21 16:00:00,51058.0,2913.0,0.5424,371.0,102.04,0.583,0.13922,18.275,36.79
2024-02-21 20:00:00,51849.39,2967.9,0.5491,379.2,105.03,0.5988,0.13971,18.594,37.61
2024-02-22 00:00:00,51586.1,2935.51,0.543,375.4,103.58,0.5868,0.13894,18.351,36.97
2024-02-22 04:00:00,51827.63,2993.79,0.546,381.6,105.07,0.6018,0.13961,18.805,37.74
2024-02-22 08:00:00,51622.04,2990.8,0.5453,382.9,105.84,0.5995,0.14001,18.657,37.5
2024-02-22 12:00:00,51602.4,2986.95,0.5442,381.1,105.39,0.5966,0.13961,18.501,37.5
2024-02-22 16:00:00,51509.99,2987.96,0.5479,382.2,103.54,0.5941,0.13941,18.379,37.29
2024-02-22 20:00:00,51288.42,2971.4,0.541,382.6,101.76,0.5858,0.13901,18.121,36.78
2024-02-23 00:00:00,51100.0,2955.95,0.538,378.9,101.83,0.5858,0.13877,17.917,36.52
2024-02-23 04:00:00,50915.96,2933.62,0.5371,374.9,101.98,0.583,0.13831,17.939,36.42
2024-02-23 08:00:00,51218.95,2943.63,0.5366,376.8,102.67,0.5842,0.13886,17.961,36.78
2024-02-23 12:00:00,50911.11,2916.07,0.5318,371.5,100.29,0.5784,0.13841,17.862,35.74
2024-02-23 16:00:00,51099.09,2945.99,0.5389,377.6,101.39,0.5913,0.13856,18.141,36.4
2024-02-23 20:00:00,50744.15,2922.24,0.5342,375.5,99.9,0.5824,0.13817,17.935,35.92
2024-02-24 00:00:00,50849.97,2930.19,0.5365,377.6,100.23,0.5755,0.13808,18.167,35.84
2024-02-24 04:00:00,51068.7,2964.07,0.5426,379.8,102.24,0.5856,0.1381,18.446,36.36
2024-02-24 08:00:00,51119.79,2961.53,0.5459,380.5,102.13,0.5875,0.13771,18.381,36.63
2024-02-24 12:00:00,51099.34,2955.47,0.5431,379.6,101.95,0.5884,0.13719,18.231,36.36
2024-02-24 16:00:00,51557.07,2987.1,0.5461,382.9,104.05,0.5937,0.13751,18.476,36.75
2024-02-24 20:00:00,51568.22,2992.62,0.545,381.7,104.01,0.5969,0.13742,18.533,36.76
2024-02-25 00:00:00,51624.99,3025.17,0.5453,379.5,103.38,0.5963,0.1377,18.532,36.81
2024-02-25 04:00:00,51719.28,3029.99,0.5465,380.7,103.03,0.5941,0.13769,18.558,36.91
2024-02-25 08:00:00,51645.0,3040.36,0.5444,383.9,102.8,0.5893,0.13756,18.56,36.79
2024-02-25 12:00:00,51524.02,3043.62,0.5436,385.0,102.78,0.5842,0.1376,18.616,36.84
2024-02-25 16:00:00,51672.96,3081.6,0.5455,389.0,103.36,0.5878,0.1378,18.734,37.05
2024-02-25 20:00:00,51728.85,3112.59,0.5425,388.5,103.47,0.5914,0.13765,18.722,37.46
2024-02-26 00:00:00,51555.59,3107.8,0.5408,384.2,103.49,0.585,0.13763,18.669,37.0
2024-02-26 04:00:00,51293.26,3087.19,0.5371,386.1,103.3,0.5839,0.13783,18.462,36.83
2024-02-26 08:00:00,51090.01,3057.42,0.5303,389.7,100.95,0.5797,0.13807,18.236,36.69
2024-02-26 12:00:00,52842.32,3145.6,0.5414,396.9,104.97,0.6058,0.13899,18.867,38.27
2024-02-26 16:00:00,54487.11,3179.12,0.5502,398.1,109.69,0.6177,0.13984,19.204,39.0
2024-02-26 20:00:00,54476.47,3175.94,0.5506,401.6,109.9,0.6191,0.13983,19.083,39.29
2024-02-27 00:00:00,55667.6,3216.56,0.5528,399.0,110.17,0.6211,0.14027,19.018,39.17
2024-02-27 04:00:00,56059.08,3217.5,0.5522,396.0,110.41,0.6155,0.14073,18.995,39.09
2024-02-27 08:00:00,56527.79,3254.89,0.5596,398.2,111.5,0.62,0.1415,19.268,39.55
2024-02-27 12:00:00,56745.66,3229.78,0.5611,392.9,106.81,0.6133,0.14161,18.843,38.64
2024-02-27 16:00:00,57339.68,3250.72,0.5937,395.4,108.41,0.6265,0.14217,19.106,39.07
2024-02-27 20:00:00,57037.34,3242.36,0.5861,394.6,108.36,0.6239,0.14288,19.023,39.26
2024-02-28 00:00:00,56916.4,3248.82,0.5781,395.7,107.56,0.6171,0.14324,18.89,39.16
2024-02-28 04:00:00,58241.1,3302.99,0.5833,400.5,110.08,0.628,0.14286,19.135,39.75
2024-02-28 08:00:00,58941.11,3296.13,0.5801,406.5,111.39,0.6247,0.14286,19.234,39.57
2024-02-28 12:00:00,60966.22,3348.39,0.5873,413.2,113.07,0.6395,0.14351,19.757,39.86
2024-02-28 16:00:00,60951.11,3299.12,0.5651,408.4,111.34,0.6181,0.14195,18.877,38.51
2024-02-28 20:00:00,62432.1,3383.1,0.575,414.6,119.03,0.6287,0.14214,19.43,40.33
2024-02-29 00:00:00,61561.33,3407.15,0.5868,414.0,123.52,0.6424,0.14237,19.472,41.33
2024-02-29 04:00:00,62707.17,3467.99,0.5937,415.1,125.49,0.6836,0.14339,20.067,41.61
2024-02-29 08:00:00,62936.02,3513.87,0.5964,410.2,129.18,0.6904,0.14258,20.097,42.94
2024-02-29 12:00:00,62768.02,3468.42,0.606,407.4,132.32,0.6927,0.14217,20.135,43.51
2024-02-29 16:00:00,61600.0,3403.26,0.6096,405.7,130.19,0.6766,0.14144,19.745,42.44
2024-02-29 20:00:00,61130.98,3340.09,0.5867,399.4,125.68,0.6547,0.14049,19.274,40.97
2024-03-01 00:00:00,61105.91,3367.79,0.5915,405.6,133.94,0.6727,0.14111,19.534,42.64
2024-03-01 04:00:00,61434.0,3365.41,0.5849,403.6,131.92,0.664,0.14088,19.711,41.85
2024-03-01 08:00:00,61863.72,3410.9,0.5889,406.2,135.37,0.6855,0.14099,19.875,42.52
2024-03-01 12:00:00,61263.99,3390.76,0.5878,403.0,131.18,0.6794,0.14056,19.685,41.56
2024-03-01 16:00:00,62215.5,3427.73,0.5956,406.3,130.93,0.691,0.14112,19.853,42.01
2024-03-01 20:00:00,62387.9,3433.43,0.6013,407.4,129.43,0.7195,0.14148,20.051,42.67
2024-03-02 00:00:00,62307.45,3442.34,0.6309,413.7,130.06,0.7556,0.14085,20.633,43.37
2024-03-02 04:00:00,62011.85,3430.25,0.6306,409.3,129.16,0.7343,0.14071,21.215,42.57
2024-03-02 08:00:00,61826.32,3403.39,0.6428,407.8,128.69,0.7331,0.14053,20.743,42.28
2024-03-02 12:00:00,61771.2,3418.05,0.6294,407.7,127.91,0.7303,0.14075,21.121,42.19
2024-03-02 16:00:00,62114.77,3426.19,0.6335,409.6,130.63,0.7409,0.14086,21.371,43.03
2024-03-02 20:00:00,61987.28,3421.4,0.6442,410.9,130.02,0.7416,0.1412,21.398,44.35
2024-03-03 00:00:00,61931.09,3431.56,0.6358,410.5,130.15,0.7395,0.14114,21.268,43.85
2024-03-03 04:00:00,61598.0,3392.76,0.6105,406.9,126.76,0.7116,0.14012,20.238,41.85
2024-03-03 08:00:00,61831.1,3413.39,0.6239,413.4,128.71,0.7271,0.14024,20.509,42.6
2024-03-03 12:00:00,62164.63,3422.5,0.6231,413.3,129.36,0.7227,0.14016,20.553,42.57
2024-03-03 16:00:00,62730.0,3465.2,0.6267,413.3,130.17,0.7257,0.1405,20.563,42.57
2024-03-03 20:00:00,63113.97,3487.81,0.6271,414.5,130.16,0.7279,0.14065,20.507,42.58
2024-03-04 00:00:00,63458.72,3471.85,0.6346,414.4,128.98,0.7551,0.13966,20.246,42.26
2024-03-04 04:00:00,64066.62,3478.61,0.637,417.0,129.6,0.7811,0.14041,20.368,42.96
2024-03-04 08:00:00,65230.0,3506.91,0.6599,417.4,132.58,0.7837,0.14107,20.483,43.59
2024-03-04 12:00:00,66451.65,3560.42,0.662,418.9,131.77,0.7878,0.14045,20.497,43.51
2024-03-04 16:00:00,67405.26,3593.01,0.6553,416.0,129.53,0.7768,0.14013,20.338,42.55
2024-03-04 20:00:00,68245.71,3627.76,0.6477,418.4,133.27,0.7701,0.14026,20.416,43.08
2024-03-05 00:00:00,68113.94,3689.81,0.653,420.3,130.13,0.7672,0.14024,20.123,42.04
2024-03-05 04:00:00,66129.64,3672.98,0.6402,418.2,129.48,0.7538,0.13946,20.412,42.5
2024-03-05 08:00:00,66656.31,3731.45,0.6497,418.6,130.68,0.7678,0.13951,20.713,42.74
2024-03-05 12:00:00,66773.05,3783.01,0.6386,416.0,139.18,0.754,0.1393,20.486,44.12
2024-03-05 16:00:00,61410.98,3376.46,0.5674,376.8,119.24,0.6348,0.13642,17.738,37.58
2024-03-05 20:00:00,63724.01,3553.65,0.5912,394.1,125.31,0.6923,0.13585,18.973,39.43
2024-03-06 00:00:00,63263.21,3538.01,0.5836,391.2,122.38,0.6762,0.13598,18.611,38.58
2024-03-06 04:00:00,66676.46,3786.6,0.6149,410.5,133.2,0.7382,0.13774,19.514,41.19
2024-03-06 08:00:00,67301.31,3879.74,0.6142,426.2,131.93,0.7322,0.13807,19.587,40.91
2024-03-06 12:00:00,66481.12,3790.94,0.5989,419.9,128.22,0.7176,0.13722,19.379,39.8
2024-03-06 16:00:00,66739.48,3852.59,0.6117,424.4,130.81,0.7271,0.1374,19.939,40.8
2024-03-06 20:00:00,66074.04,3818.59,0.6121,429.4,130.79,0.7349,0.13775,20.085,41.56
2024-03-07 00:00:00,65847.29,3775.18,0.6275,426.6,138.19,0.737,0.13757,19.975,42.91
2024-03-07 04:00:00,66387.78,3789.22,0.6252,434.0,138.24,0.7367,0.13759,19.942,42.69
2024-03-07 08:00:00,66905.34,3787.58,0.6219,438.6,140.28,0.7387,0.13677,19.922,42.85
2024-03-07 12:00:00,67260.01,3837.16,0.6252,449.2,145.91,0.7435,0.13687,20.081,43.77
2024-03-07 16:00:00,67498.02,3870.19,0.6325,468.2,148.75,0.7518,0.13709,20.101,43.84
2024-03-07 20:00:00,66823.17,3868.76,0.627,474.6,143.82,0.7427,0.13709,20.091,43.2
2024-03-08 00:00:00,67156.09,3900.85,0.6284,464.8,144.29,0.7389,0.13714,19.98,42.94
2024-03-08 04:00:00,67223.02,3908.16,0.6212,468.1,144.48,0.7308,0.13715,19.804,43.1
2024-03-08 08:00:00,67741.21,3950.46,0.6284,474.2,148.98,0.7358,0.13759,19.996,43.54
2024-03-08 12:00:00,67617.6,3900.75,0.6141,472.7,145.35,0.7181,0.13653,19.683,42.37
2024-03-08 16:00:00,68863.99,3928.82,0.62,484.5,147.8,0.7226,0.13672,19.748,42.55
2024-03-08 20:00:00,68124.19,3883.36,0.62,485.8,144.79,0.7228,0.13662,19.699,42.61
2024-03-09 00:00:00,68247.34,3923.21,0.6256,489.1,145.76,0.7284,0.13679,20.043,42.58
2024-03-09 04:00:00,68288.64,3925.47,0.629,487.5,148.33,0.7366,0.13636,19.966,43.03
2024-03-09 08:00:00,68299.99,3912.49,0.6229,487.4,146.82,0.7305,0.13585,19.935,43.07
2024-03-09 12:00:00,68288.2,3916.66,0.6215,484.1,147.0,0.7363,0.13595,20.2,43.1
2024-03-09 16:00:00,68193.51,3881.18,0.6195,482.4,145.34,0.7377,0.1357,19.894,42.89
2024-03-09 20:00:00,68313.27,3905.21,0.6197,488.3,144.29,0.7416,0.13579,19.972,42.92
2024-03-10 00:00:00,69136.79,3935.0,0.6223,488.3,146.71,0.7354,0.13592,19.898,42.93
2024-03-10 04:00:00,69347.16,3944.82,0.6262,503.7,148.27,0.7368,0.13593,20.037,43.79
2024-03-10 08:00:00,69568.46,3932.72,0.619,531.7,145.42,0.7279,0.13554,19.859,42.68
2024-03-10 12:00:00,69194.83,3883.69,0.6102,520.9,142.91,0.7153,0.13481,19.579,41.77
2024-03-10 16:00:00,69400.19,3898.0,0.612,530.6,145.11,0.7199,0.13405,19.841,42.2
2024-03-10 20:00:00,68955.88,3878.47,0.608,528.9,144.39,0.7166,0.13377,21.68,42.05
2024-03-11 00:00:00,68604.42,3866.93,0.6085,523.1,141.17,0.7131,0.13304,21.229,41.56
2024-03-11 04:00:00,71019.99,4001.4,0.6197,527.9,147.85,0.7339,0.13337,21.331,42.81
2024-03-11 08:00:00,71487.2,4034.25,0.6228,522.0,148.26,0.7377,0.13308,21.35,46.16
2024-03-11 12:00:00,72010.0,4018.0,0.6933,515.4,147.06,0.7586,0.13253,21.176,46.67
2024-03-11 16:00:00,71970.0,4031.71,0.7305,517.9,146.67,0.7735,0.13291,21.134,47.49
2024-03-11 20:00:00,72078.1,4064.8,0.723,523.0,148.83,0.7754,0.13372,21.277,49.09
2024-03-12 00:00:00,71619.0,4028.69,0.6892,534.1,150.9,0.7574,0.13304,20.82,47.99
2024-03-12 04:00:00,72121.1,4027.13,0.703,538.6,151.86,0.7518,0.13263,20.58,47.65
2024-03-12 08:00:00,72023.82,4020.83,0.7011,530.4,150.45,0.7481,0.13224,20.488,47.78
2024-03-12 12:00:00,71703.41,3988.46,0.7026,541.9,150.22,0.7471,0.13209,20.529,53.74
2024-03-12 16:00:00,71349.99,3980.23,0.691,541.3,149.88,0.7471,0.1314,20.705,56.76
2024-03-12 20:00:00,71452.01,3979.96,0.688,537.5,151.05,0.7481,0.13142,20.704,55.48
2024-03-13 00:00:00,72057.43,4043.78,0.6987,538.2,149.28,0.7523,0.13162,20.7,53.28
2024-03-13 04:00:00,72855.16,4038.36,0.6959,560.7,150.74,0.763,0.13205,20.789,53.87
2024-03-13 08:00:00,73065.41,4048.9,0.6886,592.3,153.73,0.7587,0.13159,20.719,53.84
2024-03-13 12:00:00,72634.95,3962.8,0.677,582.4,157.25,0.7462,0.13166,20.392,53.53
2024-03-13 16:00:00,73349.24,4000.44,0.6846,597.2,161.44,0.752,0.13192,20.419,54.13
2024-03-13 20:00:00,73072.41,4004.79,0.6891,630.5,163.9,0.7638,0.13194,20.751,54.79
2024-03-14 00:00:00,73267.08,3993.77,0.6849,615.3,167.45,0.7595,0.13133,20.621,57.68
2024-03-14 04:00:00,73224.0,3963.46,0.6805,606.3,168.31,0.7831,0.1306,20.445,55.89
2024-03-14 08:00:00,72884.0,3955.04,0.6855,605.4,173.09,0.795,0.13053,21.618,56.48
2024-03-14 12:00:00,70844.01,3845.81,0.6691,592.7,167.64,0.7474,0.12898,20.567,53.13
2024-03-14 16:00:00,69415.09,3785.89,0.6515,579.2,162.42,0.7269,0.1281,20.26,51.61
2024-03-14 20:00:00,71388.94,3881.7,0.669,603.2,176.65,0.7509,0.12913,20.88,53.95
2024-03-15 00:00:00,68224.01,3722.2,0.6369,582.9,176.02,0.7206,0.12728,19.578,54.17
2024-03-15 04:00:00,68448.29,3754.12,0.6356,582.6,176.07,0.7207,0.12705,19.583,53.73
2024-03-15 08:00:00,67757.76,3689.33,0.6221,583.2,170.0,0.7013,0.12597,19.254,51.53
2024-03-15 12:00:00,68157.07,3688.9,0.6273,596.3,181.84,0.7172,0.1259,19.399,55.43
2024-03-15 16:00:00,68964.0,3689.54,0.631,597.2,183.32,0.7194,0.12586,19.376,56.25
2024-03-15 20:00:00,69499.85,3742.19,0.6342,632.7,183.95,0.7274,0.12633,19.63,58.36
2024-03-16 00:00:00,69200.08,3735.52,0.6412,612.2,187.62,0.7221,0.12677,19.404,56.95
2024-03-16 04:00:00,69432.45,3740.19,0.6403,614.7,192.94,0.7341,0.12682,19.618,60.65
2024-03-16 08:00:00,68256.01,3692.29,0.6306,608.6,192.68,0.7184,0.12713,19.304,59.17
2024-03-16 12:00:00,68385.58,3679.55,0.6248,601.5,195.08,0.7042,0.12634,19.015,58.02
2024-03-16 16:00:00,66911.52,3600.6,0.6072,583.8,180.08,0.6664,0.12534,18.197,52.78
2024-03-16 20:00:00,65300.63,3523.09,0.6031,576.4,182.05,0.6591,0.12527,18.115,53.44
2024-03-17 00:00:00,66538.99,3571.5,0.6152,587.7,186.5,0.6732,0.12554,18.401,53.54
2024-03-17 04:00:00,65636.67,3472.72,0.6003,559.9,181.86,0.6458,0.12456,17.675,51.47
2024-03-17 08:00:00,66955.49,3578.99,0.6146,572.1,191.94,0.6776,0.12535,18.338,55.6
2024-03-17 12:00:00,67965.5,3628.42,0.6205,588.2,195.6,0.684,0.12546,18.529,55.63
2024-03-17 16:00:00,68536.73,3651.18,0.622,583.1,195.7,0.6844,0.12609,18.687,57.81
2024-03-17 20:00:00,68393.48,3644.71,0.6191,571.7,201.86,0.6814,0.12624,18.666,58.45
2024-03-18 00:00:00,67972.01,3600.39,0.6207,565.2,203.93,0.6708,0.12627,18.911,60.51
2024-03-18 04:00:00,68218.38,3626.65,0.6213,576.7,203.22,0.6872,0.1267,19.467,61.28
2024-03-18 08:00:00,68253.4,3597.82,0.6117,568.4,208.08,0.6817,0.12576,19.236,63.81
2024-03-18 12:00:00,67467.19,3525.18,0.6065,552.3,203.81,0.6603,0.12418,18.6,61.75
2024-03-18 16:00:00,66936.0,3478.89,0.6036,548.3,198.35,0.649,0.12336,18.193,62.36
2024-03-18 20:00:00,67609.99,3520.46,0.6453,555.4,195.92,0.6603,0.12408,18.301,60.65
2024-03-19 00:00:00,65876.01,3419.17,0.6152,534.0,184.21,0.6353,0.12325,17.698,59.13
2024-03-19 04:00:00,64704.22,3360.14,0.5995,529.4,186.14,0.6264,0.1211,17.336,60.19
2024-03-19 08:00:00,63081.34,3276.51,0.5905,513.6,177.84,0.6169,0.11921,17.32,58.03
2024-03-19 12:00:00,64051.85,3303.16,0.6064,529.5,182.98,0.6266,0.11846,17.773,59.82
2024-03-19 16:00:00,64391.99,3333.26,0.6071,532.0,181.47,0.6157,0.11812,17.615,58.56
2024-03-19 20:00:00,61937.4,3158.64,0.5845,507.7,169.82,0.5864,0.11244,16.805,53.63
2024-03-20 00:00:00,61860.81,3161.02,0.5834,512.3,169.84,0.5884,0.11255,16.858,51.48
2024-03-20 04:00:00,62957.85,3218.48,0.595,532.1,173.36,0.6092,0.1171,17.328,53.85
2024-03-20 08:00:00,63392.94,3293.26,0.5963,533.6,172.06,0.6112,0.11774,17.418,53.43
2024-03-20 12:00:00,63600.37,3292.55,0.5864,516.4,170.53,0.5986,0.116,17.316,52.62
2024-03-20 16:00:00,65784.46,3379.01,0.6063,540.9,182.54,0.6318,0.12038,18.077,55.38
2024-03-20 20:00:00,67840.51,3516.53,0.6107,556.8,191.77,0.6396,0.12071,18.412,57.06
2024-03-21 00:00:00,66654.45,3510.59,0.6072,552.5,190.28,0.6355,0.12122,18.308,55.8
2024-03-21 04:00:00,66985.19,3516.03,0.6046,550.0,188.55,0.6309,0.12085,18.14,54.43
2024-03-21 08:00:00,67044.0,3531.18,0.6179,558.1,189.13,0.6321,0.12171,18.238,54.96
2024-03-21 12:00:00,66557.77,3497.6,0.6362,558.5,185.32,0.636,0.12133,18.487,54.64
2024-03-21 16:00:00,65223.74,3441.38,0.636,552.0,177.91,0.6325,0.12071,18.545,53.72
2024-03-21 20:00:00,65501.27,3492.85,0.6404,553.8,179.46,0.6318,0.12115,18.458,53.82
2024-03-22 00:00:00,65981.99,3522.01,0.6363,575.6,179.06,0.6345,0.12127,18.482,55.16
2024-03-22 04:00:00,66178.01,3511.4,0.6351,584.1,179.08,0.6398,0.12128,18.385,55.83
2024-03-22 08:00:00,64233.9,3405.19,0.616,565.4,172.05,0.6186,0.12008,17.891,54.75
2024-03-22 12:00:00,63877.04,3349.31,0.6107,554.0,171.66,0.6179,0.11787,17.732,53.63
2024-03-22 16:00:00,63866.93,3340.46,0.6124,550.0,172.81,0.6131,0.11698,18.265,53.84
2024-03-22 20:00:00,63796.64,3336.35,0.6115,553.8,175.21,0.6147,0.11737,18.367,53.44
2024-03-23 00:00:00,63556.0,3303.56,0.6087,550.3,171.9,0.6169,0.11664,18.113,53.33
2024-03-23 04:00:00,64575.41,3365.28,0.6158,554.9,175.98,0.6276,0.11777,18.371,55.02
2024-03-23 08:00:00,64629.62,3364.99,0.6192,554.4,175.85,0.6301,0.11805,18.415,54.63
2024-03-23 12:00:00,65104.05,3405.5,0.6278,562.2,175.16,0.633,0.11835,18.328,54.82
2024-03-23 16:00:00,64872.9,3386.12,0.6244,559.1,174.79,0.6299,0.11912,18.339,54.73
2024-03-23 20:00:00,63990.01,3329.53,0.6167,551.9,172.65,0.6232,0.11823,18.063,53.45
2024-03-24 00:00:00,63962.98,3307.62,0.6154,550.7,171.7,0.627,0.11929,18.02,53.22
2024-03-24 04:00:00,64583.43,3341.8,0.6266,552.7,173.54,0.6377,0.12036,18.145,53.42
2024-03-24 08:00:00,65334.01,3387.38,0.6307,556.5,174.84,0.636,0.11882,18.363,53.81
2024-03-24 12:00:00,65673.36,3397.51,0.6316,560.4,176.21,0.6351,0.11927,18.283,53.59
2024-03-24 16:00:00,65843.02,3382.5,0.6299,563.9,176.09,0.6332,0.11971,18.2,53.84
2024-03-24 20:00:00,67209.99,3454.98,0.6325,567.7,183.88,0.6468,0.12014,18.518,55.68
2024-03-25 00:00:00,67350.0,3454.97,0.6312,581.5,184.81,0.6469,0.12026,18.692,56.44
2024-03-25 04:00:00,66821.19,3444.6,0.6291,583.8,185.76,0.6421,0.11724,18.616,56.11
2024-03-25 08:00:00,66810.15,3436.19,0.6269,579.3,187.94,0.6423,0.11849,18.892,57.08
2024-03-25 12:00:00,69792.05,3581.49,0.6421,593.0,192.78,0.6616,0.12014,19.304,58.37
2024-03-25 16:00:00,70960.89,3638.96,0.6554,594.5,192.24,0.6656,0.12088,19.452,58.13
2024-03-25 20:00:00,69880.01,3590.42,0.6406,587.0,188.99,0.6567,0.12043,19.375,57.76
2024-03-26 00:00:00,70423.11,3623.0,0.6437,592.8,191.64,0.666,0.12088,19.769,58.28
2024-03-26 04:00:00,70486.38,3635.13,0.6469,591.7,193.99,0.6719,0.12115,19.87,58.26
2024-03-26 08:00:00,70693.16,3631.6,0.6444,591.5,194.8,0.6762,0.12182,20.421,57.89
2024-03-26 12:00:00,70250.0,3593.35,0.6343,579.9,190.35,0.663,0.12119,20.182,56.67
2024-03-26 16:00:00,69477.67,3560.82,0.6298,575.5,188.29,0.6572,0.12065,19.649,55.61
2024-03-26 20:00:00,69988.0,3587.33,0.6317,580.4,190.46,0.665,0.12079,20.007,55.78
2024-03-27 00:00:00,70387.99,3603.11,0.6317,582.0,189.99,0.6626,0.12109,19.816,56.16
2024-03-27 04:00:00,69725.99,3565.21,0.6203,574.3,186.79,0.6485,0.12064,19.582,54.96
2024-03-27 08:00:00,70220.73,3585.07,0.6222,578.4,188.53,0.6571,0.12038,19.722,54.98
2024-03-27 12:00:00,68874.0,3514.3,0.6109,570.0,181.11,0.6338,0.11948,19.143,53.33
2024-03-27 16:00:00,68652.0,3491.18,0.6143,569.5,182.68,0.6449,0.11937,19.26,53.87
2024-03-27 20:00:00,69469.99,3501.19,0.6118,574.3,186.33,0.6478,0.11933,19.289,54.1
2024-03-28 00:00:00,69290.0,3496.61,0.6095,581.7,182.17,0.6398,0.11928,19.188,53.71
2024-03-28 04:00:00,70399.03,3573.88,0.6222,590.5,187.33,0.6512,0.11988,19.531,54.92
2024-03-28 08:00:00,70647.18,3579.73,0.6213,587.3,185.39,0.6517,0.12023,19.593,54.33
2024-03-28 12:00:00,71290.39,3578.7,0.6223,585.2,187.36,0.6548,0.12046,19.339,54.68
2024-03-28 16:00:00,70798.26,3563.05,0.6271,581.7,186.27,0.6503,0.12018,19.207,54.61
2024-03-28 20:00:00,70780.6,3560.49,0.6244,583.4,189.63,0.6511,0.12044,19.148,54.63
2024-03-29 00:00:00,70442.22,3562.39,0.621,588.6,188.34,0.6474,0.12051,19.007,54.29
2024-03-29 04:00:00,69794.0,3519.43,0.6105,606.7,183.63,0.6378,0.11958,18.789,53.11
2024-03-29 08:00:00,70142.78,3549.85,0.6294,616.4,185.83,0.652,0.12014,18.959,53.83
2024-03-29 12:00:00,69180.0,3488.53,0.6248,607.4,184.91,0.6495,0.11992,18.974,53.07
2024-03-29 16:00:00,69665.99,3500.34,0.6262,613.6,187.69,0.648,0.12003,18.941,53.07
2024-03-29 20:00:00,69850.54,3509.74,0.6301,612.5,192.01,0.6643,0.11989,18.967,53.33
2024-03-30 00:00:00,69773.99,3490.0,0.6255,607.9,192.77,0.658,0.12022,18.82,53.28
2024-03-30 04:00:00,69852.18,3492.64,0.6225,599.3,195.76,0.6505,0.12036,19.055,53.86
2024-03-30 08:00:00,70183.55,3560.0,0.6272,605.1,197.76,0.6582,0.12077,19.193,54.32
2024-03-30 12:00:00,69999.99,3536.61,0.6286,605.5,196.29,0.6505,0.12119,19.121,53.72
2024-03-30 16:00:00,69896.34,3509.02,0.6267,604.9,195.45,0.6505,0.12212,19.078,53.43
2024-03-30 20:00:00,69582.18,3505.64,0.6212,600.7,194.2,0.6436,0.12256,18.933,52.93
2024-03-31 00:00:00,69916.61,3537.26,0.6223,608.6,194.29,0.6452,0.12227,18.968,53.16
2024-03-31 04:00:00,70301.73,3625.38,0.6274,606.9,196.74,0.6503,0.12232,19.249,54.03
2024-03-31 08:00:00,70369.99,3609.2,0.6264,605.8,195.83,0.6471,0.12244,19.022,53.69
2024-03-31 12:00:00,70381.13,3617.68,0.6266,602.1,195.69,0.6464,0.12323,19.072,53.19
2024-03-31 16:00:00,71023.5,3638.18,0.6287,606.0,200.13,0.6473,0.12292,19.095,54.12
2024-03-31 20:00:00,71280.01,3645.29,0.6292,606.7,202.45,0.6501,0.12296,19.171,54.06
2024-04-01 00:00:00,70588.01,3610.42,0.6273,597.6,202.58,0.645,0.12317,19.169,53.8
2024-04-01 04:00:00,69594.94,3546.88,0.6154,586.6,197.96,0.6309,0.1216,18.641,52.21
2024-04-01 08:00:00,69460.01,3537.98,0.6096,585.1,195.14,0.6272,0.12134,18.352,52.42
2024-04-01 12:00:00,68237.15,3444.04,0.5997,574.0,188.08,0.6089,0.12008,17.946,51.28
2024-04-01 16:00:00,69648.01,3486.33,0.6115,579.2,193.33,0.6199,0.12069,18.223,51.45
2024-04-01 20:00:00,69649.8,3503.8,0.611,575.8,192.24,0.6212,0.12051,18.358,51.38
2024-04-02 00:00:00,66703.97,3366.08,0.5953,560.9,183.59,0.5957,0.11846,17.699,47.93
2024-04-02 04:00:00,66455.5,3362.9,0.5997,559.0,183.17,0.5961,0.11771,18.296,48.07
2024-04-02 08:00:00,65622.69,3308.64,0.5886,555.5,179.87,0.5852,0.11655,18.035,47.12
2024-04-02 12:00:00,64890.0,3240.13,0.5817,552.3,177.43,0.5811,0.11604,17.617,46.83
2024-04-02 16:00:00,65914.9,3277.53,0.5908,558.0,185.69,0.5865,0.11646,17.945,47.46
2024-04-02 20:00:00,65463.99,3278.96,0.5854,551.4,181.53,0.5807,0.11662,17.952,46.86
2024-04-03 00:00:00,66225.79,3315.41,0.5851,560.3,188.47,0.5867,0.11714,18.126,47.68
2024-04-03 04:00:00,66135.99,3305.53,0.5883,558.5,189.54,0.5879,0.11758,18.021,47.82
2024-04-03 08:00:00,66059.76,3317.53,0.5829,556.2,187.75,0.585,0.11788,17.998,47.28
2024-04-03 12:00:00,65836.01,3329.2,0.5799,556.7,189.06,0.5816,0.11747,17.892,46.27
2024-04-03 16:00:00,65784.0,3314.29,0.5753,558.2,185.65,0.5771,0.11709,17.635,45.81
2024-04-03 20:00:00,65963.28,3310.83,0.5742,561.5,185.05,0.5693,0.11712,17.687,45.89
2024-04-04 00:00:00,65620.01,3274.37,0.5686,576.3,181.52,0.5661,0.11733,17.579,46.07
2024-04-04 04:00:00,66091.6,3322.79,0.5734,582.7,184.96,0.5757,0.11723,17.899,46.9
2024-04-04 08:00:00,66353.67,3340.37,0.575,587.1,185.62,0.5812,0.11769,17.857,46.99
2024-04-04 12:00:00,67647.99,3364.12,0.594,590.6,186.99,0.5879,0.11902,18.02,47.43
2024-04-04 16:00:00,68500.0,3366.09,0.596,594.5,185.66,0.585,0.11916,17.855,47.07
2024-04-04 20:00:00,68487.79,3327.4,0.5935,585.5,184.0,0.5831,0.11915,17.791,46.5
2024-04-05 00:00:00,67863.99,3308.3,0.5879,581.6,179.42,0.5775,0.11904,17.515,46.01
2024-04-05 04:00:00,66930.74,3287.61,0.5818,574.7,175.04,0.572,0.11858,17.267,45.39
2024-04-05 08:00:00,66478.0,3243.51,0.5723,577.5,169.76,0.563,0.11771,16.978,44.26
2024-04-05 12:00:00,68190.62,3326.43,0.5831,584.0,175.89,0.5778,0.11812,17.494,45.53
2024-04-05 16:00:00,67412.4,3320.1,0.5886,582.6,175.4,0.5744,0.11796,17.343,45.33
2024-04-05 20:00:00,67820.62,3317.85,0.5871,577.8,174.37,0.5741,0.1179,17.325,45.3
2024-04-06 00:00:00,67788.01,3331.34,0.5892,580.8,175.93,0.5807,0.11786,17.364,46.66
2024-04-06 04:00:00,67992.02,3330.39,0.59,583.4,177.27,0.5816,0.118,17.468,47.09
2024-04-06 08:00:00,67668.16,3330.67,0.588,581.3,175.69,0.5807,0.11849,17.617,46.92
2024-04-06 12:00:00,68104.0,3335.37,0.5942,583.7,177.17,0.5842,0.11906,17.516,48.13
2024-04-06 16:00:00,68259.98,3349.24,0.5906,583.4,177.37,0.5809,0.1193,17.42,47.98
2024-04-06 20:00:00,68896.0,3351.59,0.593,585.4,178.68,0.5836,0.11959,17.559,48.19
2024-04-07 00:00:00,69408.05,3388.41,0.595,590.1,180.65,0.5886,0.12,17.775,48.76
2024-04-07 04:00:00,69364.01,3385.19,0.5956,586.9,179.75,0.5898,0.12017,17.604,48.44
2024-04-07 08:00:00,69357.0,3390.34,0.5973,586.4,180.73,0.5931,0.1203,17.743,48.58
2024-04-07 12:00:00,69543.74,3390.13,0.5965,584.4,179.64,0.5899,0.12046,17.673,48.25
2024-04-07 16:00:00,69068.01,3381.39,0.591,578.7,178.27,0.5839,0.12016,17.614,48.12
2024-04-07 20:00:00,69360.39,3454.2,0.5944,583.9,179.52,0.5892,0.12056,17.913,49.32
2024-04-08 00:00:00,69458.95,3423.0,0.5922,582.0,176.41,0.582,0.12106,17.632,48.71
2024-04-08 04:00:00,70698.63,3473.88,0.6018,588.7,180.15,0.5949,0.12146,17.964,49.46
2024-04-08 08:00:00,72404.0,3633.08,0.6075,596.2,182.74,0.6081,0.12304,18.595,50.42
2024-04-08 12:00:00,71773.98,3629.2,0.6154,587.7,181.46,0.6074,0.12271,18.288,49.62
2024-04-08 16:00:00,71766.0,3702.8,0.6246,588.9,179.38,0.6148,0.12287,18.093,49.97
2024-04-08 20:00:00,71620.0,3694.61,0.6147,586.4,180.68,0.6137,0.12303,18.101,49.86
2024-04-09 00:00:00,71285.0,3692.29,0.6134,582.2,177.5,0.6081,0.12231,17.913,49.04
2024-04-09 04:00:00,70383.99,3641.81,0.6083,574.3,175.62,0.6024,0.1219,17.708,48.45
2024-04-09 08:00:00,70794.85,3632.85,0.6242,584.2,176.21,0.6118,0.12246,17.833,48.6
2024-04-09 12:00:00,69264.0,3529.92,0.622,578.9,172.47,0.6058,0.12112,17.517,47.55
2024-04-09 16:00:00,69000.77,3517.1,0.6243,580.3,174.33,0.6002,0.12093,17.592,47.27
2024-04-09 20:00:00,69146.0,3506.39,0.6141,580.5,172.42,0.5912,0.12109,17.362,46.47
2024-04-10 00:00:00,69150.18,3513.0,0.6068,579.0,171.39,0.5825,0.12218,17.396,46.63
2024-04-10 04:00:00,69336.28,3536.61,0.6147,587.5,172.76,0.5844,0.12365,17.445,47.48
2024-04-10 08:00:00,69043.0,3521.32,0.6123,586.7,170.21,0.5777,0.1203,17.386,47.43
2024-04-10 12:00:00,68657.32,3479.41,0.6073,593.1,167.92,0.5728,0.11831,17.154,46.62
2024-04-10 16:00:00,70083.99,3521.52,0.6187,605.8,171.31,0.5829,0.11875,17.31,47.41
2024-04-10 20:00:00,70631.08,3545.64,0.6172,609.7,173.31,0.5862,0.1191,17.417,47.3
2024-04-11 00:00:00,70851.67,3575.84,0.62,616.6,172.76,0.5889,0.11976,17.441,46.86
2024-04-11 04:00:00,70735.99,3583.4,0.6189,604.7,174.46,0.5916,0.12022,17.506,47.21
2024-04-11 08:00:00,69983.16,3522.88,0.6091,592.8,170.52,0.5817,0.11952,17.174,46.01
2024-04-11 12:00:00,70000.0,3508.32,0.6081,602.8,173.39,0.582,0.11933,17.24,46.09
2024-04-11 16:00:00,70459.67,3517.7,0.6123,605.0,174.63,0.583,0.11967,17.416,46.18
2024-04-11 20:00:00,70006.23,3502.52,0.6086,604.6,172.37,0.5858,0.1203,17.555,46.01
2024-04-12 00:00:00,70977.27,3534.01,0.6119,613.6,174.06,0.5909,0.12122,17.763,46.68
2024-04-12 04:00:00,70764.01,3516.2,0.6102,621.1,173.25,0.5817,0.12133,17.693,46.34
2024-04-12 08:00:00,70904.01,3532.22,0.6082,622.1,172.67,0.585,0.12183,17.643,46.14
2024-04-12 12:00:00,69347.3,3440.71,0.5934,612.7,167.36,0.5641,0.12056,17.099,44.17
2024-04-12 16:00:00,66843.98,3206.17,0.5364,587.7,149.26,0.4821,0.11354,14.471,38.48
2024-04-12 20:00:00,67116.52,3237.43,0.5468,595.6,153.16,0.5027,0.1148,15.156,39.34
2024-04-13 00:00:00,67160.55,3230.91,0.543,583.2,151.77,0.5036,0.1142,15.102,38.19
2024-04-13 04:00:00,67446.52,3257.6,0.5424,593.8,151.02,0.5057,0.11411,15.156,38.14
2024-04-13 08:00:00,67360.0,3268.2,0.5423,594.0,151.23,0.5096,0.11414,15.065,38.47
2024-04-13 12:00:00,67676.0,3272.39,0.5429,595.0,148.99,0.5027,0.11339,14.891,38.23
2024-04-13 16:00:00,64788.01,3085.2,0.4918,551.9,133.73,0.4508,0.1117,13.446,33.31
2024-04-13 20:00:00,63924.51,3007.01,0.4788,553.1,138.47,0.4449,0.11006,13.288,33.89
2024-04-14 00:00:00,63437.55,2970.85,0.4698,547.9,134.91,0.447,0.10918,13.104,33.68
2024-04-14 04:00:00,64464.3,3084.2,0.4955,565.6,144.06,0.4724,0.1117,13.916,36.28
2024-04-14 08:00:00,64166.05,3027.01,0.4826,552.2,138.84,0.457,0.11061,13.451,36.02
2024-04-14 12:00:00,64180.97,3055.74,0.4868,550.3,137.99,0.4544,0.11096,13.57,35.45
2024-04-14 16:00:00,64168.62,3073.62,0.49,552.2,141.78,0.4509,0.11089,13.604,35.69
2024-04-14 20:00:00,65661.84,3155.11,0.5033,566.4,151.25,0.4673,0.11243,14.098,37.27
2024-04-15 00:00:00,65138.19,3146.5,0.4985,567.9,148.11,0.4631,0.11267,13.861,35.89
2024-04-15 04:00:00,66263.84,3242.05,0.5137,575.4,153.75,0.4895,0.11486,14.415,37.77
2024-04-15 08:00:00,65860.12,3229.64,0.5114,578.0,150.95,0.4849,0.114,14.436,37.47
2024-04-15 12:00:00,64568.81,3163.21,0.497,565.8,143.31,0.4678,0.11238,14.119,36.87
2024-04-15 16:00:00,63301.11,3100.1,0.4976,555.6,137.89,0.4556,0.11134,13.701,35.35
2024-04-15 20:00:00,63419.99,3101.99,0.4977,552.7,138.51,0.461,0.11146,13.58,35.16
2024-04-16 00:00:00,62956.0,3072.19,0.4891,545.0,134.6,0.4564,0.11095,13.353,34.65
2024-04-16 04:00:00,63516.19,3107.29,0.4986,550.7,137.87,0.4741,0.11149,13.694,35.69
2024-04-16 08:00:00,63094.77,3093.31,0.4912,543.2,136.18,0.4649,0.11097,13.474,35.14
2024-04-16 12:00:00,61762.2,3009.04,0.4881,525.4,127.62,0.4425,0.10924,12.937,32.94
2024-04-16 16:00:00,62721.43,3057.64,0.4916,535.0,132.14,0.4486,0.11072,13.227,33.98
2024-04-16 20:00:00,63793.39,3084.22,0.4965,537.6,136.22,0.4583,0.1118,13.46,34.76
2024-04-17 00:00:00,63842.02,3095.61,0.4977,542.0,137.41,0.458,0.11248,13.423,34.72
2024-04-17 04:00:00,63297.84,3076.6,0.5043,543.7,139.46,0.4569,0.11248,13.463,34.94
2024-04-17 08:00:00,62595.04,3040.2,0.4875,531.9,134.29,0.4468,0.11212,13.234,33.87
2024-04-17 12:00:00,60304.95,2946.8,0.478,517.6,128.71,0.4326,0.10942,12.88,32.64
2024-04-17 16:00:00,61022.35,3001.6,0.4991,534.0,134.62,0.4471,0.1103,13.248,34.19
2024-04-17 20:00:00,61277.37,2985.41,0.4951,534.1,131.84,0.444,0.10971,13.133,33.58
2024-04-18 00:00:00,61988.0,3025.68,0.4973,549.8,135.58,0.4505,0.10987,13.282,34.33
2024-04-18 04:00:00,61178.08,2975.2,0.49,543.9,129.43,0.4391,0.10934,12.966,33.33
2024-04-18 08:00:00,62597.92,3046.46,0.4954,546.5,135.81,0.4506,0.10938,13.346,34.95
2024-04-18 12:00:00,63498.7,3069.17,0.5005,550.9,138.99,0.4542,0.10909,13.594,35.03
2024-04-18 16:00:00,63477.04,3064.19,0.5028,550.0,140.29,0.4542,0.10891,13.683,34.89
2024-04-18 20:00:00,63470.08,3064.4,0.5025,552.1,142.07,0.458,0.10925,13.887,34.85
2024-04-19 00:00:00,61785.14,2979.8,0.4848,541.0,136.54,0.4417,0.10721,13.299,33.6
2024-04-19 04:00:00,64547.18,3084.41,0.4952,555.3,143.32,0.4564,0.1083,13.641,35.18
2024-04-19 08:00:00,64870.74,3102.61,0.5016,559.9,144.44,0.4676,0.10909,13.802,35.42
2024-04-19 12:00:00,64437.17,3080.74,0.5033,560.1,146.19,0.4716,0.11023,13.999,35.36
2024-04-19 16:00:00,64325.25,3104.1,0.5067,560.7,145.49,0.4729,0.11047,14.031,35.32
2024-04-19 20:00:00,63818.01,3056.46,0.503,554.0,142.5,0.4682,0.10989,13.946,34.67
2024-04-20 00:00:00,63956.0,3055.99,0.5118,556.5,142.4,0.4779,0.1096,13.957,35.18
2024-04-20 04:00:00,63961.22,3060.64,0.5141,560.5,143.51,0.4967,0.1093,14.048,35.85
2024-04-20 08:00:00,63707.17,3047.39,0.5199,556.0,141.55,0.4764,0.10952,14.171,35.03
2024-04-20 12:00:00,64808.35,3109.86,0.5212,567.9,147.19,0.491,0.11008,14.602,36.61
2024-04-20 16:00:00,64866.44,3148.21,0.5271,572.9,151.2,0.5021,0.11072,14.917,37.52
2024-04-20 20:00:00,64940.59,3155.79,0.5288,570.9,151.22,0.5072,0.11105,14.959,38.31
2024-04-21 00:00:00,65170.0,3166.8,0.5267,572.3,150.63,0.5061,0.11105,14.929,38.21
2024-04-21 04:00:00,65150.66,3179.55,0.5338,579.6,151.12,0.5056,0.11099,14.9,38.03
2024-04-21 08:00:00,65234.01,3168.81,0.5303,579.0,151.46,0.5043,0.1111,14.897,37.48
2024-04-21 12:00:00,65043.69,3158.82,0.5276,574.0,150.14,0.4984,0.1108,14.82,37.21
2024-04-21 16:00:00,64538.0,3136.79,0.523,574.9,148.0,0.4963,0.11106,14.771,36.93
2024-04-21 20:00:00,64941.15,3147.67,0.5246,579.6,148.8,0.4993,0.11132,15.105,37.15
2024-04-22 00:00:00,65703.5,3190.1,0.5333,592.0,150.35,0.5075,0.11114,15.831,38.07
2024-04-22 04:00:00,65980.0,3203.6,0.5321,603.0,153.62,0.506,0.11123,15.597,38.48
2024-04-22 08:00:00,65877.47,3194.54,0.533,598.8,153.28,0.51,0.11097,15.319,38.95
2024-04-22 12:00:00,65994.38,3183.32,0.5388,594.9,153.45,0.5157,0.11142,15.343,39.0
2024-04-22 16:00:00,66524.77,3188.23,0.5515,596.6,154.55,0.5181,0.1118,15.398,39.26
2024-04-22 20:00:00,66819.32,3200.2,0.556,604.5,156.95,0.5167,0.11223,15.445,39.19
2024-04-23 00:00:00,66435.01,3183.9,0.5489,601.7,155.51,0.5098,0.11137,15.405,38.87
2024-04-23 04:00:00,66099.79,3160.48,0.5492,600.1,153.62,0.5088,0.11212,15.359,38.25
2024-04-23 08:00:00,66043.99,3179.8,0.5438,604.8,154.08,0.5147,0.11214,15.288,38.08
2024-04-23 12:00:00,66419.56,3226.13,0.5469,604.3,157.92,0.5052,0.11259,15.249,38.96
2024-04-23 16:00:00,66484.43,3218.31,0.5544,609.1,157.48,0.5049,0.11345,15.359,38.71
2024-04-23 20:00:00,66414.0,3219.46,0.5445,606.2,154.75,0.5,0.11322,15.178,38.3
2024-04-24 00:00:00,66608.14,3237.61,0.5466,605.0,156.73,0.501,0.11313,15.29,38.98
2024-04-24 04:00:00,66630.9,3250.11,0.5494,607.9,157.84,0.5044,0.11337,15.392,39.13
2024-04-24 08:00:00,66571.52,3281.96,0.5444,614.4,159.33,0.4983,0.1138,15.598,39.16
2024-04-24 12:00:00,64610.11,3175.8,0.5263,597.1,151.51,0.4769,0.11311,14.72,36.87
2024-04-24 16:00:00,63976.06,3134.67,0.5373,604.2,149.83,0.4801,0.11395,14.735,37.02
2024-04-24 20:00:00,64289.59,3140.8,0.5275,608.8,147.78,0.4746,0.11329,14.536,36.37
2024-04-25 00:00:00,64282.01,3147.41,0.5258,605.2,146.03,0.4734,0.11413,14.545,35.88
2024-04-25 04:00:00,64017.99,3136.39,0.5225,608.4,146.3,0.4723,0.11405,14.776,35.43
2024-04-25 08:00:00,63861.23,3112.0,0.519,611.5,144.8,0.4695,0.11523,14.636,35.15
2024-04-25 12:00:00,64135.94,3160.4,0.5244,611.2,147.81,0.4737,0.11694,14.733,35.65
2024-04-25 16:00:00,64747.11,3165.84,0.5304,616.8,146.86,0.4743,0.11715,14.724,35.89
2024-04-25 20:00:00,64498.34,3155.8,0.5254,613.2,144.84,0.4705,0.11722,14.593,35.59
2024-04-26 00:00:00,64381.24,3141.59,0.5278,610.1,143.25,0.473,0.1178,14.617,35.48
2024-04-26 04:00:00,64276.95,3135.46,0.5258,608.5,143.45,0.4688,0.1169,14.818,35.36
2024-04-26 08:00:00,64244.02,3128.63,0.5228,602.5,143.15,0.4683,0.11854,14.586,35.21
2024-04-26 12:00:00,63503.22,3117.6,0.5205,599.1,142.7,0.4661,0.11943,14.676,35.15
2024-04-26 16:00:00,63742.05,3133.84,0.5266,601.3,142.65,0.4649,0.12047,14.654,34.89
2024-04-26 20:00:00,63770.01,3131.3,0.5261,598.0,139.23,0.4631,0.12014,14.49,34.42
2024-04-27 00:00:00,63082.01,3122.18,0.5188,594.6,136.3,0.4589,0.11909,14.176,34.13
2024-04-27 04:00:00,62966.83,3120.59,0.5146,593.7,136.15,0.4544,0.1205,14.121,34.07
2024-04-27 08:00:00,62862.14,3124.92,0.5134,587.8,135.89,0.4529,0.12002,14.038,33.92
2024-04-27 12:00:00,62951.75,3145.05,0.516,587.6,137.72,0.4571,0.12035,13.956,34.08
2024-04-27 16:00:00,63352.11,3237.4,0.5202,595.6,142.3,0.4662,0.12013,14.172,34.51
2024-04-27 20:00:00,63461.98,3255.56,0.5179,596.2,141.31,0.4675,0.11975,14.267,34.47
2024-04-28 00:00:00,64021.62,3308.87,0.5226,599.7,143.83,0.4749,0.12036,14.333,34.98
2024-04-28 04:00:00,63915.5,3317.6,0.5234,600.7,143.54,0.4748,0.1207,14.332,35.01
2024-04-28 08:00:00,63484.01,3286.41,0.5173,601.7,141.2,0.4678,0.12135,14.032,34.41
2024-04-28 12:00:00,63540.0,3321.01,0.5201,603.8,141.98,0.4674,0.12057,14.109,34.66
2024-04-28 16:00:00,63730.49,3316.92,0.5195,604.2,142.06,0.4693,0.12046,14.113,35.01
2024-04-28 20:00:00,63118.62,3263.45,0.5103,600.2,137.99,0.4603,0.12124,13.809,33.95
2024-04-29 00:00:00,62279.67,3177.6,0.5038,590.4,134.93,0.4523,0.12012,13.826,33.32
2024-04-29 04:00:00,62399.98,3189.0,0.5025,588.5,134.96,0.4508,0.11864,13.872,33.2
2024-04-29 08:00:00,62256.0,3160.11,0.5058,584.7,134.68,0.4533,0.11878,13.936,33.21
2024-04-29 12:00:00,63039.07,3182.45,0.5123,592.7,136.49,0.4572,0.11824,13.976,34.95
2024-04-29 16:00:00,62987.37,3186.01,0.5163,590.8,134.98,0.4531,0.11914,14.042,34.63
2024-04-29 20:00:00,63866.0,3216.73,0.5151,592.8,137.77,0.4571,0.11901,14.074,35.28
2024-04-30 00:00:00,63647.99,3180.79,0.5148,591.7,136.51,0.4571,0.11951,13.984,34.87
2024-04-30 04:00:00,63148.74,3157.35,0.5102,598.4,135.1,0.4512,0.12045,13.905,34.72
2024-04-30 08:00:00,61204.42,3007.45,0.4972,568.5,128.78,0.4318,0.11853,13.196,33.27
2024-04-30 12:00:00,60796.85,2994.12,0.4961,560.8,127.76,0.436,0.11872,13.09,32.81
2024-04-30 16:00:00,59292.95,2928.96,0.496,567.2,123.04,0.4326,0.11809,12.885,31.99
2024-04-30 20:00:00,60672.0,3014.05,0.5006,578.4,126.77,0.4412,0.11956,13.129,32.71
2024-05-01 00:00:00,60246.03,3004.37,0.5035,574.8,126.23,0.4406,0.12013,13.146,32.64
2024-05-01 04:00:00,57499.99,2869.71,0.4908,546.1,120.58,0.4277,0.11857,12.715,31.27
2024-05-01 08:00:00,57898.47,2905.39,0.4942,551.9,123.06,0.435,0.11894,12.944,31.91
2024-05-01 12:00:00,56886.0,2885.45,0.4989,545.0,123.4,0.4353,0.11976,12.78,32.48
2024-05-01 16:00:00,56954.47,2926.06,0.5106,550.2,129.73,0.4417,0.11967,12.997,32.42
2024-05-01 20:00:00,58364.97,2972.46,0.5175,561.8,134.64,0.4501,0.12045,13.347,33.33
2024-05-02 00:00:00,57442.88,2929.33,0.5108,547.5,130.06,0.4455,0.12072,13.162,32.78
2024-05-02 04:00:00,57681.08,2921.22,0.5136,549.8,131.39,0.4446,0.12174,13.277,32.67
2024-05-02 08:00:00,58559.66,2995.55,0.5175,561.6,138.74,0.4531,0.12252,13.662,33.77
2024-05-02 12:00:00,59264.15,2990.17,0.5199,564.5,139.09,0.4576,0.12331,13.624,33.81
2024-05-02 16:00:00,59351.11,2999.81,0.5231,563.5,138.05,0.4559,0.12292,13.69,33.77
2024-05-02 20:00:00,59060.61,2986.19,0.518,560.5,137.58,0.4578,0.12226,13.59,33.58
2024-05-03 00:00:00,59720.3,3010.15,0.5222,566.2,141.01,0.4606,0.12276,13.689,34.15
2024-05-03 04:00:00,59190.74,2969.0,0.5184,561.3,137.23,0.4511,0.12208,13.5,33.55
2024-05-03 08:00:00,59291.09,2979.5,0.5164,562.8,136.88,0.4481,0.12209,13.67,33.56
2024-05-03 12:00:00,61690.74,3075.52,0.5267,577.9,142.09,0.467,0.12327,13.942,35.08
2024-05-03 16:00:00,62067.32,3072.5,0.5307,580.9,142.77,0.4662,0.12353,14.061,35.28
2024-05-03 20:00:00,62882.01,3102.61,0.5317,587.0,143.69,0.4673,0.1227,14.093,35.54
2024-05-04 00:00:00,62724.0,3112.0,0.5296,584.2,144.22,0.4668,0.12257,14.085,35.53
2024-05-04 04:00:00,62959.03,3095.94,0.5279,584.0,143.96,0.4651,0.12282,14.141,35.42
2024-05-04 08:00:00,63873.31,3130.45,0.5344,589.4,146.49,0.4687,0.12333,14.192,35.81
2024-05-04 12:00:00,63609.17,3126.81,0.5359,591.1,146.18,0.4679,0.1228,14.265,36.22
2024-05-04 16:00:00,63921.18,3137.01,0.5336,590.3,147.4,0.4698,0.12262,14.383,37.33
2024-05-04 20:00:00,63892.04,3117.23,0.5302,585.7,146.05,0.4633,0.12226,14.316,37.36
2024-05-05 00:00:00,63235.93,3086.91,0.5279,581.2,144.62,0.455,0.12106,14.207,37.57
2024-05-05 04:00:00,63736.87,3105.7,0.5286,585.2,145.64,0.4584,0.12126,14.235,36.97
2024-05-05 08:00:00,63859.63,3138.1,0.5294,586.6,146.63,0.4585,0.12119,14.302,37.02
2024-05-05 12:00:00,64428.65,3160.19,0.5318,593.1,147.49,0.4636,0.1213,14.517,37.41
2024-05-05 16:00:00,63879.94,3142.45,0.53,592.9,146.07,0.4608,0.12095,14.366,37.23
2024-05-05 20:00:00,64012.0,3136.41,0.5296,592.0,145.73,0.458,0.12107,14.371,37.35
2024-05-06 00:00:00,63866.59,3134.61,0.5317,591.0,146.28,0.4567,0.12081,14.377,37.22
2024-05-06 04:00:00,64540.75,3180.53,0.5399,595.5,148.73,0.4667,0.12169,14.741,38.26
2024-05-06 08:00:00,64203.56,3149.23,0.535,592.3,153.99,0.4654,0.11957,15.032,38.56
2024-05-06 12:00:00,63632.01,3089.25,0.5594,589.0,153.82,0.4606,0.11914,14.685,37.79
2024-05-06 16:00:00,63220.0,3069.84,0.5467,589.9,153.48,0.4609,0.1187,14.668,37.2
2024-05-06 20:00:00,63165.19,3062.6,0.5402,588.2,152.82,0.4541,0.11864,14.484,37.11
2024-05-07 00:00:00,63239.49,3049.19,0.5388,586.7,153.89,0.4493,0.11847,14.33,36.8
2024-05-07 04:00:00,63669.69,3077.4,0.5379,588.7,155.13,0.4494,0.1194,14.275,36.61
2024-05-07 08:00:00,63490.43,3063.39,0.5346,592.6,154.97,0.4488,0.11983,14.337,36.44
2024-05-07 12:00:00,63740.48,3071.41,0.5402,594.2,154.71,0.4522,0.12048,14.494,36.91
2024-05-07 16:00:00,63060.01,3049.62,0.5359,585.6,151.19,0.4474,0.12093,14.255,36.18
2024-05-07 20:00:00,62312.08,3005.69,0.5245,576.5,148.03,0.4414,0.12051,13.997,35.31
2024-05-08 00:00:00,62893.99,3032.33,0.5253,585.5,149.5,0.4442,0.12131,14.034,35.3
2024-05-08 04:00:00,62208.0,2995.01,0.5208,579.7,146.42,0.439,0.12117,13.805,34.55
2024-05-08 08:00:00,62243.4,2990.31,0.5197,585.1,145.39,0.4394,0.12257,13.778,34.41
2024-05-08 12:00:00,62273.08,3006.98,0.5274,582.5,145.86,0.4613,0.12303,14.003,34.48
2024-05-08 16:00:00,62179.45,2999.38,0.5253,588.8,145.48,0.4643,0.12329,13.968,34.41
2024-05-08 20:00:00,61193.03,2974.21,0.5171,588.6,142.18,0.4518,0.12293,13.9,34.02
2024-05-09 00:00:00,61680.4,2997.9,0.5221,597.1,144.14,0.4632,0.1238,13.997,34.31
2024-05-09 04:00:00,61253.16,2983.59,0.5159,600.0,143.27,0.4533,0.12399,14.063,34.27
2024-05-09 08:00:00,61053.99,2977.2,0.5138,595.0,142.8,0.4516,0.12589,14.004,34.06
2024-05-09 12:00:00,62159.06,3005.99,0.5171,596.5,146.47,0.4557,0.12654,14.055,34.35
2024-05-09 16:00:00,62454.92,3021.41,0.5194,596.6,150.86,0.4602,0.12615,14.256,34.68
2024-05-09 20:00:00,63074.01,3036.23,0.5209,596.8,152.57,0.4635,0.1262,14.237,35.07
2024-05-10 00:00:00,62916.16,3028.95,0.5175,593.7,153.93,0.4655,0.1266,14.319,35.55
2024-05-10 04:00:00,63078.02,3042.26,0.5176,595.3,154.34,0.4653,0.12663,14.336,36.03
2024-05-10 08:00:00,63299.63,3037.85,0.5162,596.1,155.01,0.4658,0.12505,14.337,35.8
2024-05-10 12:00:00,60928.02,2918.54,0.5014,586.4,146.94,0.4496,0.12609,13.83,34.62
2024-05-10 16:00:00,60716.97,2901.6,0.5052,586.3,147.17,0.448,0.12719,13.635,33.92
2024-05-10 20:00:00,60799.99,2909.99,0.5022,585.6,146.01,0.4479,0.12741,13.564,33.71
2024-05-11 00:00:00,60731.9,2911.0,0.5032,583.4,143.64,0.4464,0.12682,13.62,33.53
2024-05-11 04:00:00,61018.52,2921.79,0.5056,587.1,145.78,0.449,0.12705,13.632,33.65
2024-05-11 08:00:00,60684.01,2903.4,0.5022,589.7,144.25,0.4434,0.1268,13.495,33.39
2024-05-11 12:00:00,61174.18,2925.72,0.5067,591.5,145.65,0.4432,0.126,13.495,33.8
2024-05-11 16:00:00,61144.0,2930.61,0.5066,593.5,146.44,0.4412,0.12683,13.475,33.8
2024-05-11 20:00:00,60825.99,2912.45,0.5059,592.2,145.42,0.439,0.12638,13.306,33.49
2024-05-12 00:00:00,60930.0,2921.13,0.5075,590.1,146.4,0.4405,0.12685,13.366,33.55
2024-05-12 04:00:00,60820.0,2907.8,0.5042,588.5,144.22,0.4382,0.12684,13.31,33.25
2024-05-12 08:00:00,61146.0,2928.0,0.5046,592.9,145.07,0.4406,0.12658,13.47,33.79
2024-05-12 12:00:00,61419.0,2938.0,0.5047,595.4,145.2,0.4416,0.12681,13.528,33.7
2024-05-12 16:00:00,61406.1,2929.59,0.5012,598.1,144.96,0.4382,0.12703,13.508,33.46
2024-05-12 20:00:00,61483.99,2929.29,0.4993,594.8,143.43,0.4377,0.12738,13.559,33.14
2024-05-13 00:00:00,61170.0,2889.92,0.4934,589.1,140.13,0.4299,0.12665,13.322,32.33
2024-05-13 04:00:00,62334.37,2953.99,0.5036,596.2,143.56,0.4441,0.12685,13.488,33.49
2024-05-13 08:00:00,62738.0,2965.57,0.5066,594.9,145.62,0.4487,0.1262,13.445,33.41
2024-05-13 12:00:00,63002.0,2961.22,0.5095,595.4,147.26,0.4451,0.12603,13.499,33.29
2024-05-13 16:00:00,63172.69,2956.7,0.5079,595.1,148.81,0.4415,0.12612,13.49,32.85
2024-05-13 20:00:00,62940.08,2950.99,0.5053,591.7,147.54,0.4368,0.12561,13.393,32.46
2024-05-14 00:00:00,62488.46,2940.99,0.507,588.9,146.34,0.4349,0.1255,13.44,32.18
2024-05-14 04:00:00,62035.39,2920.03,0.5057,588.5,146.54,0.4373,0.12509,13.534,32.66
2024-05-14 08:00:00,61798.57,2907.94,0.5067,586.3,146.59,0.433,0.12508,13.341,32.74
2024-05-14 12:00:00,61787.61,2898.93,0.5082,569.9,142.92,0.4359,0.1252,13.265,32.09
2024-05-14 16:00:00,61596.52,2893.74,0.5054,568.7,143.8,0.4313,0.12533,13.082,31.93
2024-05-14 20:00:00,61577.49,2881.93,0.5002,567.1,142.03,0.4285,0.12546,12.98,31.58
2024-05-15 00:00:00,61949.99,2902.64,0.5016,569.9,143.96,0.4306,0.12551,12.956,32.32
2024-05-15 04:00:00,62195.04,2916.51,0.4998,569.4,144.29,0.4311,0.12551,13.1,32.67
2024-05-15 08:00:00,62467.18,2898.74,0.5008,566.5,144.19,0.4309,0.12544,13.05,32.73
2024-05-15 12:00:00,64725.11,2976.81,0.5108,580.1,151.61,0.4457,0.12596,13.619,34.08
2024-05-15 16:00:00,66006.23,3024.56,0.5186,586.4,154.92,0.4521,0.12627,13.875,34.33
2024-05-15 20:00:00,66206.5,3032.55,0.5188,581.0,158.52,0.4524,0.12633,13.865,34.66
2024-05-16 00:00:00,65975.39,3013.44,0.5175,584.0,163.11,0.4579,0.12659,13.973,34.97
2024-05-16 04:00:00,66142.62,3016.31,0.5207,584.6,162.78,0.4572,0.12483,13.968,34.76
2024-05-16 08:00:00,66503.8,3006.45,0.5188,582.8,163.73,0.4553,0.12479,13.873,34.62
2024-05-16 12:00:00,65818.88,2956.57,0.5185,567.8,160.45,0.4554,0.12531,13.77,34.21
2024-05-16 16:00:00,65186.85,2944.76,0.5181,568.0,159.08,0.4581,0.12523,14.999,34.36
2024-05-16 20:00:00,65235.21,2944.7,0.5157,569.2,159.37,0.4597,0.125,15.516,34.46
2024-05-17 00:00:00,65584.53,2950.49,0.5168,571.8,162.19,0.4602,0.12444,15.916,34.79
2024-05-17 04:00:00,66386.94,3024.67,0.5218,578.5,169.2,0.4805,0.1242,16.315,37.29
2024-05-17 08:00:00,66218.0,3030.4,0.5204,578.2,167.46,0.4877,0.12482,16.521,36.56
2024-05-17 12:00:00,67195.1,3111.54,0.5254,582.5,169.69,0.4832,0.12498,16.098,37.12
2024-05-17 16:00:00,67047.99,3085.16,0.524,580.2,168.89,0.4835,0.12474,16.19,36.57
2024-05-17 20:00:00,67024.0,3092.01,0.5234,580.9,169.44,0.4824,0.12434,16.231,36.43
2024-05-18 00:00:00,66945.05,3114.4,0.5241,581.6,173.2,0.4855,0.12443,16.168,37.61
2024-05-18 04:00:00,66887.0,3101.99,0.5227,578.8,172.31,0.4805,0.12422,16.287,37.19
2024-05-18 08:00:00,67190.82,3133.79,0.5238,579.6,174.4,0.4838,0.12367,16.19,37.48
2024-05-18 12:00:00,66823.63,3110.89,0.522,577.6,172.42,0.4811,0.12316,16.46,37.34
2024-05-18 16:00:00,66912.62,3119.69,0.5205,577.3,172.25,0.4837,0.12326,16.283,37.06
2024-05-18 20:00:00,66915.2,3122.94,0.5213,580.3,172.4,0.482,0.12299,16.329,37.24
2024-05-19 00:00:00,67170.21,3129.36,0.5223,581.4,174.32,0.4822,0.12239,16.461,37.47
2024-05-19 04:00:00,67324.44,3115.81,0.5206,579.8,174.17,0.4802,0.12226,16.678,36.9
2024-05-19 08:00:00,67330.0,3102.58,0.5177,580.7,171.76,0.4776,0.12143,16.646,36.64
2024-05-19 12:00:00,66889.88,3077.25,0.5126,577.6,168.29,0.4707,0.12099,16.973,35.96
2024-05-19 16:00:00,66034.01,3065.2,0.5077,573.7,169.3,0.4682,0.12121,16.694,35.57
2024-05-19 20:00:00,66274.01,3071.19,0.5096,574.5,169.93,0.4672,0.12117,16.56,35.6
2024-05-20 00:00:00,66675.22,3087.21,0.5131,575.9,172.15,0.4704,0.12147,16.929,35.67
2024-05-20 04:00:00,66825.14,3091.73,0.5141,576.2,178.03,0.4672,0.12162,16.698,36.05
2024-05-20 08:00:00,66994.2,3093.8,0.5124,573.0,177.7,0.4671,0.12189,16.711,36.01
2024-05-20 12:00:00,67419.99,3118.53,0.5167,576.6,179.01,0.4685,0.12209,16.489,36.66
2024-05-20 16:00:00,69999.99,3438.87,0.5339,589.2,187.25,0.4896,0.12294,17.067,38.67
2024-05-20 20:00:00,71446.62,3661.78,0.5377,599.6,186.7,0.502,0.12442,17.262,40.13
2024-05-21 00:00:00,71284.0,3695.9,0.5354,597.9,184.27,0.4985,0.12383,16.947,39.76
2024-05-21 04:00:00,70878.29,3660.49,0.5408,630.1,181.28,0.5012,0.12355,16.961,40.71
2024-05-21 08:00:00,71130.0,3777.97,0.5427,617.8,180.4,0.501,0.12392,16.94,40.4
2024-05-21 12:00:00,69826.99,3777.68,0.5425,612.6,176.75,0.4975,0.12307,16.609,40.15
2024-05-21 16:00:00,69285.99,3712.27,0.5372,609.4,175.3,0.4954,0.12331,16.667,40.4
2024-05-21 20:00:00,70148.34,3789.6,0.537,618.5,178.15,0.4946,0.12361,16.739,41.2
2024-05-22 00:00:00,69955.72,3793.43,0.5364,622.0,177.95,0.4919,0.12366,16.884,40.76
2024-05-22 04:00:00,69715.0,3746.79,0.5346,621.4,179.89,0.4901,0.12344,16.698,41.01
2024-05-22 08:00:00,69736.13,3690.6,0.5328,617.8,178.06,0.482,0.12143,16.567,40.31
2024-05-22 12:00:00,70455.9,3762.66,0.5357,621.0,181.39,0.4838,0.12124,16.555,40.39
2024-05-22 16:00:00,69637.47,3736.61,0.5288,612.5,178.36,0.4818,0.12038,16.347,39.99
2024-05-22 20:00:00,69166.62,3737.73,0.5268,614.8,176.95,0.4835,0.12007,16.354,40.0
2024-05-23 00:00:00,69446.14,3782.11,0.5296,614.8,178.79,0.4868,0.11954,16.439,40.1
2024-05-23 04:00:00,69734.04,3814.0,0.529,614.9,177.44,0.4852,0.11901,16.67,39.99
2024-05-23 08:00:00,69982.72,3918.46,0.529,613.3,175.67,0.4851,0.11788,16.699,40.2
2024-05-23 12:00:00,68076.0,3812.95,0.5292,594.4,172.7,0.468,0.11572,16.119,38.37
2024-05-23 16:00:00,67199.98,3791.34,0.5206,590.4,170.92,0.4601,0.11452,15.948,37.53
2024-05-23 20:00:00,67969.65,3783.61,0.5289,599.3,176.16,0.4656,0.11532,16.596,38.52
2024-05-24 00:00:00,67891.83,3803.82,0.5306,601.4,172.01,0.4674,0.11485,17.491,38.91
2024-05-24 04:00:00,67155.93,3679.24,0.523,593.1,166.16,0.4615,0.1137,16.89,37.66
2024-05-24 08:00:00,67349.99,3712.62,0.5279,596.5,166.34,0.4638,0.11442,17.562,37.88
2024-05-24 12:00:00,68326.46,3693.67,0.5327,597.1,167.29,0.459,0.11456,17.204,38.18
2024-05-24 16:00:00,69115.98,3744.4,0.5331,601.9,168.33,0.4609,0.11521,17.306,38.39
2024-05-24 20:00:00,68549.99,3728.28,0.536,600.3,167.7,0.4601,0.11547,17.25,38.01
2024-05-25 00:00:00,68757.85,3745.26,0.5346,601.5,169.66,0.462,0.11457,17.133,38.25
2024-05-25 04:00:00,68753.92,3746.6,0.5349,601.7,168.99,0.4625,0.11502,17.1,38.37
2024-05-25 08:00:00,69104.67,3739.39,0.5376,604.2,168.61,0.4615,0.11395,17.086,38.35
2024-05-25 12:00:00,68930.4,3743.79,0.5397,601.9,167.83,0.4597,0.11336,17.181,38.06
2024-05-25 16:00:00,69155.32,3757.64,0.5393,602.2,167.23,0.4599,0.11351,17.356,38.05
2024-05-25 20:00:00,69290.57,3749.26,0.5416,602.4,168.35,0.4623,0.11378,17.443,38.28
2024-05-26 00:00:00,69073.62,3771.59,0.54,602.2,166.28,0.4605,0.11378,17.76,37.87
2024-05-26 04:00:00,69340.15,3786.02,0.5396,604.2,165.33,0.4612,0.11383,17.617,37.64
2024-05-26 08:00:00,69134.91,3813.79,0.5363,601.7,164.02,0.4612,0.11407,17.348,37.35
2024-05-26 12:00:00,68847.99,3833.05,0.5312,602.3,162.85,0.4595,0.11344,17.132,36.88
2024-05-26 16:00:00,68903.54,3878.86,0.5309,601.1,162.71,0.4587,0.11303,17.093,36.97
2024-05-26 20:00:00,68507.67,3826.47,0.5283,600.2,163.41,0.4581,0.11311,17.042,36.76
2024-05-27 00:00:00,68873.43,3919.58,0.5317,605.1,165.38,0.4622,0.11305,17.128,37.24
2024-05-27 04:00:00,68643.36,3914.01,0.528,603.0,165.52,0.4589,0.1121,17.087,37.0
2024-05-27 08:00:00,68434.26,3900.49,0.528,602.3,167.74,0.4613,0.11138,17.331,37.41
2024-05-27 12:00:00,70373.85,3963.39,0.5392,612.7,171.04,0.4722,0.11194,18.018,38.44
2024-05-27 16:00:00,69260.01,3873.25,0.5317,602.2,168.65,0.4646,0.11174,18.583,37.96
2024-05-27 20:00:00,69436.43,3894.22,0.534,603.9,170.15,0.4683,0.1125,18.786,38.26
2024-05-28 00:00:00,68050.3,3849.71,0.5275,597.8,167.4,0.4609,0.11153,18.114,37.19
2024-05-28 04:00:00,67694.0,3847.29,0.5264,597.8,166.09,0.4555,0.11069,18.044,36.8
2024-05-28 08:00:00,68389.87,3904.34,0.5305,602.0,169.81,0.4597,0.11176,18.235,37.27
2024-05-28 12:00:00,68374.08,3861.1,0.5301,601.4,168.28,0.4579,0.11115,18.175,37.09
2024-05-28 16:00:00,68424.29,3840.81,0.5271,601.4,170.39,0.4577,0.11129,18.5,37.2
2024-05-28 20:00:00,68398.39,3844.69,0.5287,601.7,168.68,0.4576,0.11118,18.528,37.02
2024-05-29 00:00:00,68829.42,3851.0,0.5288,601.6,172.35,0.4611,0.11154,18.316,37.26
2024-05-29 04:00:00,67946.9,3820.0,0.526,598.2,170.8,0.4592,0.11134,18.288,36.84
2024-05-29 08:00:00,67763.59,3811.16,0.5291,599.0,168.28,0.4602,0.11188,18.709,36.94
2024-05-29 12:00:00,67379.13,3759.85,0.528,595.4,168.6,0.4556,0.112,18.88,36.63
2024-05-29 16:00:00,67266.78,3749.66,0.5232,594.0,169.41,0.4525,0.11221,18.505,36.38
2024-05-29 20:00:00,67652.42,3767.43,0.5238,595.7,168.32,0.4512,0.1121,18.453,36.2
2024-05-30 00:00:00,68118.2,3791.31,0.5276,597.6,169.99,0.4544,0.11146,18.727,36.81
2024-05-30 04:00:00,67584.56,3720.32,0.5157,589.1,165.0,0.4458,0.11095,18.343,35.57
2024-05-30 08:00:00,67817.01,3737.0,0.5204,594.1,166.2,0.4483,0.1114,18.08,36.55
2024-05-30 12:00:00,68530.76,3776.12,0.5245,596.6,168.48,0.4505,0.1118,18.293,36.73
2024-05-30 16:00:00,68653.02,3762.01,0.522,597.0,168.42,0.4515,0.11193,18.083,36.6
2024-05-30 20:00:00,68352.17,3747.91,0.5186,595.1,166.88,0.4465,0.11198,17.944,35.98
2024-05-31 00:00:00,68535.81,3760.21,0.5217,593.6,167.24,0.4497,0.11219,17.913,36.12
2024-05-31 04:00:00,68174.99,3729.11,0.5164,591.9,166.62,0.4484,0.11172,17.876,36.17
2024-05-31 08:00:00,68349.73,3802.62,0.5214,595.4,168.75,0.451,0.11189,18.045,36.32
2024-05-31 12:00:00,67215.58,3744.77,0.5176,591.3,164.81,0.4464,0.11187,17.565,35.52
2024-05-31 16:00:00,67681.0,3785.45,0.5181,593.9,166.33,0.4491,0.11225,18.228,36.14
2024-05-31 20:00:00,67540.01,3762.29,0.5176,593.7,165.65,0.447,0.11213,18.414,36.02
2024-06-01 00:00:00,67715.31,3778.98,0.5192,595.3,167.02,0.4476,0.11115,18.334,35.99
2024-06-01 04:00:00,67632.08,3773.0,0.5188,595.1,166.85,0.4483,0.11168,18.516,36.02
2024-06-01 08:00:00,67660.57,3788.28,0.5201,596.3,166.88,0.4486,0.11203,18.547,36.05
2024-06-01 12:00:00,67691.28,3798.6,0.5201,596.3,167.31,0.4485,0.11211,18.605,35.96
2024-06-01 16:00:00,67753.76,3804.51,0.5197,597.5,167.45,0.4497,0.11282,18.469,35.99
2024-06-01 20:00:00,67766.85,3815.82,0.5187,601.9,166.14,0.4499,0.11262,18.443,35.76
2024-06-02 00:00:00,67789.47,3807.13,0.519,604.0,166.2,0.4524,0.11288,18.463,36.02
2024-06-02 04:00:00,67721.0,3793.33,0.5165,600.1,165.02,0.4519,0.11324,18.409,35.7
2024-06-02 08:00:00,68251.52,3805.01,0.5174,601.2,166.05,0.4528,0.11413,18.418,35.95
2024-06-02 12:00:00,68142.17,3798.78,0.5176,601.5,165.16,0.4509,0.11474,18.349,35.84
2024-06-02 16:00:00,67736.95,3782.37,0.5125,599.3,163.12,0.4449,0.11475,18.162,35.09
2024-06-02 20:00:00,67765.63,3780.91,0.5135,602.9,163.15,0.4465,0.11477,18.143,34.91
2024-06-03 00:00:00,68382.81,3799.5,0.5166,608.1,163.59,0.45,0.11338,18.069,35.08
2024-06-03 04:00:00,68906.7,3817.82,0.5211,626.1,165.35,0.4534,0.11332,18.131,35.87
2024-06-03 08:00:00,69080.0,3809.0,0.5189,631.1,164.83,0.4534,0.11376,17.954,35.84
2024-06-03 12:00:00,69615.28,3796.82,0.5218,627.8,164.83,0.4529,0.11328,17.951,35.64
2024-06-03 16:00:00,69204.0,3773.4,0.5217,625.4,166.93,0.4623,0.1137,17.724,35.79
2024-06-03 20:00:00,68809.9,3767.06,0.5199,626.4,164.89,0.4573,0.11338,17.629,35.03
2024-06-04 00:00:00,69170.22,3773.51,0.5215,634.4,166.47,0.461,0.11431,17.663,34.95
2024-06-04 04:00:00,69013.63,3774.72,0.5204,628.6,165.24,0.4567,0.11325,17.658,34.8
2024-06-04 08:00:00,68955.85,3764.65,0.5227,645.9,165.51,0.456,0.11373,17.637,34.87
2024-06-04 12:00:00,70445.0,3810.63,0.5295,663.0,167.91,0.461,0.11427,17.785,35.81
2024-06-04 16:00:00,70423.6,3800.38,0.5272,671.0,169.47,0.4631,0.11435,17.658,35.68
2024-06-04 20:00:00,70537.84,3810.23,0.5257,685.7,171.78,0.4615,0.11446,17.716,36.06
2024-06-05 00:00:00,70947.58,3810.45,0.5257,703.0,172.97,0.4629,0.11457,17.714,36.31
2024-06-05 04:00:00,71200.0,3809.58,0.527,705.6,173.43,0.4625,0.11394,17.96,36.32
2024-06-05 08:00:00,70971.71,3804.31,0.5288,699.7,172.85,0.4605,0.11407,17.895,36.37
2024-06-05 12:00:00,71580.0,3813.58,0.5292,704.6,174.74,0.4616,0.11442,17.741,36.45
2024-06-05 16:00:00,71279.95,3876.54,0.5275,691.6,172.97,0.4629,0.1147,17.869,36.72
2024-06-05 20:00:00,71108.0,3865.99,0.5258,698.8,173.54,0.4613,0.11459,17.741,36.57
2024-06-06 00:00:00,71050.0,3861.69,0.5255,696.6,173.85,0.4596,0.11421,17.613,36.36
2024-06-06 04:00:00,71021.47,3852.1,0.5248,704.6,172.6,0.4591,0.11475,17.476,36.35
2024-06-06 08:00:00,71170.01,3849.51,0.5262,705.0,173.08,0.4591,0.11485,17.363,36.8
2024-06-06 12:00:00,71300.0,3845.01,0.5264,703.5,172.99,0.4603,0.11489,17.462,36.88
2024-06-06 16:00:00,70479.49,3791.01,0.52,706.0,169.12,0.454,0.1146,17.25,36.05
2024-06-06 20:00:00,70799.06,3813.46,0.5215,711.2,170.15,0.4582,0.11479,17.248,35.89
2024-06-07 00:00:00,70989.68,3806.3,0.5227,704.1,170.57,0.4582,0.11382,17.371,35.86
2024-06-07 04:00:00,71110.0,3816.31,0.5254,697.8,172.01,0.4616,0.114,17.498,35.99
2024-06-07 08:00:00,71699.99,3835.0,0.5273,705.5,172.2,0.4839,0.11458,17.608,36.32
2024-06-07 12:00:00,71111.54,3800.73,0.5239,701.0,170.15,0.4788,0.11497,17.59,36.28
2024-06-07 16:00:00,69255.0,3687.37,0.4933,681.2,162.01,0.4491,0.11266,16.279,33.45
2024-06-07 20:00:00,69355.6,3678.32,0.4991,684.0,162.5,0.4492,0.11268,16.318,33.51
2024-06-08 00:00:00,69432.0,3690.0,0.5002,682.0,162.7,0.4469,0.11251,16.298,33.6
2024-06-08 04:00:00,69582.2,3708.98,0.5003,694.7,163.6,0.4457,0.11312,16.323,33.62
2024-06-08 08:00:00,69365.93,3683.13,0.4935,683.8,160.48,0.4348,0.11284,15.872,32.7
2024-06-08 12:00:00,69430.01,3688.13,0.4932,686.5,160.15,0.436,0.11401,15.926,32.48
2024-06-08 16:00:00,69460.01,3682.61,0.493,686.1,159.85,0.4345,0.11468,15.805,32.27
2024-06-08 20:00:00,69310.46,3681.57,0.4926,682.7,157.83,0.4368,0.11479,15.928,32.27
2024-06-09 00:00:00,69259.38,3674.22,0.4931,675.0,157.78,0.4355,0.11409,16.036,32.25
2024-06-09 04:00:00,69295.64,3685.99,0.4939,679.9,159.01,0.4376,0.11495,16.02,32.45
2024-06-09 08:00:00,69367.69,3693.5,0.4945,679.4,159.44,0.4405,0.11633,16.005,32.32
2024-06-09 12:00:00,69508.64,3690.59,0.4951,676.9,161.63,0.4397,0.11656,16.0,32.46
2024-06-09 16:00:00,69710.26,3701.09,0.4975,675.8,162.13,0.4449,0.11664,16.179,32.92
2024-06-09 20:00:00,69648.14,3706.4,0.4986,673.0,162.12,0.4442,0.11688,16.372,32.98
2024-06-10 00:00:00,69613.2,3684.14,0.5009,669.0,159.87,0.4412,0.11696,16.131,32.99
2024-06-10 04:00:00,69303.99,3647.79,0.4937,640.9,157.62,0.4359,0.11618,15.822,32.07
2024-06-10 08:00:00,69473.89,3675.95,0.497,640.1,159.46,0.4468,0.11637,15.987,32.68
2024-06-10 12:00:00,70066.12,3702.54,0.5045,651.0,162.38,0.4473,0.11712,16.172,32.97
2024-06-10 16:00:00,69490.8,3668.33,0.4967,648.5,160.44,0.4407,0.11776,15.885,32.59
2024-06-10 20:00:00,69540.0,3667.85,0.4969,625.1,159.05,0.4406,0.11763,15.905,32.28
2024-06-11 00:00:00,68464.0,3595.6,0.488,625.5,156.07,0.4348,0.1174,15.712,32.22
2024-06-11 04:00:00,67570.18,3534.6,0.486,613.3,153.39,0.4319,0.11689,15.504,32.21
2024-06-11 08:00:00,66890.01,3529.56,0.4842,606.3,153.89,0.4295,0.11723,15.423,31.96
2024-06-11 12:00:00,66244.48,3447.75,0.4765,597.9,147.67,0.4192,0.11661,14.881,31.13
2024-06-11 16:00:00,67407.01,3497.21,0.4798,608.3,149.23,0.4223,0.11657,15.032,31.6
2024-06-11 20:00:00,67314.24,3497.33,0.4802,602.5,149.31,0.422,0.11658,14.988,31.55
2024-06-12 00:00:00,67407.0,3509.99,0.4817,608.3,149.65,0.4245,0.11686,15.175,31.78
2024-06-12 04:00:00,67453.63,3526.71,0.4811,614.8,151.79,0.426,0.1169,15.274,32.19
2024-06-12 08:00:00,67778.43,3531.72,0.4816,609.2,151.74,0.4251,0.11646,15.199,31.9
2024-06-12 12:00:00,69734.0,3618.32,0.4964,628.5,158.84,0.4405,0.11756,16.074,33.49
2024-06-12 16:00:00,67532.92,3529.01,0.4844,612.6,153.33,0.4333,0.11639,15.699,32.68
2024-06-12 20:00:00,68263.99,3560.12,0.4916,619.4,155.22,0.4378,0.11649,16.006,33.27
2024-06-13 00:00:00,67474.94,3503.0,0.486,606.9,151.55,0.4311,0.11673,15.521,32.49
2024-06-13 04:00:00,67724.81,3507.53,0.4884,607.5,152.09,0.4313,0.11629,15.524,32.41
2024-06-13 08:00:00,67739.99,3497.17,0.4845,604.3,149.63,0.4294,0.11629,15.308,31.84
2024-06-13 12:00:00,66470.01,3441.73,0.4805,597.4,146.87,0.4209,0.11648,15.104,31.31
2024-06-13 16:00:00,66604.01,3481.43,0.4819,602.3,147.73,0.4239,0.11677,15.35,31.48
2024-06-13 20:00:00,66773.01,3469.4,0.4769,599.8,147.29,0.421,0.11696,15.141,30.99
2024-06-14 00:00:00,66744.0,3490.91,0.4787,600.9,147.5,0.4206,0.11703,15.277,31.14
2024-06-14 04:00:00,66904.98,3516.61,0.4782,608.3,147.62,0.4221,0.11624,15.345,31.6
2024-06-14 08:00:00,67036.0,3515.8,0.4784,611.1,148.1,0.4226,0.11608,15.424,31.85
2024-06-14 12:00:00,66392.0,3462.41,0.4743,602.6,143.78,0.4137,0.11658,15.198,30.69
2024-06-14 16:00:00,65520.02,3406.21,0.4691,596.2,141.8,0.4047,0.11605,14.514,29.38
2024-06-14 20:00:00,66043.99,3481.8,0.4746,603.3,143.05,0.412,0.1165,14.744,30.29
2024-06-15 00:00:00,66267.87,3504.4,0.4769,605.7,144.94,0.4121,0.11651,14.872,30.39
2024-06-15 04:00:00,66076.99,3529.61,0.4785,606.8,143.78,0.4117,0.11581,15.018,30.39
2024-06-15 08:00:00,66319.95,3539.4,0.4802,608.7,144.5,0.4112,0.11516,14.905,30.29
2024-06-15 12:00:00,66316.02,3565.8,0.4848,607.3,145.19,0.412,0.11496,14.991,30.31
2024-06-15 16:00:00,66154.7,3558.48,0.4942,606.9,144.66,0.4138,0.11534,14.91,30.12
2024-06-15 20:00:00,66228.25,3568.74,0.4908,608.2,145.52,0.414,0.1153,14.857,30.01
2024-06-16 00:00:00,66146.0,3555.01,0.4912,604.6,144.01,0.4108,0.11524,14.662,29.97
2024-06-16 04:00:00,66266.3,3561.93,0.4885,606.2,144.49,0.4125,0.11531,14.845,30.36
2024-06-16 08:00:00,66492.83,3555.28,0.4963,606.3,145.0,0.4148,0.11537,14.927,30.0
2024-06-16 12:00:00,66712.8,3591.88,0.491,610.6,148.53,0.4165,0.11571,15.156,30.21
2024-06-16 16:00:00,66562.52,3599.03,0.4899,609.1,148.78,0.4164,0.11633,15.114,29.85
2024-06-16 20:00:00,66676.87,3624.41,0.4891,610.8,151.3,0.4168,0.1173,15.144,30.08
2024-06-17 00:00:00,66222.0,3582.05,0.4892,605.1,147.36,0.4123,0.11693,14.799,29.41
2024-06-17 04:00:00,66172.0,3552.68,0.4995,603.8,146.61,0.4104,0.11776,14.778,29.13
2024-06-17 08:00:00,65817.2,3527.63,0.4989,599.2,143.94,0.4048,0.11681,14.331,28.66
2024-06-17 12:00:00,65368.0,3497.26,0.5094,597.3,141.23,0.4002,0.1171,14.291,28.07
2024-06-17 16:00:00,66691.99,3554.01,0.518,608.3,144.57,0.4126,0.11727,14.69,29.02
2024-06-17 20:00:00,66504.33,3511.46,0.5047,604.3,143.27,0.4013,0.11678,14.523,28.47
2024-06-18 00:00:00,65500.0,3441.53,0.49,594.3,135.62,0.379,0.11444,13.738,26.51
2024-06-18 04:00:00,65672.51,3443.97,0.5007,593.4,136.71,0.3795,0.11505,13.726,26.62
2024-06-18 08:00:00,65366.0,3414.11,0.4959,583.6,137.16,0.3748,0.1153,13.643,26.01
2024-06-18 12:00:00,64706.0,3424.01,0.485,582.5,136.01,0.3749,0.11499,13.578,26.28
2024-06-18 16:00:00,64412.19,3423.27,0.4824,580.7,133.14,0.3741,0.11521,13.603,26.23
2024-06-18 20:00:00,65175.32,3483.42,0.491,588.6,137.41,0.3837,0.11544,13.986,26.6
2024-06-19 00:00:00,65404.0,3565.93,0.4956,598.1,140.15,0.3923,0.11611,14.206,27.01
2024-06-19 04:00:00,65326.89,3544.3,0.4917,603.7,139.98,0.3925,0.11706,14.402,27.34
2024-06-19 08:00:00,65210.0,3536.94,0.4924,596.9,137.96,0.3854,0.11646,14.28,27.17
2024-06-19 12:00:00,64922.0,3529.29,0.4925,592.0,136.92,0.3834,0.1166,14.193,27.15
2024-06-19 16:00:00,64882.01,3546.29,0.496,599.5,136.67,0.3864,0.11633,14.376,27.11
2024-06-19 20:00:00,64974.37,3560.51,0.4933,599.3,135.62,0.3844,0.11582,14.345,26.94
2024-06-20 00:00:00,65189.99,3553.65,0.4934,598.2,133.06,0.388,0.11597,14.365,26.9
2024-06-20 04:00:00,65858.84,3607.87,0.4997,605.5,137.18,0.3932,0.11668,14.734,28.15
2024-06-20 08:00:00,66169.85,3598.94,0.501,603.0,139.34,0.3938,0.11678,14.657,28.39
2024-06-20 12:00:00,64831.23,3506.61,0.4922,596.1,133.27,0.3816,0.11669,14.337,27.31
2024-06-20 16:00:00,65050.0,3536.61,0.4913,593.1,134.25,0.3874,0.1169,14.513,27.8
2024-06-20 20:00:00,64869.99,3513.08,0.4888,587.7,133.55,0.3844,0.11679,14.255,27.58
2024-06-21 00:00:00,64506.14,3501.2,0.4884,586.5,132.68,0.3871,0.1168,14.219,27.78
2024-06-21 04:00:00,64201.63,3475.0,0.4906,583.5,131.43,0.3865,0.11709,14.308,27.64
2024-06-21 08:00:00,63770.0,3503.22,0.494,586.2,132.08,0.3848,0.11836,14.521,27.81
2024-06-21 12:00:00,63732.02,3492.78,0.4857,583.1,131.4,0.3803,0.11854,14.308,27.42
2024-06-21 16:00:00,64232.01,3535.45,0.4861,586.3,132.64,0.3783,0.11843,14.13,27.58
2024-06-21 20:00:00,64143.56,3518.5,0.4889,586.1,134.6,0.376,0.11835,13.848,27.48
2024-06-22 00:00:00,64327.45,3506.77,0.4874,584.1,135.07,0.3734,0.11798,13.83,26.37
2024-06-22 04:00:00,64520.0,3494.0,0.4867,587.0,134.86,0.3763,0.11872,13.758,25.34
2024-06-22 08:00:00,64265.26,3493.2,0.4857,587.1,134.52,0.3773,0.11961,13.631,25.51
2024-06-22 12:00:00,64307.08,3505.43,0.486,586.7,134.25,0.3862,0.11975,13.745,26.13
2024-06-22 16:00:00,64295.01,3491.44,0.4879,587.8,134.47,0.3857,0.11963,13.624,25.8
2024-06-22 20:00:00,64262.01,3495.75,0.4866,591.1,133.69,0.3846,0.11966,13.482,25.61
2024-06-23 00:00:00,64416.14,3519.0,0.4887,592.8,134.77,0.3894,0.11994,13.644,25.99
2024-06-23 04:00:00,64415.27,3512.5,0.4877,592.2,134.72,0.3886,0.12003,13.652,25.81
2024-06-23 08:00:00,64341.45,3498.29,0.4861,589.3,134.03,0.3876,0.12049,13.575,25.4
2024-06-23 12:00:00,64094.0,3474.54,0.4827,585.1,131.58,0.3867,0.11975,13.454,24.41
2024-06-23 16:00:00,64149.78,3479.93,0.4822,585.4,131.46,0.3861,0.11961,13.403,25.2
2024-06-23 20:00:00,63210.01,3420.91,0.4797,577.5,128.69,0.38,0.11924,13.194,25.09
2024-06-24 00:00:00,62862.0,3402.81,0.4759,576.2,126.23,0.3801,0.11891,13.219,24.88
2024-06-24 04:00:00,62456.0,3369.19,0.4738,570.9,125.2,0.3737,0.11881,13.03,24.28
2024-06-24 08:00:00,61291.95,3321.19,0.4757,569.9,127.07,0.3726,0.11877,13.145,24.5
2024-06-24 12:00:00,60843.99,3280.3,0.4732,561.5,126.31,0.3708,0.11907,13.179,23.91
2024-06-24 16:00:00,59306.72,3293.07,0.467,557.8,127.49,0.3687,0.11925,13.144,23.86
2024-06-24 20:00:00,60293.3,3352.73,0.474,568.1,132.33,0.3777,0.11909,13.617,24.8
2024-06-25 00:00:00,61302.59,3371.61,0.4778,573.4,135.79,0.3872,0.12017,13.999,25.18
2024-06-25 04:00:00,60685.16,3361.0,0.4762,571.5,134.82,0.3893,0.12078,13.881,25.11
2024-06-25 08:00:00,61187.64,3376.01,0.4765,572.0,137.8,0.3931,0.1219,13.929,25.21
2024-06-25 12:00:00,61810.0,3419.6,0.4772,577.6,139.43,0.3946,0.12147,14.098,25.64
2024-06-25 16:00:00,61975.46,3415.66,0.4777,577.9,138.75,0.3948,0.12174,14.191,25.54
2024-06-25 20:00:00,61806.01,3394.91,0.4757,578.2,136.58,0.3918,0.12189,14.198,25.4
2024-06-26 00:00:00,61936.07,3395.15,0.4751,580.2,138.46,0.3919,0.12222,14.207,25.43
2024-06-26 04:00:00,61720.02,3401.8,0.4735,578.8,137.94,0.3902,0.12353,14.234,26.03
2024-06-26 08:00:00,61445.26,3381.44,0.475,573.7,137.32,0.3883,0.12432,14.019,26.06
2024-06-26 12:00:00,61467.86,3361.69,0.4697,572.5,136.88,0.3883,0.12361,13.951,25.97
2024-06-26 16:00:00,61000.01,3408.08,0.4719,574.5,137.76,0.3902,0.12314,14.081,26.53
2024-06-26 20:00:00,60864.99,3371.44,0.4698,573.0,136.81,0.385,0.12268,13.915,25.82
2024-06-27 00:00:00,61037.31,3383.8,0.4693,574.0,137.52,0.382,0.12314,13.83,25.64
2024-06-27 04:00:00,60794.01,3374.98,0.4671,569.5,135.91,0.3787,0.12323,13.668,26.07
2024-06-27 08:00:00,61196.02,3403.46,0.4704,572.8,139.05,0.3801,0.12299,13.867,26.59
2024-06-27 12:00:00,61576.0,3452.75,0.4722,579.4,147.77,0.3862,0.1225,14.091,27.83
2024-06-27 16:00:00,61450.0,3449.79,0.4737,579.6,148.46,0.3911,0.1223,14.372,28.09
2024-06-27 20:00:00,61706.47,3450.44,0.4753,581.7,149.71,0.3913,0.12201,14.433,27.91
2024-06-28 00:00:00,61828.17,3460.5,0.4763,583.0,147.54,0.3917,0.12206,14.393,27.99
2024-06-28 04:00:00,61350.01,3431.82,0.4778,576.2,145.37,0.3869,0.12234,14.208,28.13
2024-06-28 08:00:00,61690.0,3452.78,0.4801,578.5,145.5,0.3903,0.12257,14.348,28.6
2024-06-28 12:00:00,61062.01,3413.61,0.4761,572.3,143.23,0.3919,0.12313,14.369,28.34
2024-06-28 16:00:00,60123.73,3379.74,0.4738,571.1,140.98,0.3936,0.12333,14.089,28.11
2024-06-28 20:00:00,60427.84,3380.15,0.4716,567.4,140.03,0.3858,0.12321,13.778,27.96
2024-06-29 00:00:00,60762.0,3386.07,0.4746,569.4,141.77,0.4006,0.12392,14.09,28.38
2024-06-29 04:00:00,61052.3,3399.72,0.4759,570.7,142.0,0.3947,0.12449,13.965,28.41
2024-06-29 08:00:00,61102.33,3400.45,0.4766,573.5,142.66,0.398,0.12507,13.863,28.1
2024-06-29 12:00:00,61106.0,3394.62,0.4752,572.6,142.68,0.3907,0.12551,13.681,27.77
2024-06-29 16:00:00,61057.39,3387.02,0.4744,571.9,141.72,0.3878,0.12608,13.653,27.91
2024-06-29 20:00:00,60986.68,3378.8,0.4727,570.0,140.28,0.3841,0.12553,13.543,27.76
2024-06-30 00:00:00,60898.32,3371.28,0.4715,569.3,138.3,0.3815,0.12562,13.53,27.7
2024-06-30 04:00:00,61528.01,3394.03,0.4747,575.9,140.64,0.3877,0.12552,13.673,28.29
2024-06-30 08:00:00,61560.0,3389.19,0.4726,575.0,141.18,0.3854,0.12532,13.55,28.4
2024-06-30 12:00:00,61717.9,3399.8,0.4736,577.4,143.83,0.3866,0.12536,13.698,28.06
2024-06-30 16:00:00,62026.83,3428.41,0.4742,578.7,144.82,0.3868,0.1252,14.005,28.52
2024-06-30 20:00:00,62772.01,3438.16,0.4761,582.2,146.61,0.3924,0.1247,14.281,29.36
2024-07-01 00:00:00,63437.69,3498.23,0.4787,585.4,147.61,0.3995,0.12506,14.292,29.97
2024-07-01 04:00:00,63277.84,3490.58,0.48,584.7,148.3,0.3981,0.12537,14.386,29.75
2024-07-01 08:00:00,62662.09,3459.6,0.4793,577.4,146.14,0.3992,0.12847,14.41,29.68
2024-07-01 12:00:00,63132.9,3474.35,0.4799,577.7,148.5,0.4035,0.12862,14.387,29.83
2024-07-01 16:00:00,63226.78,3471.47,0.4771,581.6,147.32,0.4044,0.12814,14.468,29.53
2024-07-01 20:00:00,62899.99,3442.2,0.477,576.9,146.67,0.4032,0.12781,14.338,28.83
2024-07-02 00:00:00,63138.67,3457.03,0.4784,578.9,149.16,0.4079,0.12809,14.451,28.61
2024-07-02 04:00:00,62629.99,3439.0,0.4786,578.6,147.43,0.407,0.12827,14.556,28.18
2024-07-02 08:00:00,62832.01,3453.26,0.4864,579.5,149.68,0.4156,0.12825,14.645,28.27
2024-07-02 12:00:00,61948.08,3415.65,0.4819,575.6,148.39,0.4131,0.12844,14.494,28.32
2024-07-02 16:00:00,61939.1,3415.37,0.4829,577.7,152.79,0.4172,0.1289,14.531,28.73
2024-07-02 20:00:00,62135.47,3421.35,0.4853,580.1,154.03,0.4184,0.12923,14.415,28.71
2024-07-03 00:00:00,60987.99,3360.33,0.4806,569.8,150.56,0.416,0.12971,14.19,28.15
2024-07-03 04:00:00,60870.01,3352.2,0.4827,566.2,146.4,0.4153,0.12895,14.401,27.85
2024-07-03 08:00:00,60386.01,3307.5,0.4823,561.0,144.07,0.4079,0.12893,14.362,27.33
2024-07-03 12:00:00,60186.25,3304.26,0.4715,558.2,141.68,0.4066,0.12905,14.389,26.92
2024-07-03 16:00:00,59671.1,3266.29,0.4627,551.9,140.43,0.4038,0.12852,13.74,26.51
2024-07-03 20:00:00,60208.58,3295.48,0.4672,556.7,140.84,0.4069,0.1287,13.589,26.51
2024-07-04 00:00:00,59102.0,3243.2,0.4597,539.7,137.08,0.3971,0.12796,13.269,26.22
2024-07-04 04:00:00,58219.99,3182.21,0.4545,530.1,134.38,0.3935,0.1282,13.147,25.58
2024-07-04 08:00:00,57761.94,3159.45,0.4529,525.2,132.73,0.3899,0.12671,13.066,25.88
2024-07-04 12:00:00,58140.0,3138.79,0.4444,525.3,135.4,0.3864,0.12683,13.08,25.61
2024-07-04 16:00:00,58283.62,3133.82,0.4409,523.6,134.0,0.3778,0.1273,12.946,25.45
2024-07-04 20:00:00,57050.01,3059.7,0.4329,513.6,127.86,0.3623,0.1272,12.538,24.44
2024-07-05 00:00:00,55227.99,2920.99,0.3986,468.9,123.67,0.324,0.12289,11.333,22.29
2024-07-05 04:00:00,54415.05,2882.21,0.4049,472.7,126.72,0.3311,0.12233,11.506,23.22
2024-07-05 08:00:00,55486.5,2947.42,0.417,485.6,130.13,0.3488,0.12577,11.989,24.35
2024-07-05 12:00:00,56662.0,2990.99,0.4245,495.5,134.93,0.3535,0.12705,12.317,24.97
2024-07-05 16:00:00,56465.42,2987.99,0.4254,496.3,134.97,0.3505,0.1268,12.373,25.04
2024-07-05 20:00:00,56628.79,2981.78,0.4251,497.7,134.32,0.3501,0.12684,12.311,25.13
2024-07-06 00:00:00,56410.0,2980.01,0.4277,503.5,134.44,0.3503,0.12698,12.314,25.07
2024-07-06 04:00:00,56606.0,3004.69,0.4329,508.1,136.94,0.3534,0.12813,12.495,25.55
2024-07-06 08:00:00,56731.42,3005.65,0.4357,513.1,138.75,0.3578,0.1294,12.547,25.75
2024-07-06 12:00:00,57317.98,3020.0,0.4383,518.5,141.88,0.3598,0.1298,12.691,26.0
2024-07-06 16:00:00,57857.99,3058.21,0.4482,526.6,142.82,0.3724,0.12992,13.078,27.05
2024-07-06 20:00:00,58230.13,3066.83,0.4488,526.0,143.05,0.3707,0.12991,13.18,27.41
2024-07-07 00:00:00,57963.45,3050.76,0.4446,518.3,142.12,0.3703,0.13001,13.051,26.77
2024-07-07 04:00:00,57369.99,3004.42,0.4371,509.0,139.09,0.365,0.12981,12.777,26.41
2024-07-07 08:00:00,57460.0,3015.51,0.4349,508.7,139.89,0.3658,0.1293,12.837,26.35
2024-07-07 12:00:00,56825.42,2970.99,0.4272,498.4,137.07,0.3561,0.12735,12.528,25.88
2024-07-07 16:00:00,57151.1,2985.19,0.4295,500.4,137.33,0.356,0.12659,12.608,26.1
2024-07-07 20:00:00,55857.81,2931.0,0.4195,490.7,131.64,0.3466,0.12466,12.352,25.75
2024-07-08 00:00:00,55160.01,2879.71,0.4146,488.5,130.71,0.3439,0.12421,12.267,25.19
2024-07-08 04:00:00,55852.01,2927.0,0.4227,501.8,132.59,0.3509,0.12455,12.594,25.63
2024-07-08 08:00:00,57154.01,3053.97,0.4398,515.5,140.61,0.3768,0.12543,13.484,26.96
2024-07-08 12:00:00,55761.52,2969.21,0.424,501.3,137.43,0.3608,0.12483,12.815,25.89
2024-07-08 16:00:00,56477.31,3004.59,0.4301,507.4,138.29,0.367,0.12575,12.918,25.4
2024-07-08 20:00:00,56714.62,3019.01,0.4316,510.6,139.81,0.3691,0.12612,13.121,25.21
2024-07-09 00:00:00,57168.36,3064.45,0.433,514.1,140.44,0.37,0.12827,13.037,25.23
2024-07-09 04:00:00,57116.84,3061.93,0.4345,512.5,142.12,0.3715,0.1285,12.946,25.66
2024-07-09 08:00:00,57428.01,3083.47,0.4342,516.0,141.92,0.3741,0.12874,13.175,25.66
2024-07-09 12:00:00,57477.01,3067.83,0.4316,516.9,140.52,0.3741,0.12919,12.88,25.53
2024-07-09 16:00:00,57862.01,3068.99,0.4359,517.0,142.12,0.3807,0.1299,12.848,26.11
2024-07-09 20:00:00,58050.0,3066.65,0.4356,516.9,141.42,0.3754,0.12996,12.841,26.43
2024-07-10 00:00:00,58180.01,3080.0,0.4357,516.5,141.73,0.3778,0.1299,12.872,26.86
2024-07-10 04:00:00,58977.99,3097.08,0.4399,522.4,144.17,0.3823,0.12975,12.978,26.85
2024-07-10 08:00:00,58492.0,3102.22,0.4403,527.8,142.79,0.3826,0.13007,12.898,26.89
2024-07-10 12:00:00,57699.69,3122.76,0.4331,525.0,141.18,0.3851,0.13135,12.902,26.31
2024-07-10 16:00:00,57392.03,3107.03,0.4364,523.3,141.07,0.3859,0.13114,12.789,26.12
2024-07-10 20:00:00,57725.85,3101.05,0.4388,524.7,141.98,0.3885,0.13147,12.79,25.75
2024-07-11 00:00:00,57568.0,3077.2,0.4404,523.0,140.3,0.3885,0.13259,12.624,25.33
2024-07-11 04:00:00,58191.5,3118.22,0.4446,527.5,142.1,0.3928,0.13416,12.827,25.85
2024-07-11 08:00:00,58777.99,3147.04,0.4499,536.5,143.52,0.3959,0.1344,12.929,25.86
2024-07-11 12:00:00,57402.01,3117.95,0.4405,524.2,138.45,0.3933,0.13447,12.716,25.14
2024-07-11 16:00:00,57378.01,3107.11,0.4473,525.5,136.57,0.3956,0.13477,12.558,25.26
2024-07-11 20:00:00,57339.89,3099.57,0.4491,524.8,135.73,0.3959,0.13435,12.347,25.21
2024-07-12 00:00:00,56914.01,3085.74,0.4519,521.5,136.53,0.398,0.13456,12.478,25.42
2024-07-12 04:00:00,57106.94,3072.3,0.4627,521.2,135.41,0.3988,0.1353,12.447,25.22
2024-07-12 08:00:00,57203.54,3070.0,0.4714,524.1,135.65,0.3984,0.13655,12.406,25.04
2024-07-12 12:00:00,58214.0,3131.34,0.4614,532.4,138.85,0.4089,0.13647,12.675,25.61
2024-07-12 16:00:00,57576.01,3116.1,0.4698,531.2,138.49,0.4155,0.13657,12.688,25.42
2024-07-12 20:00:00,57889.1,3133.88,0.4745,533.8,139.46,0.4165,0.13727,12.74,25.96
2024-07-13 00:00:00,57814.0,3120.94,0.4925,533.4,138.75,0.412,0.13972,12.812,25.89
2024-07-13 04:00:00,58170.32,3140.21,0.5154,536.1,139.38,0.4245,0.13983,13.023,25.81
2024-07-13 08:00:00,58534.0,3156.84,0.5098,537.8,140.12,0.4199,0.1392,13.017,25.79
2024-07-13 12:00:00,58830.63,3154.87,0.5364,532.0,140.37,0.4339,0.14024,13.043,26.2
2024-07-13 16:00:00,58624.38,3163.75,0.5609,530.0,139.82,0.4453,0.14134,13.062,25.83
2024-07-13 20:00:00,59204.02,3175.93,0.5257,532.4,141.9,0.4416,0.13946,13.021,25.86
2024-07-14 00:00:00,59466.15,3172.75,0.5198,533.6,143.96,0.4285,0.13935,12.963,25.91
2024-07-14 04:00:00,60062.01,3195.4,0.5264,537.6,144.77,0.4307,0.13801,13.098,26.04
2024-07-14 08:00:00,60099.1,3202.84,0.5282,537.0,144.88,0.4299,0.13748,13.107,25.91
2024-07-14 12:00:00,60084.0,3190.48,0.5272,536.3,145.9,0.4302,0.13763,13.271,25.91
2024-07-14 16:00:00,59915.99,3190.9,0.5317,536.8,145.22,0.4333,0.13759,13.248,25.72
2024-07-14 20:00:00,60797.91,3245.08,0.5205,544.8,147.66,0.4317,0.13761,13.448,26.35
2024-07-15 00:00:00,62647.87,3329.37,0.5269,553.9,151.39,0.4347,0.13814,13.802,26.99
2024-07-15 04:00:00,62840.12,3355.95,0.5306,559.1,153.23,0.438,0.13833,13.828,27.13
2024-07-15 08:00:00,62454.0,3339.68,0.5365,562.1,151.64,0.4316,0.13832,13.773,26.78
2024-07-15 12:00:00,63026.0,3367.83,0.5238,573.8,152.94,0.435,0.138,13.876,26.94
2024-07-15 16:00:00,63342.0,3406.0,0.5353,577.1,155.33,0.4352,0.13713,14.123,27.07
2024-07-15 20:00:00,64724.14,3483.39,0.5372,585.3,159.38,0.4449,0.1373,14.394,27.82
2024-07-16 00:00:00,64752.14,3469.51,0.5655,579.7,157.88,0.4516,0.13597,14.422,28.05
2024-07-16 04:00:00,62895.01,3376.8,0.5404,562.3,154.49,0.4308,0.13314,13.956,26.86
2024-07-16 08:00:00,63746.11,3419.79,0.5465,570.9,157.32,0.432,0.13396,14.086,27.26
2024-07-16 12:00:00,64878.24,3476.25,0.5846,577.0,160.98,0.4471,0.13421,14.438,28.46
2024-07-16 16:00:00,65165.43,3474.4,0.5835,578.4,161.94,0.4409,0.13377,14.342,28.23
2024-07-16 20:00:00,65043.99,3444.13,0.5793,576.2,160.62,0.4381,0.13402,14.206,28.01
2024-07-17 00:00:00,65701.66,3480.25,0.5858,579.5,160.92,0.4416,0.13414,14.303,28.8
2024-07-17 04:00:00,65258.0,3486.22,0.6092,579.9,160.6,0.4485,0.13485,14.371,28.67
2024-07-17 08:00:00,64723.73,3449.03,0.6139,575.5,160.84,0.445,0.13464,14.319,28.13
2024-07-17 12:00:00,64724.01,3437.17,0.6023,572.8,158.08,0.4465,0.13447,14.129,28.02
2024-07-17 16:00:00,64585.78,3416.79,0.6138,572.0,156.83,0.4422,0.13399,13.973,27.88
2024-07-17 20:00:00,64087.99,3387.05,0.626,568.9,155.5,0.4359,0.13358,13.737,27.24
2024-07-18 00:00:00,64865.08,3431.4,0.6074,574.1,158.93,0.4413,0.13406,13.876,27.76
2024-07-18 04:00:00,64668.0,3433.0,0.58,572.3,158.66,0.4419,0.13374,13.837,27.57
2024-07-18 08:00:00,64758.0,3458.83,0.579,574.0,159.45,0.44,0.13423,13.803,27.54
2024-07-18 12:00:00,63538.12,3389.28,0.5629,565.5,156.37,0.4258,0.13362,13.534,26.88
2024-07-18 16:00:00,63555.0,3405.6,0.5694,567.7,156.98,0.4219,0.13446,13.556,26.88
2024-07-18 20:00:00,63987.92,3426.5,0.5697,571.9,159.22,0.4234,0.13449,13.593,27.14
2024-07-19 00:00:00,64325.0,3429.59,0.556,572.8,161.83,0.4263,0.13536,13.644,27.28
2024-07-19 04:00:00,63694.01,3391.59,0.5494,568.6,161.42,0.4218,0.13447,13.568,26.9
2024-07-19 08:00:00,64116.0,3404.54,0.5533,573.4,162.65,0.4209,0.1347,13.428,26.85
2024-07-19 12:00:00,65836.77,3465.0,0.5628,591.5,168.8,0.4315,0.13462,13.879,27.63
2024-07-19 16:00:00,67157.26,3522.97,0.5801,595.8,170.46,0.4405,0.13471,14.134,28.34
2024-07-19 20:00:00,66660.0,3503.53,0.5733,593.4,169.13,0.439,0.13466,14.076,28.16
2024-07-20 00:00:00,66602.01,3495.01,0.5817,590.8,169.57,0.4386,0.13462,14.031,28.25
2024-07-20 04:00:00,66562.28,3487.4,0.5952,590.1,168.57,0.4391,0.13462,14.105,28.16
2024-07-20 08:00:00,66483.69,3484.81,0.5913,590.4,168.03,0.4322,0.13392,13.91,27.99
2024-07-20 12:00:00,66825.0,3503.72,0.5915,595.2,169.28,0.4341,0.13427,14.094,28.4
2024-07-20 16:00:00,67224.0,3514.45,0.5916,595.6,172.42,0.4352,0.1344,14.217,28.65
2024-07-20 20:00:00,67139.96,3517.5,0.5937,593.1,173.6,0.4373,0.13468,14.247,29.11
2024-07-21 00:00:00,67171.33,3510.47,0.5937,595.7,173.14,0.4363,0.13465,14.168,29.2
2024-07-21 04:00:00,66701.99,3485.01,0.5892,592.5,171.33,0.4302,0.13408,13.972,28.75
2024-07-21 08:00:00,66879.99,3498.79,0.5822,594.3,172.88,0.4307,0.13423,14.21,29.3
2024-07-21 12:00:00,67164.0,3499.95,0.588,599.1,175.4,0.4301,0.13444,14.447,30.99
2024-07-21 16:00:00,67422.02,3490.72,0.5912,597.7,177.98,0.4276,0.13421,14.531,31.76
2024-07-21 20:00:00,68165.34,3535.92,0.5984,602.5,184.49,0.4469,0.13431,14.816,32.64
2024-07-22 00:00:00,67880.01,3517.33,0.5946,600.8,180.94,0.4387,0.13593,14.48,32.23
2024-07-22 04:00:00,67236.0,3478.89,0.598,594.1,178.39,0.4341,0.1362,14.28,31.91
2024-07-22 08:00:00,67516.01,3500.31,0.6111,600.0,180.59,0.4376,0.1345,14.37,32.22
2024-07-22 12:00:00,67063.87,3457.15,0.6104,592.2,179.88,0.4298,0.1339,14.15,31.93
2024-07-22 16:00:00,68232.07,3498.14,0.6185,595.6,182.86,0.4334,0.1335,14.2,32.33
2024-07-22 20:00:00,67532.01,3439.6,0.608,587.2,178.9,0.4262,0.1324,13.93,31.87
2024-07-23 00:00:00,67473.99,3474.99,0.6143,590.3,179.1,0.4262,0.1324,14.04,32.1
2024-07-23 04:00:00,66576.0,3454.84,0.6,579.7,176.06,0.4196,0.1316,13.87,30.4
2024-07-23 08:00:00,66676.01,3516.0,0.5964,584.8,175.62,0.4255,0.1325,13.98,30.59
2024-07-23 12:00:00,66584.01,3454.38,0.6003,585.3,176.49,0.4159,0.1333,13.81,30.3
2024-07-23 16:00:00,65536.01,3457.03,0.5948,580.8,171.98,0.4093,0.1333,13.9,29.88
2024-07-23 20:00:00,65936.01,3482.51,0.5975,581.9,173.03,0.41,0.134,13.91,29.82
2024-07-24 00:00:00,66052.71,3448.36,0.6045,585.1,173.65,0.4106,0.1339,13.87,28.98
2024-07-24 04:00:00,66078.0,3446.69,0.6031,585.9,174.25,0.4195,0.1341,13.86,29.27
2024-07-24 08:00:00,66367.99,3459.63,0.6284,583.4,177.76,0.4192,0.1342,13.87,30.18
2024-07-24 12:00:00,66176.0,3414.87,0.6239,583.0,177.76,0.4121,0.1342,13.74,29.2
2024-07-24 16:00:00,65652.0,3363.0,0.6232,579.2,178.2,0.4111,0.1343,13.58,28.84
2024-07-24 20:00:00,65376.0,3335.81,0.6179,574.9,178.06,0.4063,0.1343,13.4,28.38
2024-07-25 00:00:00,64093.59,3168.3,0.6059,556.7,170.53,0.3943,0.1341,12.97,27.36
2024-07-25 04:00:00,64134.0,3171.84,0.6092,561.9,169.4,0.3965,0.1354,13.02,27.31
2024-07-25 08:00:00,64096.0,3172.5,0.6108,564.4,168.81,0.3951,0.1361,12.95,27.34
2024-07-25 12:00:00,64790.88,3142.28,0.6176,565.0,170.43,0.3931,0.1355,12.83,27.04
2024-07-25 16:00:00,64692.01,3123.88,0.6009,566.2,168.13,0.3872,0.1357,12.63,26.77
2024-07-25 20:00:00,65799.95,3175.48,0.5996,570.6,171.85,0.3948,0.1356,12.94,27.24
2024-07-26 00:00:00,67042.01,3236.21,0.605,578.7,175.75,0.4065,0.1368,13.24,27.74
2024-07-26 04:00:00,66890.56,3251.0,0.5983,579.5,176.75,0.4127,0.1364,13.4,27.99
2024-07-26 08:00:00,67322.0,3246.86,0.6017,577.5,178.81,0.412,0.137,13.33,27.97
2024-07-26 12:00:00,67560.01,3255.02,0.5923,578.5,181.53,0.4147,0.1377,13.52,28.57
2024-07-26 16:00:00,67990.0,3274.19,0.5992,580.5,182.21,0.4183,0.1373,13.58,28.6
2024-07-26 20:00:00,67907.99,3274.61,0.6034,580.9,183.06,0.4172,0.1375,13.53,28.72
2024-07-27 00:00:00,67798.0,3245.0,0.5964,583.2,182.66,0.4152,0.1372,13.53,28.6
2024-07-27 04:00:00,68036.68,3272.31,0.6008,587.2,185.84,0.4166,0.137,13.64,28.65
2024-07-27 08:00:00,68209.88,3278.41,0.6005,587.1,185.4,0.4183,0.1375,13.65,28.72
2024-07-27 12:00:00,68844.0,3280.97,0.5986,585.6,182.52,0.4227,0.1373,13.62,28.85
2024-07-27 16:00:00,68246.0,3261.0,0.5969,584.6,181.48,0.423,0.1376,13.52,28.24
2024-07-27 20:00:00,67896.5,3249.01,0.5956,581.6,183.92,0.4176,0.1372,13.54,28.04
2024-07-28 00:00:00,67940.95,3237.7,0.5997,580.6,184.31,0.4146,0.1373,13.44,27.76
2024-07-28 04:00:00,67560.86,3227.69,0.6044,578.7,183.84,0.4115,0.1371,13.44,27.78
2024-07-28 08:00:00,67836.0,3256.46,0.6029,581.9,185.26,0.4112,0.1371,13.59,27.65
2024-07-28 12:00:00,67645.0,3268.61,0.6039,580.3,184.11,0.4078,0.1382,13.42,27.26
2024-07-28 16:00:00,68112.0,3271.85,0.6026,584.0,184.78,0.4103,0.1388,13.35,27.54
2024-07-28 20:00:00,68249.88,3270.16,0.6012,583.9,184.9,0.4073,0.1386,13.3,27.4
2024-07-29 00:00:00,69347.67,3348.98,0.6066,592.3,192.25,0.4226,0.1384,13.71,28.22
2024-07-29 04:00:00,69528.01,3366.91,0.6103,593.7,192.35,0.4227,0.1389,13.89,28.69
2024-07-29 08:00:00,69580.01,3375.0,0.6082,592.9,190.84,0.4181,0.136,13.82,28.56
2024-07-29 12:00:00,68104.0,3308.67,0.5991,582.8,186.95,0.4095,0.1368,13.56,27.55
2024-07-29 16:00:00,67303.05,3311.02,0.6057,577.9,186.84,0.4077,0.1382,13.59,27.46
2024-07-29 20:00:00,66784.69,3317.66,0.6019,574.3,182.57,0.4031,0.1375,13.53,27.01
2024-07-30 00:00:00,66610.0,3321.0,0.6004,572.8,182.58,0.4044,0.1377,13.76,27.17
2024-07-30 04:00:00,66952.0,3340.9,0.5999,574.6,182.39,0.4034,0.1372,13.69,27.23
2024-07-30 08:00:00,66574.01,3334.65,0.6294,573.7,181.02,0.4042,0.1355,13.53,27.01
2024-07-30 12:00:00,66216.01,3321.0,0.6182,574.0,181.01,0.4021,0.133,13.55,26.71
2024-07-30 16:00:00,65931.02,3272.79,0.629,573.7,177.97,0.4,0.133,13.14,26.45
2024-07-30 20:00:00,66188.0,3279.21,0.6277,588.2,179.16,0.4015,0.133,13.14,26.33
2024-07-31 00:00:00,66058.0,3294.01,0.6494,585.2,180.91,0.4063,0.1313,13.26,26.53
2024-07-31 04:00:00,66224.0,3317.5,0.6465,586.1,183.13,0.4015,0.1318,13.31,26.29
2024-07-31 08:00:00,66094.01,3322.87,0.6495,586.7,181.72,0.4032,0.1317,13.15,26.23
2024-07-31 12:00:00,66379.99,3302.36,0.6518,586.6,180.08,0.4022,0.1297,13.07,26.59
2024-07-31 16:00:00,65256.83,3266.19,0.6336,582.0,176.59,0.3952,0.129,12.92,26.02
2024-07-31 20:00:00,64628.0,3232.74,0.623,576.5,171.71,0.3882,0.1287,12.83,25.7
2024-08-01 00:00:00,63936.01,3178.22,0.6115,569.9,168.62,0.387,0.1288,12.81,25.42
2024-08-01 04:00:00,64328.59,3166.81,0.6088,568.9,168.23,0.3853,0.1287,12.83,25.34
2024-08-01 08:00:00,64674.25,3188.39,0.6101,572.3,169.69,0.3916,0.1294,13.03,25.39
2024-08-01 12:00:00,62906.6,3117.18,0.5856,558.9,162.67,0.3783,0.1274,12.51,24.6
2024-08-01 16:00:00,63422.01,3131.64,0.5824,561.0,162.4,0.3781,0.1277,12.43,24.82
2024-08-01 20:00:00,65354.02,3203.4,0.5964,575.1,167.37,0.3925,0.1283,12.88,25.71
2024-08-02 00:00:00,64609.18,3168.27,0.5876,572.0,164.32,0.3853,0.1276,12.78,25.33
2024-08-02 04:00:00,64164.07,3147.42,0.5729,570.7,161.44,0.384,0.1278,12.49,25.0
2024-08-02 08:00:00,64660.01,3153.73,0.5741,573.4,164.37,0.3844,0.1265,12.52,24.98
2024-08-02 12:00:00,63416.01,3038.99,0.5618,558.9,156.76,0.3681,0.1232,12.1,24.13
2024-08-02 16:00:00,62633.57,3011.64,0.5627,555.1,151.3,0.3663,0.1237,11.9,23.84
2024-08-02 20:00:00,61498.33,2989.61,0.5607,542.9,152.77,0.3636,0.1236,11.93,23.6
2024-08-03 00:00:00,61895.99,2982.5,0.5638,542.0,153.56,0.3665,0.123,11.96,23.73
2024-08-03 04:00:00,61662.01,2983.9,0.5758,540.7,151.64,0.3696,0.1247,12.06,23.73
2024-08-03 08:00:00,61919.38,2997.21,0.5705,541.4,152.38,0.3693,0.1245,12.04,23.94
2024-08-03 12:00:00,60879.0,2942.4,0.5566,532.0,146.2,0.3598,0.125,11.82,23.35
2024-08-03 16:00:00,60246.0,2893.53,0.5428,523.3,140.42,0.3518,0.1249,11.4,22.48
2024-08-03 20:00:00,60697.99,2903.64,0.5558,529.6,142.52,0.3646,0.1255,11.68,22.67
2024-08-04 00:00:00,60735.0,2915.78,0.5572,528.3,144.32,0.3626,0.1263,11.74,22.82
2024-08-04 04:00:00,60373.99,2893.24,0.5478,523.9,140.82,0.3576,0.1275,11.58,22.59
2024-08-04 08:00:00,60896.0,2914.22,0.5439,525.6,143.51,0.3579,0.1282,11.57,22.54
2024-08-04 12:00:00,59086.01,2826.98,0.5286,501.9,135.19,0.3475,0.1267,11.02,21.59
2024-08-04 16:00:00,59257.66,2757.55,0.536,507.7,142.0,0.3507,0.127,11.08,21.83
2024-08-04 20:00:00,58161.0,2688.92,0.5228,496.9,138.33,0.3442,0.1264,10.88,21.25
2024-08-05 00:00:00,53890.87,2312.72,0.4735,442.0,126.14,0.3078,0.1218,9.32,18.65
2024-08-05 04:00:00,52674.19,2357.55,0.4694,439.4,122.9,0.3077,0.1206,9.05,19.04
2024-08-05 08:00:00,51340.0,2290.57,0.4519,432.2,115.96,0.2959,0.1195,8.47,18.23
2024-08-05 12:00:00,54321.09,2450.8,0.4888,462.3,130.44,0.3195,0.1218,9.44,19.74
2024-08-05 16:00:00,53470.09,2404.9,0.4797,457.9,128.76,0.3101,0.1211,9.32,19.39
2024-08-05 20:00:00,54018.81,2419.59,0.4889,464.2,129.78,0.3119,0.1215,9.49,19.54
2024-08-06 00:00:00,55665.73,2491.9,0.5114,478.8,138.62,0.3256,0.1223,9.95,20.42
2024-08-06 04:00:00,55999.99,2523.41,0.5167,492.2,141.98,0.3337,0.1231,10.11,21.03
2024-08-06 08:00:00,55210.01,2458.91,0.5035,478.4,139.47,0.3238,0.1226,9.99,20.45
2024-08-06 12:00:00,56405.99,2527.6,0.5111,487.9,145.9,0.3329,0.1231,10.38,21.11
2024-08-06 16:00:00,56765.48,2493.04,0.5118,488.2,146.33,0.3314,0.1232,10.12,21.13
2024-08-06 20:00:00,56022.01,2461.33,0.5062,484.8,144.4,0.331,0.1234,10.07,20.89
2024-08-07 00:00:00,56862.0,2507.27,0.5153,491.8,151.62,0.3368,0.1241,10.32,21.22
2024-08-07 04:00:00,56920.91,2510.72,0.513,491.9,152.46,0.334,0.1241,10.34,21.24
2024-08-07 08:00:00,56963.38,2473.01,0.514,489.2,151.61,0.3329,0.1244,10.14,20.95
2024-08-07 12:00:00,56094.5,2412.75,0.4997,480.7,148.46,0.3239,0.1245,9.82,20.42
2024-08-07 16:00:00,54759.22,2350.45,0.5335,472.3,143.16,0.3207,0.1244,9.6,20.0
2024-08-07 20:00:00,55134.16,2342.8,0.6002,475.0,144.77,0.3241,0.1247,9.48,19.85
2024-08-08 00:00:00,57049.74,2430.41,0.6113,485.3,153.09,0.3348,0.1253,9.96,20.66
2024-08-08 04:00:00,57193.49,2414.0,0.606,485.2,153.65,0.3342,0.1255,9.91,20.58
2024-08-08 08:00:00,57320.51,2447.63,0.6152,488.5,154.12,0.3323,0.1257,10.03,20.57
2024-08-08 12:00:00,59428.03,2507.2,0.6128,499.1,160.6,0.3397,0.1264,10.2,21.96
2024-08-08 16:00:00,59414.51,2573.53,0.6216,502.6,155.81,0.3398,0.1265,10.32,21.68
2024-08-08 20:00:00,61685.99,2682.5,0.6166,517.1,163.13,0.3516,0.127,10.75,22.73
2024-08-09 00:00:00,61358.39,2694.67,0.6148,514.9,158.94,0.352,0.1267,10.6,22.2
2024-08-09 04:00:00,60863.57,2670.21,0.603,509.4,157.92,0.3474,0.1269,10.56,21.83
2024-08-09 08:00:00,60655.24,2634.92,0.5867,507.0,156.62,0.3427,0.1271,10.43,21.74
2024-08-09 12:00:00,59810.23,2557.82,0.5731,501.7,151.13,0.3407,0.1267,10.18,21.37
2024-08-09 16:00:00,60681.42,2590.8,0.5812,506.7,153.6,0.3478,0.1276,10.43,21.49
2024-08-09 20:00:00,60837.99,2598.78,0.5805,508.7,156.28,0.3483,0.1283,10.53,21.74
2024-08-10 00:00:00,60437.84,2602.59,0.5893,509.5,154.17,0.3468,0.1287,10.54,21.59
2024-08-10 04:00:00,60842.0,2634.27,0.5866,511.9,155.43,0.3469,0.1289,10.64,21.67
2024-08-10 08:00:00,60920.88,2636.58,0.5895,516.6,154.85,0.3478,0.1293,10.67,21.79
2024-08-10 12:00:00,60515.89,2599.49,0.5974,514.4,153.96,0.3457,0.1293,10.58,21.7
2024-08-10 16:00:00,61016.45,2603.01,0.5911,522.9,154.51,0.3479,0.1295,10.58,21.63
2024-08-10 20:00:00,60923.51,2609.92,0.5841,523.1,154.01,0.3457,0.1291,10.55,21.59
2024-08-11 00:00:00,61085.01,2646.38,0.5889,530.5,155.69,0.3497,0.1289,10.66,21.99
2024-08-11 04:00:00,61257.0,2677.79,0.5914,533.6,156.69,0.3527,0.1289,10.73,22.07
2024-08-11 08:00:00,60669.15,2652.61,0.5758,525.0,153.66,0.3475,0.1285,10.57,21.78
2024-08-11 12:00:00,60127.29,2614.07,0.5667,520.2,148.73,0.3404,0.1284,10.4,21.3
2024-08-11 16:00:00,59621.11,2599.06,0.5593,512.2,145.78,0.3348,0.1283,10.2,20.85
2024-08-11 20:00:00,58712.59,2555.38,0.5528,503.4,141.57,0.3276,0.1277,10.0,20.4
2024-08-12 00:00:00,58509.5,2541.02,0.5644,507.4,143.92,0.3304,0.1279,10.07,20.69
2024-08-12 04:00:00,58674.61,2567.27,0.5679,509.4,145.94,0.3348,0.1276,10.24,21.05
2024-08-12 08:00:00,59851.7,2673.6,0.5761,517.2,150.25,0.3427,0.1273,10.64,21.53
2024-08-12 12:00:00,60207.37,2689.2,0.5714,519.6,147.58,0.3409,0.1266,10.59,21.36
2024-08-12 16:00:00,59043.98,2660.09,0.5693,513.1,143.75,0.3358,0.1264,10.37,21.04
2024-08-12 20:00:00,59346.64,2722.3,0.5684,518.2,146.29,0.339,0.1267,10.56,21.26
2024-08-13 00:00:00,59040.0,2656.39,0.5652,516.1,143.66,0.3353,0.1258,10.32,20.85
2024-08-13 04:00:00,59238.05,2648.94,0.5731,523.2,145.99,0.3373,0.1264,10.27,20.99
2024-08-13 08:00:00,58830.0,2644.65,0.5753,520.6,145.88,0.3337,0.1268,10.23,20.85
2024-08-13 12:00:00,59472.26,2652.0,0.574,517.3,146.08,0.3367,0.1276,10.31,21.04
2024-08-13 16:00:00,60820.15,2711.46,0.5775,522.1,146.55,0.342,0.1286,10.6,21.35
2024-08-13 20:00:00,60587.15,2702.44,0.577,524.2,146.65,0.34,0.1287,10.58,21.37
2024-08-14 00:00:00,60952.83,2709.39,0.5797,525.6,145.14,0.3397,0.1292,10.59,21.3
2024-08-14 04:00:00,60914.02,2727.57,0.5765,526.5,145.73,0.339,0.1303,10.61,21.29
2024-08-14 08:00:00,61296.87,2750.24,0.5792,529.8,148.01,0.342,0.1306,10.6,21.57
2024-08-14 12:00:00,59435.69,2674.21,0.5739,525.2,146.7,0.3377,0.1304,10.47,21.29
2024-08-14 16:00:00,58891.13,2669.06,0.5673,524.2,144.24,0.335,0.1303,10.38,21.09
2024-08-14 20:00:00,58683.39,2661.45,0.5687,523.4,143.71,0.3352,0.1304,10.39,20.95
2024-08-15 00:00:00,58442.98,2652.5,0.5723,522.5,144.7,0.3393,0.1313,10.47,20.95
2024-08-15 04:00:00,58060.37,2615.16,0.5661,517.3,142.51,0.3365,0.1318,10.34,20.96
2024-08-15 08:00:00,58745.36,2637.73,0.5696,524.3,143.13,0.3356,0.1317,10.45,21.08
2024-08-15 12:00:00,59682.84,2668.4,0.5714,531.0,145.95,0.3383,0.1312,10.64,20.92
2024-08-15 16:00:00,57047.46,2549.59,0.5565,513.9,139.99,0.3236,0.1302,10.08,20.06
2024-08-15 20:00:00,57541.06,2569.89,0.5607,519.2,142.58,0.3248,0.1302,10.17,20.14
2024-08-16 00:00:00,57890.0,2580.08,0.5624,515.5,141.99,0.3225,0.1299,10.18,20.2
2024-08-16 04:00:00,58456.99,2617.45,0.5676,523.9,144.53,0.3349,0.1309,10.32,20.54
2024-08-16 08:00:00,58400.0,2612.52,0.5662,519.2,141.97,0.3342,0.1315,10.18,20.32
2024-08-16 12:00:00,58071.06,2568.97,0.558,514.8,137.91,0.3242,0.1319,10.02,19.95
2024-08-16 16:00:00,59683.39,2620.4,0.5667,522.6,140.94,0.3319,0.1331,10.21,20.41
2024-08-16 20:00:00,58874.6,2592.73,0.5638,519.7,139.04,0.3301,0.1341,10.12,20.36
2024-08-17 00:00:00,59158.37,2595.77,0.5629,521.4,138.89,0.3286,0.1342,10.09,20.43
2024-08-17 04:00:00,59248.0,2600.24,0.5647,523.2,139.45,0.3299,0.1349,10.09,20.57
2024-08-17 08:00:00,59137.12,2599.23,0.5649,529.6,139.12,0.3318,0.136,10.06,20.48
2024-08-17 12:00:00,59388.11,2606.78,0.5668,534.4,140.18,0.3354,0.1354,10.1,20.47
2024-08-17 16:00:00,59473.19,2614.94,0.5672,544.5,141.11,0.3352,0.1354,10.13,20.57
2024-08-17 20:00:00,59491.99,2614.51,0.5665,541.6,141.93,0.3373,0.1349,10.16,20.7
2024-08-18 00:00:00,59337.42,2606.6,0.566,536.4,141.17,0.3336,0.1335,10.09,20.62
2024-08-18 04:00:00,59573.39,2608.06,0.5651,540.3,141.55,0.3349,0.1335,10.07,20.74
2024-08-18 08:00:00,60024.01,2649.4,0.5679,538.6,144.62,0.3375,0.1338,10.24,21.02
2024-08-18 12:00:00,59863.99,2672.2,0.5735,538.9,145.8,0.3387,0.1346,10.38,21.22
2024-08-18 16:00:00,59708.38,2667.9,0.5726,538.1,146.44,0.3394,0.1352,10.35,21.35
2024-08-18 20:00:00,58427.35,2612.15,0.5631,531.2,142.42,0.3342,0.1351,10.09,20.82
2024-08-19 00:00:00,58736.85,2644.41,0.5666,537.2,143.23,0.3338,0.1346,10.17,20.89
2024-08-19 04:00:00,58502.19,2614.31,0.5737,533.7,142.3,0.3308,0.1357,10.1,20.68
2024-08-19 08:00:00,58396.95,2587.9,0.5853,537.0,142.33,0.3311,0.1377,10.05,20.72
2024-08-19 12:00:00,58539.24,2584.53,0.5794,543.5,143.86,0.3327,0.1394,10.03,20.58
2024-08-19 16:00:00,58967.53,2606.63,0.6024,553.1,142.95,0.3354,0.142,10.09,20.83
2024-08-19 20:00:00,59438.5,2636.36,0.5985,558.4,144.29,0.3367,0.1432,10.19,21.21
2024-08-20 00:00:00,60619.18,2661.99,0.6083,569.4,145.58,0.3414,0.1432,10.41,21.8
2024-08-20 04:00:00,60924.33,2674.81,0.6069,569.0,147.47,0.3441,0.1451,10.51,22.08
2024-08-20 08:00:00,60518.82,2642.45,0.6088,568.0,145.4,0.3442,0.1482,10.4,21.99
2024-08-20 12:00:00,58825.53,2574.99,0.5897,561.5,142.16,0.3392,0.1511,10.11,21.78
2024-08-20 16:00:00,59511.99,2601.94,0.6006,573.1,144.02,0.3475,0.157,10.27,22.56
2024-08-20 20:00:00,59013.8,2572.82,0.5937,569.4,142.27,0.3434,0.1613,10.23,22.26
2024-08-21 00:00:00,59320.0,2591.5,0.5959,564.2,142.53,0.3488,0.1597,10.37,23.19
2024-08-21 04:00:00,59712.0,2600.72,0.5982,560.7,143.18,0.359,0.1615,10.42,23.3
2024-08-21 08:00:00,59361.14,2577.6,0.5964,555.9,141.31,0.351,0.165,10.3,22.89
2024-08-21 12:00:00,59511.8,2601.89,0.5923,554.6,140.36,0.3577,0.1599,10.41,23.1
2024-08-21 16:00:00,61570.0,2646.43,0.6026,571.9,143.43,0.3766,0.1574,11.13,23.63
2024-08-21 20:00:00,61156.03,2630.71,0.5999,570.1,142.79,0.3689,0.1539,11.22,23.53
2024-08-22 00:00:00,60548.9,2616.59,0.5982,570.0,141.73,0.3692,0.1495,11.39,23.23
2024-08-22 04:00:00,60984.31,2636.29,0.6016,576.7,143.33,0.3661,0.1523,11.34,23.26
2024-08-22 08:00:00,61336.09,2641.91,0.6027,583.3,144.53,0.3738,0.159,11.33,23.54
2024-08-22 12:00:00,60407.4,2599.4,0.5955,579.8,142.63,0.3697,0.1565,11.46,24.61
2024-08-22 16:00:00,60308.0,2606.6,0.5988,584.5,142.74,0.3703,0.1553,11.32,24.47
2024-08-22 20:00:00,60375.84,2622.88,0.5976,582.9,143.22,0.3763,0.1554,11.48,25.22
2024-08-23 00:00:00,60593.31,2635.72,0.5988,582.2,144.48,0.3749,0.1549,11.56,26.46
2024-08-23 04:00:00,61069.27,2669.23,0.5994,579.7,145.15,0.3824,0.1546,11.64,25.76
2024-08-23 08:00:00,60741.68,2653.27,0.5972,578.0,143.49,0.3797,0.1563,11.51,26.08
2024-08-23 12:00:00,61533.05,2671.09,0.5992,580.8,144.4,0.3828,0.1582,11.67,26.12
2024-08-23 16:00:00,63628.84,2746.54,0.6074,587.4,149.7,0.3894,0.1578,11.95,26.7
2024-08-23 20:00:00,64037.24,2762.48,0.6109,591.7,153.26,0.3912,0.1583,12.05,26.49
2024-08-24 00:00:00,63832.01,2746.6,0.6081,578.8,153.25,0.3908,0.161,11.96,26.25
2024-08-24 04:00:00,64315.0,2758.48,0.6086,579.0,154.61,0.389,0.1599,11.97,26.63
2024-08-24 08:00:00,63905.01,2756.31,0.6102,578.5,157.34,0.3928,0.1586,12.05,27.49
2024-08-24 12:00:00,63976.0,2761.07,0.6198,578.7,159.46,0.3947,0.1595,12.23,27.76
2024-08-24 16:00:00,64210.6,2793.01,0.6198,589.2,160.57,0.3985,0.1595,12.42,27.45
2024-08-24 20:00:00,64157.01,2768.0,0.6127,580.5,160.67,0.3935,0.1589,12.35,27.11
2024-08-25 00:00:00,64101.01,2764.53,0.6077,579.3,158.3,0.3869,0.1576,12.14,26.94
2024-08-25 04:00:00,63868.26,2743.4,0.599,571.3,156.12,0.379,0.1598,12.06,26.29
2024-08-25 08:00:00,63873.91,2750.99,0.6012,574.0,157.28,0.3818,0.1616,12.1,26.62
2024-08-25 12:00:00,64132.16,2763.81,0.6026,575.1,159.35,0.3876,0.1654,12.2,27.04
2024-08-25 16:00:00,64187.41,2766.3,0.6003,575.7,159.1,0.3862,0.165,12.13,26.94
2024-08-25 20:00:00,64220.0,2746.13,0.6,573.9,158.92,0.3849,0.1664,12.1,26.92
2024-08-26 00:00:00,64114.99,2744.34,0.5969,570.0,160.11,0.3835,0.1647,12.11,26.86
2024-08-26 04:00:00,63627.01,2733.13,0.5951,562.0,159.11,0.3772,0.1659,12.37,26.81
2024-08-26 08:00:00,63859.0,2737.35,0.5958,563.9,160.38,0.3754,0.1676,12.34,26.86
2024-08-26 12:00:00,63532.53,2721.69,0.5926,558.5,157.64,0.3727,0.165,12.19,26.54
2024-08-26 16:00:00,63342.99,2680.83,0.5817,552.9,158.0,0.3678,0.1646,11.99,26.28
2024-08-26 20:00:00,62834.0,2680.49,0.5874,548.2,157.12,0.3661,0.1616,11.83,25.94
2024-08-27 00:00:00,62970.0,2685.27,0.593,552.8,158.53,0.368,0.1622,11.87,26.29
2024-08-27 04:00:00,62902.31,2687.9,0.5913,555.7,157.72,0.3684,0.1619,11.82,26.57
2024-08-27 08:00:00,62417.0,2626.67,0.5874,551.0,154.26,0.3636,0.1606,11.63,25.76
2024-08-27 12:00:00,61709.13,2579.3,0.594,552.2,153.75,0.3626,0.1619,11.52,25.33
2024-08-27 16:00:00,62102.01,2584.0,0.5932,550.2,154.98,0.3644,0.162,11.62,25.57
2024-08-27 20:00:00,59415.0,2457.33,0.5666,533.3,146.79,0.3503,0.1579,11.16,24.09
2024-08-28 00:00:00,59629.01,2478.45,0.568,537.7,148.17,0.3524,0.1581,11.19,24.23
2024-08-28 04:00:00,58600.98,2437.02,0.5695,532.7,143.97,0.3468,0.1577,10.99,23.63
2024-08-28 08:00:00,59935.0,2523.2,0.5807,543.6,147.16,0.3579,0.1595,11.51,24.68
2024-08-28 12:00:00,59000.0,2496.05,0.5688,533.4,144.11,0.3514,0.1584,11.3,23.87
2024-08-28 16:00:00,58898.85,2504.88,0.5724,534.1,144.26,0.3519,0.1575,11.22,23.81
2024-08-28 20:00:00,59034.9,2528.33,0.5693,537.0,143.95,0.3502,0.1583,11.17,23.45
2024-08-29 00:00:00,59141.1,2523.4,0.571,540.4,143.32,0.3552,0.1585,11.21,23.48
2024-08-29 04:00:00,59583.88,2547.53,0.5744,541.2,144.66,0.3582,0.1592,11.24,23.84
2024-08-29 08:00:00,60067.06,2555.21,0.5745,543.7,145.63,0.3606,0.1601,11.25,23.6
2024-08-29 12:00:00,60779.99,2575.97,0.572,541.7,146.06,0.3646,0.1605,11.35,24.35
2024-08-29 16:00:00,59258.0,2528.54,0.5626,535.9,140.28,0.3542,0.1604,10.96,23.2
2024-08-29 20:00:00,59359.01,2527.61,0.5619,536.4,140.0,0.3578,0.1599,10.94,22.89
2024-08-30 00:00:00,59032.01,2516.8,0.5619,530.1,138.75,0.3558,0.1598,11.02,22.98
2024-08-30 04:00:00,59271.1,2517.41,0.5644,533.2,139.02,0.3555,0.161,11.11,23.38
2024-08-30 08:00:00,59396.0,2512.44,0.5638,538.4,138.66,0.3513,0.1609,11.03,23.22
2024-08-30 12:00:00,58094.99,2448.75,0.5485,523.9,133.32,0.34,0.1597,10.54,22.38
2024-08-30 16:00:00,58700.02,2506.94,0.5618,531.6,135.98,0.3455,0.1592,11.0,23.0
2024-08-30 20:00:00,59123.99,2526.0,0.5667,535.2,137.99,0.3469,0.16,11.11,23.29
2024-08-31 00:00:00,59232.01,2523.52,0.5648,537.3,138.29,0.3475,0.1594,11.11,23.19
2024-08-31 04:00:00,59095.0,2521.01,0.5665,535.6,137.59,0.3478,0.1577,11.12,23.02
2024-08-31 08:00:00,59120.99,2525.5,0.5692,536.6,137.01,0.3481,0.1572,11.15,23.03
2024-08-31 12:00:00,59006.54,2519.19,0.5664,535.8,136.63,0.3492,0.1573,11.09,23.04
2024-08-31 16:00:00,58856.0,2499.8,0.5678,533.5,134.97,0.3468,0.1577,11.03,22.69
2024-08-31 20:00:00,58973.99,2513.01,0.5662,532.9,135.35,0.345,0.1577,11.02,22.81
2024-09-01 00:00:00,58524.21,2488.74,0.5608,526.8,134.07,0.3448,0.1563,10.94,22.48
2024-09-01 04:00:00,58478.64,2486.82,0.5591,522.3,132.81,0.3446,0.1562,10.88,22.27
2024-09-01 08:00:00,58240.52,2477.74,0.558,519.0,131.91,0.3432,0.1569,10.81,22.36
2024-09-01 12:00:00,58217.0,2480.83,0.5565,520.9,134.29,0.3403,0.1565,10.7,22.42
2024-09-01 16:00:00,58514.0,2501.71,0.5595,520.2,135.23,0.3397,0.1565,10.71,22.15
2024-09-01 20:00:00,57301.86,2425.72,0.5472,512.4,128.5,0.3311,0.1556,10.37,21.42
2024-09-02 00:00:00,57742.01,2450.52,0.5501,515.2,130.21,0.3316,0.156,10.48,21.82
2024-09-02 04:00:00,57547.99,2441.14,0.5463,503.1,127.66,0.3259,0.1559,10.38,21.59
2024-09-02 08:00:00,58422.01,2515.81,0.555,519.1,131.83,0.3339,0.1567,10.74,22.19
2024-09-02 12:00:00,58537.99,2513.2,0.5583,522.2,132.54,0.3325,0.1561,10.66,22.06
2024-09-02 16:00:00,58439.99,2524.25,0.5679,522.2,133.05,0.3309,0.1541,10.66,22.09
2024-09-02 20:00:00,59132.13,2538.01,0.5677,526.3,134.94,0.3362,0.1542,10.77,22.37
2024-09-03 00:00:00,59110.99,2516.0,0.5667,534.1,135.51,0.3351,0.1538,10.7,22.52
2024-09-03 04:00:00,59112.0,2519.55,0.5692,535.0,134.6,0.3334,0.1541,10.69,22.52
2024-09-03 08:00:00,59072.0,2509.59,0.5701,535.9,134.36,0.3302,0.1525,10.67,22.39
2024-09-03 12:00:00,57725.0,2444.01,0.5593,522.0,129.8,0.3204,0.1509,10.3,21.6
2024-09-03 16:00:00,58046.0,2447.6,0.5659,524.4,130.95,0.3249,0.1512,10.5,21.82
2024-09-03 20:00:00,57487.73,2425.29,0.5572,518.7,127.54,0.3185,0.1503,10.31,21.38
2024-09-04 00:00:00,56653.98,2373.0,0.553,512.6,127.7,0.3157,0.1516,10.25,21.45
2024-09-04 04:00:00,56746.0,2401.52,0.5545,510.2,130.3,0.3212,0.1515,10.26,21.68
2024-09-04 08:00:00,56573.0,2398.77,0.5505,499.0,128.43,0.3175,0.1499,10.12,21.48
2024-09-04 12:00:00,58134.0,2455.4,0.5621,508.9,133.83,0.326,0.1499,10.4,22.03
2024-09-04 16:00:00,58058.01,2452.16,0.5577,509.5,133.19,0.3231,0.1496,10.32,21.89
2024-09-04 20:00:00,57970.9,2450.71,0.5579,507.6,133.64,0.3231,0.15,10.34,21.9
2024-09-05 00:00:00,57135.42,2405.55,0.5528,504.0,131.6,0.32,0.1492,10.17,21.72
2024-09-05 04:00:00,57155.1,2412.4,0.5535,506.7,133.1,0.324,0.1497,10.27,21.79
2024-09-05 08:00:00,56698.01,2389.54,0.5502,504.5,132.83,0.3274,0.1511,10.17,21.71
2024-09-05 12:00:00,55976.01,2371.43,0.546,501.3,130.61,0.3258,0.1503,10.01,21.42
2024-09-05 16:00:00,56060.01,2363.97,0.5429,499.5,128.44,0.3219,0.1498,9.96,21.32
2024-09-05 20:00:00,56180.0,2368.81,0.5444,502.4,129.41,0.3251,0.1498,10.03,21.38
2024-09-06 00:00:00,56588.0,2392.63,0.5458,505.4,130.7,0.3278,0.1497,10.11,21.62
2024-09-06 04:00:00,55804.29,2344.45,0.5351,501.4,128.09,0.3199,0.1493,9.92,21.51
2024-09-06 08:00:00,55999.09,2372.95,0.5385,504.1,130.24,0.3217,0.1499,9.91,21.52
2024-09-06 12:00:00,54045.01,2290.21,0.5264,492.5,128.09,0.3174,0.1485,9.69,21.35
2024-09-06 16:00:00,53534.28,2222.56,0.5156,482.3,125.14,0.3132,0.1478,9.52,20.98
2024-09-06 20:00:00,53962.97,2225.23,0.5211,487.2,125.05,0.3148,0.1478,9.57,21.17
2024-09-07 00:00:00,53818.91,2238.41,0.5222,486.4,125.17,0.3184,0.149,9.66,21.24
2024-09-07 04:00:00,54286.0,2288.11,0.5297,495.4,127.62,0.3235,0.1497,9.95,21.68
2024-09-07 08:00:00,54326.0,2283.7,0.5273,492.7,126.99,0.3235,0.15,10.0,21.61
2024-09-07 12:00:00,54780.0,2300.49,0.5315,497.9,128.84,0.3243,0.1519,10.12,21.84
2024-09-07 16:00:00,54404.01,2290.44,0.5303,495.8,128.31,0.3271,0.1513,10.05,21.84
2024-09-07 20:00:00,54160.86,2273.58,0.5248,493.5,127.71,0.3253,0.1515,10.03,21.8
2024-09-08 00:00:00,54402.99,2286.04,0.5282,496.6,128.28,0.3304,0.1525,10.14,22.38
2024-09-08 04:00:00,54436.25,2294.94,0.5294,502.9,129.59,0.3346,0.1515,10.29,23.08
2024-09-08 08:00:00,54556.08,2296.6,0.5288,501.4,130.08,0.3389,0.1515,10.27,23.05
2024-09-08 12:00:00,53687.0,2245.74,0.5224,491.7,126.74,0.3321,0.1529,10.17,22.46
2024-09-08 16:00:00,54337.01,2272.09,0.5255,495.4,128.71,0.3362,0.1529,10.23,22.95
2024-09-08 20:00:00,54869.95,2297.3,0.5295,503.1,130.15,0.339,0.1532,10.35,23.25
2024-09-09 00:00:00,55115.0,2304.23,0.5305,505.1,128.59,0.3446,0.1533,10.36,23.5
2024-09-09 04:00:00,54974.01,2314.33,0.531,507.0,129.31,0.342,0.1542,10.62,23.7
2024-09-09 08:00:00,55264.87,2315.29,0.5312,505.3,129.44,0.3409,0.1538,10.51,23.72
2024-09-09 12:00:00,55386.0,2292.55,0.5294,506.1,128.41,0.3417,0.1545,10.38,23.58
2024-09-09 16:00:00,57089.54,2350.57,0.5388,520.1,134.98,0.3447,0.1547,10.63,24.19
2024-09-09 20:00:00,57042.0,2359.5,0.5395,518.7,135.08,0.3435,0.1546,10.53,23.84
2024-09-10 00:00:00,56524.74,2340.84,0.5339,514.4,132.91,0.3391,0.1537,10.36,23.6
2024-09-10 04:00:00,57218.57,2363.51,0.5391,520.2,134.96,0.3423,0.1529,10.53,23.8
2024-09-10 08:00:00,57228.0,2351.0,0.5386,521.1,135.23,0.3438,0.1525,10.54,24.08
2024-09-10 12:00:00,56596.0,2325.01,0.5361,514.2,134.14,0.3412,0.1525,10.47,23.75
2024-09-10 16:00:00,57952.01,2380.73,0.5405,521.9,136.65,0.3436,0.1532,10.65,24.41
2024-09-10 20:00:00,57635.99,2388.52,0.5408,517.0,135.63,0.3431,0.1531,10.58,24.36
2024-09-11 00:00:00,56819.55,2348.31,0.5334,514.7,133.65,0.3397,0.1524,10.44,23.85
2024-09-11 04:00:00,56712.0,2341.66,0.5336,514.1,132.45,0.3399,0.1523,10.48,23.64
2024-09-11 08:00:00,56797.99,2327.59,0.534,515.0,132.0,0.3367,0.1524,10.36,23.63
2024-09-11 12:00:00,56701.23,2325.9,0.5321,518.0,131.17,0.3376,0.1527,10.35,23.33
2024-09-11 16:00:00,57585.5,2340.6,0.5365,533.1,132.7,0.3476,0.1532,10.44,23.43
2024-09-11 20:00:00,57338.0,2340.55,0.5348,530.1,132.42,0.3532,0.1534,10.4,23.28
2024-09-12 00:00:00,58232.72,2368.0,0.5374,542.9,135.62,0.355,0.1533,10.52,23.71
2024-09-12 04:00:00,58138.16,2359.59,0.5383,541.9,134.9,0.3562,0.1537,10.57,23.53
2024-09-12 08:00:00,58057.99,2348.55,0.5373,544.9,134.79,0.3576,0.1542,10.64,23.6
2024-09-12 12:00:00,57512.03,2323.2,0.5577,535.4,133.56,0.3557,0.1523,10.55,23.48
2024-09-12 16:00:00,58388.0,2361.03,0.5632,541.6,135.74,0.3542,0.1523,10.74,23.86
2024-09-12 20:00:00,58132.32,2361.76,0.5626,544.5,136.05,0.3564,0.152,10.78,24.02
2024-09-13 00:00:00,57845.97,2356.04,0.5611,542.7,134.44,0.354,0.1513,10.74,23.68
2024-09-13 04:00:00,58109.31,2348.88,0.5634,542.7,134.58,0.357,0.1509,10.71,23.83
2024-09-13 08:00:00,57871.1,2354.35,0.5628,546.0,132.58,0.3529,0.1508,10.93,23.86
2024-09-13 12:00:00,59667.38,2407.79,0.5711,553.6,136.59,0.364,0.1507,11.31,24.69
2024-09-13 16:00:00,59743.99,2421.07,0.5674,554.5,138.04,0.3589,0.1489,11.35,24.71
2024-09-13 20:00:00,60498.0,2439.19,0.5728,556.4,139.02,0.3606,0.149,11.45,24.91
2024-09-14 00:00:00,60329.37,2432.94,0.5773,556.2,139.43,0.359,0.1482,11.4,25.05
2024-09-14 04:00:00,60138.14,2420.23,0.5791,554.0,137.51,0.3593,0.148,11.4,24.93
2024-09-14 08:00:00,59706.39,2417.07,0.5871,551.3,136.79,0.3537,0.1477,11.26,24.66
2024-09-14 12:00:00,59876.0,2418.54,0.587,551.0,137.39,0.3546,0.1473,11.38,25.47
2024-09-14 16:00:00,59810.0,2408.71,0.5911,551.1,136.58,0.3528,0.1475,11.3,25.27
2024-09-14 20:00:00,59993.03,2417.79,0.5956,553.3,137.14,0.3539,0.1475,11.29,25.32
2024-09-15 00:00:00,60155.93,2420.09,0.5879,552.9,137.45,0.3543,0.1477,11.32,25.07
2024-09-15 04:00:00,60196.0,2422.9,0.5887,555.0,137.16,0.3557,0.1475,11.27,24.88
2024-09-15 08:00:00,60000.51,2406.86,0.5835,554.6,135.61,0.3492,0.1472,11.16,24.63
2024-09-15 12:00:00,60335.41,2408.71,0.5885,561.2,135.76,0.3487,0.1495,11.23,24.74
2024-09-15 16:00:00,59878.22,2372.35,0.5838,556.8,133.46,0.342,0.1491,11.09,24.37
2024-09-15 20:00:00,59132.0,2316.1,0.5706,553.4,131.37,0.3385,0.149,10.81,23.8
2024-09-16 00:00:00,58575.09,2278.38,0.5685,545.3,130.62,0.3346,0.1485,10.66,23.66
2024-09-16 04:00:00,58911.1,2310.69,0.5721,550.4,131.25,0.3367,0.1488,10.72,24.06
2024-09-16 08:00:00,58663.99,2307.8,0.5708,547.5,131.89,0.3327,0.1492,10.67,23.87
2024-09-16 12:00:00,57881.69,2287.72,0.5686,535.4,131.46,0.331,0.1481,10.55,23.51
2024-09-16 16:00:00,57943.99,2275.22,0.5871,532.8,131.13,0.3295,0.1484,10.54,23.47
2024-09-16 20:00:00,58213.99,2295.68,0.5866,533.7,131.47,0.3303,0.1489,10.54,23.52
2024-09-17 00:00:00,58060.0,2284.18,0.5868,535.0,131.12,0.3324,0.1495,10.52,23.49
2024-09-17 04:00:00,58695.39,2309.18,0.5851,538.5,132.25,0.3337,0.15,10.62,23.8
2024-09-17 08:00:00,59080.99,2308.12,0.5845,543.0,131.95,0.3313,0.15,10.6,23.84
2024-09-17 12:00:00,61135.5,2383.79,0.5907,550.1,134.67,0.3407,0.1512,10.86,24.4
2024-09-17 16:00:00,59967.99,2353.09,0.5892,545.2,132.23,0.3336,0.1501,10.67,23.86
2024-09-17 20:00:00,60313.99,2341.8,0.5839,546.2,131.54,0.3338,0.15,10.63,23.77
2024-09-18 00:00:00,60509.99,2334.79,0.5805,547.4,131.68,0.3366,0.1498,10.65,23.86
2024-09-18 04:00:00,60428.01,2330.0,0.5777,545.5,131.35,0.3339,0.15,10.6,23.61
2024-09-18 08:00:00,59846.0,2300.59,0.5729,540.0,129.42,0.3307,0.1496,10.45,23.25
2024-09-18 12:00:00,59429.18,2296.0,0.5644,538.2,127.67,0.3285,0.1494,10.32,22.92
2024-09-18 16:00:00,60057.99,2315.19,0.5749,545.1,129.49,0.3342,0.1492,10.56,23.39
2024-09-18 20:00:00,61759.99,2374.75,0.5852,559.5,134.34,0.3441,0.1496,10.89,24.68
2024-09-19 00:00:00,62117.99,2403.68,0.5853,560.1,138.01,0.349,0.1498,11.0,25.62
2024-09-19 04:00:00,62093.99,2438.06,0.585,557.1,138.56,0.3477,0.1503,11.15,25.9
2024-09-19 08:00:00,62645.44,2435.35,0.5857,558.6,139.48,0.3492,0.1504,11.27,26.25
2024-09-19 12:00:00,63154.04,2440.0,0.5861,565.3,142.96,0.352,0.1514,11.22,26.38
2024-09-19 16:00:00,63251.99,2460.93,0.5897,566.0,143.04,0.3526,0.1511,11.23,26.41
2024-09-19 20:00:00,62947.99,2465.21,0.5868,567.0,142.89,0.351,0.1515,11.21,26.66
2024-09-20 00:00:00,63742.16,2520.56,0.5885,571.6,144.66,0.3588,0.1523,11.43,27.86
2024-09-20 04:00:00,63524.8,2561.0,0.5909,573.6,151.04,0.3596,0.1524,11.7,28.2
2024-09-20 08:00:00,63440.0,2544.96,0.5849,569.9,150.58,0.3565,0.1523,11.61,28.13
2024-09-20 12:00:00,63153.99,2560.27,0.5799,569.8,147.88,0.3547,0.152,11.53,27.2
2024-09-20 16:00:00,62809.13,2540.98,0.5829,566.7,146.67,0.3517,0.152,11.43,27.11
2024-09-20 20:00:00,63201.05,2561.4,0.5851,569.0,146.66,0.3522,0.152,11.44,27.67
2024-09-21 00:00:00,62889.57,2544.0,0.5812,567.8,145.97,0.3549,0.1516,11.27,27.18
2024-09-21 04:00:00,63091.02,2555.77,0.5832,582.6,147.45,0.3542,0.1518,11.36,27.26
2024-09-21 08:00:00,63089.77,2556.5,0.5844,580.3,147.21,0.3537,0.1521,11.35,27.59
2024-09-21 12:00:00,63167.98,2560.0,0.5867,583.7,147.64,0.3558,0.1521,11.39,27.58
2024-09-21 16:00:00,63203.59,2572.05,0.6001,585.1,147.38,0.3564,0.152,11.36,27.37
2024-09-21 20:00:00,63348.96,2612.4,0.5976,588.6,149.41,0.3584,0.152,11.5,27.79
2024-09-22 00:00:00,63106.0,2594.71,0.5987,584.1,148.09,0.3552,0.1518,11.37,27.26
2024-09-22 04:00:00,62936.0,2587.99,0.5959,584.6,147.17,0.3535,0.1515,11.31,27.39
2024-09-22 08:00:00,62784.0,2580.59,0.5928,581.4,144.87,0.3523,0.1513,11.22,26.91
2024-09-22 12:00:00,62652.12,2570.51,0.5891,580.6,143.13,0.3477,0.1513,11.03,26.87
2024-09-22 16:00:00,63160.0,2578.37,0.5899,585.9,144.68,0.3505,0.1516,11.07,27.12
2024-09-22 20:00:00,63578.76,2581.0,0.5871,588.7,144.63,0.3517,0.1517,11.13,27.29
2024-09-23 00:00:00,64354.0,2676.71,0.5937,596.8,147.73,0.3571,0.1518,11.42,27.86
2024-09-23 04:00:00,63548.82,2646.48,0.589,591.2,145.52,0.3532,0.152,11.32,27.66
2024-09-23 08:00:00,63435.04,2646.0,0.5867,592.4,143.57,0.3537,0.1527,11.44,27.34
2024-09-23 12:00:00,63618.0,2675.38,0.588,600.6,144.21,0.3566,0.1526,11.5,27.57
2024-09-23 16:00:00,63298.56,2672.97,0.5877,612.0,143.31,0.3611,0.1526,11.43,27.37
2024-09-23 20:00:00,63339.99,2646.97,0.5847,604.5,144.79,0.3637,0.1523,11.39,27.39
2024-09-24 00:00:00,63124.0,2627.4,0.5854,606.5,146.63,0.3623,0.1518,11.29,27.29
2024-09-24 04:00:00,63559.92,2647.0,0.5869,602.2,147.19,0.3684,0.1521,11.48,27.4
2024-09-24 08:00:00,63478.34,2636.85,0.588,603.8,146.46,0.3694,0.1524,11.5,27.68
2024-09-24 12:00:00,63159.99,2612.44,0.5831,606.3,145.52,0.372,0.1518,11.52,27.15
2024-09-24 16:00:00,64292.34,2650.49,0.5912,609.4,148.24,0.3884,0.1512,11.85,27.7
2024-09-24 20:00:00,64262.7,2653.2,0.5911,605.9,152.73,0.3878,0.1513,12.15,28.46
2024-09-25 00:00:00,64460.0,2646.6,0.5934,607.1,152.0,0.3905,0.1511,12.29,27.97
2024-09-25 04:00:00,63843.33,2621.47,0.5875,596.1,149.77,0.3813,0.1503,12.19,27.62
2024-09-25 08:00:00,63838.01,2627.4,0.5905,596.7,150.98,0.3828,0.1508,12.31,27.83
2024-09-25 12:00:00,63495.66,2600.81,0.5852,593.2,150.42,0.3834,0.1506,12.36,27.68
2024-09-25 16:00:00,63181.5,2570.69,0.5849,587.0,149.99,0.3833,0.1502,12.13,27.49
2024-09-25 20:00:00,63152.01,2579.95,0.5831,587.4,147.98,0.3809,0.15,12.11,27.28
2024-09-26 00:00:00,63514.34,2602.3,0.5821,587.9,149.22,0.3856,0.1498,12.07,27.54
2024-09-26 04:00:00,63852.07,2629.8,0.5883,595.8,151.81,0.3956,0.1518,12.26,28.0
2024-09-26 08:00:00,64393.99,2628.8,0.5897,595.3,152.91,0.3967,0.1524,12.3,28.24
2024-09-26 12:00:00,65229.03,2652.01,0.5928,601.4,157.11,0.4017,0.1527,12.59,29.18
2024-09-26 16:00:00,64711.06,2648.99,0.5926,593.0,155.51,0.3978,0.1533,12.62,28.92
2024-09-26 20:00:00,65173.99,2632.26,0.5905,596.3,155.55,0.4014,0.1532,12.56,29.16
2024-09-27 00:00:00,65366.01,2638.66,0.5864,604.5,155.72,0.4096,0.1546,12.63,29.42
2024-09-27 04:00:00,65460.02,2657.27,0.5893,604.0,157.47,0.4079,0.1542,12.75,29.64
2024-09-27 08:00:00,65437.35,2652.0,0.5871,608.5,156.08,0.4027,0.1548,12.72,29.88
2024-09-27 12:00:00,66006.01,2683.62,0.5881,608.9,159.03,0.4045,0.1553,12.71,30.16
2024-09-27 16:00:00,65657.99,2701.37,0.5869,605.5,157.59,0.4009,0.1552,12.69,30.21
2024-09-27 20:00:00,65769.95,2694.43,0.5888,606.8,157.64,0.4017,0.1552,12.67,30.43
2024-09-28 00:00:00,66063.76,2690.31,0.5907,612.2,158.65,0.4039,0.1553,12.75,30.19
2024-09-28 04:00:00,65824.01,2677.93,0.608,602.4,156.39,0.397,0.1548,12.57,29.46
2024-09-28 08:00:00,65798.01,2675.22,0.6169,602.2,157.17,0.4009,0.1545,12.69,29.51
2024-09-28 12:00:00,65619.13,2669.9,0.6176,601.0,156.87,0.4016,0.1547,12.84,29.47
2024-09-28 16:00:00,65724.0,2678.34,0.6226,600.2,156.88,0.401,0.1549,12.91,29.37
2024-09-28 20:00:00,65858.0,2675.21,0.6138,601.1,156.75,0.4006,0.1551,12.95,29.28
2024-09-29 00:00:00,65815.92,2674.96,0.6132,600.4,157.83,0.4003,0.1552,12.74,29.13
2024-09-29 04:00:00,65477.01,2640.44,0.6285,593.4,155.48,0.3942,0.155,12.53,28.62
2024-09-29 08:00:00,65691.92,2652.49,0.6243,597.3,156.75,0.3972,0.156,12.6,28.69
2024-09-29 12:00:00,65751.34,2666.38,0.6595,596.9,157.28,0.4004,0.1568,12.6,28.84
2024-09-29 16:00:00,65958.82,2666.78,0.6524,599.6,159.42,0.4037,0.1575,12.67,29.27
2024-09-29 20:00:00,65602.01,2657.62,0.6412,595.6,158.46,0.3975,0.1565,12.46,29.04
2024-09-30 00:00:00,64553.68,2629.89,0.6449,578.0,156.19,0.3897,0.1552,12.27,28.59
2024-09-30 04:00:00,64562.01,2637.82,0.6453,582.2,156.86,0.3905,0.1552,12.27,28.97
2024-09-30 08:00:00,63819.44,2628.94,0.6299,574.8,155.6,0.3853,0.1555,12.09,28.33
2024-09-30 12:00:00,63561.41,2596.0,0.6175,571.2,154.16,0.3784,0.1561,11.93,27.96
2024-09-30 16:00:00,63488.0,2595.31,0.6227,572.6,155.06,0.3792,0.1566,11.97,27.95
2024-09-30 20:00:00,63327.59,2602.23,0.6114,567.4,152.49,0.3733,0.156,11.85,27.71
2024-10-01 00:00:00,63723.48,2629.83,0.6231,576.9,155.09,0.382,0.1564,12.1,28.4
2024-10-01 04:00:00,64045.92,2645.61,0.6285,581.1,156.79,0.3841,0.1566,12.21,28.59
2024-10-01 08:00:00,63734.0,2628.87,0.6287,577.4,156.46,0.3843,0.1568,12.16,28.66
2024-10-01 12:00:00,62628.85,2524.81,0.612,561.5,149.61,0.3664,0.1549,11.43,26.69
2024-10-01 16:00:00,61755.99,2488.71,0.6105,548.8,145.42,0.3532,0.1538,11.04,25.92
2024-10-01 20:00:00,60805.78,2447.79,0.5967,547.3,145.13,0.352,0.1536,11.01,25.82
2024-10-02 00:00:00,61750.47,2489.6,0.6026,554.5,147.21,0.3619,0.1542,11.22,26.38
2024-10-02 04:00:00,61727.4,2482.04,0.6005,556.3,147.75,0.3592,0.1541,11.25,26.6
2024-10-02 08:00:00,61164.01,2455.22,0.5858,546.8,146.14,0.3506,0.154,11.07,25.99
2024-10-02 12:00:00,61874.01,2460.4,0.5846,549.4,147.46,0.3519,0.1547,10.93,26.22
2024-10-02 16:00:00,60190.01,2371.77,0.5753,539.3,139.98,0.3392,0.1542,10.6,25.23
2024-10-02 20:00:00,60649.28,2364.1,0.5383,542.5,140.18,0.3432,0.1544,10.66,25.33
2024-10-03 00:00:00,61463.99,2399.32,0.5377,549.9,142.88,0.3492,0.1548,10.85,25.56
2024-10-03 04:00:00,60926.0,2364.66,0.5188,545.3,139.9,0.3426,0.1548,10.63,24.89
2024-10-03 08:00:00,60764.74,2352.34,0.5173,538.4,136.85,0.3392,0.1539,10.53,24.69
2024-10-03 12:00:00,60641.5,2340.59,0.5226,541.4,135.58,0.3391,0.1548,10.54,24.37
2024-10-03 16:00:00,61036.0,2353.51,0.5272,545.8,137.31,0.3427,0.1566,10.66,24.77
2024-10-03 20:00:00,60752.71,2349.8,0.5217,544.8,136.82,0.3453,0.1577,10.66,24.66
2024-10-04 00:00:00,60951.99,2367.06,0.5247,546.8,137.33,0.3455,0.1567,10.74,24.92
2024-10-04 04:00:00,61443.64,2381.6,0.5241,550.6,139.56,0.3499,0.157,10.97,25.29
2024-10-04 08:00:00,61449.84,2386.2,0.5251,553.4,140.1,0.3533,0.1574,10.99,25.71
2024-10-04 12:00:00,61873.04,2417.05,0.5219,553.7,142.43,0.353,0.1573,11.17,26.14
2024-10-04 16:00:00,62368.0,2428.9,0.536,557.3,143.89,0.3534,0.1569,11.13,26.29
2024-10-04 20:00:00,62086.0,2414.41,0.534,555.3,143.24,0.3517,0.1565,11.08,26.27
2024-10-05 00:00:00,61861.99,2399.6,0.5277,553.6,141.83,0.3497,0.1553,11.04,25.85
2024-10-05 04:00:00,62076.19,2415.1,0.533,561.9,143.8,0.3555,0.1545,11.21,26.01
2024-10-05 08:00:00,62180.0,2417.19,0.5314,561.4,143.45,0.3531,0.1542,11.3,25.86
2024-10-05 12:00:00,62167.66,2415.01,0.5304,564.2,142.9,0.353,0.1539,11.35,25.73
2024-10-05 16:00:00,61848.48,2396.54,0.5338,560.6,142.16,0.348,0.1536,11.16,25.46
2024-10-05 20:00:00,62058.0,2414.66,0.5294,563.0,142.59,0.351,0.1535,11.27,25.67
2024-10-06 00:00:00,61878.66,2413.64,0.5291,561.9,142.69,0.3488,0.1532,11.27,25.63
2024-10-06 04:00:00,61949.01,2417.38,0.5311,562.5,142.97,0.3492,0.1532,11.32,26.2
2024-10-06 08:00:00,62101.92,2426.63,0.5307,562.6,144.02,0.3494,0.1542,11.26,26.35
2024-10-06 12:00:00,62720.01,2446.62,0.5369,567.3,146.0,0.3535,0.1546,11.31,26.92
2024-10-06 16:00:00,62631.38,2441.39,0.532,565.8,145.42,0.3547,0.1544,11.2,26.84
2024-10-06 20:00:00,62819.91,2440.03,0.5336,570.3,146.48,0.3575,0.1543,11.27,26.94
2024-10-07 00:00:00,63530.51,2495.34,0.5407,573.4,149.94,0.3654,0.154,11.61,27.29
2024-10-07 04:00:00,63531.99,2480.53,0.5403,576.1,148.02,0.3626,0.1545,11.55,27.23
2024-10-07 08:00:00,63135.44,2475.84,0.5374,571.9,147.43,0.3578,0.1557,11.43,27.03
2024-10-07 12:00:00,63651.6,2474.23,0.5412,575.7,148.71,0.3583,0.156,11.52,27.14
2024-10-07 16:00:00,63382.0,2445.62,0.5403,572.5,147.09,0.3572,0.1564,11.35,27.14
2024-10-07 20:00:00,62224.0,2422.71,0.5286,564.3,143.96,0.3512,0.1559,11.16,26.56
2024-10-08 00:00:00,62629.8,2438.13,0.5324,569.8,144.71,0.3557,0.1561,11.22,27.09
2024-10-08 04:00:00,62319.99,2428.6,0.5272,563.4,143.08,0.3521,0.156,11.02,26.52
2024-10-08 08:00:00,62624.01,2439.71,0.5312,577.1,144.49,0.3518,0.1565,11.18,26.71
2024-10-08 12:00:00,62288.01,2419.5,0.5247,578.1,142.8,0.345,0.1574,10.94,26.33
2024-10-08 16:00:00,62245.53,2440.13,0.5301,585.5,143.74,0.3442,0.1596,10.9,26.4
2024-10-08 20:00:00,62160.49,2440.89,0.531,580.8,143.49,0.3448,0.16,10.82,26.34
2024-10-09 00:00:00,62394.07,2446.78,0.5333,576.5,143.94,0.3451,0.1599,10.87,26.33
2024-10-09 04:00:00,62276.78,2436.01,0.5309,582.4,143.17,0.3445,0.1601,10.79,26.46
2024-10-09 08:00:00,62200.0,2441.7,0.5326,583.3,143.2,0.3427,0.1603,10.67,26.45
2024-10-09 12:00:00,62316.0,2461.3,0.5317,581.0,142.83,0.3436,0.1617,10.72,26.21
2024-10-09 16:00:00,61031.98,2418.3,0.5301,571.8,141.12,0.3397,0.1608,10.61,26.1
2024-10-09 20:00:00,60636.02,2370.47,0.5245,570.7,139.33,0.3396,0.1605,10.53,25.76
2024-10-10 00:00:00,60865.29,2395.3,0.5274,569.4,139.89,0.3399,0.1594,10.64,25.95
2024-10-10 04:00:00,60900.0,2395.8,0.5258,570.2,139.69,0.3376,0.1596,10.63,26.11
2024-10-10 08:00:00,61262.0,2406.56,0.5299,570.6,140.44,0.3392,0.1598,10.65,26.15
2024-10-10 12:00:00,60789.36,2404.63,0.5356,565.6,138.67,0.3376,0.1599,10.63,25.85
2024-10-10 16:00:00,59727.28,2367.13,0.5263,559.6,138.11,0.3365,0.1588,10.47,25.52
2024-10-10 20:00:00,60326.39,2386.49,0.5305,563.9,139.03,0.3396,0.1588,10.56,25.86
2024-10-11 00:00:00,60614.0,2411.1,0.5352,564.0,140.83,0.3409,0.1582,10.63,26.04
2024-10-11 04:00:00,60674.69,2407.64,0.5383,560.5,141.17,0.3449,0.1588,10.66,26.14
2024-10-11 08:00:00,61174.87,2417.82,0.5356,567.8,141.97,0.3461,0.1598,10.68,26.43
2024-10-11 12:00:00,62259.05,2443.81,0.5382,571.9,144.41,0.3502,0.1611,10.86,26.78
2024-10-11 16:00:00,63086.01,2459.6,0.5414,574.2,145.45,0.3532,0.1607,10.96,27.32
2024-10-11 20:00:00,62540.0,2439.5,0.5388,573.6,145.53,0.3517,0.1598,10.91,27.45
2024-10-12 00:00:00,62568.0,2439.04,0.5361,576.6,145.14,0.3515,0.1598,10.86,28.31
2024-10-12 04:00:00,62767.57,2446.69,0.5381,575.3,145.58,0.3533,0.1622,10.98,28.17
2024-10-12 08:00:00,62936.91,2452.5,0.5394,576.4,146.26,0.3545,0.1637,11.06,28.56
2024-10-12 12:00:00,63157.49,2473.11,0.5416,575.9,146.09,0.3545,0.1631,11.09,29.09
2024-10-12 16:00:00,63000.01,2472.6,0.5383,577.5,146.79,0.3525,0.1632,11.02,28.97
2024-10-12 20:00:00,63206.22,2476.4,0.5393,576.6,146.4,0.3532,0.1625,11.01,28.64
2024-10-13 00:00:00,62712.31,2457.86,0.5361,573.1,145.3,0.355,0.1626,10.95,28.8
2024-10-13 04:00:00,62843.48,2465.0,0.5366,574.2,146.42,0.3588,0.1627,10.98,29.04
2024-10-13 08:00:00,62561.33,2458.27,0.5312,572.3,146.47,0.352,0.1627,10.89,29.0
2024-10-13 12:00:00,62229.31,2440.51,0.528,566.9,145.34,0.3455,0.1633,10.68,28.47
2024-10-13 16:00:00,62734.32,2458.09,0.5273,570.8,146.03,0.3474,0.1624,10.71,28.62
2024-10-13 20:00:00,62870.02,2468.91,0.5321,572.2,147.74,0.3486,0.1626,10.75,29.06
2024-10-14 00:00:00,64299.99,2521.11,0.5384,580.6,152.51,0.3559,0.1628,11.02,29.74
2024-10-14 04:00:00,64620.87,2535.78,0.539,580.5,153.04,0.3556,0.1603,11.03,29.5
2024-10-14 08:00:00,64920.06,2537.9,0.5388,581.0,153.16,0.3558,0.1598,11.01,29.36
2024-10-14 12:00:00,65870.0,2635.47,0.5491,588.2,156.71,0.3633,0.1603,11.26,29.55
2024-10-14 16:00:00,65939.4,2620.51,0.5472,588.7,155.66,0.3639,0.1606,11.23,29.12
2024-10-14 20:00:00,66083.99,2629.79,0.5483,589.1,157.59,0.3643,0.1606,11.28,29.07
2024-10-15 00:00:00,65400.0,2612.32,0.5476,584.7,155.46,0.3598,0.1592,11.46,28.72
2024-10-15 04:00:00,65638.74,2615.66,0.5457,584.7,155.13,0.3595,0.1585,11.5,28.78
2024-10-15 08:00:00,65399.69,2586.2,0.5362,585.3,152.41,0.3551,0.1581,11.38,28.49
2024-10-15 12:00:00,66022.0,2573.45,0.539,589.2,153.29,0.3556,0.1581,11.14,28.11
2024-10-15 16:00:00,66970.18,2592.11,0.544,594.6,155.16,0.3575,0.1585,11.3,28.22
2024-10-15 20:00:00,67074.14,2607.41,0.5417,594.5,154.76,0.3591,0.1588,11.45,28.21
2024-10-16 00:00:00,67095.98,2617.23,0.5428,593.9,154.23,0.3556,0.1592,11.29,27.66
2024-10-16 04:00:00,66972.53,2607.13,0.539,591.0,153.67,0.3522,0.1591,11.18,27.34
2024-10-16 08:00:00,67894.72,2630.4,0.5441,599.3,155.88,0.3591,0.1595,11.45,27.88
2024-10-16 12:00:00,67749.99,2607.67,0.5477,595.4,155.71,0.3538,0.1597,11.16,27.48
2024-10-16 16:00:00,67728.0,2614.93,0.5527,601.6,154.35,0.3534,0.1597,11.14,27.62
2024-10-16 20:00:00,67620.01,2611.1,0.5482,600.9,154.28,0.3521,0.1601,11.24,28.02
2024-10-17 00:00:00,67601.4,2640.8,0.5495,604.1,154.62,0.353,0.1601,11.33,28.06
2024-10-17 04:00:00,67303.18,2628.5,0.5546,597.0,152.61,0.3484,0.1602,11.16,27.57
2024-10-17 08:00:00,66872.43,2598.01,0.5525,590.3,151.31,0.3435,0.16,10.94,27.27
2024-10-17 12:00:00,67590.66,2630.82,0.5537,594.1,152.89,0.349,0.1601,11.12,27.75
2024-10-17 16:00:00,66840.0,2595.59,0.5443,588.8,149.38,0.3431,0.1597,11.01,27.16
2024-10-17 20:00:00,67421.78,2605.8,0.5441,592.9,150.5,0.3432,0.1594,11.03,27.31
2024-10-18 00:00:00,67555.4,2609.99,0.5434,594.1,151.88,0.3463,0.1588,11.16,27.42
2024-10-18 04:00:00,67969.7,2644.5,0.5499,597.7,153.89,0.3478,0.1592,11.43,27.7
2024-10-18 08:00:00,67702.0,2621.98,0.5463,595.0,153.0,0.3463,0.159,11.37,27.46
2024-10-18 12:00:00,68735.35,2653.15,0.5458,600.7,154.72,0.3494,0.1591,11.46,27.8
2024-10-18 16:00:00,68608.01,2651.31,0.5465,599.5,154.84,0.3483,0.159,11.42,27.87
2024-10-18 20:00:00,68428.0,2642.17,0.5465,599.2,154.94,0.3507,0.1585,11.48,28.1
2024-10-19 00:00:00,68450.01,2646.41,0.5476,599.0,154.56,0.3549,0.1585,11.49,28.26
2024-10-19 04:00:00,68346.54,2641.05,0.5462,597.7,154.56,0.3532,0.1581,11.4,28.06
2024-10-19 08:00:00,68090.3,2631.48,0.5433,596.9,153.83,0.3495,0.1578,11.31,27.72
2024-10-19 12:00:00,68226.93,2645.7,0.5444,596.9,156.51,0.3517,0.158,11.38,28.12
2024-10-19 16:00:00,68181.98,2641.34,0.5414,597.2,156.37,0.3497,0.157,11.35,27.91
2024-10-19 20:00:00,68378.0,2648.2,0.544,597.7,159.79,0.3513,0.1567,11.42,28.1
2024-10-20 00:00:00,68188.0,2640.25,0.543,594.7,159.03,0.3498,0.1564,11.33,27.82
2024-10-20 04:00:00,68378.0,2646.1,0.5404,597.6,158.78,0.3507,0.1565,11.38,27.93
2024-10-20 08:00:00,68420.01,2649.49,0.5411,596.6,159.2,0.353,0.1564,11.68,28.13
2024-10-20 12:00:00,68625.99,2706.58,0.5446,599.1,160.01,0.3597,0.1565,11.89,28.38
2024-10-20 16:00:00,68508.29,2699.86,0.5425,598.4,160.38,0.36,0.1565,11.84,28.3
2024-10-20 20:00:00,69031.99,2746.91,0.5482,605.9,167.4,0.3649,0.1567,11.98,28.96
2024-10-21 00:00:00,68939.99,2733.81,0.5478,604.4,169.51,0.3667,0.156,11.89,28.69
2024-10-21 04:00:00,68514.0,2722.01,0.5485,609.1,168.64,0.3662,0.1566,11.91,28.62
2024-10-21 08:00:00,68238.01,2704.77,0.5537,609.1,166.42,0.362,0.1577,11.73,28.25
2024-10-21 12:00:00,67341.02,2679.43,0.5464,595.8,165.27,0.358,0.1578,11.67,27.76
2024-10-21 16:00:00,67763.0,2680.1,0.5477,599.3,167.81,0.3595,0.1585,11.79,27.99
2024-10-21 20:00:00,67377.5,2666.7,0.5449,598.8,166.17,0.3609,0.1584,11.71,27.75
2024-10-22 00:00:00,67390.02,2644.56,0.5433,598.4,166.45,0.3642,0.158,11.88,28.03
2024-10-22 04:00:00,67402.0,2646.79,0.5473,595.0,167.11,0.3657,0.1595,12.11,27.99
2024-10-22 08:00:00,67299.15,2632.9,0.5343,596.2,167.88,0.3618,0.1597,12.18,27.77
2024-10-22 12:00:00,67282.27,2624.33,0.5335,596.8,167.78,0.3632,0.16,12.14,27.81
2024-10-22 16:00:00,67482.98,2628.01,0.5342,594.4,168.48,0.3637,0.1603,12.0,27.66
2024-10-22 20:00:00,67426.0,2622.81,0.5339,593.8,167.59,0.3645,0.1603,11.97,27.64
2024-10-23 00:00:00,67082.1,2616.5,0.5314,590.5,165.51,0.3631,0.1605,11.78,27.34
2024-10-23 04:00:00,66852.34,2602.81,0.5268,584.1,165.74,0.3648,0.1601,11.6,27.07
2024-10-23 08:00:00,66414.0,2580.93,0.5268,582.3,166.41,0.3541,0.1597,11.39,26.64
2024-10-23 12:00:00,66223.44,2540.22,0.5239,579.8,168.13,0.3502,0.16,11.32,26.51
2024-10-23 16:00:00,66472.0,2512.51,0.5219,582.2,173.02,0.3496,0.1599,11.24,26.58
2024-10-23 20:00:00,66668.65,2524.61,0.5258,584.9,170.85,0.3497,0.1603,11.32,26.75
2024-10-24 00:00:00,67213.16,2544.8,0.5285,590.4,174.14,0.3514,0.1623,11.38,27.0
2024-10-24 04:00:00,67123.08,2544.76,0.529,590.6,173.56,0.3457,0.1631,11.29,26.84
2024-10-24 08:00:00,67285.99,2529.47,0.5279,591.2,173.85,0.3427,0.1635,11.4,26.59
2024-10-24 12:00:00,67701.22,2525.84,0.5293,592.4,175.43,0.3434,0.1636,11.43,26.8
2024-10-24 16:00:00,68309.79,2539.96,0.5328,594.5,177.4,0.3485,0.1644,11.51,27.05
2024-10-24 20:00:00,68198.28,2535.82,0.532,594.5,177.19,0.3465,0.1646,11.62,26.83
2024-10-25 00:00:00,68008.0,2521.73,0.5289,594.9,174.68,0.3445,0.1658,11.9,26.56
2024-10-25 04:00:00,67531.97,2484.07,0.5239,588.4,171.9,0.3392,0.1656,11.69,26.24
2024-10-25 08:00:00,68105.79,2545.13,0.5265,592.6,173.65,0.3431,0.1664,11.82,26.56
2024-10-25 12:00:00,67690.01,2524.86,0.5225,590.0,172.45,0.342,0.1663,11.82,26.15
2024-10-25 16:00:00,66850.0,2476.1,0.5152,585.2,167.95,0.3364,0.1648,11.61,25.9
2024-10-25 20:00:00,66698.33,2440.62,0.5022,575.3,164.9,0.3261,0.1626,11.13,24.93
2024-10-26 00:00:00,66914.0,2452.27,0.5121,578.6,165.64,0.3316,0.1638,11.34,25.29
2024-10-26 04:00:00,67007.99,2465.61,0.5141,579.7,167.35,0.3322,0.1646,11.1,25.43
2024-10-26 08:00:00,67138.0,2472.98,0.5144,584.3,168.65,0.3307,0.1649,11.1,25.62
2024-10-26 12:00:00,66886.49,2457.59,0.5092,580.8,168.63,0.3256,0.1641,10.86,25.08
2024-10-26 16:00:00,67177.99,2486.68,0.5129,585.3,171.52,0.332,0.1646,10.98,25.44
2024-10-26 20:00:00,67092.76,2482.51,0.5134,583.4,170.88,0.3337,0.1652,11.01,25.41
2024-10-27 00:00:00,67289.57,2484.64,0.5162,585.7,172.14,0.3338,0.1662,11.04,25.59
2024-10-27 04:00:00,67204.01,2481.26,0.5149,585.0,173.27,0.3337,0.166,10.94,25.45
2024-10-27 08:00:00,67128.04,2469.86,0.5121,582.9,174.02,0.3337,0.1657,10.9,25.37
2024-10-27 12:00:00,67791.99,2501.97,0.5173,587.4,175.77,0.3398,0.1659,11.1,25.79
2024-10-27 16:00:00,67850.0,2494.59,0.5152,587.2,177.21,0.3395,0.165,10.97,25.69
2024-10-27 20:00:00,68021.7,2507.8,0.5168,589.2,176.63,0.3399,0.164,10.99,25.77
2024-10-28 00:00:00,67727.59,2477.71,0.5133,587.1,175.74,0.3334,0.1635,10.79,25.2
2024-10-28 04:00:00,68415.52,2511.77,0.5163,591.6,175.69,0.3365,0.164,10.97,25.74
2024-10-28 08:00:00,68753.78,2527.12,0.5197,594.7,176.95,0.339,0.1637,11.11,26.21
2024-10-28 12:00:00,68494.2,2501.02,0.5139,590.7,173.39,0.3335,0.1635,10.82,25.58
2024-10-28 16:00:00,69629.98,2506.7,0.5176,596.4,176.42,0.3423,0.164,11.0,25.87
2024-10-28 20:00:00,69962.21,2567.48,0.5195,601.1,178.29,0.3437,0.1642,11.18,26.25
2024-10-29 00:00:00,70938.14,2607.75,0.5234,605.4,181.81,0.3491,0.1644,11.42,26.81
2024-10-29 04:00:00,71017.97,2613.3,0.5259,604.0,180.16,0.3474,0.1642,11.49,26.54
2024-10-29 08:00:00,71452.01,2631.59,0.5258,606.7,180.8,0.348,0.1642,11.49,26.77
2024-10-29 12:00:00,72402.01,2648.52,0.5259,609.9,180.61,0.3504,0.1654,11.55,26.74
2024-10-29 16:00:00,72536.16,2624.74,0.5262,603.7,178.17,0.3528,0.1655,11.54,26.6
2024-10-29 20:00:00,72736.42,2638.8,0.5284,606.3,179.42,0.3561,0.1663,11.8,26.88
2024-10-30 00:00:00,72234.0,2641.7,0.5256,602.8,180.09,0.359,0.1668,11.99,26.6
2024-10-30 04:00:00,72227.99,2668.6,0.5238,602.2,178.69,0.3566,0.1677,11.96,26.61
2024-10-30 08:00:00,71983.99,2659.18,0.5208,595.8,175.71,0.3519,0.1679,11.95,26.14
2024-10-30 12:00:00,72061.34,2683.08,0.5233,597.1,173.93,0.3546,0.1687,12.21,26.13
2024-10-30 16:00:00,71822.01,2655.0,0.5223,597.4,174.29,0.3551,0.1694,12.24,26.16
2024-10-30 20:00:00,72344.74,2659.19,0.5229,595.6,174.87,0.355,0.1692,12.39,26.18
2024-10-31 00:00:00,72353.74,2657.0,0.5216,592.6,174.35,0.3577,0.1691,12.4,26.07
2024-10-31 04:00:00,72417.19,2646.8,0.5178,587.6,174.5,0.3557,0.1694,12.2,25.94
2024-10-31 08:00:00,72226.0,2638.81,0.5186,586.7,175.0,0.3589,0.1701,12.14,25.75
2024-10-31 12:00:00,70620.0,2562.86,0.5108,580.7,170.65,0.3448,0.1685,11.79,25.27
2024-10-31 16:00:00,70092.07,2514.33,0.5062,573.2,168.7,0.3409,0.1679,11.41,24.71
2024-10-31 20:00:00,70292.01,2518.61,0.5095,576.6,168.69,0.3418,0.1684,11.41,25.03
2024-11-01 00:00:00,69369.99,2503.2,0.5193,578.8,167.15,0.3401,0.1681,11.39,24.87
2024-11-01 04:00:00,69273.7,2504.12,0.512,574.7,165.96,0.3428,0.1671,11.32,24.67
2024-11-01 08:00:00,70002.01,2515.44,0.5189,577.4,167.88,0.3474,0.1673,11.32,25.13
2024-11-01 12:00:00,69387.77,2500.03,0.5162,572.1,164.09,0.3524,0.1666,11.33,24.9
2024-11-01 16:00:00,69268.0,2514.49,0.5163,571.9,166.6,0.3532,0.1671,11.34,24.78
2024-11-01 20:00:00,69496.01,2511.49,0.5131,573.1,166.1,0.3575,0.1674,11.25,24.78
2024-11-02 00:00:00,69599.99,2506.7,0.5142,575.1,167.0,0.3611,0.1672,11.3,24.83
2024-11-02 04:00:00,69813.91,2507.35,0.5129,576.3,167.64,0.3569,0.1676,11.25,24.87
2024-11-02 08:00:00,69608.0,2502.13,0.5113,573.1,166.04,0.3583,0.1673,11.18,24.66
2024-11-02 12:00:00,69393.17,2488.79,0.5104,566.8,163.82,0.3544,0.1664,11.18,24.24
2024-11-02 16:00:00,69510.0,2493.02,0.51,569.9,165.15,0.3518,0.1663,11.18,24.18
2024-11-02 20:00:00,69374.74,2494.23,0.5103,568.6,166.17,0.3482,0.1661,11.19,24.12
2024-11-03 00:00:00,68379.89,2449.59,0.5021,562.2,161.94,0.3405,0.1642,10.96,23.59
2024-11-03 04:00:00,68397.42,2450.03,0.5058,563.7,163.53,0.3408,0.164,10.99,23.61
2024-11-03 08:00:00,68358.86,2454.47,0.5027,557.4,163.62,0.3355,0.1641,10.93,23.24
2024-11-03 12:00:00,68090.9,2442.63,0.4971,551.8,159.99,0.3333,0.1638,10.71,23.05
2024-11-03 16:00:00,68679.0,2452.89,0.5007,557.1,161.06,0.3338,0.1647,10.72,23.31
2024-11-03 20:00:00,68775.99,2457.73,0.503,557.7,162.53,0.3341,0.1651,10.76,23.54
2024-11-04 00:00:00,69047.86,2473.76,0.5072,562.6,162.82,0.3334,0.1654,10.8,23.71
2024-11-04 04:00:00,68618.0,2459.67,0.5056,558.91,161.41,0.3304,0.1651,10.62,23.48
2024-11-04 08:00:00,68792.71,2470.2,0.5119,560.06,164.08,0.3329,0.1652,10.64,23.61
2024-11-04 12:00:00,68646.01,2442.6,0.5103,559.72,163.03,0.3282,0.1644,10.4,23.21
2024-11-04 16:00:00,67856.0,2430.43,0.5065,552.72,159.59,0.3283,0.1637,10.36,22.91
2024-11-04 20:00:00,67850.01,2398.21,0.5035,552.5,157.95,0.3263,0.1629,10.26,22.72
2024-11-05 00:00:00,68243.0,2420.41,0.5055,555.19,159.66,0.3302,0.1627,10.43,22.85
2024-11-05 04:00:00,68893.99,2443.4,0.5148,560.53,162.04,0.3313,0.1623,10.52,23.18
2024-11-05 08:00:00,68810.03,2440.63,0.5092,559.2,162.39,0.3315,0.1617,10.6,23.3
2024-11-05 12:00:00,69639.99,2441.19,0.5099,564.4,165.94,0.3339,0.1619,10.78,23.97
2024-11-05 16:00:00,68995.99,2408.4,0.508,560.24,164.09,0.3298,0.1604,10.66,23.71
2024-11-05 20:00:00,69372.01,2422.55,0.514,563.21,166.62,0.3336,0.1602,10.83,23.99
2024-11-06 00:00:00,74348.53,2579.31,0.534,581.59,184.94,0.3584,0.1623,11.7,26.21
2024-11-06 04:00:00,73370.89,2594.0,0.5363,583.69,183.83,0.3595,0.1627,11.75,25.87
2024-11-06 08:00:00,74272.01,2629.02,0.5344,581.84,186.72,0.3582,0.1632,11.84,26.34
2024-11-06 12:00:00,74298.0,2634.19,0.5307,583.1,185.51,0.3533,0.1633,11.81,26.15
2024-11-06 16:00:00,75823.55,2687.25,0.5363,588.18,188.36,0.3574,0.1635,11.97,26.61
2024-11-06 20:00:00,75571.99,2721.87,0.5418,592.22,186.59,0.363,0.1625,12.17,27.01
2024-11-07 00:00:00,75048.01,2852.42,0.5596,604.68,189.08,0.3733,0.1627,12.55,27.69
2024-11-07 04:00:00,74757.58,2820.29,0.5556,595.75,188.01,0.3688,0.1611,12.29,26.93
2024-11-07 08:00:00,74746.0,2792.28,0.5472,592.28,186.04,0.3698,0.1604,12.23,26.65
2024-11-07 12:00:00,76059.69,2847.49,0.5499,597.9,192.66,0.3884,0.16,12.45,27.28
2024-11-07 16:00:00,76530.39,2885.0,0.5548,598.99,197.0,0.3933,0.1604,12.57,27.61
2024-11-07 20:00:00,75857.89,2895.47,0.5556,598.26,196.35,0.4065,0.1601,12.59,27.38
2024-11-08 00:00:00,75890.79,2902.42,0.5496,596.65,198.15,0.4218,0.1602,12.63,27.4
2024-11-08 04:00:00,76148.49,2911.96,0.5505,598.95,200.38,0.4279,0.1609,12.81,27.59
2024-11-08 08:00:00,75934.46,2914.39,0.5504,595.88,203.06,0.4349,0.1613,12.99,28.15
2024-11-08 12:00:00,76427.72,2937.04,0.5523,597.33,200.99,0.4501,0.1612,13.27,28.09
2024-11-08 16:00:00,76912.58,2949.96,0.551,597.49,199.55,0.4438,0.161,13.52,28.34
2024-11-08 20:00:00,76509.78,2961.75,0.5537,597.82,199.85,0.4447,0.1609,13.69,28.78
2024-11-09 00:00:00,76341.47,2965.5,0.5464,635.4,198.97,0.4295,0.16,13.35,28.67
2024-11-09 04:00:00,76529.08,3030.38,0.553,628.95,200.26,0.435,0.1602,13.5,29.26
2024-11-09 08:00:00,76487.11,3051.6,0.5531,625.71,202.18,0.4415,0.1607,13.6,29.5
2024-11-09 12:00:00,76319.9,3040.88,0.5482,616.54,198.4,0.4376,0.1605,13.53,28.82
2024-11-09 16:00:00,76204.92,3070.39,0.55,615.98,197.75,0.4395,0.1608,13.54,29.0
2024-11-09 20:00:00,76677.46,3126.21,0.5593,624.66,199.89,0.4967,0.1621,13.78,30.36
2024-11-10 00:00:00,77205.96,3134.82,0.5713,627.66,201.42,0.5328,0.1619,13.93,30.47
2024-11-10 04:00:00,78832.37,3185.89,0.5853,629.53,205.06,0.5843,0.1644,14.49,31.52
2024-11-10 08:00:00,79844.01,3220.0,0.5864,641.53,206.59,0.5874,0.1657,14.57,31.99
2024-11-10 12:00:00,79694.03,3209.53,0.6046,639.91,212.23,0.599,0.1658,14.58,32.34
2024-11-10 16:00:00,79748.99,3164.27,0.5957,629.3,208.47,0.6126,0.1652,14.41,32.03
2024-11-10 20:00:00,80370.01,3183.21,0.5884,627.33,210.07,0.5901,0.1639,14.25,31.89
2024-11-11 00:00:00,81612.23,3195.07,0.5943,637.61,210.0,0.5982,0.1657,14.43,32.24
2024-11-11 04:00:00,81109.1,3140.16,0.5773,615.99,208.01,0.5734,0.1644,13.81,31.34
2024-11-11 08:00:00,82134.0,3197.79,0.5874,626.1,217.62,0.5968,0.1652,14.13,32.15
2024-11-11 12:00:00,84059.54,3236.98,0.5904,625.85,219.0,0.6011,0.1654,14.31,32.48
2024-11-11 16:00:00,86102.21,3300.2,0.5987,635.17,217.82,0.5972,0.1667,14.56,33.96
2024-11-11 20:00:00,88647.99,3371.59,0.6207,659.63,222.13,0.6132,0.1677,14.91,35.71
2024-11-12 00:00:00,88047.46,3335.6,0.6059,653.81,220.64,0.5931,0.1683,14.77,35.97
2024-11-12 04:00:00,88983.35,3368.72,0.6158,648.57,221.84,0.6113,0.1682,14.84,36.42
2024-11-12 08:00:00,87155.55,3282.42,0.6472,626.52,211.13,0.5852,0.1766,14.2,34.43
2024-11-12 12:00:00,86632.0,3261.65,0.6787,625.44,210.53,0.5708,0.1793,13.94,33.89
2024-11-12 16:00:00,88704.28,3272.82,0.6924,628.3,213.17,0.5765,0.1878,14.13,34.24
2024-11-12 20:00:00,87952.01,3243.8,0.704,625.33,211.64,0.5709,0.1873,13.95,33.96
2024-11-13 00:00:00,87136.0,3207.99,0.667,606.1,203.18,0.5352,0.1782,13.4,32.36
2024-11-13 04:00:00,87356.0,3160.89,0.6609,607.52,205.22,0.534,0.1778,13.38,32.05
2024-11-13 08:00:00,87669.39,3168.0,0.6765,610.08,207.71,0.5378,0.1758,13.49,32.23
2024-11-13 12:00:00,92540.01,3309.28,0.7125,628.82,216.4,0.5952,0.1811,14.22,34.74
2024-11-13 16:00:00,90193.51,3158.81,0.6812,612.01,210.87,0.5699,0.1758,13.29,32.47
2024-11-13 20:00:00,90375.2,3187.16,0.6898,620.68,215.13,0.5783,0.177,13.48,33.12
2024-11-14 00:00:00,89937.02,3217.21,0.6969,626.51,219.44,0.5727,0.1783,13.49,33.34
2024-11-14 04:00:00,90769.42,3217.62,0.6985,659.82,218.12,0.581,0.18,13.61,33.75
2024-11-14 08:00:00,91491.86,3185.23,0.718,632.48,216.04,0.5679,0.1805,13.29,32.48
2024-11-14 12:00:00,87947.99,3077.68,0.7136,628.18,210.84,0.5482,0.1777,12.97,31.77
2024-11-14 16:00:00,89463.99,3145.41,0.7902,637.37,215.62,0.565,0.1788,13.3,32.3
2024-11-14 20:00:00,87325.59,3058.82,0.7736,622.3,209.57,0.5792,0.1765,13.0,31.21
2024-11-15 00:00:00,88218.21,3082.44,0.8208,623.5,209.02,0.5943,0.1783,13.1,31.59
2024-11-15 04:00:00,87612.0,3039.48,0.7858,615.26,209.18,0.5897,0.1792,13.12,31.6
2024-11-15 08:00:00,89741.25,3104.29,0.8271,624.19,213.58,0.6135,0.1838,13.49,32.43
2024-11-15 12:00:00,88445.41,3023.73,0.8659,606.84,208.32,0.6472,0.1839,13.19,31.41
2024-11-15 16:00:00,90377.89,3039.58,0.8979,612.62,212.38,0.6779,0.1876,13.47,32.45
2024-11-15 20:00:00,91032.07,3090.01,0.8922,619.37,218.45,0.7071,0.1912,13.84,33.13
2024-11-16 00:00:00,91252.03,3154.78,0.908,624.67,221.35,0.7459,0.19,14.25,34.36
2024-11-16 04:00:00,91117.53,3106.66,0.972,623.26,218.91,0.7254,0.1912,14.03,34.27
2024-11-16 08:00:00,91169.69,3195.34,1.0493,630.5,218.9,0.7524,0.1982,14.45,35.32
2024-11-16 12:00:00,90521.2,3141.11,1.1096,623.39,215.03,0.7454,0.1992,14.15,34.57
2024-11-16 16:00:00,91100.24,3169.01,1.1862,629.79,216.27,0.7588,0.203,14.74,35.21
2024-11-16 20:00:00,90586.92,3132.87,1.1209,622.69,215.71,0.7416,0.2002,14.52,35.14
2024-11-17 00:00:00,90247.86,3080.68,1.0607,614.2,221.37,0.7149,0.1951,14.13,34.42
2024-11-17 04:00:00,90550.8,3136.79,1.0681,638.7,237.23,0.7178,0.1969,14.42,36.5
2024-11-17 08:00:00,90684.19,3105.52,1.0366,628.51,234.81,0.708,0.1943,14.03,36.34
2024-11-17 12:00:00,90260.01,3086.21,1.0839,624.8,233.96,0.7254,0.1966,13.93,36.56
2024-11-17 16:00:00,90044.0,3097.74,1.0352,619.91,235.4,0.7162,0.1971,13.87,35.27
2024-11-17 20:00:00,89855.99,3076.0,1.0543,618.9,237.47,0.7026,0.1993,13.78,34.71
2024-11-18 00:00:00,90668.58,3111.96,1.118,628.1,244.18,0.737,0.2034,14.37,35.61
2024-11-18 04:00:00,91719.9,3130.55,1.1701,626.43,242.05,0.7612,0.2044,14.86,35.92
2024-11-18 08:00:00,90275.13,3056.28,1.1193,615.87,242.5,0.7346,0.2004,14.34,34.76
2024-11-18 12:00:00,92309.51,3143.41,1.1665,624.25,243.33,0.7649,0.2053,15.15,35.53
2024-11-18 16:00:00,90608.26,3127.17,1.0895,616.61,236.28,0.7364,0.2028,14.94,34.84
2024-11-18 20:00:00,90464.08,3207.8,1.1137,618.93,239.79,0.7325,0.2022,15.26,35.48
2024-11-19 00:00:00,91428.0,3148.5,1.1377,618.41,240.61,0.7527,0.2045,15.07,35.22
2024-11-19 04:00:00,91620.01,3118.08,1.1023,617.5,243.32,0.755,0.205,14.84,35.05
2024-11-19 08:00:00,91652.02,3126.51,1.1004,618.24,246.07,0.7379,0.2048,15.0,34.86
2024-11-19 12:00:00,92391.99,3104.36,1.0963,615.13,240.58,0.7296,0.2018,14.76,34.41
2024-11-19 16:00:00,93227.87,3122.19,1.1056,616.17,243.54,0.7462,0.2022,14.88,34.75
2024-11-19 20:00:00,92310.79,3107.44,1.1003,615.5,237.63,0.7387,0.1995,14.62,34.2
2024-11-20 00:00:00,92039.99,3096.0,1.0784,611.01,233.81,0.7702,0.1963,14.41,33.56
2024-11-20 04:00:00,92850.38,3109.54,1.0814,612.79,235.94,0.789,0.1976,14.46,33.99
2024-11-20 08:00:00,93454.65,3099.82,1.1202,612.18,237.55,0.8258,0.1977,14.67,34.8
2024-11-20 12:00:00,94739.97,3130.0,1.1208,615.12,238.37,0.8349,0.1981,15.0,34.87
2024-11-20 16:00:00,94000.0,3058.05,1.0832,604.34,233.0,0.7987,0.1941,14.16,33.19
2024-11-20 20:00:00,94286.56,3069.97,1.1041,605.39,235.48,0.8003,0.1947,14.24,33.59
2024-11-21 00:00:00,95798.12,3081.98,1.0957,601.97,235.82,0.776,0.1952,14.14,33.09
2024-11-21 04:00:00,96912.01,3137.02,1.1097,612.49,241.47,0.785,0.1985,14.67,34.3
2024-11-21 08:00:00,97974.99,3147.75,1.1109,609.74,239.97,0.7858,0.199,14.63,34.07
2024-11-21 12:00:00,96672.0,3277.03,1.1034,616.72,248.86,0.7791,0.1981,14.81,34.98
2024-11-21 16:00:00,97829.83,3347.0,1.1717,624.58,253.93,0.796,0.1989,14.9,35.71
2024-11-21 20:00:00,98317.12,3355.81,1.247,621.86,256.37,0.8218,0.1985,14.89,35.84
2024-11-22 00:00:00,98836.5,3365.8,1.3841,635.41,262.48,0.8705,0.2006,15.08,36.17
2024-11-22 04:00:00,99173.7,3362.66,1.3635,627.39,259.22,0.8554,0.1983,15.22,35.74
2024-11-22 08:00:00,98870.38,3344.75,1.4658,625.18,259.26,0.9139,0.1998,15.34,38.09
2024-11-22 12:00:00,98664.0,3314.15,1.4416,624.6,256.38,0.9262,0.1999,15.41,39.51
2024-11-22 16:00:00,99079.74,3282.4,1.4363,621.93,254.04,0.9675,0.2004,15.26,39.5
2024-11-22 20:00:00,98892.0,3327.78,1.4726,633.0,256.9,1.0175,0.2048,16.57,43.17
2024-11-23 00:00:00,98666.67,3345.51,1.5654,644.58,257.2,1.0921,0.2065,16.76,43.99
2024-11-23 04:00:00,98560.85,3341.34,1.5441,664.07,258.26,1.0943,0.2089,16.99,42.93
2024-11-23 08:00:00,98429.99,3354.65,1.5443,663.02,256.14,1.0849,0.2155,17.03,42.32
2024-11-23 12:00:00,98400.0,3460.33,1.5557,669.54,259.71,1.1032,0.2181,17.92,43.18
2024-11-23 16:00:00,97504.0,3407.83,1.4752,653.5,254.39,1.0668,0.2125,17.54,41.94
2024-11-23 20:00:00,97672.4,3393.91,1.4685,650.42,254.89,1.0658,0.212,17.38,41.44
2024-11-24 00:00:00,98200.1,3427.0,1.4724,659.29,258.57,1.0817,0.2153,18.07,42.42
2024-11-24 04:00:00,98431.05,3422.51,1.4649,672.81,256.63,1.0729,0.2169,17.79,42.31
2024-11-24 08:00:00,97280.03,3344.22,1.3833,651.59,248.39,1.0038,0.2071,16.7,40.06
2024-11-24 12:00:00,95901.51,3294.39,1.3077,642.42,244.17,0.9485,0.2017,16.33,38.78
2024-11-24 16:00:00,96320.02,3326.63,1.3791,650.63,248.58,0.9824,0.2048,17.01,40.19
2024-11-24 20:00:00,97900.04,3361.2,1.4331,659.65,252.73,1.0226,0.2085,17.91,42.06
2024-11-25 00:00:00,97898.8,3362.44,1.4027,658.73,252.46,1.0128,0.2084,17.8,41.31
2024-11-25 04:00:00,98047.34,3399.41,1.4793,661.19,253.28,1.0386,0.2091,18.3,44.98
2024-11-25 08:00:00,98188.09,3471.84,1.479,664.01,252.17,1.0484,0.2102,18.65,45.53
2024-11-25 12:00:00,96000.56,3518.41,1.423,648.63,244.97,1.0065,0.2,18.5,43.19
2024-11-25 16:00:00,94669.48,3464.0,1.475,643.41,239.65,1.0031,0.1985,17.87,42.05
2024-11-25 20:00:00,93010.01,3414.49,1.4142,636.2,234.18,0.9435,0.1959,17.34,41.31
2024-11-26 00:00:00,94464.0,3434.61,1.4468,642.79,237.45,0.9712,0.1983,17.55,41.7
2024-11-26 04:00:00,93785.71,3394.8,1.425,641.66,235.73,0.9594,0.1982,17.23,41.16
2024-11-26 08:00:00,92356.85,3323.01,1.3326,619.97,227.73,0.9051,0.1897,16.55,39.99
2024-11-26 12:00:00,92813.0,3296.32,1.3455,614.02,227.36,0.9067,0.1906,16.92,41.02
2024-11-26 16:00:00,91683.89,3300.61,1.3793,610.1,229.03,0.9409,0.1917,17.08,41.46
2024-11-26 20:00:00,91965.16,3324.73,1.3984,613.51,230.69,0.9603,0.1944,17.34,42.72
2024-11-27 00:00:00,92588.0,3361.03,1.3656,616.5,231.51,0.9483,0.1961,17.38,42.51
2024-11-27 04:00:00,93597.16,3424.11,1.4107,622.1,234.34,0.9829,0.2001,18.15,43.27
2024-11-27 08:00:00,93367.99,3460.43,1.4322,625.03,235.0,1.007,0.2001,18.12,43.48
2024-11-27 12:00:00,95556.01,3552.79,1.4955,636.5,240.59,1.0341,0.2017,18.06,43.75
2024-11-27 16:00:00,96627.99,3589.6,1.4843,638.5,239.07,1.0179,0.2007,18.05,43.16
2024-11-27 20:00:00,95863.11,3653.28,1.4696,644.14,241.96,1.0116,0.2011,18.66,43.78
2024-11-28 00:00:00,95471.43,3598.8,1.4644,652.06,240.01,1.0061,0.2,18.05,43.17
2024-11-28 04:00:00,95299.66,3592.4,1.464,649.84,238.02,0.9966,0.1994,17.89,42.65
2024-11-28 08:00:00,95452.01,3620.51,1.4649,659.97,236.9,0.9973,0.2005,18.01,42.25
2024-11-28 12:00:00,95007.14,3541.78,1.4343,646.05,233.06,0.9771,0.1999,17.5,41.66
2024-11-28 16:00:00,95119.48,3575.05,1.4778,657.51,235.47,1.0021,0.2027,17.82,42.46
2024-11-28 20:00:00,95643.98,3578.79,1.5421,653.83,237.59,1.0321,0.2032,17.93,42.77
2024-11-29 00:00:00,96590.36,3583.82,1.5519,657.71,241.98,1.0491,0.202,17.8,43.31
2024-11-29 04:00:00,95625.05,3544.49,1.5892,649.63,237.65,1.0455,0.2009,17.53,42.64
2024-11-29 08:00:00,97237.91,3594.74,1.6529,656.51,245.22,1.0644,0.2035,18.12,43.79
2024-11-29 12:00:00,98019.47,3613.95,1.7099,659.67,243.5,1.0752,0.2052,18.04,44.33
2024-11-29 16:00:00,97329.73,3582.79,1.7257,653.92,241.14,1.0509,0.2044,18.1,44.42
2024-11-29 20:00:00,97460.0,3592.21,1.8006,654.67,243.33,1.0755,0.2044,18.24,44.86
2024-11-30 00:00:00,96640.02,3657.12,1.8187,656.84,242.88,1.0695,0.2038,18.5,44.4
2024-11-30 04:00:00,96783.38,3703.07,1.9135,673.01,244.23,1.1297,0.2058,18.63,45.41
2024-11-30 08:00:00,96267.99,3653.69,1.8965,658.23,241.46,1.095,0.204,18.23,44.72
2024-11-30 12:00:00,96645.41,3674.0,1.8776,656.18,239.87,1.0922,0.2056,18.88,45.57
2024-11-30 16:00:00,97019.68,3689.56,1.8996,654.8,239.92,1.0858,0.2063,19.33,45.52
2024-11-30 20:00:00,96407.99,3703.6,1.9513,653.43,237.6,1.079,0.2049,19.0,44.81
2024-12-01 00:00:00,96336.75,3707.0,1.8912,651.78,235.67,1.051,0.2039,18.72,44.32
2024-12-01 04:00:00,96472.97,3702.31,1.8723,651.0,235.46,1.0561,0.2057,18.66,44.16
2024-12-01 08:00:00,97108.89,3692.42,1.9122,658.17,237.09,1.0715,0.2092,18.73,44.14
2024-12-01 12:00:00,97028.02,3728.59,1.9015,662.28,238.5,1.0735,0.2087,18.81,45.26
2024-12-01 16:00:00,97178.73,3707.96,2.1247,658.33,236.29,1.0939,0.2074,18.72,45.24
2024-12-01 20:00:00,97185.18,3707.61,2.2937,655.99,236.8,1.1496,0.2072,18.92,45.09
2024-12-02 00:00:00,96483.75,3685.01,2.3954,650.95,228.47,1.1394,0.2087,18.88,47.14
2024-12-02 04:00:00,95999.99,3666.88,2.4399,646.79,228.62,1.1412,0.2113,19.81,48.46
2024-12-02 08:00:00,95128.68,3588.99,2.3146,633.68,224.77,1.0727,0.2056,19.77,46.22
2024-12-02 12:00:00,97048.0,3672.13,2.7001,649.66,229.21,1.2061,0.2125,21.8,49.05
2024-12-02 16:00:00,95816.0,3612.17,2.7471,638.59,223.98,1.2187,0.2139,23.81,48.49
2024-12-02 20:00:00,95840.62,3643.42,2.7245,647.82,225.72,1.2022,0.221,25.23,52.27
2024-12-03 00:00:00,96079.36,3639.75,2.7724,651.93,227.95,1.298,0.2247,24.2,52.01
2024-12-03 04:00:00,95550.0,3616.85,2.6294,648.06,226.92,1.2687,0.2279,25.11,50.79
2024-12-03 08:00:00,94988.01,3613.81,2.8499,650.74,225.59,1.2843,0.2398,24.58,51.75
2024-12-03 12:00:00,95682.54,3571.79,2.5247,642.71,223.22,1.1974,0.2585,23.98,50.14
2024-12-03 16:00:00,95428.6,3577.34,2.5697,689.99,228.16,1.189,0.3058,24.31,50.3
2024-12-03 20:00:00,95849.69,3614.51,2.5102,734.64,233.92,1.1914,0.4334,24.09,50.9
2024-12-04 00:00:00,95770.32,3661.8,2.5445,753.36,237.7,1.2091,0.3889,24.0,51.88
2024-12-04 04:00:00,96588.81,3714.99,2.6218,764.7,236.58,1.2288,0.3915,24.45,54.49
2024-12-04 08:00:00,96190.41,3729.09,2.6096,782.05,235.98,1.2237,0.3883,24.61,53.93
2024-12-04 12:00:00,95742.81,3821.0,2.513,755.99,233.72,1.1905,0.3511,25.35,55.64
2024-12-04 16:00:00,97209.64,3841.15,2.3952,739.4,232.67,1.1901,0.343,24.93,54.43
2024-12-04 20:00:00,98587.32,3837.8,2.3574,739.53,229.15,1.1871,0.3306,24.07,52.76
2024-12-05 00:00:00,102964.0,3832.66,2.2552,714.29,232.93,1.1821,0.3163,23.58,50.95
2024-12-05 04:00:00,102236.1,3850.98,2.3752,729.61,233.89,1.206,0.3337,23.91,51.97
2024-12-05 08:00:00,102566.91,3930.98,2.4094,737.21,241.79,1.2237,0.3397,24.23,52.73
2024-12-05 12:00:00,101292.01,3888.0,2.375,724.25,239.06,1.2105,0.3307,24.26,52.25
2024-12-05 16:00:00,99028.0,3830.81,2.3373,716.31,233.07,1.1888,0.3231,23.68,51.72
2024-12-05 20:00:00,96945.63,3785.2,2.2446,717.1,235.84,1.1597,0.3223,23.15,50.3
2024-12-06 00:00:00,97735.29,3907.01,2.3093,729.35,241.98,1.1883,0.3225,24.01,51.61
2024-12-06 04:00:00,98138.54,3893.75,2.3196,725.25,239.3,1.1886,0.326,23.78,52.76
2024-12-06 08:00:00,98069.62,3867.02,2.2739,718.41,234.13,1.1618,0.3153,23.29,50.96
2024-12-06 12:00:00,99309.99,3993.02,2.3292,732.5,238.02,1.2059,0.3183,23.77,51.65
2024-12-06 16:00:00,101439.99,4067.62,2.3644,738.23,239.7,1.2243,0.3188,24.89,52.63
2024-12-06 20:00:00,99740.84,3998.87,2.4257,730.22,236.87,1.2278,0.3255,25.87,52.47
2024-12-07 00:00:00,99299.63,3986.87,2.415,735.51,234.86,1.2024,0.3233,26.6,51.84
2024-12-07 04:00:00,99405.2,3985.87,2.4073,738.45,236.21,1.2094,0.3246,25.37,51.49
2024-12-07 08:00:00,99620.0,3998.3,2.4299,746.04,238.15,1.206,0.3208,24.93,52.25
2024-12-07 12:00:00,99756.01,4004.71,2.5405,755.19,240.84,1.2194,0.3223,24.98,52.51
2024-12-07 16:00:00,100077.45,4012.19,2.5148,760.33,241.67,1.2081,0.3176,24.77,52.21
2024-12-07 20:00:00,99831.99,3996.22,2.6099,749.72,238.14,1.2103,0.3188,24.79,51.6
2024-12-08 00:00:00,99934.82,3989.28,2.5923,754.01,240.66,1.2084,0.3212,24.81,51.85
2024-12-08 04:00:00,99675.11,3980.6,2.5534,747.01,237.6,1.2022,0.3162,25.34,51.56
2024-12-08 08:00:00,99701.16,3971.84,2.539,738.3,235.96,1.2073,0.3135,26.62,51.46
2024-12-08 12:00:00,99912.01,3990.79,2.5409,740.22,237.35,1.1875,0.3171,26.23,52.22
2024-12-08 16:00:00,100100.98,3989.99,2.5805,739.9,236.51,1.182,0.317,25.94,52.81
2024-12-08 20:00:00,101109.59,4004.15,2.6013,742.0,237.02,1.1936,0.3183,26.09,53.98
2024-12-09 00:00:00,99090.84,3929.37,2.4701,721.61,231.83,1.1636,0.3087,26.62,51.72
2024-12-09 04:00:00,99576.51,3918.44,2.4421,720.51,231.59,1.1568,0.3046,26.2,51.41
2024-12-09 08:00:00,98088.47,3850.88,2.3724,715.65,225.99,1.1034,0.2937,24.62,49.25
2024-12-09 12:00:00,97812.0,3824.0,2.3879,715.3,224.29,1.1152,0.2917,24.38,49.02
2024-12-09 16:00:00,97070.32,3795.78,2.4087,717.34,221.95,1.107,0.2935,23.67,48.77
2024-12-09 20:00:00,97276.47,3712.0,2.2124,689.19,216.63,1.0034,0.2629,22.25,45.02
2024-12-10 00:00:00,96931.99,3682.4,2.1505,685.59,215.8,0.9913,0.2521,21.62,44.08
2024-12-10 04:00:00,97196.44,3734.55,2.2082,692.9,217.34,1.0152,0.2645,23.08,45.29
2024-12-10 08:00:00,97722.52,3750.11,2.2196,697.95,216.21,1.0188,0.2737,23.19,45.81
2024-12-10 12:00:00,95658.79,3567.75,2.0404,657.34,206.55,0.9487,0.2573,21.31,42.39
2024-12-10 16:00:00,95856.5,3628.82,2.124,672.6,212.1,0.9645,0.2608,21.43,43.58
2024-12-10 20:00:00,96593.0,3628.25,2.3709,676.8,213.6,1.0215,0.2694,22.12,44.6
2024-12-11 00:00:00,97398.43,3665.23,2.3005,678.98,219.39,1.0108,0.2695,22.44,44.27
2024-12-11 04:00:00,97334.6,3652.58,2.2882,677.37,218.44,0.9953,0.2685,22.22,43.99
2024-12-11 08:00:00,98292.61,3716.84,2.3607,688.9,224.79,1.0237,0.2735,22.85,45.39
2024-12-11 12:00:00,100361.64,3787.34,2.448,695.01,228.38,1.0945,0.2853,23.91,47.92
2024-12-11 16:00:00,101122.71,3803.91,2.4339,707.32,229.77,1.0813,0.2808,23.8,47.76
2024-12-11 20:00:00,101125.0,3831.81,2.3941,711.21,227.29,1.0868,0.2822,24.07,48.47
2024-12-12 00:00:00,101025.87,3935.0,2.4041,718.41,230.36,1.1309,0.2891,27.03,49.74
2024-12-12 04:00:00,100499.99,3905.4,2.4242,714.61,230.01,1.1575,0.2937,28.83,50.11
2024-12-12 08:00:00,100358.42,3913.38,2.4103,713.7,229.59,1.1405,0.2959,27.84,49.78
2024-12-12 12:00:00,101797.14,3957.67,2.4163,714.49,231.3,1.1381,0.2994,28.21,52.3
2024-12-12 16:00:00,99481.32,3871.14,2.3464,704.4,227.24,1.108,0.295,26.94,52.12
2024-12-12 20:00:00,100004.29,3881.61,2.3384,705.77,226.96,1.1231,0.2969,29.13,53.14
2024-12-13 00:00:00,99729.09,3932.83,2.351,709.31,227.17,1.1076,0.2927,30.15,52.56
2024-12-13 04:00:00,100130.0,3885.64,2.3157,701.59,224.81,1.0886,0.2865,28.9,51.77
2024-12-13 08:00:00,100353.37,3901.5,2.3347,715.62,225.61,1.0947,0.287,28.38,51.83
2024-12-13 12:00:00,99873.16,3886.21,2.399,708.36,221.13,1.0842,0.2853,27.61,51.17
2024-12-13 16:00:00,101462.34,3917.98,2.4198,727.52,223.28,1.1035,0.2891,28.1,51.4
2024-12-13 20:00:00,101424.25,3906.8,2.4217,725.72,224.79,1.1213,0.2906,28.99,52.78
2024-12-14 00:00:00,102088.0,3910.83,2.4627,731.0,226.23,1.1164,0.2915,29.44,52.63
2024-12-14 04:00:00,101824.0,3920.76,2.4879,728.46,225.97,1.1173,0.2945,29.51,52.59
2024-12-14 08:00:00,101583.99,3894.53,2.4308,719.84,224.36,1.098,0.295,29.78,52.98
2024-12-14 12:00:00,101625.12,3889.01,2.4053,715.47,222.56,1.0789,0.2831,30.36,51.35
2024-12-14 16:00:00,101313.54,3859.11,2.3955,710.95,218.03,1.0594,0.2812,29.2,50.04
2024-12-14 20:00:00,101420.0,3870.29,2.4005,715.79,219.93,1.061,0.2823,29.12,49.85
2024-12-15 00:00:00,101733.82,3874.48,2.4156,713.25,219.44,1.0619,0.2798,29.3,49.55
2024-12-15 04:00:00,101732.09,3845.2,2.3997,706.37,217.27,1.0489,0.2769,28.76,48.45
2024-12-15 08:00:00,102671.44,3877.61,2.4274,713.88,218.41,1.0781,0.282,28.8,49.48
2024-12-15 12:00:00,102704.01,3894.76,2.415,716.49,220.88,1.0874,0.2848,29.13,50.46
2024-12-15 16:00:00,103252.95,3904.09,2.4069,719.17,221.24,1.0866,0.2842,28.97,50.34
2024-12-15 20:00:00,104463.99,3959.09,2.4469,718.87,224.27,1.0996,0.2856,29.26,50.76
2024-12-16 00:00:00,104582.28,3942.6,2.4049,711.27,221.25,1.0739,0.282,28.66,49.96
2024-12-16 04:00:00,104992.79,3974.01,2.4047,715.45,223.13,1.0904,0.2843,29.28,49.86
2024-12-16 08:00:00,103757.99,3909.67,2.3504,705.17,214.1,1.0548,0.2776,29.82,48.59
2024-12-16 12:00:00,106332.01,3941.21,2.3742,718.41,216.98,1.0671,0.282,30.28,48.99
2024-12-16 16:00:00,106583.12,4056.88,2.475,726.71,218.33,1.1036,0.2986,29.52,50.04
2024-12-16 20:00:00,106058.66,3986.24,2.4841,720.58,216.19,1.0775,0.2967,28.73,48.98
2024-12-17 00:00:00,106866.49,4035.01,2.4842,722.1,215.45,1.0761,0.2948,28.76,49.25
2024-12-17 04:00:00,106805.75,3994.24,2.5352,716.09,215.57,1.0595,0.2896,28.12,48.81
2024-12-17 08:00:00,106808.31,3997.14,2.6889,720.31,221.59,1.0983,0.2937,28.4,50.21
2024-12-17 12:00:00,106478.47,3939.18,2.5964,730.11,220.53,1.0706,0.2841,27.61,48.8
2024-12-17 16:00:00,106475.89,3943.99,2.6007,723.77,227.45,1.0724,0.2857,27.73,48.85
2024-12-17 20:00:00,106133.74,3893.01,2.5673,717.69,223.15,1.0522,0.2796,27.86,47.92
2024-12-18 00:00:00,104763.98,3849.81,2.5239,711.87,217.5,1.0369,0.2757,27.67,46.97
2024-12-18 04:00:00,104250.75,3847.33,2.5092,713.31,215.91,1.0229,0.2728,27.18,46.45
2024-12-18 08:00:00,105028.33,3882.65,2.5816,719.29,217.85,1.0502,0.2751,27.92,47.23
2024-12-18 12:00:00,104428.54,3867.98,2.4714,712.93,217.73,1.0228,0.2725,27.08,46.28
2024-12-18 16:00:00,102817.82,3770.29,2.4024,705.0,211.69,1.0096,0.2676,26.41,45.26
2024-12-18 20:00:00,100204.01,3626.8,2.3103,686.38,206.53,0.9681,0.2581,24.86,42.78
2024-12-19 00:00:00,101193.15,3668.9,2.3532,700.68,208.84,0.9777,0.2619,24.89,42.98
2024-12-19 04:00:00,101656.57,3693.79,2.3805,701.86,211.81,0.9823,0.2646,24.91,43.03
2024-12-19 08:00:00,102449.99,3705.62,2.4103,704.17,210.48,0.9856,0.2658,25.41,43.24
2024-12-19 12:00:00,100679.86,3613.92,2.3278,689.9,205.44,0.9432,0.261,24.18,41.57
2024-12-19 16:00:00,97199.72,3439.44,2.2298,658.9,191.88,0.877,0.2488,22.32,38.63
2024-12-19 20:00:00,97461.86,3417.01,2.239,665.62,193.81,0.8806,0.2513,22.81,38.83
2024-12-20 00:00:00,97106.02,3413.87,2.3298,674.49,196.36,0.9049,0.2526,23.19,39.53
2024-12-20 04:00:00,97832.53,3390.48,2.2894,672.68,191.37,0.8889,0.2497,22.64,39.14
2024-12-20 08:00:00,92723.98,3104.56,1.9678,620.25,176.01,0.7624,0.2247,20.04,33.68
2024-12-20 12:00:00,96991.62,3374.61,2.2146,666.53,189.89,0.8763,0.2433,22.7,38.02
2024-12-20 16:00:00,97116.0,3479.35,2.2785,672.05,191.63,0.911,0.2477,23.3,39.12
2024-12-20 20:00:00,97805.44,3472.21,2.2793,678.6,194.48,0.9501,0.2486,23.39,39.86
2024-12-21 00:00:00,97487.46,3467.64,2.2996,681.0,194.28,0.9483,0.2487,23.15,39.84
2024-12-21 04:00:00,99040.0,3523.46,2.3539,688.92,198.81,0.9888,0.2553,24.54,41.85
2024-12-21 08:00:00,98262.08,3442.23,2.3073,676.93,192.94,0.9597,0.2513,23.82,40.61
2024-12-21 12:00:00,97527.97,3390.4,2.258,667.27,186.65,0.9212,0.2462,22.88,38.62
2024-12-21 16:00:00,97269.03,3359.89,2.2424,659.39,181.52,0.9043,0.2436,22.33,37.74
2024-12-21 20:00:00,97291.99,3338.92,2.238,663.49,181.45,0.9052,0.2449,22.13,37.42
2024-12-22 00:00:00,96994.37,3356.38,2.2399,664.07,182.56,0.9001,0.246,22.19,37.54
2024-12-22 04:00:00,96210.24,3332.4,2.2288,658.63,184.32,0.8904,0.2452,21.96,37.62
2024-12-22 08:00:00,97101.28,3381.03,2.2597,666.67,186.69,0.9125,0.2481,22.46,38.04
2024-12-22 12:00:00,95377.72,3302.38,2.2197,656.6,181.87,0.8876,0.2458,21.8,37.02
2024-12-22 16:00:00,94836.55,3247.14,2.19,644.88,178.49,0.8749,0.2436,21.65,36.16
2024-12-22 20:00:00,95186.27,3281.83,2.2031,649.77,180.52,0.8834,0.2442,22.08,36.57
2024-12-23 00:00:00,96025.15,3351.0,2.2177,664.52,186.24,0.9089,0.2485,23.09,37.79
2024-12-23 04:00:00,95404.01,3305.2,2.1792,662.09,182.25,0.8857,0.2472,22.65,36.32
2024-12-23 08:00:00,95932.42,3339.54,2.2013,673.96,183.59,0.8949,0.2495,23.11,36.87
2024-12-23 12:00:00,93250.37,3277.2,2.1432,671.82,180.87,0.8656,0.2476,22.15,35.77
2024-12-23 16:00:00,93044.79,3338.21,2.183,685.14,187.43,0.8908,0.25,22.94,36.94
2024-12-23 20:00:00,94881.47,3422.53,2.2617,694.16,190.11,0.9264,0.2526,24.55,39.11
2024-12-24 00:00:00,94348.75,3396.94,2.2489,692.7,189.97,0.9117,0.2522,24.14,38.57
2024-12-24 04:00:00,94233.19,3401.22,2.247,692.8,191.51,0.8994,0.2512,23.87,38.55
2024-12-24 08:00:00,94398.6,3414.56,2.2451,686.56,192.95,0.9039,0.2522,24.22,39.63
2024-12-24 12:00:00,98300.0,3493.07,2.3221,695.36,197.79,0.9446,0.2584,24.64,40.9
2024-12-24 16:00:00,97581.09,3465.52,2.306,692.48,195.25,0.9258,0.2561,25.05,40.89
2024-12-24 20:00:00,98663.58,3493.18,2.3238,696.9,197.09,0.9358,0.2564,25.42,41.25
2024-12-25 00:00:00,98029.48,3478.23,2.2979,703.67,199.87,0.9251,0.2564,24.65,41.13
2024-12-25 04:00:00,98084.33,3489.22,2.2849,702.29,198.13,0.9164,0.2564,24.76,40.88
2024-12-25 08:00:00,97907.61,3471.04,2.2714,704.06,195.79,0.9115,0.2567,24.52,40.46
2024-12-25 12:00:00,98519.98,3472.99,2.2795,703.6,198.27,0.9128,0.2567,24.68,40.56
2024-12-25 16:00:00,99018.52,3481.21,2.3067,704.81,199.25,0.9168,0.2581,24.74,40.56
2024-12-25 20:00:00,99429.6,3497.0,2.2973,702.72,197.44,0.9176,0.258,24.44,40.25
2024-12-26 00:00:00,98995.17,3455.71,2.2713,706.32,196.62,0.9002,0.2572,23.94,39.58
2024-12-26 04:00:00,97719.99,3422.0,2.2414,706.81,193.43,0.8857,0.2545,23.42,38.71
2024-12-26 08:00:00,95695.81,3373.28,2.1905,696.29,189.8,0.8718,0.2523,23.05,37.98
2024-12-26 12:00:00,96042.88,3344.13,2.166,691.7,188.7,0.8668,0.2518,22.75,37.68
2024-12-26 16:00:00,96102.25,3339.75,2.1671,692.22,189.17,0.8647,0.2525,22.82,37.62
2024-12-26 20:00:00,95791.6,3335.05,2.1559,689.4,188.46,0.8611,0.2537,22.68,37.33
2024-12-27 00:00:00,96417.84,3379.4,2.1754,689.15,189.44,0.871,0.2561,23.0,37.58
2024-12-27 04:00:00,95104.76,3326.02,2.1435,692.25,186.67,0.8637,0.2564,22.6,37.2
2024-12-27 08:00:00,96952.38,3419.27,2.2146,706.04,191.32,0.9057,0.2632,23.44,38.52
2024-12-27 12:00:00,94573.75,3326.32,2.1448,688.78,184.13,0.8745,0.2592,22.31,36.68
2024-12-27 16:00:00,94750.0,3355.0,2.1791,694.9,186.9,0.8929,0.2602,22.23,37.19
2024-12-27 20:00:00,94299.03,3333.51,2.1466,691.85,184.22,0.8771,0.2594,21.57,36.56
2024-12-28 00:00:00,94594.91,3345.51,2.1553,697.07,185.03,0.8762,0.2612,21.39,36.68
2024-12-28 04:00:00,94381.99,3335.53,2.1579,696.08,185.13,0.8681,0.2584,21.07,36.41
2024-12-28 08:00:00,94754.83,3359.23,2.1698,703.76,187.19,0.874,0.2591,21.31,36.78
2024-12-28 12:00:00,94447.29,3368.38,2.173,721.6,190.18,0.8759,0.257,21.48,37.07
2024-12-28 16:00:00,95027.76,3400.87,2.1898,730.2,193.76,0.8844,0.2576,21.82,37.62
2024-12-28 20:00:00,95300.0,3404.0,2.1843,722.13,195.5,0.8895,0.2584,21.99,37.74
2024-12-29 00:00:00,95172.4,3382.98,2.1876,715.55,194.78,0.8925,0.2594,21.83,37.47
2024-12-29 04:00:00,95272.04,3407.61,2.1967,716.2,196.04,0.895,0.2628,21.93,37.67
2024-12-29 08:00:00,95032.57,3398.36,2.1774,710.84,196.09,0.8956,0.2603,21.51,37.09
2024-12-29 12:00:00,94511.12,3373.82,2.1648,710.61,195.14,0.8839,0.2622,21.44,36.58
2024-12-29 16:00:00,93612.89,3362.6,2.1432,701.04,192.71,0.8695,0.2603,21.27,36.21
2024-12-29 20:00:00,93738.2,3356.48,2.0942,694.71,189.94,0.859,0.2578,20.96,35.84
2024-12-30 00:00:00,93722.71,3403.76,2.1013,696.49,191.38,0.8728,0.259,21.11,36.42
2024-12-30 04:00:00,93731.65,3427.0,2.0681,697.58,192.36,0.8698,0.2583,21.19,36.78
2024-12-30 08:00:00,93923.14,3424.13,2.0762,700.7,193.51,0.8716,0.257,21.23,36.73
2024-12-30 12:00:00,92130.21,3324.16,2.0244,695.16,187.32,0.8408,0.2511,20.31,35.15
2024-12-30 16:00:00,94417.04,3401.93,2.1041,710.21,196.21,0.8697,0.2552,21.09,36.94
2024-12-30 20:00:00,92792.05,3361.84,2.0587,705.36,191.38,0.8615,0.2534,20.58,35.97
2024-12-31 00:00:00,92509.59,3340.18,2.0208,706.92,189.96,0.8489,0.2526,20.26,35.22
2024-12-31 04:00:00,92860.75,3353.64,2.0335,701.16,190.07,0.8462,0.253,20.32,35.3
2024-12-31 08:00:00,94232.68,3394.73,2.0753,704.28,193.79,0.8576,0.2557,20.54,36.2
2024-12-31 12:00:00,95412.0,3412.85,2.1285,710.56,198.44,0.8697,0.2567,20.82,36.79
2024-12-31 16:00:00,94166.88,3355.38,2.0918,703.39,193.81,0.8494,0.2552,20.09,36.0
2024-12-31 20:00:00,93576.0,3337.78,2.0836,702.3,189.31,0.8451,0.2548,20.01,35.71
2025-01-01 00:00:00,93838.04,3355.2,2.1069,705.58,190.43,0.8522,0.256,20.07,35.62
