Frequency,Asset,Model,Value,What
1h,BTCUSDT_1h,MLPClassifier,0.4202326351581285,F1 VALIDATION
1h,BTCUSDT_1h,MLPClassifier,"{0: 0.5333333333333333, 1: 0.4666666666666667}",DESBALANCEO REAL VAL
1h,BTCUSDT_1h,MLPClassifier,"{1: 0.6916666666666667, 0: 0.30833333333333335}",DESBALANCEO PREDICCIÓN VAL
1h,BTCUSDT_1h,MLPClassifier,0.3843072622934665,F1 VALIDATION
1h,BTCUSDT_1h,MLPClassifier,"{0: 0.5333333333333333, 1: 0.4666666666666667}",DESBALANCEO REAL VAL
1h,BTCUSDT_1h,MLPClassifier,"{1: 0.6416666666666667, 0: 0.35833333333333334}",DESBALANCEO PREDICCIÓN VAL
1h,BTCUSDT_1h,MLPClassifier,0.3399401053233423,F1 VALIDATION
1h,BTCUSDT_1h,MLPClassifier,"{0: 0.5333333333333333, 1: 0.4666666666666667}",DESBALANCEO REAL VAL
1h,BTCUSDT_1h,MLPClassifier,{1: 1.0},DESBALANCEO PREDICCIÓN VAL
1h,BTCUSDT_1h,MLPClassifier,0.4064901241848423,F1 VALIDATION
1h,BTCUSDT_1h,MLPClassifier,"{0: 0.5333333333333333, 1: 0.4666666666666667}",DESBALANCEO REAL VAL
1h,BTCUSDT_1h,MLPClassifier,"{1: 0.7833333333333333, 0: 0.21666666666666667}",DESBALANCEO PREDICCIÓN VAL
1h,BTCUSDT_1h,MLPClassifier,0.4606551930156913,F1 VALIDATION
1h,BTCUSDT_1h,MLPClassifier,"{0: 0.5333333333333333, 1: 0.4666666666666667}",DESBALANCEO REAL VAL
1h,BTCUSDT_1h,MLPClassifier,"{1: 0.675, 0: 0.325}",DESBALANCEO PREDICCIÓN VAL
1h,BTCUSDT_1h,MLPClassifier,0.33967919119204654,F1 VALIDATION
1h,BTCUSDT_1h,MLPClassifier,"{0: 0.5333333333333333, 1: 0.4666666666666667}",DESBALANCEO REAL VAL
1h,BTCUSDT_1h,MLPClassifier,{1: 1.0},DESBALANCEO PREDICCIÓN VAL
1h,BTCUSDT_1h,MLPClassifier,0.4220255449097031,F1 VALIDATION
1h,BTCUSDT_1h,MLPClassifier,"{0: 0.5333333333333333, 1: 0.4666666666666667}",DESBALANCEO REAL VAL
1h,BTCUSDT_1h,MLPClassifier,"{1: 0.9333333333333333, 0: 0.06666666666666667}",DESBALANCEO PREDICCIÓN VAL
1h,BTCUSDT_1h,MLPClassifier,0.4636244571803962,F1 VALIDATION
1h,BTCUSDT_1h,MLPClassifier,"{0: 0.5333333333333333, 1: 0.4666666666666667}",DESBALANCEO REAL VAL
1h,BTCUSDT_1h,MLPClassifier,"{1: 0.8333333333333334, 0: 0.16666666666666666}",DESBALANCEO PREDICCIÓN VAL
1h,BTCUSDT_1h,MLPClassifier,0.3399401053233423,F1 VALIDATION
1h,BTCUSDT_1h,MLPClassifier,"{0: 0.5333333333333333, 1: 0.4666666666666667}",DESBALANCEO REAL VAL
1h,BTCUSDT_1h,MLPClassifier,{1: 1.0},DESBALANCEO PREDICCIÓN VAL
1h,BTCUSDT_1h,MLPClassifier,0.48633041732443044,F1 VALIDATION
1h,BTCUSDT_1h,MLPClassifier,"{0: 0.5333333333333333, 1: 0.4666666666666667}",DESBALANCEO REAL VAL
1h,BTCUSDT_1h,MLPClassifier,"{1: 0.8916666666666667, 0: 0.10833333333333334}",DESBALANCEO PREDICCIÓN VAL
1h,BTCUSDT_1h,MLPClassifier,0.5288209108549252,FINAL TEST
1h,BTCUSDT_1h,MLPClassifier,0.3459011497685531,F1 FINAL TEST
1h,BTCUSDT_1h,MLPClassifier,"{1: 0.5288209108549252, 0: 0.4711790891450748}",DESBALANCEO REAL
1h,BTCUSDT_1h,MLPClassifier,{1: 1.0},DESBALANCEO PREDICCIÓN
1h,ETHUSDT_1h,MLPClassifier,0.46199458753618095,F1 VALIDATION
1h,ETHUSDT_1h,MLPClassifier,"{0: 0.5416666666666666, 1: 0.4583333333333333}",DESBALANCEO REAL VAL
1h,ETHUSDT_1h,MLPClassifier,"{1: 0.9916666666666667, 0: 0.008333333333333333}",DESBALANCEO PREDICCIÓN VAL
1h,ETHUSDT_1h,MLPClassifier,0.48136709462921556,F1 VALIDATION
1h,ETHUSDT_1h,MLPClassifier,"{0: 0.5416666666666666, 1: 0.4583333333333333}",DESBALANCEO REAL VAL
1h,ETHUSDT_1h,MLPClassifier,"{1: 0.5583333333333333, 0: 0.44166666666666665}",DESBALANCEO PREDICCIÓN VAL
1h,ETHUSDT_1h,MLPClassifier,0.43084823509918274,F1 VALIDATION
1h,ETHUSDT_1h,MLPClassifier,"{0: 0.5416666666666666, 1: 0.4583333333333333}",DESBALANCEO REAL VAL
1h,ETHUSDT_1h,MLPClassifier,"{1: 0.8333333333333334, 0: 0.16666666666666666}",DESBALANCEO PREDICCIÓN VAL
1h,ETHUSDT_1h,MLPClassifier,0.5205955162165731,F1 VALIDATION
1h,ETHUSDT_1h,MLPClassifier,"{0: 0.5416666666666666, 1: 0.4583333333333333}",DESBALANCEO REAL VAL
1h,ETHUSDT_1h,MLPClassifier,"{1: 0.6416666666666667, 0: 0.35833333333333334}",DESBALANCEO PREDICCIÓN VAL
1h,ETHUSDT_1h,MLPClassifier,0.48173718663167386,F1 VALIDATION
1h,ETHUSDT_1h,MLPClassifier,"{0: 0.5416666666666666, 1: 0.4583333333333333}",DESBALANCEO REAL VAL
1h,ETHUSDT_1h,MLPClassifier,{1: 1.0},DESBALANCEO PREDICCIÓN VAL
1h,ETHUSDT_1h,MLPClassifier,0.46246820566099534,F1 VALIDATION
1h,ETHUSDT_1h,MLPClassifier,"{0: 0.5416666666666666, 1: 0.4583333333333333}",DESBALANCEO REAL VAL
1h,ETHUSDT_1h,MLPClassifier,"{1: 0.9833333333333333, 0: 0.016666666666666666}",DESBALANCEO PREDICCIÓN VAL
1h,ETHUSDT_1h,MLPClassifier,0.41489511924447475,F1 VALIDATION
1h,ETHUSDT_1h,MLPClassifier,"{0: 0.5416666666666666, 1: 0.4583333333333333}",DESBALANCEO REAL VAL
1h,ETHUSDT_1h,MLPClassifier,"{1: 0.7833333333333333, 0: 0.21666666666666667}",DESBALANCEO PREDICCIÓN VAL
1h,ETHUSDT_1h,MLPClassifier,0.5245732856707971,F1 VALIDATION
1h,ETHUSDT_1h,MLPClassifier,"{0: 0.5416666666666666, 1: 0.4583333333333333}",DESBALANCEO REAL VAL
1h,ETHUSDT_1h,MLPClassifier,"{1: 0.6166666666666667, 0: 0.38333333333333336}",DESBALANCEO PREDICCIÓN VAL
1h,ETHUSDT_1h,MLPClassifier,0.4472529284181103,F1 VALIDATION
1h,ETHUSDT_1h,MLPClassifier,"{0: 0.5416666666666666, 1: 0.4583333333333333}",DESBALANCEO REAL VAL
1h,ETHUSDT_1h,MLPClassifier,"{1: 0.5166666666666667, 0: 0.48333333333333334}",DESBALANCEO PREDICCIÓN VAL
1h,ETHUSDT_1h,MLPClassifier,0.5048795133797548,F1 VALIDATION
1h,ETHUSDT_1h,MLPClassifier,"{0: 0.5416666666666666, 1: 0.4583333333333333}",DESBALANCEO REAL VAL
1h,ETHUSDT_1h,MLPClassifier,"{0: 0.55, 1: 0.45}",DESBALANCEO PREDICCIÓN VAL
1h,ETHUSDT_1h,MLPClassifier,0.49286611117452345,FINAL TEST
1h,ETHUSDT_1h,MLPClassifier,0.35100895904916984,F1 FINAL TEST
1h,ETHUSDT_1h,MLPClassifier,"{1: 0.5111288665677434, 0: 0.4888711334322566}",DESBALANCEO REAL
1h,ETHUSDT_1h,MLPClassifier,"{0: 0.9786554046341742, 1: 0.02134459536582582}",DESBALANCEO PREDICCIÓN
1h,XRPUSDT_1h,MLPClassifier,0.4237039305569591,F1 VALIDATION
1h,XRPUSDT_1h,MLPClassifier,"{0: 0.5583333333333333, 1: 0.44166666666666665}",DESBALANCEO REAL VAL
1h,XRPUSDT_1h,MLPClassifier,{1: 1.0},DESBALANCEO PREDICCIÓN VAL
1h,XRPUSDT_1h,MLPClassifier,0.46070231544246953,F1 VALIDATION
1h,XRPUSDT_1h,MLPClassifier,"{0: 0.5583333333333333, 1: 0.44166666666666665}",DESBALANCEO REAL VAL
1h,XRPUSDT_1h,MLPClassifier,"{0: 0.7416666666666667, 1: 0.25833333333333336}",DESBALANCEO PREDICCIÓN VAL
1h,XRPUSDT_1h,MLPClassifier,0.49225032428919135,F1 VALIDATION
1h,XRPUSDT_1h,MLPClassifier,"{0: 0.5583333333333333, 1: 0.44166666666666665}",DESBALANCEO REAL VAL
1h,XRPUSDT_1h,MLPClassifier,"{0: 0.5666666666666667, 1: 0.43333333333333335}",DESBALANCEO PREDICCIÓN VAL
1h,XRPUSDT_1h,MLPClassifier,0.5398734849076398,F1 VALIDATION
1h,XRPUSDT_1h,MLPClassifier,"{0: 0.5583333333333333, 1: 0.44166666666666665}",DESBALANCEO REAL VAL
1h,XRPUSDT_1h,MLPClassifier,"{0: 0.5, 1: 0.5}",DESBALANCEO PREDICCIÓN VAL
1h,XRPUSDT_1h,MLPClassifier,0.4190442228544372,F1 VALIDATION
1h,XRPUSDT_1h,MLPClassifier,"{0: 0.5583333333333333, 1: 0.44166666666666665}",DESBALANCEO REAL VAL
1h,XRPUSDT_1h,MLPClassifier,"{0: 0.9333333333333333, 1: 0.06666666666666667}",DESBALANCEO PREDICCIÓN VAL
1h,XRPUSDT_1h,MLPClassifier,0.4630891504850451,F1 VALIDATION
1h,XRPUSDT_1h,MLPClassifier,"{0: 0.5583333333333333, 1: 0.44166666666666665}",DESBALANCEO REAL VAL
1h,XRPUSDT_1h,MLPClassifier,"{0: 0.7916666666666666, 1: 0.20833333333333334}",DESBALANCEO PREDICCIÓN VAL
1h,XRPUSDT_1h,MLPClassifier,0.4101700424532539,F1 VALIDATION
1h,XRPUSDT_1h,MLPClassifier,"{0: 0.5583333333333333, 1: 0.44166666666666665}",DESBALANCEO REAL VAL
1h,XRPUSDT_1h,MLPClassifier,{1: 1.0},DESBALANCEO PREDICCIÓN VAL
1h,XRPUSDT_1h,MLPClassifier,0.5096454334645015,F1 VALIDATION
1h,XRPUSDT_1h,MLPClassifier,"{0: 0.5583333333333333, 1: 0.44166666666666665}",DESBALANCEO REAL VAL
1h,XRPUSDT_1h,MLPClassifier,"{1: 0.6416666666666667, 0: 0.35833333333333334}",DESBALANCEO PREDICCIÓN VAL
1h,XRPUSDT_1h,MLPClassifier,0.5182324542612797,F1 VALIDATION
1h,XRPUSDT_1h,MLPClassifier,"{0: 0.5583333333333333, 1: 0.44166666666666665}",DESBALANCEO REAL VAL
1h,XRPUSDT_1h,MLPClassifier,"{0: 0.85, 1: 0.15}",DESBALANCEO PREDICCIÓN VAL
1h,XRPUSDT_1h,MLPClassifier,0.49941816224149366,F1 VALIDATION
1h,XRPUSDT_1h,MLPClassifier,"{0: 0.5583333333333333, 1: 0.44166666666666665}",DESBALANCEO REAL VAL
1h,XRPUSDT_1h,MLPClassifier,"{0: 0.525, 1: 0.475}",DESBALANCEO PREDICCIÓN VAL
1h,XRPUSDT_1h,MLPClassifier,0.500285355553019,FINAL TEST
1h,XRPUSDT_1h,MLPClassifier,0.34940965303121896,F1 FINAL TEST
1h,XRPUSDT_1h,MLPClassifier,"{1: 0.5010843511014724, 0: 0.4989156488985276}",DESBALANCEO REAL
1h,XRPUSDT_1h,MLPClassifier,"{1: 0.9804816801734961, 0: 0.019518319826503823}",DESBALANCEO PREDICCIÓN
1h,BNBUSDT_1h,MLPClassifier,0.44458556462137544,F1 VALIDATION
1h,BNBUSDT_1h,MLPClassifier,"{0: 0.5333333333333333, 1: 0.4666666666666667}",DESBALANCEO REAL VAL
1h,BNBUSDT_1h,MLPClassifier,"{1: 0.7083333333333334, 0: 0.2916666666666667}",DESBALANCEO PREDICCIÓN VAL
1h,BNBUSDT_1h,MLPClassifier,0.3409388237614686,F1 VALIDATION
1h,BNBUSDT_1h,MLPClassifier,"{0: 0.5333333333333333, 1: 0.4666666666666667}",DESBALANCEO REAL VAL
1h,BNBUSDT_1h,MLPClassifier,{1: 1.0},DESBALANCEO PREDICCIÓN VAL
1h,BNBUSDT_1h,MLPClassifier,0.4327110861459971,F1 VALIDATION
1h,BNBUSDT_1h,MLPClassifier,"{0: 0.5333333333333333, 1: 0.4666666666666667}",DESBALANCEO REAL VAL
1h,BNBUSDT_1h,MLPClassifier,"{1: 0.6833333333333333, 0: 0.31666666666666665}",DESBALANCEO PREDICCIÓN VAL
1h,BNBUSDT_1h,MLPClassifier,0.49756796077940296,F1 VALIDATION
1h,BNBUSDT_1h,MLPClassifier,"{0: 0.5333333333333333, 1: 0.4666666666666667}",DESBALANCEO REAL VAL
1h,BNBUSDT_1h,MLPClassifier,"{1: 0.55, 0: 0.45}",DESBALANCEO PREDICCIÓN VAL
1h,BNBUSDT_1h,MLPClassifier,0.3739180866467214,F1 VALIDATION
1h,BNBUSDT_1h,MLPClassifier,"{0: 0.5333333333333333, 1: 0.4666666666666667}",DESBALANCEO REAL VAL
1h,BNBUSDT_1h,MLPClassifier,{1: 1.0},DESBALANCEO PREDICCIÓN VAL
1h,BNBUSDT_1h,MLPClassifier,0.46365780476201923,F1 VALIDATION
1h,BNBUSDT_1h,MLPClassifier,"{0: 0.5333333333333333, 1: 0.4666666666666667}",DESBALANCEO REAL VAL
1h,BNBUSDT_1h,MLPClassifier,"{1: 0.9916666666666667, 0: 0.008333333333333333}",DESBALANCEO PREDICCIÓN VAL
1h,BNBUSDT_1h,MLPClassifier,0.34069547775386405,F1 VALIDATION
1h,BNBUSDT_1h,MLPClassifier,"{0: 0.5333333333333333, 1: 0.4666666666666667}",DESBALANCEO REAL VAL
1h,BNBUSDT_1h,MLPClassifier,{1: 1.0},DESBALANCEO PREDICCIÓN VAL
1h,BNBUSDT_1h,MLPClassifier,0.47236192272937216,F1 VALIDATION
1h,BNBUSDT_1h,MLPClassifier,"{0: 0.5333333333333333, 1: 0.4666666666666667}",DESBALANCEO REAL VAL
1h,BNBUSDT_1h,MLPClassifier,"{1: 0.625, 0: 0.375}",DESBALANCEO PREDICCIÓN VAL
1h,BNBUSDT_1h,MLPClassifier,0.4130270149646565,F1 VALIDATION
1h,BNBUSDT_1h,MLPClassifier,"{0: 0.5333333333333333, 1: 0.4666666666666667}",DESBALANCEO REAL VAL
1h,BNBUSDT_1h,MLPClassifier,{1: 1.0},DESBALANCEO PREDICCIÓN VAL
1h,BNBUSDT_1h,MLPClassifier,0.4560200641158148,F1 VALIDATION
1h,BNBUSDT_1h,MLPClassifier,"{0: 0.5333333333333333, 1: 0.4666666666666667}",DESBALANCEO REAL VAL
1h,BNBUSDT_1h,MLPClassifier,"{1: 0.7916666666666666, 0: 0.20833333333333334}",DESBALANCEO PREDICCIÓN VAL
1h,BNBUSDT_1h,MLPClassifier,0.502454057755964,FINAL TEST
1h,BNBUSDT_1h,MLPClassifier,0.48236315730939494,F1 FINAL TEST
1h,BNBUSDT_1h,MLPClassifier,"{1: 0.5252825019974888, 0: 0.4747174980025111}",DESBALANCEO REAL
1h,BNBUSDT_1h,MLPClassifier,"{0: 0.7222919758018491, 1: 0.2777080241981509}",DESBALANCEO PREDICCIÓN
1h,SOLUSDT_1h,MLPClassifier,0.4275726780546627,F1 VALIDATION
1h,SOLUSDT_1h,MLPClassifier,"{1: 0.5083333333333333, 0: 0.49166666666666664}",DESBALANCEO REAL VAL
1h,SOLUSDT_1h,MLPClassifier,"{0: 0.8583333333333333, 1: 0.14166666666666666}",DESBALANCEO PREDICCIÓN VAL
1h,SOLUSDT_1h,MLPClassifier,0.3866289538566232,F1 VALIDATION
1h,SOLUSDT_1h,MLPClassifier,"{1: 0.5083333333333333, 0: 0.49166666666666664}",DESBALANCEO REAL VAL
1h,SOLUSDT_1h,MLPClassifier,{0: 1.0},DESBALANCEO PREDICCIÓN VAL
1h,SOLUSDT_1h,MLPClassifier,0.5062606314437088,F1 VALIDATION
1h,SOLUSDT_1h,MLPClassifier,"{1: 0.5083333333333333, 0: 0.49166666666666664}",DESBALANCEO REAL VAL
1h,SOLUSDT_1h,MLPClassifier,"{0: 0.55, 1: 0.45}",DESBALANCEO PREDICCIÓN VAL
1h,SOLUSDT_1h,MLPClassifier,0.4364379561778355,F1 VALIDATION
1h,SOLUSDT_1h,MLPClassifier,"{1: 0.5083333333333333, 0: 0.49166666666666664}",DESBALANCEO REAL VAL
1h,SOLUSDT_1h,MLPClassifier,"{1: 0.9583333333333334, 0: 0.041666666666666664}",DESBALANCEO PREDICCIÓN VAL
1h,SOLUSDT_1h,MLPClassifier,0.41289089691240816,F1 VALIDATION
1h,SOLUSDT_1h,MLPClassifier,"{1: 0.5083333333333333, 0: 0.49166666666666664}",DESBALANCEO REAL VAL
1h,SOLUSDT_1h,MLPClassifier,"{0: 0.6833333333333333, 1: 0.31666666666666665}",DESBALANCEO PREDICCIÓN VAL
1h,SOLUSDT_1h,MLPClassifier,0.46094469185403086,F1 VALIDATION
1h,SOLUSDT_1h,MLPClassifier,"{1: 0.5083333333333333, 0: 0.49166666666666664}",DESBALANCEO REAL VAL
1h,SOLUSDT_1h,MLPClassifier,"{0: 0.55, 1: 0.45}",DESBALANCEO PREDICCIÓN VAL
1h,SOLUSDT_1h,MLPClassifier,0.46358802482130645,F1 VALIDATION
1h,SOLUSDT_1h,MLPClassifier,"{1: 0.5083333333333333, 0: 0.49166666666666664}",DESBALANCEO REAL VAL
1h,SOLUSDT_1h,MLPClassifier,"{1: 0.6, 0: 0.4}",DESBALANCEO PREDICCIÓN VAL
1h,SOLUSDT_1h,MLPClassifier,0.4536314300215306,F1 VALIDATION
1h,SOLUSDT_1h,MLPClassifier,"{1: 0.5083333333333333, 0: 0.49166666666666664}",DESBALANCEO REAL VAL
1h,SOLUSDT_1h,MLPClassifier,"{0: 0.8333333333333334, 1: 0.16666666666666666}",DESBALANCEO PREDICCIÓN VAL
1h,SOLUSDT_1h,MLPClassifier,0.3498045155050803,F1 VALIDATION
1h,SOLUSDT_1h,MLPClassifier,"{1: 0.5083333333333333, 0: 0.49166666666666664}",DESBALANCEO REAL VAL
1h,SOLUSDT_1h,MLPClassifier,{0: 1.0},DESBALANCEO PREDICCIÓN VAL
1h,SOLUSDT_1h,MLPClassifier,0.4219795769671656,F1 VALIDATION
1h,SOLUSDT_1h,MLPClassifier,"{1: 0.5083333333333333, 0: 0.49166666666666664}",DESBALANCEO REAL VAL
1h,SOLUSDT_1h,MLPClassifier,"{0: 0.8166666666666667, 1: 0.18333333333333332}",DESBALANCEO PREDICCIÓN VAL
1h,SOLUSDT_1h,MLPClassifier,0.5079328843739299,FINAL TEST
1h,SOLUSDT_1h,MLPClassifier,0.5074369273092563,F1 FINAL TEST
1h,SOLUSDT_1h,MLPClassifier,"{1: 0.5071338888254765, 0: 0.49286611117452345}",DESBALANCEO REAL
1h,SOLUSDT_1h,MLPClassifier,"{0: 0.5388654263211962, 1: 0.4611345736788038}",DESBALANCEO PREDICCIÓN
1h,ADAUSDT_1h,MLPClassifier,0.41014321875305526,F1 VALIDATION
1h,ADAUSDT_1h,MLPClassifier,"{1: 0.5083333333333333, 0: 0.49166666666666664}",DESBALANCEO REAL VAL
1h,ADAUSDT_1h,MLPClassifier,"{0: 0.85, 1: 0.15}",DESBALANCEO PREDICCIÓN VAL
1h,ADAUSDT_1h,MLPClassifier,0.39011087429433894,F1 VALIDATION
1h,ADAUSDT_1h,MLPClassifier,"{1: 0.5083333333333333, 0: 0.49166666666666664}",DESBALANCEO REAL VAL
1h,ADAUSDT_1h,MLPClassifier,"{0: 0.9166666666666666, 1: 0.08333333333333333}",DESBALANCEO PREDICCIÓN VAL
1h,ADAUSDT_1h,MLPClassifier,0.4592870625248606,F1 VALIDATION
1h,ADAUSDT_1h,MLPClassifier,"{1: 0.5083333333333333, 0: 0.49166666666666664}",DESBALANCEO REAL VAL
1h,ADAUSDT_1h,MLPClassifier,"{1: 0.6833333333333333, 0: 0.31666666666666665}",DESBALANCEO PREDICCIÓN VAL
1h,ADAUSDT_1h,MLPClassifier,0.45574857518298517,F1 VALIDATION
1h,ADAUSDT_1h,MLPClassifier,"{1: 0.5083333333333333, 0: 0.49166666666666664}",DESBALANCEO REAL VAL
1h,ADAUSDT_1h,MLPClassifier,"{0: 0.625, 1: 0.375}",DESBALANCEO PREDICCIÓN VAL
1h,ADAUSDT_1h,MLPClassifier,0.39600961483863684,F1 VALIDATION
1h,ADAUSDT_1h,MLPClassifier,"{1: 0.5083333333333333, 0: 0.49166666666666664}",DESBALANCEO REAL VAL
1h,ADAUSDT_1h,MLPClassifier,"{0: 0.925, 1: 0.075}",DESBALANCEO PREDICCIÓN VAL
1h,ADAUSDT_1h,MLPClassifier,0.49264339812326907,F1 VALIDATION
1h,ADAUSDT_1h,MLPClassifier,"{1: 0.5083333333333333, 0: 0.49166666666666664}",DESBALANCEO REAL VAL
1h,ADAUSDT_1h,MLPClassifier,"{1: 0.55, 0: 0.45}",DESBALANCEO PREDICCIÓN VAL
1h,ADAUSDT_1h,MLPClassifier,0.3807567359110805,F1 VALIDATION
1h,ADAUSDT_1h,MLPClassifier,"{1: 0.5083333333333333, 0: 0.49166666666666664}",DESBALANCEO REAL VAL
1h,ADAUSDT_1h,MLPClassifier,"{0: 0.975, 1: 0.025}",DESBALANCEO PREDICCIÓN VAL
1h,ADAUSDT_1h,MLPClassifier,0.4054920981533191,F1 VALIDATION
1h,ADAUSDT_1h,MLPClassifier,"{1: 0.5083333333333333, 0: 0.49166666666666664}",DESBALANCEO REAL VAL
1h,ADAUSDT_1h,MLPClassifier,"{1: 0.9166666666666666, 0: 0.08333333333333333}",DESBALANCEO PREDICCIÓN VAL
1h,ADAUSDT_1h,MLPClassifier,0.33046708623881005,F1 VALIDATION
1h,ADAUSDT_1h,MLPClassifier,"{1: 0.5083333333333333, 0: 0.49166666666666664}",DESBALANCEO REAL VAL
1h,ADAUSDT_1h,MLPClassifier,{0: 1.0},DESBALANCEO PREDICCIÓN VAL
1h,ADAUSDT_1h,MLPClassifier,0.373722919637856,F1 VALIDATION
1h,ADAUSDT_1h,MLPClassifier,"{1: 0.5083333333333333, 0: 0.49166666666666664}",DESBALANCEO REAL VAL
1h,ADAUSDT_1h,MLPClassifier,"{0: 0.7416666666666667, 1: 0.25833333333333336}",DESBALANCEO PREDICCIÓN VAL
1h,ADAUSDT_1h,MLPClassifier,0.508503595479968,FINAL TEST
1h,ADAUSDT_1h,MLPClassifier,0.49664001177593026,F1 FINAL TEST
1h,ADAUSDT_1h,MLPClassifier,"{0: 0.5114712932313663, 1: 0.4885287067686337}",DESBALANCEO REAL
1h,ADAUSDT_1h,MLPClassifier,"{0: 0.6420499942928889, 1: 0.35795000570711105}",DESBALANCEO PREDICCIÓN
1h,TRXUSDT_1h,MLPClassifier,0.4748221882506357,F1 VALIDATION
1h,TRXUSDT_1h,MLPClassifier,"{1: 0.575, 0: 0.425}",DESBALANCEO REAL VAL
1h,TRXUSDT_1h,MLPClassifier,"{1: 0.7583333333333333, 0: 0.24166666666666667}",DESBALANCEO PREDICCIÓN VAL
1h,TRXUSDT_1h,MLPClassifier,0.4360738284272359,F1 VALIDATION
1h,TRXUSDT_1h,MLPClassifier,"{1: 0.575, 0: 0.425}",DESBALANCEO REAL VAL
1h,TRXUSDT_1h,MLPClassifier,"{1: 0.7, 0: 0.3}",DESBALANCEO PREDICCIÓN VAL
1h,TRXUSDT_1h,MLPClassifier,0.45132106938878785,F1 VALIDATION
1h,TRXUSDT_1h,MLPClassifier,"{1: 0.575, 0: 0.425}",DESBALANCEO REAL VAL
1h,TRXUSDT_1h,MLPClassifier,"{1: 0.975, 0: 0.025}",DESBALANCEO PREDICCIÓN VAL
1h,TRXUSDT_1h,MLPClassifier,0.47839479754170744,F1 VALIDATION
1h,TRXUSDT_1h,MLPClassifier,"{1: 0.575, 0: 0.425}",DESBALANCEO REAL VAL
1h,TRXUSDT_1h,MLPClassifier,"{1: 0.9166666666666666, 0: 0.08333333333333333}",DESBALANCEO PREDICCIÓN VAL
1h,TRXUSDT_1h,MLPClassifier,0.4595040840656007,F1 VALIDATION
1h,TRXUSDT_1h,MLPClassifier,"{1: 0.575, 0: 0.425}",DESBALANCEO REAL VAL
1h,TRXUSDT_1h,MLPClassifier,"{1: 0.7333333333333333, 0: 0.26666666666666666}",DESBALANCEO PREDICCIÓN VAL
1h,TRXUSDT_1h,MLPClassifier,0.3534906809228927,F1 VALIDATION
1h,TRXUSDT_1h,MLPClassifier,"{1: 0.575, 0: 0.425}",DESBALANCEO REAL VAL
1h,TRXUSDT_1h,MLPClassifier,{1: 1.0},DESBALANCEO PREDICCIÓN VAL
1h,TRXUSDT_1h,MLPClassifier,0.3534906809228927,F1 VALIDATION
1h,TRXUSDT_1h,MLPClassifier,"{1: 0.575, 0: 0.425}",DESBALANCEO REAL VAL
1h,TRXUSDT_1h,MLPClassifier,{1: 1.0},DESBALANCEO PREDICCIÓN VAL
1h,TRXUSDT_1h,MLPClassifier,0.4006380907184831,F1 VALIDATION
1h,TRXUSDT_1h,MLPClassifier,"{1: 0.575, 0: 0.425}",DESBALANCEO REAL VAL
1h,TRXUSDT_1h,MLPClassifier,"{0: 0.975, 1: 0.025}",DESBALANCEO PREDICCIÓN VAL
1h,TRXUSDT_1h,MLPClassifier,0.4328868443857511,F1 VALIDATION
1h,TRXUSDT_1h,MLPClassifier,"{1: 0.575, 0: 0.425}",DESBALANCEO REAL VAL
1h,TRXUSDT_1h,MLPClassifier,"{1: 0.9333333333333333, 0: 0.06666666666666667}",DESBALANCEO PREDICCIÓN VAL
1h,TRXUSDT_1h,MLPClassifier,0.482766796117507,F1 VALIDATION
1h,TRXUSDT_1h,MLPClassifier,"{1: 0.575, 0: 0.425}",DESBALANCEO REAL VAL
1h,TRXUSDT_1h,MLPClassifier,"{1: 0.7416666666666667, 0: 0.25833333333333336}",DESBALANCEO PREDICCIÓN VAL
1h,TRXUSDT_1h,MLPClassifier,0.5325876041547769,FINAL TEST
1h,TRXUSDT_1h,MLPClassifier,0.347508751024056,F1 FINAL TEST
1h,TRXUSDT_1h,MLPClassifier,"{1: 0.5325876041547769, 0: 0.46741239584522315}",DESBALANCEO REAL
1h,TRXUSDT_1h,MLPClassifier,{1: 1.0},DESBALANCEO PREDICCIÓN
1h,LINKUSDT_1h,MLPClassifier,0.4503358794091434,F1 VALIDATION
1h,LINKUSDT_1h,MLPClassifier,"{0: 0.575, 1: 0.425}",DESBALANCEO REAL VAL
1h,LINKUSDT_1h,MLPClassifier,"{1: 0.725, 0: 0.275}",DESBALANCEO PREDICCIÓN VAL
1h,LINKUSDT_1h,MLPClassifier,0.5023968221775432,F1 VALIDATION
1h,LINKUSDT_1h,MLPClassifier,"{0: 0.575, 1: 0.425}",DESBALANCEO REAL VAL
1h,LINKUSDT_1h,MLPClassifier,"{0: 0.7916666666666666, 1: 0.20833333333333334}",DESBALANCEO PREDICCIÓN VAL
1h,LINKUSDT_1h,MLPClassifier,0.5042691187694268,F1 VALIDATION
1h,LINKUSDT_1h,MLPClassifier,"{0: 0.575, 1: 0.425}",DESBALANCEO REAL VAL
1h,LINKUSDT_1h,MLPClassifier,"{1: 0.7916666666666666, 0: 0.20833333333333334}",DESBALANCEO PREDICCIÓN VAL
1h,LINKUSDT_1h,MLPClassifier,0.4282139170888552,F1 VALIDATION
1h,LINKUSDT_1h,MLPClassifier,"{0: 0.575, 1: 0.425}",DESBALANCEO REAL VAL
1h,LINKUSDT_1h,MLPClassifier,{0: 1.0},DESBALANCEO PREDICCIÓN VAL
1h,LINKUSDT_1h,MLPClassifier,0.41146338555314366,F1 VALIDATION
1h,LINKUSDT_1h,MLPClassifier,"{0: 0.575, 1: 0.425}",DESBALANCEO REAL VAL
1h,LINKUSDT_1h,MLPClassifier,"{0: 0.9916666666666667, 1: 0.008333333333333333}",DESBALANCEO PREDICCIÓN VAL
1h,LINKUSDT_1h,MLPClassifier,0.32342123762001174,F1 VALIDATION
1h,LINKUSDT_1h,MLPClassifier,"{0: 0.575, 1: 0.425}",DESBALANCEO REAL VAL
1h,LINKUSDT_1h,MLPClassifier,{0: 1.0},DESBALANCEO PREDICCIÓN VAL
1h,LINKUSDT_1h,MLPClassifier,0.4295944732755458,F1 VALIDATION
1h,LINKUSDT_1h,MLPClassifier,"{0: 0.575, 1: 0.425}",DESBALANCEO REAL VAL
1h,LINKUSDT_1h,MLPClassifier,"{1: 0.8166666666666667, 0: 0.18333333333333332}",DESBALANCEO PREDICCIÓN VAL
1h,LINKUSDT_1h,MLPClassifier,0.4151657828772537,F1 VALIDATION
1h,LINKUSDT_1h,MLPClassifier,"{0: 0.575, 1: 0.425}",DESBALANCEO REAL VAL
1h,LINKUSDT_1h,MLPClassifier,"{0: 0.8833333333333333, 1: 0.11666666666666667}",DESBALANCEO PREDICCIÓN VAL
1h,LINKUSDT_1h,MLPClassifier,0.4437784204252863,F1 VALIDATION
1h,LINKUSDT_1h,MLPClassifier,"{0: 0.575, 1: 0.425}",DESBALANCEO REAL VAL
1h,LINKUSDT_1h,MLPClassifier,"{1: 0.7333333333333333, 0: 0.26666666666666666}",DESBALANCEO PREDICCIÓN VAL
1h,LINKUSDT_1h,MLPClassifier,0.45255027914977475,F1 VALIDATION
1h,LINKUSDT_1h,MLPClassifier,"{0: 0.575, 1: 0.425}",DESBALANCEO REAL VAL
1h,LINKUSDT_1h,MLPClassifier,"{1: 0.7, 0: 0.3}",DESBALANCEO PREDICCIÓN VAL
1h,LINKUSDT_1h,MLPClassifier,0.49275196895331586,FINAL TEST
1h,LINKUSDT_1h,MLPClassifier,0.44829374405696065,F1 FINAL TEST
1h,LINKUSDT_1h,MLPClassifier,"{0: 0.5056500399497774, 1: 0.4943499600502226}",DESBALANCEO REAL
1h,LINKUSDT_1h,MLPClassifier,"{1: 0.78952174409314, 0: 0.21047825590685995}",DESBALANCEO PREDICCIÓN
1h,AVAXUSDT_1h,MLPClassifier,0.39370892385882383,F1 VALIDATION
1h,AVAXUSDT_1h,MLPClassifier,"{0: 0.5666666666666667, 1: 0.43333333333333335}",DESBALANCEO REAL VAL
1h,AVAXUSDT_1h,MLPClassifier,"{0: 0.775, 1: 0.225}",DESBALANCEO PREDICCIÓN VAL
1h,AVAXUSDT_1h,MLPClassifier,0.37361969269878453,F1 VALIDATION
1h,AVAXUSDT_1h,MLPClassifier,"{0: 0.5666666666666667, 1: 0.43333333333333335}",DESBALANCEO REAL VAL
1h,AVAXUSDT_1h,MLPClassifier,{0: 1.0},DESBALANCEO PREDICCIÓN VAL
1h,AVAXUSDT_1h,MLPClassifier,0.4079789668246126,F1 VALIDATION
1h,AVAXUSDT_1h,MLPClassifier,"{0: 0.5666666666666667, 1: 0.43333333333333335}",DESBALANCEO REAL VAL
1h,AVAXUSDT_1h,MLPClassifier,"{0: 0.625, 1: 0.375}",DESBALANCEO PREDICCIÓN VAL
1h,AVAXUSDT_1h,MLPClassifier,0.39606058892268603,F1 VALIDATION
1h,AVAXUSDT_1h,MLPClassifier,"{0: 0.5666666666666667, 1: 0.43333333333333335}",DESBALANCEO REAL VAL
1h,AVAXUSDT_1h,MLPClassifier,"{1: 0.6666666666666666, 0: 0.3333333333333333}",DESBALANCEO PREDICCIÓN VAL
1h,AVAXUSDT_1h,MLPClassifier,0.3235795649335665,F1 VALIDATION
1h,AVAXUSDT_1h,MLPClassifier,"{0: 0.5666666666666667, 1: 0.43333333333333335}",DESBALANCEO REAL VAL
1h,AVAXUSDT_1h,MLPClassifier,{0: 1.0},DESBALANCEO PREDICCIÓN VAL
1h,AVAXUSDT_1h,MLPClassifier,0.49749260273672274,F1 VALIDATION
1h,AVAXUSDT_1h,MLPClassifier,"{0: 0.5666666666666667, 1: 0.43333333333333335}",DESBALANCEO REAL VAL
1h,AVAXUSDT_1h,MLPClassifier,"{0: 0.5583333333333333, 1: 0.44166666666666665}",DESBALANCEO PREDICCIÓN VAL
1h,AVAXUSDT_1h,MLPClassifier,0.42277273141707183,F1 VALIDATION
1h,AVAXUSDT_1h,MLPClassifier,"{0: 0.5666666666666667, 1: 0.43333333333333335}",DESBALANCEO REAL VAL
1h,AVAXUSDT_1h,MLPClassifier,"{1: 0.9666666666666667, 0: 0.03333333333333333}",DESBALANCEO PREDICCIÓN VAL
1h,AVAXUSDT_1h,MLPClassifier,0.3295192202376152,F1 VALIDATION
1h,AVAXUSDT_1h,MLPClassifier,"{0: 0.5666666666666667, 1: 0.43333333333333335}",DESBALANCEO REAL VAL
1h,AVAXUSDT_1h,MLPClassifier,{0: 1.0},DESBALANCEO PREDICCIÓN VAL
1h,AVAXUSDT_1h,MLPClassifier,0.4393067536525793,F1 VALIDATION
1h,AVAXUSDT_1h,MLPClassifier,"{0: 0.5666666666666667, 1: 0.43333333333333335}",DESBALANCEO REAL VAL
1h,AVAXUSDT_1h,MLPClassifier,"{0: 0.525, 1: 0.475}",DESBALANCEO PREDICCIÓN VAL
1h,AVAXUSDT_1h,MLPClassifier,0.3370725897246022,F1 VALIDATION
1h,AVAXUSDT_1h,MLPClassifier,"{0: 0.5666666666666667, 1: 0.43333333333333335}",DESBALANCEO REAL VAL
1h,AVAXUSDT_1h,MLPClassifier,{0: 1.0},DESBALANCEO PREDICCIÓN VAL
1h,AVAXUSDT_1h,MLPClassifier,0.5224289464672982,FINAL TEST
1h,AVAXUSDT_1h,MLPClassifier,0.46288574583868597,F1 FINAL TEST
1h,AVAXUSDT_1h,MLPClassifier,"{0: 0.513982422097934, 1: 0.48601757790206596}",DESBALANCEO REAL
1h,AVAXUSDT_1h,MLPClassifier,"{0: 0.8189704371647072, 1: 0.18102956283529278}",DESBALANCEO PREDICCIÓN
1h,BTCUSDT_1h,RandomForestClassifier,0.5204824009144557,F1 VALIDATION
1h,BTCUSDT_1h,RandomForestClassifier,"{0: 0.5333333333333333, 1: 0.4666666666666667}",DESBALANCEO REAL VAL
1h,BTCUSDT_1h,RandomForestClassifier,"{0: 0.675, 1: 0.325}",DESBALANCEO PREDICCIÓN VAL
1h,BTCUSDT_1h,RandomForestClassifier,0.5153665293624551,F1 VALIDATION
1h,BTCUSDT_1h,RandomForestClassifier,"{0: 0.5333333333333333, 1: 0.4666666666666667}",DESBALANCEO REAL VAL
1h,BTCUSDT_1h,RandomForestClassifier,"{0: 0.6916666666666667, 1: 0.30833333333333335}",DESBALANCEO PREDICCIÓN VAL
1h,BTCUSDT_1h,RandomForestClassifier,0.5247812631488381,F1 VALIDATION
1h,BTCUSDT_1h,RandomForestClassifier,"{0: 0.5333333333333333, 1: 0.4666666666666667}",DESBALANCEO REAL VAL
1h,BTCUSDT_1h,RandomForestClassifier,"{0: 0.7083333333333334, 1: 0.2916666666666667}",DESBALANCEO PREDICCIÓN VAL
1h,BTCUSDT_1h,RandomForestClassifier,0.5324317002459947,F1 VALIDATION
1h,BTCUSDT_1h,RandomForestClassifier,"{0: 0.5333333333333333, 1: 0.4666666666666667}",DESBALANCEO REAL VAL
1h,BTCUSDT_1h,RandomForestClassifier,"{0: 0.6416666666666667, 1: 0.35833333333333334}",DESBALANCEO PREDICCIÓN VAL
1h,BTCUSDT_1h,RandomForestClassifier,0.5213697286314207,F1 VALIDATION
1h,BTCUSDT_1h,RandomForestClassifier,"{0: 0.5333333333333333, 1: 0.4666666666666667}",DESBALANCEO REAL VAL
1h,BTCUSDT_1h,RandomForestClassifier,"{0: 0.7416666666666667, 1: 0.25833333333333336}",DESBALANCEO PREDICCIÓN VAL
1h,BTCUSDT_1h,RandomForestClassifier,0.5235240315566649,F1 VALIDATION
1h,BTCUSDT_1h,RandomForestClassifier,"{0: 0.5333333333333333, 1: 0.4666666666666667}",DESBALANCEO REAL VAL
1h,BTCUSDT_1h,RandomForestClassifier,"{0: 0.7166666666666667, 1: 0.2833333333333333}",DESBALANCEO PREDICCIÓN VAL
1h,BTCUSDT_1h,RandomForestClassifier,0.5347620231844947,F1 VALIDATION
1h,BTCUSDT_1h,RandomForestClassifier,"{0: 0.5333333333333333, 1: 0.4666666666666667}",DESBALANCEO REAL VAL
1h,BTCUSDT_1h,RandomForestClassifier,"{0: 0.6833333333333333, 1: 0.31666666666666665}",DESBALANCEO PREDICCIÓN VAL
1h,BTCUSDT_1h,RandomForestClassifier,0.5169893008756505,F1 VALIDATION
1h,BTCUSDT_1h,RandomForestClassifier,"{0: 0.5333333333333333, 1: 0.4666666666666667}",DESBALANCEO REAL VAL
1h,BTCUSDT_1h,RandomForestClassifier,"{0: 0.6666666666666666, 1: 0.3333333333333333}",DESBALANCEO PREDICCIÓN VAL
1h,BTCUSDT_1h,RandomForestClassifier,0.500532367640124,F1 VALIDATION
1h,BTCUSDT_1h,RandomForestClassifier,"{0: 0.5333333333333333, 1: 0.4666666666666667}",DESBALANCEO REAL VAL
1h,BTCUSDT_1h,RandomForestClassifier,"{1: 0.5333333333333333, 0: 0.4666666666666667}",DESBALANCEO PREDICCIÓN VAL
1h,BTCUSDT_1h,RandomForestClassifier,0.5416203902049275,F1 VALIDATION
1h,BTCUSDT_1h,RandomForestClassifier,"{0: 0.5333333333333333, 1: 0.4666666666666667}",DESBALANCEO REAL VAL
1h,BTCUSDT_1h,RandomForestClassifier,"{0: 0.5666666666666667, 1: 0.43333333333333335}",DESBALANCEO PREDICCIÓN VAL
1h,BTCUSDT_1h,RandomForestClassifier,0.5224289464672982,FINAL TEST
1h,BTCUSDT_1h,RandomForestClassifier,0.5223494844150725,F1 FINAL TEST
1h,BTCUSDT_1h,RandomForestClassifier,"{1: 0.5288209108549252, 0: 0.4711790891450748}",DESBALANCEO REAL
1h,BTCUSDT_1h,RandomForestClassifier,"{0: 0.5159228398584637, 1: 0.48407716014153634}",DESBALANCEO PREDICCIÓN
1h,ETHUSDT_1h,RandomForestClassifier,0.5016950266361105,F1 VALIDATION
1h,ETHUSDT_1h,RandomForestClassifier,"{0: 0.5416666666666666, 1: 0.4583333333333333}",DESBALANCEO REAL VAL
1h,ETHUSDT_1h,RandomForestClassifier,"{1: 0.7333333333333333, 0: 0.26666666666666666}",DESBALANCEO PREDICCIÓN VAL
1h,ETHUSDT_1h,RandomForestClassifier,0.5174370189847605,F1 VALIDATION
1h,ETHUSDT_1h,RandomForestClassifier,"{0: 0.5416666666666666, 1: 0.4583333333333333}",DESBALANCEO REAL VAL
1h,ETHUSDT_1h,RandomForestClassifier,"{1: 0.725, 0: 0.275}",DESBALANCEO PREDICCIÓN VAL
1h,ETHUSDT_1h,RandomForestClassifier,0.5102380489235872,F1 VALIDATION
1h,ETHUSDT_1h,RandomForestClassifier,"{0: 0.5416666666666666, 1: 0.4583333333333333}",DESBALANCEO REAL VAL
1h,ETHUSDT_1h,RandomForestClassifier,"{1: 0.7, 0: 0.3}",DESBALANCEO PREDICCIÓN VAL
1h,ETHUSDT_1h,RandomForestClassifier,0.5261048655014064,F1 VALIDATION
1h,ETHUSDT_1h,RandomForestClassifier,"{0: 0.5416666666666666, 1: 0.4583333333333333}",DESBALANCEO REAL VAL
1h,ETHUSDT_1h,RandomForestClassifier,"{1: 0.6916666666666667, 0: 0.30833333333333335}",DESBALANCEO PREDICCIÓN VAL
1h,ETHUSDT_1h,RandomForestClassifier,0.5227215790910404,F1 VALIDATION
1h,ETHUSDT_1h,RandomForestClassifier,"{0: 0.5416666666666666, 1: 0.4583333333333333}",DESBALANCEO REAL VAL
1h,ETHUSDT_1h,RandomForestClassifier,"{1: 0.725, 0: 0.275}",DESBALANCEO PREDICCIÓN VAL
1h,ETHUSDT_1h,RandomForestClassifier,0.508316485725319,F1 VALIDATION
1h,ETHUSDT_1h,RandomForestClassifier,"{0: 0.5416666666666666, 1: 0.4583333333333333}",DESBALANCEO REAL VAL
1h,ETHUSDT_1h,RandomForestClassifier,"{1: 0.6916666666666667, 0: 0.30833333333333335}",DESBALANCEO PREDICCIÓN VAL
1h,ETHUSDT_1h,RandomForestClassifier,0.5283121780611031,F1 VALIDATION
1h,ETHUSDT_1h,RandomForestClassifier,"{0: 0.5416666666666666, 1: 0.4583333333333333}",DESBALANCEO REAL VAL
1h,ETHUSDT_1h,RandomForestClassifier,"{1: 0.55, 0: 0.45}",DESBALANCEO PREDICCIÓN VAL
1h,ETHUSDT_1h,RandomForestClassifier,0.5186887504249043,F1 VALIDATION
1h,ETHUSDT_1h,RandomForestClassifier,"{0: 0.5416666666666666, 1: 0.4583333333333333}",DESBALANCEO REAL VAL
1h,ETHUSDT_1h,RandomForestClassifier,"{1: 0.6416666666666667, 0: 0.35833333333333334}",DESBALANCEO PREDICCIÓN VAL
1h,ETHUSDT_1h,RandomForestClassifier,0.5004272146707966,F1 VALIDATION
1h,ETHUSDT_1h,RandomForestClassifier,"{0: 0.5416666666666666, 1: 0.4583333333333333}",DESBALANCEO REAL VAL
1h,ETHUSDT_1h,RandomForestClassifier,"{1: 0.725, 0: 0.275}",DESBALANCEO PREDICCIÓN VAL
1h,ETHUSDT_1h,RandomForestClassifier,0.5219631862097968,F1 VALIDATION
1h,ETHUSDT_1h,RandomForestClassifier,"{0: 0.5416666666666666, 1: 0.4583333333333333}",DESBALANCEO REAL VAL
1h,ETHUSDT_1h,RandomForestClassifier,"{1: 0.6, 0: 0.4}",DESBALANCEO PREDICCIÓN VAL
1h,ETHUSDT_1h,RandomForestClassifier,0.5191188220522771,FINAL TEST
1h,ETHUSDT_1h,RandomForestClassifier,0.5191187969917367,F1 FINAL TEST
1h,ETHUSDT_1h,RandomForestClassifier,"{1: 0.5111288665677434, 0: 0.4888711334322566}",DESBALANCEO REAL
1h,ETHUSDT_1h,RandomForestClassifier,"{0: 0.5109005821253282, 1: 0.4890994178746718}",DESBALANCEO PREDICCIÓN
1h,XRPUSDT_1h,RandomForestClassifier,0.5216997093036403,F1 VALIDATION
1h,XRPUSDT_1h,RandomForestClassifier,"{0: 0.5583333333333333, 1: 0.44166666666666665}",DESBALANCEO REAL VAL
1h,XRPUSDT_1h,RandomForestClassifier,"{0: 0.65, 1: 0.35}",DESBALANCEO PREDICCIÓN VAL
1h,XRPUSDT_1h,RandomForestClassifier,0.5158090043465722,F1 VALIDATION
1h,XRPUSDT_1h,RandomForestClassifier,"{0: 0.5583333333333333, 1: 0.44166666666666665}",DESBALANCEO REAL VAL
1h,XRPUSDT_1h,RandomForestClassifier,"{0: 0.6083333333333333, 1: 0.39166666666666666}",DESBALANCEO PREDICCIÓN VAL
1h,XRPUSDT_1h,RandomForestClassifier,0.5141862627655909,F1 VALIDATION
1h,XRPUSDT_1h,RandomForestClassifier,"{0: 0.5583333333333333, 1: 0.44166666666666665}",DESBALANCEO REAL VAL
1h,XRPUSDT_1h,RandomForestClassifier,"{0: 0.6166666666666667, 1: 0.38333333333333336}",DESBALANCEO PREDICCIÓN VAL
1h,XRPUSDT_1h,RandomForestClassifier,0.5314968364245358,F1 VALIDATION
1h,XRPUSDT_1h,RandomForestClassifier,"{0: 0.5583333333333333, 1: 0.44166666666666665}",DESBALANCEO REAL VAL
1h,XRPUSDT_1h,RandomForestClassifier,"{0: 0.5416666666666666, 1: 0.4583333333333333}",DESBALANCEO PREDICCIÓN VAL
1h,XRPUSDT_1h,RandomForestClassifier,0.5053279944742874,F1 VALIDATION
1h,XRPUSDT_1h,RandomForestClassifier,"{0: 0.5583333333333333, 1: 0.44166666666666665}",DESBALANCEO REAL VAL
1h,XRPUSDT_1h,RandomForestClassifier,"{0: 0.8083333333333333, 1: 0.19166666666666668}",DESBALANCEO PREDICCIÓN VAL
1h,XRPUSDT_1h,RandomForestClassifier,0.531123355440118,F1 VALIDATION
1h,XRPUSDT_1h,RandomForestClassifier,"{0: 0.5583333333333333, 1: 0.44166666666666665}",DESBALANCEO REAL VAL
1h,XRPUSDT_1h,RandomForestClassifier,"{0: 0.625, 1: 0.375}",DESBALANCEO PREDICCIÓN VAL
1h,XRPUSDT_1h,RandomForestClassifier,0.5658912919433038,F1 VALIDATION
1h,XRPUSDT_1h,RandomForestClassifier,"{0: 0.5583333333333333, 1: 0.44166666666666665}",DESBALANCEO REAL VAL
1h,XRPUSDT_1h,RandomForestClassifier,"{0: 0.6, 1: 0.4}",DESBALANCEO PREDICCIÓN VAL
1h,XRPUSDT_1h,RandomForestClassifier,0.5423268752484708,F1 VALIDATION
1h,XRPUSDT_1h,RandomForestClassifier,"{0: 0.5583333333333333, 1: 0.44166666666666665}",DESBALANCEO REAL VAL
1h,XRPUSDT_1h,RandomForestClassifier,"{0: 0.6, 1: 0.4}",DESBALANCEO PREDICCIÓN VAL
1h,XRPUSDT_1h,RandomForestClassifier,0.5514241542286064,F1 VALIDATION
1h,XRPUSDT_1h,RandomForestClassifier,"{0: 0.5583333333333333, 1: 0.44166666666666665}",DESBALANCEO REAL VAL
1h,XRPUSDT_1h,RandomForestClassifier,"{0: 0.6083333333333333, 1: 0.39166666666666666}",DESBALANCEO PREDICCIÓN VAL
1h,XRPUSDT_1h,RandomForestClassifier,0.5294839510865283,F1 VALIDATION
1h,XRPUSDT_1h,RandomForestClassifier,"{0: 0.5583333333333333, 1: 0.44166666666666665}",DESBALANCEO REAL VAL
1h,XRPUSDT_1h,RandomForestClassifier,"{0: 0.5916666666666667, 1: 0.4083333333333333}",DESBALANCEO PREDICCIÓN VAL
1h,XRPUSDT_1h,RandomForestClassifier,0.49697523113799796,FINAL TEST
1h,XRPUSDT_1h,RandomForestClassifier,0.49640037196984566,F1 FINAL TEST
1h,XRPUSDT_1h,RandomForestClassifier,"{1: 0.5010843511014724, 0: 0.4989156488985276}",DESBALANCEO REAL
1h,XRPUSDT_1h,RandomForestClassifier,"{0: 0.5348704485789293, 1: 0.46512955142107065}",DESBALANCEO PREDICCIÓN
1h,BNBUSDT_1h,RandomForestClassifier,0.4666583514152256,F1 VALIDATION
1h,BNBUSDT_1h,RandomForestClassifier,"{0: 0.5333333333333333, 1: 0.4666666666666667}",DESBALANCEO REAL VAL
1h,BNBUSDT_1h,RandomForestClassifier,"{1: 0.6583333333333333, 0: 0.3416666666666667}",DESBALANCEO PREDICCIÓN VAL
1h,BNBUSDT_1h,RandomForestClassifier,0.5113950375073665,F1 VALIDATION
1h,BNBUSDT_1h,RandomForestClassifier,"{0: 0.5333333333333333, 1: 0.4666666666666667}",DESBALANCEO REAL VAL
1h,BNBUSDT_1h,RandomForestClassifier,"{1: 0.6333333333333333, 0: 0.36666666666666664}",DESBALANCEO PREDICCIÓN VAL
1h,BNBUSDT_1h,RandomForestClassifier,0.5215749846212736,F1 VALIDATION
1h,BNBUSDT_1h,RandomForestClassifier,"{0: 0.5333333333333333, 1: 0.4666666666666667}",DESBALANCEO REAL VAL
1h,BNBUSDT_1h,RandomForestClassifier,"{1: 0.7083333333333334, 0: 0.2916666666666667}",DESBALANCEO PREDICCIÓN VAL
1h,BNBUSDT_1h,RandomForestClassifier,0.5149912052351074,F1 VALIDATION
1h,BNBUSDT_1h,RandomForestClassifier,"{0: 0.5333333333333333, 1: 0.4666666666666667}",DESBALANCEO REAL VAL
1h,BNBUSDT_1h,RandomForestClassifier,"{1: 0.6916666666666667, 0: 0.30833333333333335}",DESBALANCEO PREDICCIÓN VAL
1h,BNBUSDT_1h,RandomForestClassifier,0.5170760114038805,F1 VALIDATION
1h,BNBUSDT_1h,RandomForestClassifier,"{0: 0.5333333333333333, 1: 0.4666666666666667}",DESBALANCEO REAL VAL
1h,BNBUSDT_1h,RandomForestClassifier,"{1: 0.8666666666666667, 0: 0.13333333333333333}",DESBALANCEO PREDICCIÓN VAL
1h,BNBUSDT_1h,RandomForestClassifier,0.47893100414887585,F1 VALIDATION
1h,BNBUSDT_1h,RandomForestClassifier,"{0: 0.5333333333333333, 1: 0.4666666666666667}",DESBALANCEO REAL VAL
1h,BNBUSDT_1h,RandomForestClassifier,"{0: 0.5166666666666667, 1: 0.48333333333333334}",DESBALANCEO PREDICCIÓN VAL
1h,BNBUSDT_1h,RandomForestClassifier,0.5171085797776629,F1 VALIDATION
1h,BNBUSDT_1h,RandomForestClassifier,"{0: 0.5333333333333333, 1: 0.4666666666666667}",DESBALANCEO REAL VAL
1h,BNBUSDT_1h,RandomForestClassifier,"{1: 0.65, 0: 0.35}",DESBALANCEO PREDICCIÓN VAL
1h,BNBUSDT_1h,RandomForestClassifier,0.5252898761776731,F1 VALIDATION
1h,BNBUSDT_1h,RandomForestClassifier,"{0: 0.5333333333333333, 1: 0.4666666666666667}",DESBALANCEO REAL VAL
1h,BNBUSDT_1h,RandomForestClassifier,"{1: 0.6416666666666667, 0: 0.35833333333333334}",DESBALANCEO PREDICCIÓN VAL
1h,BNBUSDT_1h,RandomForestClassifier,0.5338288633078566,F1 VALIDATION
1h,BNBUSDT_1h,RandomForestClassifier,"{0: 0.5333333333333333, 1: 0.4666666666666667}",DESBALANCEO REAL VAL
1h,BNBUSDT_1h,RandomForestClassifier,"{1: 0.6416666666666667, 0: 0.35833333333333334}",DESBALANCEO PREDICCIÓN VAL
1h,BNBUSDT_1h,RandomForestClassifier,0.5096919235847052,F1 VALIDATION
1h,BNBUSDT_1h,RandomForestClassifier,"{0: 0.5333333333333333, 1: 0.4666666666666667}",DESBALANCEO REAL VAL
1h,BNBUSDT_1h,RandomForestClassifier,"{1: 0.6833333333333333, 0: 0.31666666666666665}",DESBALANCEO PREDICCIÓN VAL
1h,BNBUSDT_1h,RandomForestClassifier,0.5064490354982308,FINAL TEST
1h,BNBUSDT_1h,RandomForestClassifier,0.5063517337869934,F1 FINAL TEST
1h,BNBUSDT_1h,RandomForestClassifier,"{1: 0.5252825019974888, 0: 0.4747174980025111}",DESBALANCEO REAL
1h,BNBUSDT_1h,RandomForestClassifier,"{0: 0.511243008788951, 1: 0.488756991211049}",DESBALANCEO PREDICCIÓN
1h,SOLUSDT_1h,RandomForestClassifier,0.4895538396182113,F1 VALIDATION
1h,SOLUSDT_1h,RandomForestClassifier,"{1: 0.5083333333333333, 0: 0.49166666666666664}",DESBALANCEO REAL VAL
1h,SOLUSDT_1h,RandomForestClassifier,"{0: 0.6, 1: 0.4}",DESBALANCEO PREDICCIÓN VAL
1h,SOLUSDT_1h,RandomForestClassifier,0.49589815193740616,F1 VALIDATION
1h,SOLUSDT_1h,RandomForestClassifier,"{1: 0.5083333333333333, 0: 0.49166666666666664}",DESBALANCEO REAL VAL
1h,SOLUSDT_1h,RandomForestClassifier,"{0: 0.6083333333333333, 1: 0.39166666666666666}",DESBALANCEO PREDICCIÓN VAL
1h,SOLUSDT_1h,RandomForestClassifier,0.49387475971050165,F1 VALIDATION
1h,SOLUSDT_1h,RandomForestClassifier,"{1: 0.5083333333333333, 0: 0.49166666666666664}",DESBALANCEO REAL VAL
1h,SOLUSDT_1h,RandomForestClassifier,"{1: 0.525, 0: 0.475}",DESBALANCEO PREDICCIÓN VAL
1h,SOLUSDT_1h,RandomForestClassifier,0.46714005067041214,F1 VALIDATION
1h,SOLUSDT_1h,RandomForestClassifier,"{1: 0.5083333333333333, 0: 0.49166666666666664}",DESBALANCEO REAL VAL
1h,SOLUSDT_1h,RandomForestClassifier,"{1: 0.5333333333333333, 0: 0.4666666666666667}",DESBALANCEO PREDICCIÓN VAL
1h,SOLUSDT_1h,RandomForestClassifier,0.49379362095681023,F1 VALIDATION
1h,SOLUSDT_1h,RandomForestClassifier,"{1: 0.5083333333333333, 0: 0.49166666666666664}",DESBALANCEO REAL VAL
1h,SOLUSDT_1h,RandomForestClassifier,"{0: 0.5833333333333334, 1: 0.4166666666666667}",DESBALANCEO PREDICCIÓN VAL
1h,SOLUSDT_1h,RandomForestClassifier,0.4623384268718664,F1 VALIDATION
1h,SOLUSDT_1h,RandomForestClassifier,"{1: 0.5083333333333333, 0: 0.49166666666666664}",DESBALANCEO REAL VAL
1h,SOLUSDT_1h,RandomForestClassifier,"{1: 0.5833333333333334, 0: 0.4166666666666667}",DESBALANCEO PREDICCIÓN VAL
1h,SOLUSDT_1h,RandomForestClassifier,0.4804560747471509,F1 VALIDATION
1h,SOLUSDT_1h,RandomForestClassifier,"{1: 0.5083333333333333, 0: 0.49166666666666664}",DESBALANCEO REAL VAL
1h,SOLUSDT_1h,RandomForestClassifier,"{1: 0.5083333333333333, 0: 0.49166666666666664}",DESBALANCEO PREDICCIÓN VAL
1h,SOLUSDT_1h,RandomForestClassifier,0.48394189964870193,F1 VALIDATION
1h,SOLUSDT_1h,RandomForestClassifier,"{1: 0.5083333333333333, 0: 0.49166666666666664}",DESBALANCEO REAL VAL
1h,SOLUSDT_1h,RandomForestClassifier,"{0: 0.5666666666666667, 1: 0.43333333333333335}",DESBALANCEO PREDICCIÓN VAL
1h,SOLUSDT_1h,RandomForestClassifier,0.4800483741901771,F1 VALIDATION
1h,SOLUSDT_1h,RandomForestClassifier,"{1: 0.5083333333333333, 0: 0.49166666666666664}",DESBALANCEO REAL VAL
1h,SOLUSDT_1h,RandomForestClassifier,"{0: 0.525, 1: 0.475}",DESBALANCEO PREDICCIÓN VAL
1h,SOLUSDT_1h,RandomForestClassifier,0.4814053236386447,F1 VALIDATION
1h,SOLUSDT_1h,RandomForestClassifier,"{1: 0.5083333333333333, 0: 0.49166666666666664}",DESBALANCEO REAL VAL
1h,SOLUSDT_1h,RandomForestClassifier,"{1: 0.5833333333333334, 0: 0.4166666666666667}",DESBALANCEO PREDICCIÓN VAL
1h,SOLUSDT_1h,RandomForestClassifier,0.5053076132861546,FINAL TEST
1h,SOLUSDT_1h,RandomForestClassifier,0.5030615300452046,F1 FINAL TEST
1h,SOLUSDT_1h,RandomForestClassifier,"{1: 0.5071338888254765, 0: 0.49286611117452345}",DESBALANCEO REAL
1h,SOLUSDT_1h,RandomForestClassifier,"{0: 0.5743636571167675, 1: 0.4256363428832325}",DESBALANCEO PREDICCIÓN
1h,ADAUSDT_1h,RandomForestClassifier,0.48218709818526495,F1 VALIDATION
1h,ADAUSDT_1h,RandomForestClassifier,"{1: 0.5083333333333333, 0: 0.49166666666666664}",DESBALANCEO REAL VAL
1h,ADAUSDT_1h,RandomForestClassifier,"{0: 0.5583333333333333, 1: 0.44166666666666665}",DESBALANCEO PREDICCIÓN VAL
1h,ADAUSDT_1h,RandomForestClassifier,0.4912378467852748,F1 VALIDATION
1h,ADAUSDT_1h,RandomForestClassifier,"{1: 0.5083333333333333, 0: 0.49166666666666664}",DESBALANCEO REAL VAL
1h,ADAUSDT_1h,RandomForestClassifier,"{0: 0.55, 1: 0.45}",DESBALANCEO PREDICCIÓN VAL
1h,ADAUSDT_1h,RandomForestClassifier,0.4365451176181665,F1 VALIDATION
1h,ADAUSDT_1h,RandomForestClassifier,"{1: 0.5083333333333333, 0: 0.49166666666666664}",DESBALANCEO REAL VAL
1h,ADAUSDT_1h,RandomForestClassifier,"{0: 0.7666666666666667, 1: 0.23333333333333334}",DESBALANCEO PREDICCIÓN VAL
1h,ADAUSDT_1h,RandomForestClassifier,0.4539209260117139,F1 VALIDATION
1h,ADAUSDT_1h,RandomForestClassifier,"{1: 0.5083333333333333, 0: 0.49166666666666664}",DESBALANCEO REAL VAL
1h,ADAUSDT_1h,RandomForestClassifier,"{0: 0.775, 1: 0.225}",DESBALANCEO PREDICCIÓN VAL
1h,ADAUSDT_1h,RandomForestClassifier,0.4882618169835701,F1 VALIDATION
1h,ADAUSDT_1h,RandomForestClassifier,"{1: 0.5083333333333333, 0: 0.49166666666666664}",DESBALANCEO REAL VAL
1h,ADAUSDT_1h,RandomForestClassifier,"{0: 0.5083333333333333, 1: 0.49166666666666664}",DESBALANCEO PREDICCIÓN VAL
1h,ADAUSDT_1h,RandomForestClassifier,0.4566137566086752,F1 VALIDATION
1h,ADAUSDT_1h,RandomForestClassifier,"{1: 0.5083333333333333, 0: 0.49166666666666664}",DESBALANCEO REAL VAL
1h,ADAUSDT_1h,RandomForestClassifier,"{0: 0.7583333333333333, 1: 0.24166666666666667}",DESBALANCEO PREDICCIÓN VAL
1h,ADAUSDT_1h,RandomForestClassifier,0.4998650295189126,F1 VALIDATION
1h,ADAUSDT_1h,RandomForestClassifier,"{1: 0.5083333333333333, 0: 0.49166666666666664}",DESBALANCEO REAL VAL
1h,ADAUSDT_1h,RandomForestClassifier,"{0: 0.5916666666666667, 1: 0.4083333333333333}",DESBALANCEO PREDICCIÓN VAL
1h,ADAUSDT_1h,RandomForestClassifier,0.4622582880725882,F1 VALIDATION
1h,ADAUSDT_1h,RandomForestClassifier,"{1: 0.5083333333333333, 0: 0.49166666666666664}",DESBALANCEO REAL VAL
1h,ADAUSDT_1h,RandomForestClassifier,"{0: 0.7666666666666667, 1: 0.23333333333333334}",DESBALANCEO PREDICCIÓN VAL
1h,ADAUSDT_1h,RandomForestClassifier,0.5100078857223103,F1 VALIDATION
1h,ADAUSDT_1h,RandomForestClassifier,"{1: 0.5083333333333333, 0: 0.49166666666666664}",DESBALANCEO REAL VAL
1h,ADAUSDT_1h,RandomForestClassifier,"{0: 0.5166666666666667, 1: 0.48333333333333334}",DESBALANCEO PREDICCIÓN VAL
1h,ADAUSDT_1h,RandomForestClassifier,0.4302395984152379,F1 VALIDATION
1h,ADAUSDT_1h,RandomForestClassifier,"{1: 0.5083333333333333, 0: 0.49166666666666664}",DESBALANCEO REAL VAL
1h,ADAUSDT_1h,RandomForestClassifier,"{0: 0.8, 1: 0.2}",DESBALANCEO PREDICCIÓN VAL
1h,ADAUSDT_1h,RandomForestClassifier,0.49971464444698094,FINAL TEST
1h,ADAUSDT_1h,RandomForestClassifier,0.4993635766028832,F1 FINAL TEST
1h,ADAUSDT_1h,RandomForestClassifier,"{0: 0.5114712932313663, 1: 0.4885287067686337}",DESBALANCEO REAL
1h,ADAUSDT_1h,RandomForestClassifier,"{1: 0.5379522885515352, 0: 0.4620477114484648}",DESBALANCEO PREDICCIÓN
1h,TRXUSDT_1h,RandomForestClassifier,0.5276135659477832,F1 VALIDATION
1h,TRXUSDT_1h,RandomForestClassifier,"{1: 0.575, 0: 0.425}",DESBALANCEO REAL VAL
1h,TRXUSDT_1h,RandomForestClassifier,"{0: 0.8, 1: 0.2}",DESBALANCEO PREDICCIÓN VAL
1h,TRXUSDT_1h,RandomForestClassifier,0.5308265790819846,F1 VALIDATION
1h,TRXUSDT_1h,RandomForestClassifier,"{1: 0.575, 0: 0.425}",DESBALANCEO REAL VAL
1h,TRXUSDT_1h,RandomForestClassifier,"{1: 0.5166666666666667, 0: 0.48333333333333334}",DESBALANCEO PREDICCIÓN VAL
1h,TRXUSDT_1h,RandomForestClassifier,0.5345760246057941,F1 VALIDATION
1h,TRXUSDT_1h,RandomForestClassifier,"{1: 0.575, 0: 0.425}",DESBALANCEO REAL VAL
1h,TRXUSDT_1h,RandomForestClassifier,"{0: 0.7583333333333333, 1: 0.24166666666666667}",DESBALANCEO PREDICCIÓN VAL
1h,TRXUSDT_1h,RandomForestClassifier,0.5418850462052887,F1 VALIDATION
1h,TRXUSDT_1h,RandomForestClassifier,"{1: 0.575, 0: 0.425}",DESBALANCEO REAL VAL
1h,TRXUSDT_1h,RandomForestClassifier,"{0: 0.725, 1: 0.275}",DESBALANCEO PREDICCIÓN VAL
1h,TRXUSDT_1h,RandomForestClassifier,0.5429873018039753,F1 VALIDATION
1h,TRXUSDT_1h,RandomForestClassifier,"{1: 0.575, 0: 0.425}",DESBALANCEO REAL VAL
1h,TRXUSDT_1h,RandomForestClassifier,"{0: 0.575, 1: 0.425}",DESBALANCEO PREDICCIÓN VAL
1h,TRXUSDT_1h,RandomForestClassifier,0.5379490195231842,F1 VALIDATION
1h,TRXUSDT_1h,RandomForestClassifier,"{1: 0.575, 0: 0.425}",DESBALANCEO REAL VAL
1h,TRXUSDT_1h,RandomForestClassifier,"{0: 0.7916666666666666, 1: 0.20833333333333334}",DESBALANCEO PREDICCIÓN VAL
1h,TRXUSDT_1h,RandomForestClassifier,0.5374409698396104,F1 VALIDATION
1h,TRXUSDT_1h,RandomForestClassifier,"{1: 0.575, 0: 0.425}",DESBALANCEO REAL VAL
1h,TRXUSDT_1h,RandomForestClassifier,"{0: 0.7916666666666666, 1: 0.20833333333333334}",DESBALANCEO PREDICCIÓN VAL
1h,TRXUSDT_1h,RandomForestClassifier,0.5269329039981946,F1 VALIDATION
1h,TRXUSDT_1h,RandomForestClassifier,"{1: 0.575, 0: 0.425}",DESBALANCEO REAL VAL
1h,TRXUSDT_1h,RandomForestClassifier,"{0: 0.5666666666666667, 1: 0.43333333333333335}",DESBALANCEO PREDICCIÓN VAL
1h,TRXUSDT_1h,RandomForestClassifier,0.5225744220625022,F1 VALIDATION
1h,TRXUSDT_1h,RandomForestClassifier,"{1: 0.575, 0: 0.425}",DESBALANCEO REAL VAL
1h,TRXUSDT_1h,RandomForestClassifier,"{0: 0.6083333333333333, 1: 0.39166666666666666}",DESBALANCEO PREDICCIÓN VAL
1h,TRXUSDT_1h,RandomForestClassifier,0.5352660193776797,F1 VALIDATION
1h,TRXUSDT_1h,RandomForestClassifier,"{1: 0.575, 0: 0.425}",DESBALANCEO REAL VAL
1h,TRXUSDT_1h,RandomForestClassifier,"{0: 0.6083333333333333, 1: 0.39166666666666666}",DESBALANCEO PREDICCIÓN VAL
1h,TRXUSDT_1h,RandomForestClassifier,0.5067914621618537,FINAL TEST
1h,TRXUSDT_1h,RandomForestClassifier,0.5045901431889535,F1 FINAL TEST
1h,TRXUSDT_1h,RandomForestClassifier,"{1: 0.5325876041547769, 0: 0.46741239584522315}",DESBALANCEO REAL
1h,TRXUSDT_1h,RandomForestClassifier,"{1: 0.534071453030476, 0: 0.465928546969524}",DESBALANCEO PREDICCIÓN
1h,LINKUSDT_1h,RandomForestClassifier,0.4675569579219189,F1 VALIDATION
1h,LINKUSDT_1h,RandomForestClassifier,"{0: 0.575, 1: 0.425}",DESBALANCEO REAL VAL
1h,LINKUSDT_1h,RandomForestClassifier,"{1: 0.55, 0: 0.45}",DESBALANCEO PREDICCIÓN VAL
1h,LINKUSDT_1h,RandomForestClassifier,0.4636816355768687,F1 VALIDATION
1h,LINKUSDT_1h,RandomForestClassifier,"{0: 0.575, 1: 0.425}",DESBALANCEO REAL VAL
1h,LINKUSDT_1h,RandomForestClassifier,"{0: 0.5833333333333334, 1: 0.4166666666666667}",DESBALANCEO PREDICCIÓN VAL
1h,LINKUSDT_1h,RandomForestClassifier,0.40597604853900326,F1 VALIDATION
1h,LINKUSDT_1h,RandomForestClassifier,"{0: 0.575, 1: 0.425}",DESBALANCEO REAL VAL
1h,LINKUSDT_1h,RandomForestClassifier,"{0: 0.6166666666666667, 1: 0.38333333333333336}",DESBALANCEO PREDICCIÓN VAL
1h,LINKUSDT_1h,RandomForestClassifier,0.45973013531390594,F1 VALIDATION
1h,LINKUSDT_1h,RandomForestClassifier,"{0: 0.575, 1: 0.425}",DESBALANCEO REAL VAL
1h,LINKUSDT_1h,RandomForestClassifier,"{1: 0.5416666666666666, 0: 0.4583333333333333}",DESBALANCEO PREDICCIÓN VAL
1h,LINKUSDT_1h,RandomForestClassifier,0.4540499560880843,F1 VALIDATION
1h,LINKUSDT_1h,RandomForestClassifier,"{0: 0.575, 1: 0.425}",DESBALANCEO REAL VAL
1h,LINKUSDT_1h,RandomForestClassifier,"{1: 0.6083333333333333, 0: 0.39166666666666666}",DESBALANCEO PREDICCIÓN VAL
1h,LINKUSDT_1h,RandomForestClassifier,0.46468778971053987,F1 VALIDATION
1h,LINKUSDT_1h,RandomForestClassifier,"{0: 0.575, 1: 0.425}",DESBALANCEO REAL VAL
1h,LINKUSDT_1h,RandomForestClassifier,"{0: 0.5, 1: 0.5}",DESBALANCEO PREDICCIÓN VAL
1h,LINKUSDT_1h,RandomForestClassifier,0.4349282165075142,F1 VALIDATION
1h,LINKUSDT_1h,RandomForestClassifier,"{0: 0.575, 1: 0.425}",DESBALANCEO REAL VAL
1h,LINKUSDT_1h,RandomForestClassifier,"{1: 0.5, 0: 0.5}",DESBALANCEO PREDICCIÓN VAL
1h,LINKUSDT_1h,RandomForestClassifier,0.4601443799494798,F1 VALIDATION
1h,LINKUSDT_1h,RandomForestClassifier,"{0: 0.575, 1: 0.425}",DESBALANCEO REAL VAL
1h,LINKUSDT_1h,RandomForestClassifier,"{1: 0.5083333333333333, 0: 0.49166666666666664}",DESBALANCEO PREDICCIÓN VAL
1h,LINKUSDT_1h,RandomForestClassifier,0.36998616770813836,F1 VALIDATION
1h,LINKUSDT_1h,RandomForestClassifier,"{0: 0.575, 1: 0.425}",DESBALANCEO REAL VAL
1h,LINKUSDT_1h,RandomForestClassifier,"{0: 0.7916666666666666, 1: 0.20833333333333334}",DESBALANCEO PREDICCIÓN VAL
1h,LINKUSDT_1h,RandomForestClassifier,0.4694303465635337,F1 VALIDATION
1h,LINKUSDT_1h,RandomForestClassifier,"{0: 0.575, 1: 0.425}",DESBALANCEO REAL VAL
1h,LINKUSDT_1h,RandomForestClassifier,"{1: 0.525, 0: 0.475}",DESBALANCEO PREDICCIÓN VAL
1h,LINKUSDT_1h,RandomForestClassifier,0.49446410227143023,FINAL TEST
1h,LINKUSDT_1h,RandomForestClassifier,0.49410934993706823,F1 FINAL TEST
1h,LINKUSDT_1h,RandomForestClassifier,"{0: 0.5056500399497774, 1: 0.4943499600502226}",DESBALANCEO REAL
1h,LINKUSDT_1h,RandomForestClassifier,"{0: 0.5208309553703915, 1: 0.47916904462960846}",DESBALANCEO PREDICCIÓN
1h,AVAXUSDT_1h,RandomForestClassifier,0.488020026977679,F1 VALIDATION
1h,AVAXUSDT_1h,RandomForestClassifier,"{0: 0.5666666666666667, 1: 0.43333333333333335}",DESBALANCEO REAL VAL
1h,AVAXUSDT_1h,RandomForestClassifier,"{1: 0.5, 0: 0.5}",DESBALANCEO PREDICCIÓN VAL
1h,AVAXUSDT_1h,RandomForestClassifier,0.5057680037404786,F1 VALIDATION
1h,AVAXUSDT_1h,RandomForestClassifier,"{0: 0.5666666666666667, 1: 0.43333333333333335}",DESBALANCEO REAL VAL
1h,AVAXUSDT_1h,RandomForestClassifier,"{1: 0.525, 0: 0.475}",DESBALANCEO PREDICCIÓN VAL
1h,AVAXUSDT_1h,RandomForestClassifier,0.49978994760927636,F1 VALIDATION
1h,AVAXUSDT_1h,RandomForestClassifier,"{0: 0.5666666666666667, 1: 0.43333333333333335}",DESBALANCEO REAL VAL
1h,AVAXUSDT_1h,RandomForestClassifier,"{1: 0.625, 0: 0.375}",DESBALANCEO PREDICCIÓN VAL
1h,AVAXUSDT_1h,RandomForestClassifier,0.5115925048615397,F1 VALIDATION
1h,AVAXUSDT_1h,RandomForestClassifier,"{0: 0.5666666666666667, 1: 0.43333333333333335}",DESBALANCEO REAL VAL
1h,AVAXUSDT_1h,RandomForestClassifier,"{1: 0.675, 0: 0.325}",DESBALANCEO PREDICCIÓN VAL
1h,AVAXUSDT_1h,RandomForestClassifier,0.4917659676201149,F1 VALIDATION
1h,AVAXUSDT_1h,RandomForestClassifier,"{0: 0.5666666666666667, 1: 0.43333333333333335}",DESBALANCEO REAL VAL
1h,AVAXUSDT_1h,RandomForestClassifier,"{1: 0.6833333333333333, 0: 0.31666666666666665}",DESBALANCEO PREDICCIÓN VAL
1h,AVAXUSDT_1h,RandomForestClassifier,0.49175937539029746,F1 VALIDATION
1h,AVAXUSDT_1h,RandomForestClassifier,"{0: 0.5666666666666667, 1: 0.43333333333333335}",DESBALANCEO REAL VAL
1h,AVAXUSDT_1h,RandomForestClassifier,"{1: 0.5166666666666667, 0: 0.48333333333333334}",DESBALANCEO PREDICCIÓN VAL
1h,AVAXUSDT_1h,RandomForestClassifier,0.4778448567190134,F1 VALIDATION
1h,AVAXUSDT_1h,RandomForestClassifier,"{0: 0.5666666666666667, 1: 0.43333333333333335}",DESBALANCEO REAL VAL
1h,AVAXUSDT_1h,RandomForestClassifier,"{0: 0.5083333333333333, 1: 0.49166666666666664}",DESBALANCEO PREDICCIÓN VAL
1h,AVAXUSDT_1h,RandomForestClassifier,0.4622544368264059,F1 VALIDATION
1h,AVAXUSDT_1h,RandomForestClassifier,"{0: 0.5666666666666667, 1: 0.43333333333333335}",DESBALANCEO REAL VAL
1h,AVAXUSDT_1h,RandomForestClassifier,"{1: 0.5416666666666666, 0: 0.4583333333333333}",DESBALANCEO PREDICCIÓN VAL
1h,AVAXUSDT_1h,RandomForestClassifier,0.5016486455115432,F1 VALIDATION
1h,AVAXUSDT_1h,RandomForestClassifier,"{0: 0.5666666666666667, 1: 0.43333333333333335}",DESBALANCEO REAL VAL
1h,AVAXUSDT_1h,RandomForestClassifier,"{1: 0.5916666666666667, 0: 0.4083333333333333}",DESBALANCEO PREDICCIÓN VAL
1h,AVAXUSDT_1h,RandomForestClassifier,0.4945672248050251,F1 VALIDATION
1h,AVAXUSDT_1h,RandomForestClassifier,"{0: 0.5666666666666667, 1: 0.43333333333333335}",DESBALANCEO REAL VAL
1h,AVAXUSDT_1h,RandomForestClassifier,"{1: 0.6916666666666667, 0: 0.30833333333333335}",DESBALANCEO PREDICCIÓN VAL
1h,AVAXUSDT_1h,RandomForestClassifier,0.5190046798310695,FINAL TEST
1h,AVAXUSDT_1h,RandomForestClassifier,0.5092528906327347,F1 FINAL TEST
1h,AVAXUSDT_1h,RandomForestClassifier,"{0: 0.513982422097934, 1: 0.48601757790206596}",DESBALANCEO REAL
1h,AVAXUSDT_1h,RandomForestClassifier,"{0: 0.6269832210934825, 1: 0.3730167789065175}",DESBALANCEO PREDICCIÓN
1h,BTCUSDT_1h,GradientBoostingClassifier,0.49533542843468553,F1 VALIDATION
1h,BTCUSDT_1h,GradientBoostingClassifier,"{0: 0.5333333333333333, 1: 0.4666666666666667}",DESBALANCEO REAL VAL
1h,BTCUSDT_1h,GradientBoostingClassifier,"{0: 0.6666666666666666, 1: 0.3333333333333333}",DESBALANCEO PREDICCIÓN VAL
1h,BTCUSDT_1h,GradientBoostingClassifier,0.49435487761813485,F1 VALIDATION
1h,BTCUSDT_1h,GradientBoostingClassifier,"{0: 0.5333333333333333, 1: 0.4666666666666667}",DESBALANCEO REAL VAL
1h,BTCUSDT_1h,GradientBoostingClassifier,"{0: 0.6833333333333333, 1: 0.31666666666666665}",DESBALANCEO PREDICCIÓN VAL
1h,BTCUSDT_1h,GradientBoostingClassifier,0.49771935028274106,F1 VALIDATION
1h,BTCUSDT_1h,GradientBoostingClassifier,"{0: 0.5333333333333333, 1: 0.4666666666666667}",DESBALANCEO REAL VAL
1h,BTCUSDT_1h,GradientBoostingClassifier,"{0: 0.575, 1: 0.425}",DESBALANCEO PREDICCIÓN VAL
1h,BTCUSDT_1h,GradientBoostingClassifier,0.49607070630341,F1 VALIDATION
1h,BTCUSDT_1h,GradientBoostingClassifier,"{0: 0.5333333333333333, 1: 0.4666666666666667}",DESBALANCEO REAL VAL
1h,BTCUSDT_1h,GradientBoostingClassifier,"{0: 0.65, 1: 0.35}",DESBALANCEO PREDICCIÓN VAL
1h,BTCUSDT_1h,GradientBoostingClassifier,0.49640113515951906,F1 VALIDATION
1h,BTCUSDT_1h,GradientBoostingClassifier,"{0: 0.5333333333333333, 1: 0.4666666666666667}",DESBALANCEO REAL VAL
1h,BTCUSDT_1h,GradientBoostingClassifier,"{0: 0.675, 1: 0.325}",DESBALANCEO PREDICCIÓN VAL
1h,BTCUSDT_1h,GradientBoostingClassifier,0.5286453988748955,F1 VALIDATION
1h,BTCUSDT_1h,GradientBoostingClassifier,"{0: 0.5333333333333333, 1: 0.4666666666666667}",DESBALANCEO REAL VAL
1h,BTCUSDT_1h,GradientBoostingClassifier,"{0: 0.6416666666666667, 1: 0.35833333333333334}",DESBALANCEO PREDICCIÓN VAL
1h,BTCUSDT_1h,GradientBoostingClassifier,0.48101277127756015,F1 VALIDATION
1h,BTCUSDT_1h,GradientBoostingClassifier,"{0: 0.5333333333333333, 1: 0.4666666666666667}",DESBALANCEO REAL VAL
1h,BTCUSDT_1h,GradientBoostingClassifier,"{0: 0.5833333333333334, 1: 0.4166666666666667}",DESBALANCEO PREDICCIÓN VAL
1h,BTCUSDT_1h,GradientBoostingClassifier,0.48006281301277925,F1 VALIDATION
1h,BTCUSDT_1h,GradientBoostingClassifier,"{0: 0.5333333333333333, 1: 0.4666666666666667}",DESBALANCEO REAL VAL
1h,BTCUSDT_1h,GradientBoostingClassifier,"{0: 0.625, 1: 0.375}",DESBALANCEO PREDICCIÓN VAL
1h,BTCUSDT_1h,GradientBoostingClassifier,0.5074629100317434,F1 VALIDATION
1h,BTCUSDT_1h,GradientBoostingClassifier,"{0: 0.5333333333333333, 1: 0.4666666666666667}",DESBALANCEO REAL VAL
1h,BTCUSDT_1h,GradientBoostingClassifier,"{0: 0.75, 1: 0.25}",DESBALANCEO PREDICCIÓN VAL
1h,BTCUSDT_1h,GradientBoostingClassifier,0.5007318645545008,F1 VALIDATION
1h,BTCUSDT_1h,GradientBoostingClassifier,"{0: 0.5333333333333333, 1: 0.4666666666666667}",DESBALANCEO REAL VAL
1h,BTCUSDT_1h,GradientBoostingClassifier,"{0: 0.6, 1: 0.4}",DESBALANCEO PREDICCIÓN VAL
1h,BTCUSDT_1h,GradientBoostingClassifier,0.5143248487615569,FINAL TEST
1h,BTCUSDT_1h,GradientBoostingClassifier,0.5130055403082425,F1 FINAL TEST
1h,BTCUSDT_1h,GradientBoostingClassifier,"{1: 0.5288209108549252, 0: 0.4711790891450748}",DESBALANCEO REAL
1h,BTCUSDT_1h,GradientBoostingClassifier,"{0: 0.5808697637256021, 1: 0.4191302362743979}",DESBALANCEO PREDICCIÓN
1h,ETHUSDT_1h,GradientBoostingClassifier,0.51078778600655,F1 VALIDATION
1h,ETHUSDT_1h,GradientBoostingClassifier,"{0: 0.5416666666666666, 1: 0.4583333333333333}",DESBALANCEO REAL VAL
1h,ETHUSDT_1h,GradientBoostingClassifier,"{1: 0.575, 0: 0.425}",DESBALANCEO PREDICCIÓN VAL
1h,ETHUSDT_1h,GradientBoostingClassifier,0.5070094929065749,F1 VALIDATION
1h,ETHUSDT_1h,GradientBoostingClassifier,"{0: 0.5416666666666666, 1: 0.4583333333333333}",DESBALANCEO REAL VAL
1h,ETHUSDT_1h,GradientBoostingClassifier,"{1: 0.625, 0: 0.375}",DESBALANCEO PREDICCIÓN VAL
1h,ETHUSDT_1h,GradientBoostingClassifier,0.5231911203358146,F1 VALIDATION
1h,ETHUSDT_1h,GradientBoostingClassifier,"{0: 0.5416666666666666, 1: 0.4583333333333333}",DESBALANCEO REAL VAL
1h,ETHUSDT_1h,GradientBoostingClassifier,"{1: 0.5666666666666667, 0: 0.43333333333333335}",DESBALANCEO PREDICCIÓN VAL
1h,ETHUSDT_1h,GradientBoostingClassifier,0.5091929327150778,F1 VALIDATION
1h,ETHUSDT_1h,GradientBoostingClassifier,"{0: 0.5416666666666666, 1: 0.4583333333333333}",DESBALANCEO REAL VAL
1h,ETHUSDT_1h,GradientBoostingClassifier,"{1: 0.625, 0: 0.375}",DESBALANCEO PREDICCIÓN VAL
1h,ETHUSDT_1h,GradientBoostingClassifier,0.5125336725191453,F1 VALIDATION
1h,ETHUSDT_1h,GradientBoostingClassifier,"{0: 0.5416666666666666, 1: 0.4583333333333333}",DESBALANCEO REAL VAL
1h,ETHUSDT_1h,GradientBoostingClassifier,"{1: 0.6916666666666667, 0: 0.30833333333333335}",DESBALANCEO PREDICCIÓN VAL
1h,ETHUSDT_1h,GradientBoostingClassifier,0.5002315102497072,F1 VALIDATION
1h,ETHUSDT_1h,GradientBoostingClassifier,"{0: 0.5416666666666666, 1: 0.4583333333333333}",DESBALANCEO REAL VAL
1h,ETHUSDT_1h,GradientBoostingClassifier,"{1: 0.6833333333333333, 0: 0.31666666666666665}",DESBALANCEO PREDICCIÓN VAL
1h,ETHUSDT_1h,GradientBoostingClassifier,0.4904212136630415,F1 VALIDATION
1h,ETHUSDT_1h,GradientBoostingClassifier,"{0: 0.5416666666666666, 1: 0.4583333333333333}",DESBALANCEO REAL VAL
1h,ETHUSDT_1h,GradientBoostingClassifier,"{1: 0.6, 0: 0.4}",DESBALANCEO PREDICCIÓN VAL
1h,ETHUSDT_1h,GradientBoostingClassifier,0.4921058198558737,F1 VALIDATION
1h,ETHUSDT_1h,GradientBoostingClassifier,"{0: 0.5416666666666666, 1: 0.4583333333333333}",DESBALANCEO REAL VAL
1h,ETHUSDT_1h,GradientBoostingClassifier,"{1: 0.5666666666666667, 0: 0.43333333333333335}",DESBALANCEO PREDICCIÓN VAL
1h,ETHUSDT_1h,GradientBoostingClassifier,0.49991683555409044,F1 VALIDATION
1h,ETHUSDT_1h,GradientBoostingClassifier,"{0: 0.5416666666666666, 1: 0.4583333333333333}",DESBALANCEO REAL VAL
1h,ETHUSDT_1h,GradientBoostingClassifier,"{1: 0.625, 0: 0.375}",DESBALANCEO PREDICCIÓN VAL
1h,ETHUSDT_1h,GradientBoostingClassifier,0.5007993652780254,F1 VALIDATION
1h,ETHUSDT_1h,GradientBoostingClassifier,"{0: 0.5416666666666666, 1: 0.4583333333333333}",DESBALANCEO REAL VAL
1h,ETHUSDT_1h,GradientBoostingClassifier,"{1: 0.6, 0: 0.4}",DESBALANCEO PREDICCIÓN VAL
1h,ETHUSDT_1h,GradientBoostingClassifier,0.5137541376555188,FINAL TEST
1h,ETHUSDT_1h,GradientBoostingClassifier,0.5102315560191589,F1 FINAL TEST
1h,ETHUSDT_1h,GradientBoostingClassifier,"{1: 0.5111288665677434, 0: 0.4888711334322566}",DESBALANCEO REAL
1h,ETHUSDT_1h,GradientBoostingClassifier,"{0: 0.5959365369250086, 1: 0.4040634630749914}",DESBALANCEO PREDICCIÓN
1h,XRPUSDT_1h,GradientBoostingClassifier,0.5329603390221112,F1 VALIDATION
1h,XRPUSDT_1h,GradientBoostingClassifier,"{0: 0.5583333333333333, 1: 0.44166666666666665}",DESBALANCEO REAL VAL
1h,XRPUSDT_1h,GradientBoostingClassifier,"{0: 0.625, 1: 0.375}",DESBALANCEO PREDICCIÓN VAL
1h,XRPUSDT_1h,GradientBoostingClassifier,0.5210730670076105,F1 VALIDATION
1h,XRPUSDT_1h,GradientBoostingClassifier,"{0: 0.5583333333333333, 1: 0.44166666666666665}",DESBALANCEO REAL VAL
1h,XRPUSDT_1h,GradientBoostingClassifier,"{0: 0.6666666666666666, 1: 0.3333333333333333}",DESBALANCEO PREDICCIÓN VAL
1h,XRPUSDT_1h,GradientBoostingClassifier,0.5231406433235188,F1 VALIDATION
1h,XRPUSDT_1h,GradientBoostingClassifier,"{0: 0.5583333333333333, 1: 0.44166666666666665}",DESBALANCEO REAL VAL
1h,XRPUSDT_1h,GradientBoostingClassifier,"{0: 0.6666666666666666, 1: 0.3333333333333333}",DESBALANCEO PREDICCIÓN VAL
1h,XRPUSDT_1h,GradientBoostingClassifier,0.5292476187311494,F1 VALIDATION
1h,XRPUSDT_1h,GradientBoostingClassifier,"{0: 0.5583333333333333, 1: 0.44166666666666665}",DESBALANCEO REAL VAL
1h,XRPUSDT_1h,GradientBoostingClassifier,"{0: 0.5916666666666667, 1: 0.4083333333333333}",DESBALANCEO PREDICCIÓN VAL
1h,XRPUSDT_1h,GradientBoostingClassifier,0.5078958618311541,F1 VALIDATION
1h,XRPUSDT_1h,GradientBoostingClassifier,"{0: 0.5583333333333333, 1: 0.44166666666666665}",DESBALANCEO REAL VAL
1h,XRPUSDT_1h,GradientBoostingClassifier,"{0: 0.575, 1: 0.425}",DESBALANCEO PREDICCIÓN VAL
1h,XRPUSDT_1h,GradientBoostingClassifier,0.523495492621105,F1 VALIDATION
1h,XRPUSDT_1h,GradientBoostingClassifier,"{0: 0.5583333333333333, 1: 0.44166666666666665}",DESBALANCEO REAL VAL
1h,XRPUSDT_1h,GradientBoostingClassifier,"{0: 0.5583333333333333, 1: 0.44166666666666665}",DESBALANCEO PREDICCIÓN VAL
1h,XRPUSDT_1h,GradientBoostingClassifier,0.516234402160865,F1 VALIDATION
1h,XRPUSDT_1h,GradientBoostingClassifier,"{0: 0.5583333333333333, 1: 0.44166666666666665}",DESBALANCEO REAL VAL
1h,XRPUSDT_1h,GradientBoostingClassifier,"{0: 0.6833333333333333, 1: 0.31666666666666665}",DESBALANCEO PREDICCIÓN VAL
1h,XRPUSDT_1h,GradientBoostingClassifier,0.5062677853839389,F1 VALIDATION
1h,XRPUSDT_1h,GradientBoostingClassifier,"{0: 0.5583333333333333, 1: 0.44166666666666665}",DESBALANCEO REAL VAL
1h,XRPUSDT_1h,GradientBoostingClassifier,"{0: 0.55, 1: 0.45}",DESBALANCEO PREDICCIÓN VAL
1h,XRPUSDT_1h,GradientBoostingClassifier,0.5153269417684052,F1 VALIDATION
1h,XRPUSDT_1h,GradientBoostingClassifier,"{0: 0.5583333333333333, 1: 0.44166666666666665}",DESBALANCEO REAL VAL
1h,XRPUSDT_1h,GradientBoostingClassifier,"{0: 0.625, 1: 0.375}",DESBALANCEO PREDICCIÓN VAL
1h,XRPUSDT_1h,GradientBoostingClassifier,0.536401365108528,F1 VALIDATION
1h,XRPUSDT_1h,GradientBoostingClassifier,"{0: 0.5583333333333333, 1: 0.44166666666666665}",DESBALANCEO REAL VAL
1h,XRPUSDT_1h,GradientBoostingClassifier,"{0: 0.6083333333333333, 1: 0.39166666666666666}",DESBALANCEO PREDICCIÓN VAL
1h,XRPUSDT_1h,GradientBoostingClassifier,0.49971464444698094,FINAL TEST
1h,XRPUSDT_1h,GradientBoostingClassifier,0.49907935629283906,F1 FINAL TEST
1h,XRPUSDT_1h,GradientBoostingClassifier,"{1: 0.5010843511014724, 0: 0.4989156488985276}",DESBALANCEO REAL
1h,XRPUSDT_1h,GradientBoostingClassifier,"{0: 0.5366967241182513, 1: 0.46330327588174863}",DESBALANCEO PREDICCIÓN
1h,BNBUSDT_1h,GradientBoostingClassifier,0.5182347096858197,F1 VALIDATION
1h,BNBUSDT_1h,GradientBoostingClassifier,"{0: 0.5333333333333333, 1: 0.4666666666666667}",DESBALANCEO REAL VAL
1h,BNBUSDT_1h,GradientBoostingClassifier,"{1: 0.675, 0: 0.325}",DESBALANCEO PREDICCIÓN VAL
1h,BNBUSDT_1h,GradientBoostingClassifier,0.49157684772611737,F1 VALIDATION
1h,BNBUSDT_1h,GradientBoostingClassifier,"{0: 0.5333333333333333, 1: 0.4666666666666667}",DESBALANCEO REAL VAL
1h,BNBUSDT_1h,GradientBoostingClassifier,"{1: 0.8583333333333333, 0: 0.14166666666666666}",DESBALANCEO PREDICCIÓN VAL
1h,BNBUSDT_1h,GradientBoostingClassifier,0.49773950599831923,F1 VALIDATION
1h,BNBUSDT_1h,GradientBoostingClassifier,"{0: 0.5333333333333333, 1: 0.4666666666666667}",DESBALANCEO REAL VAL
1h,BNBUSDT_1h,GradientBoostingClassifier,"{1: 0.6583333333333333, 0: 0.3416666666666667}",DESBALANCEO PREDICCIÓN VAL
1h,BNBUSDT_1h,GradientBoostingClassifier,0.49933306920236376,F1 VALIDATION
1h,BNBUSDT_1h,GradientBoostingClassifier,"{0: 0.5333333333333333, 1: 0.4666666666666667}",DESBALANCEO REAL VAL
1h,BNBUSDT_1h,GradientBoostingClassifier,"{1: 0.675, 0: 0.325}",DESBALANCEO PREDICCIÓN VAL
1h,BNBUSDT_1h,GradientBoostingClassifier,0.4787787327869578,F1 VALIDATION
1h,BNBUSDT_1h,GradientBoostingClassifier,"{0: 0.5333333333333333, 1: 0.4666666666666667}",DESBALANCEO REAL VAL
1h,BNBUSDT_1h,GradientBoostingClassifier,"{1: 0.8166666666666667, 0: 0.18333333333333332}",DESBALANCEO PREDICCIÓN VAL
1h,BNBUSDT_1h,GradientBoostingClassifier,0.5137320023640027,F1 VALIDATION
1h,BNBUSDT_1h,GradientBoostingClassifier,"{0: 0.5333333333333333, 1: 0.4666666666666667}",DESBALANCEO REAL VAL
1h,BNBUSDT_1h,GradientBoostingClassifier,"{1: 0.7083333333333334, 0: 0.2916666666666667}",DESBALANCEO PREDICCIÓN VAL
1h,BNBUSDT_1h,GradientBoostingClassifier,0.5038362482458891,F1 VALIDATION
1h,BNBUSDT_1h,GradientBoostingClassifier,"{0: 0.5333333333333333, 1: 0.4666666666666667}",DESBALANCEO REAL VAL
1h,BNBUSDT_1h,GradientBoostingClassifier,"{1: 0.6416666666666667, 0: 0.35833333333333334}",DESBALANCEO PREDICCIÓN VAL
1h,BNBUSDT_1h,GradientBoostingClassifier,0.4895312062885777,F1 VALIDATION
1h,BNBUSDT_1h,GradientBoostingClassifier,"{0: 0.5333333333333333, 1: 0.4666666666666667}",DESBALANCEO REAL VAL
1h,BNBUSDT_1h,GradientBoostingClassifier,"{1: 0.8416666666666667, 0: 0.15833333333333333}",DESBALANCEO PREDICCIÓN VAL
1h,BNBUSDT_1h,GradientBoostingClassifier,0.49247914455256947,F1 VALIDATION
1h,BNBUSDT_1h,GradientBoostingClassifier,"{0: 0.5333333333333333, 1: 0.4666666666666667}",DESBALANCEO REAL VAL
1h,BNBUSDT_1h,GradientBoostingClassifier,"{1: 0.775, 0: 0.225}",DESBALANCEO PREDICCIÓN VAL
1h,BNBUSDT_1h,GradientBoostingClassifier,0.4984517806565945,F1 VALIDATION
1h,BNBUSDT_1h,GradientBoostingClassifier,"{0: 0.5333333333333333, 1: 0.4666666666666667}",DESBALANCEO REAL VAL
1h,BNBUSDT_1h,GradientBoostingClassifier,"{1: 0.8416666666666667, 0: 0.15833333333333333}",DESBALANCEO PREDICCIÓN VAL
1h,BNBUSDT_1h,GradientBoostingClassifier,0.5054217555073621,FINAL TEST
1h,BNBUSDT_1h,GradientBoostingClassifier,0.5054173996046744,F1 FINAL TEST
1h,BNBUSDT_1h,GradientBoostingClassifier,"{1: 0.5252825019974888, 0: 0.4747174980025111}",DESBALANCEO REAL
1h,BNBUSDT_1h,GradientBoostingClassifier,"{0: 0.5282501997488871, 1: 0.4717498002511129}",DESBALANCEO PREDICCIÓN
1h,SOLUSDT_1h,GradientBoostingClassifier,0.4971149115853029,F1 VALIDATION
1h,SOLUSDT_1h,GradientBoostingClassifier,"{1: 0.5083333333333333, 0: 0.49166666666666664}",DESBALANCEO REAL VAL
1h,SOLUSDT_1h,GradientBoostingClassifier,"{0: 0.575, 1: 0.425}",DESBALANCEO PREDICCIÓN VAL
1h,SOLUSDT_1h,GradientBoostingClassifier,0.4920853299346767,F1 VALIDATION
1h,SOLUSDT_1h,GradientBoostingClassifier,"{1: 0.5083333333333333, 0: 0.49166666666666664}",DESBALANCEO REAL VAL
1h,SOLUSDT_1h,GradientBoostingClassifier,"{0: 0.5083333333333333, 1: 0.49166666666666664}",DESBALANCEO PREDICCIÓN VAL
1h,SOLUSDT_1h,GradientBoostingClassifier,0.4623288026855211,F1 VALIDATION
1h,SOLUSDT_1h,GradientBoostingClassifier,"{1: 0.5083333333333333, 0: 0.49166666666666664}",DESBALANCEO REAL VAL
1h,SOLUSDT_1h,GradientBoostingClassifier,"{1: 0.625, 0: 0.375}",DESBALANCEO PREDICCIÓN VAL
1h,SOLUSDT_1h,GradientBoostingClassifier,0.47546468969946504,F1 VALIDATION
1h,SOLUSDT_1h,GradientBoostingClassifier,"{1: 0.5083333333333333, 0: 0.49166666666666664}",DESBALANCEO REAL VAL
1h,SOLUSDT_1h,GradientBoostingClassifier,"{0: 0.5166666666666667, 1: 0.48333333333333334}",DESBALANCEO PREDICCIÓN VAL
1h,SOLUSDT_1h,GradientBoostingClassifier,0.4750057956647473,F1 VALIDATION
1h,SOLUSDT_1h,GradientBoostingClassifier,"{1: 0.5083333333333333, 0: 0.49166666666666664}",DESBALANCEO REAL VAL
1h,SOLUSDT_1h,GradientBoostingClassifier,"{1: 0.55, 0: 0.45}",DESBALANCEO PREDICCIÓN VAL
1h,SOLUSDT_1h,GradientBoostingClassifier,0.47453396980552254,F1 VALIDATION
1h,SOLUSDT_1h,GradientBoostingClassifier,"{1: 0.5083333333333333, 0: 0.49166666666666664}",DESBALANCEO REAL VAL
1h,SOLUSDT_1h,GradientBoostingClassifier,"{1: 0.5666666666666667, 0: 0.43333333333333335}",DESBALANCEO PREDICCIÓN VAL
1h,SOLUSDT_1h,GradientBoostingClassifier,0.47746304120408756,F1 VALIDATION
1h,SOLUSDT_1h,GradientBoostingClassifier,"{1: 0.5083333333333333, 0: 0.49166666666666664}",DESBALANCEO REAL VAL
1h,SOLUSDT_1h,GradientBoostingClassifier,"{1: 0.5666666666666667, 0: 0.43333333333333335}",DESBALANCEO PREDICCIÓN VAL
1h,SOLUSDT_1h,GradientBoostingClassifier,0.4744504735307501,F1 VALIDATION
1h,SOLUSDT_1h,GradientBoostingClassifier,"{1: 0.5083333333333333, 0: 0.49166666666666664}",DESBALANCEO REAL VAL
1h,SOLUSDT_1h,GradientBoostingClassifier,"{1: 0.525, 0: 0.475}",DESBALANCEO PREDICCIÓN VAL
1h,SOLUSDT_1h,GradientBoostingClassifier,0.4799361998913696,F1 VALIDATION
1h,SOLUSDT_1h,GradientBoostingClassifier,"{1: 0.5083333333333333, 0: 0.49166666666666664}",DESBALANCEO REAL VAL
1h,SOLUSDT_1h,GradientBoostingClassifier,"{1: 0.5, 0: 0.5}",DESBALANCEO PREDICCIÓN VAL
1h,SOLUSDT_1h,GradientBoostingClassifier,0.46765037628488726,F1 VALIDATION
1h,SOLUSDT_1h,GradientBoostingClassifier,"{1: 0.5083333333333333, 0: 0.49166666666666664}",DESBALANCEO REAL VAL
1h,SOLUSDT_1h,GradientBoostingClassifier,"{1: 0.5583333333333333, 0: 0.44166666666666665}",DESBALANCEO PREDICCIÓN VAL
1h,SOLUSDT_1h,GradientBoostingClassifier,0.4985732222349047,FINAL TEST
1h,SOLUSDT_1h,GradientBoostingClassifier,0.4966467440539931,F1 FINAL TEST
1h,SOLUSDT_1h,GradientBoostingClassifier,"{1: 0.5071338888254765, 0: 0.49286611117452345}",DESBALANCEO REAL
1h,SOLUSDT_1h,GradientBoostingClassifier,"{0: 0.5689989727200091, 1: 0.43100102727999084}",DESBALANCEO PREDICCIÓN
1h,ADAUSDT_1h,GradientBoostingClassifier,0.492381100761658,F1 VALIDATION
1h,ADAUSDT_1h,GradientBoostingClassifier,"{1: 0.5083333333333333, 0: 0.49166666666666664}",DESBALANCEO REAL VAL
1h,ADAUSDT_1h,GradientBoostingClassifier,"{0: 0.5916666666666667, 1: 0.4083333333333333}",DESBALANCEO PREDICCIÓN VAL
1h,ADAUSDT_1h,GradientBoostingClassifier,0.4829214954835507,F1 VALIDATION
1h,ADAUSDT_1h,GradientBoostingClassifier,"{1: 0.5083333333333333, 0: 0.49166666666666664}",DESBALANCEO REAL VAL
1h,ADAUSDT_1h,GradientBoostingClassifier,"{0: 0.5583333333333333, 1: 0.44166666666666665}",DESBALANCEO PREDICCIÓN VAL
1h,ADAUSDT_1h,GradientBoostingClassifier,0.4971451742567766,F1 VALIDATION
1h,ADAUSDT_1h,GradientBoostingClassifier,"{1: 0.5083333333333333, 0: 0.49166666666666664}",DESBALANCEO REAL VAL
1h,ADAUSDT_1h,GradientBoostingClassifier,"{0: 0.5166666666666667, 1: 0.48333333333333334}",DESBALANCEO PREDICCIÓN VAL
1h,ADAUSDT_1h,GradientBoostingClassifier,0.4914952138922379,F1 VALIDATION
1h,ADAUSDT_1h,GradientBoostingClassifier,"{1: 0.5083333333333333, 0: 0.49166666666666664}",DESBALANCEO REAL VAL
1h,ADAUSDT_1h,GradientBoostingClassifier,"{0: 0.525, 1: 0.475}",DESBALANCEO PREDICCIÓN VAL
1h,ADAUSDT_1h,GradientBoostingClassifier,0.4978142064897755,F1 VALIDATION
1h,ADAUSDT_1h,GradientBoostingClassifier,"{1: 0.5083333333333333, 0: 0.49166666666666664}",DESBALANCEO REAL VAL
1h,ADAUSDT_1h,GradientBoostingClassifier,"{1: 0.5166666666666667, 0: 0.48333333333333334}",DESBALANCEO PREDICCIÓN VAL
1h,ADAUSDT_1h,GradientBoostingClassifier,0.44322867026382395,F1 VALIDATION
1h,ADAUSDT_1h,GradientBoostingClassifier,"{1: 0.5083333333333333, 0: 0.49166666666666664}",DESBALANCEO REAL VAL
1h,ADAUSDT_1h,GradientBoostingClassifier,"{0: 0.7166666666666667, 1: 0.2833333333333333}",DESBALANCEO PREDICCIÓN VAL
1h,ADAUSDT_1h,GradientBoostingClassifier,0.48653956101686513,F1 VALIDATION
1h,ADAUSDT_1h,GradientBoostingClassifier,"{1: 0.5083333333333333, 0: 0.49166666666666664}",DESBALANCEO REAL VAL
1h,ADAUSDT_1h,GradientBoostingClassifier,"{0: 0.525, 1: 0.475}",DESBALANCEO PREDICCIÓN VAL
1h,ADAUSDT_1h,GradientBoostingClassifier,0.4898199608194071,F1 VALIDATION
1h,ADAUSDT_1h,GradientBoostingClassifier,"{1: 0.5083333333333333, 0: 0.49166666666666664}",DESBALANCEO REAL VAL
1h,ADAUSDT_1h,GradientBoostingClassifier,"{1: 0.5, 0: 0.5}",DESBALANCEO PREDICCIÓN VAL
1h,ADAUSDT_1h,GradientBoostingClassifier,0.49042293661957714,F1 VALIDATION
1h,ADAUSDT_1h,GradientBoostingClassifier,"{1: 0.5083333333333333, 0: 0.49166666666666664}",DESBALANCEO REAL VAL
1h,ADAUSDT_1h,GradientBoostingClassifier,"{0: 0.55, 1: 0.45}",DESBALANCEO PREDICCIÓN VAL
1h,ADAUSDT_1h,GradientBoostingClassifier,0.4877139913351435,F1 VALIDATION
1h,ADAUSDT_1h,GradientBoostingClassifier,"{1: 0.5083333333333333, 0: 0.49166666666666664}",DESBALANCEO REAL VAL
1h,ADAUSDT_1h,GradientBoostingClassifier,"{0: 0.5416666666666666, 1: 0.4583333333333333}",DESBALANCEO PREDICCIÓN VAL
1h,ADAUSDT_1h,GradientBoostingClassifier,0.5102157287980824,FINAL TEST
1h,ADAUSDT_1h,GradientBoostingClassifier,0.5092332121045687,F1 FINAL TEST
1h,ADAUSDT_1h,GradientBoostingClassifier,"{0: 0.5114712932313663, 1: 0.4885287067686337}",DESBALANCEO REAL
1h,ADAUSDT_1h,GradientBoostingClassifier,"{0: 0.5332724574820226, 1: 0.4667275425179774}",DESBALANCEO PREDICCIÓN
1h,TRXUSDT_1h,GradientBoostingClassifier,0.5170813963712524,F1 VALIDATION
1h,TRXUSDT_1h,GradientBoostingClassifier,"{1: 0.575, 0: 0.425}",DESBALANCEO REAL VAL
1h,TRXUSDT_1h,GradientBoostingClassifier,"{1: 0.5083333333333333, 0: 0.49166666666666664}",DESBALANCEO PREDICCIÓN VAL
1h,TRXUSDT_1h,GradientBoostingClassifier,0.5208723726940101,F1 VALIDATION
1h,TRXUSDT_1h,GradientBoostingClassifier,"{1: 0.575, 0: 0.425}",DESBALANCEO REAL VAL
1h,TRXUSDT_1h,GradientBoostingClassifier,"{0: 0.65, 1: 0.35}",DESBALANCEO PREDICCIÓN VAL
1h,TRXUSDT_1h,GradientBoostingClassifier,0.5101553737325003,F1 VALIDATION
1h,TRXUSDT_1h,GradientBoostingClassifier,"{1: 0.575, 0: 0.425}",DESBALANCEO REAL VAL
1h,TRXUSDT_1h,GradientBoostingClassifier,"{1: 0.525, 0: 0.475}",DESBALANCEO PREDICCIÓN VAL
1h,TRXUSDT_1h,GradientBoostingClassifier,0.5116792309464344,F1 VALIDATION
1h,TRXUSDT_1h,GradientBoostingClassifier,"{1: 0.575, 0: 0.425}",DESBALANCEO REAL VAL
1h,TRXUSDT_1h,GradientBoostingClassifier,"{1: 0.55, 0: 0.45}",DESBALANCEO PREDICCIÓN VAL
1h,TRXUSDT_1h,GradientBoostingClassifier,0.5423732168532698,F1 VALIDATION
1h,TRXUSDT_1h,GradientBoostingClassifier,"{1: 0.575, 0: 0.425}",DESBALANCEO REAL VAL
1h,TRXUSDT_1h,GradientBoostingClassifier,"{0: 0.675, 1: 0.325}",DESBALANCEO PREDICCIÓN VAL
1h,TRXUSDT_1h,GradientBoostingClassifier,0.5243110454784858,F1 VALIDATION
1h,TRXUSDT_1h,GradientBoostingClassifier,"{1: 0.575, 0: 0.425}",DESBALANCEO REAL VAL
1h,TRXUSDT_1h,GradientBoostingClassifier,"{0: 0.5833333333333334, 1: 0.4166666666666667}",DESBALANCEO PREDICCIÓN VAL
1h,TRXUSDT_1h,GradientBoostingClassifier,0.5417097830684268,F1 VALIDATION
1h,TRXUSDT_1h,GradientBoostingClassifier,"{1: 0.575, 0: 0.425}",DESBALANCEO REAL VAL
1h,TRXUSDT_1h,GradientBoostingClassifier,"{0: 0.6916666666666667, 1: 0.30833333333333335}",DESBALANCEO PREDICCIÓN VAL
1h,TRXUSDT_1h,GradientBoostingClassifier,0.5327136888339403,F1 VALIDATION
1h,TRXUSDT_1h,GradientBoostingClassifier,"{1: 0.575, 0: 0.425}",DESBALANCEO REAL VAL
1h,TRXUSDT_1h,GradientBoostingClassifier,"{0: 0.5916666666666667, 1: 0.4083333333333333}",DESBALANCEO PREDICCIÓN VAL
1h,TRXUSDT_1h,GradientBoostingClassifier,0.5250178717089247,F1 VALIDATION
1h,TRXUSDT_1h,GradientBoostingClassifier,"{1: 0.575, 0: 0.425}",DESBALANCEO REAL VAL
1h,TRXUSDT_1h,GradientBoostingClassifier,"{0: 0.5416666666666666, 1: 0.4583333333333333}",DESBALANCEO PREDICCIÓN VAL
1h,TRXUSDT_1h,GradientBoostingClassifier,0.49836974540746726,F1 VALIDATION
1h,TRXUSDT_1h,GradientBoostingClassifier,"{1: 0.575, 0: 0.425}",DESBALANCEO REAL VAL
1h,TRXUSDT_1h,GradientBoostingClassifier,"{1: 0.5166666666666667, 0: 0.48333333333333334}",DESBALANCEO PREDICCIÓN VAL
1h,TRXUSDT_1h,GradientBoostingClassifier,0.49902979111973517,FINAL TEST
1h,TRXUSDT_1h,GradientBoostingClassifier,0.49854644174094603,F1 FINAL TEST
1h,TRXUSDT_1h,GradientBoostingClassifier,"{1: 0.5325876041547769, 0: 0.46741239584522315}",DESBALANCEO REAL
1h,TRXUSDT_1h,GradientBoostingClassifier,"{0: 0.5015409199863029, 1: 0.49845908001369704}",DESBALANCEO PREDICCIÓN
1h,LINKUSDT_1h,GradientBoostingClassifier,0.4858248461623364,F1 VALIDATION
1h,LINKUSDT_1h,GradientBoostingClassifier,"{0: 0.575, 1: 0.425}",DESBALANCEO REAL VAL
1h,LINKUSDT_1h,GradientBoostingClassifier,"{1: 0.5333333333333333, 0: 0.4666666666666667}",DESBALANCEO PREDICCIÓN VAL
1h,LINKUSDT_1h,GradientBoostingClassifier,0.45792686273945044,F1 VALIDATION
1h,LINKUSDT_1h,GradientBoostingClassifier,"{0: 0.575, 1: 0.425}",DESBALANCEO REAL VAL
1h,LINKUSDT_1h,GradientBoostingClassifier,"{0: 0.5083333333333333, 1: 0.49166666666666664}",DESBALANCEO PREDICCIÓN VAL
1h,LINKUSDT_1h,GradientBoostingClassifier,0.46536290292242793,F1 VALIDATION
1h,LINKUSDT_1h,GradientBoostingClassifier,"{0: 0.575, 1: 0.425}",DESBALANCEO REAL VAL
1h,LINKUSDT_1h,GradientBoostingClassifier,"{1: 0.5416666666666666, 0: 0.4583333333333333}",DESBALANCEO PREDICCIÓN VAL
1h,LINKUSDT_1h,GradientBoostingClassifier,0.4744070890404018,F1 VALIDATION
1h,LINKUSDT_1h,GradientBoostingClassifier,"{0: 0.575, 1: 0.425}",DESBALANCEO REAL VAL
1h,LINKUSDT_1h,GradientBoostingClassifier,"{1: 0.5416666666666666, 0: 0.4583333333333333}",DESBALANCEO PREDICCIÓN VAL
1h,LINKUSDT_1h,GradientBoostingClassifier,0.46266165723177827,F1 VALIDATION
1h,LINKUSDT_1h,GradientBoostingClassifier,"{0: 0.575, 1: 0.425}",DESBALANCEO REAL VAL
1h,LINKUSDT_1h,GradientBoostingClassifier,"{0: 0.6416666666666667, 1: 0.35833333333333334}",DESBALANCEO PREDICCIÓN VAL
1h,LINKUSDT_1h,GradientBoostingClassifier,0.4633669461954731,F1 VALIDATION
1h,LINKUSDT_1h,GradientBoostingClassifier,"{0: 0.575, 1: 0.425}",DESBALANCEO REAL VAL
1h,LINKUSDT_1h,GradientBoostingClassifier,"{0: 0.5583333333333333, 1: 0.44166666666666665}",DESBALANCEO PREDICCIÓN VAL
1h,LINKUSDT_1h,GradientBoostingClassifier,0.4857261301630162,F1 VALIDATION
1h,LINKUSDT_1h,GradientBoostingClassifier,"{0: 0.575, 1: 0.425}",DESBALANCEO REAL VAL
1h,LINKUSDT_1h,GradientBoostingClassifier,"{0: 0.5, 1: 0.5}",DESBALANCEO PREDICCIÓN VAL
1h,LINKUSDT_1h,GradientBoostingClassifier,0.4751588321103597,F1 VALIDATION
1h,LINKUSDT_1h,GradientBoostingClassifier,"{0: 0.575, 1: 0.425}",DESBALANCEO REAL VAL
1h,LINKUSDT_1h,GradientBoostingClassifier,"{0: 0.6333333333333333, 1: 0.36666666666666664}",DESBALANCEO PREDICCIÓN VAL
1h,LINKUSDT_1h,GradientBoostingClassifier,0.4658464221415123,F1 VALIDATION
1h,LINKUSDT_1h,GradientBoostingClassifier,"{0: 0.575, 1: 0.425}",DESBALANCEO REAL VAL
1h,LINKUSDT_1h,GradientBoostingClassifier,"{0: 0.6583333333333333, 1: 0.3416666666666667}",DESBALANCEO PREDICCIÓN VAL
1h,LINKUSDT_1h,GradientBoostingClassifier,0.4817820058383727,F1 VALIDATION
1h,LINKUSDT_1h,GradientBoostingClassifier,"{0: 0.575, 1: 0.425}",DESBALANCEO REAL VAL
1h,LINKUSDT_1h,GradientBoostingClassifier,"{1: 0.5083333333333333, 0: 0.49166666666666664}",DESBALANCEO PREDICCIÓN VAL
1h,LINKUSDT_1h,GradientBoostingClassifier,0.49183883118365485,FINAL TEST
1h,LINKUSDT_1h,GradientBoostingClassifier,0.49171814299082417,F1 FINAL TEST
1h,LINKUSDT_1h,GradientBoostingClassifier,"{0: 0.5056500399497774, 1: 0.4943499600502226}",DESBALANCEO REAL
1h,LINKUSDT_1h,GradientBoostingClassifier,"{0: 0.5097591599132519, 1: 0.49024084008674806}",DESBALANCEO PREDICCIÓN
1h,AVAXUSDT_1h,GradientBoostingClassifier,0.475262750932549,F1 VALIDATION
1h,AVAXUSDT_1h,GradientBoostingClassifier,"{0: 0.5666666666666667, 1: 0.43333333333333335}",DESBALANCEO REAL VAL
1h,AVAXUSDT_1h,GradientBoostingClassifier,"{1: 0.6166666666666667, 0: 0.38333333333333336}",DESBALANCEO PREDICCIÓN VAL
1h,AVAXUSDT_1h,GradientBoostingClassifier,0.4879097782647047,F1 VALIDATION
1h,AVAXUSDT_1h,GradientBoostingClassifier,"{0: 0.5666666666666667, 1: 0.43333333333333335}",DESBALANCEO REAL VAL
1h,AVAXUSDT_1h,GradientBoostingClassifier,"{1: 0.5166666666666667, 0: 0.48333333333333334}",DESBALANCEO PREDICCIÓN VAL
1h,AVAXUSDT_1h,GradientBoostingClassifier,0.5043454154433097,F1 VALIDATION
1h,AVAXUSDT_1h,GradientBoostingClassifier,"{0: 0.5666666666666667, 1: 0.43333333333333335}",DESBALANCEO REAL VAL
1h,AVAXUSDT_1h,GradientBoostingClassifier,"{1: 0.6833333333333333, 0: 0.31666666666666665}",DESBALANCEO PREDICCIÓN VAL
1h,AVAXUSDT_1h,GradientBoostingClassifier,0.4805849160600865,F1 VALIDATION
1h,AVAXUSDT_1h,GradientBoostingClassifier,"{0: 0.5666666666666667, 1: 0.43333333333333335}",DESBALANCEO REAL VAL
1h,AVAXUSDT_1h,GradientBoostingClassifier,"{1: 0.5583333333333333, 0: 0.44166666666666665}",DESBALANCEO PREDICCIÓN VAL
1h,AVAXUSDT_1h,GradientBoostingClassifier,0.5101502246814571,F1 VALIDATION
1h,AVAXUSDT_1h,GradientBoostingClassifier,"{0: 0.5666666666666667, 1: 0.43333333333333335}",DESBALANCEO REAL VAL
1h,AVAXUSDT_1h,GradientBoostingClassifier,"{1: 0.5083333333333333, 0: 0.49166666666666664}",DESBALANCEO PREDICCIÓN VAL
1h,AVAXUSDT_1h,GradientBoostingClassifier,0.5051775683537446,F1 VALIDATION
1h,AVAXUSDT_1h,GradientBoostingClassifier,"{0: 0.5666666666666667, 1: 0.43333333333333335}",DESBALANCEO REAL VAL
1h,AVAXUSDT_1h,GradientBoostingClassifier,"{1: 0.6083333333333333, 0: 0.39166666666666666}",DESBALANCEO PREDICCIÓN VAL
1h,AVAXUSDT_1h,GradientBoostingClassifier,0.492131037861504,F1 VALIDATION
1h,AVAXUSDT_1h,GradientBoostingClassifier,"{0: 0.5666666666666667, 1: 0.43333333333333335}",DESBALANCEO REAL VAL
1h,AVAXUSDT_1h,GradientBoostingClassifier,"{1: 0.5666666666666667, 0: 0.43333333333333335}",DESBALANCEO PREDICCIÓN VAL
1h,AVAXUSDT_1h,GradientBoostingClassifier,0.47845420371810937,F1 VALIDATION
1h,AVAXUSDT_1h,GradientBoostingClassifier,"{0: 0.5666666666666667, 1: 0.43333333333333335}",DESBALANCEO REAL VAL
1h,AVAXUSDT_1h,GradientBoostingClassifier,"{1: 0.6666666666666666, 0: 0.3333333333333333}",DESBALANCEO PREDICCIÓN VAL
1h,AVAXUSDT_1h,GradientBoostingClassifier,0.5045016564828096,F1 VALIDATION
1h,AVAXUSDT_1h,GradientBoostingClassifier,"{0: 0.5666666666666667, 1: 0.43333333333333335}",DESBALANCEO REAL VAL
1h,AVAXUSDT_1h,GradientBoostingClassifier,"{1: 0.5166666666666667, 0: 0.48333333333333334}",DESBALANCEO PREDICCIÓN VAL
1h,AVAXUSDT_1h,GradientBoostingClassifier,0.50052406403539,F1 VALIDATION
1h,AVAXUSDT_1h,GradientBoostingClassifier,"{0: 0.5666666666666667, 1: 0.43333333333333335}",DESBALANCEO REAL VAL
1h,AVAXUSDT_1h,GradientBoostingClassifier,"{1: 0.5583333333333333, 0: 0.44166666666666665}",DESBALANCEO PREDICCIÓN VAL
1h,AVAXUSDT_1h,GradientBoostingClassifier,0.49640452003195984,FINAL TEST
1h,AVAXUSDT_1h,GradientBoostingClassifier,0.4936771623236127,F1 FINAL TEST
1h,AVAXUSDT_1h,GradientBoostingClassifier,"{0: 0.513982422097934, 1: 0.48601757790206596}",DESBALANCEO REAL
1h,AVAXUSDT_1h,GradientBoostingClassifier,"{0: 0.5594110261385686, 1: 0.44058897386143137}",DESBALANCEO PREDICCIÓN
4h,BTCUSDT_4h,MLPClassifier,0.3922694276734467,F1 VALIDATION
4h,BTCUSDT_4h,MLPClassifier,"{0: 0.5378151260504201, 1: 0.46218487394957986}",DESBALANCEO REAL VAL
4h,BTCUSDT_4h,MLPClassifier,"{1: 0.9243697478991597, 0: 0.07563025210084033}",DESBALANCEO PREDICCIÓN VAL
4h,BTCUSDT_4h,MLPClassifier,0.3806360980573517,F1 VALIDATION
4h,BTCUSDT_4h,MLPClassifier,"{0: 0.5378151260504201, 1: 0.46218487394957986}",DESBALANCEO REAL VAL
4h,BTCUSDT_4h,MLPClassifier,"{1: 0.5966386554621849, 0: 0.40336134453781514}",DESBALANCEO PREDICCIÓN VAL
4h,BTCUSDT_4h,MLPClassifier,0.45640961325764734,F1 VALIDATION
4h,BTCUSDT_4h,MLPClassifier,"{0: 0.5378151260504201, 1: 0.46218487394957986}",DESBALANCEO REAL VAL
4h,BTCUSDT_4h,MLPClassifier,"{1: 0.7310924369747899, 0: 0.2689075630252101}",DESBALANCEO PREDICCIÓN VAL
4h,BTCUSDT_4h,MLPClassifier,0.34073181290139687,F1 VALIDATION
4h,BTCUSDT_4h,MLPClassifier,"{0: 0.5378151260504201, 1: 0.46218487394957986}",DESBALANCEO REAL VAL
4h,BTCUSDT_4h,MLPClassifier,{1: 1.0},DESBALANCEO PREDICCIÓN VAL
4h,BTCUSDT_4h,MLPClassifier,0.34073181290139687,F1 VALIDATION
4h,BTCUSDT_4h,MLPClassifier,"{0: 0.5378151260504201, 1: 0.46218487394957986}",DESBALANCEO REAL VAL
4h,BTCUSDT_4h,MLPClassifier,{1: 1.0},DESBALANCEO PREDICCIÓN VAL
4h,BTCUSDT_4h,MLPClassifier,0.3547737277776795,F1 VALIDATION
4h,BTCUSDT_4h,MLPClassifier,"{0: 0.5378151260504201, 1: 0.46218487394957986}",DESBALANCEO REAL VAL
4h,BTCUSDT_4h,MLPClassifier,{1: 1.0},DESBALANCEO PREDICCIÓN VAL
4h,BTCUSDT_4h,MLPClassifier,0.34073181290139687,F1 VALIDATION
4h,BTCUSDT_4h,MLPClassifier,"{0: 0.5378151260504201, 1: 0.46218487394957986}",DESBALANCEO REAL VAL
4h,BTCUSDT_4h,MLPClassifier,{1: 1.0},DESBALANCEO PREDICCIÓN VAL
4h,BTCUSDT_4h,MLPClassifier,0.3904892108946355,F1 VALIDATION
4h,BTCUSDT_4h,MLPClassifier,"{0: 0.5378151260504201, 1: 0.46218487394957986}",DESBALANCEO REAL VAL
4h,BTCUSDT_4h,MLPClassifier,{1: 1.0},DESBALANCEO PREDICCIÓN VAL
4h,BTCUSDT_4h,MLPClassifier,0.4590125511756269,F1 VALIDATION
4h,BTCUSDT_4h,MLPClassifier,"{0: 0.5378151260504201, 1: 0.46218487394957986}",DESBALANCEO REAL VAL
4h,BTCUSDT_4h,MLPClassifier,"{1: 0.865546218487395, 0: 0.13445378151260504}",DESBALANCEO PREDICCIÓN VAL
4h,BTCUSDT_4h,MLPClassifier,0.4112215547993747,F1 VALIDATION
4h,BTCUSDT_4h,MLPClassifier,"{0: 0.5378151260504201, 1: 0.46218487394957986}",DESBALANCEO REAL VAL
4h,BTCUSDT_4h,MLPClassifier,{1: 1.0},DESBALANCEO PREDICCIÓN VAL
4h,BTCUSDT_4h,MLPClassifier,0.5349155636695573,FINAL TEST
4h,BTCUSDT_4h,MLPClassifier,0.3597581416422796,F1 FINAL TEST
4h,BTCUSDT_4h,MLPClassifier,"{1: 0.5390232770424463, 0: 0.46097672295755365}",DESBALANCEO REAL
4h,BTCUSDT_4h,MLPClassifier,"{1: 0.9840255591054313, 0: 0.01597444089456869}",DESBALANCEO PREDICCIÓN
4h,ETHUSDT_4h,MLPClassifier,0.35210578083707333,F1 VALIDATION
4h,ETHUSDT_4h,MLPClassifier,"{0: 0.5294117647058824, 1: 0.47058823529411764}",DESBALANCEO REAL VAL
4h,ETHUSDT_4h,MLPClassifier,{1: 1.0},DESBALANCEO PREDICCIÓN VAL
4h,ETHUSDT_4h,MLPClassifier,0.4716923000400183,F1 VALIDATION
4h,ETHUSDT_4h,MLPClassifier,"{0: 0.5294117647058824, 1: 0.47058823529411764}",DESBALANCEO REAL VAL
4h,ETHUSDT_4h,MLPClassifier,"{0: 0.5378151260504201, 1: 0.46218487394957986}",DESBALANCEO PREDICCIÓN VAL
4h,ETHUSDT_4h,MLPClassifier,0.45612753441484344,F1 VALIDATION
4h,ETHUSDT_4h,MLPClassifier,"{0: 0.5294117647058824, 1: 0.47058823529411764}",DESBALANCEO REAL VAL
4h,ETHUSDT_4h,MLPClassifier,"{0: 0.907563025210084, 1: 0.09243697478991597}",DESBALANCEO PREDICCIÓN VAL
4h,ETHUSDT_4h,MLPClassifier,0.4103582479982264,F1 VALIDATION
4h,ETHUSDT_4h,MLPClassifier,"{0: 0.5294117647058824, 1: 0.47058823529411764}",DESBALANCEO REAL VAL
4h,ETHUSDT_4h,MLPClassifier,"{1: 0.8823529411764706, 0: 0.11764705882352941}",DESBALANCEO PREDICCIÓN VAL
4h,ETHUSDT_4h,MLPClassifier,0.3695215137471913,F1 VALIDATION
4h,ETHUSDT_4h,MLPClassifier,"{0: 0.5294117647058824, 1: 0.47058823529411764}",DESBALANCEO REAL VAL
4h,ETHUSDT_4h,MLPClassifier,"{1: 0.9243697478991597, 0: 0.07563025210084033}",DESBALANCEO PREDICCIÓN VAL
4h,ETHUSDT_4h,MLPClassifier,0.3725089141505106,F1 VALIDATION
4h,ETHUSDT_4h,MLPClassifier,"{0: 0.5294117647058824, 1: 0.47058823529411764}",DESBALANCEO REAL VAL
4h,ETHUSDT_4h,MLPClassifier,"{1: 0.8235294117647058, 0: 0.17647058823529413}",DESBALANCEO PREDICCIÓN VAL
4h,ETHUSDT_4h,MLPClassifier,0.406605646910949,F1 VALIDATION
4h,ETHUSDT_4h,MLPClassifier,"{0: 0.5294117647058824, 1: 0.47058823529411764}",DESBALANCEO REAL VAL
4h,ETHUSDT_4h,MLPClassifier,"{1: 0.9831932773109243, 0: 0.01680672268907563}",DESBALANCEO PREDICCIÓN VAL
4h,ETHUSDT_4h,MLPClassifier,0.33217990982150625,F1 VALIDATION
4h,ETHUSDT_4h,MLPClassifier,"{0: 0.5294117647058824, 1: 0.47058823529411764}",DESBALANCEO REAL VAL
4h,ETHUSDT_4h,MLPClassifier,{1: 1.0},DESBALANCEO PREDICCIÓN VAL
4h,ETHUSDT_4h,MLPClassifier,0.3545256651657411,F1 VALIDATION
4h,ETHUSDT_4h,MLPClassifier,"{0: 0.5294117647058824, 1: 0.47058823529411764}",DESBALANCEO REAL VAL
4h,ETHUSDT_4h,MLPClassifier,{1: 1.0},DESBALANCEO PREDICCIÓN VAL
4h,ETHUSDT_4h,MLPClassifier,0.41188003113839067,F1 VALIDATION
4h,ETHUSDT_4h,MLPClassifier,"{0: 0.5294117647058824, 1: 0.47058823529411764}",DESBALANCEO REAL VAL
4h,ETHUSDT_4h,MLPClassifier,{1: 1.0},DESBALANCEO PREDICCIÓN VAL
4h,ETHUSDT_4h,MLPClassifier,0.52259242355089,FINAL TEST
4h,ETHUSDT_4h,MLPClassifier,0.34322541966426856,F1 FINAL TEST
4h,ETHUSDT_4h,MLPClassifier,"{1: 0.52259242355089, 0: 0.47740757644910997}",DESBALANCEO REAL
4h,ETHUSDT_4h,MLPClassifier,{1: 1.0},DESBALANCEO PREDICCIÓN
4h,XRPUSDT_4h,MLPClassifier,0.4616303227418985,F1 VALIDATION
4h,XRPUSDT_4h,MLPClassifier,"{0: 0.5042016806722689, 1: 0.4957983193277311}",DESBALANCEO REAL VAL
4h,XRPUSDT_4h,MLPClassifier,"{1: 0.5966386554621849, 0: 0.40336134453781514}",DESBALANCEO PREDICCIÓN VAL
4h,XRPUSDT_4h,MLPClassifier,0.3310665876853065,F1 VALIDATION
4h,XRPUSDT_4h,MLPClassifier,"{0: 0.5042016806722689, 1: 0.4957983193277311}",DESBALANCEO REAL VAL
4h,XRPUSDT_4h,MLPClassifier,{0: 1.0},DESBALANCEO PREDICCIÓN VAL
4h,XRPUSDT_4h,MLPClassifier,0.39639504910762263,F1 VALIDATION
4h,XRPUSDT_4h,MLPClassifier,"{0: 0.5042016806722689, 1: 0.4957983193277311}",DESBALANCEO REAL VAL
4h,XRPUSDT_4h,MLPClassifier,"{0: 0.7394957983193278, 1: 0.2605042016806723}",DESBALANCEO PREDICCIÓN VAL
4h,XRPUSDT_4h,MLPClassifier,0.5003155032810847,F1 VALIDATION
4h,XRPUSDT_4h,MLPClassifier,"{0: 0.5042016806722689, 1: 0.4957983193277311}",DESBALANCEO REAL VAL
4h,XRPUSDT_4h,MLPClassifier,"{0: 0.5210084033613446, 1: 0.4789915966386555}",DESBALANCEO PREDICCIÓN VAL
4h,XRPUSDT_4h,MLPClassifier,0.34166033702412213,F1 VALIDATION
4h,XRPUSDT_4h,MLPClassifier,"{0: 0.5042016806722689, 1: 0.4957983193277311}",DESBALANCEO REAL VAL
4h,XRPUSDT_4h,MLPClassifier,"{0: 0.9915966386554622, 1: 0.008403361344537815}",DESBALANCEO PREDICCIÓN VAL
4h,XRPUSDT_4h,MLPClassifier,0.45071028722358725,F1 VALIDATION
4h,XRPUSDT_4h,MLPClassifier,"{0: 0.5042016806722689, 1: 0.4957983193277311}",DESBALANCEO REAL VAL
4h,XRPUSDT_4h,MLPClassifier,"{0: 0.7899159663865546, 1: 0.21008403361344538}",DESBALANCEO PREDICCIÓN VAL
4h,XRPUSDT_4h,MLPClassifier,0.5068565787571042,F1 VALIDATION
4h,XRPUSDT_4h,MLPClassifier,"{0: 0.5042016806722689, 1: 0.4957983193277311}",DESBALANCEO REAL VAL
4h,XRPUSDT_4h,MLPClassifier,"{0: 0.5882352941176471, 1: 0.4117647058823529}",DESBALANCEO PREDICCIÓN VAL
4h,XRPUSDT_4h,MLPClassifier,0.5101936467573303,F1 VALIDATION
4h,XRPUSDT_4h,MLPClassifier,"{0: 0.5042016806722689, 1: 0.4957983193277311}",DESBALANCEO REAL VAL
4h,XRPUSDT_4h,MLPClassifier,"{0: 0.5546218487394958, 1: 0.44537815126050423}",DESBALANCEO PREDICCIÓN VAL
4h,XRPUSDT_4h,MLPClassifier,0.3310665876853065,F1 VALIDATION
4h,XRPUSDT_4h,MLPClassifier,"{0: 0.5042016806722689, 1: 0.4957983193277311}",DESBALANCEO REAL VAL
4h,XRPUSDT_4h,MLPClassifier,{0: 1.0},DESBALANCEO PREDICCIÓN VAL
4h,XRPUSDT_4h,MLPClassifier,0.5115588380416579,F1 VALIDATION
4h,XRPUSDT_4h,MLPClassifier,"{0: 0.5042016806722689, 1: 0.4957983193277311}",DESBALANCEO REAL VAL
4h,XRPUSDT_4h,MLPClassifier,"{1: 0.7142857142857143, 0: 0.2857142857142857}",DESBALANCEO PREDICCIÓN VAL
4h,XRPUSDT_4h,MLPClassifier,0.5308078502966682,FINAL TEST
4h,XRPUSDT_4h,MLPClassifier,0.4939908339324227,F1 FINAL TEST
4h,XRPUSDT_4h,MLPClassifier,"{1: 0.5061615700593336, 0: 0.49383842994066635}",DESBALANCEO REAL
4h,XRPUSDT_4h,MLPClassifier,"{1: 0.7635782747603834, 0: 0.2364217252396166}",DESBALANCEO PREDICCIÓN
4h,BNBUSDT_4h,MLPClassifier,0.37746376375654794,F1 VALIDATION
4h,BNBUSDT_4h,MLPClassifier,"{0: 0.5210084033613446, 1: 0.4789915966386555}",DESBALANCEO REAL VAL
4h,BNBUSDT_4h,MLPClassifier,"{1: 0.8235294117647058, 0: 0.17647058823529413}",DESBALANCEO PREDICCIÓN VAL
4h,BNBUSDT_4h,MLPClassifier,0.4841571830554353,F1 VALIDATION
4h,BNBUSDT_4h,MLPClassifier,"{0: 0.5210084033613446, 1: 0.4789915966386555}",DESBALANCEO REAL VAL
4h,BNBUSDT_4h,MLPClassifier,"{1: 0.5462184873949579, 0: 0.453781512605042}",DESBALANCEO PREDICCIÓN VAL
4h,BNBUSDT_4h,MLPClassifier,0.49520881088690843,F1 VALIDATION
4h,BNBUSDT_4h,MLPClassifier,"{0: 0.5210084033613446, 1: 0.4789915966386555}",DESBALANCEO REAL VAL
4h,BNBUSDT_4h,MLPClassifier,"{0: 0.7310924369747899, 1: 0.2689075630252101}",DESBALANCEO PREDICCIÓN VAL
4h,BNBUSDT_4h,MLPClassifier,0.40042728139508454,F1 VALIDATION
4h,BNBUSDT_4h,MLPClassifier,"{0: 0.5210084033613446, 1: 0.4789915966386555}",DESBALANCEO REAL VAL
4h,BNBUSDT_4h,MLPClassifier,{0: 1.0},DESBALANCEO PREDICCIÓN VAL
4h,BNBUSDT_4h,MLPClassifier,0.4826548254726487,F1 VALIDATION
4h,BNBUSDT_4h,MLPClassifier,"{0: 0.5210084033613446, 1: 0.4789915966386555}",DESBALANCEO REAL VAL
4h,BNBUSDT_4h,MLPClassifier,"{1: 0.6218487394957983, 0: 0.37815126050420167}",DESBALANCEO PREDICCIÓN VAL
4h,BNBUSDT_4h,MLPClassifier,0.40733612229259786,F1 VALIDATION
4h,BNBUSDT_4h,MLPClassifier,"{0: 0.5210084033613446, 1: 0.4789915966386555}",DESBALANCEO REAL VAL
4h,BNBUSDT_4h,MLPClassifier,"{0: 0.6470588235294118, 1: 0.35294117647058826}",DESBALANCEO PREDICCIÓN VAL
4h,BNBUSDT_4h,MLPClassifier,0.41286231537278584,F1 VALIDATION
4h,BNBUSDT_4h,MLPClassifier,"{0: 0.5210084033613446, 1: 0.4789915966386555}",DESBALANCEO REAL VAL
4h,BNBUSDT_4h,MLPClassifier,"{0: 0.6050420168067226, 1: 0.3949579831932773}",DESBALANCEO PREDICCIÓN VAL
4h,BNBUSDT_4h,MLPClassifier,0.3252857486270725,F1 VALIDATION
4h,BNBUSDT_4h,MLPClassifier,"{0: 0.5210084033613446, 1: 0.4789915966386555}",DESBALANCEO REAL VAL
4h,BNBUSDT_4h,MLPClassifier,{1: 1.0},DESBALANCEO PREDICCIÓN VAL
4h,BNBUSDT_4h,MLPClassifier,0.3252857486270725,F1 VALIDATION
4h,BNBUSDT_4h,MLPClassifier,"{0: 0.5210084033613446, 1: 0.4789915966386555}",DESBALANCEO REAL VAL
4h,BNBUSDT_4h,MLPClassifier,{1: 1.0},DESBALANCEO PREDICCIÓN VAL
4h,BNBUSDT_4h,MLPClassifier,0.3527597672513457,F1 VALIDATION
4h,BNBUSDT_4h,MLPClassifier,"{0: 0.5210084033613446, 1: 0.4789915966386555}",DESBALANCEO REAL VAL
4h,BNBUSDT_4h,MLPClassifier,"{0: 0.5210084033613446, 1: 0.4789915966386555}",DESBALANCEO PREDICCIÓN VAL
4h,BNBUSDT_4h,MLPClassifier,0.5047923322683706,FINAL TEST
4h,BNBUSDT_4h,MLPClassifier,0.5032010791821705,F1 FINAL TEST
4h,BNBUSDT_4h,MLPClassifier,"{1: 0.536741214057508, 0: 0.46325878594249204}",DESBALANCEO REAL
4h,BNBUSDT_4h,MLPClassifier,"{1: 0.5198539479689639, 0: 0.48014605203103605}",DESBALANCEO PREDICCIÓN
4h,SOLUSDT_4h,MLPClassifier,0.33513129564360356,F1 VALIDATION
4h,SOLUSDT_4h,MLPClassifier,"{1: 0.6050420168067226, 0: 0.3949579831932773}",DESBALANCEO REAL VAL
4h,SOLUSDT_4h,MLPClassifier,{0: 1.0},DESBALANCEO PREDICCIÓN VAL
4h,SOLUSDT_4h,MLPClassifier,0.42825631974015516,F1 VALIDATION
4h,SOLUSDT_4h,MLPClassifier,"{1: 0.6050420168067226, 0: 0.3949579831932773}",DESBALANCEO REAL VAL
4h,SOLUSDT_4h,MLPClassifier,"{1: 0.907563025210084, 0: 0.09243697478991597}",DESBALANCEO PREDICCIÓN VAL
4h,SOLUSDT_4h,MLPClassifier,0.34566278129134087,F1 VALIDATION
4h,SOLUSDT_4h,MLPClassifier,"{1: 0.6050420168067226, 0: 0.3949579831932773}",DESBALANCEO REAL VAL
4h,SOLUSDT_4h,MLPClassifier,"{0: 0.957983193277311, 1: 0.04201680672268908}",DESBALANCEO PREDICCIÓN VAL
4h,SOLUSDT_4h,MLPClassifier,0.31310726343084105,F1 VALIDATION
4h,SOLUSDT_4h,MLPClassifier,"{1: 0.6050420168067226, 0: 0.3949579831932773}",DESBALANCEO REAL VAL
4h,SOLUSDT_4h,MLPClassifier,{0: 1.0},DESBALANCEO PREDICCIÓN VAL
4h,SOLUSDT_4h,MLPClassifier,0.41347471218623244,F1 VALIDATION
4h,SOLUSDT_4h,MLPClassifier,"{1: 0.6050420168067226, 0: 0.3949579831932773}",DESBALANCEO REAL VAL
4h,SOLUSDT_4h,MLPClassifier,"{0: 0.9831932773109243, 1: 0.01680672268907563}",DESBALANCEO PREDICCIÓN VAL
4h,SOLUSDT_4h,MLPClassifier,0.3785735402572083,F1 VALIDATION
4h,SOLUSDT_4h,MLPClassifier,"{1: 0.6050420168067226, 0: 0.3949579831932773}",DESBALANCEO REAL VAL
4h,SOLUSDT_4h,MLPClassifier,{0: 1.0},DESBALANCEO PREDICCIÓN VAL
4h,SOLUSDT_4h,MLPClassifier,0.46919173546123016,F1 VALIDATION
4h,SOLUSDT_4h,MLPClassifier,"{1: 0.6050420168067226, 0: 0.3949579831932773}",DESBALANCEO REAL VAL
4h,SOLUSDT_4h,MLPClassifier,"{0: 0.5210084033613446, 1: 0.4789915966386555}",DESBALANCEO PREDICCIÓN VAL
4h,SOLUSDT_4h,MLPClassifier,0.4233401486514484,F1 VALIDATION
4h,SOLUSDT_4h,MLPClassifier,"{1: 0.6050420168067226, 0: 0.3949579831932773}",DESBALANCEO REAL VAL
4h,SOLUSDT_4h,MLPClassifier,"{0: 0.5462184873949579, 1: 0.453781512605042}",DESBALANCEO PREDICCIÓN VAL
4h,SOLUSDT_4h,MLPClassifier,0.4246921785147272,F1 VALIDATION
4h,SOLUSDT_4h,MLPClassifier,"{1: 0.6050420168067226, 0: 0.3949579831932773}",DESBALANCEO REAL VAL
4h,SOLUSDT_4h,MLPClassifier,"{0: 0.5966386554621849, 1: 0.40336134453781514}",DESBALANCEO PREDICCIÓN VAL
4h,SOLUSDT_4h,MLPClassifier,0.34633250777052826,F1 VALIDATION
4h,SOLUSDT_4h,MLPClassifier,"{1: 0.6050420168067226, 0: 0.3949579831932773}",DESBALANCEO REAL VAL
4h,SOLUSDT_4h,MLPClassifier,"{0: 0.6638655462184874, 1: 0.33613445378151263}",DESBALANCEO PREDICCIÓN VAL
4h,SOLUSDT_4h,MLPClassifier,0.5015974440894568,FINAL TEST
4h,SOLUSDT_4h,MLPClassifier,0.4896669465148661,F1 FINAL TEST
4h,SOLUSDT_4h,MLPClassifier,"{1: 0.5038795070743952, 0: 0.49612049292560473}",DESBALANCEO REAL
4h,SOLUSDT_4h,MLPClassifier,"{1: 0.6490187129164765, 0: 0.3509812870835235}",DESBALANCEO PREDICCIÓN
4h,ADAUSDT_4h,MLPClassifier,0.3094335711621078,F1 VALIDATION
4h,ADAUSDT_4h,MLPClassifier,"{0: 0.5210084033613446, 1: 0.4789915966386555}",DESBALANCEO REAL VAL
4h,ADAUSDT_4h,MLPClassifier,{0: 1.0},DESBALANCEO PREDICCIÓN VAL
4h,ADAUSDT_4h,MLPClassifier,0.42368286065468386,F1 VALIDATION
4h,ADAUSDT_4h,MLPClassifier,"{0: 0.5210084033613446, 1: 0.4789915966386555}",DESBALANCEO REAL VAL
4h,ADAUSDT_4h,MLPClassifier,"{0: 0.865546218487395, 1: 0.13445378151260504}",DESBALANCEO PREDICCIÓN VAL
4h,ADAUSDT_4h,MLPClassifier,0.3811905134086258,F1 VALIDATION
4h,ADAUSDT_4h,MLPClassifier,"{0: 0.5210084033613446, 1: 0.4789915966386555}",DESBALANCEO REAL VAL
4h,ADAUSDT_4h,MLPClassifier,"{0: 0.9915966386554622, 1: 0.008403361344537815}",DESBALANCEO PREDICCIÓN VAL
4h,ADAUSDT_4h,MLPClassifier,0.39725859214748127,F1 VALIDATION
4h,ADAUSDT_4h,MLPClassifier,"{0: 0.5210084033613446, 1: 0.4789915966386555}",DESBALANCEO REAL VAL
4h,ADAUSDT_4h,MLPClassifier,"{0: 0.6470588235294118, 1: 0.35294117647058826}",DESBALANCEO PREDICCIÓN VAL
4h,ADAUSDT_4h,MLPClassifier,0.3094335711621078,F1 VALIDATION
4h,ADAUSDT_4h,MLPClassifier,"{0: 0.5210084033613446, 1: 0.4789915966386555}",DESBALANCEO REAL VAL
4h,ADAUSDT_4h,MLPClassifier,{0: 1.0},DESBALANCEO PREDICCIÓN VAL
4h,ADAUSDT_4h,MLPClassifier,0.33269822912215086,F1 VALIDATION
4h,ADAUSDT_4h,MLPClassifier,"{0: 0.5210084033613446, 1: 0.4789915966386555}",DESBALANCEO REAL VAL
4h,ADAUSDT_4h,MLPClassifier,{0: 1.0},DESBALANCEO PREDICCIÓN VAL
4h,ADAUSDT_4h,MLPClassifier,0.3094335711621078,F1 VALIDATION
4h,ADAUSDT_4h,MLPClassifier,"{0: 0.5210084033613446, 1: 0.4789915966386555}",DESBALANCEO REAL VAL
4h,ADAUSDT_4h,MLPClassifier,{0: 1.0},DESBALANCEO PREDICCIÓN VAL
4h,ADAUSDT_4h,MLPClassifier,0.363140273409268,F1 VALIDATION
4h,ADAUSDT_4h,MLPClassifier,"{0: 0.5210084033613446, 1: 0.4789915966386555}",DESBALANCEO REAL VAL
4h,ADAUSDT_4h,MLPClassifier,{1: 1.0},DESBALANCEO PREDICCIÓN VAL
4h,ADAUSDT_4h,MLPClassifier,0.318784521405947,F1 VALIDATION
4h,ADAUSDT_4h,MLPClassifier,"{0: 0.5210084033613446, 1: 0.4789915966386555}",DESBALANCEO REAL VAL
4h,ADAUSDT_4h,MLPClassifier,"{0: 0.957983193277311, 1: 0.04201680672268908}",DESBALANCEO PREDICCIÓN VAL
4h,ADAUSDT_4h,MLPClassifier,0.4071182928074881,F1 VALIDATION
4h,ADAUSDT_4h,MLPClassifier,"{0: 0.5210084033613446, 1: 0.4789915966386555}",DESBALANCEO REAL VAL
4h,ADAUSDT_4h,MLPClassifier,"{1: 0.8823529411764706, 0: 0.11764705882352941}",DESBALANCEO PREDICCIÓN VAL
4h,ADAUSDT_4h,MLPClassifier,0.508443633044272,FINAL TEST
4h,ADAUSDT_4h,MLPClassifier,0.49674882835617973,F1 FINAL TEST
4h,ADAUSDT_4h,MLPClassifier,"{0: 0.5203103605659516, 1: 0.47968963943404835}",DESBALANCEO REAL
4h,ADAUSDT_4h,MLPClassifier,"{1: 0.6727521679598357, 0: 0.32724783204016433}",DESBALANCEO PREDICCIÓN
4h,TRXUSDT_4h,MLPClassifier,0.49628853326392575,F1 VALIDATION
4h,TRXUSDT_4h,MLPClassifier,"{1: 0.6890756302521008, 0: 0.31092436974789917}",DESBALANCEO REAL VAL
4h,TRXUSDT_4h,MLPClassifier,"{1: 0.6470588235294118, 0: 0.35294117647058826}",DESBALANCEO PREDICCIÓN VAL
4h,TRXUSDT_4h,MLPClassifier,0.45026850223915593,F1 VALIDATION
4h,TRXUSDT_4h,MLPClassifier,"{1: 0.6890756302521008, 0: 0.31092436974789917}",DESBALANCEO REAL VAL
4h,TRXUSDT_4h,MLPClassifier,"{1: 0.8235294117647058, 0: 0.17647058823529413}",DESBALANCEO PREDICCIÓN VAL
4h,TRXUSDT_4h,MLPClassifier,0.4797270252576048,F1 VALIDATION
4h,TRXUSDT_4h,MLPClassifier,"{1: 0.6890756302521008, 0: 0.31092436974789917}",DESBALANCEO REAL VAL
4h,TRXUSDT_4h,MLPClassifier,"{1: 0.7142857142857143, 0: 0.2857142857142857}",DESBALANCEO PREDICCIÓN VAL
4h,TRXUSDT_4h,MLPClassifier,0.4648104016236655,F1 VALIDATION
4h,TRXUSDT_4h,MLPClassifier,"{1: 0.6890756302521008, 0: 0.31092436974789917}",DESBALANCEO REAL VAL
4h,TRXUSDT_4h,MLPClassifier,"{1: 0.5630252100840336, 0: 0.4369747899159664}",DESBALANCEO PREDICCIÓN VAL
4h,TRXUSDT_4h,MLPClassifier,0.4895351669990732,F1 VALIDATION
4h,TRXUSDT_4h,MLPClassifier,"{1: 0.6890756302521008, 0: 0.31092436974789917}",DESBALANCEO REAL VAL
4h,TRXUSDT_4h,MLPClassifier,"{1: 0.5546218487394958, 0: 0.44537815126050423}",DESBALANCEO PREDICCIÓN VAL
4h,TRXUSDT_4h,MLPClassifier,0.4279844489962906,F1 VALIDATION
4h,TRXUSDT_4h,MLPClassifier,"{1: 0.6890756302521008, 0: 0.31092436974789917}",DESBALANCEO REAL VAL
4h,TRXUSDT_4h,MLPClassifier,"{1: 0.9831932773109243, 0: 0.01680672268907563}",DESBALANCEO PREDICCIÓN VAL
4h,TRXUSDT_4h,MLPClassifier,0.44536181131414365,F1 VALIDATION
4h,TRXUSDT_4h,MLPClassifier,"{1: 0.6890756302521008, 0: 0.31092436974789917}",DESBALANCEO REAL VAL
4h,TRXUSDT_4h,MLPClassifier,"{1: 0.7899159663865546, 0: 0.21008403361344538}",DESBALANCEO PREDICCIÓN VAL
4h,TRXUSDT_4h,MLPClassifier,0.45069878306074307,F1 VALIDATION
4h,TRXUSDT_4h,MLPClassifier,"{1: 0.6890756302521008, 0: 0.31092436974789917}",DESBALANCEO REAL VAL
4h,TRXUSDT_4h,MLPClassifier,{1: 1.0},DESBALANCEO PREDICCIÓN VAL
4h,TRXUSDT_4h,MLPClassifier,0.412599467698424,F1 VALIDATION
4h,TRXUSDT_4h,MLPClassifier,"{1: 0.6890756302521008, 0: 0.31092436974789917}",DESBALANCEO REAL VAL
4h,TRXUSDT_4h,MLPClassifier,"{1: 0.957983193277311, 0: 0.04201680672268908}",DESBALANCEO PREDICCIÓN VAL
4h,TRXUSDT_4h,MLPClassifier,0.4540859733202587,F1 VALIDATION
4h,TRXUSDT_4h,MLPClassifier,"{1: 0.6890756302521008, 0: 0.31092436974789917}",DESBALANCEO REAL VAL
4h,TRXUSDT_4h,MLPClassifier,{1: 1.0},DESBALANCEO PREDICCIÓN VAL
4h,TRXUSDT_4h,MLPClassifier,0.539479689639434,FINAL TEST
4h,TRXUSDT_4h,MLPClassifier,0.3626783595890757,F1 FINAL TEST
4h,TRXUSDT_4h,MLPClassifier,"{1: 0.5358283888635327, 0: 0.4641716111364674}",DESBALANCEO REAL
4h,TRXUSDT_4h,MLPClassifier,"{1: 0.9908717480602465, 0: 0.009128251939753538}",DESBALANCEO PREDICCIÓN
4h,LINKUSDT_4h,MLPClassifier,0.4588649657169526,F1 VALIDATION
4h,LINKUSDT_4h,MLPClassifier,"{1: 0.5042016806722689, 0: 0.4957983193277311}",DESBALANCEO REAL VAL
4h,LINKUSDT_4h,MLPClassifier,{1: 1.0},DESBALANCEO PREDICCIÓN VAL
4h,LINKUSDT_4h,MLPClassifier,0.43239994891600037,F1 VALIDATION
4h,LINKUSDT_4h,MLPClassifier,"{1: 0.5042016806722689, 0: 0.4957983193277311}",DESBALANCEO REAL VAL
4h,LINKUSDT_4h,MLPClassifier,"{1: 0.8319327731092437, 0: 0.16806722689075632}",DESBALANCEO PREDICCIÓN VAL
4h,LINKUSDT_4h,MLPClassifier,0.4524474517233766,F1 VALIDATION
4h,LINKUSDT_4h,MLPClassifier,"{1: 0.5042016806722689, 0: 0.4957983193277311}",DESBALANCEO REAL VAL
4h,LINKUSDT_4h,MLPClassifier,"{0: 0.9159663865546218, 1: 0.08403361344537816}",DESBALANCEO PREDICCIÓN VAL
4h,LINKUSDT_4h,MLPClassifier,0.39844285634217524,F1 VALIDATION
4h,LINKUSDT_4h,MLPClassifier,"{1: 0.5042016806722689, 0: 0.4957983193277311}",DESBALANCEO REAL VAL
4h,LINKUSDT_4h,MLPClassifier,"{1: 0.9747899159663865, 0: 0.025210084033613446}",DESBALANCEO PREDICCIÓN VAL
4h,LINKUSDT_4h,MLPClassifier,0.45214516343081035,F1 VALIDATION
4h,LINKUSDT_4h,MLPClassifier,"{1: 0.5042016806722689, 0: 0.4957983193277311}",DESBALANCEO REAL VAL
4h,LINKUSDT_4h,MLPClassifier,"{1: 0.5630252100840336, 0: 0.4369747899159664}",DESBALANCEO PREDICCIÓN VAL
4h,LINKUSDT_4h,MLPClassifier,0.42206802322276965,F1 VALIDATION
4h,LINKUSDT_4h,MLPClassifier,"{1: 0.5042016806722689, 0: 0.4957983193277311}",DESBALANCEO REAL VAL
4h,LINKUSDT_4h,MLPClassifier,"{0: 0.7983193277310925, 1: 0.20168067226890757}",DESBALANCEO PREDICCIÓN VAL
4h,LINKUSDT_4h,MLPClassifier,0.3748564386053241,F1 VALIDATION
4h,LINKUSDT_4h,MLPClassifier,"{1: 0.5042016806722689, 0: 0.4957983193277311}",DESBALANCEO REAL VAL
4h,LINKUSDT_4h,MLPClassifier,{1: 1.0},DESBALANCEO PREDICCIÓN VAL
4h,LINKUSDT_4h,MLPClassifier,0.45059664516229264,F1 VALIDATION
4h,LINKUSDT_4h,MLPClassifier,"{1: 0.5042016806722689, 0: 0.4957983193277311}",DESBALANCEO REAL VAL
4h,LINKUSDT_4h,MLPClassifier,"{1: 0.8319327731092437, 0: 0.16806722689075632}",DESBALANCEO PREDICCIÓN VAL
4h,LINKUSDT_4h,MLPClassifier,0.459577406259732,F1 VALIDATION
4h,LINKUSDT_4h,MLPClassifier,"{1: 0.5042016806722689, 0: 0.4957983193277311}",DESBALANCEO REAL VAL
4h,LINKUSDT_4h,MLPClassifier,"{0: 0.5966386554621849, 1: 0.40336134453781514}",DESBALANCEO PREDICCIÓN VAL
4h,LINKUSDT_4h,MLPClassifier,0.49217715868780143,F1 VALIDATION
4h,LINKUSDT_4h,MLPClassifier,"{1: 0.5042016806722689, 0: 0.4957983193277311}",DESBALANCEO REAL VAL
4h,LINKUSDT_4h,MLPClassifier,"{1: 0.5210084033613446, 0: 0.4789915966386555}",DESBALANCEO PREDICCIÓN VAL
4h,LINKUSDT_4h,MLPClassifier,0.5089000456412597,FINAL TEST
4h,LINKUSDT_4h,MLPClassifier,0.49866879659211927,F1 FINAL TEST
4h,LINKUSDT_4h,MLPClassifier,"{0: 0.5143769968051118, 1: 0.48562300319488816}",DESBALANCEO REAL
4h,LINKUSDT_4h,MLPClassifier,"{0: 0.6284801460520311, 1: 0.37151985394796894}",DESBALANCEO PREDICCIÓN
4h,AVAXUSDT_4h,MLPClassifier,0.30706137493023233,F1 VALIDATION
4h,AVAXUSDT_4h,MLPClassifier,"{1: 0.5042016806722689, 0: 0.4957983193277311}",DESBALANCEO REAL VAL
4h,AVAXUSDT_4h,MLPClassifier,{0: 1.0},DESBALANCEO PREDICCIÓN VAL
4h,AVAXUSDT_4h,MLPClassifier,0.3128574744671723,F1 VALIDATION
4h,AVAXUSDT_4h,MLPClassifier,"{1: 0.5042016806722689, 0: 0.4957983193277311}",DESBALANCEO REAL VAL
4h,AVAXUSDT_4h,MLPClassifier,{0: 1.0},DESBALANCEO PREDICCIÓN VAL
4h,AVAXUSDT_4h,MLPClassifier,0.36281042956359,F1 VALIDATION
4h,AVAXUSDT_4h,MLPClassifier,"{1: 0.5042016806722689, 0: 0.4957983193277311}",DESBALANCEO REAL VAL
4h,AVAXUSDT_4h,MLPClassifier,"{0: 0.9495798319327731, 1: 0.05042016806722689}",DESBALANCEO PREDICCIÓN VAL
4h,AVAXUSDT_4h,MLPClassifier,0.4497879477301283,F1 VALIDATION
4h,AVAXUSDT_4h,MLPClassifier,"{1: 0.5042016806722689, 0: 0.4957983193277311}",DESBALANCEO REAL VAL
4h,AVAXUSDT_4h,MLPClassifier,"{0: 0.5462184873949579, 1: 0.453781512605042}",DESBALANCEO PREDICCIÓN VAL
4h,AVAXUSDT_4h,MLPClassifier,0.43914040289373624,F1 VALIDATION
4h,AVAXUSDT_4h,MLPClassifier,"{1: 0.5042016806722689, 0: 0.4957983193277311}",DESBALANCEO REAL VAL
4h,AVAXUSDT_4h,MLPClassifier,"{1: 0.5546218487394958, 0: 0.44537815126050423}",DESBALANCEO PREDICCIÓN VAL
4h,AVAXUSDT_4h,MLPClassifier,0.3897603310270531,F1 VALIDATION
4h,AVAXUSDT_4h,MLPClassifier,"{1: 0.5042016806722689, 0: 0.4957983193277311}",DESBALANCEO REAL VAL
4h,AVAXUSDT_4h,MLPClassifier,"{0: 0.5294117647058824, 1: 0.47058823529411764}",DESBALANCEO PREDICCIÓN VAL
4h,AVAXUSDT_4h,MLPClassifier,0.4300368259165232,F1 VALIDATION
4h,AVAXUSDT_4h,MLPClassifier,"{1: 0.5042016806722689, 0: 0.4957983193277311}",DESBALANCEO REAL VAL
4h,AVAXUSDT_4h,MLPClassifier,"{0: 0.6890756302521008, 1: 0.31092436974789917}",DESBALANCEO PREDICCIÓN VAL
4h,AVAXUSDT_4h,MLPClassifier,0.3471647415110123,F1 VALIDATION
4h,AVAXUSDT_4h,MLPClassifier,"{1: 0.5042016806722689, 0: 0.4957983193277311}",DESBALANCEO REAL VAL
4h,AVAXUSDT_4h,MLPClassifier,{0: 1.0},DESBALANCEO PREDICCIÓN VAL
4h,AVAXUSDT_4h,MLPClassifier,0.3411957396459383,F1 VALIDATION
4h,AVAXUSDT_4h,MLPClassifier,"{1: 0.5042016806722689, 0: 0.4957983193277311}",DESBALANCEO REAL VAL
4h,AVAXUSDT_4h,MLPClassifier,"{0: 0.9915966386554622, 1: 0.008403361344537815}",DESBALANCEO PREDICCIÓN VAL
4h,AVAXUSDT_4h,MLPClassifier,0.38401413413796204,F1 VALIDATION
4h,AVAXUSDT_4h,MLPClassifier,"{1: 0.5042016806722689, 0: 0.4957983193277311}",DESBALANCEO REAL VAL
4h,AVAXUSDT_4h,MLPClassifier,"{0: 0.9915966386554622, 1: 0.008403361344537815}",DESBALANCEO PREDICCIÓN VAL
4h,AVAXUSDT_4h,MLPClassifier,0.5006846188954815,FINAL TEST
4h,AVAXUSDT_4h,MLPClassifier,0.49709919064355756,F1 FINAL TEST
4h,AVAXUSDT_4h,MLPClassifier,"{0: 0.5376540392514834, 1: 0.46234596074851664}",DESBALANCEO REAL
4h,AVAXUSDT_4h,MLPClassifier,"{0: 0.5467822911912369, 1: 0.4532177088087631}",DESBALANCEO PREDICCIÓN
4h,BTCUSDT_4h,RandomForestClassifier,0.45778062799902275,F1 VALIDATION
4h,BTCUSDT_4h,RandomForestClassifier,"{0: 0.5378151260504201, 1: 0.46218487394957986}",DESBALANCEO REAL VAL
4h,BTCUSDT_4h,RandomForestClassifier,"{0: 0.5546218487394958, 1: 0.44537815126050423}",DESBALANCEO PREDICCIÓN VAL
4h,BTCUSDT_4h,RandomForestClassifier,0.4715720063415983,F1 VALIDATION
4h,BTCUSDT_4h,RandomForestClassifier,"{0: 0.5378151260504201, 1: 0.46218487394957986}",DESBALANCEO REAL VAL
4h,BTCUSDT_4h,RandomForestClassifier,"{0: 0.5210084033613446, 1: 0.4789915966386555}",DESBALANCEO PREDICCIÓN VAL
4h,BTCUSDT_4h,RandomForestClassifier,0.476923945744252,F1 VALIDATION
4h,BTCUSDT_4h,RandomForestClassifier,"{0: 0.5378151260504201, 1: 0.46218487394957986}",DESBALANCEO REAL VAL
4h,BTCUSDT_4h,RandomForestClassifier,"{0: 0.5630252100840336, 1: 0.4369747899159664}",DESBALANCEO PREDICCIÓN VAL
4h,BTCUSDT_4h,RandomForestClassifier,0.4606479102171141,F1 VALIDATION
4h,BTCUSDT_4h,RandomForestClassifier,"{0: 0.5378151260504201, 1: 0.46218487394957986}",DESBALANCEO REAL VAL
4h,BTCUSDT_4h,RandomForestClassifier,"{0: 0.7226890756302521, 1: 0.2773109243697479}",DESBALANCEO PREDICCIÓN VAL
4h,BTCUSDT_4h,RandomForestClassifier,0.46234464971977207,F1 VALIDATION
4h,BTCUSDT_4h,RandomForestClassifier,"{0: 0.5378151260504201, 1: 0.46218487394957986}",DESBALANCEO REAL VAL
4h,BTCUSDT_4h,RandomForestClassifier,"{0: 0.5126050420168067, 1: 0.48739495798319327}",DESBALANCEO PREDICCIÓN VAL
4h,BTCUSDT_4h,RandomForestClassifier,0.4804079592697864,F1 VALIDATION
4h,BTCUSDT_4h,RandomForestClassifier,"{0: 0.5378151260504201, 1: 0.46218487394957986}",DESBALANCEO REAL VAL
4h,BTCUSDT_4h,RandomForestClassifier,"{1: 0.5294117647058824, 0: 0.47058823529411764}",DESBALANCEO PREDICCIÓN VAL
4h,BTCUSDT_4h,RandomForestClassifier,0.4612407758678298,F1 VALIDATION
4h,BTCUSDT_4h,RandomForestClassifier,"{0: 0.5378151260504201, 1: 0.46218487394957986}",DESBALANCEO REAL VAL
4h,BTCUSDT_4h,RandomForestClassifier,"{0: 0.7058823529411765, 1: 0.29411764705882354}",DESBALANCEO PREDICCIÓN VAL
4h,BTCUSDT_4h,RandomForestClassifier,0.475521344071578,F1 VALIDATION
4h,BTCUSDT_4h,RandomForestClassifier,"{0: 0.5378151260504201, 1: 0.46218487394957986}",DESBALANCEO REAL VAL
4h,BTCUSDT_4h,RandomForestClassifier,"{0: 0.5042016806722689, 1: 0.4957983193277311}",DESBALANCEO PREDICCIÓN VAL
4h,BTCUSDT_4h,RandomForestClassifier,0.4669238474525126,F1 VALIDATION
4h,BTCUSDT_4h,RandomForestClassifier,"{0: 0.5378151260504201, 1: 0.46218487394957986}",DESBALANCEO REAL VAL
4h,BTCUSDT_4h,RandomForestClassifier,"{0: 0.7226890756302521, 1: 0.2773109243697479}",DESBALANCEO PREDICCIÓN VAL
4h,BTCUSDT_4h,RandomForestClassifier,0.497781146998607,F1 VALIDATION
4h,BTCUSDT_4h,RandomForestClassifier,"{0: 0.5378151260504201, 1: 0.46218487394957986}",DESBALANCEO REAL VAL
4h,BTCUSDT_4h,RandomForestClassifier,"{0: 0.6722689075630253, 1: 0.3277310924369748}",DESBALANCEO PREDICCIÓN VAL
4h,BTCUSDT_4h,RandomForestClassifier,0.5075308078502967,FINAL TEST
4h,BTCUSDT_4h,RandomForestClassifier,0.5061939619654161,F1 FINAL TEST
4h,BTCUSDT_4h,RandomForestClassifier,"{1: 0.5390232770424463, 0: 0.46097672295755365}",DESBALANCEO REAL
4h,BTCUSDT_4h,RandomForestClassifier,"{1: 0.5130077590141487, 0: 0.4869922409858512}",DESBALANCEO PREDICCIÓN
4h,ETHUSDT_4h,RandomForestClassifier,0.5528470976542174,F1 VALIDATION
4h,ETHUSDT_4h,RandomForestClassifier,"{0: 0.5294117647058824, 1: 0.47058823529411764}",DESBALANCEO REAL VAL
4h,ETHUSDT_4h,RandomForestClassifier,"{0: 0.5210084033613446, 1: 0.4789915966386555}",DESBALANCEO PREDICCIÓN VAL
4h,ETHUSDT_4h,RandomForestClassifier,0.5634502450960548,F1 VALIDATION
4h,ETHUSDT_4h,RandomForestClassifier,"{0: 0.5294117647058824, 1: 0.47058823529411764}",DESBALANCEO REAL VAL
4h,ETHUSDT_4h,RandomForestClassifier,"{0: 0.5042016806722689, 1: 0.4957983193277311}",DESBALANCEO PREDICCIÓN VAL
4h,ETHUSDT_4h,RandomForestClassifier,0.5640695306114354,F1 VALIDATION
4h,ETHUSDT_4h,RandomForestClassifier,"{0: 0.5294117647058824, 1: 0.47058823529411764}",DESBALANCEO REAL VAL
4h,ETHUSDT_4h,RandomForestClassifier,"{0: 0.5210084033613446, 1: 0.4789915966386555}",DESBALANCEO PREDICCIÓN VAL
4h,ETHUSDT_4h,RandomForestClassifier,0.4968824372697752,F1 VALIDATION
4h,ETHUSDT_4h,RandomForestClassifier,"{0: 0.5294117647058824, 1: 0.47058823529411764}",DESBALANCEO REAL VAL
4h,ETHUSDT_4h,RandomForestClassifier,"{0: 0.5378151260504201, 1: 0.46218487394957986}",DESBALANCEO PREDICCIÓN VAL
4h,ETHUSDT_4h,RandomForestClassifier,0.5455384106365603,F1 VALIDATION
4h,ETHUSDT_4h,RandomForestClassifier,"{0: 0.5294117647058824, 1: 0.47058823529411764}",DESBALANCEO REAL VAL
4h,ETHUSDT_4h,RandomForestClassifier,"{1: 0.5126050420168067, 0: 0.48739495798319327}",DESBALANCEO PREDICCIÓN VAL
4h,ETHUSDT_4h,RandomForestClassifier,0.5577642461260043,F1 VALIDATION
4h,ETHUSDT_4h,RandomForestClassifier,"{0: 0.5294117647058824, 1: 0.47058823529411764}",DESBALANCEO REAL VAL
4h,ETHUSDT_4h,RandomForestClassifier,"{1: 0.5126050420168067, 0: 0.48739495798319327}",DESBALANCEO PREDICCIÓN VAL
4h,ETHUSDT_4h,RandomForestClassifier,0.5489473501469466,F1 VALIDATION
4h,ETHUSDT_4h,RandomForestClassifier,"{0: 0.5294117647058824, 1: 0.47058823529411764}",DESBALANCEO REAL VAL
4h,ETHUSDT_4h,RandomForestClassifier,"{0: 0.5126050420168067, 1: 0.48739495798319327}",DESBALANCEO PREDICCIÓN VAL
4h,ETHUSDT_4h,RandomForestClassifier,0.5602351365779812,F1 VALIDATION
4h,ETHUSDT_4h,RandomForestClassifier,"{0: 0.5294117647058824, 1: 0.47058823529411764}",DESBALANCEO REAL VAL
4h,ETHUSDT_4h,RandomForestClassifier,"{0: 0.5882352941176471, 1: 0.4117647058823529}",DESBALANCEO PREDICCIÓN VAL
4h,ETHUSDT_4h,RandomForestClassifier,0.5574345343509753,F1 VALIDATION
4h,ETHUSDT_4h,RandomForestClassifier,"{0: 0.5294117647058824, 1: 0.47058823529411764}",DESBALANCEO REAL VAL
4h,ETHUSDT_4h,RandomForestClassifier,"{1: 0.5042016806722689, 0: 0.4957983193277311}",DESBALANCEO PREDICCIÓN VAL
4h,ETHUSDT_4h,RandomForestClassifier,0.5497021729365119,F1 VALIDATION
4h,ETHUSDT_4h,RandomForestClassifier,"{0: 0.5294117647058824, 1: 0.47058823529411764}",DESBALANCEO REAL VAL
4h,ETHUSDT_4h,RandomForestClassifier,"{0: 0.5210084033613446, 1: 0.4789915966386555}",DESBALANCEO PREDICCIÓN VAL
4h,ETHUSDT_4h,RandomForestClassifier,0.4901871291647649,FINAL TEST
4h,ETHUSDT_4h,RandomForestClassifier,0.48632424652856265,F1 FINAL TEST
4h,ETHUSDT_4h,RandomForestClassifier,"{1: 0.52259242355089, 0: 0.47740757644910997}",DESBALANCEO REAL
4h,ETHUSDT_4h,RandomForestClassifier,"{1: 0.5641259698767686, 0: 0.4358740301232314}",DESBALANCEO PREDICCIÓN
4h,XRPUSDT_4h,RandomForestClassifier,0.49595616579463203,F1 VALIDATION
4h,XRPUSDT_4h,RandomForestClassifier,"{0: 0.5042016806722689, 1: 0.4957983193277311}",DESBALANCEO REAL VAL
4h,XRPUSDT_4h,RandomForestClassifier,"{0: 0.7815126050420168, 1: 0.2184873949579832}",DESBALANCEO PREDICCIÓN VAL
4h,XRPUSDT_4h,RandomForestClassifier,0.4936404605427912,F1 VALIDATION
4h,XRPUSDT_4h,RandomForestClassifier,"{0: 0.5042016806722689, 1: 0.4957983193277311}",DESBALANCEO REAL VAL
4h,XRPUSDT_4h,RandomForestClassifier,"{0: 0.7815126050420168, 1: 0.2184873949579832}",DESBALANCEO PREDICCIÓN VAL
4h,XRPUSDT_4h,RandomForestClassifier,0.498039062257703,F1 VALIDATION
4h,XRPUSDT_4h,RandomForestClassifier,"{0: 0.5042016806722689, 1: 0.4957983193277311}",DESBALANCEO REAL VAL
4h,XRPUSDT_4h,RandomForestClassifier,"{0: 0.8235294117647058, 1: 0.17647058823529413}",DESBALANCEO PREDICCIÓN VAL
4h,XRPUSDT_4h,RandomForestClassifier,0.49656090649177453,F1 VALIDATION
4h,XRPUSDT_4h,RandomForestClassifier,"{0: 0.5042016806722689, 1: 0.4957983193277311}",DESBALANCEO REAL VAL
4h,XRPUSDT_4h,RandomForestClassifier,"{0: 0.8319327731092437, 1: 0.16806722689075632}",DESBALANCEO PREDICCIÓN VAL
4h,XRPUSDT_4h,RandomForestClassifier,0.4904083344842608,F1 VALIDATION
4h,XRPUSDT_4h,RandomForestClassifier,"{0: 0.5042016806722689, 1: 0.4957983193277311}",DESBALANCEO REAL VAL
4h,XRPUSDT_4h,RandomForestClassifier,"{0: 0.7899159663865546, 1: 0.21008403361344538}",DESBALANCEO PREDICCIÓN VAL
4h,XRPUSDT_4h,RandomForestClassifier,0.5034507957077983,F1 VALIDATION
4h,XRPUSDT_4h,RandomForestClassifier,"{0: 0.5042016806722689, 1: 0.4957983193277311}",DESBALANCEO REAL VAL
4h,XRPUSDT_4h,RandomForestClassifier,"{0: 0.7983193277310925, 1: 0.20168067226890757}",DESBALANCEO PREDICCIÓN VAL
4h,XRPUSDT_4h,RandomForestClassifier,0.4971551911134563,F1 VALIDATION
4h,XRPUSDT_4h,RandomForestClassifier,"{0: 0.5042016806722689, 1: 0.4957983193277311}",DESBALANCEO REAL VAL
4h,XRPUSDT_4h,RandomForestClassifier,"{0: 0.7899159663865546, 1: 0.21008403361344538}",DESBALANCEO PREDICCIÓN VAL
4h,XRPUSDT_4h,RandomForestClassifier,0.4962158707914801,F1 VALIDATION
4h,XRPUSDT_4h,RandomForestClassifier,"{0: 0.5042016806722689, 1: 0.4957983193277311}",DESBALANCEO REAL VAL
4h,XRPUSDT_4h,RandomForestClassifier,"{0: 0.7983193277310925, 1: 0.20168067226890757}",DESBALANCEO PREDICCIÓN VAL
4h,XRPUSDT_4h,RandomForestClassifier,0.5067158275069902,F1 VALIDATION
4h,XRPUSDT_4h,RandomForestClassifier,"{0: 0.5042016806722689, 1: 0.4957983193277311}",DESBALANCEO REAL VAL
4h,XRPUSDT_4h,RandomForestClassifier,"{0: 0.7983193277310925, 1: 0.20168067226890757}",DESBALANCEO PREDICCIÓN VAL
4h,XRPUSDT_4h,RandomForestClassifier,0.5029016069782513,F1 VALIDATION
4h,XRPUSDT_4h,RandomForestClassifier,"{0: 0.5042016806722689, 1: 0.4957983193277311}",DESBALANCEO REAL VAL
4h,XRPUSDT_4h,RandomForestClassifier,"{0: 0.7647058823529411, 1: 0.23529411764705882}",DESBALANCEO PREDICCIÓN VAL
4h,XRPUSDT_4h,RandomForestClassifier,0.5025102692834322,FINAL TEST
4h,XRPUSDT_4h,RandomForestClassifier,0.500557540897486,F1 FINAL TEST
4h,XRPUSDT_4h,RandomForestClassifier,"{1: 0.5061615700593336, 0: 0.49383842994066635}",DESBALANCEO REAL
4h,XRPUSDT_4h,RandomForestClassifier,"{0: 0.5686900958466453, 1: 0.43130990415335463}",DESBALANCEO PREDICCIÓN
4h,BNBUSDT_4h,RandomForestClassifier,0.46995946805349365,F1 VALIDATION
4h,BNBUSDT_4h,RandomForestClassifier,"{0: 0.5210084033613446, 1: 0.4789915966386555}",DESBALANCEO REAL VAL
4h,BNBUSDT_4h,RandomForestClassifier,"{1: 0.5126050420168067, 0: 0.48739495798319327}",DESBALANCEO PREDICCIÓN VAL
4h,BNBUSDT_4h,RandomForestClassifier,0.4582757715739871,F1 VALIDATION
4h,BNBUSDT_4h,RandomForestClassifier,"{0: 0.5210084033613446, 1: 0.4789915966386555}",DESBALANCEO REAL VAL
4h,BNBUSDT_4h,RandomForestClassifier,"{0: 0.5210084033613446, 1: 0.4789915966386555}",DESBALANCEO PREDICCIÓN VAL
4h,BNBUSDT_4h,RandomForestClassifier,0.41438222322210533,F1 VALIDATION
4h,BNBUSDT_4h,RandomForestClassifier,"{0: 0.5210084033613446, 1: 0.4789915966386555}",DESBALANCEO REAL VAL
4h,BNBUSDT_4h,RandomForestClassifier,"{0: 0.5126050420168067, 1: 0.48739495798319327}",DESBALANCEO PREDICCIÓN VAL
4h,BNBUSDT_4h,RandomForestClassifier,0.45677363898011925,F1 VALIDATION
4h,BNBUSDT_4h,RandomForestClassifier,"{0: 0.5210084033613446, 1: 0.4789915966386555}",DESBALANCEO REAL VAL
4h,BNBUSDT_4h,RandomForestClassifier,"{1: 0.5126050420168067, 0: 0.48739495798319327}",DESBALANCEO PREDICCIÓN VAL
4h,BNBUSDT_4h,RandomForestClassifier,0.45936073687054185,F1 VALIDATION
4h,BNBUSDT_4h,RandomForestClassifier,"{0: 0.5210084033613446, 1: 0.4789915966386555}",DESBALANCEO REAL VAL
4h,BNBUSDT_4h,RandomForestClassifier,"{0: 0.5210084033613446, 1: 0.4789915966386555}",DESBALANCEO PREDICCIÓN VAL
4h,BNBUSDT_4h,RandomForestClassifier,0.44111740631881224,F1 VALIDATION
4h,BNBUSDT_4h,RandomForestClassifier,"{0: 0.5210084033613446, 1: 0.4789915966386555}",DESBALANCEO REAL VAL
4h,BNBUSDT_4h,RandomForestClassifier,"{1: 0.5378151260504201, 0: 0.46218487394957986}",DESBALANCEO PREDICCIÓN VAL
4h,BNBUSDT_4h,RandomForestClassifier,0.4669356064492912,F1 VALIDATION
4h,BNBUSDT_4h,RandomForestClassifier,"{0: 0.5210084033613446, 1: 0.4789915966386555}",DESBALANCEO REAL VAL
4h,BNBUSDT_4h,RandomForestClassifier,"{1: 0.5294117647058824, 0: 0.47058823529411764}",DESBALANCEO PREDICCIÓN VAL
4h,BNBUSDT_4h,RandomForestClassifier,0.43519418678399563,F1 VALIDATION
4h,BNBUSDT_4h,RandomForestClassifier,"{0: 0.5210084033613446, 1: 0.4789915966386555}",DESBALANCEO REAL VAL
4h,BNBUSDT_4h,RandomForestClassifier,"{0: 0.5126050420168067, 1: 0.48739495798319327}",DESBALANCEO PREDICCIÓN VAL
4h,BNBUSDT_4h,RandomForestClassifier,0.4759281684664461,F1 VALIDATION
4h,BNBUSDT_4h,RandomForestClassifier,"{0: 0.5210084033613446, 1: 0.4789915966386555}",DESBALANCEO REAL VAL
4h,BNBUSDT_4h,RandomForestClassifier,"{1: 0.6554621848739496, 0: 0.3445378151260504}",DESBALANCEO PREDICCIÓN VAL
4h,BNBUSDT_4h,RandomForestClassifier,0.47148577068149694,F1 VALIDATION
4h,BNBUSDT_4h,RandomForestClassifier,"{0: 0.5210084033613446, 1: 0.4789915966386555}",DESBALANCEO REAL VAL
4h,BNBUSDT_4h,RandomForestClassifier,"{1: 0.6050420168067226, 0: 0.3949579831932773}",DESBALANCEO PREDICCIÓN VAL
4h,BNBUSDT_4h,RandomForestClassifier,0.48653582838886356,FINAL TEST
4h,BNBUSDT_4h,RandomForestClassifier,0.48604076393437085,F1 FINAL TEST
4h,BNBUSDT_4h,RandomForestClassifier,"{1: 0.536741214057508, 0: 0.46325878594249204}",DESBALANCEO REAL
4h,BNBUSDT_4h,RandomForestClassifier,"{0: 0.56777727065267, 1: 0.43222272934732997}",DESBALANCEO PREDICCIÓN
4h,SOLUSDT_4h,RandomForestClassifier,0.43453451913505836,F1 VALIDATION
4h,SOLUSDT_4h,RandomForestClassifier,"{1: 0.6050420168067226, 0: 0.3949579831932773}",DESBALANCEO REAL VAL
4h,SOLUSDT_4h,RandomForestClassifier,"{0: 0.6302521008403361, 1: 0.3697478991596639}",DESBALANCEO PREDICCIÓN VAL
4h,SOLUSDT_4h,RandomForestClassifier,0.4662859281475481,F1 VALIDATION
4h,SOLUSDT_4h,RandomForestClassifier,"{1: 0.6050420168067226, 0: 0.3949579831932773}",DESBALANCEO REAL VAL
4h,SOLUSDT_4h,RandomForestClassifier,"{0: 0.5882352941176471, 1: 0.4117647058823529}",DESBALANCEO PREDICCIÓN VAL
4h,SOLUSDT_4h,RandomForestClassifier,0.43874069672095634,F1 VALIDATION
4h,SOLUSDT_4h,RandomForestClassifier,"{1: 0.6050420168067226, 0: 0.3949579831932773}",DESBALANCEO REAL VAL
4h,SOLUSDT_4h,RandomForestClassifier,"{0: 0.5462184873949579, 1: 0.453781512605042}",DESBALANCEO PREDICCIÓN VAL
4h,SOLUSDT_4h,RandomForestClassifier,0.4479809541164987,F1 VALIDATION
4h,SOLUSDT_4h,RandomForestClassifier,"{1: 0.6050420168067226, 0: 0.3949579831932773}",DESBALANCEO REAL VAL
4h,SOLUSDT_4h,RandomForestClassifier,"{0: 0.6134453781512605, 1: 0.3865546218487395}",DESBALANCEO PREDICCIÓN VAL
4h,SOLUSDT_4h,RandomForestClassifier,0.4335177933142056,F1 VALIDATION
4h,SOLUSDT_4h,RandomForestClassifier,"{1: 0.6050420168067226, 0: 0.3949579831932773}",DESBALANCEO REAL VAL
4h,SOLUSDT_4h,RandomForestClassifier,"{0: 0.6722689075630253, 1: 0.3277310924369748}",DESBALANCEO PREDICCIÓN VAL
4h,SOLUSDT_4h,RandomForestClassifier,0.45361050656616386,F1 VALIDATION
4h,SOLUSDT_4h,RandomForestClassifier,"{1: 0.6050420168067226, 0: 0.3949579831932773}",DESBALANCEO REAL VAL
4h,SOLUSDT_4h,RandomForestClassifier,"{0: 0.6302521008403361, 1: 0.3697478991596639}",DESBALANCEO PREDICCIÓN VAL
4h,SOLUSDT_4h,RandomForestClassifier,0.46005161120513394,F1 VALIDATION
4h,SOLUSDT_4h,RandomForestClassifier,"{1: 0.6050420168067226, 0: 0.3949579831932773}",DESBALANCEO REAL VAL
4h,SOLUSDT_4h,RandomForestClassifier,"{0: 0.5462184873949579, 1: 0.453781512605042}",DESBALANCEO PREDICCIÓN VAL
4h,SOLUSDT_4h,RandomForestClassifier,0.43321945011868845,F1 VALIDATION
4h,SOLUSDT_4h,RandomForestClassifier,"{1: 0.6050420168067226, 0: 0.3949579831932773}",DESBALANCEO REAL VAL
4h,SOLUSDT_4h,RandomForestClassifier,"{0: 0.6386554621848739, 1: 0.36134453781512604}",DESBALANCEO PREDICCIÓN VAL
4h,SOLUSDT_4h,RandomForestClassifier,0.47015555824891414,F1 VALIDATION
4h,SOLUSDT_4h,RandomForestClassifier,"{1: 0.6050420168067226, 0: 0.3949579831932773}",DESBALANCEO REAL VAL
4h,SOLUSDT_4h,RandomForestClassifier,"{0: 0.5798319327731093, 1: 0.42016806722689076}",DESBALANCEO PREDICCIÓN VAL
4h,SOLUSDT_4h,RandomForestClassifier,0.45139074967700277,F1 VALIDATION
4h,SOLUSDT_4h,RandomForestClassifier,"{1: 0.6050420168067226, 0: 0.3949579831932773}",DESBALANCEO REAL VAL
4h,SOLUSDT_4h,RandomForestClassifier,"{0: 0.6218487394957983, 1: 0.37815126050420167}",DESBALANCEO PREDICCIÓN VAL
4h,SOLUSDT_4h,RandomForestClassifier,0.5235052487448654,FINAL TEST
4h,SOLUSDT_4h,RandomForestClassifier,0.5164312460044446,F1 FINAL TEST
4h,SOLUSDT_4h,RandomForestClassifier,"{1: 0.5038795070743952, 0: 0.49612049292560473}",DESBALANCEO REAL
4h,SOLUSDT_4h,RandomForestClassifier,"{0: 0.6248288452761296, 1: 0.37517115472387036}",DESBALANCEO PREDICCIÓN
4h,ADAUSDT_4h,RandomForestClassifier,0.4779677807249841,F1 VALIDATION
4h,ADAUSDT_4h,RandomForestClassifier,"{0: 0.5210084033613446, 1: 0.4789915966386555}",DESBALANCEO REAL VAL
4h,ADAUSDT_4h,RandomForestClassifier,"{0: 0.6050420168067226, 1: 0.3949579831932773}",DESBALANCEO PREDICCIÓN VAL
4h,ADAUSDT_4h,RandomForestClassifier,0.4146587033146697,F1 VALIDATION
4h,ADAUSDT_4h,RandomForestClassifier,"{0: 0.5210084033613446, 1: 0.4789915966386555}",DESBALANCEO REAL VAL
4h,ADAUSDT_4h,RandomForestClassifier,"{0: 0.7058823529411765, 1: 0.29411764705882354}",DESBALANCEO PREDICCIÓN VAL
4h,ADAUSDT_4h,RandomForestClassifier,0.36050890865709373,F1 VALIDATION
4h,ADAUSDT_4h,RandomForestClassifier,"{0: 0.5210084033613446, 1: 0.4789915966386555}",DESBALANCEO REAL VAL
4h,ADAUSDT_4h,RandomForestClassifier,"{0: 0.7815126050420168, 1: 0.2184873949579832}",DESBALANCEO PREDICCIÓN VAL
4h,ADAUSDT_4h,RandomForestClassifier,0.438880354430297,F1 VALIDATION
4h,ADAUSDT_4h,RandomForestClassifier,"{0: 0.5210084033613446, 1: 0.4789915966386555}",DESBALANCEO REAL VAL
4h,ADAUSDT_4h,RandomForestClassifier,"{0: 0.6470588235294118, 1: 0.35294117647058826}",DESBALANCEO PREDICCIÓN VAL
4h,ADAUSDT_4h,RandomForestClassifier,0.4754452344962453,F1 VALIDATION
4h,ADAUSDT_4h,RandomForestClassifier,"{0: 0.5210084033613446, 1: 0.4789915966386555}",DESBALANCEO REAL VAL
4h,ADAUSDT_4h,RandomForestClassifier,"{0: 0.6302521008403361, 1: 0.3697478991596639}",DESBALANCEO PREDICCIÓN VAL
4h,ADAUSDT_4h,RandomForestClassifier,0.4665249296813484,F1 VALIDATION
4h,ADAUSDT_4h,RandomForestClassifier,"{0: 0.5210084033613446, 1: 0.4789915966386555}",DESBALANCEO REAL VAL
4h,ADAUSDT_4h,RandomForestClassifier,"{0: 0.6134453781512605, 1: 0.3865546218487395}",DESBALANCEO PREDICCIÓN VAL
4h,ADAUSDT_4h,RandomForestClassifier,0.4690521305611205,F1 VALIDATION
4h,ADAUSDT_4h,RandomForestClassifier,"{0: 0.5210084033613446, 1: 0.4789915966386555}",DESBALANCEO REAL VAL
4h,ADAUSDT_4h,RandomForestClassifier,"{0: 0.5966386554621849, 1: 0.40336134453781514}",DESBALANCEO PREDICCIÓN VAL
4h,ADAUSDT_4h,RandomForestClassifier,0.47482096570806587,F1 VALIDATION
4h,ADAUSDT_4h,RandomForestClassifier,"{0: 0.5210084033613446, 1: 0.4789915966386555}",DESBALANCEO REAL VAL
4h,ADAUSDT_4h,RandomForestClassifier,"{0: 0.6050420168067226, 1: 0.3949579831932773}",DESBALANCEO PREDICCIÓN VAL
4h,ADAUSDT_4h,RandomForestClassifier,0.4685116851682314,F1 VALIDATION
4h,ADAUSDT_4h,RandomForestClassifier,"{0: 0.5210084033613446, 1: 0.4789915966386555}",DESBALANCEO REAL VAL
4h,ADAUSDT_4h,RandomForestClassifier,"{0: 0.6218487394957983, 1: 0.37815126050420167}",DESBALANCEO PREDICCIÓN VAL
4h,ADAUSDT_4h,RandomForestClassifier,0.45196521745944124,F1 VALIDATION
4h,ADAUSDT_4h,RandomForestClassifier,"{0: 0.5210084033613446, 1: 0.4789915966386555}",DESBALANCEO REAL VAL
4h,ADAUSDT_4h,RandomForestClassifier,"{0: 0.5798319327731093, 1: 0.42016806722689076}",DESBALANCEO PREDICCIÓN VAL
4h,ADAUSDT_4h,RandomForestClassifier,0.4596074851665906,FINAL TEST
4h,ADAUSDT_4h,RandomForestClassifier,0.4589735333031899,F1 FINAL TEST
4h,ADAUSDT_4h,RandomForestClassifier,"{0: 0.5203103605659516, 1: 0.47968963943404835}",DESBALANCEO REAL
4h,ADAUSDT_4h,RandomForestClassifier,"{0: 0.5139205842081241, 1: 0.48607941579187586}",DESBALANCEO PREDICCIÓN
4h,TRXUSDT_4h,RandomForestClassifier,0.4785349776468412,F1 VALIDATION
4h,TRXUSDT_4h,RandomForestClassifier,"{1: 0.6890756302521008, 0: 0.31092436974789917}",DESBALANCEO REAL VAL
4h,TRXUSDT_4h,RandomForestClassifier,"{1: 0.8487394957983193, 0: 0.15126050420168066}",DESBALANCEO PREDICCIÓN VAL
4h,TRXUSDT_4h,RandomForestClassifier,0.48981795211108403,F1 VALIDATION
4h,TRXUSDT_4h,RandomForestClassifier,"{1: 0.6890756302521008, 0: 0.31092436974789917}",DESBALANCEO REAL VAL
4h,TRXUSDT_4h,RandomForestClassifier,"{1: 0.6470588235294118, 0: 0.35294117647058826}",DESBALANCEO PREDICCIÓN VAL
4h,TRXUSDT_4h,RandomForestClassifier,0.4985351310744851,F1 VALIDATION
4h,TRXUSDT_4h,RandomForestClassifier,"{1: 0.6890756302521008, 0: 0.31092436974789917}",DESBALANCEO REAL VAL
4h,TRXUSDT_4h,RandomForestClassifier,"{1: 0.5378151260504201, 0: 0.46218487394957986}",DESBALANCEO PREDICCIÓN VAL
4h,TRXUSDT_4h,RandomForestClassifier,0.48754180469585917,F1 VALIDATION
4h,TRXUSDT_4h,RandomForestClassifier,"{1: 0.6890756302521008, 0: 0.31092436974789917}",DESBALANCEO REAL VAL
4h,TRXUSDT_4h,RandomForestClassifier,"{0: 0.5378151260504201, 1: 0.46218487394957986}",DESBALANCEO PREDICCIÓN VAL
4h,TRXUSDT_4h,RandomForestClassifier,0.48647078526063653,F1 VALIDATION
4h,TRXUSDT_4h,RandomForestClassifier,"{1: 0.6890756302521008, 0: 0.31092436974789917}",DESBALANCEO REAL VAL
4h,TRXUSDT_4h,RandomForestClassifier,"{1: 0.5630252100840336, 0: 0.4369747899159664}",DESBALANCEO PREDICCIÓN VAL
4h,TRXUSDT_4h,RandomForestClassifier,0.49155911239120387,F1 VALIDATION
4h,TRXUSDT_4h,RandomForestClassifier,"{1: 0.6890756302521008, 0: 0.31092436974789917}",DESBALANCEO REAL VAL
4h,TRXUSDT_4h,RandomForestClassifier,"{1: 0.5378151260504201, 0: 0.46218487394957986}",DESBALANCEO PREDICCIÓN VAL
4h,TRXUSDT_4h,RandomForestClassifier,0.48003049456116803,F1 VALIDATION
4h,TRXUSDT_4h,RandomForestClassifier,"{1: 0.6890756302521008, 0: 0.31092436974789917}",DESBALANCEO REAL VAL
4h,TRXUSDT_4h,RandomForestClassifier,"{1: 0.7815126050420168, 0: 0.2184873949579832}",DESBALANCEO PREDICCIÓN VAL
4h,TRXUSDT_4h,RandomForestClassifier,0.5133054997647019,F1 VALIDATION
4h,TRXUSDT_4h,RandomForestClassifier,"{1: 0.6890756302521008, 0: 0.31092436974789917}",DESBALANCEO REAL VAL
4h,TRXUSDT_4h,RandomForestClassifier,"{1: 0.7647058823529411, 0: 0.23529411764705882}",DESBALANCEO PREDICCIÓN VAL
4h,TRXUSDT_4h,RandomForestClassifier,0.4771046769894477,F1 VALIDATION
4h,TRXUSDT_4h,RandomForestClassifier,"{1: 0.6890756302521008, 0: 0.31092436974789917}",DESBALANCEO REAL VAL
4h,TRXUSDT_4h,RandomForestClassifier,"{1: 0.5546218487394958, 0: 0.44537815126050423}",DESBALANCEO PREDICCIÓN VAL
4h,TRXUSDT_4h,RandomForestClassifier,0.48553315982951817,F1 VALIDATION
4h,TRXUSDT_4h,RandomForestClassifier,"{1: 0.6890756302521008, 0: 0.31092436974789917}",DESBALANCEO REAL VAL
4h,TRXUSDT_4h,RandomForestClassifier,"{1: 0.7815126050420168, 0: 0.2184873949579832}",DESBALANCEO PREDICCIÓN VAL
4h,TRXUSDT_4h,RandomForestClassifier,0.5098128708352351,FINAL TEST
4h,TRXUSDT_4h,RandomForestClassifier,0.4735548527737806,F1 FINAL TEST
4h,TRXUSDT_4h,RandomForestClassifier,"{1: 0.5358283888635327, 0: 0.4641716111364674}",DESBALANCEO REAL
4h,TRXUSDT_4h,RandomForestClassifier,"{1: 0.7266088544043816, 0: 0.27339114559561845}",DESBALANCEO PREDICCIÓN
4h,LINKUSDT_4h,RandomForestClassifier,0.5236088653467847,F1 VALIDATION
4h,LINKUSDT_4h,RandomForestClassifier,"{1: 0.5042016806722689, 0: 0.4957983193277311}",DESBALANCEO REAL VAL
4h,LINKUSDT_4h,RandomForestClassifier,"{1: 0.5294117647058824, 0: 0.47058823529411764}",DESBALANCEO PREDICCIÓN VAL
4h,LINKUSDT_4h,RandomForestClassifier,0.4495568300019057,F1 VALIDATION
4h,LINKUSDT_4h,RandomForestClassifier,"{1: 0.5042016806722689, 0: 0.4957983193277311}",DESBALANCEO REAL VAL
4h,LINKUSDT_4h,RandomForestClassifier,"{1: 0.6386554621848739, 0: 0.36134453781512604}",DESBALANCEO PREDICCIÓN VAL
4h,LINKUSDT_4h,RandomForestClassifier,0.4839496733395624,F1 VALIDATION
4h,LINKUSDT_4h,RandomForestClassifier,"{1: 0.5042016806722689, 0: 0.4957983193277311}",DESBALANCEO REAL VAL
4h,LINKUSDT_4h,RandomForestClassifier,"{1: 0.5630252100840336, 0: 0.4369747899159664}",DESBALANCEO PREDICCIÓN VAL
4h,LINKUSDT_4h,RandomForestClassifier,0.5123462876671759,F1 VALIDATION
4h,LINKUSDT_4h,RandomForestClassifier,"{1: 0.5042016806722689, 0: 0.4957983193277311}",DESBALANCEO REAL VAL
4h,LINKUSDT_4h,RandomForestClassifier,"{0: 0.5378151260504201, 1: 0.46218487394957986}",DESBALANCEO PREDICCIÓN VAL
4h,LINKUSDT_4h,RandomForestClassifier,0.457904569054985,F1 VALIDATION
4h,LINKUSDT_4h,RandomForestClassifier,"{1: 0.5042016806722689, 0: 0.4957983193277311}",DESBALANCEO REAL VAL
4h,LINKUSDT_4h,RandomForestClassifier,"{1: 0.6134453781512605, 0: 0.3865546218487395}",DESBALANCEO PREDICCIÓN VAL
4h,LINKUSDT_4h,RandomForestClassifier,0.5359688509571218,F1 VALIDATION
4h,LINKUSDT_4h,RandomForestClassifier,"{1: 0.5042016806722689, 0: 0.4957983193277311}",DESBALANCEO REAL VAL
4h,LINKUSDT_4h,RandomForestClassifier,"{0: 0.6470588235294118, 1: 0.35294117647058826}",DESBALANCEO PREDICCIÓN VAL
4h,LINKUSDT_4h,RandomForestClassifier,0.46331733875542847,F1 VALIDATION
4h,LINKUSDT_4h,RandomForestClassifier,"{1: 0.5042016806722689, 0: 0.4957983193277311}",DESBALANCEO REAL VAL
4h,LINKUSDT_4h,RandomForestClassifier,"{1: 0.5630252100840336, 0: 0.4369747899159664}",DESBALANCEO PREDICCIÓN VAL
4h,LINKUSDT_4h,RandomForestClassifier,0.4569708264591627,F1 VALIDATION
4h,LINKUSDT_4h,RandomForestClassifier,"{1: 0.5042016806722689, 0: 0.4957983193277311}",DESBALANCEO REAL VAL
4h,LINKUSDT_4h,RandomForestClassifier,"{1: 0.6302521008403361, 0: 0.3697478991596639}",DESBALANCEO PREDICCIÓN VAL
4h,LINKUSDT_4h,RandomForestClassifier,0.48746832197382484,F1 VALIDATION
4h,LINKUSDT_4h,RandomForestClassifier,"{1: 0.5042016806722689, 0: 0.4957983193277311}",DESBALANCEO REAL VAL
4h,LINKUSDT_4h,RandomForestClassifier,"{1: 0.6134453781512605, 0: 0.3865546218487395}",DESBALANCEO PREDICCIÓN VAL
4h,LINKUSDT_4h,RandomForestClassifier,0.46962419984397996,F1 VALIDATION
4h,LINKUSDT_4h,RandomForestClassifier,"{1: 0.5042016806722689, 0: 0.4957983193277311}",DESBALANCEO REAL VAL
4h,LINKUSDT_4h,RandomForestClassifier,"{1: 0.6050420168067226, 0: 0.3949579831932773}",DESBALANCEO PREDICCIÓN VAL
4h,LINKUSDT_4h,RandomForestClassifier,0.5216795983569147,FINAL TEST
4h,LINKUSDT_4h,RandomForestClassifier,0.5038805113632435,F1 FINAL TEST
4h,LINKUSDT_4h,RandomForestClassifier,"{0: 0.5143769968051118, 1: 0.48562300319488816}",DESBALANCEO REAL
4h,LINKUSDT_4h,RandomForestClassifier,"{0: 0.6750342309447741, 1: 0.32496576905522595}",DESBALANCEO PREDICCIÓN
4h,AVAXUSDT_4h,RandomForestClassifier,0.4847569246644106,F1 VALIDATION
4h,AVAXUSDT_4h,RandomForestClassifier,"{1: 0.5042016806722689, 0: 0.4957983193277311}",DESBALANCEO REAL VAL
4h,AVAXUSDT_4h,RandomForestClassifier,"{0: 0.6722689075630253, 1: 0.3277310924369748}",DESBALANCEO PREDICCIÓN VAL
4h,AVAXUSDT_4h,RandomForestClassifier,0.5155901553545019,F1 VALIDATION
4h,AVAXUSDT_4h,RandomForestClassifier,"{1: 0.5042016806722689, 0: 0.4957983193277311}",DESBALANCEO REAL VAL
4h,AVAXUSDT_4h,RandomForestClassifier,"{1: 0.7983193277310925, 0: 0.20168067226890757}",DESBALANCEO PREDICCIÓN VAL
4h,AVAXUSDT_4h,RandomForestClassifier,0.5162057136786194,F1 VALIDATION
4h,AVAXUSDT_4h,RandomForestClassifier,"{1: 0.5042016806722689, 0: 0.4957983193277311}",DESBALANCEO REAL VAL
4h,AVAXUSDT_4h,RandomForestClassifier,"{1: 0.5378151260504201, 0: 0.46218487394957986}",DESBALANCEO PREDICCIÓN VAL
4h,AVAXUSDT_4h,RandomForestClassifier,0.512438838197756,F1 VALIDATION
4h,AVAXUSDT_4h,RandomForestClassifier,"{1: 0.5042016806722689, 0: 0.4957983193277311}",DESBALANCEO REAL VAL
4h,AVAXUSDT_4h,RandomForestClassifier,"{1: 0.5042016806722689, 0: 0.4957983193277311}",DESBALANCEO PREDICCIÓN VAL
4h,AVAXUSDT_4h,RandomForestClassifier,0.510544397837138,F1 VALIDATION
4h,AVAXUSDT_4h,RandomForestClassifier,"{1: 0.5042016806722689, 0: 0.4957983193277311}",DESBALANCEO REAL VAL
4h,AVAXUSDT_4h,RandomForestClassifier,"{1: 0.5462184873949579, 0: 0.453781512605042}",DESBALANCEO PREDICCIÓN VAL
4h,AVAXUSDT_4h,RandomForestClassifier,0.5195966063552564,F1 VALIDATION
4h,AVAXUSDT_4h,RandomForestClassifier,"{1: 0.5042016806722689, 0: 0.4957983193277311}",DESBALANCEO REAL VAL
4h,AVAXUSDT_4h,RandomForestClassifier,"{1: 0.5546218487394958, 0: 0.44537815126050423}",DESBALANCEO PREDICCIÓN VAL
4h,AVAXUSDT_4h,RandomForestClassifier,0.5253722520357645,F1 VALIDATION
4h,AVAXUSDT_4h,RandomForestClassifier,"{1: 0.5042016806722689, 0: 0.4957983193277311}",DESBALANCEO REAL VAL
4h,AVAXUSDT_4h,RandomForestClassifier,"{1: 0.5630252100840336, 0: 0.4369747899159664}",DESBALANCEO PREDICCIÓN VAL
4h,AVAXUSDT_4h,RandomForestClassifier,0.5020221592160612,F1 VALIDATION
4h,AVAXUSDT_4h,RandomForestClassifier,"{1: 0.5042016806722689, 0: 0.4957983193277311}",DESBALANCEO REAL VAL
4h,AVAXUSDT_4h,RandomForestClassifier,"{1: 0.8319327731092437, 0: 0.16806722689075632}",DESBALANCEO PREDICCIÓN VAL
4h,AVAXUSDT_4h,RandomForestClassifier,0.4980126125729608,F1 VALIDATION
4h,AVAXUSDT_4h,RandomForestClassifier,"{1: 0.5042016806722689, 0: 0.4957983193277311}",DESBALANCEO REAL VAL
4h,AVAXUSDT_4h,RandomForestClassifier,"{1: 0.5798319327731093, 0: 0.42016806722689076}",DESBALANCEO PREDICCIÓN VAL
4h,AVAXUSDT_4h,RandomForestClassifier,0.44303391957931587,F1 VALIDATION
4h,AVAXUSDT_4h,RandomForestClassifier,"{1: 0.5042016806722689, 0: 0.4957983193277311}",DESBALANCEO REAL VAL
4h,AVAXUSDT_4h,RandomForestClassifier,"{1: 0.5798319327731093, 0: 0.42016806722689076}",DESBALANCEO PREDICCIÓN VAL
4h,AVAXUSDT_4h,RandomForestClassifier,0.5545413053400274,FINAL TEST
4h,AVAXUSDT_4h,RandomForestClassifier,0.5501284135623572,F1 FINAL TEST
4h,AVAXUSDT_4h,RandomForestClassifier,"{0: 0.5376540392514834, 1: 0.46234596074851664}",DESBALANCEO REAL
4h,AVAXUSDT_4h,RandomForestClassifier,"{0: 0.5613874942948426, 1: 0.4386125057051575}",DESBALANCEO PREDICCIÓN
4h,BTCUSDT_4h,GradientBoostingClassifier,0.453734003099901,F1 VALIDATION
4h,BTCUSDT_4h,GradientBoostingClassifier,"{0: 0.5378151260504201, 1: 0.46218487394957986}",DESBALANCEO REAL VAL
4h,BTCUSDT_4h,GradientBoostingClassifier,"{0: 0.7226890756302521, 1: 0.2773109243697479}",DESBALANCEO PREDICCIÓN VAL
4h,BTCUSDT_4h,GradientBoostingClassifier,0.4990229230671538,F1 VALIDATION
4h,BTCUSDT_4h,GradientBoostingClassifier,"{0: 0.5378151260504201, 1: 0.46218487394957986}",DESBALANCEO REAL VAL
4h,BTCUSDT_4h,GradientBoostingClassifier,"{0: 0.6974789915966386, 1: 0.3025210084033613}",DESBALANCEO PREDICCIÓN VAL
4h,BTCUSDT_4h,GradientBoostingClassifier,0.47971536125037595,F1 VALIDATION
4h,BTCUSDT_4h,GradientBoostingClassifier,"{0: 0.5378151260504201, 1: 0.46218487394957986}",DESBALANCEO REAL VAL
4h,BTCUSDT_4h,GradientBoostingClassifier,"{0: 0.5294117647058824, 1: 0.47058823529411764}",DESBALANCEO PREDICCIÓN VAL
4h,BTCUSDT_4h,GradientBoostingClassifier,0.4805328955215554,F1 VALIDATION
4h,BTCUSDT_4h,GradientBoostingClassifier,"{0: 0.5378151260504201, 1: 0.46218487394957986}",DESBALANCEO REAL VAL
4h,BTCUSDT_4h,GradientBoostingClassifier,"{1: 0.5126050420168067, 0: 0.48739495798319327}",DESBALANCEO PREDICCIÓN VAL
4h,BTCUSDT_4h,GradientBoostingClassifier,0.49214017895435475,F1 VALIDATION
4h,BTCUSDT_4h,GradientBoostingClassifier,"{0: 0.5378151260504201, 1: 0.46218487394957986}",DESBALANCEO REAL VAL
4h,BTCUSDT_4h,GradientBoostingClassifier,"{0: 0.5462184873949579, 1: 0.453781512605042}",DESBALANCEO PREDICCIÓN VAL
4h,BTCUSDT_4h,GradientBoostingClassifier,0.4756842217735321,F1 VALIDATION
4h,BTCUSDT_4h,GradientBoostingClassifier,"{0: 0.5378151260504201, 1: 0.46218487394957986}",DESBALANCEO REAL VAL
4h,BTCUSDT_4h,GradientBoostingClassifier,"{0: 0.6050420168067226, 1: 0.3949579831932773}",DESBALANCEO PREDICCIÓN VAL
4h,BTCUSDT_4h,GradientBoostingClassifier,0.4749404636708968,F1 VALIDATION
4h,BTCUSDT_4h,GradientBoostingClassifier,"{0: 0.5378151260504201, 1: 0.46218487394957986}",DESBALANCEO REAL VAL
4h,BTCUSDT_4h,GradientBoostingClassifier,"{1: 0.5546218487394958, 0: 0.44537815126050423}",DESBALANCEO PREDICCIÓN VAL
4h,BTCUSDT_4h,GradientBoostingClassifier,0.5054584918017352,F1 VALIDATION
4h,BTCUSDT_4h,GradientBoostingClassifier,"{0: 0.5378151260504201, 1: 0.46218487394957986}",DESBALANCEO REAL VAL
4h,BTCUSDT_4h,GradientBoostingClassifier,"{1: 0.5714285714285714, 0: 0.42857142857142855}",DESBALANCEO PREDICCIÓN VAL
4h,BTCUSDT_4h,GradientBoostingClassifier,0.48962379302239556,F1 VALIDATION
4h,BTCUSDT_4h,GradientBoostingClassifier,"{0: 0.5378151260504201, 1: 0.46218487394957986}",DESBALANCEO REAL VAL
4h,BTCUSDT_4h,GradientBoostingClassifier,"{1: 0.5462184873949579, 0: 0.453781512605042}",DESBALANCEO PREDICCIÓN VAL
4h,BTCUSDT_4h,GradientBoostingClassifier,0.46428138240722905,F1 VALIDATION
4h,BTCUSDT_4h,GradientBoostingClassifier,"{0: 0.5378151260504201, 1: 0.46218487394957986}",DESBALANCEO REAL VAL
4h,BTCUSDT_4h,GradientBoostingClassifier,"{1: 0.5546218487394958, 0: 0.44537815126050423}",DESBALANCEO PREDICCIÓN VAL
4h,BTCUSDT_4h,GradientBoostingClassifier,0.505705157462346,FINAL TEST
4h,BTCUSDT_4h,GradientBoostingClassifier,0.5056553160345725,F1 FINAL TEST
4h,BTCUSDT_4h,GradientBoostingClassifier,"{1: 0.5390232770424463, 0: 0.46097672295755365}",DESBALANCEO REAL
4h,BTCUSDT_4h,GradientBoostingClassifier,"{0: 0.5289821999087175, 1: 0.4710178000912825}",DESBALANCEO PREDICCIÓN
4h,ETHUSDT_4h,GradientBoostingClassifier,0.545289730807005,F1 VALIDATION
4h,ETHUSDT_4h,GradientBoostingClassifier,"{0: 0.5294117647058824, 1: 0.47058823529411764}",DESBALANCEO REAL VAL
4h,ETHUSDT_4h,GradientBoostingClassifier,"{1: 0.5210084033613446, 0: 0.4789915966386555}",DESBALANCEO PREDICCIÓN VAL
4h,ETHUSDT_4h,GradientBoostingClassifier,0.5421677590861903,F1 VALIDATION
4h,ETHUSDT_4h,GradientBoostingClassifier,"{0: 0.5294117647058824, 1: 0.47058823529411764}",DESBALANCEO REAL VAL
4h,ETHUSDT_4h,GradientBoostingClassifier,"{0: 0.5378151260504201, 1: 0.46218487394957986}",DESBALANCEO PREDICCIÓN VAL
4h,ETHUSDT_4h,GradientBoostingClassifier,0.5327829198027534,F1 VALIDATION
4h,ETHUSDT_4h,GradientBoostingClassifier,"{0: 0.5294117647058824, 1: 0.47058823529411764}",DESBALANCEO REAL VAL
4h,ETHUSDT_4h,GradientBoostingClassifier,"{0: 0.5630252100840336, 1: 0.4369747899159664}",DESBALANCEO PREDICCIÓN VAL
4h,ETHUSDT_4h,GradientBoostingClassifier,0.5400763989346966,F1 VALIDATION
4h,ETHUSDT_4h,GradientBoostingClassifier,"{0: 0.5294117647058824, 1: 0.47058823529411764}",DESBALANCEO REAL VAL
4h,ETHUSDT_4h,GradientBoostingClassifier,"{0: 0.5042016806722689, 1: 0.4957983193277311}",DESBALANCEO PREDICCIÓN VAL
4h,ETHUSDT_4h,GradientBoostingClassifier,0.5493801963855771,F1 VALIDATION
4h,ETHUSDT_4h,GradientBoostingClassifier,"{0: 0.5294117647058824, 1: 0.47058823529411764}",DESBALANCEO REAL VAL
4h,ETHUSDT_4h,GradientBoostingClassifier,"{1: 0.5042016806722689, 0: 0.4957983193277311}",DESBALANCEO PREDICCIÓN VAL
4h,ETHUSDT_4h,GradientBoostingClassifier,0.5463924988036177,F1 VALIDATION
4h,ETHUSDT_4h,GradientBoostingClassifier,"{0: 0.5294117647058824, 1: 0.47058823529411764}",DESBALANCEO REAL VAL
4h,ETHUSDT_4h,GradientBoostingClassifier,"{0: 0.5798319327731093, 1: 0.42016806722689076}",DESBALANCEO PREDICCIÓN VAL
4h,ETHUSDT_4h,GradientBoostingClassifier,0.5297636970295215,F1 VALIDATION
4h,ETHUSDT_4h,GradientBoostingClassifier,"{0: 0.5294117647058824, 1: 0.47058823529411764}",DESBALANCEO REAL VAL
4h,ETHUSDT_4h,GradientBoostingClassifier,"{1: 0.5546218487394958, 0: 0.44537815126050423}",DESBALANCEO PREDICCIÓN VAL
4h,ETHUSDT_4h,GradientBoostingClassifier,0.5197023624762818,F1 VALIDATION
4h,ETHUSDT_4h,GradientBoostingClassifier,"{0: 0.5294117647058824, 1: 0.47058823529411764}",DESBALANCEO REAL VAL
4h,ETHUSDT_4h,GradientBoostingClassifier,"{0: 0.5462184873949579, 1: 0.453781512605042}",DESBALANCEO PREDICCIÓN VAL
4h,ETHUSDT_4h,GradientBoostingClassifier,0.547941952025661,F1 VALIDATION
4h,ETHUSDT_4h,GradientBoostingClassifier,"{0: 0.5294117647058824, 1: 0.47058823529411764}",DESBALANCEO REAL VAL
4h,ETHUSDT_4h,GradientBoostingClassifier,"{0: 0.6638655462184874, 1: 0.33613445378151263}",DESBALANCEO PREDICCIÓN VAL
4h,ETHUSDT_4h,GradientBoostingClassifier,0.5493659659706767,F1 VALIDATION
4h,ETHUSDT_4h,GradientBoostingClassifier,"{0: 0.5294117647058824, 1: 0.47058823529411764}",DESBALANCEO REAL VAL
4h,ETHUSDT_4h,GradientBoostingClassifier,"{0: 0.5378151260504201, 1: 0.46218487394957986}",DESBALANCEO PREDICCIÓN VAL
4h,ETHUSDT_4h,GradientBoostingClassifier,0.48607941579187586,FINAL TEST
4h,ETHUSDT_4h,GradientBoostingClassifier,0.4830034870660028,F1 FINAL TEST
4h,ETHUSDT_4h,GradientBoostingClassifier,"{1: 0.52259242355089, 0: 0.47740757644910997}",DESBALANCEO REAL
4h,ETHUSDT_4h,GradientBoostingClassifier,"{1: 0.5545413053400274, 0: 0.4454586946599726}",DESBALANCEO PREDICCIÓN
4h,XRPUSDT_4h,GradientBoostingClassifier,0.49688746290551433,F1 VALIDATION
4h,XRPUSDT_4h,GradientBoostingClassifier,"{0: 0.5042016806722689, 1: 0.4957983193277311}",DESBALANCEO REAL VAL
4h,XRPUSDT_4h,GradientBoostingClassifier,"{0: 0.7478991596638656, 1: 0.25210084033613445}",DESBALANCEO PREDICCIÓN VAL
4h,XRPUSDT_4h,GradientBoostingClassifier,0.49712558215056807,F1 VALIDATION
4h,XRPUSDT_4h,GradientBoostingClassifier,"{0: 0.5042016806722689, 1: 0.4957983193277311}",DESBALANCEO REAL VAL
4h,XRPUSDT_4h,GradientBoostingClassifier,"{0: 0.8235294117647058, 1: 0.17647058823529413}",DESBALANCEO PREDICCIÓN VAL
4h,XRPUSDT_4h,GradientBoostingClassifier,0.5082712881754119,F1 VALIDATION
4h,XRPUSDT_4h,GradientBoostingClassifier,"{0: 0.5042016806722689, 1: 0.4957983193277311}",DESBALANCEO REAL VAL
4h,XRPUSDT_4h,GradientBoostingClassifier,"{0: 0.7815126050420168, 1: 0.2184873949579832}",DESBALANCEO PREDICCIÓN VAL
4h,XRPUSDT_4h,GradientBoostingClassifier,0.49882313924931393,F1 VALIDATION
4h,XRPUSDT_4h,GradientBoostingClassifier,"{0: 0.5042016806722689, 1: 0.4957983193277311}",DESBALANCEO REAL VAL
4h,XRPUSDT_4h,GradientBoostingClassifier,"{0: 0.7563025210084033, 1: 0.24369747899159663}",DESBALANCEO PREDICCIÓN VAL
4h,XRPUSDT_4h,GradientBoostingClassifier,0.48935301068847625,F1 VALIDATION
4h,XRPUSDT_4h,GradientBoostingClassifier,"{0: 0.5042016806722689, 1: 0.4957983193277311}",DESBALANCEO REAL VAL
4h,XRPUSDT_4h,GradientBoostingClassifier,"{0: 0.7815126050420168, 1: 0.2184873949579832}",DESBALANCEO PREDICCIÓN VAL
4h,XRPUSDT_4h,GradientBoostingClassifier,0.4831010017538043,F1 VALIDATION
4h,XRPUSDT_4h,GradientBoostingClassifier,"{0: 0.5042016806722689, 1: 0.4957983193277311}",DESBALANCEO REAL VAL
4h,XRPUSDT_4h,GradientBoostingClassifier,"{0: 0.8403361344537815, 1: 0.15966386554621848}",DESBALANCEO PREDICCIÓN VAL
4h,XRPUSDT_4h,GradientBoostingClassifier,0.5092499068279916,F1 VALIDATION
4h,XRPUSDT_4h,GradientBoostingClassifier,"{0: 0.5042016806722689, 1: 0.4957983193277311}",DESBALANCEO REAL VAL
4h,XRPUSDT_4h,GradientBoostingClassifier,"{0: 0.7563025210084033, 1: 0.24369747899159663}",DESBALANCEO PREDICCIÓN VAL
4h,XRPUSDT_4h,GradientBoostingClassifier,0.5069288287745145,F1 VALIDATION
4h,XRPUSDT_4h,GradientBoostingClassifier,"{0: 0.5042016806722689, 1: 0.4957983193277311}",DESBALANCEO REAL VAL
4h,XRPUSDT_4h,GradientBoostingClassifier,"{0: 0.6890756302521008, 1: 0.31092436974789917}",DESBALANCEO PREDICCIÓN VAL
4h,XRPUSDT_4h,GradientBoostingClassifier,0.5136477828441934,F1 VALIDATION
4h,XRPUSDT_4h,GradientBoostingClassifier,"{0: 0.5042016806722689, 1: 0.4957983193277311}",DESBALANCEO REAL VAL
4h,XRPUSDT_4h,GradientBoostingClassifier,"{0: 0.7815126050420168, 1: 0.2184873949579832}",DESBALANCEO PREDICCIÓN VAL
4h,XRPUSDT_4h,GradientBoostingClassifier,0.5025709279266354,F1 VALIDATION
4h,XRPUSDT_4h,GradientBoostingClassifier,"{0: 0.5042016806722689, 1: 0.4957983193277311}",DESBALANCEO REAL VAL
4h,XRPUSDT_4h,GradientBoostingClassifier,"{0: 0.8403361344537815, 1: 0.15966386554621848}",DESBALANCEO PREDICCIÓN VAL
4h,XRPUSDT_4h,GradientBoostingClassifier,0.5203103605659516,FINAL TEST
4h,XRPUSDT_4h,GradientBoostingClassifier,0.5179905207397281,F1 FINAL TEST
4h,XRPUSDT_4h,GradientBoostingClassifier,"{1: 0.5061615700593336, 0: 0.49383842994066635}",DESBALANCEO REAL
4h,XRPUSDT_4h,GradientBoostingClassifier,"{0: 0.5755362848014606, 1: 0.4244637151985395}",DESBALANCEO PREDICCIÓN
4h,BNBUSDT_4h,GradientBoostingClassifier,0.45962905006211174,F1 VALIDATION
4h,BNBUSDT_4h,GradientBoostingClassifier,"{0: 0.5210084033613446, 1: 0.4789915966386555}",DESBALANCEO REAL VAL
4h,BNBUSDT_4h,GradientBoostingClassifier,"{1: 0.6302521008403361, 0: 0.3697478991596639}",DESBALANCEO PREDICCIÓN VAL
4h,BNBUSDT_4h,GradientBoostingClassifier,0.44010364870203594,F1 VALIDATION
4h,BNBUSDT_4h,GradientBoostingClassifier,"{0: 0.5210084033613446, 1: 0.4789915966386555}",DESBALANCEO REAL VAL
4h,BNBUSDT_4h,GradientBoostingClassifier,"{1: 0.5630252100840336, 0: 0.4369747899159664}",DESBALANCEO PREDICCIÓN VAL
4h,BNBUSDT_4h,GradientBoostingClassifier,0.44428273775303034,F1 VALIDATION
4h,BNBUSDT_4h,GradientBoostingClassifier,"{0: 0.5210084033613446, 1: 0.4789915966386555}",DESBALANCEO REAL VAL
4h,BNBUSDT_4h,GradientBoostingClassifier,"{1: 0.5798319327731093, 0: 0.42016806722689076}",DESBALANCEO PREDICCIÓN VAL
4h,BNBUSDT_4h,GradientBoostingClassifier,0.46683453959971766,F1 VALIDATION
4h,BNBUSDT_4h,GradientBoostingClassifier,"{0: 0.5210084033613446, 1: 0.4789915966386555}",DESBALANCEO REAL VAL
4h,BNBUSDT_4h,GradientBoostingClassifier,"{0: 0.5042016806722689, 1: 0.4957983193277311}",DESBALANCEO PREDICCIÓN VAL
4h,BNBUSDT_4h,GradientBoostingClassifier,0.41198307404918955,F1 VALIDATION
4h,BNBUSDT_4h,GradientBoostingClassifier,"{0: 0.5210084033613446, 1: 0.4789915966386555}",DESBALANCEO REAL VAL
4h,BNBUSDT_4h,GradientBoostingClassifier,"{1: 0.5378151260504201, 0: 0.46218487394957986}",DESBALANCEO PREDICCIÓN VAL
4h,BNBUSDT_4h,GradientBoostingClassifier,0.4496264814662786,F1 VALIDATION
4h,BNBUSDT_4h,GradientBoostingClassifier,"{0: 0.5210084033613446, 1: 0.4789915966386555}",DESBALANCEO REAL VAL
4h,BNBUSDT_4h,GradientBoostingClassifier,"{1: 0.5714285714285714, 0: 0.42857142857142855}",DESBALANCEO PREDICCIÓN VAL
4h,BNBUSDT_4h,GradientBoostingClassifier,0.4403082803832839,F1 VALIDATION
4h,BNBUSDT_4h,GradientBoostingClassifier,"{0: 0.5210084033613446, 1: 0.4789915966386555}",DESBALANCEO REAL VAL
4h,BNBUSDT_4h,GradientBoostingClassifier,"{1: 0.5294117647058824, 0: 0.47058823529411764}",DESBALANCEO PREDICCIÓN VAL
4h,BNBUSDT_4h,GradientBoostingClassifier,0.46518104101282737,F1 VALIDATION
4h,BNBUSDT_4h,GradientBoostingClassifier,"{0: 0.5210084033613446, 1: 0.4789915966386555}",DESBALANCEO REAL VAL
4h,BNBUSDT_4h,GradientBoostingClassifier,"{1: 0.6134453781512605, 0: 0.3865546218487395}",DESBALANCEO PREDICCIÓN VAL
4h,BNBUSDT_4h,GradientBoostingClassifier,0.4321573278701937,F1 VALIDATION
4h,BNBUSDT_4h,GradientBoostingClassifier,"{0: 0.5210084033613446, 1: 0.4789915966386555}",DESBALANCEO REAL VAL
4h,BNBUSDT_4h,GradientBoostingClassifier,"{1: 0.5714285714285714, 0: 0.42857142857142855}",DESBALANCEO PREDICCIÓN VAL
4h,BNBUSDT_4h,GradientBoostingClassifier,0.4663386317516166,F1 VALIDATION
4h,BNBUSDT_4h,GradientBoostingClassifier,"{0: 0.5210084033613446, 1: 0.4789915966386555}",DESBALANCEO REAL VAL
4h,BNBUSDT_4h,GradientBoostingClassifier,"{1: 0.5966386554621849, 0: 0.40336134453781514}",DESBALANCEO PREDICCIÓN VAL
4h,BNBUSDT_4h,GradientBoostingClassifier,0.492925604746691,FINAL TEST
4h,BNBUSDT_4h,GradientBoostingClassifier,0.4928913783445,F1 FINAL TEST
4h,BNBUSDT_4h,GradientBoostingClassifier,"{1: 0.536741214057508, 0: 0.46325878594249204}",DESBALANCEO REAL
4h,BNBUSDT_4h,GradientBoostingClassifier,"{0: 0.5285257873117298, 1: 0.4714742126882702}",DESBALANCEO PREDICCIÓN
4h,SOLUSDT_4h,GradientBoostingClassifier,0.47006719219447407,F1 VALIDATION
4h,SOLUSDT_4h,GradientBoostingClassifier,"{1: 0.6050420168067226, 0: 0.3949579831932773}",DESBALANCEO REAL VAL
4h,SOLUSDT_4h,GradientBoostingClassifier,"{0: 0.5714285714285714, 1: 0.42857142857142855}",DESBALANCEO PREDICCIÓN VAL
4h,SOLUSDT_4h,GradientBoostingClassifier,0.4906044083132427,F1 VALIDATION
4h,SOLUSDT_4h,GradientBoostingClassifier,"{1: 0.6050420168067226, 0: 0.3949579831932773}",DESBALANCEO REAL VAL
4h,SOLUSDT_4h,GradientBoostingClassifier,"{1: 0.5210084033613446, 0: 0.4789915966386555}",DESBALANCEO PREDICCIÓN VAL
4h,SOLUSDT_4h,GradientBoostingClassifier,0.444399417366846,F1 VALIDATION
4h,SOLUSDT_4h,GradientBoostingClassifier,"{1: 0.6050420168067226, 0: 0.3949579831932773}",DESBALANCEO REAL VAL
4h,SOLUSDT_4h,GradientBoostingClassifier,"{1: 0.5462184873949579, 0: 0.453781512605042}",DESBALANCEO PREDICCIÓN VAL
4h,SOLUSDT_4h,GradientBoostingClassifier,0.45924691817258695,F1 VALIDATION
4h,SOLUSDT_4h,GradientBoostingClassifier,"{1: 0.6050420168067226, 0: 0.3949579831932773}",DESBALANCEO REAL VAL
4h,SOLUSDT_4h,GradientBoostingClassifier,"{0: 0.5882352941176471, 1: 0.4117647058823529}",DESBALANCEO PREDICCIÓN VAL
4h,SOLUSDT_4h,GradientBoostingClassifier,0.4653580905836542,F1 VALIDATION
4h,SOLUSDT_4h,GradientBoostingClassifier,"{1: 0.6050420168067226, 0: 0.3949579831932773}",DESBALANCEO REAL VAL
4h,SOLUSDT_4h,GradientBoostingClassifier,"{0: 0.5630252100840336, 1: 0.4369747899159664}",DESBALANCEO PREDICCIÓN VAL
4h,SOLUSDT_4h,GradientBoostingClassifier,0.45979485694265565,F1 VALIDATION
4h,SOLUSDT_4h,GradientBoostingClassifier,"{1: 0.6050420168067226, 0: 0.3949579831932773}",DESBALANCEO REAL VAL
4h,SOLUSDT_4h,GradientBoostingClassifier,"{0: 0.5462184873949579, 1: 0.453781512605042}",DESBALANCEO PREDICCIÓN VAL
4h,SOLUSDT_4h,GradientBoostingClassifier,0.4626061911081073,F1 VALIDATION
4h,SOLUSDT_4h,GradientBoostingClassifier,"{1: 0.6050420168067226, 0: 0.3949579831932773}",DESBALANCEO REAL VAL
4h,SOLUSDT_4h,GradientBoostingClassifier,"{0: 0.6638655462184874, 1: 0.33613445378151263}",DESBALANCEO PREDICCIÓN VAL
4h,SOLUSDT_4h,GradientBoostingClassifier,0.44675584795598383,F1 VALIDATION
4h,SOLUSDT_4h,GradientBoostingClassifier,"{1: 0.6050420168067226, 0: 0.3949579831932773}",DESBALANCEO REAL VAL
4h,SOLUSDT_4h,GradientBoostingClassifier,"{0: 0.5462184873949579, 1: 0.453781512605042}",DESBALANCEO PREDICCIÓN VAL
4h,SOLUSDT_4h,GradientBoostingClassifier,0.4476503178626826,F1 VALIDATION
4h,SOLUSDT_4h,GradientBoostingClassifier,"{1: 0.6050420168067226, 0: 0.3949579831932773}",DESBALANCEO REAL VAL
4h,SOLUSDT_4h,GradientBoostingClassifier,"{0: 0.6386554621848739, 1: 0.36134453781512604}",DESBALANCEO PREDICCIÓN VAL
4h,SOLUSDT_4h,GradientBoostingClassifier,0.46884594978232974,F1 VALIDATION
4h,SOLUSDT_4h,GradientBoostingClassifier,"{1: 0.6050420168067226, 0: 0.3949579831932773}",DESBALANCEO REAL VAL
4h,SOLUSDT_4h,GradientBoostingClassifier,"{0: 0.5462184873949579, 1: 0.453781512605042}",DESBALANCEO PREDICCIÓN VAL
4h,SOLUSDT_4h,GradientBoostingClassifier,0.5280693747147421,FINAL TEST
4h,SOLUSDT_4h,GradientBoostingClassifier,0.5154927252071912,F1 FINAL TEST
4h,SOLUSDT_4h,GradientBoostingClassifier,"{1: 0.5038795070743952, 0: 0.49612049292560473}",DESBALANCEO REAL
4h,SOLUSDT_4h,GradientBoostingClassifier,"{0: 0.6649931538110452, 1: 0.3350068461889548}",DESBALANCEO PREDICCIÓN
4h,ADAUSDT_4h,GradientBoostingClassifier,0.45789406760230394,F1 VALIDATION
4h,ADAUSDT_4h,GradientBoostingClassifier,"{0: 0.5210084033613446, 1: 0.4789915966386555}",DESBALANCEO REAL VAL
4h,ADAUSDT_4h,GradientBoostingClassifier,"{0: 0.6302521008403361, 1: 0.3697478991596639}",DESBALANCEO PREDICCIÓN VAL
4h,ADAUSDT_4h,GradientBoostingClassifier,0.45833118065589584,F1 VALIDATION
4h,ADAUSDT_4h,GradientBoostingClassifier,"{0: 0.5210084033613446, 1: 0.4789915966386555}",DESBALANCEO REAL VAL
4h,ADAUSDT_4h,GradientBoostingClassifier,"{0: 0.6638655462184874, 1: 0.33613445378151263}",DESBALANCEO PREDICCIÓN VAL
4h,ADAUSDT_4h,GradientBoostingClassifier,0.4497167229272037,F1 VALIDATION
4h,ADAUSDT_4h,GradientBoostingClassifier,"{0: 0.5210084033613446, 1: 0.4789915966386555}",DESBALANCEO REAL VAL
4h,ADAUSDT_4h,GradientBoostingClassifier,"{0: 0.5630252100840336, 1: 0.4369747899159664}",DESBALANCEO PREDICCIÓN VAL
4h,ADAUSDT_4h,GradientBoostingClassifier,0.48102015144950255,F1 VALIDATION
4h,ADAUSDT_4h,GradientBoostingClassifier,"{0: 0.5210084033613446, 1: 0.4789915966386555}",DESBALANCEO REAL VAL
4h,ADAUSDT_4h,GradientBoostingClassifier,"{0: 0.5714285714285714, 1: 0.42857142857142855}",DESBALANCEO PREDICCIÓN VAL
4h,ADAUSDT_4h,GradientBoostingClassifier,0.49325711497088653,F1 VALIDATION
4h,ADAUSDT_4h,GradientBoostingClassifier,"{0: 0.5210084033613446, 1: 0.4789915966386555}",DESBALANCEO REAL VAL
4h,ADAUSDT_4h,GradientBoostingClassifier,"{0: 0.5462184873949579, 1: 0.453781512605042}",DESBALANCEO PREDICCIÓN VAL
4h,ADAUSDT_4h,GradientBoostingClassifier,0.44707282392574277,F1 VALIDATION
4h,ADAUSDT_4h,GradientBoostingClassifier,"{0: 0.5210084033613446, 1: 0.4789915966386555}",DESBALANCEO REAL VAL
4h,ADAUSDT_4h,GradientBoostingClassifier,"{0: 0.6218487394957983, 1: 0.37815126050420167}",DESBALANCEO PREDICCIÓN VAL
4h,ADAUSDT_4h,GradientBoostingClassifier,0.4900443928552399,F1 VALIDATION
4h,ADAUSDT_4h,GradientBoostingClassifier,"{0: 0.5210084033613446, 1: 0.4789915966386555}",DESBALANCEO REAL VAL
4h,ADAUSDT_4h,GradientBoostingClassifier,"{0: 0.5462184873949579, 1: 0.453781512605042}",DESBALANCEO PREDICCIÓN VAL
4h,ADAUSDT_4h,GradientBoostingClassifier,0.4767064459885589,F1 VALIDATION
4h,ADAUSDT_4h,GradientBoostingClassifier,"{0: 0.5210084033613446, 1: 0.4789915966386555}",DESBALANCEO REAL VAL
4h,ADAUSDT_4h,GradientBoostingClassifier,"{0: 0.5966386554621849, 1: 0.40336134453781514}",DESBALANCEO PREDICCIÓN VAL
4h,ADAUSDT_4h,GradientBoostingClassifier,0.4605257531462966,F1 VALIDATION
4h,ADAUSDT_4h,GradientBoostingClassifier,"{0: 0.5210084033613446, 1: 0.4789915966386555}",DESBALANCEO REAL VAL
4h,ADAUSDT_4h,GradientBoostingClassifier,"{0: 0.6050420168067226, 1: 0.3949579831932773}",DESBALANCEO PREDICCIÓN VAL
4h,ADAUSDT_4h,GradientBoostingClassifier,0.4885306834343409,F1 VALIDATION
4h,ADAUSDT_4h,GradientBoostingClassifier,"{0: 0.5210084033613446, 1: 0.4789915966386555}",DESBALANCEO REAL VAL
4h,ADAUSDT_4h,GradientBoostingClassifier,"{0: 0.5042016806722689, 1: 0.4957983193277311}",DESBALANCEO PREDICCIÓN VAL
4h,ADAUSDT_4h,GradientBoostingClassifier,0.48607941579187586,FINAL TEST
4h,ADAUSDT_4h,GradientBoostingClassifier,0.4857553670111826,F1 FINAL TEST
4h,ADAUSDT_4h,GradientBoostingClassifier,"{0: 0.5203103605659516, 1: 0.47968963943404835}",DESBALANCEO REAL
4h,ADAUSDT_4h,GradientBoostingClassifier,"{0: 0.5047923322683706, 1: 0.4952076677316294}",DESBALANCEO PREDICCIÓN
4h,TRXUSDT_4h,GradientBoostingClassifier,0.4383106001284126,F1 VALIDATION
4h,TRXUSDT_4h,GradientBoostingClassifier,"{1: 0.6890756302521008, 0: 0.31092436974789917}",DESBALANCEO REAL VAL
4h,TRXUSDT_4h,GradientBoostingClassifier,"{1: 0.5630252100840336, 0: 0.4369747899159664}",DESBALANCEO PREDICCIÓN VAL
4h,TRXUSDT_4h,GradientBoostingClassifier,0.4698046291330204,F1 VALIDATION
4h,TRXUSDT_4h,GradientBoostingClassifier,"{1: 0.6890756302521008, 0: 0.31092436974789917}",DESBALANCEO REAL VAL
4h,TRXUSDT_4h,GradientBoostingClassifier,"{1: 0.5546218487394958, 0: 0.44537815126050423}",DESBALANCEO PREDICCIÓN VAL
4h,TRXUSDT_4h,GradientBoostingClassifier,0.5000366002567891,F1 VALIDATION
4h,TRXUSDT_4h,GradientBoostingClassifier,"{1: 0.6890756302521008, 0: 0.31092436974789917}",DESBALANCEO REAL VAL
4h,TRXUSDT_4h,GradientBoostingClassifier,"{1: 0.5630252100840336, 0: 0.4369747899159664}",DESBALANCEO PREDICCIÓN VAL
4h,TRXUSDT_4h,GradientBoostingClassifier,0.4920242108052809,F1 VALIDATION
4h,TRXUSDT_4h,GradientBoostingClassifier,"{1: 0.6890756302521008, 0: 0.31092436974789917}",DESBALANCEO REAL VAL
4h,TRXUSDT_4h,GradientBoostingClassifier,"{1: 0.5714285714285714, 0: 0.42857142857142855}",DESBALANCEO PREDICCIÓN VAL
4h,TRXUSDT_4h,GradientBoostingClassifier,0.48327536021400447,F1 VALIDATION
4h,TRXUSDT_4h,GradientBoostingClassifier,"{1: 0.6890756302521008, 0: 0.31092436974789917}",DESBALANCEO REAL VAL
4h,TRXUSDT_4h,GradientBoostingClassifier,"{1: 0.5630252100840336, 0: 0.4369747899159664}",DESBALANCEO PREDICCIÓN VAL
4h,TRXUSDT_4h,GradientBoostingClassifier,0.46231161007562777,F1 VALIDATION
4h,TRXUSDT_4h,GradientBoostingClassifier,"{1: 0.6890756302521008, 0: 0.31092436974789917}",DESBALANCEO REAL VAL
4h,TRXUSDT_4h,GradientBoostingClassifier,"{0: 0.5294117647058824, 1: 0.47058823529411764}",DESBALANCEO PREDICCIÓN VAL
4h,TRXUSDT_4h,GradientBoostingClassifier,0.5101433020280893,F1 VALIDATION
4h,TRXUSDT_4h,GradientBoostingClassifier,"{1: 0.6890756302521008, 0: 0.31092436974789917}",DESBALANCEO REAL VAL
4h,TRXUSDT_4h,GradientBoostingClassifier,"{1: 0.5966386554621849, 0: 0.40336134453781514}",DESBALANCEO PREDICCIÓN VAL
4h,TRXUSDT_4h,GradientBoostingClassifier,0.48860264330953634,F1 VALIDATION
4h,TRXUSDT_4h,GradientBoostingClassifier,"{1: 0.6890756302521008, 0: 0.31092436974789917}",DESBALANCEO REAL VAL
4h,TRXUSDT_4h,GradientBoostingClassifier,"{1: 0.6050420168067226, 0: 0.3949579831932773}",DESBALANCEO PREDICCIÓN VAL
4h,TRXUSDT_4h,GradientBoostingClassifier,0.5013645321939201,F1 VALIDATION
4h,TRXUSDT_4h,GradientBoostingClassifier,"{1: 0.6890756302521008, 0: 0.31092436974789917}",DESBALANCEO REAL VAL
4h,TRXUSDT_4h,GradientBoostingClassifier,"{0: 0.5210084033613446, 1: 0.4789915966386555}",DESBALANCEO PREDICCIÓN VAL
4h,TRXUSDT_4h,GradientBoostingClassifier,0.49709414300115046,F1 VALIDATION
4h,TRXUSDT_4h,GradientBoostingClassifier,"{1: 0.6890756302521008, 0: 0.31092436974789917}",DESBALANCEO REAL VAL
4h,TRXUSDT_4h,GradientBoostingClassifier,"{1: 0.5126050420168067, 0: 0.48739495798319327}",DESBALANCEO PREDICCIÓN VAL
4h,TRXUSDT_4h,GradientBoostingClassifier,0.5038795070743952,FINAL TEST
4h,TRXUSDT_4h,GradientBoostingClassifier,0.48677367712528075,F1 FINAL TEST
4h,TRXUSDT_4h,GradientBoostingClassifier,"{1: 0.5358283888635327, 0: 0.4641716111364674}",DESBALANCEO REAL
4h,TRXUSDT_4h,GradientBoostingClassifier,"{1: 0.6467366499315381, 0: 0.3532633500684619}",DESBALANCEO PREDICCIÓN
4h,LINKUSDT_4h,GradientBoostingClassifier,0.4946202413781581,F1 VALIDATION
4h,LINKUSDT_4h,GradientBoostingClassifier,"{1: 0.5042016806722689, 0: 0.4957983193277311}",DESBALANCEO REAL VAL
4h,LINKUSDT_4h,GradientBoostingClassifier,"{1: 0.6050420168067226, 0: 0.3949579831932773}",DESBALANCEO PREDICCIÓN VAL
4h,LINKUSDT_4h,GradientBoostingClassifier,0.5221607641411083,F1 VALIDATION
4h,LINKUSDT_4h,GradientBoostingClassifier,"{1: 0.5042016806722689, 0: 0.4957983193277311}",DESBALANCEO REAL VAL
4h,LINKUSDT_4h,GradientBoostingClassifier,"{0: 0.5630252100840336, 1: 0.4369747899159664}",DESBALANCEO PREDICCIÓN VAL
4h,LINKUSDT_4h,GradientBoostingClassifier,0.49909434208574754,F1 VALIDATION
4h,LINKUSDT_4h,GradientBoostingClassifier,"{1: 0.5042016806722689, 0: 0.4957983193277311}",DESBALANCEO REAL VAL
4h,LINKUSDT_4h,GradientBoostingClassifier,"{1: 0.6386554621848739, 0: 0.36134453781512604}",DESBALANCEO PREDICCIÓN VAL
4h,LINKUSDT_4h,GradientBoostingClassifier,0.49214622289274923,F1 VALIDATION
4h,LINKUSDT_4h,GradientBoostingClassifier,"{1: 0.5042016806722689, 0: 0.4957983193277311}",DESBALANCEO REAL VAL
4h,LINKUSDT_4h,GradientBoostingClassifier,"{1: 0.5798319327731093, 0: 0.42016806722689076}",DESBALANCEO PREDICCIÓN VAL
4h,LINKUSDT_4h,GradientBoostingClassifier,0.4805342878213182,F1 VALIDATION
4h,LINKUSDT_4h,GradientBoostingClassifier,"{1: 0.5042016806722689, 0: 0.4957983193277311}",DESBALANCEO REAL VAL
4h,LINKUSDT_4h,GradientBoostingClassifier,"{1: 0.5882352941176471, 0: 0.4117647058823529}",DESBALANCEO PREDICCIÓN VAL
4h,LINKUSDT_4h,GradientBoostingClassifier,0.5096424474693045,F1 VALIDATION
4h,LINKUSDT_4h,GradientBoostingClassifier,"{1: 0.5042016806722689, 0: 0.4957983193277311}",DESBALANCEO REAL VAL
4h,LINKUSDT_4h,GradientBoostingClassifier,"{0: 0.5462184873949579, 1: 0.453781512605042}",DESBALANCEO PREDICCIÓN VAL
4h,LINKUSDT_4h,GradientBoostingClassifier,0.4896701491315481,F1 VALIDATION
4h,LINKUSDT_4h,GradientBoostingClassifier,"{1: 0.5042016806722689, 0: 0.4957983193277311}",DESBALANCEO REAL VAL
4h,LINKUSDT_4h,GradientBoostingClassifier,"{1: 0.5630252100840336, 0: 0.4369747899159664}",DESBALANCEO PREDICCIÓN VAL
4h,LINKUSDT_4h,GradientBoostingClassifier,0.497148573781346,F1 VALIDATION
4h,LINKUSDT_4h,GradientBoostingClassifier,"{1: 0.5042016806722689, 0: 0.4957983193277311}",DESBALANCEO REAL VAL
4h,LINKUSDT_4h,GradientBoostingClassifier,"{1: 0.5798319327731093, 0: 0.42016806722689076}",DESBALANCEO PREDICCIÓN VAL
4h,LINKUSDT_4h,GradientBoostingClassifier,0.5133253328544721,F1 VALIDATION
4h,LINKUSDT_4h,GradientBoostingClassifier,"{1: 0.5042016806722689, 0: 0.4957983193277311}",DESBALANCEO REAL VAL
4h,LINKUSDT_4h,GradientBoostingClassifier,"{1: 0.5042016806722689, 0: 0.4957983193277311}",DESBALANCEO PREDICCIÓN VAL
4h,LINKUSDT_4h,GradientBoostingClassifier,0.5108030090086323,F1 VALIDATION
4h,LINKUSDT_4h,GradientBoostingClassifier,"{1: 0.5042016806722689, 0: 0.4957983193277311}",DESBALANCEO REAL VAL
4h,LINKUSDT_4h,GradientBoostingClassifier,"{1: 0.5462184873949579, 0: 0.453781512605042}",DESBALANCEO PREDICCIÓN VAL
4h,LINKUSDT_4h,GradientBoostingClassifier,0.5298950251026928,FINAL TEST
4h,LINKUSDT_4h,GradientBoostingClassifier,0.5212154308855328,F1 FINAL TEST
4h,LINKUSDT_4h,GradientBoostingClassifier,"{0: 0.5143769968051118, 1: 0.48562300319488816}",DESBALANCEO REAL
4h,LINKUSDT_4h,GradientBoostingClassifier,"{0: 0.6202647193062528, 1: 0.3797352806937471}",DESBALANCEO PREDICCIÓN
4h,AVAXUSDT_4h,GradientBoostingClassifier,0.5200889396656313,F1 VALIDATION
4h,AVAXUSDT_4h,GradientBoostingClassifier,"{1: 0.5042016806722689, 0: 0.4957983193277311}",DESBALANCEO REAL VAL
4h,AVAXUSDT_4h,GradientBoostingClassifier,"{1: 0.5210084033613446, 0: 0.4789915966386555}",DESBALANCEO PREDICCIÓN VAL
4h,AVAXUSDT_4h,GradientBoostingClassifier,0.5207317463697152,F1 VALIDATION
4h,AVAXUSDT_4h,GradientBoostingClassifier,"{1: 0.5042016806722689, 0: 0.4957983193277311}",DESBALANCEO REAL VAL
4h,AVAXUSDT_4h,GradientBoostingClassifier,"{1: 0.6050420168067226, 0: 0.3949579831932773}",DESBALANCEO PREDICCIÓN VAL
4h,AVAXUSDT_4h,GradientBoostingClassifier,0.5016534183935153,F1 VALIDATION
4h,AVAXUSDT_4h,GradientBoostingClassifier,"{1: 0.5042016806722689, 0: 0.4957983193277311}",DESBALANCEO REAL VAL
4h,AVAXUSDT_4h,GradientBoostingClassifier,"{1: 0.5798319327731093, 0: 0.42016806722689076}",DESBALANCEO PREDICCIÓN VAL
4h,AVAXUSDT_4h,GradientBoostingClassifier,0.516761143300184,F1 VALIDATION
4h,AVAXUSDT_4h,GradientBoostingClassifier,"{1: 0.5042016806722689, 0: 0.4957983193277311}",DESBALANCEO REAL VAL
4h,AVAXUSDT_4h,GradientBoostingClassifier,"{1: 0.6134453781512605, 0: 0.3865546218487395}",DESBALANCEO PREDICCIÓN VAL
4h,AVAXUSDT_4h,GradientBoostingClassifier,0.5228192251815795,F1 VALIDATION
4h,AVAXUSDT_4h,GradientBoostingClassifier,"{1: 0.5042016806722689, 0: 0.4957983193277311}",DESBALANCEO REAL VAL
4h,AVAXUSDT_4h,GradientBoostingClassifier,"{1: 0.5882352941176471, 0: 0.4117647058823529}",DESBALANCEO PREDICCIÓN VAL
4h,AVAXUSDT_4h,GradientBoostingClassifier,0.534933213155379,F1 VALIDATION
4h,AVAXUSDT_4h,GradientBoostingClassifier,"{1: 0.5042016806722689, 0: 0.4957983193277311}",DESBALANCEO REAL VAL
4h,AVAXUSDT_4h,GradientBoostingClassifier,"{0: 0.5210084033613446, 1: 0.4789915966386555}",DESBALANCEO PREDICCIÓN VAL
4h,AVAXUSDT_4h,GradientBoostingClassifier,0.5140627183631589,F1 VALIDATION
4h,AVAXUSDT_4h,GradientBoostingClassifier,"{1: 0.5042016806722689, 0: 0.4957983193277311}",DESBALANCEO REAL VAL
4h,AVAXUSDT_4h,GradientBoostingClassifier,"{1: 0.6050420168067226, 0: 0.3949579831932773}",DESBALANCEO PREDICCIÓN VAL
4h,AVAXUSDT_4h,GradientBoostingClassifier,0.5149467383551208,F1 VALIDATION
4h,AVAXUSDT_4h,GradientBoostingClassifier,"{1: 0.5042016806722689, 0: 0.4957983193277311}",DESBALANCEO REAL VAL
4h,AVAXUSDT_4h,GradientBoostingClassifier,"{1: 0.5966386554621849, 0: 0.40336134453781514}",DESBALANCEO PREDICCIÓN VAL
4h,AVAXUSDT_4h,GradientBoostingClassifier,0.5206273670603914,F1 VALIDATION
4h,AVAXUSDT_4h,GradientBoostingClassifier,"{1: 0.5042016806722689, 0: 0.4957983193277311}",DESBALANCEO REAL VAL
4h,AVAXUSDT_4h,GradientBoostingClassifier,"{1: 0.5966386554621849, 0: 0.40336134453781514}",DESBALANCEO PREDICCIÓN VAL
4h,AVAXUSDT_4h,GradientBoostingClassifier,0.5149175360020724,F1 VALIDATION
4h,AVAXUSDT_4h,GradientBoostingClassifier,"{1: 0.5042016806722689, 0: 0.4957983193277311}",DESBALANCEO REAL VAL
4h,AVAXUSDT_4h,GradientBoostingClassifier,"{1: 0.5210084033613446, 0: 0.4789915966386555}",DESBALANCEO PREDICCIÓN VAL
4h,AVAXUSDT_4h,GradientBoostingClassifier,0.5235052487448654,FINAL TEST
4h,AVAXUSDT_4h,GradientBoostingClassifier,0.5198564231738035,F1 FINAL TEST
4h,AVAXUSDT_4h,GradientBoostingClassifier,"{0: 0.5376540392514834, 1: 0.46234596074851664}",DESBALANCEO REAL
4h,AVAXUSDT_4h,GradientBoostingClassifier,"{0: 0.549520766773163, 1: 0.4504792332268371}",DESBALANCEO PREDICCIÓN
1d,BTCUSDT_1d,MLPClassifier,0.4062979346824682,F1 VALIDATION
1d,BTCUSDT_1d,MLPClassifier,"{1: 0.7733333333333333, 0: 0.22666666666666666}",DESBALANCEO REAL VAL
1d,BTCUSDT_1d,MLPClassifier,"{1: 0.9733333333333334, 0: 0.02666666666666667}",DESBALANCEO PREDICCIÓN VAL
1d,BTCUSDT_1d,MLPClassifier,0.4073640338935808,F1 VALIDATION
1d,BTCUSDT_1d,MLPClassifier,"{1: 0.7733333333333333, 0: 0.22666666666666666}",DESBALANCEO REAL VAL
1d,BTCUSDT_1d,MLPClassifier,"{1: 0.8133333333333334, 0: 0.18666666666666668}",DESBALANCEO PREDICCIÓN VAL
1d,BTCUSDT_1d,MLPClassifier,0.35971982991423773,F1 VALIDATION
1d,BTCUSDT_1d,MLPClassifier,"{1: 0.7733333333333333, 0: 0.22666666666666666}",DESBALANCEO REAL VAL
1d,BTCUSDT_1d,MLPClassifier,{1: 1.0},DESBALANCEO PREDICCIÓN VAL
1d,BTCUSDT_1d,MLPClassifier,0.3578114150413969,F1 VALIDATION
1d,BTCUSDT_1d,MLPClassifier,"{1: 0.7733333333333333, 0: 0.22666666666666666}",DESBALANCEO REAL VAL
1d,BTCUSDT_1d,MLPClassifier,"{1: 0.9866666666666667, 0: 0.013333333333333334}",DESBALANCEO PREDICCIÓN VAL
1d,BTCUSDT_1d,MLPClassifier,0.42188160531292934,F1 VALIDATION
1d,BTCUSDT_1d,MLPClassifier,"{1: 0.7733333333333333, 0: 0.22666666666666666}",DESBALANCEO REAL VAL
1d,BTCUSDT_1d,MLPClassifier,"{1: 0.8533333333333334, 0: 0.14666666666666667}",DESBALANCEO PREDICCIÓN VAL
1d,BTCUSDT_1d,MLPClassifier,0.37695316792920447,F1 VALIDATION
1d,BTCUSDT_1d,MLPClassifier,"{1: 0.7733333333333333, 0: 0.22666666666666666}",DESBALANCEO REAL VAL
1d,BTCUSDT_1d,MLPClassifier,"{1: 0.9333333333333333, 0: 0.06666666666666667}",DESBALANCEO PREDICCIÓN VAL
1d,BTCUSDT_1d,MLPClassifier,0.38505357012754343,F1 VALIDATION
1d,BTCUSDT_1d,MLPClassifier,"{1: 0.7733333333333333, 0: 0.22666666666666666}",DESBALANCEO REAL VAL
1d,BTCUSDT_1d,MLPClassifier,"{1: 0.9466666666666667, 0: 0.05333333333333334}",DESBALANCEO PREDICCIÓN VAL
1d,BTCUSDT_1d,MLPClassifier,0.35366366002112837,F1 VALIDATION
1d,BTCUSDT_1d,MLPClassifier,"{1: 0.7733333333333333, 0: 0.22666666666666666}",DESBALANCEO REAL VAL
1d,BTCUSDT_1d,MLPClassifier,"{1: 0.5866666666666667, 0: 0.41333333333333333}",DESBALANCEO PREDICCIÓN VAL
1d,BTCUSDT_1d,MLPClassifier,0.4924063781228066,F1 VALIDATION
1d,BTCUSDT_1d,MLPClassifier,"{1: 0.7733333333333333, 0: 0.22666666666666666}",DESBALANCEO REAL VAL
1d,BTCUSDT_1d,MLPClassifier,"{1: 0.6266666666666667, 0: 0.37333333333333335}",DESBALANCEO PREDICCIÓN VAL
1d,BTCUSDT_1d,MLPClassifier,0.33529007573135683,F1 VALIDATION
1d,BTCUSDT_1d,MLPClassifier,"{1: 0.7733333333333333, 0: 0.22666666666666666}",DESBALANCEO REAL VAL
1d,BTCUSDT_1d,MLPClassifier,"{0: 0.8666666666666667, 1: 0.13333333333333333}",DESBALANCEO PREDICCIÓN VAL
1d,BTCUSDT_1d,MLPClassifier,0.5136612021857924,FINAL TEST
1d,BTCUSDT_1d,MLPClassifier,0.4274817210348706,F1 FINAL TEST
1d,BTCUSDT_1d,MLPClassifier,"{1: 0.5628415300546448, 0: 0.4371584699453552}",DESBALANCEO REAL
1d,BTCUSDT_1d,MLPClassifier,"{1: 0.825136612021858, 0: 0.17486338797814208}",DESBALANCEO PREDICCIÓN
1d,ETHUSDT_1d,MLPClassifier,0.34003890655492486,F1 VALIDATION
1d,ETHUSDT_1d,MLPClassifier,"{1: 0.72, 0: 0.28}",DESBALANCEO REAL VAL
1d,ETHUSDT_1d,MLPClassifier,"{0: 0.84, 1: 0.16}",DESBALANCEO PREDICCIÓN VAL
1d,ETHUSDT_1d,MLPClassifier,0.3352210862923809,F1 VALIDATION
1d,ETHUSDT_1d,MLPClassifier,"{1: 0.72, 0: 0.28}",DESBALANCEO REAL VAL
1d,ETHUSDT_1d,MLPClassifier,{1: 1.0},DESBALANCEO PREDICCIÓN VAL
1d,ETHUSDT_1d,MLPClassifier,0.36250938948044203,F1 VALIDATION
1d,ETHUSDT_1d,MLPClassifier,"{1: 0.72, 0: 0.28}",DESBALANCEO REAL VAL
1d,ETHUSDT_1d,MLPClassifier,"{1: 0.9866666666666667, 0: 0.013333333333333334}",DESBALANCEO PREDICCIÓN VAL
1d,ETHUSDT_1d,MLPClassifier,0.37011237548340115,F1 VALIDATION
1d,ETHUSDT_1d,MLPClassifier,"{1: 0.72, 0: 0.28}",DESBALANCEO REAL VAL
1d,ETHUSDT_1d,MLPClassifier,"{1: 0.8266666666666667, 0: 0.17333333333333334}",DESBALANCEO PREDICCIÓN VAL
1d,ETHUSDT_1d,MLPClassifier,0.3613312539359013,F1 VALIDATION
1d,ETHUSDT_1d,MLPClassifier,"{1: 0.72, 0: 0.28}",DESBALANCEO REAL VAL
1d,ETHUSDT_1d,MLPClassifier,"{1: 0.84, 0: 0.16}",DESBALANCEO PREDICCIÓN VAL
1d,ETHUSDT_1d,MLPClassifier,0.3352210862923809,F1 VALIDATION
1d,ETHUSDT_1d,MLPClassifier,"{1: 0.72, 0: 0.28}",DESBALANCEO REAL VAL
1d,ETHUSDT_1d,MLPClassifier,{1: 1.0},DESBALANCEO PREDICCIÓN VAL
1d,ETHUSDT_1d,MLPClassifier,0.43744451802474693,F1 VALIDATION
1d,ETHUSDT_1d,MLPClassifier,"{1: 0.72, 0: 0.28}",DESBALANCEO REAL VAL
1d,ETHUSDT_1d,MLPClassifier,"{1: 0.8, 0: 0.2}",DESBALANCEO PREDICCIÓN VAL
1d,ETHUSDT_1d,MLPClassifier,0.3352210862923809,F1 VALIDATION
1d,ETHUSDT_1d,MLPClassifier,"{1: 0.72, 0: 0.28}",DESBALANCEO REAL VAL
1d,ETHUSDT_1d,MLPClassifier,{1: 1.0},DESBALANCEO PREDICCIÓN VAL
1d,ETHUSDT_1d,MLPClassifier,0.41164777446802214,F1 VALIDATION
1d,ETHUSDT_1d,MLPClassifier,"{1: 0.72, 0: 0.28}",DESBALANCEO REAL VAL
1d,ETHUSDT_1d,MLPClassifier,"{1: 0.7733333333333333, 0: 0.22666666666666666}",DESBALANCEO PREDICCIÓN VAL
1d,ETHUSDT_1d,MLPClassifier,0.38772617394295267,F1 VALIDATION
1d,ETHUSDT_1d,MLPClassifier,"{1: 0.72, 0: 0.28}",DESBALANCEO REAL VAL
1d,ETHUSDT_1d,MLPClassifier,"{1: 0.7066666666666667, 0: 0.29333333333333333}",DESBALANCEO PREDICCIÓN VAL
1d,ETHUSDT_1d,MLPClassifier,0.5,FINAL TEST
1d,ETHUSDT_1d,MLPClassifier,0.48371630527784415,F1 FINAL TEST
1d,ETHUSDT_1d,MLPClassifier,"{1: 0.5136612021857924, 0: 0.48633879781420764}",DESBALANCEO REAL
1d,ETHUSDT_1d,MLPClassifier,"{1: 0.6639344262295082, 0: 0.3360655737704918}",DESBALANCEO PREDICCIÓN
1d,XRPUSDT_1d,MLPClassifier,0.4336378184165344,F1 VALIDATION
1d,XRPUSDT_1d,MLPClassifier,"{1: 0.6, 0: 0.4}",DESBALANCEO REAL VAL
1d,XRPUSDT_1d,MLPClassifier,"{0: 0.8933333333333333, 1: 0.10666666666666667}",DESBALANCEO PREDICCIÓN VAL
1d,XRPUSDT_1d,MLPClassifier,0.40993439011922767,F1 VALIDATION
1d,XRPUSDT_1d,MLPClassifier,"{1: 0.6, 0: 0.4}",DESBALANCEO REAL VAL
1d,XRPUSDT_1d,MLPClassifier,"{0: 0.9866666666666667, 1: 0.013333333333333334}",DESBALANCEO PREDICCIÓN VAL
1d,XRPUSDT_1d,MLPClassifier,0.32992522462994867,F1 VALIDATION
1d,XRPUSDT_1d,MLPClassifier,"{1: 0.6, 0: 0.4}",DESBALANCEO REAL VAL
1d,XRPUSDT_1d,MLPClassifier,{0: 1.0},DESBALANCEO PREDICCIÓN VAL
1d,XRPUSDT_1d,MLPClassifier,0.4450513617552171,F1 VALIDATION
1d,XRPUSDT_1d,MLPClassifier,"{1: 0.6, 0: 0.4}",DESBALANCEO REAL VAL
1d,XRPUSDT_1d,MLPClassifier,"{0: 0.76, 1: 0.24}",DESBALANCEO PREDICCIÓN VAL
1d,XRPUSDT_1d,MLPClassifier,0.31706840912265494,F1 VALIDATION
1d,XRPUSDT_1d,MLPClassifier,"{1: 0.6, 0: 0.4}",DESBALANCEO REAL VAL
1d,XRPUSDT_1d,MLPClassifier,{1: 1.0},DESBALANCEO PREDICCIÓN VAL
1d,XRPUSDT_1d,MLPClassifier,0.33669656880143317,F1 VALIDATION
1d,XRPUSDT_1d,MLPClassifier,"{1: 0.6, 0: 0.4}",DESBALANCEO REAL VAL
1d,XRPUSDT_1d,MLPClassifier,"{0: 0.84, 1: 0.16}",DESBALANCEO PREDICCIÓN VAL
1d,XRPUSDT_1d,MLPClassifier,0.3502836951467455,F1 VALIDATION
1d,XRPUSDT_1d,MLPClassifier,"{1: 0.6, 0: 0.4}",DESBALANCEO REAL VAL
1d,XRPUSDT_1d,MLPClassifier,{0: 1.0},DESBALANCEO PREDICCIÓN VAL
1d,XRPUSDT_1d,MLPClassifier,0.37164738475612413,F1 VALIDATION
1d,XRPUSDT_1d,MLPClassifier,"{1: 0.6, 0: 0.4}",DESBALANCEO REAL VAL
1d,XRPUSDT_1d,MLPClassifier,{0: 1.0},DESBALANCEO PREDICCIÓN VAL
1d,XRPUSDT_1d,MLPClassifier,0.42307886060107885,F1 VALIDATION
1d,XRPUSDT_1d,MLPClassifier,"{1: 0.6, 0: 0.4}",DESBALANCEO REAL VAL
1d,XRPUSDT_1d,MLPClassifier,{0: 1.0},DESBALANCEO PREDICCIÓN VAL
1d,XRPUSDT_1d,MLPClassifier,0.31706840912265494,F1 VALIDATION
1d,XRPUSDT_1d,MLPClassifier,"{1: 0.6, 0: 0.4}",DESBALANCEO REAL VAL
1d,XRPUSDT_1d,MLPClassifier,{1: 1.0},DESBALANCEO PREDICCIÓN VAL
1d,XRPUSDT_1d,MLPClassifier,0.5300546448087432,FINAL TEST
1d,XRPUSDT_1d,MLPClassifier,0.5203730228872703,F1 FINAL TEST
1d,XRPUSDT_1d,MLPClassifier,"{0: 0.505464480874317, 1: 0.49453551912568305}",DESBALANCEO REAL
1d,XRPUSDT_1d,MLPClassifier,"{0: 0.6366120218579235, 1: 0.3633879781420765}",DESBALANCEO PREDICCIÓN
1d,BNBUSDT_1d,MLPClassifier,0.4084663307129202,F1 VALIDATION
1d,BNBUSDT_1d,MLPClassifier,"{1: 0.7066666666666667, 0: 0.29333333333333333}",DESBALANCEO REAL VAL
1d,BNBUSDT_1d,MLPClassifier,"{1: 0.8133333333333334, 0: 0.18666666666666668}",DESBALANCEO PREDICCIÓN VAL
1d,BNBUSDT_1d,MLPClassifier,0.4469708702056834,F1 VALIDATION
1d,BNBUSDT_1d,MLPClassifier,"{1: 0.7066666666666667, 0: 0.29333333333333333}",DESBALANCEO REAL VAL
1d,BNBUSDT_1d,MLPClassifier,"{1: 0.64, 0: 0.36}",DESBALANCEO PREDICCIÓN VAL
1d,BNBUSDT_1d,MLPClassifier,0.3709028691222086,F1 VALIDATION
1d,BNBUSDT_1d,MLPClassifier,"{1: 0.7066666666666667, 0: 0.29333333333333333}",DESBALANCEO REAL VAL
1d,BNBUSDT_1d,MLPClassifier,"{0: 0.6133333333333333, 1: 0.38666666666666666}",DESBALANCEO PREDICCIÓN VAL
1d,BNBUSDT_1d,MLPClassifier,0.3773567392179931,F1 VALIDATION
1d,BNBUSDT_1d,MLPClassifier,"{1: 0.7066666666666667, 0: 0.29333333333333333}",DESBALANCEO REAL VAL
1d,BNBUSDT_1d,MLPClassifier,"{1: 0.9066666666666666, 0: 0.09333333333333334}",DESBALANCEO PREDICCIÓN VAL
1d,BNBUSDT_1d,MLPClassifier,0.3307895974319852,F1 VALIDATION
1d,BNBUSDT_1d,MLPClassifier,"{1: 0.7066666666666667, 0: 0.29333333333333333}",DESBALANCEO REAL VAL
1d,BNBUSDT_1d,MLPClassifier,{1: 1.0},DESBALANCEO PREDICCIÓN VAL
1d,BNBUSDT_1d,MLPClassifier,0.35882090993320953,F1 VALIDATION
1d,BNBUSDT_1d,MLPClassifier,"{1: 0.7066666666666667, 0: 0.29333333333333333}",DESBALANCEO REAL VAL
1d,BNBUSDT_1d,MLPClassifier,"{1: 0.64, 0: 0.36}",DESBALANCEO PREDICCIÓN VAL
1d,BNBUSDT_1d,MLPClassifier,0.35436376376104783,F1 VALIDATION
1d,BNBUSDT_1d,MLPClassifier,"{1: 0.7066666666666667, 0: 0.29333333333333333}",DESBALANCEO REAL VAL
1d,BNBUSDT_1d,MLPClassifier,"{1: 0.9466666666666667, 0: 0.05333333333333334}",DESBALANCEO PREDICCIÓN VAL
1d,BNBUSDT_1d,MLPClassifier,0.3307895974319852,F1 VALIDATION
1d,BNBUSDT_1d,MLPClassifier,"{1: 0.7066666666666667, 0: 0.29333333333333333}",DESBALANCEO REAL VAL
1d,BNBUSDT_1d,MLPClassifier,{1: 1.0},DESBALANCEO PREDICCIÓN VAL
1d,BNBUSDT_1d,MLPClassifier,0.3784724736638516,F1 VALIDATION
1d,BNBUSDT_1d,MLPClassifier,"{1: 0.7066666666666667, 0: 0.29333333333333333}",DESBALANCEO REAL VAL
1d,BNBUSDT_1d,MLPClassifier,"{1: 0.8133333333333334, 0: 0.18666666666666668}",DESBALANCEO PREDICCIÓN VAL
1d,BNBUSDT_1d,MLPClassifier,0.33445806251970156,F1 VALIDATION
1d,BNBUSDT_1d,MLPClassifier,"{1: 0.7066666666666667, 0: 0.29333333333333333}",DESBALANCEO REAL VAL
1d,BNBUSDT_1d,MLPClassifier,"{1: 0.5333333333333333, 0: 0.4666666666666667}",DESBALANCEO PREDICCIÓN VAL
1d,BNBUSDT_1d,MLPClassifier,0.5355191256830601,FINAL TEST
1d,BNBUSDT_1d,MLPClassifier,0.3487544483985765,F1 FINAL TEST
1d,BNBUSDT_1d,MLPClassifier,"{1: 0.5382513661202186, 0: 0.46174863387978143}",DESBALANCEO REAL
1d,BNBUSDT_1d,MLPClassifier,"{1: 0.9972677595628415, 0: 0.00273224043715847}",DESBALANCEO PREDICCIÓN
1d,SOLUSDT_1d,MLPClassifier,0.39278491326607473,F1 VALIDATION
1d,SOLUSDT_1d,MLPClassifier,"{1: 0.8533333333333334, 0: 0.14666666666666667}",DESBALANCEO REAL VAL
1d,SOLUSDT_1d,MLPClassifier,"{1: 0.7866666666666666, 0: 0.21333333333333335}",DESBALANCEO PREDICCIÓN VAL
1d,SOLUSDT_1d,MLPClassifier,0.40283269731399524,F1 VALIDATION
1d,SOLUSDT_1d,MLPClassifier,"{1: 0.8533333333333334, 0: 0.14666666666666667}",DESBALANCEO REAL VAL
1d,SOLUSDT_1d,MLPClassifier,"{0: 0.6933333333333334, 1: 0.30666666666666664}",DESBALANCEO PREDICCIÓN VAL
1d,SOLUSDT_1d,MLPClassifier,0.33987746077044517,F1 VALIDATION
1d,SOLUSDT_1d,MLPClassifier,"{1: 0.8533333333333334, 0: 0.14666666666666667}",DESBALANCEO REAL VAL
1d,SOLUSDT_1d,MLPClassifier,"{0: 0.8, 1: 0.2}",DESBALANCEO PREDICCIÓN VAL
1d,SOLUSDT_1d,MLPClassifier,0.2662552725552222,F1 VALIDATION
1d,SOLUSDT_1d,MLPClassifier,"{1: 0.8533333333333334, 0: 0.14666666666666667}",DESBALANCEO REAL VAL
1d,SOLUSDT_1d,MLPClassifier,{0: 1.0},DESBALANCEO PREDICCIÓN VAL
1d,SOLUSDT_1d,MLPClassifier,0.32069749008959325,F1 VALIDATION
1d,SOLUSDT_1d,MLPClassifier,"{1: 0.8533333333333334, 0: 0.14666666666666667}",DESBALANCEO REAL VAL
1d,SOLUSDT_1d,MLPClassifier,"{0: 0.84, 1: 0.16}",DESBALANCEO PREDICCIÓN VAL
1d,SOLUSDT_1d,MLPClassifier,0.3388765797062664,F1 VALIDATION
1d,SOLUSDT_1d,MLPClassifier,"{1: 0.8533333333333334, 0: 0.14666666666666667}",DESBALANCEO REAL VAL
1d,SOLUSDT_1d,MLPClassifier,"{1: 0.92, 0: 0.08}",DESBALANCEO PREDICCIÓN VAL
1d,SOLUSDT_1d,MLPClassifier,0.34427344557637185,F1 VALIDATION
1d,SOLUSDT_1d,MLPClassifier,"{1: 0.8533333333333334, 0: 0.14666666666666667}",DESBALANCEO REAL VAL
1d,SOLUSDT_1d,MLPClassifier,"{1: 0.5866666666666667, 0: 0.41333333333333333}",DESBALANCEO PREDICCIÓN VAL
1d,SOLUSDT_1d,MLPClassifier,0.4076583177181744,F1 VALIDATION
1d,SOLUSDT_1d,MLPClassifier,"{1: 0.8533333333333334, 0: 0.14666666666666667}",DESBALANCEO REAL VAL
1d,SOLUSDT_1d,MLPClassifier,"{1: 0.7333333333333333, 0: 0.26666666666666666}",DESBALANCEO PREDICCIÓN VAL
1d,SOLUSDT_1d,MLPClassifier,0.36381028880266025,F1 VALIDATION
1d,SOLUSDT_1d,MLPClassifier,"{1: 0.8533333333333334, 0: 0.14666666666666667}",DESBALANCEO REAL VAL
1d,SOLUSDT_1d,MLPClassifier,"{1: 0.6933333333333334, 0: 0.30666666666666664}",DESBALANCEO PREDICCIÓN VAL
1d,SOLUSDT_1d,MLPClassifier,0.3191189133433415,F1 VALIDATION
1d,SOLUSDT_1d,MLPClassifier,"{1: 0.8533333333333334, 0: 0.14666666666666667}",DESBALANCEO REAL VAL
1d,SOLUSDT_1d,MLPClassifier,{0: 1.0},DESBALANCEO PREDICCIÓN VAL
1d,SOLUSDT_1d,MLPClassifier,0.4371584699453552,FINAL TEST
1d,SOLUSDT_1d,MLPClassifier,0.4194055136300632,F1 FINAL TEST
1d,SOLUSDT_1d,MLPClassifier,"{1: 0.5136612021857924, 0: 0.48633879781420764}",DESBALANCEO REAL
1d,SOLUSDT_1d,MLPClassifier,"{1: 0.6612021857923497, 0: 0.33879781420765026}",DESBALANCEO PREDICCIÓN
1d,ADAUSDT_1d,MLPClassifier,0.3527049622058186,F1 VALIDATION
1d,ADAUSDT_1d,MLPClassifier,"{1: 0.8, 0: 0.2}",DESBALANCEO REAL VAL
1d,ADAUSDT_1d,MLPClassifier,{0: 1.0},DESBALANCEO PREDICCIÓN VAL
1d,ADAUSDT_1d,MLPClassifier,0.4332407517112113,F1 VALIDATION
1d,ADAUSDT_1d,MLPClassifier,"{1: 0.8, 0: 0.2}",DESBALANCEO REAL VAL
1d,ADAUSDT_1d,MLPClassifier,"{0: 0.8266666666666667, 1: 0.17333333333333334}",DESBALANCEO PREDICCIÓN VAL
1d,ADAUSDT_1d,MLPClassifier,0.36239877269720033,F1 VALIDATION
1d,ADAUSDT_1d,MLPClassifier,"{1: 0.8, 0: 0.2}",DESBALANCEO REAL VAL
1d,ADAUSDT_1d,MLPClassifier,{0: 1.0},DESBALANCEO PREDICCIÓN VAL
1d,ADAUSDT_1d,MLPClassifier,0.331692555421369,F1 VALIDATION
1d,ADAUSDT_1d,MLPClassifier,"{1: 0.8, 0: 0.2}",DESBALANCEO REAL VAL
1d,ADAUSDT_1d,MLPClassifier,{0: 1.0},DESBALANCEO PREDICCIÓN VAL
1d,ADAUSDT_1d,MLPClassifier,0.35076168392269313,F1 VALIDATION
1d,ADAUSDT_1d,MLPClassifier,"{1: 0.8, 0: 0.2}",DESBALANCEO REAL VAL
1d,ADAUSDT_1d,MLPClassifier,"{0: 0.5866666666666667, 1: 0.41333333333333333}",DESBALANCEO PREDICCIÓN VAL
1d,ADAUSDT_1d,MLPClassifier,0.3727988435911623,F1 VALIDATION
1d,ADAUSDT_1d,MLPClassifier,"{1: 0.8, 0: 0.2}",DESBALANCEO REAL VAL
1d,ADAUSDT_1d,MLPClassifier,{0: 1.0},DESBALANCEO PREDICCIÓN VAL
1d,ADAUSDT_1d,MLPClassifier,0.4112553703267072,F1 VALIDATION
1d,ADAUSDT_1d,MLPClassifier,"{1: 0.8, 0: 0.2}",DESBALANCEO REAL VAL
1d,ADAUSDT_1d,MLPClassifier,"{1: 0.64, 0: 0.36}",DESBALANCEO PREDICCIÓN VAL
1d,ADAUSDT_1d,MLPClassifier,0.3778975491181068,F1 VALIDATION
1d,ADAUSDT_1d,MLPClassifier,"{1: 0.8, 0: 0.2}",DESBALANCEO REAL VAL
1d,ADAUSDT_1d,MLPClassifier,"{0: 0.52, 1: 0.48}",DESBALANCEO PREDICCIÓN VAL
1d,ADAUSDT_1d,MLPClassifier,0.34518327756122763,F1 VALIDATION
1d,ADAUSDT_1d,MLPClassifier,"{1: 0.8, 0: 0.2}",DESBALANCEO REAL VAL
1d,ADAUSDT_1d,MLPClassifier,"{1: 0.84, 0: 0.16}",DESBALANCEO PREDICCIÓN VAL
1d,ADAUSDT_1d,MLPClassifier,0.3799966092166415,F1 VALIDATION
1d,ADAUSDT_1d,MLPClassifier,"{1: 0.8, 0: 0.2}",DESBALANCEO REAL VAL
1d,ADAUSDT_1d,MLPClassifier,"{1: 0.8133333333333334, 0: 0.18666666666666668}",DESBALANCEO PREDICCIÓN VAL
1d,ADAUSDT_1d,MLPClassifier,0.5546448087431693,FINAL TEST
1d,ADAUSDT_1d,MLPClassifier,0.47173052571924445,F1 FINAL TEST
1d,ADAUSDT_1d,MLPClassifier,"{0: 0.5409836065573771, 1: 0.45901639344262296}",DESBALANCEO REAL
1d,ADAUSDT_1d,MLPClassifier,"{0: 0.855191256830601, 1: 0.1448087431693989}",DESBALANCEO PREDICCIÓN
1d,TRXUSDT_1d,MLPClassifier,0.42295717926405196,F1 VALIDATION
1d,TRXUSDT_1d,MLPClassifier,"{1: 0.6933333333333334, 0: 0.30666666666666664}",DESBALANCEO REAL VAL
1d,TRXUSDT_1d,MLPClassifier,"{1: 0.9733333333333334, 0: 0.02666666666666667}",DESBALANCEO PREDICCIÓN VAL
1d,TRXUSDT_1d,MLPClassifier,0.36274103551038717,F1 VALIDATION
1d,TRXUSDT_1d,MLPClassifier,"{1: 0.6933333333333334, 0: 0.30666666666666664}",DESBALANCEO REAL VAL
1d,TRXUSDT_1d,MLPClassifier,{1: 1.0},DESBALANCEO PREDICCIÓN VAL
1d,TRXUSDT_1d,MLPClassifier,0.3838704413821533,F1 VALIDATION
1d,TRXUSDT_1d,MLPClassifier,"{1: 0.6933333333333334, 0: 0.30666666666666664}",DESBALANCEO REAL VAL
1d,TRXUSDT_1d,MLPClassifier,{1: 1.0},DESBALANCEO PREDICCIÓN VAL
1d,TRXUSDT_1d,MLPClassifier,0.36274103551038717,F1 VALIDATION
1d,TRXUSDT_1d,MLPClassifier,"{1: 0.6933333333333334, 0: 0.30666666666666664}",DESBALANCEO REAL VAL
1d,TRXUSDT_1d,MLPClassifier,{1: 1.0},DESBALANCEO PREDICCIÓN VAL
1d,TRXUSDT_1d,MLPClassifier,0.36274103551038717,F1 VALIDATION
1d,TRXUSDT_1d,MLPClassifier,"{1: 0.6933333333333334, 0: 0.30666666666666664}",DESBALANCEO REAL VAL
1d,TRXUSDT_1d,MLPClassifier,{1: 1.0},DESBALANCEO PREDICCIÓN VAL
1d,TRXUSDT_1d,MLPClassifier,0.37543011114063923,F1 VALIDATION
1d,TRXUSDT_1d,MLPClassifier,"{1: 0.6933333333333334, 0: 0.30666666666666664}",DESBALANCEO REAL VAL
1d,TRXUSDT_1d,MLPClassifier,{1: 1.0},DESBALANCEO PREDICCIÓN VAL
1d,TRXUSDT_1d,MLPClassifier,0.384324745917627,F1 VALIDATION
1d,TRXUSDT_1d,MLPClassifier,"{1: 0.6933333333333334, 0: 0.30666666666666664}",DESBALANCEO REAL VAL
1d,TRXUSDT_1d,MLPClassifier,{1: 1.0},DESBALANCEO PREDICCIÓN VAL
1d,TRXUSDT_1d,MLPClassifier,0.37748006666473927,F1 VALIDATION
1d,TRXUSDT_1d,MLPClassifier,"{1: 0.6933333333333334, 0: 0.30666666666666664}",DESBALANCEO REAL VAL
1d,TRXUSDT_1d,MLPClassifier,"{1: 0.52, 0: 0.48}",DESBALANCEO PREDICCIÓN VAL
1d,TRXUSDT_1d,MLPClassifier,0.3650434671213294,F1 VALIDATION
1d,TRXUSDT_1d,MLPClassifier,"{1: 0.6933333333333334, 0: 0.30666666666666664}",DESBALANCEO REAL VAL
1d,TRXUSDT_1d,MLPClassifier,{1: 1.0},DESBALANCEO PREDICCIÓN VAL
1d,TRXUSDT_1d,MLPClassifier,0.42487112426455154,F1 VALIDATION
1d,TRXUSDT_1d,MLPClassifier,"{1: 0.6933333333333334, 0: 0.30666666666666664}",DESBALANCEO REAL VAL
1d,TRXUSDT_1d,MLPClassifier,{1: 1.0},DESBALANCEO PREDICCIÓN VAL
1d,TRXUSDT_1d,MLPClassifier,0.5765027322404371,FINAL TEST
1d,TRXUSDT_1d,MLPClassifier,0.538521609683481,F1 FINAL TEST
1d,TRXUSDT_1d,MLPClassifier,"{1: 0.6010928961748634, 0: 0.3989071038251366}",DESBALANCEO REAL
1d,TRXUSDT_1d,MLPClassifier,"{1: 0.6857923497267759, 0: 0.31420765027322406}",DESBALANCEO PREDICCIÓN
1d,LINKUSDT_1d,MLPClassifier,0.33014675854749387,F1 VALIDATION
1d,LINKUSDT_1d,MLPClassifier,"{1: 0.7066666666666667, 0: 0.29333333333333333}",DESBALANCEO REAL VAL
1d,LINKUSDT_1d,MLPClassifier,{1: 1.0},DESBALANCEO PREDICCIÓN VAL
1d,LINKUSDT_1d,MLPClassifier,0.29553515809771874,F1 VALIDATION
1d,LINKUSDT_1d,MLPClassifier,"{1: 0.7066666666666667, 0: 0.29333333333333333}",DESBALANCEO REAL VAL
1d,LINKUSDT_1d,MLPClassifier,"{0: 0.9333333333333333, 1: 0.06666666666666667}",DESBALANCEO PREDICCIÓN VAL
1d,LINKUSDT_1d,MLPClassifier,0.3635378861633834,F1 VALIDATION
1d,LINKUSDT_1d,MLPClassifier,"{1: 0.7066666666666667, 0: 0.29333333333333333}",DESBALANCEO REAL VAL
1d,LINKUSDT_1d,MLPClassifier,"{0: 0.7066666666666667, 1: 0.29333333333333333}",DESBALANCEO PREDICCIÓN VAL
1d,LINKUSDT_1d,MLPClassifier,0.32933913221058614,F1 VALIDATION
1d,LINKUSDT_1d,MLPClassifier,"{1: 0.7066666666666667, 0: 0.29333333333333333}",DESBALANCEO REAL VAL
1d,LINKUSDT_1d,MLPClassifier,{0: 1.0},DESBALANCEO PREDICCIÓN VAL
1d,LINKUSDT_1d,MLPClassifier,0.33973024133085106,F1 VALIDATION
1d,LINKUSDT_1d,MLPClassifier,"{1: 0.7066666666666667, 0: 0.29333333333333333}",DESBALANCEO REAL VAL
1d,LINKUSDT_1d,MLPClassifier,"{0: 0.6133333333333333, 1: 0.38666666666666666}",DESBALANCEO PREDICCIÓN VAL
1d,LINKUSDT_1d,MLPClassifier,0.37958653605460124,F1 VALIDATION
1d,LINKUSDT_1d,MLPClassifier,"{1: 0.7066666666666667, 0: 0.29333333333333333}",DESBALANCEO REAL VAL
1d,LINKUSDT_1d,MLPClassifier,"{1: 0.56, 0: 0.44}",DESBALANCEO PREDICCIÓN VAL
1d,LINKUSDT_1d,MLPClassifier,0.3159367366524358,F1 VALIDATION
1d,LINKUSDT_1d,MLPClassifier,"{1: 0.7066666666666667, 0: 0.29333333333333333}",DESBALANCEO REAL VAL
1d,LINKUSDT_1d,MLPClassifier,"{0: 0.88, 1: 0.12}",DESBALANCEO PREDICCIÓN VAL
1d,LINKUSDT_1d,MLPClassifier,0.3899561025792317,F1 VALIDATION
1d,LINKUSDT_1d,MLPClassifier,"{1: 0.7066666666666667, 0: 0.29333333333333333}",DESBALANCEO REAL VAL
1d,LINKUSDT_1d,MLPClassifier,"{1: 0.88, 0: 0.12}",DESBALANCEO PREDICCIÓN VAL
1d,LINKUSDT_1d,MLPClassifier,0.3336058239479159,F1 VALIDATION
1d,LINKUSDT_1d,MLPClassifier,"{1: 0.7066666666666667, 0: 0.29333333333333333}",DESBALANCEO REAL VAL
1d,LINKUSDT_1d,MLPClassifier,"{0: 0.7866666666666666, 1: 0.21333333333333335}",DESBALANCEO PREDICCIÓN VAL
1d,LINKUSDT_1d,MLPClassifier,0.35288981410304937,F1 VALIDATION
1d,LINKUSDT_1d,MLPClassifier,"{1: 0.7066666666666667, 0: 0.29333333333333333}",DESBALANCEO REAL VAL
1d,LINKUSDT_1d,MLPClassifier,"{0: 0.5066666666666667, 1: 0.49333333333333335}",DESBALANCEO PREDICCIÓN VAL
1d,LINKUSDT_1d,MLPClassifier,0.47540983606557374,FINAL TEST
1d,LINKUSDT_1d,MLPClassifier,0.34759358288770054,F1 FINAL TEST
1d,LINKUSDT_1d,MLPClassifier,"{0: 0.505464480874317, 1: 0.49453551912568305}",DESBALANCEO REAL
1d,LINKUSDT_1d,MLPClassifier,"{1: 0.9480874316939891, 0: 0.05191256830601093}",DESBALANCEO PREDICCIÓN
1d,AVAXUSDT_1d,MLPClassifier,0.3306207824668089,F1 VALIDATION
1d,AVAXUSDT_1d,MLPClassifier,"{1: 0.84, 0: 0.16}",DESBALANCEO REAL VAL
1d,AVAXUSDT_1d,MLPClassifier,"{0: 0.9733333333333334, 1: 0.02666666666666667}",DESBALANCEO PREDICCIÓN VAL
1d,AVAXUSDT_1d,MLPClassifier,0.30242714891809114,F1 VALIDATION
1d,AVAXUSDT_1d,MLPClassifier,"{1: 0.84, 0: 0.16}",DESBALANCEO REAL VAL
1d,AVAXUSDT_1d,MLPClassifier,{0: 1.0},DESBALANCEO PREDICCIÓN VAL
1d,AVAXUSDT_1d,MLPClassifier,0.3538511363205939,F1 VALIDATION
1d,AVAXUSDT_1d,MLPClassifier,"{1: 0.84, 0: 0.16}",DESBALANCEO REAL VAL
1d,AVAXUSDT_1d,MLPClassifier,"{0: 0.8133333333333334, 1: 0.18666666666666668}",DESBALANCEO PREDICCIÓN VAL
1d,AVAXUSDT_1d,MLPClassifier,0.2688372988642298,F1 VALIDATION
1d,AVAXUSDT_1d,MLPClassifier,"{1: 0.84, 0: 0.16}",DESBALANCEO REAL VAL
1d,AVAXUSDT_1d,MLPClassifier,{0: 1.0},DESBALANCEO PREDICCIÓN VAL
1d,AVAXUSDT_1d,MLPClassifier,0.29653143656952524,F1 VALIDATION
1d,AVAXUSDT_1d,MLPClassifier,"{1: 0.84, 0: 0.16}",DESBALANCEO REAL VAL
1d,AVAXUSDT_1d,MLPClassifier,{0: 1.0},DESBALANCEO PREDICCIÓN VAL
1d,AVAXUSDT_1d,MLPClassifier,0.31377368861805544,F1 VALIDATION
1d,AVAXUSDT_1d,MLPClassifier,"{1: 0.84, 0: 0.16}",DESBALANCEO REAL VAL
1d,AVAXUSDT_1d,MLPClassifier,"{0: 0.7066666666666667, 1: 0.29333333333333333}",DESBALANCEO PREDICCIÓN VAL
1d,AVAXUSDT_1d,MLPClassifier,0.26836169040243046,F1 VALIDATION
1d,AVAXUSDT_1d,MLPClassifier,"{1: 0.84, 0: 0.16}",DESBALANCEO REAL VAL
1d,AVAXUSDT_1d,MLPClassifier,{0: 1.0},DESBALANCEO PREDICCIÓN VAL
1d,AVAXUSDT_1d,MLPClassifier,0.3794346968558866,F1 VALIDATION
1d,AVAXUSDT_1d,MLPClassifier,"{1: 0.84, 0: 0.16}",DESBALANCEO REAL VAL
1d,AVAXUSDT_1d,MLPClassifier,"{1: 0.84, 0: 0.16}",DESBALANCEO PREDICCIÓN VAL
1d,AVAXUSDT_1d,MLPClassifier,0.3879677381474901,F1 VALIDATION
1d,AVAXUSDT_1d,MLPClassifier,"{1: 0.84, 0: 0.16}",DESBALANCEO REAL VAL
1d,AVAXUSDT_1d,MLPClassifier,"{0: 0.5733333333333334, 1: 0.4266666666666667}",DESBALANCEO PREDICCIÓN VAL
1d,AVAXUSDT_1d,MLPClassifier,0.3581438182388418,F1 VALIDATION
1d,AVAXUSDT_1d,MLPClassifier,"{1: 0.84, 0: 0.16}",DESBALANCEO REAL VAL
1d,AVAXUSDT_1d,MLPClassifier,"{1: 0.5733333333333334, 0: 0.4266666666666667}",DESBALANCEO PREDICCIÓN VAL
1d,AVAXUSDT_1d,MLPClassifier,0.5327868852459017,FINAL TEST
1d,AVAXUSDT_1d,MLPClassifier,0.37245189559916175,F1 FINAL TEST
1d,AVAXUSDT_1d,MLPClassifier,"{0: 0.5245901639344263, 1: 0.47540983606557374}",DESBALANCEO REAL
1d,AVAXUSDT_1d,MLPClassifier,"{0: 0.9808743169398907, 1: 0.01912568306010929}",DESBALANCEO PREDICCIÓN
1d,BTCUSDT_1d,RandomForestClassifier,0.4845488449122855,F1 VALIDATION
1d,BTCUSDT_1d,RandomForestClassifier,"{1: 0.7733333333333333, 0: 0.22666666666666666}",DESBALANCEO REAL VAL
1d,BTCUSDT_1d,RandomForestClassifier,"{0: 0.5066666666666667, 1: 0.49333333333333335}",DESBALANCEO PREDICCIÓN VAL
1d,BTCUSDT_1d,RandomForestClassifier,0.4490449180686647,F1 VALIDATION
1d,BTCUSDT_1d,RandomForestClassifier,"{1: 0.7733333333333333, 0: 0.22666666666666666}",DESBALANCEO REAL VAL
1d,BTCUSDT_1d,RandomForestClassifier,"{1: 0.5333333333333333, 0: 0.4666666666666667}",DESBALANCEO PREDICCIÓN VAL
1d,BTCUSDT_1d,RandomForestClassifier,0.5041842760386175,F1 VALIDATION
1d,BTCUSDT_1d,RandomForestClassifier,"{1: 0.7733333333333333, 0: 0.22666666666666666}",DESBALANCEO REAL VAL
1d,BTCUSDT_1d,RandomForestClassifier,"{1: 0.52, 0: 0.48}",DESBALANCEO PREDICCIÓN VAL
1d,BTCUSDT_1d,RandomForestClassifier,0.4950423835708084,F1 VALIDATION
1d,BTCUSDT_1d,RandomForestClassifier,"{1: 0.7733333333333333, 0: 0.22666666666666666}",DESBALANCEO REAL VAL
1d,BTCUSDT_1d,RandomForestClassifier,"{1: 0.5066666666666667, 0: 0.49333333333333335}",DESBALANCEO PREDICCIÓN VAL
1d,BTCUSDT_1d,RandomForestClassifier,0.4937967465202263,F1 VALIDATION
1d,BTCUSDT_1d,RandomForestClassifier,"{1: 0.7733333333333333, 0: 0.22666666666666666}",DESBALANCEO REAL VAL
1d,BTCUSDT_1d,RandomForestClassifier,"{1: 0.5333333333333333, 0: 0.4666666666666667}",DESBALANCEO PREDICCIÓN VAL
1d,BTCUSDT_1d,RandomForestClassifier,0.49772654339599043,F1 VALIDATION
1d,BTCUSDT_1d,RandomForestClassifier,"{1: 0.7733333333333333, 0: 0.22666666666666666}",DESBALANCEO REAL VAL
1d,BTCUSDT_1d,RandomForestClassifier,"{1: 0.52, 0: 0.48}",DESBALANCEO PREDICCIÓN VAL
1d,BTCUSDT_1d,RandomForestClassifier,0.5004011980730356,F1 VALIDATION
1d,BTCUSDT_1d,RandomForestClassifier,"{1: 0.7733333333333333, 0: 0.22666666666666666}",DESBALANCEO REAL VAL
1d,BTCUSDT_1d,RandomForestClassifier,"{1: 0.5066666666666667, 0: 0.49333333333333335}",DESBALANCEO PREDICCIÓN VAL
1d,BTCUSDT_1d,RandomForestClassifier,0.5087850969547908,F1 VALIDATION
1d,BTCUSDT_1d,RandomForestClassifier,"{1: 0.7733333333333333, 0: 0.22666666666666666}",DESBALANCEO REAL VAL
1d,BTCUSDT_1d,RandomForestClassifier,"{1: 0.5333333333333333, 0: 0.4666666666666667}",DESBALANCEO PREDICCIÓN VAL
1d,BTCUSDT_1d,RandomForestClassifier,0.5104415095647655,F1 VALIDATION
1d,BTCUSDT_1d,RandomForestClassifier,"{1: 0.7733333333333333, 0: 0.22666666666666666}",DESBALANCEO REAL VAL
1d,BTCUSDT_1d,RandomForestClassifier,"{0: 0.5066666666666667, 1: 0.49333333333333335}",DESBALANCEO PREDICCIÓN VAL
1d,BTCUSDT_1d,RandomForestClassifier,0.507497113930291,F1 VALIDATION
1d,BTCUSDT_1d,RandomForestClassifier,"{1: 0.7733333333333333, 0: 0.22666666666666666}",DESBALANCEO REAL VAL
1d,BTCUSDT_1d,RandomForestClassifier,"{1: 0.56, 0: 0.44}",DESBALANCEO PREDICCIÓN VAL
1d,BTCUSDT_1d,RandomForestClassifier,0.4918032786885246,FINAL TEST
1d,BTCUSDT_1d,RandomForestClassifier,0.4725080585172328,F1 FINAL TEST
1d,BTCUSDT_1d,RandomForestClassifier,"{1: 0.5628415300546448, 0: 0.4371584699453552}",DESBALANCEO REAL
1d,BTCUSDT_1d,RandomForestClassifier,"{0: 0.7540983606557377, 1: 0.2459016393442623}",DESBALANCEO PREDICCIÓN
1d,ETHUSDT_1d,RandomForestClassifier,0.41759815484231194,F1 VALIDATION
1d,ETHUSDT_1d,RandomForestClassifier,"{1: 0.72, 0: 0.28}",DESBALANCEO REAL VAL
1d,ETHUSDT_1d,RandomForestClassifier,"{0: 0.7333333333333333, 1: 0.26666666666666666}",DESBALANCEO PREDICCIÓN VAL
1d,ETHUSDT_1d,RandomForestClassifier,0.42219519972991026,F1 VALIDATION
1d,ETHUSDT_1d,RandomForestClassifier,"{1: 0.72, 0: 0.28}",DESBALANCEO REAL VAL
1d,ETHUSDT_1d,RandomForestClassifier,"{0: 0.7466666666666667, 1: 0.25333333333333335}",DESBALANCEO PREDICCIÓN VAL
1d,ETHUSDT_1d,RandomForestClassifier,0.40705624704843685,F1 VALIDATION
1d,ETHUSDT_1d,RandomForestClassifier,"{1: 0.72, 0: 0.28}",DESBALANCEO REAL VAL
1d,ETHUSDT_1d,RandomForestClassifier,"{0: 0.7866666666666666, 1: 0.21333333333333335}",DESBALANCEO PREDICCIÓN VAL
1d,ETHUSDT_1d,RandomForestClassifier,0.42041879731612913,F1 VALIDATION
1d,ETHUSDT_1d,RandomForestClassifier,"{1: 0.72, 0: 0.28}",DESBALANCEO REAL VAL
1d,ETHUSDT_1d,RandomForestClassifier,"{0: 0.76, 1: 0.24}",DESBALANCEO PREDICCIÓN VAL
1d,ETHUSDT_1d,RandomForestClassifier,0.4147252708761552,F1 VALIDATION
1d,ETHUSDT_1d,RandomForestClassifier,"{1: 0.72, 0: 0.28}",DESBALANCEO REAL VAL
1d,ETHUSDT_1d,RandomForestClassifier,"{0: 0.7333333333333333, 1: 0.26666666666666666}",DESBALANCEO PREDICCIÓN VAL
1d,ETHUSDT_1d,RandomForestClassifier,0.42766403587671037,F1 VALIDATION
1d,ETHUSDT_1d,RandomForestClassifier,"{1: 0.72, 0: 0.28}",DESBALANCEO REAL VAL
1d,ETHUSDT_1d,RandomForestClassifier,"{0: 0.76, 1: 0.24}",DESBALANCEO PREDICCIÓN VAL
1d,ETHUSDT_1d,RandomForestClassifier,0.41601612069194777,F1 VALIDATION
1d,ETHUSDT_1d,RandomForestClassifier,"{1: 0.72, 0: 0.28}",DESBALANCEO REAL VAL
1d,ETHUSDT_1d,RandomForestClassifier,"{0: 0.76, 1: 0.24}",DESBALANCEO PREDICCIÓN VAL
1d,ETHUSDT_1d,RandomForestClassifier,0.424836565437531,F1 VALIDATION
1d,ETHUSDT_1d,RandomForestClassifier,"{1: 0.72, 0: 0.28}",DESBALANCEO REAL VAL
1d,ETHUSDT_1d,RandomForestClassifier,"{0: 0.7733333333333333, 1: 0.22666666666666666}",DESBALANCEO PREDICCIÓN VAL
1d,ETHUSDT_1d,RandomForestClassifier,0.41510105149021503,F1 VALIDATION
1d,ETHUSDT_1d,RandomForestClassifier,"{1: 0.72, 0: 0.28}",DESBALANCEO REAL VAL
1d,ETHUSDT_1d,RandomForestClassifier,"{0: 0.7466666666666667, 1: 0.25333333333333335}",DESBALANCEO PREDICCIÓN VAL
1d,ETHUSDT_1d,RandomForestClassifier,0.4156349679119968,F1 VALIDATION
1d,ETHUSDT_1d,RandomForestClassifier,"{1: 0.72, 0: 0.28}",DESBALANCEO REAL VAL
1d,ETHUSDT_1d,RandomForestClassifier,"{0: 0.7733333333333333, 1: 0.22666666666666666}",DESBALANCEO PREDICCIÓN VAL
1d,ETHUSDT_1d,RandomForestClassifier,0.4890710382513661,FINAL TEST
1d,ETHUSDT_1d,RandomForestClassifier,0.48906722406778397,F1 FINAL TEST
1d,ETHUSDT_1d,RandomForestClassifier,"{1: 0.5136612021857924, 0: 0.48633879781420764}",DESBALANCEO REAL
1d,ETHUSDT_1d,RandomForestClassifier,"{0: 0.5163934426229508, 1: 0.48360655737704916}",DESBALANCEO PREDICCIÓN
1d,XRPUSDT_1d,RandomForestClassifier,0.47299190967238386,F1 VALIDATION
1d,XRPUSDT_1d,RandomForestClassifier,"{1: 0.6, 0: 0.4}",DESBALANCEO REAL VAL
1d,XRPUSDT_1d,RandomForestClassifier,"{1: 0.7866666666666666, 0: 0.21333333333333335}",DESBALANCEO PREDICCIÓN VAL
1d,XRPUSDT_1d,RandomForestClassifier,0.5096550076824047,F1 VALIDATION
1d,XRPUSDT_1d,RandomForestClassifier,"{1: 0.6, 0: 0.4}",DESBALANCEO REAL VAL
1d,XRPUSDT_1d,RandomForestClassifier,"{1: 0.6133333333333333, 0: 0.38666666666666666}",DESBALANCEO PREDICCIÓN VAL
1d,XRPUSDT_1d,RandomForestClassifier,0.48626090495717256,F1 VALIDATION
1d,XRPUSDT_1d,RandomForestClassifier,"{1: 0.6, 0: 0.4}",DESBALANCEO REAL VAL
1d,XRPUSDT_1d,RandomForestClassifier,"{1: 0.8666666666666667, 0: 0.13333333333333333}",DESBALANCEO PREDICCIÓN VAL
1d,XRPUSDT_1d,RandomForestClassifier,0.48990409032912385,F1 VALIDATION
1d,XRPUSDT_1d,RandomForestClassifier,"{1: 0.6, 0: 0.4}",DESBALANCEO REAL VAL
1d,XRPUSDT_1d,RandomForestClassifier,"{1: 0.8266666666666667, 0: 0.17333333333333334}",DESBALANCEO PREDICCIÓN VAL
1d,XRPUSDT_1d,RandomForestClassifier,0.489658193430223,F1 VALIDATION
1d,XRPUSDT_1d,RandomForestClassifier,"{1: 0.6, 0: 0.4}",DESBALANCEO REAL VAL
1d,XRPUSDT_1d,RandomForestClassifier,"{1: 0.8666666666666667, 0: 0.13333333333333333}",DESBALANCEO PREDICCIÓN VAL
1d,XRPUSDT_1d,RandomForestClassifier,0.5190576087895502,F1 VALIDATION
1d,XRPUSDT_1d,RandomForestClassifier,"{1: 0.6, 0: 0.4}",DESBALANCEO REAL VAL
1d,XRPUSDT_1d,RandomForestClassifier,"{1: 0.8266666666666667, 0: 0.17333333333333334}",DESBALANCEO PREDICCIÓN VAL
1d,XRPUSDT_1d,RandomForestClassifier,0.4886142576931764,F1 VALIDATION
1d,XRPUSDT_1d,RandomForestClassifier,"{1: 0.6, 0: 0.4}",DESBALANCEO REAL VAL
1d,XRPUSDT_1d,RandomForestClassifier,"{1: 0.8266666666666667, 0: 0.17333333333333334}",DESBALANCEO PREDICCIÓN VAL
1d,XRPUSDT_1d,RandomForestClassifier,0.4899708620054531,F1 VALIDATION
1d,XRPUSDT_1d,RandomForestClassifier,"{1: 0.6, 0: 0.4}",DESBALANCEO REAL VAL
1d,XRPUSDT_1d,RandomForestClassifier,"{1: 0.8666666666666667, 0: 0.13333333333333333}",DESBALANCEO PREDICCIÓN VAL
1d,XRPUSDT_1d,RandomForestClassifier,0.5000665736189267,F1 VALIDATION
1d,XRPUSDT_1d,RandomForestClassifier,"{1: 0.6, 0: 0.4}",DESBALANCEO REAL VAL
1d,XRPUSDT_1d,RandomForestClassifier,"{1: 0.7866666666666666, 0: 0.21333333333333335}",DESBALANCEO PREDICCIÓN VAL
1d,XRPUSDT_1d,RandomForestClassifier,0.47370268636061075,F1 VALIDATION
1d,XRPUSDT_1d,RandomForestClassifier,"{1: 0.6, 0: 0.4}",DESBALANCEO REAL VAL
1d,XRPUSDT_1d,RandomForestClassifier,"{1: 0.8266666666666667, 0: 0.17333333333333334}",DESBALANCEO PREDICCIÓN VAL
1d,XRPUSDT_1d,RandomForestClassifier,0.5136612021857924,FINAL TEST
1d,XRPUSDT_1d,RandomForestClassifier,0.5132978723404256,F1 FINAL TEST
1d,XRPUSDT_1d,RandomForestClassifier,"{0: 0.505464480874317, 1: 0.49453551912568305}",DESBALANCEO REAL
1d,XRPUSDT_1d,RandomForestClassifier,"{0: 0.5218579234972678, 1: 0.4781420765027322}",DESBALANCEO PREDICCIÓN
1d,BNBUSDT_1d,RandomForestClassifier,0.43348625446445216,F1 VALIDATION
1d,BNBUSDT_1d,RandomForestClassifier,"{1: 0.7066666666666667, 0: 0.29333333333333333}",DESBALANCEO REAL VAL
1d,BNBUSDT_1d,RandomForestClassifier,"{0: 0.8, 1: 0.2}",DESBALANCEO PREDICCIÓN VAL
1d,BNBUSDT_1d,RandomForestClassifier,0.389398647718617,F1 VALIDATION
1d,BNBUSDT_1d,RandomForestClassifier,"{1: 0.7066666666666667, 0: 0.29333333333333333}",DESBALANCEO REAL VAL
1d,BNBUSDT_1d,RandomForestClassifier,"{0: 0.9466666666666667, 1: 0.05333333333333334}",DESBALANCEO PREDICCIÓN VAL
1d,BNBUSDT_1d,RandomForestClassifier,0.417298864423314,F1 VALIDATION
1d,BNBUSDT_1d,RandomForestClassifier,"{1: 0.7066666666666667, 0: 0.29333333333333333}",DESBALANCEO REAL VAL
1d,BNBUSDT_1d,RandomForestClassifier,"{0: 0.72, 1: 0.28}",DESBALANCEO PREDICCIÓN VAL
1d,BNBUSDT_1d,RandomForestClassifier,0.40461596461782,F1 VALIDATION
1d,BNBUSDT_1d,RandomForestClassifier,"{1: 0.7066666666666667, 0: 0.29333333333333333}",DESBALANCEO REAL VAL
1d,BNBUSDT_1d,RandomForestClassifier,"{0: 0.9333333333333333, 1: 0.06666666666666667}",DESBALANCEO PREDICCIÓN VAL
1d,BNBUSDT_1d,RandomForestClassifier,0.42581406574877184,F1 VALIDATION
1d,BNBUSDT_1d,RandomForestClassifier,"{1: 0.7066666666666667, 0: 0.29333333333333333}",DESBALANCEO REAL VAL
1d,BNBUSDT_1d,RandomForestClassifier,"{0: 0.7866666666666666, 1: 0.21333333333333335}",DESBALANCEO PREDICCIÓN VAL
1d,BNBUSDT_1d,RandomForestClassifier,0.4049496097360857,F1 VALIDATION
1d,BNBUSDT_1d,RandomForestClassifier,"{1: 0.7066666666666667, 0: 0.29333333333333333}",DESBALANCEO REAL VAL
1d,BNBUSDT_1d,RandomForestClassifier,"{0: 0.88, 1: 0.12}",DESBALANCEO PREDICCIÓN VAL
1d,BNBUSDT_1d,RandomForestClassifier,0.4254552235551186,F1 VALIDATION
1d,BNBUSDT_1d,RandomForestClassifier,"{1: 0.7066666666666667, 0: 0.29333333333333333}",DESBALANCEO REAL VAL
1d,BNBUSDT_1d,RandomForestClassifier,"{0: 0.8266666666666667, 1: 0.17333333333333334}",DESBALANCEO PREDICCIÓN VAL
1d,BNBUSDT_1d,RandomForestClassifier,0.4569060608326703,F1 VALIDATION
1d,BNBUSDT_1d,RandomForestClassifier,"{1: 0.7066666666666667, 0: 0.29333333333333333}",DESBALANCEO REAL VAL
1d,BNBUSDT_1d,RandomForestClassifier,"{0: 0.7066666666666667, 1: 0.29333333333333333}",DESBALANCEO PREDICCIÓN VAL
1d,BNBUSDT_1d,RandomForestClassifier,0.4253928328772302,F1 VALIDATION
1d,BNBUSDT_1d,RandomForestClassifier,"{1: 0.7066666666666667, 0: 0.29333333333333333}",DESBALANCEO REAL VAL
1d,BNBUSDT_1d,RandomForestClassifier,"{0: 0.8533333333333334, 1: 0.14666666666666667}",DESBALANCEO PREDICCIÓN VAL
1d,BNBUSDT_1d,RandomForestClassifier,0.430035801436893,F1 VALIDATION
1d,BNBUSDT_1d,RandomForestClassifier,"{1: 0.7066666666666667, 0: 0.29333333333333333}",DESBALANCEO REAL VAL
1d,BNBUSDT_1d,RandomForestClassifier,"{0: 0.8133333333333334, 1: 0.18666666666666668}",DESBALANCEO PREDICCIÓN VAL
1d,BNBUSDT_1d,RandomForestClassifier,0.4808743169398907,FINAL TEST
1d,BNBUSDT_1d,RandomForestClassifier,0.4701795020266358,F1 FINAL TEST
1d,BNBUSDT_1d,RandomForestClassifier,"{1: 0.5382513661202186, 0: 0.46174863387978143}",DESBALANCEO REAL
1d,BNBUSDT_1d,RandomForestClassifier,"{0: 0.680327868852459, 1: 0.319672131147541}",DESBALANCEO PREDICCIÓN
1d,SOLUSDT_1d,RandomForestClassifier,0.4125230478290655,F1 VALIDATION
1d,SOLUSDT_1d,RandomForestClassifier,"{1: 0.8533333333333334, 0: 0.14666666666666667}",DESBALANCEO REAL VAL
1d,SOLUSDT_1d,RandomForestClassifier,"{0: 0.5733333333333334, 1: 0.4266666666666667}",DESBALANCEO PREDICCIÓN VAL
1d,SOLUSDT_1d,RandomForestClassifier,0.42545909375881763,F1 VALIDATION
1d,SOLUSDT_1d,RandomForestClassifier,"{1: 0.8533333333333334, 0: 0.14666666666666667}",DESBALANCEO REAL VAL
1d,SOLUSDT_1d,RandomForestClassifier,"{0: 0.5066666666666667, 1: 0.49333333333333335}",DESBALANCEO PREDICCIÓN VAL
1d,SOLUSDT_1d,RandomForestClassifier,0.42236898038926285,F1 VALIDATION
1d,SOLUSDT_1d,RandomForestClassifier,"{1: 0.8533333333333334, 0: 0.14666666666666667}",DESBALANCEO REAL VAL
1d,SOLUSDT_1d,RandomForestClassifier,"{0: 0.5733333333333334, 1: 0.4266666666666667}",DESBALANCEO PREDICCIÓN VAL
1d,SOLUSDT_1d,RandomForestClassifier,0.4096902392091197,F1 VALIDATION
1d,SOLUSDT_1d,RandomForestClassifier,"{1: 0.8533333333333334, 0: 0.14666666666666667}",DESBALANCEO REAL VAL
1d,SOLUSDT_1d,RandomForestClassifier,"{0: 0.5066666666666667, 1: 0.49333333333333335}",DESBALANCEO PREDICCIÓN VAL
1d,SOLUSDT_1d,RandomForestClassifier,0.41045987742231127,F1 VALIDATION
1d,SOLUSDT_1d,RandomForestClassifier,"{1: 0.8533333333333334, 0: 0.14666666666666667}",DESBALANCEO REAL VAL
1d,SOLUSDT_1d,RandomForestClassifier,"{0: 0.6133333333333333, 1: 0.38666666666666666}",DESBALANCEO PREDICCIÓN VAL
1d,SOLUSDT_1d,RandomForestClassifier,0.4357651947083812,F1 VALIDATION
1d,SOLUSDT_1d,RandomForestClassifier,"{1: 0.8533333333333334, 0: 0.14666666666666667}",DESBALANCEO REAL VAL
1d,SOLUSDT_1d,RandomForestClassifier,"{1: 0.52, 0: 0.48}",DESBALANCEO PREDICCIÓN VAL
1d,SOLUSDT_1d,RandomForestClassifier,0.44202922854872195,F1 VALIDATION
1d,SOLUSDT_1d,RandomForestClassifier,"{1: 0.8533333333333334, 0: 0.14666666666666667}",DESBALANCEO REAL VAL
1d,SOLUSDT_1d,RandomForestClassifier,"{0: 0.52, 1: 0.48}",DESBALANCEO PREDICCIÓN VAL
1d,SOLUSDT_1d,RandomForestClassifier,0.43648326512251,F1 VALIDATION
1d,SOLUSDT_1d,RandomForestClassifier,"{1: 0.8533333333333334, 0: 0.14666666666666667}",DESBALANCEO REAL VAL
1d,SOLUSDT_1d,RandomForestClassifier,"{1: 0.5333333333333333, 0: 0.4666666666666667}",DESBALANCEO PREDICCIÓN VAL
1d,SOLUSDT_1d,RandomForestClassifier,0.4008250945548055,F1 VALIDATION
1d,SOLUSDT_1d,RandomForestClassifier,"{1: 0.8533333333333334, 0: 0.14666666666666667}",DESBALANCEO REAL VAL
1d,SOLUSDT_1d,RandomForestClassifier,"{0: 0.5333333333333333, 1: 0.4666666666666667}",DESBALANCEO PREDICCIÓN VAL
1d,SOLUSDT_1d,RandomForestClassifier,0.4048902302744568,F1 VALIDATION
1d,SOLUSDT_1d,RandomForestClassifier,"{1: 0.8533333333333334, 0: 0.14666666666666667}",DESBALANCEO REAL VAL
1d,SOLUSDT_1d,RandomForestClassifier,"{1: 0.5066666666666667, 0: 0.49333333333333335}",DESBALANCEO PREDICCIÓN VAL
1d,SOLUSDT_1d,RandomForestClassifier,0.4726775956284153,FINAL TEST
1d,SOLUSDT_1d,RandomForestClassifier,0.47235854341736694,F1 FINAL TEST
1d,SOLUSDT_1d,RandomForestClassifier,"{1: 0.5136612021857924, 0: 0.48633879781420764}",DESBALANCEO REAL
1d,SOLUSDT_1d,RandomForestClassifier,"{1: 0.5109289617486339, 0: 0.4890710382513661}",DESBALANCEO PREDICCIÓN
1d,ADAUSDT_1d,RandomForestClassifier,0.45397938575080354,F1 VALIDATION
1d,ADAUSDT_1d,RandomForestClassifier,"{1: 0.8, 0: 0.2}",DESBALANCEO REAL VAL
1d,ADAUSDT_1d,RandomForestClassifier,"{1: 0.84, 0: 0.16}",DESBALANCEO PREDICCIÓN VAL
1d,ADAUSDT_1d,RandomForestClassifier,0.4790600639695925,F1 VALIDATION
1d,ADAUSDT_1d,RandomForestClassifier,"{1: 0.8, 0: 0.2}",DESBALANCEO REAL VAL
1d,ADAUSDT_1d,RandomForestClassifier,"{1: 0.8133333333333334, 0: 0.18666666666666668}",DESBALANCEO PREDICCIÓN VAL
1d,ADAUSDT_1d,RandomForestClassifier,0.4774386066700031,F1 VALIDATION
1d,ADAUSDT_1d,RandomForestClassifier,"{1: 0.8, 0: 0.2}",DESBALANCEO REAL VAL
1d,ADAUSDT_1d,RandomForestClassifier,"{1: 0.76, 0: 0.24}",DESBALANCEO PREDICCIÓN VAL
1d,ADAUSDT_1d,RandomForestClassifier,0.4712208313975263,F1 VALIDATION
1d,ADAUSDT_1d,RandomForestClassifier,"{1: 0.8, 0: 0.2}",DESBALANCEO REAL VAL
1d,ADAUSDT_1d,RandomForestClassifier,"{1: 0.7866666666666666, 0: 0.21333333333333335}",DESBALANCEO PREDICCIÓN VAL
1d,ADAUSDT_1d,RandomForestClassifier,0.48365761918776184,F1 VALIDATION
1d,ADAUSDT_1d,RandomForestClassifier,"{1: 0.8, 0: 0.2}",DESBALANCEO REAL VAL
1d,ADAUSDT_1d,RandomForestClassifier,"{1: 0.68, 0: 0.32}",DESBALANCEO PREDICCIÓN VAL
1d,ADAUSDT_1d,RandomForestClassifier,0.4755149089681804,F1 VALIDATION
1d,ADAUSDT_1d,RandomForestClassifier,"{1: 0.8, 0: 0.2}",DESBALANCEO REAL VAL
1d,ADAUSDT_1d,RandomForestClassifier,"{1: 0.68, 0: 0.32}",DESBALANCEO PREDICCIÓN VAL
1d,ADAUSDT_1d,RandomForestClassifier,0.47450577463014965,F1 VALIDATION
1d,ADAUSDT_1d,RandomForestClassifier,"{1: 0.8, 0: 0.2}",DESBALANCEO REAL VAL
1d,ADAUSDT_1d,RandomForestClassifier,"{0: 0.5866666666666667, 1: 0.41333333333333333}",DESBALANCEO PREDICCIÓN VAL
1d,ADAUSDT_1d,RandomForestClassifier,0.4747280830982231,F1 VALIDATION
1d,ADAUSDT_1d,RandomForestClassifier,"{1: 0.8, 0: 0.2}",DESBALANCEO REAL VAL
1d,ADAUSDT_1d,RandomForestClassifier,"{0: 0.5466666666666666, 1: 0.4533333333333333}",DESBALANCEO PREDICCIÓN VAL
1d,ADAUSDT_1d,RandomForestClassifier,0.458645739765905,F1 VALIDATION
1d,ADAUSDT_1d,RandomForestClassifier,"{1: 0.8, 0: 0.2}",DESBALANCEO REAL VAL
1d,ADAUSDT_1d,RandomForestClassifier,"{1: 0.6933333333333334, 0: 0.30666666666666664}",DESBALANCEO PREDICCIÓN VAL
1d,ADAUSDT_1d,RandomForestClassifier,0.5053747675988974,F1 VALIDATION
1d,ADAUSDT_1d,RandomForestClassifier,"{1: 0.8, 0: 0.2}",DESBALANCEO REAL VAL
1d,ADAUSDT_1d,RandomForestClassifier,"{1: 0.7466666666666667, 0: 0.25333333333333335}",DESBALANCEO PREDICCIÓN VAL
1d,ADAUSDT_1d,RandomForestClassifier,0.5491803278688525,FINAL TEST
1d,ADAUSDT_1d,RandomForestClassifier,0.5271502955800024,F1 FINAL TEST
1d,ADAUSDT_1d,RandomForestClassifier,"{0: 0.5409836065573771, 1: 0.45901639344262296}",DESBALANCEO REAL
1d,ADAUSDT_1d,RandomForestClassifier,"{0: 0.674863387978142, 1: 0.3251366120218579}",DESBALANCEO PREDICCIÓN
1d,TRXUSDT_1d,RandomForestClassifier,0.47646268564907307,F1 VALIDATION
1d,TRXUSDT_1d,RandomForestClassifier,"{1: 0.6933333333333334, 0: 0.30666666666666664}",DESBALANCEO REAL VAL
1d,TRXUSDT_1d,RandomForestClassifier,"{0: 0.56, 1: 0.44}",DESBALANCEO PREDICCIÓN VAL
1d,TRXUSDT_1d,RandomForestClassifier,0.47165995489111295,F1 VALIDATION
1d,TRXUSDT_1d,RandomForestClassifier,"{1: 0.6933333333333334, 0: 0.30666666666666664}",DESBALANCEO REAL VAL
1d,TRXUSDT_1d,RandomForestClassifier,"{0: 0.68, 1: 0.32}",DESBALANCEO PREDICCIÓN VAL
1d,TRXUSDT_1d,RandomForestClassifier,0.4877102115720023,F1 VALIDATION
1d,TRXUSDT_1d,RandomForestClassifier,"{1: 0.6933333333333334, 0: 0.30666666666666664}",DESBALANCEO REAL VAL
1d,TRXUSDT_1d,RandomForestClassifier,"{1: 0.5466666666666666, 0: 0.4533333333333333}",DESBALANCEO PREDICCIÓN VAL
1d,TRXUSDT_1d,RandomForestClassifier,0.4657665927184153,F1 VALIDATION
1d,TRXUSDT_1d,RandomForestClassifier,"{1: 0.6933333333333334, 0: 0.30666666666666664}",DESBALANCEO REAL VAL
1d,TRXUSDT_1d,RandomForestClassifier,"{0: 0.52, 1: 0.48}",DESBALANCEO PREDICCIÓN VAL
1d,TRXUSDT_1d,RandomForestClassifier,0.48677789709774333,F1 VALIDATION
1d,TRXUSDT_1d,RandomForestClassifier,"{1: 0.6933333333333334, 0: 0.30666666666666664}",DESBALANCEO REAL VAL
1d,TRXUSDT_1d,RandomForestClassifier,"{1: 0.7733333333333333, 0: 0.22666666666666666}",DESBALANCEO PREDICCIÓN VAL
1d,TRXUSDT_1d,RandomForestClassifier,0.45815299101578066,F1 VALIDATION
1d,TRXUSDT_1d,RandomForestClassifier,"{1: 0.6933333333333334, 0: 0.30666666666666664}",DESBALANCEO REAL VAL
1d,TRXUSDT_1d,RandomForestClassifier,"{0: 0.7466666666666667, 1: 0.25333333333333335}",DESBALANCEO PREDICCIÓN VAL
1d,TRXUSDT_1d,RandomForestClassifier,0.458112373342051,F1 VALIDATION
1d,TRXUSDT_1d,RandomForestClassifier,"{1: 0.6933333333333334, 0: 0.30666666666666664}",DESBALANCEO REAL VAL
1d,TRXUSDT_1d,RandomForestClassifier,"{0: 0.6666666666666666, 1: 0.3333333333333333}",DESBALANCEO PREDICCIÓN VAL
1d,TRXUSDT_1d,RandomForestClassifier,0.5189376982291314,F1 VALIDATION
1d,TRXUSDT_1d,RandomForestClassifier,"{1: 0.6933333333333334, 0: 0.30666666666666664}",DESBALANCEO REAL VAL
1d,TRXUSDT_1d,RandomForestClassifier,"{1: 0.5733333333333334, 0: 0.4266666666666667}",DESBALANCEO PREDICCIÓN VAL
1d,TRXUSDT_1d,RandomForestClassifier,0.48003873053327756,F1 VALIDATION
1d,TRXUSDT_1d,RandomForestClassifier,"{1: 0.6933333333333334, 0: 0.30666666666666664}",DESBALANCEO REAL VAL
1d,TRXUSDT_1d,RandomForestClassifier,"{0: 0.56, 1: 0.44}",DESBALANCEO PREDICCIÓN VAL
1d,TRXUSDT_1d,RandomForestClassifier,0.4804247274096961,F1 VALIDATION
1d,TRXUSDT_1d,RandomForestClassifier,"{1: 0.6933333333333334, 0: 0.30666666666666664}",DESBALANCEO REAL VAL
1d,TRXUSDT_1d,RandomForestClassifier,"{1: 0.6, 0: 0.4}",DESBALANCEO PREDICCIÓN VAL
1d,TRXUSDT_1d,RandomForestClassifier,0.45901639344262296,FINAL TEST
1d,TRXUSDT_1d,RandomForestClassifier,0.45583155618298143,F1 FINAL TEST
1d,TRXUSDT_1d,RandomForestClassifier,"{1: 0.6010928961748634, 0: 0.3989071038251366}",DESBALANCEO REAL
1d,TRXUSDT_1d,RandomForestClassifier,"{0: 0.5245901639344263, 1: 0.47540983606557374}",DESBALANCEO PREDICCIÓN
1d,LINKUSDT_1d,RandomForestClassifier,0.4662369212756148,F1 VALIDATION
1d,LINKUSDT_1d,RandomForestClassifier,"{1: 0.7066666666666667, 0: 0.29333333333333333}",DESBALANCEO REAL VAL
1d,LINKUSDT_1d,RandomForestClassifier,"{0: 0.96, 1: 0.04}",DESBALANCEO PREDICCIÓN VAL
1d,LINKUSDT_1d,RandomForestClassifier,0.4697878973536726,F1 VALIDATION
1d,LINKUSDT_1d,RandomForestClassifier,"{1: 0.7066666666666667, 0: 0.29333333333333333}",DESBALANCEO REAL VAL
1d,LINKUSDT_1d,RandomForestClassifier,{0: 1.0},DESBALANCEO PREDICCIÓN VAL
1d,LINKUSDT_1d,RandomForestClassifier,0.43698441812936195,F1 VALIDATION
1d,LINKUSDT_1d,RandomForestClassifier,"{1: 0.7066666666666667, 0: 0.29333333333333333}",DESBALANCEO REAL VAL
1d,LINKUSDT_1d,RandomForestClassifier,"{0: 0.9333333333333333, 1: 0.06666666666666667}",DESBALANCEO PREDICCIÓN VAL
1d,LINKUSDT_1d,RandomForestClassifier,0.4483188105668983,F1 VALIDATION
1d,LINKUSDT_1d,RandomForestClassifier,"{1: 0.7066666666666667, 0: 0.29333333333333333}",DESBALANCEO REAL VAL
1d,LINKUSDT_1d,RandomForestClassifier,"{0: 0.9866666666666667, 1: 0.013333333333333334}",DESBALANCEO PREDICCIÓN VAL
1d,LINKUSDT_1d,RandomForestClassifier,0.47549388351061184,F1 VALIDATION
1d,LINKUSDT_1d,RandomForestClassifier,"{1: 0.7066666666666667, 0: 0.29333333333333333}",DESBALANCEO REAL VAL
1d,LINKUSDT_1d,RandomForestClassifier,"{0: 0.9733333333333334, 1: 0.02666666666666667}",DESBALANCEO PREDICCIÓN VAL
1d,LINKUSDT_1d,RandomForestClassifier,0.4603474352388205,F1 VALIDATION
1d,LINKUSDT_1d,RandomForestClassifier,"{1: 0.7066666666666667, 0: 0.29333333333333333}",DESBALANCEO REAL VAL
1d,LINKUSDT_1d,RandomForestClassifier,"{0: 0.9733333333333334, 1: 0.02666666666666667}",DESBALANCEO PREDICCIÓN VAL
1d,LINKUSDT_1d,RandomForestClassifier,0.45242057673787023,F1 VALIDATION
1d,LINKUSDT_1d,RandomForestClassifier,"{1: 0.7066666666666667, 0: 0.29333333333333333}",DESBALANCEO REAL VAL
1d,LINKUSDT_1d,RandomForestClassifier,"{0: 0.6666666666666666, 1: 0.3333333333333333}",DESBALANCEO PREDICCIÓN VAL
1d,LINKUSDT_1d,RandomForestClassifier,0.47949417224552554,F1 VALIDATION
1d,LINKUSDT_1d,RandomForestClassifier,"{1: 0.7066666666666667, 0: 0.29333333333333333}",DESBALANCEO REAL VAL
1d,LINKUSDT_1d,RandomForestClassifier,"{0: 0.9733333333333334, 1: 0.02666666666666667}",DESBALANCEO PREDICCIÓN VAL
1d,LINKUSDT_1d,RandomForestClassifier,0.4648111912380443,F1 VALIDATION
1d,LINKUSDT_1d,RandomForestClassifier,"{1: 0.7066666666666667, 0: 0.29333333333333333}",DESBALANCEO REAL VAL
1d,LINKUSDT_1d,RandomForestClassifier,{0: 1.0},DESBALANCEO PREDICCIÓN VAL
1d,LINKUSDT_1d,RandomForestClassifier,0.4885301601141199,F1 VALIDATION
1d,LINKUSDT_1d,RandomForestClassifier,"{1: 0.7066666666666667, 0: 0.29333333333333333}",DESBALANCEO REAL VAL
1d,LINKUSDT_1d,RandomForestClassifier,"{0: 0.9333333333333333, 1: 0.06666666666666667}",DESBALANCEO PREDICCIÓN VAL
1d,LINKUSDT_1d,RandomForestClassifier,0.5191256830601093,FINAL TEST
1d,LINKUSDT_1d,RandomForestClassifier,0.473260720243352,F1 FINAL TEST
1d,LINKUSDT_1d,RandomForestClassifier,"{0: 0.505464480874317, 1: 0.49453551912568305}",DESBALANCEO REAL
1d,LINKUSDT_1d,RandomForestClassifier,"{0: 0.7896174863387978, 1: 0.2103825136612022}",DESBALANCEO PREDICCIÓN
1d,AVAXUSDT_1d,RandomForestClassifier,0.4945205944278744,F1 VALIDATION
1d,AVAXUSDT_1d,RandomForestClassifier,"{1: 0.84, 0: 0.16}",DESBALANCEO REAL VAL
1d,AVAXUSDT_1d,RandomForestClassifier,"{1: 0.5866666666666667, 0: 0.41333333333333333}",DESBALANCEO PREDICCIÓN VAL
1d,AVAXUSDT_1d,RandomForestClassifier,0.45753666180821223,F1 VALIDATION
1d,AVAXUSDT_1d,RandomForestClassifier,"{1: 0.84, 0: 0.16}",DESBALANCEO REAL VAL
1d,AVAXUSDT_1d,RandomForestClassifier,"{0: 0.7333333333333333, 1: 0.26666666666666666}",DESBALANCEO PREDICCIÓN VAL
1d,AVAXUSDT_1d,RandomForestClassifier,0.47904042053102136,F1 VALIDATION
1d,AVAXUSDT_1d,RandomForestClassifier,"{1: 0.84, 0: 0.16}",DESBALANCEO REAL VAL
1d,AVAXUSDT_1d,RandomForestClassifier,"{0: 0.5066666666666667, 1: 0.49333333333333335}",DESBALANCEO PREDICCIÓN VAL
1d,AVAXUSDT_1d,RandomForestClassifier,0.4530074495122455,F1 VALIDATION
1d,AVAXUSDT_1d,RandomForestClassifier,"{1: 0.84, 0: 0.16}",DESBALANCEO REAL VAL
1d,AVAXUSDT_1d,RandomForestClassifier,"{0: 0.68, 1: 0.32}",DESBALANCEO PREDICCIÓN VAL
1d,AVAXUSDT_1d,RandomForestClassifier,0.46724709798431496,F1 VALIDATION
1d,AVAXUSDT_1d,RandomForestClassifier,"{1: 0.84, 0: 0.16}",DESBALANCEO REAL VAL
1d,AVAXUSDT_1d,RandomForestClassifier,"{0: 0.68, 1: 0.32}",DESBALANCEO PREDICCIÓN VAL
1d,AVAXUSDT_1d,RandomForestClassifier,0.461236457167606,F1 VALIDATION
1d,AVAXUSDT_1d,RandomForestClassifier,"{1: 0.84, 0: 0.16}",DESBALANCEO REAL VAL
1d,AVAXUSDT_1d,RandomForestClassifier,"{0: 0.68, 1: 0.32}",DESBALANCEO PREDICCIÓN VAL
1d,AVAXUSDT_1d,RandomForestClassifier,0.45575057156854193,F1 VALIDATION
1d,AVAXUSDT_1d,RandomForestClassifier,"{1: 0.84, 0: 0.16}",DESBALANCEO REAL VAL
1d,AVAXUSDT_1d,RandomForestClassifier,"{0: 0.6666666666666666, 1: 0.3333333333333333}",DESBALANCEO PREDICCIÓN VAL
1d,AVAXUSDT_1d,RandomForestClassifier,0.4605815878834491,F1 VALIDATION
1d,AVAXUSDT_1d,RandomForestClassifier,"{1: 0.84, 0: 0.16}",DESBALANCEO REAL VAL
1d,AVAXUSDT_1d,RandomForestClassifier,"{0: 0.6266666666666667, 1: 0.37333333333333335}",DESBALANCEO PREDICCIÓN VAL
1d,AVAXUSDT_1d,RandomForestClassifier,0.5063052373118777,F1 VALIDATION
1d,AVAXUSDT_1d,RandomForestClassifier,"{1: 0.84, 0: 0.16}",DESBALANCEO REAL VAL
1d,AVAXUSDT_1d,RandomForestClassifier,"{0: 0.64, 1: 0.36}",DESBALANCEO PREDICCIÓN VAL
1d,AVAXUSDT_1d,RandomForestClassifier,0.4582082837113982,F1 VALIDATION
1d,AVAXUSDT_1d,RandomForestClassifier,"{1: 0.84, 0: 0.16}",DESBALANCEO REAL VAL
1d,AVAXUSDT_1d,RandomForestClassifier,"{0: 0.6933333333333334, 1: 0.30666666666666664}",DESBALANCEO PREDICCIÓN VAL
1d,AVAXUSDT_1d,RandomForestClassifier,0.5655737704918032,FINAL TEST
1d,AVAXUSDT_1d,RandomForestClassifier,0.5514256422905859,F1 FINAL TEST
1d,AVAXUSDT_1d,RandomForestClassifier,"{0: 0.5245901639344263, 1: 0.47540983606557374}",DESBALANCEO REAL
1d,AVAXUSDT_1d,RandomForestClassifier,"{0: 0.6530054644808743, 1: 0.3469945355191257}",DESBALANCEO PREDICCIÓN
1d,BTCUSDT_1d,GradientBoostingClassifier,0.5068061480479933,F1 VALIDATION
1d,BTCUSDT_1d,GradientBoostingClassifier,"{1: 0.7733333333333333, 0: 0.22666666666666666}",DESBALANCEO REAL VAL
1d,BTCUSDT_1d,GradientBoostingClassifier,"{1: 0.56, 0: 0.44}",DESBALANCEO PREDICCIÓN VAL
1d,BTCUSDT_1d,GradientBoostingClassifier,0.46517593108048694,F1 VALIDATION
1d,BTCUSDT_1d,GradientBoostingClassifier,"{1: 0.7733333333333333, 0: 0.22666666666666666}",DESBALANCEO REAL VAL
1d,BTCUSDT_1d,GradientBoostingClassifier,"{1: 0.56, 0: 0.44}",DESBALANCEO PREDICCIÓN VAL
1d,BTCUSDT_1d,GradientBoostingClassifier,0.47959252619337844,F1 VALIDATION
1d,BTCUSDT_1d,GradientBoostingClassifier,"{1: 0.7733333333333333, 0: 0.22666666666666666}",DESBALANCEO REAL VAL
1d,BTCUSDT_1d,GradientBoostingClassifier,"{0: 0.5466666666666666, 1: 0.4533333333333333}",DESBALANCEO PREDICCIÓN VAL
1d,BTCUSDT_1d,GradientBoostingClassifier,0.5149264086709298,F1 VALIDATION
1d,BTCUSDT_1d,GradientBoostingClassifier,"{1: 0.7733333333333333, 0: 0.22666666666666666}",DESBALANCEO REAL VAL
1d,BTCUSDT_1d,GradientBoostingClassifier,"{1: 0.5866666666666667, 0: 0.41333333333333333}",DESBALANCEO PREDICCIÓN VAL
1d,BTCUSDT_1d,GradientBoostingClassifier,0.512426605562275,F1 VALIDATION
1d,BTCUSDT_1d,GradientBoostingClassifier,"{1: 0.7733333333333333, 0: 0.22666666666666666}",DESBALANCEO REAL VAL
1d,BTCUSDT_1d,GradientBoostingClassifier,"{0: 0.5066666666666667, 1: 0.49333333333333335}",DESBALANCEO PREDICCIÓN VAL
1d,BTCUSDT_1d,GradientBoostingClassifier,0.5132114309568359,F1 VALIDATION
1d,BTCUSDT_1d,GradientBoostingClassifier,"{1: 0.7733333333333333, 0: 0.22666666666666666}",DESBALANCEO REAL VAL
1d,BTCUSDT_1d,GradientBoostingClassifier,"{1: 0.6266666666666667, 0: 0.37333333333333335}",DESBALANCEO PREDICCIÓN VAL
1d,BTCUSDT_1d,GradientBoostingClassifier,0.4908703037997924,F1 VALIDATION
1d,BTCUSDT_1d,GradientBoostingClassifier,"{1: 0.7733333333333333, 0: 0.22666666666666666}",DESBALANCEO REAL VAL
1d,BTCUSDT_1d,GradientBoostingClassifier,"{1: 0.52, 0: 0.48}",DESBALANCEO PREDICCIÓN VAL
1d,BTCUSDT_1d,GradientBoostingClassifier,0.5097847039779946,F1 VALIDATION
1d,BTCUSDT_1d,GradientBoostingClassifier,"{1: 0.7733333333333333, 0: 0.22666666666666666}",DESBALANCEO REAL VAL
1d,BTCUSDT_1d,GradientBoostingClassifier,"{1: 0.6, 0: 0.4}",DESBALANCEO PREDICCIÓN VAL
1d,BTCUSDT_1d,GradientBoostingClassifier,0.4648110959894689,F1 VALIDATION
1d,BTCUSDT_1d,GradientBoostingClassifier,"{1: 0.7733333333333333, 0: 0.22666666666666666}",DESBALANCEO REAL VAL
1d,BTCUSDT_1d,GradientBoostingClassifier,"{1: 0.52, 0: 0.48}",DESBALANCEO PREDICCIÓN VAL
1d,BTCUSDT_1d,GradientBoostingClassifier,0.5186173195397996,F1 VALIDATION
1d,BTCUSDT_1d,GradientBoostingClassifier,"{1: 0.7733333333333333, 0: 0.22666666666666666}",DESBALANCEO REAL VAL
1d,BTCUSDT_1d,GradientBoostingClassifier,"{1: 0.5733333333333334, 0: 0.4266666666666667}",DESBALANCEO PREDICCIÓN VAL
1d,BTCUSDT_1d,GradientBoostingClassifier,0.48633879781420764,FINAL TEST
1d,BTCUSDT_1d,GradientBoostingClassifier,0.4765701071080818,F1 FINAL TEST
1d,BTCUSDT_1d,GradientBoostingClassifier,"{1: 0.5628415300546448, 0: 0.4371584699453552}",DESBALANCEO REAL
1d,BTCUSDT_1d,GradientBoostingClassifier,"{0: 0.6994535519125683, 1: 0.3005464480874317}",DESBALANCEO PREDICCIÓN
1d,ETHUSDT_1d,GradientBoostingClassifier,0.4387231847484605,F1 VALIDATION
1d,ETHUSDT_1d,GradientBoostingClassifier,"{1: 0.72, 0: 0.28}",DESBALANCEO REAL VAL
1d,ETHUSDT_1d,GradientBoostingClassifier,"{0: 0.7866666666666666, 1: 0.21333333333333335}",DESBALANCEO PREDICCIÓN VAL
1d,ETHUSDT_1d,GradientBoostingClassifier,0.4468723536778584,F1 VALIDATION
1d,ETHUSDT_1d,GradientBoostingClassifier,"{1: 0.72, 0: 0.28}",DESBALANCEO REAL VAL
1d,ETHUSDT_1d,GradientBoostingClassifier,"{0: 0.76, 1: 0.24}",DESBALANCEO PREDICCIÓN VAL
1d,ETHUSDT_1d,GradientBoostingClassifier,0.4307784103814584,F1 VALIDATION
1d,ETHUSDT_1d,GradientBoostingClassifier,"{1: 0.72, 0: 0.28}",DESBALANCEO REAL VAL
1d,ETHUSDT_1d,GradientBoostingClassifier,"{0: 0.8266666666666667, 1: 0.17333333333333334}",DESBALANCEO PREDICCIÓN VAL
1d,ETHUSDT_1d,GradientBoostingClassifier,0.42697735979021656,F1 VALIDATION
1d,ETHUSDT_1d,GradientBoostingClassifier,"{1: 0.72, 0: 0.28}",DESBALANCEO REAL VAL
1d,ETHUSDT_1d,GradientBoostingClassifier,"{0: 0.88, 1: 0.12}",DESBALANCEO PREDICCIÓN VAL
1d,ETHUSDT_1d,GradientBoostingClassifier,0.4197985630225226,F1 VALIDATION
1d,ETHUSDT_1d,GradientBoostingClassifier,"{1: 0.72, 0: 0.28}",DESBALANCEO REAL VAL
1d,ETHUSDT_1d,GradientBoostingClassifier,"{0: 0.7733333333333333, 1: 0.22666666666666666}",DESBALANCEO PREDICCIÓN VAL
1d,ETHUSDT_1d,GradientBoostingClassifier,0.46729654604465337,F1 VALIDATION
1d,ETHUSDT_1d,GradientBoostingClassifier,"{1: 0.72, 0: 0.28}",DESBALANCEO REAL VAL
1d,ETHUSDT_1d,GradientBoostingClassifier,"{0: 0.7066666666666667, 1: 0.29333333333333333}",DESBALANCEO PREDICCIÓN VAL
1d,ETHUSDT_1d,GradientBoostingClassifier,0.45888363893772893,F1 VALIDATION
1d,ETHUSDT_1d,GradientBoostingClassifier,"{1: 0.72, 0: 0.28}",DESBALANCEO REAL VAL
1d,ETHUSDT_1d,GradientBoostingClassifier,"{0: 0.7466666666666667, 1: 0.25333333333333335}",DESBALANCEO PREDICCIÓN VAL
1d,ETHUSDT_1d,GradientBoostingClassifier,0.44968264000075964,F1 VALIDATION
1d,ETHUSDT_1d,GradientBoostingClassifier,"{1: 0.72, 0: 0.28}",DESBALANCEO REAL VAL
1d,ETHUSDT_1d,GradientBoostingClassifier,"{0: 0.7333333333333333, 1: 0.26666666666666666}",DESBALANCEO PREDICCIÓN VAL
1d,ETHUSDT_1d,GradientBoostingClassifier,0.45037013637160284,F1 VALIDATION
1d,ETHUSDT_1d,GradientBoostingClassifier,"{1: 0.72, 0: 0.28}",DESBALANCEO REAL VAL
1d,ETHUSDT_1d,GradientBoostingClassifier,"{0: 0.7066666666666667, 1: 0.29333333333333333}",DESBALANCEO PREDICCIÓN VAL
1d,ETHUSDT_1d,GradientBoostingClassifier,0.43791889831127734,F1 VALIDATION
1d,ETHUSDT_1d,GradientBoostingClassifier,"{1: 0.72, 0: 0.28}",DESBALANCEO REAL VAL
1d,ETHUSDT_1d,GradientBoostingClassifier,"{0: 0.72, 1: 0.28}",DESBALANCEO PREDICCIÓN VAL
1d,ETHUSDT_1d,GradientBoostingClassifier,0.4808743169398907,FINAL TEST
1d,ETHUSDT_1d,GradientBoostingClassifier,0.4808123040167239,F1 FINAL TEST
1d,ETHUSDT_1d,GradientBoostingClassifier,"{1: 0.5136612021857924, 0: 0.48633879781420764}",DESBALANCEO REAL
1d,ETHUSDT_1d,GradientBoostingClassifier,"{0: 0.5027322404371585, 1: 0.4972677595628415}",DESBALANCEO PREDICCIÓN
1d,XRPUSDT_1d,GradientBoostingClassifier,0.5126368677558365,F1 VALIDATION
1d,XRPUSDT_1d,GradientBoostingClassifier,"{1: 0.6, 0: 0.4}",DESBALANCEO REAL VAL
1d,XRPUSDT_1d,GradientBoostingClassifier,"{1: 0.5866666666666667, 0: 0.41333333333333333}",DESBALANCEO PREDICCIÓN VAL
1d,XRPUSDT_1d,GradientBoostingClassifier,0.5002328138121745,F1 VALIDATION
1d,XRPUSDT_1d,GradientBoostingClassifier,"{1: 0.6, 0: 0.4}",DESBALANCEO REAL VAL
1d,XRPUSDT_1d,GradientBoostingClassifier,"{1: 0.7733333333333333, 0: 0.22666666666666666}",DESBALANCEO PREDICCIÓN VAL
1d,XRPUSDT_1d,GradientBoostingClassifier,0.5373132934048079,F1 VALIDATION
1d,XRPUSDT_1d,GradientBoostingClassifier,"{1: 0.6, 0: 0.4}",DESBALANCEO REAL VAL
1d,XRPUSDT_1d,GradientBoostingClassifier,"{1: 0.64, 0: 0.36}",DESBALANCEO PREDICCIÓN VAL
1d,XRPUSDT_1d,GradientBoostingClassifier,0.4832739660796325,F1 VALIDATION
1d,XRPUSDT_1d,GradientBoostingClassifier,"{1: 0.6, 0: 0.4}",DESBALANCEO REAL VAL
1d,XRPUSDT_1d,GradientBoostingClassifier,"{1: 0.84, 0: 0.16}",DESBALANCEO PREDICCIÓN VAL
1d,XRPUSDT_1d,GradientBoostingClassifier,0.501557099564823,F1 VALIDATION
1d,XRPUSDT_1d,GradientBoostingClassifier,"{1: 0.6, 0: 0.4}",DESBALANCEO REAL VAL
1d,XRPUSDT_1d,GradientBoostingClassifier,"{1: 0.7733333333333333, 0: 0.22666666666666666}",DESBALANCEO PREDICCIÓN VAL
1d,XRPUSDT_1d,GradientBoostingClassifier,0.5043622272997597,F1 VALIDATION
1d,XRPUSDT_1d,GradientBoostingClassifier,"{1: 0.6, 0: 0.4}",DESBALANCEO REAL VAL
1d,XRPUSDT_1d,GradientBoostingClassifier,"{1: 0.8666666666666667, 0: 0.13333333333333333}",DESBALANCEO PREDICCIÓN VAL
1d,XRPUSDT_1d,GradientBoostingClassifier,0.5034264812317876,F1 VALIDATION
1d,XRPUSDT_1d,GradientBoostingClassifier,"{1: 0.6, 0: 0.4}",DESBALANCEO REAL VAL
1d,XRPUSDT_1d,GradientBoostingClassifier,"{1: 0.68, 0: 0.32}",DESBALANCEO PREDICCIÓN VAL
1d,XRPUSDT_1d,GradientBoostingClassifier,0.4968512949481224,F1 VALIDATION
1d,XRPUSDT_1d,GradientBoostingClassifier,"{1: 0.6, 0: 0.4}",DESBALANCEO REAL VAL
1d,XRPUSDT_1d,GradientBoostingClassifier,"{1: 0.7466666666666667, 0: 0.25333333333333335}",DESBALANCEO PREDICCIÓN VAL
1d,XRPUSDT_1d,GradientBoostingClassifier,0.4874801072433237,F1 VALIDATION
1d,XRPUSDT_1d,GradientBoostingClassifier,"{1: 0.6, 0: 0.4}",DESBALANCEO REAL VAL
1d,XRPUSDT_1d,GradientBoostingClassifier,"{1: 0.8266666666666667, 0: 0.17333333333333334}",DESBALANCEO PREDICCIÓN VAL
1d,XRPUSDT_1d,GradientBoostingClassifier,0.5287843617985402,F1 VALIDATION
1d,XRPUSDT_1d,GradientBoostingClassifier,"{1: 0.6, 0: 0.4}",DESBALANCEO REAL VAL
1d,XRPUSDT_1d,GradientBoostingClassifier,"{1: 0.7066666666666667, 0: 0.29333333333333333}",DESBALANCEO PREDICCIÓN VAL
1d,XRPUSDT_1d,GradientBoostingClassifier,0.5491803278688525,FINAL TEST
1d,XRPUSDT_1d,GradientBoostingClassifier,0.5486108515775074,F1 FINAL TEST
1d,XRPUSDT_1d,GradientBoostingClassifier,"{0: 0.505464480874317, 1: 0.49453551912568305}",DESBALANCEO REAL
1d,XRPUSDT_1d,GradientBoostingClassifier,"{1: 0.5409836065573771, 0: 0.45901639344262296}",DESBALANCEO PREDICCIÓN
1d,BNBUSDT_1d,GradientBoostingClassifier,0.4560881839737675,F1 VALIDATION
1d,BNBUSDT_1d,GradientBoostingClassifier,"{1: 0.7066666666666667, 0: 0.29333333333333333}",DESBALANCEO REAL VAL
1d,BNBUSDT_1d,GradientBoostingClassifier,"{0: 0.8133333333333334, 1: 0.18666666666666668}",DESBALANCEO PREDICCIÓN VAL
1d,BNBUSDT_1d,GradientBoostingClassifier,0.45276902462596125,F1 VALIDATION
1d,BNBUSDT_1d,GradientBoostingClassifier,"{1: 0.7066666666666667, 0: 0.29333333333333333}",DESBALANCEO REAL VAL
1d,BNBUSDT_1d,GradientBoostingClassifier,"{0: 0.76, 1: 0.24}",DESBALANCEO PREDICCIÓN VAL
1d,BNBUSDT_1d,GradientBoostingClassifier,0.45279203314578503,F1 VALIDATION
1d,BNBUSDT_1d,GradientBoostingClassifier,"{1: 0.7066666666666667, 0: 0.29333333333333333}",DESBALANCEO REAL VAL
1d,BNBUSDT_1d,GradientBoostingClassifier,"{0: 0.8, 1: 0.2}",DESBALANCEO PREDICCIÓN VAL
1d,BNBUSDT_1d,GradientBoostingClassifier,0.4602562968331908,F1 VALIDATION
1d,BNBUSDT_1d,GradientBoostingClassifier,"{1: 0.7066666666666667, 0: 0.29333333333333333}",DESBALANCEO REAL VAL
1d,BNBUSDT_1d,GradientBoostingClassifier,"{0: 0.68, 1: 0.32}",DESBALANCEO PREDICCIÓN VAL
1d,BNBUSDT_1d,GradientBoostingClassifier,0.4666885372652267,F1 VALIDATION
1d,BNBUSDT_1d,GradientBoostingClassifier,"{1: 0.7066666666666667, 0: 0.29333333333333333}",DESBALANCEO REAL VAL
1d,BNBUSDT_1d,GradientBoostingClassifier,"{0: 0.7466666666666667, 1: 0.25333333333333335}",DESBALANCEO PREDICCIÓN VAL
1d,BNBUSDT_1d,GradientBoostingClassifier,0.4645692896949377,F1 VALIDATION
1d,BNBUSDT_1d,GradientBoostingClassifier,"{1: 0.7066666666666667, 0: 0.29333333333333333}",DESBALANCEO REAL VAL
1d,BNBUSDT_1d,GradientBoostingClassifier,"{0: 0.8266666666666667, 1: 0.17333333333333334}",DESBALANCEO PREDICCIÓN VAL
1d,BNBUSDT_1d,GradientBoostingClassifier,0.4445443329302021,F1 VALIDATION
1d,BNBUSDT_1d,GradientBoostingClassifier,"{1: 0.7066666666666667, 0: 0.29333333333333333}",DESBALANCEO REAL VAL
1d,BNBUSDT_1d,GradientBoostingClassifier,"{0: 0.72, 1: 0.28}",DESBALANCEO PREDICCIÓN VAL
1d,BNBUSDT_1d,GradientBoostingClassifier,0.444244636328725,F1 VALIDATION
1d,BNBUSDT_1d,GradientBoostingClassifier,"{1: 0.7066666666666667, 0: 0.29333333333333333}",DESBALANCEO REAL VAL
1d,BNBUSDT_1d,GradientBoostingClassifier,"{0: 0.7333333333333333, 1: 0.26666666666666666}",DESBALANCEO PREDICCIÓN VAL
1d,BNBUSDT_1d,GradientBoostingClassifier,0.44331805943068947,F1 VALIDATION
1d,BNBUSDT_1d,GradientBoostingClassifier,"{1: 0.7066666666666667, 0: 0.29333333333333333}",DESBALANCEO REAL VAL
1d,BNBUSDT_1d,GradientBoostingClassifier,"{0: 0.7733333333333333, 1: 0.22666666666666666}",DESBALANCEO PREDICCIÓN VAL
1d,BNBUSDT_1d,GradientBoostingClassifier,0.42334403556590106,F1 VALIDATION
1d,BNBUSDT_1d,GradientBoostingClassifier,"{1: 0.7066666666666667, 0: 0.29333333333333333}",DESBALANCEO REAL VAL
1d,BNBUSDT_1d,GradientBoostingClassifier,"{0: 0.7733333333333333, 1: 0.22666666666666666}",DESBALANCEO PREDICCIÓN VAL
1d,BNBUSDT_1d,GradientBoostingClassifier,0.46174863387978143,FINAL TEST
1d,BNBUSDT_1d,GradientBoostingClassifier,0.45619102928643085,F1 FINAL TEST
1d,BNBUSDT_1d,GradientBoostingClassifier,"{1: 0.5382513661202186, 0: 0.46174863387978143}",DESBALANCEO REAL
1d,BNBUSDT_1d,GradientBoostingClassifier,"{0: 0.639344262295082, 1: 0.36065573770491804}",DESBALANCEO PREDICCIÓN
1d,SOLUSDT_1d,GradientBoostingClassifier,0.43806502202367426,F1 VALIDATION
1d,SOLUSDT_1d,GradientBoostingClassifier,"{1: 0.8533333333333334, 0: 0.14666666666666667}",DESBALANCEO REAL VAL
1d,SOLUSDT_1d,GradientBoostingClassifier,"{0: 0.6266666666666667, 1: 0.37333333333333335}",DESBALANCEO PREDICCIÓN VAL
1d,SOLUSDT_1d,GradientBoostingClassifier,0.4034079819786734,F1 VALIDATION
1d,SOLUSDT_1d,GradientBoostingClassifier,"{1: 0.8533333333333334, 0: 0.14666666666666667}",DESBALANCEO REAL VAL
1d,SOLUSDT_1d,GradientBoostingClassifier,"{0: 0.6, 1: 0.4}",DESBALANCEO PREDICCIÓN VAL
1d,SOLUSDT_1d,GradientBoostingClassifier,0.4399241002628436,F1 VALIDATION
1d,SOLUSDT_1d,GradientBoostingClassifier,"{1: 0.8533333333333334, 0: 0.14666666666666667}",DESBALANCEO REAL VAL
1d,SOLUSDT_1d,GradientBoostingClassifier,"{0: 0.5466666666666666, 1: 0.4533333333333333}",DESBALANCEO PREDICCIÓN VAL
1d,SOLUSDT_1d,GradientBoostingClassifier,0.4158446972510358,F1 VALIDATION
1d,SOLUSDT_1d,GradientBoostingClassifier,"{1: 0.8533333333333334, 0: 0.14666666666666667}",DESBALANCEO REAL VAL
1d,SOLUSDT_1d,GradientBoostingClassifier,"{0: 0.5866666666666667, 1: 0.41333333333333333}",DESBALANCEO PREDICCIÓN VAL
1d,SOLUSDT_1d,GradientBoostingClassifier,0.43457661830896155,F1 VALIDATION
1d,SOLUSDT_1d,GradientBoostingClassifier,"{1: 0.8533333333333334, 0: 0.14666666666666667}",DESBALANCEO REAL VAL
1d,SOLUSDT_1d,GradientBoostingClassifier,"{0: 0.56, 1: 0.44}",DESBALANCEO PREDICCIÓN VAL
1d,SOLUSDT_1d,GradientBoostingClassifier,0.439456098449016,F1 VALIDATION
1d,SOLUSDT_1d,GradientBoostingClassifier,"{1: 0.8533333333333334, 0: 0.14666666666666667}",DESBALANCEO REAL VAL
1d,SOLUSDT_1d,GradientBoostingClassifier,"{0: 0.5866666666666667, 1: 0.41333333333333333}",DESBALANCEO PREDICCIÓN VAL
1d,SOLUSDT_1d,GradientBoostingClassifier,0.4294955368180502,F1 VALIDATION
1d,SOLUSDT_1d,GradientBoostingClassifier,"{1: 0.8533333333333334, 0: 0.14666666666666667}",DESBALANCEO REAL VAL
1d,SOLUSDT_1d,GradientBoostingClassifier,"{0: 0.56, 1: 0.44}",DESBALANCEO PREDICCIÓN VAL
1d,SOLUSDT_1d,GradientBoostingClassifier,0.4188584368622771,F1 VALIDATION
1d,SOLUSDT_1d,GradientBoostingClassifier,"{1: 0.8533333333333334, 0: 0.14666666666666667}",DESBALANCEO REAL VAL
1d,SOLUSDT_1d,GradientBoostingClassifier,"{0: 0.52, 1: 0.48}",DESBALANCEO PREDICCIÓN VAL
1d,SOLUSDT_1d,GradientBoostingClassifier,0.4020284490034373,F1 VALIDATION
1d,SOLUSDT_1d,GradientBoostingClassifier,"{1: 0.8533333333333334, 0: 0.14666666666666667}",DESBALANCEO REAL VAL
1d,SOLUSDT_1d,GradientBoostingClassifier,"{0: 0.6, 1: 0.4}",DESBALANCEO PREDICCIÓN VAL
1d,SOLUSDT_1d,GradientBoostingClassifier,0.42106837021963733,F1 VALIDATION
1d,SOLUSDT_1d,GradientBoostingClassifier,"{1: 0.8533333333333334, 0: 0.14666666666666667}",DESBALANCEO REAL VAL
1d,SOLUSDT_1d,GradientBoostingClassifier,"{0: 0.5866666666666667, 1: 0.41333333333333333}",DESBALANCEO PREDICCIÓN VAL
1d,SOLUSDT_1d,GradientBoostingClassifier,0.43169398907103823,FINAL TEST
1d,SOLUSDT_1d,GradientBoostingClassifier,0.42881152460984395,F1 FINAL TEST
1d,SOLUSDT_1d,GradientBoostingClassifier,"{1: 0.5136612021857924, 0: 0.48633879781420764}",DESBALANCEO REAL
1d,SOLUSDT_1d,GradientBoostingClassifier,"{0: 0.5846994535519126, 1: 0.41530054644808745}",DESBALANCEO PREDICCIÓN
1d,ADAUSDT_1d,GradientBoostingClassifier,0.44103199072053584,F1 VALIDATION
1d,ADAUSDT_1d,GradientBoostingClassifier,"{1: 0.8, 0: 0.2}",DESBALANCEO REAL VAL
1d,ADAUSDT_1d,GradientBoostingClassifier,"{0: 0.6, 1: 0.4}",DESBALANCEO PREDICCIÓN VAL
1d,ADAUSDT_1d,GradientBoostingClassifier,0.43015424546023545,F1 VALIDATION
1d,ADAUSDT_1d,GradientBoostingClassifier,"{1: 0.8, 0: 0.2}",DESBALANCEO REAL VAL
1d,ADAUSDT_1d,GradientBoostingClassifier,"{0: 0.6, 1: 0.4}",DESBALANCEO PREDICCIÓN VAL
1d,ADAUSDT_1d,GradientBoostingClassifier,0.47382669517056736,F1 VALIDATION
1d,ADAUSDT_1d,GradientBoostingClassifier,"{1: 0.8, 0: 0.2}",DESBALANCEO REAL VAL
1d,ADAUSDT_1d,GradientBoostingClassifier,"{1: 0.6533333333333333, 0: 0.3466666666666667}",DESBALANCEO PREDICCIÓN VAL
1d,ADAUSDT_1d,GradientBoostingClassifier,0.4456421239158031,F1 VALIDATION
1d,ADAUSDT_1d,GradientBoostingClassifier,"{1: 0.8, 0: 0.2}",DESBALANCEO REAL VAL
1d,ADAUSDT_1d,GradientBoostingClassifier,"{0: 0.5333333333333333, 1: 0.4666666666666667}",DESBALANCEO PREDICCIÓN VAL
1d,ADAUSDT_1d,GradientBoostingClassifier,0.44681937540104333,F1 VALIDATION
1d,ADAUSDT_1d,GradientBoostingClassifier,"{1: 0.8, 0: 0.2}",DESBALANCEO REAL VAL
1d,ADAUSDT_1d,GradientBoostingClassifier,"{1: 0.5733333333333334, 0: 0.4266666666666667}",DESBALANCEO PREDICCIÓN VAL
1d,ADAUSDT_1d,GradientBoostingClassifier,0.43269829086288797,F1 VALIDATION
1d,ADAUSDT_1d,GradientBoostingClassifier,"{1: 0.8, 0: 0.2}",DESBALANCEO REAL VAL
1d,ADAUSDT_1d,GradientBoostingClassifier,"{1: 0.56, 0: 0.44}",DESBALANCEO PREDICCIÓN VAL
1d,ADAUSDT_1d,GradientBoostingClassifier,0.44280107471374064,F1 VALIDATION
1d,ADAUSDT_1d,GradientBoostingClassifier,"{1: 0.8, 0: 0.2}",DESBALANCEO REAL VAL
1d,ADAUSDT_1d,GradientBoostingClassifier,"{0: 0.6133333333333333, 1: 0.38666666666666666}",DESBALANCEO PREDICCIÓN VAL
1d,ADAUSDT_1d,GradientBoostingClassifier,0.43621630111351556,F1 VALIDATION
1d,ADAUSDT_1d,GradientBoostingClassifier,"{1: 0.8, 0: 0.2}",DESBALANCEO REAL VAL
1d,ADAUSDT_1d,GradientBoostingClassifier,"{1: 0.56, 0: 0.44}",DESBALANCEO PREDICCIÓN VAL
1d,ADAUSDT_1d,GradientBoostingClassifier,0.43138124385251214,F1 VALIDATION
1d,ADAUSDT_1d,GradientBoostingClassifier,"{1: 0.8, 0: 0.2}",DESBALANCEO REAL VAL
1d,ADAUSDT_1d,GradientBoostingClassifier,"{1: 0.5066666666666667, 0: 0.49333333333333335}",DESBALANCEO PREDICCIÓN VAL
1d,ADAUSDT_1d,GradientBoostingClassifier,0.47520594104465524,F1 VALIDATION
1d,ADAUSDT_1d,GradientBoostingClassifier,"{1: 0.8, 0: 0.2}",DESBALANCEO REAL VAL
1d,ADAUSDT_1d,GradientBoostingClassifier,"{1: 0.5866666666666667, 0: 0.41333333333333333}",DESBALANCEO PREDICCIÓN VAL
1d,ADAUSDT_1d,GradientBoostingClassifier,0.5655737704918032,FINAL TEST
1d,ADAUSDT_1d,GradientBoostingClassifier,0.5443448302861841,F1 FINAL TEST
1d,ADAUSDT_1d,GradientBoostingClassifier,"{0: 0.5409836065573771, 1: 0.45901639344262296}",DESBALANCEO REAL
1d,ADAUSDT_1d,GradientBoostingClassifier,"{0: 0.674863387978142, 1: 0.3251366120218579}",DESBALANCEO PREDICCIÓN
1d,TRXUSDT_1d,GradientBoostingClassifier,0.4852968384826841,F1 VALIDATION
1d,TRXUSDT_1d,GradientBoostingClassifier,"{1: 0.6933333333333334, 0: 0.30666666666666664}",DESBALANCEO REAL VAL
1d,TRXUSDT_1d,GradientBoostingClassifier,"{0: 0.64, 1: 0.36}",DESBALANCEO PREDICCIÓN VAL
1d,TRXUSDT_1d,GradientBoostingClassifier,0.47951989566854636,F1 VALIDATION
1d,TRXUSDT_1d,GradientBoostingClassifier,"{1: 0.6933333333333334, 0: 0.30666666666666664}",DESBALANCEO REAL VAL
1d,TRXUSDT_1d,GradientBoostingClassifier,"{0: 0.64, 1: 0.36}",DESBALANCEO PREDICCIÓN VAL
1d,TRXUSDT_1d,GradientBoostingClassifier,0.48302759762771075,F1 VALIDATION
1d,TRXUSDT_1d,GradientBoostingClassifier,"{1: 0.6933333333333334, 0: 0.30666666666666664}",DESBALANCEO REAL VAL
1d,TRXUSDT_1d,GradientBoostingClassifier,"{1: 0.5066666666666667, 0: 0.49333333333333335}",DESBALANCEO PREDICCIÓN VAL
1d,TRXUSDT_1d,GradientBoostingClassifier,0.47737759761927095,F1 VALIDATION
1d,TRXUSDT_1d,GradientBoostingClassifier,"{1: 0.6933333333333334, 0: 0.30666666666666664}",DESBALANCEO REAL VAL
1d,TRXUSDT_1d,GradientBoostingClassifier,"{1: 0.5466666666666666, 0: 0.4533333333333333}",DESBALANCEO PREDICCIÓN VAL
1d,TRXUSDT_1d,GradientBoostingClassifier,0.4800634515277908,F1 VALIDATION
1d,TRXUSDT_1d,GradientBoostingClassifier,"{1: 0.6933333333333334, 0: 0.30666666666666664}",DESBALANCEO REAL VAL
1d,TRXUSDT_1d,GradientBoostingClassifier,"{0: 0.7066666666666667, 1: 0.29333333333333333}",DESBALANCEO PREDICCIÓN VAL
1d,TRXUSDT_1d,GradientBoostingClassifier,0.4391455432833741,F1 VALIDATION
1d,TRXUSDT_1d,GradientBoostingClassifier,"{1: 0.6933333333333334, 0: 0.30666666666666664}",DESBALANCEO REAL VAL
1d,TRXUSDT_1d,GradientBoostingClassifier,"{0: 0.5733333333333334, 1: 0.4266666666666667}",DESBALANCEO PREDICCIÓN VAL
1d,TRXUSDT_1d,GradientBoostingClassifier,0.4545555290487064,F1 VALIDATION
1d,TRXUSDT_1d,GradientBoostingClassifier,"{1: 0.6933333333333334, 0: 0.30666666666666664}",DESBALANCEO REAL VAL
1d,TRXUSDT_1d,GradientBoostingClassifier,"{0: 0.6, 1: 0.4}",DESBALANCEO PREDICCIÓN VAL
1d,TRXUSDT_1d,GradientBoostingClassifier,0.45978599989919255,F1 VALIDATION
1d,TRXUSDT_1d,GradientBoostingClassifier,"{1: 0.6933333333333334, 0: 0.30666666666666664}",DESBALANCEO REAL VAL
1d,TRXUSDT_1d,GradientBoostingClassifier,"{0: 0.6533333333333333, 1: 0.3466666666666667}",DESBALANCEO PREDICCIÓN VAL
1d,TRXUSDT_1d,GradientBoostingClassifier,0.4269400520581369,F1 VALIDATION
1d,TRXUSDT_1d,GradientBoostingClassifier,"{1: 0.6933333333333334, 0: 0.30666666666666664}",DESBALANCEO REAL VAL
1d,TRXUSDT_1d,GradientBoostingClassifier,"{0: 0.5466666666666666, 1: 0.4533333333333333}",DESBALANCEO PREDICCIÓN VAL
1d,TRXUSDT_1d,GradientBoostingClassifier,0.4718364151171003,F1 VALIDATION
1d,TRXUSDT_1d,GradientBoostingClassifier,"{1: 0.6933333333333334, 0: 0.30666666666666664}",DESBALANCEO REAL VAL
1d,TRXUSDT_1d,GradientBoostingClassifier,"{1: 0.56, 0: 0.44}",DESBALANCEO PREDICCIÓN VAL
1d,TRXUSDT_1d,GradientBoostingClassifier,0.48360655737704916,FINAL TEST
1d,TRXUSDT_1d,GradientBoostingClassifier,0.45837215675527543,F1 FINAL TEST
1d,TRXUSDT_1d,GradientBoostingClassifier,"{1: 0.6010928961748634, 0: 0.3989071038251366}",DESBALANCEO REAL
1d,TRXUSDT_1d,GradientBoostingClassifier,"{1: 0.6147540983606558, 0: 0.38524590163934425}",DESBALANCEO PREDICCIÓN
1d,LINKUSDT_1d,GradientBoostingClassifier,0.4530508018428832,F1 VALIDATION
1d,LINKUSDT_1d,GradientBoostingClassifier,"{1: 0.7066666666666667, 0: 0.29333333333333333}",DESBALANCEO REAL VAL
1d,LINKUSDT_1d,GradientBoostingClassifier,"{0: 0.8933333333333333, 1: 0.10666666666666667}",DESBALANCEO PREDICCIÓN VAL
1d,LINKUSDT_1d,GradientBoostingClassifier,0.4456753505278469,F1 VALIDATION
1d,LINKUSDT_1d,GradientBoostingClassifier,"{1: 0.7066666666666667, 0: 0.29333333333333333}",DESBALANCEO REAL VAL
1d,LINKUSDT_1d,GradientBoostingClassifier,"{0: 0.92, 1: 0.08}",DESBALANCEO PREDICCIÓN VAL
1d,LINKUSDT_1d,GradientBoostingClassifier,0.4520366387663146,F1 VALIDATION
1d,LINKUSDT_1d,GradientBoostingClassifier,"{1: 0.7066666666666667, 0: 0.29333333333333333}",DESBALANCEO REAL VAL
1d,LINKUSDT_1d,GradientBoostingClassifier,"{0: 0.9733333333333334, 1: 0.02666666666666667}",DESBALANCEO PREDICCIÓN VAL
1d,LINKUSDT_1d,GradientBoostingClassifier,0.4677226228051299,F1 VALIDATION
1d,LINKUSDT_1d,GradientBoostingClassifier,"{1: 0.7066666666666667, 0: 0.29333333333333333}",DESBALANCEO REAL VAL
1d,LINKUSDT_1d,GradientBoostingClassifier,"{0: 0.8, 1: 0.2}",DESBALANCEO PREDICCIÓN VAL
1d,LINKUSDT_1d,GradientBoostingClassifier,0.4774586375174608,F1 VALIDATION
1d,LINKUSDT_1d,GradientBoostingClassifier,"{1: 0.7066666666666667, 0: 0.29333333333333333}",DESBALANCEO REAL VAL
1d,LINKUSDT_1d,GradientBoostingClassifier,"{0: 0.9066666666666666, 1: 0.09333333333333334}",DESBALANCEO PREDICCIÓN VAL
1d,LINKUSDT_1d,GradientBoostingClassifier,0.44850273886931563,F1 VALIDATION
1d,LINKUSDT_1d,GradientBoostingClassifier,"{1: 0.7066666666666667, 0: 0.29333333333333333}",DESBALANCEO REAL VAL
1d,LINKUSDT_1d,GradientBoostingClassifier,"{0: 0.8933333333333333, 1: 0.10666666666666667}",DESBALANCEO PREDICCIÓN VAL
1d,LINKUSDT_1d,GradientBoostingClassifier,0.48404784979343035,F1 VALIDATION
1d,LINKUSDT_1d,GradientBoostingClassifier,"{1: 0.7066666666666667, 0: 0.29333333333333333}",DESBALANCEO REAL VAL
1d,LINKUSDT_1d,GradientBoostingClassifier,"{0: 0.9466666666666667, 1: 0.05333333333333334}",DESBALANCEO PREDICCIÓN VAL
1d,LINKUSDT_1d,GradientBoostingClassifier,0.461139874326873,F1 VALIDATION
1d,LINKUSDT_1d,GradientBoostingClassifier,"{1: 0.7066666666666667, 0: 0.29333333333333333}",DESBALANCEO REAL VAL
1d,LINKUSDT_1d,GradientBoostingClassifier,"{0: 0.8, 1: 0.2}",DESBALANCEO PREDICCIÓN VAL
1d,LINKUSDT_1d,GradientBoostingClassifier,0.45703099914000134,F1 VALIDATION
1d,LINKUSDT_1d,GradientBoostingClassifier,"{1: 0.7066666666666667, 0: 0.29333333333333333}",DESBALANCEO REAL VAL
1d,LINKUSDT_1d,GradientBoostingClassifier,"{0: 0.8666666666666667, 1: 0.13333333333333333}",DESBALANCEO PREDICCIÓN VAL
1d,LINKUSDT_1d,GradientBoostingClassifier,0.4731491380107632,F1 VALIDATION
1d,LINKUSDT_1d,GradientBoostingClassifier,"{1: 0.7066666666666667, 0: 0.29333333333333333}",DESBALANCEO REAL VAL
1d,LINKUSDT_1d,GradientBoostingClassifier,"{0: 0.9066666666666666, 1: 0.09333333333333334}",DESBALANCEO PREDICCIÓN VAL
1d,LINKUSDT_1d,GradientBoostingClassifier,0.4890710382513661,FINAL TEST
1d,LINKUSDT_1d,GradientBoostingClassifier,0.44873746526519276,F1 FINAL TEST
1d,LINKUSDT_1d,GradientBoostingClassifier,"{0: 0.505464480874317, 1: 0.49453551912568305}",DESBALANCEO REAL
1d,LINKUSDT_1d,GradientBoostingClassifier,"{0: 0.7650273224043715, 1: 0.23497267759562843}",DESBALANCEO PREDICCIÓN
1d,AVAXUSDT_1d,GradientBoostingClassifier,0.4846730499301123,F1 VALIDATION
1d,AVAXUSDT_1d,GradientBoostingClassifier,"{1: 0.84, 0: 0.16}",DESBALANCEO REAL VAL
1d,AVAXUSDT_1d,GradientBoostingClassifier,"{0: 0.68, 1: 0.32}",DESBALANCEO PREDICCIÓN VAL
1d,AVAXUSDT_1d,GradientBoostingClassifier,0.4817881910257483,F1 VALIDATION
1d,AVAXUSDT_1d,GradientBoostingClassifier,"{1: 0.84, 0: 0.16}",DESBALANCEO REAL VAL
1d,AVAXUSDT_1d,GradientBoostingClassifier,"{0: 0.7066666666666667, 1: 0.29333333333333333}",DESBALANCEO PREDICCIÓN VAL
1d,AVAXUSDT_1d,GradientBoostingClassifier,0.47578434829739996,F1 VALIDATION
1d,AVAXUSDT_1d,GradientBoostingClassifier,"{1: 0.84, 0: 0.16}",DESBALANCEO REAL VAL
1d,AVAXUSDT_1d,GradientBoostingClassifier,"{0: 0.6, 1: 0.4}",DESBALANCEO PREDICCIÓN VAL
1d,AVAXUSDT_1d,GradientBoostingClassifier,0.49092239431145723,F1 VALIDATION
1d,AVAXUSDT_1d,GradientBoostingClassifier,"{1: 0.84, 0: 0.16}",DESBALANCEO REAL VAL
1d,AVAXUSDT_1d,GradientBoostingClassifier,"{0: 0.6533333333333333, 1: 0.3466666666666667}",DESBALANCEO PREDICCIÓN VAL
1d,AVAXUSDT_1d,GradientBoostingClassifier,0.47451008684590257,F1 VALIDATION
1d,AVAXUSDT_1d,GradientBoostingClassifier,"{1: 0.84, 0: 0.16}",DESBALANCEO REAL VAL
1d,AVAXUSDT_1d,GradientBoostingClassifier,"{0: 0.8666666666666667, 1: 0.13333333333333333}",DESBALANCEO PREDICCIÓN VAL
1d,AVAXUSDT_1d,GradientBoostingClassifier,0.4792336772114988,F1 VALIDATION
1d,AVAXUSDT_1d,GradientBoostingClassifier,"{1: 0.84, 0: 0.16}",DESBALANCEO REAL VAL
1d,AVAXUSDT_1d,GradientBoostingClassifier,"{0: 0.9333333333333333, 1: 0.06666666666666667}",DESBALANCEO PREDICCIÓN VAL
1d,AVAXUSDT_1d,GradientBoostingClassifier,0.500545197516524,F1 VALIDATION
1d,AVAXUSDT_1d,GradientBoostingClassifier,"{1: 0.84, 0: 0.16}",DESBALANCEO REAL VAL
1d,AVAXUSDT_1d,GradientBoostingClassifier,"{0: 0.7466666666666667, 1: 0.25333333333333335}",DESBALANCEO PREDICCIÓN VAL
1d,AVAXUSDT_1d,GradientBoostingClassifier,0.48493797232712144,F1 VALIDATION
1d,AVAXUSDT_1d,GradientBoostingClassifier,"{1: 0.84, 0: 0.16}",DESBALANCEO REAL VAL
1d,AVAXUSDT_1d,GradientBoostingClassifier,"{0: 0.6933333333333334, 1: 0.30666666666666664}",DESBALANCEO PREDICCIÓN VAL
1d,AVAXUSDT_1d,GradientBoostingClassifier,0.4635331405244557,F1 VALIDATION
1d,AVAXUSDT_1d,GradientBoostingClassifier,"{1: 0.84, 0: 0.16}",DESBALANCEO REAL VAL
1d,AVAXUSDT_1d,GradientBoostingClassifier,"{0: 0.8533333333333334, 1: 0.14666666666666667}",DESBALANCEO PREDICCIÓN VAL
1d,AVAXUSDT_1d,GradientBoostingClassifier,0.47176357419757053,F1 VALIDATION
1d,AVAXUSDT_1d,GradientBoostingClassifier,"{1: 0.84, 0: 0.16}",DESBALANCEO REAL VAL
1d,AVAXUSDT_1d,GradientBoostingClassifier,"{0: 0.9466666666666667, 1: 0.05333333333333334}",DESBALANCEO PREDICCIÓN VAL
1d,AVAXUSDT_1d,GradientBoostingClassifier,0.546448087431694,FINAL TEST
1d,AVAXUSDT_1d,GradientBoostingClassifier,0.5271170610211706,F1 FINAL TEST
1d,AVAXUSDT_1d,GradientBoostingClassifier,"{0: 0.5245901639344263, 1: 0.47540983606557374}",DESBALANCEO REAL
1d,AVAXUSDT_1d,GradientBoostingClassifier,"{0: 0.6775956284153005, 1: 0.3224043715846995}",DESBALANCEO PREDICCIÓN
